x,y,timestamp
0.000000,0.000000,2023-01-01T00:29:12
-0.111193,0.000000,2023-01-01T00:29:13
-0.111193,0.000000,2023-01-01T00:29:14
-0.111193,0.000000,2023-01-01T00:29:15
-0.111193,0.000000,2023-01-01T00:29:16
-0.111193,0.000000,2023-01-01T00:29:17
-0.111193,0.000000,2023-01-01T00:29:18
-0.111193,0.000000,2023-01-01T00:29:19
-0.111193,0.000000,2023-01-01T00:29:20
-0.111193,0.000000,2023-01-01T00:29:21
-0.111193,0.000000,2023-01-01T00:29:22
-0.111193,0.000000,2023-01-01T00:29:23
-0.111193,0.000000,2023-01-01T00:29:24
-0.111193,0.000000,2023-01-01T00:29:25
-0.222385,0.000000,2023-01-01T00:29:26
-0.222385,0.111195,2023-01-01T00:29:27
-0.222385,0.111195,2023-01-01T00:29:28
-0.222385,0.111195,2023-01-01T00:29:29
-0.222385,0.111195,2023-01-01T00:29:30
-0.222385,0.111195,2023-01-01T00:29:31
-0.222385,0.222390,2023-01-01T00:29:32
-0.333578,0.222390,2023-01-01T00:29:33
-0.333578,0.222390,2023-01-01T00:29:34
-0.333578,0.222390,2023-01-01T00:29:35
-0.333578,0.222390,2023-01-01T00:29:36
-0.333578,0.222390,2023-01-01T00:29:37
-0.333578,0.333585,2023-01-01T00:29:38
-0.444771,0.333585,2023-01-01T00:29:39
-0.444771,0.333585,2023-01-01T00:29:40
-0.444771,0.333585,2023-01-01T00:29:41
-0.444771,0.333585,2023-01-01T00:29:42
-0.444771,0.333585,2023-01-01T00:29:43
-0.555964,0.333585,2023-01-01T00:29:44
-0.555964,0.333585,2023-01-01T00:29:45
-0.555964,0.333585,2023-01-01T00:29:46
-0.555964,0.444780,2023-01-01T00:29:47
-0.555964,0.444780,2023-01-01T00:29:48
-0.555964,0.444780,2023-01-01T00:29:49
-0.444771,0.444780,2023-01-01T00:29:50
-0.444771,0.444780,2023-01-01T00:29:51
-0.444771,0.444780,2023-01-01T00:29:52
-0.444771,0.444780,2023-01-01T00:29:53
-0.444771,0.444780,2023-01-01T00:29:54
-0.444771,0.444780,2023-01-01T00:29:55
-0.444771,0.444780,2023-01-01T00:29:56
-0.444771,0.444780,2023-01-01T00:29:57
-0.444771,0.444780,2023-01-01T00:29:58
-0.333578,0.555975,2023-01-01T00:29:59
-0.333578,0.555975,2023-01-01T00:30:00
-0.333578,0.555975,2023-01-01T00:30:01
-0.333578,0.555975,2023-01-01T00:30:02
-0.333578,0.555975,2023-01-01T00:30:03
-0.333578,0.555975,2023-01-01T00:30:04
-0.333578,0.555975,2023-01-01T00:30:05
-0.333578,0.555975,2023-01-01T00:30:06
-0.333578,0.555975,2023-01-01T00:30:07
-0.444771,0.555975,2023-01-01T00:30:08
-0.444771,0.555975,2023-01-01T00:30:09
-0.444771,0.555975,2023-01-01T00:30:10
-0.444771,0.555975,2023-01-01T00:30:11
-0.444771,0.555975,2023-01-01T00:30:12
-0.444771,0.555975,2023-01-01T00:30:13
-0.444771,0.555975,2023-01-01T00:30:14
-0.444771,0.555975,2023-01-01T00:30:15
-0.444771,0.555975,2023-01-01T00:30:16
-0.444771,0.555975,2023-01-01T00:30:17
-0.444771,0.555975,2023-01-01T00:30:18
-0.444771,0.555975,2023-01-01T00:30:19
-0.444771,0.555975,2023-01-01T00:30:20
-0.444771,0.555975,2023-01-01T00:30:21
-0.444771,0.555975,2023-01-01T00:30:22
-0.444771,0.555975,2023-01-01T00:30:23
-0.444771,0.555975,2023-01-01T00:30:24
-0.444771,0.555975,2023-01-01T00:30:25
-0.444771,0.555975,2023-01-01T00:30:26
-0.444771,0.555975,2023-01-01T00:30:27
-0.444771,0.555975,2023-01-01T00:30:28
-0.444771,0.555975,2023-01-01T00:30:29
-0.444771,0.444780,2023-01-01T00:30:30
-0.555964,0.444780,2023-01-01T00:30:31
-0.555964,0.444780,2023-01-01T00:30:32
-0.555964,0.444780,2023-01-01T00:30:33
-0.555964,0.444780,2023-01-01T00:30:34
-0.555964,0.444780,2023-01-01T00:30:35
-0.555964,0.444780,2023-01-01T00:30:36
-0.555964,0.444780,2023-01-01T00:30:37
-0.555964,0.444780,2023-01-01T00:30:38
-0.555964,0.444780,2023-01-01T00:30:39
-0.555964,0.444780,2023-01-01T00:30:40
-0.555964,0.444780,2023-01-01T00:30:41
-0.555964,0.444780,2023-01-01T00:30:42
-0.555964,0.444780,2023-01-01T00:30:43
-0.555964,0.444780,2023-01-01T00:30:44
-0.555964,0.444780,2023-01-01T00:30:45
-0.555964,0.444780,2023-01-01T00:30:46
-0.555964,0.444780,2023-01-01T00:30:47
-0.667156,0.444780,2023-01-01T00:30:48
-0.667156,0.444780,2023-01-01T00:30:49
-0.667156,0.444780,2023-01-01T00:30:50
-0.667156,0.333585,2023-01-01T00:30:51
-0.667156,0.333585,2023-01-01T00:30:52
-0.667156,0.333585,2023-01-01T00:30:53
-0.667156,0.333585,2023-01-01T00:30:54
-0.667156,0.333585,2023-01-01T00:30:55
-0.667156,0.333585,2023-01-01T00:30:56
-0.667156,0.333585,2023-01-01T00:30:57
-0.667156,0.333585,2023-01-01T00:30:58
-0.667156,0.333585,2023-01-01T00:30:59
-0.667156,0.333585,2023-01-01T00:31:00
-0.667156,0.333585,2023-01-01T00:31:01
-0.667156,0.333585,2023-01-01T00:31:02
-0.667156,0.333585,2023-01-01T00:31:03
-0.667156,0.333585,2023-01-01T00:31:04
-0.667156,0.333585,2023-01-01T00:31:05
-0.667156,0.333585,2023-01-01T00:31:06
-0.667156,0.333585,2023-01-01T00:31:07
-0.667156,0.222390,2023-01-01T00:31:08
-0.667156,0.222390,2023-01-01T00:31:09
-0.667156,0.222390,2023-01-01T00:31:10
-0.778349,0.222390,2023-01-01T00:31:11
-0.778349,0.222390,2023-01-01T00:31:12
-0.778349,0.222390,2023-01-01T00:31:13
-0.778349,0.222390,2023-01-01T00:31:14
-0.778349,0.222390,2023-01-01T00:31:15
-0.778349,0.222390,2023-01-01T00:31:16
-0.778349,0.222390,2023-01-01T00:31:17
-0.778349,0.222390,2023-01-01T00:31:18
-0.889542,0.222390,2023-01-01T00:31:19
-0.889542,0.222390,2023-01-01T00:31:20
-0.889542,0.111195,2023-01-01T00:31:21
-0.889542,0.111195,2023-01-01T00:31:22
-0.889542,0.111195,2023-01-01T00:31:23
-0.889542,0.111195,2023-01-01T00:31:24
-0.889542,0.111195,2023-01-01T00:31:25
-1.000735,0.111195,2023-01-01T00:31:26
-1.000735,0.111195,2023-01-01T00:31:27
-1.000735,0.111195,2023-01-01T00:31:28
-1.000735,0.111195,2023-01-01T00:31:29
-1.000735,0.111195,2023-01-01T00:31:30
-1.000735,0.111195,2023-01-01T00:31:31
-1.111927,0.111195,2023-01-01T00:31:32
-1.111927,0.111195,2023-01-01T00:31:33
-1.111927,0.000000,2023-01-01T00:31:34
-1.111927,0.000000,2023-01-01T00:31:35
-1.111927,0.000000,2023-01-01T00:31:36
-1.111927,0.000000,2023-01-01T00:31:37
-1.223120,0.000000,2023-01-01T00:31:38
-1.223120,0.000000,2023-01-01T00:31:39
-1.223120,0.000000,2023-01-01T00:31:40
-1.223120,0.000000,2023-01-01T00:31:41
-1.223120,0.000000,2023-01-01T00:31:42
-1.334313,0.000000,2023-01-01T00:31:43
-1.334313,0.000000,2023-01-01T00:31:44
-1.334313,-0.111195,2023-01-01T00:31:45
-1.334313,-0.111195,2023-01-01T00:31:46
-1.334313,-0.111195,2023-01-01T00:31:47
-1.334313,-0.111195,2023-01-01T00:31:48
-1.445506,-0.111195,2023-01-01T00:31:49
-1.445506,-0.111195,2023-01-01T00:31:50
-1.445506,-0.111195,2023-01-01T00:31:51
-1.445506,-0.111195,2023-01-01T00:31:52
-1.445506,-0.111195,2023-01-01T00:31:53
-1.445506,-0.111195,2023-01-01T00:31:54
-1.445506,-0.222390,2023-01-01T00:31:55
-1.445506,-0.222390,2023-01-01T00:31:56
-1.556698,-0.222390,2023-01-01T00:31:57
-1.556698,-0.222390,2023-01-01T00:31:58
-1.556698,-0.222390,2023-01-01T00:31:59
-1.556698,-0.222390,2023-01-01T00:32:00
-1.556698,-0.222390,2023-01-01T00:32:01
-1.556698,-0.222390,2023-01-01T00:32:02
-1.556698,-0.222390,2023-01-01T00:32:03
-1.556698,-0.333585,2023-01-01T00:32:04
-1.667891,-0.333585,2023-01-01T00:32:05
-1.667891,-0.333585,2023-01-01T00:32:06
-1.667891,-0.333585,2023-01-01T00:32:07
-1.667891,-0.333585,2023-01-01T00:32:08
-1.667891,-0.333585,2023-01-01T00:32:09
-1.667891,-0.333585,2023-01-01T00:32:10
-1.667891,-0.333585,2023-01-01T00:32:11
-1.667891,-0.444780,2023-01-01T00:32:12
-1.779084,-0.444780,2023-01-01T00:32:13
-1.779084,-0.444780,2023-01-01T00:32:14
-1.779084,-0.444780,2023-01-01T00:32:15
-1.779084,-0.444780,2023-01-01T00:32:16
-1.779084,-0.444780,2023-01-01T00:32:17
-1.779084,-0.444780,2023-01-01T00:32:18
-1.779084,-0.444780,2023-01-01T00:32:19
-1.779084,-0.444780,2023-01-01T00:32:20
-1.779084,-0.444780,2023-01-01T00:32:21
-1.779084,-0.444780,2023-01-01T00:32:22
-1.779084,-0.555975,2023-01-01T00:32:23
-1.779084,-0.555975,2023-01-01T00:32:24
-1.779084,-0.555975,2023-01-01T00:32:25
-1.779084,-0.555975,2023-01-01T00:32:26
-1.779084,-0.555975,2023-01-01T00:32:27
-1.779084,-0.555975,2023-01-01T00:32:28
-1.890277,-0.555975,2023-01-01T00:32:29
-1.890277,-0.555975,2023-01-01T00:32:30
-1.890277,-0.555975,2023-01-01T00:32:31
-1.890277,-0.555975,2023-01-01T00:32:32
-1.890277,-0.555975,2023-01-01T00:32:33
-1.890277,-0.555975,2023-01-01T00:32:34
-1.890277,-0.667170,2023-01-01T00:32:35
-1.890277,-0.667170,2023-01-01T00:32:36
-1.890277,-0.667170,2023-01-01T00:32:37
-1.890277,-0.667170,2023-01-01T00:32:38
-1.890277,-0.667170,2023-01-01T00:32:39
-1.890277,-0.667170,2023-01-01T00:32:40
-1.890277,-0.667170,2023-01-01T00:32:41
-2.001469,-0.667170,2023-01-01T00:32:42
-2.001469,-0.667170,2023-01-01T00:32:43
-2.001469,-0.667170,2023-01-01T00:32:44
-2.001469,-0.667170,2023-01-01T00:32:45
-2.001469,-0.667170,2023-01-01T00:32:46
-2.001469,-0.778364,2023-01-01T00:32:47
-2.001469,-0.778364,2023-01-01T00:32:48
-2.001469,-0.778364,2023-01-01T00:32:49
-2.112662,-0.778364,2023-01-01T00:32:50
-2.112662,-0.778364,2023-01-01T00:32:51
-2.112662,-0.778364,2023-01-01T00:32:52
-2.112662,-0.778364,2023-01-01T00:32:53
-2.112662,-0.778364,2023-01-01T00:32:54
-2.112662,-0.778364,2023-01-01T00:32:55
-2.112662,-0.778364,2023-01-01T00:32:56
-2.223855,-0.889559,2023-01-01T00:32:57
-2.223855,-0.889559,2023-01-01T00:32:58
-2.223855,-0.889559,2023-01-01T00:32:59
-2.223855,-0.889559,2023-01-01T00:33:00
-2.223855,-0.889559,2023-01-01T00:33:01
-2.223855,-0.889559,2023-01-01T00:33:02
-2.335048,-0.889559,2023-01-01T00:33:03
-2.335048,-0.889559,2023-01-01T00:33:04
-2.335048,-0.889559,2023-01-01T00:33:05
-2.335048,-1.000754,2023-01-01T00:33:06
-2.335048,-1.000754,2023-01-01T00:33:07
-2.335048,-1.000754,2023-01-01T00:33:08
-2.446240,-1.000754,2023-01-01T00:33:09
-2.446240,-1.000754,2023-01-01T00:33:10
-2.446240,-1.000754,2023-01-01T00:33:11
-2.446240,-1.000754,2023-01-01T00:33:12
-2.446240,-1.000754,2023-01-01T00:33:13
-2.446240,-1.111949,2023-01-01T00:33:14
-2.557433,-1.111949,2023-01-01T00:33:15
-2.557433,-1.111949,2023-01-01T00:33:16
-2.557433,-1.111949,2023-01-01T00:33:17
-2.557433,-1.111949,2023-01-01T00:33:18
-2.557433,-1.111949,2023-01-01T00:33:19
-2.557433,-1.111949,2023-01-01T00:33:20
-2.557433,-1.223144,2023-01-01T00:33:21
-2.668626,-1.223144,2023-01-01T00:33:22
-2.668626,-1.223144,2023-01-01T00:33:23
-2.668626,-1.223144,2023-01-01T00:33:24
-2.668626,-1.223144,2023-01-01T00:33:25
-2.668626,-1.223144,2023-01-01T00:33:26
-2.668626,-1.334339,2023-01-01T00:33:27
-2.779819,-1.334339,2023-01-01T00:33:28
-2.779819,-1.334339,2023-01-01T00:33:29
-2.779819,-1.334339,2023-01-01T00:33:30
-2.779819,-1.334339,2023-01-01T00:33:31
-2.779819,-1.334339,2023-01-01T00:33:32
-2.779819,-1.334339,2023-01-01T00:33:33
-2.779819,-1.445534,2023-01-01T00:33:34
-2.779819,-1.445534,2023-01-01T00:33:35
-2.779819,-1.445534,2023-01-01T00:33:36
-2.779819,-1.445534,2023-01-01T00:33:37
-2.779819,-1.445534,2023-01-01T00:33:38
-2.779819,-1.445534,2023-01-01T00:33:39
-2.779819,-1.445534,2023-01-01T00:33:40
-2.779819,-1.445534,2023-01-01T00:33:41
-2.779819,-1.556729,2023-01-01T00:33:42
-2.779819,-1.556729,2023-01-01T00:33:43
-2.891011,-1.556729,2023-01-01T00:33:44
-2.891011,-1.556729,2023-01-01T00:33:45
-2.891011,-1.556729,2023-01-01T00:33:46
-2.891011,-1.556729,2023-01-01T00:33:47
-2.891011,-1.556729,2023-01-01T00:33:48
-2.891011,-1.556729,2023-01-01T00:33:49
-2.891011,-1.556729,2023-01-01T00:33:50
-2.891011,-1.556729,2023-01-01T00:33:51
-2.891011,-1.667924,2023-01-01T00:33:52
-2.891011,-1.667924,2023-01-01T00:33:53
-2.891011,-1.667924,2023-01-01T00:33:54
-2.891011,-1.667924,2023-01-01T00:33:55
-2.891011,-1.667924,2023-01-01T00:33:56
-2.891011,-1.667924,2023-01-01T00:33:57
-2.891011,-1.667924,2023-01-01T00:33:58
-2.891011,-1.667924,2023-01-01T00:33:59
-2.891011,-1.667924,2023-01-01T00:34:00
-3.002204,-1.779119,2023-01-01T00:34:01
-3.002204,-1.779119,2023-01-01T00:34:02
-3.002204,-1.779119,2023-01-01T00:34:03
-3.002204,-1.779119,2023-01-01T00:34:04
-3.002204,-1.779119,2023-01-01T00:34:05
-3.002204,-1.779119,2023-01-01T00:34:06
-3.002204,-1.779119,2023-01-01T00:34:07
-3.002204,-1.890314,2023-01-01T00:34:08
-3.002204,-1.890314,2023-01-01T00:34:09
-3.002204,-1.890314,2023-01-01T00:34:10
-3.113397,-1.890314,2023-01-01T00:34:11
-3.113397,-1.890314,2023-01-01T00:34:12
-3.113397,-1.890314,2023-01-01T00:34:13
-3.113397,-1.890314,2023-01-01T00:34:14
-3.113397,-2.001509,2023-01-01T00:34:15
-3.113397,-2.001509,2023-01-01T00:34:16
-3.113397,-2.001509,2023-01-01T00:34:17
-3.113397,-2.001509,2023-01-01T00:34:18
-3.113397,-2.001509,2023-01-01T00:34:19
-3.113397,-2.001509,2023-01-01T00:34:20
-3.113397,-2.001509,2023-01-01T00:34:21
-3.113397,-2.112704,2023-01-01T00:34:22
-3.113397,-2.112704,2023-01-01T00:34:23
-3.224590,-2.112704,2023-01-01T00:34:24
-3.224590,-2.112704,2023-01-01T00:34:25
-3.224590,-2.112704,2023-01-01T00:34:26
-3.224590,-2.112704,2023-01-01T00:34:27
-3.224590,-2.112704,2023-01-01T00:34:28
-3.224590,-2.223899,2023-01-01T00:34:29
-3.224590,-2.223899,2023-01-01T00:34:30
-3.224590,-2.223899,2023-01-01T00:34:31
-3.224590,-2.223899,2023-01-01T00:34:32
-3.224590,-2.223899,2023-01-01T00:34:33
-3.224590,-2.223899,2023-01-01T00:34:34
-3.224590,-2.335093,2023-01-01T00:34:35
-3.224590,-2.335093,2023-01-01T00:34:36
-3.224590,-2.335093,2023-01-01T00:34:37
-3.224590,-2.335093,2023-01-01T00:34:38
-3.224590,-2.335093,2023-01-01T00:34:39
-3.224590,-2.335093,2023-01-01T00:34:40
-3.224590,-2.335093,2023-01-01T00:34:41
-3.335782,-2.446288,2023-01-01T00:34:42
-3.335782,-2.446288,2023-01-01T00:34:43
-3.335782,-2.446288,2023-01-01T00:34:44
-3.335782,-2.446288,2023-01-01T00:34:45
-3.335782,-2.446288,2023-01-01T00:34:46
-3.335782,-2.446288,2023-01-01T00:34:47
-3.335782,-2.557483,2023-01-01T00:34:48
-3.335782,-2.557483,2023-01-01T00:34:49
-3.335782,-2.557483,2023-01-01T00:34:50
-3.335782,-2.557483,2023-01-01T00:34:51
-3.335782,-2.557483,2023-01-01T00:34:52
-3.335782,-2.557483,2023-01-01T00:34:53
-3.335782,-2.668678,2023-01-01T00:34:54
-3.335782,-2.668678,2023-01-01T00:34:55
-3.335782,-2.668678,2023-01-01T00:34:56
-3.446975,-2.668678,2023-01-01T00:34:57
-3.446975,-2.668678,2023-01-01T00:34:58
-3.446975,-2.668678,2023-01-01T00:34:59
-3.446975,-2.668678,2023-01-01T00:35:00
-3.446975,-2.779873,2023-01-01T00:35:01
-3.446975,-2.779873,2023-01-01T00:35:02
-3.446975,-2.779873,2023-01-01T00:35:03
-3.446975,-2.779873,2023-01-01T00:35:04
-3.446975,-2.779873,2023-01-01T00:35:05
-3.446975,-2.891068,2023-01-01T00:35:06
-3.446975,-2.891068,2023-01-01T00:35:07
-3.446975,-2.891068,2023-01-01T00:35:08
-3.446975,-2.891068,2023-01-01T00:35:09
-3.446975,-2.891068,2023-01-01T00:35:10
-3.446975,-3.002263,2023-01-01T00:35:11
-3.558168,-3.002263,2023-01-01T00:35:12
-3.558168,-3.002263,2023-01-01T00:35:13
-3.558168,-3.002263,2023-01-01T00:35:14
-3.558168,-3.002263,2023-01-01T00:35:15
-3.558168,-3.002263,2023-01-01T00:35:16
-3.558168,-3.113458,2023-01-01T00:35:17
-3.558168,-3.113458,2023-01-01T00:35:18
-3.558168,-3.113458,2023-01-01T00:35:19
-3.558168,-3.113458,2023-01-01T00:35:20
-3.558168,-3.113458,2023-01-01T00:35:21
-3.558168,-3.113458,2023-01-01T00:35:22
-3.558168,-3.113458,2023-01-01T00:35:23
-3.558168,-3.224653,2023-01-01T00:35:24
-3.558168,-3.224653,2023-01-01T00:35:25
-3.558168,-3.224653,2023-01-01T00:35:26
-3.558168,-3.224653,2023-01-01T00:35:27
-3.558168,-3.224653,2023-01-01T00:35:28
-3.558168,-3.224653,2023-01-01T00:35:29
-3.558168,-3.335848,2023-01-01T00:35:30
-3.558168,-3.335848,2023-01-01T00:35:31
-3.558168,-3.335848,2023-01-01T00:35:32
-3.558168,-3.335848,2023-01-01T00:35:33
-3.558168,-3.335848,2023-01-01T00:35:34
-3.558168,-3.335848,2023-01-01T00:35:35
-3.558168,-3.335848,2023-01-01T00:35:36
-3.558168,-3.447043,2023-01-01T00:35:37
-3.558168,-3.447043,2023-01-01T00:35:38
-3.558168,-3.447043,2023-01-01T00:35:39
-3.558168,-3.447043,2023-01-01T00:35:40
-3.558168,-3.447043,2023-01-01T00:35:41
-3.558168,-3.447043,2023-01-01T00:35:42
-3.558168,-3.447043,2023-01-01T00:35:43
-3.558168,-3.447043,2023-01-01T00:35:44
-3.558168,-3.558238,2023-01-01T00:35:45
-3.558168,-3.558238,2023-01-01T00:35:46
-3.558168,-3.558238,2023-01-01T00:35:47
-3.558168,-3.558238,2023-01-01T00:35:48
-3.558168,-3.558238,2023-01-01T00:35:49
-3.446975,-3.558238,2023-01-01T00:35:50
-3.446975,-3.558238,2023-01-01T00:35:51
-3.446975,-3.669433,2023-01-01T00:35:52
-3.446975,-3.669433,2023-01-01T00:35:53
-3.446975,-3.669433,2023-01-01T00:35:54
-3.446975,-3.669433,2023-01-01T00:35:55
-3.446975,-3.669433,2023-01-01T00:35:56
-3.446975,-3.669433,2023-01-01T00:35:57
-3.446975,-3.669433,2023-01-01T00:35:58
-3.446975,-3.780628,2023-01-01T00:35:59
-3.446975,-3.780628,2023-01-01T00:36:00
-3.446975,-3.780628,2023-01-01T00:36:01
-3.446975,-3.780628,2023-01-01T00:36:02
-3.446975,-3.780628,2023-01-01T00:36:03
-3.446975,-3.780628,2023-01-01T00:36:04
-3.446975,-3.780628,2023-01-01T00:36:05
-3.446975,-3.891822,2023-01-01T00:36:06
-3.446975,-3.891822,2023-01-01T00:36:07
-3.446975,-3.891822,2023-01-01T00:36:08
-3.446975,-3.891822,2023-01-01T00:36:09
-3.446975,-3.891822,2023-01-01T00:36:10
-3.446975,-3.891822,2023-01-01T00:36:11
-3.446975,-3.891822,2023-01-01T00:36:12
-3.446975,-4.003017,2023-01-01T00:36:13
-3.446975,-4.003017,2023-01-01T00:36:14
-3.446975,-4.003017,2023-01-01T00:36:15
-3.446975,-4.003017,2023-01-01T00:36:16
-3.446975,-4.003017,2023-01-01T00:36:17
-3.446975,-4.003017,2023-01-01T00:36:18
-3.446975,-4.114212,2023-01-01T00:36:19
-3.446975,-4.114212,2023-01-01T00:36:20
-3.446975,-4.114212,2023-01-01T00:36:21
-3.446975,-4.114212,2023-01-01T00:36:22
-3.446975,-4.114212,2023-01-01T00:36:23
-3.446975,-4.225407,2023-01-01T00:36:24
-3.446975,-4.225407,2023-01-01T00:36:25
-3.446975,-4.225407,2023-01-01T00:36:26
-3.446975,-4.225407,2023-01-01T00:36:27
-3.446975,-4.225407,2023-01-01T00:36:28
-3.446975,-4.225407,2023-01-01T00:36:29
-3.446975,-4.225407,2023-01-01T00:36:30
-3.446975,-4.336602,2023-01-01T00:36:31
-3.446975,-4.336602,2023-01-01T00:36:32
-3.446975,-4.336602,2023-01-01T00:36:33
-3.446975,-4.336602,2023-01-01T00:36:34
-3.446975,-4.336602,2023-01-01T00:36:35
-3.446975,-4.336602,2023-01-01T00:36:36
-3.446975,-4.336602,2023-01-01T00:36:37
-3.446975,-4.336602,2023-01-01T00:36:38
-3.446975,-4.447797,2023-01-01T00:36:39
-3.446975,-4.447797,2023-01-01T00:36:40
-3.446975,-4.447797,2023-01-01T00:36:41
-3.446975,-4.447797,2023-01-01T00:36:42
-3.446975,-4.447797,2023-01-01T00:36:43
-3.558168,-4.447797,2023-01-01T00:36:44
-3.558168,-4.447797,2023-01-01T00:36:45
-3.558168,-4.447797,2023-01-01T00:36:46
-3.558168,-4.558992,2023-01-01T00:36:47
-3.558168,-4.558992,2023-01-01T00:36:48
-3.558168,-4.558992,2023-01-01T00:36:49
-3.558168,-4.558992,2023-01-01T00:36:50
-3.558168,-4.558992,2023-01-01T00:36:51
-3.558168,-4.558992,2023-01-01T00:36:52
-3.558168,-4.558992,2023-01-01T00:36:53
-3.558168,-4.670187,2023-01-01T00:36:54
-3.558168,-4.670187,2023-01-01T00:36:55
-3.558168,-4.670187,2023-01-01T00:36:56
-3.558168,-4.670187,2023-01-01T00:36:57
-3.558168,-4.670187,2023-01-01T00:36:58
-3.558168,-4.670187,2023-01-01T00:36:59
-3.558168,-4.670187,2023-01-01T00:37:00
-3.558168,-4.670187,2023-01-01T00:37:01
-3.558168,-4.781382,2023-01-01T00:37:02
-3.558168,-4.781382,2023-01-01T00:37:03
-3.558168,-4.781382,2023-01-01T00:37:04
-3.558168,-4.781382,2023-01-01T00:37:05
-3.558168,-4.781382,2023-01-01T00:37:06
-3.558168,-4.781382,2023-01-01T00:37:07
-3.558168,-4.781382,2023-01-01T00:37:08
-3.558168,-4.781382,2023-01-01T00:37:09
-3.558168,-4.892577,2023-01-01T00:37:10
-3.558168,-4.892577,2023-01-01T00:37:11
-3.558168,-4.892577,2023-01-01T00:37:12
-3.558168,-4.892577,2023-01-01T00:37:13
-3.669361,-4.892577,2023-01-01T00:37:14
-3.669361,-4.892577,2023-01-01T00:37:15
-3.669361,-4.892577,2023-01-01T00:37:16
-3.669361,-5.003772,2023-01-01T00:37:17
-3.669361,-5.003772,2023-01-01T00:37:18
-3.669361,-5.003772,2023-01-01T00:37:19
-3.669361,-5.003772,2023-01-01T00:37:20
-3.669361,-5.003772,2023-01-01T00:37:21
-3.669361,-5.003772,2023-01-01T00:37:22
-3.669361,-5.003772,2023-01-01T00:37:23
-3.669361,-5.114967,2023-01-01T00:37:24
-3.669361,-5.114967,2023-01-01T00:37:25
-3.780553,-5.114967,2023-01-01T00:37:26
-3.780553,-5.114967,2023-01-01T00:37:27
-3.780553,-5.114967,2023-01-01T00:37:28
-3.780553,-5.114967,2023-01-01T00:37:29
-3.780553,-5.114967,2023-01-01T00:37:30
-3.780553,-5.226162,2023-01-01T00:37:31
-3.780553,-5.226162,2023-01-01T00:37:32
-3.780553,-5.226162,2023-01-01T00:37:33
-3.780553,-5.226162,2023-01-01T00:37:34
-3.780553,-5.226162,2023-01-01T00:37:35
-3.891746,-5.226162,2023-01-01T00:37:36
-3.891746,-5.226162,2023-01-01T00:37:37
-3.891746,-5.337356,2023-01-01T00:37:38
-3.891746,-5.337356,2023-01-01T00:37:39
-3.891746,-5.337356,2023-01-01T00:37:40
-3.891746,-5.337356,2023-01-01T00:37:41
-3.891746,-5.337356,2023-01-01T00:37:42
-4.002939,-5.337356,2023-01-01T00:37:43
-4.002939,-5.448551,2023-01-01T00:37:44
-4.002939,-5.448551,2023-01-01T00:37:45
-4.002939,-5.448551,2023-01-01T00:37:46
-4.002939,-5.448551,2023-01-01T00:37:47
-4.002939,-5.448551,2023-01-01T00:37:48
-4.002939,-5.448551,2023-01-01T00:37:49
-4.002939,-5.448551,2023-01-01T00:37:50
-4.114132,-5.559746,2023-01-01T00:37:51
-4.114132,-5.559746,2023-01-01T00:37:52
-4.114132,-5.559746,2023-01-01T00:37:53
-4.114132,-5.559746,2023-01-01T00:37:54
-4.114132,-5.559746,2023-01-01T00:37:55
-4.114132,-5.559746,2023-01-01T00:37:56
-4.114132,-5.559746,2023-01-01T00:37:57
-4.114132,-5.670941,2023-01-01T00:37:58
-4.225324,-5.670941,2023-01-01T00:37:59
-4.225324,-5.670941,2023-01-01T00:38:00
-4.225324,-5.670941,2023-01-01T00:38:01
-4.225324,-5.670941,2023-01-01T00:38:02
-4.225324,-5.670941,2023-01-01T00:38:03
-4.225324,-5.670941,2023-01-01T00:38:04
-4.225324,-5.670941,2023-01-01T00:38:05
-4.225324,-5.670941,2023-01-01T00:38:06
-4.225324,-5.782136,2023-01-01T00:38:07
-4.225324,-5.782136,2023-01-01T00:38:08
-4.336517,-5.782136,2023-01-01T00:38:09
-4.336517,-5.782136,2023-01-01T00:38:10
-4.336517,-5.782136,2023-01-01T00:38:11
-4.336517,-5.782136,2023-01-01T00:38:12
-4.336517,-5.782136,2023-01-01T00:38:13
-4.336517,-5.782136,2023-01-01T00:38:14
-4.336517,-5.893331,2023-01-01T00:38:15
-4.336517,-5.893331,2023-01-01T00:38:16
-4.447710,-5.893331,2023-01-01T00:38:17
-4.447710,-5.893331,2023-01-01T00:38:18
-4.447710,-5.893331,2023-01-01T00:38:19
-4.447710,-5.893331,2023-01-01T00:38:20
-4.447710,-5.893331,2023-01-01T00:38:21
-4.447710,-5.893331,2023-01-01T00:38:22
-4.558903,-6.004526,2023-01-01T00:38:23
-4.558903,-6.004526,2023-01-01T00:38:24
-4.558903,-6.004526,2023-01-01T00:38:25
-4.558903,-6.004526,2023-01-01T00:38:26
-4.558903,-6.004526,2023-01-01T00:38:27
-4.558903,-6.004526,2023-01-01T00:38:28
-4.670095,-6.004526,2023-01-01T00:38:29
-4.670095,-6.115721,2023-01-01T00:38:30
-4.670095,-6.115721,2023-01-01T00:38:31
-4.670095,-6.115721,2023-01-01T00:38:32
-4.670095,-6.115721,2023-01-01T00:38:33
-4.781288,-6.115721,2023-01-01T00:38:34
-4.781288,-6.115721,2023-01-01T00:38:35
-4.781288,-6.226916,2023-01-01T00:38:36
-4.781288,-6.226916,2023-01-01T00:38:37
-4.892481,-6.226916,2023-01-01T00:38:38
-4.892481,-6.226916,2023-01-01T00:38:39
-4.892481,-6.226916,2023-01-01T00:38:40
-4.892481,-6.338111,2023-01-01T00:38:41
-5.003674,-6.338111,2023-01-01T00:38:42
-5.003674,-6.338111,2023-01-01T00:38:43
-5.003674,-6.338111,2023-01-01T00:38:44
-5.003674,-6.338111,2023-01-01T00:38:45
-5.003674,-6.338111,2023-01-01T00:38:46
-5.003674,-6.449306,2023-01-01T00:38:47
-5.114866,-6.449306,2023-01-01T00:38:48
-5.114866,-6.449306,2023-01-01T00:38:49
-5.114866,-6.449306,2023-01-01T00:38:50
-5.114866,-6.449306,2023-01-01T00:38:51
-5.114866,-6.449306,2023-01-01T00:38:52
-5.114866,-6.449306,2023-01-01T00:38:53
-5.226059,-6.560501,2023-01-01T00:38:54
-5.226059,-6.560501,2023-01-01T00:38:55
-5.226059,-6.560501,2023-01-01T00:38:56
-5.226059,-6.560501,2023-01-01T00:38:57
-5.226059,-6.560501,2023-01-01T00:38:58
-5.337252,-6.560501,2023-01-01T00:38:59
-5.337252,-6.560501,2023-01-01T00:39:00
-5.337252,-6.671696,2023-01-01T00:39:01
-5.337252,-6.671696,2023-01-01T00:39:02
-5.337252,-6.671696,2023-01-01T00:39:03
-5.448445,-6.671696,2023-01-01T00:39:04
-5.448445,-6.671696,2023-01-01T00:39:05
-5.448445,-6.671696,2023-01-01T00:39:06
-5.448445,-6.671696,2023-01-01T00:39:07
-5.448445,-6.782891,2023-01-01T00:39:08
-5.448445,-6.782891,2023-01-01T00:39:09
-5.559637,-6.782891,2023-01-01T00:39:10
-5.559637,-6.782891,2023-01-01T00:39:11
-5.559637,-6.782891,2023-01-01T00:39:12
-5.559637,-6.782891,2023-01-01T00:39:13
-5.559637,-6.782891,2023-01-01T00:39:14
-5.559637,-6.894085,2023-01-01T00:39:15
-5.559637,-6.894085,2023-01-01T00:39:16
-5.670830,-6.894085,2023-01-01T00:39:17
-5.670830,-6.894085,2023-01-01T00:39:18
-5.670830,-6.894085,2023-01-01T00:39:19
-5.670830,-6.894085,2023-01-01T00:39:20
-5.670830,-6.894085,2023-01-01T00:39:21
-5.670830,-6.894085,2023-01-01T00:39:22
-5.782023,-7.005280,2023-01-01T00:39:23
-5.782023,-7.005280,2023-01-01T00:39:24
-5.782023,-7.005280,2023-01-01T00:39:25
-5.782023,-7.005280,2023-01-01T00:39:26
-5.782023,-7.005280,2023-01-01T00:39:27
-5.782023,-7.005280,2023-01-01T00:39:28
-5.782023,-7.005280,2023-01-01T00:39:29
-5.893216,-7.116475,2023-01-01T00:39:30
-5.893216,-7.116475,2023-01-01T00:39:31
-5.893216,-7.116475,2023-01-01T00:39:32
-5.893216,-7.116475,2023-01-01T00:39:33
-5.893216,-7.116475,2023-01-01T00:39:34
-6.004408,-7.227670,2023-01-01T00:39:35
-6.004408,-7.227670,2023-01-01T00:39:36
-6.004408,-7.227670,2023-01-01T00:39:37
-6.004408,-7.227670,2023-01-01T00:39:38
-6.004408,-7.227670,2023-01-01T00:39:39
-6.004408,-7.227670,2023-01-01T00:39:40
-6.115601,-7.338865,2023-01-01T00:39:41
-6.115601,-7.338865,2023-01-01T00:39:42
-6.115601,-7.338865,2023-01-01T00:39:43
-6.115601,-7.338865,2023-01-01T00:39:44
-6.115601,-7.338865,2023-01-01T00:39:45
-6.115601,-7.338865,2023-01-01T00:39:46
-6.226794,-7.450060,2023-01-01T00:39:47
-6.226794,-7.450060,2023-01-01T00:39:48
-6.226794,-7.450060,2023-01-01T00:39:49
-6.226794,-7.450060,2023-01-01T00:39:50
-6.226794,-7.450060,2023-01-01T00:39:51
-6.337987,-7.561255,2023-01-01T00:39:52
-6.337987,-7.561255,2023-01-01T00:39:53
-6.337987,-7.561255,2023-01-01T00:39:54
-6.337987,-7.561255,2023-01-01T00:39:55
-6.337987,-7.561255,2023-01-01T00:39:56
-6.449179,-7.672450,2023-01-01T00:39:57
-6.449179,-7.672450,2023-01-01T00:39:58
-6.449179,-7.672450,2023-01-01T00:39:59
-6.449179,-7.672450,2023-01-01T00:40:00
-6.449179,-7.672450,2023-01-01T00:40:01
-6.449179,-7.783645,2023-01-01T00:40:02
-6.560372,-7.783645,2023-01-01T00:40:03
-6.560372,-7.783645,2023-01-01T00:40:04
-6.560372,-7.783645,2023-01-01T00:40:05
-6.560372,-7.783645,2023-01-01T00:40:06
-6.560372,-7.783645,2023-01-01T00:40:07
-6.560372,-7.894840,2023-01-01T00:40:08
-6.671565,-7.894840,2023-01-01T00:40:09
-6.671565,-7.894840,2023-01-01T00:40:10
-6.671565,-7.894840,2023-01-01T00:40:11
-6.671565,-7.894840,2023-01-01T00:40:12
-6.671565,-7.894840,2023-01-01T00:40:13
-6.671565,-7.894840,2023-01-01T00:40:14
-6.671565,-8.006035,2023-01-01T00:40:15
-6.671565,-8.006035,2023-01-01T00:40:16
-6.782758,-8.006035,2023-01-01T00:40:17
-6.782758,-8.006035,2023-01-01T00:40:18
-6.782758,-8.006035,2023-01-01T00:40:19
-6.782758,-8.006035,2023-01-01T00:40:20
-6.782758,-8.006035,2023-01-01T00:40:21
-6.782758,-8.117230,2023-01-01T00:40:22
-6.782758,-8.117230,2023-01-01T00:40:23
-6.782758,-8.117230,2023-01-01T00:40:24
-6.782758,-8.117230,2023-01-01T00:40:25
-6.893950,-8.117230,2023-01-01T00:40:26
-6.893950,-8.117230,2023-01-01T00:40:27
-6.893950,-8.117230,2023-01-01T00:40:28
-6.893950,-8.117230,2023-01-01T00:40:29
-6.893950,-8.117230,2023-01-01T00:40:30
-6.893950,-8.228425,2023-01-01T00:40:31
-6.893950,-8.228425,2023-01-01T00:40:32
-6.893950,-8.228425,2023-01-01T00:40:33
-6.893950,-8.228425,2023-01-01T00:40:34
-7.005143,-8.228425,2023-01-01T00:40:35
-7.005143,-8.228425,2023-01-01T00:40:36
-7.005143,-8.228425,2023-01-01T00:40:37
-7.005143,-8.228425,2023-01-01T00:40:38
-7.005143,-8.228425,2023-01-01T00:40:39
-7.005143,-8.339619,2023-01-01T00:40:40
-7.005143,-8.339619,2023-01-01T00:40:41
-7.005143,-8.339619,2023-01-01T00:40:42
-7.005143,-8.339619,2023-01-01T00:40:43
-7.005143,-8.339619,2023-01-01T00:40:44
-7.005143,-8.339619,2023-01-01T00:40:45
-7.116336,-8.339619,2023-01-01T00:40:46
-7.116336,-8.339619,2023-01-01T00:40:47
-7.116336,-8.339619,2023-01-01T00:40:48
-7.116336,-8.339619,2023-01-01T00:40:49
-7.116336,-8.339619,2023-01-01T00:40:50
-7.116336,-8.339619,2023-01-01T00:40:51
-7.116336,-8.339619,2023-01-01T00:40:52
-7.116336,-8.339619,2023-01-01T00:40:53
-7.116336,-8.339619,2023-01-01T00:40:54
-7.116336,-8.339619,2023-01-01T00:40:55
-7.116336,-8.339619,2023-01-01T00:40:56
-7.116336,-8.450814,2023-01-01T00:40:57
-7.227529,-8.450814,2023-01-01T00:40:58
-7.227529,-8.450814,2023-01-01T00:40:59
-7.227529,-8.450814,2023-01-01T00:41:00
-7.227529,-8.450814,2023-01-01T00:41:01
-7.227529,-8.450814,2023-01-01T00:41:02
-7.227529,-8.450814,2023-01-01T00:41:03
-7.227529,-8.450814,2023-01-01T00:41:04
-7.227529,-8.450814,2023-01-01T00:41:05
-7.227529,-8.450814,2023-01-01T00:41:06
-7.227529,-8.450814,2023-01-01T00:41:07
-7.227529,-8.450814,2023-01-01T00:41:08
-7.227529,-8.450814,2023-01-01T00:41:09
-7.227529,-8.450814,2023-01-01T00:41:10
-7.338721,-8.450814,2023-01-01T00:41:11
-7.338721,-8.450814,2023-01-01T00:41:12
-7.338721,-8.562009,2023-01-01T00:41:13
-7.338721,-8.562009,2023-01-01T00:41:14
-7.338721,-8.562009,2023-01-01T00:41:15
-7.338721,-8.562009,2023-01-01T00:41:16
-7.338721,-8.562009,2023-01-01T00:41:17
-7.338721,-8.562009,2023-01-01T00:41:18
-7.338721,-8.562009,2023-01-01T00:41:19
-7.338721,-8.562009,2023-01-01T00:41:20
-7.338721,-8.562009,2023-01-01T00:41:21
-7.338721,-8.562009,2023-01-01T00:41:22
-7.338721,-8.673204,2023-01-01T00:41:23
-7.338721,-8.673204,2023-01-01T00:41:24
-7.338721,-8.673204,2023-01-01T00:41:25
-7.338721,-8.673204,2023-01-01T00:41:26
-7.338721,-8.673204,2023-01-01T00:41:27
-7.338721,-8.673204,2023-01-01T00:41:28
-7.338721,-8.673204,2023-01-01T00:41:29
-7.338721,-8.673204,2023-01-01T00:41:30
-7.449914,-8.673204,2023-01-01T00:41:31
-7.449914,-8.673204,2023-01-01T00:41:32
-7.449914,-8.673204,2023-01-01T00:41:33
-7.449914,-8.784399,2023-01-01T00:41:34
-7.449914,-8.784399,2023-01-01T00:41:35
-7.449914,-8.784399,2023-01-01T00:41:36
-7.449914,-8.784399,2023-01-01T00:41:37
-7.449914,-8.784399,2023-01-01T00:41:38
-7.449914,-8.784399,2023-01-01T00:41:39
-7.449914,-8.784399,2023-01-01T00:41:40
-7.449914,-8.784399,2023-01-01T00:41:41
-7.449914,-8.784399,2023-01-01T00:41:42
-7.449914,-8.895594,2023-01-01T00:41:43
-7.449914,-8.895594,2023-01-01T00:41:44
-7.449914,-8.895594,2023-01-01T00:41:45
-7.449914,-8.895594,2023-01-01T00:41:46
-7.449914,-8.895594,2023-01-01T00:41:47
-7.449914,-8.895594,2023-01-01T00:41:48
-7.449914,-8.895594,2023-01-01T00:41:49
-7.561107,-8.895594,2023-01-01T00:41:50
-7.561107,-8.895594,2023-01-01T00:41:51
-7.561107,-8.895594,2023-01-01T00:41:52
-7.561107,-8.895594,2023-01-01T00:41:53
-7.561107,-9.006789,2023-01-01T00:41:54
-7.561107,-9.006789,2023-01-01T00:41:55
-7.561107,-9.006789,2023-01-01T00:41:56
-7.561107,-9.006789,2023-01-01T00:41:57
-7.561107,-9.006789,2023-01-01T00:41:58
-7.561107,-9.006789,2023-01-01T00:41:59
-7.561107,-9.006789,2023-01-01T00:42:00
-7.561107,-9.006789,2023-01-01T00:42:01
-7.561107,-9.006789,2023-01-01T00:42:02
-7.561107,-9.006789,2023-01-01T00:42:03
-7.561107,-9.006789,2023-01-01T00:42:04
-7.561107,-9.006789,2023-01-01T00:42:05
-7.561107,-9.006789,2023-01-01T00:42:06
-7.561107,-9.006789,2023-01-01T00:42:07
-7.561107,-9.006789,2023-01-01T00:42:08
-7.561107,-9.006789,2023-01-01T00:42:09
-7.561107,-9.117984,2023-01-01T00:42:10
-7.561107,-9.117984,2023-01-01T00:42:11
-7.561107,-9.117984,2023-01-01T00:42:12
-7.561107,-9.117984,2023-01-01T00:42:13
-7.561107,-9.117984,2023-01-01T00:42:14
-7.561107,-9.117984,2023-01-01T00:42:15
-7.561107,-9.117984,2023-01-01T00:42:16
-7.561107,-9.117984,2023-01-01T00:42:17
-7.561107,-9.117984,2023-01-01T00:42:18
-7.561107,-9.117984,2023-01-01T00:42:19
-7.561107,-9.117984,2023-01-01T00:42:20
-7.561107,-9.117984,2023-01-01T00:42:21
-7.561107,-9.117984,2023-01-01T00:42:22
-7.561107,-9.117984,2023-01-01T00:42:23
-7.561107,-9.117984,2023-01-01T00:42:24
-7.561107,-9.117984,2023-01-01T00:42:25
-7.561107,-9.117984,2023-01-01T00:42:26
-7.561107,-9.229179,2023-01-01T00:42:27
-7.561107,-9.229179,2023-01-01T00:42:28
-7.561107,-9.229179,2023-01-01T00:42:29
-7.561107,-9.229179,2023-01-01T00:42:30
-7.561107,-9.229179,2023-01-01T00:42:31
-7.561107,-9.229179,2023-01-01T00:42:32
-7.561107,-9.229179,2023-01-01T00:42:33
-7.561107,-9.229179,2023-01-01T00:42:34
-7.561107,-9.229179,2023-01-01T00:42:35
-7.561107,-9.229179,2023-01-01T00:42:36
-7.561107,-9.229179,2023-01-01T00:42:37
-7.672300,-9.229179,2023-01-01T00:42:38
-7.672300,-9.340374,2023-01-01T00:42:39
-7.672300,-9.340374,2023-01-01T00:42:40
-7.672300,-9.340374,2023-01-01T00:42:41
-7.672300,-9.340374,2023-01-01T00:42:42
-7.672300,-9.340374,2023-01-01T00:42:43
-7.672300,-9.340374,2023-01-01T00:42:44
-7.672300,-9.340374,2023-01-01T00:42:45
-7.672300,-9.340374,2023-01-01T00:42:46
-7.672300,-9.340374,2023-01-01T00:42:47
-7.672300,-9.340374,2023-01-01T00:42:48
-7.672300,-9.340374,2023-01-01T00:42:49
-7.672300,-9.340374,2023-01-01T00:42:50
-7.672300,-9.340374,2023-01-01T00:42:51
-7.672300,-9.340374,2023-01-01T00:42:52
-7.672300,-9.451569,2023-01-01T00:42:53
-7.672300,-9.451569,2023-01-01T00:42:54
-7.672300,-9.451569,2023-01-01T00:42:55
-7.672300,-9.451569,2023-01-01T00:42:56
-7.672300,-9.451569,2023-01-01T00:42:57
-7.672300,-9.451569,2023-01-01T00:42:58
-7.672300,-9.451569,2023-01-01T00:42:59
-7.672300,-9.451569,2023-01-01T00:43:00
-7.783492,-9.451569,2023-01-01T00:43:01
-7.783492,-9.451569,2023-01-01T00:43:02
-7.783492,-9.451569,2023-01-01T00:43:03
-7.783492,-9.451569,2023-01-01T00:43:04
-7.783492,-9.451569,2023-01-01T00:43:05
-7.783492,-9.562764,2023-01-01T00:43:06
-7.783492,-9.562764,2023-01-01T00:43:07
-7.783492,-9.562764,2023-01-01T00:43:08
-7.783492,-9.562764,2023-01-01T00:43:09
-7.783492,-9.562764,2023-01-01T00:43:10
-7.783492,-9.562764,2023-01-01T00:43:11
-7.894685,-9.562764,2023-01-01T00:43:12
-7.894685,-9.562764,2023-01-01T00:43:13
-7.894685,-9.673959,2023-01-01T00:43:14
-7.894685,-9.673959,2023-01-01T00:43:15
-7.894685,-9.673959,2023-01-01T00:43:16
-7.894685,-9.673959,2023-01-01T00:43:17
-7.894685,-9.673959,2023-01-01T00:43:18
-7.894685,-9.673959,2023-01-01T00:43:19
-7.894685,-9.673959,2023-01-01T00:43:20
-7.894685,-9.673959,2023-01-01T00:43:21
-7.894685,-9.673959,2023-01-01T00:43:22
-7.894685,-9.673959,2023-01-01T00:43:23
-7.894685,-9.785154,2023-01-01T00:43:24
-8.005878,-9.785154,2023-01-01T00:43:25
-8.005878,-9.785154,2023-01-01T00:43:26
-8.005878,-9.785154,2023-01-01T00:43:27
-8.005878,-9.785154,2023-01-01T00:43:28
-8.005878,-9.785154,2023-01-01T00:43:29
-8.005878,-9.785154,2023-01-01T00:43:30
-8.005878,-9.785154,2023-01-01T00:43:31
-8.005878,-9.785154,2023-01-01T00:43:32
-8.005878,-9.785154,2023-01-01T00:43:33
-8.005878,-9.896348,2023-01-01T00:43:34
-8.005878,-9.896348,2023-01-01T00:43:35
-8.005878,-9.896348,2023-01-01T00:43:36
-8.005878,-9.896348,2023-01-01T00:43:37
-8.005878,-9.896348,2023-01-01T00:43:38
-8.005878,-9.896348,2023-01-01T00:43:39
-8.005878,-9.896348,2023-01-01T00:43:40
-8.117071,-9.896348,2023-01-01T00:43:41
-8.117071,-10.007543,2023-01-01T00:43:42
-8.117071,-10.007543,2023-01-01T00:43:43
-8.117071,-10.007543,2023-01-01T00:43:44
-8.117071,-10.007543,2023-01-01T00:43:45
-8.117071,-10.007543,2023-01-01T00:43:46
-8.117071,-10.007543,2023-01-01T00:43:47
-8.117071,-10.007543,2023-01-01T00:43:48
-8.117071,-10.118738,2023-01-01T00:43:49
-8.117071,-10.118738,2023-01-01T00:43:50
-8.117071,-10.118738,2023-01-01T00:43:51
-8.117071,-10.118738,2023-01-01T00:43:52
-8.117071,-10.118738,2023-01-01T00:43:53
-8.117071,-10.118738,2023-01-01T00:43:54
-8.117071,-10.118738,2023-01-01T00:43:55
-8.117071,-10.229933,2023-01-01T00:43:56
-8.117071,-10.229933,2023-01-01T00:43:57
-8.117071,-10.229933,2023-01-01T00:43:58
-8.228263,-10.229933,2023-01-01T00:43:59
-8.228263,-10.229933,2023-01-01T00:44:00
-8.228263,-10.229933,2023-01-01T00:44:01
-8.228263,-10.341128,2023-01-01T00:44:02
-8.228263,-10.341128,2023-01-01T00:44:03
-8.228263,-10.341128,2023-01-01T00:44:04
-8.228263,-10.341128,2023-01-01T00:44:05
-8.228263,-10.341128,2023-01-01T00:44:06
-8.228263,-10.341128,2023-01-01T00:44:07
-8.228263,-10.341128,2023-01-01T00:44:08
-8.228263,-10.452323,2023-01-01T00:44:09
-8.228263,-10.452323,2023-01-01T00:44:10
-8.228263,-10.452323,2023-01-01T00:44:11
-8.228263,-10.452323,2023-01-01T00:44:12
-8.228263,-10.452323,2023-01-01T00:44:13
-8.228263,-10.452323,2023-01-01T00:44:14
-8.228263,-10.452323,2023-01-01T00:44:15
-8.228263,-10.452323,2023-01-01T00:44:16
-8.228263,-10.452323,2023-01-01T00:44:17
-8.228263,-10.563518,2023-01-01T00:44:18
-8.228263,-10.563518,2023-01-01T00:44:19
-8.228263,-10.563518,2023-01-01T00:44:20
-8.228263,-10.563518,2023-01-01T00:44:21
-8.339456,-10.563518,2023-01-01T00:44:22
-8.339456,-10.563518,2023-01-01T00:44:23
-8.339456,-10.563518,2023-01-01T00:44:24
-8.339456,-10.563518,2023-01-01T00:44:25
-8.339456,-10.563518,2023-01-01T00:44:26
-8.339456,-10.674713,2023-01-01T00:44:27
-8.339456,-10.674713,2023-01-01T00:44:28
-8.339456,-10.674713,2023-01-01T00:44:29
-8.339456,-10.674713,2023-01-01T00:44:30
-8.339456,-10.785908,2023-01-01T00:44:31
-8.450649,-10.785908,2023-01-01T00:44:32
-8.450649,-10.897103,2023-01-01T00:44:33
-8.450649,-10.897103,2023-01-01T00:44:34
-8.450649,-11.008298,2023-01-01T00:44:35
-8.450649,-11.008298,2023-01-01T00:44:36
-8.450649,-11.119493,2023-01-01T00:44:37
-8.561841,-11.230688,2023-01-01T00:44:38
-8.561841,-11.230688,2023-01-01T00:44:39
-8.561841,-11.341883,2023-01-01T00:44:40
-8.561841,-11.453077,2023-01-01T00:44:41
-8.561841,-11.453077,2023-01-01T00:44:42
-8.561841,-11.564272,2023-01-01T00:44:43
-8.673034,-11.675467,2023-01-01T00:44:44
-8.673034,-11.786662,2023-01-01T00:44:45
-8.673034,-11.897857,2023-01-01T00:44:46
-8.673034,-12.009052,2023-01-01T00:44:47
-8.784227,-12.120247,2023-01-01T00:44:48
-8.784227,-12.231442,2023-01-01T00:44:49
-8.784227,-12.342637,2023-01-01T00:44:50
-8.784227,-12.565027,2023-01-01T00:44:51
-8.784227,-12.676222,2023-01-01T00:44:52
-8.784227,-12.787417,2023-01-01T00:44:53
-8.895420,-12.898611,2023-01-01T00:44:54
-8.895420,-13.121001,2023-01-01T00:44:55
-8.895420,-13.232196,2023-01-01T00:44:56
-8.895420,-13.343391,2023-01-01T00:44:57
-8.895420,-13.565781,2023-01-01T00:44:58
-9.006612,-13.676976,2023-01-01T00:44:59
-9.006612,-13.899366,2023-01-01T00:45:00
-9.006612,-14.010561,2023-01-01T00:45:01
-9.006612,-14.232951,2023-01-01T00:45:02
-9.006612,-14.344146,2023-01-01T00:45:03
-9.006612,-14.566535,2023-01-01T00:45:04
-9.117805,-14.677730,2023-01-01T00:45:05
-9.117805,-14.900120,2023-01-01T00:45:06
-9.117805,-15.011315,2023-01-01T00:45:07
-9.117805,-15.233705,2023-01-01T00:45:08
-9.117805,-15.344900,2023-01-01T00:45:09
-9.117805,-15.456095,2023-01-01T00:45:10
-9.117805,-15.678485,2023-01-01T00:45:11
-9.117805,-15.789680,2023-01-01T00:45:12
-9.117805,-15.900875,2023-01-01T00:45:13
-9.228998,-16.012069,2023-01-01T00:45:14
-9.228998,-16.234459,2023-01-01T00:45:15
-9.228998,-16.345654,2023-01-01T00:45:16
-9.228998,-16.456849,2023-01-01T00:45:17
-9.228998,-16.568044,2023-01-01T00:45:18
-9.228998,-16.679239,2023-01-01T00:45:19
-9.228998,-16.901629,2023-01-01T00:45:20
-9.228998,-17.012824,2023-01-01T00:45:21
-9.228998,-17.124019,2023-01-01T00:45:22
-9.228998,-17.235214,2023-01-01T00:45:23
-9.340191,-17.346409,2023-01-01T00:45:24
-9.340191,-17.457603,2023-01-01T00:45:25
-9.340191,-17.568798,2023-01-01T00:45:26
-9.340191,-17.679993,2023-01-01T00:45:27
-9.340191,-17.791188,2023-01-01T00:45:28
-9.340191,-17.902383,2023-01-01T00:45:29
-9.340191,-18.013578,2023-01-01T00:45:30
-9.340191,-18.124773,2023-01-01T00:45:31
-9.340191,-18.235968,2023-01-01T00:45:32
-9.340191,-18.347163,2023-01-01T00:45:33
-9.451383,-18.347163,2023-01-01T00:45:34
-9.451383,-18.458358,2023-01-01T00:45:35
-9.451383,-18.569553,2023-01-01T00:45:36
-9.451383,-18.680748,2023-01-01T00:45:37
-9.451383,-18.791943,2023-01-01T00:45:38
-9.451383,-18.903138,2023-01-01T00:45:39
-9.451383,-18.903138,2023-01-01T00:45:40
-9.451383,-19.014332,2023-01-01T00:45:41
-9.451383,-19.125527,2023-01-01T00:45:42
-9.451383,-19.236722,2023-01-01T00:45:43
-9.562576,-19.236722,2023-01-01T00:45:44
-9.562576,-19.347917,2023-01-01T00:45:45
-9.562576,-19.459112,2023-01-01T00:45:46
-9.562576,-19.459112,2023-01-01T00:45:47
-9.673769,-19.570307,2023-01-01T00:45:48
-9.673769,-19.681502,2023-01-01T00:45:49
-9.673769,-19.681502,2023-01-01T00:45:50
-9.673769,-19.792697,2023-01-01T00:45:51
-9.784962,-19.792697,2023-01-01T00:45:52
-9.784962,-19.903892,2023-01-01T00:45:53
-9.784962,-19.903892,2023-01-01T00:45:54
-9.784962,-20.015087,2023-01-01T00:45:55
-9.896154,-20.015087,2023-01-01T00:45:56
-9.896154,-20.126282,2023-01-01T00:45:57
-9.896154,-20.126282,2023-01-01T00:45:58
-10.007347,-20.237477,2023-01-01T00:45:59
-10.007347,-20.237477,2023-01-01T00:46:00
-10.007347,-20.348672,2023-01-01T00:46:01
-10.007347,-20.348672,2023-01-01T00:46:02
-10.007347,-20.459867,2023-01-01T00:46:03
-10.118540,-20.459867,2023-01-01T00:46:04
-10.118540,-20.459867,2023-01-01T00:46:05
-10.118540,-20.571061,2023-01-01T00:46:06
-10.118540,-20.571061,2023-01-01T00:46:07
-10.229733,-20.682256,2023-01-01T00:46:08
-10.229733,-20.682256,2023-01-01T00:46:09
-10.229733,-20.793451,2023-01-01T00:46:10
-10.229733,-20.793451,2023-01-01T00:46:11
-10.229733,-20.793451,2023-01-01T00:46:12
-10.229733,-20.904646,2023-01-01T00:46:13
-10.340925,-20.904646,2023-01-01T00:46:14
-10.340925,-21.015841,2023-01-01T00:46:15
-10.340925,-21.015841,2023-01-01T00:46:16
-10.340925,-21.127036,2023-01-01T00:46:17
-10.340925,-21.127036,2023-01-01T00:46:18
-10.340925,-21.127036,2023-01-01T00:46:19
-10.340925,-21.238231,2023-01-01T00:46:20
-10.340925,-21.238231,2023-01-01T00:46:21
-10.340925,-21.349426,2023-01-01T00:46:22
-10.340925,-21.349426,2023-01-01T00:46:23
-10.340925,-21.349426,2023-01-01T00:46:24
-10.340925,-21.460621,2023-01-01T00:46:25
-10.340925,-21.460621,2023-01-01T00:46:26
-10.340925,-21.571816,2023-01-01T00:46:27
-10.340925,-21.571816,2023-01-01T00:46:28
-10.340925,-21.683011,2023-01-01T00:46:29
-10.340925,-21.683011,2023-01-01T00:46:30
-10.340925,-21.683011,2023-01-01T00:46:31
-10.340925,-21.794206,2023-01-01T00:46:32
-10.340925,-21.794206,2023-01-01T00:46:33
-10.340925,-21.905401,2023-01-01T00:46:34
-10.340925,-21.905401,2023-01-01T00:46:35
-10.340925,-21.905401,2023-01-01T00:46:36
-10.340925,-22.016595,2023-01-01T00:46:37
-10.340925,-22.016595,2023-01-01T00:46:38
-10.340925,-22.127790,2023-01-01T00:46:39
-10.340925,-22.127790,2023-01-01T00:46:40
-10.340925,-22.127790,2023-01-01T00:46:41
-10.229733,-22.238985,2023-01-01T00:46:42
-10.229733,-22.238985,2023-01-01T00:46:43
-10.229733,-22.350180,2023-01-01T00:46:44
-10.229733,-22.350180,2023-01-01T00:46:45
-10.229733,-22.350180,2023-01-01T00:46:46
-10.229733,-22.461375,2023-01-01T00:46:47
-10.229733,-22.461375,2023-01-01T00:46:48
-10.229733,-22.461375,2023-01-01T00:46:49
-10.229733,-22.572570,2023-01-01T00:46:50
-10.229733,-22.572570,2023-01-01T00:46:51
-10.229733,-22.572570,2023-01-01T00:46:52
-10.229733,-22.683765,2023-01-01T00:46:53
-10.229733,-22.683765,2023-01-01T00:46:54
-10.229733,-22.683765,2023-01-01T00:46:55
-10.229733,-22.683765,2023-01-01T00:46:56
-10.118540,-22.794960,2023-01-01T00:46:57
-10.118540,-22.794960,2023-01-01T00:46:58
-10.118540,-22.794960,2023-01-01T00:46:59
-10.118540,-22.906155,2023-01-01T00:47:00
-10.118540,-22.906155,2023-01-01T00:47:01
-10.118540,-22.906155,2023-01-01T00:47:02
-10.118540,-22.906155,2023-01-01T00:47:03
-10.118540,-23.017350,2023-01-01T00:47:04
-10.118540,-23.017350,2023-01-01T00:47:05
-10.118540,-23.017350,2023-01-01T00:47:06
-10.118540,-23.017350,2023-01-01T00:47:07
-10.118540,-23.128545,2023-01-01T00:47:08
-10.118540,-23.128545,2023-01-01T00:47:09
-10.118540,-23.128545,2023-01-01T00:47:10
-10.118540,-23.128545,2023-01-01T00:47:11
-10.118540,-23.239740,2023-01-01T00:47:12
-10.118540,-23.239740,2023-01-01T00:47:13
-10.118540,-23.239740,2023-01-01T00:47:14
-10.007347,-23.239740,2023-01-01T00:47:15
-10.118540,-23.239740,2023-01-01T00:47:16
-10.118540,-23.239740,2023-01-01T00:47:17
-10.118540,-23.350935,2023-01-01T00:47:18
-10.118540,-23.350935,2023-01-01T00:47:19
-10.118540,-23.350935,2023-01-01T00:47:20
-10.118540,-23.350935,2023-01-01T00:47:21
-10.118540,-23.350935,2023-01-01T00:47:22
-10.118540,-23.350935,2023-01-01T00:47:23
-10.229733,-23.350935,2023-01-01T00:47:24
-10.229733,-23.350935,2023-01-01T00:47:25
-10.229733,-23.350935,2023-01-01T00:47:26
-10.229733,-23.462130,2023-01-01T00:47:27
-10.229733,-23.462130,2023-01-01T00:47:28
-10.229733,-23.462130,2023-01-01T00:47:29
-10.229733,-23.462130,2023-01-01T00:47:30
-10.229733,-23.462130,2023-01-01T00:47:31
-10.229733,-23.462130,2023-01-01T00:47:32
-10.229733,-23.462130,2023-01-01T00:47:33
-10.229733,-23.462130,2023-01-01T00:47:34
-10.229733,-23.462130,2023-01-01T00:47:35
-10.229733,-23.462130,2023-01-01T00:47:36
-10.229733,-23.462130,2023-01-01T00:47:37
-10.340925,-23.573324,2023-01-01T00:47:38
-10.340925,-23.573324,2023-01-01T00:47:39
-10.340925,-23.573324,2023-01-01T00:47:40
-10.340925,-23.573324,2023-01-01T00:47:41
-10.340925,-23.573324,2023-01-01T00:47:42
-10.340925,-23.573324,2023-01-01T00:47:43
-10.340925,-23.573324,2023-01-01T00:47:44
-10.340925,-23.573324,2023-01-01T00:47:45
-10.340925,-23.573324,2023-01-01T00:47:46
-10.340925,-23.684519,2023-01-01T00:47:47
-10.340925,-23.684519,2023-01-01T00:47:48
-10.340925,-23.684519,2023-01-01T00:47:49
-10.340925,-23.684519,2023-01-01T00:47:50
-10.229733,-23.684519,2023-01-01T00:47:51
-10.229733,-23.795714,2023-01-01T00:47:52
-10.229733,-23.795714,2023-01-01T00:47:53
-10.229733,-23.795714,2023-01-01T00:47:54
-10.229733,-23.795714,2023-01-01T00:47:55
-10.229733,-23.795714,2023-01-01T00:47:56
-10.229733,-23.795714,2023-01-01T00:47:57
-10.118540,-23.795714,2023-01-01T00:47:58
-10.118540,-23.906909,2023-01-01T00:47:59
-10.118540,-23.906909,2023-01-01T00:48:00
-10.118540,-23.906909,2023-01-01T00:48:01
-10.118540,-23.906909,2023-01-01T00:48:02
-10.118540,-23.906909,2023-01-01T00:48:03
-10.118540,-23.906909,2023-01-01T00:48:04
-10.118540,-24.018104,2023-01-01T00:48:05
-10.118540,-24.018104,2023-01-01T00:48:06
-10.007347,-24.018104,2023-01-01T00:48:07
-10.007347,-24.018104,2023-01-01T00:48:08
-10.007347,-24.018104,2023-01-01T00:48:09
-10.007347,-24.018104,2023-01-01T00:48:10
-10.007347,-24.018104,2023-01-01T00:48:11
-10.007347,-24.018104,2023-01-01T00:48:12
-10.007347,-24.018104,2023-01-01T00:48:13
-10.007347,-24.129299,2023-01-01T00:48:14
-9.896154,-24.129299,2023-01-01T00:48:15
-9.896154,-24.129299,2023-01-01T00:48:16
-9.896154,-24.129299,2023-01-01T00:48:17
-9.896154,-24.129299,2023-01-01T00:48:18
-9.896154,-24.129299,2023-01-01T00:48:19
-9.896154,-24.129299,2023-01-01T00:48:20
-9.896154,-24.129299,2023-01-01T00:48:21
-9.784962,-24.129299,2023-01-01T00:48:22
-9.784962,-24.129299,2023-01-01T00:48:23
-9.784962,-24.129299,2023-01-01T00:48:24
-9.784962,-24.129299,2023-01-01T00:48:25
-9.784962,-24.129299,2023-01-01T00:48:26
-9.784962,-24.129299,2023-01-01T00:48:27
-9.673769,-24.240494,2023-01-01T00:48:28
-9.673769,-24.240494,2023-01-01T00:48:29
-9.673769,-24.240494,2023-01-01T00:48:30
-9.673769,-24.240494,2023-01-01T00:48:31
-9.673769,-24.240494,2023-01-01T00:48:32
-9.562576,-24.240494,2023-01-01T00:48:33
-9.562576,-24.240494,2023-01-01T00:48:34
-9.562576,-24.240494,2023-01-01T00:48:35
-9.562576,-24.240494,2023-01-01T00:48:36
-9.451383,-24.240494,2023-01-01T00:48:37
-9.451383,-24.240494,2023-01-01T00:48:38
-9.451383,-24.240494,2023-01-01T00:48:39
-9.340191,-24.240494,2023-01-01T00:48:40
-9.340191,-24.240494,2023-01-01T00:48:41
-9.340191,-24.240494,2023-01-01T00:48:42
-9.340191,-24.240494,2023-01-01T00:48:43
-9.228998,-24.240494,2023-01-01T00:48:44
-9.228998,-24.240494,2023-01-01T00:48:45
-9.228998,-24.240494,2023-01-01T00:48:46
-9.228998,-24.240494,2023-01-01T00:48:47
-9.228998,-24.240494,2023-01-01T00:48:48
-9.228998,-24.240494,2023-01-01T00:48:49
-9.228998,-24.240494,2023-01-01T00:48:50
-9.228998,-24.240494,2023-01-01T00:48:51
-9.228998,-24.240494,2023-01-01T00:48:52
-9.228998,-24.240494,2023-01-01T00:48:53
-9.228998,-24.129299,2023-01-01T00:48:54
-9.228998,-24.129299,2023-01-01T00:48:55
-9.228998,-24.129299,2023-01-01T00:48:56
-9.228998,-24.129299,2023-01-01T00:48:57
-9.228998,-24.129299,2023-01-01T00:48:58
-9.228998,-24.129299,2023-01-01T00:48:59
-9.228998,-24.129299,2023-01-01T00:49:00
-9.228998,-24.129299,2023-01-01T00:49:01
-9.228998,-24.129299,2023-01-01T00:49:02
-9.117805,-24.129299,2023-01-01T00:49:03
-9.117805,-24.129299,2023-01-01T00:49:04
-9.117805,-24.129299,2023-01-01T00:49:05
-9.117805,-24.129299,2023-01-01T00:49:06
-9.117805,-24.129299,2023-01-01T00:49:07
-9.117805,-24.129299,2023-01-01T00:49:08
-9.117805,-24.129299,2023-01-01T00:49:09
-9.117805,-24.129299,2023-01-01T00:49:10
-9.006612,-24.129299,2023-01-01T00:49:11
-9.006612,-24.129299,2023-01-01T00:49:12
-9.006612,-24.129299,2023-01-01T00:49:13
-9.006612,-24.129299,2023-01-01T00:49:14
-9.006612,-24.129299,2023-01-01T00:49:15
-9.006612,-24.129299,2023-01-01T00:49:16
-8.895420,-24.129299,2023-01-01T00:49:17
-8.895420,-24.129299,2023-01-01T00:49:18
-8.895420,-24.129299,2023-01-01T00:49:19
-8.895420,-24.129299,2023-01-01T00:49:20
-8.895420,-24.129299,2023-01-01T00:49:21
-8.895420,-24.129299,2023-01-01T00:49:22
-8.895420,-24.129299,2023-01-01T00:49:23
-8.895420,-24.129299,2023-01-01T00:49:24
-8.784227,-24.129299,2023-01-01T00:49:25
-8.784227,-24.129299,2023-01-01T00:49:26
-8.784227,-24.129299,2023-01-01T00:49:27
-8.784227,-24.129299,2023-01-01T00:49:28
-8.784227,-24.018104,2023-01-01T00:49:29
-8.784227,-24.018104,2023-01-01T00:49:30
-8.784227,-24.018104,2023-01-01T00:49:31
-8.673034,-24.018104,2023-01-01T00:49:32
-8.673034,-24.018104,2023-01-01T00:49:33
-8.673034,-24.018104,2023-01-01T00:49:34
-8.673034,-24.018104,2023-01-01T00:49:35
-8.673034,-24.018104,2023-01-01T00:49:36
-8.673034,-24.018104,2023-01-01T00:49:37
-8.673034,-24.018104,2023-01-01T00:49:38
-8.561841,-24.018104,2023-01-01T00:49:39
-8.561841,-24.018104,2023-01-01T00:49:40
-8.561841,-24.018104,2023-01-01T00:49:41
-8.561841,-24.018104,2023-01-01T00:49:42
-8.561841,-24.018104,2023-01-01T00:49:43
-8.561841,-24.018104,2023-01-01T00:49:44
-8.561841,-24.018104,2023-01-01T00:49:45
-8.450649,-24.018104,2023-01-01T00:49:46
-8.450649,-24.018104,2023-01-01T00:49:47
-8.450649,-24.018104,2023-01-01T00:49:48
-8.450649,-24.018104,2023-01-01T00:49:49
-8.450649,-24.018104,2023-01-01T00:49:50
-8.450649,-24.018104,2023-01-01T00:49:51
-8.450649,-24.018104,2023-01-01T00:49:52
-8.450649,-24.018104,2023-01-01T00:49:53
-8.450649,-24.018104,2023-01-01T00:49:54
-8.450649,-24.018104,2023-01-01T00:49:55
-8.339456,-23.906909,2023-01-01T00:49:56
-8.339456,-23.906909,2023-01-01T00:49:57
-8.339456,-23.906909,2023-01-01T00:49:58
-8.339456,-23.906909,2023-01-01T00:49:59
-8.339456,-23.906909,2023-01-01T00:50:00
-8.339456,-23.906909,2023-01-01T00:50:01
-8.339456,-23.906909,2023-01-01T00:50:02
-8.339456,-23.906909,2023-01-01T00:50:03
-8.339456,-23.906909,2023-01-01T00:50:04
-8.228263,-23.906909,2023-01-01T00:50:05
-8.228263,-23.906909,2023-01-01T00:50:06
-8.228263,-23.906909,2023-01-01T00:50:07
-8.228263,-23.906909,2023-01-01T00:50:08
-8.228263,-23.906909,2023-01-01T00:50:09
-8.228263,-23.906909,2023-01-01T00:50:10
-8.117071,-23.795714,2023-01-01T00:50:11
-8.117071,-23.795714,2023-01-01T00:50:12
-8.117071,-23.795714,2023-01-01T00:50:13
-8.117071,-23.795714,2023-01-01T00:50:14
-8.117071,-23.795714,2023-01-01T00:50:15
-8.005878,-23.795714,2023-01-01T00:50:16
-8.005878,-23.795714,2023-01-01T00:50:17
-8.005878,-23.795714,2023-01-01T00:50:18
-7.894685,-23.795714,2023-01-01T00:50:19
-7.894685,-23.795714,2023-01-01T00:50:20
-7.894685,-23.795714,2023-01-01T00:50:21
-7.783492,-23.795714,2023-01-01T00:50:22
-7.783492,-23.795714,2023-01-01T00:50:23
-7.672300,-23.795714,2023-01-01T00:50:24
-7.672300,-23.795714,2023-01-01T00:50:25
-7.672300,-23.795714,2023-01-01T00:50:26
-7.561107,-23.795714,2023-01-01T00:50:27
-7.561107,-23.795714,2023-01-01T00:50:28
-7.561107,-23.795714,2023-01-01T00:50:29
-7.561107,-23.795714,2023-01-01T00:50:30
-7.449914,-23.795714,2023-01-01T00:50:31
-7.449914,-23.795714,2023-01-01T00:50:32
-7.449914,-23.795714,2023-01-01T00:50:33
-7.338721,-23.795714,2023-01-01T00:50:34
-7.338721,-23.795714,2023-01-01T00:50:35
-7.338721,-23.795714,2023-01-01T00:50:36
-7.227529,-23.795714,2023-01-01T00:50:37
-7.227529,-23.795714,2023-01-01T00:50:38
-7.227529,-23.795714,2023-01-01T00:50:39
-7.227529,-23.684519,2023-01-01T00:50:40
-7.116336,-23.684519,2023-01-01T00:50:41
-7.116336,-23.684519,2023-01-01T00:50:42
-7.116336,-23.684519,2023-01-01T00:50:43
-7.116336,-23.684519,2023-01-01T00:50:44
-7.005143,-23.684519,2023-01-01T00:50:45
-7.005143,-23.684519,2023-01-01T00:50:46
-7.005143,-23.684519,2023-01-01T00:50:47
-7.005143,-23.684519,2023-01-01T00:50:48
-6.893950,-23.684519,2023-01-01T00:50:49
-6.893950,-23.684519,2023-01-01T00:50:50
-6.893950,-23.684519,2023-01-01T00:50:51
-6.893950,-23.684519,2023-01-01T00:50:52
-6.782758,-23.684519,2023-01-01T00:50:53
-6.782758,-23.684519,2023-01-01T00:50:54
-6.671565,-23.684519,2023-01-01T00:50:55
-6.671565,-23.684519,2023-01-01T00:50:56
-6.671565,-23.684519,2023-01-01T00:50:57
-6.560372,-23.684519,2023-01-01T00:50:58
-6.560372,-23.684519,2023-01-01T00:50:59
-6.560372,-23.573324,2023-01-01T00:51:00
-6.449179,-23.573324,2023-01-01T00:51:01
-6.449179,-23.573324,2023-01-01T00:51:02
-6.449179,-23.573324,2023-01-01T00:51:03
-6.337987,-23.573324,2023-01-01T00:51:04
-6.337987,-23.573324,2023-01-01T00:51:05
-6.337987,-23.573324,2023-01-01T00:51:06
-6.226794,-23.573324,2023-01-01T00:51:07
-6.226794,-23.573324,2023-01-01T00:51:08
-6.226794,-23.573324,2023-01-01T00:51:09
-6.115601,-23.573324,2023-01-01T00:51:10
-6.115601,-23.573324,2023-01-01T00:51:11
-6.115601,-23.573324,2023-01-01T00:51:12
-6.004408,-23.573324,2023-01-01T00:51:13
-6.004408,-23.573324,2023-01-01T00:51:14
-6.004408,-23.573324,2023-01-01T00:51:15
-6.004408,-23.573324,2023-01-01T00:51:16
-6.004408,-23.573324,2023-01-01T00:51:17
-6.004408,-23.573324,2023-01-01T00:51:18
-6.004408,-23.573324,2023-01-01T00:51:19
-6.004408,-23.573324,2023-01-01T00:51:20
-6.004408,-23.573324,2023-01-01T00:51:21
-6.004408,-23.573324,2023-01-01T00:51:22
-6.004408,-23.573324,2023-01-01T00:51:23
-6.004408,-23.573324,2023-01-01T00:51:24
-6.004408,-23.573324,2023-01-01T00:51:25
-6.004408,-23.573324,2023-01-01T00:51:26
-6.004408,-23.573324,2023-01-01T00:51:27
-6.004408,-23.462130,2023-01-01T00:51:28
-6.004408,-23.462130,2023-01-01T00:51:29
-6.004408,-23.462130,2023-01-01T00:51:30
-6.004408,-23.462130,2023-01-01T00:51:31
-6.004408,-23.462130,2023-01-01T00:51:32
-6.004408,-23.462130,2023-01-01T00:51:33
-6.004408,-23.462130,2023-01-01T00:51:34
-6.004408,-23.462130,2023-01-01T00:51:35
-6.004408,-23.462130,2023-01-01T00:51:36
-6.004408,-23.462130,2023-01-01T00:51:37
-5.893216,-23.462130,2023-01-01T00:51:38
-5.893216,-23.462130,2023-01-01T00:51:39
-5.893216,-23.462130,2023-01-01T00:51:40
-5.893216,-23.462130,2023-01-01T00:51:41
-5.893216,-23.462130,2023-01-01T00:51:42
-5.893216,-23.462130,2023-01-01T00:51:43
-5.893216,-23.462130,2023-01-01T00:51:44
-5.893216,-23.462130,2023-01-01T00:51:45
-5.893216,-23.462130,2023-01-01T00:51:46
-5.893216,-23.462130,2023-01-01T00:51:47
-5.893216,-23.462130,2023-01-01T00:51:48
-5.893216,-23.462130,2023-01-01T00:51:49
-5.893216,-23.462130,2023-01-01T00:51:50
-5.893216,-23.462130,2023-01-01T00:51:51
-5.893216,-23.462130,2023-01-01T00:51:52
-5.893216,-23.462130,2023-01-01T00:51:53
-5.893216,-23.462130,2023-01-01T00:51:54
-5.893216,-23.462130,2023-01-01T00:51:55
-5.893216,-23.462130,2023-01-01T00:51:56
-5.893216,-23.462130,2023-01-01T00:51:57
-5.893216,-23.462130,2023-01-01T00:51:58
-5.893216,-23.462130,2023-01-01T00:51:59
-5.893216,-23.462130,2023-01-01T00:52:00
-5.893216,-23.462130,2023-01-01T00:52:01
-5.893216,-23.462130,2023-01-01T00:52:02
-5.893216,-23.462130,2023-01-01T00:52:03
-5.893216,-23.462130,2023-01-01T00:52:04
-5.893216,-23.462130,2023-01-01T00:52:05
-5.893216,-23.462130,2023-01-01T00:52:06
-6.004408,-23.462130,2023-01-01T00:52:07
-6.004408,-23.462130,2023-01-01T00:52:08
-6.004408,-23.462130,2023-01-01T00:52:09
-6.004408,-23.462130,2023-01-01T00:52:10
-6.004408,-23.462130,2023-01-01T00:52:11
-6.004408,-23.462130,2023-01-01T00:52:12
-6.004408,-23.462130,2023-01-01T00:52:13
-6.004408,-23.462130,2023-01-01T00:52:14
-6.004408,-23.462130,2023-01-01T00:52:15
-6.004408,-23.462130,2023-01-01T00:52:16
-6.004408,-23.462130,2023-01-01T00:52:17
-6.004408,-23.462130,2023-01-01T00:52:18
-6.004408,-23.462130,2023-01-01T00:52:19
-5.893216,-23.462130,2023-01-01T00:52:20
-5.893216,-23.462130,2023-01-01T00:52:21
-5.893216,-23.462130,2023-01-01T00:52:22
-5.893216,-23.462130,2023-01-01T00:52:23
-5.893216,-23.350935,2023-01-01T00:52:24
-5.893216,-23.350935,2023-01-01T00:52:25
-5.893216,-23.350935,2023-01-01T00:52:26
-5.893216,-23.350935,2023-01-01T00:52:27
-5.893216,-23.350935,2023-01-01T00:52:28
-5.893216,-23.350935,2023-01-01T00:52:29
-5.893216,-23.350935,2023-01-01T00:52:30
-5.893216,-23.350935,2023-01-01T00:52:31
-5.893216,-23.350935,2023-01-01T00:52:32
-5.893216,-23.350935,2023-01-01T00:52:33
-5.893216,-23.350935,2023-01-01T00:52:34
-5.893216,-23.350935,2023-01-01T00:52:35
-5.893216,-23.350935,2023-01-01T00:52:36
-5.893216,-23.350935,2023-01-01T00:52:37
-5.893216,-23.350935,2023-01-01T00:52:38
-5.893216,-23.350935,2023-01-01T00:52:39
-5.893216,-23.350935,2023-01-01T00:52:40
-5.893216,-23.350935,2023-01-01T00:52:41
-5.893216,-23.350935,2023-01-01T00:52:42
-5.893216,-23.350935,2023-01-01T00:52:43
-5.893216,-23.239740,2023-01-01T00:52:44
-5.893216,-23.239740,2023-01-01T00:52:45
-5.782023,-23.239740,2023-01-01T00:52:46
-5.782023,-23.239740,2023-01-01T00:52:47
-5.782023,-23.239740,2023-01-01T00:52:48
-5.782023,-23.239740,2023-01-01T00:52:49
-5.782023,-23.239740,2023-01-01T00:52:50
-5.782023,-23.239740,2023-01-01T00:52:51
-5.670830,-23.239740,2023-01-01T00:52:52
-5.670830,-23.239740,2023-01-01T00:52:53
-5.670830,-23.239740,2023-01-01T00:52:54
-5.670830,-23.239740,2023-01-01T00:52:55
-5.670830,-23.239740,2023-01-01T00:52:56
-5.670830,-23.239740,2023-01-01T00:52:57
-5.670830,-23.239740,2023-01-01T00:52:58
-5.559637,-23.239740,2023-01-01T00:52:59
-5.559637,-23.239740,2023-01-01T00:53:00
-5.559637,-23.128545,2023-01-01T00:53:01
-5.559637,-23.128545,2023-01-01T00:53:02
-5.559637,-23.128545,2023-01-01T00:53:03
-5.559637,-23.128545,2023-01-01T00:53:04
-5.559637,-23.128545,2023-01-01T00:53:05
-5.559637,-23.128545,2023-01-01T00:53:06
-5.559637,-23.128545,2023-01-01T00:53:07
-5.448445,-23.128545,2023-01-01T00:53:08
-5.448445,-23.017350,2023-01-01T00:53:09
-5.448445,-23.017350,2023-01-01T00:53:10
-5.448445,-23.017350,2023-01-01T00:53:11
-5.448445,-23.017350,2023-01-01T00:53:12
-5.448445,-23.017350,2023-01-01T00:53:13
-5.448445,-23.017350,2023-01-01T00:53:14
-5.448445,-23.017350,2023-01-01T00:53:15
-5.448445,-23.017350,2023-01-01T00:53:16
-5.448445,-22.906155,2023-01-01T00:53:17
-5.337252,-22.906155,2023-01-01T00:53:18
-5.337252,-22.906155,2023-01-01T00:53:19
-5.337252,-22.906155,2023-01-01T00:53:20
-5.337252,-22.906155,2023-01-01T00:53:21
-5.337252,-22.906155,2023-01-01T00:53:22
-5.337252,-22.794960,2023-01-01T00:53:23
-5.337252,-22.794960,2023-01-01T00:53:24
-5.337252,-22.794960,2023-01-01T00:53:25
-5.226059,-22.794960,2023-01-01T00:53:26
-5.226059,-22.794960,2023-01-01T00:53:27
-5.226059,-22.794960,2023-01-01T00:53:28
-5.226059,-22.683765,2023-01-01T00:53:29
-5.226059,-22.683765,2023-01-01T00:53:30
-5.226059,-22.683765,2023-01-01T00:53:31
-5.226059,-22.683765,2023-01-01T00:53:32
-5.226059,-22.683765,2023-01-01T00:53:33
-5.226059,-22.683765,2023-01-01T00:53:34
-5.226059,-22.572570,2023-01-01T00:53:35
-5.226059,-22.572570,2023-01-01T00:53:36
-5.226059,-22.572570,2023-01-01T00:53:37
-5.114866,-22.572570,2023-01-01T00:53:38
-5.114866,-22.461375,2023-01-01T00:53:39
-5.114866,-22.461375,2023-01-01T00:53:40
-5.114866,-22.461375,2023-01-01T00:53:41
-5.114866,-22.461375,2023-01-01T00:53:42
-5.114866,-22.461375,2023-01-01T00:53:43
-5.114866,-22.350180,2023-01-01T00:53:44
-5.003674,-22.350180,2023-01-01T00:53:45
-5.114866,-22.350180,2023-01-01T00:53:46
-5.114866,-22.350180,2023-01-01T00:53:47
-5.114866,-22.350180,2023-01-01T00:53:48
-5.114866,-22.238985,2023-01-01T00:53:49
-5.114866,-22.238985,2023-01-01T00:53:50
-5.114866,-22.238985,2023-01-01T00:53:51
-5.114866,-22.238985,2023-01-01T00:53:52
-5.114866,-22.238985,2023-01-01T00:53:53
-5.226059,-22.238985,2023-01-01T00:53:54
-5.226059,-22.127790,2023-01-01T00:53:55
-5.114866,-22.127790,2023-01-01T00:53:56
-5.114866,-22.127790,2023-01-01T00:53:57
-5.114866,-22.127790,2023-01-01T00:53:58
-5.114866,-22.127790,2023-01-01T00:53:59
-5.114866,-22.127790,2023-01-01T00:54:00
-5.114866,-22.127790,2023-01-01T00:54:01
-5.114866,-22.016595,2023-01-01T00:54:02
-5.114866,-22.016595,2023-01-01T00:54:03
-5.003674,-22.016595,2023-01-01T00:54:04
-5.003674,-22.016595,2023-01-01T00:54:05
-5.003674,-22.016595,2023-01-01T00:54:06
-5.003674,-22.016595,2023-01-01T00:54:07
-5.003674,-22.016595,2023-01-01T00:54:08
-5.003674,-22.016595,2023-01-01T00:54:09
-5.003674,-21.905401,2023-01-01T00:54:10
-5.003674,-21.905401,2023-01-01T00:54:11
-5.003674,-21.905401,2023-01-01T00:54:12
-4.892481,-21.905401,2023-01-01T00:54:13
-4.892481,-21.905401,2023-01-01T00:54:14
-4.892481,-21.905401,2023-01-01T00:54:15
-4.892481,-21.905401,2023-01-01T00:54:16
-4.892481,-21.794206,2023-01-01T00:54:17
-5.003674,-21.794206,2023-01-01T00:54:18
-5.003674,-21.794206,2023-01-01T00:54:19
-5.003674,-21.794206,2023-01-01T00:54:20
-5.003674,-21.794206,2023-01-01T00:54:21
-5.003674,-21.794206,2023-01-01T00:54:22
-5.003674,-21.794206,2023-01-01T00:54:23
-5.003674,-21.794206,2023-01-01T00:54:24
-5.114866,-21.794206,2023-01-01T00:54:25
-5.114866,-21.683011,2023-01-01T00:54:26
-5.114866,-21.683011,2023-01-01T00:54:27
-5.114866,-21.683011,2023-01-01T00:54:28
-5.114866,-21.683011,2023-01-01T00:54:29
-5.114866,-21.683011,2023-01-01T00:54:30
-5.114866,-21.683011,2023-01-01T00:54:31
-5.226059,-21.683011,2023-01-01T00:54:32
-5.226059,-21.683011,2023-01-01T00:54:33
-5.226059,-21.683011,2023-01-01T00:54:34
-5.226059,-21.683011,2023-01-01T00:54:35
-5.226059,-21.571816,2023-01-01T00:54:36
-5.226059,-21.571816,2023-01-01T00:54:37
-5.226059,-21.571816,2023-01-01T00:54:38
-5.337252,-21.571816,2023-01-01T00:54:39
-5.337252,-21.571816,2023-01-01T00:54:40
-5.337252,-21.571816,2023-01-01T00:54:41
-5.337252,-21.571816,2023-01-01T00:54:42
-5.337252,-21.571816,2023-01-01T00:54:43
-5.337252,-21.571816,2023-01-01T00:54:44
-5.337252,-21.571816,2023-01-01T00:54:45
-5.337252,-21.571816,2023-01-01T00:54:46
-5.448445,-21.571816,2023-01-01T00:54:47
-5.448445,-21.571816,2023-01-01T00:54:48
-5.448445,-21.571816,2023-01-01T00:54:49
-5.448445,-21.460621,2023-01-01T00:54:50
-5.448445,-21.460621,2023-01-01T00:54:51
-5.448445,-21.460621,2023-01-01T00:54:52
-5.448445,-21.460621,2023-01-01T00:54:53
-5.448445,-21.460621,2023-01-01T00:54:54
-5.448445,-21.460621,2023-01-01T00:54:55
-5.448445,-21.460621,2023-01-01T00:54:56
-5.559637,-21.460621,2023-01-01T00:54:57
-5.559637,-21.460621,2023-01-01T00:54:58
-5.559637,-21.460621,2023-01-01T00:54:59
-5.559637,-21.460621,2023-01-01T00:55:00
-5.559637,-21.460621,2023-01-01T00:55:01
-5.559637,-21.460621,2023-01-01T00:55:02
-5.559637,-21.460621,2023-01-01T00:55:03
-5.559637,-21.460621,2023-01-01T00:55:04
-5.559637,-21.460621,2023-01-01T00:55:05
-5.559637,-21.460621,2023-01-01T00:55:06
-5.559637,-21.460621,2023-01-01T00:55:07
-5.559637,-21.349426,2023-01-01T00:55:08
-5.559637,-21.349426,2023-01-01T00:55:09
-5.559637,-21.349426,2023-01-01T00:55:10
-5.670830,-21.349426,2023-01-01T00:55:11
-5.670830,-21.349426,2023-01-01T00:55:12
-5.670830,-21.349426,2023-01-01T00:55:13
-5.670830,-21.349426,2023-01-01T00:55:14
-5.670830,-21.349426,2023-01-01T00:55:15
-5.670830,-21.349426,2023-01-01T00:55:16
-5.670830,-21.349426,2023-01-01T00:55:17
-5.670830,-21.349426,2023-01-01T00:55:18
-5.670830,-21.349426,2023-01-01T00:55:19
-5.670830,-21.349426,2023-01-01T00:55:20
-5.670830,-21.349426,2023-01-01T00:55:21
-5.670830,-21.349426,2023-01-01T00:55:22
-5.670830,-21.349426,2023-01-01T00:55:23
-5.670830,-21.349426,2023-01-01T00:55:24
-5.782023,-21.349426,2023-01-01T00:55:25
-5.782023,-21.349426,2023-01-01T00:55:26
-5.782023,-21.349426,2023-01-01T00:55:27
-5.782023,-21.349426,2023-01-01T00:55:28
-5.782023,-21.349426,2023-01-01T00:55:29
-5.782023,-21.238231,2023-01-01T00:55:30
-5.782023,-21.238231,2023-01-01T00:55:31
-5.782023,-21.238231,2023-01-01T00:55:32
-5.782023,-21.238231,2023-01-01T00:55:33
-5.782023,-21.238231,2023-01-01T00:55:34
-5.782023,-21.238231,2023-01-01T00:55:35
-5.782023,-21.238231,2023-01-01T00:55:36
-5.782023,-21.238231,2023-01-01T00:55:37
-5.782023,-21.238231,2023-01-01T00:55:38
-5.782023,-21.238231,2023-01-01T00:55:39
-5.893216,-21.238231,2023-01-01T00:55:40
-5.893216,-21.238231,2023-01-01T00:55:41
-5.893216,-21.238231,2023-01-01T00:55:42
-5.893216,-21.238231,2023-01-01T00:55:43
-5.893216,-21.238231,2023-01-01T00:55:44
-5.893216,-21.238231,2023-01-01T00:55:45
-5.893216,-21.238231,2023-01-01T00:55:46
-5.893216,-21.238231,2023-01-01T00:55:47
-5.893216,-21.238231,2023-01-01T00:55:48
-5.893216,-21.238231,2023-01-01T00:55:49
-5.893216,-21.238231,2023-01-01T00:55:50
-5.893216,-21.238231,2023-01-01T00:55:51
-5.893216,-21.238231,2023-01-01T00:55:52
-5.893216,-21.238231,2023-01-01T00:55:53
-5.893216,-21.238231,2023-01-01T00:55:54
-5.893216,-21.238231,2023-01-01T00:55:55
-5.893216,-21.238231,2023-01-01T00:55:56
-5.893216,-21.238231,2023-01-01T00:55:57
-5.893216,-21.238231,2023-01-01T00:55:58
-5.893216,-21.238231,2023-01-01T00:55:59
-5.893216,-21.238231,2023-01-01T00:56:00
-5.893216,-21.238231,2023-01-01T00:56:01
-5.893216,-21.238231,2023-01-01T00:56:02
-5.893216,-21.238231,2023-01-01T00:56:03
-5.893216,-21.238231,2023-01-01T00:56:04
-5.893216,-21.238231,2023-01-01T00:56:05
-5.893216,-21.238231,2023-01-01T00:56:06
-5.893216,-21.238231,2023-01-01T00:56:07
-5.893216,-21.238231,2023-01-01T00:56:08
-5.893216,-21.238231,2023-01-01T00:56:09
-5.893216,-21.238231,2023-01-01T00:56:10
-5.893216,-21.238231,2023-01-01T00:56:11
-5.893216,-21.238231,2023-01-01T00:56:12
-5.893216,-21.238231,2023-01-01T00:56:13
-5.893216,-21.238231,2023-01-01T00:56:14
-5.893216,-21.127036,2023-01-01T00:56:15
-5.893216,-21.127036,2023-01-01T00:56:16
-5.893216,-21.127036,2023-01-01T00:56:17
-5.893216,-21.127036,2023-01-01T00:56:18
-5.893216,-21.127036,2023-01-01T00:56:19
-5.893216,-21.127036,2023-01-01T00:56:20
-5.893216,-21.127036,2023-01-01T00:56:21
-5.893216,-21.127036,2023-01-01T00:56:22
-5.893216,-21.127036,2023-01-01T00:56:23
-5.893216,-21.127036,2023-01-01T00:56:24
-5.893216,-21.127036,2023-01-01T00:56:25
-6.004408,-21.127036,2023-01-01T00:56:26
-6.004408,-21.127036,2023-01-01T00:56:27
-6.004408,-21.127036,2023-01-01T00:56:28
-6.004408,-21.127036,2023-01-01T00:56:29
-6.004408,-21.127036,2023-01-01T00:56:30
-6.004408,-21.127036,2023-01-01T00:56:31
-6.004408,-21.127036,2023-01-01T00:56:32
-6.004408,-21.127036,2023-01-01T00:56:33
-6.004408,-21.127036,2023-01-01T00:56:34
-6.004408,-21.127036,2023-01-01T00:56:35
-6.004408,-21.127036,2023-01-01T00:56:36
-6.004408,-21.127036,2023-01-01T00:56:37
-6.004408,-21.238231,2023-01-01T00:56:38
-6.004408,-21.238231,2023-01-01T00:56:39
-6.004408,-21.238231,2023-01-01T00:56:40
-6.004408,-21.238231,2023-01-01T00:56:41
-6.004408,-21.238231,2023-01-01T00:56:42
-6.004408,-21.238231,2023-01-01T00:56:43
-6.004408,-21.238231,2023-01-01T00:56:44
-6.004408,-21.238231,2023-01-01T00:56:45
-6.004408,-21.238231,2023-01-01T00:56:46
-6.004408,-21.238231,2023-01-01T00:56:47
-6.004408,-21.238231,2023-01-01T00:56:48
-6.004408,-21.238231,2023-01-01T00:56:49
-6.004408,-21.238231,2023-01-01T00:56:50
-6.004408,-21.238231,2023-01-01T00:56:51
-6.004408,-21.238231,2023-01-01T00:56:52
-6.004408,-21.238231,2023-01-01T00:56:53
-6.004408,-21.238231,2023-01-01T00:56:54
-6.004408,-21.238231,2023-01-01T00:56:55
-6.004408,-21.238231,2023-01-01T00:56:56
-6.004408,-21.238231,2023-01-01T00:56:57
-6.004408,-21.238231,2023-01-01T00:56:58
-6.004408,-21.238231,2023-01-01T00:56:59
-6.004408,-21.238231,2023-01-01T00:57:00
-6.004408,-21.238231,2023-01-01T00:57:01
-6.004408,-21.238231,2023-01-01T00:57:02
-6.004408,-21.238231,2023-01-01T00:57:03
-6.004408,-21.238231,2023-01-01T00:57:04
-6.004408,-21.238231,2023-01-01T00:57:05
-6.004408,-21.238231,2023-01-01T00:57:06
-6.004408,-21.238231,2023-01-01T00:57:07
-6.004408,-21.238231,2023-01-01T00:57:08
-6.004408,-21.238231,2023-01-01T00:57:09
-6.004408,-21.238231,2023-01-01T00:57:10
-6.004408,-21.238231,2023-01-01T00:57:11
-6.004408,-21.238231,2023-01-01T00:57:12
-6.004408,-21.238231,2023-01-01T00:57:13
-6.004408,-21.238231,2023-01-01T00:57:14
-6.004408,-21.238231,2023-01-01T00:57:15
-6.004408,-21.238231,2023-01-01T00:57:16
-6.004408,-21.238231,2023-01-01T00:57:17
-6.004408,-21.238231,2023-01-01T00:57:18
-6.004408,-21.238231,2023-01-01T00:57:19
-6.004408,-21.238231,2023-01-01T00:57:20
-6.004408,-21.238231,2023-01-01T00:57:21
-6.004408,-21.238231,2023-01-01T00:57:22
-6.004408,-21.238231,2023-01-01T00:57:23
-6.115601,-21.238231,2023-01-01T00:57:24
-6.115601,-21.238231,2023-01-01T00:57:25
-6.115601,-21.238231,2023-01-01T00:57:26
-6.115601,-21.238231,2023-01-01T00:57:27
-6.115601,-21.238231,2023-01-01T00:57:28
-6.115601,-21.238231,2023-01-01T00:57:29
-6.115601,-21.238231,2023-01-01T00:57:30
-6.115601,-21.238231,2023-01-01T00:57:31
-6.115601,-21.238231,2023-01-01T00:57:32
-6.115601,-21.238231,2023-01-01T00:57:33
-6.115601,-21.238231,2023-01-01T00:57:34
-6.115601,-21.238231,2023-01-01T00:57:35
-6.115601,-21.238231,2023-01-01T00:57:36
-6.115601,-21.238231,2023-01-01T00:57:37
-6.115601,-21.238231,2023-01-01T00:57:38
-6.115601,-21.238231,2023-01-01T00:57:39
-6.115601,-21.238231,2023-01-01T00:57:40
-6.115601,-21.238231,2023-01-01T00:57:41
-6.115601,-21.238231,2023-01-01T00:57:42
-6.115601,-21.238231,2023-01-01T00:57:43
-6.115601,-21.238231,2023-01-01T00:57:44
-6.115601,-21.238231,2023-01-01T00:57:45
-6.115601,-21.238231,2023-01-01T00:57:46
-6.115601,-21.238231,2023-01-01T00:57:47
-6.115601,-21.238231,2023-01-01T00:57:48
-6.115601,-21.238231,2023-01-01T00:57:49
-6.115601,-21.238231,2023-01-01T00:57:50
-6.115601,-21.238231,2023-01-01T00:57:51
-6.115601,-21.238231,2023-01-01T00:57:52
-6.115601,-21.238231,2023-01-01T00:57:53
-6.115601,-21.238231,2023-01-01T00:57:54
-6.115601,-21.238231,2023-01-01T00:57:55
-6.115601,-21.238231,2023-01-01T00:57:56
-6.115601,-21.238231,2023-01-01T00:57:57
-6.115601,-21.238231,2023-01-01T00:57:58
-6.115601,-21.238231,2023-01-01T00:57:59
-6.115601,-21.238231,2023-01-01T00:58:00
-6.115601,-21.238231,2023-01-01T00:58:01
-6.115601,-21.238231,2023-01-01T00:58:02
-6.115601,-21.238231,2023-01-01T00:58:03
-6.226794,-21.238231,2023-01-01T00:58:04
-6.226794,-21.238231,2023-01-01T00:58:05
-6.226794,-21.238231,2023-01-01T00:58:06
-6.226794,-21.238231,2023-01-01T00:58:07
-6.226794,-21.238231,2023-01-01T00:58:08
-6.226794,-21.238231,2023-01-01T00:58:09
-6.226794,-21.238231,2023-01-01T00:58:10
-6.226794,-21.238231,2023-01-01T00:58:11
-6.226794,-21.238231,2023-01-01T00:58:12
-6.226794,-21.238231,2023-01-01T00:58:13
-6.226794,-21.238231,2023-01-01T00:58:14
-6.226794,-21.238231,2023-01-01T00:58:15
-6.226794,-21.238231,2023-01-01T00:58:16
-6.226794,-21.238231,2023-01-01T00:58:17
-6.226794,-21.238231,2023-01-01T00:58:18
-6.226794,-21.238231,2023-01-01T00:58:19
-6.226794,-21.238231,2023-01-01T00:58:20
-6.226794,-21.238231,2023-01-01T00:58:21
-6.226794,-21.238231,2023-01-01T00:58:22
-6.226794,-21.238231,2023-01-01T00:58:23
-6.226794,-21.238231,2023-01-01T00:58:24
-6.226794,-21.238231,2023-01-01T00:58:25
-6.226794,-21.238231,2023-01-01T00:58:26
-6.226794,-21.238231,2023-01-01T00:58:27
-6.226794,-21.238231,2023-01-01T00:58:28
-6.226794,-21.238231,2023-01-01T00:58:29
-6.226794,-21.238231,2023-01-01T00:58:30
-6.226794,-21.238231,2023-01-01T00:58:31
-6.226794,-21.238231,2023-01-01T00:58:32
-6.226794,-21.238231,2023-01-01T00:58:33
-6.226794,-21.238231,2023-01-01T00:58:34
-6.226794,-21.238231,2023-01-01T00:58:35
-6.226794,-21.238231,2023-01-01T00:58:36
-6.226794,-21.238231,2023-01-01T00:58:37
-6.226794,-21.238231,2023-01-01T00:58:38
-6.226794,-21.238231,2023-01-01T00:58:39
-6.226794,-21.238231,2023-01-01T00:58:40
-6.226794,-21.238231,2023-01-01T00:58:41
-6.226794,-21.238231,2023-01-01T00:58:42
-6.226794,-21.238231,2023-01-01T00:58:43
-6.226794,-21.238231,2023-01-01T00:58:44
-6.226794,-21.238231,2023-01-01T00:58:45
-6.226794,-21.238231,2023-01-01T00:58:46
-6.226794,-21.238231,2023-01-01T00:58:47
-6.226794,-21.238231,2023-01-01T00:58:48
-6.226794,-21.238231,2023-01-01T00:58:49
-6.226794,-21.238231,2023-01-01T00:58:50
-6.226794,-21.238231,2023-01-01T00:58:51
-6.226794,-21.238231,2023-01-01T00:58:52
-6.226794,-21.238231,2023-01-01T00:58:53
-6.226794,-21.238231,2023-01-01T00:58:54
-6.226794,-21.238231,2023-01-01T00:58:55
-6.226794,-21.238231,2023-01-01T00:58:56
-6.226794,-21.238231,2023-01-01T00:58:57
-6.226794,-21.238231,2023-01-01T00:58:58
-6.226794,-21.238231,2023-01-01T00:58:59
-6.226794,-21.238231,2023-01-01T00:59:00
-6.226794,-21.238231,2023-01-01T00:59:01
-6.226794,-21.238231,2023-01-01T00:59:02
-6.226794,-21.238231,2023-01-01T00:59:03
-6.226794,-21.238231,2023-01-01T00:59:04
-6.226794,-21.238231,2023-01-01T00:59:05
-6.226794,-21.238231,2023-01-01T00:59:06
-6.226794,-21.238231,2023-01-01T00:59:07
-6.226794,-21.238231,2023-01-01T00:59:08
-6.226794,-21.127036,2023-01-01T00:59:09
-6.226794,-21.127036,2023-01-01T00:59:10
-6.226794,-21.127036,2023-01-01T00:59:11
-6.226794,-21.127036,2023-01-01T00:59:12
-6.226794,-21.127036,2023-01-01T00:59:13
-6.226794,-21.127036,2023-01-01T00:59:14
-6.226794,-21.127036,2023-01-01T00:59:15
-6.226794,-21.127036,2023-01-01T00:59:16
-6.226794,-21.127036,2023-01-01T00:59:17
-6.226794,-21.127036,2023-01-01T00:59:18
-6.115601,-21.127036,2023-01-01T00:59:19
-6.115601,-21.127036,2023-01-01T00:59:20
-6.115601,-21.127036,2023-01-01T00:59:21
-6.115601,-21.127036,2023-01-01T00:59:22
-6.004408,-21.127036,2023-01-01T00:59:23
-6.004408,-21.127036,2023-01-01T00:59:24
-6.004408,-21.127036,2023-01-01T00:59:25
-6.004408,-21.127036,2023-01-01T00:59:26
-6.004408,-21.127036,2023-01-01T00:59:27
-6.004408,-21.127036,2023-01-01T00:59:28
-5.893216,-21.127036,2023-01-01T00:59:29
-5.893216,-21.127036,2023-01-01T00:59:30
-5.893216,-21.127036,2023-01-01T00:59:31
-5.893216,-21.127036,2023-01-01T00:59:32
-5.893216,-21.127036,2023-01-01T00:59:33
-5.893216,-21.127036,2023-01-01T00:59:34
-5.782023,-21.127036,2023-01-01T00:59:35
-5.782023,-21.127036,2023-01-01T00:59:36
-5.782023,-21.127036,2023-01-01T00:59:37
-5.782023,-21.127036,2023-01-01T00:59:38
-5.782023,-21.127036,2023-01-01T00:59:39
-5.782023,-21.127036,2023-01-01T00:59:40
-5.670830,-21.127036,2023-01-01T00:59:41
-5.670830,-21.127036,2023-01-01T00:59:42
-5.670830,-21.127036,2023-01-01T00:59:43
-5.670830,-21.127036,2023-01-01T00:59:44
-5.670830,-21.127036,2023-01-01T00:59:45
-5.670830,-21.127036,2023-01-01T00:59:46
-5.670830,-21.127036,2023-01-01T00:59:47
-5.670830,-21.127036,2023-01-01T00:59:48
-5.670830,-21.127036,2023-01-01T00:59:49
-5.782023,-21.127036,2023-01-01T00:59:50
-5.782023,-21.127036,2023-01-01T00:59:51
-5.782023,-21.127036,2023-01-01T00:59:52
-5.782023,-21.127036,2023-01-01T00:59:53
-5.782023,-21.127036,2023-01-01T00:59:54
-5.782023,-21.127036,2023-01-01T00:59:55
-5.782023,-21.127036,2023-01-01T00:59:56
-5.893216,-21.127036,2023-01-01T00:59:57
-5.893216,-21.015841,2023-01-01T00:59:58
-5.893216,-21.015841,2023-01-01T00:59:59
-5.893216,-21.015841,2023-01-01T01:00:00
-5.893216,-21.015841,2023-01-01T01:00:01
-5.893216,-21.015841,2023-01-01T01:00:02
-5.893216,-21.015841,2023-01-01T01:00:03
-5.893216,-21.015841,2023-01-01T01:00:04
-6.004408,-21.015841,2023-01-01T01:00:05
-6.004408,-21.015841,2023-01-01T01:00:06
-6.004408,-21.015841,2023-01-01T01:00:07
-6.004408,-21.015841,2023-01-01T01:00:08
-6.004408,-21.015841,2023-01-01T01:00:09
-6.004408,-21.015841,2023-01-01T01:00:10
-6.004408,-21.015841,2023-01-01T01:00:11
-6.004408,-21.015841,2023-01-01T01:00:12
-6.004408,-21.015841,2023-01-01T01:00:13
-6.004408,-21.015841,2023-01-01T01:00:14
-6.115601,-21.015841,2023-01-01T01:00:15
-6.115601,-21.015841,2023-01-01T01:00:16
-6.115601,-21.015841,2023-01-01T01:00:17
-6.115601,-21.015841,2023-01-01T01:00:18
-6.115601,-20.904646,2023-01-01T01:00:19
-6.115601,-20.904646,2023-01-01T01:00:20
-6.115601,-20.904646,2023-01-01T01:00:21
-6.115601,-20.904646,2023-01-01T01:00:22
-6.115601,-20.904646,2023-01-01T01:00:23
-6.115601,-20.904646,2023-01-01T01:00:24
-6.115601,-20.904646,2023-01-01T01:00:25
-6.115601,-20.904646,2023-01-01T01:00:26
-6.115601,-20.904646,2023-01-01T01:00:27
-6.115601,-20.904646,2023-01-01T01:00:28
-6.115601,-20.904646,2023-01-01T01:00:29
-6.226794,-20.904646,2023-01-01T01:00:30
-6.226794,-20.904646,2023-01-01T01:00:31
-6.226794,-20.904646,2023-01-01T01:00:32
-6.226794,-20.904646,2023-01-01T01:00:33
-6.226794,-20.904646,2023-01-01T01:00:34
-6.226794,-20.904646,2023-01-01T01:00:35
-6.226794,-20.904646,2023-01-01T01:00:36
-6.226794,-20.904646,2023-01-01T01:00:37
-6.226794,-20.904646,2023-01-01T01:00:38
-6.226794,-20.904646,2023-01-01T01:00:39
-6.226794,-20.904646,2023-01-01T01:00:40
-6.226794,-20.904646,2023-01-01T01:00:41
-6.226794,-20.904646,2023-01-01T01:00:42
-6.226794,-20.904646,2023-01-01T01:00:43
-6.226794,-20.904646,2023-01-01T01:00:44
-6.226794,-20.904646,2023-01-01T01:00:45
-6.226794,-20.904646,2023-01-01T01:00:46
-6.226794,-20.904646,2023-01-01T01:00:47
-6.337987,-20.904646,2023-01-01T01:00:48
-6.337987,-20.904646,2023-01-01T01:00:49
-6.337987,-20.904646,2023-01-01T01:00:50
-6.337987,-20.904646,2023-01-01T01:00:51
-6.337987,-20.904646,2023-01-01T01:00:52
-6.337987,-20.904646,2023-01-01T01:00:53
-6.337987,-20.904646,2023-01-01T01:00:54
-6.337987,-20.904646,2023-01-01T01:00:55
-6.337987,-20.904646,2023-01-01T01:00:56
-6.337987,-20.904646,2023-01-01T01:00:57
-6.337987,-20.904646,2023-01-01T01:00:58
-6.337987,-20.904646,2023-01-01T01:00:59
-6.337987,-20.904646,2023-01-01T01:01:00
-6.337987,-20.904646,2023-01-01T01:01:01
-6.337987,-20.904646,2023-01-01T01:01:02
-6.337987,-20.904646,2023-01-01T01:01:03
-6.337987,-20.904646,2023-01-01T01:01:04
-6.337987,-20.904646,2023-01-01T01:01:05
-6.337987,-20.904646,2023-01-01T01:01:06
-6.337987,-20.904646,2023-01-01T01:01:07
-6.337987,-20.904646,2023-01-01T01:01:08
-6.337987,-20.904646,2023-01-01T01:01:09
-6.337987,-20.904646,2023-01-01T01:01:10
-6.337987,-20.793451,2023-01-01T01:01:11
-6.337987,-20.793451,2023-01-01T01:01:12
-6.337987,-20.793451,2023-01-01T01:01:13
-6.337987,-20.793451,2023-01-01T01:01:14
-6.337987,-20.793451,2023-01-01T01:01:15
-6.337987,-20.793451,2023-01-01T01:01:16
-6.337987,-20.793451,2023-01-01T01:01:17
-6.337987,-20.793451,2023-01-01T01:01:18
-6.337987,-20.793451,2023-01-01T01:01:19
-6.337987,-20.793451,2023-01-01T01:01:20
-6.337987,-20.793451,2023-01-01T01:01:21
-6.337987,-20.793451,2023-01-01T01:01:22
-6.337987,-20.793451,2023-01-01T01:01:23
-6.337987,-20.793451,2023-01-01T01:01:24
-6.337987,-20.793451,2023-01-01T01:01:25
-6.337987,-20.793451,2023-01-01T01:01:26
-6.337987,-20.793451,2023-01-01T01:01:27
-6.337987,-20.793451,2023-01-01T01:01:28
-6.337987,-20.793451,2023-01-01T01:01:29
-6.337987,-20.793451,2023-01-01T01:01:30
-6.337987,-20.793451,2023-01-01T01:01:31
-6.337987,-20.793451,2023-01-01T01:01:32
-6.337987,-20.793451,2023-01-01T01:01:33
-6.337987,-20.793451,2023-01-01T01:01:34
-6.337987,-20.793451,2023-01-01T01:01:35
-6.337987,-20.793451,2023-01-01T01:01:36
-6.337987,-20.793451,2023-01-01T01:01:37
-6.337987,-20.793451,2023-01-01T01:01:38
-6.337987,-20.793451,2023-01-01T01:01:39
-6.337987,-20.793451,2023-01-01T01:01:40
-6.337987,-20.793451,2023-01-01T01:01:41
-6.337987,-20.793451,2023-01-01T01:01:42
-6.337987,-20.793451,2023-01-01T01:01:43
-6.337987,-20.793451,2023-01-01T01:01:44
-6.337987,-20.793451,2023-01-01T01:01:45
-6.337987,-20.793451,2023-01-01T01:01:46
-6.337987,-20.793451,2023-01-01T01:01:47
-6.337987,-20.793451,2023-01-01T01:01:48
-6.337987,-20.793451,2023-01-01T01:01:49
-6.337987,-20.793451,2023-01-01T01:01:50
-6.337987,-20.793451,2023-01-01T01:01:51
-6.337987,-20.793451,2023-01-01T01:01:52
-6.337987,-20.793451,2023-01-01T01:01:53
-6.337987,-20.793451,2023-01-01T01:01:54
-6.337987,-20.793451,2023-01-01T01:01:55
-6.337987,-20.793451,2023-01-01T01:01:56
-6.337987,-20.793451,2023-01-01T01:01:57
-6.337987,-20.793451,2023-01-01T01:01:58
-6.337987,-20.793451,2023-01-01T01:01:59
-6.337987,-20.793451,2023-01-01T01:02:00
-6.337987,-20.793451,2023-01-01T01:02:01
-6.337987,-20.793451,2023-01-01T01:02:02
-6.337987,-20.793451,2023-01-01T01:02:03
-6.337987,-20.793451,2023-01-01T01:02:04
-6.337987,-20.793451,2023-01-01T01:02:05
-6.337987,-20.793451,2023-01-01T01:02:06
-6.337987,-20.793451,2023-01-01T01:02:07
-6.337987,-20.793451,2023-01-01T01:02:08
-6.337987,-20.793451,2023-01-01T01:02:09
-6.337987,-20.793451,2023-01-01T01:02:10
-6.337987,-20.793451,2023-01-01T01:02:11
-6.337987,-20.793451,2023-01-01T01:02:12
-6.337987,-20.793451,2023-01-01T01:02:13
-6.337987,-20.793451,2023-01-01T01:02:14
-6.337987,-20.793451,2023-01-01T01:02:15
-6.337987,-20.793451,2023-01-01T01:02:16
-6.337987,-20.793451,2023-01-01T01:02:17
-6.337987,-20.793451,2023-01-01T01:02:18
-6.337987,-20.793451,2023-01-01T01:02:19
-6.337987,-20.793451,2023-01-01T01:02:20
-6.337987,-20.793451,2023-01-01T01:02:21
-6.337987,-20.793451,2023-01-01T01:02:22
-6.337987,-20.793451,2023-01-01T01:02:23
-6.337987,-20.793451,2023-01-01T01:02:24
-6.337987,-20.793451,2023-01-01T01:02:25
-6.337987,-20.793451,2023-01-01T01:02:26
-6.337987,-20.793451,2023-01-01T01:02:27
-6.337987,-20.793451,2023-01-01T01:02:28
-6.337987,-20.793451,2023-01-01T01:02:29
-6.337987,-20.793451,2023-01-01T01:02:30
-6.226794,-20.793451,2023-01-01T01:02:31
-6.226794,-20.793451,2023-01-01T01:02:32
-6.226794,-20.793451,2023-01-01T01:02:33
-6.226794,-20.793451,2023-01-01T01:02:34
-6.226794,-20.793451,2023-01-01T01:02:35
-6.226794,-20.793451,2023-01-01T01:02:36
-6.226794,-20.793451,2023-01-01T01:02:37
-6.226794,-20.793451,2023-01-01T01:02:38
-6.226794,-20.793451,2023-01-01T01:02:39
-6.226794,-20.793451,2023-01-01T01:02:40
-6.226794,-20.793451,2023-01-01T01:02:41
-6.226794,-20.793451,2023-01-01T01:02:42
-6.226794,-20.793451,2023-01-01T01:02:43
-6.226794,-20.793451,2023-01-01T01:02:44
-6.226794,-20.793451,2023-01-01T01:02:45
-6.226794,-20.793451,2023-01-01T01:02:46
-6.226794,-20.793451,2023-01-01T01:02:47
-6.226794,-20.793451,2023-01-01T01:02:48
-6.226794,-20.793451,2023-01-01T01:02:49
-6.226794,-20.793451,2023-01-01T01:02:50
-6.226794,-20.793451,2023-01-01T01:02:51
-6.226794,-20.793451,2023-01-01T01:02:52
-6.226794,-20.793451,2023-01-01T01:02:53
-6.226794,-20.793451,2023-01-01T01:02:54
-6.226794,-20.793451,2023-01-01T01:02:55
-6.226794,-20.793451,2023-01-01T01:02:56
-6.226794,-20.793451,2023-01-01T01:02:57
-6.226794,-20.793451,2023-01-01T01:02:58
-6.226794,-20.793451,2023-01-01T01:02:59
-6.226794,-20.793451,2023-01-01T01:03:00
-6.226794,-20.793451,2023-01-01T01:03:01
-6.226794,-20.793451,2023-01-01T01:03:02
-6.226794,-20.793451,2023-01-01T01:03:03
-6.226794,-20.793451,2023-01-01T01:03:04
-6.226794,-20.793451,2023-01-01T01:03:05
-6.226794,-20.793451,2023-01-01T01:03:06
-6.226794,-20.793451,2023-01-01T01:03:07
-6.226794,-20.793451,2023-01-01T01:03:08
-6.226794,-20.793451,2023-01-01T01:03:09
-6.226794,-20.793451,2023-01-01T01:03:10
-6.226794,-20.793451,2023-01-01T01:03:11
-6.226794,-20.793451,2023-01-01T01:03:12
-6.226794,-20.793451,2023-01-01T01:03:13
-6.226794,-20.793451,2023-01-01T01:03:14
-6.226794,-20.793451,2023-01-01T01:03:15
-6.226794,-20.793451,2023-01-01T01:03:16
-6.226794,-20.793451,2023-01-01T01:03:17
-6.226794,-20.793451,2023-01-01T01:03:18
-6.226794,-20.793451,2023-01-01T01:03:19
-6.226794,-20.793451,2023-01-01T01:03:20
-6.226794,-20.793451,2023-01-01T01:03:21
-6.226794,-20.793451,2023-01-01T01:03:22
-6.226794,-20.793451,2023-01-01T01:03:23
-6.226794,-20.793451,2023-01-01T01:03:24
-6.226794,-20.793451,2023-01-01T01:03:25
-6.226794,-20.793451,2023-01-01T01:03:26
-6.226794,-20.793451,2023-01-01T01:03:27
-6.226794,-20.793451,2023-01-01T01:03:28
-6.226794,-20.793451,2023-01-01T01:03:29
-6.226794,-20.793451,2023-01-01T01:03:30
-6.226794,-20.793451,2023-01-01T01:03:31
-6.226794,-20.793451,2023-01-01T01:03:32
-6.226794,-20.793451,2023-01-01T01:03:33
-6.226794,-20.793451,2023-01-01T01:03:34
-6.226794,-20.793451,2023-01-01T01:03:35
-6.226794,-20.793451,2023-01-01T01:03:36
-6.226794,-20.793451,2023-01-01T01:03:37
-6.226794,-20.793451,2023-01-01T01:03:38
-6.226794,-20.793451,2023-01-01T01:03:39
-6.226794,-20.793451,2023-01-01T01:03:40
-6.226794,-20.793451,2023-01-01T01:03:41
-6.226794,-20.793451,2023-01-01T01:03:42
-6.226794,-20.793451,2023-01-01T01:03:43
-6.226794,-20.793451,2023-01-01T01:03:44
-6.226794,-20.793451,2023-01-01T01:03:45
-6.226794,-20.793451,2023-01-01T01:03:46
-6.226794,-20.793451,2023-01-01T01:03:47
-6.226794,-20.793451,2023-01-01T01:03:48
-6.226794,-20.793451,2023-01-01T01:03:49
-6.226794,-20.793451,2023-01-01T01:03:50
-6.115601,-20.793451,2023-01-01T01:03:51
-6.115601,-20.793451,2023-01-01T01:03:52
-6.115601,-20.793451,2023-01-01T01:03:53
-6.115601,-20.793451,2023-01-01T01:03:54
-6.115601,-20.793451,2023-01-01T01:03:55
-6.115601,-20.793451,2023-01-01T01:03:56
-6.115601,-20.793451,2023-01-01T01:03:57
-6.115601,-20.793451,2023-01-01T01:03:58
-6.115601,-20.793451,2023-01-01T01:03:59
-6.115601,-20.793451,2023-01-01T01:04:00
-6.115601,-20.793451,2023-01-01T01:04:01
-6.115601,-20.793451,2023-01-01T01:04:02
-6.115601,-20.793451,2023-01-01T01:04:03
-6.115601,-20.793451,2023-01-01T01:04:04
-6.115601,-20.793451,2023-01-01T01:04:05
-6.115601,-20.793451,2023-01-01T01:04:06
-6.115601,-20.793451,2023-01-01T01:04:07
-6.115601,-20.793451,2023-01-01T01:04:08
-6.115601,-20.793451,2023-01-01T01:04:09
-6.115601,-20.793451,2023-01-01T01:04:10
-6.115601,-20.793451,2023-01-01T01:04:11
-6.115601,-20.793451,2023-01-01T01:04:12
-6.115601,-20.793451,2023-01-01T01:04:13
-6.115601,-20.793451,2023-01-01T01:04:14
-6.115601,-20.793451,2023-01-01T01:04:15
-6.115601,-20.793451,2023-01-01T01:04:16
-6.115601,-20.793451,2023-01-01T01:04:17
-6.115601,-20.793451,2023-01-01T01:04:18
-6.115601,-20.793451,2023-01-01T01:04:19
-6.115601,-20.793451,2023-01-01T01:04:20
-6.115601,-20.793451,2023-01-01T01:04:21
-6.115601,-20.793451,2023-01-01T01:04:22
-6.115601,-20.793451,2023-01-01T01:04:23
-6.115601,-20.793451,2023-01-01T01:04:24
-6.115601,-20.793451,2023-01-01T01:04:25
-6.115601,-20.793451,2023-01-01T01:04:26
-6.115601,-20.793451,2023-01-01T01:04:27
-6.115601,-20.793451,2023-01-01T01:04:28
-6.115601,-20.793451,2023-01-01T01:04:29
-6.115601,-20.793451,2023-01-01T01:04:30
-6.115601,-20.793451,2023-01-01T01:04:31
-6.115601,-20.793451,2023-01-01T01:04:32
-6.115601,-20.793451,2023-01-01T01:04:33
-6.115601,-20.793451,2023-01-01T01:04:34
-6.115601,-20.793451,2023-01-01T01:04:35
-6.115601,-20.793451,2023-01-01T01:04:36
-6.115601,-20.793451,2023-01-01T01:04:37
-6.115601,-20.793451,2023-01-01T01:04:38
-6.115601,-20.793451,2023-01-01T01:04:39
-6.115601,-20.793451,2023-01-01T01:04:40
-6.115601,-20.793451,2023-01-01T01:04:41
-6.115601,-20.793451,2023-01-01T01:04:42
-6.115601,-20.793451,2023-01-01T01:04:43
-6.115601,-20.793451,2023-01-01T01:04:44
-6.115601,-20.793451,2023-01-01T01:04:45
-6.115601,-20.793451,2023-01-01T01:04:46
-6.115601,-20.793451,2023-01-01T01:04:47
-6.115601,-20.793451,2023-01-01T01:04:48
-6.115601,-20.793451,2023-01-01T01:04:49
-6.115601,-20.793451,2023-01-01T01:04:50
-6.115601,-20.793451,2023-01-01T01:04:51
-6.115601,-20.793451,2023-01-01T01:04:52
-6.115601,-20.904646,2023-01-01T01:04:53
-6.115601,-20.904646,2023-01-01T01:04:54
-6.115601,-20.904646,2023-01-01T01:04:55
-6.115601,-20.904646,2023-01-01T01:04:56
-6.115601,-20.904646,2023-01-01T01:04:57
-6.115601,-20.904646,2023-01-01T01:04:58
-6.115601,-20.904646,2023-01-01T01:04:59
-6.115601,-20.904646,2023-01-01T01:05:00
-6.115601,-20.904646,2023-01-01T01:05:01
-6.115601,-20.904646,2023-01-01T01:05:02
-6.115601,-20.904646,2023-01-01T01:05:03
-6.115601,-20.904646,2023-01-01T01:05:04
-6.115601,-20.904646,2023-01-01T01:05:05
-6.115601,-20.904646,2023-01-01T01:05:06
-6.115601,-20.904646,2023-01-01T01:05:07
-6.115601,-20.904646,2023-01-01T01:05:08
-6.115601,-20.904646,2023-01-01T01:05:09
-6.115601,-20.904646,2023-01-01T01:05:10
-6.115601,-20.904646,2023-01-01T01:05:11
-6.115601,-20.904646,2023-01-01T01:05:12
-6.115601,-20.793451,2023-01-01T01:05:13
-6.115601,-20.793451,2023-01-01T01:05:14
-6.115601,-20.793451,2023-01-01T01:05:15
-6.115601,-20.793451,2023-01-01T01:05:16
-6.115601,-20.793451,2023-01-01T01:05:17
-6.115601,-20.793451,2023-01-01T01:05:18
-6.115601,-20.793451,2023-01-01T01:05:19
-6.115601,-20.793451,2023-01-01T01:05:20
-6.115601,-20.793451,2023-01-01T01:05:21
-6.115601,-20.793451,2023-01-01T01:05:22
-6.115601,-20.793451,2023-01-01T01:05:23
-6.004408,-20.793451,2023-01-01T01:05:24
-6.004408,-20.793451,2023-01-01T01:05:25
-6.004408,-20.793451,2023-01-01T01:05:26
-6.004408,-20.793451,2023-01-01T01:05:27
-6.004408,-20.793451,2023-01-01T01:05:28
-6.004408,-20.793451,2023-01-01T01:05:29
-6.004408,-20.793451,2023-01-01T01:05:30
-6.004408,-20.793451,2023-01-01T01:05:31
-6.004408,-20.793451,2023-01-01T01:05:32
-6.004408,-20.793451,2023-01-01T01:05:33
-6.004408,-20.793451,2023-01-01T01:05:34
-6.004408,-20.793451,2023-01-01T01:05:35
-6.004408,-20.793451,2023-01-01T01:05:36
-6.004408,-20.793451,2023-01-01T01:05:37
-6.004408,-20.793451,2023-01-01T01:05:38
-6.004408,-20.793451,2023-01-01T01:05:39
-6.004408,-20.793451,2023-01-01T01:05:40
-6.004408,-20.793451,2023-01-01T01:05:41
-6.004408,-20.793451,2023-01-01T01:05:42
-6.004408,-20.793451,2023-01-01T01:05:43
-6.004408,-20.793451,2023-01-01T01:05:44
-6.004408,-20.793451,2023-01-01T01:05:45
-6.004408,-20.793451,2023-01-01T01:05:46
-6.004408,-20.793451,2023-01-01T01:05:47
-6.004408,-20.793451,2023-01-01T01:05:48
-6.004408,-20.793451,2023-01-01T01:05:49
-6.004408,-20.793451,2023-01-01T01:05:50
-6.004408,-20.793451,2023-01-01T01:05:51
-6.004408,-20.793451,2023-01-01T01:05:52
-6.004408,-20.793451,2023-01-01T01:05:53
-6.004408,-20.793451,2023-01-01T01:05:54
-6.004408,-20.793451,2023-01-01T01:05:55
-6.004408,-20.793451,2023-01-01T01:05:56
-6.004408,-20.793451,2023-01-01T01:05:57
-6.004408,-20.793451,2023-01-01T01:05:58
-6.004408,-20.793451,2023-01-01T01:05:59
-6.004408,-20.793451,2023-01-01T01:06:00
-6.004408,-20.793451,2023-01-01T01:06:01
-6.004408,-20.793451,2023-01-01T01:06:02
-6.004408,-20.793451,2023-01-01T01:06:03
-6.004408,-20.793451,2023-01-01T01:06:04
-6.004408,-20.793451,2023-01-01T01:06:05
-6.004408,-20.793451,2023-01-01T01:06:06
-6.004408,-20.793451,2023-01-01T01:06:07
-6.004408,-20.793451,2023-01-01T01:06:08
-6.004408,-20.793451,2023-01-01T01:06:09
-6.004408,-20.793451,2023-01-01T01:06:10
-6.004408,-20.793451,2023-01-01T01:06:11
-6.004408,-20.793451,2023-01-01T01:06:12
-6.004408,-20.793451,2023-01-01T01:06:13
-6.004408,-20.793451,2023-01-01T01:06:14
-6.004408,-20.793451,2023-01-01T01:06:15
-6.004408,-20.793451,2023-01-01T01:06:16
-6.004408,-20.793451,2023-01-01T01:06:17
-6.004408,-20.793451,2023-01-01T01:06:18
-6.004408,-20.793451,2023-01-01T01:06:19
-6.004408,-20.793451,2023-01-01T01:06:20
-6.004408,-20.793451,2023-01-01T01:06:21
-6.004408,-20.904646,2023-01-01T01:06:22
-6.004408,-20.904646,2023-01-01T01:06:23
-6.004408,-20.904646,2023-01-01T01:06:24
-6.004408,-20.904646,2023-01-01T01:06:25
-6.004408,-20.904646,2023-01-01T01:06:26
-6.004408,-20.904646,2023-01-01T01:06:27
-6.004408,-20.904646,2023-01-01T01:06:28
-6.004408,-20.904646,2023-01-01T01:06:29
-6.004408,-20.904646,2023-01-01T01:06:30
-6.004408,-20.904646,2023-01-01T01:06:31
-6.004408,-20.904646,2023-01-01T01:06:32
-6.004408,-20.904646,2023-01-01T01:06:33
-6.004408,-20.904646,2023-01-01T01:06:34
-6.004408,-20.904646,2023-01-01T01:06:35
-6.004408,-20.904646,2023-01-01T01:06:36
-6.004408,-20.904646,2023-01-01T01:06:37
-6.004408,-20.904646,2023-01-01T01:06:38
-6.004408,-20.904646,2023-01-01T01:06:39
-6.004408,-20.904646,2023-01-01T01:06:40
-6.004408,-20.904646,2023-01-01T01:06:41
-6.004408,-20.904646,2023-01-01T01:06:42
-6.004408,-20.904646,2023-01-01T01:06:43
-6.004408,-20.904646,2023-01-01T01:06:44
-6.004408,-20.904646,2023-01-01T01:06:45
-6.004408,-20.904646,2023-01-01T01:06:46
-6.004408,-20.904646,2023-01-01T01:06:47
-5.893216,-20.904646,2023-01-01T01:06:48
-5.893216,-20.904646,2023-01-01T01:06:49
-5.893216,-20.904646,2023-01-01T01:06:50
-5.893216,-20.904646,2023-01-01T01:06:51
-5.893216,-20.904646,2023-01-01T01:06:52
-5.893216,-20.904646,2023-01-01T01:06:53
-5.893216,-20.904646,2023-01-01T01:06:54
-5.893216,-20.904646,2023-01-01T01:06:55
-5.893216,-20.904646,2023-01-01T01:06:56
-5.893216,-20.904646,2023-01-01T01:06:57
-5.893216,-20.904646,2023-01-01T01:06:58
-5.893216,-20.904646,2023-01-01T01:06:59
-5.893216,-20.904646,2023-01-01T01:07:00
-5.893216,-20.904646,2023-01-01T01:07:01
-5.893216,-20.904646,2023-01-01T01:07:02
-5.893216,-20.904646,2023-01-01T01:07:03
-5.893216,-20.904646,2023-01-01T01:07:04
-5.782023,-20.904646,2023-01-01T01:07:05
-5.782023,-20.904646,2023-01-01T01:07:06
-5.782023,-20.904646,2023-01-01T01:07:07
-5.782023,-20.904646,2023-01-01T01:07:08
-5.782023,-20.904646,2023-01-01T01:07:09
-5.782023,-20.904646,2023-01-01T01:07:10
-5.782023,-20.904646,2023-01-01T01:07:11
-5.782023,-20.904646,2023-01-01T01:07:12
-5.782023,-20.904646,2023-01-01T01:07:13
-5.782023,-20.904646,2023-01-01T01:07:14
-5.782023,-20.904646,2023-01-01T01:07:15
-5.782023,-20.904646,2023-01-01T01:07:16
-5.670830,-20.904646,2023-01-01T01:07:17
-5.670830,-20.904646,2023-01-01T01:07:18
-5.670830,-20.904646,2023-01-01T01:07:19
-5.670830,-20.904646,2023-01-01T01:07:20
-5.670830,-20.904646,2023-01-01T01:07:21
-5.559637,-20.904646,2023-01-01T01:07:22
-5.559637,-20.904646,2023-01-01T01:07:23
-5.559637,-20.904646,2023-01-01T01:07:24
-5.559637,-20.904646,2023-01-01T01:07:25
-5.559637,-20.904646,2023-01-01T01:07:26
-5.448445,-20.904646,2023-01-01T01:07:27
-5.448445,-20.904646,2023-01-01T01:07:28
-5.448445,-20.904646,2023-01-01T01:07:29
-5.448445,-20.904646,2023-01-01T01:07:30
-5.448445,-20.904646,2023-01-01T01:07:31
-5.448445,-20.904646,2023-01-01T01:07:32
-5.337252,-20.904646,2023-01-01T01:07:33
-5.337252,-20.904646,2023-01-01T01:07:34
-5.337252,-20.904646,2023-01-01T01:07:35
-5.337252,-20.904646,2023-01-01T01:07:36
-5.337252,-20.904646,2023-01-01T01:07:37
-5.337252,-20.904646,2023-01-01T01:07:38
-5.337252,-20.904646,2023-01-01T01:07:39
-5.226059,-20.904646,2023-01-01T01:07:40
-5.226059,-20.904646,2023-01-01T01:07:41
-5.226059,-20.793451,2023-01-01T01:07:42
-5.226059,-20.793451,2023-01-01T01:07:43
-5.226059,-20.793451,2023-01-01T01:07:44
-5.226059,-20.793451,2023-01-01T01:07:45
-5.226059,-20.793451,2023-01-01T01:07:46
-5.226059,-20.793451,2023-01-01T01:07:47
-5.226059,-20.793451,2023-01-01T01:07:48
-5.226059,-20.793451,2023-01-01T01:07:49
-5.226059,-20.793451,2023-01-01T01:07:50
-5.226059,-20.793451,2023-01-01T01:07:51
-5.226059,-20.793451,2023-01-01T01:07:52
-5.114866,-20.793451,2023-01-01T01:07:53
-5.114866,-20.793451,2023-01-01T01:07:54
-5.114866,-20.793451,2023-01-01T01:07:55
-5.114866,-20.793451,2023-01-01T01:07:56
-5.114866,-20.793451,2023-01-01T01:07:57
-5.114866,-20.793451,2023-01-01T01:07:58
-5.114866,-20.793451,2023-01-01T01:07:59
-5.114866,-20.793451,2023-01-01T01:08:00
-5.114866,-20.793451,2023-01-01T01:08:01
-5.114866,-20.793451,2023-01-01T01:08:02
-5.114866,-20.793451,2023-01-01T01:08:03
-5.114866,-20.793451,2023-01-01T01:08:04
-5.114866,-20.793451,2023-01-01T01:08:05
-5.114866,-20.793451,2023-01-01T01:08:06
-5.114866,-20.793451,2023-01-01T01:08:07
-5.114866,-20.793451,2023-01-01T01:08:08
-5.003674,-20.793451,2023-01-01T01:08:09
-5.003674,-20.793451,2023-01-01T01:08:10
-5.003674,-20.793451,2023-01-01T01:08:11
-5.003674,-20.793451,2023-01-01T01:08:12
-5.003674,-20.793451,2023-01-01T01:08:13
-5.003674,-20.793451,2023-01-01T01:08:14
-5.003674,-20.793451,2023-01-01T01:08:15
-5.003674,-20.793451,2023-01-01T01:08:16
-5.003674,-20.793451,2023-01-01T01:08:17
-5.003674,-20.793451,2023-01-01T01:08:18
-5.114866,-20.793451,2023-01-01T01:08:19
-5.114866,-20.793451,2023-01-01T01:08:20
-5.114866,-20.793451,2023-01-01T01:08:21
-5.114866,-20.793451,2023-01-01T01:08:22
-5.114866,-20.793451,2023-01-01T01:08:23
-5.114866,-20.793451,2023-01-01T01:08:24
-5.114866,-20.793451,2023-01-01T01:08:25
-5.114866,-20.793451,2023-01-01T01:08:26
-5.114866,-20.793451,2023-01-01T01:08:27
-5.114866,-20.793451,2023-01-01T01:08:28
-5.114866,-20.793451,2023-01-01T01:08:29
-5.114866,-20.793451,2023-01-01T01:08:30
-5.114866,-20.793451,2023-01-01T01:08:31
-5.114866,-20.793451,2023-01-01T01:08:32
-5.114866,-20.793451,2023-01-01T01:08:33
-5.114866,-20.793451,2023-01-01T01:08:34
-5.114866,-20.793451,2023-01-01T01:08:35
-5.114866,-20.793451,2023-01-01T01:08:36
-5.114866,-20.793451,2023-01-01T01:08:37
-5.114866,-20.793451,2023-01-01T01:08:38
-5.114866,-20.793451,2023-01-01T01:08:39
-5.114866,-20.793451,2023-01-01T01:08:40
-5.114866,-20.793451,2023-01-01T01:08:41
-5.114866,-20.793451,2023-01-01T01:08:42
-5.114866,-20.793451,2023-01-01T01:08:43
-5.114866,-20.793451,2023-01-01T01:08:44
-5.114866,-20.793451,2023-01-01T01:08:45
-5.226059,-20.793451,2023-01-01T01:08:46
-5.226059,-20.793451,2023-01-01T01:08:47
-5.226059,-20.793451,2023-01-01T01:08:48
-5.226059,-20.793451,2023-01-01T01:08:49
-5.226059,-20.793451,2023-01-01T01:08:50
-5.226059,-20.793451,2023-01-01T01:08:51
-5.226059,-20.793451,2023-01-01T01:08:52
-5.226059,-20.793451,2023-01-01T01:08:53
-5.226059,-20.793451,2023-01-01T01:08:54
-5.226059,-20.793451,2023-01-01T01:08:55
-5.226059,-20.793451,2023-01-01T01:08:56
-5.226059,-20.793451,2023-01-01T01:08:57
-5.226059,-20.793451,2023-01-01T01:08:58
-5.337252,-20.793451,2023-01-01T01:08:59
-5.337252,-20.793451,2023-01-01T01:09:00
-5.337252,-20.793451,2023-01-01T01:09:01
-5.337252,-20.793451,2023-01-01T01:09:02
-5.337252,-20.793451,2023-01-01T01:09:03
-5.337252,-20.682256,2023-01-01T01:09:04
-5.337252,-20.682256,2023-01-01T01:09:05
-5.337252,-20.682256,2023-01-01T01:09:06
-5.337252,-20.682256,2023-01-01T01:09:07
-5.337252,-20.682256,2023-01-01T01:09:08
-5.337252,-20.682256,2023-01-01T01:09:09
-5.337252,-20.682256,2023-01-01T01:09:10
-5.337252,-20.682256,2023-01-01T01:09:11
-5.337252,-20.682256,2023-01-01T01:09:12
-5.337252,-20.682256,2023-01-01T01:09:13
-5.337252,-20.682256,2023-01-01T01:09:14
-5.337252,-20.682256,2023-01-01T01:09:15
-5.337252,-20.682256,2023-01-01T01:09:16
-5.337252,-20.682256,2023-01-01T01:09:17
-5.337252,-20.682256,2023-01-01T01:09:18
-5.226059,-20.682256,2023-01-01T01:09:19
-5.226059,-20.682256,2023-01-01T01:09:20
-5.226059,-20.682256,2023-01-01T01:09:21
-5.226059,-20.682256,2023-01-01T01:09:22
-5.226059,-20.682256,2023-01-01T01:09:23
-5.226059,-20.682256,2023-01-01T01:09:24
-5.226059,-20.682256,2023-01-01T01:09:25
-5.226059,-20.682256,2023-01-01T01:09:26
-5.114866,-20.682256,2023-01-01T01:09:27
-5.114866,-20.682256,2023-01-01T01:09:28
-5.114866,-20.682256,2023-01-01T01:09:29
-5.114866,-20.682256,2023-01-01T01:09:30
-5.114866,-20.682256,2023-01-01T01:09:31
-5.114866,-20.682256,2023-01-01T01:09:32
-5.114866,-20.682256,2023-01-01T01:09:33
-5.114866,-20.682256,2023-01-01T01:09:34
-5.003674,-20.682256,2023-01-01T01:09:35
-5.003674,-20.682256,2023-01-01T01:09:36
-5.003674,-20.682256,2023-01-01T01:09:37
-5.003674,-20.682256,2023-01-01T01:09:38
-5.003674,-20.682256,2023-01-01T01:09:39
-5.003674,-20.682256,2023-01-01T01:09:40
-5.003674,-20.682256,2023-01-01T01:09:41
-5.003674,-20.682256,2023-01-01T01:09:42
-5.003674,-20.682256,2023-01-01T01:09:43
-5.003674,-20.682256,2023-01-01T01:09:44
-4.892481,-20.682256,2023-01-01T01:09:45
-4.892481,-20.682256,2023-01-01T01:09:46
-4.892481,-20.682256,2023-01-01T01:09:47
-4.892481,-20.682256,2023-01-01T01:09:48
-4.892481,-20.682256,2023-01-01T01:09:49
-4.892481,-20.682256,2023-01-01T01:09:50
-4.892481,-20.682256,2023-01-01T01:09:51
-4.892481,-20.682256,2023-01-01T01:09:52
-4.781288,-20.682256,2023-01-01T01:09:53
-4.781288,-20.682256,2023-01-01T01:09:54
-4.781288,-20.682256,2023-01-01T01:09:55
-4.781288,-20.682256,2023-01-01T01:09:56
-4.781288,-20.682256,2023-01-01T01:09:57
-4.781288,-20.682256,2023-01-01T01:09:58
-4.781288,-20.682256,2023-01-01T01:09:59
-4.670095,-20.682256,2023-01-01T01:10:00
-4.670095,-20.682256,2023-01-01T01:10:01
-4.670095,-20.682256,2023-01-01T01:10:02
-4.670095,-20.682256,2023-01-01T01:10:03
-4.670095,-20.682256,2023-01-01T01:10:04
-4.670095,-20.682256,2023-01-01T01:10:05
-4.558903,-20.682256,2023-01-01T01:10:06
-4.558903,-20.682256,2023-01-01T01:10:07
-4.558903,-20.682256,2023-01-01T01:10:08
-4.558903,-20.682256,2023-01-01T01:10:09
-4.558903,-20.682256,2023-01-01T01:10:10
-4.558903,-20.682256,2023-01-01T01:10:11
-4.447710,-20.682256,2023-01-01T01:10:12
-4.447710,-20.682256,2023-01-01T01:10:13
-4.447710,-20.682256,2023-01-01T01:10:14
-4.447710,-20.682256,2023-01-01T01:10:15
-4.447710,-20.682256,2023-01-01T01:10:16
-4.558903,-20.682256,2023-01-01T01:10:17
-4.558903,-20.682256,2023-01-01T01:10:18
-4.558903,-20.682256,2023-01-01T01:10:19
-4.558903,-20.682256,2023-01-01T01:10:20
-4.558903,-20.682256,2023-01-01T01:10:21
-4.670095,-20.682256,2023-01-01T01:10:22
-4.670095,-20.682256,2023-01-01T01:10:23
-4.670095,-20.682256,2023-01-01T01:10:24
-4.670095,-20.682256,2023-01-01T01:10:25
-4.670095,-20.682256,2023-01-01T01:10:26
-4.670095,-20.682256,2023-01-01T01:10:27
-4.781288,-20.682256,2023-01-01T01:10:28
-4.781288,-20.682256,2023-01-01T01:10:29
-4.781288,-20.682256,2023-01-01T01:10:30
-4.781288,-20.682256,2023-01-01T01:10:31
-4.781288,-20.682256,2023-01-01T01:10:32
-4.781288,-20.682256,2023-01-01T01:10:33
-4.781288,-20.682256,2023-01-01T01:10:34
-4.781288,-20.682256,2023-01-01T01:10:35
-4.781288,-20.682256,2023-01-01T01:10:36
-4.892481,-20.682256,2023-01-01T01:10:37
-4.892481,-20.682256,2023-01-01T01:10:38
-4.892481,-20.682256,2023-01-01T01:10:39
-4.892481,-20.682256,2023-01-01T01:10:40
-4.892481,-20.682256,2023-01-01T01:10:41
-4.892481,-20.682256,2023-01-01T01:10:42
-4.892481,-20.682256,2023-01-01T01:10:43
-4.892481,-20.682256,2023-01-01T01:10:44
-4.892481,-20.682256,2023-01-01T01:10:45
-4.892481,-20.682256,2023-01-01T01:10:46
-4.892481,-20.682256,2023-01-01T01:10:47
-4.892481,-20.793451,2023-01-01T01:10:48
-4.892481,-20.793451,2023-01-01T01:10:49
-4.892481,-20.793451,2023-01-01T01:10:50
-4.892481,-20.793451,2023-01-01T01:10:51
-4.892481,-20.793451,2023-01-01T01:10:52
-4.892481,-20.793451,2023-01-01T01:10:53
-4.892481,-20.793451,2023-01-01T01:10:54
-4.892481,-20.793451,2023-01-01T01:10:55
-4.892481,-20.793451,2023-01-01T01:10:56
-4.892481,-20.793451,2023-01-01T01:10:57
-4.892481,-20.793451,2023-01-01T01:10:58
-4.892481,-20.793451,2023-01-01T01:10:59
-4.892481,-20.793451,2023-01-01T01:11:00
-4.892481,-20.793451,2023-01-01T01:11:01
-4.892481,-20.793451,2023-01-01T01:11:02
-4.892481,-20.793451,2023-01-01T01:11:03
-4.892481,-20.793451,2023-01-01T01:11:04
-4.892481,-20.793451,2023-01-01T01:11:05
-4.892481,-20.793451,2023-01-01T01:11:06
-4.892481,-20.793451,2023-01-01T01:11:07
-4.892481,-20.793451,2023-01-01T01:11:08
-4.892481,-20.793451,2023-01-01T01:11:09
-4.892481,-20.793451,2023-01-01T01:11:10
-4.892481,-20.793451,2023-01-01T01:11:11
-5.003674,-20.793451,2023-01-01T01:11:12
-5.003674,-20.793451,2023-01-01T01:11:13
-5.003674,-20.793451,2023-01-01T01:11:14
-5.003674,-20.793451,2023-01-01T01:11:15
-5.003674,-20.793451,2023-01-01T01:11:16
-5.003674,-20.793451,2023-01-01T01:11:17
-5.003674,-20.793451,2023-01-01T01:11:18
-5.003674,-20.793451,2023-01-01T01:11:19
-5.003674,-20.793451,2023-01-01T01:11:20
-5.114866,-20.793451,2023-01-01T01:11:21
-5.114866,-20.793451,2023-01-01T01:11:22
-5.114866,-20.793451,2023-01-01T01:11:23
-5.114866,-20.793451,2023-01-01T01:11:24
-5.114866,-20.793451,2023-01-01T01:11:25
-5.114866,-20.793451,2023-01-01T01:11:26
-5.114866,-20.793451,2023-01-01T01:11:27
-5.114866,-20.793451,2023-01-01T01:11:28
-5.226059,-20.793451,2023-01-01T01:11:29
-5.226059,-20.793451,2023-01-01T01:11:30
-5.226059,-20.793451,2023-01-01T01:11:31
-5.226059,-20.793451,2023-01-01T01:11:32
-5.226059,-20.793451,2023-01-01T01:11:33
-5.226059,-20.793451,2023-01-01T01:11:34
-5.226059,-20.793451,2023-01-01T01:11:35
-5.226059,-20.793451,2023-01-01T01:11:36
-5.226059,-20.793451,2023-01-01T01:11:37
-5.337252,-20.793451,2023-01-01T01:11:38
-5.337252,-20.793451,2023-01-01T01:11:39
-5.337252,-20.793451,2023-01-01T01:11:40
-5.337252,-20.793451,2023-01-01T01:11:41
-5.337252,-20.682256,2023-01-01T01:11:42
-5.337252,-20.682256,2023-01-01T01:11:43
-5.337252,-20.682256,2023-01-01T01:11:44
-5.337252,-20.682256,2023-01-01T01:11:45
-5.337252,-20.682256,2023-01-01T01:11:46
-5.337252,-20.682256,2023-01-01T01:11:47
-5.226059,-20.682256,2023-01-01T01:11:48
-5.226059,-20.682256,2023-01-01T01:11:49
-5.226059,-20.682256,2023-01-01T01:11:50
-5.226059,-20.682256,2023-01-01T01:11:51
-5.226059,-20.682256,2023-01-01T01:11:52
-5.226059,-20.682256,2023-01-01T01:11:53
-5.114866,-20.682256,2023-01-01T01:11:54
-5.114866,-20.682256,2023-01-01T01:11:55
-5.114866,-20.682256,2023-01-01T01:11:56
-5.114866,-20.682256,2023-01-01T01:11:57
-5.114866,-20.682256,2023-01-01T01:11:58
-5.003674,-20.682256,2023-01-01T01:11:59
-5.003674,-20.682256,2023-01-01T01:12:00
-5.003674,-20.682256,2023-01-01T01:12:01
-5.003674,-20.682256,2023-01-01T01:12:02
-5.003674,-20.682256,2023-01-01T01:12:03
-4.892481,-20.682256,2023-01-01T01:12:04
-4.892481,-20.682256,2023-01-01T01:12:05
-4.892481,-20.682256,2023-01-01T01:12:06
-4.892481,-20.682256,2023-01-01T01:12:07
-4.892481,-20.682256,2023-01-01T01:12:08
-4.781288,-20.682256,2023-01-01T01:12:09
-4.781288,-20.682256,2023-01-01T01:12:10
-4.781288,-20.682256,2023-01-01T01:12:11
-4.781288,-20.682256,2023-01-01T01:12:12
-4.781288,-20.682256,2023-01-01T01:12:13
-4.670095,-20.682256,2023-01-01T01:12:14
-4.670095,-20.682256,2023-01-01T01:12:15
-4.670095,-20.682256,2023-01-01T01:12:16
-4.670095,-20.571061,2023-01-01T01:12:17
-4.670095,-20.571061,2023-01-01T01:12:18
-4.670095,-20.571061,2023-01-01T01:12:19
-4.670095,-20.571061,2023-01-01T01:12:20
-4.670095,-20.571061,2023-01-01T01:12:21
-4.670095,-20.571061,2023-01-01T01:12:22
-4.670095,-20.571061,2023-01-01T01:12:23
-4.670095,-20.571061,2023-01-01T01:12:24
-4.670095,-20.571061,2023-01-01T01:12:25
-4.670095,-20.571061,2023-01-01T01:12:26
-4.670095,-20.571061,2023-01-01T01:12:27
-4.670095,-20.571061,2023-01-01T01:12:28
-4.670095,-20.571061,2023-01-01T01:12:29
-4.670095,-20.571061,2023-01-01T01:12:30
-4.670095,-20.571061,2023-01-01T01:12:31
-4.670095,-20.571061,2023-01-01T01:12:32
-4.558903,-20.571061,2023-01-01T01:12:33
-4.558903,-20.571061,2023-01-01T01:12:34
-4.558903,-20.571061,2023-01-01T01:12:35
-4.558903,-20.571061,2023-01-01T01:12:36
-4.558903,-20.571061,2023-01-01T01:12:37
-4.558903,-20.571061,2023-01-01T01:12:38
-4.447710,-20.571061,2023-01-01T01:12:39
-4.447710,-20.571061,2023-01-01T01:12:40
-4.447710,-20.571061,2023-01-01T01:12:41
-4.447710,-20.571061,2023-01-01T01:12:42
-4.447710,-20.571061,2023-01-01T01:12:43
-4.447710,-20.682256,2023-01-01T01:12:44
-4.447710,-20.682256,2023-01-01T01:12:45
-4.447710,-20.682256,2023-01-01T01:12:46
-4.447710,-20.682256,2023-01-01T01:12:47
-4.447710,-20.682256,2023-01-01T01:12:48
-4.447710,-20.682256,2023-01-01T01:12:49
-4.447710,-20.682256,2023-01-01T01:12:50
-4.447710,-20.682256,2023-01-01T01:12:51
-4.447710,-20.682256,2023-01-01T01:12:52
-4.447710,-20.682256,2023-01-01T01:12:53
-4.447710,-20.682256,2023-01-01T01:12:54
-4.447710,-20.682256,2023-01-01T01:12:55
-4.447710,-20.682256,2023-01-01T01:12:56
-4.447710,-20.682256,2023-01-01T01:12:57
-4.447710,-20.682256,2023-01-01T01:12:58
-4.447710,-20.682256,2023-01-01T01:12:59
-4.447710,-20.682256,2023-01-01T01:13:00
-4.447710,-20.682256,2023-01-01T01:13:01
-4.447710,-20.682256,2023-01-01T01:13:02
-4.447710,-20.682256,2023-01-01T01:13:03
-4.447710,-20.682256,2023-01-01T01:13:04
-4.558903,-20.682256,2023-01-01T01:13:05
-4.558903,-20.682256,2023-01-01T01:13:06
-4.558903,-20.682256,2023-01-01T01:13:07
-4.558903,-20.682256,2023-01-01T01:13:08
-4.558903,-20.682256,2023-01-01T01:13:09
-4.558903,-20.682256,2023-01-01T01:13:10
-4.558903,-20.682256,2023-01-01T01:13:11
-4.558903,-20.682256,2023-01-01T01:13:12
-4.558903,-20.682256,2023-01-01T01:13:13
-4.558903,-20.682256,2023-01-01T01:13:14
-4.558903,-20.682256,2023-01-01T01:13:15
-4.558903,-20.682256,2023-01-01T01:13:16
-4.558903,-20.682256,2023-01-01T01:13:17
-4.558903,-20.682256,2023-01-01T01:13:18
-4.558903,-20.682256,2023-01-01T01:13:19
-4.670095,-20.682256,2023-01-01T01:13:20
-4.670095,-20.682256,2023-01-01T01:13:21
-4.670095,-20.682256,2023-01-01T01:13:22
-4.670095,-20.682256,2023-01-01T01:13:23
-4.670095,-20.682256,2023-01-01T01:13:24
-4.670095,-20.682256,2023-01-01T01:13:25
-4.670095,-20.682256,2023-01-01T01:13:26
-4.781288,-20.682256,2023-01-01T01:13:27
-4.781288,-20.571061,2023-01-01T01:13:28
-4.781288,-20.571061,2023-01-01T01:13:29
-4.781288,-20.571061,2023-01-01T01:13:30
-4.781288,-20.571061,2023-01-01T01:13:31
-4.781288,-20.571061,2023-01-01T01:13:32
-4.781288,-20.571061,2023-01-01T01:13:33
-4.781288,-20.571061,2023-01-01T01:13:34
-4.781288,-20.571061,2023-01-01T01:13:35
-4.781288,-20.571061,2023-01-01T01:13:36
-4.892481,-20.571061,2023-01-01T01:13:37
-4.892481,-20.571061,2023-01-01T01:13:38
-4.892481,-20.571061,2023-01-01T01:13:39
-4.892481,-20.571061,2023-01-01T01:13:40
-4.892481,-20.571061,2023-01-01T01:13:41
-4.892481,-20.571061,2023-01-01T01:13:42
-4.892481,-20.571061,2023-01-01T01:13:43
-4.892481,-20.571061,2023-01-01T01:13:44
-4.892481,-20.571061,2023-01-01T01:13:45
-4.781288,-20.571061,2023-01-01T01:13:46
-4.781288,-20.571061,2023-01-01T01:13:47
-4.781288,-20.571061,2023-01-01T01:13:48
-4.781288,-20.459867,2023-01-01T01:13:49
-4.781288,-20.459867,2023-01-01T01:13:50
-4.670095,-20.459867,2023-01-01T01:13:51
-4.670095,-20.459867,2023-01-01T01:13:52
-4.670095,-20.459867,2023-01-01T01:13:53
-4.670095,-20.459867,2023-01-01T01:13:54
-4.670095,-20.459867,2023-01-01T01:13:55
-4.558903,-20.459867,2023-01-01T01:13:56
-4.558903,-20.459867,2023-01-01T01:13:57
-4.558903,-20.459867,2023-01-01T01:13:58
-4.558903,-20.459867,2023-01-01T01:13:59
-4.558903,-20.459867,2023-01-01T01:14:00
-4.558903,-20.459867,2023-01-01T01:14:01
-4.447710,-20.459867,2023-01-01T01:14:02
-4.447710,-20.459867,2023-01-01T01:14:03
-4.447710,-20.459867,2023-01-01T01:14:04
-4.447710,-20.459867,2023-01-01T01:14:05
-4.447710,-20.459867,2023-01-01T01:14:06
-4.447710,-20.459867,2023-01-01T01:14:07
-4.336517,-20.459867,2023-01-01T01:14:08
-4.336517,-20.459867,2023-01-01T01:14:09
-4.336517,-20.459867,2023-01-01T01:14:10
-4.336517,-20.459867,2023-01-01T01:14:11
-4.336517,-20.348672,2023-01-01T01:14:12
-4.225324,-20.348672,2023-01-01T01:14:13
-4.225324,-20.348672,2023-01-01T01:14:14
-4.225324,-20.348672,2023-01-01T01:14:15
-4.225324,-20.348672,2023-01-01T01:14:16
-4.225324,-20.348672,2023-01-01T01:14:17
-4.225324,-20.348672,2023-01-01T01:14:18
-4.225324,-20.348672,2023-01-01T01:14:19
-4.225324,-20.348672,2023-01-01T01:14:20
-4.225324,-20.348672,2023-01-01T01:14:21
-4.225324,-20.348672,2023-01-01T01:14:22
-4.114132,-20.348672,2023-01-01T01:14:23
-4.114132,-20.348672,2023-01-01T01:14:24
-4.114132,-20.348672,2023-01-01T01:14:25
-4.114132,-20.348672,2023-01-01T01:14:26
-4.114132,-20.348672,2023-01-01T01:14:27
-4.114132,-20.348672,2023-01-01T01:14:28
-4.002939,-20.348672,2023-01-01T01:14:29
-4.002939,-20.348672,2023-01-01T01:14:30
-4.002939,-20.348672,2023-01-01T01:14:31
-4.002939,-20.348672,2023-01-01T01:14:32
-4.002939,-20.348672,2023-01-01T01:14:33
-4.002939,-20.348672,2023-01-01T01:14:34
-3.891746,-20.348672,2023-01-01T01:14:35
-3.891746,-20.348672,2023-01-01T01:14:36
-3.891746,-20.348672,2023-01-01T01:14:37
-3.891746,-20.348672,2023-01-01T01:14:38
-3.891746,-20.348672,2023-01-01T01:14:39
-3.780553,-20.348672,2023-01-01T01:14:40
-3.780553,-20.348672,2023-01-01T01:14:41
-3.780553,-20.348672,2023-01-01T01:14:42
-3.780553,-20.348672,2023-01-01T01:14:43
-3.780553,-20.348672,2023-01-01T01:14:44
-3.780553,-20.348672,2023-01-01T01:14:45
-3.780553,-20.348672,2023-01-01T01:14:46
-3.780553,-20.348672,2023-01-01T01:14:47
-3.780553,-20.348672,2023-01-01T01:14:48
-3.891746,-20.348672,2023-01-01T01:14:49
-3.891746,-20.348672,2023-01-01T01:14:50
-3.891746,-20.237477,2023-01-01T01:14:51
-3.891746,-20.237477,2023-01-01T01:14:52
-3.891746,-20.237477,2023-01-01T01:14:53
-3.891746,-20.237477,2023-01-01T01:14:54
-4.002939,-20.237477,2023-01-01T01:14:55
-4.002939,-20.237477,2023-01-01T01:14:56
-4.002939,-20.237477,2023-01-01T01:14:57
-4.002939,-20.237477,2023-01-01T01:14:58
-4.002939,-20.237477,2023-01-01T01:14:59
-4.002939,-20.237477,2023-01-01T01:15:00
-4.002939,-20.237477,2023-01-01T01:15:01
-4.114132,-20.237477,2023-01-01T01:15:02
-4.114132,-20.237477,2023-01-01T01:15:03
-4.114132,-20.237477,2023-01-01T01:15:04
-4.114132,-20.237477,2023-01-01T01:15:05
-4.114132,-20.237477,2023-01-01T01:15:06
-4.114132,-20.237477,2023-01-01T01:15:07
-4.114132,-20.237477,2023-01-01T01:15:08
-4.114132,-20.237477,2023-01-01T01:15:09
-4.114132,-20.237477,2023-01-01T01:15:10
-4.114132,-20.237477,2023-01-01T01:15:11
-4.225324,-20.237477,2023-01-01T01:15:12
-4.225324,-20.237477,2023-01-01T01:15:13
-4.225324,-20.237477,2023-01-01T01:15:14
-4.225324,-20.237477,2023-01-01T01:15:15
-4.225324,-20.237477,2023-01-01T01:15:16
-4.225324,-20.237477,2023-01-01T01:15:17
-4.225324,-20.237477,2023-01-01T01:15:18
-4.225324,-20.237477,2023-01-01T01:15:19
-4.225324,-20.237477,2023-01-01T01:15:20
-4.336517,-20.237477,2023-01-01T01:15:21
-4.336517,-20.237477,2023-01-01T01:15:22
-4.336517,-20.237477,2023-01-01T01:15:23
-4.336517,-20.237477,2023-01-01T01:15:24
-4.336517,-20.237477,2023-01-01T01:15:25
-4.336517,-20.237477,2023-01-01T01:15:26
-4.336517,-20.237477,2023-01-01T01:15:27
-4.336517,-20.237477,2023-01-01T01:15:28
-4.336517,-20.237477,2023-01-01T01:15:29
-4.336517,-20.237477,2023-01-01T01:15:30
-4.336517,-20.237477,2023-01-01T01:15:31
-4.336517,-20.237477,2023-01-01T01:15:32
-4.336517,-20.237477,2023-01-01T01:15:33
-4.447710,-20.237477,2023-01-01T01:15:34
-4.447710,-20.237477,2023-01-01T01:15:35
-4.447710,-20.237477,2023-01-01T01:15:36
-4.447710,-20.237477,2023-01-01T01:15:37
-4.447710,-20.237477,2023-01-01T01:15:38
-4.447710,-20.237477,2023-01-01T01:15:39
-4.447710,-20.237477,2023-01-01T01:15:40
-4.447710,-20.237477,2023-01-01T01:15:41
-4.447710,-20.237477,2023-01-01T01:15:42
-4.447710,-20.126282,2023-01-01T01:15:43
-4.447710,-20.126282,2023-01-01T01:15:44
-4.447710,-20.126282,2023-01-01T01:15:45
-4.447710,-20.126282,2023-01-01T01:15:46
-4.336517,-20.126282,2023-01-01T01:15:47
-4.336517,-20.126282,2023-01-01T01:15:48
-4.336517,-20.126282,2023-01-01T01:15:49
-4.336517,-20.126282,2023-01-01T01:15:50
-4.336517,-20.126282,2023-01-01T01:15:51
-4.336517,-20.126282,2023-01-01T01:15:52
-4.225324,-20.126282,2023-01-01T01:15:53
-4.225324,-20.126282,2023-01-01T01:15:54
-4.225324,-20.126282,2023-01-01T01:15:55
-4.225324,-20.126282,2023-01-01T01:15:56
-4.114132,-20.126282,2023-01-01T01:15:57
-4.114132,-20.126282,2023-01-01T01:15:58
-4.114132,-20.126282,2023-01-01T01:15:59
-4.002939,-20.237477,2023-01-01T01:16:00
-4.002939,-20.237477,2023-01-01T01:16:01
-4.002939,-20.237477,2023-01-01T01:16:02
-3.891746,-20.237477,2023-01-01T01:16:03
-3.891746,-20.237477,2023-01-01T01:16:04
-3.780553,-20.237477,2023-01-01T01:16:05
-3.780553,-20.237477,2023-01-01T01:16:06
-3.780553,-20.237477,2023-01-01T01:16:07
-3.669361,-20.237477,2023-01-01T01:16:08
-3.669361,-20.348672,2023-01-01T01:16:09
-3.558168,-20.348672,2023-01-01T01:16:10
-3.558168,-20.348672,2023-01-01T01:16:11
-3.446975,-20.348672,2023-01-01T01:16:12
-3.446975,-20.348672,2023-01-01T01:16:13
-3.446975,-20.348672,2023-01-01T01:16:14
-3.446975,-20.348672,2023-01-01T01:16:15
-3.446975,-20.348672,2023-01-01T01:16:16
-3.446975,-20.348672,2023-01-01T01:16:17
-3.446975,-20.348672,2023-01-01T01:16:18
-3.446975,-20.348672,2023-01-01T01:16:19
-3.446975,-20.348672,2023-01-01T01:16:20
-3.335782,-20.459867,2023-01-01T01:16:21
-3.335782,-20.459867,2023-01-01T01:16:22
-3.335782,-20.459867,2023-01-01T01:16:23
-3.335782,-20.459867,2023-01-01T01:16:24
-3.335782,-20.459867,2023-01-01T01:16:25
-3.335782,-20.459867,2023-01-01T01:16:26
-3.335782,-20.459867,2023-01-01T01:16:27
-3.335782,-20.459867,2023-01-01T01:16:28
-3.335782,-20.459867,2023-01-01T01:16:29
-3.335782,-20.459867,2023-01-01T01:16:30
-3.335782,-20.459867,2023-01-01T01:16:31
-3.335782,-20.459867,2023-01-01T01:16:32
-3.335782,-20.459867,2023-01-01T01:16:33
-3.335782,-20.459867,2023-01-01T01:16:34
-3.335782,-20.459867,2023-01-01T01:16:35
-3.335782,-20.459867,2023-01-01T01:16:36
-3.335782,-20.571061,2023-01-01T01:16:37
-3.335782,-20.571061,2023-01-01T01:16:38
-3.335782,-20.571061,2023-01-01T01:16:39
-3.335782,-20.571061,2023-01-01T01:16:40
-3.335782,-20.571061,2023-01-01T01:16:41
-3.335782,-20.571061,2023-01-01T01:16:42
-3.335782,-20.571061,2023-01-01T01:16:43
-3.335782,-20.571061,2023-01-01T01:16:44
-3.335782,-20.571061,2023-01-01T01:16:45
-3.335782,-20.571061,2023-01-01T01:16:46
-3.446975,-20.571061,2023-01-01T01:16:47
-3.446975,-20.571061,2023-01-01T01:16:48
-3.446975,-20.571061,2023-01-01T01:16:49
-3.446975,-20.571061,2023-01-01T01:16:50
-3.558168,-20.571061,2023-01-01T01:16:51
-3.558168,-20.571061,2023-01-01T01:16:52
-3.558168,-20.571061,2023-01-01T01:16:53
-3.558168,-20.571061,2023-01-01T01:16:54
-3.558168,-20.571061,2023-01-01T01:16:55
-3.669361,-20.571061,2023-01-01T01:16:56
-3.669361,-20.571061,2023-01-01T01:16:57
-3.669361,-20.571061,2023-01-01T01:16:58
-3.669361,-20.571061,2023-01-01T01:16:59
-3.669361,-20.571061,2023-01-01T01:17:00
-3.669361,-20.571061,2023-01-01T01:17:01
-3.780553,-20.571061,2023-01-01T01:17:02
-3.780553,-20.571061,2023-01-01T01:17:03
-3.780553,-20.571061,2023-01-01T01:17:04
-3.780553,-20.571061,2023-01-01T01:17:05
-3.780553,-20.571061,2023-01-01T01:17:06
-3.891746,-20.571061,2023-01-01T01:17:07
-3.891746,-20.571061,2023-01-01T01:17:08
-3.891746,-20.571061,2023-01-01T01:17:09
-3.891746,-20.571061,2023-01-01T01:17:10
-3.891746,-20.571061,2023-01-01T01:17:11
-3.891746,-20.571061,2023-01-01T01:17:12
-3.891746,-20.571061,2023-01-01T01:17:13
-4.002939,-20.571061,2023-01-01T01:17:14
-4.002939,-20.571061,2023-01-01T01:17:15
-4.002939,-20.571061,2023-01-01T01:17:16
-4.002939,-20.571061,2023-01-01T01:17:17
-4.002939,-20.571061,2023-01-01T01:17:18
-4.002939,-20.571061,2023-01-01T01:17:19
-4.002939,-20.571061,2023-01-01T01:17:20
-4.002939,-20.571061,2023-01-01T01:17:21
-4.002939,-20.571061,2023-01-01T01:17:22
-4.002939,-20.571061,2023-01-01T01:17:23
-4.002939,-20.571061,2023-01-01T01:17:24
-4.002939,-20.571061,2023-01-01T01:17:25
-4.002939,-20.571061,2023-01-01T01:17:26
-4.002939,-20.571061,2023-01-01T01:17:27
-4.114132,-20.459867,2023-01-01T01:17:28
-4.114132,-20.459867,2023-01-01T01:17:29
-4.114132,-20.459867,2023-01-01T01:17:30
-4.114132,-20.459867,2023-01-01T01:17:31
-4.114132,-20.459867,2023-01-01T01:17:32
-4.114132,-20.459867,2023-01-01T01:17:33
-4.114132,-20.459867,2023-01-01T01:17:34
-4.114132,-20.459867,2023-01-01T01:17:35
-4.114132,-20.459867,2023-01-01T01:17:36
-4.114132,-20.459867,2023-01-01T01:17:37
-4.114132,-20.459867,2023-01-01T01:17:38
-4.114132,-20.459867,2023-01-01T01:17:39
-4.114132,-20.459867,2023-01-01T01:17:40
-4.114132,-20.459867,2023-01-01T01:17:41
-4.114132,-20.459867,2023-01-01T01:17:42
-4.114132,-20.459867,2023-01-01T01:17:43
-4.114132,-20.459867,2023-01-01T01:17:44
-4.114132,-20.459867,2023-01-01T01:17:45
-4.114132,-20.459867,2023-01-01T01:17:46
-4.114132,-20.459867,2023-01-01T01:17:47
-4.114132,-20.459867,2023-01-01T01:17:48
-4.114132,-20.459867,2023-01-01T01:17:49
-4.114132,-20.459867,2023-01-01T01:17:50
-4.114132,-20.459867,2023-01-01T01:17:51
-4.114132,-20.459867,2023-01-01T01:17:52
-4.114132,-20.459867,2023-01-01T01:17:53
-4.114132,-20.459867,2023-01-01T01:17:54
-4.002939,-20.459867,2023-01-01T01:17:55
-4.002939,-20.348672,2023-01-01T01:17:56
-4.002939,-20.348672,2023-01-01T01:17:57
-4.002939,-20.348672,2023-01-01T01:17:58
-4.002939,-20.348672,2023-01-01T01:17:59
-4.002939,-20.348672,2023-01-01T01:18:00
-4.002939,-20.348672,2023-01-01T01:18:01
-4.002939,-20.348672,2023-01-01T01:18:02
-4.002939,-20.348672,2023-01-01T01:18:03
-4.002939,-20.348672,2023-01-01T01:18:04
-4.002939,-20.348672,2023-01-01T01:18:05
-4.002939,-20.348672,2023-01-01T01:18:06
-4.002939,-20.348672,2023-01-01T01:18:07
-4.002939,-20.348672,2023-01-01T01:18:08
-4.002939,-20.348672,2023-01-01T01:18:09
-4.002939,-20.348672,2023-01-01T01:18:10
-4.002939,-20.348672,2023-01-01T01:18:11
-4.002939,-20.348672,2023-01-01T01:18:12
-4.002939,-20.348672,2023-01-01T01:18:13
-4.002939,-20.348672,2023-01-01T01:18:14
-4.002939,-20.348672,2023-01-01T01:18:15
-4.002939,-20.348672,2023-01-01T01:18:16
-4.002939,-20.348672,2023-01-01T01:18:17
-4.002939,-20.348672,2023-01-01T01:18:18
-4.002939,-20.348672,2023-01-01T01:18:19
-4.002939,-20.348672,2023-01-01T01:18:20
-4.002939,-20.348672,2023-01-01T01:18:21
-4.002939,-20.348672,2023-01-01T01:18:22
-4.002939,-20.348672,2023-01-01T01:18:23
-4.002939,-20.348672,2023-01-01T01:18:24
-4.002939,-20.237477,2023-01-01T01:18:25
-4.002939,-20.237477,2023-01-01T01:18:26
-4.002939,-20.237477,2023-01-01T01:18:27
-4.002939,-20.237477,2023-01-01T01:18:28
-4.002939,-20.237477,2023-01-01T01:18:29
-4.002939,-20.237477,2023-01-01T01:18:30
-4.002939,-20.237477,2023-01-01T01:18:31
-4.002939,-20.237477,2023-01-01T01:18:32
-4.002939,-20.237477,2023-01-01T01:18:33
-4.002939,-20.237477,2023-01-01T01:18:34
-4.002939,-20.237477,2023-01-01T01:18:35
-4.002939,-20.237477,2023-01-01T01:18:36
-4.002939,-20.237477,2023-01-01T01:18:37
-4.002939,-20.237477,2023-01-01T01:18:38
-4.002939,-20.237477,2023-01-01T01:18:39
-4.002939,-20.237477,2023-01-01T01:18:40
-4.002939,-20.237477,2023-01-01T01:18:41
-4.002939,-20.237477,2023-01-01T01:18:42
-4.002939,-20.237477,2023-01-01T01:18:43
-4.002939,-20.237477,2023-01-01T01:18:44
-4.002939,-20.237477,2023-01-01T01:18:45
-4.002939,-20.237477,2023-01-01T01:18:46
-4.002939,-20.237477,2023-01-01T01:18:47
-4.002939,-20.237477,2023-01-01T01:18:48
-4.114132,-20.237477,2023-01-01T01:18:49
-4.114132,-20.237477,2023-01-01T01:18:50
-4.114132,-20.237477,2023-01-01T01:18:51
-4.114132,-20.237477,2023-01-01T01:18:52
-4.114132,-20.237477,2023-01-01T01:18:53
-4.114132,-20.237477,2023-01-01T01:18:54
-4.114132,-20.237477,2023-01-01T01:18:55
-4.114132,-20.237477,2023-01-01T01:18:56
-4.114132,-20.237477,2023-01-01T01:18:57
-4.114132,-20.237477,2023-01-01T01:18:58
-4.114132,-20.237477,2023-01-01T01:18:59
-4.114132,-20.237477,2023-01-01T01:19:00
-4.114132,-20.237477,2023-01-01T01:19:01
-4.114132,-20.237477,2023-01-01T01:19:02
-4.114132,-20.237477,2023-01-01T01:19:03
-4.114132,-20.237477,2023-01-01T01:19:04
-4.114132,-20.237477,2023-01-01T01:19:05
-4.114132,-20.237477,2023-01-01T01:19:06
-4.114132,-20.237477,2023-01-01T01:19:07
-4.114132,-20.237477,2023-01-01T01:19:08
-4.114132,-20.237477,2023-01-01T01:19:09
-4.114132,-20.237477,2023-01-01T01:19:10
-4.114132,-20.237477,2023-01-01T01:19:11
-4.114132,-20.237477,2023-01-01T01:19:12
-4.114132,-20.237477,2023-01-01T01:19:13
-4.114132,-20.237477,2023-01-01T01:19:14
-4.114132,-20.237477,2023-01-01T01:19:15
