x,y,timestamp
0.000000,0.000000,2023-01-01T00:29:11
0.000000,0.000000,2023-01-01T00:29:12
0.000000,0.000000,2023-01-01T00:29:13
0.111193,0.000000,2023-01-01T00:29:14
0.111193,0.000000,2023-01-01T00:29:15
0.111193,0.000000,2023-01-01T00:29:16
0.111193,0.000000,2023-01-01T00:29:17
0.111193,0.000000,2023-01-01T00:29:18
0.111193,0.000000,2023-01-01T00:29:19
0.111193,0.000000,2023-01-01T00:29:20
0.111193,0.000000,2023-01-01T00:29:21
0.111193,0.000000,2023-01-01T00:29:22
0.111193,0.000000,2023-01-01T00:29:23
0.111193,0.000000,2023-01-01T00:29:24
0.111193,0.000000,2023-01-01T00:29:25
0.111193,0.000000,2023-01-01T00:29:26
0.111193,0.000000,2023-01-01T00:29:27
0.111193,0.000000,2023-01-01T00:29:28
0.111193,0.000000,2023-01-01T00:29:29
0.111193,0.111195,2023-01-01T00:29:30
0.111193,0.111195,2023-01-01T00:29:31
0.111193,0.111195,2023-01-01T00:29:32
0.111193,0.111195,2023-01-01T00:29:33
0.111193,0.111195,2023-01-01T00:29:34
0.111193,0.111195,2023-01-01T00:29:35
0.111193,0.111195,2023-01-01T00:29:36
0.111193,0.222390,2023-01-01T00:29:37
0.111193,0.222390,2023-01-01T00:29:38
0.111193,0.222390,2023-01-01T00:29:39
0.111193,0.222390,2023-01-01T00:29:40
0.111193,0.222390,2023-01-01T00:29:41
0.000000,0.222390,2023-01-01T00:29:42
0.000000,0.222390,2023-01-01T00:29:43
0.000000,0.222390,2023-01-01T00:29:44
0.000000,0.222390,2023-01-01T00:29:45
0.000000,0.222390,2023-01-01T00:29:46
0.000000,0.222390,2023-01-01T00:29:47
0.000000,0.222390,2023-01-01T00:29:48
0.000000,0.333585,2023-01-01T00:29:49
0.000000,0.333585,2023-01-01T00:29:50
0.000000,0.333585,2023-01-01T00:29:51
0.000000,0.333585,2023-01-01T00:29:52
0.000000,0.333585,2023-01-01T00:29:53
0.000000,0.333585,2023-01-01T00:29:54
0.000000,0.333585,2023-01-01T00:29:55
0.000000,0.333585,2023-01-01T00:29:56
0.000000,0.333585,2023-01-01T00:29:57
0.000000,0.333585,2023-01-01T00:29:58
0.000000,0.333585,2023-01-01T00:29:59
0.000000,0.333585,2023-01-01T00:30:00
0.000000,0.444780,2023-01-01T00:30:01
0.000000,0.444780,2023-01-01T00:30:02
0.000000,0.444780,2023-01-01T00:30:03
0.000000,0.444780,2023-01-01T00:30:04
0.000000,0.444780,2023-01-01T00:30:05
0.000000,0.444780,2023-01-01T00:30:06
0.000000,0.444780,2023-01-01T00:30:07
0.000000,0.444780,2023-01-01T00:30:08
0.000000,0.444780,2023-01-01T00:30:09
0.000000,0.444780,2023-01-01T00:30:10
0.000000,0.444780,2023-01-01T00:30:11
0.000000,0.444780,2023-01-01T00:30:12
0.000000,0.444780,2023-01-01T00:30:13
0.000000,0.555975,2023-01-01T00:30:14
0.000000,0.555975,2023-01-01T00:30:15
0.000000,0.555975,2023-01-01T00:30:16
0.000000,0.555975,2023-01-01T00:30:17
0.000000,0.555975,2023-01-01T00:30:18
0.111193,0.555975,2023-01-01T00:30:19
0.111193,0.555975,2023-01-01T00:30:20
0.111193,0.555975,2023-01-01T00:30:21
0.111193,0.555975,2023-01-01T00:30:22
0.111193,0.555975,2023-01-01T00:30:23
0.111193,0.555975,2023-01-01T00:30:24
0.111193,0.555975,2023-01-01T00:30:25
0.111193,0.555975,2023-01-01T00:30:26
0.111193,0.555975,2023-01-01T00:30:27
0.111193,0.555975,2023-01-01T00:30:28
0.111193,0.555975,2023-01-01T00:30:29
0.111193,0.667170,2023-01-01T00:30:30
0.111193,0.667170,2023-01-01T00:30:31
0.111193,0.667170,2023-01-01T00:30:32
0.111193,0.667170,2023-01-01T00:30:33
0.111193,0.667170,2023-01-01T00:30:34
0.111193,0.667170,2023-01-01T00:30:35
0.111193,0.667170,2023-01-01T00:30:36
0.111193,0.667170,2023-01-01T00:30:37
0.111193,0.667170,2023-01-01T00:30:38
0.111193,0.667170,2023-01-01T00:30:39
0.111193,0.667170,2023-01-01T00:30:40
0.111193,0.667170,2023-01-01T00:30:41
0.111193,0.667170,2023-01-01T00:30:42
0.111193,0.667170,2023-01-01T00:30:43
0.111193,0.667170,2023-01-01T00:30:44
0.111193,0.667170,2023-01-01T00:30:45
0.111193,0.667170,2023-01-01T00:30:46
0.111193,0.667170,2023-01-01T00:30:47
0.111193,0.667170,2023-01-01T00:30:48
0.111193,0.667170,2023-01-01T00:30:49
0.111193,0.667170,2023-01-01T00:30:50
0.111193,0.667170,2023-01-01T00:30:51
0.111193,0.778364,2023-01-01T00:30:52
0.111193,0.778364,2023-01-01T00:30:53
0.222385,0.778364,2023-01-01T00:30:54
0.222385,0.778364,2023-01-01T00:30:55
0.222385,0.778364,2023-01-01T00:30:56
0.222385,0.778364,2023-01-01T00:30:57
0.222385,0.778364,2023-01-01T00:30:58
0.222385,0.778364,2023-01-01T00:30:59
0.222385,0.778364,2023-01-01T00:31:00
0.222385,0.778364,2023-01-01T00:31:01
0.222385,0.778364,2023-01-01T00:31:02
0.222385,0.778364,2023-01-01T00:31:03
0.222385,0.778364,2023-01-01T00:31:04
0.222385,0.778364,2023-01-01T00:31:05
0.222385,0.778364,2023-01-01T00:31:06
0.222385,0.778364,2023-01-01T00:31:07
0.222385,0.778364,2023-01-01T00:31:08
0.222385,0.778364,2023-01-01T00:31:09
0.222385,0.778364,2023-01-01T00:31:10
0.222385,0.778364,2023-01-01T00:31:11
0.222385,0.778364,2023-01-01T00:31:12
0.222385,0.778364,2023-01-01T00:31:13
0.222385,0.889559,2023-01-01T00:31:14
0.222385,0.889559,2023-01-01T00:31:15
0.222385,0.889559,2023-01-01T00:31:16
0.222385,0.889559,2023-01-01T00:31:17
0.222385,0.889559,2023-01-01T00:31:18
0.222385,0.889559,2023-01-01T00:31:19
0.222385,0.889559,2023-01-01T00:31:20
0.333578,0.889559,2023-01-01T00:31:21
0.333578,0.889559,2023-01-01T00:31:22
0.333578,0.889559,2023-01-01T00:31:23
0.333578,0.889559,2023-01-01T00:31:24
0.333578,0.889559,2023-01-01T00:31:25
0.333578,0.889559,2023-01-01T00:31:26
0.333578,1.000754,2023-01-01T00:31:27
0.333578,1.000754,2023-01-01T00:31:28
0.333578,1.000754,2023-01-01T00:31:29
0.333578,1.000754,2023-01-01T00:31:30
0.333578,1.000754,2023-01-01T00:31:31
0.333578,1.000754,2023-01-01T00:31:32
0.333578,1.000754,2023-01-01T00:31:33
0.333578,1.000754,2023-01-01T00:31:34
0.333578,1.000754,2023-01-01T00:31:35
0.333578,1.000754,2023-01-01T00:31:36
0.333578,1.000754,2023-01-01T00:31:37
0.333578,1.000754,2023-01-01T00:31:38
0.333578,1.111949,2023-01-01T00:31:39
0.333578,1.111949,2023-01-01T00:31:40
0.333578,1.111949,2023-01-01T00:31:41
0.333578,1.111949,2023-01-01T00:31:42
0.333578,1.111949,2023-01-01T00:31:43
0.333578,1.111949,2023-01-01T00:31:44
0.333578,1.111949,2023-01-01T00:31:45
0.333578,1.111949,2023-01-01T00:31:46
0.333578,1.111949,2023-01-01T00:31:47
0.333578,1.111949,2023-01-01T00:31:48
0.333578,1.111949,2023-01-01T00:31:49
0.444771,1.111949,2023-01-01T00:31:50
0.444771,1.111949,2023-01-01T00:31:51
0.444771,1.111949,2023-01-01T00:31:52
0.444771,1.111949,2023-01-01T00:31:53
0.444771,1.223144,2023-01-01T00:31:54
0.444771,1.223144,2023-01-01T00:31:55
0.444771,1.223144,2023-01-01T00:31:56
0.444771,1.223144,2023-01-01T00:31:57
0.444771,1.223144,2023-01-01T00:31:58
0.444771,1.223144,2023-01-01T00:31:59
0.444771,1.223144,2023-01-01T00:32:00
0.444771,1.223144,2023-01-01T00:32:01
0.444771,1.223144,2023-01-01T00:32:02
0.444771,1.223144,2023-01-01T00:32:03
0.444771,1.223144,2023-01-01T00:32:04
0.444771,1.223144,2023-01-01T00:32:05
0.444771,1.223144,2023-01-01T00:32:06
0.444771,1.223144,2023-01-01T00:32:07
0.444771,1.223144,2023-01-01T00:32:08
0.444771,1.223144,2023-01-01T00:32:09
0.444771,1.223144,2023-01-01T00:32:10
0.444771,1.223144,2023-01-01T00:32:11
0.444771,1.223144,2023-01-01T00:32:12
0.444771,1.223144,2023-01-01T00:32:13
0.444771,1.334339,2023-01-01T00:32:14
0.444771,1.334339,2023-01-01T00:32:15
0.444771,1.334339,2023-01-01T00:32:16
0.444771,1.334339,2023-01-01T00:32:17
0.444771,1.334339,2023-01-01T00:32:18
0.444771,1.334339,2023-01-01T00:32:19
0.444771,1.334339,2023-01-01T00:32:20
0.444771,1.334339,2023-01-01T00:32:21
0.444771,1.334339,2023-01-01T00:32:22
0.555964,1.334339,2023-01-01T00:32:23
0.555964,1.334339,2023-01-01T00:32:24
0.555964,1.334339,2023-01-01T00:32:25
0.555964,1.334339,2023-01-01T00:32:26
0.555964,1.334339,2023-01-01T00:32:27
0.555964,1.334339,2023-01-01T00:32:28
0.555964,1.334339,2023-01-01T00:32:29
0.555964,1.334339,2023-01-01T00:32:30
0.555964,1.334339,2023-01-01T00:32:31
0.555964,1.334339,2023-01-01T00:32:32
0.555964,1.334339,2023-01-01T00:32:33
0.555964,1.334339,2023-01-01T00:32:34
0.555964,1.334339,2023-01-01T00:32:35
0.555964,1.334339,2023-01-01T00:32:36
0.555964,1.334339,2023-01-01T00:32:37
0.555964,1.334339,2023-01-01T00:32:38
0.555964,1.334339,2023-01-01T00:32:39
0.555964,1.334339,2023-01-01T00:32:40
0.555964,1.334339,2023-01-01T00:32:41
0.555964,1.334339,2023-01-01T00:32:42
0.555964,1.334339,2023-01-01T00:32:43
0.555964,1.334339,2023-01-01T00:32:44
0.555964,1.334339,2023-01-01T00:32:45
0.555964,1.334339,2023-01-01T00:32:46
0.555964,1.334339,2023-01-01T00:32:47
0.555964,1.334339,2023-01-01T00:32:48
0.555964,1.334339,2023-01-01T00:32:49
0.555964,1.334339,2023-01-01T00:32:50
0.555964,1.334339,2023-01-01T00:32:51
0.555964,1.334339,2023-01-01T00:32:52
0.555964,1.334339,2023-01-01T00:32:53
0.555964,1.334339,2023-01-01T00:32:54
0.555964,1.334339,2023-01-01T00:32:55
0.444771,1.334339,2023-01-01T00:32:56
0.444771,1.334339,2023-01-01T00:32:57
0.444771,1.334339,2023-01-01T00:32:58
0.444771,1.334339,2023-01-01T00:32:59
0.444771,1.334339,2023-01-01T00:33:00
0.444771,1.334339,2023-01-01T00:33:01
0.444771,1.445534,2023-01-01T00:33:02
0.444771,1.445534,2023-01-01T00:33:03
0.444771,1.445534,2023-01-01T00:33:04
0.555964,1.445534,2023-01-01T00:33:05
0.555964,1.445534,2023-01-01T00:33:06
0.555964,1.445534,2023-01-01T00:33:07
0.555964,1.445534,2023-01-01T00:33:08
0.555964,1.445534,2023-01-01T00:33:09
0.555964,1.445534,2023-01-01T00:33:10
0.555964,1.445534,2023-01-01T00:33:11
0.555964,1.445534,2023-01-01T00:33:12
0.555964,1.445534,2023-01-01T00:33:13
0.444771,1.445534,2023-01-01T00:33:14
0.555964,1.445534,2023-01-01T00:33:15
0.555964,1.445534,2023-01-01T00:33:16
0.555964,1.445534,2023-01-01T00:33:17
0.555964,1.445534,2023-01-01T00:33:18
0.555964,1.445534,2023-01-01T00:33:19
0.555964,1.445534,2023-01-01T00:33:20
0.555964,1.445534,2023-01-01T00:33:21
0.555964,1.445534,2023-01-01T00:33:22
0.555964,1.445534,2023-01-01T00:33:23
0.555964,1.445534,2023-01-01T00:33:24
0.444771,1.445534,2023-01-01T00:33:25
0.444771,1.445534,2023-01-01T00:33:26
0.444771,1.445534,2023-01-01T00:33:27
0.444771,1.445534,2023-01-01T00:33:28
0.444771,1.445534,2023-01-01T00:33:29
0.444771,1.445534,2023-01-01T00:33:30
0.444771,1.445534,2023-01-01T00:33:31
0.444771,1.445534,2023-01-01T00:33:32
0.444771,1.445534,2023-01-01T00:33:33
0.444771,1.445534,2023-01-01T00:33:34
0.555964,1.445534,2023-01-01T00:33:35
0.555964,1.445534,2023-01-01T00:33:36
0.555964,1.445534,2023-01-01T00:33:37
0.555964,1.445534,2023-01-01T00:33:38
0.555964,1.445534,2023-01-01T00:33:39
0.555964,1.445534,2023-01-01T00:33:40
0.555964,1.445534,2023-01-01T00:33:41
0.555964,1.445534,2023-01-01T00:33:42
0.555964,1.556729,2023-01-01T00:33:43
0.555964,1.556729,2023-01-01T00:33:44
0.555964,1.556729,2023-01-01T00:33:45
0.555964,1.556729,2023-01-01T00:33:46
0.555964,1.556729,2023-01-01T00:33:47
0.555964,1.556729,2023-01-01T00:33:48
0.555964,1.556729,2023-01-01T00:33:49
0.667156,1.556729,2023-01-01T00:33:50
0.667156,1.556729,2023-01-01T00:33:51
0.667156,1.556729,2023-01-01T00:33:52
0.667156,1.556729,2023-01-01T00:33:53
0.667156,1.556729,2023-01-01T00:33:54
0.667156,1.556729,2023-01-01T00:33:55
0.667156,1.667924,2023-01-01T00:33:56
0.667156,1.667924,2023-01-01T00:33:57
0.667156,1.667924,2023-01-01T00:33:58
0.667156,1.667924,2023-01-01T00:33:59
0.667156,1.667924,2023-01-01T00:34:00
0.667156,1.667924,2023-01-01T00:34:01
0.667156,1.667924,2023-01-01T00:34:02
0.778349,1.667924,2023-01-01T00:34:03
0.778349,1.667924,2023-01-01T00:34:04
0.778349,1.667924,2023-01-01T00:34:05
0.778349,1.667924,2023-01-01T00:34:06
0.778349,1.667924,2023-01-01T00:34:07
0.778349,1.779119,2023-01-01T00:34:08
0.778349,1.779119,2023-01-01T00:34:09
0.778349,1.779119,2023-01-01T00:34:10
0.778349,1.779119,2023-01-01T00:34:11
0.778349,1.779119,2023-01-01T00:34:12
0.778349,1.779119,2023-01-01T00:34:13
0.778349,1.779119,2023-01-01T00:34:14
0.778349,1.779119,2023-01-01T00:34:15
0.889542,1.779119,2023-01-01T00:34:16
0.889542,1.779119,2023-01-01T00:34:17
0.889542,1.779119,2023-01-01T00:34:18
0.889542,1.890314,2023-01-01T00:34:19
0.889542,1.890314,2023-01-01T00:34:20
0.889542,1.890314,2023-01-01T00:34:21
0.889542,1.890314,2023-01-01T00:34:22
0.889542,1.890314,2023-01-01T00:34:23
0.889542,1.890314,2023-01-01T00:34:24
0.889542,1.890314,2023-01-01T00:34:25
0.889542,1.890314,2023-01-01T00:34:26
0.889542,1.890314,2023-01-01T00:34:27
0.889542,1.890314,2023-01-01T00:34:28
0.889542,1.890314,2023-01-01T00:34:29
0.889542,2.001509,2023-01-01T00:34:30
0.889542,2.001509,2023-01-01T00:34:31
1.000735,2.001509,2023-01-01T00:34:32
1.000735,2.001509,2023-01-01T00:34:33
1.000735,2.001509,2023-01-01T00:34:34
1.000735,2.001509,2023-01-01T00:34:35
1.000735,2.001509,2023-01-01T00:34:36
1.000735,2.001509,2023-01-01T00:34:37
1.000735,2.001509,2023-01-01T00:34:38
1.000735,2.001509,2023-01-01T00:34:39
1.000735,2.001509,2023-01-01T00:34:40
1.000735,2.112704,2023-01-01T00:34:41
1.000735,2.112704,2023-01-01T00:34:42
1.000735,2.112704,2023-01-01T00:34:43
1.000735,2.112704,2023-01-01T00:34:44
1.000735,2.112704,2023-01-01T00:34:45
1.000735,2.112704,2023-01-01T00:34:46
1.000735,2.112704,2023-01-01T00:34:47
1.000735,2.112704,2023-01-01T00:34:48
1.000735,2.112704,2023-01-01T00:34:49
1.000735,2.223899,2023-01-01T00:34:50
1.000735,2.223899,2023-01-01T00:34:51
1.000735,2.223899,2023-01-01T00:34:52
1.000735,2.223899,2023-01-01T00:34:53
1.111927,2.223899,2023-01-01T00:34:54
1.111927,2.223899,2023-01-01T00:34:55
1.111927,2.223899,2023-01-01T00:34:56
1.111927,2.223899,2023-01-01T00:34:57
1.111927,2.223899,2023-01-01T00:34:58
1.111927,2.335093,2023-01-01T00:34:59
1.111927,2.335093,2023-01-01T00:35:00
1.111927,2.335093,2023-01-01T00:35:01
1.111927,2.335093,2023-01-01T00:35:02
1.111927,2.335093,2023-01-01T00:35:03
1.111927,2.335093,2023-01-01T00:35:04
1.111927,2.335093,2023-01-01T00:35:05
1.111927,2.446288,2023-01-01T00:35:06
1.111927,2.446288,2023-01-01T00:35:07
1.111927,2.446288,2023-01-01T00:35:08
1.111927,2.446288,2023-01-01T00:35:09
1.111927,2.446288,2023-01-01T00:35:10
1.111927,2.446288,2023-01-01T00:35:11
1.223120,2.446288,2023-01-01T00:35:12
1.223120,2.557483,2023-01-01T00:35:13
1.223120,2.557483,2023-01-01T00:35:14
1.223120,2.557483,2023-01-01T00:35:15
1.223120,2.557483,2023-01-01T00:35:16
1.223120,2.557483,2023-01-01T00:35:17
1.223120,2.557483,2023-01-01T00:35:18
1.223120,2.557483,2023-01-01T00:35:19
1.223120,2.557483,2023-01-01T00:35:20
1.223120,2.668678,2023-01-01T00:35:21
1.223120,2.668678,2023-01-01T00:35:22
1.223120,2.668678,2023-01-01T00:35:23
1.223120,2.668678,2023-01-01T00:35:24
1.223120,2.668678,2023-01-01T00:35:25
1.223120,2.668678,2023-01-01T00:35:26
1.223120,2.668678,2023-01-01T00:35:27
1.223120,2.668678,2023-01-01T00:35:28
1.223120,2.779873,2023-01-01T00:35:29
1.334313,2.779873,2023-01-01T00:35:30
1.334313,2.779873,2023-01-01T00:35:31
1.334313,2.779873,2023-01-01T00:35:32
1.334313,2.779873,2023-01-01T00:35:33
1.334313,2.779873,2023-01-01T00:35:34
1.334313,2.779873,2023-01-01T00:35:35
1.334313,2.779873,2023-01-01T00:35:36
1.334313,2.779873,2023-01-01T00:35:37
1.334313,2.891068,2023-01-01T00:35:38
1.334313,2.891068,2023-01-01T00:35:39
1.334313,2.891068,2023-01-01T00:35:40
1.334313,2.891068,2023-01-01T00:35:41
1.334313,2.891068,2023-01-01T00:35:42
1.334313,2.891068,2023-01-01T00:35:43
1.334313,2.891068,2023-01-01T00:35:44
1.334313,3.002263,2023-01-01T00:35:45
1.334313,3.002263,2023-01-01T00:35:46
1.334313,3.002263,2023-01-01T00:35:47
1.334313,3.002263,2023-01-01T00:35:48
1.334313,3.002263,2023-01-01T00:35:49
1.334313,3.002263,2023-01-01T00:35:50
1.334313,3.002263,2023-01-01T00:35:51
1.445506,3.002263,2023-01-01T00:35:52
1.445506,3.113458,2023-01-01T00:35:53
1.445506,3.113458,2023-01-01T00:35:54
1.445506,3.113458,2023-01-01T00:35:55
1.445506,3.113458,2023-01-01T00:35:56
1.445506,3.113458,2023-01-01T00:35:57
1.445506,3.113458,2023-01-01T00:35:58
1.445506,3.113458,2023-01-01T00:35:59
1.445506,3.113458,2023-01-01T00:36:00
1.445506,3.224653,2023-01-01T00:36:01
1.445506,3.224653,2023-01-01T00:36:02
1.445506,3.224653,2023-01-01T00:36:03
1.445506,3.224653,2023-01-01T00:36:04
1.445506,3.224653,2023-01-01T00:36:05
1.445506,3.224653,2023-01-01T00:36:06
1.445506,3.224653,2023-01-01T00:36:07
1.445506,3.335848,2023-01-01T00:36:08
1.445506,3.335848,2023-01-01T00:36:09
1.556698,3.335848,2023-01-01T00:36:10
1.556698,3.335848,2023-01-01T00:36:11
1.556698,3.335848,2023-01-01T00:36:12
1.556698,3.335848,2023-01-01T00:36:13
1.556698,3.447043,2023-01-01T00:36:14
1.556698,3.447043,2023-01-01T00:36:15
1.556698,3.447043,2023-01-01T00:36:16
1.556698,3.447043,2023-01-01T00:36:17
1.556698,3.447043,2023-01-01T00:36:18
1.556698,3.447043,2023-01-01T00:36:19
1.556698,3.558238,2023-01-01T00:36:20
1.556698,3.558238,2023-01-01T00:36:21
1.667891,3.558238,2023-01-01T00:36:22
1.667891,3.558238,2023-01-01T00:36:23
1.667891,3.558238,2023-01-01T00:36:24
1.667891,3.558238,2023-01-01T00:36:25
1.667891,3.669433,2023-01-01T00:36:26
1.667891,3.669433,2023-01-01T00:36:27
1.667891,3.669433,2023-01-01T00:36:28
1.667891,3.669433,2023-01-01T00:36:29
1.667891,3.669433,2023-01-01T00:36:30
1.667891,3.669433,2023-01-01T00:36:31
1.667891,3.669433,2023-01-01T00:36:32
1.667891,3.780628,2023-01-01T00:36:33
1.667891,3.780628,2023-01-01T00:36:34
1.667891,3.780628,2023-01-01T00:36:35
1.667891,3.780628,2023-01-01T00:36:36
1.667891,3.780628,2023-01-01T00:36:37
1.667891,3.780628,2023-01-01T00:36:38
1.667891,3.891822,2023-01-01T00:36:39
1.667891,3.891822,2023-01-01T00:36:40
1.779084,3.891822,2023-01-01T00:36:41
1.779084,3.891822,2023-01-01T00:36:42
1.779084,3.891822,2023-01-01T00:36:43
1.779084,3.891822,2023-01-01T00:36:44
1.779084,3.891822,2023-01-01T00:36:45
1.779084,3.891822,2023-01-01T00:36:46
1.779084,4.003017,2023-01-01T00:36:47
1.779084,4.003017,2023-01-01T00:36:48
1.779084,4.003017,2023-01-01T00:36:49
1.779084,4.003017,2023-01-01T00:36:50
1.779084,4.003017,2023-01-01T00:36:51
1.779084,4.003017,2023-01-01T00:36:52
1.779084,4.003017,2023-01-01T00:36:53
1.890277,4.003017,2023-01-01T00:36:54
1.890277,4.003017,2023-01-01T00:36:55
1.890277,4.003017,2023-01-01T00:36:56
1.890277,4.114212,2023-01-01T00:36:57
1.890277,4.114212,2023-01-01T00:36:58
1.890277,4.114212,2023-01-01T00:36:59
1.890277,4.114212,2023-01-01T00:37:00
1.890277,4.114212,2023-01-01T00:37:01
1.890277,4.114212,2023-01-01T00:37:02
1.890277,4.114212,2023-01-01T00:37:03
1.890277,4.114212,2023-01-01T00:37:04
1.890277,4.114212,2023-01-01T00:37:05
1.890277,4.114212,2023-01-01T00:37:06
1.890277,4.114212,2023-01-01T00:37:07
1.890277,4.114212,2023-01-01T00:37:08
1.890277,4.114212,2023-01-01T00:37:09
1.890277,4.114212,2023-01-01T00:37:10
2.001469,4.225407,2023-01-01T00:37:11
2.001469,4.225407,2023-01-01T00:37:12
2.001469,4.225407,2023-01-01T00:37:13
2.001469,4.225407,2023-01-01T00:37:14
2.001469,4.225407,2023-01-01T00:37:15
2.001469,4.225407,2023-01-01T00:37:16
2.001469,4.225407,2023-01-01T00:37:17
2.001469,4.225407,2023-01-01T00:37:18
2.001469,4.225407,2023-01-01T00:37:19
2.001469,4.336602,2023-01-01T00:37:20
2.001469,4.336602,2023-01-01T00:37:21
2.001469,4.336602,2023-01-01T00:37:22
2.001469,4.336602,2023-01-01T00:37:23
2.001469,4.336602,2023-01-01T00:37:24
2.001469,4.336602,2023-01-01T00:37:25
2.001469,4.336602,2023-01-01T00:37:26
2.001469,4.447797,2023-01-01T00:37:27
2.001469,4.447797,2023-01-01T00:37:28
2.001469,4.447797,2023-01-01T00:37:29
2.001469,4.447797,2023-01-01T00:37:30
2.001469,4.447797,2023-01-01T00:37:31
2.001469,4.447797,2023-01-01T00:37:32
2.001469,4.447797,2023-01-01T00:37:33
2.112662,4.447797,2023-01-01T00:37:34
2.112662,4.447797,2023-01-01T00:37:35
2.112662,4.558992,2023-01-01T00:37:36
2.112662,4.558992,2023-01-01T00:37:37
2.112662,4.558992,2023-01-01T00:37:38
2.112662,4.558992,2023-01-01T00:37:39
2.112662,4.558992,2023-01-01T00:37:40
2.112662,4.558992,2023-01-01T00:37:41
2.112662,4.558992,2023-01-01T00:37:42
2.112662,4.558992,2023-01-01T00:37:43
2.112662,4.670187,2023-01-01T00:37:44
2.112662,4.670187,2023-01-01T00:37:45
2.112662,4.670187,2023-01-01T00:37:46
2.112662,4.670187,2023-01-01T00:37:47
2.112662,4.670187,2023-01-01T00:37:48
2.112662,4.670187,2023-01-01T00:37:49
2.112662,4.670187,2023-01-01T00:37:50
2.112662,4.670187,2023-01-01T00:37:51
2.112662,4.670187,2023-01-01T00:37:52
2.112662,4.781382,2023-01-01T00:37:53
2.112662,4.781382,2023-01-01T00:37:54
2.112662,4.781382,2023-01-01T00:37:55
2.112662,4.781382,2023-01-01T00:37:56
2.112662,4.781382,2023-01-01T00:37:57
2.112662,4.781382,2023-01-01T00:37:58
2.223855,4.781382,2023-01-01T00:37:59
2.223855,4.781382,2023-01-01T00:38:00
2.223855,4.781382,2023-01-01T00:38:01
2.223855,4.781382,2023-01-01T00:38:02
2.223855,4.892577,2023-01-01T00:38:03
2.223855,4.892577,2023-01-01T00:38:04
2.223855,4.892577,2023-01-01T00:38:05
2.223855,4.892577,2023-01-01T00:38:06
2.223855,4.892577,2023-01-01T00:38:07
2.223855,4.892577,2023-01-01T00:38:08
2.223855,4.892577,2023-01-01T00:38:09
2.223855,4.892577,2023-01-01T00:38:10
2.223855,5.003772,2023-01-01T00:38:11
2.223855,5.003772,2023-01-01T00:38:12
2.223855,5.003772,2023-01-01T00:38:13
2.223855,5.003772,2023-01-01T00:38:14
2.223855,5.003772,2023-01-01T00:38:15
2.223855,5.003772,2023-01-01T00:38:16
2.223855,5.003772,2023-01-01T00:38:17
2.223855,5.003772,2023-01-01T00:38:18
2.223855,5.114967,2023-01-01T00:38:19
2.223855,5.114967,2023-01-01T00:38:20
2.223855,5.114967,2023-01-01T00:38:21
2.223855,5.114967,2023-01-01T00:38:22
2.223855,5.114967,2023-01-01T00:38:23
2.223855,5.114967,2023-01-01T00:38:24
2.223855,5.114967,2023-01-01T00:38:25
2.223855,5.226162,2023-01-01T00:38:26
2.223855,5.226162,2023-01-01T00:38:27
2.335048,5.226162,2023-01-01T00:38:28
2.335048,5.226162,2023-01-01T00:38:29
2.335048,5.226162,2023-01-01T00:38:30
2.335048,5.226162,2023-01-01T00:38:31
2.335048,5.226162,2023-01-01T00:38:32
2.335048,5.337356,2023-01-01T00:38:33
2.335048,5.337356,2023-01-01T00:38:34
2.335048,5.337356,2023-01-01T00:38:35
2.335048,5.337356,2023-01-01T00:38:36
2.335048,5.337356,2023-01-01T00:38:37
2.335048,5.337356,2023-01-01T00:38:38
2.335048,5.337356,2023-01-01T00:38:39
2.335048,5.337356,2023-01-01T00:38:40
2.335048,5.337356,2023-01-01T00:38:41
2.335048,5.337356,2023-01-01T00:38:42
2.335048,5.448551,2023-01-01T00:38:43
2.335048,5.448551,2023-01-01T00:38:44
2.335048,5.448551,2023-01-01T00:38:45
2.335048,5.448551,2023-01-01T00:38:46
2.335048,5.448551,2023-01-01T00:38:47
2.335048,5.448551,2023-01-01T00:38:48
2.335048,5.448551,2023-01-01T00:38:49
2.335048,5.448551,2023-01-01T00:38:50
2.335048,5.448551,2023-01-01T00:38:51
2.335048,5.559746,2023-01-01T00:38:52
2.335048,5.559746,2023-01-01T00:38:53
2.335048,5.559746,2023-01-01T00:38:54
2.335048,5.559746,2023-01-01T00:38:55
2.335048,5.559746,2023-01-01T00:38:56
2.335048,5.559746,2023-01-01T00:38:57
2.335048,5.559746,2023-01-01T00:38:58
2.335048,5.559746,2023-01-01T00:38:59
2.335048,5.559746,2023-01-01T00:39:00
2.335048,5.559746,2023-01-01T00:39:01
2.335048,5.559746,2023-01-01T00:39:02
2.335048,5.559746,2023-01-01T00:39:03
2.446240,5.670941,2023-01-01T00:39:04
2.446240,5.670941,2023-01-01T00:39:05
2.446240,5.670941,2023-01-01T00:39:06
2.446240,5.670941,2023-01-01T00:39:07
2.446240,5.670941,2023-01-01T00:39:08
2.446240,5.670941,2023-01-01T00:39:09
2.446240,5.670941,2023-01-01T00:39:10
2.446240,5.670941,2023-01-01T00:39:11
2.446240,5.670941,2023-01-01T00:39:12
2.446240,5.670941,2023-01-01T00:39:13
2.446240,5.670941,2023-01-01T00:39:14
2.446240,5.670941,2023-01-01T00:39:15
2.446240,5.782136,2023-01-01T00:39:16
2.446240,5.782136,2023-01-01T00:39:17
2.446240,5.782136,2023-01-01T00:39:18
2.446240,5.782136,2023-01-01T00:39:19
2.446240,5.782136,2023-01-01T00:39:20
2.446240,5.782136,2023-01-01T00:39:21
2.557433,5.782136,2023-01-01T00:39:22
2.557433,5.782136,2023-01-01T00:39:23
2.557433,5.782136,2023-01-01T00:39:24
2.557433,5.782136,2023-01-01T00:39:25
2.557433,5.782136,2023-01-01T00:39:26
2.557433,5.782136,2023-01-01T00:39:27
2.557433,5.782136,2023-01-01T00:39:28
2.557433,5.782136,2023-01-01T00:39:29
2.557433,5.782136,2023-01-01T00:39:30
2.557433,5.782136,2023-01-01T00:39:31
2.557433,5.893331,2023-01-01T00:39:32
2.557433,5.893331,2023-01-01T00:39:33
2.557433,5.893331,2023-01-01T00:39:34
2.557433,5.893331,2023-01-01T00:39:35
2.557433,5.893331,2023-01-01T00:39:36
2.557433,5.893331,2023-01-01T00:39:37
2.557433,5.893331,2023-01-01T00:39:38
2.557433,5.893331,2023-01-01T00:39:39
2.557433,5.893331,2023-01-01T00:39:40
2.557433,5.893331,2023-01-01T00:39:41
2.557433,5.893331,2023-01-01T00:39:42
2.557433,5.893331,2023-01-01T00:39:43
2.557433,5.893331,2023-01-01T00:39:44
2.557433,5.893331,2023-01-01T00:39:45
2.557433,5.893331,2023-01-01T00:39:46
2.557433,5.893331,2023-01-01T00:39:47
2.557433,5.893331,2023-01-01T00:39:48
2.557433,5.893331,2023-01-01T00:39:49
2.557433,5.893331,2023-01-01T00:39:50
2.557433,5.893331,2023-01-01T00:39:51
2.557433,5.893331,2023-01-01T00:39:52
2.668626,5.893331,2023-01-01T00:39:53
2.668626,5.893331,2023-01-01T00:39:54
2.668626,5.893331,2023-01-01T00:39:55
2.668626,5.893331,2023-01-01T00:39:56
2.668626,5.893331,2023-01-01T00:39:57
2.668626,6.004526,2023-01-01T00:39:58
2.668626,6.004526,2023-01-01T00:39:59
2.668626,6.004526,2023-01-01T00:40:00
2.668626,6.004526,2023-01-01T00:40:01
2.668626,6.004526,2023-01-01T00:40:02
2.668626,6.004526,2023-01-01T00:40:03
2.668626,6.004526,2023-01-01T00:40:04
2.668626,6.004526,2023-01-01T00:40:05
2.668626,6.004526,2023-01-01T00:40:06
2.668626,6.004526,2023-01-01T00:40:07
2.668626,6.004526,2023-01-01T00:40:08
2.668626,6.004526,2023-01-01T00:40:09
2.668626,6.004526,2023-01-01T00:40:10
2.668626,6.004526,2023-01-01T00:40:11
2.668626,6.004526,2023-01-01T00:40:12
2.668626,6.004526,2023-01-01T00:40:13
2.668626,6.004526,2023-01-01T00:40:14
2.779819,6.004526,2023-01-01T00:40:15
2.779819,6.004526,2023-01-01T00:40:16
2.779819,6.004526,2023-01-01T00:40:17
2.779819,6.004526,2023-01-01T00:40:18
2.779819,6.004526,2023-01-01T00:40:19
2.779819,6.115721,2023-01-01T00:40:20
2.779819,6.115721,2023-01-01T00:40:21
2.779819,6.115721,2023-01-01T00:40:22
2.779819,6.115721,2023-01-01T00:40:23
2.779819,6.115721,2023-01-01T00:40:24
2.779819,6.115721,2023-01-01T00:40:25
2.779819,6.115721,2023-01-01T00:40:26
2.779819,6.115721,2023-01-01T00:40:27
2.779819,6.115721,2023-01-01T00:40:28
2.779819,6.115721,2023-01-01T00:40:29
2.779819,6.115721,2023-01-01T00:40:30
2.779819,6.115721,2023-01-01T00:40:31
2.779819,6.115721,2023-01-01T00:40:32
2.779819,6.115721,2023-01-01T00:40:33
2.779819,6.115721,2023-01-01T00:40:34
2.779819,6.115721,2023-01-01T00:40:35
2.779819,6.115721,2023-01-01T00:40:36
2.779819,6.115721,2023-01-01T00:40:37
2.779819,6.115721,2023-01-01T00:40:38
2.779819,6.115721,2023-01-01T00:40:39
2.779819,6.115721,2023-01-01T00:40:40
2.779819,6.115721,2023-01-01T00:40:41
2.779819,6.115721,2023-01-01T00:40:42
2.779819,6.115721,2023-01-01T00:40:43
2.891011,6.115721,2023-01-01T00:40:44
2.891011,6.115721,2023-01-01T00:40:45
2.891011,6.115721,2023-01-01T00:40:46
2.891011,6.115721,2023-01-01T00:40:47
2.891011,6.115721,2023-01-01T00:40:48
2.891011,6.115721,2023-01-01T00:40:49
2.891011,6.115721,2023-01-01T00:40:50
2.891011,6.115721,2023-01-01T00:40:51
2.891011,6.115721,2023-01-01T00:40:52
2.891011,6.115721,2023-01-01T00:40:53
2.891011,6.115721,2023-01-01T00:40:54
2.891011,6.115721,2023-01-01T00:40:55
3.002204,6.115721,2023-01-01T00:40:56
3.002204,6.115721,2023-01-01T00:40:57
3.002204,6.115721,2023-01-01T00:40:58
3.002204,6.115721,2023-01-01T00:40:59
3.002204,6.115721,2023-01-01T00:41:00
3.002204,6.115721,2023-01-01T00:41:01
3.002204,6.115721,2023-01-01T00:41:02
3.002204,6.115721,2023-01-01T00:41:03
3.002204,6.115721,2023-01-01T00:41:04
3.002204,6.004526,2023-01-01T00:41:05
3.002204,6.004526,2023-01-01T00:41:06
3.002204,6.004526,2023-01-01T00:41:07
3.002204,6.004526,2023-01-01T00:41:08
3.002204,6.004526,2023-01-01T00:41:09
3.002204,6.004526,2023-01-01T00:41:10
3.002204,6.004526,2023-01-01T00:41:11
3.002204,6.004526,2023-01-01T00:41:12
3.002204,6.004526,2023-01-01T00:41:13
3.002204,6.004526,2023-01-01T00:41:14
3.002204,6.004526,2023-01-01T00:41:15
3.002204,6.004526,2023-01-01T00:41:16
3.002204,6.004526,2023-01-01T00:41:17
3.002204,6.004526,2023-01-01T00:41:18
3.002204,6.004526,2023-01-01T00:41:19
2.891011,6.004526,2023-01-01T00:41:20
2.891011,6.004526,2023-01-01T00:41:21
2.891011,6.004526,2023-01-01T00:41:22
2.891011,6.004526,2023-01-01T00:41:23
2.891011,6.004526,2023-01-01T00:41:24
2.891011,6.004526,2023-01-01T00:41:25
2.891011,6.004526,2023-01-01T00:41:26
2.891011,6.004526,2023-01-01T00:41:27
2.891011,6.004526,2023-01-01T00:41:28
2.779819,6.004526,2023-01-01T00:41:29
2.779819,6.004526,2023-01-01T00:41:30
2.779819,6.004526,2023-01-01T00:41:31
2.779819,6.004526,2023-01-01T00:41:32
2.779819,6.004526,2023-01-01T00:41:33
2.779819,6.004526,2023-01-01T00:41:34
2.779819,6.004526,2023-01-01T00:41:35
2.779819,6.004526,2023-01-01T00:41:36
2.779819,6.004526,2023-01-01T00:41:37
2.668626,6.115721,2023-01-01T00:41:38
2.668626,6.115721,2023-01-01T00:41:39
2.668626,6.115721,2023-01-01T00:41:40
2.668626,6.115721,2023-01-01T00:41:41
2.668626,6.115721,2023-01-01T00:41:42
2.668626,6.115721,2023-01-01T00:41:43
2.668626,6.115721,2023-01-01T00:41:44
2.668626,6.115721,2023-01-01T00:41:45
2.668626,6.115721,2023-01-01T00:41:46
2.668626,6.115721,2023-01-01T00:41:47
2.668626,6.115721,2023-01-01T00:41:48
2.668626,6.115721,2023-01-01T00:41:49
2.557433,6.115721,2023-01-01T00:41:50
2.557433,6.115721,2023-01-01T00:41:51
2.557433,6.115721,2023-01-01T00:41:52
2.557433,6.115721,2023-01-01T00:41:53
2.557433,6.115721,2023-01-01T00:41:54
2.557433,6.115721,2023-01-01T00:41:55
2.557433,6.115721,2023-01-01T00:41:56
2.557433,6.115721,2023-01-01T00:41:57
2.557433,6.115721,2023-01-01T00:41:58
2.557433,6.115721,2023-01-01T00:41:59
2.557433,6.115721,2023-01-01T00:42:00
2.557433,6.115721,2023-01-01T00:42:01
2.557433,6.115721,2023-01-01T00:42:02
2.557433,6.115721,2023-01-01T00:42:03
2.557433,6.115721,2023-01-01T00:42:04
2.557433,6.115721,2023-01-01T00:42:05
2.557433,6.115721,2023-01-01T00:42:06
2.446240,6.115721,2023-01-01T00:42:07
2.446240,6.115721,2023-01-01T00:42:08
2.446240,6.115721,2023-01-01T00:42:09
2.446240,6.115721,2023-01-01T00:42:10
2.446240,6.226916,2023-01-01T00:42:11
2.446240,6.226916,2023-01-01T00:42:12
2.446240,6.226916,2023-01-01T00:42:13
2.446240,6.226916,2023-01-01T00:42:14
2.446240,6.226916,2023-01-01T00:42:15
2.446240,6.226916,2023-01-01T00:42:16
2.446240,6.226916,2023-01-01T00:42:17
2.446240,6.226916,2023-01-01T00:42:18
2.446240,6.226916,2023-01-01T00:42:19
2.446240,6.226916,2023-01-01T00:42:20
2.335048,6.226916,2023-01-01T00:42:21
2.335048,6.226916,2023-01-01T00:42:22
2.335048,6.226916,2023-01-01T00:42:23
2.335048,6.226916,2023-01-01T00:42:24
2.335048,6.226916,2023-01-01T00:42:25
2.335048,6.226916,2023-01-01T00:42:26
2.335048,6.226916,2023-01-01T00:42:27
2.335048,6.338111,2023-01-01T00:42:28
2.223855,6.338111,2023-01-01T00:42:29
2.223855,6.338111,2023-01-01T00:42:30
2.223855,6.338111,2023-01-01T00:42:31
2.223855,6.338111,2023-01-01T00:42:32
2.223855,6.338111,2023-01-01T00:42:33
2.223855,6.338111,2023-01-01T00:42:34
2.223855,6.338111,2023-01-01T00:42:35
2.223855,6.338111,2023-01-01T00:42:36
2.223855,6.338111,2023-01-01T00:42:37
2.223855,6.338111,2023-01-01T00:42:38
2.112662,6.338111,2023-01-01T00:42:39
2.112662,6.338111,2023-01-01T00:42:40
2.112662,6.338111,2023-01-01T00:42:41
2.112662,6.338111,2023-01-01T00:42:42
2.112662,6.338111,2023-01-01T00:42:43
2.112662,6.449306,2023-01-01T00:42:44
2.112662,6.449306,2023-01-01T00:42:45
2.112662,6.449306,2023-01-01T00:42:46
2.112662,6.449306,2023-01-01T00:42:47
2.112662,6.449306,2023-01-01T00:42:48
2.112662,6.449306,2023-01-01T00:42:49
2.112662,6.449306,2023-01-01T00:42:50
2.112662,6.449306,2023-01-01T00:42:51
2.112662,6.449306,2023-01-01T00:42:52
2.112662,6.449306,2023-01-01T00:42:53
2.112662,6.449306,2023-01-01T00:42:54
2.112662,6.449306,2023-01-01T00:42:55
2.112662,6.449306,2023-01-01T00:42:56
2.112662,6.449306,2023-01-01T00:42:57
2.112662,6.449306,2023-01-01T00:42:58
2.112662,6.449306,2023-01-01T00:42:59
2.112662,6.449306,2023-01-01T00:43:00
2.112662,6.449306,2023-01-01T00:43:01
2.112662,6.449306,2023-01-01T00:43:02
2.112662,6.449306,2023-01-01T00:43:03
2.112662,6.449306,2023-01-01T00:43:04
2.112662,6.449306,2023-01-01T00:43:05
2.112662,6.449306,2023-01-01T00:43:06
2.112662,6.449306,2023-01-01T00:43:07
2.112662,6.449306,2023-01-01T00:43:08
2.112662,6.449306,2023-01-01T00:43:09
2.112662,6.449306,2023-01-01T00:43:10
2.112662,6.449306,2023-01-01T00:43:11
2.112662,6.449306,2023-01-01T00:43:12
2.112662,6.449306,2023-01-01T00:43:13
2.112662,6.449306,2023-01-01T00:43:14
2.112662,6.449306,2023-01-01T00:43:15
2.112662,6.449306,2023-01-01T00:43:16
2.112662,6.449306,2023-01-01T00:43:17
2.112662,6.449306,2023-01-01T00:43:18
2.112662,6.449306,2023-01-01T00:43:19
2.112662,6.449306,2023-01-01T00:43:20
2.112662,6.449306,2023-01-01T00:43:21
2.112662,6.449306,2023-01-01T00:43:22
2.112662,6.449306,2023-01-01T00:43:23
2.112662,6.449306,2023-01-01T00:43:24
2.112662,6.449306,2023-01-01T00:43:25
2.112662,6.449306,2023-01-01T00:43:26
2.112662,6.449306,2023-01-01T00:43:27
2.223855,6.449306,2023-01-01T00:43:28
2.223855,6.449306,2023-01-01T00:43:29
2.223855,6.449306,2023-01-01T00:43:30
2.112662,6.449306,2023-01-01T00:43:31
2.112662,6.449306,2023-01-01T00:43:32
2.112662,6.449306,2023-01-01T00:43:33
2.112662,6.449306,2023-01-01T00:43:34
2.112662,6.449306,2023-01-01T00:43:35
2.112662,6.449306,2023-01-01T00:43:36
2.112662,6.449306,2023-01-01T00:43:37
2.112662,6.449306,2023-01-01T00:43:38
2.112662,6.449306,2023-01-01T00:43:39
2.112662,6.449306,2023-01-01T00:43:40
2.112662,6.449306,2023-01-01T00:43:41
2.112662,6.449306,2023-01-01T00:43:42
2.112662,6.449306,2023-01-01T00:43:43
2.112662,6.449306,2023-01-01T00:43:44
2.112662,6.449306,2023-01-01T00:43:45
2.112662,6.449306,2023-01-01T00:43:46
2.112662,6.449306,2023-01-01T00:43:47
2.112662,6.560501,2023-01-01T00:43:48
2.112662,6.560501,2023-01-01T00:43:49
2.112662,6.560501,2023-01-01T00:43:50
2.112662,6.560501,2023-01-01T00:43:51
2.112662,6.560501,2023-01-01T00:43:52
2.001469,6.560501,2023-01-01T00:43:53
2.001469,6.560501,2023-01-01T00:43:54
2.001469,6.560501,2023-01-01T00:43:55
2.001469,6.560501,2023-01-01T00:43:56
2.001469,6.560501,2023-01-01T00:43:57
2.001469,6.560501,2023-01-01T00:43:58
2.001469,6.560501,2023-01-01T00:43:59
2.001469,6.560501,2023-01-01T00:44:00
2.001469,6.560501,2023-01-01T00:44:01
2.001469,6.560501,2023-01-01T00:44:02
2.001469,6.560501,2023-01-01T00:44:03
2.001469,6.560501,2023-01-01T00:44:04
2.001469,6.671696,2023-01-01T00:44:05
2.001469,6.671696,2023-01-01T00:44:06
2.001469,6.671696,2023-01-01T00:44:07
2.001469,6.671696,2023-01-01T00:44:08
2.001469,6.671696,2023-01-01T00:44:09
2.001469,6.671696,2023-01-01T00:44:10
2.001469,6.671696,2023-01-01T00:44:11
1.890277,6.671696,2023-01-01T00:44:12
1.890277,6.671696,2023-01-01T00:44:13
1.890277,6.671696,2023-01-01T00:44:14
1.890277,6.671696,2023-01-01T00:44:15
1.890277,6.671696,2023-01-01T00:44:16
1.890277,6.671696,2023-01-01T00:44:17
1.890277,6.671696,2023-01-01T00:44:18
1.890277,6.671696,2023-01-01T00:44:19
1.890277,6.671696,2023-01-01T00:44:20
1.890277,6.671696,2023-01-01T00:44:21
2.001469,6.671696,2023-01-01T00:44:22
2.001469,6.671696,2023-01-01T00:44:23
2.001469,6.671696,2023-01-01T00:44:24
2.001469,6.671696,2023-01-01T00:44:25
2.001469,6.671696,2023-01-01T00:44:26
2.001469,6.671696,2023-01-01T00:44:27
2.001469,6.671696,2023-01-01T00:44:28
2.001469,6.671696,2023-01-01T00:44:29
2.001469,6.671696,2023-01-01T00:44:30
2.001469,6.671696,2023-01-01T00:44:31
2.001469,6.671696,2023-01-01T00:44:32
2.001469,6.782891,2023-01-01T00:44:33
2.001469,6.782891,2023-01-01T00:44:34
2.001469,6.782891,2023-01-01T00:44:35
2.001469,6.782891,2023-01-01T00:44:36
2.001469,6.782891,2023-01-01T00:44:37
2.001469,6.782891,2023-01-01T00:44:38
2.001469,6.782891,2023-01-01T00:44:39
2.112662,6.782891,2023-01-01T00:44:40
2.112662,6.894085,2023-01-01T00:44:41
2.112662,6.894085,2023-01-01T00:44:42
2.112662,6.894085,2023-01-01T00:44:43
2.112662,6.894085,2023-01-01T00:44:44
2.112662,6.894085,2023-01-01T00:44:45
2.112662,7.005280,2023-01-01T00:44:46
2.112662,7.005280,2023-01-01T00:44:47
2.112662,7.005280,2023-01-01T00:44:48
2.112662,7.116475,2023-01-01T00:44:49
2.112662,7.116475,2023-01-01T00:44:50
2.112662,7.116475,2023-01-01T00:44:51
2.112662,7.227670,2023-01-01T00:44:52
2.112662,7.227670,2023-01-01T00:44:53
2.112662,7.227670,2023-01-01T00:44:54
2.112662,7.338865,2023-01-01T00:44:55
2.112662,7.338865,2023-01-01T00:44:56
2.112662,7.338865,2023-01-01T00:44:57
2.112662,7.450060,2023-01-01T00:44:58
2.112662,7.450060,2023-01-01T00:44:59
2.112662,7.561255,2023-01-01T00:45:00
2.112662,7.561255,2023-01-01T00:45:01
2.112662,7.561255,2023-01-01T00:45:02
2.112662,7.672450,2023-01-01T00:45:03
2.112662,7.672450,2023-01-01T00:45:04
2.112662,7.783645,2023-01-01T00:45:05
2.112662,7.783645,2023-01-01T00:45:06
2.112662,7.783645,2023-01-01T00:45:07
2.112662,7.894840,2023-01-01T00:45:08
2.112662,7.894840,2023-01-01T00:45:09
2.112662,8.006035,2023-01-01T00:45:10
2.112662,8.006035,2023-01-01T00:45:11
2.112662,8.006035,2023-01-01T00:45:12
2.112662,8.117230,2023-01-01T00:45:13
2.112662,8.117230,2023-01-01T00:45:14
2.112662,8.117230,2023-01-01T00:45:15
2.112662,8.228425,2023-01-01T00:45:16
2.112662,8.228425,2023-01-01T00:45:17
2.112662,8.228425,2023-01-01T00:45:18
2.112662,8.339619,2023-01-01T00:45:19
2.112662,8.339619,2023-01-01T00:45:20
2.112662,8.339619,2023-01-01T00:45:21
2.112662,8.339619,2023-01-01T00:45:22
2.112662,8.450814,2023-01-01T00:45:23
2.112662,8.450814,2023-01-01T00:45:24
2.112662,8.450814,2023-01-01T00:45:25
2.112662,8.450814,2023-01-01T00:45:26
2.112662,8.562009,2023-01-01T00:45:27
2.112662,8.562009,2023-01-01T00:45:28
2.112662,8.562009,2023-01-01T00:45:29
2.112662,8.673204,2023-01-01T00:45:30
2.112662,8.673204,2023-01-01T00:45:31
2.112662,8.673204,2023-01-01T00:45:32
2.112662,8.673204,2023-01-01T00:45:33
2.112662,8.673204,2023-01-01T00:45:34
2.112662,8.784399,2023-01-01T00:45:35
2.112662,8.784399,2023-01-01T00:45:36
2.112662,8.784399,2023-01-01T00:45:37
2.112662,8.784399,2023-01-01T00:45:38
2.112662,8.895594,2023-01-01T00:45:39
2.112662,8.895594,2023-01-01T00:45:40
2.112662,8.895594,2023-01-01T00:45:41
2.112662,8.895594,2023-01-01T00:45:42
2.112662,8.895594,2023-01-01T00:45:43
2.112662,9.006789,2023-01-01T00:45:44
2.112662,9.006789,2023-01-01T00:45:45
2.112662,9.006789,2023-01-01T00:45:46
2.223855,9.006789,2023-01-01T00:45:47
2.223855,9.006789,2023-01-01T00:45:48
2.223855,9.006789,2023-01-01T00:45:49
2.223855,9.006789,2023-01-01T00:45:50
2.335048,9.006789,2023-01-01T00:45:51
2.335048,9.006789,2023-01-01T00:45:52
2.335048,9.006789,2023-01-01T00:45:53
2.335048,9.006789,2023-01-01T00:45:54
2.335048,9.006789,2023-01-01T00:45:55
2.446240,9.006789,2023-01-01T00:45:56
2.446240,9.117984,2023-01-01T00:45:57
2.446240,9.117984,2023-01-01T00:45:58
2.446240,9.117984,2023-01-01T00:45:59
2.446240,9.117984,2023-01-01T00:46:00
2.557433,9.117984,2023-01-01T00:46:01
2.557433,9.117984,2023-01-01T00:46:02
2.557433,9.117984,2023-01-01T00:46:03
2.557433,9.117984,2023-01-01T00:46:04
2.557433,9.117984,2023-01-01T00:46:05
2.557433,9.117984,2023-01-01T00:46:06
2.557433,9.117984,2023-01-01T00:46:07
2.557433,9.117984,2023-01-01T00:46:08
2.557433,9.117984,2023-01-01T00:46:09
2.557433,9.117984,2023-01-01T00:46:10
2.668626,9.117984,2023-01-01T00:46:11
2.668626,9.117984,2023-01-01T00:46:12
2.668626,9.117984,2023-01-01T00:46:13
2.668626,9.117984,2023-01-01T00:46:14
2.668626,9.117984,2023-01-01T00:46:15
2.668626,9.117984,2023-01-01T00:46:16
2.668626,9.117984,2023-01-01T00:46:17
2.557433,9.117984,2023-01-01T00:46:18
2.557433,9.117984,2023-01-01T00:46:19
2.557433,9.117984,2023-01-01T00:46:20
2.557433,9.229179,2023-01-01T00:46:21
2.557433,9.229179,2023-01-01T00:46:22
2.557433,9.229179,2023-01-01T00:46:23
2.557433,9.229179,2023-01-01T00:46:24
2.557433,9.229179,2023-01-01T00:46:25
2.557433,9.229179,2023-01-01T00:46:26
2.557433,9.229179,2023-01-01T00:46:27
2.557433,9.229179,2023-01-01T00:46:28
2.557433,9.229179,2023-01-01T00:46:29
2.557433,9.229179,2023-01-01T00:46:30
2.557433,9.229179,2023-01-01T00:46:31
2.557433,9.340374,2023-01-01T00:46:32
2.557433,9.340374,2023-01-01T00:46:33
2.446240,9.340374,2023-01-01T00:46:34
2.446240,9.340374,2023-01-01T00:46:35
2.446240,9.340374,2023-01-01T00:46:36
2.446240,9.340374,2023-01-01T00:46:37
2.446240,9.340374,2023-01-01T00:46:38
2.446240,9.340374,2023-01-01T00:46:39
2.446240,9.340374,2023-01-01T00:46:40
2.335048,9.340374,2023-01-01T00:46:41
2.335048,9.340374,2023-01-01T00:46:42
2.335048,9.340374,2023-01-01T00:46:43
2.335048,9.451569,2023-01-01T00:46:44
2.335048,9.451569,2023-01-01T00:46:45
2.335048,9.451569,2023-01-01T00:46:46
2.335048,9.451569,2023-01-01T00:46:47
2.335048,9.451569,2023-01-01T00:46:48
2.335048,9.451569,2023-01-01T00:46:49
2.335048,9.451569,2023-01-01T00:46:50
2.223855,9.451569,2023-01-01T00:46:51
2.223855,9.451569,2023-01-01T00:46:52
2.223855,9.451569,2023-01-01T00:46:53
2.223855,9.451569,2023-01-01T00:46:54
2.223855,9.451569,2023-01-01T00:46:55
2.223855,9.451569,2023-01-01T00:46:56
2.223855,9.451569,2023-01-01T00:46:57
2.223855,9.451569,2023-01-01T00:46:58
2.223855,9.451569,2023-01-01T00:46:59
2.223855,9.451569,2023-01-01T00:47:00
2.223855,9.451569,2023-01-01T00:47:01
2.223855,9.562764,2023-01-01T00:47:02
2.223855,9.562764,2023-01-01T00:47:03
2.223855,9.562764,2023-01-01T00:47:04
2.223855,9.562764,2023-01-01T00:47:05
2.112662,9.562764,2023-01-01T00:47:06
2.112662,9.562764,2023-01-01T00:47:07
2.112662,9.562764,2023-01-01T00:47:08
2.112662,9.562764,2023-01-01T00:47:09
2.112662,9.562764,2023-01-01T00:47:10
2.112662,9.562764,2023-01-01T00:47:11
2.112662,9.562764,2023-01-01T00:47:12
2.112662,9.562764,2023-01-01T00:47:13
2.112662,9.562764,2023-01-01T00:47:14
2.112662,9.562764,2023-01-01T00:47:15
2.112662,9.562764,2023-01-01T00:47:16
2.112662,9.562764,2023-01-01T00:47:17
2.112662,9.562764,2023-01-01T00:47:18
2.112662,9.562764,2023-01-01T00:47:19
2.112662,9.562764,2023-01-01T00:47:20
2.112662,9.562764,2023-01-01T00:47:21
2.112662,9.562764,2023-01-01T00:47:22
2.112662,9.562764,2023-01-01T00:47:23
2.223855,9.451569,2023-01-01T00:47:24
2.223855,9.451569,2023-01-01T00:47:25
2.223855,9.451569,2023-01-01T00:47:26
2.223855,9.451569,2023-01-01T00:47:27
2.223855,9.451569,2023-01-01T00:47:28
2.223855,9.451569,2023-01-01T00:47:29
2.223855,9.451569,2023-01-01T00:47:30
2.223855,9.451569,2023-01-01T00:47:31
2.223855,9.451569,2023-01-01T00:47:32
2.223855,9.451569,2023-01-01T00:47:33
2.223855,9.451569,2023-01-01T00:47:34
2.223855,9.451569,2023-01-01T00:47:35
2.223855,9.451569,2023-01-01T00:47:36
2.223855,9.451569,2023-01-01T00:47:37
2.223855,9.451569,2023-01-01T00:47:38
2.223855,9.451569,2023-01-01T00:47:39
2.223855,9.451569,2023-01-01T00:47:40
2.223855,9.451569,2023-01-01T00:47:41
2.223855,9.451569,2023-01-01T00:47:42
2.223855,9.451569,2023-01-01T00:47:43
2.223855,9.340374,2023-01-01T00:47:44
2.223855,9.340374,2023-01-01T00:47:45
2.223855,9.340374,2023-01-01T00:47:46
2.223855,9.340374,2023-01-01T00:47:47
2.223855,9.451569,2023-01-01T00:47:48
2.223855,9.451569,2023-01-01T00:47:49
2.112662,9.451569,2023-01-01T00:47:50
2.112662,9.451569,2023-01-01T00:47:51
2.112662,9.451569,2023-01-01T00:47:52
2.112662,9.451569,2023-01-01T00:47:53
2.112662,9.451569,2023-01-01T00:47:54
2.112662,9.451569,2023-01-01T00:47:55
2.001469,9.451569,2023-01-01T00:47:56
2.001469,9.451569,2023-01-01T00:47:57
2.001469,9.451569,2023-01-01T00:47:58
2.001469,9.451569,2023-01-01T00:47:59
2.001469,9.451569,2023-01-01T00:48:00
2.001469,9.451569,2023-01-01T00:48:01
2.001469,9.451569,2023-01-01T00:48:02
2.001469,9.451569,2023-01-01T00:48:03
2.001469,9.451569,2023-01-01T00:48:04
1.890277,9.451569,2023-01-01T00:48:05
1.890277,9.451569,2023-01-01T00:48:06
1.890277,9.451569,2023-01-01T00:48:07
1.890277,9.451569,2023-01-01T00:48:08
1.890277,9.451569,2023-01-01T00:48:09
1.890277,9.451569,2023-01-01T00:48:10
1.890277,9.451569,2023-01-01T00:48:11
1.890277,9.451569,2023-01-01T00:48:12
1.890277,9.451569,2023-01-01T00:48:13
1.890277,9.451569,2023-01-01T00:48:14
1.890277,9.451569,2023-01-01T00:48:15
1.779084,9.451569,2023-01-01T00:48:16
1.779084,9.451569,2023-01-01T00:48:17
1.779084,9.451569,2023-01-01T00:48:18
1.779084,9.451569,2023-01-01T00:48:19
1.779084,9.451569,2023-01-01T00:48:20
1.779084,9.451569,2023-01-01T00:48:21
1.779084,9.451569,2023-01-01T00:48:22
1.779084,9.451569,2023-01-01T00:48:23
1.779084,9.451569,2023-01-01T00:48:24
1.779084,9.451569,2023-01-01T00:48:25
1.667891,9.451569,2023-01-01T00:48:26
1.667891,9.451569,2023-01-01T00:48:27
1.667891,9.451569,2023-01-01T00:48:28
1.667891,9.451569,2023-01-01T00:48:29
1.667891,9.451569,2023-01-01T00:48:30
1.667891,9.451569,2023-01-01T00:48:31
1.667891,9.451569,2023-01-01T00:48:32
1.667891,9.451569,2023-01-01T00:48:33
1.667891,9.451569,2023-01-01T00:48:34
1.667891,9.451569,2023-01-01T00:48:35
1.556698,9.451569,2023-01-01T00:48:36
1.556698,9.451569,2023-01-01T00:48:37
1.556698,9.451569,2023-01-01T00:48:38
1.556698,9.451569,2023-01-01T00:48:39
1.556698,9.451569,2023-01-01T00:48:40
1.556698,9.451569,2023-01-01T00:48:41
1.556698,9.451569,2023-01-01T00:48:42
1.556698,9.451569,2023-01-01T00:48:43
1.445506,9.451569,2023-01-01T00:48:44
1.445506,9.451569,2023-01-01T00:48:45
1.556698,9.340374,2023-01-01T00:48:46
1.556698,9.340374,2023-01-01T00:48:47
1.556698,9.340374,2023-01-01T00:48:48
1.556698,9.340374,2023-01-01T00:48:49
1.556698,9.340374,2023-01-01T00:48:50
1.556698,9.340374,2023-01-01T00:48:51
1.556698,9.340374,2023-01-01T00:48:52
1.556698,9.340374,2023-01-01T00:48:53
1.556698,9.340374,2023-01-01T00:48:54
1.556698,9.340374,2023-01-01T00:48:55
1.556698,9.229179,2023-01-01T00:48:56
1.667891,9.229179,2023-01-01T00:48:57
1.667891,9.229179,2023-01-01T00:48:58
1.667891,9.229179,2023-01-01T00:48:59
1.667891,9.229179,2023-01-01T00:49:00
1.667891,9.229179,2023-01-01T00:49:01
1.667891,9.229179,2023-01-01T00:49:02
1.667891,9.229179,2023-01-01T00:49:03
1.667891,9.229179,2023-01-01T00:49:04
1.667891,9.229179,2023-01-01T00:49:05
1.667891,9.229179,2023-01-01T00:49:06
1.667891,9.229179,2023-01-01T00:49:07
1.556698,9.229179,2023-01-01T00:49:08
1.556698,9.229179,2023-01-01T00:49:09
1.556698,9.229179,2023-01-01T00:49:10
1.556698,9.229179,2023-01-01T00:49:11
1.556698,9.229179,2023-01-01T00:49:12
1.556698,9.229179,2023-01-01T00:49:13
1.556698,9.229179,2023-01-01T00:49:14
1.556698,9.229179,2023-01-01T00:49:15
1.556698,9.117984,2023-01-01T00:49:16
1.556698,9.117984,2023-01-01T00:49:17
1.556698,9.117984,2023-01-01T00:49:18
1.556698,9.117984,2023-01-01T00:49:19
1.556698,9.117984,2023-01-01T00:49:20
1.556698,9.117984,2023-01-01T00:49:21
1.556698,9.117984,2023-01-01T00:49:22
1.556698,9.117984,2023-01-01T00:49:23
1.556698,9.117984,2023-01-01T00:49:24
1.556698,9.117984,2023-01-01T00:49:25
1.556698,9.117984,2023-01-01T00:49:26
1.556698,9.117984,2023-01-01T00:49:27
1.556698,9.117984,2023-01-01T00:49:28
1.556698,9.117984,2023-01-01T00:49:29
1.556698,9.117984,2023-01-01T00:49:30
1.556698,9.117984,2023-01-01T00:49:31
1.556698,9.117984,2023-01-01T00:49:32
1.556698,9.117984,2023-01-01T00:49:33
1.556698,9.006789,2023-01-01T00:49:34
1.556698,9.006789,2023-01-01T00:49:35
1.556698,9.006789,2023-01-01T00:49:36
1.556698,9.006789,2023-01-01T00:49:37
1.556698,9.006789,2023-01-01T00:49:38
1.556698,9.006789,2023-01-01T00:49:39
1.556698,9.006789,2023-01-01T00:49:40
1.556698,9.006789,2023-01-01T00:49:41
1.556698,9.006789,2023-01-01T00:49:42
1.556698,9.006789,2023-01-01T00:49:43
1.556698,9.006789,2023-01-01T00:49:44
1.556698,9.006789,2023-01-01T00:49:45
1.556698,9.006789,2023-01-01T00:49:46
1.556698,9.006789,2023-01-01T00:49:47
1.556698,9.006789,2023-01-01T00:49:48
1.556698,9.006789,2023-01-01T00:49:49
1.556698,9.006789,2023-01-01T00:49:50
1.556698,9.006789,2023-01-01T00:49:51
1.556698,9.006789,2023-01-01T00:49:52
1.556698,9.006789,2023-01-01T00:49:53
1.556698,9.006789,2023-01-01T00:49:54
1.556698,8.895594,2023-01-01T00:49:55
1.556698,8.895594,2023-01-01T00:49:56
1.556698,8.895594,2023-01-01T00:49:57
1.556698,8.895594,2023-01-01T00:49:58
1.556698,8.895594,2023-01-01T00:49:59
1.556698,8.895594,2023-01-01T00:50:00
1.556698,8.895594,2023-01-01T00:50:01
1.556698,8.895594,2023-01-01T00:50:02
1.556698,8.895594,2023-01-01T00:50:03
1.556698,8.895594,2023-01-01T00:50:04
1.556698,8.895594,2023-01-01T00:50:05
1.556698,8.895594,2023-01-01T00:50:06
1.556698,8.895594,2023-01-01T00:50:07
1.556698,8.895594,2023-01-01T00:50:08
1.556698,8.895594,2023-01-01T00:50:09
1.556698,8.895594,2023-01-01T00:50:10
1.556698,8.895594,2023-01-01T00:50:11
1.556698,8.895594,2023-01-01T00:50:12
1.556698,8.895594,2023-01-01T00:50:13
1.556698,8.895594,2023-01-01T00:50:14
1.556698,8.895594,2023-01-01T00:50:15
1.556698,8.895594,2023-01-01T00:50:16
1.556698,8.895594,2023-01-01T00:50:17
1.445506,8.895594,2023-01-01T00:50:18
1.445506,8.895594,2023-01-01T00:50:19
1.445506,8.895594,2023-01-01T00:50:20
1.445506,8.895594,2023-01-01T00:50:21
1.445506,8.895594,2023-01-01T00:50:22
1.445506,8.895594,2023-01-01T00:50:23
1.334313,8.895594,2023-01-01T00:50:24
1.334313,8.895594,2023-01-01T00:50:25
1.334313,8.895594,2023-01-01T00:50:26
1.334313,8.895594,2023-01-01T00:50:27
1.334313,8.895594,2023-01-01T00:50:28
1.334313,8.895594,2023-01-01T00:50:29
1.334313,8.895594,2023-01-01T00:50:30
1.334313,8.895594,2023-01-01T00:50:31
1.334313,8.895594,2023-01-01T00:50:32
1.223120,8.895594,2023-01-01T00:50:33
1.223120,8.895594,2023-01-01T00:50:34
1.223120,8.895594,2023-01-01T00:50:35
1.223120,8.895594,2023-01-01T00:50:36
1.223120,8.895594,2023-01-01T00:50:37
1.223120,8.895594,2023-01-01T00:50:38
1.223120,8.895594,2023-01-01T00:50:39
1.223120,8.895594,2023-01-01T00:50:40
1.223120,8.895594,2023-01-01T00:50:41
1.223120,8.895594,2023-01-01T00:50:42
1.223120,8.895594,2023-01-01T00:50:43
1.111927,8.895594,2023-01-01T00:50:44
1.111927,8.895594,2023-01-01T00:50:45
1.111927,8.895594,2023-01-01T00:50:46
1.111927,8.895594,2023-01-01T00:50:47
1.111927,8.895594,2023-01-01T00:50:48
1.111927,8.895594,2023-01-01T00:50:49
1.111927,8.895594,2023-01-01T00:50:50
1.111927,8.895594,2023-01-01T00:50:51
1.111927,8.895594,2023-01-01T00:50:52
1.111927,9.006789,2023-01-01T00:50:53
1.000735,9.006789,2023-01-01T00:50:54
1.000735,9.006789,2023-01-01T00:50:55
1.000735,9.006789,2023-01-01T00:50:56
1.000735,9.006789,2023-01-01T00:50:57
1.000735,9.006789,2023-01-01T00:50:58
0.889542,9.006789,2023-01-01T00:50:59
0.889542,9.006789,2023-01-01T00:51:00
0.889542,9.006789,2023-01-01T00:51:01
0.889542,9.006789,2023-01-01T00:51:02
0.889542,9.006789,2023-01-01T00:51:03
0.778349,9.006789,2023-01-01T00:51:04
0.778349,9.006789,2023-01-01T00:51:05
0.778349,9.006789,2023-01-01T00:51:06
0.778349,9.006789,2023-01-01T00:51:07
0.778349,9.006789,2023-01-01T00:51:08
0.667156,9.006789,2023-01-01T00:51:09
0.667156,9.006789,2023-01-01T00:51:10
0.667156,9.006789,2023-01-01T00:51:11
0.667156,9.006789,2023-01-01T00:51:12
0.555964,9.006789,2023-01-01T00:51:13
0.555964,9.006789,2023-01-01T00:51:14
0.555964,9.006789,2023-01-01T00:51:15
0.555964,9.006789,2023-01-01T00:51:16
0.555964,9.006789,2023-01-01T00:51:17
0.555964,9.006789,2023-01-01T00:51:18
0.555964,9.006789,2023-01-01T00:51:19
0.555964,9.006789,2023-01-01T00:51:20
0.555964,9.006789,2023-01-01T00:51:21
0.555964,8.895594,2023-01-01T00:51:22
0.667156,8.895594,2023-01-01T00:51:23
0.667156,8.895594,2023-01-01T00:51:24
0.667156,8.895594,2023-01-01T00:51:25
0.667156,8.895594,2023-01-01T00:51:26
0.667156,8.895594,2023-01-01T00:51:27
0.667156,8.895594,2023-01-01T00:51:28
0.667156,8.895594,2023-01-01T00:51:29
0.667156,8.895594,2023-01-01T00:51:30
0.667156,8.895594,2023-01-01T00:51:31
0.667156,8.895594,2023-01-01T00:51:32
0.667156,8.895594,2023-01-01T00:51:33
0.667156,8.895594,2023-01-01T00:51:34
0.667156,8.895594,2023-01-01T00:51:35
0.667156,8.895594,2023-01-01T00:51:36
0.667156,8.895594,2023-01-01T00:51:37
0.667156,8.895594,2023-01-01T00:51:38
0.667156,8.895594,2023-01-01T00:51:39
0.667156,8.784399,2023-01-01T00:51:40
0.667156,8.784399,2023-01-01T00:51:41
0.555964,8.784399,2023-01-01T00:51:42
0.555964,8.784399,2023-01-01T00:51:43
0.555964,8.784399,2023-01-01T00:51:44
0.555964,8.784399,2023-01-01T00:51:45
0.555964,8.784399,2023-01-01T00:51:46
0.555964,8.784399,2023-01-01T00:51:47
0.555964,8.784399,2023-01-01T00:51:48
0.555964,8.784399,2023-01-01T00:51:49
0.555964,8.784399,2023-01-01T00:51:50
0.555964,8.784399,2023-01-01T00:51:51
0.555964,8.784399,2023-01-01T00:51:52
0.555964,8.784399,2023-01-01T00:51:53
0.555964,8.784399,2023-01-01T00:51:54
0.555964,8.784399,2023-01-01T00:51:55
0.555964,8.784399,2023-01-01T00:51:56
0.555964,8.784399,2023-01-01T00:51:57
0.555964,8.784399,2023-01-01T00:51:58
0.555964,8.784399,2023-01-01T00:51:59
0.555964,8.784399,2023-01-01T00:52:00
0.555964,8.784399,2023-01-01T00:52:01
0.555964,8.784399,2023-01-01T00:52:02
0.555964,8.784399,2023-01-01T00:52:03
0.555964,8.784399,2023-01-01T00:52:04
0.667156,8.784399,2023-01-01T00:52:05
0.667156,8.784399,2023-01-01T00:52:06
0.555964,8.784399,2023-01-01T00:52:07
0.555964,8.784399,2023-01-01T00:52:08
0.555964,8.784399,2023-01-01T00:52:09
0.555964,8.784399,2023-01-01T00:52:10
0.555964,8.784399,2023-01-01T00:52:11
0.555964,8.784399,2023-01-01T00:52:12
0.555964,8.784399,2023-01-01T00:52:13
0.555964,8.784399,2023-01-01T00:52:14
0.555964,8.673204,2023-01-01T00:52:15
0.555964,8.673204,2023-01-01T00:52:16
0.555964,8.673204,2023-01-01T00:52:17
0.555964,8.673204,2023-01-01T00:52:18
0.555964,8.673204,2023-01-01T00:52:19
0.555964,8.673204,2023-01-01T00:52:20
0.555964,8.673204,2023-01-01T00:52:21
0.555964,8.673204,2023-01-01T00:52:22
0.555964,8.673204,2023-01-01T00:52:23
0.555964,8.673204,2023-01-01T00:52:24
0.555964,8.673204,2023-01-01T00:52:25
0.555964,8.673204,2023-01-01T00:52:26
0.555964,8.673204,2023-01-01T00:52:27
0.555964,8.673204,2023-01-01T00:52:28
0.555964,8.673204,2023-01-01T00:52:29
0.555964,8.673204,2023-01-01T00:52:30
0.555964,8.673204,2023-01-01T00:52:31
0.555964,8.673204,2023-01-01T00:52:32
0.555964,8.673204,2023-01-01T00:52:33
0.555964,8.673204,2023-01-01T00:52:34
0.555964,8.673204,2023-01-01T00:52:35
0.555964,8.673204,2023-01-01T00:52:36
0.555964,8.673204,2023-01-01T00:52:37
0.555964,8.673204,2023-01-01T00:52:38
0.555964,8.673204,2023-01-01T00:52:39
0.555964,8.673204,2023-01-01T00:52:40
0.555964,8.673204,2023-01-01T00:52:41
0.555964,8.673204,2023-01-01T00:52:42
0.555964,8.673204,2023-01-01T00:52:43
0.555964,8.673204,2023-01-01T00:52:44
0.555964,8.673204,2023-01-01T00:52:45
0.555964,8.673204,2023-01-01T00:52:46
0.555964,8.673204,2023-01-01T00:52:47
0.444771,8.673204,2023-01-01T00:52:48
0.444771,8.673204,2023-01-01T00:52:49
0.444771,8.673204,2023-01-01T00:52:50
0.444771,8.673204,2023-01-01T00:52:51
0.444771,8.673204,2023-01-01T00:52:52
0.444771,8.673204,2023-01-01T00:52:53
0.444771,8.673204,2023-01-01T00:52:54
0.444771,8.673204,2023-01-01T00:52:55
0.333578,8.673204,2023-01-01T00:52:56
0.333578,8.673204,2023-01-01T00:52:57
0.333578,8.784399,2023-01-01T00:52:58
0.333578,8.784399,2023-01-01T00:52:59
0.333578,8.784399,2023-01-01T00:53:00
0.333578,8.784399,2023-01-01T00:53:01
0.333578,8.784399,2023-01-01T00:53:02
0.333578,8.784399,2023-01-01T00:53:03
0.333578,8.784399,2023-01-01T00:53:04
0.333578,8.895594,2023-01-01T00:53:05
0.222385,8.895594,2023-01-01T00:53:06
0.222385,8.895594,2023-01-01T00:53:07
0.222385,8.895594,2023-01-01T00:53:08
0.222385,8.895594,2023-01-01T00:53:09
0.222385,8.895594,2023-01-01T00:53:10
0.222385,8.895594,2023-01-01T00:53:11
0.222385,8.895594,2023-01-01T00:53:12
0.222385,8.895594,2023-01-01T00:53:13
0.222385,8.895594,2023-01-01T00:53:14
0.111193,9.006789,2023-01-01T00:53:15
0.111193,9.006789,2023-01-01T00:53:16
0.111193,9.006789,2023-01-01T00:53:17
0.111193,9.006789,2023-01-01T00:53:18
0.111193,9.006789,2023-01-01T00:53:19
0.111193,9.006789,2023-01-01T00:53:20
0.111193,9.006789,2023-01-01T00:53:21
0.111193,9.006789,2023-01-01T00:53:22
0.111193,9.117984,2023-01-01T00:53:23
0.111193,9.117984,2023-01-01T00:53:24
0.111193,9.117984,2023-01-01T00:53:25
0.000000,9.117984,2023-01-01T00:53:26
0.000000,9.117984,2023-01-01T00:53:27
0.000000,9.117984,2023-01-01T00:53:28
0.000000,9.117984,2023-01-01T00:53:29
0.000000,9.229179,2023-01-01T00:53:30
0.000000,9.229179,2023-01-01T00:53:31
0.000000,9.229179,2023-01-01T00:53:32
0.000000,9.229179,2023-01-01T00:53:33
0.000000,9.229179,2023-01-01T00:53:34
0.000000,9.340374,2023-01-01T00:53:35
0.000000,9.340374,2023-01-01T00:53:36
0.000000,9.340374,2023-01-01T00:53:37
-0.111193,9.340374,2023-01-01T00:53:38
-0.111193,9.340374,2023-01-01T00:53:39
-0.111193,9.451569,2023-01-01T00:53:40
-0.111193,9.451569,2023-01-01T00:53:41
-0.222385,9.451569,2023-01-01T00:53:42
-0.222385,9.451569,2023-01-01T00:53:43
-0.222385,9.562764,2023-01-01T00:53:44
-0.222385,9.562764,2023-01-01T00:53:45
-0.222385,9.562764,2023-01-01T00:53:46
-0.222385,9.562764,2023-01-01T00:53:47
-0.222385,9.562764,2023-01-01T00:53:48
-0.222385,9.673959,2023-01-01T00:53:49
-0.333578,9.673959,2023-01-01T00:53:50
-0.333578,9.673959,2023-01-01T00:53:51
-0.333578,9.673959,2023-01-01T00:53:52
-0.333578,9.673959,2023-01-01T00:53:53
-0.333578,9.673959,2023-01-01T00:53:54
-0.333578,9.673959,2023-01-01T00:53:55
-0.333578,9.673959,2023-01-01T00:53:56
-0.333578,9.785154,2023-01-01T00:53:57
-0.333578,9.785154,2023-01-01T00:53:58
-0.333578,9.785154,2023-01-01T00:53:59
-0.444771,9.785154,2023-01-01T00:54:00
-0.444771,9.785154,2023-01-01T00:54:01
-0.444771,9.785154,2023-01-01T00:54:02
-0.444771,9.896348,2023-01-01T00:54:03
-0.444771,9.896348,2023-01-01T00:54:04
-0.444771,9.896348,2023-01-01T00:54:05
-0.444771,9.896348,2023-01-01T00:54:06
-0.444771,9.896348,2023-01-01T00:54:07
-0.444771,9.896348,2023-01-01T00:54:08
-0.444771,9.896348,2023-01-01T00:54:09
-0.555964,10.007543,2023-01-01T00:54:10
-0.555964,10.007543,2023-01-01T00:54:11
-0.555964,10.007543,2023-01-01T00:54:12
-0.555964,10.007543,2023-01-01T00:54:13
-0.555964,10.007543,2023-01-01T00:54:14
-0.555964,10.007543,2023-01-01T00:54:15
-0.444771,10.007543,2023-01-01T00:54:16
-0.444771,10.118738,2023-01-01T00:54:17
-0.444771,10.118738,2023-01-01T00:54:18
-0.444771,10.118738,2023-01-01T00:54:19
-0.444771,10.118738,2023-01-01T00:54:20
-0.444771,10.118738,2023-01-01T00:54:21
-0.444771,10.118738,2023-01-01T00:54:22
-0.333578,10.118738,2023-01-01T00:54:23
-0.333578,10.118738,2023-01-01T00:54:24
-0.333578,10.118738,2023-01-01T00:54:25
-0.333578,10.118738,2023-01-01T00:54:26
-0.333578,10.118738,2023-01-01T00:54:27
-0.333578,10.118738,2023-01-01T00:54:28
-0.333578,10.118738,2023-01-01T00:54:29
-0.333578,10.118738,2023-01-01T00:54:30
-0.333578,10.118738,2023-01-01T00:54:31
-0.222385,10.118738,2023-01-01T00:54:32
-0.222385,10.118738,2023-01-01T00:54:33
-0.222385,10.118738,2023-01-01T00:54:34
-0.222385,10.118738,2023-01-01T00:54:35
-0.222385,10.118738,2023-01-01T00:54:36
-0.222385,10.118738,2023-01-01T00:54:37
-0.222385,10.118738,2023-01-01T00:54:38
-0.222385,10.118738,2023-01-01T00:54:39
-0.222385,10.229933,2023-01-01T00:54:40
-0.222385,10.229933,2023-01-01T00:54:41
-0.111193,10.229933,2023-01-01T00:54:42
-0.111193,10.229933,2023-01-01T00:54:43
-0.111193,10.229933,2023-01-01T00:54:44
-0.111193,10.229933,2023-01-01T00:54:45
-0.111193,10.229933,2023-01-01T00:54:46
-0.111193,10.229933,2023-01-01T00:54:47
-0.111193,10.229933,2023-01-01T00:54:48
-0.111193,10.229933,2023-01-01T00:54:49
-0.111193,10.229933,2023-01-01T00:54:50
-0.111193,10.229933,2023-01-01T00:54:51
-0.111193,10.229933,2023-01-01T00:54:52
-0.111193,10.229933,2023-01-01T00:54:53
-0.111193,10.229933,2023-01-01T00:54:54
0.000000,10.229933,2023-01-01T00:54:55
0.000000,10.229933,2023-01-01T00:54:56
0.000000,10.229933,2023-01-01T00:54:57
0.000000,10.229933,2023-01-01T00:54:58
0.000000,10.229933,2023-01-01T00:54:59
0.000000,10.229933,2023-01-01T00:55:00
0.000000,10.229933,2023-01-01T00:55:01
0.000000,10.341128,2023-01-01T00:55:02
0.000000,10.341128,2023-01-01T00:55:03
0.000000,10.341128,2023-01-01T00:55:04
0.000000,10.341128,2023-01-01T00:55:05
0.000000,10.341128,2023-01-01T00:55:06
0.000000,10.341128,2023-01-01T00:55:07
0.000000,10.341128,2023-01-01T00:55:08
0.000000,10.341128,2023-01-01T00:55:09
0.000000,10.341128,2023-01-01T00:55:10
0.000000,10.341128,2023-01-01T00:55:11
0.000000,10.341128,2023-01-01T00:55:12
0.000000,10.341128,2023-01-01T00:55:13
0.000000,10.341128,2023-01-01T00:55:14
0.000000,10.341128,2023-01-01T00:55:15
0.000000,10.341128,2023-01-01T00:55:16
0.000000,10.341128,2023-01-01T00:55:17
0.000000,10.341128,2023-01-01T00:55:18
0.000000,10.341128,2023-01-01T00:55:19
0.000000,10.341128,2023-01-01T00:55:20
0.111193,10.341128,2023-01-01T00:55:21
0.111193,10.341128,2023-01-01T00:55:22
0.111193,10.341128,2023-01-01T00:55:23
0.111193,10.341128,2023-01-01T00:55:24
0.111193,10.341128,2023-01-01T00:55:25
0.111193,10.341128,2023-01-01T00:55:26
0.111193,10.341128,2023-01-01T00:55:27
0.111193,10.341128,2023-01-01T00:55:28
0.111193,10.341128,2023-01-01T00:55:29
0.111193,10.341128,2023-01-01T00:55:30
0.111193,10.341128,2023-01-01T00:55:31
0.111193,10.341128,2023-01-01T00:55:32
0.111193,10.341128,2023-01-01T00:55:33
0.111193,10.341128,2023-01-01T00:55:34
0.111193,10.341128,2023-01-01T00:55:35
0.111193,10.341128,2023-01-01T00:55:36
0.222385,10.341128,2023-01-01T00:55:37
0.222385,10.341128,2023-01-01T00:55:38
0.222385,10.341128,2023-01-01T00:55:39
0.222385,10.341128,2023-01-01T00:55:40
0.222385,10.341128,2023-01-01T00:55:41
0.222385,10.452323,2023-01-01T00:55:42
0.222385,10.452323,2023-01-01T00:55:43
0.222385,10.452323,2023-01-01T00:55:44
0.222385,10.452323,2023-01-01T00:55:45
0.222385,10.452323,2023-01-01T00:55:46
0.222385,10.452323,2023-01-01T00:55:47
0.222385,10.452323,2023-01-01T00:55:48
0.222385,10.452323,2023-01-01T00:55:49
0.222385,10.452323,2023-01-01T00:55:50
0.222385,10.452323,2023-01-01T00:55:51
0.222385,10.452323,2023-01-01T00:55:52
0.222385,10.452323,2023-01-01T00:55:53
0.222385,10.452323,2023-01-01T00:55:54
0.222385,10.452323,2023-01-01T00:55:55
0.222385,10.452323,2023-01-01T00:55:56
0.222385,10.452323,2023-01-01T00:55:57
0.222385,10.452323,2023-01-01T00:55:58
0.222385,10.452323,2023-01-01T00:55:59
0.222385,10.452323,2023-01-01T00:56:00
0.222385,10.452323,2023-01-01T00:56:01
0.222385,10.452323,2023-01-01T00:56:02
0.222385,10.452323,2023-01-01T00:56:03
0.222385,10.452323,2023-01-01T00:56:04
0.222385,10.452323,2023-01-01T00:56:05
0.222385,10.452323,2023-01-01T00:56:06
0.222385,10.452323,2023-01-01T00:56:07
0.222385,10.452323,2023-01-01T00:56:08
0.222385,10.452323,2023-01-01T00:56:09
0.222385,10.452323,2023-01-01T00:56:10
0.222385,10.452323,2023-01-01T00:56:11
0.222385,10.452323,2023-01-01T00:56:12
0.222385,10.452323,2023-01-01T00:56:13
0.222385,10.452323,2023-01-01T00:56:14
0.222385,10.452323,2023-01-01T00:56:15
0.222385,10.452323,2023-01-01T00:56:16
0.222385,10.452323,2023-01-01T00:56:17
0.222385,10.452323,2023-01-01T00:56:18
0.222385,10.452323,2023-01-01T00:56:19
0.222385,10.452323,2023-01-01T00:56:20
0.222385,10.452323,2023-01-01T00:56:21
0.222385,10.452323,2023-01-01T00:56:22
0.222385,10.452323,2023-01-01T00:56:23
0.222385,10.452323,2023-01-01T00:56:24
0.222385,10.452323,2023-01-01T00:56:25
0.222385,10.452323,2023-01-01T00:56:26
0.222385,10.452323,2023-01-01T00:56:27
0.222385,10.452323,2023-01-01T00:56:28
0.222385,10.452323,2023-01-01T00:56:29
0.222385,10.452323,2023-01-01T00:56:30
0.222385,10.452323,2023-01-01T00:56:31
0.222385,10.452323,2023-01-01T00:56:32
0.222385,10.452323,2023-01-01T00:56:33
0.222385,10.452323,2023-01-01T00:56:34
0.222385,10.452323,2023-01-01T00:56:35
0.222385,10.452323,2023-01-01T00:56:36
0.222385,10.452323,2023-01-01T00:56:37
0.222385,10.452323,2023-01-01T00:56:38
0.222385,10.452323,2023-01-01T00:56:39
0.222385,10.452323,2023-01-01T00:56:40
0.222385,10.452323,2023-01-01T00:56:41
0.222385,10.452323,2023-01-01T00:56:42
0.222385,10.452323,2023-01-01T00:56:43
0.222385,10.452323,2023-01-01T00:56:44
0.222385,10.452323,2023-01-01T00:56:45
0.222385,10.452323,2023-01-01T00:56:46
0.222385,10.452323,2023-01-01T00:56:47
0.222385,10.452323,2023-01-01T00:56:48
0.222385,10.452323,2023-01-01T00:56:49
0.222385,10.452323,2023-01-01T00:56:50
0.222385,10.452323,2023-01-01T00:56:51
0.222385,10.452323,2023-01-01T00:56:52
0.222385,10.563518,2023-01-01T00:56:53
0.222385,10.563518,2023-01-01T00:56:54
0.222385,10.563518,2023-01-01T00:56:55
0.222385,10.563518,2023-01-01T00:56:56
0.222385,10.563518,2023-01-01T00:56:57
0.222385,10.563518,2023-01-01T00:56:58
0.222385,10.563518,2023-01-01T00:56:59
0.222385,10.563518,2023-01-01T00:57:00
0.222385,10.563518,2023-01-01T00:57:01
0.222385,10.563518,2023-01-01T00:57:02
0.222385,10.563518,2023-01-01T00:57:03
0.222385,10.563518,2023-01-01T00:57:04
0.222385,10.563518,2023-01-01T00:57:05
0.222385,10.563518,2023-01-01T00:57:06
0.222385,10.563518,2023-01-01T00:57:07
0.222385,10.563518,2023-01-01T00:57:08
0.222385,10.563518,2023-01-01T00:57:09
0.222385,10.563518,2023-01-01T00:57:10
0.222385,10.563518,2023-01-01T00:57:11
0.222385,10.563518,2023-01-01T00:57:12
0.222385,10.563518,2023-01-01T00:57:13
0.222385,10.563518,2023-01-01T00:57:14
0.222385,10.563518,2023-01-01T00:57:15
0.222385,10.563518,2023-01-01T00:57:16
0.222385,10.563518,2023-01-01T00:57:17
0.222385,10.563518,2023-01-01T00:57:18
0.222385,10.563518,2023-01-01T00:57:19
0.222385,10.563518,2023-01-01T00:57:20
0.222385,10.563518,2023-01-01T00:57:21
0.222385,10.563518,2023-01-01T00:57:22
0.222385,10.563518,2023-01-01T00:57:23
0.222385,10.563518,2023-01-01T00:57:24
0.222385,10.563518,2023-01-01T00:57:25
0.222385,10.563518,2023-01-01T00:57:26
0.222385,10.563518,2023-01-01T00:57:27
0.222385,10.563518,2023-01-01T00:57:28
0.222385,10.563518,2023-01-01T00:57:29
0.222385,10.563518,2023-01-01T00:57:30
0.222385,10.563518,2023-01-01T00:57:31
0.222385,10.563518,2023-01-01T00:57:32
0.222385,10.563518,2023-01-01T00:57:33
0.222385,10.563518,2023-01-01T00:57:34
0.222385,10.563518,2023-01-01T00:57:35
0.222385,10.563518,2023-01-01T00:57:36
0.222385,10.563518,2023-01-01T00:57:37
0.222385,10.563518,2023-01-01T00:57:38
0.222385,10.563518,2023-01-01T00:57:39
0.222385,10.563518,2023-01-01T00:57:40
0.222385,10.563518,2023-01-01T00:57:41
0.222385,10.563518,2023-01-01T00:57:42
0.222385,10.563518,2023-01-01T00:57:43
0.222385,10.563518,2023-01-01T00:57:44
0.222385,10.563518,2023-01-01T00:57:45
0.222385,10.563518,2023-01-01T00:57:46
0.222385,10.563518,2023-01-01T00:57:47
0.222385,10.563518,2023-01-01T00:57:48
0.222385,10.563518,2023-01-01T00:57:49
0.222385,10.563518,2023-01-01T00:57:50
0.222385,10.563518,2023-01-01T00:57:51
0.222385,10.563518,2023-01-01T00:57:52
0.222385,10.563518,2023-01-01T00:57:53
0.222385,10.563518,2023-01-01T00:57:54
0.222385,10.563518,2023-01-01T00:57:55
0.222385,10.563518,2023-01-01T00:57:56
0.222385,10.563518,2023-01-01T00:57:57
0.222385,10.563518,2023-01-01T00:57:58
0.222385,10.563518,2023-01-01T00:57:59
0.222385,10.563518,2023-01-01T00:58:00
0.222385,10.563518,2023-01-01T00:58:01
0.222385,10.563518,2023-01-01T00:58:02
0.222385,10.563518,2023-01-01T00:58:03
0.222385,10.563518,2023-01-01T00:58:04
0.222385,10.563518,2023-01-01T00:58:05
0.222385,10.563518,2023-01-01T00:58:06
0.222385,10.563518,2023-01-01T00:58:07
0.222385,10.563518,2023-01-01T00:58:08
0.222385,10.563518,2023-01-01T00:58:09
0.222385,10.563518,2023-01-01T00:58:10
0.222385,10.563518,2023-01-01T00:58:11
0.222385,10.563518,2023-01-01T00:58:12
0.222385,10.563518,2023-01-01T00:58:13
0.222385,10.563518,2023-01-01T00:58:14
0.222385,10.563518,2023-01-01T00:58:15
0.222385,10.563518,2023-01-01T00:58:16
0.222385,10.563518,2023-01-01T00:58:17
0.222385,10.563518,2023-01-01T00:58:18
0.222385,10.563518,2023-01-01T00:58:19
0.222385,10.563518,2023-01-01T00:58:20
0.222385,10.563518,2023-01-01T00:58:21
0.222385,10.563518,2023-01-01T00:58:22
0.222385,10.563518,2023-01-01T00:58:23
0.222385,10.563518,2023-01-01T00:58:24
0.222385,10.563518,2023-01-01T00:58:25
0.222385,10.563518,2023-01-01T00:58:26
0.222385,10.563518,2023-01-01T00:58:27
0.222385,10.563518,2023-01-01T00:58:28
0.222385,10.563518,2023-01-01T00:58:29
0.222385,10.563518,2023-01-01T00:58:30
0.222385,10.563518,2023-01-01T00:58:31
0.222385,10.563518,2023-01-01T00:58:32
0.222385,10.563518,2023-01-01T00:58:33
0.222385,10.563518,2023-01-01T00:58:34
0.222385,10.563518,2023-01-01T00:58:35
0.222385,10.563518,2023-01-01T00:58:36
0.222385,10.563518,2023-01-01T00:58:37
0.222385,10.563518,2023-01-01T00:58:38
0.222385,10.563518,2023-01-01T00:58:39
0.222385,10.563518,2023-01-01T00:58:40
0.222385,10.563518,2023-01-01T00:58:41
0.222385,10.563518,2023-01-01T00:58:42
0.222385,10.563518,2023-01-01T00:58:43
0.222385,10.563518,2023-01-01T00:58:44
0.222385,10.563518,2023-01-01T00:58:45
0.222385,10.563518,2023-01-01T00:58:46
0.222385,10.563518,2023-01-01T00:58:47
0.222385,10.563518,2023-01-01T00:58:48
0.222385,10.563518,2023-01-01T00:58:49
0.222385,10.563518,2023-01-01T00:58:50
0.222385,10.563518,2023-01-01T00:58:51
0.222385,10.563518,2023-01-01T00:58:52
0.222385,10.563518,2023-01-01T00:58:53
0.111193,10.563518,2023-01-01T00:58:54
0.111193,10.563518,2023-01-01T00:58:55
0.111193,10.563518,2023-01-01T00:58:56
0.111193,10.563518,2023-01-01T00:58:57
0.111193,10.563518,2023-01-01T00:58:58
0.111193,10.563518,2023-01-01T00:58:59
0.111193,10.563518,2023-01-01T00:59:00
0.111193,10.563518,2023-01-01T00:59:01
0.111193,10.563518,2023-01-01T00:59:02
0.111193,10.563518,2023-01-01T00:59:03
0.111193,10.563518,2023-01-01T00:59:04
0.111193,10.563518,2023-01-01T00:59:05
0.111193,10.563518,2023-01-01T00:59:06
0.111193,10.563518,2023-01-01T00:59:07
0.111193,10.563518,2023-01-01T00:59:08
0.111193,10.563518,2023-01-01T00:59:09
0.111193,10.563518,2023-01-01T00:59:10
0.111193,10.563518,2023-01-01T00:59:11
0.111193,10.563518,2023-01-01T00:59:12
0.111193,10.563518,2023-01-01T00:59:13
0.111193,10.563518,2023-01-01T00:59:14
0.111193,10.563518,2023-01-01T00:59:15
0.000000,10.563518,2023-01-01T00:59:16
0.000000,10.563518,2023-01-01T00:59:17
0.000000,10.563518,2023-01-01T00:59:18
0.000000,10.563518,2023-01-01T00:59:19
0.000000,10.563518,2023-01-01T00:59:20
-0.111193,10.563518,2023-01-01T00:59:21
-0.111193,10.674713,2023-01-01T00:59:22
-0.111193,10.674713,2023-01-01T00:59:23
-0.111193,10.674713,2023-01-01T00:59:24
-0.111193,10.674713,2023-01-01T00:59:25
-0.222385,10.674713,2023-01-01T00:59:26
-0.222385,10.674713,2023-01-01T00:59:27
-0.222385,10.674713,2023-01-01T00:59:28
-0.222385,10.674713,2023-01-01T00:59:29
-0.222385,10.674713,2023-01-01T00:59:30
-0.222385,10.674713,2023-01-01T00:59:31
-0.333578,10.674713,2023-01-01T00:59:32
-0.333578,10.674713,2023-01-01T00:59:33
-0.333578,10.674713,2023-01-01T00:59:34
-0.333578,10.674713,2023-01-01T00:59:35
-0.333578,10.674713,2023-01-01T00:59:36
-0.333578,10.674713,2023-01-01T00:59:37
-0.333578,10.674713,2023-01-01T00:59:38
-0.444771,10.674713,2023-01-01T00:59:39
-0.444771,10.674713,2023-01-01T00:59:40
-0.444771,10.674713,2023-01-01T00:59:41
-0.444771,10.674713,2023-01-01T00:59:42
-0.444771,10.674713,2023-01-01T00:59:43
-0.444771,10.674713,2023-01-01T00:59:44
-0.444771,10.674713,2023-01-01T00:59:45
-0.444771,10.674713,2023-01-01T00:59:46
-0.444771,10.674713,2023-01-01T00:59:47
-0.444771,10.674713,2023-01-01T00:59:48
-0.444771,10.674713,2023-01-01T00:59:49
-0.444771,10.674713,2023-01-01T00:59:50
-0.444771,10.674713,2023-01-01T00:59:51
-0.444771,10.674713,2023-01-01T00:59:52
-0.444771,10.674713,2023-01-01T00:59:53
-0.333578,10.674713,2023-01-01T00:59:54
-0.333578,10.674713,2023-01-01T00:59:55
-0.333578,10.674713,2023-01-01T00:59:56
-0.333578,10.674713,2023-01-01T00:59:57
-0.333578,10.563518,2023-01-01T00:59:58
-0.333578,10.563518,2023-01-01T00:59:59
-0.333578,10.563518,2023-01-01T01:00:00
-0.333578,10.563518,2023-01-01T01:00:01
-0.333578,10.563518,2023-01-01T01:00:02
-0.333578,10.563518,2023-01-01T01:00:03
-0.333578,10.563518,2023-01-01T01:00:04
-0.333578,10.563518,2023-01-01T01:00:05
-0.333578,10.563518,2023-01-01T01:00:06
-0.222385,10.563518,2023-01-01T01:00:07
-0.222385,10.563518,2023-01-01T01:00:08
-0.222385,10.563518,2023-01-01T01:00:09
-0.222385,10.563518,2023-01-01T01:00:10
-0.222385,10.563518,2023-01-01T01:00:11
-0.222385,10.563518,2023-01-01T01:00:12
-0.222385,10.563518,2023-01-01T01:00:13
-0.222385,10.563518,2023-01-01T01:00:14
-0.222385,10.563518,2023-01-01T01:00:15
-0.222385,10.563518,2023-01-01T01:00:16
-0.222385,10.563518,2023-01-01T01:00:17
-0.222385,10.563518,2023-01-01T01:00:18
-0.222385,10.563518,2023-01-01T01:00:19
-0.222385,10.563518,2023-01-01T01:00:20
-0.222385,10.563518,2023-01-01T01:00:21
-0.111193,10.563518,2023-01-01T01:00:22
-0.111193,10.563518,2023-01-01T01:00:23
-0.111193,10.563518,2023-01-01T01:00:24
-0.111193,10.563518,2023-01-01T01:00:25
-0.111193,10.563518,2023-01-01T01:00:26
-0.111193,10.563518,2023-01-01T01:00:27
-0.111193,10.563518,2023-01-01T01:00:28
-0.111193,10.563518,2023-01-01T01:00:29
-0.111193,10.563518,2023-01-01T01:00:30
-0.111193,10.563518,2023-01-01T01:00:31
-0.111193,10.563518,2023-01-01T01:00:32
-0.111193,10.563518,2023-01-01T01:00:33
-0.111193,10.563518,2023-01-01T01:00:34
-0.111193,10.563518,2023-01-01T01:00:35
-0.111193,10.563518,2023-01-01T01:00:36
-0.111193,10.563518,2023-01-01T01:00:37
-0.111193,10.563518,2023-01-01T01:00:38
-0.111193,10.563518,2023-01-01T01:00:39
-0.111193,10.563518,2023-01-01T01:00:40
-0.111193,10.563518,2023-01-01T01:00:41
-0.111193,10.563518,2023-01-01T01:00:42
-0.111193,10.563518,2023-01-01T01:00:43
-0.111193,10.563518,2023-01-01T01:00:44
-0.111193,10.563518,2023-01-01T01:00:45
-0.111193,10.563518,2023-01-01T01:00:46
-0.111193,10.563518,2023-01-01T01:00:47
-0.111193,10.563518,2023-01-01T01:00:48
-0.111193,10.563518,2023-01-01T01:00:49
-0.111193,10.563518,2023-01-01T01:00:50
-0.111193,10.563518,2023-01-01T01:00:51
-0.111193,10.563518,2023-01-01T01:00:52
-0.111193,10.563518,2023-01-01T01:00:53
-0.111193,10.563518,2023-01-01T01:00:54
-0.111193,10.563518,2023-01-01T01:00:55
-0.111193,10.563518,2023-01-01T01:00:56
-0.111193,10.563518,2023-01-01T01:00:57
-0.111193,10.563518,2023-01-01T01:00:58
-0.111193,10.563518,2023-01-01T01:00:59
-0.111193,10.563518,2023-01-01T01:01:00
-0.111193,10.563518,2023-01-01T01:01:01
-0.111193,10.563518,2023-01-01T01:01:02
-0.111193,10.563518,2023-01-01T01:01:03
-0.111193,10.563518,2023-01-01T01:01:04
-0.111193,10.563518,2023-01-01T01:01:05
-0.111193,10.563518,2023-01-01T01:01:06
-0.111193,10.563518,2023-01-01T01:01:07
-0.111193,10.563518,2023-01-01T01:01:08
-0.111193,10.563518,2023-01-01T01:01:09
-0.111193,10.563518,2023-01-01T01:01:10
-0.111193,10.563518,2023-01-01T01:01:11
-0.111193,10.563518,2023-01-01T01:01:12
-0.111193,10.563518,2023-01-01T01:01:13
-0.111193,10.563518,2023-01-01T01:01:14
-0.111193,10.563518,2023-01-01T01:01:15
-0.111193,10.563518,2023-01-01T01:01:16
-0.111193,10.563518,2023-01-01T01:01:17
-0.111193,10.563518,2023-01-01T01:01:18
-0.111193,10.563518,2023-01-01T01:01:19
-0.111193,10.563518,2023-01-01T01:01:20
-0.111193,10.563518,2023-01-01T01:01:21
-0.111193,10.563518,2023-01-01T01:01:22
-0.111193,10.563518,2023-01-01T01:01:23
-0.111193,10.563518,2023-01-01T01:01:24
-0.111193,10.563518,2023-01-01T01:01:25
-0.111193,10.563518,2023-01-01T01:01:26
-0.111193,10.563518,2023-01-01T01:01:27
-0.111193,10.563518,2023-01-01T01:01:28
-0.111193,10.563518,2023-01-01T01:01:29
-0.111193,10.563518,2023-01-01T01:01:30
-0.111193,10.563518,2023-01-01T01:01:31
-0.111193,10.563518,2023-01-01T01:01:32
0.000000,10.563518,2023-01-01T01:01:33
0.000000,10.563518,2023-01-01T01:01:34
0.000000,10.563518,2023-01-01T01:01:35
0.000000,10.563518,2023-01-01T01:01:36
0.000000,10.563518,2023-01-01T01:01:37
-0.111193,10.563518,2023-01-01T01:01:38
0.000000,10.563518,2023-01-01T01:01:39
0.000000,10.563518,2023-01-01T01:01:40
0.000000,10.563518,2023-01-01T01:01:41
0.000000,10.563518,2023-01-01T01:01:42
0.000000,10.563518,2023-01-01T01:01:43
0.000000,10.563518,2023-01-01T01:01:44
0.000000,10.563518,2023-01-01T01:01:45
0.000000,10.563518,2023-01-01T01:01:46
0.000000,10.563518,2023-01-01T01:01:47
0.000000,10.563518,2023-01-01T01:01:48
0.000000,10.563518,2023-01-01T01:01:49
0.000000,10.563518,2023-01-01T01:01:50
0.000000,10.563518,2023-01-01T01:01:51
0.000000,10.563518,2023-01-01T01:01:52
0.000000,10.563518,2023-01-01T01:01:53
0.000000,10.563518,2023-01-01T01:01:54
0.000000,10.563518,2023-01-01T01:01:55
0.000000,10.563518,2023-01-01T01:01:56
0.000000,10.563518,2023-01-01T01:01:57
0.000000,10.563518,2023-01-01T01:01:58
0.000000,10.563518,2023-01-01T01:01:59
0.000000,10.563518,2023-01-01T01:02:00
0.000000,10.563518,2023-01-01T01:02:01
0.000000,10.563518,2023-01-01T01:02:02
0.000000,10.563518,2023-01-01T01:02:03
0.000000,10.563518,2023-01-01T01:02:04
0.000000,10.563518,2023-01-01T01:02:05
0.000000,10.563518,2023-01-01T01:02:06
0.000000,10.563518,2023-01-01T01:02:07
0.000000,10.563518,2023-01-01T01:02:08
-0.111193,10.563518,2023-01-01T01:02:09
-0.111193,10.563518,2023-01-01T01:02:10
-0.111193,10.563518,2023-01-01T01:02:11
-0.111193,10.563518,2023-01-01T01:02:12
-0.111193,10.563518,2023-01-01T01:02:13
-0.111193,10.563518,2023-01-01T01:02:14
-0.111193,10.563518,2023-01-01T01:02:15
-0.111193,10.563518,2023-01-01T01:02:16
-0.111193,10.563518,2023-01-01T01:02:17
-0.111193,10.563518,2023-01-01T01:02:18
-0.111193,10.563518,2023-01-01T01:02:19
-0.111193,10.563518,2023-01-01T01:02:20
0.000000,10.563518,2023-01-01T01:02:21
0.000000,10.563518,2023-01-01T01:02:22
0.000000,10.563518,2023-01-01T01:02:23
0.000000,10.563518,2023-01-01T01:02:24
0.000000,10.563518,2023-01-01T01:02:25
0.000000,10.563518,2023-01-01T01:02:26
0.000000,10.563518,2023-01-01T01:02:27
0.000000,10.563518,2023-01-01T01:02:28
0.000000,10.563518,2023-01-01T01:02:29
0.000000,10.563518,2023-01-01T01:02:30
0.000000,10.563518,2023-01-01T01:02:31
0.000000,10.563518,2023-01-01T01:02:32
0.000000,10.563518,2023-01-01T01:02:33
0.000000,10.563518,2023-01-01T01:02:34
0.000000,10.563518,2023-01-01T01:02:35
0.000000,10.563518,2023-01-01T01:02:36
0.000000,10.563518,2023-01-01T01:02:37
0.000000,10.563518,2023-01-01T01:02:38
0.000000,10.563518,2023-01-01T01:02:39
0.000000,10.563518,2023-01-01T01:02:40
0.000000,10.563518,2023-01-01T01:02:41
0.000000,10.563518,2023-01-01T01:02:42
0.000000,10.563518,2023-01-01T01:02:43
0.000000,10.563518,2023-01-01T01:02:44
0.000000,10.563518,2023-01-01T01:02:45
0.000000,10.563518,2023-01-01T01:02:46
0.000000,10.563518,2023-01-01T01:02:47
0.000000,10.563518,2023-01-01T01:02:48
0.000000,10.563518,2023-01-01T01:02:49
0.000000,10.563518,2023-01-01T01:02:50
0.000000,10.563518,2023-01-01T01:02:51
0.000000,10.563518,2023-01-01T01:02:52
0.000000,10.563518,2023-01-01T01:02:53
0.000000,10.563518,2023-01-01T01:02:54
0.000000,10.563518,2023-01-01T01:02:55
0.000000,10.563518,2023-01-01T01:02:56
0.000000,10.563518,2023-01-01T01:02:57
0.000000,10.563518,2023-01-01T01:02:58
0.000000,10.563518,2023-01-01T01:02:59
0.000000,10.563518,2023-01-01T01:03:00
0.000000,10.563518,2023-01-01T01:03:01
0.000000,10.563518,2023-01-01T01:03:02
0.000000,10.563518,2023-01-01T01:03:03
0.000000,10.563518,2023-01-01T01:03:04
0.000000,10.563518,2023-01-01T01:03:05
0.000000,10.563518,2023-01-01T01:03:06
0.000000,10.563518,2023-01-01T01:03:07
0.000000,10.563518,2023-01-01T01:03:08
0.000000,10.563518,2023-01-01T01:03:09
0.000000,10.563518,2023-01-01T01:03:10
0.000000,10.563518,2023-01-01T01:03:11
0.000000,10.563518,2023-01-01T01:03:12
0.000000,10.563518,2023-01-01T01:03:13
0.000000,10.563518,2023-01-01T01:03:14
0.000000,10.563518,2023-01-01T01:03:15
0.000000,10.563518,2023-01-01T01:03:16
0.000000,10.563518,2023-01-01T01:03:17
0.000000,10.563518,2023-01-01T01:03:18
0.000000,10.563518,2023-01-01T01:03:19
0.000000,10.563518,2023-01-01T01:03:20
0.000000,10.563518,2023-01-01T01:03:21
0.000000,10.563518,2023-01-01T01:03:22
0.000000,10.563518,2023-01-01T01:03:23
0.000000,10.563518,2023-01-01T01:03:24
0.000000,10.563518,2023-01-01T01:03:25
0.000000,10.563518,2023-01-01T01:03:26
-0.111193,10.563518,2023-01-01T01:03:27
-0.111193,10.563518,2023-01-01T01:03:28
-0.111193,10.563518,2023-01-01T01:03:29
-0.111193,10.563518,2023-01-01T01:03:30
-0.111193,10.563518,2023-01-01T01:03:31
-0.111193,10.563518,2023-01-01T01:03:32
-0.111193,10.563518,2023-01-01T01:03:33
-0.111193,10.563518,2023-01-01T01:03:34
-0.111193,10.563518,2023-01-01T01:03:35
-0.111193,10.563518,2023-01-01T01:03:36
-0.111193,10.563518,2023-01-01T01:03:37
-0.111193,10.563518,2023-01-01T01:03:38
-0.111193,10.563518,2023-01-01T01:03:39
-0.111193,10.563518,2023-01-01T01:03:40
-0.111193,10.563518,2023-01-01T01:03:41
-0.111193,10.563518,2023-01-01T01:03:42
-0.111193,10.563518,2023-01-01T01:03:43
-0.111193,10.563518,2023-01-01T01:03:44
-0.111193,10.563518,2023-01-01T01:03:45
-0.111193,10.563518,2023-01-01T01:03:46
-0.111193,10.563518,2023-01-01T01:03:47
-0.111193,10.563518,2023-01-01T01:03:48
-0.111193,10.563518,2023-01-01T01:03:49
-0.111193,10.563518,2023-01-01T01:03:50
-0.111193,10.563518,2023-01-01T01:03:51
-0.111193,10.563518,2023-01-01T01:03:52
-0.111193,10.563518,2023-01-01T01:03:53
-0.111193,10.563518,2023-01-01T01:03:54
-0.111193,10.563518,2023-01-01T01:03:55
-0.111193,10.563518,2023-01-01T01:03:56
-0.111193,10.563518,2023-01-01T01:03:57
-0.111193,10.563518,2023-01-01T01:03:58
-0.111193,10.563518,2023-01-01T01:03:59
-0.111193,10.563518,2023-01-01T01:04:00
-0.111193,10.563518,2023-01-01T01:04:01
-0.111193,10.563518,2023-01-01T01:04:02
-0.111193,10.563518,2023-01-01T01:04:03
-0.111193,10.563518,2023-01-01T01:04:04
-0.111193,10.563518,2023-01-01T01:04:05
-0.111193,10.563518,2023-01-01T01:04:06
-0.111193,10.563518,2023-01-01T01:04:07
-0.111193,10.563518,2023-01-01T01:04:08
-0.111193,10.563518,2023-01-01T01:04:09
-0.111193,10.563518,2023-01-01T01:04:10
-0.111193,10.563518,2023-01-01T01:04:11
-0.111193,10.563518,2023-01-01T01:04:12
-0.111193,10.563518,2023-01-01T01:04:13
-0.111193,10.563518,2023-01-01T01:04:14
-0.111193,10.563518,2023-01-01T01:04:15
-0.111193,10.563518,2023-01-01T01:04:16
-0.111193,10.563518,2023-01-01T01:04:17
-0.111193,10.563518,2023-01-01T01:04:18
-0.111193,10.563518,2023-01-01T01:04:19
-0.111193,10.563518,2023-01-01T01:04:20
-0.111193,10.563518,2023-01-01T01:04:21
-0.111193,10.563518,2023-01-01T01:04:22
-0.111193,10.563518,2023-01-01T01:04:23
-0.111193,10.563518,2023-01-01T01:04:24
-0.111193,10.563518,2023-01-01T01:04:25
-0.111193,10.563518,2023-01-01T01:04:26
-0.111193,10.563518,2023-01-01T01:04:27
-0.111193,10.563518,2023-01-01T01:04:28
-0.111193,10.563518,2023-01-01T01:04:29
-0.111193,10.563518,2023-01-01T01:04:30
-0.111193,10.563518,2023-01-01T01:04:31
-0.111193,10.563518,2023-01-01T01:04:32
-0.111193,10.563518,2023-01-01T01:04:33
-0.111193,10.563518,2023-01-01T01:04:34
-0.111193,10.563518,2023-01-01T01:04:35
-0.111193,10.563518,2023-01-01T01:04:36
-0.111193,10.563518,2023-01-01T01:04:37
-0.111193,10.674713,2023-01-01T01:04:38
-0.111193,10.674713,2023-01-01T01:04:39
-0.111193,10.674713,2023-01-01T01:04:40
-0.111193,10.674713,2023-01-01T01:04:41
-0.111193,10.674713,2023-01-01T01:04:42
-0.111193,10.674713,2023-01-01T01:04:43
-0.111193,10.674713,2023-01-01T01:04:44
-0.111193,10.674713,2023-01-01T01:04:45
-0.111193,10.674713,2023-01-01T01:04:46
-0.111193,10.674713,2023-01-01T01:04:47
-0.111193,10.674713,2023-01-01T01:04:48
-0.111193,10.674713,2023-01-01T01:04:49
-0.111193,10.674713,2023-01-01T01:04:50
-0.111193,10.674713,2023-01-01T01:04:51
-0.111193,10.674713,2023-01-01T01:04:52
-0.111193,10.674713,2023-01-01T01:04:53
-0.111193,10.674713,2023-01-01T01:04:54
-0.111193,10.674713,2023-01-01T01:04:55
-0.111193,10.674713,2023-01-01T01:04:56
-0.111193,10.674713,2023-01-01T01:04:57
-0.111193,10.674713,2023-01-01T01:04:58
-0.111193,10.674713,2023-01-01T01:04:59
-0.111193,10.674713,2023-01-01T01:05:00
-0.111193,10.674713,2023-01-01T01:05:01
-0.111193,10.674713,2023-01-01T01:05:02
-0.111193,10.674713,2023-01-01T01:05:03
-0.111193,10.674713,2023-01-01T01:05:04
-0.111193,10.674713,2023-01-01T01:05:05
-0.111193,10.674713,2023-01-01T01:05:06
-0.111193,10.674713,2023-01-01T01:05:07
-0.111193,10.674713,2023-01-01T01:05:08
-0.111193,10.674713,2023-01-01T01:05:09
-0.111193,10.674713,2023-01-01T01:05:10
-0.111193,10.674713,2023-01-01T01:05:11
-0.111193,10.674713,2023-01-01T01:05:12
-0.111193,10.674713,2023-01-01T01:05:13
-0.111193,10.674713,2023-01-01T01:05:14
-0.111193,10.674713,2023-01-01T01:05:15
-0.111193,10.674713,2023-01-01T01:05:16
-0.111193,10.674713,2023-01-01T01:05:17
-0.111193,10.674713,2023-01-01T01:05:18
-0.111193,10.674713,2023-01-01T01:05:19
-0.111193,10.674713,2023-01-01T01:05:20
-0.111193,10.674713,2023-01-01T01:05:21
-0.111193,10.674713,2023-01-01T01:05:22
-0.111193,10.674713,2023-01-01T01:05:23
-0.111193,10.674713,2023-01-01T01:05:24
-0.111193,10.674713,2023-01-01T01:05:25
-0.111193,10.674713,2023-01-01T01:05:26
-0.111193,10.674713,2023-01-01T01:05:27
-0.111193,10.674713,2023-01-01T01:05:28
-0.111193,10.674713,2023-01-01T01:05:29
-0.111193,10.674713,2023-01-01T01:05:30
-0.111193,10.674713,2023-01-01T01:05:31
-0.111193,10.674713,2023-01-01T01:05:32
-0.111193,10.674713,2023-01-01T01:05:33
-0.111193,10.674713,2023-01-01T01:05:34
-0.111193,10.674713,2023-01-01T01:05:35
-0.111193,10.674713,2023-01-01T01:05:36
-0.111193,10.674713,2023-01-01T01:05:37
-0.111193,10.674713,2023-01-01T01:05:38
-0.111193,10.674713,2023-01-01T01:05:39
-0.111193,10.674713,2023-01-01T01:05:40
-0.111193,10.674713,2023-01-01T01:05:41
-0.111193,10.674713,2023-01-01T01:05:42
-0.111193,10.674713,2023-01-01T01:05:43
-0.111193,10.674713,2023-01-01T01:05:44
-0.111193,10.674713,2023-01-01T01:05:45
-0.111193,10.674713,2023-01-01T01:05:46
-0.111193,10.674713,2023-01-01T01:05:47
-0.111193,10.674713,2023-01-01T01:05:48
-0.111193,10.674713,2023-01-01T01:05:49
-0.111193,10.674713,2023-01-01T01:05:50
-0.111193,10.674713,2023-01-01T01:05:51
-0.111193,10.674713,2023-01-01T01:05:52
-0.111193,10.674713,2023-01-01T01:05:53
-0.111193,10.674713,2023-01-01T01:05:54
-0.111193,10.674713,2023-01-01T01:05:55
-0.111193,10.674713,2023-01-01T01:05:56
-0.111193,10.674713,2023-01-01T01:05:57
-0.111193,10.674713,2023-01-01T01:05:58
-0.111193,10.674713,2023-01-01T01:05:59
-0.111193,10.674713,2023-01-01T01:06:00
-0.111193,10.674713,2023-01-01T01:06:01
-0.111193,10.674713,2023-01-01T01:06:02
-0.111193,10.674713,2023-01-01T01:06:03
-0.111193,10.674713,2023-01-01T01:06:04
-0.111193,10.674713,2023-01-01T01:06:05
-0.111193,10.674713,2023-01-01T01:06:06
-0.111193,10.674713,2023-01-01T01:06:07
-0.111193,10.674713,2023-01-01T01:06:08
-0.111193,10.674713,2023-01-01T01:06:09
-0.111193,10.674713,2023-01-01T01:06:10
-0.111193,10.674713,2023-01-01T01:06:11
-0.111193,10.785908,2023-01-01T01:06:12
-0.111193,10.785908,2023-01-01T01:06:13
-0.111193,10.785908,2023-01-01T01:06:14
-0.111193,10.785908,2023-01-01T01:06:15
-0.111193,10.785908,2023-01-01T01:06:16
-0.111193,10.785908,2023-01-01T01:06:17
-0.111193,10.785908,2023-01-01T01:06:18
-0.111193,10.785908,2023-01-01T01:06:19
-0.111193,10.785908,2023-01-01T01:06:20
0.000000,10.785908,2023-01-01T01:06:21
0.000000,10.785908,2023-01-01T01:06:22
0.000000,10.785908,2023-01-01T01:06:23
0.000000,10.785908,2023-01-01T01:06:24
0.000000,10.785908,2023-01-01T01:06:25
0.000000,10.785908,2023-01-01T01:06:26
0.000000,10.785908,2023-01-01T01:06:27
0.000000,10.785908,2023-01-01T01:06:28
0.000000,10.785908,2023-01-01T01:06:29
0.000000,10.785908,2023-01-01T01:06:30
0.000000,10.785908,2023-01-01T01:06:31
0.000000,10.785908,2023-01-01T01:06:32
0.000000,10.785908,2023-01-01T01:06:33
0.000000,10.785908,2023-01-01T01:06:34
0.000000,10.785908,2023-01-01T01:06:35
0.000000,10.785908,2023-01-01T01:06:36
0.000000,10.785908,2023-01-01T01:06:37
0.000000,10.785908,2023-01-01T01:06:38
0.000000,10.785908,2023-01-01T01:06:39
0.000000,10.785908,2023-01-01T01:06:40
-0.111193,10.785908,2023-01-01T01:06:41
-0.111193,10.785908,2023-01-01T01:06:42
-0.111193,10.785908,2023-01-01T01:06:43
-0.111193,10.785908,2023-01-01T01:06:44
-0.111193,10.785908,2023-01-01T01:06:45
-0.111193,10.785908,2023-01-01T01:06:46
-0.111193,10.785908,2023-01-01T01:06:47
-0.111193,10.785908,2023-01-01T01:06:48
-0.111193,10.785908,2023-01-01T01:06:49
-0.111193,10.785908,2023-01-01T01:06:50
-0.111193,10.785908,2023-01-01T01:06:51
-0.111193,10.785908,2023-01-01T01:06:52
-0.111193,10.785908,2023-01-01T01:06:53
-0.111193,10.785908,2023-01-01T01:06:54
-0.111193,10.785908,2023-01-01T01:06:55
-0.111193,10.785908,2023-01-01T01:06:56
-0.111193,10.785908,2023-01-01T01:06:57
-0.111193,10.785908,2023-01-01T01:06:58
-0.111193,10.785908,2023-01-01T01:06:59
-0.111193,10.785908,2023-01-01T01:07:00
-0.111193,10.785908,2023-01-01T01:07:01
-0.111193,10.785908,2023-01-01T01:07:02
-0.111193,10.785908,2023-01-01T01:07:03
-0.111193,10.785908,2023-01-01T01:07:04
-0.111193,10.785908,2023-01-01T01:07:05
-0.111193,10.785908,2023-01-01T01:07:06
-0.111193,10.785908,2023-01-01T01:07:07
-0.111193,10.785908,2023-01-01T01:07:08
-0.111193,10.785908,2023-01-01T01:07:09
-0.111193,10.785908,2023-01-01T01:07:10
-0.111193,10.785908,2023-01-01T01:07:11
-0.111193,10.785908,2023-01-01T01:07:12
-0.111193,10.785908,2023-01-01T01:07:13
-0.111193,10.785908,2023-01-01T01:07:14
-0.111193,10.785908,2023-01-01T01:07:15
-0.111193,10.785908,2023-01-01T01:07:16
-0.222385,10.785908,2023-01-01T01:07:17
-0.222385,10.785908,2023-01-01T01:07:18
-0.222385,10.785908,2023-01-01T01:07:19
-0.222385,10.785908,2023-01-01T01:07:20
-0.222385,10.785908,2023-01-01T01:07:21
-0.222385,10.785908,2023-01-01T01:07:22
-0.222385,10.785908,2023-01-01T01:07:23
-0.333578,10.785908,2023-01-01T01:07:24
-0.333578,10.785908,2023-01-01T01:07:25
-0.333578,10.785908,2023-01-01T01:07:26
-0.333578,10.785908,2023-01-01T01:07:27
-0.333578,10.785908,2023-01-01T01:07:28
-0.333578,10.897103,2023-01-01T01:07:29
-0.333578,10.897103,2023-01-01T01:07:30
-0.333578,10.897103,2023-01-01T01:07:31
-0.333578,10.897103,2023-01-01T01:07:32
-0.444771,10.897103,2023-01-01T01:07:33
-0.444771,10.897103,2023-01-01T01:07:34
-0.444771,10.897103,2023-01-01T01:07:35
-0.444771,10.897103,2023-01-01T01:07:36
-0.444771,10.897103,2023-01-01T01:07:37
-0.444771,10.897103,2023-01-01T01:07:38
-0.444771,10.897103,2023-01-01T01:07:39
-0.444771,10.897103,2023-01-01T01:07:40
-0.555964,10.897103,2023-01-01T01:07:41
-0.555964,10.897103,2023-01-01T01:07:42
-0.555964,10.897103,2023-01-01T01:07:43
-0.555964,10.897103,2023-01-01T01:07:44
-0.555964,10.897103,2023-01-01T01:07:45
-0.555964,10.897103,2023-01-01T01:07:46
-0.555964,10.897103,2023-01-01T01:07:47
-0.555964,10.897103,2023-01-01T01:07:48
-0.555964,10.897103,2023-01-01T01:07:49
-0.555964,10.897103,2023-01-01T01:07:50
-0.555964,10.897103,2023-01-01T01:07:51
-0.555964,10.897103,2023-01-01T01:07:52
-0.555964,10.897103,2023-01-01T01:07:53
-0.555964,10.785908,2023-01-01T01:07:54
-0.555964,10.785908,2023-01-01T01:07:55
-0.555964,10.785908,2023-01-01T01:07:56
-0.555964,10.785908,2023-01-01T01:07:57
-0.555964,10.785908,2023-01-01T01:07:58
-0.555964,10.785908,2023-01-01T01:07:59
-0.555964,10.785908,2023-01-01T01:08:00
-0.555964,10.785908,2023-01-01T01:08:01
-0.667156,10.785908,2023-01-01T01:08:02
-0.667156,10.785908,2023-01-01T01:08:03
-0.667156,10.785908,2023-01-01T01:08:04
-0.667156,10.785908,2023-01-01T01:08:05
-0.667156,10.785908,2023-01-01T01:08:06
-0.667156,10.785908,2023-01-01T01:08:07
-0.667156,10.785908,2023-01-01T01:08:08
-0.667156,10.785908,2023-01-01T01:08:09
-0.667156,10.785908,2023-01-01T01:08:10
-0.667156,10.785908,2023-01-01T01:08:11
-0.667156,10.785908,2023-01-01T01:08:12
-0.778349,10.785908,2023-01-01T01:08:13
-0.778349,10.785908,2023-01-01T01:08:14
-0.778349,10.785908,2023-01-01T01:08:15
-0.667156,10.785908,2023-01-01T01:08:16
-0.667156,10.785908,2023-01-01T01:08:17
-0.667156,10.785908,2023-01-01T01:08:18
-0.667156,10.785908,2023-01-01T01:08:19
-0.667156,10.785908,2023-01-01T01:08:20
-0.667156,10.785908,2023-01-01T01:08:21
-0.667156,10.785908,2023-01-01T01:08:22
-0.667156,10.785908,2023-01-01T01:08:23
-0.667156,10.785908,2023-01-01T01:08:24
-0.667156,10.785908,2023-01-01T01:08:25
-0.667156,10.785908,2023-01-01T01:08:26
-0.667156,10.674713,2023-01-01T01:08:27
-0.667156,10.674713,2023-01-01T01:08:28
-0.667156,10.674713,2023-01-01T01:08:29
-0.667156,10.674713,2023-01-01T01:08:30
-0.667156,10.674713,2023-01-01T01:08:31
-0.667156,10.674713,2023-01-01T01:08:32
-0.667156,10.674713,2023-01-01T01:08:33
-0.667156,10.674713,2023-01-01T01:08:34
-0.667156,10.674713,2023-01-01T01:08:35
-0.667156,10.674713,2023-01-01T01:08:36
-0.667156,10.674713,2023-01-01T01:08:37
-0.667156,10.674713,2023-01-01T01:08:38
-0.667156,10.674713,2023-01-01T01:08:39
-0.667156,10.674713,2023-01-01T01:08:40
-0.667156,10.674713,2023-01-01T01:08:41
-0.667156,10.674713,2023-01-01T01:08:42
-0.667156,10.674713,2023-01-01T01:08:43
-0.667156,10.674713,2023-01-01T01:08:44
-0.667156,10.674713,2023-01-01T01:08:45
-0.667156,10.674713,2023-01-01T01:08:46
-0.667156,10.674713,2023-01-01T01:08:47
-0.667156,10.674713,2023-01-01T01:08:48
-0.667156,10.674713,2023-01-01T01:08:49
-0.667156,10.674713,2023-01-01T01:08:50
-0.667156,10.674713,2023-01-01T01:08:51
-0.667156,10.674713,2023-01-01T01:08:52
-0.667156,10.674713,2023-01-01T01:08:53
-0.667156,10.674713,2023-01-01T01:08:54
-0.667156,10.674713,2023-01-01T01:08:55
-0.667156,10.674713,2023-01-01T01:08:56
-0.667156,10.674713,2023-01-01T01:08:57
-0.667156,10.674713,2023-01-01T01:08:58
-0.667156,10.674713,2023-01-01T01:08:59
-0.667156,10.674713,2023-01-01T01:09:00
-0.667156,10.674713,2023-01-01T01:09:01
-0.667156,10.674713,2023-01-01T01:09:02
-0.667156,10.674713,2023-01-01T01:09:03
-0.667156,10.674713,2023-01-01T01:09:04
-0.667156,10.674713,2023-01-01T01:09:05
-0.667156,10.674713,2023-01-01T01:09:06
-0.667156,10.674713,2023-01-01T01:09:07
-0.667156,10.674713,2023-01-01T01:09:08
-0.667156,10.674713,2023-01-01T01:09:09
-0.667156,10.674713,2023-01-01T01:09:10
-0.555964,10.674713,2023-01-01T01:09:11
-0.555964,10.674713,2023-01-01T01:09:12
-0.555964,10.674713,2023-01-01T01:09:13
-0.555964,10.674713,2023-01-01T01:09:14
-0.667156,10.674713,2023-01-01T01:09:15
-0.667156,10.674713,2023-01-01T01:09:16
-0.667156,10.674713,2023-01-01T01:09:17
-0.667156,10.674713,2023-01-01T01:09:18
-0.667156,10.674713,2023-01-01T01:09:19
-0.667156,10.674713,2023-01-01T01:09:20
-0.667156,10.674713,2023-01-01T01:09:21
-0.667156,10.674713,2023-01-01T01:09:22
-0.778349,10.674713,2023-01-01T01:09:23
-0.778349,10.674713,2023-01-01T01:09:24
-0.778349,10.674713,2023-01-01T01:09:25
-0.778349,10.674713,2023-01-01T01:09:26
-0.778349,10.674713,2023-01-01T01:09:27
-0.778349,10.674713,2023-01-01T01:09:28
-0.778349,10.674713,2023-01-01T01:09:29
-0.778349,10.674713,2023-01-01T01:09:30
-0.778349,10.674713,2023-01-01T01:09:31
-0.889542,10.674713,2023-01-01T01:09:32
-0.889542,10.674713,2023-01-01T01:09:33
-0.889542,10.674713,2023-01-01T01:09:34
-0.889542,10.674713,2023-01-01T01:09:35
-0.889542,10.674713,2023-01-01T01:09:36
-0.889542,10.674713,2023-01-01T01:09:37
-0.889542,10.674713,2023-01-01T01:09:38
-0.889542,10.674713,2023-01-01T01:09:39
-0.889542,10.674713,2023-01-01T01:09:40
-0.889542,10.674713,2023-01-01T01:09:41
-0.889542,10.674713,2023-01-01T01:09:42
-1.000735,10.674713,2023-01-01T01:09:43
-1.000735,10.674713,2023-01-01T01:09:44
-1.000735,10.674713,2023-01-01T01:09:45
-1.000735,10.674713,2023-01-01T01:09:46
-1.000735,10.674713,2023-01-01T01:09:47
-1.000735,10.674713,2023-01-01T01:09:48
-1.000735,10.674713,2023-01-01T01:09:49
-1.000735,10.674713,2023-01-01T01:09:50
-1.000735,10.674713,2023-01-01T01:09:51
-1.111927,10.674713,2023-01-01T01:09:52
-1.111927,10.674713,2023-01-01T01:09:53
-1.111927,10.785908,2023-01-01T01:09:54
-1.111927,10.785908,2023-01-01T01:09:55
-1.111927,10.785908,2023-01-01T01:09:56
-1.111927,10.785908,2023-01-01T01:09:57
-1.111927,10.785908,2023-01-01T01:09:58
-1.111927,10.785908,2023-01-01T01:09:59
-1.111927,10.785908,2023-01-01T01:10:00
-1.223120,10.785908,2023-01-01T01:10:01
-1.223120,10.785908,2023-01-01T01:10:02
-1.223120,10.785908,2023-01-01T01:10:03
-1.223120,10.785908,2023-01-01T01:10:04
-1.223120,10.785908,2023-01-01T01:10:05
-1.223120,10.785908,2023-01-01T01:10:06
-1.223120,10.785908,2023-01-01T01:10:07
-1.334313,10.785908,2023-01-01T01:10:08
-1.334313,10.785908,2023-01-01T01:10:09
-1.334313,10.785908,2023-01-01T01:10:10
-1.334313,10.785908,2023-01-01T01:10:11
-1.334313,10.785908,2023-01-01T01:10:12
-1.334313,10.785908,2023-01-01T01:10:13
-1.334313,10.785908,2023-01-01T01:10:14
-1.334313,10.785908,2023-01-01T01:10:15
-1.334313,10.785908,2023-01-01T01:10:16
-1.334313,10.785908,2023-01-01T01:10:17
-1.334313,10.785908,2023-01-01T01:10:18
-1.334313,10.785908,2023-01-01T01:10:19
-1.334313,10.785908,2023-01-01T01:10:20
-1.334313,10.785908,2023-01-01T01:10:21
-1.223120,10.785908,2023-01-01T01:10:22
-1.223120,10.785908,2023-01-01T01:10:23
-1.223120,10.785908,2023-01-01T01:10:24
-1.223120,10.785908,2023-01-01T01:10:25
-1.223120,10.785908,2023-01-01T01:10:26
-1.223120,10.785908,2023-01-01T01:10:27
-1.223120,10.785908,2023-01-01T01:10:28
-1.223120,10.785908,2023-01-01T01:10:29
-1.223120,10.785908,2023-01-01T01:10:30
-1.223120,10.785908,2023-01-01T01:10:31
-1.111927,10.785908,2023-01-01T01:10:32
-1.111927,10.785908,2023-01-01T01:10:33
-1.111927,10.785908,2023-01-01T01:10:34
-1.111927,10.785908,2023-01-01T01:10:35
-1.111927,10.785908,2023-01-01T01:10:36
-1.111927,10.785908,2023-01-01T01:10:37
-1.111927,10.785908,2023-01-01T01:10:38
-1.111927,10.785908,2023-01-01T01:10:39
-1.111927,10.785908,2023-01-01T01:10:40
-1.111927,10.785908,2023-01-01T01:10:41
-1.111927,10.785908,2023-01-01T01:10:42
-1.111927,10.785908,2023-01-01T01:10:43
-1.111927,10.785908,2023-01-01T01:10:44
-1.111927,10.785908,2023-01-01T01:10:45
-1.111927,10.785908,2023-01-01T01:10:46
-1.111927,10.785908,2023-01-01T01:10:47
-1.111927,10.785908,2023-01-01T01:10:48
-1.111927,10.785908,2023-01-01T01:10:49
-1.111927,10.785908,2023-01-01T01:10:50
-1.111927,10.785908,2023-01-01T01:10:51
-1.111927,10.785908,2023-01-01T01:10:52
-1.111927,10.785908,2023-01-01T01:10:53
-1.111927,10.785908,2023-01-01T01:10:54
-1.111927,10.785908,2023-01-01T01:10:55
-1.111927,10.785908,2023-01-01T01:10:56
-1.111927,10.785908,2023-01-01T01:10:57
-1.111927,10.785908,2023-01-01T01:10:58
-1.111927,10.785908,2023-01-01T01:10:59
-1.111927,10.785908,2023-01-01T01:11:00
-1.111927,10.785908,2023-01-01T01:11:01
-1.111927,10.785908,2023-01-01T01:11:02
-1.111927,10.785908,2023-01-01T01:11:03
-1.111927,10.785908,2023-01-01T01:11:04
-1.111927,10.785908,2023-01-01T01:11:05
-1.111927,10.785908,2023-01-01T01:11:06
-1.111927,10.785908,2023-01-01T01:11:07
-1.111927,10.785908,2023-01-01T01:11:08
-1.111927,10.785908,2023-01-01T01:11:09
-1.111927,10.785908,2023-01-01T01:11:10
-1.111927,10.785908,2023-01-01T01:11:11
-1.111927,10.785908,2023-01-01T01:11:12
-1.111927,10.785908,2023-01-01T01:11:13
-1.111927,10.785908,2023-01-01T01:11:14
-1.111927,10.785908,2023-01-01T01:11:15
-1.111927,10.785908,2023-01-01T01:11:16
-1.111927,10.785908,2023-01-01T01:11:17
-1.000735,10.785908,2023-01-01T01:11:18
-1.000735,10.785908,2023-01-01T01:11:19
-1.000735,10.785908,2023-01-01T01:11:20
-1.000735,10.785908,2023-01-01T01:11:21
-1.000735,10.785908,2023-01-01T01:11:22
-1.000735,10.785908,2023-01-01T01:11:23
-1.000735,10.785908,2023-01-01T01:11:24
-1.000735,10.785908,2023-01-01T01:11:25
-1.000735,10.785908,2023-01-01T01:11:26
-1.000735,10.785908,2023-01-01T01:11:27
-1.000735,10.785908,2023-01-01T01:11:28
-1.000735,10.785908,2023-01-01T01:11:29
-1.000735,10.785908,2023-01-01T01:11:30
-1.000735,10.785908,2023-01-01T01:11:31
-0.889542,10.785908,2023-01-01T01:11:32
-0.889542,10.785908,2023-01-01T01:11:33
-0.889542,10.785908,2023-01-01T01:11:34
-0.889542,10.785908,2023-01-01T01:11:35
-0.889542,10.785908,2023-01-01T01:11:36
-0.889542,10.785908,2023-01-01T01:11:37
-0.889542,10.785908,2023-01-01T01:11:38
-0.889542,10.785908,2023-01-01T01:11:39
-0.889542,10.785908,2023-01-01T01:11:40
-0.889542,10.785908,2023-01-01T01:11:41
-0.889542,10.785908,2023-01-01T01:11:42
-0.889542,10.785908,2023-01-01T01:11:43
-0.889542,10.785908,2023-01-01T01:11:44
-0.889542,10.785908,2023-01-01T01:11:45
-0.889542,10.785908,2023-01-01T01:11:46
-0.889542,10.785908,2023-01-01T01:11:47
-0.889542,10.785908,2023-01-01T01:11:48
-0.889542,10.785908,2023-01-01T01:11:49
-0.889542,10.785908,2023-01-01T01:11:50
-1.000735,10.785908,2023-01-01T01:11:51
-1.000735,10.785908,2023-01-01T01:11:52
-1.000735,10.785908,2023-01-01T01:11:53
-1.000735,10.785908,2023-01-01T01:11:54
-1.000735,10.785908,2023-01-01T01:11:55
-1.000735,10.785908,2023-01-01T01:11:56
-1.111927,10.785908,2023-01-01T01:11:57
-1.111927,10.785908,2023-01-01T01:11:58
-1.111927,10.785908,2023-01-01T01:11:59
-1.111927,10.785908,2023-01-01T01:12:00
-1.111927,10.785908,2023-01-01T01:12:01
-1.111927,10.897103,2023-01-01T01:12:02
-1.223120,10.897103,2023-01-01T01:12:03
-1.223120,10.897103,2023-01-01T01:12:04
-1.223120,10.897103,2023-01-01T01:12:05
-1.223120,10.897103,2023-01-01T01:12:06
-1.223120,10.897103,2023-01-01T01:12:07
-1.223120,10.897103,2023-01-01T01:12:08
-1.334313,10.897103,2023-01-01T01:12:09
-1.334313,10.897103,2023-01-01T01:12:10
-1.334313,10.897103,2023-01-01T01:12:11
-1.334313,10.897103,2023-01-01T01:12:12
-1.334313,10.897103,2023-01-01T01:12:13
-1.445506,10.897103,2023-01-01T01:12:14
-1.445506,10.897103,2023-01-01T01:12:15
-1.445506,10.897103,2023-01-01T01:12:16
-1.445506,10.897103,2023-01-01T01:12:17
-1.445506,10.897103,2023-01-01T01:12:18
-1.445506,10.897103,2023-01-01T01:12:19
-1.445506,10.897103,2023-01-01T01:12:20
-1.445506,10.897103,2023-01-01T01:12:21
-1.445506,10.897103,2023-01-01T01:12:22
-1.445506,10.897103,2023-01-01T01:12:23
-1.445506,10.897103,2023-01-01T01:12:24
-1.445506,10.897103,2023-01-01T01:12:25
-1.445506,10.897103,2023-01-01T01:12:26
-1.445506,10.897103,2023-01-01T01:12:27
-1.445506,10.897103,2023-01-01T01:12:28
-1.445506,10.897103,2023-01-01T01:12:29
-1.445506,10.897103,2023-01-01T01:12:30
-1.445506,10.897103,2023-01-01T01:12:31
-1.445506,10.897103,2023-01-01T01:12:32
-1.445506,11.008298,2023-01-01T01:12:33
-1.556698,11.008298,2023-01-01T01:12:34
-1.556698,11.008298,2023-01-01T01:12:35
-1.556698,11.008298,2023-01-01T01:12:36
-1.556698,11.008298,2023-01-01T01:12:37
-1.556698,11.008298,2023-01-01T01:12:38
-1.556698,11.008298,2023-01-01T01:12:39
-1.556698,11.008298,2023-01-01T01:12:40
-1.667891,11.008298,2023-01-01T01:12:41
-1.667891,11.008298,2023-01-01T01:12:42
-1.667891,11.008298,2023-01-01T01:12:43
-1.667891,11.008298,2023-01-01T01:12:44
-1.667891,11.008298,2023-01-01T01:12:45
-1.667891,11.008298,2023-01-01T01:12:46
-1.667891,11.008298,2023-01-01T01:12:47
-1.667891,11.008298,2023-01-01T01:12:48
-1.667891,11.008298,2023-01-01T01:12:49
-1.667891,11.008298,2023-01-01T01:12:50
-1.667891,11.008298,2023-01-01T01:12:51
-1.667891,11.008298,2023-01-01T01:12:52
-1.667891,11.008298,2023-01-01T01:12:53
-1.667891,11.119493,2023-01-01T01:12:54
-1.667891,11.119493,2023-01-01T01:12:55
-1.667891,11.119493,2023-01-01T01:12:56
-1.667891,11.119493,2023-01-01T01:12:57
-1.667891,11.119493,2023-01-01T01:12:58
-1.667891,11.119493,2023-01-01T01:12:59
-1.667891,11.119493,2023-01-01T01:13:00
-1.667891,11.119493,2023-01-01T01:13:01
-1.667891,11.119493,2023-01-01T01:13:02
-1.667891,11.119493,2023-01-01T01:13:03
-1.667891,11.119493,2023-01-01T01:13:04
-1.667891,11.119493,2023-01-01T01:13:05
-1.667891,11.119493,2023-01-01T01:13:06
-1.667891,11.119493,2023-01-01T01:13:07
-1.667891,11.119493,2023-01-01T01:13:08
-1.667891,11.119493,2023-01-01T01:13:09
-1.667891,11.119493,2023-01-01T01:13:10
-1.667891,11.119493,2023-01-01T01:13:11
-1.667891,11.119493,2023-01-01T01:13:12
-1.667891,11.119493,2023-01-01T01:13:13
-1.667891,11.119493,2023-01-01T01:13:14
-1.667891,11.119493,2023-01-01T01:13:15
-1.667891,11.230688,2023-01-01T01:13:16
-1.556698,11.230688,2023-01-01T01:13:17
-1.556698,11.230688,2023-01-01T01:13:18
-1.556698,11.230688,2023-01-01T01:13:19
-1.556698,11.230688,2023-01-01T01:13:20
-1.556698,11.230688,2023-01-01T01:13:21
-1.556698,11.230688,2023-01-01T01:13:22
-1.556698,11.230688,2023-01-01T01:13:23
-1.556698,11.230688,2023-01-01T01:13:24
-1.556698,11.230688,2023-01-01T01:13:25
-1.445506,11.230688,2023-01-01T01:13:26
-1.445506,11.230688,2023-01-01T01:13:27
-1.445506,11.230688,2023-01-01T01:13:28
-1.445506,11.230688,2023-01-01T01:13:29
-1.445506,11.230688,2023-01-01T01:13:30
-1.445506,11.230688,2023-01-01T01:13:31
-1.445506,11.230688,2023-01-01T01:13:32
-1.445506,11.230688,2023-01-01T01:13:33
-1.445506,11.230688,2023-01-01T01:13:34
-1.445506,11.230688,2023-01-01T01:13:35
-1.445506,11.230688,2023-01-01T01:13:36
-1.334313,11.230688,2023-01-01T01:13:37
-1.334313,11.230688,2023-01-01T01:13:38
-1.334313,11.230688,2023-01-01T01:13:39
-1.334313,11.230688,2023-01-01T01:13:40
-1.334313,11.230688,2023-01-01T01:13:41
-1.334313,11.230688,2023-01-01T01:13:42
-1.334313,11.230688,2023-01-01T01:13:43
-1.334313,11.230688,2023-01-01T01:13:44
-1.334313,11.230688,2023-01-01T01:13:45
-1.334313,11.230688,2023-01-01T01:13:46
-1.334313,11.230688,2023-01-01T01:13:47
-1.334313,11.230688,2023-01-01T01:13:48
-1.334313,11.230688,2023-01-01T01:13:49
-1.334313,11.230688,2023-01-01T01:13:50
-1.445506,11.230688,2023-01-01T01:13:51
-1.445506,11.230688,2023-01-01T01:13:52
-1.445506,11.230688,2023-01-01T01:13:53
-1.445506,11.230688,2023-01-01T01:13:54
-1.445506,11.230688,2023-01-01T01:13:55
-1.445506,11.230688,2023-01-01T01:13:56
-1.445506,11.341883,2023-01-01T01:13:57
-1.445506,11.341883,2023-01-01T01:13:58
-1.445506,11.341883,2023-01-01T01:13:59
-1.445506,11.341883,2023-01-01T01:14:00
-1.445506,11.341883,2023-01-01T01:14:01
-1.556698,11.341883,2023-01-01T01:14:02
-1.556698,11.341883,2023-01-01T01:14:03
-1.556698,11.341883,2023-01-01T01:14:04
-1.556698,11.341883,2023-01-01T01:14:05
-1.556698,11.341883,2023-01-01T01:14:06
-1.556698,11.341883,2023-01-01T01:14:07
-1.556698,11.341883,2023-01-01T01:14:08
-1.556698,11.341883,2023-01-01T01:14:09
-1.556698,11.341883,2023-01-01T01:14:10
-1.667891,11.341883,2023-01-01T01:14:11
-1.667891,11.341883,2023-01-01T01:14:12
-1.667891,11.341883,2023-01-01T01:14:13
-1.667891,11.341883,2023-01-01T01:14:14
-1.667891,11.453077,2023-01-01T01:14:15
-1.667891,11.453077,2023-01-01T01:14:16
-1.667891,11.453077,2023-01-01T01:14:17
-1.667891,11.453077,2023-01-01T01:14:18
-1.667891,11.453077,2023-01-01T01:14:19
-1.667891,11.453077,2023-01-01T01:14:20
-1.667891,11.453077,2023-01-01T01:14:21
-1.667891,11.453077,2023-01-01T01:14:22
-1.779084,11.453077,2023-01-01T01:14:23
-1.779084,11.453077,2023-01-01T01:14:24
-1.779084,11.453077,2023-01-01T01:14:25
-1.779084,11.453077,2023-01-01T01:14:26
-1.779084,11.453077,2023-01-01T01:14:27
-1.779084,11.453077,2023-01-01T01:14:28
-1.779084,11.453077,2023-01-01T01:14:29
-1.779084,11.564272,2023-01-01T01:14:30
-1.779084,11.564272,2023-01-01T01:14:31
-1.890277,11.564272,2023-01-01T01:14:32
-1.890277,11.564272,2023-01-01T01:14:33
-1.890277,11.564272,2023-01-01T01:14:34
-1.890277,11.564272,2023-01-01T01:14:35
-1.890277,11.564272,2023-01-01T01:14:36
-1.890277,11.564272,2023-01-01T01:14:37
-1.890277,11.564272,2023-01-01T01:14:38
-1.890277,11.564272,2023-01-01T01:14:39
-1.890277,11.564272,2023-01-01T01:14:40
-2.001469,11.564272,2023-01-01T01:14:41
-2.001469,11.675467,2023-01-01T01:14:42
-2.001469,11.675467,2023-01-01T01:14:43
-2.001469,11.675467,2023-01-01T01:14:44
-2.001469,11.675467,2023-01-01T01:14:45
-1.890277,11.675467,2023-01-01T01:14:46
-1.890277,11.675467,2023-01-01T01:14:47
-1.890277,11.675467,2023-01-01T01:14:48
-1.890277,11.675467,2023-01-01T01:14:49
-1.890277,11.675467,2023-01-01T01:14:50
-1.890277,11.675467,2023-01-01T01:14:51
-1.890277,11.675467,2023-01-01T01:14:52
-1.779084,11.675467,2023-01-01T01:14:53
-1.779084,11.675467,2023-01-01T01:14:54
-1.779084,11.675467,2023-01-01T01:14:55
-1.779084,11.675467,2023-01-01T01:14:56
-1.779084,11.675467,2023-01-01T01:14:57
-1.779084,11.675467,2023-01-01T01:14:58
-1.779084,11.675467,2023-01-01T01:14:59
-1.667891,11.675467,2023-01-01T01:15:00
-1.667891,11.675467,2023-01-01T01:15:01
-1.667891,11.675467,2023-01-01T01:15:02
-1.667891,11.675467,2023-01-01T01:15:03
-1.667891,11.675467,2023-01-01T01:15:04
-1.667891,11.786662,2023-01-01T01:15:05
-1.556698,11.786662,2023-01-01T01:15:06
-1.556698,11.786662,2023-01-01T01:15:07
-1.556698,11.786662,2023-01-01T01:15:08
-1.556698,11.786662,2023-01-01T01:15:09
-1.556698,11.786662,2023-01-01T01:15:10
-1.556698,11.786662,2023-01-01T01:15:11
-1.556698,11.786662,2023-01-01T01:15:12
-1.556698,11.786662,2023-01-01T01:15:13
-1.445506,11.786662,2023-01-01T01:15:14
-1.445506,11.786662,2023-01-01T01:15:15
-1.445506,11.786662,2023-01-01T01:15:16
-1.445506,11.786662,2023-01-01T01:15:17
-1.445506,11.786662,2023-01-01T01:15:18
-1.445506,11.786662,2023-01-01T01:15:19
-1.334313,11.786662,2023-01-01T01:15:20
-1.334313,11.786662,2023-01-01T01:15:21
-1.334313,11.786662,2023-01-01T01:15:22
-1.334313,11.786662,2023-01-01T01:15:23
-1.334313,11.786662,2023-01-01T01:15:24
-1.334313,11.786662,2023-01-01T01:15:25
-1.334313,11.786662,2023-01-01T01:15:26
-1.223120,11.786662,2023-01-01T01:15:27
-1.223120,11.786662,2023-01-01T01:15:28
-1.223120,11.786662,2023-01-01T01:15:29
-1.223120,11.786662,2023-01-01T01:15:30
-1.223120,11.786662,2023-01-01T01:15:31
-1.223120,11.786662,2023-01-01T01:15:32
-1.223120,11.786662,2023-01-01T01:15:33
-1.223120,11.786662,2023-01-01T01:15:34
-1.111927,11.786662,2023-01-01T01:15:35
-1.111927,11.786662,2023-01-01T01:15:36
-1.111927,11.786662,2023-01-01T01:15:37
-1.111927,11.786662,2023-01-01T01:15:38
-1.111927,11.786662,2023-01-01T01:15:39
-1.111927,11.786662,2023-01-01T01:15:40
-1.111927,11.786662,2023-01-01T01:15:41
-1.111927,11.897857,2023-01-01T01:15:42
-1.111927,11.897857,2023-01-01T01:15:43
-1.111927,11.897857,2023-01-01T01:15:44
-1.111927,11.897857,2023-01-01T01:15:45
-1.111927,11.897857,2023-01-01T01:15:46
-1.111927,11.897857,2023-01-01T01:15:47
-1.111927,11.897857,2023-01-01T01:15:48
-1.111927,11.897857,2023-01-01T01:15:49
-1.111927,11.897857,2023-01-01T01:15:50
-1.111927,11.897857,2023-01-01T01:15:51
-1.111927,11.897857,2023-01-01T01:15:52
-1.111927,11.897857,2023-01-01T01:15:53
-1.223120,11.897857,2023-01-01T01:15:54
-1.223120,11.897857,2023-01-01T01:15:55
-1.223120,11.897857,2023-01-01T01:15:56
-1.223120,12.009052,2023-01-01T01:15:57
-1.334313,12.009052,2023-01-01T01:15:58
-1.334313,12.009052,2023-01-01T01:15:59
-1.334313,12.009052,2023-01-01T01:16:00
-1.445506,12.009052,2023-01-01T01:16:01
-1.445506,12.009052,2023-01-01T01:16:02
-1.445506,12.009052,2023-01-01T01:16:03
-1.556698,12.009052,2023-01-01T01:16:04
-1.556698,12.009052,2023-01-01T01:16:05
-1.556698,12.009052,2023-01-01T01:16:06
-1.667891,12.009052,2023-01-01T01:16:07
-1.667891,12.009052,2023-01-01T01:16:08
-1.779084,12.009052,2023-01-01T01:16:09
-1.779084,12.009052,2023-01-01T01:16:10
-1.779084,12.120247,2023-01-01T01:16:11
-1.890277,12.120247,2023-01-01T01:16:12
-1.890277,12.120247,2023-01-01T01:16:13
-2.001469,12.120247,2023-01-01T01:16:14
-2.001469,12.120247,2023-01-01T01:16:15
-2.001469,12.120247,2023-01-01T01:16:16
-2.001469,12.120247,2023-01-01T01:16:17
-2.001469,12.120247,2023-01-01T01:16:18
-2.001469,12.120247,2023-01-01T01:16:19
-2.001469,12.120247,2023-01-01T01:16:20
-2.001469,12.120247,2023-01-01T01:16:21
-2.001469,12.120247,2023-01-01T01:16:22
-2.001469,12.120247,2023-01-01T01:16:23
-2.001469,12.120247,2023-01-01T01:16:24
-2.001469,12.120247,2023-01-01T01:16:25
-2.001469,12.231442,2023-01-01T01:16:26
-2.001469,12.231442,2023-01-01T01:16:27
-2.001469,12.231442,2023-01-01T01:16:28
-2.001469,12.231442,2023-01-01T01:16:29
-2.001469,12.231442,2023-01-01T01:16:30
-2.001469,12.231442,2023-01-01T01:16:31
-2.001469,12.231442,2023-01-01T01:16:32
-2.001469,12.231442,2023-01-01T01:16:33
-2.001469,12.231442,2023-01-01T01:16:34
-2.001469,12.231442,2023-01-01T01:16:35
-2.001469,12.231442,2023-01-01T01:16:36
-2.001469,12.231442,2023-01-01T01:16:37
-2.001469,12.231442,2023-01-01T01:16:38
-2.001469,12.342637,2023-01-01T01:16:39
-2.001469,12.342637,2023-01-01T01:16:40
-2.001469,12.342637,2023-01-01T01:16:41
-2.001469,12.342637,2023-01-01T01:16:42
-2.001469,12.342637,2023-01-01T01:16:43
-2.001469,12.342637,2023-01-01T01:16:44
-2.001469,12.342637,2023-01-01T01:16:45
-2.001469,12.342637,2023-01-01T01:16:46
-1.890277,12.342637,2023-01-01T01:16:47
-1.890277,12.342637,2023-01-01T01:16:48
-1.890277,12.342637,2023-01-01T01:16:49
-1.890277,12.342637,2023-01-01T01:16:50
-1.779084,12.342637,2023-01-01T01:16:51
-1.779084,12.342637,2023-01-01T01:16:52
-1.779084,12.342637,2023-01-01T01:16:53
-1.779084,12.342637,2023-01-01T01:16:54
-1.779084,12.342637,2023-01-01T01:16:55
-1.667891,12.342637,2023-01-01T01:16:56
-1.667891,12.342637,2023-01-01T01:16:57
-1.667891,12.453832,2023-01-01T01:16:58
-1.667891,12.453832,2023-01-01T01:16:59
-1.667891,12.453832,2023-01-01T01:17:00
-1.556698,12.453832,2023-01-01T01:17:01
-1.556698,12.453832,2023-01-01T01:17:02
-1.556698,12.453832,2023-01-01T01:17:03
-1.556698,12.453832,2023-01-01T01:17:04
-1.556698,12.453832,2023-01-01T01:17:05
-1.556698,12.453832,2023-01-01T01:17:06
-1.556698,12.453832,2023-01-01T01:17:07
-1.445506,12.453832,2023-01-01T01:17:08
-1.445506,12.453832,2023-01-01T01:17:09
-1.445506,12.453832,2023-01-01T01:17:10
-1.445506,12.453832,2023-01-01T01:17:11
-1.445506,12.453832,2023-01-01T01:17:12
-1.445506,12.453832,2023-01-01T01:17:13
-1.445506,12.453832,2023-01-01T01:17:14
-1.334313,12.453832,2023-01-01T01:17:15
-1.334313,12.565027,2023-01-01T01:17:16
-1.334313,12.565027,2023-01-01T01:17:17
-1.334313,12.565027,2023-01-01T01:17:18
-1.334313,12.565027,2023-01-01T01:17:19
-1.334313,12.565027,2023-01-01T01:17:20
-1.334313,12.565027,2023-01-01T01:17:21
-1.334313,12.565027,2023-01-01T01:17:22
-1.334313,12.565027,2023-01-01T01:17:23
-1.334313,12.565027,2023-01-01T01:17:24
-1.334313,12.565027,2023-01-01T01:17:25
-1.334313,12.565027,2023-01-01T01:17:26
-1.334313,12.565027,2023-01-01T01:17:27
-1.334313,12.565027,2023-01-01T01:17:28
-1.334313,12.565027,2023-01-01T01:17:29
-1.334313,12.565027,2023-01-01T01:17:30
-1.334313,12.565027,2023-01-01T01:17:31
-1.334313,12.565027,2023-01-01T01:17:32
-1.334313,12.565027,2023-01-01T01:17:33
-1.223120,12.565027,2023-01-01T01:17:34
-1.223120,12.565027,2023-01-01T01:17:35
-1.223120,12.565027,2023-01-01T01:17:36
-1.223120,12.565027,2023-01-01T01:17:37
-1.223120,12.565027,2023-01-01T01:17:38
-1.223120,12.565027,2023-01-01T01:17:39
-1.223120,12.676222,2023-01-01T01:17:40
-1.223120,12.676222,2023-01-01T01:17:41
-1.223120,12.676222,2023-01-01T01:17:42
-1.223120,12.676222,2023-01-01T01:17:43
-1.223120,12.676222,2023-01-01T01:17:44
-1.223120,12.676222,2023-01-01T01:17:45
-1.223120,12.676222,2023-01-01T01:17:46
-1.334313,12.676222,2023-01-01T01:17:47
-1.334313,12.676222,2023-01-01T01:17:48
-1.334313,12.676222,2023-01-01T01:17:49
-1.334313,12.676222,2023-01-01T01:17:50
-1.334313,12.676222,2023-01-01T01:17:51
-1.334313,12.676222,2023-01-01T01:17:52
-1.334313,12.676222,2023-01-01T01:17:53
-1.334313,12.676222,2023-01-01T01:17:54
-1.334313,12.676222,2023-01-01T01:17:55
-1.334313,12.676222,2023-01-01T01:17:56
-1.334313,12.676222,2023-01-01T01:17:57
-1.334313,12.676222,2023-01-01T01:17:58
-1.334313,12.676222,2023-01-01T01:17:59
-1.445506,12.676222,2023-01-01T01:18:00
-1.445506,12.676222,2023-01-01T01:18:01
-1.445506,12.676222,2023-01-01T01:18:02
-1.445506,12.676222,2023-01-01T01:18:03
-1.445506,12.787417,2023-01-01T01:18:04
-1.445506,12.787417,2023-01-01T01:18:05
-1.445506,12.787417,2023-01-01T01:18:06
-1.445506,12.787417,2023-01-01T01:18:07
-1.445506,12.787417,2023-01-01T01:18:08
-1.445506,12.787417,2023-01-01T01:18:09
-1.445506,12.787417,2023-01-01T01:18:10
-1.445506,12.787417,2023-01-01T01:18:11
-1.556698,12.787417,2023-01-01T01:18:12
-1.556698,12.787417,2023-01-01T01:18:13
-1.556698,12.787417,2023-01-01T01:18:14
-1.556698,12.787417,2023-01-01T01:18:15
-1.556698,12.787417,2023-01-01T01:18:16
-1.556698,12.787417,2023-01-01T01:18:17
-1.556698,12.787417,2023-01-01T01:18:18
-1.556698,12.787417,2023-01-01T01:18:19
-1.556698,12.787417,2023-01-01T01:18:20
-1.556698,12.787417,2023-01-01T01:18:21
-1.556698,12.787417,2023-01-01T01:18:22
-1.556698,12.787417,2023-01-01T01:18:23
-1.556698,12.787417,2023-01-01T01:18:24
-1.556698,12.787417,2023-01-01T01:18:25
-1.556698,12.787417,2023-01-01T01:18:26
-1.556698,12.787417,2023-01-01T01:18:27
-1.556698,12.787417,2023-01-01T01:18:28
-1.556698,12.787417,2023-01-01T01:18:29
-1.556698,12.787417,2023-01-01T01:18:30
-1.556698,12.787417,2023-01-01T01:18:31
-1.556698,12.787417,2023-01-01T01:18:32
-1.556698,12.787417,2023-01-01T01:18:33
-1.556698,12.787417,2023-01-01T01:18:34
-1.556698,12.787417,2023-01-01T01:18:35
-1.556698,12.787417,2023-01-01T01:18:36
-1.556698,12.787417,2023-01-01T01:18:37
-1.556698,12.787417,2023-01-01T01:18:38
-1.556698,12.787417,2023-01-01T01:18:39
-1.556698,12.787417,2023-01-01T01:18:40
-1.556698,12.787417,2023-01-01T01:18:41
-1.556698,12.787417,2023-01-01T01:18:42
-1.556698,12.787417,2023-01-01T01:18:43
-1.556698,12.787417,2023-01-01T01:18:44
-1.556698,12.787417,2023-01-01T01:18:45
-1.556698,12.787417,2023-01-01T01:18:46
-1.556698,12.787417,2023-01-01T01:18:47
-1.556698,12.787417,2023-01-01T01:18:48
-1.556698,12.787417,2023-01-01T01:18:49
-1.556698,12.787417,2023-01-01T01:18:50
-1.556698,12.787417,2023-01-01T01:18:51
-1.556698,12.787417,2023-01-01T01:18:52
-1.556698,12.898611,2023-01-01T01:18:53
-1.556698,12.898611,2023-01-01T01:18:54
-1.556698,12.898611,2023-01-01T01:18:55
-1.556698,12.898611,2023-01-01T01:18:56
-1.556698,12.898611,2023-01-01T01:18:57
-1.556698,12.898611,2023-01-01T01:18:58
-1.556698,12.898611,2023-01-01T01:18:59
-1.556698,12.898611,2023-01-01T01:19:00
-1.556698,12.898611,2023-01-01T01:19:01
-1.556698,12.898611,2023-01-01T01:19:02
-1.556698,12.898611,2023-01-01T01:19:03
-1.556698,12.898611,2023-01-01T01:19:04
-1.556698,12.898611,2023-01-01T01:19:05
-1.556698,12.898611,2023-01-01T01:19:06
-1.556698,12.898611,2023-01-01T01:19:07
-1.556698,12.898611,2023-01-01T01:19:08
-1.556698,12.898611,2023-01-01T01:19:09
-1.556698,12.898611,2023-01-01T01:19:10
-1.556698,12.898611,2023-01-01T01:19:11
-1.556698,12.898611,2023-01-01T01:19:12
-1.667891,12.898611,2023-01-01T01:19:13
-1.667891,12.898611,2023-01-01T01:19:14
-1.667891,12.898611,2023-01-01T01:19:15
