x,y,timestamp
0.000000,0.000000,2023-01-01T00:48:04
0.000000,0.111195,2023-01-01T00:48:05
0.000000,0.111195,2023-01-01T00:48:06
0.000000,0.222390,2023-01-01T00:48:07
0.111192,0.333585,2023-01-01T00:48:08
0.111192,0.333585,2023-01-01T00:48:09
0.111192,0.333585,2023-01-01T00:48:10
0.111192,0.333585,2023-01-01T00:48:11
0.111192,0.333585,2023-01-01T00:48:12
0.111192,0.333585,2023-01-01T00:48:13
0.111192,0.444780,2023-01-01T00:48:14
0.111192,0.444780,2023-01-01T00:48:15
0.111192,0.444780,2023-01-01T00:48:16
0.111192,0.444780,2023-01-01T00:48:17
0.111192,0.444780,2023-01-01T00:48:18
0.111192,0.555975,2023-01-01T00:48:19
0.111192,0.555975,2023-01-01T00:48:20
0.222385,0.555975,2023-01-01T00:48:21
0.222385,0.555975,2023-01-01T00:48:22
0.222385,0.555975,2023-01-01T00:48:23
0.222385,0.555975,2023-01-01T00:48:24
0.222385,0.667170,2023-01-01T00:48:25
0.333577,0.667170,2023-01-01T00:48:26
0.333577,0.667170,2023-01-01T00:48:27
0.333577,0.667170,2023-01-01T00:48:28
0.333577,0.667170,2023-01-01T00:48:29
0.444769,0.778364,2023-01-01T00:48:30
0.444769,0.778364,2023-01-01T00:48:31
0.444769,0.778364,2023-01-01T00:48:32
0.444769,0.778364,2023-01-01T00:48:33
0.555961,0.889559,2023-01-01T00:48:34
0.555961,0.889559,2023-01-01T00:48:35
0.555961,0.889559,2023-01-01T00:48:36
0.667154,0.889559,2023-01-01T00:48:37
0.667154,1.000754,2023-01-01T00:48:38
0.667154,1.000754,2023-01-01T00:48:39
0.667154,1.000754,2023-01-01T00:48:40
0.778346,1.000754,2023-01-01T00:48:41
0.778346,1.000754,2023-01-01T00:48:42
0.778346,1.000754,2023-01-01T00:48:43
0.778346,1.000754,2023-01-01T00:48:44
0.889538,1.000754,2023-01-01T00:48:45
0.889538,1.000754,2023-01-01T00:48:46
0.889538,1.111949,2023-01-01T00:48:47
1.000731,1.111949,2023-01-01T00:48:48
1.000731,1.111949,2023-01-01T00:48:49
1.000731,1.111949,2023-01-01T00:48:50
1.111923,1.111949,2023-01-01T00:48:51
1.111923,1.223144,2023-01-01T00:48:52
1.223115,1.223144,2023-01-01T00:48:53
1.223115,1.223144,2023-01-01T00:48:54
1.334307,1.223144,2023-01-01T00:48:55
1.334307,1.334339,2023-01-01T00:48:56
1.334307,1.334339,2023-01-01T00:48:57
1.445500,1.334339,2023-01-01T00:48:58
1.445500,1.334339,2023-01-01T00:48:59
1.556692,1.445534,2023-01-01T00:49:00
1.667884,1.445534,2023-01-01T00:49:01
1.667884,1.445534,2023-01-01T00:49:02
1.779077,1.556729,2023-01-01T00:49:03
1.779077,1.556729,2023-01-01T00:49:04
1.890269,1.556729,2023-01-01T00:49:05
1.890269,1.556729,2023-01-01T00:49:06
2.001461,1.667924,2023-01-01T00:49:07
2.001461,1.667924,2023-01-01T00:49:08
2.112653,1.779119,2023-01-01T00:49:09
2.112653,1.890314,2023-01-01T00:49:10
2.112653,1.890314,2023-01-01T00:49:11
2.223846,2.001509,2023-01-01T00:49:12
2.223846,2.112704,2023-01-01T00:49:13
2.335038,2.112704,2023-01-01T00:49:14
2.335038,2.223899,2023-01-01T00:49:15
2.446230,2.335093,2023-01-01T00:49:16
2.446230,2.335093,2023-01-01T00:49:17
2.557423,2.446288,2023-01-01T00:49:18
2.557423,2.557483,2023-01-01T00:49:19
2.668615,2.557483,2023-01-01T00:49:20
2.668615,2.668678,2023-01-01T00:49:21
2.779807,2.779873,2023-01-01T00:49:22
2.779807,2.779873,2023-01-01T00:49:23
2.890999,2.891068,2023-01-01T00:49:24
2.890999,3.002263,2023-01-01T00:49:25
3.002192,3.002263,2023-01-01T00:49:26
3.113384,3.113458,2023-01-01T00:49:27
3.113384,3.113458,2023-01-01T00:49:28
3.224576,3.224653,2023-01-01T00:49:29
3.224576,3.335848,2023-01-01T00:49:30
3.335769,3.335848,2023-01-01T00:49:31
3.335769,3.447043,2023-01-01T00:49:32
3.446961,3.558238,2023-01-01T00:49:33
3.558153,3.558238,2023-01-01T00:49:34
3.558153,3.669433,2023-01-01T00:49:35
3.669345,3.669433,2023-01-01T00:49:36
3.669345,3.780628,2023-01-01T00:49:37
3.780538,3.891822,2023-01-01T00:49:38
3.780538,3.891822,2023-01-01T00:49:39
3.780538,3.891822,2023-01-01T00:49:40
3.780538,3.891822,2023-01-01T00:49:41
3.780538,3.891822,2023-01-01T00:49:42
3.780538,3.891822,2023-01-01T00:49:43
3.780538,3.891822,2023-01-01T00:49:44
3.780538,3.891822,2023-01-01T00:49:45
3.780538,3.891822,2023-01-01T00:49:46
3.891730,3.891822,2023-01-01T00:49:47
3.891730,3.891822,2023-01-01T00:49:48
3.891730,4.003017,2023-01-01T00:49:49
3.891730,4.003017,2023-01-01T00:49:50
3.891730,4.003017,2023-01-01T00:49:51
3.891730,4.003017,2023-01-01T00:49:52
3.891730,4.003017,2023-01-01T00:49:53
3.891730,4.003017,2023-01-01T00:49:54
3.891730,4.003017,2023-01-01T00:49:55
3.891730,4.003017,2023-01-01T00:49:56
4.002922,4.003017,2023-01-01T00:49:57
4.002922,4.114212,2023-01-01T00:49:58
4.002922,4.114212,2023-01-01T00:49:59
4.002922,4.114212,2023-01-01T00:50:00
4.002922,4.114212,2023-01-01T00:50:01
4.002922,4.114212,2023-01-01T00:50:02
4.002922,4.114212,2023-01-01T00:50:03
4.002922,4.114212,2023-01-01T00:50:04
4.002922,4.114212,2023-01-01T00:50:05
4.002922,4.114212,2023-01-01T00:50:06
4.002922,4.225407,2023-01-01T00:50:07
4.002922,4.225407,2023-01-01T00:50:08
4.002922,4.225407,2023-01-01T00:50:09
4.002922,4.225407,2023-01-01T00:50:10
4.002922,4.225407,2023-01-01T00:50:11
3.891730,4.225407,2023-01-01T00:50:12
3.891730,4.225407,2023-01-01T00:50:13
3.891730,4.225407,2023-01-01T00:50:14
3.891730,4.225407,2023-01-01T00:50:15
3.891730,4.225407,2023-01-01T00:50:16
3.780538,4.225407,2023-01-01T00:50:17
3.780538,4.225407,2023-01-01T00:50:18
3.780538,4.225407,2023-01-01T00:50:19
3.780538,4.225407,2023-01-01T00:50:20
3.780538,4.225407,2023-01-01T00:50:21
3.780538,4.225407,2023-01-01T00:50:22
3.669345,4.225407,2023-01-01T00:50:23
3.669345,4.225407,2023-01-01T00:50:24
3.669345,4.225407,2023-01-01T00:50:25
3.669345,4.225407,2023-01-01T00:50:26
3.669345,4.225407,2023-01-01T00:50:27
3.558153,4.225407,2023-01-01T00:50:28
3.558153,4.225407,2023-01-01T00:50:29
3.558153,4.225407,2023-01-01T00:50:30
3.558153,4.225407,2023-01-01T00:50:31
3.558153,4.225407,2023-01-01T00:50:32
3.558153,4.225407,2023-01-01T00:50:33
3.558153,4.225407,2023-01-01T00:50:34
3.446961,4.225407,2023-01-01T00:50:35
3.446961,4.225407,2023-01-01T00:50:36
3.446961,4.225407,2023-01-01T00:50:37
3.446961,4.225407,2023-01-01T00:50:38
3.446961,4.225407,2023-01-01T00:50:39
3.335769,4.225407,2023-01-01T00:50:40
3.335769,4.225407,2023-01-01T00:50:41
3.335769,4.225407,2023-01-01T00:50:42
3.335769,4.225407,2023-01-01T00:50:43
3.335769,4.225407,2023-01-01T00:50:44
3.335769,4.225407,2023-01-01T00:50:45
3.335769,4.225407,2023-01-01T00:50:46
3.224576,4.225407,2023-01-01T00:50:47
3.224576,4.225407,2023-01-01T00:50:48
3.224576,4.225407,2023-01-01T00:50:49
3.224576,4.225407,2023-01-01T00:50:50
3.224576,4.225407,2023-01-01T00:50:51
3.224576,4.225407,2023-01-01T00:50:52
3.224576,4.225407,2023-01-01T00:50:53
3.224576,4.225407,2023-01-01T00:50:54
3.224576,4.225407,2023-01-01T00:50:55
3.113384,4.225407,2023-01-01T00:50:56
3.113384,4.225407,2023-01-01T00:50:57
3.113384,4.225407,2023-01-01T00:50:58
3.113384,4.225407,2023-01-01T00:50:59
3.113384,4.225407,2023-01-01T00:51:00
3.113384,4.225407,2023-01-01T00:51:01
3.113384,4.225407,2023-01-01T00:51:02
3.113384,4.225407,2023-01-01T00:51:03
3.113384,4.225407,2023-01-01T00:51:04
3.113384,4.114212,2023-01-01T00:51:05
3.113384,4.114212,2023-01-01T00:51:06
3.113384,4.114212,2023-01-01T00:51:07
3.113384,4.114212,2023-01-01T00:51:08
3.113384,4.114212,2023-01-01T00:51:09
3.113384,4.114212,2023-01-01T00:51:10
3.113384,4.114212,2023-01-01T00:51:11
3.002192,4.114212,2023-01-01T00:51:12
3.002192,4.114212,2023-01-01T00:51:13
3.002192,4.114212,2023-01-01T00:51:14
3.002192,4.114212,2023-01-01T00:51:15
3.002192,4.114212,2023-01-01T00:51:16
3.002192,4.114212,2023-01-01T00:51:17
3.002192,4.003017,2023-01-01T00:51:18
3.002192,4.003017,2023-01-01T00:51:19
3.002192,4.003017,2023-01-01T00:51:20
3.002192,4.003017,2023-01-01T00:51:21
3.002192,4.003017,2023-01-01T00:51:22
3.002192,4.003017,2023-01-01T00:51:23
3.002192,4.003017,2023-01-01T00:51:24
3.002192,4.003017,2023-01-01T00:51:25
3.002192,4.003017,2023-01-01T00:51:26
2.890999,4.003017,2023-01-01T00:51:27
2.890999,4.003017,2023-01-01T00:51:28
2.890999,4.003017,2023-01-01T00:51:29
2.890999,4.003017,2023-01-01T00:51:30
2.890999,4.003017,2023-01-01T00:51:31
2.890999,4.003017,2023-01-01T00:51:32
2.890999,4.003017,2023-01-01T00:51:33
2.890999,4.003017,2023-01-01T00:51:34
2.890999,4.003017,2023-01-01T00:51:35
2.890999,4.003017,2023-01-01T00:51:36
2.890999,4.003017,2023-01-01T00:51:37
2.890999,4.003017,2023-01-01T00:51:38
2.890999,4.003017,2023-01-01T00:51:39
2.890999,4.003017,2023-01-01T00:51:40
2.890999,4.003017,2023-01-01T00:51:41
2.779807,4.003017,2023-01-01T00:51:42
2.779807,4.003017,2023-01-01T00:51:43
2.779807,4.003017,2023-01-01T00:51:44
2.779807,4.003017,2023-01-01T00:51:45
2.779807,4.003017,2023-01-01T00:51:46
2.779807,4.003017,2023-01-01T00:51:47
2.779807,4.114212,2023-01-01T00:51:48
2.779807,4.114212,2023-01-01T00:51:49
2.779807,4.114212,2023-01-01T00:51:50
2.779807,4.114212,2023-01-01T00:51:51
2.779807,4.114212,2023-01-01T00:51:52
2.779807,4.114212,2023-01-01T00:51:53
2.779807,4.114212,2023-01-01T00:51:54
2.779807,4.114212,2023-01-01T00:51:55
2.779807,4.114212,2023-01-01T00:51:56
2.779807,4.114212,2023-01-01T00:51:57
2.779807,4.225407,2023-01-01T00:51:58
2.779807,4.225407,2023-01-01T00:51:59
2.779807,4.225407,2023-01-01T00:52:00
2.779807,4.225407,2023-01-01T00:52:01
2.779807,4.225407,2023-01-01T00:52:02
2.779807,4.225407,2023-01-01T00:52:03
2.779807,4.225407,2023-01-01T00:52:04
2.779807,4.225407,2023-01-01T00:52:05
2.779807,4.225407,2023-01-01T00:52:06
2.668615,4.336602,2023-01-01T00:52:07
2.668615,4.336602,2023-01-01T00:52:08
2.668615,4.336602,2023-01-01T00:52:09
2.668615,4.336602,2023-01-01T00:52:10
2.668615,4.336602,2023-01-01T00:52:11
2.668615,4.336602,2023-01-01T00:52:12
2.668615,4.336602,2023-01-01T00:52:13
2.668615,4.336602,2023-01-01T00:52:14
2.668615,4.336602,2023-01-01T00:52:15
2.668615,4.336602,2023-01-01T00:52:16
2.668615,4.336602,2023-01-01T00:52:17
2.668615,4.336602,2023-01-01T00:52:18
2.557423,4.336602,2023-01-01T00:52:19
2.557423,4.336602,2023-01-01T00:52:20
2.557423,4.336602,2023-01-01T00:52:21
2.557423,4.336602,2023-01-01T00:52:22
2.557423,4.447797,2023-01-01T00:52:23
2.557423,4.447797,2023-01-01T00:52:24
2.557423,4.447797,2023-01-01T00:52:25
2.557423,4.447797,2023-01-01T00:52:26
2.557423,4.447797,2023-01-01T00:52:27
2.557423,4.447797,2023-01-01T00:52:28
2.557423,4.447797,2023-01-01T00:52:29
2.557423,4.447797,2023-01-01T00:52:30
2.557423,4.447797,2023-01-01T00:52:31
2.557423,4.447797,2023-01-01T00:52:32
2.557423,4.447797,2023-01-01T00:52:33
2.446230,4.447797,2023-01-01T00:52:34
2.446230,4.447797,2023-01-01T00:52:35
2.446230,4.447797,2023-01-01T00:52:36
2.446230,4.558992,2023-01-01T00:52:37
2.446230,4.558992,2023-01-01T00:52:38
2.446230,4.558992,2023-01-01T00:52:39
2.446230,4.558992,2023-01-01T00:52:40
2.446230,4.558992,2023-01-01T00:52:41
2.446230,4.558992,2023-01-01T00:52:42
2.446230,4.558992,2023-01-01T00:52:43
2.446230,4.558992,2023-01-01T00:52:44
2.446230,4.558992,2023-01-01T00:52:45
2.446230,4.558992,2023-01-01T00:52:46
2.446230,4.558992,2023-01-01T00:52:47
2.446230,4.558992,2023-01-01T00:52:48
2.446230,4.558992,2023-01-01T00:52:49
2.446230,4.558992,2023-01-01T00:52:50
2.446230,4.558992,2023-01-01T00:52:51
2.335038,4.558992,2023-01-01T00:52:52
2.335038,4.558992,2023-01-01T00:52:53
2.335038,4.558992,2023-01-01T00:52:54
2.335038,4.558992,2023-01-01T00:52:55
2.335038,4.558992,2023-01-01T00:52:56
2.335038,4.558992,2023-01-01T00:52:57
2.335038,4.558992,2023-01-01T00:52:58
2.335038,4.558992,2023-01-01T00:52:59
2.335038,4.558992,2023-01-01T00:53:00
2.335038,4.558992,2023-01-01T00:53:01
2.335038,4.558992,2023-01-01T00:53:02
2.335038,4.558992,2023-01-01T00:53:03
2.335038,4.558992,2023-01-01T00:53:04
2.335038,4.558992,2023-01-01T00:53:05
2.335038,4.558992,2023-01-01T00:53:06
2.335038,4.670187,2023-01-01T00:53:07
2.335038,4.670187,2023-01-01T00:53:08
2.335038,4.670187,2023-01-01T00:53:09
2.335038,4.670187,2023-01-01T00:53:10
2.335038,4.670187,2023-01-01T00:53:11
2.335038,4.670187,2023-01-01T00:53:12
2.335038,4.670187,2023-01-01T00:53:13
2.335038,4.670187,2023-01-01T00:53:14
2.335038,4.670187,2023-01-01T00:53:15
2.335038,4.670187,2023-01-01T00:53:16
2.335038,4.670187,2023-01-01T00:53:17
2.335038,4.670187,2023-01-01T00:53:18
2.335038,4.670187,2023-01-01T00:53:19
2.335038,4.670187,2023-01-01T00:53:20
2.335038,4.670187,2023-01-01T00:53:21
2.335038,4.670187,2023-01-01T00:53:22
2.335038,4.670187,2023-01-01T00:53:23
2.335038,4.670187,2023-01-01T00:53:24
2.335038,4.670187,2023-01-01T00:53:25
2.335038,4.670187,2023-01-01T00:53:26
2.335038,4.670187,2023-01-01T00:53:27
2.335038,4.670187,2023-01-01T00:53:28
2.335038,4.670187,2023-01-01T00:53:29
2.335038,4.670187,2023-01-01T00:53:30
2.335038,4.670187,2023-01-01T00:53:31
2.335038,4.670187,2023-01-01T00:53:32
2.335038,4.670187,2023-01-01T00:53:33
2.335038,4.670187,2023-01-01T00:53:34
2.335038,4.670187,2023-01-01T00:53:35
2.335038,4.670187,2023-01-01T00:53:36
2.335038,4.670187,2023-01-01T00:53:37
2.335038,4.670187,2023-01-01T00:53:38
2.335038,4.670187,2023-01-01T00:53:39
2.335038,4.670187,2023-01-01T00:53:40
2.335038,4.670187,2023-01-01T00:53:41
2.446230,4.670187,2023-01-01T00:53:42
2.446230,4.670187,2023-01-01T00:53:43
2.446230,4.670187,2023-01-01T00:53:44
2.446230,4.670187,2023-01-01T00:53:45
2.335038,4.670187,2023-01-01T00:53:46
2.335038,4.781382,2023-01-01T00:53:47
2.335038,4.781382,2023-01-01T00:53:48
2.335038,4.781382,2023-01-01T00:53:49
2.335038,4.781382,2023-01-01T00:53:50
2.335038,4.781382,2023-01-01T00:53:51
2.335038,4.781382,2023-01-01T00:53:52
2.335038,4.781382,2023-01-01T00:53:53
2.335038,4.781382,2023-01-01T00:53:54
2.335038,4.781382,2023-01-01T00:53:55
2.335038,4.781382,2023-01-01T00:53:56
2.335038,4.781382,2023-01-01T00:53:57
2.335038,4.892577,2023-01-01T00:53:58
2.335038,4.892577,2023-01-01T00:53:59
2.335038,4.892577,2023-01-01T00:54:00
2.335038,4.892577,2023-01-01T00:54:01
2.335038,4.892577,2023-01-01T00:54:02
2.335038,4.892577,2023-01-01T00:54:03
2.335038,4.892577,2023-01-01T00:54:04
2.335038,4.892577,2023-01-01T00:54:05
2.335038,4.892577,2023-01-01T00:54:06
2.335038,4.892577,2023-01-01T00:54:07
2.335038,4.892577,2023-01-01T00:54:08
2.335038,4.892577,2023-01-01T00:54:09
2.335038,4.892577,2023-01-01T00:54:10
2.335038,4.892577,2023-01-01T00:54:11
2.335038,4.892577,2023-01-01T00:54:12
2.335038,4.892577,2023-01-01T00:54:13
2.335038,4.892577,2023-01-01T00:54:14
2.335038,4.892577,2023-01-01T00:54:15
2.223846,4.892577,2023-01-01T00:54:16
2.223846,4.892577,2023-01-01T00:54:17
2.223846,4.892577,2023-01-01T00:54:18
2.223846,4.892577,2023-01-01T00:54:19
2.223846,4.892577,2023-01-01T00:54:20
2.223846,4.892577,2023-01-01T00:54:21
2.223846,4.892577,2023-01-01T00:54:22
2.223846,4.892577,2023-01-01T00:54:23
2.223846,5.003772,2023-01-01T00:54:24
2.223846,5.003772,2023-01-01T00:54:25
2.223846,5.003772,2023-01-01T00:54:26
2.223846,5.003772,2023-01-01T00:54:27
2.223846,5.003772,2023-01-01T00:54:28
2.223846,5.003772,2023-01-01T00:54:29
2.223846,5.003772,2023-01-01T00:54:30
2.223846,5.003772,2023-01-01T00:54:31
2.223846,5.003772,2023-01-01T00:54:32
2.223846,5.003772,2023-01-01T00:54:33
2.223846,5.003772,2023-01-01T00:54:34
2.223846,5.003772,2023-01-01T00:54:35
2.112653,5.003772,2023-01-01T00:54:36
2.112653,5.003772,2023-01-01T00:54:37
2.112653,5.003772,2023-01-01T00:54:38
2.112653,5.003772,2023-01-01T00:54:39
2.112653,5.003772,2023-01-01T00:54:40
2.112653,5.003772,2023-01-01T00:54:41
2.112653,5.003772,2023-01-01T00:54:42
2.112653,5.003772,2023-01-01T00:54:43
2.112653,5.003772,2023-01-01T00:54:44
2.112653,5.003772,2023-01-01T00:54:45
2.112653,5.003772,2023-01-01T00:54:46
2.112653,5.003772,2023-01-01T00:54:47
2.112653,5.003772,2023-01-01T00:54:48
2.112653,5.003772,2023-01-01T00:54:49
2.112653,5.003772,2023-01-01T00:54:50
2.112653,5.003772,2023-01-01T00:54:51
2.112653,5.003772,2023-01-01T00:54:52
2.112653,5.003772,2023-01-01T00:54:53
2.112653,5.003772,2023-01-01T00:54:54
2.112653,5.003772,2023-01-01T00:54:55
2.223846,5.003772,2023-01-01T00:54:56
2.223846,5.003772,2023-01-01T00:54:57
2.223846,5.003772,2023-01-01T00:54:58
2.223846,5.003772,2023-01-01T00:54:59
2.223846,5.003772,2023-01-01T00:55:00
2.223846,5.003772,2023-01-01T00:55:01
2.223846,5.003772,2023-01-01T00:55:02
2.223846,5.003772,2023-01-01T00:55:03
2.223846,5.003772,2023-01-01T00:55:04
2.223846,5.003772,2023-01-01T00:55:05
2.223846,5.003772,2023-01-01T00:55:06
2.223846,5.003772,2023-01-01T00:55:07
2.223846,5.003772,2023-01-01T00:55:08
2.223846,5.003772,2023-01-01T00:55:09
2.223846,5.003772,2023-01-01T00:55:10
2.223846,5.003772,2023-01-01T00:55:11
2.223846,5.114967,2023-01-01T00:55:12
2.223846,5.114967,2023-01-01T00:55:13
2.223846,5.114967,2023-01-01T00:55:14
2.223846,5.114967,2023-01-01T00:55:15
2.223846,5.114967,2023-01-01T00:55:16
2.223846,5.114967,2023-01-01T00:55:17
2.223846,5.114967,2023-01-01T00:55:18
2.223846,5.114967,2023-01-01T00:55:19
2.223846,5.114967,2023-01-01T00:55:20
2.223846,5.114967,2023-01-01T00:55:21
2.223846,5.114967,2023-01-01T00:55:22
2.223846,5.114967,2023-01-01T00:55:23
2.223846,5.114967,2023-01-01T00:55:24
2.223846,5.114967,2023-01-01T00:55:25
2.223846,5.114967,2023-01-01T00:55:26
2.223846,5.114967,2023-01-01T00:55:27
2.223846,5.114967,2023-01-01T00:55:28
2.223846,5.114967,2023-01-01T00:55:29
2.223846,5.114967,2023-01-01T00:55:30
2.223846,5.114967,2023-01-01T00:55:31
2.223846,5.114967,2023-01-01T00:55:32
2.223846,5.114967,2023-01-01T00:55:33
2.223846,5.114967,2023-01-01T00:55:34
2.223846,5.114967,2023-01-01T00:55:35
2.223846,5.114967,2023-01-01T00:55:36
2.223846,5.114967,2023-01-01T00:55:37
2.223846,5.114967,2023-01-01T00:55:38
2.223846,5.114967,2023-01-01T00:55:39
2.223846,5.114967,2023-01-01T00:55:40
2.223846,5.114967,2023-01-01T00:55:41
2.223846,5.114967,2023-01-01T00:55:42
2.223846,5.114967,2023-01-01T00:55:43
2.223846,5.114967,2023-01-01T00:55:44
2.223846,5.114967,2023-01-01T00:55:45
2.223846,5.114967,2023-01-01T00:55:46
2.223846,5.114967,2023-01-01T00:55:47
2.223846,5.114967,2023-01-01T00:55:48
2.223846,5.114967,2023-01-01T00:55:49
2.223846,5.114967,2023-01-01T00:55:50
2.335038,5.114967,2023-01-01T00:55:51
2.335038,5.114967,2023-01-01T00:55:52
2.335038,5.114967,2023-01-01T00:55:53
2.335038,5.114967,2023-01-01T00:55:54
2.335038,5.114967,2023-01-01T00:55:55
2.335038,5.114967,2023-01-01T00:55:56
2.335038,5.114967,2023-01-01T00:55:57
2.335038,5.114967,2023-01-01T00:55:58
2.335038,5.114967,2023-01-01T00:55:59
2.335038,5.114967,2023-01-01T00:56:00
2.335038,5.114967,2023-01-01T00:56:01
2.335038,5.114967,2023-01-01T00:56:02
2.335038,5.114967,2023-01-01T00:56:03
2.335038,5.114967,2023-01-01T00:56:04
2.335038,5.114967,2023-01-01T00:56:05
2.335038,5.114967,2023-01-01T00:56:06
2.335038,5.114967,2023-01-01T00:56:07
2.335038,5.114967,2023-01-01T00:56:08
2.335038,5.114967,2023-01-01T00:56:09
2.335038,5.114967,2023-01-01T00:56:10
2.335038,5.114967,2023-01-01T00:56:11
2.335038,5.114967,2023-01-01T00:56:12
2.335038,5.114967,2023-01-01T00:56:13
2.335038,5.114967,2023-01-01T00:56:14
2.335038,5.114967,2023-01-01T00:56:15
2.335038,5.114967,2023-01-01T00:56:16
2.335038,5.114967,2023-01-01T00:56:17
2.335038,5.114967,2023-01-01T00:56:18
2.335038,5.114967,2023-01-01T00:56:19
2.335038,5.114967,2023-01-01T00:56:20
2.335038,5.114967,2023-01-01T00:56:21
2.335038,5.114967,2023-01-01T00:56:22
2.335038,5.114967,2023-01-01T00:56:23
2.335038,5.114967,2023-01-01T00:56:24
2.335038,5.114967,2023-01-01T00:56:25
2.335038,5.114967,2023-01-01T00:56:26
2.335038,5.114967,2023-01-01T00:56:27
2.335038,5.114967,2023-01-01T00:56:28
2.335038,5.114967,2023-01-01T00:56:29
2.335038,5.114967,2023-01-01T00:56:30
2.335038,5.114967,2023-01-01T00:56:31
2.335038,5.114967,2023-01-01T00:56:32
2.335038,5.114967,2023-01-01T00:56:33
2.335038,5.114967,2023-01-01T00:56:34
2.335038,5.114967,2023-01-01T00:56:35
2.335038,5.114967,2023-01-01T00:56:36
2.335038,5.114967,2023-01-01T00:56:37
2.335038,5.114967,2023-01-01T00:56:38
2.335038,5.114967,2023-01-01T00:56:39
2.335038,5.114967,2023-01-01T00:56:40
2.335038,5.114967,2023-01-01T00:56:41
2.335038,5.114967,2023-01-01T00:56:42
2.335038,5.114967,2023-01-01T00:56:43
2.335038,5.114967,2023-01-01T00:56:44
2.335038,5.114967,2023-01-01T00:56:45
2.335038,5.114967,2023-01-01T00:56:46
2.335038,5.114967,2023-01-01T00:56:47
2.335038,5.114967,2023-01-01T00:56:48
2.335038,5.114967,2023-01-01T00:56:49
2.335038,5.114967,2023-01-01T00:56:50
2.335038,5.114967,2023-01-01T00:56:51
2.335038,5.114967,2023-01-01T00:56:52
2.335038,5.114967,2023-01-01T00:56:53
2.335038,5.114967,2023-01-01T00:56:54
2.335038,5.114967,2023-01-01T00:56:55
2.335038,5.114967,2023-01-01T00:56:56
2.446230,5.114967,2023-01-01T00:56:57
2.446230,5.114967,2023-01-01T00:56:58
2.446230,5.114967,2023-01-01T00:56:59
2.446230,5.114967,2023-01-01T00:57:00
2.446230,5.114967,2023-01-01T00:57:01
2.446230,5.114967,2023-01-01T00:57:02
2.446230,5.114967,2023-01-01T00:57:03
2.446230,5.114967,2023-01-01T00:57:04
2.446230,5.114967,2023-01-01T00:57:05
2.446230,5.114967,2023-01-01T00:57:06
2.446230,5.114967,2023-01-01T00:57:07
2.446230,5.114967,2023-01-01T00:57:08
2.446230,5.114967,2023-01-01T00:57:09
2.446230,5.114967,2023-01-01T00:57:10
2.446230,5.114967,2023-01-01T00:57:11
2.446230,5.114967,2023-01-01T00:57:12
2.446230,5.114967,2023-01-01T00:57:13
2.446230,5.114967,2023-01-01T00:57:14
2.446230,5.114967,2023-01-01T00:57:15
2.446230,5.114967,2023-01-01T00:57:16
2.446230,5.114967,2023-01-01T00:57:17
2.446230,5.114967,2023-01-01T00:57:18
2.446230,5.114967,2023-01-01T00:57:19
2.446230,5.114967,2023-01-01T00:57:20
2.446230,5.114967,2023-01-01T00:57:21
2.446230,5.114967,2023-01-01T00:57:22
2.446230,5.114967,2023-01-01T00:57:23
2.446230,5.114967,2023-01-01T00:57:24
2.446230,5.114967,2023-01-01T00:57:25
2.446230,5.114967,2023-01-01T00:57:26
2.446230,5.114967,2023-01-01T00:57:27
2.446230,5.114967,2023-01-01T00:57:28
2.446230,5.114967,2023-01-01T00:57:29
2.446230,5.114967,2023-01-01T00:57:30
2.446230,5.114967,2023-01-01T00:57:31
2.446230,5.114967,2023-01-01T00:57:32
2.446230,5.114967,2023-01-01T00:57:33
2.446230,5.114967,2023-01-01T00:57:34
2.446230,5.114967,2023-01-01T00:57:35
2.446230,5.114967,2023-01-01T00:57:36
2.446230,5.114967,2023-01-01T00:57:37
2.446230,5.114967,2023-01-01T00:57:38
2.446230,5.114967,2023-01-01T00:57:39
2.446230,5.114967,2023-01-01T00:57:40
2.446230,5.114967,2023-01-01T00:57:41
2.446230,5.114967,2023-01-01T00:57:42
2.446230,5.114967,2023-01-01T00:57:43
2.446230,5.114967,2023-01-01T00:57:44
2.446230,5.114967,2023-01-01T00:57:45
2.446230,5.114967,2023-01-01T00:57:46
2.446230,5.114967,2023-01-01T00:57:47
2.446230,5.114967,2023-01-01T00:57:48
2.446230,5.114967,2023-01-01T00:57:49
2.446230,5.114967,2023-01-01T00:57:50
2.446230,5.114967,2023-01-01T00:57:51
2.446230,5.114967,2023-01-01T00:57:52
2.446230,5.114967,2023-01-01T00:57:53
2.446230,5.114967,2023-01-01T00:57:54
2.446230,5.114967,2023-01-01T00:57:55
2.446230,5.114967,2023-01-01T00:57:56
2.446230,5.114967,2023-01-01T00:57:57
2.446230,5.114967,2023-01-01T00:57:58
2.446230,5.114967,2023-01-01T00:57:59
2.446230,5.114967,2023-01-01T00:58:00
2.446230,5.114967,2023-01-01T00:58:01
2.446230,5.114967,2023-01-01T00:58:02
2.446230,5.114967,2023-01-01T00:58:03
2.446230,5.114967,2023-01-01T00:58:04
2.446230,5.114967,2023-01-01T00:58:05
2.446230,5.114967,2023-01-01T00:58:06
2.446230,5.114967,2023-01-01T00:58:07
2.446230,5.114967,2023-01-01T00:58:08
2.446230,5.114967,2023-01-01T00:58:09
2.446230,5.114967,2023-01-01T00:58:10
2.446230,5.114967,2023-01-01T00:58:11
2.446230,5.114967,2023-01-01T00:58:12
2.446230,5.114967,2023-01-01T00:58:13
2.446230,5.114967,2023-01-01T00:58:14
2.446230,5.114967,2023-01-01T00:58:15
2.446230,5.114967,2023-01-01T00:58:16
2.446230,5.114967,2023-01-01T00:58:17
2.446230,5.114967,2023-01-01T00:58:18
2.446230,5.114967,2023-01-01T00:58:19
2.446230,5.114967,2023-01-01T00:58:20
2.446230,5.114967,2023-01-01T00:58:21
2.446230,5.114967,2023-01-01T00:58:22
2.446230,5.114967,2023-01-01T00:58:23
2.446230,5.114967,2023-01-01T00:58:24
2.446230,5.114967,2023-01-01T00:58:25
2.446230,5.114967,2023-01-01T00:58:26
2.446230,5.114967,2023-01-01T00:58:27
2.446230,5.114967,2023-01-01T00:58:28
2.446230,5.114967,2023-01-01T00:58:29
2.446230,5.114967,2023-01-01T00:58:30
2.446230,5.114967,2023-01-01T00:58:31
2.446230,5.114967,2023-01-01T00:58:32
2.446230,5.114967,2023-01-01T00:58:33
2.446230,5.114967,2023-01-01T00:58:34
2.446230,5.114967,2023-01-01T00:58:35
2.446230,5.114967,2023-01-01T00:58:36
2.446230,5.114967,2023-01-01T00:58:37
2.446230,5.114967,2023-01-01T00:58:38
2.557423,5.114967,2023-01-01T00:58:39
2.557423,5.114967,2023-01-01T00:58:40
2.557423,5.114967,2023-01-01T00:58:41
2.557423,5.114967,2023-01-01T00:58:42
2.557423,5.114967,2023-01-01T00:58:43
2.557423,5.114967,2023-01-01T00:58:44
2.557423,5.114967,2023-01-01T00:58:45
2.557423,5.114967,2023-01-01T00:58:46
2.557423,5.114967,2023-01-01T00:58:47
2.557423,5.114967,2023-01-01T00:58:48
2.557423,5.114967,2023-01-01T00:58:49
2.557423,5.114967,2023-01-01T00:58:50
2.557423,5.114967,2023-01-01T00:58:51
2.557423,5.114967,2023-01-01T00:58:52
2.557423,5.114967,2023-01-01T00:58:53
2.557423,5.114967,2023-01-01T00:58:54
2.557423,5.114967,2023-01-01T00:58:55
2.557423,5.114967,2023-01-01T00:58:56
2.557423,5.114967,2023-01-01T00:58:57
2.557423,5.114967,2023-01-01T00:58:58
2.557423,5.114967,2023-01-01T00:58:59
2.668615,5.114967,2023-01-01T00:59:00
2.668615,5.114967,2023-01-01T00:59:01
2.668615,5.114967,2023-01-01T00:59:02
2.668615,5.114967,2023-01-01T00:59:03
2.668615,5.114967,2023-01-01T00:59:04
2.668615,5.114967,2023-01-01T00:59:05
2.668615,5.114967,2023-01-01T00:59:06
2.668615,5.114967,2023-01-01T00:59:07
2.668615,5.114967,2023-01-01T00:59:08
2.668615,5.114967,2023-01-01T00:59:09
2.668615,5.114967,2023-01-01T00:59:10
2.668615,5.114967,2023-01-01T00:59:11
2.668615,5.114967,2023-01-01T00:59:12
2.668615,5.114967,2023-01-01T00:59:13
2.668615,5.114967,2023-01-01T00:59:14
2.668615,5.114967,2023-01-01T00:59:15
2.668615,5.114967,2023-01-01T00:59:16
2.668615,5.114967,2023-01-01T00:59:17
2.668615,5.114967,2023-01-01T00:59:18
2.668615,5.114967,2023-01-01T00:59:19
2.668615,5.114967,2023-01-01T00:59:20
2.668615,5.114967,2023-01-01T00:59:21
2.668615,5.114967,2023-01-01T00:59:22
2.668615,5.114967,2023-01-01T00:59:23
2.668615,5.114967,2023-01-01T00:59:24
2.668615,5.114967,2023-01-01T00:59:25
2.668615,5.114967,2023-01-01T00:59:26
2.668615,5.114967,2023-01-01T00:59:27
2.668615,5.114967,2023-01-01T00:59:28
2.668615,5.114967,2023-01-01T00:59:29
2.668615,5.114967,2023-01-01T00:59:30
2.668615,5.114967,2023-01-01T00:59:31
2.668615,5.114967,2023-01-01T00:59:32
2.668615,5.114967,2023-01-01T00:59:33
2.668615,5.114967,2023-01-01T00:59:34
2.668615,5.114967,2023-01-01T00:59:35
2.668615,5.114967,2023-01-01T00:59:36
2.668615,5.114967,2023-01-01T00:59:37
2.668615,5.114967,2023-01-01T00:59:38
2.668615,5.114967,2023-01-01T00:59:39
2.668615,5.114967,2023-01-01T00:59:40
2.668615,5.114967,2023-01-01T00:59:41
2.668615,5.114967,2023-01-01T00:59:42
2.668615,5.114967,2023-01-01T00:59:43
2.668615,5.114967,2023-01-01T00:59:44
2.668615,5.114967,2023-01-01T00:59:45
2.668615,5.114967,2023-01-01T00:59:46
2.668615,5.114967,2023-01-01T00:59:47
2.668615,5.114967,2023-01-01T00:59:48
2.668615,5.114967,2023-01-01T00:59:49
2.668615,5.114967,2023-01-01T00:59:50
2.668615,5.114967,2023-01-01T00:59:51
2.668615,5.114967,2023-01-01T00:59:52
2.668615,5.114967,2023-01-01T00:59:53
2.668615,5.114967,2023-01-01T00:59:54
2.668615,5.114967,2023-01-01T00:59:55
2.668615,5.114967,2023-01-01T00:59:56
2.668615,5.114967,2023-01-01T00:59:57
2.668615,5.114967,2023-01-01T00:59:58
2.668615,5.114967,2023-01-01T00:59:59
2.668615,5.114967,2023-01-01T01:00:00
2.668615,5.114967,2023-01-01T01:00:01
2.668615,5.114967,2023-01-01T01:00:02
2.668615,5.114967,2023-01-01T01:00:03
2.668615,5.114967,2023-01-01T01:00:04
2.668615,5.114967,2023-01-01T01:00:05
2.668615,5.114967,2023-01-01T01:00:06
2.668615,5.114967,2023-01-01T01:00:07
2.668615,5.114967,2023-01-01T01:00:08
2.779807,5.114967,2023-01-01T01:00:09
2.779807,5.114967,2023-01-01T01:00:10
2.779807,5.114967,2023-01-01T01:00:11
2.779807,5.114967,2023-01-01T01:00:12
2.779807,5.114967,2023-01-01T01:00:13
2.779807,5.114967,2023-01-01T01:00:14
2.779807,5.114967,2023-01-01T01:00:15
2.779807,5.114967,2023-01-01T01:00:16
2.779807,5.226162,2023-01-01T01:00:17
2.779807,5.226162,2023-01-01T01:00:18
2.779807,5.226162,2023-01-01T01:00:19
2.779807,5.226162,2023-01-01T01:00:20
2.779807,5.226162,2023-01-01T01:00:21
2.779807,5.226162,2023-01-01T01:00:22
2.779807,5.226162,2023-01-01T01:00:23
2.779807,5.226162,2023-01-01T01:00:24
2.779807,5.226162,2023-01-01T01:00:25
2.779807,5.226162,2023-01-01T01:00:26
2.779807,5.226162,2023-01-01T01:00:27
2.779807,5.226162,2023-01-01T01:00:28
2.779807,5.226162,2023-01-01T01:00:29
2.779807,5.226162,2023-01-01T01:00:30
2.779807,5.226162,2023-01-01T01:00:31
2.779807,5.226162,2023-01-01T01:00:32
2.779807,5.226162,2023-01-01T01:00:33
2.779807,5.226162,2023-01-01T01:00:34
2.779807,5.226162,2023-01-01T01:00:35
2.779807,5.226162,2023-01-01T01:00:36
2.779807,5.226162,2023-01-01T01:00:37
2.779807,5.226162,2023-01-01T01:00:38
2.779807,5.226162,2023-01-01T01:00:39
2.779807,5.226162,2023-01-01T01:00:40
2.779807,5.226162,2023-01-01T01:00:41
2.779807,5.226162,2023-01-01T01:00:42
2.779807,5.226162,2023-01-01T01:00:43
2.779807,5.226162,2023-01-01T01:00:44
2.779807,5.337356,2023-01-01T01:00:45
2.779807,5.337356,2023-01-01T01:00:46
2.779807,5.337356,2023-01-01T01:00:47
2.779807,5.337356,2023-01-01T01:00:48
2.779807,5.337356,2023-01-01T01:00:49
2.779807,5.337356,2023-01-01T01:00:50
2.779807,5.337356,2023-01-01T01:00:51
2.779807,5.337356,2023-01-01T01:00:52
2.779807,5.337356,2023-01-01T01:00:53
2.779807,5.337356,2023-01-01T01:00:54
2.779807,5.337356,2023-01-01T01:00:55
2.779807,5.337356,2023-01-01T01:00:56
2.779807,5.337356,2023-01-01T01:00:57
2.779807,5.337356,2023-01-01T01:00:58
2.779807,5.337356,2023-01-01T01:00:59
2.779807,5.337356,2023-01-01T01:01:00
2.779807,5.337356,2023-01-01T01:01:01
2.779807,5.337356,2023-01-01T01:01:02
2.779807,5.337356,2023-01-01T01:01:03
2.779807,5.337356,2023-01-01T01:01:04
2.779807,5.337356,2023-01-01T01:01:05
2.779807,5.337356,2023-01-01T01:01:06
2.779807,5.337356,2023-01-01T01:01:07
2.779807,5.337356,2023-01-01T01:01:08
2.779807,5.337356,2023-01-01T01:01:09
2.779807,5.337356,2023-01-01T01:01:10
2.779807,5.337356,2023-01-01T01:01:11
2.779807,5.337356,2023-01-01T01:01:12
2.779807,5.337356,2023-01-01T01:01:13
2.779807,5.337356,2023-01-01T01:01:14
2.890999,5.337356,2023-01-01T01:01:15
2.890999,5.337356,2023-01-01T01:01:16
2.890999,5.337356,2023-01-01T01:01:17
2.890999,5.337356,2023-01-01T01:01:18
2.890999,5.337356,2023-01-01T01:01:19
2.890999,5.337356,2023-01-01T01:01:20
2.890999,5.337356,2023-01-01T01:01:21
2.890999,5.337356,2023-01-01T01:01:22
2.890999,5.337356,2023-01-01T01:01:23
2.890999,5.337356,2023-01-01T01:01:24
2.890999,5.337356,2023-01-01T01:01:25
2.890999,5.337356,2023-01-01T01:01:26
2.890999,5.337356,2023-01-01T01:01:27
2.890999,5.337356,2023-01-01T01:01:28
2.890999,5.337356,2023-01-01T01:01:29
2.890999,5.337356,2023-01-01T01:01:30
2.890999,5.337356,2023-01-01T01:01:31
2.890999,5.337356,2023-01-01T01:01:32
2.890999,5.337356,2023-01-01T01:01:33
2.890999,5.337356,2023-01-01T01:01:34
2.890999,5.337356,2023-01-01T01:01:35
2.890999,5.337356,2023-01-01T01:01:36
2.890999,5.337356,2023-01-01T01:01:37
2.890999,5.337356,2023-01-01T01:01:38
2.890999,5.337356,2023-01-01T01:01:39
2.890999,5.337356,2023-01-01T01:01:40
2.890999,5.337356,2023-01-01T01:01:41
2.890999,5.337356,2023-01-01T01:01:42
2.890999,5.337356,2023-01-01T01:01:43
2.890999,5.337356,2023-01-01T01:01:44
2.890999,5.337356,2023-01-01T01:01:45
2.890999,5.337356,2023-01-01T01:01:46
2.890999,5.337356,2023-01-01T01:01:47
2.890999,5.337356,2023-01-01T01:01:48
2.890999,5.337356,2023-01-01T01:01:49
2.890999,5.337356,2023-01-01T01:01:50
2.890999,5.337356,2023-01-01T01:01:51
2.890999,5.337356,2023-01-01T01:01:52
2.890999,5.337356,2023-01-01T01:01:53
2.890999,5.337356,2023-01-01T01:01:54
2.890999,5.337356,2023-01-01T01:01:55
2.890999,5.337356,2023-01-01T01:01:56
2.890999,5.337356,2023-01-01T01:01:57
2.890999,5.337356,2023-01-01T01:01:58
2.890999,5.337356,2023-01-01T01:01:59
2.890999,5.337356,2023-01-01T01:02:00
2.890999,5.337356,2023-01-01T01:02:01
2.890999,5.337356,2023-01-01T01:02:02
2.890999,5.337356,2023-01-01T01:02:03
2.890999,5.337356,2023-01-01T01:02:04
2.890999,5.337356,2023-01-01T01:02:05
2.890999,5.337356,2023-01-01T01:02:06
2.890999,5.337356,2023-01-01T01:02:07
2.890999,5.337356,2023-01-01T01:02:08
2.890999,5.337356,2023-01-01T01:02:09
2.890999,5.337356,2023-01-01T01:02:10
2.890999,5.337356,2023-01-01T01:02:11
2.890999,5.337356,2023-01-01T01:02:12
2.890999,5.337356,2023-01-01T01:02:13
2.890999,5.337356,2023-01-01T01:02:14
2.890999,5.337356,2023-01-01T01:02:15
2.890999,5.337356,2023-01-01T01:02:16
2.890999,5.337356,2023-01-01T01:02:17
2.890999,5.337356,2023-01-01T01:02:18
2.890999,5.337356,2023-01-01T01:02:19
2.890999,5.337356,2023-01-01T01:02:20
2.890999,5.337356,2023-01-01T01:02:21
2.890999,5.337356,2023-01-01T01:02:22
2.890999,5.337356,2023-01-01T01:02:23
2.890999,5.337356,2023-01-01T01:02:24
2.890999,5.337356,2023-01-01T01:02:25
2.890999,5.337356,2023-01-01T01:02:26
2.890999,5.337356,2023-01-01T01:02:27
2.890999,5.337356,2023-01-01T01:02:28
2.890999,5.337356,2023-01-01T01:02:29
2.890999,5.337356,2023-01-01T01:02:30
2.890999,5.337356,2023-01-01T01:02:31
2.890999,5.337356,2023-01-01T01:02:32
2.890999,5.337356,2023-01-01T01:02:33
2.890999,5.337356,2023-01-01T01:02:34
2.890999,5.337356,2023-01-01T01:02:35
2.890999,5.337356,2023-01-01T01:02:36
2.890999,5.337356,2023-01-01T01:02:37
2.890999,5.337356,2023-01-01T01:02:38
2.890999,5.337356,2023-01-01T01:02:39
2.890999,5.337356,2023-01-01T01:02:40
2.890999,5.337356,2023-01-01T01:02:41
2.890999,5.337356,2023-01-01T01:02:42
2.890999,5.337356,2023-01-01T01:02:43
2.890999,5.337356,2023-01-01T01:02:44
2.890999,5.337356,2023-01-01T01:02:45
2.890999,5.337356,2023-01-01T01:02:46
2.890999,5.337356,2023-01-01T01:02:47
2.890999,5.337356,2023-01-01T01:02:48
2.890999,5.337356,2023-01-01T01:02:49
2.890999,5.337356,2023-01-01T01:02:50
2.890999,5.337356,2023-01-01T01:02:51
2.890999,5.337356,2023-01-01T01:02:52
2.890999,5.337356,2023-01-01T01:02:53
2.890999,5.337356,2023-01-01T01:02:54
2.890999,5.337356,2023-01-01T01:02:55
2.890999,5.337356,2023-01-01T01:02:56
2.890999,5.337356,2023-01-01T01:02:57
2.890999,5.337356,2023-01-01T01:02:58
2.890999,5.448551,2023-01-01T01:02:59
2.890999,5.448551,2023-01-01T01:03:00
2.890999,5.448551,2023-01-01T01:03:01
2.890999,5.448551,2023-01-01T01:03:02
2.890999,5.448551,2023-01-01T01:03:03
2.890999,5.448551,2023-01-01T01:03:04
2.890999,5.448551,2023-01-01T01:03:05
2.890999,5.448551,2023-01-01T01:03:06
2.890999,5.448551,2023-01-01T01:03:07
2.890999,5.448551,2023-01-01T01:03:08
2.890999,5.337356,2023-01-01T01:03:09
2.890999,5.337356,2023-01-01T01:03:10
2.890999,5.337356,2023-01-01T01:03:11
2.890999,5.337356,2023-01-01T01:03:12
2.890999,5.337356,2023-01-01T01:03:13
2.890999,5.337356,2023-01-01T01:03:14
2.890999,5.337356,2023-01-01T01:03:15
3.002192,5.337356,2023-01-01T01:03:16
3.002192,5.337356,2023-01-01T01:03:17
3.002192,5.337356,2023-01-01T01:03:18
3.002192,5.337356,2023-01-01T01:03:19
3.002192,5.226162,2023-01-01T01:03:20
3.002192,5.226162,2023-01-01T01:03:21
3.002192,5.226162,2023-01-01T01:03:22
3.002192,5.226162,2023-01-01T01:03:23
3.002192,5.226162,2023-01-01T01:03:24
3.002192,5.226162,2023-01-01T01:03:25
3.002192,5.114967,2023-01-01T01:03:26
3.002192,5.114967,2023-01-01T01:03:27
3.002192,5.114967,2023-01-01T01:03:28
3.002192,5.114967,2023-01-01T01:03:29
3.002192,5.003772,2023-01-01T01:03:30
3.002192,5.003772,2023-01-01T01:03:31
3.002192,5.003772,2023-01-01T01:03:32
3.002192,5.003772,2023-01-01T01:03:33
3.002192,4.892577,2023-01-01T01:03:34
3.002192,4.892577,2023-01-01T01:03:35
3.002192,4.892577,2023-01-01T01:03:36
3.002192,4.781382,2023-01-01T01:03:37
3.002192,4.781382,2023-01-01T01:03:38
3.002192,4.670187,2023-01-01T01:03:39
3.002192,4.558992,2023-01-01T01:03:40
3.002192,4.558992,2023-01-01T01:03:41
3.002192,4.447797,2023-01-01T01:03:42
2.890999,4.336602,2023-01-01T01:03:43
2.890999,4.336602,2023-01-01T01:03:44
2.890999,4.225407,2023-01-01T01:03:45
2.890999,4.114212,2023-01-01T01:03:46
2.890999,4.114212,2023-01-01T01:03:47
2.890999,4.003017,2023-01-01T01:03:48
2.890999,3.891822,2023-01-01T01:03:49
2.890999,3.891822,2023-01-01T01:03:50
2.890999,3.780628,2023-01-01T01:03:51
2.890999,3.669433,2023-01-01T01:03:52
2.890999,3.669433,2023-01-01T01:03:53
2.890999,3.558238,2023-01-01T01:03:54
2.890999,3.447043,2023-01-01T01:03:55
2.890999,3.335848,2023-01-01T01:03:56
2.890999,3.335848,2023-01-01T01:03:57
2.890999,3.224653,2023-01-01T01:03:58
2.890999,3.113458,2023-01-01T01:03:59
2.890999,3.113458,2023-01-01T01:04:00
2.890999,3.002263,2023-01-01T01:04:01
2.890999,2.891068,2023-01-01T01:04:02
2.890999,2.891068,2023-01-01T01:04:03
2.890999,2.779873,2023-01-01T01:04:04
2.890999,2.668678,2023-01-01T01:04:05
2.890999,2.668678,2023-01-01T01:04:06
2.890999,2.557483,2023-01-01T01:04:07
2.890999,2.557483,2023-01-01T01:04:08
2.890999,2.557483,2023-01-01T01:04:09
2.890999,2.557483,2023-01-01T01:04:10
2.890999,2.668678,2023-01-01T01:04:11
2.890999,2.668678,2023-01-01T01:04:12
2.890999,2.668678,2023-01-01T01:04:13
2.890999,2.668678,2023-01-01T01:04:14
2.890999,2.668678,2023-01-01T01:04:15
2.890999,2.668678,2023-01-01T01:04:16
2.890999,2.779873,2023-01-01T01:04:17
2.890999,2.779873,2023-01-01T01:04:18
2.890999,2.779873,2023-01-01T01:04:19
2.890999,2.891068,2023-01-01T01:04:20
3.002192,2.891068,2023-01-01T01:04:21
3.002192,3.002263,2023-01-01T01:04:22
3.002192,3.002263,2023-01-01T01:04:23
3.002192,3.002263,2023-01-01T01:04:24
3.113384,3.113458,2023-01-01T01:04:25
3.113384,3.113458,2023-01-01T01:04:26
3.113384,3.224653,2023-01-01T01:04:27
3.113384,3.224653,2023-01-01T01:04:28
3.113384,3.335848,2023-01-01T01:04:29
3.224576,3.335848,2023-01-01T01:04:30
3.224576,3.447043,2023-01-01T01:04:31
3.224576,3.447043,2023-01-01T01:04:32
3.224576,3.558238,2023-01-01T01:04:33
3.224576,3.558238,2023-01-01T01:04:34
3.335769,3.669433,2023-01-01T01:04:35
3.335769,3.669433,2023-01-01T01:04:36
3.335769,3.780628,2023-01-01T01:04:37
3.335769,3.780628,2023-01-01T01:04:38
3.335769,3.891822,2023-01-01T01:04:39
3.446961,4.003017,2023-01-01T01:04:40
3.446961,4.003017,2023-01-01T01:04:41
3.446961,4.114212,2023-01-01T01:04:42
3.446961,4.225407,2023-01-01T01:04:43
3.558153,4.225407,2023-01-01T01:04:44
3.558153,4.336602,2023-01-01T01:04:45
3.558153,4.447797,2023-01-01T01:04:46
3.558153,4.447797,2023-01-01T01:04:47
3.669345,4.558992,2023-01-01T01:04:48
3.669345,4.670187,2023-01-01T01:04:49
3.669345,4.670187,2023-01-01T01:04:50
3.669345,4.781382,2023-01-01T01:04:51
3.780538,4.892577,2023-01-01T01:04:52
3.780538,4.892577,2023-01-01T01:04:53
3.780538,5.003772,2023-01-01T01:04:54
3.780538,5.003772,2023-01-01T01:04:55
3.891730,5.114967,2023-01-01T01:04:56
3.891730,5.226162,2023-01-01T01:04:57
3.891730,5.226162,2023-01-01T01:04:58
3.891730,5.337356,2023-01-01T01:04:59
3.891730,5.337356,2023-01-01T01:05:00
3.891730,5.448551,2023-01-01T01:05:01
4.002922,5.448551,2023-01-01T01:05:02
4.002922,5.559746,2023-01-01T01:05:03
4.002922,5.559746,2023-01-01T01:05:04
4.002922,5.670941,2023-01-01T01:05:05
4.002922,5.670941,2023-01-01T01:05:06
4.002922,5.782136,2023-01-01T01:05:07
4.002922,5.782136,2023-01-01T01:05:08
4.002922,5.670941,2023-01-01T01:05:09
3.891730,5.670941,2023-01-01T01:05:10
3.891730,5.670941,2023-01-01T01:05:11
3.891730,5.670941,2023-01-01T01:05:12
3.780538,5.670941,2023-01-01T01:05:13
3.780538,5.670941,2023-01-01T01:05:14
3.780538,5.559746,2023-01-01T01:05:15
3.780538,5.559746,2023-01-01T01:05:16
3.669345,5.559746,2023-01-01T01:05:17
3.669345,5.559746,2023-01-01T01:05:18
3.669345,5.559746,2023-01-01T01:05:19
3.669345,5.559746,2023-01-01T01:05:20
3.669345,5.448551,2023-01-01T01:05:21
3.669345,5.448551,2023-01-01T01:05:22
3.558153,5.448551,2023-01-01T01:05:23
3.558153,5.448551,2023-01-01T01:05:24
3.558153,5.448551,2023-01-01T01:05:25
3.558153,5.448551,2023-01-01T01:05:26
3.558153,5.337356,2023-01-01T01:05:27
3.558153,5.337356,2023-01-01T01:05:28
3.446961,5.337356,2023-01-01T01:05:29
3.446961,5.337356,2023-01-01T01:05:30
3.446961,5.337356,2023-01-01T01:05:31
3.446961,5.337356,2023-01-01T01:05:32
3.446961,5.337356,2023-01-01T01:05:33
3.446961,5.337356,2023-01-01T01:05:34
3.335769,5.226162,2023-01-01T01:05:35
3.335769,5.226162,2023-01-01T01:05:36
3.335769,5.226162,2023-01-01T01:05:37
3.335769,5.226162,2023-01-01T01:05:38
3.335769,5.226162,2023-01-01T01:05:39
3.335769,5.226162,2023-01-01T01:05:40
3.335769,5.226162,2023-01-01T01:05:41
3.335769,5.226162,2023-01-01T01:05:42
3.224576,5.226162,2023-01-01T01:05:43
3.224576,5.114967,2023-01-01T01:05:44
3.224576,5.114967,2023-01-01T01:05:45
3.224576,5.114967,2023-01-01T01:05:46
3.224576,5.114967,2023-01-01T01:05:47
3.224576,5.114967,2023-01-01T01:05:48
3.224576,5.114967,2023-01-01T01:05:49
3.224576,5.114967,2023-01-01T01:05:50
3.224576,5.114967,2023-01-01T01:05:51
3.224576,5.114967,2023-01-01T01:05:52
3.224576,5.114967,2023-01-01T01:05:53
3.224576,5.114967,2023-01-01T01:05:54
3.113384,5.114967,2023-01-01T01:05:55
3.113384,5.114967,2023-01-01T01:05:56
3.113384,5.114967,2023-01-01T01:05:57
3.113384,5.114967,2023-01-01T01:05:58
3.113384,5.003772,2023-01-01T01:05:59
3.113384,5.003772,2023-01-01T01:06:00
3.113384,5.003772,2023-01-01T01:06:01
3.113384,5.003772,2023-01-01T01:06:02
3.113384,5.003772,2023-01-01T01:06:03
3.113384,5.003772,2023-01-01T01:06:04
3.113384,5.003772,2023-01-01T01:06:05
3.113384,5.003772,2023-01-01T01:06:06
3.113384,5.003772,2023-01-01T01:06:07
3.113384,5.003772,2023-01-01T01:06:08
3.002192,5.003772,2023-01-01T01:06:09
3.002192,5.003772,2023-01-01T01:06:10
3.002192,4.892577,2023-01-01T01:06:11
3.002192,4.892577,2023-01-01T01:06:12
3.002192,4.892577,2023-01-01T01:06:13
3.002192,4.892577,2023-01-01T01:06:14
3.002192,4.892577,2023-01-01T01:06:15
3.002192,4.892577,2023-01-01T01:06:16
3.002192,4.892577,2023-01-01T01:06:17
3.002192,4.892577,2023-01-01T01:06:18
3.002192,4.892577,2023-01-01T01:06:19
3.002192,4.892577,2023-01-01T01:06:20
2.890999,4.892577,2023-01-01T01:06:21
2.890999,4.892577,2023-01-01T01:06:22
2.890999,4.781382,2023-01-01T01:06:23
2.890999,4.781382,2023-01-01T01:06:24
2.890999,4.781382,2023-01-01T01:06:25
2.890999,4.781382,2023-01-01T01:06:26
2.890999,4.781382,2023-01-01T01:06:27
2.890999,4.781382,2023-01-01T01:06:28
2.890999,4.781382,2023-01-01T01:06:29
2.890999,4.781382,2023-01-01T01:06:30
2.890999,4.781382,2023-01-01T01:06:31
2.890999,4.781382,2023-01-01T01:06:32
2.890999,4.781382,2023-01-01T01:06:33
2.890999,4.781382,2023-01-01T01:06:34
2.890999,4.781382,2023-01-01T01:06:35
2.890999,4.670187,2023-01-01T01:06:36
2.890999,4.670187,2023-01-01T01:06:37
2.890999,4.670187,2023-01-01T01:06:38
2.890999,4.670187,2023-01-01T01:06:39
2.890999,4.670187,2023-01-01T01:06:40
2.890999,4.670187,2023-01-01T01:06:41
2.890999,4.670187,2023-01-01T01:06:42
2.890999,4.670187,2023-01-01T01:06:43
2.890999,4.670187,2023-01-01T01:06:44
2.890999,4.670187,2023-01-01T01:06:45
2.890999,4.781382,2023-01-01T01:06:46
2.890999,4.781382,2023-01-01T01:06:47
2.890999,4.781382,2023-01-01T01:06:48
2.890999,4.781382,2023-01-01T01:06:49
2.890999,4.781382,2023-01-01T01:06:50
2.890999,4.781382,2023-01-01T01:06:51
2.890999,4.781382,2023-01-01T01:06:52
2.890999,4.781382,2023-01-01T01:06:53
2.890999,4.781382,2023-01-01T01:06:54
2.890999,4.781382,2023-01-01T01:06:55
2.890999,4.781382,2023-01-01T01:06:56
2.890999,4.781382,2023-01-01T01:06:57
2.890999,4.781382,2023-01-01T01:06:58
2.890999,4.781382,2023-01-01T01:06:59
2.779807,4.781382,2023-01-01T01:07:00
2.779807,4.781382,2023-01-01T01:07:01
2.779807,4.781382,2023-01-01T01:07:02
2.779807,4.781382,2023-01-01T01:07:03
2.779807,4.781382,2023-01-01T01:07:04
2.779807,4.781382,2023-01-01T01:07:05
2.779807,4.781382,2023-01-01T01:07:06
2.779807,4.781382,2023-01-01T01:07:07
2.779807,4.781382,2023-01-01T01:07:08
2.779807,4.781382,2023-01-01T01:07:09
2.779807,4.781382,2023-01-01T01:07:10
2.779807,4.781382,2023-01-01T01:07:11
2.779807,4.781382,2023-01-01T01:07:12
2.779807,4.781382,2023-01-01T01:07:13
2.779807,4.781382,2023-01-01T01:07:14
2.779807,4.781382,2023-01-01T01:07:15
2.779807,4.781382,2023-01-01T01:07:16
2.779807,4.781382,2023-01-01T01:07:17
2.779807,4.781382,2023-01-01T01:07:18
2.779807,4.781382,2023-01-01T01:07:19
2.779807,4.781382,2023-01-01T01:07:20
2.779807,4.781382,2023-01-01T01:07:21
2.779807,4.781382,2023-01-01T01:07:22
2.779807,4.781382,2023-01-01T01:07:23
2.779807,4.781382,2023-01-01T01:07:24
2.779807,4.781382,2023-01-01T01:07:25
2.779807,4.781382,2023-01-01T01:07:26
2.779807,4.781382,2023-01-01T01:07:27
2.779807,4.781382,2023-01-01T01:07:28
2.779807,4.781382,2023-01-01T01:07:29
2.779807,4.781382,2023-01-01T01:07:30
2.779807,4.781382,2023-01-01T01:07:31
2.779807,4.781382,2023-01-01T01:07:32
2.779807,4.781382,2023-01-01T01:07:33
2.779807,4.781382,2023-01-01T01:07:34
2.779807,4.781382,2023-01-01T01:07:35
2.779807,4.781382,2023-01-01T01:07:36
2.779807,4.781382,2023-01-01T01:07:37
2.779807,4.781382,2023-01-01T01:07:38
2.779807,4.781382,2023-01-01T01:07:39
2.779807,4.781382,2023-01-01T01:07:40
2.779807,4.781382,2023-01-01T01:07:41
2.779807,4.781382,2023-01-01T01:07:42
2.779807,4.781382,2023-01-01T01:07:43
2.779807,4.781382,2023-01-01T01:07:44
2.779807,4.781382,2023-01-01T01:07:45
2.779807,4.781382,2023-01-01T01:07:46
2.779807,4.781382,2023-01-01T01:07:47
2.779807,4.781382,2023-01-01T01:07:48
2.779807,4.781382,2023-01-01T01:07:49
2.779807,4.781382,2023-01-01T01:07:50
2.779807,4.781382,2023-01-01T01:07:51
2.779807,4.781382,2023-01-01T01:07:52
2.779807,4.781382,2023-01-01T01:07:53
2.779807,4.781382,2023-01-01T01:07:54
2.779807,4.781382,2023-01-01T01:07:55
2.779807,4.781382,2023-01-01T01:07:56
2.779807,4.781382,2023-01-01T01:07:57
2.779807,4.781382,2023-01-01T01:07:58
2.779807,4.781382,2023-01-01T01:07:59
2.779807,4.781382,2023-01-01T01:08:00
2.779807,4.781382,2023-01-01T01:08:01
2.779807,4.781382,2023-01-01T01:08:02
2.779807,4.781382,2023-01-01T01:08:03
2.779807,4.781382,2023-01-01T01:08:04
2.779807,4.781382,2023-01-01T01:08:05
2.779807,4.781382,2023-01-01T01:08:06
2.779807,4.781382,2023-01-01T01:08:07
2.779807,4.781382,2023-01-01T01:08:08
2.779807,4.781382,2023-01-01T01:08:09
2.779807,4.781382,2023-01-01T01:08:10
2.668615,4.781382,2023-01-01T01:08:11
2.668615,4.781382,2023-01-01T01:08:12
2.668615,4.781382,2023-01-01T01:08:13
2.668615,4.781382,2023-01-01T01:08:14
2.668615,4.781382,2023-01-01T01:08:15
2.668615,4.781382,2023-01-01T01:08:16
2.668615,4.781382,2023-01-01T01:08:17
2.668615,4.781382,2023-01-01T01:08:18
2.668615,4.781382,2023-01-01T01:08:19
2.668615,4.781382,2023-01-01T01:08:20
2.668615,4.781382,2023-01-01T01:08:21
2.668615,4.781382,2023-01-01T01:08:22
2.668615,4.781382,2023-01-01T01:08:23
2.668615,4.781382,2023-01-01T01:08:24
2.668615,4.781382,2023-01-01T01:08:25
2.668615,4.781382,2023-01-01T01:08:26
2.668615,4.781382,2023-01-01T01:08:27
2.668615,4.781382,2023-01-01T01:08:28
2.668615,4.781382,2023-01-01T01:08:29
2.668615,4.781382,2023-01-01T01:08:30
2.668615,4.781382,2023-01-01T01:08:31
2.668615,4.781382,2023-01-01T01:08:32
2.668615,4.781382,2023-01-01T01:08:33
2.668615,4.781382,2023-01-01T01:08:34
2.668615,4.781382,2023-01-01T01:08:35
2.668615,4.781382,2023-01-01T01:08:36
2.668615,4.781382,2023-01-01T01:08:37
2.668615,4.781382,2023-01-01T01:08:38
2.557423,4.781382,2023-01-01T01:08:39
2.557423,4.781382,2023-01-01T01:08:40
2.557423,4.781382,2023-01-01T01:08:41
2.557423,4.781382,2023-01-01T01:08:42
2.557423,4.781382,2023-01-01T01:08:43
2.557423,4.781382,2023-01-01T01:08:44
2.557423,4.781382,2023-01-01T01:08:45
2.557423,4.781382,2023-01-01T01:08:46
2.557423,4.781382,2023-01-01T01:08:47
2.557423,4.781382,2023-01-01T01:08:48
2.557423,4.781382,2023-01-01T01:08:49
2.557423,4.781382,2023-01-01T01:08:50
2.557423,4.781382,2023-01-01T01:08:51
2.557423,4.781382,2023-01-01T01:08:52
2.557423,4.781382,2023-01-01T01:08:53
2.557423,4.781382,2023-01-01T01:08:54
2.557423,4.781382,2023-01-01T01:08:55
2.557423,4.781382,2023-01-01T01:08:56
2.557423,4.781382,2023-01-01T01:08:57
2.557423,4.781382,2023-01-01T01:08:58
2.557423,4.781382,2023-01-01T01:08:59
2.557423,4.781382,2023-01-01T01:09:00
2.557423,4.781382,2023-01-01T01:09:01
2.557423,4.781382,2023-01-01T01:09:02
2.557423,4.781382,2023-01-01T01:09:03
2.557423,4.781382,2023-01-01T01:09:04
2.446230,4.781382,2023-01-01T01:09:05
2.446230,4.781382,2023-01-01T01:09:06
2.446230,4.781382,2023-01-01T01:09:07
2.446230,4.781382,2023-01-01T01:09:08
2.446230,4.781382,2023-01-01T01:09:09
2.557423,4.781382,2023-01-01T01:09:10
2.557423,4.781382,2023-01-01T01:09:11
2.557423,4.781382,2023-01-01T01:09:12
2.557423,4.781382,2023-01-01T01:09:13
2.557423,4.781382,2023-01-01T01:09:14
2.557423,4.781382,2023-01-01T01:09:15
2.557423,4.781382,2023-01-01T01:09:16
2.557423,4.781382,2023-01-01T01:09:17
2.557423,4.781382,2023-01-01T01:09:18
2.557423,4.781382,2023-01-01T01:09:19
2.557423,4.781382,2023-01-01T01:09:20
2.557423,4.781382,2023-01-01T01:09:21
2.557423,4.781382,2023-01-01T01:09:22
2.557423,4.781382,2023-01-01T01:09:23
2.557423,4.781382,2023-01-01T01:09:24
2.557423,4.781382,2023-01-01T01:09:25
2.557423,4.781382,2023-01-01T01:09:26
2.557423,4.781382,2023-01-01T01:09:27
2.668615,4.892577,2023-01-01T01:09:28
2.668615,4.892577,2023-01-01T01:09:29
2.668615,4.892577,2023-01-01T01:09:30
2.668615,5.003772,2023-01-01T01:09:31
2.779807,5.003772,2023-01-01T01:09:32
2.779807,5.003772,2023-01-01T01:09:33
2.779807,5.114967,2023-01-01T01:09:34
2.779807,5.114967,2023-01-01T01:09:35
2.890999,5.114967,2023-01-01T01:09:36
2.890999,5.226162,2023-01-01T01:09:37
2.890999,5.226162,2023-01-01T01:09:38
2.890999,5.226162,2023-01-01T01:09:39
3.002192,5.337356,2023-01-01T01:09:40
3.002192,5.337356,2023-01-01T01:09:41
3.002192,5.337356,2023-01-01T01:09:42
3.002192,5.448551,2023-01-01T01:09:43
3.113384,5.448551,2023-01-01T01:09:44
3.113384,5.448551,2023-01-01T01:09:45
3.113384,5.559746,2023-01-01T01:09:46
3.113384,5.559746,2023-01-01T01:09:47
3.224576,5.559746,2023-01-01T01:09:48
3.224576,5.559746,2023-01-01T01:09:49
3.224576,5.670941,2023-01-01T01:09:50
3.224576,5.670941,2023-01-01T01:09:51
3.224576,5.670941,2023-01-01T01:09:52
3.224576,5.670941,2023-01-01T01:09:53
3.335769,5.782136,2023-01-01T01:09:54
3.335769,5.782136,2023-01-01T01:09:55
3.335769,5.782136,2023-01-01T01:09:56
3.335769,5.782136,2023-01-01T01:09:57
3.335769,5.893331,2023-01-01T01:09:58
3.446961,5.893331,2023-01-01T01:09:59
3.446961,5.893331,2023-01-01T01:10:00
3.446961,5.893331,2023-01-01T01:10:01
3.446961,5.893331,2023-01-01T01:10:02
3.446961,6.004526,2023-01-01T01:10:03
3.446961,6.004526,2023-01-01T01:10:04
3.558153,6.004526,2023-01-01T01:10:05
3.558153,6.004526,2023-01-01T01:10:06
3.558153,6.004526,2023-01-01T01:10:07
3.558153,6.004526,2023-01-01T01:10:08
3.558153,6.004526,2023-01-01T01:10:09
3.446961,6.004526,2023-01-01T01:10:10
3.446961,6.004526,2023-01-01T01:10:11
3.446961,5.893331,2023-01-01T01:10:12
3.446961,5.893331,2023-01-01T01:10:13
3.446961,5.893331,2023-01-01T01:10:14
3.446961,5.893331,2023-01-01T01:10:15
3.446961,5.893331,2023-01-01T01:10:16
3.446961,5.782136,2023-01-01T01:10:17
3.446961,5.782136,2023-01-01T01:10:18
3.446961,5.782136,2023-01-01T01:10:19
3.446961,5.782136,2023-01-01T01:10:20
3.335769,5.782136,2023-01-01T01:10:21
3.335769,5.782136,2023-01-01T01:10:22
3.335769,5.670941,2023-01-01T01:10:23
3.335769,5.670941,2023-01-01T01:10:24
3.335769,5.670941,2023-01-01T01:10:25
3.335769,5.670941,2023-01-01T01:10:26
3.335769,5.670941,2023-01-01T01:10:27
3.335769,5.670941,2023-01-01T01:10:28
3.335769,5.559746,2023-01-01T01:10:29
3.335769,5.559746,2023-01-01T01:10:30
3.335769,5.559746,2023-01-01T01:10:31
3.335769,5.559746,2023-01-01T01:10:32
3.335769,5.559746,2023-01-01T01:10:33
3.335769,5.559746,2023-01-01T01:10:34
3.335769,5.559746,2023-01-01T01:10:35
3.335769,5.448551,2023-01-01T01:10:36
3.335769,5.448551,2023-01-01T01:10:37
3.224576,5.448551,2023-01-01T01:10:38
3.224576,5.448551,2023-01-01T01:10:39
3.224576,5.448551,2023-01-01T01:10:40
3.224576,5.448551,2023-01-01T01:10:41
3.224576,5.448551,2023-01-01T01:10:42
3.224576,5.448551,2023-01-01T01:10:43
3.224576,5.337356,2023-01-01T01:10:44
3.224576,5.337356,2023-01-01T01:10:45
3.224576,5.337356,2023-01-01T01:10:46
3.224576,5.337356,2023-01-01T01:10:47
3.224576,5.337356,2023-01-01T01:10:48
3.224576,5.337356,2023-01-01T01:10:49
3.224576,5.337356,2023-01-01T01:10:50
3.224576,5.337356,2023-01-01T01:10:51
3.224576,5.337356,2023-01-01T01:10:52
3.224576,5.337356,2023-01-01T01:10:53
3.224576,5.337356,2023-01-01T01:10:54
3.224576,5.337356,2023-01-01T01:10:55
3.224576,5.226162,2023-01-01T01:10:56
3.224576,5.226162,2023-01-01T01:10:57
3.224576,5.226162,2023-01-01T01:10:58
3.224576,5.226162,2023-01-01T01:10:59
3.224576,5.226162,2023-01-01T01:11:00
3.224576,5.226162,2023-01-01T01:11:01
3.224576,5.226162,2023-01-01T01:11:02
3.224576,5.226162,2023-01-01T01:11:03
3.224576,5.226162,2023-01-01T01:11:04
3.224576,5.226162,2023-01-01T01:11:05
3.224576,5.226162,2023-01-01T01:11:06
3.224576,5.226162,2023-01-01T01:11:07
3.224576,5.226162,2023-01-01T01:11:08
3.224576,5.226162,2023-01-01T01:11:09
3.224576,5.226162,2023-01-01T01:11:10
3.224576,5.114967,2023-01-01T01:11:11
3.224576,5.114967,2023-01-01T01:11:12
3.224576,5.114967,2023-01-01T01:11:13
3.224576,5.114967,2023-01-01T01:11:14
3.224576,5.114967,2023-01-01T01:11:15
3.224576,5.114967,2023-01-01T01:11:16
3.224576,5.114967,2023-01-01T01:11:17
3.224576,5.114967,2023-01-01T01:11:18
3.224576,5.114967,2023-01-01T01:11:19
3.224576,5.114967,2023-01-01T01:11:20
3.224576,5.114967,2023-01-01T01:11:21
3.224576,5.114967,2023-01-01T01:11:22
3.224576,5.114967,2023-01-01T01:11:23
3.224576,5.114967,2023-01-01T01:11:24
3.224576,5.003772,2023-01-01T01:11:25
3.224576,5.003772,2023-01-01T01:11:26
3.224576,5.003772,2023-01-01T01:11:27
3.224576,5.003772,2023-01-01T01:11:28
3.224576,5.003772,2023-01-01T01:11:29
3.224576,5.003772,2023-01-01T01:11:30
3.113384,5.003772,2023-01-01T01:11:31
3.113384,5.003772,2023-01-01T01:11:32
3.113384,5.003772,2023-01-01T01:11:33
3.113384,5.003772,2023-01-01T01:11:34
3.113384,5.003772,2023-01-01T01:11:35
3.113384,5.003772,2023-01-01T01:11:36
3.113384,5.003772,2023-01-01T01:11:37
3.113384,5.003772,2023-01-01T01:11:38
3.113384,5.003772,2023-01-01T01:11:39
3.113384,5.003772,2023-01-01T01:11:40
3.113384,5.003772,2023-01-01T01:11:41
3.113384,4.892577,2023-01-01T01:11:42
3.113384,4.892577,2023-01-01T01:11:43
3.113384,4.892577,2023-01-01T01:11:44
3.113384,4.892577,2023-01-01T01:11:45
3.113384,4.892577,2023-01-01T01:11:46
3.113384,4.892577,2023-01-01T01:11:47
3.113384,4.892577,2023-01-01T01:11:48
3.113384,4.892577,2023-01-01T01:11:49
3.113384,4.892577,2023-01-01T01:11:50
3.113384,4.892577,2023-01-01T01:11:51
3.113384,4.892577,2023-01-01T01:11:52
3.113384,4.892577,2023-01-01T01:11:53
3.113384,4.892577,2023-01-01T01:11:54
3.113384,4.892577,2023-01-01T01:11:55
3.113384,4.892577,2023-01-01T01:11:56
3.113384,4.781382,2023-01-01T01:11:57
3.113384,4.781382,2023-01-01T01:11:58
3.113384,4.781382,2023-01-01T01:11:59
3.113384,4.781382,2023-01-01T01:12:00
3.113384,4.781382,2023-01-01T01:12:01
3.113384,4.781382,2023-01-01T01:12:02
3.113384,4.781382,2023-01-01T01:12:03
3.113384,4.781382,2023-01-01T01:12:04
3.113384,4.781382,2023-01-01T01:12:05
3.113384,4.781382,2023-01-01T01:12:06
3.113384,4.781382,2023-01-01T01:12:07
3.113384,4.781382,2023-01-01T01:12:08
3.113384,4.781382,2023-01-01T01:12:09
3.113384,4.781382,2023-01-01T01:12:10
3.113384,4.781382,2023-01-01T01:12:11
3.113384,4.781382,2023-01-01T01:12:12
3.113384,4.781382,2023-01-01T01:12:13
3.113384,4.781382,2023-01-01T01:12:14
3.113384,4.781382,2023-01-01T01:12:15
3.113384,4.781382,2023-01-01T01:12:16
3.113384,4.781382,2023-01-01T01:12:17
3.113384,4.781382,2023-01-01T01:12:18
3.113384,4.781382,2023-01-01T01:12:19
3.113384,4.781382,2023-01-01T01:12:20
3.113384,4.781382,2023-01-01T01:12:21
3.113384,4.781382,2023-01-01T01:12:22
3.113384,4.781382,2023-01-01T01:12:23
3.113384,4.781382,2023-01-01T01:12:24
3.113384,4.781382,2023-01-01T01:12:25
3.113384,4.781382,2023-01-01T01:12:26
3.113384,4.781382,2023-01-01T01:12:27
3.113384,4.781382,2023-01-01T01:12:28
3.113384,4.781382,2023-01-01T01:12:29
3.113384,4.781382,2023-01-01T01:12:30
3.113384,4.781382,2023-01-01T01:12:31
3.113384,4.781382,2023-01-01T01:12:32
3.113384,4.781382,2023-01-01T01:12:33
3.113384,4.781382,2023-01-01T01:12:34
3.113384,4.781382,2023-01-01T01:12:35
3.113384,4.781382,2023-01-01T01:12:36
3.113384,4.781382,2023-01-01T01:12:37
3.113384,4.781382,2023-01-01T01:12:38
3.113384,4.781382,2023-01-01T01:12:39
3.002192,4.781382,2023-01-01T01:12:40
3.002192,4.781382,2023-01-01T01:12:41
3.002192,4.781382,2023-01-01T01:12:42
3.002192,4.781382,2023-01-01T01:12:43
3.002192,4.781382,2023-01-01T01:12:44
3.002192,4.781382,2023-01-01T01:12:45
3.002192,4.781382,2023-01-01T01:12:46
3.002192,4.781382,2023-01-01T01:12:47
3.002192,4.670187,2023-01-01T01:12:48
3.002192,4.670187,2023-01-01T01:12:49
3.002192,4.670187,2023-01-01T01:12:50
3.002192,4.670187,2023-01-01T01:12:51
2.890999,4.670187,2023-01-01T01:12:52
2.890999,4.670187,2023-01-01T01:12:53
2.890999,4.670187,2023-01-01T01:12:54
2.890999,4.670187,2023-01-01T01:12:55
2.890999,4.670187,2023-01-01T01:12:56
2.890999,4.670187,2023-01-01T01:12:57
2.890999,4.670187,2023-01-01T01:12:58
2.890999,4.670187,2023-01-01T01:12:59
2.890999,4.670187,2023-01-01T01:13:00
2.890999,4.670187,2023-01-01T01:13:01
2.890999,4.670187,2023-01-01T01:13:02
2.890999,4.670187,2023-01-01T01:13:03
2.779807,4.670187,2023-01-01T01:13:04
2.779807,4.670187,2023-01-01T01:13:05
2.779807,4.670187,2023-01-01T01:13:06
2.779807,4.670187,2023-01-01T01:13:07
2.779807,4.670187,2023-01-01T01:13:08
2.779807,4.670187,2023-01-01T01:13:09
2.779807,4.670187,2023-01-01T01:13:10
2.779807,4.670187,2023-01-01T01:13:11
2.779807,4.670187,2023-01-01T01:13:12
2.779807,4.670187,2023-01-01T01:13:13
2.779807,4.670187,2023-01-01T01:13:14
2.779807,4.670187,2023-01-01T01:13:15
2.779807,4.670187,2023-01-01T01:13:16
2.779807,4.670187,2023-01-01T01:13:17
2.779807,4.781382,2023-01-01T01:13:18
2.779807,4.781382,2023-01-01T01:13:19
2.779807,4.781382,2023-01-01T01:13:20
2.779807,4.781382,2023-01-01T01:13:21
2.779807,4.781382,2023-01-01T01:13:22
2.779807,4.781382,2023-01-01T01:13:23
2.779807,4.781382,2023-01-01T01:13:24
2.779807,4.781382,2023-01-01T01:13:25
2.779807,4.781382,2023-01-01T01:13:26
2.779807,4.781382,2023-01-01T01:13:27
2.779807,4.781382,2023-01-01T01:13:28
2.779807,4.781382,2023-01-01T01:13:29
2.779807,4.781382,2023-01-01T01:13:30
2.779807,4.781382,2023-01-01T01:13:31
2.779807,4.781382,2023-01-01T01:13:32
2.779807,4.781382,2023-01-01T01:13:33
2.779807,4.781382,2023-01-01T01:13:34
2.779807,4.892577,2023-01-01T01:13:35
2.779807,4.892577,2023-01-01T01:13:36
2.779807,4.892577,2023-01-01T01:13:37
2.779807,4.892577,2023-01-01T01:13:38
2.779807,4.892577,2023-01-01T01:13:39
2.779807,4.892577,2023-01-01T01:13:40
2.779807,4.892577,2023-01-01T01:13:41
2.779807,4.892577,2023-01-01T01:13:42
2.779807,4.892577,2023-01-01T01:13:43
2.779807,4.892577,2023-01-01T01:13:44
2.779807,4.892577,2023-01-01T01:13:45
2.779807,4.892577,2023-01-01T01:13:46
2.779807,4.892577,2023-01-01T01:13:47
2.779807,4.892577,2023-01-01T01:13:48
2.779807,4.892577,2023-01-01T01:13:49
2.779807,4.892577,2023-01-01T01:13:50
2.779807,4.892577,2023-01-01T01:13:51
2.779807,4.892577,2023-01-01T01:13:52
2.779807,4.892577,2023-01-01T01:13:53
2.779807,4.892577,2023-01-01T01:13:54
2.779807,5.003772,2023-01-01T01:13:55
2.779807,5.003772,2023-01-01T01:13:56
2.779807,5.003772,2023-01-01T01:13:57
2.779807,5.003772,2023-01-01T01:13:58
2.779807,5.003772,2023-01-01T01:13:59
2.890999,5.003772,2023-01-01T01:14:00
2.890999,5.003772,2023-01-01T01:14:01
2.890999,5.003772,2023-01-01T01:14:02
2.890999,5.003772,2023-01-01T01:14:03
2.890999,5.003772,2023-01-01T01:14:04
2.890999,5.003772,2023-01-01T01:14:05
2.890999,5.003772,2023-01-01T01:14:06
2.890999,5.003772,2023-01-01T01:14:07
2.890999,5.003772,2023-01-01T01:14:08
2.890999,5.003772,2023-01-01T01:14:09
2.890999,5.003772,2023-01-01T01:14:10
2.890999,5.003772,2023-01-01T01:14:11
2.890999,5.003772,2023-01-01T01:14:12
2.890999,5.003772,2023-01-01T01:14:13
2.890999,5.003772,2023-01-01T01:14:14
2.890999,5.003772,2023-01-01T01:14:15
2.890999,5.003772,2023-01-01T01:14:16
2.890999,4.892577,2023-01-01T01:14:17
2.890999,4.892577,2023-01-01T01:14:18
2.890999,4.892577,2023-01-01T01:14:19
2.890999,4.892577,2023-01-01T01:14:20
2.890999,4.892577,2023-01-01T01:14:21
2.890999,4.892577,2023-01-01T01:14:22
2.890999,4.892577,2023-01-01T01:14:23
2.890999,4.892577,2023-01-01T01:14:24
2.890999,4.892577,2023-01-01T01:14:25
2.890999,4.892577,2023-01-01T01:14:26
2.890999,4.892577,2023-01-01T01:14:27
2.890999,4.892577,2023-01-01T01:14:28
2.890999,4.892577,2023-01-01T01:14:29
2.890999,4.892577,2023-01-01T01:14:30
2.890999,4.892577,2023-01-01T01:14:31
2.890999,4.892577,2023-01-01T01:14:32
2.890999,4.892577,2023-01-01T01:14:33
2.890999,4.892577,2023-01-01T01:14:34
2.890999,4.892577,2023-01-01T01:14:35
2.890999,4.892577,2023-01-01T01:14:36
2.890999,4.892577,2023-01-01T01:14:37
2.890999,4.892577,2023-01-01T01:14:38
2.890999,4.892577,2023-01-01T01:14:39
2.890999,4.892577,2023-01-01T01:14:40
2.890999,4.892577,2023-01-01T01:14:41
2.890999,4.892577,2023-01-01T01:14:42
2.890999,4.892577,2023-01-01T01:14:43
2.890999,4.892577,2023-01-01T01:14:44
2.890999,4.892577,2023-01-01T01:14:45
2.890999,4.892577,2023-01-01T01:14:46
2.890999,4.892577,2023-01-01T01:14:47
2.890999,4.892577,2023-01-01T01:14:48
2.890999,4.892577,2023-01-01T01:14:49
2.890999,4.892577,2023-01-01T01:14:50
2.890999,4.892577,2023-01-01T01:14:51
2.890999,4.892577,2023-01-01T01:14:52
2.890999,4.892577,2023-01-01T01:14:53
2.890999,4.892577,2023-01-01T01:14:54
2.890999,4.892577,2023-01-01T01:14:55
2.890999,4.892577,2023-01-01T01:14:56
2.890999,5.003772,2023-01-01T01:14:57
2.890999,5.003772,2023-01-01T01:14:58
3.002192,5.003772,2023-01-01T01:14:59
3.002192,5.003772,2023-01-01T01:15:00
3.002192,5.003772,2023-01-01T01:15:01
3.002192,5.003772,2023-01-01T01:15:02
3.002192,5.003772,2023-01-01T01:15:03
3.002192,5.003772,2023-01-01T01:15:04
3.002192,5.003772,2023-01-01T01:15:05
3.002192,5.003772,2023-01-01T01:15:06
3.002192,5.003772,2023-01-01T01:15:07
3.002192,5.003772,2023-01-01T01:15:08
3.002192,5.003772,2023-01-01T01:15:09
3.002192,5.003772,2023-01-01T01:15:10
3.002192,5.003772,2023-01-01T01:15:11
3.002192,5.003772,2023-01-01T01:15:12
3.002192,5.003772,2023-01-01T01:15:13
3.002192,5.003772,2023-01-01T01:15:14
3.002192,5.003772,2023-01-01T01:15:15
3.002192,5.003772,2023-01-01T01:15:16
3.002192,5.003772,2023-01-01T01:15:17
3.002192,5.003772,2023-01-01T01:15:18
3.002192,5.003772,2023-01-01T01:15:19
3.002192,5.003772,2023-01-01T01:15:20
3.002192,5.003772,2023-01-01T01:15:21
3.002192,5.003772,2023-01-01T01:15:22
3.002192,5.003772,2023-01-01T01:15:23
3.002192,5.003772,2023-01-01T01:15:24
3.002192,5.003772,2023-01-01T01:15:25
3.002192,5.003772,2023-01-01T01:15:26
3.002192,5.003772,2023-01-01T01:15:27
3.002192,5.003772,2023-01-01T01:15:28
3.002192,5.003772,2023-01-01T01:15:29
3.002192,5.003772,2023-01-01T01:15:30
3.002192,5.003772,2023-01-01T01:15:31
3.002192,5.003772,2023-01-01T01:15:32
3.002192,5.003772,2023-01-01T01:15:33
3.002192,5.003772,2023-01-01T01:15:34
3.002192,5.003772,2023-01-01T01:15:35
3.002192,5.003772,2023-01-01T01:15:36
3.002192,5.003772,2023-01-01T01:15:37
3.002192,5.003772,2023-01-01T01:15:38
3.002192,5.003772,2023-01-01T01:15:39
3.002192,5.003772,2023-01-01T01:15:40
3.002192,5.003772,2023-01-01T01:15:41
3.002192,5.003772,2023-01-01T01:15:42
3.002192,5.003772,2023-01-01T01:15:43
3.002192,5.003772,2023-01-01T01:15:44
3.002192,5.003772,2023-01-01T01:15:45
3.002192,5.003772,2023-01-01T01:15:46
3.002192,5.003772,2023-01-01T01:15:47
3.002192,5.003772,2023-01-01T01:15:48
3.002192,5.003772,2023-01-01T01:15:49
3.002192,5.114967,2023-01-01T01:15:50
3.002192,5.114967,2023-01-01T01:15:51
3.002192,5.114967,2023-01-01T01:15:52
3.002192,5.114967,2023-01-01T01:15:53
3.002192,5.114967,2023-01-01T01:15:54
3.002192,5.114967,2023-01-01T01:15:55
3.002192,5.114967,2023-01-01T01:15:56
3.002192,5.114967,2023-01-01T01:15:57
3.002192,5.114967,2023-01-01T01:15:58
3.002192,5.114967,2023-01-01T01:15:59
3.002192,5.114967,2023-01-01T01:16:00
3.002192,5.114967,2023-01-01T01:16:01
3.002192,5.114967,2023-01-01T01:16:02
3.002192,5.114967,2023-01-01T01:16:03
3.002192,5.114967,2023-01-01T01:16:04
3.002192,5.114967,2023-01-01T01:16:05
3.002192,5.114967,2023-01-01T01:16:06
3.002192,5.114967,2023-01-01T01:16:07
3.002192,5.114967,2023-01-01T01:16:08
3.002192,5.114967,2023-01-01T01:16:09
3.002192,5.003772,2023-01-01T01:16:10
3.002192,5.003772,2023-01-01T01:16:11
3.002192,5.003772,2023-01-01T01:16:12
3.002192,5.003772,2023-01-01T01:16:13
3.002192,5.003772,2023-01-01T01:16:14
3.002192,5.003772,2023-01-01T01:16:15
3.002192,5.003772,2023-01-01T01:16:16
3.002192,5.003772,2023-01-01T01:16:17
3.002192,5.003772,2023-01-01T01:16:18
3.002192,5.003772,2023-01-01T01:16:19
3.002192,5.003772,2023-01-01T01:16:20
3.002192,5.003772,2023-01-01T01:16:21
3.002192,5.003772,2023-01-01T01:16:22
3.002192,5.003772,2023-01-01T01:16:23
3.002192,5.003772,2023-01-01T01:16:24
3.002192,5.003772,2023-01-01T01:16:25
3.002192,5.003772,2023-01-01T01:16:26
3.002192,5.003772,2023-01-01T01:16:27
3.002192,5.003772,2023-01-01T01:16:28
3.002192,5.003772,2023-01-01T01:16:29
3.002192,5.003772,2023-01-01T01:16:30
3.002192,5.003772,2023-01-01T01:16:31
3.002192,5.003772,2023-01-01T01:16:32
3.002192,5.003772,2023-01-01T01:16:33
3.002192,5.003772,2023-01-01T01:16:34
3.002192,5.003772,2023-01-01T01:16:35
3.002192,5.003772,2023-01-01T01:16:36
3.002192,5.003772,2023-01-01T01:16:37
3.002192,5.003772,2023-01-01T01:16:38
3.002192,5.003772,2023-01-01T01:16:39
3.002192,5.003772,2023-01-01T01:16:40
3.002192,5.003772,2023-01-01T01:16:41
3.002192,4.892577,2023-01-01T01:16:42
3.002192,4.892577,2023-01-01T01:16:43
3.002192,4.892577,2023-01-01T01:16:44
3.002192,4.892577,2023-01-01T01:16:45
3.002192,4.892577,2023-01-01T01:16:46
3.002192,4.892577,2023-01-01T01:16:47
3.002192,4.892577,2023-01-01T01:16:48
3.002192,4.892577,2023-01-01T01:16:49
2.890999,4.892577,2023-01-01T01:16:50
2.890999,4.892577,2023-01-01T01:16:51
2.890999,4.892577,2023-01-01T01:16:52
2.890999,4.892577,2023-01-01T01:16:53
2.890999,4.892577,2023-01-01T01:16:54
2.890999,4.892577,2023-01-01T01:16:55
2.890999,4.892577,2023-01-01T01:16:56
2.890999,4.892577,2023-01-01T01:16:57
2.890999,4.892577,2023-01-01T01:16:58
2.890999,4.892577,2023-01-01T01:16:59
2.890999,4.892577,2023-01-01T01:17:00
2.890999,4.892577,2023-01-01T01:17:01
2.890999,4.892577,2023-01-01T01:17:02
2.890999,4.892577,2023-01-01T01:17:03
2.890999,4.892577,2023-01-01T01:17:04
2.890999,4.892577,2023-01-01T01:17:05
2.890999,4.892577,2023-01-01T01:17:06
2.890999,4.892577,2023-01-01T01:17:07
2.890999,4.892577,2023-01-01T01:17:08
2.890999,4.892577,2023-01-01T01:17:09
2.890999,4.892577,2023-01-01T01:17:10
2.890999,4.892577,2023-01-01T01:17:11
2.890999,4.892577,2023-01-01T01:17:12
2.890999,4.892577,2023-01-01T01:17:13
2.890999,4.892577,2023-01-01T01:17:14
2.890999,4.892577,2023-01-01T01:17:15
2.890999,4.892577,2023-01-01T01:17:16
2.890999,4.892577,2023-01-01T01:17:17
2.890999,4.892577,2023-01-01T01:17:18
2.890999,4.892577,2023-01-01T01:17:19
2.890999,4.892577,2023-01-01T01:17:20
2.890999,4.892577,2023-01-01T01:17:21
2.890999,4.892577,2023-01-01T01:17:22
2.890999,4.892577,2023-01-01T01:17:23
2.890999,4.892577,2023-01-01T01:17:24
2.890999,4.892577,2023-01-01T01:17:25
2.890999,4.892577,2023-01-01T01:17:26
2.890999,4.892577,2023-01-01T01:17:27
2.890999,5.003772,2023-01-01T01:17:28
2.890999,5.003772,2023-01-01T01:17:29
2.779807,5.003772,2023-01-01T01:17:30
2.779807,5.003772,2023-01-01T01:17:31
2.779807,5.003772,2023-01-01T01:17:32
2.779807,5.003772,2023-01-01T01:17:33
2.779807,5.003772,2023-01-01T01:17:34
2.779807,5.003772,2023-01-01T01:17:35
2.779807,5.003772,2023-01-01T01:17:36
2.779807,5.003772,2023-01-01T01:17:37
2.779807,5.003772,2023-01-01T01:17:38
2.779807,5.003772,2023-01-01T01:17:39
2.779807,5.003772,2023-01-01T01:17:40
2.779807,5.003772,2023-01-01T01:17:41
2.779807,5.003772,2023-01-01T01:17:42
2.779807,5.003772,2023-01-01T01:17:43
2.779807,5.003772,2023-01-01T01:17:44
2.779807,5.003772,2023-01-01T01:17:45
2.779807,5.003772,2023-01-01T01:17:46
2.779807,5.003772,2023-01-01T01:17:47
2.779807,5.003772,2023-01-01T01:17:48
2.779807,5.003772,2023-01-01T01:17:49
2.779807,5.003772,2023-01-01T01:17:50
2.779807,5.003772,2023-01-01T01:17:51
2.779807,5.003772,2023-01-01T01:17:52
2.779807,5.003772,2023-01-01T01:17:53
2.779807,5.003772,2023-01-01T01:17:54
2.779807,5.003772,2023-01-01T01:17:55
2.779807,5.003772,2023-01-01T01:17:56
2.779807,5.003772,2023-01-01T01:17:57
2.779807,5.003772,2023-01-01T01:17:58
2.779807,5.003772,2023-01-01T01:17:59
2.779807,5.003772,2023-01-01T01:18:00
2.779807,5.003772,2023-01-01T01:18:01
2.779807,5.003772,2023-01-01T01:18:02
2.779807,5.003772,2023-01-01T01:18:03
2.779807,5.003772,2023-01-01T01:18:04
2.779807,5.003772,2023-01-01T01:18:05
2.779807,5.003772,2023-01-01T01:18:06
2.779807,5.003772,2023-01-01T01:18:07
2.779807,5.003772,2023-01-01T01:18:08
2.779807,5.003772,2023-01-01T01:18:09
2.779807,5.003772,2023-01-01T01:18:10
2.779807,5.003772,2023-01-01T01:18:11
2.779807,5.003772,2023-01-01T01:18:12
2.779807,5.003772,2023-01-01T01:18:13
2.779807,5.003772,2023-01-01T01:18:14
2.779807,5.003772,2023-01-01T01:18:15
2.779807,5.003772,2023-01-01T01:18:16
2.668615,5.003772,2023-01-01T01:18:17
2.668615,5.003772,2023-01-01T01:18:18
2.668615,5.003772,2023-01-01T01:18:19
2.668615,5.003772,2023-01-01T01:18:20
2.668615,5.003772,2023-01-01T01:18:21
2.668615,5.003772,2023-01-01T01:18:22
2.668615,5.003772,2023-01-01T01:18:23
2.668615,5.003772,2023-01-01T01:18:24
2.668615,5.114967,2023-01-01T01:18:25
2.668615,5.114967,2023-01-01T01:18:26
2.668615,5.114967,2023-01-01T01:18:27
2.668615,5.114967,2023-01-01T01:18:28
2.668615,5.114967,2023-01-01T01:18:29
2.668615,5.114967,2023-01-01T01:18:30
2.668615,5.114967,2023-01-01T01:18:31
2.668615,5.114967,2023-01-01T01:18:32
2.668615,5.114967,2023-01-01T01:18:33
2.668615,5.114967,2023-01-01T01:18:34
2.668615,5.114967,2023-01-01T01:18:35
2.668615,5.114967,2023-01-01T01:18:36
2.668615,5.114967,2023-01-01T01:18:37
2.668615,5.114967,2023-01-01T01:18:38
2.668615,5.114967,2023-01-01T01:18:39
2.668615,5.114967,2023-01-01T01:18:40
2.668615,5.114967,2023-01-01T01:18:41
2.668615,5.114967,2023-01-01T01:18:42
2.668615,5.114967,2023-01-01T01:18:43
2.668615,5.114967,2023-01-01T01:18:44
2.668615,5.114967,2023-01-01T01:18:45
2.668615,5.114967,2023-01-01T01:18:46
2.668615,5.114967,2023-01-01T01:18:47
2.668615,5.114967,2023-01-01T01:18:48
2.668615,5.003772,2023-01-01T01:18:49
2.668615,5.003772,2023-01-01T01:18:50
2.668615,5.003772,2023-01-01T01:18:51
2.557423,5.003772,2023-01-01T01:18:52
2.557423,5.003772,2023-01-01T01:18:53
2.557423,5.003772,2023-01-01T01:18:54
2.557423,5.003772,2023-01-01T01:18:55
2.557423,5.003772,2023-01-01T01:18:56
2.557423,5.003772,2023-01-01T01:18:57
2.557423,5.003772,2023-01-01T01:18:58
2.557423,5.003772,2023-01-01T01:18:59
2.557423,5.003772,2023-01-01T01:19:00
2.557423,5.003772,2023-01-01T01:19:01
2.557423,5.003772,2023-01-01T01:19:02
2.557423,5.003772,2023-01-01T01:19:03
2.557423,5.003772,2023-01-01T01:19:04
2.557423,5.003772,2023-01-01T01:19:05
2.557423,5.003772,2023-01-01T01:19:06
2.557423,5.003772,2023-01-01T01:19:07
2.557423,5.003772,2023-01-01T01:19:08
2.557423,5.003772,2023-01-01T01:19:09
2.557423,5.003772,2023-01-01T01:19:10
2.557423,5.003772,2023-01-01T01:19:11
2.557423,5.003772,2023-01-01T01:19:12
2.557423,5.003772,2023-01-01T01:19:13
2.557423,5.003772,2023-01-01T01:19:14
2.557423,5.114967,2023-01-01T01:19:15
2.557423,5.114967,2023-01-01T01:19:16
2.557423,5.114967,2023-01-01T01:19:17
2.557423,5.114967,2023-01-01T01:19:18
2.557423,5.114967,2023-01-01T01:19:19
2.557423,5.114967,2023-01-01T01:19:20
2.557423,5.114967,2023-01-01T01:19:21
2.557423,5.114967,2023-01-01T01:19:22
2.557423,5.114967,2023-01-01T01:19:23
2.557423,5.114967,2023-01-01T01:19:24
2.557423,5.114967,2023-01-01T01:19:25
2.557423,5.114967,2023-01-01T01:19:26
2.557423,5.114967,2023-01-01T01:19:27
2.557423,5.114967,2023-01-01T01:19:28
2.557423,5.114967,2023-01-01T01:19:29
2.557423,5.114967,2023-01-01T01:19:30
2.557423,5.114967,2023-01-01T01:19:31
2.557423,5.114967,2023-01-01T01:19:32
2.557423,5.114967,2023-01-01T01:19:33
2.557423,5.114967,2023-01-01T01:19:34
2.557423,5.114967,2023-01-01T01:19:35
2.557423,5.114967,2023-01-01T01:19:36
2.557423,5.114967,2023-01-01T01:19:37
2.557423,5.114967,2023-01-01T01:19:38
2.557423,5.114967,2023-01-01T01:19:39
2.557423,5.114967,2023-01-01T01:19:40
2.557423,5.114967,2023-01-01T01:19:41
2.557423,5.003772,2023-01-01T01:19:42
2.557423,5.003772,2023-01-01T01:19:43
2.557423,5.003772,2023-01-01T01:19:44
2.557423,5.003772,2023-01-01T01:19:45
2.557423,5.003772,2023-01-01T01:19:46
2.557423,5.003772,2023-01-01T01:19:47
2.557423,5.003772,2023-01-01T01:19:48
2.557423,5.003772,2023-01-01T01:19:49
2.557423,5.003772,2023-01-01T01:19:50
2.557423,5.003772,2023-01-01T01:19:51
2.557423,5.003772,2023-01-01T01:19:52
2.557423,5.003772,2023-01-01T01:19:53
2.557423,5.003772,2023-01-01T01:19:54
2.557423,5.003772,2023-01-01T01:19:55
2.557423,5.003772,2023-01-01T01:19:56
2.557423,5.003772,2023-01-01T01:19:57
2.557423,5.003772,2023-01-01T01:19:58
2.557423,5.003772,2023-01-01T01:19:59
2.557423,5.003772,2023-01-01T01:20:00
2.557423,5.003772,2023-01-01T01:20:01
2.557423,5.003772,2023-01-01T01:20:02
2.557423,5.003772,2023-01-01T01:20:03
2.557423,5.003772,2023-01-01T01:20:04
2.557423,5.003772,2023-01-01T01:20:05
2.557423,5.003772,2023-01-01T01:20:06
2.557423,5.003772,2023-01-01T01:20:07
2.557423,5.003772,2023-01-01T01:20:08
2.557423,5.003772,2023-01-01T01:20:09
2.557423,5.003772,2023-01-01T01:20:10
2.557423,5.003772,2023-01-01T01:20:11
2.557423,5.003772,2023-01-01T01:20:12
2.557423,5.003772,2023-01-01T01:20:13
2.557423,5.003772,2023-01-01T01:20:14
2.557423,5.003772,2023-01-01T01:20:15
2.557423,5.003772,2023-01-01T01:20:16
2.557423,5.003772,2023-01-01T01:20:17
2.557423,5.003772,2023-01-01T01:20:18
2.557423,5.003772,2023-01-01T01:20:19
2.557423,5.003772,2023-01-01T01:20:20
2.557423,5.003772,2023-01-01T01:20:21
2.557423,5.003772,2023-01-01T01:20:22
2.557423,5.003772,2023-01-01T01:20:23
2.557423,5.003772,2023-01-01T01:20:24
2.557423,5.003772,2023-01-01T01:20:25
2.557423,5.003772,2023-01-01T01:20:26
2.557423,5.003772,2023-01-01T01:20:27
2.557423,5.003772,2023-01-01T01:20:28
2.557423,5.003772,2023-01-01T01:20:29
2.557423,5.003772,2023-01-01T01:20:30
2.557423,5.003772,2023-01-01T01:20:31
2.557423,5.003772,2023-01-01T01:20:32
2.557423,5.003772,2023-01-01T01:20:33
2.557423,5.003772,2023-01-01T01:20:34
2.557423,5.003772,2023-01-01T01:20:35
2.557423,5.003772,2023-01-01T01:20:36
2.557423,5.003772,2023-01-01T01:20:37
2.557423,5.003772,2023-01-01T01:20:38
2.557423,5.003772,2023-01-01T01:20:39
2.557423,5.003772,2023-01-01T01:20:40
2.557423,5.003772,2023-01-01T01:20:41
2.557423,5.003772,2023-01-01T01:20:42
2.557423,5.003772,2023-01-01T01:20:43
2.557423,5.003772,2023-01-01T01:20:44
2.557423,5.003772,2023-01-01T01:20:45
2.557423,5.003772,2023-01-01T01:20:46
2.557423,5.003772,2023-01-01T01:20:47
2.557423,5.003772,2023-01-01T01:20:48
2.557423,5.003772,2023-01-01T01:20:49
2.557423,5.003772,2023-01-01T01:20:50
2.557423,5.003772,2023-01-01T01:20:51
2.557423,5.003772,2023-01-01T01:20:52
2.557423,5.003772,2023-01-01T01:20:53
2.557423,5.003772,2023-01-01T01:20:54
2.557423,5.003772,2023-01-01T01:20:55
2.557423,5.003772,2023-01-01T01:20:56
2.557423,5.003772,2023-01-01T01:20:57
2.557423,5.003772,2023-01-01T01:20:58
2.557423,5.003772,2023-01-01T01:20:59
2.557423,5.003772,2023-01-01T01:21:00
2.557423,5.003772,2023-01-01T01:21:01
2.557423,5.003772,2023-01-01T01:21:02
2.557423,5.003772,2023-01-01T01:21:03
2.557423,5.003772,2023-01-01T01:21:04
2.557423,5.003772,2023-01-01T01:21:05
2.557423,5.003772,2023-01-01T01:21:06
2.557423,4.892577,2023-01-01T01:21:07
2.557423,4.892577,2023-01-01T01:21:08
2.557423,4.892577,2023-01-01T01:21:09
2.557423,4.892577,2023-01-01T01:21:10
2.557423,4.892577,2023-01-01T01:21:11
2.557423,4.892577,2023-01-01T01:21:12
2.557423,4.892577,2023-01-01T01:21:13
2.557423,4.892577,2023-01-01T01:21:14
2.557423,4.892577,2023-01-01T01:21:15
2.557423,4.892577,2023-01-01T01:21:16
2.557423,4.892577,2023-01-01T01:21:17
2.557423,4.781382,2023-01-01T01:21:18
2.557423,4.781382,2023-01-01T01:21:19
2.557423,4.781382,2023-01-01T01:21:20
2.557423,4.781382,2023-01-01T01:21:21
2.557423,4.781382,2023-01-01T01:21:22
2.557423,4.781382,2023-01-01T01:21:23
2.557423,4.781382,2023-01-01T01:21:24
2.557423,4.781382,2023-01-01T01:21:25
2.557423,4.781382,2023-01-01T01:21:26
2.557423,4.781382,2023-01-01T01:21:27
2.557423,4.781382,2023-01-01T01:21:28
2.557423,4.781382,2023-01-01T01:21:29
2.557423,4.670187,2023-01-01T01:21:30
2.557423,4.670187,2023-01-01T01:21:31
2.557423,4.670187,2023-01-01T01:21:32
2.668615,4.670187,2023-01-01T01:21:33
2.668615,4.670187,2023-01-01T01:21:34
2.668615,4.670187,2023-01-01T01:21:35
2.668615,4.670187,2023-01-01T01:21:36
2.668615,4.670187,2023-01-01T01:21:37
2.668615,4.670187,2023-01-01T01:21:38
2.668615,4.670187,2023-01-01T01:21:39
2.668615,4.670187,2023-01-01T01:21:40
2.668615,4.670187,2023-01-01T01:21:41
2.668615,4.670187,2023-01-01T01:21:42
2.668615,4.670187,2023-01-01T01:21:43
2.668615,4.558992,2023-01-01T01:21:44
2.668615,4.558992,2023-01-01T01:21:45
2.668615,4.558992,2023-01-01T01:21:46
2.668615,4.558992,2023-01-01T01:21:47
2.668615,4.558992,2023-01-01T01:21:48
2.668615,4.558992,2023-01-01T01:21:49
2.668615,4.558992,2023-01-01T01:21:50
2.668615,4.558992,2023-01-01T01:21:51
2.668615,4.558992,2023-01-01T01:21:52
2.668615,4.558992,2023-01-01T01:21:53
2.668615,4.558992,2023-01-01T01:21:54
2.668615,4.558992,2023-01-01T01:21:55
2.668615,4.558992,2023-01-01T01:21:56
2.668615,4.558992,2023-01-01T01:21:57
2.668615,4.558992,2023-01-01T01:21:58
2.668615,4.558992,2023-01-01T01:21:59
2.668615,4.558992,2023-01-01T01:22:00
2.668615,4.558992,2023-01-01T01:22:01
2.668615,4.558992,2023-01-01T01:22:02
2.668615,4.558992,2023-01-01T01:22:03
2.668615,4.447797,2023-01-01T01:22:04
2.668615,4.447797,2023-01-01T01:22:05
2.668615,4.447797,2023-01-01T01:22:06
2.668615,4.447797,2023-01-01T01:22:07
2.668615,4.447797,2023-01-01T01:22:08
2.668615,4.447797,2023-01-01T01:22:09
2.668615,4.447797,2023-01-01T01:22:10
2.668615,4.447797,2023-01-01T01:22:11
2.668615,4.447797,2023-01-01T01:22:12
2.668615,4.447797,2023-01-01T01:22:13
2.668615,4.447797,2023-01-01T01:22:14
2.668615,4.447797,2023-01-01T01:22:15
2.668615,4.447797,2023-01-01T01:22:16
2.668615,4.447797,2023-01-01T01:22:17
2.668615,4.447797,2023-01-01T01:22:18
2.668615,4.447797,2023-01-01T01:22:19
2.668615,4.447797,2023-01-01T01:22:20
2.668615,4.447797,2023-01-01T01:22:21
2.668615,4.447797,2023-01-01T01:22:22
2.779807,4.447797,2023-01-01T01:22:23
2.779807,4.447797,2023-01-01T01:22:24
2.779807,4.447797,2023-01-01T01:22:25
2.779807,4.447797,2023-01-01T01:22:26
2.779807,4.447797,2023-01-01T01:22:27
2.779807,4.447797,2023-01-01T01:22:28
2.779807,4.447797,2023-01-01T01:22:29
2.779807,4.447797,2023-01-01T01:22:30
2.779807,4.447797,2023-01-01T01:22:31
2.779807,4.447797,2023-01-01T01:22:32
2.779807,4.447797,2023-01-01T01:22:33
2.779807,4.447797,2023-01-01T01:22:34
2.779807,4.447797,2023-01-01T01:22:35
2.779807,4.447797,2023-01-01T01:22:36
2.779807,4.447797,2023-01-01T01:22:37
2.779807,4.447797,2023-01-01T01:22:38
2.779807,4.447797,2023-01-01T01:22:39
2.779807,4.447797,2023-01-01T01:22:40
2.779807,4.447797,2023-01-01T01:22:41
2.779807,4.447797,2023-01-01T01:22:42
2.779807,4.447797,2023-01-01T01:22:43
2.779807,4.447797,2023-01-01T01:22:44
2.779807,4.447797,2023-01-01T01:22:45
2.779807,4.447797,2023-01-01T01:22:46
2.890999,4.447797,2023-01-01T01:22:47
2.890999,4.447797,2023-01-01T01:22:48
2.890999,4.447797,2023-01-01T01:22:49
2.890999,4.447797,2023-01-01T01:22:50
2.890999,4.447797,2023-01-01T01:22:51
2.890999,4.447797,2023-01-01T01:22:52
2.890999,4.447797,2023-01-01T01:22:53
2.890999,4.447797,2023-01-01T01:22:54
2.890999,4.447797,2023-01-01T01:22:55
2.890999,4.447797,2023-01-01T01:22:56
2.890999,4.447797,2023-01-01T01:22:57
2.890999,4.447797,2023-01-01T01:22:58
2.890999,4.447797,2023-01-01T01:22:59
2.890999,4.447797,2023-01-01T01:23:00
2.890999,4.447797,2023-01-01T01:23:01
2.890999,4.447797,2023-01-01T01:23:02
2.890999,4.447797,2023-01-01T01:23:03
2.890999,4.447797,2023-01-01T01:23:04
2.890999,4.447797,2023-01-01T01:23:05
2.890999,4.558992,2023-01-01T01:23:06
2.890999,4.558992,2023-01-01T01:23:07
2.890999,4.558992,2023-01-01T01:23:08
2.890999,4.558992,2023-01-01T01:23:09
2.890999,4.558992,2023-01-01T01:23:10
3.002192,4.558992,2023-01-01T01:23:11
3.002192,4.558992,2023-01-01T01:23:12
3.002192,4.558992,2023-01-01T01:23:13
3.002192,4.558992,2023-01-01T01:23:14
3.002192,4.558992,2023-01-01T01:23:15
3.002192,4.558992,2023-01-01T01:23:16
3.002192,4.558992,2023-01-01T01:23:17
3.002192,4.558992,2023-01-01T01:23:18
3.002192,4.558992,2023-01-01T01:23:19
3.002192,4.558992,2023-01-01T01:23:20
3.002192,4.558992,2023-01-01T01:23:21
3.002192,4.558992,2023-01-01T01:23:22
3.002192,4.558992,2023-01-01T01:23:23
3.002192,4.558992,2023-01-01T01:23:24
3.002192,4.558992,2023-01-01T01:23:25
3.002192,4.558992,2023-01-01T01:23:26
3.002192,4.558992,2023-01-01T01:23:27
3.002192,4.558992,2023-01-01T01:23:28
3.002192,4.558992,2023-01-01T01:23:29
3.002192,4.670187,2023-01-01T01:23:30
3.002192,4.670187,2023-01-01T01:23:31
3.002192,4.670187,2023-01-01T01:23:32
3.002192,4.670187,2023-01-01T01:23:33
3.002192,4.670187,2023-01-01T01:23:34
3.002192,4.670187,2023-01-01T01:23:35
3.002192,4.670187,2023-01-01T01:23:36
3.002192,4.670187,2023-01-01T01:23:37
3.002192,4.670187,2023-01-01T01:23:38
3.002192,4.670187,2023-01-01T01:23:39
3.002192,4.670187,2023-01-01T01:23:40
3.002192,4.670187,2023-01-01T01:23:41
3.002192,4.670187,2023-01-01T01:23:42
3.002192,4.670187,2023-01-01T01:23:43
3.002192,4.670187,2023-01-01T01:23:44
3.002192,4.670187,2023-01-01T01:23:45
3.002192,4.670187,2023-01-01T01:23:46
3.002192,4.670187,2023-01-01T01:23:47
3.002192,4.670187,2023-01-01T01:23:48
3.002192,4.670187,2023-01-01T01:23:49
3.002192,4.670187,2023-01-01T01:23:50
3.002192,4.670187,2023-01-01T01:23:51
3.002192,4.670187,2023-01-01T01:23:52
3.002192,4.670187,2023-01-01T01:23:53
3.002192,4.670187,2023-01-01T01:23:54
3.002192,4.670187,2023-01-01T01:23:55
3.002192,4.670187,2023-01-01T01:23:56
3.002192,4.670187,2023-01-01T01:23:57
3.002192,4.670187,2023-01-01T01:23:58
3.002192,4.670187,2023-01-01T01:23:59
3.002192,4.670187,2023-01-01T01:24:00
3.002192,4.670187,2023-01-01T01:24:01
3.002192,4.670187,2023-01-01T01:24:02
3.002192,4.670187,2023-01-01T01:24:03
3.002192,4.670187,2023-01-01T01:24:04
3.002192,4.670187,2023-01-01T01:24:05
3.002192,4.670187,2023-01-01T01:24:06
3.002192,4.670187,2023-01-01T01:24:07
3.002192,4.670187,2023-01-01T01:24:08
3.002192,4.670187,2023-01-01T01:24:09
3.002192,4.670187,2023-01-01T01:24:10
3.002192,4.670187,2023-01-01T01:24:11
3.002192,4.670187,2023-01-01T01:24:12
3.002192,4.670187,2023-01-01T01:24:13
3.002192,4.670187,2023-01-01T01:24:14
3.002192,4.670187,2023-01-01T01:24:15
3.002192,4.670187,2023-01-01T01:24:16
3.002192,4.670187,2023-01-01T01:24:17
3.002192,4.670187,2023-01-01T01:24:18
3.002192,4.670187,2023-01-01T01:24:19
3.002192,4.670187,2023-01-01T01:24:20
3.002192,4.670187,2023-01-01T01:24:21
3.002192,4.670187,2023-01-01T01:24:22
3.002192,4.670187,2023-01-01T01:24:23
3.002192,4.670187,2023-01-01T01:24:24
3.002192,4.670187,2023-01-01T01:24:25
3.002192,4.670187,2023-01-01T01:24:26
3.002192,4.670187,2023-01-01T01:24:27
3.002192,4.670187,2023-01-01T01:24:28
3.002192,4.670187,2023-01-01T01:24:29
3.002192,4.670187,2023-01-01T01:24:30
3.002192,4.670187,2023-01-01T01:24:31
3.002192,4.670187,2023-01-01T01:24:32
3.002192,4.670187,2023-01-01T01:24:33
3.002192,4.670187,2023-01-01T01:24:34
3.002192,4.670187,2023-01-01T01:24:35
3.002192,4.670187,2023-01-01T01:24:36
3.002192,4.670187,2023-01-01T01:24:37
3.002192,4.670187,2023-01-01T01:24:38
3.002192,4.670187,2023-01-01T01:24:39
3.002192,4.670187,2023-01-01T01:24:40
3.002192,4.670187,2023-01-01T01:24:41
3.002192,4.670187,2023-01-01T01:24:42
3.002192,4.670187,2023-01-01T01:24:43
3.002192,4.670187,2023-01-01T01:24:44
3.002192,4.670187,2023-01-01T01:24:45
3.002192,4.781382,2023-01-01T01:24:46
3.002192,4.781382,2023-01-01T01:24:47
3.002192,4.781382,2023-01-01T01:24:48
3.002192,4.781382,2023-01-01T01:24:49
3.002192,4.781382,2023-01-01T01:24:50
3.002192,4.781382,2023-01-01T01:24:51
3.002192,4.781382,2023-01-01T01:24:52
3.002192,4.781382,2023-01-01T01:24:53
3.002192,4.781382,2023-01-01T01:24:54
3.002192,4.781382,2023-01-01T01:24:55
3.002192,4.781382,2023-01-01T01:24:56
3.002192,4.781382,2023-01-01T01:24:57
3.113384,4.781382,2023-01-01T01:24:58
3.113384,4.781382,2023-01-01T01:24:59
3.113384,4.781382,2023-01-01T01:25:00
3.113384,4.781382,2023-01-01T01:25:01
3.113384,4.781382,2023-01-01T01:25:02
3.113384,4.781382,2023-01-01T01:25:03
3.113384,4.781382,2023-01-01T01:25:04
3.113384,4.781382,2023-01-01T01:25:05
3.113384,4.781382,2023-01-01T01:25:06
3.113384,4.781382,2023-01-01T01:25:07
3.113384,4.781382,2023-01-01T01:25:08
3.113384,4.781382,2023-01-01T01:25:09
3.113384,4.781382,2023-01-01T01:25:10
3.113384,4.781382,2023-01-01T01:25:11
3.113384,4.781382,2023-01-01T01:25:12
3.113384,4.781382,2023-01-01T01:25:13
3.113384,4.781382,2023-01-01T01:25:14
3.113384,4.781382,2023-01-01T01:25:15
3.113384,4.781382,2023-01-01T01:25:16
3.113384,4.781382,2023-01-01T01:25:17
3.113384,4.781382,2023-01-01T01:25:18
3.113384,4.781382,2023-01-01T01:25:19
3.113384,4.781382,2023-01-01T01:25:20
3.113384,4.781382,2023-01-01T01:25:21
3.113384,4.781382,2023-01-01T01:25:22
3.113384,4.781382,2023-01-01T01:25:23
3.113384,4.781382,2023-01-01T01:25:24
3.113384,4.781382,2023-01-01T01:25:25
3.113384,4.781382,2023-01-01T01:25:26
3.113384,4.781382,2023-01-01T01:25:27
3.113384,4.781382,2023-01-01T01:25:28
3.113384,4.781382,2023-01-01T01:25:29
3.113384,4.781382,2023-01-01T01:25:30
3.113384,4.781382,2023-01-01T01:25:31
3.113384,4.781382,2023-01-01T01:25:32
3.113384,4.781382,2023-01-01T01:25:33
3.113384,4.892577,2023-01-01T01:25:34
3.113384,4.892577,2023-01-01T01:25:35
3.113384,4.892577,2023-01-01T01:25:36
3.113384,4.892577,2023-01-01T01:25:37
3.113384,4.892577,2023-01-01T01:25:38
3.113384,4.892577,2023-01-01T01:25:39
3.113384,4.892577,2023-01-01T01:25:40
3.113384,4.892577,2023-01-01T01:25:41
3.113384,4.892577,2023-01-01T01:25:42
3.113384,4.892577,2023-01-01T01:25:43
3.113384,4.892577,2023-01-01T01:25:44
3.113384,4.892577,2023-01-01T01:25:45
3.113384,4.892577,2023-01-01T01:25:46
3.113384,4.892577,2023-01-01T01:25:47
3.113384,4.892577,2023-01-01T01:25:48
3.113384,4.892577,2023-01-01T01:25:49
3.113384,4.892577,2023-01-01T01:25:50
3.113384,4.892577,2023-01-01T01:25:51
3.113384,4.892577,2023-01-01T01:25:52
3.113384,4.892577,2023-01-01T01:25:53
3.113384,4.892577,2023-01-01T01:25:54
3.113384,4.892577,2023-01-01T01:25:55
3.113384,4.892577,2023-01-01T01:25:56
3.113384,4.892577,2023-01-01T01:25:57
3.113384,4.892577,2023-01-01T01:25:58
3.113384,4.892577,2023-01-01T01:25:59
3.113384,4.892577,2023-01-01T01:26:00
3.113384,4.892577,2023-01-01T01:26:01
3.113384,4.892577,2023-01-01T01:26:02
3.113384,4.892577,2023-01-01T01:26:03
3.113384,4.892577,2023-01-01T01:26:04
3.113384,4.892577,2023-01-01T01:26:05
3.113384,4.892577,2023-01-01T01:26:06
3.113384,4.892577,2023-01-01T01:26:07
3.113384,4.892577,2023-01-01T01:26:08
3.113384,4.892577,2023-01-01T01:26:09
3.113384,4.892577,2023-01-01T01:26:10
3.113384,4.892577,2023-01-01T01:26:11
3.113384,4.892577,2023-01-01T01:26:12
3.113384,4.892577,2023-01-01T01:26:13
3.113384,4.892577,2023-01-01T01:26:14
3.113384,4.892577,2023-01-01T01:26:15
3.113384,4.892577,2023-01-01T01:26:16
3.113384,4.892577,2023-01-01T01:26:17
3.113384,4.781382,2023-01-01T01:26:18
3.113384,4.781382,2023-01-01T01:26:19
3.113384,4.781382,2023-01-01T01:26:20
3.113384,4.781382,2023-01-01T01:26:21
3.113384,4.781382,2023-01-01T01:26:22
3.113384,4.781382,2023-01-01T01:26:23
3.113384,4.781382,2023-01-01T01:26:24
3.113384,4.781382,2023-01-01T01:26:25
3.113384,4.781382,2023-01-01T01:26:26
3.113384,4.781382,2023-01-01T01:26:27
3.113384,4.781382,2023-01-01T01:26:28
3.113384,4.781382,2023-01-01T01:26:29
3.113384,4.781382,2023-01-01T01:26:30
3.113384,4.781382,2023-01-01T01:26:31
3.113384,4.781382,2023-01-01T01:26:32
3.113384,4.781382,2023-01-01T01:26:33
3.113384,4.781382,2023-01-01T01:26:34
3.113384,4.781382,2023-01-01T01:26:35
3.113384,4.781382,2023-01-01T01:26:36
3.113384,4.781382,2023-01-01T01:26:37
3.113384,4.781382,2023-01-01T01:26:38
3.113384,4.781382,2023-01-01T01:26:39
3.113384,4.781382,2023-01-01T01:26:40
3.113384,4.781382,2023-01-01T01:26:41
3.113384,4.781382,2023-01-01T01:26:42
3.113384,4.781382,2023-01-01T01:26:43
3.113384,4.781382,2023-01-01T01:26:44
3.113384,4.781382,2023-01-01T01:26:45
3.113384,4.781382,2023-01-01T01:26:46
3.113384,4.781382,2023-01-01T01:26:47
3.113384,4.781382,2023-01-01T01:26:48
3.113384,4.781382,2023-01-01T01:26:49
3.113384,4.781382,2023-01-01T01:26:50
3.113384,4.781382,2023-01-01T01:26:51
3.113384,4.781382,2023-01-01T01:26:52
3.113384,4.781382,2023-01-01T01:26:53
3.113384,4.781382,2023-01-01T01:26:54
3.113384,4.781382,2023-01-01T01:26:55
3.113384,4.781382,2023-01-01T01:26:56
3.113384,4.781382,2023-01-01T01:26:57
3.113384,4.781382,2023-01-01T01:26:58
3.113384,4.781382,2023-01-01T01:26:59
3.113384,4.781382,2023-01-01T01:27:00
3.113384,4.781382,2023-01-01T01:27:01
3.113384,4.781382,2023-01-01T01:27:02
3.113384,4.781382,2023-01-01T01:27:03
3.113384,4.781382,2023-01-01T01:27:04
3.113384,4.781382,2023-01-01T01:27:05
3.113384,4.781382,2023-01-01T01:27:06
3.113384,4.781382,2023-01-01T01:27:07
3.002192,4.670187,2023-01-01T01:27:08
3.002192,4.670187,2023-01-01T01:27:09
3.002192,4.670187,2023-01-01T01:27:10
3.002192,4.670187,2023-01-01T01:27:11
3.002192,4.670187,2023-01-01T01:27:12
3.002192,4.558992,2023-01-01T01:27:13
3.002192,4.558992,2023-01-01T01:27:14
3.002192,4.558992,2023-01-01T01:27:15
2.890999,4.558992,2023-01-01T01:27:16
2.890999,4.447797,2023-01-01T01:27:17
2.890999,4.447797,2023-01-01T01:27:18
2.890999,4.447797,2023-01-01T01:27:19
2.890999,4.447797,2023-01-01T01:27:20
2.890999,4.336602,2023-01-01T01:27:21
2.890999,4.336602,2023-01-01T01:27:22
2.890999,4.336602,2023-01-01T01:27:23
2.779807,4.336602,2023-01-01T01:27:24
2.779807,4.225407,2023-01-01T01:27:25
2.779807,4.225407,2023-01-01T01:27:26
2.779807,4.225407,2023-01-01T01:27:27
2.779807,4.225407,2023-01-01T01:27:28
2.779807,4.114212,2023-01-01T01:27:29
2.779807,4.114212,2023-01-01T01:27:30
2.779807,4.114212,2023-01-01T01:27:31
2.668615,4.114212,2023-01-01T01:27:32
2.668615,4.003017,2023-01-01T01:27:33
2.668615,4.003017,2023-01-01T01:27:34
2.668615,4.003017,2023-01-01T01:27:35
2.668615,3.891822,2023-01-01T01:27:36
2.668615,3.891822,2023-01-01T01:27:37
2.668615,3.891822,2023-01-01T01:27:38
2.668615,3.891822,2023-01-01T01:27:39
2.557423,3.891822,2023-01-01T01:27:40
2.557423,3.780628,2023-01-01T01:27:41
2.557423,3.780628,2023-01-01T01:27:42
2.557423,3.780628,2023-01-01T01:27:43
2.557423,3.780628,2023-01-01T01:27:44
2.557423,3.669433,2023-01-01T01:27:45
2.557423,3.669433,2023-01-01T01:27:46
2.557423,3.669433,2023-01-01T01:27:47
2.446230,3.669433,2023-01-01T01:27:48
2.446230,3.669433,2023-01-01T01:27:49
2.446230,3.558238,2023-01-01T01:27:50
2.446230,3.558238,2023-01-01T01:27:51
2.446230,3.558238,2023-01-01T01:27:52
2.446230,3.558238,2023-01-01T01:27:53
2.446230,3.558238,2023-01-01T01:27:54
2.446230,3.447043,2023-01-01T01:27:55
2.446230,3.447043,2023-01-01T01:27:56
2.335038,3.447043,2023-01-01T01:27:57
2.335038,3.447043,2023-01-01T01:27:58
2.335038,3.447043,2023-01-01T01:27:59
2.335038,3.447043,2023-01-01T01:28:00
2.335038,3.335848,2023-01-01T01:28:01
2.335038,3.335848,2023-01-01T01:28:02
2.335038,3.335848,2023-01-01T01:28:03
2.335038,3.335848,2023-01-01T01:28:04
2.335038,3.335848,2023-01-01T01:28:05
2.335038,3.335848,2023-01-01T01:28:06
2.335038,3.335848,2023-01-01T01:28:07
2.335038,3.447043,2023-01-01T01:28:08
2.335038,3.447043,2023-01-01T01:28:09
2.335038,3.447043,2023-01-01T01:28:10
2.335038,3.447043,2023-01-01T01:28:11
2.335038,3.447043,2023-01-01T01:28:12
2.446230,3.558238,2023-01-01T01:28:13
2.446230,3.558238,2023-01-01T01:28:14
2.446230,3.558238,2023-01-01T01:28:15
2.446230,3.558238,2023-01-01T01:28:16
2.446230,3.558238,2023-01-01T01:28:17
2.446230,3.669433,2023-01-01T01:28:18
2.446230,3.669433,2023-01-01T01:28:19
2.446230,3.669433,2023-01-01T01:28:20
2.446230,3.669433,2023-01-01T01:28:21
2.446230,3.669433,2023-01-01T01:28:22
2.446230,3.669433,2023-01-01T01:28:23
2.446230,3.669433,2023-01-01T01:28:24
2.557423,3.669433,2023-01-01T01:28:25
2.557423,3.669433,2023-01-01T01:28:26
2.557423,3.669433,2023-01-01T01:28:27
2.557423,3.780628,2023-01-01T01:28:28
2.557423,3.780628,2023-01-01T01:28:29
2.557423,3.780628,2023-01-01T01:28:30
2.557423,3.780628,2023-01-01T01:28:31
2.557423,3.780628,2023-01-01T01:28:32
2.557423,3.780628,2023-01-01T01:28:33
2.557423,3.780628,2023-01-01T01:28:34
2.557423,3.780628,2023-01-01T01:28:35
2.668615,3.780628,2023-01-01T01:28:36
2.668615,3.669433,2023-01-01T01:28:37
2.668615,3.669433,2023-01-01T01:28:38
2.668615,3.669433,2023-01-01T01:28:39
2.668615,3.669433,2023-01-01T01:28:40
2.668615,3.669433,2023-01-01T01:28:41
2.668615,3.669433,2023-01-01T01:28:42
2.668615,3.669433,2023-01-01T01:28:43
2.779807,3.669433,2023-01-01T01:28:44
2.779807,3.558238,2023-01-01T01:28:45
2.779807,3.558238,2023-01-01T01:28:46
2.779807,3.558238,2023-01-01T01:28:47
2.779807,3.558238,2023-01-01T01:28:48
2.779807,3.447043,2023-01-01T01:28:49
2.890999,3.447043,2023-01-01T01:28:50
2.890999,3.447043,2023-01-01T01:28:51
2.890999,3.447043,2023-01-01T01:28:52
2.890999,3.447043,2023-01-01T01:28:53
2.890999,3.335848,2023-01-01T01:28:54
3.002192,3.335848,2023-01-01T01:28:55
3.002192,3.335848,2023-01-01T01:28:56
3.002192,3.335848,2023-01-01T01:28:57
3.002192,3.224653,2023-01-01T01:28:58
3.002192,3.224653,2023-01-01T01:28:59
3.113384,3.224653,2023-01-01T01:29:00
3.113384,3.224653,2023-01-01T01:29:01
3.113384,3.113458,2023-01-01T01:29:02
3.113384,3.113458,2023-01-01T01:29:03
3.113384,3.113458,2023-01-01T01:29:04
3.224576,3.113458,2023-01-01T01:29:05
3.224576,3.113458,2023-01-01T01:29:06
3.224576,3.113458,2023-01-01T01:29:07
3.224576,3.113458,2023-01-01T01:29:08
3.224576,3.113458,2023-01-01T01:29:09
3.224576,3.113458,2023-01-01T01:29:10
3.224576,3.113458,2023-01-01T01:29:11
3.224576,3.113458,2023-01-01T01:29:12
3.224576,3.113458,2023-01-01T01:29:13
3.224576,3.113458,2023-01-01T01:29:14
3.224576,3.113458,2023-01-01T01:29:15
3.335769,3.113458,2023-01-01T01:29:16
3.335769,3.113458,2023-01-01T01:29:17
3.335769,3.113458,2023-01-01T01:29:18
3.335769,3.113458,2023-01-01T01:29:19
3.335769,3.113458,2023-01-01T01:29:20
3.335769,3.113458,2023-01-01T01:29:21
3.335769,3.113458,2023-01-01T01:29:22
3.335769,3.113458,2023-01-01T01:29:23
3.335769,3.113458,2023-01-01T01:29:24
3.335769,3.113458,2023-01-01T01:29:25
3.335769,3.113458,2023-01-01T01:29:26
3.335769,3.113458,2023-01-01T01:29:27
3.446961,3.113458,2023-01-01T01:29:28
3.446961,3.113458,2023-01-01T01:29:29
3.446961,3.113458,2023-01-01T01:29:30
3.446961,3.113458,2023-01-01T01:29:31
3.446961,3.113458,2023-01-01T01:29:32
3.446961,3.113458,2023-01-01T01:29:33
3.446961,3.113458,2023-01-01T01:29:34
3.446961,3.113458,2023-01-01T01:29:35
3.446961,3.113458,2023-01-01T01:29:36
3.446961,3.224653,2023-01-01T01:29:37
3.446961,3.224653,2023-01-01T01:29:38
3.446961,3.224653,2023-01-01T01:29:39
3.446961,3.224653,2023-01-01T01:29:40
3.446961,3.224653,2023-01-01T01:29:41
3.446961,3.224653,2023-01-01T01:29:42
3.446961,3.335848,2023-01-01T01:29:43
3.446961,3.335848,2023-01-01T01:29:44
3.446961,3.335848,2023-01-01T01:29:45
3.446961,3.335848,2023-01-01T01:29:46
3.446961,3.335848,2023-01-01T01:29:47
3.446961,3.335848,2023-01-01T01:29:48
3.446961,3.447043,2023-01-01T01:29:49
3.446961,3.447043,2023-01-01T01:29:50
3.446961,3.447043,2023-01-01T01:29:51
3.446961,3.447043,2023-01-01T01:29:52
3.446961,3.447043,2023-01-01T01:29:53
3.446961,3.447043,2023-01-01T01:29:54
3.446961,3.447043,2023-01-01T01:29:55
3.446961,3.558238,2023-01-01T01:29:56
3.446961,3.558238,2023-01-01T01:29:57
3.446961,3.558238,2023-01-01T01:29:58
3.335769,3.558238,2023-01-01T01:29:59
3.335769,3.558238,2023-01-01T01:30:00
3.335769,3.558238,2023-01-01T01:30:01
3.335769,3.558238,2023-01-01T01:30:02
3.335769,3.669433,2023-01-01T01:30:03
3.335769,3.669433,2023-01-01T01:30:04
3.335769,3.669433,2023-01-01T01:30:05
3.335769,3.669433,2023-01-01T01:30:06
3.335769,3.669433,2023-01-01T01:30:07
3.335769,3.669433,2023-01-01T01:30:08
3.335769,3.669433,2023-01-01T01:30:09
3.335769,3.780628,2023-01-01T01:30:10
3.335769,3.780628,2023-01-01T01:30:11
3.224576,3.780628,2023-01-01T01:30:12
3.224576,3.780628,2023-01-01T01:30:13
3.224576,3.780628,2023-01-01T01:30:14
3.224576,3.780628,2023-01-01T01:30:15
3.224576,3.780628,2023-01-01T01:30:16
3.224576,3.780628,2023-01-01T01:30:17
3.224576,3.891822,2023-01-01T01:30:18
3.224576,3.891822,2023-01-01T01:30:19
3.224576,3.891822,2023-01-01T01:30:20
3.224576,3.891822,2023-01-01T01:30:21
3.224576,3.891822,2023-01-01T01:30:22
3.113384,3.891822,2023-01-01T01:30:23
3.113384,3.891822,2023-01-01T01:30:24
3.113384,3.891822,2023-01-01T01:30:25
3.113384,3.891822,2023-01-01T01:30:26
3.113384,4.003017,2023-01-01T01:30:27
3.113384,4.003017,2023-01-01T01:30:28
3.113384,4.003017,2023-01-01T01:30:29
3.113384,4.003017,2023-01-01T01:30:30
3.113384,4.003017,2023-01-01T01:30:31
3.113384,4.003017,2023-01-01T01:30:32
3.113384,4.003017,2023-01-01T01:30:33
3.113384,4.003017,2023-01-01T01:30:34
3.113384,4.114212,2023-01-01T01:30:35
3.002192,4.114212,2023-01-01T01:30:36
3.002192,4.114212,2023-01-01T01:30:37
3.002192,4.114212,2023-01-01T01:30:38
3.002192,4.114212,2023-01-01T01:30:39
3.002192,4.114212,2023-01-01T01:30:40
3.002192,4.114212,2023-01-01T01:30:41
3.002192,4.114212,2023-01-01T01:30:42
3.002192,4.225407,2023-01-01T01:30:43
3.002192,4.225407,2023-01-01T01:30:44
3.002192,4.225407,2023-01-01T01:30:45
3.002192,4.225407,2023-01-01T01:30:46
3.002192,4.225407,2023-01-01T01:30:47
3.002192,4.225407,2023-01-01T01:30:48
3.002192,4.225407,2023-01-01T01:30:49
3.002192,4.225407,2023-01-01T01:30:50
3.002192,4.336602,2023-01-01T01:30:51
2.890999,4.336602,2023-01-01T01:30:52
2.890999,4.336602,2023-01-01T01:30:53
2.890999,4.336602,2023-01-01T01:30:54
2.890999,4.336602,2023-01-01T01:30:55
2.890999,4.336602,2023-01-01T01:30:56
2.890999,4.336602,2023-01-01T01:30:57
2.890999,4.336602,2023-01-01T01:30:58
2.890999,4.447797,2023-01-01T01:30:59
2.890999,4.447797,2023-01-01T01:31:00
2.890999,4.447797,2023-01-01T01:31:01
2.890999,4.447797,2023-01-01T01:31:02
2.890999,4.447797,2023-01-01T01:31:03
2.890999,4.447797,2023-01-01T01:31:04
2.890999,4.447797,2023-01-01T01:31:05
2.890999,4.447797,2023-01-01T01:31:06
2.890999,4.558992,2023-01-01T01:31:07
2.890999,4.558992,2023-01-01T01:31:08
2.890999,4.558992,2023-01-01T01:31:09
2.890999,4.558992,2023-01-01T01:31:10
2.890999,4.558992,2023-01-01T01:31:11
2.890999,4.558992,2023-01-01T01:31:12
2.890999,4.558992,2023-01-01T01:31:13
2.779807,4.670187,2023-01-01T01:31:14
2.779807,4.670187,2023-01-01T01:31:15
2.779807,4.670187,2023-01-01T01:31:16
2.779807,4.670187,2023-01-01T01:31:17
2.779807,4.670187,2023-01-01T01:31:18
2.779807,4.670187,2023-01-01T01:31:19
2.779807,4.781382,2023-01-01T01:31:20
2.779807,4.781382,2023-01-01T01:31:21
2.779807,4.781382,2023-01-01T01:31:22
2.779807,4.781382,2023-01-01T01:31:23
2.779807,4.781382,2023-01-01T01:31:24
2.779807,4.781382,2023-01-01T01:31:25
2.779807,4.892577,2023-01-01T01:31:26
2.779807,4.892577,2023-01-01T01:31:27
2.779807,4.892577,2023-01-01T01:31:28
2.779807,4.892577,2023-01-01T01:31:29
2.779807,4.892577,2023-01-01T01:31:30
2.779807,4.892577,2023-01-01T01:31:31
2.779807,5.003772,2023-01-01T01:31:32
2.779807,5.003772,2023-01-01T01:31:33
2.779807,5.003772,2023-01-01T01:31:34
2.668615,5.003772,2023-01-01T01:31:35
2.668615,5.003772,2023-01-01T01:31:36
2.668615,5.003772,2023-01-01T01:31:37
2.668615,5.114967,2023-01-01T01:31:38
2.668615,5.114967,2023-01-01T01:31:39
2.668615,5.114967,2023-01-01T01:31:40
2.668615,5.114967,2023-01-01T01:31:41
2.668615,5.114967,2023-01-01T01:31:42
2.668615,5.114967,2023-01-01T01:31:43
2.668615,5.226162,2023-01-01T01:31:44
2.668615,5.226162,2023-01-01T01:31:45
2.668615,5.226162,2023-01-01T01:31:46
2.668615,5.226162,2023-01-01T01:31:47
2.668615,5.226162,2023-01-01T01:31:48
2.557423,5.226162,2023-01-01T01:31:49
2.557423,5.226162,2023-01-01T01:31:50
2.557423,5.337356,2023-01-01T01:31:51
2.557423,5.337356,2023-01-01T01:31:52
2.557423,5.337356,2023-01-01T01:31:53
2.557423,5.337356,2023-01-01T01:31:54
2.557423,5.337356,2023-01-01T01:31:55
2.557423,5.337356,2023-01-01T01:31:56
2.557423,5.448551,2023-01-01T01:31:57
2.557423,5.448551,2023-01-01T01:31:58
2.557423,5.448551,2023-01-01T01:31:59
2.557423,5.448551,2023-01-01T01:32:00
2.557423,5.448551,2023-01-01T01:32:01
2.557423,5.559746,2023-01-01T01:32:02
2.557423,5.559746,2023-01-01T01:32:03
2.557423,5.559746,2023-01-01T01:32:04
2.557423,5.559746,2023-01-01T01:32:05
2.557423,5.559746,2023-01-01T01:32:06
2.557423,5.670941,2023-01-01T01:32:07
2.557423,5.670941,2023-01-01T01:32:08
2.557423,5.670941,2023-01-01T01:32:09
2.557423,5.670941,2023-01-01T01:32:10
2.557423,5.670941,2023-01-01T01:32:11
2.446230,5.782136,2023-01-01T01:32:12
2.446230,5.782136,2023-01-01T01:32:13
2.446230,5.782136,2023-01-01T01:32:14
2.446230,5.782136,2023-01-01T01:32:15
2.446230,5.782136,2023-01-01T01:32:16
2.446230,5.893331,2023-01-01T01:32:17
2.446230,5.893331,2023-01-01T01:32:18
2.446230,5.893331,2023-01-01T01:32:19
2.446230,5.893331,2023-01-01T01:32:20
2.446230,5.893331,2023-01-01T01:32:21
2.446230,6.004526,2023-01-01T01:32:22
2.446230,6.004526,2023-01-01T01:32:23
2.446230,6.004526,2023-01-01T01:32:24
2.446230,6.004526,2023-01-01T01:32:25
2.446230,6.004526,2023-01-01T01:32:26
2.446230,6.115721,2023-01-01T01:32:27
2.446230,6.115721,2023-01-01T01:32:28
2.446230,6.115721,2023-01-01T01:32:29
2.446230,6.115721,2023-01-01T01:32:30
2.446230,6.226916,2023-01-01T01:32:31
2.446230,6.226916,2023-01-01T01:32:32
2.446230,6.226916,2023-01-01T01:32:33
2.446230,6.226916,2023-01-01T01:32:34
2.446230,6.338111,2023-01-01T01:32:35
2.446230,6.338111,2023-01-01T01:32:36
2.446230,6.338111,2023-01-01T01:32:37
2.446230,6.338111,2023-01-01T01:32:38
2.446230,6.449306,2023-01-01T01:32:39
2.446230,6.449306,2023-01-01T01:32:40
2.446230,6.449306,2023-01-01T01:32:41
2.335038,6.449306,2023-01-01T01:32:42
2.335038,6.560501,2023-01-01T01:32:43
2.335038,6.560501,2023-01-01T01:32:44
2.335038,6.560501,2023-01-01T01:32:45
2.335038,6.671696,2023-01-01T01:32:46
2.335038,6.671696,2023-01-01T01:32:47
2.335038,6.671696,2023-01-01T01:32:48
2.335038,6.671696,2023-01-01T01:32:49
2.335038,6.782891,2023-01-01T01:32:50
2.335038,6.782891,2023-01-01T01:32:51
2.335038,6.782891,2023-01-01T01:32:52
2.335038,6.894085,2023-01-01T01:32:53
2.335038,6.894085,2023-01-01T01:32:54
2.335038,6.894085,2023-01-01T01:32:55
2.335038,6.894085,2023-01-01T01:32:56
2.335038,7.005280,2023-01-01T01:32:57
2.335038,7.005280,2023-01-01T01:32:58
2.335038,7.005280,2023-01-01T01:32:59
2.335038,7.005280,2023-01-01T01:33:00
2.335038,7.116475,2023-01-01T01:33:01
2.335038,7.116475,2023-01-01T01:33:02
2.335038,7.116475,2023-01-01T01:33:03
2.335038,7.227670,2023-01-01T01:33:04
2.335038,7.227670,2023-01-01T01:33:05
2.335038,7.227670,2023-01-01T01:33:06
2.335038,7.227670,2023-01-01T01:33:07
2.335038,7.338865,2023-01-01T01:33:08
2.335038,7.338865,2023-01-01T01:33:09
2.335038,7.338865,2023-01-01T01:33:10
2.335038,7.338865,2023-01-01T01:33:11
2.335038,7.450060,2023-01-01T01:33:12
2.335038,7.450060,2023-01-01T01:33:13
2.335038,7.450060,2023-01-01T01:33:14
2.335038,7.450060,2023-01-01T01:33:15
2.335038,7.561255,2023-01-01T01:33:16
2.335038,7.561255,2023-01-01T01:33:17
2.335038,7.561255,2023-01-01T01:33:18
2.335038,7.672450,2023-01-01T01:33:19
2.335038,7.672450,2023-01-01T01:33:20
2.335038,7.672450,2023-01-01T01:33:21
2.335038,7.672450,2023-01-01T01:33:22
2.335038,7.783645,2023-01-01T01:33:23
2.335038,7.783645,2023-01-01T01:33:24
2.335038,7.783645,2023-01-01T01:33:25
2.335038,7.783645,2023-01-01T01:33:26
2.335038,7.894840,2023-01-01T01:33:27
2.335038,7.894840,2023-01-01T01:33:28
2.335038,7.894840,2023-01-01T01:33:29
2.335038,8.006035,2023-01-01T01:33:30
2.335038,8.006035,2023-01-01T01:33:31
2.335038,8.006035,2023-01-01T01:33:32
2.335038,8.006035,2023-01-01T01:33:33
2.335038,8.117230,2023-01-01T01:33:34
2.335038,8.117230,2023-01-01T01:33:35
2.335038,8.117230,2023-01-01T01:33:36
2.335038,8.228425,2023-01-01T01:33:37
2.335038,8.228425,2023-01-01T01:33:38
2.335038,8.228425,2023-01-01T01:33:39
2.335038,8.228425,2023-01-01T01:33:40
2.335038,8.339619,2023-01-01T01:33:41
2.335038,8.339619,2023-01-01T01:33:42
2.335038,8.339619,2023-01-01T01:33:43
2.335038,8.339619,2023-01-01T01:33:44
2.335038,8.339619,2023-01-01T01:33:45
2.335038,8.450814,2023-01-01T01:33:46
2.335038,8.450814,2023-01-01T01:33:47
2.335038,8.450814,2023-01-01T01:33:48
2.335038,8.450814,2023-01-01T01:33:49
2.335038,8.562009,2023-01-01T01:33:50
2.335038,8.562009,2023-01-01T01:33:51
2.335038,8.562009,2023-01-01T01:33:52
2.335038,8.562009,2023-01-01T01:33:53
2.335038,8.673204,2023-01-01T01:33:54
2.335038,8.673204,2023-01-01T01:33:55
2.335038,8.673204,2023-01-01T01:33:56
2.335038,8.784399,2023-01-01T01:33:57
2.335038,8.784399,2023-01-01T01:33:58
2.335038,8.784399,2023-01-01T01:33:59
2.335038,8.784399,2023-01-01T01:34:00
2.446230,8.895594,2023-01-01T01:34:01
2.446230,8.895594,2023-01-01T01:34:02
2.446230,8.895594,2023-01-01T01:34:03
2.446230,8.895594,2023-01-01T01:34:04
2.446230,9.006789,2023-01-01T01:34:05
2.446230,9.006789,2023-01-01T01:34:06
2.446230,9.006789,2023-01-01T01:34:07
2.446230,9.006789,2023-01-01T01:34:08
2.446230,9.117984,2023-01-01T01:34:09
2.446230,9.117984,2023-01-01T01:34:10
2.446230,9.117984,2023-01-01T01:34:11
2.446230,9.229179,2023-01-01T01:34:12
2.446230,9.229179,2023-01-01T01:34:13
2.557423,9.229179,2023-01-01T01:34:14
2.557423,9.229179,2023-01-01T01:34:15
2.557423,9.340374,2023-01-01T01:34:16
2.557423,9.340374,2023-01-01T01:34:17
2.557423,9.340374,2023-01-01T01:34:18
2.557423,9.451569,2023-01-01T01:34:19
2.557423,9.451569,2023-01-01T01:34:20
2.557423,9.451569,2023-01-01T01:34:21
2.557423,9.562764,2023-01-01T01:34:22
2.557423,9.562764,2023-01-01T01:34:23
2.557423,9.562764,2023-01-01T01:34:24
2.557423,9.562764,2023-01-01T01:34:25
2.668615,9.673959,2023-01-01T01:34:26
2.668615,9.673959,2023-01-01T01:34:27
2.668615,9.673959,2023-01-01T01:34:28
2.668615,9.673959,2023-01-01T01:34:29
2.668615,9.785154,2023-01-01T01:34:30
2.668615,9.785154,2023-01-01T01:34:31
2.668615,9.785154,2023-01-01T01:34:32
2.668615,9.785154,2023-01-01T01:34:33
2.668615,9.896348,2023-01-01T01:34:34
2.668615,9.896348,2023-01-01T01:34:35
2.668615,9.896348,2023-01-01T01:34:36
2.668615,9.896348,2023-01-01T01:34:37
2.668615,10.007543,2023-01-01T01:34:38
2.668615,10.007543,2023-01-01T01:34:39
2.668615,10.007543,2023-01-01T01:34:40
2.668615,10.007543,2023-01-01T01:34:41
2.668615,10.118738,2023-01-01T01:34:42
2.668615,10.118738,2023-01-01T01:34:43
2.668615,10.118738,2023-01-01T01:34:44
2.668615,10.118738,2023-01-01T01:34:45
2.668615,10.229933,2023-01-01T01:34:46
2.668615,10.229933,2023-01-01T01:34:47
2.668615,10.229933,2023-01-01T01:34:48
2.668615,10.229933,2023-01-01T01:34:49
2.668615,10.229933,2023-01-01T01:34:50
2.668615,10.341128,2023-01-01T01:34:51
2.668615,10.341128,2023-01-01T01:34:52
2.668615,10.341128,2023-01-01T01:34:53
2.668615,10.341128,2023-01-01T01:34:54
2.668615,10.341128,2023-01-01T01:34:55
2.668615,10.452323,2023-01-01T01:34:56
2.668615,10.452323,2023-01-01T01:34:57
2.668615,10.452323,2023-01-01T01:34:58
2.668615,10.452323,2023-01-01T01:34:59
2.668615,10.452323,2023-01-01T01:35:00
2.668615,10.563518,2023-01-01T01:35:01
2.668615,10.563518,2023-01-01T01:35:02
2.668615,10.563518,2023-01-01T01:35:03
2.668615,10.563518,2023-01-01T01:35:04
2.668615,10.563518,2023-01-01T01:35:05
2.668615,10.674713,2023-01-01T01:35:06
2.668615,10.674713,2023-01-01T01:35:07
2.668615,10.674713,2023-01-01T01:35:08
2.668615,10.674713,2023-01-01T01:35:09
2.668615,10.674713,2023-01-01T01:35:10
2.668615,10.674713,2023-01-01T01:35:11
2.668615,10.674713,2023-01-01T01:35:12
2.668615,10.674713,2023-01-01T01:35:13
2.557423,10.674713,2023-01-01T01:35:14
2.557423,10.674713,2023-01-01T01:35:15
2.557423,10.674713,2023-01-01T01:35:16
2.557423,10.674713,2023-01-01T01:35:17
2.557423,10.674713,2023-01-01T01:35:18
2.557423,10.674713,2023-01-01T01:35:19
2.557423,10.674713,2023-01-01T01:35:20
2.557423,10.674713,2023-01-01T01:35:21
2.446230,10.674713,2023-01-01T01:35:22
2.446230,10.674713,2023-01-01T01:35:23
2.446230,10.674713,2023-01-01T01:35:24
2.446230,10.674713,2023-01-01T01:35:25
2.446230,10.674713,2023-01-01T01:35:26
2.446230,10.674713,2023-01-01T01:35:27
2.335038,10.674713,2023-01-01T01:35:28
2.335038,10.674713,2023-01-01T01:35:29
2.335038,10.674713,2023-01-01T01:35:30
2.335038,10.674713,2023-01-01T01:35:31
2.335038,10.563518,2023-01-01T01:35:32
2.335038,10.563518,2023-01-01T01:35:33
2.223846,10.563518,2023-01-01T01:35:34
2.223846,10.563518,2023-01-01T01:35:35
2.223846,10.563518,2023-01-01T01:35:36
2.223846,10.563518,2023-01-01T01:35:37
2.223846,10.563518,2023-01-01T01:35:38
2.223846,10.563518,2023-01-01T01:35:39
2.223846,10.563518,2023-01-01T01:35:40
2.223846,10.563518,2023-01-01T01:35:41
2.223846,10.563518,2023-01-01T01:35:42
2.223846,10.563518,2023-01-01T01:35:43
2.112653,10.563518,2023-01-01T01:35:44
2.112653,10.563518,2023-01-01T01:35:45
2.112653,10.563518,2023-01-01T01:35:46
2.112653,10.563518,2023-01-01T01:35:47
2.112653,10.563518,2023-01-01T01:35:48
2.112653,10.563518,2023-01-01T01:35:49
2.112653,10.563518,2023-01-01T01:35:50
2.112653,10.563518,2023-01-01T01:35:51
2.112653,10.563518,2023-01-01T01:35:52
2.112653,10.563518,2023-01-01T01:35:53
2.001461,10.452323,2023-01-01T01:35:54
2.001461,10.452323,2023-01-01T01:35:55
2.001461,10.452323,2023-01-01T01:35:56
2.001461,10.452323,2023-01-01T01:35:57
2.001461,10.452323,2023-01-01T01:35:58
2.001461,10.452323,2023-01-01T01:35:59
2.001461,10.452323,2023-01-01T01:36:00
2.001461,10.452323,2023-01-01T01:36:01
2.001461,10.452323,2023-01-01T01:36:02
2.001461,10.452323,2023-01-01T01:36:03
1.890269,10.452323,2023-01-01T01:36:04
1.890269,10.452323,2023-01-01T01:36:05
2.001461,10.452323,2023-01-01T01:36:06
2.001461,10.563518,2023-01-01T01:36:07
2.001461,10.563518,2023-01-01T01:36:08
2.001461,10.563518,2023-01-01T01:36:09
2.001461,10.674713,2023-01-01T01:36:10
2.001461,10.674713,2023-01-01T01:36:11
2.001461,10.674713,2023-01-01T01:36:12
2.001461,10.674713,2023-01-01T01:36:13
2.001461,10.785908,2023-01-01T01:36:14
2.001461,10.785908,2023-01-01T01:36:15
2.001461,10.785908,2023-01-01T01:36:16
2.001461,10.785908,2023-01-01T01:36:17
2.001461,10.897103,2023-01-01T01:36:18
2.001461,10.897103,2023-01-01T01:36:19
2.001461,10.897103,2023-01-01T01:36:20
2.001461,10.897103,2023-01-01T01:36:21
2.001461,10.897103,2023-01-01T01:36:22
2.001461,10.897103,2023-01-01T01:36:23
2.001461,10.897103,2023-01-01T01:36:24
1.890269,10.897103,2023-01-01T01:36:25
1.890269,11.008298,2023-01-01T01:36:26
1.890269,11.008298,2023-01-01T01:36:27
1.890269,11.008298,2023-01-01T01:36:28
1.890269,11.008298,2023-01-01T01:36:29
1.890269,11.008298,2023-01-01T01:36:30
1.779077,11.008298,2023-01-01T01:36:31
1.779077,11.008298,2023-01-01T01:36:32
1.779077,10.897103,2023-01-01T01:36:33
1.779077,10.897103,2023-01-01T01:36:34
1.779077,11.008298,2023-01-01T01:36:35
1.779077,11.008298,2023-01-01T01:36:36
1.779077,11.008298,2023-01-01T01:36:37
1.779077,11.008298,2023-01-01T01:36:38
1.667884,11.008298,2023-01-01T01:36:39
1.667884,11.119493,2023-01-01T01:36:40
1.667884,11.119493,2023-01-01T01:36:41
1.667884,11.119493,2023-01-01T01:36:42
1.667884,11.119493,2023-01-01T01:36:43
1.667884,11.119493,2023-01-01T01:36:44
1.667884,11.119493,2023-01-01T01:36:45
1.556692,11.119493,2023-01-01T01:36:46
1.556692,11.119493,2023-01-01T01:36:47
1.556692,11.119493,2023-01-01T01:36:48
1.556692,11.119493,2023-01-01T01:36:49
1.445500,11.119493,2023-01-01T01:36:50
1.445500,11.119493,2023-01-01T01:36:51
1.445500,11.119493,2023-01-01T01:36:52
1.445500,11.119493,2023-01-01T01:36:53
1.334307,11.119493,2023-01-01T01:36:54
1.334307,11.119493,2023-01-01T01:36:55
1.334307,11.119493,2023-01-01T01:36:56
1.223115,11.119493,2023-01-01T01:36:57
1.223115,11.119493,2023-01-01T01:36:58
1.223115,11.008298,2023-01-01T01:36:59
1.111923,11.008298,2023-01-01T01:37:00
1.111923,11.008298,2023-01-01T01:37:01
1.111923,11.008298,2023-01-01T01:37:02
1.111923,11.008298,2023-01-01T01:37:03
1.000731,11.008298,2023-01-01T01:37:04
1.000731,11.008298,2023-01-01T01:37:05
1.000731,11.119493,2023-01-01T01:37:06
1.111923,11.230688,2023-01-01T01:37:07
1.111923,11.230688,2023-01-01T01:37:08
1.111923,11.341883,2023-01-01T01:37:09
1.111923,11.341883,2023-01-01T01:37:10
1.111923,11.453077,2023-01-01T01:37:11
1.111923,11.564272,2023-01-01T01:37:12
1.111923,11.564272,2023-01-01T01:37:13
1.111923,11.675467,2023-01-01T01:37:14
1.111923,11.675467,2023-01-01T01:37:15
1.111923,11.786662,2023-01-01T01:37:16
1.111923,11.897857,2023-01-01T01:37:17
1.111923,11.897857,2023-01-01T01:37:18
1.111923,12.009052,2023-01-01T01:37:19
1.223115,12.009052,2023-01-01T01:37:20
1.223115,12.120247,2023-01-01T01:37:21
1.223115,12.120247,2023-01-01T01:37:22
1.223115,12.231442,2023-01-01T01:37:23
1.223115,12.231442,2023-01-01T01:37:24
1.223115,12.342637,2023-01-01T01:37:25
1.223115,12.453832,2023-01-01T01:37:26
1.334307,12.453832,2023-01-01T01:37:27
1.334307,12.565027,2023-01-01T01:37:28
1.334307,12.565027,2023-01-01T01:37:29
1.334307,12.676222,2023-01-01T01:37:30
1.334307,12.676222,2023-01-01T01:37:31
1.334307,12.787417,2023-01-01T01:37:32
1.334307,12.787417,2023-01-01T01:37:33
1.334307,12.898611,2023-01-01T01:37:34
1.445500,13.009806,2023-01-01T01:37:35
1.445500,13.009806,2023-01-01T01:37:36
1.445500,13.121001,2023-01-01T01:37:37
1.445500,13.232196,2023-01-01T01:37:38
1.556692,13.343391,2023-01-01T01:37:39
1.556692,13.343391,2023-01-01T01:37:40
1.556692,13.454586,2023-01-01T01:37:41
1.556692,13.565781,2023-01-01T01:37:42
1.667884,13.676976,2023-01-01T01:37:43
1.667884,13.676976,2023-01-01T01:37:44
1.667884,13.788171,2023-01-01T01:37:45
1.779077,13.899366,2023-01-01T01:37:46
1.779077,13.899366,2023-01-01T01:37:47
1.779077,14.010561,2023-01-01T01:37:48
1.890269,14.121756,2023-01-01T01:37:49
1.890269,14.121756,2023-01-01T01:37:50
1.890269,14.232951,2023-01-01T01:37:51
2.001461,14.344146,2023-01-01T01:37:52
2.001461,14.344146,2023-01-01T01:37:53
2.001461,14.455340,2023-01-01T01:37:54
2.112653,14.566535,2023-01-01T01:37:55
2.112653,14.566535,2023-01-01T01:37:56
2.112653,14.677730,2023-01-01T01:37:57
2.223846,14.677730,2023-01-01T01:37:58
2.223846,14.788925,2023-01-01T01:37:59
2.223846,14.900120,2023-01-01T01:38:00
2.335038,14.900120,2023-01-01T01:38:01
2.335038,15.011315,2023-01-01T01:38:02
2.335038,15.011315,2023-01-01T01:38:03
2.446230,15.122510,2023-01-01T01:38:04
2.446230,15.122510,2023-01-01T01:38:05
2.446230,15.233705,2023-01-01T01:38:06
2.446230,15.233705,2023-01-01T01:38:07
2.446230,15.233705,2023-01-01T01:38:08
2.446230,15.233705,2023-01-01T01:38:09
2.446230,15.344900,2023-01-01T01:38:10
2.446230,15.344900,2023-01-01T01:38:11
2.446230,15.344900,2023-01-01T01:38:12
2.446230,15.344900,2023-01-01T01:38:13
2.446230,15.456095,2023-01-01T01:38:14
2.446230,15.456095,2023-01-01T01:38:15
2.557423,15.456095,2023-01-01T01:38:16
2.557423,15.567290,2023-01-01T01:38:17
2.557423,15.567290,2023-01-01T01:38:18
2.557423,15.567290,2023-01-01T01:38:19
2.557423,15.567290,2023-01-01T01:38:20
2.557423,15.678485,2023-01-01T01:38:21
2.557423,15.678485,2023-01-01T01:38:22
2.668615,15.678485,2023-01-01T01:38:23
2.668615,15.789680,2023-01-01T01:38:24
2.668615,15.789680,2023-01-01T01:38:25
2.668615,15.789680,2023-01-01T01:38:26
2.668615,15.900875,2023-01-01T01:38:27
2.779807,15.900875,2023-01-01T01:38:28
2.779807,15.900875,2023-01-01T01:38:29
2.779807,15.900875,2023-01-01T01:38:30
2.779807,16.012069,2023-01-01T01:38:31
2.779807,16.012069,2023-01-01T01:38:32
2.890999,16.012069,2023-01-01T01:38:33
2.890999,16.123264,2023-01-01T01:38:34
2.890999,16.123264,2023-01-01T01:38:35
2.890999,16.123264,2023-01-01T01:38:36
3.002192,16.234459,2023-01-01T01:38:37
3.002192,16.234459,2023-01-01T01:38:38
3.002192,16.234459,2023-01-01T01:38:39
3.002192,16.345654,2023-01-01T01:38:40
3.002192,16.345654,2023-01-01T01:38:41
3.113384,16.345654,2023-01-01T01:38:42
3.113384,16.456849,2023-01-01T01:38:43
3.113384,16.456849,2023-01-01T01:38:44
3.113384,16.456849,2023-01-01T01:38:45
3.113384,16.568044,2023-01-01T01:38:46
3.224576,16.568044,2023-01-01T01:38:47
3.224576,16.679239,2023-01-01T01:38:48
3.224576,16.679239,2023-01-01T01:38:49
3.224576,16.679239,2023-01-01T01:38:50
3.335769,16.790434,2023-01-01T01:38:51
3.335769,16.790434,2023-01-01T01:38:52
3.335769,16.790434,2023-01-01T01:38:53
3.335769,16.790434,2023-01-01T01:38:54
3.446961,16.901629,2023-01-01T01:38:55
3.446961,16.901629,2023-01-01T01:38:56
3.446961,16.901629,2023-01-01T01:38:57
3.558153,17.012824,2023-01-01T01:38:58
3.558153,17.012824,2023-01-01T01:38:59
3.558153,17.012824,2023-01-01T01:39:00
3.558153,17.124019,2023-01-01T01:39:01
3.558153,17.124019,2023-01-01T01:39:02
3.669345,17.124019,2023-01-01T01:39:03
3.669345,17.124019,2023-01-01T01:39:04
3.669345,17.235214,2023-01-01T01:39:05
3.669345,17.235214,2023-01-01T01:39:06
3.669345,17.235214,2023-01-01T01:39:07
3.669345,17.235214,2023-01-01T01:39:08
3.669345,17.346409,2023-01-01T01:39:09
3.669345,17.346409,2023-01-01T01:39:10
3.669345,17.346409,2023-01-01T01:39:11
3.669345,17.346409,2023-01-01T01:39:12
3.669345,17.457603,2023-01-01T01:39:13
3.669345,17.457603,2023-01-01T01:39:14
3.780538,17.457603,2023-01-01T01:39:15
3.780538,17.457603,2023-01-01T01:39:16
3.780538,17.457603,2023-01-01T01:39:17
3.780538,17.457603,2023-01-01T01:39:18
3.780538,17.568798,2023-01-01T01:39:19
3.780538,17.568798,2023-01-01T01:39:20
3.780538,17.568798,2023-01-01T01:39:21
3.669345,17.568798,2023-01-01T01:39:22
3.669345,17.568798,2023-01-01T01:39:23
3.669345,17.568798,2023-01-01T01:39:24
3.669345,17.568798,2023-01-01T01:39:25
3.669345,17.568798,2023-01-01T01:39:26
3.669345,17.568798,2023-01-01T01:39:27
3.669345,17.568798,2023-01-01T01:39:28
3.669345,17.568798,2023-01-01T01:39:29
3.669345,17.568798,2023-01-01T01:39:30
3.669345,17.568798,2023-01-01T01:39:31
3.558153,17.568798,2023-01-01T01:39:32
3.558153,17.568798,2023-01-01T01:39:33
3.558153,17.568798,2023-01-01T01:39:34
3.558153,17.568798,2023-01-01T01:39:35
3.558153,17.568798,2023-01-01T01:39:36
3.558153,17.568798,2023-01-01T01:39:37
3.558153,17.568798,2023-01-01T01:39:38
3.558153,17.568798,2023-01-01T01:39:39
3.558153,17.568798,2023-01-01T01:39:40
3.446961,17.568798,2023-01-01T01:39:41
3.446961,17.568798,2023-01-01T01:39:42
3.446961,17.679993,2023-01-01T01:39:43
3.446961,17.679993,2023-01-01T01:39:44
3.446961,17.679993,2023-01-01T01:39:45
3.446961,17.679993,2023-01-01T01:39:46
3.446961,17.679993,2023-01-01T01:39:47
3.446961,17.679993,2023-01-01T01:39:48
3.446961,17.679993,2023-01-01T01:39:49
3.335769,17.679993,2023-01-01T01:39:50
3.335769,17.679993,2023-01-01T01:39:51
3.335769,17.679993,2023-01-01T01:39:52
3.335769,17.679993,2023-01-01T01:39:53
3.335769,17.679993,2023-01-01T01:39:54
3.335769,17.679993,2023-01-01T01:39:55
3.335769,17.679993,2023-01-01T01:39:56
3.224576,17.679993,2023-01-01T01:39:57
3.224576,17.568798,2023-01-01T01:39:58
3.224576,17.568798,2023-01-01T01:39:59
3.224576,17.568798,2023-01-01T01:40:00
3.224576,17.568798,2023-01-01T01:40:01
3.224576,17.568798,2023-01-01T01:40:02
3.224576,17.568798,2023-01-01T01:40:03
3.113384,17.568798,2023-01-01T01:40:04
3.113384,17.568798,2023-01-01T01:40:05
3.113384,17.568798,2023-01-01T01:40:06
3.224576,17.679993,2023-01-01T01:40:07
3.224576,17.679993,2023-01-01T01:40:08
3.224576,17.679993,2023-01-01T01:40:09
3.224576,17.679993,2023-01-01T01:40:10
3.224576,17.679993,2023-01-01T01:40:11
3.224576,17.679993,2023-01-01T01:40:12
3.224576,17.679993,2023-01-01T01:40:13
3.224576,17.679993,2023-01-01T01:40:14
3.224576,17.679993,2023-01-01T01:40:15
3.224576,17.679993,2023-01-01T01:40:16
3.224576,17.679993,2023-01-01T01:40:17
3.224576,17.679993,2023-01-01T01:40:18
3.224576,17.791188,2023-01-01T01:40:19
3.224576,17.791188,2023-01-01T01:40:20
3.224576,17.791188,2023-01-01T01:40:21
3.224576,17.791188,2023-01-01T01:40:22
3.224576,17.791188,2023-01-01T01:40:23
3.224576,17.791188,2023-01-01T01:40:24
3.224576,17.791188,2023-01-01T01:40:25
3.224576,17.791188,2023-01-01T01:40:26
3.224576,17.791188,2023-01-01T01:40:27
3.224576,17.791188,2023-01-01T01:40:28
3.224576,17.791188,2023-01-01T01:40:29
3.224576,17.791188,2023-01-01T01:40:30
3.224576,17.791188,2023-01-01T01:40:31
3.224576,17.791188,2023-01-01T01:40:32
3.335769,17.791188,2023-01-01T01:40:33
3.335769,17.791188,2023-01-01T01:40:34
3.335769,17.902383,2023-01-01T01:40:35
3.335769,17.902383,2023-01-01T01:40:36
3.335769,17.902383,2023-01-01T01:40:37
3.335769,17.902383,2023-01-01T01:40:38
3.335769,17.902383,2023-01-01T01:40:39
3.335769,18.013578,2023-01-01T01:40:40
3.335769,18.013578,2023-01-01T01:40:41
3.335769,18.013578,2023-01-01T01:40:42
3.335769,18.013578,2023-01-01T01:40:43
3.335769,18.013578,2023-01-01T01:40:44
3.335769,18.013578,2023-01-01T01:40:45
3.335769,18.013578,2023-01-01T01:40:46
3.335769,18.013578,2023-01-01T01:40:47
3.335769,18.013578,2023-01-01T01:40:48
3.335769,18.013578,2023-01-01T01:40:49
3.335769,18.013578,2023-01-01T01:40:50
3.335769,18.013578,2023-01-01T01:40:51
3.335769,18.013578,2023-01-01T01:40:52
3.335769,18.013578,2023-01-01T01:40:53
3.224576,18.013578,2023-01-01T01:40:54
3.224576,18.013578,2023-01-01T01:40:55
3.224576,18.013578,2023-01-01T01:40:56
3.224576,18.013578,2023-01-01T01:40:57
3.113384,18.013578,2023-01-01T01:40:58
3.113384,18.013578,2023-01-01T01:40:59
3.113384,17.902383,2023-01-01T01:41:00
3.113384,17.902383,2023-01-01T01:41:01
3.002192,17.902383,2023-01-01T01:41:02
3.002192,17.902383,2023-01-01T01:41:03
3.002192,17.902383,2023-01-01T01:41:04
2.890999,17.902383,2023-01-01T01:41:05
2.890999,17.902383,2023-01-01T01:41:06
2.890999,17.791188,2023-01-01T01:41:07
2.779807,17.791188,2023-01-01T01:41:08
2.779807,17.791188,2023-01-01T01:41:09
2.668615,17.791188,2023-01-01T01:41:10
2.668615,17.791188,2023-01-01T01:41:11
2.668615,17.791188,2023-01-01T01:41:12
2.557423,17.791188,2023-01-01T01:41:13
2.557423,17.679993,2023-01-01T01:41:14
2.446230,17.679993,2023-01-01T01:41:15
2.446230,17.679993,2023-01-01T01:41:16
2.335038,17.679993,2023-01-01T01:41:17
2.335038,17.679993,2023-01-01T01:41:18
2.223846,17.568798,2023-01-01T01:41:19
2.223846,17.568798,2023-01-01T01:41:20
2.223846,17.568798,2023-01-01T01:41:21
2.112653,17.568798,2023-01-01T01:41:22
2.112653,17.568798,2023-01-01T01:41:23
2.001461,17.457603,2023-01-01T01:41:24
2.001461,17.457603,2023-01-01T01:41:25
1.890269,17.457603,2023-01-01T01:41:26
1.890269,17.457603,2023-01-01T01:41:27
1.890269,17.457603,2023-01-01T01:41:28
1.779077,17.457603,2023-01-01T01:41:29
1.779077,17.457603,2023-01-01T01:41:30
1.779077,17.346409,2023-01-01T01:41:31
1.667884,17.346409,2023-01-01T01:41:32
1.667884,17.346409,2023-01-01T01:41:33
1.667884,17.346409,2023-01-01T01:41:34
1.667884,17.346409,2023-01-01T01:41:35
1.667884,17.457603,2023-01-01T01:41:36
1.667884,17.457603,2023-01-01T01:41:37
1.667884,17.457603,2023-01-01T01:41:38
1.779077,17.457603,2023-01-01T01:41:39
1.779077,17.457603,2023-01-01T01:41:40
1.779077,17.568798,2023-01-01T01:41:41
1.779077,17.568798,2023-01-01T01:41:42
1.779077,17.568798,2023-01-01T01:41:43
1.890269,17.568798,2023-01-01T01:41:44
1.890269,17.679993,2023-01-01T01:41:45
1.890269,17.679993,2023-01-01T01:41:46
1.890269,17.679993,2023-01-01T01:41:47
1.890269,17.679993,2023-01-01T01:41:48
1.890269,17.791188,2023-01-01T01:41:49
2.001461,17.791188,2023-01-01T01:41:50
2.001461,17.791188,2023-01-01T01:41:51
2.001461,17.791188,2023-01-01T01:41:52
2.001461,17.791188,2023-01-01T01:41:53
2.001461,17.791188,2023-01-01T01:41:54
2.112653,17.902383,2023-01-01T01:41:55
2.112653,17.902383,2023-01-01T01:41:56
2.112653,17.902383,2023-01-01T01:41:57
2.112653,17.902383,2023-01-01T01:41:58
2.112653,17.902383,2023-01-01T01:41:59
2.112653,18.013578,2023-01-01T01:42:00
2.223846,18.013578,2023-01-01T01:42:01
2.223846,18.013578,2023-01-01T01:42:02
2.223846,18.013578,2023-01-01T01:42:03
2.223846,18.013578,2023-01-01T01:42:04
2.223846,18.013578,2023-01-01T01:42:05
2.335038,18.124773,2023-01-01T01:42:06
2.335038,18.124773,2023-01-01T01:42:07
2.335038,18.124773,2023-01-01T01:42:08
2.335038,18.124773,2023-01-01T01:42:09
2.335038,18.235968,2023-01-01T01:42:10
2.446230,18.235968,2023-01-01T01:42:11
2.446230,18.235968,2023-01-01T01:42:12
2.446230,18.235968,2023-01-01T01:42:13
2.446230,18.347163,2023-01-01T01:42:14
2.446230,18.347163,2023-01-01T01:42:15
2.557423,18.347163,2023-01-01T01:42:16
2.557423,18.347163,2023-01-01T01:42:17
2.557423,18.347163,2023-01-01T01:42:18
2.557423,18.458358,2023-01-01T01:42:19
2.557423,18.458358,2023-01-01T01:42:20
2.668615,18.458358,2023-01-01T01:42:21
2.668615,18.458358,2023-01-01T01:42:22
2.668615,18.458358,2023-01-01T01:42:23
2.668615,18.569553,2023-01-01T01:42:24
2.668615,18.569553,2023-01-01T01:42:25
2.668615,18.569553,2023-01-01T01:42:26
2.779807,18.569553,2023-01-01T01:42:27
2.779807,18.569553,2023-01-01T01:42:28
2.779807,18.569553,2023-01-01T01:42:29
2.779807,18.680748,2023-01-01T01:42:30
2.779807,18.680748,2023-01-01T01:42:31
2.779807,18.680748,2023-01-01T01:42:32
2.890999,18.680748,2023-01-01T01:42:33
2.890999,18.680748,2023-01-01T01:42:34
2.890999,18.680748,2023-01-01T01:42:35
2.890999,18.680748,2023-01-01T01:42:36
2.890999,18.680748,2023-01-01T01:42:37
2.890999,18.680748,2023-01-01T01:42:38
2.890999,18.791943,2023-01-01T01:42:39
2.890999,18.791943,2023-01-01T01:42:40
2.890999,18.791943,2023-01-01T01:42:41
2.890999,18.791943,2023-01-01T01:42:42
2.890999,18.791943,2023-01-01T01:42:43
2.890999,18.791943,2023-01-01T01:42:44
2.890999,18.791943,2023-01-01T01:42:45
2.890999,18.791943,2023-01-01T01:42:46
2.890999,18.791943,2023-01-01T01:42:47
2.890999,18.791943,2023-01-01T01:42:48
2.890999,18.791943,2023-01-01T01:42:49
3.002192,18.791943,2023-01-01T01:42:50
3.002192,18.791943,2023-01-01T01:42:51
3.002192,18.791943,2023-01-01T01:42:52
3.002192,18.903138,2023-01-01T01:42:53
3.002192,18.903138,2023-01-01T01:42:54
3.002192,18.903138,2023-01-01T01:42:55
3.002192,18.903138,2023-01-01T01:42:56
3.002192,18.903138,2023-01-01T01:42:57
3.002192,18.903138,2023-01-01T01:42:58
3.002192,18.903138,2023-01-01T01:42:59
2.890999,18.903138,2023-01-01T01:43:00
2.890999,18.903138,2023-01-01T01:43:01
2.890999,18.903138,2023-01-01T01:43:02
2.890999,18.903138,2023-01-01T01:43:03
2.890999,18.903138,2023-01-01T01:43:04
2.890999,18.903138,2023-01-01T01:43:05
2.779807,18.903138,2023-01-01T01:43:06
2.779807,18.903138,2023-01-01T01:43:07
2.779807,18.791943,2023-01-01T01:43:08
2.668615,18.791943,2023-01-01T01:43:09
2.668615,18.791943,2023-01-01T01:43:10
2.668615,18.791943,2023-01-01T01:43:11
2.557423,18.791943,2023-01-01T01:43:12
2.557423,18.791943,2023-01-01T01:43:13
2.557423,18.791943,2023-01-01T01:43:14
2.446230,18.791943,2023-01-01T01:43:15
2.446230,18.791943,2023-01-01T01:43:16
2.446230,18.791943,2023-01-01T01:43:17
2.335038,18.791943,2023-01-01T01:43:18
2.335038,18.791943,2023-01-01T01:43:19
2.335038,18.791943,2023-01-01T01:43:20
2.335038,18.680748,2023-01-01T01:43:21
2.223846,18.680748,2023-01-01T01:43:22
2.223846,18.680748,2023-01-01T01:43:23
2.223846,18.680748,2023-01-01T01:43:24
2.223846,18.680748,2023-01-01T01:43:25
2.223846,18.680748,2023-01-01T01:43:26
2.112653,18.680748,2023-01-01T01:43:27
2.112653,18.680748,2023-01-01T01:43:28
2.112653,18.680748,2023-01-01T01:43:29
2.112653,18.680748,2023-01-01T01:43:30
2.112653,18.680748,2023-01-01T01:43:31
2.112653,18.680748,2023-01-01T01:43:32
2.001461,18.680748,2023-01-01T01:43:33
2.001461,18.680748,2023-01-01T01:43:34
2.001461,18.680748,2023-01-01T01:43:35
2.001461,18.680748,2023-01-01T01:43:36
2.001461,18.680748,2023-01-01T01:43:37
2.001461,18.680748,2023-01-01T01:43:38
2.001461,18.680748,2023-01-01T01:43:39
2.001461,18.680748,2023-01-01T01:43:40
2.001461,18.680748,2023-01-01T01:43:41
2.112653,18.680748,2023-01-01T01:43:42
2.112653,18.680748,2023-01-01T01:43:43
2.112653,18.680748,2023-01-01T01:43:44
2.112653,18.680748,2023-01-01T01:43:45
2.112653,18.680748,2023-01-01T01:43:46
2.112653,18.680748,2023-01-01T01:43:47
2.112653,18.680748,2023-01-01T01:43:48
2.112653,18.680748,2023-01-01T01:43:49
2.112653,18.680748,2023-01-01T01:43:50
2.112653,18.680748,2023-01-01T01:43:51
2.112653,18.680748,2023-01-01T01:43:52
2.223846,18.680748,2023-01-01T01:43:53
2.223846,18.680748,2023-01-01T01:43:54
2.223846,18.680748,2023-01-01T01:43:55
2.223846,18.680748,2023-01-01T01:43:56
2.223846,18.680748,2023-01-01T01:43:57
2.223846,18.680748,2023-01-01T01:43:58
2.335038,18.680748,2023-01-01T01:43:59
2.335038,18.680748,2023-01-01T01:44:00
2.335038,18.569553,2023-01-01T01:44:01
2.335038,18.569553,2023-01-01T01:44:02
2.446230,18.569553,2023-01-01T01:44:03
2.446230,18.569553,2023-01-01T01:44:04
2.446230,18.569553,2023-01-01T01:44:05
2.446230,18.569553,2023-01-01T01:44:06
2.446230,18.569553,2023-01-01T01:44:07
2.557423,18.569553,2023-01-01T01:44:08
2.557423,18.569553,2023-01-01T01:44:09
2.557423,18.569553,2023-01-01T01:44:10
2.557423,18.680748,2023-01-01T01:44:11
2.557423,18.680748,2023-01-01T01:44:12
2.668615,18.680748,2023-01-01T01:44:13
2.668615,18.680748,2023-01-01T01:44:14
2.668615,18.569553,2023-01-01T01:44:15
2.668615,18.569553,2023-01-01T01:44:16
2.779807,18.569553,2023-01-01T01:44:17
2.779807,18.569553,2023-01-01T01:44:18
2.779807,18.569553,2023-01-01T01:44:19
2.779807,18.569553,2023-01-01T01:44:20
2.890999,18.569553,2023-01-01T01:44:21
2.890999,18.569553,2023-01-01T01:44:22
2.890999,18.569553,2023-01-01T01:44:23
3.002192,18.569553,2023-01-01T01:44:24
3.002192,18.569553,2023-01-01T01:44:25
3.002192,18.569553,2023-01-01T01:44:26
3.113384,18.569553,2023-01-01T01:44:27
3.113384,18.569553,2023-01-01T01:44:28
3.113384,18.569553,2023-01-01T01:44:29
3.113384,18.569553,2023-01-01T01:44:30
3.224576,18.569553,2023-01-01T01:44:31
3.224576,18.569553,2023-01-01T01:44:32
3.224576,18.458358,2023-01-01T01:44:33
3.335769,18.458358,2023-01-01T01:44:34
3.335769,18.458358,2023-01-01T01:44:35
3.335769,18.458358,2023-01-01T01:44:36
3.335769,18.458358,2023-01-01T01:44:37
3.335769,18.458358,2023-01-01T01:44:38
3.446961,18.458358,2023-01-01T01:44:39
3.446961,18.458358,2023-01-01T01:44:40
3.446961,18.458358,2023-01-01T01:44:41
3.446961,18.458358,2023-01-01T01:44:42
3.446961,18.458358,2023-01-01T01:44:43
3.446961,18.458358,2023-01-01T01:44:44
3.558153,18.458358,2023-01-01T01:44:45
3.558153,18.458358,2023-01-01T01:44:46
3.558153,18.458358,2023-01-01T01:44:47
3.558153,18.458358,2023-01-01T01:44:48
3.669345,18.458358,2023-01-01T01:44:49
3.669345,18.458358,2023-01-01T01:44:50
3.669345,18.458358,2023-01-01T01:44:51
3.669345,18.458358,2023-01-01T01:44:52
3.780538,18.458358,2023-01-01T01:44:53
3.780538,18.458358,2023-01-01T01:44:54
3.780538,18.458358,2023-01-01T01:44:55
3.780538,18.458358,2023-01-01T01:44:56
3.891730,18.458358,2023-01-01T01:44:57
3.891730,18.458358,2023-01-01T01:44:58
3.891730,18.458358,2023-01-01T01:44:59
3.891730,18.458358,2023-01-01T01:45:00
4.002922,18.458358,2023-01-01T01:45:01
4.002922,18.458358,2023-01-01T01:45:02
4.002922,18.458358,2023-01-01T01:45:03
4.114115,18.458358,2023-01-01T01:45:04
4.114115,18.458358,2023-01-01T01:45:05
4.114115,18.458358,2023-01-01T01:45:06
4.114115,18.458358,2023-01-01T01:45:07
4.114115,18.569553,2023-01-01T01:45:08
4.225307,18.569553,2023-01-01T01:45:09
4.225307,18.569553,2023-01-01T01:45:10
4.225307,18.569553,2023-01-01T01:45:11
4.225307,18.569553,2023-01-01T01:45:12
4.225307,18.569553,2023-01-01T01:45:13
4.336499,18.569553,2023-01-01T01:45:14
4.336499,18.569553,2023-01-01T01:45:15
4.336499,18.569553,2023-01-01T01:45:16
4.336499,18.680748,2023-01-01T01:45:17
4.447691,18.680748,2023-01-01T01:45:18
4.447691,18.680748,2023-01-01T01:45:19
4.447691,18.680748,2023-01-01T01:45:20
4.447691,18.680748,2023-01-01T01:45:21
4.558884,18.680748,2023-01-01T01:45:22
4.558884,18.680748,2023-01-01T01:45:23
4.558884,18.680748,2023-01-01T01:45:24
4.670076,18.680748,2023-01-01T01:45:25
4.670076,18.680748,2023-01-01T01:45:26
4.670076,18.680748,2023-01-01T01:45:27
4.670076,18.791943,2023-01-01T01:45:28
4.781268,18.791943,2023-01-01T01:45:29
4.781268,18.791943,2023-01-01T01:45:30
4.781268,18.791943,2023-01-01T01:45:31
4.781268,18.791943,2023-01-01T01:45:32
4.892461,18.791943,2023-01-01T01:45:33
4.892461,18.791943,2023-01-01T01:45:34
4.892461,18.791943,2023-01-01T01:45:35
4.892461,18.903138,2023-01-01T01:45:36
4.892461,18.903138,2023-01-01T01:45:37
4.892461,18.903138,2023-01-01T01:45:38
4.892461,18.903138,2023-01-01T01:45:39
4.892461,18.903138,2023-01-01T01:45:40
4.892461,18.903138,2023-01-01T01:45:41
4.892461,18.903138,2023-01-01T01:45:42
4.892461,18.903138,2023-01-01T01:45:43
4.892461,19.014332,2023-01-01T01:45:44
5.003653,19.014332,2023-01-01T01:45:45
5.003653,19.014332,2023-01-01T01:45:46
5.003653,19.014332,2023-01-01T01:45:47
5.003653,19.014332,2023-01-01T01:45:48
5.003653,19.014332,2023-01-01T01:45:49
5.003653,19.014332,2023-01-01T01:45:50
5.003653,19.014332,2023-01-01T01:45:51
5.003653,19.014332,2023-01-01T01:45:52
5.003653,19.125527,2023-01-01T01:45:53
5.003653,19.125527,2023-01-01T01:45:54
5.003653,19.125527,2023-01-01T01:45:55
5.003653,19.125527,2023-01-01T01:45:56
5.114845,19.125527,2023-01-01T01:45:57
5.114845,19.125527,2023-01-01T01:45:58
5.114845,19.125527,2023-01-01T01:45:59
5.114845,19.125527,2023-01-01T01:46:00
5.114845,19.236722,2023-01-01T01:46:01
5.114845,19.236722,2023-01-01T01:46:02
5.114845,19.236722,2023-01-01T01:46:03
5.114845,19.236722,2023-01-01T01:46:04
5.114845,19.236722,2023-01-01T01:46:05
5.226037,19.236722,2023-01-01T01:46:06
5.226037,19.347917,2023-01-01T01:46:07
5.226037,19.347917,2023-01-01T01:46:08
5.226037,19.347917,2023-01-01T01:46:09
5.337230,19.347917,2023-01-01T01:46:10
5.337230,19.459112,2023-01-01T01:46:11
5.337230,19.459112,2023-01-01T01:46:12
5.337230,19.459112,2023-01-01T01:46:13
5.337230,19.459112,2023-01-01T01:46:14
5.448422,19.570307,2023-01-01T01:46:15
5.448422,19.570307,2023-01-01T01:46:16
5.448422,19.570307,2023-01-01T01:46:17
5.448422,19.570307,2023-01-01T01:46:18
5.559614,19.570307,2023-01-01T01:46:19
5.559614,19.570307,2023-01-01T01:46:20
5.559614,19.681502,2023-01-01T01:46:21
5.559614,19.681502,2023-01-01T01:46:22
5.559614,19.681502,2023-01-01T01:46:23
5.670807,19.681502,2023-01-01T01:46:24
5.670807,19.681502,2023-01-01T01:46:25
5.670807,19.681502,2023-01-01T01:46:26
5.781999,19.792697,2023-01-01T01:46:27
5.781999,19.792697,2023-01-01T01:46:28
5.781999,19.792697,2023-01-01T01:46:29
5.781999,19.792697,2023-01-01T01:46:30
5.893191,19.792697,2023-01-01T01:46:31
5.893191,19.792697,2023-01-01T01:46:32
5.893191,19.792697,2023-01-01T01:46:33
5.893191,19.792697,2023-01-01T01:46:34
5.893191,19.903892,2023-01-01T01:46:35
6.004383,19.903892,2023-01-01T01:46:36
6.004383,19.903892,2023-01-01T01:46:37
6.004383,19.903892,2023-01-01T01:46:38
6.004383,19.903892,2023-01-01T01:46:39
6.004383,19.903892,2023-01-01T01:46:40
6.004383,19.903892,2023-01-01T01:46:41
6.004383,19.903892,2023-01-01T01:46:42
6.115576,20.015087,2023-01-01T01:46:43
6.115576,20.015087,2023-01-01T01:46:44
6.115576,20.015087,2023-01-01T01:46:45
6.115576,20.015087,2023-01-01T01:46:46
6.115576,20.015087,2023-01-01T01:46:47
6.115576,20.015087,2023-01-01T01:46:48
6.115576,20.015087,2023-01-01T01:46:49
6.226768,20.015087,2023-01-01T01:46:50
6.226768,20.015087,2023-01-01T01:46:51
6.226768,20.015087,2023-01-01T01:46:52
6.226768,20.015087,2023-01-01T01:46:53
6.226768,20.015087,2023-01-01T01:46:54
6.226768,20.126282,2023-01-01T01:46:55
6.337960,20.126282,2023-01-01T01:46:56
6.337960,20.126282,2023-01-01T01:46:57
6.337960,20.126282,2023-01-01T01:46:58
6.337960,20.126282,2023-01-01T01:46:59
6.337960,20.126282,2023-01-01T01:47:00
6.337960,20.126282,2023-01-01T01:47:01
6.449153,20.126282,2023-01-01T01:47:02
6.449153,20.126282,2023-01-01T01:47:03
6.449153,20.126282,2023-01-01T01:47:04
6.449153,20.126282,2023-01-01T01:47:05
6.449153,20.126282,2023-01-01T01:47:06
6.449153,20.126282,2023-01-01T01:47:07
6.337960,20.126282,2023-01-01T01:47:08
6.337960,20.126282,2023-01-01T01:47:09
6.337960,20.126282,2023-01-01T01:47:10
6.337960,20.126282,2023-01-01T01:47:11
6.337960,20.126282,2023-01-01T01:47:12
6.337960,20.126282,2023-01-01T01:47:13
6.337960,20.126282,2023-01-01T01:47:14
6.337960,20.126282,2023-01-01T01:47:15
6.337960,20.126282,2023-01-01T01:47:16
6.337960,20.126282,2023-01-01T01:47:17
6.337960,20.126282,2023-01-01T01:47:18
6.337960,20.126282,2023-01-01T01:47:19
6.337960,20.126282,2023-01-01T01:47:20
6.337960,20.126282,2023-01-01T01:47:21
6.337960,20.126282,2023-01-01T01:47:22
6.337960,20.126282,2023-01-01T01:47:23
6.337960,20.126282,2023-01-01T01:47:24
6.337960,20.126282,2023-01-01T01:47:25
6.337960,20.126282,2023-01-01T01:47:26
6.337960,20.126282,2023-01-01T01:47:27
6.337960,20.126282,2023-01-01T01:47:28
6.337960,20.126282,2023-01-01T01:47:29
6.337960,20.126282,2023-01-01T01:47:30
6.337960,20.126282,2023-01-01T01:47:31
6.337960,20.015087,2023-01-01T01:47:32
6.337960,20.015087,2023-01-01T01:47:33
6.337960,20.015087,2023-01-01T01:47:34
6.337960,20.015087,2023-01-01T01:47:35
6.337960,20.015087,2023-01-01T01:47:36
6.226768,20.126282,2023-01-01T01:47:37
6.226768,20.126282,2023-01-01T01:47:38
6.226768,20.126282,2023-01-01T01:47:39
6.226768,20.126282,2023-01-01T01:47:40
6.226768,20.126282,2023-01-01T01:47:41
6.226768,20.126282,2023-01-01T01:47:42
6.226768,20.126282,2023-01-01T01:47:43
6.226768,20.126282,2023-01-01T01:47:44
6.226768,20.126282,2023-01-01T01:47:45
6.226768,20.126282,2023-01-01T01:47:46
6.226768,20.126282,2023-01-01T01:47:47
6.226768,20.126282,2023-01-01T01:47:48
6.226768,20.126282,2023-01-01T01:47:49
6.226768,20.126282,2023-01-01T01:47:50
6.226768,20.126282,2023-01-01T01:47:51
6.226768,20.126282,2023-01-01T01:47:52
6.226768,20.126282,2023-01-01T01:47:53
6.226768,20.126282,2023-01-01T01:47:54
6.226768,20.126282,2023-01-01T01:47:55
6.226768,20.126282,2023-01-01T01:47:56
6.226768,20.126282,2023-01-01T01:47:57
6.226768,20.126282,2023-01-01T01:47:58
6.226768,20.126282,2023-01-01T01:47:59
6.226768,20.126282,2023-01-01T01:48:00
6.226768,20.126282,2023-01-01T01:48:01
6.226768,20.126282,2023-01-01T01:48:02
6.226768,20.126282,2023-01-01T01:48:03
6.226768,20.126282,2023-01-01T01:48:04
6.226768,20.126282,2023-01-01T01:48:05
6.226768,20.126282,2023-01-01T01:48:06
6.226768,20.126282,2023-01-01T01:48:07
6.226768,20.126282,2023-01-01T01:48:08
6.226768,20.126282,2023-01-01T01:48:09
6.226768,20.126282,2023-01-01T01:48:10
6.226768,20.126282,2023-01-01T01:48:11
6.226768,20.126282,2023-01-01T01:48:12
6.226768,20.126282,2023-01-01T01:48:13
6.115576,20.126282,2023-01-01T01:48:14
6.115576,20.126282,2023-01-01T01:48:15
6.115576,20.126282,2023-01-01T01:48:16
6.115576,20.126282,2023-01-01T01:48:17
6.115576,20.126282,2023-01-01T01:48:18
6.115576,20.126282,2023-01-01T01:48:19
6.115576,20.126282,2023-01-01T01:48:20
6.115576,20.126282,2023-01-01T01:48:21
6.115576,20.126282,2023-01-01T01:48:22
6.115576,20.126282,2023-01-01T01:48:23
6.115576,20.126282,2023-01-01T01:48:24
6.115576,20.126282,2023-01-01T01:48:25
6.115576,20.126282,2023-01-01T01:48:26
6.004383,20.126282,2023-01-01T01:48:27
6.004383,20.126282,2023-01-01T01:48:28
6.004383,20.126282,2023-01-01T01:48:29
6.004383,20.126282,2023-01-01T01:48:30
5.893191,20.126282,2023-01-01T01:48:31
5.893191,20.126282,2023-01-01T01:48:32
5.893191,20.126282,2023-01-01T01:48:33
5.781999,20.126282,2023-01-01T01:48:34
5.781999,20.126282,2023-01-01T01:48:35
5.670807,20.126282,2023-01-01T01:48:36
5.670807,20.126282,2023-01-01T01:48:37
5.559614,20.126282,2023-01-01T01:48:38
5.559614,20.126282,2023-01-01T01:48:39
5.448422,20.015087,2023-01-01T01:48:40
5.448422,20.015087,2023-01-01T01:48:41
5.337230,20.015087,2023-01-01T01:48:42
5.226037,20.015087,2023-01-01T01:48:43
5.226037,20.015087,2023-01-01T01:48:44
5.114845,20.015087,2023-01-01T01:48:45
5.114845,19.903892,2023-01-01T01:48:46
5.003653,19.903892,2023-01-01T01:48:47
4.892461,19.903892,2023-01-01T01:48:48
4.892461,19.903892,2023-01-01T01:48:49
4.781268,19.903892,2023-01-01T01:48:50
4.781268,19.903892,2023-01-01T01:48:51
4.670076,19.792697,2023-01-01T01:48:52
4.558884,19.792697,2023-01-01T01:48:53
4.558884,19.792697,2023-01-01T01:48:54
4.447691,19.792697,2023-01-01T01:48:55
4.447691,19.792697,2023-01-01T01:48:56
4.336499,19.792697,2023-01-01T01:48:57
4.336499,19.792697,2023-01-01T01:48:58
4.225307,19.681502,2023-01-01T01:48:59
4.225307,19.681502,2023-01-01T01:49:00
4.225307,19.681502,2023-01-01T01:49:01
4.114115,19.681502,2023-01-01T01:49:02
4.114115,19.681502,2023-01-01T01:49:03
4.002922,19.681502,2023-01-01T01:49:04
4.002922,19.681502,2023-01-01T01:49:05
4.114115,19.681502,2023-01-01T01:49:06
4.114115,19.681502,2023-01-01T01:49:07
4.114115,19.681502,2023-01-01T01:49:08
4.114115,19.681502,2023-01-01T01:49:09
4.114115,19.681502,2023-01-01T01:49:10
4.114115,19.681502,2023-01-01T01:49:11
4.114115,19.681502,2023-01-01T01:49:12
4.225307,19.681502,2023-01-01T01:49:13
4.225307,19.681502,2023-01-01T01:49:14
4.225307,19.681502,2023-01-01T01:49:15
4.225307,19.681502,2023-01-01T01:49:16
4.225307,19.681502,2023-01-01T01:49:17
4.225307,19.681502,2023-01-01T01:49:18
4.336499,19.681502,2023-01-01T01:49:19
4.336499,19.681502,2023-01-01T01:49:20
4.336499,19.681502,2023-01-01T01:49:21
4.336499,19.681502,2023-01-01T01:49:22
4.336499,19.681502,2023-01-01T01:49:23
4.336499,19.681502,2023-01-01T01:49:24
4.447691,19.681502,2023-01-01T01:49:25
4.447691,19.681502,2023-01-01T01:49:26
4.447691,19.681502,2023-01-01T01:49:27
4.447691,19.681502,2023-01-01T01:49:28
4.447691,19.681502,2023-01-01T01:49:29
4.447691,19.681502,2023-01-01T01:49:30
4.558884,19.681502,2023-01-01T01:49:31
4.558884,19.681502,2023-01-01T01:49:32
4.558884,19.681502,2023-01-01T01:49:33
4.558884,19.681502,2023-01-01T01:49:34
4.558884,19.681502,2023-01-01T01:49:35
4.558884,19.681502,2023-01-01T01:49:36
4.558884,19.681502,2023-01-01T01:49:37
4.670076,19.681502,2023-01-01T01:49:38
4.670076,19.681502,2023-01-01T01:49:39
4.670076,19.681502,2023-01-01T01:49:40
4.670076,19.681502,2023-01-01T01:49:41
4.670076,19.681502,2023-01-01T01:49:42
4.670076,19.681502,2023-01-01T01:49:43
4.670076,19.681502,2023-01-01T01:49:44
4.670076,19.681502,2023-01-01T01:49:45
4.781268,19.681502,2023-01-01T01:49:46
4.781268,19.681502,2023-01-01T01:49:47
4.781268,19.681502,2023-01-01T01:49:48
4.781268,19.681502,2023-01-01T01:49:49
4.781268,19.681502,2023-01-01T01:49:50
4.781268,19.681502,2023-01-01T01:49:51
4.892461,19.681502,2023-01-01T01:49:52
4.892461,19.681502,2023-01-01T01:49:53
4.892461,19.681502,2023-01-01T01:49:54
4.892461,19.681502,2023-01-01T01:49:55
4.892461,19.681502,2023-01-01T01:49:56
5.003653,19.681502,2023-01-01T01:49:57
5.003653,19.681502,2023-01-01T01:49:58
5.003653,19.570307,2023-01-01T01:49:59
5.003653,19.570307,2023-01-01T01:50:00
5.003653,19.570307,2023-01-01T01:50:01
5.114845,19.570307,2023-01-01T01:50:02
5.114845,19.570307,2023-01-01T01:50:03
5.114845,19.570307,2023-01-01T01:50:04
5.114845,19.570307,2023-01-01T01:50:05
5.114845,19.570307,2023-01-01T01:50:06
5.114845,19.570307,2023-01-01T01:50:07
5.114845,19.570307,2023-01-01T01:50:08
5.114845,19.570307,2023-01-01T01:50:09
5.114845,19.570307,2023-01-01T01:50:10
5.114845,19.570307,2023-01-01T01:50:11
5.114845,19.570307,2023-01-01T01:50:12
5.114845,19.570307,2023-01-01T01:50:13
5.114845,19.570307,2023-01-01T01:50:14
5.114845,19.570307,2023-01-01T01:50:15
5.226037,19.570307,2023-01-01T01:50:16
5.226037,19.570307,2023-01-01T01:50:17
5.226037,19.570307,2023-01-01T01:50:18
5.226037,19.570307,2023-01-01T01:50:19
5.226037,19.570307,2023-01-01T01:50:20
5.226037,19.570307,2023-01-01T01:50:21
5.226037,19.570307,2023-01-01T01:50:22
5.226037,19.570307,2023-01-01T01:50:23
5.337230,19.570307,2023-01-01T01:50:24
5.337230,19.570307,2023-01-01T01:50:25
5.337230,19.459112,2023-01-01T01:50:26
5.337230,19.459112,2023-01-01T01:50:27
5.337230,19.459112,2023-01-01T01:50:28
5.337230,19.459112,2023-01-01T01:50:29
5.337230,19.459112,2023-01-01T01:50:30
5.448422,19.459112,2023-01-01T01:50:31
5.448422,19.459112,2023-01-01T01:50:32
5.448422,19.459112,2023-01-01T01:50:33
5.448422,19.459112,2023-01-01T01:50:34
5.448422,19.459112,2023-01-01T01:50:35
5.448422,19.459112,2023-01-01T01:50:36
5.448422,19.459112,2023-01-01T01:50:37
5.559614,19.459112,2023-01-01T01:50:38
5.559614,19.459112,2023-01-01T01:50:39
5.559614,19.459112,2023-01-01T01:50:40
5.559614,19.459112,2023-01-01T01:50:41
5.559614,19.459112,2023-01-01T01:50:42
5.559614,19.459112,2023-01-01T01:50:43
5.559614,19.459112,2023-01-01T01:50:44
5.670807,19.459112,2023-01-01T01:50:45
5.670807,19.459112,2023-01-01T01:50:46
5.670807,19.459112,2023-01-01T01:50:47
5.670807,19.459112,2023-01-01T01:50:48
5.670807,19.459112,2023-01-01T01:50:49
5.670807,19.459112,2023-01-01T01:50:50
5.781999,19.459112,2023-01-01T01:50:51
5.781999,19.459112,2023-01-01T01:50:52
5.781999,19.459112,2023-01-01T01:50:53
5.781999,19.459112,2023-01-01T01:50:54
5.781999,19.459112,2023-01-01T01:50:55
5.893191,19.459112,2023-01-01T01:50:56
5.893191,19.347917,2023-01-01T01:50:57
5.893191,19.347917,2023-01-01T01:50:58
5.893191,19.347917,2023-01-01T01:50:59
5.893191,19.347917,2023-01-01T01:51:00
6.004383,19.347917,2023-01-01T01:51:01
6.004383,19.347917,2023-01-01T01:51:02
6.004383,19.347917,2023-01-01T01:51:03
6.004383,19.347917,2023-01-01T01:51:04
6.004383,19.347917,2023-01-01T01:51:05
6.004383,19.347917,2023-01-01T01:51:06
6.115576,19.347917,2023-01-01T01:51:07
6.115576,19.347917,2023-01-01T01:51:08
6.115576,19.347917,2023-01-01T01:51:09
6.115576,19.347917,2023-01-01T01:51:10
6.115576,19.347917,2023-01-01T01:51:11
6.115576,19.347917,2023-01-01T01:51:12
6.226768,19.347917,2023-01-01T01:51:13
6.226768,19.347917,2023-01-01T01:51:14
6.226768,19.347917,2023-01-01T01:51:15
6.226768,19.347917,2023-01-01T01:51:16
6.226768,19.347917,2023-01-01T01:51:17
6.226768,19.347917,2023-01-01T01:51:18
6.337960,19.347917,2023-01-01T01:51:19
6.337960,19.347917,2023-01-01T01:51:20
6.337960,19.347917,2023-01-01T01:51:21
6.337960,19.347917,2023-01-01T01:51:22
6.337960,19.347917,2023-01-01T01:51:23
6.337960,19.347917,2023-01-01T01:51:24
6.449153,19.347917,2023-01-01T01:51:25
6.449153,19.347917,2023-01-01T01:51:26
6.449153,19.347917,2023-01-01T01:51:27
6.449153,19.347917,2023-01-01T01:51:28
6.449153,19.347917,2023-01-01T01:51:29
6.449153,19.347917,2023-01-01T01:51:30
6.449153,19.347917,2023-01-01T01:51:31
6.449153,19.347917,2023-01-01T01:51:32
6.449153,19.347917,2023-01-01T01:51:33
6.449153,19.347917,2023-01-01T01:51:34
6.449153,19.347917,2023-01-01T01:51:35
6.449153,19.347917,2023-01-01T01:51:36
6.337960,19.347917,2023-01-01T01:51:37
6.337960,19.347917,2023-01-01T01:51:38
6.337960,19.347917,2023-01-01T01:51:39
6.337960,19.347917,2023-01-01T01:51:40
6.337960,19.347917,2023-01-01T01:51:41
6.226768,19.347917,2023-01-01T01:51:42
6.226768,19.347917,2023-01-01T01:51:43
6.226768,19.347917,2023-01-01T01:51:44
6.226768,19.347917,2023-01-01T01:51:45
6.115576,19.347917,2023-01-01T01:51:46
6.115576,19.347917,2023-01-01T01:51:47
6.115576,19.347917,2023-01-01T01:51:48
6.004383,19.347917,2023-01-01T01:51:49
6.004383,19.347917,2023-01-01T01:51:50
6.004383,19.347917,2023-01-01T01:51:51
5.893191,19.347917,2023-01-01T01:51:52
5.893191,19.347917,2023-01-01T01:51:53
5.781999,19.347917,2023-01-01T01:51:54
5.781999,19.347917,2023-01-01T01:51:55
5.781999,19.347917,2023-01-01T01:51:56
5.670807,19.347917,2023-01-01T01:51:57
5.670807,19.347917,2023-01-01T01:51:58
5.559614,19.347917,2023-01-01T01:51:59
5.559614,19.347917,2023-01-01T01:52:00
5.448422,19.347917,2023-01-01T01:52:01
5.448422,19.347917,2023-01-01T01:52:02
5.448422,19.347917,2023-01-01T01:52:03
5.337230,19.347917,2023-01-01T01:52:04
5.337230,19.347917,2023-01-01T01:52:05
5.337230,19.347917,2023-01-01T01:52:06
5.337230,19.347917,2023-01-01T01:52:07
5.337230,19.347917,2023-01-01T01:52:08
5.337230,19.347917,2023-01-01T01:52:09
5.226037,19.347917,2023-01-01T01:52:10
5.226037,19.347917,2023-01-01T01:52:11
5.226037,19.459112,2023-01-01T01:52:12
5.226037,19.459112,2023-01-01T01:52:13
5.226037,19.459112,2023-01-01T01:52:14
5.114845,19.459112,2023-01-01T01:52:15
5.114845,19.459112,2023-01-01T01:52:16
5.114845,19.459112,2023-01-01T01:52:17
5.114845,19.459112,2023-01-01T01:52:18
5.114845,19.459112,2023-01-01T01:52:19
5.114845,19.459112,2023-01-01T01:52:20
5.003653,19.459112,2023-01-01T01:52:21
5.003653,19.459112,2023-01-01T01:52:22
5.003653,19.459112,2023-01-01T01:52:23
5.003653,19.459112,2023-01-01T01:52:24
5.003653,19.459112,2023-01-01T01:52:25
5.003653,19.459112,2023-01-01T01:52:26
5.003653,19.459112,2023-01-01T01:52:27
5.003653,19.459112,2023-01-01T01:52:28
5.003653,19.570307,2023-01-01T01:52:29
4.892461,19.570307,2023-01-01T01:52:30
4.892461,19.570307,2023-01-01T01:52:31
4.892461,19.570307,2023-01-01T01:52:32
4.892461,19.570307,2023-01-01T01:52:33
5.003653,19.570307,2023-01-01T01:52:34
5.003653,19.570307,2023-01-01T01:52:35
5.003653,19.570307,2023-01-01T01:52:36
5.114845,19.570307,2023-01-01T01:52:37
5.114845,19.570307,2023-01-01T01:52:38
5.114845,19.570307,2023-01-01T01:52:39
5.114845,19.570307,2023-01-01T01:52:40
5.226037,19.570307,2023-01-01T01:52:41
5.226037,19.570307,2023-01-01T01:52:42
5.226037,19.570307,2023-01-01T01:52:43
5.337230,19.570307,2023-01-01T01:52:44
5.337230,19.570307,2023-01-01T01:52:45
5.337230,19.570307,2023-01-01T01:52:46
5.448422,19.570307,2023-01-01T01:52:47
5.448422,19.681502,2023-01-01T01:52:48
5.448422,19.681502,2023-01-01T01:52:49
5.559614,19.681502,2023-01-01T01:52:50
5.559614,19.681502,2023-01-01T01:52:51
5.559614,19.681502,2023-01-01T01:52:52
5.559614,19.681502,2023-01-01T01:52:53
5.670807,19.681502,2023-01-01T01:52:54
5.670807,19.681502,2023-01-01T01:52:55
5.670807,19.681502,2023-01-01T01:52:56
5.781999,19.681502,2023-01-01T01:52:57
5.781999,19.681502,2023-01-01T01:52:58
5.781999,19.681502,2023-01-01T01:52:59
5.893191,19.681502,2023-01-01T01:53:00
5.893191,19.681502,2023-01-01T01:53:01
5.893191,19.681502,2023-01-01T01:53:02
6.004383,19.681502,2023-01-01T01:53:03
6.004383,19.681502,2023-01-01T01:53:04
6.004383,19.681502,2023-01-01T01:53:05
6.004383,19.681502,2023-01-01T01:53:06
6.004383,19.681502,2023-01-01T01:53:07
6.004383,19.681502,2023-01-01T01:53:08
6.004383,19.681502,2023-01-01T01:53:09
6.004383,19.681502,2023-01-01T01:53:10
6.004383,19.681502,2023-01-01T01:53:11
6.115576,19.681502,2023-01-01T01:53:12
6.115576,19.681502,2023-01-01T01:53:13
6.115576,19.681502,2023-01-01T01:53:14
6.115576,19.681502,2023-01-01T01:53:15
6.115576,19.681502,2023-01-01T01:53:16
6.115576,19.681502,2023-01-01T01:53:17
6.115576,19.681502,2023-01-01T01:53:18
6.115576,19.681502,2023-01-01T01:53:19
6.226768,19.681502,2023-01-01T01:53:20
6.226768,19.681502,2023-01-01T01:53:21
6.226768,19.681502,2023-01-01T01:53:22
6.226768,19.681502,2023-01-01T01:53:23
6.226768,19.681502,2023-01-01T01:53:24
6.226768,19.681502,2023-01-01T01:53:25
6.337960,19.570307,2023-01-01T01:53:26
6.337960,19.570307,2023-01-01T01:53:27
6.337960,19.570307,2023-01-01T01:53:28
6.337960,19.570307,2023-01-01T01:53:29
6.337960,19.570307,2023-01-01T01:53:30
6.337960,19.570307,2023-01-01T01:53:31
6.449153,19.570307,2023-01-01T01:53:32
6.449153,19.570307,2023-01-01T01:53:33
6.449153,19.570307,2023-01-01T01:53:34
6.449153,19.570307,2023-01-01T01:53:35
6.449153,19.570307,2023-01-01T01:53:36
6.449153,19.570307,2023-01-01T01:53:37
6.449153,19.570307,2023-01-01T01:53:38
6.560345,19.570307,2023-01-01T01:53:39
6.560345,19.570307,2023-01-01T01:53:40
6.560345,19.570307,2023-01-01T01:53:41
6.560345,19.570307,2023-01-01T01:53:42
6.560345,19.570307,2023-01-01T01:53:43
6.560345,19.570307,2023-01-01T01:53:44
6.560345,19.570307,2023-01-01T01:53:45
6.671537,19.570307,2023-01-01T01:53:46
6.671537,19.570307,2023-01-01T01:53:47
6.671537,19.570307,2023-01-01T01:53:48
6.671537,19.570307,2023-01-01T01:53:49
6.671537,19.570307,2023-01-01T01:53:50
6.671537,19.570307,2023-01-01T01:53:51
6.671537,19.570307,2023-01-01T01:53:52
6.671537,19.570307,2023-01-01T01:53:53
6.782729,19.459112,2023-01-01T01:53:54
6.782729,19.459112,2023-01-01T01:53:55
6.782729,19.459112,2023-01-01T01:53:56
6.782729,19.459112,2023-01-01T01:53:57
6.782729,19.459112,2023-01-01T01:53:58
6.782729,19.459112,2023-01-01T01:53:59
6.782729,19.459112,2023-01-01T01:54:00
6.782729,19.459112,2023-01-01T01:54:01
6.782729,19.459112,2023-01-01T01:54:02
6.893922,19.459112,2023-01-01T01:54:03
6.782729,19.459112,2023-01-01T01:54:04
6.782729,19.459112,2023-01-01T01:54:05
6.782729,19.459112,2023-01-01T01:54:06
6.782729,19.459112,2023-01-01T01:54:07
6.782729,19.459112,2023-01-01T01:54:08
6.782729,19.347917,2023-01-01T01:54:09
6.782729,19.347917,2023-01-01T01:54:10
6.782729,19.347917,2023-01-01T01:54:11
6.782729,19.347917,2023-01-01T01:54:12
6.782729,19.347917,2023-01-01T01:54:13
6.782729,19.347917,2023-01-01T01:54:14
6.782729,19.347917,2023-01-01T01:54:15
6.782729,19.347917,2023-01-01T01:54:16
6.782729,19.347917,2023-01-01T01:54:17
6.782729,19.347917,2023-01-01T01:54:18
6.782729,19.347917,2023-01-01T01:54:19
6.782729,19.347917,2023-01-01T01:54:20
6.671537,19.347917,2023-01-01T01:54:21
6.671537,19.347917,2023-01-01T01:54:22
6.671537,19.347917,2023-01-01T01:54:23
6.671537,19.347917,2023-01-01T01:54:24
6.671537,19.347917,2023-01-01T01:54:25
6.671537,19.347917,2023-01-01T01:54:26
6.671537,19.347917,2023-01-01T01:54:27
6.671537,19.347917,2023-01-01T01:54:28
6.671537,19.347917,2023-01-01T01:54:29
6.671537,19.236722,2023-01-01T01:54:30
6.671537,19.236722,2023-01-01T01:54:31
6.671537,19.236722,2023-01-01T01:54:32
6.671537,19.236722,2023-01-01T01:54:33
6.671537,19.236722,2023-01-01T01:54:34
6.671537,19.236722,2023-01-01T01:54:35
6.671537,19.236722,2023-01-01T01:54:36
6.671537,19.236722,2023-01-01T01:54:37
6.671537,19.236722,2023-01-01T01:54:38
6.671537,19.236722,2023-01-01T01:54:39
6.671537,19.236722,2023-01-01T01:54:40
6.671537,19.236722,2023-01-01T01:54:41
6.671537,19.236722,2023-01-01T01:54:42
6.671537,19.236722,2023-01-01T01:54:43
6.671537,19.125527,2023-01-01T01:54:44
6.671537,19.125527,2023-01-01T01:54:45
6.671537,19.125527,2023-01-01T01:54:46
6.560345,19.125527,2023-01-01T01:54:47
6.560345,19.125527,2023-01-01T01:54:48
6.560345,19.125527,2023-01-01T01:54:49
6.560345,19.125527,2023-01-01T01:54:50
6.560345,19.125527,2023-01-01T01:54:51
6.560345,19.125527,2023-01-01T01:54:52
6.560345,19.125527,2023-01-01T01:54:53
6.560345,19.014332,2023-01-01T01:54:54
6.560345,19.014332,2023-01-01T01:54:55
6.560345,19.014332,2023-01-01T01:54:56
6.560345,19.014332,2023-01-01T01:54:57
6.560345,19.014332,2023-01-01T01:54:58
6.560345,19.014332,2023-01-01T01:54:59
6.560345,19.014332,2023-01-01T01:55:00
6.560345,19.014332,2023-01-01T01:55:01
6.449153,19.014332,2023-01-01T01:55:02
6.449153,19.014332,2023-01-01T01:55:03
6.449153,19.014332,2023-01-01T01:55:04
6.449153,19.014332,2023-01-01T01:55:05
6.449153,19.014332,2023-01-01T01:55:06
6.560345,19.014332,2023-01-01T01:55:07
6.560345,19.014332,2023-01-01T01:55:08
6.560345,19.014332,2023-01-01T01:55:09
6.560345,19.014332,2023-01-01T01:55:10
6.560345,19.014332,2023-01-01T01:55:11
6.560345,19.125527,2023-01-01T01:55:12
6.560345,19.125527,2023-01-01T01:55:13
6.560345,19.125527,2023-01-01T01:55:14
6.671537,19.236722,2023-01-01T01:55:15
6.671537,19.236722,2023-01-01T01:55:16
6.671537,19.347917,2023-01-01T01:55:17
6.671537,19.347917,2023-01-01T01:55:18
6.671537,19.459112,2023-01-01T01:55:19
6.782729,19.459112,2023-01-01T01:55:20
6.782729,19.570307,2023-01-01T01:55:21
6.782729,19.681502,2023-01-01T01:55:22
6.893922,19.792697,2023-01-01T01:55:23
6.893922,19.792697,2023-01-01T01:55:24
6.893922,19.903892,2023-01-01T01:55:25
7.005114,20.015087,2023-01-01T01:55:26
7.005114,20.126282,2023-01-01T01:55:27
7.005114,20.237477,2023-01-01T01:55:28
7.116306,20.237477,2023-01-01T01:55:29
7.116306,20.348672,2023-01-01T01:55:30
7.116306,20.459867,2023-01-01T01:55:31
7.227499,20.571061,2023-01-01T01:55:32
7.227499,20.682256,2023-01-01T01:55:33
7.227499,20.682256,2023-01-01T01:55:34
7.227499,20.793451,2023-01-01T01:55:35
7.227499,20.793451,2023-01-01T01:55:36
7.338691,20.904646,2023-01-01T01:55:37
7.338691,20.904646,2023-01-01T01:55:38
7.338691,21.015841,2023-01-01T01:55:39
7.338691,21.015841,2023-01-01T01:55:40
7.338691,21.127036,2023-01-01T01:55:41
7.338691,21.127036,2023-01-01T01:55:42
7.338691,21.238231,2023-01-01T01:55:43
7.449883,21.238231,2023-01-01T01:55:44
7.449883,21.349426,2023-01-01T01:55:45
7.449883,21.460621,2023-01-01T01:55:46
7.449883,21.460621,2023-01-01T01:55:47
7.561075,21.571816,2023-01-01T01:55:48
7.561075,21.683011,2023-01-01T01:55:49
7.561075,21.683011,2023-01-01T01:55:50
7.561075,21.794206,2023-01-01T01:55:51
7.672268,21.905401,2023-01-01T01:55:52
7.672268,21.905401,2023-01-01T01:55:53
7.672268,22.016595,2023-01-01T01:55:54
7.672268,22.127790,2023-01-01T01:55:55
7.672268,22.127790,2023-01-01T01:55:56
7.783460,22.238985,2023-01-01T01:55:57
7.783460,22.350180,2023-01-01T01:55:58
7.783460,22.350180,2023-01-01T01:55:59
7.783460,22.461375,2023-01-01T01:56:00
7.783460,22.461375,2023-01-01T01:56:01
7.783460,22.572570,2023-01-01T01:56:02
7.894652,22.572570,2023-01-01T01:56:03
7.894652,22.461375,2023-01-01T01:56:04
7.894652,22.461375,2023-01-01T01:56:05
7.894652,22.350180,2023-01-01T01:56:06
7.894652,22.350180,2023-01-01T01:56:07
7.894652,22.238985,2023-01-01T01:56:08
7.894652,22.238985,2023-01-01T01:56:09
7.894652,22.238985,2023-01-01T01:56:10
7.894652,22.127790,2023-01-01T01:56:11
7.894652,22.127790,2023-01-01T01:56:12
7.894652,22.238985,2023-01-01T01:56:13
8.005845,22.238985,2023-01-01T01:56:14
8.005845,22.238985,2023-01-01T01:56:15
8.005845,22.238985,2023-01-01T01:56:16
8.005845,22.350180,2023-01-01T01:56:17
8.117037,22.350180,2023-01-01T01:56:18
8.117037,22.461375,2023-01-01T01:56:19
8.117037,22.572570,2023-01-01T01:56:20
8.228229,22.572570,2023-01-01T01:56:21
8.228229,22.683765,2023-01-01T01:56:22
8.339421,22.794960,2023-01-01T01:56:23
8.339421,22.906155,2023-01-01T01:56:24
8.339421,23.017350,2023-01-01T01:56:25
8.450614,23.128545,2023-01-01T01:56:26
8.450614,23.239740,2023-01-01T01:56:27
8.561806,23.350935,2023-01-01T01:56:28
8.561806,23.462130,2023-01-01T01:56:29
8.672998,23.573324,2023-01-01T01:56:30
8.672998,23.684519,2023-01-01T01:56:31
8.784191,23.795714,2023-01-01T01:56:32
8.784191,23.906909,2023-01-01T01:56:33
8.784191,23.795714,2023-01-01T01:56:34
8.784191,23.795714,2023-01-01T01:56:35
8.672998,23.684519,2023-01-01T01:56:36
8.672998,23.684519,2023-01-01T01:56:37
8.672998,23.573324,2023-01-01T01:56:38
8.672998,23.573324,2023-01-01T01:56:39
8.672998,23.462130,2023-01-01T01:56:40
8.672998,23.350935,2023-01-01T01:56:41
8.561806,23.350935,2023-01-01T01:56:42
8.561806,23.239740,2023-01-01T01:56:43
8.561806,23.239740,2023-01-01T01:56:44
8.561806,23.128545,2023-01-01T01:56:45
8.561806,23.128545,2023-01-01T01:56:46
8.450614,23.017350,2023-01-01T01:56:47
8.450614,23.017350,2023-01-01T01:56:48
8.450614,22.906155,2023-01-01T01:56:49
8.450614,22.906155,2023-01-01T01:56:50
8.450614,22.794960,2023-01-01T01:56:51
8.450614,22.794960,2023-01-01T01:56:52
8.339421,22.683765,2023-01-01T01:56:53
8.339421,22.683765,2023-01-01T01:56:54
8.339421,22.572570,2023-01-01T01:56:55
8.339421,22.572570,2023-01-01T01:56:56
8.339421,22.461375,2023-01-01T01:56:57
8.228229,22.461375,2023-01-01T01:56:58
8.228229,22.350180,2023-01-01T01:56:59
8.228229,22.350180,2023-01-01T01:57:00
8.228229,22.238985,2023-01-01T01:57:01
8.117037,22.238985,2023-01-01T01:57:02
8.117037,22.127790,2023-01-01T01:57:03
8.005845,22.016595,2023-01-01T01:57:04
8.005845,21.905401,2023-01-01T01:57:05
7.894652,21.794206,2023-01-01T01:57:06
7.783460,21.683011,2023-01-01T01:57:07
7.783460,21.460621,2023-01-01T01:57:08
7.672268,21.349426,2023-01-01T01:57:09
7.672268,21.238231,2023-01-01T01:57:10
7.561075,21.127036,2023-01-01T01:57:11
7.449883,21.015841,2023-01-01T01:57:12
7.449883,20.904646,2023-01-01T01:57:13
7.338691,20.682256,2023-01-01T01:57:14
7.227499,20.571061,2023-01-01T01:57:15
7.227499,20.459867,2023-01-01T01:57:16
7.116306,20.348672,2023-01-01T01:57:17
7.005114,20.237477,2023-01-01T01:57:18
7.005114,20.126282,2023-01-01T01:57:19
6.893922,20.015087,2023-01-01T01:57:20
6.782729,19.903892,2023-01-01T01:57:21
6.782729,19.681502,2023-01-01T01:57:22
6.671537,19.570307,2023-01-01T01:57:23
6.560345,19.459112,2023-01-01T01:57:24
6.560345,19.347917,2023-01-01T01:57:25
6.449153,19.236722,2023-01-01T01:57:26
6.449153,19.125527,2023-01-01T01:57:27
6.337960,19.014332,2023-01-01T01:57:28
6.226768,18.903138,2023-01-01T01:57:29
6.226768,18.791943,2023-01-01T01:57:30
6.115576,18.680748,2023-01-01T01:57:31
6.115576,18.569553,2023-01-01T01:57:32
6.004383,18.458358,2023-01-01T01:57:33
6.004383,18.458358,2023-01-01T01:57:34
6.004383,18.347163,2023-01-01T01:57:35
6.004383,18.347163,2023-01-01T01:57:36
6.004383,18.235968,2023-01-01T01:57:37
6.004383,18.235968,2023-01-01T01:57:38
6.004383,18.124773,2023-01-01T01:57:39
6.004383,18.124773,2023-01-01T01:57:40
6.004383,18.013578,2023-01-01T01:57:41
6.004383,18.013578,2023-01-01T01:57:42
6.004383,17.902383,2023-01-01T01:57:43
6.004383,17.902383,2023-01-01T01:57:44
6.004383,17.791188,2023-01-01T01:57:45
5.893191,17.791188,2023-01-01T01:57:46
5.893191,17.679993,2023-01-01T01:57:47
5.893191,17.679993,2023-01-01T01:57:48
5.893191,17.679993,2023-01-01T01:57:49
5.893191,17.568798,2023-01-01T01:57:50
5.893191,17.568798,2023-01-01T01:57:51
5.893191,17.457603,2023-01-01T01:57:52
5.893191,17.457603,2023-01-01T01:57:53
5.893191,17.457603,2023-01-01T01:57:54
5.893191,17.346409,2023-01-01T01:57:55
5.893191,17.346409,2023-01-01T01:57:56
5.893191,17.346409,2023-01-01T01:57:57
5.893191,17.235214,2023-01-01T01:57:58
5.893191,17.235214,2023-01-01T01:57:59
5.893191,17.235214,2023-01-01T01:58:00
5.893191,17.235214,2023-01-01T01:58:01
5.893191,17.124019,2023-01-01T01:58:02
5.893191,17.124019,2023-01-01T01:58:03
5.893191,17.124019,2023-01-01T01:58:04
5.893191,17.124019,2023-01-01T01:58:05
5.893191,17.124019,2023-01-01T01:58:06
6.004383,17.124019,2023-01-01T01:58:07
6.004383,17.124019,2023-01-01T01:58:08
6.004383,17.124019,2023-01-01T01:58:09
6.004383,17.235214,2023-01-01T01:58:10
6.004383,17.235214,2023-01-01T01:58:11
6.004383,17.235214,2023-01-01T01:58:12
6.004383,17.235214,2023-01-01T01:58:13
6.004383,17.235214,2023-01-01T01:58:14
6.115576,17.235214,2023-01-01T01:58:15
6.115576,17.235214,2023-01-01T01:58:16
6.115576,17.235214,2023-01-01T01:58:17
6.115576,17.235214,2023-01-01T01:58:18
6.115576,17.235214,2023-01-01T01:58:19
6.115576,17.235214,2023-01-01T01:58:20
6.115576,17.235214,2023-01-01T01:58:21
6.115576,17.235214,2023-01-01T01:58:22
6.115576,17.346409,2023-01-01T01:58:23
6.115576,17.346409,2023-01-01T01:58:24
6.226768,17.346409,2023-01-01T01:58:25
6.226768,17.346409,2023-01-01T01:58:26
6.226768,17.346409,2023-01-01T01:58:27
6.226768,17.346409,2023-01-01T01:58:28
6.226768,17.346409,2023-01-01T01:58:29
6.226768,17.346409,2023-01-01T01:58:30
6.226768,17.346409,2023-01-01T01:58:31
6.226768,17.346409,2023-01-01T01:58:32
6.226768,17.346409,2023-01-01T01:58:33
6.226768,17.346409,2023-01-01T01:58:34
6.226768,17.346409,2023-01-01T01:58:35
6.226768,17.346409,2023-01-01T01:58:36
6.226768,17.457603,2023-01-01T01:58:37
6.226768,17.457603,2023-01-01T01:58:38
6.226768,17.457603,2023-01-01T01:58:39
6.226768,17.457603,2023-01-01T01:58:40
6.226768,17.457603,2023-01-01T01:58:41
6.226768,17.457603,2023-01-01T01:58:42
6.226768,17.457603,2023-01-01T01:58:43
6.337960,17.457603,2023-01-01T01:58:44
6.337960,17.457603,2023-01-01T01:58:45
6.337960,17.457603,2023-01-01T01:58:46
6.337960,17.457603,2023-01-01T01:58:47
6.337960,17.457603,2023-01-01T01:58:48
6.337960,17.457603,2023-01-01T01:58:49
6.337960,17.457603,2023-01-01T01:58:50
6.337960,17.457603,2023-01-01T01:58:51
6.337960,17.457603,2023-01-01T01:58:52
6.337960,17.457603,2023-01-01T01:58:53
6.337960,17.457603,2023-01-01T01:58:54
6.337960,17.457603,2023-01-01T01:58:55
6.337960,17.457603,2023-01-01T01:58:56
6.337960,17.457603,2023-01-01T01:58:57
6.337960,17.457603,2023-01-01T01:58:58
6.337960,17.457603,2023-01-01T01:58:59
6.337960,17.457603,2023-01-01T01:59:00
6.337960,17.457603,2023-01-01T01:59:01
6.337960,17.457603,2023-01-01T01:59:02
6.337960,17.457603,2023-01-01T01:59:03
6.337960,17.457603,2023-01-01T01:59:04
6.337960,17.457603,2023-01-01T01:59:05
6.337960,17.457603,2023-01-01T01:59:06
6.337960,17.457603,2023-01-01T01:59:07
6.337960,17.457603,2023-01-01T01:59:08
6.337960,17.457603,2023-01-01T01:59:09
6.337960,17.457603,2023-01-01T01:59:10
6.337960,17.457603,2023-01-01T01:59:11
6.337960,17.346409,2023-01-01T01:59:12
6.337960,17.346409,2023-01-01T01:59:13
6.337960,17.346409,2023-01-01T01:59:14
6.337960,17.346409,2023-01-01T01:59:15
6.337960,17.346409,2023-01-01T01:59:16
6.337960,17.346409,2023-01-01T01:59:17
6.337960,17.346409,2023-01-01T01:59:18
6.337960,17.346409,2023-01-01T01:59:19
6.337960,17.346409,2023-01-01T01:59:20
6.337960,17.346409,2023-01-01T01:59:21
6.337960,17.346409,2023-01-01T01:59:22
6.337960,17.346409,2023-01-01T01:59:23
6.337960,17.346409,2023-01-01T01:59:24
6.337960,17.346409,2023-01-01T01:59:25
6.337960,17.235214,2023-01-01T01:59:26
6.337960,17.235214,2023-01-01T01:59:27
6.337960,17.235214,2023-01-01T01:59:28
6.337960,17.235214,2023-01-01T01:59:29
6.337960,17.235214,2023-01-01T01:59:30
6.337960,17.235214,2023-01-01T01:59:31
6.337960,17.235214,2023-01-01T01:59:32
6.337960,17.235214,2023-01-01T01:59:33
6.337960,17.235214,2023-01-01T01:59:34
6.337960,17.235214,2023-01-01T01:59:35
6.337960,17.235214,2023-01-01T01:59:36
6.337960,17.124019,2023-01-01T01:59:37
6.337960,17.124019,2023-01-01T01:59:38
6.337960,17.124019,2023-01-01T01:59:39
6.337960,17.124019,2023-01-01T01:59:40
6.337960,17.124019,2023-01-01T01:59:41
6.337960,17.124019,2023-01-01T01:59:42
6.337960,17.124019,2023-01-01T01:59:43
6.337960,17.124019,2023-01-01T01:59:44
6.337960,17.124019,2023-01-01T01:59:45
6.337960,17.124019,2023-01-01T01:59:46
6.337960,17.124019,2023-01-01T01:59:47
6.337960,17.124019,2023-01-01T01:59:48
6.337960,17.124019,2023-01-01T01:59:49
6.337960,17.124019,2023-01-01T01:59:50
6.337960,17.124019,2023-01-01T01:59:51
6.337960,17.124019,2023-01-01T01:59:52
6.337960,17.124019,2023-01-01T01:59:53
6.337960,17.124019,2023-01-01T01:59:54
6.337960,17.124019,2023-01-01T01:59:55
6.337960,17.124019,2023-01-01T01:59:56
6.337960,17.012824,2023-01-01T01:59:57
6.337960,17.012824,2023-01-01T01:59:58
6.337960,17.012824,2023-01-01T01:59:59
6.337960,17.012824,2023-01-01T02:00:00
6.337960,17.012824,2023-01-01T02:00:01
6.337960,17.012824,2023-01-01T02:00:02
6.337960,17.012824,2023-01-01T02:00:03
6.337960,17.012824,2023-01-01T02:00:04
6.337960,17.012824,2023-01-01T02:00:05
6.337960,17.012824,2023-01-01T02:00:06
6.337960,17.012824,2023-01-01T02:00:07
6.337960,17.012824,2023-01-01T02:00:08
6.337960,17.012824,2023-01-01T02:00:09
6.337960,17.012824,2023-01-01T02:00:10
6.337960,17.012824,2023-01-01T02:00:11
6.337960,17.012824,2023-01-01T02:00:12
6.337960,17.012824,2023-01-01T02:00:13
6.337960,17.012824,2023-01-01T02:00:14
6.337960,17.012824,2023-01-01T02:00:15
6.337960,17.012824,2023-01-01T02:00:16
6.337960,17.012824,2023-01-01T02:00:17
6.337960,17.012824,2023-01-01T02:00:18
6.337960,17.012824,2023-01-01T02:00:19
6.337960,17.012824,2023-01-01T02:00:20
6.337960,17.012824,2023-01-01T02:00:21
6.337960,17.012824,2023-01-01T02:00:22
6.337960,17.012824,2023-01-01T02:00:23
6.337960,17.012824,2023-01-01T02:00:24
6.337960,17.012824,2023-01-01T02:00:25
6.337960,17.012824,2023-01-01T02:00:26
6.337960,17.012824,2023-01-01T02:00:27
6.337960,17.012824,2023-01-01T02:00:28
6.337960,17.012824,2023-01-01T02:00:29
6.337960,17.012824,2023-01-01T02:00:30
6.337960,17.012824,2023-01-01T02:00:31
6.449153,17.012824,2023-01-01T02:00:32
6.449153,17.012824,2023-01-01T02:00:33
6.449153,17.012824,2023-01-01T02:00:34
6.449153,17.012824,2023-01-01T02:00:35
6.449153,17.012824,2023-01-01T02:00:36
6.449153,17.012824,2023-01-01T02:00:37
6.449153,17.012824,2023-01-01T02:00:38
6.449153,17.012824,2023-01-01T02:00:39
6.449153,17.012824,2023-01-01T02:00:40
6.449153,17.012824,2023-01-01T02:00:41
6.449153,17.012824,2023-01-01T02:00:42
6.449153,17.012824,2023-01-01T02:00:43
6.449153,17.124019,2023-01-01T02:00:44
6.449153,17.124019,2023-01-01T02:00:45
6.560345,17.124019,2023-01-01T02:00:46
6.560345,17.124019,2023-01-01T02:00:47
6.560345,17.124019,2023-01-01T02:00:48
6.560345,17.124019,2023-01-01T02:00:49
6.560345,17.124019,2023-01-01T02:00:50
6.560345,17.124019,2023-01-01T02:00:51
6.560345,17.124019,2023-01-01T02:00:52
6.560345,17.124019,2023-01-01T02:00:53
6.560345,17.124019,2023-01-01T02:00:54
6.671537,17.124019,2023-01-01T02:00:55
6.671537,17.124019,2023-01-01T02:00:56
6.671537,17.124019,2023-01-01T02:00:57
6.671537,17.124019,2023-01-01T02:00:58
6.671537,17.124019,2023-01-01T02:00:59
6.671537,17.235214,2023-01-01T02:01:00
6.671537,17.235214,2023-01-01T02:01:01
6.671537,17.235214,2023-01-01T02:01:02
6.671537,17.235214,2023-01-01T02:01:03
6.671537,17.235214,2023-01-01T02:01:04
6.671537,17.235214,2023-01-01T02:01:05
6.671537,17.235214,2023-01-01T02:01:06
6.671537,17.235214,2023-01-01T02:01:07
6.671537,17.235214,2023-01-01T02:01:08
6.671537,17.235214,2023-01-01T02:01:09
6.671537,17.235214,2023-01-01T02:01:10
6.671537,17.235214,2023-01-01T02:01:11
6.671537,17.235214,2023-01-01T02:01:12
6.671537,17.235214,2023-01-01T02:01:13
6.671537,17.235214,2023-01-01T02:01:14
6.671537,17.235214,2023-01-01T02:01:15
6.671537,17.235214,2023-01-01T02:01:16
6.671537,17.235214,2023-01-01T02:01:17
6.671537,17.235214,2023-01-01T02:01:18
6.671537,17.235214,2023-01-01T02:01:19
6.671537,17.235214,2023-01-01T02:01:20
6.671537,17.235214,2023-01-01T02:01:21
6.671537,17.235214,2023-01-01T02:01:22
6.671537,17.235214,2023-01-01T02:01:23
6.671537,17.124019,2023-01-01T02:01:24
6.671537,17.124019,2023-01-01T02:01:25
6.671537,17.124019,2023-01-01T02:01:26
6.671537,17.124019,2023-01-01T02:01:27
6.671537,17.124019,2023-01-01T02:01:28
6.671537,17.124019,2023-01-01T02:01:29
6.671537,17.124019,2023-01-01T02:01:30
6.671537,17.124019,2023-01-01T02:01:31
6.560345,17.235214,2023-01-01T02:01:32
6.560345,17.235214,2023-01-01T02:01:33
6.560345,17.124019,2023-01-01T02:01:34
6.560345,17.124019,2023-01-01T02:01:35
6.560345,17.124019,2023-01-01T02:01:36
6.560345,17.124019,2023-01-01T02:01:37
6.449153,17.124019,2023-01-01T02:01:38
6.449153,17.124019,2023-01-01T02:01:39
6.449153,17.124019,2023-01-01T02:01:40
6.449153,17.124019,2023-01-01T02:01:41
6.337960,17.124019,2023-01-01T02:01:42
6.337960,17.124019,2023-01-01T02:01:43
6.337960,17.124019,2023-01-01T02:01:44
6.337960,17.124019,2023-01-01T02:01:45
6.226768,17.124019,2023-01-01T02:01:46
6.226768,17.124019,2023-01-01T02:01:47
6.226768,17.124019,2023-01-01T02:01:48
6.115576,17.124019,2023-01-01T02:01:49
6.115576,17.124019,2023-01-01T02:01:50
6.115576,17.124019,2023-01-01T02:01:51
6.115576,17.124019,2023-01-01T02:01:52
6.115576,17.124019,2023-01-01T02:01:53
6.004383,17.124019,2023-01-01T02:01:54
6.004383,17.124019,2023-01-01T02:01:55
6.004383,17.124019,2023-01-01T02:01:56
6.004383,17.124019,2023-01-01T02:01:57
5.893191,17.012824,2023-01-01T02:01:58
5.893191,17.012824,2023-01-01T02:01:59
5.893191,17.012824,2023-01-01T02:02:00
5.893191,17.012824,2023-01-01T02:02:01
5.893191,17.012824,2023-01-01T02:02:02
5.893191,17.012824,2023-01-01T02:02:03
5.893191,17.012824,2023-01-01T02:02:04
5.893191,17.012824,2023-01-01T02:02:05
5.893191,17.012824,2023-01-01T02:02:06
5.893191,17.012824,2023-01-01T02:02:07
5.893191,17.012824,2023-01-01T02:02:08
5.893191,17.012824,2023-01-01T02:02:09
5.893191,17.012824,2023-01-01T02:02:10
5.893191,17.012824,2023-01-01T02:02:11
5.893191,16.901629,2023-01-01T02:02:12
5.893191,16.901629,2023-01-01T02:02:13
5.893191,16.901629,2023-01-01T02:02:14
5.893191,16.901629,2023-01-01T02:02:15
5.893191,16.901629,2023-01-01T02:02:16
5.893191,16.901629,2023-01-01T02:02:17
5.893191,16.901629,2023-01-01T02:02:18
5.893191,16.901629,2023-01-01T02:02:19
5.893191,16.901629,2023-01-01T02:02:20
5.893191,16.901629,2023-01-01T02:02:21
5.893191,16.790434,2023-01-01T02:02:22
5.893191,16.790434,2023-01-01T02:02:23
6.004383,16.790434,2023-01-01T02:02:24
6.004383,16.790434,2023-01-01T02:02:25
6.004383,16.790434,2023-01-01T02:02:26
6.004383,16.790434,2023-01-01T02:02:27
6.004383,16.790434,2023-01-01T02:02:28
6.004383,16.790434,2023-01-01T02:02:29
6.004383,16.790434,2023-01-01T02:02:30
6.004383,16.679239,2023-01-01T02:02:31
6.004383,16.679239,2023-01-01T02:02:32
6.004383,16.679239,2023-01-01T02:02:33
6.115576,16.679239,2023-01-01T02:02:34
6.115576,16.679239,2023-01-01T02:02:35
6.115576,16.679239,2023-01-01T02:02:36
6.115576,16.679239,2023-01-01T02:02:37
6.115576,16.679239,2023-01-01T02:02:38
6.115576,16.679239,2023-01-01T02:02:39
6.115576,16.679239,2023-01-01T02:02:40
6.115576,16.679239,2023-01-01T02:02:41
6.115576,16.568044,2023-01-01T02:02:42
6.115576,16.568044,2023-01-01T02:02:43
6.115576,16.568044,2023-01-01T02:02:44
6.115576,16.568044,2023-01-01T02:02:45
6.226768,16.568044,2023-01-01T02:02:46
6.226768,16.568044,2023-01-01T02:02:47
6.226768,16.568044,2023-01-01T02:02:48
6.226768,16.568044,2023-01-01T02:02:49
6.226768,16.568044,2023-01-01T02:02:50
6.226768,16.568044,2023-01-01T02:02:51
6.226768,16.456849,2023-01-01T02:02:52
6.226768,16.456849,2023-01-01T02:02:53
6.226768,16.456849,2023-01-01T02:02:54
6.226768,16.456849,2023-01-01T02:02:55
6.226768,16.456849,2023-01-01T02:02:56
6.226768,16.456849,2023-01-01T02:02:57
6.226768,16.456849,2023-01-01T02:02:58
6.226768,16.456849,2023-01-01T02:02:59
6.226768,16.456849,2023-01-01T02:03:00
6.226768,16.345654,2023-01-01T02:03:01
6.226768,16.345654,2023-01-01T02:03:02
6.226768,16.345654,2023-01-01T02:03:03
6.115576,16.345654,2023-01-01T02:03:04
6.115576,16.345654,2023-01-01T02:03:05
6.115576,16.345654,2023-01-01T02:03:06
6.115576,16.345654,2023-01-01T02:03:07
6.004383,16.345654,2023-01-01T02:03:08
6.004383,16.345654,2023-01-01T02:03:09
6.004383,16.345654,2023-01-01T02:03:10
5.893191,16.345654,2023-01-01T02:03:11
5.893191,16.345654,2023-01-01T02:03:12
5.893191,16.345654,2023-01-01T02:03:13
5.781999,16.345654,2023-01-01T02:03:14
5.781999,16.345654,2023-01-01T02:03:15
5.781999,16.345654,2023-01-01T02:03:16
5.670807,16.345654,2023-01-01T02:03:17
5.670807,16.345654,2023-01-01T02:03:18
5.670807,16.345654,2023-01-01T02:03:19
5.559614,16.345654,2023-01-01T02:03:20
5.559614,16.345654,2023-01-01T02:03:21
5.448422,16.345654,2023-01-01T02:03:22
5.448422,16.345654,2023-01-01T02:03:23
5.448422,16.345654,2023-01-01T02:03:24
5.337230,16.345654,2023-01-01T02:03:25
5.337230,16.345654,2023-01-01T02:03:26
5.226037,16.345654,2023-01-01T02:03:27
5.226037,16.345654,2023-01-01T02:03:28
5.226037,16.345654,2023-01-01T02:03:29
5.114845,16.345654,2023-01-01T02:03:30
5.114845,16.345654,2023-01-01T02:03:31
5.003653,16.345654,2023-01-01T02:03:32
5.003653,16.345654,2023-01-01T02:03:33
5.003653,16.345654,2023-01-01T02:03:34
5.003653,16.345654,2023-01-01T02:03:35
5.003653,16.345654,2023-01-01T02:03:36
4.892461,16.345654,2023-01-01T02:03:37
4.892461,16.345654,2023-01-01T02:03:38
4.892461,16.345654,2023-01-01T02:03:39
4.892461,16.345654,2023-01-01T02:03:40
4.892461,16.345654,2023-01-01T02:03:41
4.892461,16.345654,2023-01-01T02:03:42
4.892461,16.345654,2023-01-01T02:03:43
4.781268,16.345654,2023-01-01T02:03:44
4.781268,16.345654,2023-01-01T02:03:45
4.781268,16.345654,2023-01-01T02:03:46
4.781268,16.345654,2023-01-01T02:03:47
4.781268,16.345654,2023-01-01T02:03:48
4.781268,16.345654,2023-01-01T02:03:49
4.670076,16.345654,2023-01-01T02:03:50
4.670076,16.345654,2023-01-01T02:03:51
4.670076,16.345654,2023-01-01T02:03:52
4.670076,16.345654,2023-01-01T02:03:53
4.670076,16.345654,2023-01-01T02:03:54
4.670076,16.345654,2023-01-01T02:03:55
4.670076,16.345654,2023-01-01T02:03:56
4.670076,16.345654,2023-01-01T02:03:57
4.558884,16.345654,2023-01-01T02:03:58
4.558884,16.345654,2023-01-01T02:03:59
4.558884,16.234459,2023-01-01T02:04:00
4.558884,16.234459,2023-01-01T02:04:01
4.558884,16.234459,2023-01-01T02:04:02
4.558884,16.234459,2023-01-01T02:04:03
4.558884,16.234459,2023-01-01T02:04:04
4.670076,16.234459,2023-01-01T02:04:05
4.670076,16.234459,2023-01-01T02:04:06
4.670076,16.234459,2023-01-01T02:04:07
4.781268,16.234459,2023-01-01T02:04:08
4.781268,16.234459,2023-01-01T02:04:09
4.781268,16.234459,2023-01-01T02:04:10
4.892461,16.234459,2023-01-01T02:04:11
4.892461,16.234459,2023-01-01T02:04:12
4.892461,16.234459,2023-01-01T02:04:13
5.003653,16.234459,2023-01-01T02:04:14
5.003653,16.234459,2023-01-01T02:04:15
5.003653,16.234459,2023-01-01T02:04:16
5.114845,16.123264,2023-01-01T02:04:17
5.114845,16.123264,2023-01-01T02:04:18
5.114845,16.123264,2023-01-01T02:04:19
5.226037,16.123264,2023-01-01T02:04:20
5.226037,16.123264,2023-01-01T02:04:21
5.226037,16.123264,2023-01-01T02:04:22
5.337230,16.012069,2023-01-01T02:04:23
5.337230,16.012069,2023-01-01T02:04:24
5.337230,16.012069,2023-01-01T02:04:25
5.448422,16.012069,2023-01-01T02:04:26
5.448422,16.012069,2023-01-01T02:04:27
5.559614,15.900875,2023-01-01T02:04:28
5.559614,15.900875,2023-01-01T02:04:29
5.559614,15.900875,2023-01-01T02:04:30
5.670807,15.789680,2023-01-01T02:04:31
5.670807,15.789680,2023-01-01T02:04:32
5.781999,15.789680,2023-01-01T02:04:33
5.781999,15.789680,2023-01-01T02:04:34
5.781999,15.789680,2023-01-01T02:04:35
5.781999,15.789680,2023-01-01T02:04:36
5.781999,15.789680,2023-01-01T02:04:37
5.893191,15.789680,2023-01-01T02:04:38
5.893191,15.789680,2023-01-01T02:04:39
5.893191,15.789680,2023-01-01T02:04:40
5.893191,15.789680,2023-01-01T02:04:41
6.004383,15.789680,2023-01-01T02:04:42
6.004383,15.789680,2023-01-01T02:04:43
6.004383,15.789680,2023-01-01T02:04:44
6.115576,15.678485,2023-01-01T02:04:45
6.115576,15.678485,2023-01-01T02:04:46
6.115576,15.678485,2023-01-01T02:04:47
6.226768,15.678485,2023-01-01T02:04:48
6.226768,15.678485,2023-01-01T02:04:49
6.337960,15.678485,2023-01-01T02:04:50
6.337960,15.678485,2023-01-01T02:04:51
6.449153,15.678485,2023-01-01T02:04:52
6.449153,15.678485,2023-01-01T02:04:53
6.560345,15.678485,2023-01-01T02:04:54
6.560345,15.678485,2023-01-01T02:04:55
6.671537,15.567290,2023-01-01T02:04:56
6.782729,15.567290,2023-01-01T02:04:57
6.782729,15.567290,2023-01-01T02:04:58
6.893922,15.567290,2023-01-01T02:04:59
6.893922,15.567290,2023-01-01T02:05:00
7.005114,15.567290,2023-01-01T02:05:01
7.116306,15.567290,2023-01-01T02:05:02
7.227499,15.567290,2023-01-01T02:05:03
7.227499,15.567290,2023-01-01T02:05:04
7.227499,15.567290,2023-01-01T02:05:05
7.227499,15.678485,2023-01-01T02:05:06
7.338691,15.678485,2023-01-01T02:05:07
7.338691,15.678485,2023-01-01T02:05:08
7.338691,15.678485,2023-01-01T02:05:09
7.449883,15.789680,2023-01-01T02:05:10
7.449883,15.789680,2023-01-01T02:05:11
7.449883,15.789680,2023-01-01T02:05:12
7.561075,15.789680,2023-01-01T02:05:13
7.561075,15.900875,2023-01-01T02:05:14
7.672268,15.900875,2023-01-01T02:05:15
7.672268,15.900875,2023-01-01T02:05:16
7.783460,16.012069,2023-01-01T02:05:17
7.783460,16.012069,2023-01-01T02:05:18
7.894652,16.012069,2023-01-01T02:05:19
7.894652,16.012069,2023-01-01T02:05:20
8.005845,16.123264,2023-01-01T02:05:21
8.005845,16.123264,2023-01-01T02:05:22
8.117037,16.234459,2023-01-01T02:05:23
8.117037,16.234459,2023-01-01T02:05:24
8.228229,16.234459,2023-01-01T02:05:25
8.339421,16.345654,2023-01-01T02:05:26
8.339421,16.345654,2023-01-01T02:05:27
8.450614,16.345654,2023-01-01T02:05:28
8.450614,16.456849,2023-01-01T02:05:29
8.561806,16.456849,2023-01-01T02:05:30
8.672998,16.568044,2023-01-01T02:05:31
8.672998,16.568044,2023-01-01T02:05:32
8.784191,16.679239,2023-01-01T02:05:33
8.784191,16.679239,2023-01-01T02:05:34
8.784191,16.679239,2023-01-01T02:05:35
8.784191,16.790434,2023-01-01T02:05:36
8.784191,16.790434,2023-01-01T02:05:37
8.784191,16.901629,2023-01-01T02:05:38
8.784191,16.901629,2023-01-01T02:05:39
8.784191,17.012824,2023-01-01T02:05:40
8.784191,17.012824,2023-01-01T02:05:41
8.784191,17.124019,2023-01-01T02:05:42
8.784191,17.124019,2023-01-01T02:05:43
8.895383,17.235214,2023-01-01T02:05:44
8.895383,17.235214,2023-01-01T02:05:45
8.895383,17.346409,2023-01-01T02:05:46
8.895383,17.346409,2023-01-01T02:05:47
8.895383,17.457603,2023-01-01T02:05:48
9.006575,17.457603,2023-01-01T02:05:49
9.006575,17.457603,2023-01-01T02:05:50
9.006575,17.568798,2023-01-01T02:05:51
9.117767,17.568798,2023-01-01T02:05:52
9.117767,17.679993,2023-01-01T02:05:53
9.117767,17.679993,2023-01-01T02:05:54
9.228960,17.791188,2023-01-01T02:05:55
9.228960,17.791188,2023-01-01T02:05:56
9.228960,17.902383,2023-01-01T02:05:57
9.340152,17.902383,2023-01-01T02:05:58
9.340152,17.902383,2023-01-01T02:05:59
9.451344,18.013578,2023-01-01T02:06:00
9.451344,18.013578,2023-01-01T02:06:01
9.562537,18.124773,2023-01-01T02:06:02
9.562537,18.124773,2023-01-01T02:06:03
9.562537,18.124773,2023-01-01T02:06:04
9.562537,18.124773,2023-01-01T02:06:05
9.562537,18.235968,2023-01-01T02:06:06
9.562537,18.235968,2023-01-01T02:06:07
9.562537,18.235968,2023-01-01T02:06:08
9.562537,18.235968,2023-01-01T02:06:09
9.562537,18.235968,2023-01-01T02:06:10
9.562537,18.235968,2023-01-01T02:06:11
9.562537,18.235968,2023-01-01T02:06:12
9.562537,18.235968,2023-01-01T02:06:13
9.562537,18.235968,2023-01-01T02:06:14
9.562537,18.235968,2023-01-01T02:06:15
9.673729,18.235968,2023-01-01T02:06:16
9.673729,18.235968,2023-01-01T02:06:17
9.673729,18.235968,2023-01-01T02:06:18
9.673729,18.235968,2023-01-01T02:06:19
9.673729,18.235968,2023-01-01T02:06:20
9.784921,18.235968,2023-01-01T02:06:21
9.784921,18.235968,2023-01-01T02:06:22
9.784921,18.235968,2023-01-01T02:06:23
9.896113,18.235968,2023-01-01T02:06:24
9.896113,18.124773,2023-01-01T02:06:25
9.896113,18.124773,2023-01-01T02:06:26
10.007306,18.124773,2023-01-01T02:06:27
10.007306,18.124773,2023-01-01T02:06:28
10.118498,18.124773,2023-01-01T02:06:29
10.118498,18.013578,2023-01-01T02:06:30
10.229690,18.013578,2023-01-01T02:06:31
10.229690,18.013578,2023-01-01T02:06:32
10.340883,18.013578,2023-01-01T02:06:33
10.229690,18.013578,2023-01-01T02:06:34
10.229690,17.902383,2023-01-01T02:06:35
10.229690,17.902383,2023-01-01T02:06:36
10.229690,17.902383,2023-01-01T02:06:37
10.229690,17.902383,2023-01-01T02:06:38
10.229690,17.902383,2023-01-01T02:06:39
10.229690,17.791188,2023-01-01T02:06:40
10.229690,17.791188,2023-01-01T02:06:41
10.229690,17.791188,2023-01-01T02:06:42
10.229690,17.791188,2023-01-01T02:06:43
10.229690,17.679993,2023-01-01T02:06:44
10.229690,17.679993,2023-01-01T02:06:45
10.229690,17.679993,2023-01-01T02:06:46
10.229690,17.679993,2023-01-01T02:06:47
10.229690,17.568798,2023-01-01T02:06:48
10.229690,17.568798,2023-01-01T02:06:49
10.229690,17.568798,2023-01-01T02:06:50
10.229690,17.457603,2023-01-01T02:06:51
10.229690,17.457603,2023-01-01T02:06:52
10.229690,17.457603,2023-01-01T02:06:53
10.229690,17.346409,2023-01-01T02:06:54
10.229690,17.346409,2023-01-01T02:06:55
10.229690,17.346409,2023-01-01T02:06:56
10.229690,17.235214,2023-01-01T02:06:57
10.229690,17.235214,2023-01-01T02:06:58
10.340883,17.235214,2023-01-01T02:06:59
10.340883,17.235214,2023-01-01T02:07:00
10.340883,17.124019,2023-01-01T02:07:01
10.340883,17.124019,2023-01-01T02:07:02
10.340883,17.124019,2023-01-01T02:07:03
10.229690,17.124019,2023-01-01T02:07:04
10.229690,17.124019,2023-01-01T02:07:05
10.229690,17.124019,2023-01-01T02:07:06
10.118498,17.124019,2023-01-01T02:07:07
10.118498,17.124019,2023-01-01T02:07:08
10.118498,17.124019,2023-01-01T02:07:09
10.118498,17.124019,2023-01-01T02:07:10
10.007306,17.124019,2023-01-01T02:07:11
10.007306,17.124019,2023-01-01T02:07:12
10.007306,17.124019,2023-01-01T02:07:13
9.896113,17.124019,2023-01-01T02:07:14
9.896113,17.124019,2023-01-01T02:07:15
9.896113,17.124019,2023-01-01T02:07:16
9.896113,17.124019,2023-01-01T02:07:17
9.784921,17.124019,2023-01-01T02:07:18
9.784921,17.124019,2023-01-01T02:07:19
9.784921,17.124019,2023-01-01T02:07:20
9.673729,17.124019,2023-01-01T02:07:21
9.673729,17.235214,2023-01-01T02:07:22
9.673729,17.235214,2023-01-01T02:07:23
9.673729,17.235214,2023-01-01T02:07:24
9.562537,17.235214,2023-01-01T02:07:25
9.562537,17.235214,2023-01-01T02:07:26
9.562537,17.235214,2023-01-01T02:07:27
9.562537,17.235214,2023-01-01T02:07:28
9.451344,17.235214,2023-01-01T02:07:29
9.451344,17.235214,2023-01-01T02:07:30
9.451344,17.235214,2023-01-01T02:07:31
9.451344,17.346409,2023-01-01T02:07:32
9.340152,17.346409,2023-01-01T02:07:33
9.340152,17.346409,2023-01-01T02:07:34
9.228960,17.346409,2023-01-01T02:07:35
9.228960,17.346409,2023-01-01T02:07:36
9.117767,17.457603,2023-01-01T02:07:37
9.117767,17.457603,2023-01-01T02:07:38
9.117767,17.457603,2023-01-01T02:07:39
9.006575,17.457603,2023-01-01T02:07:40
9.006575,17.568798,2023-01-01T02:07:41
8.895383,17.568798,2023-01-01T02:07:42
8.895383,17.568798,2023-01-01T02:07:43
8.895383,17.568798,2023-01-01T02:07:44
8.784191,17.679993,2023-01-01T02:07:45
8.784191,17.679993,2023-01-01T02:07:46
8.784191,17.679993,2023-01-01T02:07:47
8.672998,17.791188,2023-01-01T02:07:48
8.672998,17.791188,2023-01-01T02:07:49
8.561806,17.791188,2023-01-01T02:07:50
8.561806,17.791188,2023-01-01T02:07:51
8.561806,17.902383,2023-01-01T02:07:52
8.450614,17.902383,2023-01-01T02:07:53
8.450614,17.902383,2023-01-01T02:07:54
8.450614,17.902383,2023-01-01T02:07:55
8.339421,18.013578,2023-01-01T02:07:56
8.339421,18.013578,2023-01-01T02:07:57
8.228229,18.013578,2023-01-01T02:07:58
8.228229,18.124773,2023-01-01T02:07:59
8.228229,18.124773,2023-01-01T02:08:00
8.117037,18.124773,2023-01-01T02:08:01
8.117037,18.235968,2023-01-01T02:08:02
8.117037,18.235968,2023-01-01T02:08:03
8.005845,18.235968,2023-01-01T02:08:04
8.005845,18.235968,2023-01-01T02:08:05
8.005845,18.235968,2023-01-01T02:08:06
8.005845,18.235968,2023-01-01T02:08:07
8.005845,18.235968,2023-01-01T02:08:08
7.894652,18.235968,2023-01-01T02:08:09
7.894652,18.235968,2023-01-01T02:08:10
7.894652,18.347163,2023-01-01T02:08:11
7.894652,18.347163,2023-01-01T02:08:12
7.783460,18.347163,2023-01-01T02:08:13
7.783460,18.347163,2023-01-01T02:08:14
7.783460,18.347163,2023-01-01T02:08:15
7.783460,18.347163,2023-01-01T02:08:16
7.672268,18.347163,2023-01-01T02:08:17
7.672268,18.458358,2023-01-01T02:08:18
7.672268,18.458358,2023-01-01T02:08:19
7.672268,18.458358,2023-01-01T02:08:20
7.561075,18.458358,2023-01-01T02:08:21
7.561075,18.458358,2023-01-01T02:08:22
7.561075,18.458358,2023-01-01T02:08:23
7.561075,18.569553,2023-01-01T02:08:24
7.449883,18.569553,2023-01-01T02:08:25
7.449883,18.569553,2023-01-01T02:08:26
7.449883,18.569553,2023-01-01T02:08:27
7.449883,18.569553,2023-01-01T02:08:28
7.338691,18.569553,2023-01-01T02:08:29
7.338691,18.680748,2023-01-01T02:08:30
7.338691,18.680748,2023-01-01T02:08:31
7.338691,18.680748,2023-01-01T02:08:32
7.338691,18.680748,2023-01-01T02:08:33
7.338691,18.680748,2023-01-01T02:08:34
7.227499,18.680748,2023-01-01T02:08:35
7.227499,18.569553,2023-01-01T02:08:36
7.227499,18.569553,2023-01-01T02:08:37
7.227499,18.569553,2023-01-01T02:08:38
7.227499,18.569553,2023-01-01T02:08:39
7.227499,18.569553,2023-01-01T02:08:40
7.227499,18.569553,2023-01-01T02:08:41
7.227499,18.569553,2023-01-01T02:08:42
7.227499,18.569553,2023-01-01T02:08:43
7.227499,18.569553,2023-01-01T02:08:44
7.227499,18.569553,2023-01-01T02:08:45
7.227499,18.569553,2023-01-01T02:08:46
7.116306,18.569553,2023-01-01T02:08:47
7.116306,18.458358,2023-01-01T02:08:48
7.116306,18.458358,2023-01-01T02:08:49
7.116306,18.458358,2023-01-01T02:08:50
7.116306,18.458358,2023-01-01T02:08:51
7.116306,18.458358,2023-01-01T02:08:52
7.116306,18.458358,2023-01-01T02:08:53
7.116306,18.458358,2023-01-01T02:08:54
7.005114,18.458358,2023-01-01T02:08:55
7.005114,18.458358,2023-01-01T02:08:56
7.005114,18.458358,2023-01-01T02:08:57
7.005114,18.458358,2023-01-01T02:08:58
7.005114,18.458358,2023-01-01T02:08:59
7.005114,18.458358,2023-01-01T02:09:00
6.893922,18.458358,2023-01-01T02:09:01
6.893922,18.458358,2023-01-01T02:09:02
6.893922,18.458358,2023-01-01T02:09:03
6.893922,18.458358,2023-01-01T02:09:04
6.893922,18.347163,2023-01-01T02:09:05
6.893922,18.347163,2023-01-01T02:09:06
6.893922,18.347163,2023-01-01T02:09:07
6.893922,18.347163,2023-01-01T02:09:08
6.893922,18.347163,2023-01-01T02:09:09
6.893922,18.347163,2023-01-01T02:09:10
6.893922,18.235968,2023-01-01T02:09:11
6.893922,18.235968,2023-01-01T02:09:12
6.893922,18.235968,2023-01-01T02:09:13
6.893922,18.235968,2023-01-01T02:09:14
6.893922,18.235968,2023-01-01T02:09:15
6.893922,18.235968,2023-01-01T02:09:16
6.893922,18.235968,2023-01-01T02:09:17
6.893922,18.124773,2023-01-01T02:09:18
6.893922,18.124773,2023-01-01T02:09:19
6.893922,18.124773,2023-01-01T02:09:20
6.893922,18.124773,2023-01-01T02:09:21
6.893922,18.124773,2023-01-01T02:09:22
6.782729,18.124773,2023-01-01T02:09:23
6.782729,18.124773,2023-01-01T02:09:24
6.782729,18.124773,2023-01-01T02:09:25
6.782729,18.124773,2023-01-01T02:09:26
6.782729,18.124773,2023-01-01T02:09:27
6.782729,18.124773,2023-01-01T02:09:28
6.782729,18.013578,2023-01-01T02:09:29
6.782729,18.013578,2023-01-01T02:09:30
6.671537,18.013578,2023-01-01T02:09:31
6.671537,18.013578,2023-01-01T02:09:32
6.671537,18.013578,2023-01-01T02:09:33
6.782729,18.013578,2023-01-01T02:09:34
6.782729,18.013578,2023-01-01T02:09:35
6.782729,18.013578,2023-01-01T02:09:36
6.782729,17.902383,2023-01-01T02:09:37
6.782729,17.902383,2023-01-01T02:09:38
6.782729,17.902383,2023-01-01T02:09:39
6.782729,17.902383,2023-01-01T02:09:40
6.782729,17.902383,2023-01-01T02:09:41
6.782729,17.902383,2023-01-01T02:09:42
6.782729,17.791188,2023-01-01T02:09:43
6.782729,17.791188,2023-01-01T02:09:44
6.782729,17.791188,2023-01-01T02:09:45
6.782729,17.791188,2023-01-01T02:09:46
6.782729,17.791188,2023-01-01T02:09:47
6.782729,17.791188,2023-01-01T02:09:48
6.782729,17.791188,2023-01-01T02:09:49
6.782729,17.791188,2023-01-01T02:09:50
6.782729,17.791188,2023-01-01T02:09:51
6.671537,17.679993,2023-01-01T02:09:52
6.671537,17.679993,2023-01-01T02:09:53
6.671537,17.679993,2023-01-01T02:09:54
6.671537,17.679993,2023-01-01T02:09:55
6.671537,17.679993,2023-01-01T02:09:56
6.671537,17.679993,2023-01-01T02:09:57
6.671537,17.679993,2023-01-01T02:09:58
6.671537,17.679993,2023-01-01T02:09:59
6.671537,17.679993,2023-01-01T02:10:00
6.671537,17.679993,2023-01-01T02:10:01
6.671537,17.679993,2023-01-01T02:10:02
6.671537,17.679993,2023-01-01T02:10:03
6.671537,17.568798,2023-01-01T02:10:04
6.671537,17.568798,2023-01-01T02:10:05
6.671537,17.568798,2023-01-01T02:10:06
6.671537,17.568798,2023-01-01T02:10:07
6.671537,17.457603,2023-01-01T02:10:08
6.671537,17.457603,2023-01-01T02:10:09
6.671537,17.457603,2023-01-01T02:10:10
6.671537,17.457603,2023-01-01T02:10:11
6.671537,17.346409,2023-01-01T02:10:12
6.671537,17.346409,2023-01-01T02:10:13
6.671537,17.346409,2023-01-01T02:10:14
6.671537,17.346409,2023-01-01T02:10:15
6.671537,17.235214,2023-01-01T02:10:16
6.671537,17.235214,2023-01-01T02:10:17
6.671537,17.235214,2023-01-01T02:10:18
6.560345,17.124019,2023-01-01T02:10:19
6.560345,17.124019,2023-01-01T02:10:20
6.560345,17.124019,2023-01-01T02:10:21
6.560345,17.012824,2023-01-01T02:10:22
6.560345,17.012824,2023-01-01T02:10:23
6.560345,16.901629,2023-01-01T02:10:24
6.560345,16.901629,2023-01-01T02:10:25
6.449153,16.901629,2023-01-01T02:10:26
6.449153,16.790434,2023-01-01T02:10:27
6.449153,16.790434,2023-01-01T02:10:28
6.449153,16.679239,2023-01-01T02:10:29
6.449153,16.679239,2023-01-01T02:10:30
6.337960,16.568044,2023-01-01T02:10:31
6.337960,16.568044,2023-01-01T02:10:32
6.337960,16.456849,2023-01-01T02:10:33
6.337960,16.456849,2023-01-01T02:10:34
6.337960,16.456849,2023-01-01T02:10:35
6.337960,16.345654,2023-01-01T02:10:36
6.337960,16.345654,2023-01-01T02:10:37
6.337960,16.234459,2023-01-01T02:10:38
6.337960,16.234459,2023-01-01T02:10:39
6.337960,16.234459,2023-01-01T02:10:40
6.337960,16.123264,2023-01-01T02:10:41
6.337960,16.123264,2023-01-01T02:10:42
6.337960,16.012069,2023-01-01T02:10:43
6.226768,16.012069,2023-01-01T02:10:44
6.226768,15.900875,2023-01-01T02:10:45
6.226768,15.900875,2023-01-01T02:10:46
6.226768,15.789680,2023-01-01T02:10:47
6.226768,15.789680,2023-01-01T02:10:48
6.115576,15.678485,2023-01-01T02:10:49
6.115576,15.567290,2023-01-01T02:10:50
6.115576,15.567290,2023-01-01T02:10:51
6.115576,15.456095,2023-01-01T02:10:52
6.004383,15.456095,2023-01-01T02:10:53
6.004383,15.344900,2023-01-01T02:10:54
6.004383,15.233705,2023-01-01T02:10:55
5.893191,15.233705,2023-01-01T02:10:56
5.893191,15.122510,2023-01-01T02:10:57
5.781999,15.122510,2023-01-01T02:10:58
5.781999,15.011315,2023-01-01T02:10:59
5.781999,14.900120,2023-01-01T02:11:00
5.670807,14.900120,2023-01-01T02:11:01
5.670807,14.788925,2023-01-01T02:11:02
5.670807,14.788925,2023-01-01T02:11:03
5.559614,14.677730,2023-01-01T02:11:04
5.559614,14.677730,2023-01-01T02:11:05
5.559614,14.677730,2023-01-01T02:11:06
5.559614,14.677730,2023-01-01T02:11:07
5.559614,14.566535,2023-01-01T02:11:08
5.448422,14.566535,2023-01-01T02:11:09
5.448422,14.566535,2023-01-01T02:11:10
5.448422,14.455340,2023-01-01T02:11:11
5.448422,14.455340,2023-01-01T02:11:12
5.337230,14.455340,2023-01-01T02:11:13
5.337230,14.344146,2023-01-01T02:11:14
5.337230,14.344146,2023-01-01T02:11:15
5.337230,14.344146,2023-01-01T02:11:16
5.226037,14.232951,2023-01-01T02:11:17
5.226037,14.232951,2023-01-01T02:11:18
5.226037,14.121756,2023-01-01T02:11:19
5.114845,14.121756,2023-01-01T02:11:20
5.114845,14.010561,2023-01-01T02:11:21
5.114845,14.010561,2023-01-01T02:11:22
5.003653,13.899366,2023-01-01T02:11:23
5.003653,13.899366,2023-01-01T02:11:24
5.003653,13.788171,2023-01-01T02:11:25
4.892461,13.788171,2023-01-01T02:11:26
4.892461,13.676976,2023-01-01T02:11:27
4.781268,13.676976,2023-01-01T02:11:28
4.781268,13.565781,2023-01-01T02:11:29
4.670076,13.565781,2023-01-01T02:11:30
4.670076,13.454586,2023-01-01T02:11:31
4.670076,13.454586,2023-01-01T02:11:32
4.670076,13.454586,2023-01-01T02:11:33
4.670076,13.454586,2023-01-01T02:11:34
4.670076,13.565781,2023-01-01T02:11:35
4.670076,13.565781,2023-01-01T02:11:36
4.670076,13.565781,2023-01-01T02:11:37
4.781268,13.565781,2023-01-01T02:11:38
4.781268,13.676976,2023-01-01T02:11:39
4.781268,13.676976,2023-01-01T02:11:40
4.781268,13.676976,2023-01-01T02:11:41
4.781268,13.676976,2023-01-01T02:11:42
4.781268,13.788171,2023-01-01T02:11:43
4.781268,13.788171,2023-01-01T02:11:44
4.892461,13.788171,2023-01-01T02:11:45
4.892461,13.788171,2023-01-01T02:11:46
4.892461,13.788171,2023-01-01T02:11:47
4.892461,13.899366,2023-01-01T02:11:48
4.892461,13.899366,2023-01-01T02:11:49
4.892461,13.899366,2023-01-01T02:11:50
5.003653,13.899366,2023-01-01T02:11:51
5.003653,13.899366,2023-01-01T02:11:52
5.003653,14.010561,2023-01-01T02:11:53
5.003653,14.010561,2023-01-01T02:11:54
5.003653,14.010561,2023-01-01T02:11:55
5.003653,14.010561,2023-01-01T02:11:56
5.003653,14.010561,2023-01-01T02:11:57
5.114845,14.010561,2023-01-01T02:11:58
5.114845,14.121756,2023-01-01T02:11:59
5.114845,14.121756,2023-01-01T02:12:00
5.114845,14.121756,2023-01-01T02:12:01
5.114845,14.121756,2023-01-01T02:12:02
5.226037,14.121756,2023-01-01T02:12:03
5.226037,14.232951,2023-01-01T02:12:04
5.226037,14.232951,2023-01-01T02:12:05
5.337230,14.232951,2023-01-01T02:12:06
5.337230,14.232951,2023-01-01T02:12:07
5.337230,14.344146,2023-01-01T02:12:08
5.448422,14.344146,2023-01-01T02:12:09
5.448422,14.344146,2023-01-01T02:12:10
5.448422,14.455340,2023-01-01T02:12:11
5.448422,14.455340,2023-01-01T02:12:12
5.559614,14.455340,2023-01-01T02:12:13
5.559614,14.455340,2023-01-01T02:12:14
5.559614,14.566535,2023-01-01T02:12:15
5.670807,14.566535,2023-01-01T02:12:16
5.670807,14.566535,2023-01-01T02:12:17
5.670807,14.566535,2023-01-01T02:12:18
5.781999,14.677730,2023-01-01T02:12:19
5.781999,14.677730,2023-01-01T02:12:20
5.781999,14.677730,2023-01-01T02:12:21
5.781999,14.677730,2023-01-01T02:12:22
5.893191,14.677730,2023-01-01T02:12:23
5.893191,14.677730,2023-01-01T02:12:24
5.893191,14.677730,2023-01-01T02:12:25
6.004383,14.788925,2023-01-01T02:12:26
6.004383,14.788925,2023-01-01T02:12:27
6.004383,14.788925,2023-01-01T02:12:28
6.115576,14.788925,2023-01-01T02:12:29
6.115576,14.788925,2023-01-01T02:12:30
6.115576,14.788925,2023-01-01T02:12:31
6.226768,14.788925,2023-01-01T02:12:32
6.226768,14.788925,2023-01-01T02:12:33
6.226768,14.788925,2023-01-01T02:12:34
6.226768,14.788925,2023-01-01T02:12:35
6.337960,14.788925,2023-01-01T02:12:36
6.337960,14.788925,2023-01-01T02:12:37
6.337960,14.788925,2023-01-01T02:12:38
6.337960,14.788925,2023-01-01T02:12:39
6.337960,14.788925,2023-01-01T02:12:40
6.337960,14.788925,2023-01-01T02:12:41
6.449153,14.788925,2023-01-01T02:12:42
6.449153,14.677730,2023-01-01T02:12:43
6.449153,14.677730,2023-01-01T02:12:44
6.449153,14.677730,2023-01-01T02:12:45
6.449153,14.677730,2023-01-01T02:12:46
6.449153,14.677730,2023-01-01T02:12:47
6.449153,14.566535,2023-01-01T02:12:48
6.449153,14.566535,2023-01-01T02:12:49
6.449153,14.566535,2023-01-01T02:12:50
6.449153,14.566535,2023-01-01T02:12:51
6.449153,14.455340,2023-01-01T02:12:52
6.449153,14.455340,2023-01-01T02:12:53
6.449153,14.455340,2023-01-01T02:12:54
6.449153,14.344146,2023-01-01T02:12:55
6.449153,14.344146,2023-01-01T02:12:56
6.449153,14.232951,2023-01-01T02:12:57
6.449153,14.232951,2023-01-01T02:12:58
6.449153,14.232951,2023-01-01T02:12:59
6.449153,14.121756,2023-01-01T02:13:00
6.449153,14.121756,2023-01-01T02:13:01
6.449153,14.010561,2023-01-01T02:13:02
6.449153,14.010561,2023-01-01T02:13:03
6.449153,14.010561,2023-01-01T02:13:04
6.449153,14.010561,2023-01-01T02:13:05
6.449153,14.010561,2023-01-01T02:13:06
6.449153,14.010561,2023-01-01T02:13:07
6.449153,14.010561,2023-01-01T02:13:08
6.449153,13.899366,2023-01-01T02:13:09
6.449153,13.899366,2023-01-01T02:13:10
6.337960,13.899366,2023-01-01T02:13:11
6.337960,13.899366,2023-01-01T02:13:12
6.337960,13.788171,2023-01-01T02:13:13
6.337960,13.788171,2023-01-01T02:13:14
6.337960,13.788171,2023-01-01T02:13:15
6.337960,13.788171,2023-01-01T02:13:16
6.337960,13.676976,2023-01-01T02:13:17
6.226768,13.676976,2023-01-01T02:13:18
6.226768,13.676976,2023-01-01T02:13:19
6.226768,13.565781,2023-01-01T02:13:20
6.226768,13.565781,2023-01-01T02:13:21
6.115576,13.565781,2023-01-01T02:13:22
6.115576,13.454586,2023-01-01T02:13:23
6.115576,13.454586,2023-01-01T02:13:24
6.115576,13.454586,2023-01-01T02:13:25
6.115576,13.343391,2023-01-01T02:13:26
6.004383,13.343391,2023-01-01T02:13:27
6.004383,13.343391,2023-01-01T02:13:28
6.004383,13.232196,2023-01-01T02:13:29
6.004383,13.232196,2023-01-01T02:13:30
6.004383,13.232196,2023-01-01T02:13:31
6.004383,13.232196,2023-01-01T02:13:32
6.004383,13.232196,2023-01-01T02:13:33
6.004383,13.232196,2023-01-01T02:13:34
6.004383,13.343391,2023-01-01T02:13:35
6.004383,13.343391,2023-01-01T02:13:36
6.115576,13.343391,2023-01-01T02:13:37
6.115576,13.454586,2023-01-01T02:13:38
6.115576,13.454586,2023-01-01T02:13:39
6.115576,13.454586,2023-01-01T02:13:40
6.115576,13.454586,2023-01-01T02:13:41
6.226768,13.565781,2023-01-01T02:13:42
6.226768,13.565781,2023-01-01T02:13:43
6.226768,13.565781,2023-01-01T02:13:44
6.226768,13.676976,2023-01-01T02:13:45
6.226768,13.676976,2023-01-01T02:13:46
6.226768,13.676976,2023-01-01T02:13:47
6.337960,13.676976,2023-01-01T02:13:48
6.337960,13.788171,2023-01-01T02:13:49
6.337960,13.788171,2023-01-01T02:13:50
6.337960,13.788171,2023-01-01T02:13:51
6.337960,13.788171,2023-01-01T02:13:52
6.337960,13.899366,2023-01-01T02:13:53
6.337960,13.899366,2023-01-01T02:13:54
6.449153,13.899366,2023-01-01T02:13:55
6.449153,13.899366,2023-01-01T02:13:56
6.449153,14.010561,2023-01-01T02:13:57
6.449153,14.010561,2023-01-01T02:13:58
6.449153,14.010561,2023-01-01T02:13:59
6.449153,14.010561,2023-01-01T02:14:00
6.449153,14.121756,2023-01-01T02:14:01
6.449153,14.121756,2023-01-01T02:14:02
6.449153,14.121756,2023-01-01T02:14:03
6.449153,14.121756,2023-01-01T02:14:04
6.449153,14.232951,2023-01-01T02:14:05
6.449153,14.232951,2023-01-01T02:14:06
6.337960,14.232951,2023-01-01T02:14:07
6.337960,14.232951,2023-01-01T02:14:08
6.337960,14.232951,2023-01-01T02:14:09
6.337960,14.232951,2023-01-01T02:14:10
6.337960,14.344146,2023-01-01T02:14:11
6.226768,14.344146,2023-01-01T02:14:12
6.226768,14.344146,2023-01-01T02:14:13
6.226768,14.344146,2023-01-01T02:14:14
6.226768,14.344146,2023-01-01T02:14:15
6.226768,14.455340,2023-01-01T02:14:16
6.226768,14.455340,2023-01-01T02:14:17
6.226768,14.455340,2023-01-01T02:14:18
6.226768,14.455340,2023-01-01T02:14:19
6.226768,14.566535,2023-01-01T02:14:20
6.226768,14.566535,2023-01-01T02:14:21
6.226768,14.566535,2023-01-01T02:14:22
6.226768,14.566535,2023-01-01T02:14:23
6.226768,14.677730,2023-01-01T02:14:24
6.226768,14.677730,2023-01-01T02:14:25
6.226768,14.677730,2023-01-01T02:14:26
6.226768,14.677730,2023-01-01T02:14:27
6.226768,14.788925,2023-01-01T02:14:28
6.226768,14.788925,2023-01-01T02:14:29
6.226768,14.788925,2023-01-01T02:14:30
6.226768,14.788925,2023-01-01T02:14:31
6.337960,14.900120,2023-01-01T02:14:32
6.337960,14.900120,2023-01-01T02:14:33
6.337960,14.900120,2023-01-01T02:14:34
6.449153,15.011315,2023-01-01T02:14:35
6.449153,15.011315,2023-01-01T02:14:36
6.560345,15.011315,2023-01-01T02:14:37
6.560345,15.122510,2023-01-01T02:14:38
6.671537,15.122510,2023-01-01T02:14:39
6.671537,15.122510,2023-01-01T02:14:40
6.782729,15.233705,2023-01-01T02:14:41
6.782729,15.233705,2023-01-01T02:14:42
6.893922,15.233705,2023-01-01T02:14:43
6.893922,15.233705,2023-01-01T02:14:44
6.893922,15.344900,2023-01-01T02:14:45
7.005114,15.344900,2023-01-01T02:14:46
7.005114,15.344900,2023-01-01T02:14:47
7.005114,15.456095,2023-01-01T02:14:48
7.116306,15.456095,2023-01-01T02:14:49
7.116306,15.456095,2023-01-01T02:14:50
7.227499,15.456095,2023-01-01T02:14:51
7.227499,15.456095,2023-01-01T02:14:52
7.227499,15.567290,2023-01-01T02:14:53
7.338691,15.567290,2023-01-01T02:14:54
7.338691,15.567290,2023-01-01T02:14:55
7.338691,15.567290,2023-01-01T02:14:56
7.449883,15.567290,2023-01-01T02:14:57
7.449883,15.678485,2023-01-01T02:14:58
7.561075,15.678485,2023-01-01T02:14:59
7.561075,15.678485,2023-01-01T02:15:00
7.561075,15.678485,2023-01-01T02:15:01
7.672268,15.678485,2023-01-01T02:15:02
7.561075,15.789680,2023-01-01T02:15:03
7.561075,15.789680,2023-01-01T02:15:04
7.561075,15.789680,2023-01-01T02:15:05
7.561075,15.789680,2023-01-01T02:15:06
7.561075,15.789680,2023-01-01T02:15:07
7.561075,15.789680,2023-01-01T02:15:08
7.561075,15.789680,2023-01-01T02:15:09
7.561075,15.789680,2023-01-01T02:15:10
7.561075,15.789680,2023-01-01T02:15:11
7.561075,15.789680,2023-01-01T02:15:12
7.561075,15.789680,2023-01-01T02:15:13
7.561075,15.789680,2023-01-01T02:15:14
7.561075,15.789680,2023-01-01T02:15:15
7.561075,15.789680,2023-01-01T02:15:16
7.561075,15.789680,2023-01-01T02:15:17
7.561075,15.789680,2023-01-01T02:15:18
7.561075,15.789680,2023-01-01T02:15:19
7.561075,15.789680,2023-01-01T02:15:20
7.561075,15.789680,2023-01-01T02:15:21
7.561075,15.789680,2023-01-01T02:15:22
7.561075,15.789680,2023-01-01T02:15:23
7.561075,15.789680,2023-01-01T02:15:24
7.561075,15.789680,2023-01-01T02:15:25
7.561075,15.900875,2023-01-01T02:15:26
7.561075,15.900875,2023-01-01T02:15:27
7.561075,15.900875,2023-01-01T02:15:28
7.561075,15.900875,2023-01-01T02:15:29
7.561075,15.900875,2023-01-01T02:15:30
7.561075,15.900875,2023-01-01T02:15:31
7.561075,15.900875,2023-01-01T02:15:32
7.561075,15.900875,2023-01-01T02:15:33
7.561075,15.900875,2023-01-01T02:15:34
7.561075,15.900875,2023-01-01T02:15:35
7.561075,15.900875,2023-01-01T02:15:36
7.561075,15.900875,2023-01-01T02:15:37
7.561075,15.900875,2023-01-01T02:15:38
7.561075,15.900875,2023-01-01T02:15:39
7.561075,15.900875,2023-01-01T02:15:40
7.561075,15.900875,2023-01-01T02:15:41
7.561075,15.900875,2023-01-01T02:15:42
7.449883,15.900875,2023-01-01T02:15:43
7.449883,15.900875,2023-01-01T02:15:44
7.449883,15.900875,2023-01-01T02:15:45
7.449883,15.900875,2023-01-01T02:15:46
7.449883,15.900875,2023-01-01T02:15:47
7.449883,15.900875,2023-01-01T02:15:48
7.449883,15.900875,2023-01-01T02:15:49
7.449883,15.900875,2023-01-01T02:15:50
7.449883,15.900875,2023-01-01T02:15:51
7.449883,15.900875,2023-01-01T02:15:52
7.449883,15.900875,2023-01-01T02:15:53
7.449883,15.900875,2023-01-01T02:15:54
7.449883,15.900875,2023-01-01T02:15:55
7.449883,15.900875,2023-01-01T02:15:56
7.449883,15.900875,2023-01-01T02:15:57
7.449883,15.900875,2023-01-01T02:15:58
7.449883,15.900875,2023-01-01T02:15:59
7.449883,15.900875,2023-01-01T02:16:00
7.449883,15.900875,2023-01-01T02:16:01
7.449883,15.900875,2023-01-01T02:16:02
7.449883,15.900875,2023-01-01T02:16:03
7.449883,15.900875,2023-01-01T02:16:04
7.449883,15.900875,2023-01-01T02:16:05
7.449883,15.900875,2023-01-01T02:16:06
7.449883,15.900875,2023-01-01T02:16:07
7.449883,15.900875,2023-01-01T02:16:08
7.449883,15.900875,2023-01-01T02:16:09
7.449883,15.900875,2023-01-01T02:16:10
7.449883,15.900875,2023-01-01T02:16:11
7.449883,15.900875,2023-01-01T02:16:12
7.449883,15.900875,2023-01-01T02:16:13
7.449883,15.900875,2023-01-01T02:16:14
7.338691,16.012069,2023-01-01T02:16:15
7.338691,16.012069,2023-01-01T02:16:16
7.338691,16.012069,2023-01-01T02:16:17
7.338691,16.012069,2023-01-01T02:16:18
7.338691,16.012069,2023-01-01T02:16:19
7.338691,16.012069,2023-01-01T02:16:20
7.338691,16.012069,2023-01-01T02:16:21
7.338691,16.012069,2023-01-01T02:16:22
7.338691,16.012069,2023-01-01T02:16:23
7.338691,16.012069,2023-01-01T02:16:24
7.338691,16.012069,2023-01-01T02:16:25
7.338691,16.012069,2023-01-01T02:16:26
7.338691,16.012069,2023-01-01T02:16:27
7.338691,16.012069,2023-01-01T02:16:28
7.338691,16.012069,2023-01-01T02:16:29
7.338691,16.012069,2023-01-01T02:16:30
7.227499,16.012069,2023-01-01T02:16:31
7.227499,16.012069,2023-01-01T02:16:32
7.227499,16.012069,2023-01-01T02:16:33
7.227499,16.012069,2023-01-01T02:16:34
7.227499,15.900875,2023-01-01T02:16:35
7.227499,15.900875,2023-01-01T02:16:36
7.227499,15.900875,2023-01-01T02:16:37
7.227499,15.900875,2023-01-01T02:16:38
7.116306,15.900875,2023-01-01T02:16:39
7.116306,15.900875,2023-01-01T02:16:40
7.116306,15.900875,2023-01-01T02:16:41
7.116306,15.900875,2023-01-01T02:16:42
7.116306,15.900875,2023-01-01T02:16:43
7.116306,15.900875,2023-01-01T02:16:44
7.005114,15.900875,2023-01-01T02:16:45
7.005114,15.900875,2023-01-01T02:16:46
7.005114,15.789680,2023-01-01T02:16:47
7.005114,15.789680,2023-01-01T02:16:48
7.005114,15.789680,2023-01-01T02:16:49
6.893922,15.789680,2023-01-01T02:16:50
6.893922,15.789680,2023-01-01T02:16:51
6.893922,15.789680,2023-01-01T02:16:52
6.893922,15.789680,2023-01-01T02:16:53
6.782729,15.678485,2023-01-01T02:16:54
6.782729,15.678485,2023-01-01T02:16:55
6.782729,15.678485,2023-01-01T02:16:56
6.671537,15.678485,2023-01-01T02:16:57
6.671537,15.678485,2023-01-01T02:16:58
6.671537,15.567290,2023-01-01T02:16:59
6.560345,15.567290,2023-01-01T02:17:00
6.560345,15.567290,2023-01-01T02:17:01
6.560345,15.567290,2023-01-01T02:17:02
6.449153,15.456095,2023-01-01T02:17:03
6.449153,15.456095,2023-01-01T02:17:04
6.449153,15.456095,2023-01-01T02:17:05
6.449153,15.456095,2023-01-01T02:17:06
6.337960,15.456095,2023-01-01T02:17:07
6.337960,15.456095,2023-01-01T02:17:08
6.337960,15.344900,2023-01-01T02:17:09
6.337960,15.344900,2023-01-01T02:17:10
6.226768,15.344900,2023-01-01T02:17:11
6.226768,15.344900,2023-01-01T02:17:12
6.226768,15.344900,2023-01-01T02:17:13
6.226768,15.233705,2023-01-01T02:17:14
6.226768,15.233705,2023-01-01T02:17:15
6.115576,15.233705,2023-01-01T02:17:16
6.115576,15.233705,2023-01-01T02:17:17
6.115576,15.122510,2023-01-01T02:17:18
6.115576,15.122510,2023-01-01T02:17:19
6.115576,15.122510,2023-01-01T02:17:20
6.115576,15.122510,2023-01-01T02:17:21
6.004383,15.011315,2023-01-01T02:17:22
6.004383,15.011315,2023-01-01T02:17:23
6.004383,15.011315,2023-01-01T02:17:24
6.004383,15.011315,2023-01-01T02:17:25
6.004383,14.900120,2023-01-01T02:17:26
6.004383,14.900120,2023-01-01T02:17:27
5.893191,14.900120,2023-01-01T02:17:28
5.893191,14.900120,2023-01-01T02:17:29
5.893191,14.788925,2023-01-01T02:17:30
5.893191,14.788925,2023-01-01T02:17:31
5.781999,14.788925,2023-01-01T02:17:32
5.781999,14.788925,2023-01-01T02:17:33
5.893191,14.788925,2023-01-01T02:17:34
5.893191,14.788925,2023-01-01T02:17:35
5.893191,14.677730,2023-01-01T02:17:36
5.893191,14.677730,2023-01-01T02:17:37
5.893191,14.677730,2023-01-01T02:17:38
5.893191,14.677730,2023-01-01T02:17:39
5.893191,14.677730,2023-01-01T02:17:40
5.893191,14.677730,2023-01-01T02:17:41
5.893191,14.677730,2023-01-01T02:17:42
5.893191,14.677730,2023-01-01T02:17:43
5.893191,14.677730,2023-01-01T02:17:44
5.893191,14.677730,2023-01-01T02:17:45
5.893191,14.677730,2023-01-01T02:17:46
5.893191,14.677730,2023-01-01T02:17:47
5.893191,14.677730,2023-01-01T02:17:48
5.893191,14.677730,2023-01-01T02:17:49
5.893191,14.566535,2023-01-01T02:17:50
5.893191,14.566535,2023-01-01T02:17:51
5.893191,14.566535,2023-01-01T02:17:52
5.893191,14.566535,2023-01-01T02:17:53
6.004383,14.566535,2023-01-01T02:17:54
6.004383,14.566535,2023-01-01T02:17:55
6.004383,14.566535,2023-01-01T02:17:56
6.115576,14.566535,2023-01-01T02:17:57
6.115576,14.566535,2023-01-01T02:17:58
6.115576,14.566535,2023-01-01T02:17:59
6.226768,14.566535,2023-01-01T02:18:00
6.226768,14.566535,2023-01-01T02:18:01
6.337960,14.566535,2023-01-01T02:18:02
6.337960,14.677730,2023-01-01T02:18:03
6.337960,14.677730,2023-01-01T02:18:04
6.337960,14.677730,2023-01-01T02:18:05
6.337960,14.677730,2023-01-01T02:18:06
6.337960,14.677730,2023-01-01T02:18:07
6.337960,14.677730,2023-01-01T02:18:08
6.449153,14.677730,2023-01-01T02:18:09
6.449153,14.677730,2023-01-01T02:18:10
6.449153,14.677730,2023-01-01T02:18:11
6.449153,14.677730,2023-01-01T02:18:12
6.449153,14.677730,2023-01-01T02:18:13
6.560345,14.677730,2023-01-01T02:18:14
6.560345,14.788925,2023-01-01T02:18:15
6.560345,14.788925,2023-01-01T02:18:16
6.560345,14.788925,2023-01-01T02:18:17
6.671537,14.788925,2023-01-01T02:18:18
6.671537,14.788925,2023-01-01T02:18:19
6.671537,14.788925,2023-01-01T02:18:20
6.671537,14.788925,2023-01-01T02:18:21
6.671537,14.788925,2023-01-01T02:18:22
6.671537,14.788925,2023-01-01T02:18:23
6.782729,14.788925,2023-01-01T02:18:24
6.782729,14.900120,2023-01-01T02:18:25
6.782729,14.900120,2023-01-01T02:18:26
6.782729,14.900120,2023-01-01T02:18:27
6.782729,14.900120,2023-01-01T02:18:28
6.893922,14.900120,2023-01-01T02:18:29
6.893922,14.900120,2023-01-01T02:18:30
6.893922,14.900120,2023-01-01T02:18:31
6.893922,14.900120,2023-01-01T02:18:32
6.893922,14.900120,2023-01-01T02:18:33
6.893922,14.900120,2023-01-01T02:18:34
6.893922,15.011315,2023-01-01T02:18:35
7.005114,15.011315,2023-01-01T02:18:36
7.005114,15.011315,2023-01-01T02:18:37
7.005114,15.011315,2023-01-01T02:18:38
7.005114,15.011315,2023-01-01T02:18:39
7.005114,15.011315,2023-01-01T02:18:40
7.005114,15.011315,2023-01-01T02:18:41
7.005114,15.011315,2023-01-01T02:18:42
7.005114,15.011315,2023-01-01T02:18:43
7.005114,15.011315,2023-01-01T02:18:44
7.005114,15.011315,2023-01-01T02:18:45
7.116306,15.122510,2023-01-01T02:18:46
7.116306,15.122510,2023-01-01T02:18:47
7.116306,15.122510,2023-01-01T02:18:48
7.116306,15.122510,2023-01-01T02:18:49
7.116306,15.122510,2023-01-01T02:18:50
7.116306,15.122510,2023-01-01T02:18:51
7.116306,15.122510,2023-01-01T02:18:52
7.116306,15.122510,2023-01-01T02:18:53
7.116306,15.233705,2023-01-01T02:18:54
7.116306,15.233705,2023-01-01T02:18:55
7.116306,15.233705,2023-01-01T02:18:56
7.116306,15.233705,2023-01-01T02:18:57
7.116306,15.233705,2023-01-01T02:18:58
7.227499,15.233705,2023-01-01T02:18:59
7.227499,15.233705,2023-01-01T02:19:00
7.227499,15.233705,2023-01-01T02:19:01
7.227499,15.233705,2023-01-01T02:19:02
7.227499,15.233705,2023-01-01T02:19:03
7.227499,15.233705,2023-01-01T02:19:04
7.227499,15.233705,2023-01-01T02:19:05
7.227499,15.233705,2023-01-01T02:19:06
7.227499,15.344900,2023-01-01T02:19:07
7.227499,15.344900,2023-01-01T02:19:08
7.227499,15.344900,2023-01-01T02:19:09
7.227499,15.344900,2023-01-01T02:19:10
7.227499,15.344900,2023-01-01T02:19:11
7.227499,15.344900,2023-01-01T02:19:12
7.227499,15.344900,2023-01-01T02:19:13
7.227499,15.344900,2023-01-01T02:19:14
7.227499,15.344900,2023-01-01T02:19:15
7.227499,15.344900,2023-01-01T02:19:16
7.227499,15.344900,2023-01-01T02:19:17
7.227499,15.344900,2023-01-01T02:19:18
7.227499,15.233705,2023-01-01T02:19:19
7.227499,15.233705,2023-01-01T02:19:20
7.227499,15.233705,2023-01-01T02:19:21
7.227499,15.233705,2023-01-01T02:19:22
7.227499,15.233705,2023-01-01T02:19:23
7.227499,15.233705,2023-01-01T02:19:24
7.227499,15.233705,2023-01-01T02:19:25
7.227499,15.233705,2023-01-01T02:19:26
7.227499,15.233705,2023-01-01T02:19:27
7.227499,15.233705,2023-01-01T02:19:28
7.227499,15.233705,2023-01-01T02:19:29
7.227499,15.233705,2023-01-01T02:19:30
7.227499,15.233705,2023-01-01T02:19:31
7.227499,15.233705,2023-01-01T02:19:32
7.227499,15.233705,2023-01-01T02:19:33
7.227499,15.233705,2023-01-01T02:19:34
7.227499,15.233705,2023-01-01T02:19:35
7.227499,15.233705,2023-01-01T02:19:36
7.227499,15.233705,2023-01-01T02:19:37
7.227499,15.233705,2023-01-01T02:19:38
7.227499,15.233705,2023-01-01T02:19:39
7.116306,15.122510,2023-01-01T02:19:40
7.116306,15.122510,2023-01-01T02:19:41
7.116306,15.122510,2023-01-01T02:19:42
7.116306,15.122510,2023-01-01T02:19:43
7.116306,15.122510,2023-01-01T02:19:44
7.116306,15.122510,2023-01-01T02:19:45
7.116306,15.122510,2023-01-01T02:19:46
7.116306,15.122510,2023-01-01T02:19:47
7.116306,15.122510,2023-01-01T02:19:48
7.116306,15.122510,2023-01-01T02:19:49
7.116306,15.122510,2023-01-01T02:19:50
7.116306,15.122510,2023-01-01T02:19:51
7.116306,15.122510,2023-01-01T02:19:52
7.005114,15.122510,2023-01-01T02:19:53
7.005114,15.122510,2023-01-01T02:19:54
7.005114,15.122510,2023-01-01T02:19:55
7.005114,15.122510,2023-01-01T02:19:56
7.005114,15.122510,2023-01-01T02:19:57
7.005114,15.122510,2023-01-01T02:19:58
7.005114,15.122510,2023-01-01T02:19:59
7.005114,15.122510,2023-01-01T02:20:00
7.005114,15.122510,2023-01-01T02:20:01
7.005114,15.122510,2023-01-01T02:20:02
7.005114,15.122510,2023-01-01T02:20:03
7.005114,15.122510,2023-01-01T02:20:04
7.005114,15.122510,2023-01-01T02:20:05
7.005114,15.122510,2023-01-01T02:20:06
7.005114,15.122510,2023-01-01T02:20:07
7.005114,15.122510,2023-01-01T02:20:08
7.005114,15.122510,2023-01-01T02:20:09
7.005114,15.122510,2023-01-01T02:20:10
7.005114,15.122510,2023-01-01T02:20:11
7.005114,15.122510,2023-01-01T02:20:12
7.005114,15.122510,2023-01-01T02:20:13
7.005114,15.122510,2023-01-01T02:20:14
7.005114,15.122510,2023-01-01T02:20:15
7.005114,15.122510,2023-01-01T02:20:16
7.005114,15.122510,2023-01-01T02:20:17
7.005114,15.122510,2023-01-01T02:20:18
7.005114,15.122510,2023-01-01T02:20:19
7.005114,15.011315,2023-01-01T02:20:20
7.005114,15.011315,2023-01-01T02:20:21
7.005114,15.011315,2023-01-01T02:20:22
7.005114,15.011315,2023-01-01T02:20:23
7.005114,15.011315,2023-01-01T02:20:24
7.005114,15.011315,2023-01-01T02:20:25
7.116306,15.011315,2023-01-01T02:20:26
7.116306,15.011315,2023-01-01T02:20:27
7.116306,15.011315,2023-01-01T02:20:28
7.116306,15.011315,2023-01-01T02:20:29
7.116306,15.011315,2023-01-01T02:20:30
7.116306,15.011315,2023-01-01T02:20:31
7.116306,15.011315,2023-01-01T02:20:32
7.116306,15.011315,2023-01-01T02:20:33
7.116306,15.011315,2023-01-01T02:20:34
7.116306,15.011315,2023-01-01T02:20:35
7.116306,15.011315,2023-01-01T02:20:36
7.116306,14.900120,2023-01-01T02:20:37
7.116306,14.900120,2023-01-01T02:20:38
7.116306,14.900120,2023-01-01T02:20:39
7.116306,14.900120,2023-01-01T02:20:40
7.116306,14.900120,2023-01-01T02:20:41
7.116306,14.900120,2023-01-01T02:20:42
7.116306,14.900120,2023-01-01T02:20:43
7.116306,14.900120,2023-01-01T02:20:44
7.116306,14.900120,2023-01-01T02:20:45
7.116306,14.900120,2023-01-01T02:20:46
7.116306,14.900120,2023-01-01T02:20:47
7.116306,14.900120,2023-01-01T02:20:48
7.116306,14.788925,2023-01-01T02:20:49
7.116306,14.788925,2023-01-01T02:20:50
7.116306,14.788925,2023-01-01T02:20:51
7.116306,14.788925,2023-01-01T02:20:52
7.116306,14.788925,2023-01-01T02:20:53
7.116306,14.788925,2023-01-01T02:20:54
7.116306,14.788925,2023-01-01T02:20:55
7.116306,14.788925,2023-01-01T02:20:56
7.116306,14.788925,2023-01-01T02:20:57
7.116306,14.788925,2023-01-01T02:20:58
7.116306,14.788925,2023-01-01T02:20:59
7.116306,14.788925,2023-01-01T02:21:00
7.116306,14.788925,2023-01-01T02:21:01
7.116306,14.788925,2023-01-01T02:21:02
7.116306,14.788925,2023-01-01T02:21:03
7.116306,14.788925,2023-01-01T02:21:04
7.116306,14.788925,2023-01-01T02:21:05
7.116306,14.677730,2023-01-01T02:21:06
7.116306,14.677730,2023-01-01T02:21:07
7.116306,14.677730,2023-01-01T02:21:08
7.116306,14.677730,2023-01-01T02:21:09
7.116306,14.677730,2023-01-01T02:21:10
7.116306,14.677730,2023-01-01T02:21:11
7.116306,14.677730,2023-01-01T02:21:12
7.116306,14.677730,2023-01-01T02:21:13
7.116306,14.677730,2023-01-01T02:21:14
7.116306,14.677730,2023-01-01T02:21:15
7.116306,14.677730,2023-01-01T02:21:16
7.116306,14.677730,2023-01-01T02:21:17
7.116306,14.677730,2023-01-01T02:21:18
7.116306,14.677730,2023-01-01T02:21:19
7.116306,14.677730,2023-01-01T02:21:20
7.116306,14.677730,2023-01-01T02:21:21
7.116306,14.566535,2023-01-01T02:21:22
7.116306,14.566535,2023-01-01T02:21:23
7.116306,14.566535,2023-01-01T02:21:24
7.116306,14.566535,2023-01-01T02:21:25
7.116306,14.566535,2023-01-01T02:21:26
7.116306,14.566535,2023-01-01T02:21:27
7.116306,14.566535,2023-01-01T02:21:28
7.116306,14.566535,2023-01-01T02:21:29
7.116306,14.566535,2023-01-01T02:21:30
7.116306,14.566535,2023-01-01T02:21:31
7.116306,14.566535,2023-01-01T02:21:32
7.116306,14.566535,2023-01-01T02:21:33
7.116306,14.566535,2023-01-01T02:21:34
7.116306,14.566535,2023-01-01T02:21:35
7.116306,14.566535,2023-01-01T02:21:36
7.116306,14.566535,2023-01-01T02:21:37
7.116306,14.566535,2023-01-01T02:21:38
7.116306,14.566535,2023-01-01T02:21:39
7.116306,14.566535,2023-01-01T02:21:40
7.116306,14.566535,2023-01-01T02:21:41
7.116306,14.566535,2023-01-01T02:21:42
7.116306,14.566535,2023-01-01T02:21:43
7.116306,14.566535,2023-01-01T02:21:44
7.116306,14.566535,2023-01-01T02:21:45
7.116306,14.455340,2023-01-01T02:21:46
7.116306,14.455340,2023-01-01T02:21:47
7.116306,14.455340,2023-01-01T02:21:48
7.116306,14.455340,2023-01-01T02:21:49
7.116306,14.455340,2023-01-01T02:21:50
7.116306,14.455340,2023-01-01T02:21:51
7.116306,14.455340,2023-01-01T02:21:52
7.116306,14.455340,2023-01-01T02:21:53
7.116306,14.455340,2023-01-01T02:21:54
7.116306,14.455340,2023-01-01T02:21:55
7.116306,14.455340,2023-01-01T02:21:56
7.227499,14.455340,2023-01-01T02:21:57
7.227499,14.455340,2023-01-01T02:21:58
7.227499,14.455340,2023-01-01T02:21:59
7.227499,14.455340,2023-01-01T02:22:00
7.227499,14.455340,2023-01-01T02:22:01
7.227499,14.455340,2023-01-01T02:22:02
7.227499,14.455340,2023-01-01T02:22:03
7.227499,14.455340,2023-01-01T02:22:04
7.227499,14.455340,2023-01-01T02:22:05
7.227499,14.455340,2023-01-01T02:22:06
7.227499,14.455340,2023-01-01T02:22:07
7.227499,14.455340,2023-01-01T02:22:08
7.227499,14.455340,2023-01-01T02:22:09
7.227499,14.455340,2023-01-01T02:22:10
7.227499,14.455340,2023-01-01T02:22:11
7.227499,14.455340,2023-01-01T02:22:12
7.227499,14.455340,2023-01-01T02:22:13
7.227499,14.344146,2023-01-01T02:22:14
7.227499,14.344146,2023-01-01T02:22:15
7.227499,14.344146,2023-01-01T02:22:16
7.227499,14.344146,2023-01-01T02:22:17
7.227499,14.344146,2023-01-01T02:22:18
7.227499,14.344146,2023-01-01T02:22:19
7.227499,14.344146,2023-01-01T02:22:20
7.227499,14.344146,2023-01-01T02:22:21
7.227499,14.344146,2023-01-01T02:22:22
7.227499,14.344146,2023-01-01T02:22:23
7.227499,14.344146,2023-01-01T02:22:24
7.227499,14.344146,2023-01-01T02:22:25
7.227499,14.344146,2023-01-01T02:22:26
7.227499,14.344146,2023-01-01T02:22:27
7.227499,14.344146,2023-01-01T02:22:28
7.227499,14.344146,2023-01-01T02:22:29
7.227499,14.344146,2023-01-01T02:22:30
7.227499,14.344146,2023-01-01T02:22:31
7.227499,14.344146,2023-01-01T02:22:32
7.227499,14.344146,2023-01-01T02:22:33
7.227499,14.344146,2023-01-01T02:22:34
7.116306,14.344146,2023-01-01T02:22:35
7.116306,14.344146,2023-01-01T02:22:36
7.116306,14.344146,2023-01-01T02:22:37
7.116306,14.344146,2023-01-01T02:22:38
7.116306,14.344146,2023-01-01T02:22:39
7.116306,14.344146,2023-01-01T02:22:40
7.116306,14.344146,2023-01-01T02:22:41
7.116306,14.344146,2023-01-01T02:22:42
7.116306,14.344146,2023-01-01T02:22:43
7.116306,14.344146,2023-01-01T02:22:44
7.116306,14.344146,2023-01-01T02:22:45
7.116306,14.455340,2023-01-01T02:22:46
7.116306,14.455340,2023-01-01T02:22:47
7.116306,14.455340,2023-01-01T02:22:48
7.116306,14.455340,2023-01-01T02:22:49
7.005114,14.455340,2023-01-01T02:22:50
7.005114,14.455340,2023-01-01T02:22:51
7.005114,14.566535,2023-01-01T02:22:52
7.005114,14.566535,2023-01-01T02:22:53
7.005114,14.566535,2023-01-01T02:22:54
7.005114,14.677730,2023-01-01T02:22:55
7.005114,14.677730,2023-01-01T02:22:56
6.893922,14.677730,2023-01-01T02:22:57
6.893922,14.788925,2023-01-01T02:22:58
6.893922,14.788925,2023-01-01T02:22:59
6.893922,14.900120,2023-01-01T02:23:00
6.893922,14.900120,2023-01-01T02:23:01
6.782729,15.011315,2023-01-01T02:23:02
6.782729,15.011315,2023-01-01T02:23:03
6.782729,15.011315,2023-01-01T02:23:04
6.671537,15.122510,2023-01-01T02:23:05
6.671537,15.122510,2023-01-01T02:23:06
6.560345,15.122510,2023-01-01T02:23:07
6.560345,15.233705,2023-01-01T02:23:08
6.560345,15.233705,2023-01-01T02:23:09
6.449153,15.344900,2023-01-01T02:23:10
6.449153,15.344900,2023-01-01T02:23:11
6.337960,15.456095,2023-01-01T02:23:12
6.337960,15.456095,2023-01-01T02:23:13
6.226768,15.567290,2023-01-01T02:23:14
6.226768,15.678485,2023-01-01T02:23:15
6.115576,15.678485,2023-01-01T02:23:16
6.115576,15.789680,2023-01-01T02:23:17
6.004383,15.900875,2023-01-01T02:23:18
6.004383,15.900875,2023-01-01T02:23:19
5.893191,16.012069,2023-01-01T02:23:20
5.893191,16.123264,2023-01-01T02:23:21
5.781999,16.234459,2023-01-01T02:23:22
5.781999,16.234459,2023-01-01T02:23:23
5.670807,16.345654,2023-01-01T02:23:24
5.670807,16.456849,2023-01-01T02:23:25
5.559614,16.568044,2023-01-01T02:23:26
5.448422,16.568044,2023-01-01T02:23:27
5.448422,16.679239,2023-01-01T02:23:28
5.337230,16.790434,2023-01-01T02:23:29
5.226037,16.901629,2023-01-01T02:23:30
5.226037,17.012824,2023-01-01T02:23:31
5.114845,17.012824,2023-01-01T02:23:32
5.114845,17.012824,2023-01-01T02:23:33
5.003653,17.124019,2023-01-01T02:23:34
5.003653,17.124019,2023-01-01T02:23:35
5.003653,17.124019,2023-01-01T02:23:36
4.892461,17.124019,2023-01-01T02:23:37
4.892461,17.124019,2023-01-01T02:23:38
4.892461,17.124019,2023-01-01T02:23:39
4.781268,17.235214,2023-01-01T02:23:40
4.781268,17.235214,2023-01-01T02:23:41
4.670076,17.235214,2023-01-01T02:23:42
4.670076,17.235214,2023-01-01T02:23:43
4.670076,17.235214,2023-01-01T02:23:44
4.558884,17.346409,2023-01-01T02:23:45
4.558884,17.346409,2023-01-01T02:23:46
4.447691,17.346409,2023-01-01T02:23:47
4.447691,17.346409,2023-01-01T02:23:48
4.336499,17.346409,2023-01-01T02:23:49
4.336499,17.346409,2023-01-01T02:23:50
4.225307,17.346409,2023-01-01T02:23:51
4.225307,17.346409,2023-01-01T02:23:52
4.114115,17.457603,2023-01-01T02:23:53
4.114115,17.457603,2023-01-01T02:23:54
4.002922,17.457603,2023-01-01T02:23:55
4.002922,17.457603,2023-01-01T02:23:56
3.891730,17.457603,2023-01-01T02:23:57
3.891730,17.457603,2023-01-01T02:23:58
3.780538,17.457603,2023-01-01T02:23:59
3.669345,17.457603,2023-01-01T02:24:00
3.669345,17.457603,2023-01-01T02:24:01
3.558153,17.568798,2023-01-01T02:24:02
3.669345,17.457603,2023-01-01T02:24:03
3.669345,17.457603,2023-01-01T02:24:04
3.669345,17.346409,2023-01-01T02:24:05
3.669345,17.346409,2023-01-01T02:24:06
3.780538,17.235214,2023-01-01T02:24:07
3.780538,17.235214,2023-01-01T02:24:08
3.780538,17.235214,2023-01-01T02:24:09
3.780538,17.124019,2023-01-01T02:24:10
3.891730,17.124019,2023-01-01T02:24:11
3.891730,17.012824,2023-01-01T02:24:12
3.891730,17.012824,2023-01-01T02:24:13
3.891730,17.012824,2023-01-01T02:24:14
4.002922,16.901629,2023-01-01T02:24:15
4.002922,16.901629,2023-01-01T02:24:16
4.002922,16.901629,2023-01-01T02:24:17
4.002922,16.790434,2023-01-01T02:24:18
4.002922,16.790434,2023-01-01T02:24:19
4.114115,16.679239,2023-01-01T02:24:20
4.114115,16.679239,2023-01-01T02:24:21
4.114115,16.679239,2023-01-01T02:24:22
4.114115,16.568044,2023-01-01T02:24:23
4.225307,16.568044,2023-01-01T02:24:24
4.225307,16.568044,2023-01-01T02:24:25
4.225307,16.456849,2023-01-01T02:24:26
4.225307,16.456849,2023-01-01T02:24:27
4.225307,16.456849,2023-01-01T02:24:28
4.336499,16.345654,2023-01-01T02:24:29
4.336499,16.345654,2023-01-01T02:24:30
4.336499,16.345654,2023-01-01T02:24:31
4.336499,16.345654,2023-01-01T02:24:32
4.447691,16.234459,2023-01-01T02:24:33
4.447691,16.234459,2023-01-01T02:24:34
4.447691,16.234459,2023-01-01T02:24:35
4.558884,16.123264,2023-01-01T02:24:36
4.558884,16.123264,2023-01-01T02:24:37
4.670076,16.123264,2023-01-01T02:24:38
4.670076,16.123264,2023-01-01T02:24:39
4.670076,16.012069,2023-01-01T02:24:40
4.781268,16.012069,2023-01-01T02:24:41
4.781268,16.012069,2023-01-01T02:24:42
4.781268,16.012069,2023-01-01T02:24:43
4.892461,15.900875,2023-01-01T02:24:44
4.892461,15.900875,2023-01-01T02:24:45
5.003653,15.900875,2023-01-01T02:24:46
5.003653,15.900875,2023-01-01T02:24:47
5.003653,15.789680,2023-01-01T02:24:48
5.003653,15.789680,2023-01-01T02:24:49
5.114845,15.789680,2023-01-01T02:24:50
5.114845,15.789680,2023-01-01T02:24:51
5.114845,15.789680,2023-01-01T02:24:52
5.226037,15.678485,2023-01-01T02:24:53
5.226037,15.678485,2023-01-01T02:24:54
5.226037,15.678485,2023-01-01T02:24:55
5.226037,15.678485,2023-01-01T02:24:56
5.337230,15.678485,2023-01-01T02:24:57
5.337230,15.678485,2023-01-01T02:24:58
5.337230,15.567290,2023-01-01T02:24:59
5.337230,15.567290,2023-01-01T02:25:00
5.448422,15.567290,2023-01-01T02:25:01
5.448422,15.567290,2023-01-01T02:25:02
5.448422,15.567290,2023-01-01T02:25:03
5.448422,15.567290,2023-01-01T02:25:04
5.559614,15.567290,2023-01-01T02:25:05
5.559614,15.456095,2023-01-01T02:25:06
5.559614,15.456095,2023-01-01T02:25:07
5.559614,15.456095,2023-01-01T02:25:08
5.559614,15.456095,2023-01-01T02:25:09
5.670807,15.456095,2023-01-01T02:25:10
5.670807,15.456095,2023-01-01T02:25:11
5.670807,15.456095,2023-01-01T02:25:12
5.670807,15.456095,2023-01-01T02:25:13
5.670807,15.456095,2023-01-01T02:25:14
5.670807,15.456095,2023-01-01T02:25:15
5.781999,15.456095,2023-01-01T02:25:16
5.781999,15.344900,2023-01-01T02:25:17
5.781999,15.344900,2023-01-01T02:25:18
5.781999,15.344900,2023-01-01T02:25:19
5.781999,15.344900,2023-01-01T02:25:20
5.781999,15.344900,2023-01-01T02:25:21
5.893191,15.344900,2023-01-01T02:25:22
5.893191,15.344900,2023-01-01T02:25:23
5.893191,15.344900,2023-01-01T02:25:24
5.893191,15.344900,2023-01-01T02:25:25
5.893191,15.233705,2023-01-01T02:25:26
5.893191,15.233705,2023-01-01T02:25:27
5.893191,15.233705,2023-01-01T02:25:28
5.893191,15.233705,2023-01-01T02:25:29
6.004383,15.233705,2023-01-01T02:25:30
6.004383,15.233705,2023-01-01T02:25:31
6.004383,15.233705,2023-01-01T02:25:32
6.004383,15.233705,2023-01-01T02:25:33
6.004383,15.233705,2023-01-01T02:25:34
6.004383,15.233705,2023-01-01T02:25:35
6.004383,15.233705,2023-01-01T02:25:36
6.004383,15.233705,2023-01-01T02:25:37
6.004383,15.233705,2023-01-01T02:25:38
6.004383,15.122510,2023-01-01T02:25:39
6.115576,15.122510,2023-01-01T02:25:40
6.115576,15.122510,2023-01-01T02:25:41
6.115576,15.122510,2023-01-01T02:25:42
6.115576,15.122510,2023-01-01T02:25:43
6.115576,15.122510,2023-01-01T02:25:44
6.115576,15.122510,2023-01-01T02:25:45
6.115576,15.122510,2023-01-01T02:25:46
6.115576,15.122510,2023-01-01T02:25:47
6.115576,15.122510,2023-01-01T02:25:48
6.115576,15.122510,2023-01-01T02:25:49
6.115576,15.122510,2023-01-01T02:25:50
6.115576,15.122510,2023-01-01T02:25:51
6.115576,15.011315,2023-01-01T02:25:52
6.226768,15.011315,2023-01-01T02:25:53
6.226768,15.011315,2023-01-01T02:25:54
6.226768,15.011315,2023-01-01T02:25:55
6.226768,15.011315,2023-01-01T02:25:56
6.226768,15.011315,2023-01-01T02:25:57
6.226768,15.011315,2023-01-01T02:25:58
6.226768,15.011315,2023-01-01T02:25:59
6.226768,15.011315,2023-01-01T02:26:00
6.226768,15.011315,2023-01-01T02:26:01
6.226768,15.011315,2023-01-01T02:26:02
6.226768,15.011315,2023-01-01T02:26:03
6.226768,15.011315,2023-01-01T02:26:04
6.226768,15.011315,2023-01-01T02:26:05
6.226768,15.011315,2023-01-01T02:26:06
6.226768,15.011315,2023-01-01T02:26:07
6.226768,14.900120,2023-01-01T02:26:08
6.226768,14.900120,2023-01-01T02:26:09
6.337960,14.900120,2023-01-01T02:26:10
6.337960,14.900120,2023-01-01T02:26:11
6.337960,14.900120,2023-01-01T02:26:12
6.337960,14.900120,2023-01-01T02:26:13
6.337960,14.900120,2023-01-01T02:26:14
6.337960,14.900120,2023-01-01T02:26:15
6.337960,14.900120,2023-01-01T02:26:16
6.337960,14.900120,2023-01-01T02:26:17
6.337960,14.900120,2023-01-01T02:26:18
6.337960,14.900120,2023-01-01T02:26:19
6.337960,14.900120,2023-01-01T02:26:20
6.337960,14.900120,2023-01-01T02:26:21
6.337960,14.900120,2023-01-01T02:26:22
6.337960,14.900120,2023-01-01T02:26:23
6.337960,14.900120,2023-01-01T02:26:24
6.337960,14.900120,2023-01-01T02:26:25
6.337960,14.900120,2023-01-01T02:26:26
6.337960,14.900120,2023-01-01T02:26:27
6.337960,14.900120,2023-01-01T02:26:28
6.337960,14.900120,2023-01-01T02:26:29
6.337960,14.788925,2023-01-01T02:26:30
6.337960,14.788925,2023-01-01T02:26:31
6.337960,14.788925,2023-01-01T02:26:32
6.337960,14.788925,2023-01-01T02:26:33
6.449153,14.788925,2023-01-01T02:26:34
6.449153,14.788925,2023-01-01T02:26:35
6.449153,14.788925,2023-01-01T02:26:36
6.449153,14.788925,2023-01-01T02:26:37
6.449153,14.788925,2023-01-01T02:26:38
6.449153,14.788925,2023-01-01T02:26:39
6.449153,14.788925,2023-01-01T02:26:40
6.449153,14.788925,2023-01-01T02:26:41
6.449153,14.788925,2023-01-01T02:26:42
6.449153,14.788925,2023-01-01T02:26:43
6.449153,14.788925,2023-01-01T02:26:44
6.449153,14.788925,2023-01-01T02:26:45
6.449153,14.788925,2023-01-01T02:26:46
6.449153,14.788925,2023-01-01T02:26:47
6.449153,14.788925,2023-01-01T02:26:48
6.449153,14.788925,2023-01-01T02:26:49
6.449153,14.788925,2023-01-01T02:26:50
6.449153,14.788925,2023-01-01T02:26:51
6.449153,14.788925,2023-01-01T02:26:52
6.449153,14.788925,2023-01-01T02:26:53
6.449153,14.788925,2023-01-01T02:26:54
6.449153,14.788925,2023-01-01T02:26:55
6.449153,14.788925,2023-01-01T02:26:56
6.449153,14.788925,2023-01-01T02:26:57
6.449153,14.788925,2023-01-01T02:26:58
6.449153,14.788925,2023-01-01T02:26:59
6.449153,14.788925,2023-01-01T02:27:00
6.449153,14.788925,2023-01-01T02:27:01
6.449153,14.788925,2023-01-01T02:27:02
6.449153,14.788925,2023-01-01T02:27:03
6.449153,14.788925,2023-01-01T02:27:04
6.449153,14.788925,2023-01-01T02:27:05
6.449153,14.788925,2023-01-01T02:27:06
6.449153,14.788925,2023-01-01T02:27:07
6.449153,14.788925,2023-01-01T02:27:08
6.560345,14.788925,2023-01-01T02:27:09
6.560345,14.788925,2023-01-01T02:27:10
6.560345,14.788925,2023-01-01T02:27:11
6.560345,14.788925,2023-01-01T02:27:12
6.560345,14.788925,2023-01-01T02:27:13
6.560345,14.788925,2023-01-01T02:27:14
6.560345,14.788925,2023-01-01T02:27:15
6.560345,14.788925,2023-01-01T02:27:16
6.560345,14.788925,2023-01-01T02:27:17
6.560345,14.788925,2023-01-01T02:27:18
6.560345,14.788925,2023-01-01T02:27:19
6.560345,14.788925,2023-01-01T02:27:20
6.560345,14.788925,2023-01-01T02:27:21
6.560345,14.788925,2023-01-01T02:27:22
6.560345,14.788925,2023-01-01T02:27:23
6.560345,14.788925,2023-01-01T02:27:24
6.560345,14.788925,2023-01-01T02:27:25
6.560345,14.788925,2023-01-01T02:27:26
6.560345,14.788925,2023-01-01T02:27:27
6.560345,14.788925,2023-01-01T02:27:28
6.560345,14.788925,2023-01-01T02:27:29
6.560345,14.788925,2023-01-01T02:27:30
6.560345,14.788925,2023-01-01T02:27:31
6.560345,14.788925,2023-01-01T02:27:32
6.560345,14.788925,2023-01-01T02:27:33
6.560345,14.788925,2023-01-01T02:27:34
6.560345,14.788925,2023-01-01T02:27:35
6.560345,14.788925,2023-01-01T02:27:36
6.560345,14.788925,2023-01-01T02:27:37
6.560345,14.788925,2023-01-01T02:27:38
6.560345,14.788925,2023-01-01T02:27:39
6.560345,14.788925,2023-01-01T02:27:40
6.560345,14.788925,2023-01-01T02:27:41
6.560345,14.788925,2023-01-01T02:27:42
6.560345,14.788925,2023-01-01T02:27:43
6.560345,14.788925,2023-01-01T02:27:44
6.560345,14.788925,2023-01-01T02:27:45
6.560345,14.788925,2023-01-01T02:27:46
6.560345,14.788925,2023-01-01T02:27:47
6.560345,14.788925,2023-01-01T02:27:48
6.560345,14.788925,2023-01-01T02:27:49
6.560345,14.788925,2023-01-01T02:27:50
6.560345,14.788925,2023-01-01T02:27:51
6.560345,14.788925,2023-01-01T02:27:52
6.560345,14.788925,2023-01-01T02:27:53
6.560345,14.788925,2023-01-01T02:27:54
6.560345,14.788925,2023-01-01T02:27:55
6.560345,14.788925,2023-01-01T02:27:56
6.560345,14.788925,2023-01-01T02:27:57
6.560345,14.788925,2023-01-01T02:27:58
6.560345,14.788925,2023-01-01T02:27:59
6.560345,14.788925,2023-01-01T02:28:00
6.560345,14.788925,2023-01-01T02:28:01
6.560345,14.788925,2023-01-01T02:28:02
6.560345,14.788925,2023-01-01T02:28:03
6.560345,14.788925,2023-01-01T02:28:04
6.560345,14.788925,2023-01-01T02:28:05
6.560345,14.788925,2023-01-01T02:28:06
6.560345,14.788925,2023-01-01T02:28:07
6.560345,14.788925,2023-01-01T02:28:08
6.560345,14.788925,2023-01-01T02:28:09
6.560345,14.788925,2023-01-01T02:28:10
6.560345,14.788925,2023-01-01T02:28:11
6.560345,14.788925,2023-01-01T02:28:12
6.560345,14.788925,2023-01-01T02:28:13
6.560345,14.788925,2023-01-01T02:28:14
6.560345,14.788925,2023-01-01T02:28:15
6.560345,14.788925,2023-01-01T02:28:16
6.560345,14.788925,2023-01-01T02:28:17
6.560345,14.788925,2023-01-01T02:28:18
6.560345,14.788925,2023-01-01T02:28:19
6.560345,14.788925,2023-01-01T02:28:20
6.560345,14.788925,2023-01-01T02:28:21
6.560345,14.788925,2023-01-01T02:28:22
6.560345,14.788925,2023-01-01T02:28:23
6.560345,14.788925,2023-01-01T02:28:24
6.560345,14.788925,2023-01-01T02:28:25
6.560345,14.788925,2023-01-01T02:28:26
6.560345,14.788925,2023-01-01T02:28:27
6.560345,14.788925,2023-01-01T02:28:28
6.560345,14.788925,2023-01-01T02:28:29
6.560345,14.788925,2023-01-01T02:28:30
6.560345,14.788925,2023-01-01T02:28:31
6.560345,14.788925,2023-01-01T02:28:32
6.560345,14.788925,2023-01-01T02:28:33
6.560345,14.788925,2023-01-01T02:28:34
6.560345,14.788925,2023-01-01T02:28:35
6.560345,14.788925,2023-01-01T02:28:36
6.560345,14.788925,2023-01-01T02:28:37
6.560345,14.788925,2023-01-01T02:28:38
6.560345,14.788925,2023-01-01T02:28:39
6.560345,14.788925,2023-01-01T02:28:40
6.560345,14.788925,2023-01-01T02:28:41
6.560345,14.788925,2023-01-01T02:28:42
6.560345,14.788925,2023-01-01T02:28:43
6.560345,14.788925,2023-01-01T02:28:44
6.560345,14.788925,2023-01-01T02:28:45
6.560345,14.788925,2023-01-01T02:28:46
6.560345,14.788925,2023-01-01T02:28:47
6.560345,14.788925,2023-01-01T02:28:48
6.560345,14.788925,2023-01-01T02:28:49
6.560345,14.788925,2023-01-01T02:28:50
6.671537,14.788925,2023-01-01T02:28:51
6.671537,14.788925,2023-01-01T02:28:52
6.671537,14.788925,2023-01-01T02:28:53
6.671537,14.788925,2023-01-01T02:28:54
6.671537,14.788925,2023-01-01T02:28:55
6.671537,14.788925,2023-01-01T02:28:56
6.671537,14.788925,2023-01-01T02:28:57
6.671537,14.788925,2023-01-01T02:28:58
6.671537,14.788925,2023-01-01T02:28:59
6.671537,14.788925,2023-01-01T02:29:00
6.671537,14.788925,2023-01-01T02:29:01
6.671537,14.788925,2023-01-01T02:29:02
6.671537,14.788925,2023-01-01T02:29:03
6.671537,14.788925,2023-01-01T02:29:04
6.671537,14.788925,2023-01-01T02:29:05
6.671537,14.788925,2023-01-01T02:29:06
6.671537,14.788925,2023-01-01T02:29:07
6.671537,14.788925,2023-01-01T02:29:08
6.671537,14.788925,2023-01-01T02:29:09
6.671537,14.788925,2023-01-01T02:29:10
6.671537,14.788925,2023-01-01T02:29:11
6.671537,14.788925,2023-01-01T02:29:12
6.671537,14.788925,2023-01-01T02:29:13
6.671537,14.788925,2023-01-01T02:29:14
6.671537,14.788925,2023-01-01T02:29:15
6.671537,14.788925,2023-01-01T02:29:16
6.671537,14.788925,2023-01-01T02:29:17
6.671537,14.788925,2023-01-01T02:29:18
6.671537,14.788925,2023-01-01T02:29:19
6.671537,14.788925,2023-01-01T02:29:20
6.671537,14.788925,2023-01-01T02:29:21
6.671537,14.788925,2023-01-01T02:29:22
6.671537,14.788925,2023-01-01T02:29:23
6.671537,14.788925,2023-01-01T02:29:24
6.671537,14.788925,2023-01-01T02:29:25
6.671537,14.788925,2023-01-01T02:29:26
6.560345,14.788925,2023-01-01T02:29:27
6.560345,14.788925,2023-01-01T02:29:28
6.560345,14.788925,2023-01-01T02:29:29
6.560345,14.788925,2023-01-01T02:29:30
6.560345,14.788925,2023-01-01T02:29:31
6.560345,14.788925,2023-01-01T02:29:32
6.560345,14.788925,2023-01-01T02:29:33
6.560345,14.788925,2023-01-01T02:29:34
6.560345,14.788925,2023-01-01T02:29:35
6.560345,14.788925,2023-01-01T02:29:36
6.560345,14.788925,2023-01-01T02:29:37
6.560345,14.788925,2023-01-01T02:29:38
6.560345,14.788925,2023-01-01T02:29:39
6.560345,14.788925,2023-01-01T02:29:40
6.560345,14.788925,2023-01-01T02:29:41
6.560345,14.788925,2023-01-01T02:29:42
6.560345,14.788925,2023-01-01T02:29:43
6.560345,14.788925,2023-01-01T02:29:44
6.560345,14.788925,2023-01-01T02:29:45
6.560345,14.788925,2023-01-01T02:29:46
6.560345,14.788925,2023-01-01T02:29:47
6.560345,14.788925,2023-01-01T02:29:48
6.560345,14.788925,2023-01-01T02:29:49
6.560345,14.788925,2023-01-01T02:29:50
6.560345,14.788925,2023-01-01T02:29:51
6.560345,14.788925,2023-01-01T02:29:52
6.560345,14.788925,2023-01-01T02:29:53
6.560345,14.788925,2023-01-01T02:29:54
6.560345,14.788925,2023-01-01T02:29:55
6.560345,14.788925,2023-01-01T02:29:56
6.560345,14.788925,2023-01-01T02:29:57
6.560345,14.788925,2023-01-01T02:29:58
6.560345,14.788925,2023-01-01T02:29:59
6.560345,14.788925,2023-01-01T02:30:00
6.560345,14.788925,2023-01-01T02:30:01
6.560345,14.788925,2023-01-01T02:30:02
6.560345,14.788925,2023-01-01T02:30:03
6.560345,14.788925,2023-01-01T02:30:04
6.560345,14.788925,2023-01-01T02:30:05
6.560345,14.788925,2023-01-01T02:30:06
6.560345,14.788925,2023-01-01T02:30:07
6.560345,14.788925,2023-01-01T02:30:08
6.560345,14.788925,2023-01-01T02:30:09
6.560345,14.788925,2023-01-01T02:30:10
6.560345,14.788925,2023-01-01T02:30:11
6.560345,14.788925,2023-01-01T02:30:12
6.560345,14.788925,2023-01-01T02:30:13
6.560345,14.788925,2023-01-01T02:30:14
6.560345,14.788925,2023-01-01T02:30:15
6.560345,14.788925,2023-01-01T02:30:16
6.560345,14.788925,2023-01-01T02:30:17
6.560345,14.788925,2023-01-01T02:30:18
6.560345,14.788925,2023-01-01T02:30:19
6.560345,14.788925,2023-01-01T02:30:20
6.560345,14.788925,2023-01-01T02:30:21
6.560345,14.788925,2023-01-01T02:30:22
6.560345,14.788925,2023-01-01T02:30:23
6.560345,14.788925,2023-01-01T02:30:24
6.560345,14.788925,2023-01-01T02:30:25
6.560345,14.788925,2023-01-01T02:30:26
6.560345,14.788925,2023-01-01T02:30:27
6.560345,14.788925,2023-01-01T02:30:28
6.560345,14.788925,2023-01-01T02:30:29
6.560345,14.788925,2023-01-01T02:30:30
6.560345,14.788925,2023-01-01T02:30:31
6.560345,14.788925,2023-01-01T02:30:32
6.560345,14.788925,2023-01-01T02:30:33
6.449153,14.788925,2023-01-01T02:30:34
6.449153,14.788925,2023-01-01T02:30:35
6.449153,14.788925,2023-01-01T02:30:36
6.449153,14.788925,2023-01-01T02:30:37
6.449153,14.788925,2023-01-01T02:30:38
6.449153,14.788925,2023-01-01T02:30:39
6.449153,14.788925,2023-01-01T02:30:40
6.449153,14.788925,2023-01-01T02:30:41
6.449153,14.788925,2023-01-01T02:30:42
6.449153,14.788925,2023-01-01T02:30:43
6.449153,14.788925,2023-01-01T02:30:44
6.449153,14.788925,2023-01-01T02:30:45
6.449153,14.788925,2023-01-01T02:30:46
6.449153,14.788925,2023-01-01T02:30:47
6.449153,14.788925,2023-01-01T02:30:48
6.449153,14.788925,2023-01-01T02:30:49
6.449153,14.788925,2023-01-01T02:30:50
6.449153,14.788925,2023-01-01T02:30:51
6.449153,14.788925,2023-01-01T02:30:52
6.449153,14.788925,2023-01-01T02:30:53
6.449153,14.788925,2023-01-01T02:30:54
6.449153,14.788925,2023-01-01T02:30:55
6.449153,14.788925,2023-01-01T02:30:56
6.449153,14.788925,2023-01-01T02:30:57
6.449153,14.788925,2023-01-01T02:30:58
6.449153,14.788925,2023-01-01T02:30:59
6.449153,14.900120,2023-01-01T02:31:00
6.449153,14.900120,2023-01-01T02:31:01
6.449153,14.900120,2023-01-01T02:31:02
6.449153,14.900120,2023-01-01T02:31:03
6.449153,14.900120,2023-01-01T02:31:04
6.449153,14.900120,2023-01-01T02:31:05
6.449153,14.900120,2023-01-01T02:31:06
6.449153,14.900120,2023-01-01T02:31:07
6.449153,14.900120,2023-01-01T02:31:08
6.449153,14.900120,2023-01-01T02:31:09
6.449153,14.900120,2023-01-01T02:31:10
6.449153,14.900120,2023-01-01T02:31:11
6.449153,14.900120,2023-01-01T02:31:12
6.449153,14.900120,2023-01-01T02:31:13
6.449153,14.900120,2023-01-01T02:31:14
6.449153,14.900120,2023-01-01T02:31:15
6.449153,14.900120,2023-01-01T02:31:16
6.449153,14.900120,2023-01-01T02:31:17
6.449153,14.900120,2023-01-01T02:31:18
6.449153,14.900120,2023-01-01T02:31:19
6.449153,14.900120,2023-01-01T02:31:20
6.449153,14.900120,2023-01-01T02:31:21
6.449153,14.900120,2023-01-01T02:31:22
6.449153,14.900120,2023-01-01T02:31:23
6.449153,14.900120,2023-01-01T02:31:24
6.449153,14.900120,2023-01-01T02:31:25
6.449153,14.900120,2023-01-01T02:31:26
6.449153,14.900120,2023-01-01T02:31:27
6.449153,14.900120,2023-01-01T02:31:28
6.449153,14.900120,2023-01-01T02:31:29
6.449153,14.900120,2023-01-01T02:31:30
6.449153,14.900120,2023-01-01T02:31:31
6.449153,14.900120,2023-01-01T02:31:32
6.449153,14.900120,2023-01-01T02:31:33
6.449153,14.900120,2023-01-01T02:31:34
6.449153,14.900120,2023-01-01T02:31:35
6.449153,14.900120,2023-01-01T02:31:36
6.449153,14.900120,2023-01-01T02:31:37
6.449153,14.900120,2023-01-01T02:31:38
6.449153,14.900120,2023-01-01T02:31:39
6.449153,14.900120,2023-01-01T02:31:40
6.449153,14.900120,2023-01-01T02:31:41
6.449153,14.900120,2023-01-01T02:31:42
6.449153,14.900120,2023-01-01T02:31:43
6.449153,14.900120,2023-01-01T02:31:44
6.449153,14.900120,2023-01-01T02:31:45
6.449153,14.900120,2023-01-01T02:31:46
6.449153,14.900120,2023-01-01T02:31:47
6.449153,14.900120,2023-01-01T02:31:48
6.449153,14.900120,2023-01-01T02:31:49
6.449153,14.900120,2023-01-01T02:31:50
6.449153,14.900120,2023-01-01T02:31:51
6.449153,14.900120,2023-01-01T02:31:52
6.449153,14.900120,2023-01-01T02:31:53
6.449153,14.900120,2023-01-01T02:31:54
6.449153,14.900120,2023-01-01T02:31:55
6.449153,14.900120,2023-01-01T02:31:56
6.449153,14.900120,2023-01-01T02:31:57
6.449153,14.900120,2023-01-01T02:31:58
6.449153,14.900120,2023-01-01T02:31:59
6.449153,14.900120,2023-01-01T02:32:00
6.449153,14.900120,2023-01-01T02:32:01
6.449153,14.900120,2023-01-01T02:32:02
6.449153,14.900120,2023-01-01T02:32:03
6.449153,14.900120,2023-01-01T02:32:04
6.449153,14.900120,2023-01-01T02:32:05
6.449153,14.900120,2023-01-01T02:32:06
6.449153,14.900120,2023-01-01T02:32:07
6.449153,14.900120,2023-01-01T02:32:08
6.449153,14.900120,2023-01-01T02:32:09
6.449153,14.900120,2023-01-01T02:32:10
6.449153,14.900120,2023-01-01T02:32:11
6.449153,14.900120,2023-01-01T02:32:12
6.449153,14.900120,2023-01-01T02:32:13
6.449153,14.900120,2023-01-01T02:32:14
6.449153,14.900120,2023-01-01T02:32:15
6.449153,14.900120,2023-01-01T02:32:16
6.449153,14.900120,2023-01-01T02:32:17
6.449153,14.900120,2023-01-01T02:32:18
6.449153,14.900120,2023-01-01T02:32:19
6.449153,14.900120,2023-01-01T02:32:20
6.449153,14.900120,2023-01-01T02:32:21
6.449153,14.900120,2023-01-01T02:32:22
6.449153,14.900120,2023-01-01T02:32:23
6.449153,14.900120,2023-01-01T02:32:24
6.449153,14.900120,2023-01-01T02:32:25
6.449153,14.900120,2023-01-01T02:32:26
6.449153,14.900120,2023-01-01T02:32:27
6.449153,14.900120,2023-01-01T02:32:28
6.449153,14.900120,2023-01-01T02:32:29
6.449153,14.900120,2023-01-01T02:32:30
6.449153,14.900120,2023-01-01T02:32:31
6.449153,14.900120,2023-01-01T02:32:32
6.449153,14.900120,2023-01-01T02:32:33
6.449153,14.900120,2023-01-01T02:32:34
6.449153,14.900120,2023-01-01T02:32:35
6.449153,14.900120,2023-01-01T02:32:36
6.449153,14.900120,2023-01-01T02:32:37
6.449153,14.900120,2023-01-01T02:32:38
6.449153,14.900120,2023-01-01T02:32:39
6.449153,14.900120,2023-01-01T02:32:40
6.449153,14.900120,2023-01-01T02:32:41
6.449153,14.900120,2023-01-01T02:32:42
6.449153,14.900120,2023-01-01T02:32:43
6.449153,14.900120,2023-01-01T02:32:44
6.449153,14.900120,2023-01-01T02:32:45
6.449153,14.900120,2023-01-01T02:32:46
6.449153,14.900120,2023-01-01T02:32:47
6.449153,14.900120,2023-01-01T02:32:48
6.449153,14.900120,2023-01-01T02:32:49
6.449153,14.900120,2023-01-01T02:32:50
6.449153,14.900120,2023-01-01T02:32:51
6.449153,14.900120,2023-01-01T02:32:52
6.449153,14.900120,2023-01-01T02:32:53
6.449153,14.900120,2023-01-01T02:32:54
6.449153,14.900120,2023-01-01T02:32:55
6.449153,14.900120,2023-01-01T02:32:56
6.449153,14.900120,2023-01-01T02:32:57
6.449153,14.900120,2023-01-01T02:32:58
6.449153,14.900120,2023-01-01T02:32:59
6.449153,14.900120,2023-01-01T02:33:00
6.449153,14.900120,2023-01-01T02:33:01
6.449153,14.900120,2023-01-01T02:33:02
6.449153,14.900120,2023-01-01T02:33:03
6.449153,14.900120,2023-01-01T02:33:04
6.449153,14.900120,2023-01-01T02:33:05
6.449153,14.900120,2023-01-01T02:33:06
6.449153,14.900120,2023-01-01T02:33:07
6.449153,14.900120,2023-01-01T02:33:08
6.449153,14.900120,2023-01-01T02:33:09
6.449153,14.900120,2023-01-01T02:33:10
6.449153,14.900120,2023-01-01T02:33:11
6.449153,14.900120,2023-01-01T02:33:12
6.449153,14.900120,2023-01-01T02:33:13
6.449153,14.900120,2023-01-01T02:33:14
6.449153,14.900120,2023-01-01T02:33:15
6.449153,14.900120,2023-01-01T02:33:16
6.449153,14.900120,2023-01-01T02:33:17
6.449153,14.900120,2023-01-01T02:33:18
6.449153,14.900120,2023-01-01T02:33:19
6.449153,14.900120,2023-01-01T02:33:20
6.449153,14.900120,2023-01-01T02:33:21
6.449153,14.900120,2023-01-01T02:33:22
6.449153,14.900120,2023-01-01T02:33:23
6.449153,14.900120,2023-01-01T02:33:24
6.449153,14.900120,2023-01-01T02:33:25
6.449153,14.900120,2023-01-01T02:33:26
6.449153,14.900120,2023-01-01T02:33:27
6.449153,14.900120,2023-01-01T02:33:28
6.449153,14.900120,2023-01-01T02:33:29
6.449153,14.900120,2023-01-01T02:33:30
6.449153,14.900120,2023-01-01T02:33:31
6.449153,14.900120,2023-01-01T02:33:32
6.449153,14.900120,2023-01-01T02:33:33
6.449153,14.900120,2023-01-01T02:33:34
6.449153,14.900120,2023-01-01T02:33:35
6.449153,14.900120,2023-01-01T02:33:36
6.449153,14.900120,2023-01-01T02:33:37
6.449153,14.900120,2023-01-01T02:33:38
6.449153,14.900120,2023-01-01T02:33:39
6.449153,14.900120,2023-01-01T02:33:40
6.449153,14.900120,2023-01-01T02:33:41
6.449153,14.900120,2023-01-01T02:33:42
6.449153,14.900120,2023-01-01T02:33:43
6.449153,14.900120,2023-01-01T02:33:44
6.449153,14.900120,2023-01-01T02:33:45
6.449153,14.900120,2023-01-01T02:33:46
6.449153,14.900120,2023-01-01T02:33:47
6.449153,14.900120,2023-01-01T02:33:48
6.449153,14.900120,2023-01-01T02:33:49
6.449153,14.900120,2023-01-01T02:33:50
6.449153,14.900120,2023-01-01T02:33:51
6.449153,14.900120,2023-01-01T02:33:52
6.449153,14.900120,2023-01-01T02:33:53
6.449153,14.900120,2023-01-01T02:33:54
6.449153,14.900120,2023-01-01T02:33:55
6.449153,14.900120,2023-01-01T02:33:56
6.449153,14.900120,2023-01-01T02:33:57
6.449153,14.900120,2023-01-01T02:33:58
6.449153,14.900120,2023-01-01T02:33:59
6.449153,14.900120,2023-01-01T02:34:00
6.449153,14.900120,2023-01-01T02:34:01
6.449153,14.900120,2023-01-01T02:34:02
6.449153,14.900120,2023-01-01T02:34:03
6.449153,14.900120,2023-01-01T02:34:04
6.449153,14.900120,2023-01-01T02:34:05
6.560345,14.900120,2023-01-01T02:34:06
6.560345,14.900120,2023-01-01T02:34:07
6.560345,14.900120,2023-01-01T02:34:08
6.560345,14.900120,2023-01-01T02:34:09
6.560345,14.900120,2023-01-01T02:34:10
6.560345,14.900120,2023-01-01T02:34:11
6.560345,14.900120,2023-01-01T02:34:12
6.560345,14.900120,2023-01-01T02:34:13
6.560345,14.900120,2023-01-01T02:34:14
6.560345,14.900120,2023-01-01T02:34:15
6.560345,14.900120,2023-01-01T02:34:16
6.560345,14.900120,2023-01-01T02:34:17
6.560345,14.900120,2023-01-01T02:34:18
6.560345,14.900120,2023-01-01T02:34:19
6.560345,14.900120,2023-01-01T02:34:20
6.560345,14.900120,2023-01-01T02:34:21
6.560345,14.900120,2023-01-01T02:34:22
6.560345,14.900120,2023-01-01T02:34:23
6.560345,14.900120,2023-01-01T02:34:24
6.560345,14.900120,2023-01-01T02:34:25
6.560345,14.900120,2023-01-01T02:34:26
6.560345,14.900120,2023-01-01T02:34:27
6.560345,14.900120,2023-01-01T02:34:28
6.560345,14.900120,2023-01-01T02:34:29
6.560345,14.900120,2023-01-01T02:34:30
6.560345,14.900120,2023-01-01T02:34:31
6.560345,14.900120,2023-01-01T02:34:32
6.560345,14.900120,2023-01-01T02:34:33
6.560345,14.900120,2023-01-01T02:34:34
6.560345,14.900120,2023-01-01T02:34:35
6.560345,14.900120,2023-01-01T02:34:36
6.560345,14.900120,2023-01-01T02:34:37
6.560345,14.900120,2023-01-01T02:34:38
6.560345,14.900120,2023-01-01T02:34:39
6.560345,14.788925,2023-01-01T02:34:40
6.560345,14.788925,2023-01-01T02:34:41
6.560345,14.788925,2023-01-01T02:34:42
6.560345,14.788925,2023-01-01T02:34:43
6.560345,14.788925,2023-01-01T02:34:44
6.560345,14.788925,2023-01-01T02:34:45
6.560345,14.788925,2023-01-01T02:34:46
6.560345,14.788925,2023-01-01T02:34:47
6.560345,14.788925,2023-01-01T02:34:48
6.560345,14.788925,2023-01-01T02:34:49
6.560345,14.788925,2023-01-01T02:34:50
6.560345,14.788925,2023-01-01T02:34:51
6.560345,14.788925,2023-01-01T02:34:52
6.560345,14.788925,2023-01-01T02:34:53
6.560345,14.788925,2023-01-01T02:34:54
6.560345,14.788925,2023-01-01T02:34:55
6.560345,14.788925,2023-01-01T02:34:56
6.560345,14.788925,2023-01-01T02:34:57
6.560345,14.788925,2023-01-01T02:34:58
6.560345,14.788925,2023-01-01T02:34:59
6.560345,14.788925,2023-01-01T02:35:00
6.560345,14.788925,2023-01-01T02:35:01
6.560345,14.788925,2023-01-01T02:35:02
6.560345,14.788925,2023-01-01T02:35:03
6.560345,14.788925,2023-01-01T02:35:04
6.560345,14.788925,2023-01-01T02:35:05
6.560345,14.788925,2023-01-01T02:35:06
6.560345,14.788925,2023-01-01T02:35:07
6.560345,14.788925,2023-01-01T02:35:08
6.560345,14.788925,2023-01-01T02:35:09
6.560345,14.788925,2023-01-01T02:35:10
6.560345,14.788925,2023-01-01T02:35:11
6.560345,14.788925,2023-01-01T02:35:12
6.560345,14.788925,2023-01-01T02:35:13
6.560345,14.788925,2023-01-01T02:35:14
6.560345,14.788925,2023-01-01T02:35:15
6.560345,14.788925,2023-01-01T02:35:16
6.560345,14.788925,2023-01-01T02:35:17
6.560345,14.788925,2023-01-01T02:35:18
6.560345,14.788925,2023-01-01T02:35:19
6.560345,14.788925,2023-01-01T02:35:20
6.560345,14.788925,2023-01-01T02:35:21
6.560345,14.788925,2023-01-01T02:35:22
6.560345,14.788925,2023-01-01T02:35:23
6.560345,14.788925,2023-01-01T02:35:24
6.560345,14.788925,2023-01-01T02:35:25
6.560345,14.788925,2023-01-01T02:35:26
6.560345,14.788925,2023-01-01T02:35:27
6.560345,14.788925,2023-01-01T02:35:28
6.560345,14.788925,2023-01-01T02:35:29
6.560345,14.788925,2023-01-01T02:35:30
6.560345,14.788925,2023-01-01T02:35:31
6.560345,14.788925,2023-01-01T02:35:32
6.560345,14.788925,2023-01-01T02:35:33
6.560345,14.788925,2023-01-01T02:35:34
6.560345,14.788925,2023-01-01T02:35:35
6.560345,14.788925,2023-01-01T02:35:36
6.560345,14.788925,2023-01-01T02:35:37
6.560345,14.788925,2023-01-01T02:35:38
6.560345,14.788925,2023-01-01T02:35:39
6.560345,14.788925,2023-01-01T02:35:40
6.560345,14.788925,2023-01-01T02:35:41
6.560345,14.788925,2023-01-01T02:35:42
6.560345,14.788925,2023-01-01T02:35:43
6.560345,14.788925,2023-01-01T02:35:44
6.560345,14.788925,2023-01-01T02:35:45
6.560345,14.788925,2023-01-01T02:35:46
6.560345,14.788925,2023-01-01T02:35:47
6.560345,14.788925,2023-01-01T02:35:48
6.560345,14.788925,2023-01-01T02:35:49
6.560345,14.788925,2023-01-01T02:35:50
6.560345,14.788925,2023-01-01T02:35:51
6.560345,14.788925,2023-01-01T02:35:52
6.560345,14.788925,2023-01-01T02:35:53
6.560345,14.788925,2023-01-01T02:35:54
6.560345,14.788925,2023-01-01T02:35:55
6.560345,14.788925,2023-01-01T02:35:56
6.560345,14.788925,2023-01-01T02:35:57
6.560345,14.788925,2023-01-01T02:35:58
6.560345,14.788925,2023-01-01T02:35:59
6.560345,14.788925,2023-01-01T02:36:00
6.560345,14.788925,2023-01-01T02:36:01
6.449153,14.788925,2023-01-01T02:36:02
6.449153,14.788925,2023-01-01T02:36:03
6.449153,14.788925,2023-01-01T02:36:04
6.449153,14.788925,2023-01-01T02:36:05
6.449153,14.788925,2023-01-01T02:36:06
6.449153,14.788925,2023-01-01T02:36:07
6.449153,14.788925,2023-01-01T02:36:08
6.449153,14.788925,2023-01-01T02:36:09
6.449153,14.788925,2023-01-01T02:36:10
6.449153,14.788925,2023-01-01T02:36:11
6.449153,14.788925,2023-01-01T02:36:12
6.449153,14.788925,2023-01-01T02:36:13
6.449153,14.788925,2023-01-01T02:36:14
6.449153,14.788925,2023-01-01T02:36:15
6.449153,14.788925,2023-01-01T02:36:16
6.449153,14.788925,2023-01-01T02:36:17
6.449153,14.788925,2023-01-01T02:36:18
6.449153,14.788925,2023-01-01T02:36:19
6.449153,14.788925,2023-01-01T02:36:20
6.449153,14.788925,2023-01-01T02:36:21
6.449153,14.788925,2023-01-01T02:36:22
6.449153,14.788925,2023-01-01T02:36:23
6.449153,14.788925,2023-01-01T02:36:24
6.449153,14.788925,2023-01-01T02:36:25
6.449153,14.788925,2023-01-01T02:36:26
6.449153,14.788925,2023-01-01T02:36:27
6.449153,14.788925,2023-01-01T02:36:28
6.449153,14.788925,2023-01-01T02:36:29
6.449153,14.788925,2023-01-01T02:36:30
6.449153,14.788925,2023-01-01T02:36:31
6.449153,14.788925,2023-01-01T02:36:32
6.449153,14.788925,2023-01-01T02:36:33
6.449153,14.788925,2023-01-01T02:36:34
6.449153,14.788925,2023-01-01T02:36:35
6.449153,14.788925,2023-01-01T02:36:36
6.449153,14.788925,2023-01-01T02:36:37
6.449153,14.788925,2023-01-01T02:36:38
6.449153,14.788925,2023-01-01T02:36:39
6.449153,14.788925,2023-01-01T02:36:40
6.449153,14.788925,2023-01-01T02:36:41
6.449153,14.788925,2023-01-01T02:36:42
6.449153,14.788925,2023-01-01T02:36:43
6.449153,14.788925,2023-01-01T02:36:44
6.449153,14.677730,2023-01-01T02:36:45
6.449153,14.677730,2023-01-01T02:36:46
6.449153,14.677730,2023-01-01T02:36:47
6.449153,14.677730,2023-01-01T02:36:48
6.449153,14.677730,2023-01-01T02:36:49
6.449153,14.677730,2023-01-01T02:36:50
6.449153,14.677730,2023-01-01T02:36:51
6.449153,14.677730,2023-01-01T02:36:52
6.449153,14.677730,2023-01-01T02:36:53
6.449153,14.677730,2023-01-01T02:36:54
6.449153,14.677730,2023-01-01T02:36:55
6.449153,14.677730,2023-01-01T02:36:56
6.449153,14.677730,2023-01-01T02:36:57
6.449153,14.677730,2023-01-01T02:36:58
6.449153,14.677730,2023-01-01T02:36:59
6.449153,14.677730,2023-01-01T02:37:00
6.449153,14.677730,2023-01-01T02:37:01
6.449153,14.677730,2023-01-01T02:37:02
6.449153,14.677730,2023-01-01T02:37:03
6.449153,14.677730,2023-01-01T02:37:04
6.449153,14.677730,2023-01-01T02:37:05
6.449153,14.677730,2023-01-01T02:37:06
6.449153,14.677730,2023-01-01T02:37:07
6.449153,14.677730,2023-01-01T02:37:08
6.449153,14.677730,2023-01-01T02:37:09
6.449153,14.677730,2023-01-01T02:37:10
6.449153,14.677730,2023-01-01T02:37:11
6.449153,14.677730,2023-01-01T02:37:12
6.449153,14.677730,2023-01-01T02:37:13
6.449153,14.677730,2023-01-01T02:37:14
6.449153,14.677730,2023-01-01T02:37:15
6.449153,14.677730,2023-01-01T02:37:16
6.449153,14.677730,2023-01-01T02:37:17
6.449153,14.677730,2023-01-01T02:37:18
6.449153,14.677730,2023-01-01T02:37:19
6.449153,14.677730,2023-01-01T02:37:20
6.449153,14.677730,2023-01-01T02:37:21
6.449153,14.677730,2023-01-01T02:37:22
6.449153,14.677730,2023-01-01T02:37:23
6.449153,14.677730,2023-01-01T02:37:24
6.449153,14.677730,2023-01-01T02:37:25
6.449153,14.677730,2023-01-01T02:37:26
6.449153,14.677730,2023-01-01T02:37:27
6.449153,14.677730,2023-01-01T02:37:28
6.449153,14.788925,2023-01-01T02:37:29
6.449153,14.788925,2023-01-01T02:37:30
6.449153,14.788925,2023-01-01T02:37:31
6.449153,14.788925,2023-01-01T02:37:32
6.449153,14.788925,2023-01-01T02:37:33
6.449153,14.788925,2023-01-01T02:37:34
6.449153,14.788925,2023-01-01T02:37:35
6.449153,14.788925,2023-01-01T02:37:36
6.449153,14.788925,2023-01-01T02:37:37
6.449153,14.788925,2023-01-01T02:37:38
6.449153,14.788925,2023-01-01T02:37:39
6.449153,14.788925,2023-01-01T02:37:40
6.449153,14.788925,2023-01-01T02:37:41
6.449153,14.788925,2023-01-01T02:37:42
6.449153,14.788925,2023-01-01T02:37:43
6.449153,14.788925,2023-01-01T02:37:44
6.449153,14.788925,2023-01-01T02:37:45
6.449153,14.788925,2023-01-01T02:37:46
6.449153,14.788925,2023-01-01T02:37:47
6.449153,14.788925,2023-01-01T02:37:48
6.449153,14.788925,2023-01-01T02:37:49
6.449153,14.788925,2023-01-01T02:37:50
6.449153,14.788925,2023-01-01T02:37:51
6.449153,14.788925,2023-01-01T02:37:52
6.449153,14.788925,2023-01-01T02:37:53
6.449153,14.788925,2023-01-01T02:37:54
6.449153,14.788925,2023-01-01T02:37:55
6.449153,14.788925,2023-01-01T02:37:56
6.449153,14.788925,2023-01-01T02:37:57
6.449153,14.788925,2023-01-01T02:37:58
6.449153,14.788925,2023-01-01T02:37:59
6.449153,14.788925,2023-01-01T02:38:00
6.449153,14.788925,2023-01-01T02:38:01
6.449153,14.788925,2023-01-01T02:38:02
6.449153,14.788925,2023-01-01T02:38:03
6.449153,14.788925,2023-01-01T02:38:04
6.449153,14.788925,2023-01-01T02:38:05
6.449153,14.788925,2023-01-01T02:38:06
6.449153,14.788925,2023-01-01T02:38:07
6.449153,14.788925,2023-01-01T02:38:08
6.449153,14.788925,2023-01-01T02:38:09
6.449153,14.788925,2023-01-01T02:38:10
6.449153,14.788925,2023-01-01T02:38:11
6.449153,14.788925,2023-01-01T02:38:12
6.449153,14.788925,2023-01-01T02:38:13
6.449153,14.788925,2023-01-01T02:38:14
6.449153,14.788925,2023-01-01T02:38:15
6.449153,14.788925,2023-01-01T02:38:16
6.449153,14.788925,2023-01-01T02:38:17
6.449153,14.788925,2023-01-01T02:38:18
6.449153,14.788925,2023-01-01T02:38:19
6.449153,14.788925,2023-01-01T02:38:20
6.449153,14.788925,2023-01-01T02:38:21
6.449153,14.788925,2023-01-01T02:38:22
6.449153,14.788925,2023-01-01T02:38:23
6.449153,14.788925,2023-01-01T02:38:24
6.449153,14.788925,2023-01-01T02:38:25
6.449153,14.788925,2023-01-01T02:38:26
6.449153,14.788925,2023-01-01T02:38:27
6.449153,14.788925,2023-01-01T02:38:28
6.449153,14.788925,2023-01-01T02:38:29
6.560345,14.788925,2023-01-01T02:38:30
6.560345,14.788925,2023-01-01T02:38:31
6.449153,14.788925,2023-01-01T02:38:32
6.449153,14.788925,2023-01-01T02:38:33
6.449153,14.788925,2023-01-01T02:38:34
6.449153,14.788925,2023-01-01T02:38:35
6.449153,14.788925,2023-01-01T02:38:36
6.449153,14.788925,2023-01-01T02:38:37
6.449153,14.788925,2023-01-01T02:38:38
6.449153,14.788925,2023-01-01T02:38:39
6.449153,14.788925,2023-01-01T02:38:40
6.449153,14.788925,2023-01-01T02:38:41
6.449153,14.788925,2023-01-01T02:38:42
6.449153,14.788925,2023-01-01T02:38:43
6.449153,14.788925,2023-01-01T02:38:44
6.449153,14.788925,2023-01-01T02:38:45
6.449153,14.788925,2023-01-01T02:38:46
6.449153,14.788925,2023-01-01T02:38:47
6.449153,14.788925,2023-01-01T02:38:48
6.449153,14.788925,2023-01-01T02:38:49
6.449153,14.788925,2023-01-01T02:38:50
6.449153,14.788925,2023-01-01T02:38:51
6.449153,14.788925,2023-01-01T02:38:52
6.449153,14.788925,2023-01-01T02:38:53
6.449153,14.788925,2023-01-01T02:38:54
6.449153,14.788925,2023-01-01T02:38:55
6.449153,14.788925,2023-01-01T02:38:56
6.449153,14.788925,2023-01-01T02:38:57
6.449153,14.788925,2023-01-01T02:38:58
6.449153,14.788925,2023-01-01T02:38:59
6.449153,14.788925,2023-01-01T02:39:00
6.449153,14.788925,2023-01-01T02:39:01
6.449153,14.788925,2023-01-01T02:39:02
6.449153,14.788925,2023-01-01T02:39:03
6.449153,14.788925,2023-01-01T02:39:04
6.449153,14.788925,2023-01-01T02:39:05
6.449153,14.788925,2023-01-01T02:39:06
6.449153,14.788925,2023-01-01T02:39:07
6.449153,14.788925,2023-01-01T02:39:08
6.449153,14.788925,2023-01-01T02:39:09
6.449153,14.788925,2023-01-01T02:39:10
6.449153,14.788925,2023-01-01T02:39:11
6.449153,14.788925,2023-01-01T02:39:12
6.449153,14.788925,2023-01-01T02:39:13
6.449153,14.788925,2023-01-01T02:39:14
6.449153,14.788925,2023-01-01T02:39:15
6.449153,14.788925,2023-01-01T02:39:16
6.449153,14.788925,2023-01-01T02:39:17
6.449153,14.788925,2023-01-01T02:39:18
6.449153,14.788925,2023-01-01T02:39:19
6.449153,14.788925,2023-01-01T02:39:20
6.449153,14.788925,2023-01-01T02:39:21
6.449153,14.788925,2023-01-01T02:39:22
6.449153,14.788925,2023-01-01T02:39:23
6.449153,14.788925,2023-01-01T02:39:24
6.449153,14.788925,2023-01-01T02:39:25
6.449153,14.677730,2023-01-01T02:39:26
6.449153,14.677730,2023-01-01T02:39:27
6.449153,14.677730,2023-01-01T02:39:28
6.449153,14.677730,2023-01-01T02:39:29
6.449153,14.677730,2023-01-01T02:39:30
6.449153,14.677730,2023-01-01T02:39:31
6.449153,14.677730,2023-01-01T02:39:32
6.449153,14.677730,2023-01-01T02:39:33
6.449153,14.677730,2023-01-01T02:39:34
6.449153,14.677730,2023-01-01T02:39:35
6.449153,14.677730,2023-01-01T02:39:36
6.449153,14.677730,2023-01-01T02:39:37
6.449153,14.677730,2023-01-01T02:39:38
6.449153,14.677730,2023-01-01T02:39:39
6.449153,14.677730,2023-01-01T02:39:40
6.449153,14.677730,2023-01-01T02:39:41
6.449153,14.677730,2023-01-01T02:39:42
6.449153,14.677730,2023-01-01T02:39:43
6.449153,14.677730,2023-01-01T02:39:44
6.449153,14.677730,2023-01-01T02:39:45
6.449153,14.677730,2023-01-01T02:39:46
6.449153,14.677730,2023-01-01T02:39:47
6.449153,14.677730,2023-01-01T02:39:48
6.449153,14.677730,2023-01-01T02:39:49
6.449153,14.677730,2023-01-01T02:39:50
6.449153,14.677730,2023-01-01T02:39:51
6.449153,14.677730,2023-01-01T02:39:52
6.449153,14.677730,2023-01-01T02:39:53
6.449153,14.677730,2023-01-01T02:39:54
6.449153,14.677730,2023-01-01T02:39:55
6.449153,14.677730,2023-01-01T02:39:56
6.449153,14.677730,2023-01-01T02:39:57
6.449153,14.677730,2023-01-01T02:39:58
6.449153,14.677730,2023-01-01T02:39:59
6.449153,14.677730,2023-01-01T02:40:00
6.449153,14.677730,2023-01-01T02:40:01
6.449153,14.677730,2023-01-01T02:40:02
6.449153,14.677730,2023-01-01T02:40:03
6.560345,14.677730,2023-01-01T02:40:04
6.560345,14.677730,2023-01-01T02:40:05
6.560345,14.677730,2023-01-01T02:40:06
6.560345,14.677730,2023-01-01T02:40:07
6.560345,14.677730,2023-01-01T02:40:08
6.560345,14.677730,2023-01-01T02:40:09
6.560345,14.677730,2023-01-01T02:40:10
6.560345,14.677730,2023-01-01T02:40:11
6.560345,14.677730,2023-01-01T02:40:12
6.560345,14.677730,2023-01-01T02:40:13
6.560345,14.677730,2023-01-01T02:40:14
6.560345,14.677730,2023-01-01T02:40:15
6.560345,14.677730,2023-01-01T02:40:16
6.560345,14.677730,2023-01-01T02:40:17
6.560345,14.677730,2023-01-01T02:40:18
6.560345,14.677730,2023-01-01T02:40:19
6.560345,14.677730,2023-01-01T02:40:20
6.560345,14.677730,2023-01-01T02:40:21
6.560345,14.677730,2023-01-01T02:40:22
6.560345,14.677730,2023-01-01T02:40:23
6.560345,14.677730,2023-01-01T02:40:24
6.560345,14.677730,2023-01-01T02:40:25
6.560345,14.677730,2023-01-01T02:40:26
6.560345,14.677730,2023-01-01T02:40:27
6.560345,14.677730,2023-01-01T02:40:28
6.560345,14.677730,2023-01-01T02:40:29
6.560345,14.677730,2023-01-01T02:40:30
6.560345,14.677730,2023-01-01T02:40:31
6.560345,14.677730,2023-01-01T02:40:32
6.560345,14.677730,2023-01-01T02:40:33
6.560345,14.677730,2023-01-01T02:40:34
6.560345,14.677730,2023-01-01T02:40:35
6.560345,14.677730,2023-01-01T02:40:36
6.560345,14.677730,2023-01-01T02:40:37
6.560345,14.677730,2023-01-01T02:40:38
6.560345,14.677730,2023-01-01T02:40:39
6.560345,14.677730,2023-01-01T02:40:40
6.560345,14.677730,2023-01-01T02:40:41
6.560345,14.677730,2023-01-01T02:40:42
6.449153,14.677730,2023-01-01T02:40:43
6.449153,14.677730,2023-01-01T02:40:44
6.449153,14.677730,2023-01-01T02:40:45
6.449153,14.677730,2023-01-01T02:40:46
6.449153,14.677730,2023-01-01T02:40:47
6.449153,14.677730,2023-01-01T02:40:48
6.449153,14.677730,2023-01-01T02:40:49
6.449153,14.677730,2023-01-01T02:40:50
6.449153,14.677730,2023-01-01T02:40:51
6.449153,14.677730,2023-01-01T02:40:52
6.449153,14.677730,2023-01-01T02:40:53
6.449153,14.677730,2023-01-01T02:40:54
6.449153,14.677730,2023-01-01T02:40:55
6.449153,14.677730,2023-01-01T02:40:56
6.449153,14.677730,2023-01-01T02:40:57
6.449153,14.677730,2023-01-01T02:40:58
6.449153,14.677730,2023-01-01T02:40:59
6.449153,14.677730,2023-01-01T02:41:00
6.337960,14.677730,2023-01-01T02:41:01
6.337960,14.677730,2023-01-01T02:41:02
6.337960,14.677730,2023-01-01T02:41:03
6.337960,14.677730,2023-01-01T02:41:04
6.337960,14.677730,2023-01-01T02:41:05
6.337960,14.677730,2023-01-01T02:41:06
6.337960,14.677730,2023-01-01T02:41:07
6.337960,14.677730,2023-01-01T02:41:08
6.337960,14.677730,2023-01-01T02:41:09
6.337960,14.677730,2023-01-01T02:41:10
6.449153,14.677730,2023-01-01T02:41:11
6.449153,14.677730,2023-01-01T02:41:12
6.449153,14.677730,2023-01-01T02:41:13
6.449153,14.677730,2023-01-01T02:41:14
6.449153,14.677730,2023-01-01T02:41:15
6.449153,14.677730,2023-01-01T02:41:16
6.449153,14.566535,2023-01-01T02:41:17
6.449153,14.566535,2023-01-01T02:41:18
6.449153,14.566535,2023-01-01T02:41:19
6.449153,14.566535,2023-01-01T02:41:20
6.449153,14.566535,2023-01-01T02:41:21
6.449153,14.566535,2023-01-01T02:41:22
6.449153,14.566535,2023-01-01T02:41:23
6.449153,14.566535,2023-01-01T02:41:24
6.449153,14.566535,2023-01-01T02:41:25
6.449153,14.566535,2023-01-01T02:41:26
6.449153,14.566535,2023-01-01T02:41:27
6.449153,14.566535,2023-01-01T02:41:28
6.449153,14.566535,2023-01-01T02:41:29
6.449153,14.566535,2023-01-01T02:41:30
6.449153,14.566535,2023-01-01T02:41:31
6.449153,14.566535,2023-01-01T02:41:32
6.449153,14.566535,2023-01-01T02:41:33
6.449153,14.566535,2023-01-01T02:41:34
6.449153,14.566535,2023-01-01T02:41:35
6.449153,14.566535,2023-01-01T02:41:36
6.449153,14.566535,2023-01-01T02:41:37
6.337960,14.566535,2023-01-01T02:41:38
6.337960,14.566535,2023-01-01T02:41:39
6.337960,14.566535,2023-01-01T02:41:40
6.337960,14.566535,2023-01-01T02:41:41
6.337960,14.566535,2023-01-01T02:41:42
6.337960,14.566535,2023-01-01T02:41:43
6.337960,14.566535,2023-01-01T02:41:44
6.337960,14.566535,2023-01-01T02:41:45
6.337960,14.566535,2023-01-01T02:41:46
6.337960,14.566535,2023-01-01T02:41:47
6.337960,14.566535,2023-01-01T02:41:48
6.337960,14.566535,2023-01-01T02:41:49
6.337960,14.566535,2023-01-01T02:41:50
6.337960,14.566535,2023-01-01T02:41:51
6.337960,14.566535,2023-01-01T02:41:52
6.337960,14.566535,2023-01-01T02:41:53
6.337960,14.566535,2023-01-01T02:41:54
6.337960,14.566535,2023-01-01T02:41:55
6.337960,14.566535,2023-01-01T02:41:56
6.337960,14.566535,2023-01-01T02:41:57
6.337960,14.566535,2023-01-01T02:41:58
6.337960,14.566535,2023-01-01T02:41:59
6.337960,14.566535,2023-01-01T02:42:00
6.337960,14.566535,2023-01-01T02:42:01
6.337960,14.566535,2023-01-01T02:42:02
6.337960,14.566535,2023-01-01T02:42:03
6.337960,14.566535,2023-01-01T02:42:04
6.337960,14.566535,2023-01-01T02:42:05
6.337960,14.566535,2023-01-01T02:42:06
6.337960,14.566535,2023-01-01T02:42:07
6.337960,14.566535,2023-01-01T02:42:08
6.226768,14.566535,2023-01-01T02:42:09
6.226768,14.566535,2023-01-01T02:42:10
6.226768,14.566535,2023-01-01T02:42:11
6.226768,14.566535,2023-01-01T02:42:12
6.226768,14.566535,2023-01-01T02:42:13
6.115576,14.566535,2023-01-01T02:42:14
6.115576,14.566535,2023-01-01T02:42:15
6.004383,14.566535,2023-01-01T02:42:16
6.004383,14.566535,2023-01-01T02:42:17
6.004383,14.566535,2023-01-01T02:42:18
5.893191,14.566535,2023-01-01T02:42:19
5.893191,14.566535,2023-01-01T02:42:20
5.781999,14.566535,2023-01-01T02:42:21
5.781999,14.566535,2023-01-01T02:42:22
5.670807,14.566535,2023-01-01T02:42:23
5.670807,14.566535,2023-01-01T02:42:24
5.670807,14.566535,2023-01-01T02:42:25
5.559614,14.566535,2023-01-01T02:42:26
5.559614,14.566535,2023-01-01T02:42:27
5.559614,14.566535,2023-01-01T02:42:28
5.448422,14.566535,2023-01-01T02:42:29
5.448422,14.566535,2023-01-01T02:42:30
5.448422,14.566535,2023-01-01T02:42:31
5.448422,14.566535,2023-01-01T02:42:32
5.448422,14.566535,2023-01-01T02:42:33
5.448422,14.566535,2023-01-01T02:42:34
5.337230,14.566535,2023-01-01T02:42:35
5.337230,14.566535,2023-01-01T02:42:36
5.337230,14.566535,2023-01-01T02:42:37
5.337230,14.566535,2023-01-01T02:42:38
5.337230,14.566535,2023-01-01T02:42:39
5.337230,14.566535,2023-01-01T02:42:40
5.337230,14.566535,2023-01-01T02:42:41
5.337230,14.566535,2023-01-01T02:42:42
5.337230,14.566535,2023-01-01T02:42:43
5.337230,14.566535,2023-01-01T02:42:44
5.337230,14.566535,2023-01-01T02:42:45
5.337230,14.566535,2023-01-01T02:42:46
5.337230,14.566535,2023-01-01T02:42:47
5.226037,14.566535,2023-01-01T02:42:48
5.226037,14.566535,2023-01-01T02:42:49
5.226037,14.566535,2023-01-01T02:42:50
5.226037,14.566535,2023-01-01T02:42:51
5.226037,14.566535,2023-01-01T02:42:52
5.226037,14.566535,2023-01-01T02:42:53
5.226037,14.566535,2023-01-01T02:42:54
5.226037,14.566535,2023-01-01T02:42:55
5.226037,14.566535,2023-01-01T02:42:56
5.226037,14.566535,2023-01-01T02:42:57
5.226037,14.566535,2023-01-01T02:42:58
5.226037,14.566535,2023-01-01T02:42:59
5.226037,14.566535,2023-01-01T02:43:00
5.226037,14.566535,2023-01-01T02:43:01
5.226037,14.566535,2023-01-01T02:43:02
5.226037,14.566535,2023-01-01T02:43:03
5.226037,14.566535,2023-01-01T02:43:04
5.226037,14.566535,2023-01-01T02:43:05
5.226037,14.566535,2023-01-01T02:43:06
5.226037,14.566535,2023-01-01T02:43:07
5.226037,14.566535,2023-01-01T02:43:08
5.226037,14.566535,2023-01-01T02:43:09
5.337230,14.566535,2023-01-01T02:43:10
5.337230,14.566535,2023-01-01T02:43:11
5.337230,14.566535,2023-01-01T02:43:12
5.337230,14.566535,2023-01-01T02:43:13
5.337230,14.566535,2023-01-01T02:43:14
5.337230,14.566535,2023-01-01T02:43:15
5.337230,14.566535,2023-01-01T02:43:16
5.337230,14.566535,2023-01-01T02:43:17
5.337230,14.566535,2023-01-01T02:43:18
5.337230,14.566535,2023-01-01T02:43:19
5.337230,14.566535,2023-01-01T02:43:20
5.337230,14.566535,2023-01-01T02:43:21
5.337230,14.566535,2023-01-01T02:43:22
5.337230,14.566535,2023-01-01T02:43:23
5.337230,14.566535,2023-01-01T02:43:24
5.337230,14.566535,2023-01-01T02:43:25
5.448422,14.566535,2023-01-01T02:43:26
5.448422,14.566535,2023-01-01T02:43:27
5.448422,14.566535,2023-01-01T02:43:28
5.448422,14.566535,2023-01-01T02:43:29
5.448422,14.566535,2023-01-01T02:43:30
5.448422,14.566535,2023-01-01T02:43:31
5.448422,14.566535,2023-01-01T02:43:32
5.448422,14.566535,2023-01-01T02:43:33
5.448422,14.566535,2023-01-01T02:43:34
5.448422,14.566535,2023-01-01T02:43:35
5.448422,14.566535,2023-01-01T02:43:36
5.448422,14.566535,2023-01-01T02:43:37
5.448422,14.566535,2023-01-01T02:43:38
5.448422,14.566535,2023-01-01T02:43:39
5.448422,14.566535,2023-01-01T02:43:40
5.448422,14.566535,2023-01-01T02:43:41
5.448422,14.566535,2023-01-01T02:43:42
5.448422,14.566535,2023-01-01T02:43:43
5.448422,14.566535,2023-01-01T02:43:44
5.448422,14.566535,2023-01-01T02:43:45
5.448422,14.566535,2023-01-01T02:43:46
5.448422,14.566535,2023-01-01T02:43:47
5.448422,14.566535,2023-01-01T02:43:48
5.448422,14.566535,2023-01-01T02:43:49
5.448422,14.566535,2023-01-01T02:43:50
5.448422,14.566535,2023-01-01T02:43:51
5.448422,14.566535,2023-01-01T02:43:52
5.448422,14.566535,2023-01-01T02:43:53
5.448422,14.566535,2023-01-01T02:43:54
5.448422,14.566535,2023-01-01T02:43:55
5.448422,14.566535,2023-01-01T02:43:56
5.448422,14.566535,2023-01-01T02:43:57
5.448422,14.566535,2023-01-01T02:43:58
5.448422,14.566535,2023-01-01T02:43:59
5.448422,14.566535,2023-01-01T02:44:00
5.448422,14.566535,2023-01-01T02:44:01
5.448422,14.566535,2023-01-01T02:44:02
5.448422,14.566535,2023-01-01T02:44:03
5.559614,14.566535,2023-01-01T02:44:04
5.559614,14.566535,2023-01-01T02:44:05
5.559614,14.566535,2023-01-01T02:44:06
5.559614,14.566535,2023-01-01T02:44:07
5.559614,14.566535,2023-01-01T02:44:08
5.559614,14.566535,2023-01-01T02:44:09
5.559614,14.566535,2023-01-01T02:44:10
5.559614,14.566535,2023-01-01T02:44:11
5.559614,14.566535,2023-01-01T02:44:12
5.559614,14.566535,2023-01-01T02:44:13
5.559614,14.566535,2023-01-01T02:44:14
5.559614,14.566535,2023-01-01T02:44:15
5.559614,14.566535,2023-01-01T02:44:16
5.559614,14.566535,2023-01-01T02:44:17
5.559614,14.566535,2023-01-01T02:44:18
5.559614,14.566535,2023-01-01T02:44:19
5.559614,14.566535,2023-01-01T02:44:20
5.559614,14.566535,2023-01-01T02:44:21
5.559614,14.566535,2023-01-01T02:44:22
5.559614,14.566535,2023-01-01T02:44:23
5.559614,14.566535,2023-01-01T02:44:24
5.559614,14.566535,2023-01-01T02:44:25
5.559614,14.566535,2023-01-01T02:44:26
5.670807,14.566535,2023-01-01T02:44:27
5.670807,14.566535,2023-01-01T02:44:28
5.670807,14.566535,2023-01-01T02:44:29
5.670807,14.566535,2023-01-01T02:44:30
5.670807,14.566535,2023-01-01T02:44:31
5.670807,14.566535,2023-01-01T02:44:32
5.670807,14.566535,2023-01-01T02:44:33
5.670807,14.566535,2023-01-01T02:44:34
5.670807,14.566535,2023-01-01T02:44:35
5.670807,14.566535,2023-01-01T02:44:36
5.670807,14.566535,2023-01-01T02:44:37
5.670807,14.566535,2023-01-01T02:44:38
5.670807,14.566535,2023-01-01T02:44:39
5.670807,14.566535,2023-01-01T02:44:40
5.670807,14.566535,2023-01-01T02:44:41
5.670807,14.566535,2023-01-01T02:44:42
5.670807,14.566535,2023-01-01T02:44:43
5.670807,14.566535,2023-01-01T02:44:44
5.670807,14.566535,2023-01-01T02:44:45
5.670807,14.566535,2023-01-01T02:44:46
5.670807,14.566535,2023-01-01T02:44:47
5.670807,14.566535,2023-01-01T02:44:48
5.670807,14.566535,2023-01-01T02:44:49
5.670807,14.566535,2023-01-01T02:44:50
5.670807,14.566535,2023-01-01T02:44:51
5.670807,14.566535,2023-01-01T02:44:52
5.670807,14.566535,2023-01-01T02:44:53
5.670807,14.566535,2023-01-01T02:44:54
5.670807,14.677730,2023-01-01T02:44:55
5.670807,14.677730,2023-01-01T02:44:56
5.670807,14.677730,2023-01-01T02:44:57
5.670807,14.677730,2023-01-01T02:44:58
5.670807,14.677730,2023-01-01T02:44:59
5.670807,14.677730,2023-01-01T02:45:00
5.670807,14.677730,2023-01-01T02:45:01
5.670807,14.677730,2023-01-01T02:45:02
5.670807,14.677730,2023-01-01T02:45:03
5.670807,14.677730,2023-01-01T02:45:04
5.670807,14.677730,2023-01-01T02:45:05
5.670807,14.677730,2023-01-01T02:45:06
5.670807,14.677730,2023-01-01T02:45:07
5.670807,14.677730,2023-01-01T02:45:08
5.670807,14.677730,2023-01-01T02:45:09
5.670807,14.677730,2023-01-01T02:45:10
5.670807,14.677730,2023-01-01T02:45:11
5.670807,14.677730,2023-01-01T02:45:12
5.670807,14.677730,2023-01-01T02:45:13
5.670807,14.677730,2023-01-01T02:45:14
5.670807,14.677730,2023-01-01T02:45:15
5.670807,14.677730,2023-01-01T02:45:16
5.670807,14.677730,2023-01-01T02:45:17
5.670807,14.677730,2023-01-01T02:45:18
5.670807,14.677730,2023-01-01T02:45:19
5.670807,14.677730,2023-01-01T02:45:20
5.670807,14.677730,2023-01-01T02:45:21
5.670807,14.677730,2023-01-01T02:45:22
5.670807,14.677730,2023-01-01T02:45:23
5.670807,14.677730,2023-01-01T02:45:24
5.670807,14.677730,2023-01-01T02:45:25
5.670807,14.677730,2023-01-01T02:45:26
5.781999,14.677730,2023-01-01T02:45:27
5.781999,14.677730,2023-01-01T02:45:28
5.781999,14.677730,2023-01-01T02:45:29
5.781999,14.677730,2023-01-01T02:45:30
5.781999,14.677730,2023-01-01T02:45:31
5.781999,14.677730,2023-01-01T02:45:32
5.781999,14.677730,2023-01-01T02:45:33
5.781999,14.677730,2023-01-01T02:45:34
5.781999,14.677730,2023-01-01T02:45:35
5.781999,14.677730,2023-01-01T02:45:36
5.781999,14.677730,2023-01-01T02:45:37
5.781999,14.677730,2023-01-01T02:45:38
5.781999,14.677730,2023-01-01T02:45:39
5.893191,14.677730,2023-01-01T02:45:40
5.893191,14.677730,2023-01-01T02:45:41
5.893191,14.677730,2023-01-01T02:45:42
5.893191,14.677730,2023-01-01T02:45:43
5.893191,14.677730,2023-01-01T02:45:44
6.004383,14.677730,2023-01-01T02:45:45
6.004383,14.677730,2023-01-01T02:45:46
6.004383,14.677730,2023-01-01T02:45:47
6.004383,14.677730,2023-01-01T02:45:48
6.004383,14.677730,2023-01-01T02:45:49
6.115576,14.677730,2023-01-01T02:45:50
6.115576,14.677730,2023-01-01T02:45:51
6.115576,14.677730,2023-01-01T02:45:52
6.115576,14.677730,2023-01-01T02:45:53
6.115576,14.677730,2023-01-01T02:45:54
6.115576,14.677730,2023-01-01T02:45:55
6.226768,14.677730,2023-01-01T02:45:56
6.226768,14.677730,2023-01-01T02:45:57
6.226768,14.677730,2023-01-01T02:45:58
6.226768,14.788925,2023-01-01T02:45:59
6.226768,14.788925,2023-01-01T02:46:00
6.226768,14.788925,2023-01-01T02:46:01
6.226768,14.788925,2023-01-01T02:46:02
6.337960,14.788925,2023-01-01T02:46:03
6.337960,14.788925,2023-01-01T02:46:04
6.337960,14.788925,2023-01-01T02:46:05
6.337960,14.788925,2023-01-01T02:46:06
6.337960,14.788925,2023-01-01T02:46:07
6.337960,14.788925,2023-01-01T02:46:08
6.337960,14.788925,2023-01-01T02:46:09
6.337960,14.788925,2023-01-01T02:46:10
6.449153,14.788925,2023-01-01T02:46:11
6.449153,14.788925,2023-01-01T02:46:12
6.449153,14.788925,2023-01-01T02:46:13
6.449153,14.788925,2023-01-01T02:46:14
6.449153,14.788925,2023-01-01T02:46:15
6.449153,14.788925,2023-01-01T02:46:16
6.449153,14.788925,2023-01-01T02:46:17
6.449153,14.788925,2023-01-01T02:46:18
6.560345,14.788925,2023-01-01T02:46:19
6.560345,14.788925,2023-01-01T02:46:20
6.560345,14.788925,2023-01-01T02:46:21
6.560345,14.788925,2023-01-01T02:46:22
6.560345,14.788925,2023-01-01T02:46:23
6.560345,14.788925,2023-01-01T02:46:24
6.560345,14.788925,2023-01-01T02:46:25
6.560345,14.788925,2023-01-01T02:46:26
6.560345,14.788925,2023-01-01T02:46:27
6.671537,14.788925,2023-01-01T02:46:28
6.671537,14.788925,2023-01-01T02:46:29
6.671537,14.788925,2023-01-01T02:46:30
6.671537,14.788925,2023-01-01T02:46:31
6.560345,14.788925,2023-01-01T02:46:32
6.560345,14.788925,2023-01-01T02:46:33
6.560345,14.788925,2023-01-01T02:46:34
6.560345,14.788925,2023-01-01T02:46:35
6.560345,14.788925,2023-01-01T02:46:36
6.560345,14.788925,2023-01-01T02:46:37
6.560345,14.788925,2023-01-01T02:46:38
6.560345,14.788925,2023-01-01T02:46:39
6.560345,14.788925,2023-01-01T02:46:40
6.449153,14.788925,2023-01-01T02:46:41
6.449153,14.788925,2023-01-01T02:46:42
6.449153,14.788925,2023-01-01T02:46:43
6.449153,14.788925,2023-01-01T02:46:44
6.449153,14.788925,2023-01-01T02:46:45
6.449153,14.788925,2023-01-01T02:46:46
6.449153,14.788925,2023-01-01T02:46:47
6.449153,14.788925,2023-01-01T02:46:48
6.449153,14.788925,2023-01-01T02:46:49
6.449153,14.788925,2023-01-01T02:46:50
6.449153,14.788925,2023-01-01T02:46:51
6.337960,14.788925,2023-01-01T02:46:52
6.337960,14.788925,2023-01-01T02:46:53
6.337960,14.788925,2023-01-01T02:46:54
6.337960,14.788925,2023-01-01T02:46:55
6.337960,14.788925,2023-01-01T02:46:56
6.337960,14.788925,2023-01-01T02:46:57
6.337960,14.788925,2023-01-01T02:46:58
6.337960,14.788925,2023-01-01T02:46:59
6.337960,14.788925,2023-01-01T02:47:00
6.337960,14.788925,2023-01-01T02:47:01
6.337960,14.788925,2023-01-01T02:47:02
6.337960,14.788925,2023-01-01T02:47:03
6.337960,14.788925,2023-01-01T02:47:04
6.226768,14.788925,2023-01-01T02:47:05
6.226768,14.788925,2023-01-01T02:47:06
6.226768,14.788925,2023-01-01T02:47:07
6.226768,14.788925,2023-01-01T02:47:08
6.226768,14.788925,2023-01-01T02:47:09
6.226768,14.788925,2023-01-01T02:47:10
6.226768,14.788925,2023-01-01T02:47:11
6.226768,14.788925,2023-01-01T02:47:12
6.226768,14.788925,2023-01-01T02:47:13
6.226768,14.788925,2023-01-01T02:47:14
6.226768,14.677730,2023-01-01T02:47:15
6.226768,14.677730,2023-01-01T02:47:16
6.226768,14.677730,2023-01-01T02:47:17
6.226768,14.677730,2023-01-01T02:47:18
6.115576,14.677730,2023-01-01T02:47:19
6.115576,14.677730,2023-01-01T02:47:20
6.115576,14.677730,2023-01-01T02:47:21
6.115576,14.677730,2023-01-01T02:47:22
6.115576,14.677730,2023-01-01T02:47:23
6.115576,14.677730,2023-01-01T02:47:24
6.115576,14.677730,2023-01-01T02:47:25
6.115576,14.677730,2023-01-01T02:47:26
6.115576,14.677730,2023-01-01T02:47:27
6.115576,14.677730,2023-01-01T02:47:28
6.115576,14.677730,2023-01-01T02:47:29
6.115576,14.677730,2023-01-01T02:47:30
6.115576,14.677730,2023-01-01T02:47:31
6.115576,14.677730,2023-01-01T02:47:32
6.115576,14.677730,2023-01-01T02:47:33
6.115576,14.677730,2023-01-01T02:47:34
6.004383,14.677730,2023-01-01T02:47:35
6.004383,14.677730,2023-01-01T02:47:36
6.004383,14.677730,2023-01-01T02:47:37
6.004383,14.677730,2023-01-01T02:47:38
6.004383,14.677730,2023-01-01T02:47:39
6.004383,14.677730,2023-01-01T02:47:40
6.004383,14.677730,2023-01-01T02:47:41
6.004383,14.677730,2023-01-01T02:47:42
6.004383,14.677730,2023-01-01T02:47:43
6.004383,14.677730,2023-01-01T02:47:44
6.004383,14.677730,2023-01-01T02:47:45
6.004383,14.677730,2023-01-01T02:47:46
6.004383,14.677730,2023-01-01T02:47:47
6.004383,14.677730,2023-01-01T02:47:48
6.004383,14.677730,2023-01-01T02:47:49
6.004383,14.677730,2023-01-01T02:47:50
6.004383,14.677730,2023-01-01T02:47:51
6.004383,14.677730,2023-01-01T02:47:52
6.004383,14.677730,2023-01-01T02:47:53
6.004383,14.677730,2023-01-01T02:47:54
6.004383,14.566535,2023-01-01T02:47:55
6.004383,14.566535,2023-01-01T02:47:56
6.004383,14.566535,2023-01-01T02:47:57
6.004383,14.566535,2023-01-01T02:47:58
6.004383,14.566535,2023-01-01T02:47:59
6.004383,14.566535,2023-01-01T02:48:00
5.893191,14.566535,2023-01-01T02:48:01
5.893191,14.566535,2023-01-01T02:48:02
5.893191,14.566535,2023-01-01T02:48:03
5.893191,14.566535,2023-01-01T02:48:04
5.893191,14.566535,2023-01-01T02:48:05
5.893191,14.566535,2023-01-01T02:48:06
5.893191,14.566535,2023-01-01T02:48:07
5.893191,14.566535,2023-01-01T02:48:08
5.893191,14.566535,2023-01-01T02:48:09
5.893191,14.566535,2023-01-01T02:48:10
5.893191,14.566535,2023-01-01T02:48:11
5.893191,14.566535,2023-01-01T02:48:12
5.893191,14.566535,2023-01-01T02:48:13
5.893191,14.566535,2023-01-01T02:48:14
5.893191,14.566535,2023-01-01T02:48:15
5.893191,14.566535,2023-01-01T02:48:16
5.893191,14.566535,2023-01-01T02:48:17
5.893191,14.566535,2023-01-01T02:48:18
5.893191,14.566535,2023-01-01T02:48:19
5.893191,14.566535,2023-01-01T02:48:20
5.893191,14.566535,2023-01-01T02:48:21
5.893191,14.566535,2023-01-01T02:48:22
5.893191,14.566535,2023-01-01T02:48:23
5.893191,14.566535,2023-01-01T02:48:24
5.893191,14.566535,2023-01-01T02:48:25
5.893191,14.566535,2023-01-01T02:48:26
5.893191,14.566535,2023-01-01T02:48:27
5.893191,14.566535,2023-01-01T02:48:28
5.893191,14.566535,2023-01-01T02:48:29
5.893191,14.566535,2023-01-01T02:48:30
5.893191,14.566535,2023-01-01T02:48:31
5.893191,14.566535,2023-01-01T02:48:32
5.893191,14.566535,2023-01-01T02:48:33
5.893191,14.566535,2023-01-01T02:48:34
5.781999,14.566535,2023-01-01T02:48:35
5.781999,14.566535,2023-01-01T02:48:36
5.781999,14.566535,2023-01-01T02:48:37
5.781999,14.566535,2023-01-01T02:48:38
5.781999,14.566535,2023-01-01T02:48:39
5.781999,14.566535,2023-01-01T02:48:40
5.781999,14.566535,2023-01-01T02:48:41
5.781999,14.566535,2023-01-01T02:48:42
5.781999,14.455340,2023-01-01T02:48:43
5.781999,14.455340,2023-01-01T02:48:44
5.781999,14.455340,2023-01-01T02:48:45
5.781999,14.455340,2023-01-01T02:48:46
5.781999,14.455340,2023-01-01T02:48:47
5.781999,14.455340,2023-01-01T02:48:48
5.781999,14.455340,2023-01-01T02:48:49
5.781999,14.455340,2023-01-01T02:48:50
5.781999,14.455340,2023-01-01T02:48:51
5.781999,14.455340,2023-01-01T02:48:52
5.781999,14.455340,2023-01-01T02:48:53
5.781999,14.455340,2023-01-01T02:48:54
5.781999,14.455340,2023-01-01T02:48:55
5.781999,14.455340,2023-01-01T02:48:56
5.781999,14.455340,2023-01-01T02:48:57
5.781999,14.455340,2023-01-01T02:48:58
5.781999,14.455340,2023-01-01T02:48:59
5.781999,14.455340,2023-01-01T02:49:00
5.781999,14.455340,2023-01-01T02:49:01
5.781999,14.455340,2023-01-01T02:49:02
5.781999,14.455340,2023-01-01T02:49:03
5.781999,14.455340,2023-01-01T02:49:04
5.781999,14.455340,2023-01-01T02:49:05
5.781999,14.455340,2023-01-01T02:49:06
5.781999,14.455340,2023-01-01T02:49:07
5.781999,14.455340,2023-01-01T02:49:08
5.781999,14.455340,2023-01-01T02:49:09
5.781999,14.455340,2023-01-01T02:49:10
5.781999,14.455340,2023-01-01T02:49:11
5.781999,14.455340,2023-01-01T02:49:12
5.781999,14.455340,2023-01-01T02:49:13
5.781999,14.455340,2023-01-01T02:49:14
5.781999,14.455340,2023-01-01T02:49:15
5.781999,14.455340,2023-01-01T02:49:16
5.781999,14.455340,2023-01-01T02:49:17
5.781999,14.455340,2023-01-01T02:49:18
5.781999,14.455340,2023-01-01T02:49:19
5.781999,14.455340,2023-01-01T02:49:20
5.781999,14.455340,2023-01-01T02:49:21
5.781999,14.455340,2023-01-01T02:49:22
5.781999,14.455340,2023-01-01T02:49:23
5.781999,14.455340,2023-01-01T02:49:24
5.893191,14.455340,2023-01-01T02:49:25
5.893191,14.455340,2023-01-01T02:49:26
5.893191,14.455340,2023-01-01T02:49:27
5.893191,14.455340,2023-01-01T02:49:28
5.893191,14.455340,2023-01-01T02:49:29
5.893191,14.455340,2023-01-01T02:49:30
5.893191,14.455340,2023-01-01T02:49:31
5.893191,14.455340,2023-01-01T02:49:32
5.893191,14.455340,2023-01-01T02:49:33
5.893191,14.455340,2023-01-01T02:49:34
5.893191,14.455340,2023-01-01T02:49:35
5.893191,14.455340,2023-01-01T02:49:36
5.893191,14.455340,2023-01-01T02:49:37
5.893191,14.455340,2023-01-01T02:49:38
5.893191,14.455340,2023-01-01T02:49:39
5.893191,14.455340,2023-01-01T02:49:40
5.893191,14.455340,2023-01-01T02:49:41
5.893191,14.455340,2023-01-01T02:49:42
5.893191,14.455340,2023-01-01T02:49:43
5.893191,14.455340,2023-01-01T02:49:44
5.893191,14.455340,2023-01-01T02:49:45
5.893191,14.455340,2023-01-01T02:49:46
5.893191,14.455340,2023-01-01T02:49:47
5.893191,14.455340,2023-01-01T02:49:48
5.893191,14.455340,2023-01-01T02:49:49
5.893191,14.455340,2023-01-01T02:49:50
5.893191,14.455340,2023-01-01T02:49:51
5.893191,14.455340,2023-01-01T02:49:52
5.893191,14.455340,2023-01-01T02:49:53
5.893191,14.455340,2023-01-01T02:49:54
5.893191,14.455340,2023-01-01T02:49:55
5.893191,14.455340,2023-01-01T02:49:56
5.893191,14.455340,2023-01-01T02:49:57
5.893191,14.455340,2023-01-01T02:49:58
5.893191,14.455340,2023-01-01T02:49:59
5.893191,14.455340,2023-01-01T02:50:00
5.893191,14.455340,2023-01-01T02:50:01
5.893191,14.455340,2023-01-01T02:50:02
5.893191,14.455340,2023-01-01T02:50:03
5.893191,14.455340,2023-01-01T02:50:04
5.893191,14.455340,2023-01-01T02:50:05
5.893191,14.455340,2023-01-01T02:50:06
5.893191,14.455340,2023-01-01T02:50:07
5.893191,14.455340,2023-01-01T02:50:08
5.893191,14.455340,2023-01-01T02:50:09
5.893191,14.455340,2023-01-01T02:50:10
5.893191,14.455340,2023-01-01T02:50:11
5.893191,14.455340,2023-01-01T02:50:12
5.893191,14.455340,2023-01-01T02:50:13
5.893191,14.455340,2023-01-01T02:50:14
5.893191,14.455340,2023-01-01T02:50:15
5.893191,14.455340,2023-01-01T02:50:16
5.893191,14.455340,2023-01-01T02:50:17
5.893191,14.455340,2023-01-01T02:50:18
5.893191,14.455340,2023-01-01T02:50:19
5.893191,14.455340,2023-01-01T02:50:20
5.893191,14.455340,2023-01-01T02:50:21
5.893191,14.455340,2023-01-01T02:50:22
5.893191,14.455340,2023-01-01T02:50:23
5.893191,14.455340,2023-01-01T02:50:24
5.893191,14.455340,2023-01-01T02:50:25
5.893191,14.455340,2023-01-01T02:50:26
5.893191,14.455340,2023-01-01T02:50:27
5.893191,14.455340,2023-01-01T02:50:28
5.893191,14.455340,2023-01-01T02:50:29
5.893191,14.455340,2023-01-01T02:50:30
5.893191,14.455340,2023-01-01T02:50:31
5.893191,14.455340,2023-01-01T02:50:32
5.893191,14.455340,2023-01-01T02:50:33
5.893191,14.455340,2023-01-01T02:50:34
5.893191,14.455340,2023-01-01T02:50:35
5.893191,14.455340,2023-01-01T02:50:36
5.893191,14.455340,2023-01-01T02:50:37
5.893191,14.455340,2023-01-01T02:50:38
5.893191,14.455340,2023-01-01T02:50:39
5.893191,14.455340,2023-01-01T02:50:40
5.893191,14.455340,2023-01-01T02:50:41
5.893191,14.455340,2023-01-01T02:50:42
5.893191,14.455340,2023-01-01T02:50:43
5.893191,14.455340,2023-01-01T02:50:44
5.893191,14.455340,2023-01-01T02:50:45
5.893191,14.455340,2023-01-01T02:50:46
5.893191,14.455340,2023-01-01T02:50:47
5.893191,14.455340,2023-01-01T02:50:48
5.893191,14.455340,2023-01-01T02:50:49
5.893191,14.455340,2023-01-01T02:50:50
5.893191,14.455340,2023-01-01T02:50:51
5.893191,14.455340,2023-01-01T02:50:52
5.893191,14.455340,2023-01-01T02:50:53
5.893191,14.455340,2023-01-01T02:50:54
5.893191,14.455340,2023-01-01T02:50:55
5.893191,14.455340,2023-01-01T02:50:56
5.893191,14.455340,2023-01-01T02:50:57
5.893191,14.455340,2023-01-01T02:50:58
5.893191,14.455340,2023-01-01T02:50:59
5.893191,14.455340,2023-01-01T02:51:00
5.893191,14.455340,2023-01-01T02:51:01
5.893191,14.455340,2023-01-01T02:51:02
5.893191,14.455340,2023-01-01T02:51:03
5.893191,14.455340,2023-01-01T02:51:04
5.893191,14.455340,2023-01-01T02:51:05
5.893191,14.455340,2023-01-01T02:51:06
5.893191,14.455340,2023-01-01T02:51:07
5.893191,14.455340,2023-01-01T02:51:08
5.893191,14.455340,2023-01-01T02:51:09
5.893191,14.455340,2023-01-01T02:51:10
5.893191,14.455340,2023-01-01T02:51:11
5.893191,14.455340,2023-01-01T02:51:12
5.893191,14.455340,2023-01-01T02:51:13
5.893191,14.455340,2023-01-01T02:51:14
5.893191,14.455340,2023-01-01T02:51:15
5.893191,14.455340,2023-01-01T02:51:16
5.893191,14.455340,2023-01-01T02:51:17
5.893191,14.455340,2023-01-01T02:51:18
5.893191,14.455340,2023-01-01T02:51:19
5.893191,14.455340,2023-01-01T02:51:20
5.893191,14.455340,2023-01-01T02:51:21
5.893191,14.455340,2023-01-01T02:51:22
5.893191,14.455340,2023-01-01T02:51:23
5.893191,14.455340,2023-01-01T02:51:24
5.893191,14.455340,2023-01-01T02:51:25
5.893191,14.455340,2023-01-01T02:51:26
5.893191,14.455340,2023-01-01T02:51:27
5.893191,14.455340,2023-01-01T02:51:28
5.893191,14.455340,2023-01-01T02:51:29
5.893191,14.455340,2023-01-01T02:51:30
5.893191,14.455340,2023-01-01T02:51:31
5.893191,14.455340,2023-01-01T02:51:32
5.893191,14.455340,2023-01-01T02:51:33
5.893191,14.455340,2023-01-01T02:51:34
5.893191,14.455340,2023-01-01T02:51:35
5.893191,14.455340,2023-01-01T02:51:36
5.893191,14.455340,2023-01-01T02:51:37
5.893191,14.455340,2023-01-01T02:51:38
5.893191,14.455340,2023-01-01T02:51:39
5.893191,14.455340,2023-01-01T02:51:40
5.893191,14.455340,2023-01-01T02:51:41
5.893191,14.455340,2023-01-01T02:51:42
5.893191,14.455340,2023-01-01T02:51:43
5.893191,14.455340,2023-01-01T02:51:44
5.893191,14.455340,2023-01-01T02:51:45
5.893191,14.455340,2023-01-01T02:51:46
5.893191,14.455340,2023-01-01T02:51:47
5.893191,14.455340,2023-01-01T02:51:48
5.893191,14.455340,2023-01-01T02:51:49
5.893191,14.455340,2023-01-01T02:51:50
5.893191,14.455340,2023-01-01T02:51:51
5.893191,14.455340,2023-01-01T02:51:52
5.893191,14.455340,2023-01-01T02:51:53
5.893191,14.455340,2023-01-01T02:51:54
5.893191,14.455340,2023-01-01T02:51:55
5.893191,14.455340,2023-01-01T02:51:56
5.781999,14.455340,2023-01-01T02:51:57
5.781999,14.455340,2023-01-01T02:51:58
5.781999,14.455340,2023-01-01T02:51:59
5.781999,14.455340,2023-01-01T02:52:00
5.781999,14.455340,2023-01-01T02:52:01
5.893191,14.455340,2023-01-01T02:52:02
5.893191,14.455340,2023-01-01T02:52:03
5.893191,14.455340,2023-01-01T02:52:04
5.893191,14.455340,2023-01-01T02:52:05
5.893191,14.455340,2023-01-01T02:52:06
5.893191,14.455340,2023-01-01T02:52:07
5.893191,14.455340,2023-01-01T02:52:08
5.893191,14.455340,2023-01-01T02:52:09
5.893191,14.455340,2023-01-01T02:52:10
5.893191,14.455340,2023-01-01T02:52:11
5.893191,14.455340,2023-01-01T02:52:12
5.893191,14.455340,2023-01-01T02:52:13
5.893191,14.455340,2023-01-01T02:52:14
5.893191,14.455340,2023-01-01T02:52:15
5.893191,14.455340,2023-01-01T02:52:16
5.893191,14.455340,2023-01-01T02:52:17
5.893191,14.455340,2023-01-01T02:52:18
5.893191,14.455340,2023-01-01T02:52:19
5.893191,14.455340,2023-01-01T02:52:20
5.893191,14.455340,2023-01-01T02:52:21
5.893191,14.455340,2023-01-01T02:52:22
5.893191,14.455340,2023-01-01T02:52:23
5.893191,14.455340,2023-01-01T02:52:24
5.893191,14.455340,2023-01-01T02:52:25
5.893191,14.455340,2023-01-01T02:52:26
5.893191,14.455340,2023-01-01T02:52:27
5.893191,14.455340,2023-01-01T02:52:28
5.893191,14.455340,2023-01-01T02:52:29
5.893191,14.455340,2023-01-01T02:52:30
5.893191,14.455340,2023-01-01T02:52:31
5.893191,14.455340,2023-01-01T02:52:32
5.893191,14.455340,2023-01-01T02:52:33
5.893191,14.455340,2023-01-01T02:52:34
5.893191,14.455340,2023-01-01T02:52:35
5.893191,14.455340,2023-01-01T02:52:36
5.893191,14.455340,2023-01-01T02:52:37
5.893191,14.455340,2023-01-01T02:52:38
5.893191,14.455340,2023-01-01T02:52:39
5.893191,14.455340,2023-01-01T02:52:40
5.893191,14.455340,2023-01-01T02:52:41
5.893191,14.455340,2023-01-01T02:52:42
5.893191,14.455340,2023-01-01T02:52:43
5.893191,14.455340,2023-01-01T02:52:44
5.893191,14.455340,2023-01-01T02:52:45
5.893191,14.455340,2023-01-01T02:52:46
5.893191,14.455340,2023-01-01T02:52:47
5.893191,14.455340,2023-01-01T02:52:48
5.893191,14.455340,2023-01-01T02:52:49
5.893191,14.455340,2023-01-01T02:52:50
5.893191,14.455340,2023-01-01T02:52:51
5.893191,14.455340,2023-01-01T02:52:52
5.893191,14.455340,2023-01-01T02:52:53
5.893191,14.455340,2023-01-01T02:52:54
5.893191,14.455340,2023-01-01T02:52:55
5.893191,14.455340,2023-01-01T02:52:56
5.893191,14.455340,2023-01-01T02:52:57
5.893191,14.455340,2023-01-01T02:52:58
5.893191,14.455340,2023-01-01T02:52:59
5.893191,14.455340,2023-01-01T02:53:00
5.893191,14.455340,2023-01-01T02:53:01
5.893191,14.455340,2023-01-01T02:53:02
5.893191,14.455340,2023-01-01T02:53:03
5.893191,14.455340,2023-01-01T02:53:04
5.893191,14.455340,2023-01-01T02:53:05
5.893191,14.455340,2023-01-01T02:53:06
5.893191,14.455340,2023-01-01T02:53:07
5.893191,14.455340,2023-01-01T02:53:08
5.893191,14.455340,2023-01-01T02:53:09
5.893191,14.455340,2023-01-01T02:53:10
5.893191,14.455340,2023-01-01T02:53:11
5.893191,14.455340,2023-01-01T02:53:12
5.893191,14.455340,2023-01-01T02:53:13
5.893191,14.455340,2023-01-01T02:53:14
5.893191,14.455340,2023-01-01T02:53:15
5.893191,14.455340,2023-01-01T02:53:16
5.893191,14.455340,2023-01-01T02:53:17
5.893191,14.455340,2023-01-01T02:53:18
5.893191,14.455340,2023-01-01T02:53:19
5.893191,14.455340,2023-01-01T02:53:20
5.893191,14.455340,2023-01-01T02:53:21
5.893191,14.455340,2023-01-01T02:53:22
5.893191,14.455340,2023-01-01T02:53:23
5.893191,14.455340,2023-01-01T02:53:24
5.893191,14.455340,2023-01-01T02:53:25
5.893191,14.455340,2023-01-01T02:53:26
5.893191,14.455340,2023-01-01T02:53:27
5.893191,14.455340,2023-01-01T02:53:28
5.893191,14.455340,2023-01-01T02:53:29
5.893191,14.455340,2023-01-01T02:53:30
5.893191,14.455340,2023-01-01T02:53:31
5.893191,14.455340,2023-01-01T02:53:32
5.781999,14.455340,2023-01-01T02:53:33
5.781999,14.455340,2023-01-01T02:53:34
5.781999,14.455340,2023-01-01T02:53:35
5.781999,14.455340,2023-01-01T02:53:36
5.781999,14.455340,2023-01-01T02:53:37
5.781999,14.455340,2023-01-01T02:53:38
5.781999,14.455340,2023-01-01T02:53:39
5.781999,14.455340,2023-01-01T02:53:40
5.781999,14.455340,2023-01-01T02:53:41
5.781999,14.455340,2023-01-01T02:53:42
5.781999,14.455340,2023-01-01T02:53:43
5.781999,14.455340,2023-01-01T02:53:44
5.781999,14.455340,2023-01-01T02:53:45
5.781999,14.455340,2023-01-01T02:53:46
5.781999,14.455340,2023-01-01T02:53:47
5.781999,14.455340,2023-01-01T02:53:48
5.781999,14.455340,2023-01-01T02:53:49
5.781999,14.455340,2023-01-01T02:53:50
5.781999,14.455340,2023-01-01T02:53:51
5.781999,14.455340,2023-01-01T02:53:52
5.781999,14.455340,2023-01-01T02:53:53
5.781999,14.455340,2023-01-01T02:53:54
5.781999,14.455340,2023-01-01T02:53:55
5.781999,14.455340,2023-01-01T02:53:56
5.781999,14.455340,2023-01-01T02:53:57
5.670807,14.455340,2023-01-01T02:53:58
5.670807,14.455340,2023-01-01T02:53:59
5.670807,14.455340,2023-01-01T02:54:00
5.670807,14.455340,2023-01-01T02:54:01
5.670807,14.455340,2023-01-01T02:54:02
5.670807,14.455340,2023-01-01T02:54:03
5.670807,14.455340,2023-01-01T02:54:04
5.670807,14.455340,2023-01-01T02:54:05
5.670807,14.455340,2023-01-01T02:54:06
5.670807,14.455340,2023-01-01T02:54:07
5.670807,14.455340,2023-01-01T02:54:08
5.670807,14.455340,2023-01-01T02:54:09
5.670807,14.455340,2023-01-01T02:54:10
5.670807,14.455340,2023-01-01T02:54:11
5.670807,14.455340,2023-01-01T02:54:12
5.670807,14.455340,2023-01-01T02:54:13
5.670807,14.455340,2023-01-01T02:54:14
5.670807,14.455340,2023-01-01T02:54:15
5.670807,14.455340,2023-01-01T02:54:16
5.670807,14.455340,2023-01-01T02:54:17
5.670807,14.455340,2023-01-01T02:54:18
5.670807,14.455340,2023-01-01T02:54:19
5.670807,14.455340,2023-01-01T02:54:20
5.670807,14.455340,2023-01-01T02:54:21
5.670807,14.455340,2023-01-01T02:54:22
5.670807,14.455340,2023-01-01T02:54:23
5.670807,14.455340,2023-01-01T02:54:24
5.670807,14.566535,2023-01-01T02:54:25
5.670807,14.566535,2023-01-01T02:54:26
5.670807,14.566535,2023-01-01T02:54:27
5.670807,14.566535,2023-01-01T02:54:28
5.670807,14.566535,2023-01-01T02:54:29
5.670807,14.566535,2023-01-01T02:54:30
5.670807,14.566535,2023-01-01T02:54:31
5.670807,14.566535,2023-01-01T02:54:32
5.670807,14.566535,2023-01-01T02:54:33
5.670807,14.566535,2023-01-01T02:54:34
5.670807,14.566535,2023-01-01T02:54:35
5.670807,14.566535,2023-01-01T02:54:36
5.670807,14.566535,2023-01-01T02:54:37
5.670807,14.566535,2023-01-01T02:54:38
5.670807,14.566535,2023-01-01T02:54:39
5.670807,14.566535,2023-01-01T02:54:40
5.670807,14.566535,2023-01-01T02:54:41
5.670807,14.566535,2023-01-01T02:54:42
5.670807,14.566535,2023-01-01T02:54:43
5.670807,14.566535,2023-01-01T02:54:44
5.670807,14.566535,2023-01-01T02:54:45
5.670807,14.566535,2023-01-01T02:54:46
5.670807,14.566535,2023-01-01T02:54:47
5.670807,14.566535,2023-01-01T02:54:48
5.670807,14.566535,2023-01-01T02:54:49
5.670807,14.566535,2023-01-01T02:54:50
5.670807,14.566535,2023-01-01T02:54:51
5.670807,14.566535,2023-01-01T02:54:52
5.670807,14.566535,2023-01-01T02:54:53
5.670807,14.566535,2023-01-01T02:54:54
5.670807,14.566535,2023-01-01T02:54:55
5.670807,14.566535,2023-01-01T02:54:56
5.670807,14.566535,2023-01-01T02:54:57
5.670807,14.566535,2023-01-01T02:54:58
5.670807,14.566535,2023-01-01T02:54:59
5.670807,14.566535,2023-01-01T02:55:00
5.670807,14.566535,2023-01-01T02:55:01
5.670807,14.566535,2023-01-01T02:55:02
5.670807,14.566535,2023-01-01T02:55:03
5.670807,14.566535,2023-01-01T02:55:04
5.670807,14.566535,2023-01-01T02:55:05
5.670807,14.566535,2023-01-01T02:55:06
5.670807,14.566535,2023-01-01T02:55:07
5.670807,14.566535,2023-01-01T02:55:08
5.670807,14.566535,2023-01-01T02:55:09
5.670807,14.566535,2023-01-01T02:55:10
5.670807,14.566535,2023-01-01T02:55:11
5.670807,14.566535,2023-01-01T02:55:12
5.670807,14.566535,2023-01-01T02:55:13
5.670807,14.566535,2023-01-01T02:55:14
5.781999,14.566535,2023-01-01T02:55:15
5.781999,14.566535,2023-01-01T02:55:16
5.781999,14.566535,2023-01-01T02:55:17
5.781999,14.566535,2023-01-01T02:55:18
5.781999,14.566535,2023-01-01T02:55:19
5.781999,14.566535,2023-01-01T02:55:20
5.781999,14.566535,2023-01-01T02:55:21
5.781999,14.566535,2023-01-01T02:55:22
5.781999,14.566535,2023-01-01T02:55:23
5.781999,14.566535,2023-01-01T02:55:24
5.781999,14.566535,2023-01-01T02:55:25
5.781999,14.566535,2023-01-01T02:55:26
5.781999,14.566535,2023-01-01T02:55:27
5.781999,14.566535,2023-01-01T02:55:28
5.781999,14.566535,2023-01-01T02:55:29
5.781999,14.566535,2023-01-01T02:55:30
5.781999,14.566535,2023-01-01T02:55:31
5.781999,14.455340,2023-01-01T02:55:32
5.781999,14.455340,2023-01-01T02:55:33
5.781999,14.455340,2023-01-01T02:55:34
5.781999,14.455340,2023-01-01T02:55:35
5.781999,14.455340,2023-01-01T02:55:36
5.781999,14.455340,2023-01-01T02:55:37
5.781999,14.455340,2023-01-01T02:55:38
5.781999,14.455340,2023-01-01T02:55:39
5.781999,14.455340,2023-01-01T02:55:40
5.781999,14.455340,2023-01-01T02:55:41
5.781999,14.455340,2023-01-01T02:55:42
5.781999,14.455340,2023-01-01T02:55:43
5.781999,14.455340,2023-01-01T02:55:44
5.781999,14.455340,2023-01-01T02:55:45
5.781999,14.455340,2023-01-01T02:55:46
5.781999,14.455340,2023-01-01T02:55:47
5.781999,14.455340,2023-01-01T02:55:48
5.781999,14.455340,2023-01-01T02:55:49
5.781999,14.455340,2023-01-01T02:55:50
5.781999,14.455340,2023-01-01T02:55:51
5.781999,14.455340,2023-01-01T02:55:52
5.781999,14.455340,2023-01-01T02:55:53
5.781999,14.455340,2023-01-01T02:55:54
5.781999,14.455340,2023-01-01T02:55:55
5.781999,14.455340,2023-01-01T02:55:56
5.781999,14.455340,2023-01-01T02:55:57
5.781999,14.455340,2023-01-01T02:55:58
5.781999,14.455340,2023-01-01T02:55:59
5.781999,14.455340,2023-01-01T02:56:00
5.781999,14.455340,2023-01-01T02:56:01
5.781999,14.455340,2023-01-01T02:56:02
5.781999,14.455340,2023-01-01T02:56:03
5.781999,14.455340,2023-01-01T02:56:04
5.781999,14.455340,2023-01-01T02:56:05
5.781999,14.455340,2023-01-01T02:56:06
5.781999,14.455340,2023-01-01T02:56:07
5.781999,14.455340,2023-01-01T02:56:08
5.781999,14.455340,2023-01-01T02:56:09
5.781999,14.455340,2023-01-01T02:56:10
5.781999,14.455340,2023-01-01T02:56:11
5.781999,14.455340,2023-01-01T02:56:12
5.781999,14.455340,2023-01-01T02:56:13
5.781999,14.455340,2023-01-01T02:56:14
5.781999,14.455340,2023-01-01T02:56:15
5.781999,14.455340,2023-01-01T02:56:16
5.781999,14.455340,2023-01-01T02:56:17
5.781999,14.455340,2023-01-01T02:56:18
5.781999,14.455340,2023-01-01T02:56:19
5.781999,14.455340,2023-01-01T02:56:20
5.781999,14.455340,2023-01-01T02:56:21
5.781999,14.455340,2023-01-01T02:56:22
5.781999,14.455340,2023-01-01T02:56:23
5.781999,14.455340,2023-01-01T02:56:24
5.781999,14.566535,2023-01-01T02:56:25
5.781999,14.566535,2023-01-01T02:56:26
5.781999,14.566535,2023-01-01T02:56:27
5.781999,14.566535,2023-01-01T02:56:28
5.781999,14.566535,2023-01-01T02:56:29
5.781999,14.566535,2023-01-01T02:56:30
5.781999,14.566535,2023-01-01T02:56:31
5.781999,14.566535,2023-01-01T02:56:32
5.781999,14.566535,2023-01-01T02:56:33
5.781999,14.566535,2023-01-01T02:56:34
5.781999,14.566535,2023-01-01T02:56:35
5.781999,14.566535,2023-01-01T02:56:36
5.781999,14.566535,2023-01-01T02:56:37
5.781999,14.566535,2023-01-01T02:56:38
5.781999,14.566535,2023-01-01T02:56:39
5.781999,14.566535,2023-01-01T02:56:40
5.781999,14.566535,2023-01-01T02:56:41
5.781999,14.566535,2023-01-01T02:56:42
5.781999,14.566535,2023-01-01T02:56:43
5.781999,14.566535,2023-01-01T02:56:44
5.781999,14.566535,2023-01-01T02:56:45
5.781999,14.566535,2023-01-01T02:56:46
5.781999,14.566535,2023-01-01T02:56:47
5.781999,14.566535,2023-01-01T02:56:48
5.781999,14.566535,2023-01-01T02:56:49
5.781999,14.566535,2023-01-01T02:56:50
5.781999,14.566535,2023-01-01T02:56:51
5.781999,14.566535,2023-01-01T02:56:52
5.781999,14.566535,2023-01-01T02:56:53
5.781999,14.566535,2023-01-01T02:56:54
5.781999,14.566535,2023-01-01T02:56:55
5.781999,14.566535,2023-01-01T02:56:56
5.781999,14.566535,2023-01-01T02:56:57
5.781999,14.566535,2023-01-01T02:56:58
5.781999,14.566535,2023-01-01T02:56:59
5.781999,14.566535,2023-01-01T02:57:00
5.781999,14.566535,2023-01-01T02:57:01
5.781999,14.566535,2023-01-01T02:57:02
5.781999,14.566535,2023-01-01T02:57:03
5.781999,14.566535,2023-01-01T02:57:04
5.781999,14.566535,2023-01-01T02:57:05
5.781999,14.566535,2023-01-01T02:57:06
5.781999,14.566535,2023-01-01T02:57:07
5.781999,14.566535,2023-01-01T02:57:08
5.781999,14.566535,2023-01-01T02:57:09
5.781999,14.566535,2023-01-01T02:57:10
5.781999,14.566535,2023-01-01T02:57:11
5.781999,14.566535,2023-01-01T02:57:12
5.781999,14.566535,2023-01-01T02:57:13
5.781999,14.566535,2023-01-01T02:57:14
5.781999,14.566535,2023-01-01T02:57:15
5.781999,14.677730,2023-01-01T02:57:16
5.781999,14.677730,2023-01-01T02:57:17
5.781999,14.677730,2023-01-01T02:57:18
5.781999,14.677730,2023-01-01T02:57:19
5.781999,14.677730,2023-01-01T02:57:20
5.781999,14.677730,2023-01-01T02:57:21
5.781999,14.677730,2023-01-01T02:57:22
5.781999,14.677730,2023-01-01T02:57:23
5.781999,14.677730,2023-01-01T02:57:24
5.781999,14.677730,2023-01-01T02:57:25
5.781999,14.677730,2023-01-01T02:57:26
5.781999,14.677730,2023-01-01T02:57:27
5.781999,14.677730,2023-01-01T02:57:28
5.781999,14.566535,2023-01-01T02:57:29
5.781999,14.566535,2023-01-01T02:57:30
5.781999,14.566535,2023-01-01T02:57:31
5.781999,14.566535,2023-01-01T02:57:32
5.781999,14.566535,2023-01-01T02:57:33
5.781999,14.566535,2023-01-01T02:57:34
5.781999,14.566535,2023-01-01T02:57:35
5.781999,14.566535,2023-01-01T02:57:36
5.781999,14.566535,2023-01-01T02:57:37
5.781999,14.566535,2023-01-01T02:57:38
5.781999,14.566535,2023-01-01T02:57:39
5.781999,14.566535,2023-01-01T02:57:40
5.781999,14.566535,2023-01-01T02:57:41
5.781999,14.566535,2023-01-01T02:57:42
5.781999,14.566535,2023-01-01T02:57:43
5.781999,14.566535,2023-01-01T02:57:44
5.781999,14.566535,2023-01-01T02:57:45
5.781999,14.566535,2023-01-01T02:57:46
5.781999,14.566535,2023-01-01T02:57:47
5.781999,14.566535,2023-01-01T02:57:48
5.781999,14.566535,2023-01-01T02:57:49
5.781999,14.566535,2023-01-01T02:57:50
5.781999,14.566535,2023-01-01T02:57:51
5.781999,14.566535,2023-01-01T02:57:52
5.781999,14.566535,2023-01-01T02:57:53
5.781999,14.566535,2023-01-01T02:57:54
5.781999,14.566535,2023-01-01T02:57:55
5.781999,14.566535,2023-01-01T02:57:56
5.781999,14.566535,2023-01-01T02:57:57
5.781999,14.566535,2023-01-01T02:57:58
5.781999,14.566535,2023-01-01T02:57:59
5.781999,14.566535,2023-01-01T02:58:00
5.893191,14.566535,2023-01-01T02:58:01
5.893191,14.566535,2023-01-01T02:58:02
5.893191,14.566535,2023-01-01T02:58:03
5.893191,14.566535,2023-01-01T02:58:04
5.893191,14.566535,2023-01-01T02:58:05
5.893191,14.566535,2023-01-01T02:58:06
5.893191,14.566535,2023-01-01T02:58:07
5.893191,14.566535,2023-01-01T02:58:08
5.893191,14.566535,2023-01-01T02:58:09
5.893191,14.566535,2023-01-01T02:58:10
5.893191,14.455340,2023-01-01T02:58:11
5.893191,14.455340,2023-01-01T02:58:12
5.893191,14.455340,2023-01-01T02:58:13
5.893191,14.455340,2023-01-01T02:58:14
5.893191,14.455340,2023-01-01T02:58:15
5.893191,14.455340,2023-01-01T02:58:16
5.893191,14.455340,2023-01-01T02:58:17
5.893191,14.455340,2023-01-01T02:58:18
5.893191,14.455340,2023-01-01T02:58:19
5.893191,14.455340,2023-01-01T02:58:20
5.893191,14.455340,2023-01-01T02:58:21
5.893191,14.455340,2023-01-01T02:58:22
5.893191,14.455340,2023-01-01T02:58:23
5.893191,14.455340,2023-01-01T02:58:24
5.893191,14.455340,2023-01-01T02:58:25
5.893191,14.455340,2023-01-01T02:58:26
5.893191,14.455340,2023-01-01T02:58:27
5.893191,14.455340,2023-01-01T02:58:28
5.893191,14.455340,2023-01-01T02:58:29
5.893191,14.455340,2023-01-01T02:58:30
5.893191,14.455340,2023-01-01T02:58:31
5.893191,14.455340,2023-01-01T02:58:32
5.893191,14.455340,2023-01-01T02:58:33
5.893191,14.455340,2023-01-01T02:58:34
5.893191,14.455340,2023-01-01T02:58:35
5.893191,14.455340,2023-01-01T02:58:36
5.893191,14.455340,2023-01-01T02:58:37
5.893191,14.455340,2023-01-01T02:58:38
5.893191,14.455340,2023-01-01T02:58:39
5.893191,14.455340,2023-01-01T02:58:40
6.004383,14.455340,2023-01-01T02:58:41
6.004383,14.455340,2023-01-01T02:58:42
6.004383,14.455340,2023-01-01T02:58:43
6.004383,14.455340,2023-01-01T02:58:44
6.004383,14.455340,2023-01-01T02:58:45
6.004383,14.455340,2023-01-01T02:58:46
6.004383,14.455340,2023-01-01T02:58:47
6.004383,14.455340,2023-01-01T02:58:48
6.004383,14.455340,2023-01-01T02:58:49
6.004383,14.455340,2023-01-01T02:58:50
6.004383,14.455340,2023-01-01T02:58:51
6.004383,14.455340,2023-01-01T02:58:52
6.004383,14.455340,2023-01-01T02:58:53
6.004383,14.455340,2023-01-01T02:58:54
6.004383,14.455340,2023-01-01T02:58:55
6.004383,14.455340,2023-01-01T02:58:56
6.004383,14.455340,2023-01-01T02:58:57
6.004383,14.455340,2023-01-01T02:58:58
6.004383,14.455340,2023-01-01T02:58:59
6.004383,14.455340,2023-01-01T02:59:00
6.004383,14.455340,2023-01-01T02:59:01
6.004383,14.455340,2023-01-01T02:59:02
6.004383,14.455340,2023-01-01T02:59:03
6.004383,14.455340,2023-01-01T02:59:04
6.004383,14.455340,2023-01-01T02:59:05
6.004383,14.455340,2023-01-01T02:59:06
6.004383,14.455340,2023-01-01T02:59:07
6.004383,14.455340,2023-01-01T02:59:08
6.004383,14.455340,2023-01-01T02:59:09
6.004383,14.344146,2023-01-01T02:59:10
6.004383,14.344146,2023-01-01T02:59:11
6.004383,14.344146,2023-01-01T02:59:12
6.004383,14.344146,2023-01-01T02:59:13
6.004383,14.344146,2023-01-01T02:59:14
6.004383,14.344146,2023-01-01T02:59:15
6.004383,14.344146,2023-01-01T02:59:16
6.004383,14.344146,2023-01-01T02:59:17
6.004383,14.344146,2023-01-01T02:59:18
6.004383,14.344146,2023-01-01T02:59:19
6.004383,14.344146,2023-01-01T02:59:20
6.004383,14.344146,2023-01-01T02:59:21
6.004383,14.344146,2023-01-01T02:59:22
6.004383,14.344146,2023-01-01T02:59:23
6.004383,14.344146,2023-01-01T02:59:24
6.004383,14.344146,2023-01-01T02:59:25
5.893191,14.344146,2023-01-01T02:59:26
5.893191,14.344146,2023-01-01T02:59:27
5.893191,14.344146,2023-01-01T02:59:28
6.004383,14.344146,2023-01-01T02:59:29
6.004383,14.344146,2023-01-01T02:59:30
6.004383,14.344146,2023-01-01T02:59:31
6.004383,14.344146,2023-01-01T02:59:32
6.004383,14.344146,2023-01-01T02:59:33
6.004383,14.344146,2023-01-01T02:59:34
6.004383,14.344146,2023-01-01T02:59:35
6.004383,14.344146,2023-01-01T02:59:36
6.004383,14.344146,2023-01-01T02:59:37
6.004383,14.344146,2023-01-01T02:59:38
6.004383,14.344146,2023-01-01T02:59:39
6.004383,14.344146,2023-01-01T02:59:40
6.004383,14.344146,2023-01-01T02:59:41
6.004383,14.344146,2023-01-01T02:59:42
6.004383,14.344146,2023-01-01T02:59:43
6.004383,14.344146,2023-01-01T02:59:44
6.004383,14.344146,2023-01-01T02:59:45
6.004383,14.344146,2023-01-01T02:59:46
6.004383,14.344146,2023-01-01T02:59:47
6.004383,14.344146,2023-01-01T02:59:48
6.004383,14.344146,2023-01-01T02:59:49
6.004383,14.344146,2023-01-01T02:59:50
6.004383,14.344146,2023-01-01T02:59:51
6.004383,14.344146,2023-01-01T02:59:52
6.004383,14.344146,2023-01-01T02:59:53
6.004383,14.344146,2023-01-01T02:59:54
6.004383,14.344146,2023-01-01T02:59:55
6.004383,14.344146,2023-01-01T02:59:56
6.004383,14.344146,2023-01-01T02:59:57
6.004383,14.344146,2023-01-01T02:59:58
6.004383,14.344146,2023-01-01T02:59:59
6.004383,14.344146,2023-01-01T03:00:00
6.004383,14.344146,2023-01-01T03:00:01
6.004383,14.344146,2023-01-01T03:00:02
6.004383,14.344146,2023-01-01T03:00:03
6.004383,14.344146,2023-01-01T03:00:04
6.004383,14.344146,2023-01-01T03:00:05
6.004383,14.344146,2023-01-01T03:00:06
6.004383,14.344146,2023-01-01T03:00:07
6.004383,14.344146,2023-01-01T03:00:08
6.115576,14.344146,2023-01-01T03:00:09
6.115576,14.344146,2023-01-01T03:00:10
6.115576,14.344146,2023-01-01T03:00:11
6.115576,14.344146,2023-01-01T03:00:12
6.115576,14.455340,2023-01-01T03:00:13
6.115576,14.455340,2023-01-01T03:00:14
6.115576,14.455340,2023-01-01T03:00:15
6.115576,14.455340,2023-01-01T03:00:16
6.115576,14.455340,2023-01-01T03:00:17
6.115576,14.455340,2023-01-01T03:00:18
6.115576,14.455340,2023-01-01T03:00:19
6.115576,14.455340,2023-01-01T03:00:20
6.115576,14.455340,2023-01-01T03:00:21
6.115576,14.455340,2023-01-01T03:00:22
6.115576,14.455340,2023-01-01T03:00:23
6.115576,14.455340,2023-01-01T03:00:24
6.115576,14.455340,2023-01-01T03:00:25
6.115576,14.455340,2023-01-01T03:00:26
6.115576,14.455340,2023-01-01T03:00:27
6.115576,14.455340,2023-01-01T03:00:28
6.115576,14.455340,2023-01-01T03:00:29
6.115576,14.455340,2023-01-01T03:00:30
6.115576,14.455340,2023-01-01T03:00:31
6.115576,14.344146,2023-01-01T03:00:32
6.115576,14.344146,2023-01-01T03:00:33
6.115576,14.344146,2023-01-01T03:00:34
6.115576,14.344146,2023-01-01T03:00:35
6.115576,14.344146,2023-01-01T03:00:36
6.115576,14.344146,2023-01-01T03:00:37
6.115576,14.344146,2023-01-01T03:00:38
6.115576,14.344146,2023-01-01T03:00:39
6.115576,14.344146,2023-01-01T03:00:40
6.115576,14.344146,2023-01-01T03:00:41
6.115576,14.344146,2023-01-01T03:00:42
6.115576,14.344146,2023-01-01T03:00:43
6.115576,14.344146,2023-01-01T03:00:44
6.115576,14.344146,2023-01-01T03:00:45
6.115576,14.344146,2023-01-01T03:00:46
6.115576,14.344146,2023-01-01T03:00:47
6.115576,14.344146,2023-01-01T03:00:48
6.115576,14.344146,2023-01-01T03:00:49
6.115576,14.344146,2023-01-01T03:00:50
6.115576,14.344146,2023-01-01T03:00:51
6.115576,14.344146,2023-01-01T03:00:52
6.115576,14.344146,2023-01-01T03:00:53
6.115576,14.344146,2023-01-01T03:00:54
6.004383,14.344146,2023-01-01T03:00:55
6.004383,14.344146,2023-01-01T03:00:56
6.004383,14.344146,2023-01-01T03:00:57
6.004383,14.344146,2023-01-01T03:00:58
6.004383,14.344146,2023-01-01T03:00:59
6.004383,14.344146,2023-01-01T03:01:00
6.004383,14.344146,2023-01-01T03:01:01
6.004383,14.344146,2023-01-01T03:01:02
6.004383,14.344146,2023-01-01T03:01:03
6.004383,14.344146,2023-01-01T03:01:04
6.004383,14.344146,2023-01-01T03:01:05
6.004383,14.344146,2023-01-01T03:01:06
6.004383,14.344146,2023-01-01T03:01:07
6.004383,14.344146,2023-01-01T03:01:08
6.115576,14.344146,2023-01-01T03:01:09
6.115576,14.455340,2023-01-01T03:01:10
6.115576,14.455340,2023-01-01T03:01:11
6.115576,14.455340,2023-01-01T03:01:12
6.115576,14.455340,2023-01-01T03:01:13
6.115576,14.455340,2023-01-01T03:01:14
6.115576,14.455340,2023-01-01T03:01:15
6.115576,14.455340,2023-01-01T03:01:16
6.115576,14.455340,2023-01-01T03:01:17
6.115576,14.455340,2023-01-01T03:01:18
6.115576,14.455340,2023-01-01T03:01:19
6.115576,14.455340,2023-01-01T03:01:20
6.115576,14.455340,2023-01-01T03:01:21
6.226768,14.455340,2023-01-01T03:01:22
6.226768,14.455340,2023-01-01T03:01:23
6.226768,14.455340,2023-01-01T03:01:24
6.226768,14.455340,2023-01-01T03:01:25
6.226768,14.455340,2023-01-01T03:01:26
6.226768,14.455340,2023-01-01T03:01:27
6.226768,14.455340,2023-01-01T03:01:28
6.226768,14.455340,2023-01-01T03:01:29
6.226768,14.455340,2023-01-01T03:01:30
6.226768,14.455340,2023-01-01T03:01:31
6.226768,14.455340,2023-01-01T03:01:32
6.226768,14.455340,2023-01-01T03:01:33
6.226768,14.455340,2023-01-01T03:01:34
6.226768,14.455340,2023-01-01T03:01:35
6.226768,14.455340,2023-01-01T03:01:36
6.226768,14.455340,2023-01-01T03:01:37
6.226768,14.455340,2023-01-01T03:01:38
6.226768,14.455340,2023-01-01T03:01:39
6.337960,14.455340,2023-01-01T03:01:40
6.337960,14.455340,2023-01-01T03:01:41
6.337960,14.455340,2023-01-01T03:01:42
6.337960,14.455340,2023-01-01T03:01:43
6.337960,14.455340,2023-01-01T03:01:44
6.337960,14.455340,2023-01-01T03:01:45
6.337960,14.455340,2023-01-01T03:01:46
6.337960,14.455340,2023-01-01T03:01:47
6.337960,14.455340,2023-01-01T03:01:48
6.337960,14.455340,2023-01-01T03:01:49
6.337960,14.455340,2023-01-01T03:01:50
6.337960,14.455340,2023-01-01T03:01:51
6.337960,14.455340,2023-01-01T03:01:52
6.337960,14.455340,2023-01-01T03:01:53
6.337960,14.455340,2023-01-01T03:01:54
6.337960,14.455340,2023-01-01T03:01:55
6.337960,14.455340,2023-01-01T03:01:56
6.337960,14.455340,2023-01-01T03:01:57
6.337960,14.455340,2023-01-01T03:01:58
6.337960,14.455340,2023-01-01T03:01:59
6.337960,14.455340,2023-01-01T03:02:00
6.337960,14.455340,2023-01-01T03:02:01
6.337960,14.455340,2023-01-01T03:02:02
6.337960,14.455340,2023-01-01T03:02:03
6.337960,14.455340,2023-01-01T03:02:04
6.337960,14.455340,2023-01-01T03:02:05
6.226768,14.455340,2023-01-01T03:02:06
6.226768,14.455340,2023-01-01T03:02:07
6.226768,14.455340,2023-01-01T03:02:08
6.226768,14.455340,2023-01-01T03:02:09
6.226768,14.455340,2023-01-01T03:02:10
6.226768,14.455340,2023-01-01T03:02:11
6.226768,14.455340,2023-01-01T03:02:12
6.226768,14.455340,2023-01-01T03:02:13
6.226768,14.455340,2023-01-01T03:02:14
6.226768,14.344146,2023-01-01T03:02:15
6.226768,14.344146,2023-01-01T03:02:16
6.226768,14.344146,2023-01-01T03:02:17
6.226768,14.344146,2023-01-01T03:02:18
6.226768,14.344146,2023-01-01T03:02:19
6.226768,14.344146,2023-01-01T03:02:20
6.226768,14.344146,2023-01-01T03:02:21
6.226768,14.344146,2023-01-01T03:02:22
6.226768,14.344146,2023-01-01T03:02:23
6.226768,14.344146,2023-01-01T03:02:24
6.226768,14.232951,2023-01-01T03:02:25
6.226768,14.232951,2023-01-01T03:02:26
6.226768,14.232951,2023-01-01T03:02:27
6.226768,14.232951,2023-01-01T03:02:28
6.226768,14.232951,2023-01-01T03:02:29
6.226768,14.232951,2023-01-01T03:02:30
6.226768,14.232951,2023-01-01T03:02:31
6.226768,14.232951,2023-01-01T03:02:32
6.115576,14.232951,2023-01-01T03:02:33
6.115576,14.232951,2023-01-01T03:02:34
6.115576,14.121756,2023-01-01T03:02:35
6.115576,14.121756,2023-01-01T03:02:36
6.115576,14.121756,2023-01-01T03:02:37
6.115576,14.121756,2023-01-01T03:02:38
6.115576,14.121756,2023-01-01T03:02:39
6.115576,14.121756,2023-01-01T03:02:40
6.115576,14.121756,2023-01-01T03:02:41
6.115576,14.121756,2023-01-01T03:02:42
6.115576,14.121756,2023-01-01T03:02:43
6.115576,14.121756,2023-01-01T03:02:44
6.115576,14.121756,2023-01-01T03:02:45
6.115576,14.121756,2023-01-01T03:02:46
6.115576,14.121756,2023-01-01T03:02:47
6.115576,14.121756,2023-01-01T03:02:48
6.115576,14.121756,2023-01-01T03:02:49
6.115576,14.121756,2023-01-01T03:02:50
6.004383,14.121756,2023-01-01T03:02:51
6.004383,14.121756,2023-01-01T03:02:52
6.004383,14.121756,2023-01-01T03:02:53
6.004383,14.121756,2023-01-01T03:02:54
6.004383,14.232951,2023-01-01T03:02:55
6.004383,14.232951,2023-01-01T03:02:56
6.004383,14.232951,2023-01-01T03:02:57
6.004383,14.232951,2023-01-01T03:02:58
6.004383,14.344146,2023-01-01T03:02:59
6.004383,14.344146,2023-01-01T03:03:00
5.893191,14.455340,2023-01-01T03:03:01
5.893191,14.455340,2023-01-01T03:03:02
5.893191,14.455340,2023-01-01T03:03:03
5.893191,14.566535,2023-01-01T03:03:04
5.893191,14.566535,2023-01-01T03:03:05
5.893191,14.566535,2023-01-01T03:03:06
5.893191,14.677730,2023-01-01T03:03:07
5.893191,14.677730,2023-01-01T03:03:08
5.893191,14.788925,2023-01-01T03:03:09
5.893191,14.788925,2023-01-01T03:03:10
5.893191,14.788925,2023-01-01T03:03:11
5.781999,14.900120,2023-01-01T03:03:12
5.781999,14.900120,2023-01-01T03:03:13
5.781999,15.011315,2023-01-01T03:03:14
5.781999,15.011315,2023-01-01T03:03:15
5.781999,15.122510,2023-01-01T03:03:16
5.781999,15.233705,2023-01-01T03:03:17
5.781999,15.233705,2023-01-01T03:03:18
5.781999,15.344900,2023-01-01T03:03:19
5.670807,15.456095,2023-01-01T03:03:20
5.670807,15.456095,2023-01-01T03:03:21
5.670807,15.567290,2023-01-01T03:03:22
5.670807,15.678485,2023-01-01T03:03:23
5.670807,15.678485,2023-01-01T03:03:24
5.670807,15.789680,2023-01-01T03:03:25
5.670807,15.900875,2023-01-01T03:03:26
5.559614,15.900875,2023-01-01T03:03:27
5.559614,16.012069,2023-01-01T03:03:28
5.559614,16.123264,2023-01-01T03:03:29
5.559614,16.123264,2023-01-01T03:03:30
5.559614,16.123264,2023-01-01T03:03:31
5.559614,16.123264,2023-01-01T03:03:32
5.559614,16.123264,2023-01-01T03:03:33
5.559614,16.123264,2023-01-01T03:03:34
5.559614,16.123264,2023-01-01T03:03:35
5.559614,16.234459,2023-01-01T03:03:36
5.559614,16.234459,2023-01-01T03:03:37
5.559614,16.234459,2023-01-01T03:03:38
5.559614,16.234459,2023-01-01T03:03:39
5.559614,16.345654,2023-01-01T03:03:40
5.559614,16.345654,2023-01-01T03:03:41
5.559614,16.345654,2023-01-01T03:03:42
5.559614,16.345654,2023-01-01T03:03:43
5.559614,16.456849,2023-01-01T03:03:44
5.448422,16.456849,2023-01-01T03:03:45
5.448422,16.456849,2023-01-01T03:03:46
5.448422,16.456849,2023-01-01T03:03:47
5.448422,16.456849,2023-01-01T03:03:48
5.448422,16.568044,2023-01-01T03:03:49
5.448422,16.568044,2023-01-01T03:03:50
5.448422,16.568044,2023-01-01T03:03:51
5.448422,16.568044,2023-01-01T03:03:52
5.448422,16.568044,2023-01-01T03:03:53
5.448422,16.679239,2023-01-01T03:03:54
5.448422,16.679239,2023-01-01T03:03:55
5.448422,16.679239,2023-01-01T03:03:56
5.448422,16.790434,2023-01-01T03:03:57
5.448422,16.790434,2023-01-01T03:03:58
5.448422,16.901629,2023-01-01T03:03:59
5.448422,16.790434,2023-01-01T03:04:00
5.448422,16.790434,2023-01-01T03:04:01
5.448422,16.790434,2023-01-01T03:04:02
5.448422,16.790434,2023-01-01T03:04:03
5.448422,16.790434,2023-01-01T03:04:04
5.448422,16.790434,2023-01-01T03:04:05
5.448422,16.790434,2023-01-01T03:04:06
5.448422,16.790434,2023-01-01T03:04:07
5.448422,16.790434,2023-01-01T03:04:08
5.448422,16.790434,2023-01-01T03:04:09
5.448422,16.790434,2023-01-01T03:04:10
5.448422,16.790434,2023-01-01T03:04:11
5.448422,16.790434,2023-01-01T03:04:12
5.448422,16.790434,2023-01-01T03:04:13
5.448422,16.790434,2023-01-01T03:04:14
5.448422,16.790434,2023-01-01T03:04:15
5.448422,16.790434,2023-01-01T03:04:16
5.448422,16.790434,2023-01-01T03:04:17
5.448422,16.790434,2023-01-01T03:04:18
5.448422,16.790434,2023-01-01T03:04:19
5.448422,16.790434,2023-01-01T03:04:20
5.448422,16.790434,2023-01-01T03:04:21
5.448422,16.790434,2023-01-01T03:04:22
5.448422,16.790434,2023-01-01T03:04:23
5.448422,16.790434,2023-01-01T03:04:24
5.448422,16.790434,2023-01-01T03:04:25
5.448422,16.790434,2023-01-01T03:04:26
5.448422,16.790434,2023-01-01T03:04:27
5.448422,16.790434,2023-01-01T03:04:28
5.448422,16.790434,2023-01-01T03:04:29
5.448422,16.790434,2023-01-01T03:04:30
5.448422,16.679239,2023-01-01T03:04:31
5.448422,16.679239,2023-01-01T03:04:32
5.448422,16.568044,2023-01-01T03:04:33
5.448422,16.568044,2023-01-01T03:04:34
5.448422,16.456849,2023-01-01T03:04:35
5.448422,16.456849,2023-01-01T03:04:36
5.448422,16.345654,2023-01-01T03:04:37
5.448422,16.345654,2023-01-01T03:04:38
5.448422,16.345654,2023-01-01T03:04:39
5.448422,16.234459,2023-01-01T03:04:40
5.448422,16.234459,2023-01-01T03:04:41
5.559614,16.123264,2023-01-01T03:04:42
5.559614,16.123264,2023-01-01T03:04:43
5.559614,16.123264,2023-01-01T03:04:44
5.559614,16.012069,2023-01-01T03:04:45
5.559614,16.012069,2023-01-01T03:04:46
5.559614,16.012069,2023-01-01T03:04:47
5.559614,15.900875,2023-01-01T03:04:48
5.559614,15.900875,2023-01-01T03:04:49
5.559614,15.900875,2023-01-01T03:04:50
5.559614,15.789680,2023-01-01T03:04:51
5.559614,15.789680,2023-01-01T03:04:52
5.559614,15.678485,2023-01-01T03:04:53
5.559614,15.678485,2023-01-01T03:04:54
5.559614,15.678485,2023-01-01T03:04:55
5.559614,15.567290,2023-01-01T03:04:56
5.559614,15.567290,2023-01-01T03:04:57
5.559614,15.567290,2023-01-01T03:04:58
5.559614,15.567290,2023-01-01T03:04:59
5.559614,15.456095,2023-01-01T03:05:00
5.559614,15.456095,2023-01-01T03:05:01
5.559614,15.456095,2023-01-01T03:05:02
5.559614,15.344900,2023-01-01T03:05:03
5.559614,15.344900,2023-01-01T03:05:04
5.559614,15.344900,2023-01-01T03:05:05
5.559614,15.344900,2023-01-01T03:05:06
5.559614,15.233705,2023-01-01T03:05:07
5.559614,15.233705,2023-01-01T03:05:08
5.559614,15.233705,2023-01-01T03:05:09
5.559614,15.233705,2023-01-01T03:05:10
5.559614,15.122510,2023-01-01T03:05:11
5.559614,15.122510,2023-01-01T03:05:12
5.559614,15.122510,2023-01-01T03:05:13
5.670807,15.122510,2023-01-01T03:05:14
5.670807,15.011315,2023-01-01T03:05:15
5.670807,15.011315,2023-01-01T03:05:16
5.670807,15.011315,2023-01-01T03:05:17
5.670807,15.011315,2023-01-01T03:05:18
5.670807,14.900120,2023-01-01T03:05:19
5.670807,14.900120,2023-01-01T03:05:20
5.670807,14.900120,2023-01-01T03:05:21
5.670807,14.900120,2023-01-01T03:05:22
5.670807,14.788925,2023-01-01T03:05:23
5.670807,14.788925,2023-01-01T03:05:24
5.670807,14.788925,2023-01-01T03:05:25
5.670807,14.788925,2023-01-01T03:05:26
5.670807,14.788925,2023-01-01T03:05:27
5.670807,14.677730,2023-01-01T03:05:28
5.670807,14.677730,2023-01-01T03:05:29
5.670807,14.677730,2023-01-01T03:05:30
5.670807,14.677730,2023-01-01T03:05:31
5.670807,14.677730,2023-01-01T03:05:32
5.670807,14.677730,2023-01-01T03:05:33
5.559614,14.566535,2023-01-01T03:05:34
5.559614,14.566535,2023-01-01T03:05:35
5.559614,14.566535,2023-01-01T03:05:36
5.559614,14.566535,2023-01-01T03:05:37
5.559614,14.566535,2023-01-01T03:05:38
5.559614,14.455340,2023-01-01T03:05:39
5.559614,14.455340,2023-01-01T03:05:40
5.559614,14.455340,2023-01-01T03:05:41
5.559614,14.455340,2023-01-01T03:05:42
5.559614,14.455340,2023-01-01T03:05:43
5.559614,14.455340,2023-01-01T03:05:44
5.559614,14.455340,2023-01-01T03:05:45
5.559614,14.344146,2023-01-01T03:05:46
5.559614,14.344146,2023-01-01T03:05:47
5.559614,14.344146,2023-01-01T03:05:48
5.559614,14.344146,2023-01-01T03:05:49
5.559614,14.344146,2023-01-01T03:05:50
5.559614,14.344146,2023-01-01T03:05:51
5.559614,14.344146,2023-01-01T03:05:52
5.559614,14.344146,2023-01-01T03:05:53
5.559614,14.344146,2023-01-01T03:05:54
5.559614,14.232951,2023-01-01T03:05:55
5.559614,14.232951,2023-01-01T03:05:56
5.559614,14.232951,2023-01-01T03:05:57
5.559614,14.232951,2023-01-01T03:05:58
5.559614,14.232951,2023-01-01T03:05:59
5.559614,14.232951,2023-01-01T03:06:00
5.559614,14.232951,2023-01-01T03:06:01
5.559614,14.232951,2023-01-01T03:06:02
5.559614,14.232951,2023-01-01T03:06:03
5.559614,14.232951,2023-01-01T03:06:04
5.559614,14.232951,2023-01-01T03:06:05
5.559614,14.232951,2023-01-01T03:06:06
5.559614,14.121756,2023-01-01T03:06:07
5.559614,14.121756,2023-01-01T03:06:08
5.670807,14.121756,2023-01-01T03:06:09
5.670807,14.121756,2023-01-01T03:06:10
5.670807,14.121756,2023-01-01T03:06:11
5.670807,14.121756,2023-01-01T03:06:12
5.670807,14.121756,2023-01-01T03:06:13
5.670807,14.121756,2023-01-01T03:06:14
5.670807,14.121756,2023-01-01T03:06:15
5.670807,14.121756,2023-01-01T03:06:16
5.670807,14.121756,2023-01-01T03:06:17
5.670807,14.121756,2023-01-01T03:06:18
5.670807,14.121756,2023-01-01T03:06:19
5.670807,14.121756,2023-01-01T03:06:20
5.670807,14.121756,2023-01-01T03:06:21
5.670807,14.121756,2023-01-01T03:06:22
5.670807,14.121756,2023-01-01T03:06:23
5.670807,14.121756,2023-01-01T03:06:24
5.670807,14.121756,2023-01-01T03:06:25
5.670807,14.010561,2023-01-01T03:06:26
5.670807,14.010561,2023-01-01T03:06:27
5.670807,14.010561,2023-01-01T03:06:28
5.670807,14.010561,2023-01-01T03:06:29
5.670807,14.010561,2023-01-01T03:06:30
5.670807,14.010561,2023-01-01T03:06:31
5.670807,14.010561,2023-01-01T03:06:32
5.670807,14.010561,2023-01-01T03:06:33
5.670807,14.010561,2023-01-01T03:06:34
5.670807,14.010561,2023-01-01T03:06:35
5.670807,14.010561,2023-01-01T03:06:36
5.670807,14.010561,2023-01-01T03:06:37
5.670807,14.010561,2023-01-01T03:06:38
5.670807,14.010561,2023-01-01T03:06:39
5.670807,14.010561,2023-01-01T03:06:40
5.670807,14.010561,2023-01-01T03:06:41
5.670807,14.010561,2023-01-01T03:06:42
5.670807,14.010561,2023-01-01T03:06:43
5.670807,14.010561,2023-01-01T03:06:44
5.670807,14.010561,2023-01-01T03:06:45
5.670807,14.010561,2023-01-01T03:06:46
5.670807,14.010561,2023-01-01T03:06:47
5.670807,14.010561,2023-01-01T03:06:48
5.670807,13.899366,2023-01-01T03:06:49
5.670807,13.899366,2023-01-01T03:06:50
5.670807,13.899366,2023-01-01T03:06:51
5.670807,13.899366,2023-01-01T03:06:52
5.670807,13.899366,2023-01-01T03:06:53
5.670807,13.899366,2023-01-01T03:06:54
5.670807,13.899366,2023-01-01T03:06:55
5.670807,13.899366,2023-01-01T03:06:56
5.670807,13.899366,2023-01-01T03:06:57
5.670807,13.899366,2023-01-01T03:06:58
5.670807,13.899366,2023-01-01T03:06:59
5.670807,13.899366,2023-01-01T03:07:00
5.670807,13.899366,2023-01-01T03:07:01
5.670807,13.899366,2023-01-01T03:07:02
5.670807,13.899366,2023-01-01T03:07:03
5.670807,13.899366,2023-01-01T03:07:04
5.670807,13.899366,2023-01-01T03:07:05
5.670807,13.899366,2023-01-01T03:07:06
5.670807,13.899366,2023-01-01T03:07:07
5.670807,13.899366,2023-01-01T03:07:08
5.670807,13.899366,2023-01-01T03:07:09
5.670807,13.899366,2023-01-01T03:07:10
5.670807,13.899366,2023-01-01T03:07:11
5.670807,13.899366,2023-01-01T03:07:12
5.670807,13.899366,2023-01-01T03:07:13
5.670807,13.899366,2023-01-01T03:07:14
5.670807,13.899366,2023-01-01T03:07:15
5.670807,13.899366,2023-01-01T03:07:16
5.670807,13.899366,2023-01-01T03:07:17
5.670807,13.899366,2023-01-01T03:07:18
5.670807,13.899366,2023-01-01T03:07:19
5.670807,13.899366,2023-01-01T03:07:20
5.670807,13.899366,2023-01-01T03:07:21
5.670807,13.899366,2023-01-01T03:07:22
5.670807,13.899366,2023-01-01T03:07:23
5.670807,13.899366,2023-01-01T03:07:24
5.670807,13.899366,2023-01-01T03:07:25
5.670807,13.899366,2023-01-01T03:07:26
5.670807,13.899366,2023-01-01T03:07:27
5.670807,13.899366,2023-01-01T03:07:28
5.670807,13.899366,2023-01-01T03:07:29
5.670807,13.899366,2023-01-01T03:07:30
5.670807,13.788171,2023-01-01T03:07:31
5.670807,13.788171,2023-01-01T03:07:32
5.670807,13.788171,2023-01-01T03:07:33
5.670807,13.788171,2023-01-01T03:07:34
5.670807,13.788171,2023-01-01T03:07:35
5.670807,13.788171,2023-01-01T03:07:36
5.670807,13.788171,2023-01-01T03:07:37
5.670807,13.788171,2023-01-01T03:07:38
5.670807,13.788171,2023-01-01T03:07:39
5.670807,13.788171,2023-01-01T03:07:40
5.670807,13.788171,2023-01-01T03:07:41
5.670807,13.788171,2023-01-01T03:07:42
5.670807,13.788171,2023-01-01T03:07:43
5.670807,13.788171,2023-01-01T03:07:44
5.670807,13.788171,2023-01-01T03:07:45
5.670807,13.788171,2023-01-01T03:07:46
5.670807,13.788171,2023-01-01T03:07:47
5.670807,13.788171,2023-01-01T03:07:48
5.670807,13.788171,2023-01-01T03:07:49
5.670807,13.788171,2023-01-01T03:07:50
5.670807,13.788171,2023-01-01T03:07:51
5.670807,13.788171,2023-01-01T03:07:52
5.670807,13.788171,2023-01-01T03:07:53
5.670807,13.788171,2023-01-01T03:07:54
5.670807,13.788171,2023-01-01T03:07:55
5.670807,13.788171,2023-01-01T03:07:56
5.670807,13.788171,2023-01-01T03:07:57
5.670807,13.788171,2023-01-01T03:07:58
5.670807,13.788171,2023-01-01T03:07:59
5.670807,13.788171,2023-01-01T03:08:00
5.670807,13.788171,2023-01-01T03:08:01
5.670807,13.788171,2023-01-01T03:08:02
5.670807,13.788171,2023-01-01T03:08:03
5.670807,13.788171,2023-01-01T03:08:04
5.670807,13.788171,2023-01-01T03:08:05
5.670807,13.788171,2023-01-01T03:08:06
5.670807,13.788171,2023-01-01T03:08:07
5.670807,13.788171,2023-01-01T03:08:08
5.670807,13.788171,2023-01-01T03:08:09
5.670807,13.788171,2023-01-01T03:08:10
5.670807,13.788171,2023-01-01T03:08:11
5.670807,13.788171,2023-01-01T03:08:12
5.670807,13.788171,2023-01-01T03:08:13
5.670807,13.788171,2023-01-01T03:08:14
5.670807,13.788171,2023-01-01T03:08:15
5.670807,13.788171,2023-01-01T03:08:16
5.670807,13.788171,2023-01-01T03:08:17
5.670807,13.788171,2023-01-01T03:08:18
5.670807,13.788171,2023-01-01T03:08:19
5.670807,13.788171,2023-01-01T03:08:20
5.670807,13.788171,2023-01-01T03:08:21
5.670807,13.788171,2023-01-01T03:08:22
5.670807,13.788171,2023-01-01T03:08:23
5.670807,13.788171,2023-01-01T03:08:24
5.670807,13.788171,2023-01-01T03:08:25
5.670807,13.788171,2023-01-01T03:08:26
5.670807,13.788171,2023-01-01T03:08:27
5.670807,13.788171,2023-01-01T03:08:28
5.670807,13.788171,2023-01-01T03:08:29
5.670807,13.788171,2023-01-01T03:08:30
5.670807,13.788171,2023-01-01T03:08:31
5.670807,13.676976,2023-01-01T03:08:32
5.670807,13.676976,2023-01-01T03:08:33
5.670807,13.676976,2023-01-01T03:08:34
5.670807,13.676976,2023-01-01T03:08:35
5.670807,13.676976,2023-01-01T03:08:36
5.670807,13.676976,2023-01-01T03:08:37
5.670807,13.676976,2023-01-01T03:08:38
5.670807,13.676976,2023-01-01T03:08:39
5.670807,13.676976,2023-01-01T03:08:40
5.670807,13.676976,2023-01-01T03:08:41
5.670807,13.676976,2023-01-01T03:08:42
5.670807,13.676976,2023-01-01T03:08:43
5.670807,13.676976,2023-01-01T03:08:44
5.781999,13.676976,2023-01-01T03:08:45
5.781999,13.676976,2023-01-01T03:08:46
5.781999,13.676976,2023-01-01T03:08:47
5.781999,13.676976,2023-01-01T03:08:48
5.781999,13.676976,2023-01-01T03:08:49
5.781999,13.676976,2023-01-01T03:08:50
5.781999,13.676976,2023-01-01T03:08:51
5.781999,13.676976,2023-01-01T03:08:52
5.781999,13.676976,2023-01-01T03:08:53
5.781999,13.676976,2023-01-01T03:08:54
5.781999,13.676976,2023-01-01T03:08:55
5.781999,13.676976,2023-01-01T03:08:56
5.781999,13.676976,2023-01-01T03:08:57
5.670807,13.676976,2023-01-01T03:08:58
5.670807,13.676976,2023-01-01T03:08:59
5.670807,13.676976,2023-01-01T03:09:00
5.670807,13.676976,2023-01-01T03:09:01
5.670807,13.676976,2023-01-01T03:09:02
5.670807,13.676976,2023-01-01T03:09:03
5.670807,13.565781,2023-01-01T03:09:04
5.670807,13.565781,2023-01-01T03:09:05
5.670807,13.565781,2023-01-01T03:09:06
5.670807,13.565781,2023-01-01T03:09:07
5.670807,13.565781,2023-01-01T03:09:08
5.670807,13.565781,2023-01-01T03:09:09
5.670807,13.565781,2023-01-01T03:09:10
5.670807,13.565781,2023-01-01T03:09:11
5.670807,13.565781,2023-01-01T03:09:12
5.670807,13.565781,2023-01-01T03:09:13
5.670807,13.565781,2023-01-01T03:09:14
5.670807,13.565781,2023-01-01T03:09:15
5.670807,13.565781,2023-01-01T03:09:16
5.670807,13.565781,2023-01-01T03:09:17
5.670807,13.565781,2023-01-01T03:09:18
5.670807,13.565781,2023-01-01T03:09:19
5.670807,13.565781,2023-01-01T03:09:20
5.670807,13.565781,2023-01-01T03:09:21
5.670807,13.565781,2023-01-01T03:09:22
5.670807,13.454586,2023-01-01T03:09:23
5.670807,13.454586,2023-01-01T03:09:24
5.670807,13.454586,2023-01-01T03:09:25
5.670807,13.454586,2023-01-01T03:09:26
5.670807,13.454586,2023-01-01T03:09:27
5.670807,13.454586,2023-01-01T03:09:28
5.670807,13.454586,2023-01-01T03:09:29
5.670807,13.454586,2023-01-01T03:09:30
5.670807,13.454586,2023-01-01T03:09:31
5.670807,13.454586,2023-01-01T03:09:32
5.670807,13.454586,2023-01-01T03:09:33
5.670807,13.454586,2023-01-01T03:09:34
5.670807,13.454586,2023-01-01T03:09:35
5.670807,13.454586,2023-01-01T03:09:36
5.670807,13.454586,2023-01-01T03:09:37
5.670807,13.454586,2023-01-01T03:09:38
5.670807,13.454586,2023-01-01T03:09:39
5.670807,13.454586,2023-01-01T03:09:40
5.670807,13.454586,2023-01-01T03:09:41
5.670807,13.454586,2023-01-01T03:09:42
5.670807,13.454586,2023-01-01T03:09:43
5.670807,13.454586,2023-01-01T03:09:44
5.670807,13.454586,2023-01-01T03:09:45
5.670807,13.454586,2023-01-01T03:09:46
5.559614,13.454586,2023-01-01T03:09:47
5.559614,13.454586,2023-01-01T03:09:48
5.559614,13.454586,2023-01-01T03:09:49
5.559614,13.454586,2023-01-01T03:09:50
5.559614,13.454586,2023-01-01T03:09:51
5.559614,13.454586,2023-01-01T03:09:52
5.559614,13.454586,2023-01-01T03:09:53
5.559614,13.454586,2023-01-01T03:09:54
5.559614,13.454586,2023-01-01T03:09:55
5.559614,13.454586,2023-01-01T03:09:56
5.559614,13.454586,2023-01-01T03:09:57
5.559614,13.454586,2023-01-01T03:09:58
5.559614,13.454586,2023-01-01T03:09:59
5.559614,13.454586,2023-01-01T03:10:00
5.559614,13.454586,2023-01-01T03:10:01
5.559614,13.454586,2023-01-01T03:10:02
5.559614,13.454586,2023-01-01T03:10:03
5.559614,13.454586,2023-01-01T03:10:04
5.559614,13.454586,2023-01-01T03:10:05
5.559614,13.454586,2023-01-01T03:10:06
5.559614,13.454586,2023-01-01T03:10:07
5.559614,13.343391,2023-01-01T03:10:08
5.559614,13.343391,2023-01-01T03:10:09
5.559614,13.343391,2023-01-01T03:10:10
5.559614,13.343391,2023-01-01T03:10:11
5.559614,13.343391,2023-01-01T03:10:12
5.559614,13.343391,2023-01-01T03:10:13
5.559614,13.343391,2023-01-01T03:10:14
5.559614,13.343391,2023-01-01T03:10:15
5.559614,13.343391,2023-01-01T03:10:16
5.559614,13.343391,2023-01-01T03:10:17
5.559614,13.343391,2023-01-01T03:10:18
5.559614,13.343391,2023-01-01T03:10:19
5.559614,13.343391,2023-01-01T03:10:20
5.559614,13.343391,2023-01-01T03:10:21
5.448422,13.343391,2023-01-01T03:10:22
5.448422,13.343391,2023-01-01T03:10:23
5.448422,13.343391,2023-01-01T03:10:24
5.448422,13.343391,2023-01-01T03:10:25
5.448422,13.343391,2023-01-01T03:10:26
5.448422,13.343391,2023-01-01T03:10:27
5.448422,13.343391,2023-01-01T03:10:28
5.448422,13.343391,2023-01-01T03:10:29
5.448422,13.343391,2023-01-01T03:10:30
5.448422,13.343391,2023-01-01T03:10:31
5.448422,13.343391,2023-01-01T03:10:32
5.448422,13.343391,2023-01-01T03:10:33
5.448422,13.343391,2023-01-01T03:10:34
5.448422,13.343391,2023-01-01T03:10:35
5.448422,13.343391,2023-01-01T03:10:36
5.448422,13.343391,2023-01-01T03:10:37
5.448422,13.343391,2023-01-01T03:10:38
5.448422,13.343391,2023-01-01T03:10:39
5.448422,13.343391,2023-01-01T03:10:40
5.448422,13.343391,2023-01-01T03:10:41
5.448422,13.343391,2023-01-01T03:10:42
5.448422,13.343391,2023-01-01T03:10:43
5.448422,13.343391,2023-01-01T03:10:44
5.448422,13.343391,2023-01-01T03:10:45
5.448422,13.343391,2023-01-01T03:10:46
5.448422,13.343391,2023-01-01T03:10:47
5.448422,13.343391,2023-01-01T03:10:48
5.448422,13.343391,2023-01-01T03:10:49
5.448422,13.343391,2023-01-01T03:10:50
5.448422,13.343391,2023-01-01T03:10:51
5.448422,13.343391,2023-01-01T03:10:52
5.448422,13.343391,2023-01-01T03:10:53
5.448422,13.343391,2023-01-01T03:10:54
5.448422,13.343391,2023-01-01T03:10:55
5.448422,13.343391,2023-01-01T03:10:56
5.448422,13.343391,2023-01-01T03:10:57
5.448422,13.343391,2023-01-01T03:10:58
5.337230,13.343391,2023-01-01T03:10:59
5.337230,13.343391,2023-01-01T03:11:00
5.337230,13.343391,2023-01-01T03:11:01
5.337230,13.343391,2023-01-01T03:11:02
5.337230,13.343391,2023-01-01T03:11:03
5.337230,13.343391,2023-01-01T03:11:04
5.337230,13.343391,2023-01-01T03:11:05
5.337230,13.343391,2023-01-01T03:11:06
5.337230,13.343391,2023-01-01T03:11:07
5.337230,13.343391,2023-01-01T03:11:08
5.337230,13.343391,2023-01-01T03:11:09
5.337230,13.343391,2023-01-01T03:11:10
5.337230,13.343391,2023-01-01T03:11:11
5.337230,13.343391,2023-01-01T03:11:12
5.337230,13.343391,2023-01-01T03:11:13
5.337230,13.343391,2023-01-01T03:11:14
5.337230,13.343391,2023-01-01T03:11:15
5.337230,13.343391,2023-01-01T03:11:16
5.337230,13.343391,2023-01-01T03:11:17
5.337230,13.343391,2023-01-01T03:11:18
5.337230,13.343391,2023-01-01T03:11:19
5.337230,13.343391,2023-01-01T03:11:20
5.337230,13.343391,2023-01-01T03:11:21
5.337230,13.343391,2023-01-01T03:11:22
5.337230,13.343391,2023-01-01T03:11:23
5.337230,13.343391,2023-01-01T03:11:24
5.337230,13.343391,2023-01-01T03:11:25
5.337230,13.343391,2023-01-01T03:11:26
5.337230,13.343391,2023-01-01T03:11:27
5.337230,13.343391,2023-01-01T03:11:28
5.337230,13.343391,2023-01-01T03:11:29
5.337230,13.343391,2023-01-01T03:11:30
5.337230,13.343391,2023-01-01T03:11:31
5.337230,13.343391,2023-01-01T03:11:32
5.337230,13.343391,2023-01-01T03:11:33
5.337230,13.343391,2023-01-01T03:11:34
5.337230,13.343391,2023-01-01T03:11:35
5.337230,13.343391,2023-01-01T03:11:36
5.337230,13.343391,2023-01-01T03:11:37
5.337230,13.343391,2023-01-01T03:11:38
5.337230,13.343391,2023-01-01T03:11:39
5.337230,13.343391,2023-01-01T03:11:40
5.337230,13.343391,2023-01-01T03:11:41
5.337230,13.343391,2023-01-01T03:11:42
5.337230,13.343391,2023-01-01T03:11:43
5.337230,13.343391,2023-01-01T03:11:44
5.337230,13.343391,2023-01-01T03:11:45
5.337230,13.343391,2023-01-01T03:11:46
5.226037,13.343391,2023-01-01T03:11:47
5.226037,13.343391,2023-01-01T03:11:48
5.226037,13.343391,2023-01-01T03:11:49
5.226037,13.343391,2023-01-01T03:11:50
5.226037,13.343391,2023-01-01T03:11:51
5.226037,13.343391,2023-01-01T03:11:52
5.226037,13.343391,2023-01-01T03:11:53
5.226037,13.343391,2023-01-01T03:11:54
5.226037,13.343391,2023-01-01T03:11:55
5.226037,13.343391,2023-01-01T03:11:56
5.226037,13.343391,2023-01-01T03:11:57
5.226037,13.343391,2023-01-01T03:11:58
5.226037,13.343391,2023-01-01T03:11:59
5.226037,13.343391,2023-01-01T03:12:00
5.226037,13.343391,2023-01-01T03:12:01
5.226037,13.343391,2023-01-01T03:12:02
5.226037,13.343391,2023-01-01T03:12:03
5.226037,13.343391,2023-01-01T03:12:04
5.226037,13.343391,2023-01-01T03:12:05
5.226037,13.343391,2023-01-01T03:12:06
5.226037,13.343391,2023-01-01T03:12:07
5.226037,13.343391,2023-01-01T03:12:08
5.226037,13.343391,2023-01-01T03:12:09
5.226037,13.343391,2023-01-01T03:12:10
5.226037,13.343391,2023-01-01T03:12:11
5.226037,13.343391,2023-01-01T03:12:12
5.226037,13.343391,2023-01-01T03:12:13
5.226037,13.343391,2023-01-01T03:12:14
5.226037,13.343391,2023-01-01T03:12:15
5.226037,13.343391,2023-01-01T03:12:16
5.226037,13.343391,2023-01-01T03:12:17
5.226037,13.343391,2023-01-01T03:12:18
5.226037,13.343391,2023-01-01T03:12:19
5.226037,13.343391,2023-01-01T03:12:20
5.226037,13.343391,2023-01-01T03:12:21
5.226037,13.343391,2023-01-01T03:12:22
5.226037,13.343391,2023-01-01T03:12:23
5.226037,13.343391,2023-01-01T03:12:24
5.226037,13.343391,2023-01-01T03:12:25
5.114845,13.343391,2023-01-01T03:12:26
5.114845,13.343391,2023-01-01T03:12:27
5.114845,13.343391,2023-01-01T03:12:28
5.114845,13.343391,2023-01-01T03:12:29
5.114845,13.343391,2023-01-01T03:12:30
5.114845,13.343391,2023-01-01T03:12:31
5.114845,13.343391,2023-01-01T03:12:32
5.114845,13.343391,2023-01-01T03:12:33
5.114845,13.343391,2023-01-01T03:12:34
5.114845,13.343391,2023-01-01T03:12:35
5.114845,13.343391,2023-01-01T03:12:36
5.114845,13.343391,2023-01-01T03:12:37
5.114845,13.343391,2023-01-01T03:12:38
5.114845,13.343391,2023-01-01T03:12:39
5.114845,13.343391,2023-01-01T03:12:40
5.114845,13.343391,2023-01-01T03:12:41
5.114845,13.343391,2023-01-01T03:12:42
5.114845,13.343391,2023-01-01T03:12:43
5.114845,13.343391,2023-01-01T03:12:44
5.114845,13.343391,2023-01-01T03:12:45
5.114845,13.343391,2023-01-01T03:12:46
5.114845,13.343391,2023-01-01T03:12:47
5.114845,13.343391,2023-01-01T03:12:48
5.114845,13.343391,2023-01-01T03:12:49
5.226037,13.343391,2023-01-01T03:12:50
5.226037,13.343391,2023-01-01T03:12:51
5.226037,13.343391,2023-01-01T03:12:52
5.226037,13.343391,2023-01-01T03:12:53
5.226037,13.343391,2023-01-01T03:12:54
5.226037,13.343391,2023-01-01T03:12:55
5.226037,13.343391,2023-01-01T03:12:56
5.226037,13.343391,2023-01-01T03:12:57
5.226037,13.343391,2023-01-01T03:12:58
5.226037,13.343391,2023-01-01T03:12:59
5.226037,13.343391,2023-01-01T03:13:00
5.226037,13.343391,2023-01-01T03:13:01
5.226037,13.343391,2023-01-01T03:13:02
5.226037,13.343391,2023-01-01T03:13:03
5.226037,13.343391,2023-01-01T03:13:04
5.226037,13.343391,2023-01-01T03:13:05
5.226037,13.343391,2023-01-01T03:13:06
5.226037,13.343391,2023-01-01T03:13:07
5.226037,13.343391,2023-01-01T03:13:08
5.226037,13.343391,2023-01-01T03:13:09
5.226037,13.343391,2023-01-01T03:13:10
5.226037,13.454586,2023-01-01T03:13:11
5.226037,13.454586,2023-01-01T03:13:12
5.226037,13.454586,2023-01-01T03:13:13
5.226037,13.454586,2023-01-01T03:13:14
5.226037,13.454586,2023-01-01T03:13:15
5.226037,13.454586,2023-01-01T03:13:16
5.226037,13.454586,2023-01-01T03:13:17
5.226037,13.454586,2023-01-01T03:13:18
5.226037,13.454586,2023-01-01T03:13:19
5.226037,13.454586,2023-01-01T03:13:20
5.226037,13.454586,2023-01-01T03:13:21
5.226037,13.454586,2023-01-01T03:13:22
5.226037,13.454586,2023-01-01T03:13:23
5.226037,13.454586,2023-01-01T03:13:24
5.226037,13.454586,2023-01-01T03:13:25
5.226037,13.454586,2023-01-01T03:13:26
5.226037,13.454586,2023-01-01T03:13:27
5.226037,13.454586,2023-01-01T03:13:28
5.226037,13.454586,2023-01-01T03:13:29
5.226037,13.454586,2023-01-01T03:13:30
5.226037,13.454586,2023-01-01T03:13:31
5.226037,13.454586,2023-01-01T03:13:32
5.226037,13.454586,2023-01-01T03:13:33
5.226037,13.454586,2023-01-01T03:13:34
5.226037,13.454586,2023-01-01T03:13:35
5.226037,13.454586,2023-01-01T03:13:36
5.226037,13.454586,2023-01-01T03:13:37
5.226037,13.454586,2023-01-01T03:13:38
5.226037,13.454586,2023-01-01T03:13:39
5.226037,13.454586,2023-01-01T03:13:40
5.226037,13.454586,2023-01-01T03:13:41
5.226037,13.454586,2023-01-01T03:13:42
5.226037,13.454586,2023-01-01T03:13:43
5.226037,13.454586,2023-01-01T03:13:44
5.226037,13.454586,2023-01-01T03:13:45
5.226037,13.454586,2023-01-01T03:13:46
5.226037,13.454586,2023-01-01T03:13:47
5.226037,13.454586,2023-01-01T03:13:48
5.226037,13.454586,2023-01-01T03:13:49
5.226037,13.454586,2023-01-01T03:13:50
5.226037,13.454586,2023-01-01T03:13:51
5.226037,13.454586,2023-01-01T03:13:52
5.226037,13.454586,2023-01-01T03:13:53
5.226037,13.454586,2023-01-01T03:13:54
5.226037,13.454586,2023-01-01T03:13:55
5.226037,13.454586,2023-01-01T03:13:56
5.226037,13.454586,2023-01-01T03:13:57
5.226037,13.454586,2023-01-01T03:13:58
5.226037,13.454586,2023-01-01T03:13:59
5.226037,13.454586,2023-01-01T03:14:00
5.226037,13.454586,2023-01-01T03:14:01
5.226037,13.454586,2023-01-01T03:14:02
5.226037,13.454586,2023-01-01T03:14:03
5.226037,13.454586,2023-01-01T03:14:04
5.226037,13.454586,2023-01-01T03:14:05
5.226037,13.454586,2023-01-01T03:14:06
5.226037,13.454586,2023-01-01T03:14:07
5.226037,13.454586,2023-01-01T03:14:08
5.226037,13.454586,2023-01-01T03:14:09
5.226037,13.454586,2023-01-01T03:14:10
5.226037,13.454586,2023-01-01T03:14:11
5.337230,13.454586,2023-01-01T03:14:12
5.337230,13.454586,2023-01-01T03:14:13
5.337230,13.454586,2023-01-01T03:14:14
5.337230,13.454586,2023-01-01T03:14:15
5.337230,13.454586,2023-01-01T03:14:16
5.337230,13.454586,2023-01-01T03:14:17
5.337230,13.454586,2023-01-01T03:14:18
5.337230,13.454586,2023-01-01T03:14:19
5.337230,13.454586,2023-01-01T03:14:20
5.337230,13.454586,2023-01-01T03:14:21
5.337230,13.454586,2023-01-01T03:14:22
5.337230,13.454586,2023-01-01T03:14:23
5.337230,13.454586,2023-01-01T03:14:24
5.337230,13.454586,2023-01-01T03:14:25
5.337230,13.454586,2023-01-01T03:14:26
5.337230,13.454586,2023-01-01T03:14:27
5.337230,13.454586,2023-01-01T03:14:28
5.337230,13.454586,2023-01-01T03:14:29
5.337230,13.454586,2023-01-01T03:14:30
5.337230,13.454586,2023-01-01T03:14:31
5.337230,13.454586,2023-01-01T03:14:32
5.337230,13.454586,2023-01-01T03:14:33
5.337230,13.454586,2023-01-01T03:14:34
5.337230,13.454586,2023-01-01T03:14:35
5.337230,13.454586,2023-01-01T03:14:36
5.337230,13.454586,2023-01-01T03:14:37
5.337230,13.454586,2023-01-01T03:14:38
5.337230,13.454586,2023-01-01T03:14:39
5.337230,13.454586,2023-01-01T03:14:40
5.337230,13.454586,2023-01-01T03:14:41
5.337230,13.454586,2023-01-01T03:14:42
5.337230,13.454586,2023-01-01T03:14:43
5.337230,13.454586,2023-01-01T03:14:44
5.337230,13.454586,2023-01-01T03:14:45
5.337230,13.454586,2023-01-01T03:14:46
5.337230,13.454586,2023-01-01T03:14:47
5.226037,13.454586,2023-01-01T03:14:48
5.226037,13.454586,2023-01-01T03:14:49
5.226037,13.454586,2023-01-01T03:14:50
5.226037,13.454586,2023-01-01T03:14:51
5.226037,13.454586,2023-01-01T03:14:52
5.226037,13.454586,2023-01-01T03:14:53
5.226037,13.454586,2023-01-01T03:14:54
5.226037,13.454586,2023-01-01T03:14:55
5.226037,13.454586,2023-01-01T03:14:56
5.226037,13.454586,2023-01-01T03:14:57
5.226037,13.454586,2023-01-01T03:14:58
5.226037,13.454586,2023-01-01T03:14:59
5.226037,13.454586,2023-01-01T03:15:00
5.226037,13.454586,2023-01-01T03:15:01
5.226037,13.454586,2023-01-01T03:15:02
5.226037,13.454586,2023-01-01T03:15:03
5.226037,13.454586,2023-01-01T03:15:04
5.226037,13.454586,2023-01-01T03:15:05
5.226037,13.454586,2023-01-01T03:15:06
5.226037,13.454586,2023-01-01T03:15:07
5.226037,13.454586,2023-01-01T03:15:08
5.226037,13.454586,2023-01-01T03:15:09
5.226037,13.454586,2023-01-01T03:15:10
5.226037,13.454586,2023-01-01T03:15:11
5.226037,13.454586,2023-01-01T03:15:12
5.226037,13.454586,2023-01-01T03:15:13
5.226037,13.454586,2023-01-01T03:15:14
5.226037,13.454586,2023-01-01T03:15:15
5.226037,13.454586,2023-01-01T03:15:16
5.226037,13.454586,2023-01-01T03:15:17
5.226037,13.454586,2023-01-01T03:15:18
5.226037,13.454586,2023-01-01T03:15:19
5.226037,13.454586,2023-01-01T03:15:20
5.226037,13.454586,2023-01-01T03:15:21
5.226037,13.454586,2023-01-01T03:15:22
5.226037,13.454586,2023-01-01T03:15:23
5.226037,13.454586,2023-01-01T03:15:24
5.226037,13.454586,2023-01-01T03:15:25
5.226037,13.454586,2023-01-01T03:15:26
5.226037,13.454586,2023-01-01T03:15:27
5.226037,13.454586,2023-01-01T03:15:28
5.226037,13.454586,2023-01-01T03:15:29
5.226037,13.454586,2023-01-01T03:15:30
5.226037,13.454586,2023-01-01T03:15:31
5.226037,13.454586,2023-01-01T03:15:32
5.226037,13.454586,2023-01-01T03:15:33
5.226037,13.454586,2023-01-01T03:15:34
5.226037,13.454586,2023-01-01T03:15:35
5.226037,13.454586,2023-01-01T03:15:36
5.226037,13.343391,2023-01-01T03:15:37
5.226037,13.343391,2023-01-01T03:15:38
5.226037,13.343391,2023-01-01T03:15:39
5.226037,13.343391,2023-01-01T03:15:40
5.226037,13.343391,2023-01-01T03:15:41
5.226037,13.343391,2023-01-01T03:15:42
5.226037,13.343391,2023-01-01T03:15:43
5.226037,13.343391,2023-01-01T03:15:44
5.226037,13.343391,2023-01-01T03:15:45
5.226037,13.343391,2023-01-01T03:15:46
5.226037,13.343391,2023-01-01T03:15:47
5.226037,13.343391,2023-01-01T03:15:48
5.226037,13.343391,2023-01-01T03:15:49
5.226037,13.343391,2023-01-01T03:15:50
5.226037,13.343391,2023-01-01T03:15:51
5.226037,13.343391,2023-01-01T03:15:52
5.226037,13.343391,2023-01-01T03:15:53
5.226037,13.343391,2023-01-01T03:15:54
5.226037,13.343391,2023-01-01T03:15:55
5.226037,13.343391,2023-01-01T03:15:56
5.226037,13.343391,2023-01-01T03:15:57
5.226037,13.343391,2023-01-01T03:15:58
5.226037,13.343391,2023-01-01T03:15:59
5.226037,13.343391,2023-01-01T03:16:00
5.226037,13.343391,2023-01-01T03:16:01
5.226037,13.343391,2023-01-01T03:16:02
5.226037,13.343391,2023-01-01T03:16:03
5.226037,13.343391,2023-01-01T03:16:04
5.226037,13.343391,2023-01-01T03:16:05
5.226037,13.343391,2023-01-01T03:16:06
5.226037,13.343391,2023-01-01T03:16:07
5.226037,13.343391,2023-01-01T03:16:08
5.226037,13.343391,2023-01-01T03:16:09
5.226037,13.343391,2023-01-01T03:16:10
5.226037,13.343391,2023-01-01T03:16:11
5.226037,13.343391,2023-01-01T03:16:12
5.226037,13.343391,2023-01-01T03:16:13
5.226037,13.343391,2023-01-01T03:16:14
5.226037,13.343391,2023-01-01T03:16:15
5.226037,13.343391,2023-01-01T03:16:16
5.226037,13.343391,2023-01-01T03:16:17
5.226037,13.343391,2023-01-01T03:16:18
5.226037,13.232196,2023-01-01T03:16:19
5.226037,13.232196,2023-01-01T03:16:20
5.226037,13.232196,2023-01-01T03:16:21
5.226037,13.232196,2023-01-01T03:16:22
5.226037,13.232196,2023-01-01T03:16:23
5.226037,13.232196,2023-01-01T03:16:24
5.226037,13.232196,2023-01-01T03:16:25
5.226037,13.232196,2023-01-01T03:16:26
5.226037,13.232196,2023-01-01T03:16:27
5.226037,13.232196,2023-01-01T03:16:28
5.226037,13.232196,2023-01-01T03:16:29
5.226037,13.232196,2023-01-01T03:16:30
5.226037,13.232196,2023-01-01T03:16:31
5.226037,13.232196,2023-01-01T03:16:32
5.226037,13.232196,2023-01-01T03:16:33
5.226037,13.232196,2023-01-01T03:16:34
5.226037,13.232196,2023-01-01T03:16:35
5.226037,13.232196,2023-01-01T03:16:36
5.226037,13.232196,2023-01-01T03:16:37
5.226037,13.232196,2023-01-01T03:16:38
5.226037,13.232196,2023-01-01T03:16:39
5.226037,13.232196,2023-01-01T03:16:40
5.226037,13.232196,2023-01-01T03:16:41
5.226037,13.232196,2023-01-01T03:16:42
5.226037,13.232196,2023-01-01T03:16:43
5.226037,13.232196,2023-01-01T03:16:44
5.226037,13.232196,2023-01-01T03:16:45
5.226037,13.232196,2023-01-01T03:16:46
5.226037,13.232196,2023-01-01T03:16:47
5.226037,13.232196,2023-01-01T03:16:48
5.226037,13.232196,2023-01-01T03:16:49
5.226037,13.232196,2023-01-01T03:16:50
5.226037,13.232196,2023-01-01T03:16:51
5.226037,13.232196,2023-01-01T03:16:52
5.226037,13.232196,2023-01-01T03:16:53
5.226037,13.232196,2023-01-01T03:16:54
5.226037,13.232196,2023-01-01T03:16:55
5.226037,13.232196,2023-01-01T03:16:56
5.226037,13.232196,2023-01-01T03:16:57
5.226037,13.232196,2023-01-01T03:16:58
5.226037,13.232196,2023-01-01T03:16:59
5.226037,13.232196,2023-01-01T03:17:00
5.226037,13.232196,2023-01-01T03:17:01
5.226037,13.232196,2023-01-01T03:17:02
5.226037,13.232196,2023-01-01T03:17:03
5.226037,13.232196,2023-01-01T03:17:04
5.226037,13.232196,2023-01-01T03:17:05
5.226037,13.232196,2023-01-01T03:17:06
5.226037,13.232196,2023-01-01T03:17:07
5.337230,13.232196,2023-01-01T03:17:08
5.337230,13.232196,2023-01-01T03:17:09
5.337230,13.232196,2023-01-01T03:17:10
5.337230,13.232196,2023-01-01T03:17:11
5.337230,13.232196,2023-01-01T03:17:12
5.337230,13.232196,2023-01-01T03:17:13
5.337230,13.232196,2023-01-01T03:17:14
5.337230,13.232196,2023-01-01T03:17:15
5.337230,13.232196,2023-01-01T03:17:16
5.337230,13.232196,2023-01-01T03:17:17
5.337230,13.232196,2023-01-01T03:17:18
5.337230,13.232196,2023-01-01T03:17:19
5.337230,13.232196,2023-01-01T03:17:20
5.337230,13.232196,2023-01-01T03:17:21
5.337230,13.232196,2023-01-01T03:17:22
5.337230,13.232196,2023-01-01T03:17:23
5.337230,13.232196,2023-01-01T03:17:24
5.337230,13.232196,2023-01-01T03:17:25
5.337230,13.232196,2023-01-01T03:17:26
5.337230,13.232196,2023-01-01T03:17:27
5.337230,13.232196,2023-01-01T03:17:28
5.337230,13.232196,2023-01-01T03:17:29
5.337230,13.232196,2023-01-01T03:17:30
5.337230,13.232196,2023-01-01T03:17:31
5.337230,13.232196,2023-01-01T03:17:32
5.337230,13.232196,2023-01-01T03:17:33
5.337230,13.232196,2023-01-01T03:17:34
5.337230,13.232196,2023-01-01T03:17:35
5.337230,13.232196,2023-01-01T03:17:36
5.337230,13.232196,2023-01-01T03:17:37
5.337230,13.232196,2023-01-01T03:17:38
5.337230,13.232196,2023-01-01T03:17:39
5.337230,13.232196,2023-01-01T03:17:40
5.337230,13.232196,2023-01-01T03:17:41
5.337230,13.232196,2023-01-01T03:17:42
5.337230,13.232196,2023-01-01T03:17:43
5.337230,13.232196,2023-01-01T03:17:44
5.337230,13.232196,2023-01-01T03:17:45
5.337230,13.232196,2023-01-01T03:17:46
5.337230,13.232196,2023-01-01T03:17:47
5.337230,13.232196,2023-01-01T03:17:48
5.337230,13.232196,2023-01-01T03:17:49
5.337230,13.232196,2023-01-01T03:17:50
5.337230,13.121001,2023-01-01T03:17:51
5.337230,13.121001,2023-01-01T03:17:52
5.337230,13.121001,2023-01-01T03:17:53
5.337230,13.121001,2023-01-01T03:17:54
5.337230,13.121001,2023-01-01T03:17:55
5.337230,13.121001,2023-01-01T03:17:56
5.337230,13.121001,2023-01-01T03:17:57
5.337230,13.121001,2023-01-01T03:17:58
5.337230,13.121001,2023-01-01T03:17:59
5.337230,13.121001,2023-01-01T03:18:00
5.337230,13.121001,2023-01-01T03:18:01
5.337230,13.121001,2023-01-01T03:18:02
5.337230,13.121001,2023-01-01T03:18:03
5.337230,13.121001,2023-01-01T03:18:04
5.337230,13.121001,2023-01-01T03:18:05
5.337230,13.121001,2023-01-01T03:18:06
5.337230,13.121001,2023-01-01T03:18:07
5.337230,13.121001,2023-01-01T03:18:08
5.337230,13.121001,2023-01-01T03:18:09
5.448422,13.121001,2023-01-01T03:18:10
5.448422,13.121001,2023-01-01T03:18:11
5.448422,13.121001,2023-01-01T03:18:12
5.448422,13.121001,2023-01-01T03:18:13
5.448422,13.121001,2023-01-01T03:18:14
5.448422,13.121001,2023-01-01T03:18:15
5.448422,13.121001,2023-01-01T03:18:16
5.448422,13.121001,2023-01-01T03:18:17
5.448422,13.121001,2023-01-01T03:18:18
5.448422,13.121001,2023-01-01T03:18:19
5.448422,13.121001,2023-01-01T03:18:20
5.448422,13.121001,2023-01-01T03:18:21
5.448422,13.121001,2023-01-01T03:18:22
5.448422,13.121001,2023-01-01T03:18:23
5.448422,13.121001,2023-01-01T03:18:24
5.448422,13.121001,2023-01-01T03:18:25
5.448422,13.121001,2023-01-01T03:18:26
5.448422,13.121001,2023-01-01T03:18:27
5.448422,13.121001,2023-01-01T03:18:28
5.448422,13.121001,2023-01-01T03:18:29
5.448422,13.121001,2023-01-01T03:18:30
5.448422,13.121001,2023-01-01T03:18:31
5.448422,13.121001,2023-01-01T03:18:32
5.448422,13.121001,2023-01-01T03:18:33
5.448422,13.121001,2023-01-01T03:18:34
5.448422,13.121001,2023-01-01T03:18:35
5.448422,13.121001,2023-01-01T03:18:36
5.448422,13.121001,2023-01-01T03:18:37
5.448422,13.121001,2023-01-01T03:18:38
5.448422,13.121001,2023-01-01T03:18:39
5.448422,13.121001,2023-01-01T03:18:40
5.448422,13.121001,2023-01-01T03:18:41
5.448422,13.121001,2023-01-01T03:18:42
5.448422,13.121001,2023-01-01T03:18:43
5.448422,13.121001,2023-01-01T03:18:44
5.448422,13.121001,2023-01-01T03:18:45
5.448422,13.121001,2023-01-01T03:18:46
5.448422,13.121001,2023-01-01T03:18:47
5.448422,13.121001,2023-01-01T03:18:48
5.448422,13.121001,2023-01-01T03:18:49
5.448422,13.121001,2023-01-01T03:18:50
5.448422,13.121001,2023-01-01T03:18:51
5.448422,13.121001,2023-01-01T03:18:52
5.448422,13.121001,2023-01-01T03:18:53
5.448422,13.121001,2023-01-01T03:18:54
5.448422,13.121001,2023-01-01T03:18:55
5.448422,13.121001,2023-01-01T03:18:56
5.448422,13.121001,2023-01-01T03:18:57
5.448422,13.121001,2023-01-01T03:18:58
5.448422,13.121001,2023-01-01T03:18:59
5.448422,13.121001,2023-01-01T03:19:00
5.448422,13.121001,2023-01-01T03:19:01
5.448422,13.121001,2023-01-01T03:19:02
5.448422,13.121001,2023-01-01T03:19:03
5.337230,13.121001,2023-01-01T03:19:04
5.337230,13.121001,2023-01-01T03:19:05
5.337230,13.121001,2023-01-01T03:19:06
5.337230,13.121001,2023-01-01T03:19:07
5.337230,13.121001,2023-01-01T03:19:08
5.337230,13.121001,2023-01-01T03:19:09
5.337230,13.121001,2023-01-01T03:19:10
5.337230,13.121001,2023-01-01T03:19:11
5.337230,13.121001,2023-01-01T03:19:12
5.337230,13.121001,2023-01-01T03:19:13
5.337230,13.121001,2023-01-01T03:19:14
5.337230,13.121001,2023-01-01T03:19:15
5.337230,13.121001,2023-01-01T03:19:16
5.337230,13.121001,2023-01-01T03:19:17
5.337230,13.121001,2023-01-01T03:19:18
5.337230,13.121001,2023-01-01T03:19:19
5.337230,13.121001,2023-01-01T03:19:20
5.337230,13.121001,2023-01-01T03:19:21
5.337230,13.121001,2023-01-01T03:19:22
5.337230,13.121001,2023-01-01T03:19:23
5.337230,13.121001,2023-01-01T03:19:24
5.337230,13.121001,2023-01-01T03:19:25
5.337230,13.121001,2023-01-01T03:19:26
5.337230,13.121001,2023-01-01T03:19:27
5.337230,13.121001,2023-01-01T03:19:28
5.337230,13.121001,2023-01-01T03:19:29
5.337230,13.121001,2023-01-01T03:19:30
5.337230,13.121001,2023-01-01T03:19:31
5.337230,13.121001,2023-01-01T03:19:32
5.337230,13.121001,2023-01-01T03:19:33
5.337230,13.121001,2023-01-01T03:19:34
5.337230,13.121001,2023-01-01T03:19:35
5.337230,13.121001,2023-01-01T03:19:36
5.337230,13.121001,2023-01-01T03:19:37
5.337230,13.121001,2023-01-01T03:19:38
5.337230,13.121001,2023-01-01T03:19:39
5.337230,13.121001,2023-01-01T03:19:40
5.337230,13.121001,2023-01-01T03:19:41
5.337230,13.121001,2023-01-01T03:19:42
5.337230,13.121001,2023-01-01T03:19:43
5.337230,13.121001,2023-01-01T03:19:44
5.337230,13.121001,2023-01-01T03:19:45
5.337230,13.121001,2023-01-01T03:19:46
5.337230,13.121001,2023-01-01T03:19:47
5.337230,13.121001,2023-01-01T03:19:48
5.337230,13.121001,2023-01-01T03:19:49
5.337230,13.121001,2023-01-01T03:19:50
5.337230,13.121001,2023-01-01T03:19:51
5.337230,13.121001,2023-01-01T03:19:52
5.337230,13.121001,2023-01-01T03:19:53
5.337230,13.121001,2023-01-01T03:19:54
5.337230,13.121001,2023-01-01T03:19:55
5.337230,13.121001,2023-01-01T03:19:56
5.337230,13.121001,2023-01-01T03:19:57
5.337230,13.232196,2023-01-01T03:19:58
5.337230,13.232196,2023-01-01T03:19:59
5.337230,13.232196,2023-01-01T03:20:00
5.337230,13.232196,2023-01-01T03:20:01
5.337230,13.232196,2023-01-01T03:20:02
5.337230,13.232196,2023-01-01T03:20:03
5.337230,13.232196,2023-01-01T03:20:04
5.226037,13.232196,2023-01-01T03:20:05
5.226037,13.232196,2023-01-01T03:20:06
5.226037,13.232196,2023-01-01T03:20:07
5.226037,13.232196,2023-01-01T03:20:08
5.226037,13.232196,2023-01-01T03:20:09
5.226037,13.232196,2023-01-01T03:20:10
5.226037,13.232196,2023-01-01T03:20:11
5.226037,13.232196,2023-01-01T03:20:12
5.226037,13.232196,2023-01-01T03:20:13
5.226037,13.232196,2023-01-01T03:20:14
5.226037,13.232196,2023-01-01T03:20:15
5.226037,13.232196,2023-01-01T03:20:16
5.226037,13.232196,2023-01-01T03:20:17
5.226037,13.232196,2023-01-01T03:20:18
5.226037,13.232196,2023-01-01T03:20:19
5.226037,13.232196,2023-01-01T03:20:20
5.226037,13.232196,2023-01-01T03:20:21
5.226037,13.232196,2023-01-01T03:20:22
5.226037,13.232196,2023-01-01T03:20:23
5.226037,13.232196,2023-01-01T03:20:24
5.226037,13.232196,2023-01-01T03:20:25
5.226037,13.232196,2023-01-01T03:20:26
5.226037,13.232196,2023-01-01T03:20:27
5.226037,13.232196,2023-01-01T03:20:28
5.226037,13.232196,2023-01-01T03:20:29
5.226037,13.232196,2023-01-01T03:20:30
5.226037,13.232196,2023-01-01T03:20:31
5.226037,13.232196,2023-01-01T03:20:32
5.226037,13.232196,2023-01-01T03:20:33
5.226037,13.232196,2023-01-01T03:20:34
5.226037,13.232196,2023-01-01T03:20:35
5.226037,13.232196,2023-01-01T03:20:36
5.226037,13.232196,2023-01-01T03:20:37
5.226037,13.232196,2023-01-01T03:20:38
5.226037,13.232196,2023-01-01T03:20:39
5.226037,13.232196,2023-01-01T03:20:40
5.226037,13.232196,2023-01-01T03:20:41
5.226037,13.232196,2023-01-01T03:20:42
5.337230,13.232196,2023-01-01T03:20:43
5.337230,13.232196,2023-01-01T03:20:44
5.337230,13.232196,2023-01-01T03:20:45
5.337230,13.232196,2023-01-01T03:20:46
5.337230,13.232196,2023-01-01T03:20:47
5.337230,13.232196,2023-01-01T03:20:48
5.337230,13.232196,2023-01-01T03:20:49
5.337230,13.232196,2023-01-01T03:20:50
5.337230,13.232196,2023-01-01T03:20:51
5.337230,13.232196,2023-01-01T03:20:52
5.337230,13.232196,2023-01-01T03:20:53
5.337230,13.232196,2023-01-01T03:20:54
5.337230,13.232196,2023-01-01T03:20:55
5.337230,13.232196,2023-01-01T03:20:56
5.337230,13.232196,2023-01-01T03:20:57
5.337230,13.232196,2023-01-01T03:20:58
5.337230,13.232196,2023-01-01T03:20:59
5.337230,13.232196,2023-01-01T03:21:00
5.337230,13.232196,2023-01-01T03:21:01
5.337230,13.232196,2023-01-01T03:21:02
5.337230,13.232196,2023-01-01T03:21:03
5.337230,13.232196,2023-01-01T03:21:04
5.337230,13.232196,2023-01-01T03:21:05
5.337230,13.232196,2023-01-01T03:21:06
5.337230,13.232196,2023-01-01T03:21:07
5.226037,13.232196,2023-01-01T03:21:08
5.226037,13.232196,2023-01-01T03:21:09
5.226037,13.232196,2023-01-01T03:21:10
5.226037,13.232196,2023-01-01T03:21:11
5.226037,13.232196,2023-01-01T03:21:12
5.226037,13.232196,2023-01-01T03:21:13
5.226037,13.232196,2023-01-01T03:21:14
5.226037,13.232196,2023-01-01T03:21:15
5.226037,13.232196,2023-01-01T03:21:16
5.226037,13.232196,2023-01-01T03:21:17
5.226037,13.232196,2023-01-01T03:21:18
5.226037,13.232196,2023-01-01T03:21:19
5.226037,13.232196,2023-01-01T03:21:20
5.226037,13.232196,2023-01-01T03:21:21
5.226037,13.232196,2023-01-01T03:21:22
5.226037,13.232196,2023-01-01T03:21:23
5.226037,13.232196,2023-01-01T03:21:24
5.114845,13.232196,2023-01-01T03:21:25
5.114845,13.232196,2023-01-01T03:21:26
5.114845,13.232196,2023-01-01T03:21:27
5.114845,13.232196,2023-01-01T03:21:28
5.114845,13.232196,2023-01-01T03:21:29
5.114845,13.232196,2023-01-01T03:21:30
5.114845,13.232196,2023-01-01T03:21:31
5.114845,13.232196,2023-01-01T03:21:32
5.114845,13.232196,2023-01-01T03:21:33
5.114845,13.232196,2023-01-01T03:21:34
5.114845,13.232196,2023-01-01T03:21:35
5.114845,13.232196,2023-01-01T03:21:36
5.114845,13.232196,2023-01-01T03:21:37
5.114845,13.232196,2023-01-01T03:21:38
5.114845,13.232196,2023-01-01T03:21:39
5.114845,13.232196,2023-01-01T03:21:40
5.114845,13.232196,2023-01-01T03:21:41
5.114845,13.232196,2023-01-01T03:21:42
5.114845,13.232196,2023-01-01T03:21:43
5.114845,13.232196,2023-01-01T03:21:44
5.114845,13.232196,2023-01-01T03:21:45
5.114845,13.232196,2023-01-01T03:21:46
5.114845,13.232196,2023-01-01T03:21:47
5.114845,13.232196,2023-01-01T03:21:48
5.114845,13.232196,2023-01-01T03:21:49
5.114845,13.232196,2023-01-01T03:21:50
5.114845,13.232196,2023-01-01T03:21:51
5.114845,13.232196,2023-01-01T03:21:52
5.114845,13.232196,2023-01-01T03:21:53
5.114845,13.232196,2023-01-01T03:21:54
5.114845,13.232196,2023-01-01T03:21:55
5.114845,13.232196,2023-01-01T03:21:56
5.114845,13.232196,2023-01-01T03:21:57
5.114845,13.232196,2023-01-01T03:21:58
5.114845,13.232196,2023-01-01T03:21:59
5.114845,13.232196,2023-01-01T03:22:00
5.114845,13.232196,2023-01-01T03:22:01
5.114845,13.232196,2023-01-01T03:22:02
5.114845,13.232196,2023-01-01T03:22:03
5.114845,13.232196,2023-01-01T03:22:04
5.114845,13.232196,2023-01-01T03:22:05
5.114845,13.232196,2023-01-01T03:22:06
5.114845,13.232196,2023-01-01T03:22:07
5.114845,13.232196,2023-01-01T03:22:08
5.114845,13.232196,2023-01-01T03:22:09
5.114845,13.232196,2023-01-01T03:22:10
5.114845,13.232196,2023-01-01T03:22:11
5.114845,13.232196,2023-01-01T03:22:12
5.114845,13.232196,2023-01-01T03:22:13
5.114845,13.232196,2023-01-01T03:22:14
5.114845,13.232196,2023-01-01T03:22:15
5.114845,13.232196,2023-01-01T03:22:16
5.114845,13.232196,2023-01-01T03:22:17
5.114845,13.232196,2023-01-01T03:22:18
5.114845,13.232196,2023-01-01T03:22:19
5.114845,13.232196,2023-01-01T03:22:20
5.114845,13.232196,2023-01-01T03:22:21
5.114845,13.232196,2023-01-01T03:22:22
5.114845,13.232196,2023-01-01T03:22:23
5.114845,13.232196,2023-01-01T03:22:24
5.114845,13.232196,2023-01-01T03:22:25
5.114845,13.232196,2023-01-01T03:22:26
5.114845,13.232196,2023-01-01T03:22:27
5.114845,13.232196,2023-01-01T03:22:28
5.114845,13.232196,2023-01-01T03:22:29
5.114845,13.232196,2023-01-01T03:22:30
5.114845,13.232196,2023-01-01T03:22:31
5.114845,13.232196,2023-01-01T03:22:32
5.114845,13.232196,2023-01-01T03:22:33
5.114845,13.232196,2023-01-01T03:22:34
5.114845,13.232196,2023-01-01T03:22:35
5.114845,13.232196,2023-01-01T03:22:36
5.114845,13.232196,2023-01-01T03:22:37
5.114845,13.232196,2023-01-01T03:22:38
5.114845,13.232196,2023-01-01T03:22:39
5.114845,13.232196,2023-01-01T03:22:40
5.114845,13.232196,2023-01-01T03:22:41
5.114845,13.232196,2023-01-01T03:22:42
5.114845,13.232196,2023-01-01T03:22:43
5.114845,13.232196,2023-01-01T03:22:44
5.114845,13.232196,2023-01-01T03:22:45
5.114845,13.232196,2023-01-01T03:22:46
5.114845,13.232196,2023-01-01T03:22:47
5.114845,13.232196,2023-01-01T03:22:48
5.114845,13.232196,2023-01-01T03:22:49
5.114845,13.232196,2023-01-01T03:22:50
5.114845,13.232196,2023-01-01T03:22:51
5.114845,13.232196,2023-01-01T03:22:52
5.114845,13.232196,2023-01-01T03:22:53
5.114845,13.232196,2023-01-01T03:22:54
5.114845,13.232196,2023-01-01T03:22:55
5.114845,13.232196,2023-01-01T03:22:56
5.114845,13.232196,2023-01-01T03:22:57
5.114845,13.232196,2023-01-01T03:22:58
5.114845,13.232196,2023-01-01T03:22:59
5.114845,13.232196,2023-01-01T03:23:00
5.114845,13.232196,2023-01-01T03:23:01
5.114845,13.121001,2023-01-01T03:23:02
5.114845,13.121001,2023-01-01T03:23:03
5.114845,13.121001,2023-01-01T03:23:04
5.114845,13.121001,2023-01-01T03:23:05
5.114845,13.121001,2023-01-01T03:23:06
5.114845,13.121001,2023-01-01T03:23:07
5.114845,13.121001,2023-01-01T03:23:08
5.114845,13.121001,2023-01-01T03:23:09
5.114845,13.121001,2023-01-01T03:23:10
5.114845,13.121001,2023-01-01T03:23:11
5.114845,13.121001,2023-01-01T03:23:12
5.114845,13.121001,2023-01-01T03:23:13
5.114845,13.121001,2023-01-01T03:23:14
5.114845,13.121001,2023-01-01T03:23:15
5.114845,13.121001,2023-01-01T03:23:16
5.226037,13.121001,2023-01-01T03:23:17
5.226037,13.121001,2023-01-01T03:23:18
5.226037,13.121001,2023-01-01T03:23:19
5.226037,13.121001,2023-01-01T03:23:20
5.226037,13.121001,2023-01-01T03:23:21
5.226037,13.121001,2023-01-01T03:23:22
5.226037,13.121001,2023-01-01T03:23:23
5.226037,13.232196,2023-01-01T03:23:24
5.226037,13.232196,2023-01-01T03:23:25
5.226037,13.232196,2023-01-01T03:23:26
5.226037,13.232196,2023-01-01T03:23:27
5.226037,13.232196,2023-01-01T03:23:28
5.226037,13.232196,2023-01-01T03:23:29
5.226037,13.232196,2023-01-01T03:23:30
5.226037,13.232196,2023-01-01T03:23:31
5.226037,13.232196,2023-01-01T03:23:32
5.114845,13.232196,2023-01-01T03:23:33
5.114845,13.232196,2023-01-01T03:23:34
5.114845,13.232196,2023-01-01T03:23:35
5.114845,13.232196,2023-01-01T03:23:36
5.114845,13.232196,2023-01-01T03:23:37
5.114845,13.232196,2023-01-01T03:23:38
5.114845,13.232196,2023-01-01T03:23:39
5.114845,13.232196,2023-01-01T03:23:40
5.114845,13.232196,2023-01-01T03:23:41
5.114845,13.232196,2023-01-01T03:23:42
5.114845,13.232196,2023-01-01T03:23:43
5.114845,13.232196,2023-01-01T03:23:44
5.114845,13.232196,2023-01-01T03:23:45
5.114845,13.232196,2023-01-01T03:23:46
5.114845,13.232196,2023-01-01T03:23:47
5.114845,13.232196,2023-01-01T03:23:48
5.114845,13.232196,2023-01-01T03:23:49
5.003653,13.232196,2023-01-01T03:23:50
5.003653,13.232196,2023-01-01T03:23:51
5.003653,13.232196,2023-01-01T03:23:52
5.003653,13.232196,2023-01-01T03:23:53
5.003653,13.232196,2023-01-01T03:23:54
5.003653,13.232196,2023-01-01T03:23:55
5.003653,13.232196,2023-01-01T03:23:56
5.003653,13.232196,2023-01-01T03:23:57
5.003653,13.232196,2023-01-01T03:23:58
5.003653,13.232196,2023-01-01T03:23:59
5.003653,13.232196,2023-01-01T03:24:00
5.003653,13.232196,2023-01-01T03:24:01
5.003653,13.232196,2023-01-01T03:24:02
5.003653,13.232196,2023-01-01T03:24:03
5.003653,13.232196,2023-01-01T03:24:04
5.003653,13.232196,2023-01-01T03:24:05
5.003653,13.232196,2023-01-01T03:24:06
5.003653,13.232196,2023-01-01T03:24:07
5.003653,13.232196,2023-01-01T03:24:08
5.003653,13.232196,2023-01-01T03:24:09
5.003653,13.232196,2023-01-01T03:24:10
5.003653,13.232196,2023-01-01T03:24:11
5.003653,13.232196,2023-01-01T03:24:12
5.003653,13.232196,2023-01-01T03:24:13
5.003653,13.232196,2023-01-01T03:24:14
5.003653,13.232196,2023-01-01T03:24:15
5.003653,13.232196,2023-01-01T03:24:16
5.003653,13.232196,2023-01-01T03:24:17
5.003653,13.232196,2023-01-01T03:24:18
5.003653,13.232196,2023-01-01T03:24:19
5.003653,13.232196,2023-01-01T03:24:20
5.003653,13.232196,2023-01-01T03:24:21
5.003653,13.232196,2023-01-01T03:24:22
5.003653,13.232196,2023-01-01T03:24:23
5.003653,13.232196,2023-01-01T03:24:24
5.003653,13.232196,2023-01-01T03:24:25
5.003653,13.232196,2023-01-01T03:24:26
5.003653,13.232196,2023-01-01T03:24:27
5.003653,13.232196,2023-01-01T03:24:28
5.003653,13.232196,2023-01-01T03:24:29
5.003653,13.232196,2023-01-01T03:24:30
5.003653,13.232196,2023-01-01T03:24:31
5.003653,13.232196,2023-01-01T03:24:32
5.003653,13.232196,2023-01-01T03:24:33
5.003653,13.232196,2023-01-01T03:24:34
5.003653,13.232196,2023-01-01T03:24:35
5.003653,13.232196,2023-01-01T03:24:36
5.003653,13.232196,2023-01-01T03:24:37
5.003653,13.232196,2023-01-01T03:24:38
5.003653,13.232196,2023-01-01T03:24:39
5.003653,13.232196,2023-01-01T03:24:40
5.003653,13.232196,2023-01-01T03:24:41
5.003653,13.232196,2023-01-01T03:24:42
5.003653,13.232196,2023-01-01T03:24:43
5.003653,13.232196,2023-01-01T03:24:44
5.003653,13.232196,2023-01-01T03:24:45
5.003653,13.232196,2023-01-01T03:24:46
5.003653,13.232196,2023-01-01T03:24:47
5.003653,13.232196,2023-01-01T03:24:48
5.003653,13.232196,2023-01-01T03:24:49
5.003653,13.232196,2023-01-01T03:24:50
5.003653,13.232196,2023-01-01T03:24:51
5.003653,13.232196,2023-01-01T03:24:52
5.003653,13.232196,2023-01-01T03:24:53
5.003653,13.232196,2023-01-01T03:24:54
5.003653,13.232196,2023-01-01T03:24:55
5.003653,13.232196,2023-01-01T03:24:56
5.003653,13.232196,2023-01-01T03:24:57
5.003653,13.232196,2023-01-01T03:24:58
5.003653,13.232196,2023-01-01T03:24:59
5.003653,13.232196,2023-01-01T03:25:00
5.003653,13.232196,2023-01-01T03:25:01
5.003653,13.232196,2023-01-01T03:25:02
5.003653,13.232196,2023-01-01T03:25:03
5.003653,13.232196,2023-01-01T03:25:04
5.003653,13.232196,2023-01-01T03:25:05
5.003653,13.232196,2023-01-01T03:25:06
5.003653,13.232196,2023-01-01T03:25:07
5.003653,13.232196,2023-01-01T03:25:08
5.003653,13.232196,2023-01-01T03:25:09
5.003653,13.232196,2023-01-01T03:25:10
5.003653,13.232196,2023-01-01T03:25:11
5.003653,13.232196,2023-01-01T03:25:12
5.003653,13.232196,2023-01-01T03:25:13
5.003653,13.232196,2023-01-01T03:25:14
5.003653,13.232196,2023-01-01T03:25:15
5.114845,13.232196,2023-01-01T03:25:16
5.114845,13.232196,2023-01-01T03:25:17
5.114845,13.232196,2023-01-01T03:25:18
5.114845,13.232196,2023-01-01T03:25:19
5.114845,13.232196,2023-01-01T03:25:20
5.114845,13.232196,2023-01-01T03:25:21
5.114845,13.232196,2023-01-01T03:25:22
5.114845,13.232196,2023-01-01T03:25:23
5.114845,13.232196,2023-01-01T03:25:24
5.114845,13.232196,2023-01-01T03:25:25
5.114845,13.232196,2023-01-01T03:25:26
5.114845,13.232196,2023-01-01T03:25:27
5.114845,13.232196,2023-01-01T03:25:28
5.114845,13.232196,2023-01-01T03:25:29
5.114845,13.232196,2023-01-01T03:25:30
5.114845,13.232196,2023-01-01T03:25:31
5.114845,13.232196,2023-01-01T03:25:32
5.114845,13.232196,2023-01-01T03:25:33
5.114845,13.232196,2023-01-01T03:25:34
5.114845,13.232196,2023-01-01T03:25:35
5.114845,13.232196,2023-01-01T03:25:36
5.114845,13.232196,2023-01-01T03:25:37
5.114845,13.232196,2023-01-01T03:25:38
5.114845,13.232196,2023-01-01T03:25:39
5.114845,13.232196,2023-01-01T03:25:40
5.114845,13.232196,2023-01-01T03:25:41
5.114845,13.232196,2023-01-01T03:25:42
5.114845,13.232196,2023-01-01T03:25:43
5.114845,13.232196,2023-01-01T03:25:44
5.114845,13.232196,2023-01-01T03:25:45
5.114845,13.232196,2023-01-01T03:25:46
5.114845,13.232196,2023-01-01T03:25:47
5.114845,13.232196,2023-01-01T03:25:48
5.226037,13.232196,2023-01-01T03:25:49
5.226037,13.232196,2023-01-01T03:25:50
5.226037,13.232196,2023-01-01T03:25:51
5.226037,13.232196,2023-01-01T03:25:52
5.226037,13.232196,2023-01-01T03:25:53
5.226037,13.232196,2023-01-01T03:25:54
5.226037,13.232196,2023-01-01T03:25:55
5.226037,13.232196,2023-01-01T03:25:56
5.226037,13.232196,2023-01-01T03:25:57
5.226037,13.232196,2023-01-01T03:25:58
5.226037,13.232196,2023-01-01T03:25:59
5.226037,13.232196,2023-01-01T03:26:00
5.226037,13.232196,2023-01-01T03:26:01
5.226037,13.232196,2023-01-01T03:26:02
5.226037,13.343391,2023-01-01T03:26:03
5.226037,13.343391,2023-01-01T03:26:04
5.226037,13.232196,2023-01-01T03:26:05
5.226037,13.232196,2023-01-01T03:26:06
5.226037,13.232196,2023-01-01T03:26:07
5.226037,13.343391,2023-01-01T03:26:08
5.226037,13.343391,2023-01-01T03:26:09
5.226037,13.343391,2023-01-01T03:26:10
5.226037,13.343391,2023-01-01T03:26:11
5.226037,13.343391,2023-01-01T03:26:12
5.226037,13.343391,2023-01-01T03:26:13
5.226037,13.343391,2023-01-01T03:26:14
5.226037,13.343391,2023-01-01T03:26:15
5.226037,13.343391,2023-01-01T03:26:16
5.226037,13.343391,2023-01-01T03:26:17
5.226037,13.343391,2023-01-01T03:26:18
5.226037,13.343391,2023-01-01T03:26:19
5.226037,13.343391,2023-01-01T03:26:20
5.226037,13.343391,2023-01-01T03:26:21
5.226037,13.343391,2023-01-01T03:26:22
5.226037,13.343391,2023-01-01T03:26:23
5.226037,13.343391,2023-01-01T03:26:24
5.226037,13.343391,2023-01-01T03:26:25
5.226037,13.343391,2023-01-01T03:26:26
5.226037,13.343391,2023-01-01T03:26:27
5.226037,13.343391,2023-01-01T03:26:28
5.226037,13.343391,2023-01-01T03:26:29
5.226037,13.343391,2023-01-01T03:26:30
5.226037,13.343391,2023-01-01T03:26:31
5.226037,13.343391,2023-01-01T03:26:32
5.226037,13.343391,2023-01-01T03:26:33
5.226037,13.343391,2023-01-01T03:26:34
5.226037,13.343391,2023-01-01T03:26:35
5.226037,13.343391,2023-01-01T03:26:36
5.226037,13.343391,2023-01-01T03:26:37
5.114845,13.343391,2023-01-01T03:26:38
5.114845,13.343391,2023-01-01T03:26:39
5.114845,13.343391,2023-01-01T03:26:40
5.114845,13.343391,2023-01-01T03:26:41
5.114845,13.343391,2023-01-01T03:26:42
5.114845,13.343391,2023-01-01T03:26:43
5.114845,13.343391,2023-01-01T03:26:44
5.114845,13.343391,2023-01-01T03:26:45
5.114845,13.343391,2023-01-01T03:26:46
5.114845,13.343391,2023-01-01T03:26:47
5.114845,13.343391,2023-01-01T03:26:48
5.114845,13.343391,2023-01-01T03:26:49
5.114845,13.343391,2023-01-01T03:26:50
5.114845,13.343391,2023-01-01T03:26:51
5.114845,13.343391,2023-01-01T03:26:52
5.114845,13.343391,2023-01-01T03:26:53
5.114845,13.343391,2023-01-01T03:26:54
5.114845,13.343391,2023-01-01T03:26:55
5.114845,13.343391,2023-01-01T03:26:56
5.114845,13.343391,2023-01-01T03:26:57
5.003653,13.232196,2023-01-01T03:26:58
5.003653,13.343391,2023-01-01T03:26:59
5.003653,13.343391,2023-01-01T03:27:00
5.003653,13.343391,2023-01-01T03:27:01
5.003653,13.343391,2023-01-01T03:27:02
5.003653,13.343391,2023-01-01T03:27:03
5.003653,13.343391,2023-01-01T03:27:04
5.003653,13.343391,2023-01-01T03:27:05
5.003653,13.343391,2023-01-01T03:27:06
5.003653,13.343391,2023-01-01T03:27:07
5.003653,13.343391,2023-01-01T03:27:08
5.003653,13.343391,2023-01-01T03:27:09
5.003653,13.343391,2023-01-01T03:27:10
5.003653,13.343391,2023-01-01T03:27:11
5.003653,13.343391,2023-01-01T03:27:12
5.003653,13.343391,2023-01-01T03:27:13
5.003653,13.343391,2023-01-01T03:27:14
5.003653,13.343391,2023-01-01T03:27:15
5.003653,13.343391,2023-01-01T03:27:16
5.003653,13.343391,2023-01-01T03:27:17
5.003653,13.343391,2023-01-01T03:27:18
5.003653,13.343391,2023-01-01T03:27:19
5.003653,13.343391,2023-01-01T03:27:20
5.003653,13.343391,2023-01-01T03:27:21
5.003653,13.343391,2023-01-01T03:27:22
5.003653,13.343391,2023-01-01T03:27:23
5.003653,13.343391,2023-01-01T03:27:24
5.003653,13.343391,2023-01-01T03:27:25
5.003653,13.343391,2023-01-01T03:27:26
5.003653,13.343391,2023-01-01T03:27:27
5.003653,13.343391,2023-01-01T03:27:28
5.003653,13.343391,2023-01-01T03:27:29
5.003653,13.343391,2023-01-01T03:27:30
5.003653,13.343391,2023-01-01T03:27:31
5.003653,13.343391,2023-01-01T03:27:32
5.003653,13.343391,2023-01-01T03:27:33
5.003653,13.343391,2023-01-01T03:27:34
5.003653,13.343391,2023-01-01T03:27:35
5.003653,13.343391,2023-01-01T03:27:36
5.003653,13.343391,2023-01-01T03:27:37
5.003653,13.343391,2023-01-01T03:27:38
5.003653,13.343391,2023-01-01T03:27:39
5.003653,13.343391,2023-01-01T03:27:40
5.003653,13.343391,2023-01-01T03:27:41
5.003653,13.343391,2023-01-01T03:27:42
4.892461,13.343391,2023-01-01T03:27:43
4.892461,13.343391,2023-01-01T03:27:44
4.892461,13.343391,2023-01-01T03:27:45
4.892461,13.343391,2023-01-01T03:27:46
4.892461,13.343391,2023-01-01T03:27:47
4.892461,13.343391,2023-01-01T03:27:48
4.892461,13.343391,2023-01-01T03:27:49
4.892461,13.343391,2023-01-01T03:27:50
4.892461,13.343391,2023-01-01T03:27:51
4.892461,13.343391,2023-01-01T03:27:52
4.892461,13.343391,2023-01-01T03:27:53
4.892461,13.343391,2023-01-01T03:27:54
4.892461,13.343391,2023-01-01T03:27:55
4.892461,13.343391,2023-01-01T03:27:56
4.892461,13.343391,2023-01-01T03:27:57
4.892461,13.343391,2023-01-01T03:27:58
4.892461,13.343391,2023-01-01T03:27:59
4.892461,13.343391,2023-01-01T03:28:00
4.892461,13.343391,2023-01-01T03:28:01
5.003653,13.343391,2023-01-01T03:28:02
5.003653,13.343391,2023-01-01T03:28:03
5.003653,13.343391,2023-01-01T03:28:04
5.003653,13.343391,2023-01-01T03:28:05
5.003653,13.343391,2023-01-01T03:28:06
5.003653,13.343391,2023-01-01T03:28:07
5.003653,13.343391,2023-01-01T03:28:08
5.003653,13.343391,2023-01-01T03:28:09
5.003653,13.343391,2023-01-01T03:28:10
5.003653,13.343391,2023-01-01T03:28:11
5.003653,13.343391,2023-01-01T03:28:12
5.003653,13.343391,2023-01-01T03:28:13
5.003653,13.343391,2023-01-01T03:28:14
5.003653,13.343391,2023-01-01T03:28:15
5.003653,13.343391,2023-01-01T03:28:16
5.003653,13.343391,2023-01-01T03:28:17
5.003653,13.343391,2023-01-01T03:28:18
5.003653,13.343391,2023-01-01T03:28:19
5.003653,13.343391,2023-01-01T03:28:20
5.003653,13.343391,2023-01-01T03:28:21
5.003653,13.343391,2023-01-01T03:28:22
5.003653,13.343391,2023-01-01T03:28:23
5.003653,13.343391,2023-01-01T03:28:24
5.003653,13.343391,2023-01-01T03:28:25
5.003653,13.343391,2023-01-01T03:28:26
5.003653,13.343391,2023-01-01T03:28:27
5.003653,13.343391,2023-01-01T03:28:28
5.003653,13.343391,2023-01-01T03:28:29
5.003653,13.343391,2023-01-01T03:28:30
5.003653,13.343391,2023-01-01T03:28:31
5.003653,13.343391,2023-01-01T03:28:32
5.003653,13.343391,2023-01-01T03:28:33
5.003653,13.343391,2023-01-01T03:28:34
5.003653,13.343391,2023-01-01T03:28:35
5.003653,13.343391,2023-01-01T03:28:36
5.003653,13.343391,2023-01-01T03:28:37
5.003653,13.343391,2023-01-01T03:28:38
5.003653,13.343391,2023-01-01T03:28:39
5.003653,13.343391,2023-01-01T03:28:40
5.003653,13.343391,2023-01-01T03:28:41
5.003653,13.343391,2023-01-01T03:28:42
5.003653,13.343391,2023-01-01T03:28:43
5.003653,13.343391,2023-01-01T03:28:44
5.003653,13.343391,2023-01-01T03:28:45
5.003653,13.343391,2023-01-01T03:28:46
5.003653,13.343391,2023-01-01T03:28:47
5.003653,13.343391,2023-01-01T03:28:48
5.003653,13.343391,2023-01-01T03:28:49
5.003653,13.343391,2023-01-01T03:28:50
5.003653,13.343391,2023-01-01T03:28:51
5.003653,13.343391,2023-01-01T03:28:52
4.892461,13.343391,2023-01-01T03:28:53
4.892461,13.343391,2023-01-01T03:28:54
4.892461,13.343391,2023-01-01T03:28:55
4.892461,13.343391,2023-01-01T03:28:56
4.892461,13.343391,2023-01-01T03:28:57
4.892461,13.343391,2023-01-01T03:28:58
4.892461,13.343391,2023-01-01T03:28:59
4.892461,13.343391,2023-01-01T03:29:00
4.892461,13.343391,2023-01-01T03:29:01
4.892461,13.343391,2023-01-01T03:29:02
4.892461,13.343391,2023-01-01T03:29:03
4.892461,13.343391,2023-01-01T03:29:04
4.892461,13.343391,2023-01-01T03:29:05
4.892461,13.343391,2023-01-01T03:29:06
4.892461,13.343391,2023-01-01T03:29:07
4.892461,13.343391,2023-01-01T03:29:08
4.892461,13.343391,2023-01-01T03:29:09
4.892461,13.343391,2023-01-01T03:29:10
4.892461,13.343391,2023-01-01T03:29:11
4.892461,13.343391,2023-01-01T03:29:12
4.892461,13.343391,2023-01-01T03:29:13
4.892461,13.343391,2023-01-01T03:29:14
4.892461,13.343391,2023-01-01T03:29:15
4.781268,13.343391,2023-01-01T03:29:16
4.781268,13.343391,2023-01-01T03:29:17
4.781268,13.343391,2023-01-01T03:29:18
4.781268,13.343391,2023-01-01T03:29:19
4.781268,13.343391,2023-01-01T03:29:20
4.781268,13.343391,2023-01-01T03:29:21
4.781268,13.343391,2023-01-01T03:29:22
4.781268,13.343391,2023-01-01T03:29:23
4.781268,13.343391,2023-01-01T03:29:24
4.781268,13.343391,2023-01-01T03:29:25
4.781268,13.343391,2023-01-01T03:29:26
4.781268,13.343391,2023-01-01T03:29:27
4.781268,13.343391,2023-01-01T03:29:28
4.781268,13.343391,2023-01-01T03:29:29
4.781268,13.232196,2023-01-01T03:29:30
4.781268,13.232196,2023-01-01T03:29:31
4.781268,13.232196,2023-01-01T03:29:32
4.781268,13.232196,2023-01-01T03:29:33
4.781268,13.232196,2023-01-01T03:29:34
4.781268,13.232196,2023-01-01T03:29:35
4.781268,13.232196,2023-01-01T03:29:36
4.781268,13.232196,2023-01-01T03:29:37
4.781268,13.232196,2023-01-01T03:29:38
4.781268,13.232196,2023-01-01T03:29:39
4.781268,13.232196,2023-01-01T03:29:40
4.781268,13.232196,2023-01-01T03:29:41
4.781268,13.232196,2023-01-01T03:29:42
4.781268,13.232196,2023-01-01T03:29:43
4.781268,13.232196,2023-01-01T03:29:44
4.781268,13.232196,2023-01-01T03:29:45
4.781268,13.232196,2023-01-01T03:29:46
4.781268,13.232196,2023-01-01T03:29:47
4.781268,13.232196,2023-01-01T03:29:48
4.781268,13.232196,2023-01-01T03:29:49
4.781268,13.232196,2023-01-01T03:29:50
4.781268,13.232196,2023-01-01T03:29:51
4.781268,13.232196,2023-01-01T03:29:52
4.781268,13.232196,2023-01-01T03:29:53
4.781268,13.232196,2023-01-01T03:29:54
4.781268,13.232196,2023-01-01T03:29:55
4.781268,13.232196,2023-01-01T03:29:56
4.781268,13.232196,2023-01-01T03:29:57
4.781268,13.232196,2023-01-01T03:29:58
4.781268,13.343391,2023-01-01T03:29:59
4.781268,13.343391,2023-01-01T03:30:00
4.781268,13.343391,2023-01-01T03:30:01
4.781268,13.343391,2023-01-01T03:30:02
4.781268,13.343391,2023-01-01T03:30:03
4.781268,13.343391,2023-01-01T03:30:04
4.781268,13.343391,2023-01-01T03:30:05
4.781268,13.343391,2023-01-01T03:30:06
4.781268,13.343391,2023-01-01T03:30:07
4.781268,13.343391,2023-01-01T03:30:08
4.781268,13.343391,2023-01-01T03:30:09
4.781268,13.343391,2023-01-01T03:30:10
4.892461,13.343391,2023-01-01T03:30:11
4.892461,13.343391,2023-01-01T03:30:12
4.892461,13.343391,2023-01-01T03:30:13
4.892461,13.343391,2023-01-01T03:30:14
4.892461,13.343391,2023-01-01T03:30:15
4.892461,13.343391,2023-01-01T03:30:16
4.892461,13.343391,2023-01-01T03:30:17
4.892461,13.343391,2023-01-01T03:30:18
4.892461,13.343391,2023-01-01T03:30:19
4.892461,13.343391,2023-01-01T03:30:20
4.892461,13.343391,2023-01-01T03:30:21
4.892461,13.343391,2023-01-01T03:30:22
4.892461,13.343391,2023-01-01T03:30:23
4.892461,13.343391,2023-01-01T03:30:24
4.892461,13.343391,2023-01-01T03:30:25
4.892461,13.343391,2023-01-01T03:30:26
4.892461,13.343391,2023-01-01T03:30:27
4.892461,13.343391,2023-01-01T03:30:28
4.892461,13.343391,2023-01-01T03:30:29
4.892461,13.343391,2023-01-01T03:30:30
4.892461,13.343391,2023-01-01T03:30:31
4.892461,13.343391,2023-01-01T03:30:32
4.892461,13.343391,2023-01-01T03:30:33
4.892461,13.343391,2023-01-01T03:30:34
5.003653,13.343391,2023-01-01T03:30:35
5.003653,13.343391,2023-01-01T03:30:36
5.003653,13.343391,2023-01-01T03:30:37
5.003653,13.343391,2023-01-01T03:30:38
5.003653,13.343391,2023-01-01T03:30:39
5.003653,13.343391,2023-01-01T03:30:40
5.003653,13.343391,2023-01-01T03:30:41
5.003653,13.343391,2023-01-01T03:30:42
5.003653,13.343391,2023-01-01T03:30:43
5.003653,13.343391,2023-01-01T03:30:44
5.003653,13.343391,2023-01-01T03:30:45
5.003653,13.343391,2023-01-01T03:30:46
5.003653,13.343391,2023-01-01T03:30:47
5.003653,13.343391,2023-01-01T03:30:48
5.003653,13.343391,2023-01-01T03:30:49
5.003653,13.343391,2023-01-01T03:30:50
5.003653,13.343391,2023-01-01T03:30:51
5.003653,13.343391,2023-01-01T03:30:52
5.003653,13.343391,2023-01-01T03:30:53
5.003653,13.343391,2023-01-01T03:30:54
5.114845,13.343391,2023-01-01T03:30:55
5.114845,13.343391,2023-01-01T03:30:56
5.114845,13.343391,2023-01-01T03:30:57
5.114845,13.343391,2023-01-01T03:30:58
5.114845,13.343391,2023-01-01T03:30:59
5.114845,13.343391,2023-01-01T03:31:00
5.114845,13.343391,2023-01-01T03:31:01
5.114845,13.343391,2023-01-01T03:31:02
5.114845,13.343391,2023-01-01T03:31:03
5.114845,13.343391,2023-01-01T03:31:04
5.114845,13.343391,2023-01-01T03:31:05
5.114845,13.343391,2023-01-01T03:31:06
5.114845,13.343391,2023-01-01T03:31:07
5.114845,13.343391,2023-01-01T03:31:08
5.114845,13.343391,2023-01-01T03:31:09
5.114845,13.343391,2023-01-01T03:31:10
5.114845,13.343391,2023-01-01T03:31:11
5.114845,13.343391,2023-01-01T03:31:12
5.114845,13.343391,2023-01-01T03:31:13
5.226037,13.343391,2023-01-01T03:31:14
5.226037,13.343391,2023-01-01T03:31:15
5.226037,13.343391,2023-01-01T03:31:16
5.226037,13.343391,2023-01-01T03:31:17
5.226037,13.343391,2023-01-01T03:31:18
5.226037,13.343391,2023-01-01T03:31:19
5.226037,13.343391,2023-01-01T03:31:20
5.226037,13.343391,2023-01-01T03:31:21
5.226037,13.343391,2023-01-01T03:31:22
5.226037,13.343391,2023-01-01T03:31:23
5.226037,13.343391,2023-01-01T03:31:24
5.226037,13.343391,2023-01-01T03:31:25
5.226037,13.343391,2023-01-01T03:31:26
5.226037,13.343391,2023-01-01T03:31:27
5.226037,13.343391,2023-01-01T03:31:28
5.226037,13.343391,2023-01-01T03:31:29
5.226037,13.232196,2023-01-01T03:31:30
5.226037,13.232196,2023-01-01T03:31:31
5.226037,13.232196,2023-01-01T03:31:32
5.226037,13.232196,2023-01-01T03:31:33
5.226037,13.232196,2023-01-01T03:31:34
5.226037,13.232196,2023-01-01T03:31:35
5.226037,13.232196,2023-01-01T03:31:36
5.226037,13.232196,2023-01-01T03:31:37
5.226037,13.232196,2023-01-01T03:31:38
5.226037,13.232196,2023-01-01T03:31:39
5.226037,13.232196,2023-01-01T03:31:40
5.226037,13.232196,2023-01-01T03:31:41
5.226037,13.232196,2023-01-01T03:31:42
5.226037,13.232196,2023-01-01T03:31:43
5.226037,13.232196,2023-01-01T03:31:44
5.226037,13.232196,2023-01-01T03:31:45
5.226037,13.232196,2023-01-01T03:31:46
5.226037,13.232196,2023-01-01T03:31:47
5.226037,13.232196,2023-01-01T03:31:48
5.226037,13.232196,2023-01-01T03:31:49
5.226037,13.232196,2023-01-01T03:31:50
5.226037,13.232196,2023-01-01T03:31:51
5.226037,13.232196,2023-01-01T03:31:52
5.226037,13.232196,2023-01-01T03:31:53
5.226037,13.232196,2023-01-01T03:31:54
5.226037,13.232196,2023-01-01T03:31:55
5.226037,13.232196,2023-01-01T03:31:56
5.226037,13.232196,2023-01-01T03:31:57
5.226037,13.232196,2023-01-01T03:31:58
5.226037,13.232196,2023-01-01T03:31:59
5.226037,13.232196,2023-01-01T03:32:00
5.226037,13.232196,2023-01-01T03:32:01
5.226037,13.232196,2023-01-01T03:32:02
5.226037,13.232196,2023-01-01T03:32:03
5.226037,13.232196,2023-01-01T03:32:04
5.226037,13.232196,2023-01-01T03:32:05
5.226037,13.232196,2023-01-01T03:32:06
5.226037,13.232196,2023-01-01T03:32:07
5.226037,13.232196,2023-01-01T03:32:08
5.337230,13.232196,2023-01-01T03:32:09
5.337230,13.232196,2023-01-01T03:32:10
5.337230,13.232196,2023-01-01T03:32:11
5.337230,13.232196,2023-01-01T03:32:12
5.337230,13.232196,2023-01-01T03:32:13
5.337230,13.232196,2023-01-01T03:32:14
5.337230,13.232196,2023-01-01T03:32:15
5.337230,13.232196,2023-01-01T03:32:16
5.337230,13.232196,2023-01-01T03:32:17
5.337230,13.232196,2023-01-01T03:32:18
5.448422,13.232196,2023-01-01T03:32:19
5.448422,13.232196,2023-01-01T03:32:20
5.448422,13.232196,2023-01-01T03:32:21
5.448422,13.232196,2023-01-01T03:32:22
5.448422,13.232196,2023-01-01T03:32:23
5.448422,13.232196,2023-01-01T03:32:24
5.448422,13.232196,2023-01-01T03:32:25
5.448422,13.232196,2023-01-01T03:32:26
5.448422,13.232196,2023-01-01T03:32:27
5.448422,13.232196,2023-01-01T03:32:28
5.448422,13.232196,2023-01-01T03:32:29
5.448422,13.232196,2023-01-01T03:32:30
5.448422,13.232196,2023-01-01T03:32:31
5.448422,13.232196,2023-01-01T03:32:32
5.448422,13.232196,2023-01-01T03:32:33
5.448422,13.232196,2023-01-01T03:32:34
5.448422,13.232196,2023-01-01T03:32:35
5.448422,13.232196,2023-01-01T03:32:36
5.448422,13.232196,2023-01-01T03:32:37
5.448422,13.232196,2023-01-01T03:32:38
5.448422,13.232196,2023-01-01T03:32:39
5.448422,13.232196,2023-01-01T03:32:40
5.448422,13.232196,2023-01-01T03:32:41
5.448422,13.232196,2023-01-01T03:32:42
5.448422,13.232196,2023-01-01T03:32:43
5.448422,13.232196,2023-01-01T03:32:44
5.448422,13.121001,2023-01-01T03:32:45
5.448422,13.121001,2023-01-01T03:32:46
5.448422,13.121001,2023-01-01T03:32:47
5.448422,13.121001,2023-01-01T03:32:48
5.448422,13.121001,2023-01-01T03:32:49
5.448422,13.121001,2023-01-01T03:32:50
5.448422,13.121001,2023-01-01T03:32:51
5.448422,13.121001,2023-01-01T03:32:52
5.448422,13.121001,2023-01-01T03:32:53
5.448422,13.121001,2023-01-01T03:32:54
5.448422,13.121001,2023-01-01T03:32:55
5.448422,13.121001,2023-01-01T03:32:56
5.448422,13.121001,2023-01-01T03:32:57
5.448422,13.121001,2023-01-01T03:32:58
5.448422,13.121001,2023-01-01T03:32:59
5.448422,13.121001,2023-01-01T03:33:00
5.448422,13.121001,2023-01-01T03:33:01
5.448422,13.121001,2023-01-01T03:33:02
5.448422,13.121001,2023-01-01T03:33:03
5.448422,13.121001,2023-01-01T03:33:04
5.448422,13.121001,2023-01-01T03:33:05
5.448422,13.121001,2023-01-01T03:33:06
5.337230,13.121001,2023-01-01T03:33:07
5.337230,13.121001,2023-01-01T03:33:08
5.337230,13.121001,2023-01-01T03:33:09
5.337230,13.121001,2023-01-01T03:33:10
5.337230,13.121001,2023-01-01T03:33:11
5.337230,13.121001,2023-01-01T03:33:12
5.337230,13.121001,2023-01-01T03:33:13
5.337230,13.121001,2023-01-01T03:33:14
5.337230,13.121001,2023-01-01T03:33:15
5.337230,13.121001,2023-01-01T03:33:16
5.337230,13.121001,2023-01-01T03:33:17
5.337230,13.121001,2023-01-01T03:33:18
5.337230,13.121001,2023-01-01T03:33:19
5.337230,13.121001,2023-01-01T03:33:20
5.337230,13.121001,2023-01-01T03:33:21
5.337230,13.121001,2023-01-01T03:33:22
5.337230,13.121001,2023-01-01T03:33:23
5.337230,13.121001,2023-01-01T03:33:24
5.337230,13.121001,2023-01-01T03:33:25
5.337230,13.121001,2023-01-01T03:33:26
5.337230,13.121001,2023-01-01T03:33:27
5.337230,13.121001,2023-01-01T03:33:28
5.337230,13.121001,2023-01-01T03:33:29
5.337230,13.121001,2023-01-01T03:33:30
5.337230,13.121001,2023-01-01T03:33:31
5.337230,13.121001,2023-01-01T03:33:32
5.337230,13.009806,2023-01-01T03:33:33
5.226037,13.009806,2023-01-01T03:33:34
5.226037,13.009806,2023-01-01T03:33:35
5.226037,13.009806,2023-01-01T03:33:36
5.226037,13.009806,2023-01-01T03:33:37
5.226037,13.009806,2023-01-01T03:33:38
5.226037,13.009806,2023-01-01T03:33:39
5.226037,13.009806,2023-01-01T03:33:40
5.226037,13.009806,2023-01-01T03:33:41
5.226037,13.009806,2023-01-01T03:33:42
5.226037,13.009806,2023-01-01T03:33:43
5.226037,13.009806,2023-01-01T03:33:44
5.226037,13.009806,2023-01-01T03:33:45
5.226037,13.009806,2023-01-01T03:33:46
5.226037,13.009806,2023-01-01T03:33:47
5.226037,13.009806,2023-01-01T03:33:48
5.226037,13.009806,2023-01-01T03:33:49
5.226037,13.009806,2023-01-01T03:33:50
5.226037,13.009806,2023-01-01T03:33:51
5.226037,13.009806,2023-01-01T03:33:52
5.226037,13.009806,2023-01-01T03:33:53
5.226037,12.898611,2023-01-01T03:33:54
5.226037,12.898611,2023-01-01T03:33:55
5.226037,12.898611,2023-01-01T03:33:56
5.226037,12.898611,2023-01-01T03:33:57
5.226037,12.898611,2023-01-01T03:33:58
5.226037,12.898611,2023-01-01T03:33:59
5.226037,12.898611,2023-01-01T03:34:00
5.114845,12.898611,2023-01-01T03:34:01
5.114845,12.898611,2023-01-01T03:34:02
5.114845,12.898611,2023-01-01T03:34:03
5.114845,12.898611,2023-01-01T03:34:04
5.114845,12.898611,2023-01-01T03:34:05
5.114845,12.898611,2023-01-01T03:34:06
5.114845,12.898611,2023-01-01T03:34:07
5.114845,12.898611,2023-01-01T03:34:08
5.114845,12.898611,2023-01-01T03:34:09
5.114845,12.898611,2023-01-01T03:34:10
5.114845,12.898611,2023-01-01T03:34:11
5.114845,12.898611,2023-01-01T03:34:12
5.114845,12.898611,2023-01-01T03:34:13
5.114845,12.898611,2023-01-01T03:34:14
5.114845,12.898611,2023-01-01T03:34:15
5.114845,12.898611,2023-01-01T03:34:16
5.114845,12.898611,2023-01-01T03:34:17
5.114845,12.898611,2023-01-01T03:34:18
5.114845,12.898611,2023-01-01T03:34:19
5.114845,12.787417,2023-01-01T03:34:20
5.114845,12.787417,2023-01-01T03:34:21
5.114845,12.787417,2023-01-01T03:34:22
5.226037,12.787417,2023-01-01T03:34:23
5.226037,12.787417,2023-01-01T03:34:24
5.226037,12.787417,2023-01-01T03:34:25
5.226037,12.787417,2023-01-01T03:34:26
5.226037,12.787417,2023-01-01T03:34:27
5.226037,12.787417,2023-01-01T03:34:28
5.226037,12.787417,2023-01-01T03:34:29
5.226037,12.787417,2023-01-01T03:34:30
5.226037,12.787417,2023-01-01T03:34:31
5.226037,12.787417,2023-01-01T03:34:32
5.226037,12.787417,2023-01-01T03:34:33
5.226037,12.787417,2023-01-01T03:34:34
5.226037,12.787417,2023-01-01T03:34:35
5.226037,12.787417,2023-01-01T03:34:36
5.226037,12.787417,2023-01-01T03:34:37
5.226037,12.787417,2023-01-01T03:34:38
5.226037,12.787417,2023-01-01T03:34:39
5.226037,12.787417,2023-01-01T03:34:40
5.226037,12.787417,2023-01-01T03:34:41
5.226037,12.787417,2023-01-01T03:34:42
5.226037,12.787417,2023-01-01T03:34:43
5.226037,12.787417,2023-01-01T03:34:44
5.226037,12.787417,2023-01-01T03:34:45
5.226037,12.787417,2023-01-01T03:34:46
5.226037,12.787417,2023-01-01T03:34:47
5.226037,12.787417,2023-01-01T03:34:48
5.226037,12.787417,2023-01-01T03:34:49
5.226037,12.787417,2023-01-01T03:34:50
5.226037,12.787417,2023-01-01T03:34:51
5.226037,12.787417,2023-01-01T03:34:52
5.226037,12.787417,2023-01-01T03:34:53
5.226037,12.787417,2023-01-01T03:34:54
5.226037,12.676222,2023-01-01T03:34:55
5.226037,12.676222,2023-01-01T03:34:56
5.226037,12.676222,2023-01-01T03:34:57
5.226037,12.676222,2023-01-01T03:34:58
5.226037,12.676222,2023-01-01T03:34:59
5.226037,12.676222,2023-01-01T03:35:00
5.226037,12.676222,2023-01-01T03:35:01
5.226037,12.676222,2023-01-01T03:35:02
5.226037,12.676222,2023-01-01T03:35:03
5.226037,12.676222,2023-01-01T03:35:04
5.226037,12.676222,2023-01-01T03:35:05
5.226037,12.676222,2023-01-01T03:35:06
5.226037,12.676222,2023-01-01T03:35:07
5.226037,12.676222,2023-01-01T03:35:08
5.226037,12.676222,2023-01-01T03:35:09
5.226037,12.676222,2023-01-01T03:35:10
5.114845,12.676222,2023-01-01T03:35:11
5.114845,12.676222,2023-01-01T03:35:12
5.114845,12.676222,2023-01-01T03:35:13
5.114845,12.676222,2023-01-01T03:35:14
5.114845,12.676222,2023-01-01T03:35:15
5.114845,12.676222,2023-01-01T03:35:16
5.114845,12.676222,2023-01-01T03:35:17
5.114845,12.565027,2023-01-01T03:35:18
5.114845,12.565027,2023-01-01T03:35:19
5.114845,12.565027,2023-01-01T03:35:20
5.114845,12.565027,2023-01-01T03:35:21
5.114845,12.565027,2023-01-01T03:35:22
5.114845,12.565027,2023-01-01T03:35:23
5.114845,12.565027,2023-01-01T03:35:24
5.114845,12.565027,2023-01-01T03:35:25
5.114845,12.565027,2023-01-01T03:35:26
5.114845,12.565027,2023-01-01T03:35:27
5.114845,12.565027,2023-01-01T03:35:28
5.114845,12.565027,2023-01-01T03:35:29
5.114845,12.565027,2023-01-01T03:35:30
5.114845,12.565027,2023-01-01T03:35:31
5.114845,12.565027,2023-01-01T03:35:32
5.114845,12.565027,2023-01-01T03:35:33
5.114845,12.565027,2023-01-01T03:35:34
5.114845,12.565027,2023-01-01T03:35:35
5.114845,12.565027,2023-01-01T03:35:36
5.226037,12.565027,2023-01-01T03:35:37
5.226037,12.565027,2023-01-01T03:35:38
5.226037,12.565027,2023-01-01T03:35:39
5.226037,12.565027,2023-01-01T03:35:40
5.226037,12.453832,2023-01-01T03:35:41
5.226037,12.453832,2023-01-01T03:35:42
5.337230,12.453832,2023-01-01T03:35:43
5.337230,12.453832,2023-01-01T03:35:44
5.337230,12.453832,2023-01-01T03:35:45
5.337230,12.453832,2023-01-01T03:35:46
5.337230,12.453832,2023-01-01T03:35:47
5.337230,12.453832,2023-01-01T03:35:48
5.448422,12.453832,2023-01-01T03:35:49
5.448422,12.453832,2023-01-01T03:35:50
5.448422,12.453832,2023-01-01T03:35:51
5.448422,12.453832,2023-01-01T03:35:52
5.448422,12.453832,2023-01-01T03:35:53
5.448422,12.453832,2023-01-01T03:35:54
5.448422,12.453832,2023-01-01T03:35:55
5.448422,12.453832,2023-01-01T03:35:56
5.448422,12.453832,2023-01-01T03:35:57
5.448422,12.453832,2023-01-01T03:35:58
5.448422,12.342637,2023-01-01T03:35:59
5.448422,12.342637,2023-01-01T03:36:00
5.448422,12.342637,2023-01-01T03:36:01
5.448422,12.342637,2023-01-01T03:36:02
5.448422,12.342637,2023-01-01T03:36:03
5.337230,12.342637,2023-01-01T03:36:04
5.337230,12.342637,2023-01-01T03:36:05
5.337230,12.342637,2023-01-01T03:36:06
5.337230,12.342637,2023-01-01T03:36:07
5.337230,12.342637,2023-01-01T03:36:08
5.337230,12.342637,2023-01-01T03:36:09
5.226037,12.342637,2023-01-01T03:36:10
5.226037,12.342637,2023-01-01T03:36:11
5.226037,12.342637,2023-01-01T03:36:12
5.226037,12.342637,2023-01-01T03:36:13
5.226037,12.231442,2023-01-01T03:36:14
5.226037,12.231442,2023-01-01T03:36:15
5.114845,12.231442,2023-01-01T03:36:16
5.114845,12.231442,2023-01-01T03:36:17
5.114845,12.231442,2023-01-01T03:36:18
5.114845,12.231442,2023-01-01T03:36:19
5.114845,12.231442,2023-01-01T03:36:20
5.114845,12.231442,2023-01-01T03:36:21
5.003653,12.231442,2023-01-01T03:36:22
5.003653,12.231442,2023-01-01T03:36:23
5.003653,12.231442,2023-01-01T03:36:24
5.003653,12.120247,2023-01-01T03:36:25
5.003653,12.120247,2023-01-01T03:36:26
4.892461,12.120247,2023-01-01T03:36:27
4.892461,12.120247,2023-01-01T03:36:28
4.892461,12.120247,2023-01-01T03:36:29
4.892461,12.120247,2023-01-01T03:36:30
4.892461,12.120247,2023-01-01T03:36:31
4.781268,12.120247,2023-01-01T03:36:32
4.781268,12.120247,2023-01-01T03:36:33
4.781268,12.120247,2023-01-01T03:36:34
4.781268,12.120247,2023-01-01T03:36:35
4.781268,12.120247,2023-01-01T03:36:36
4.781268,12.120247,2023-01-01T03:36:37
4.670076,12.120247,2023-01-01T03:36:38
4.670076,12.120247,2023-01-01T03:36:39
4.670076,12.120247,2023-01-01T03:36:40
4.670076,12.120247,2023-01-01T03:36:41
4.670076,12.120247,2023-01-01T03:36:42
4.670076,12.120247,2023-01-01T03:36:43
4.558884,12.009052,2023-01-01T03:36:44
4.558884,12.009052,2023-01-01T03:36:45
4.558884,12.009052,2023-01-01T03:36:46
4.558884,12.009052,2023-01-01T03:36:47
4.558884,12.009052,2023-01-01T03:36:48
4.447691,12.009052,2023-01-01T03:36:49
4.447691,12.009052,2023-01-01T03:36:50
4.447691,12.009052,2023-01-01T03:36:51
4.447691,12.009052,2023-01-01T03:36:52
4.447691,12.009052,2023-01-01T03:36:53
4.336499,12.009052,2023-01-01T03:36:54
4.336499,12.009052,2023-01-01T03:36:55
4.336499,12.009052,2023-01-01T03:36:56
4.336499,12.009052,2023-01-01T03:36:57
4.336499,12.009052,2023-01-01T03:36:58
4.336499,12.009052,2023-01-01T03:36:59
4.336499,12.009052,2023-01-01T03:37:00
4.336499,12.009052,2023-01-01T03:37:01
4.336499,12.009052,2023-01-01T03:37:02
4.336499,12.009052,2023-01-01T03:37:03
4.336499,12.009052,2023-01-01T03:37:04
4.336499,12.009052,2023-01-01T03:37:05
4.336499,12.009052,2023-01-01T03:37:06
4.336499,12.009052,2023-01-01T03:37:07
4.336499,12.009052,2023-01-01T03:37:08
4.336499,12.009052,2023-01-01T03:37:09
4.225307,12.009052,2023-01-01T03:37:10
4.225307,12.009052,2023-01-01T03:37:11
4.225307,12.009052,2023-01-01T03:37:12
4.225307,12.009052,2023-01-01T03:37:13
4.225307,12.009052,2023-01-01T03:37:14
4.225307,12.009052,2023-01-01T03:37:15
4.225307,12.009052,2023-01-01T03:37:16
4.225307,12.009052,2023-01-01T03:37:17
4.225307,12.009052,2023-01-01T03:37:18
4.225307,12.009052,2023-01-01T03:37:19
4.225307,12.009052,2023-01-01T03:37:20
4.225307,12.009052,2023-01-01T03:37:21
4.225307,12.009052,2023-01-01T03:37:22
4.225307,12.009052,2023-01-01T03:37:23
4.225307,12.009052,2023-01-01T03:37:24
4.114115,12.009052,2023-01-01T03:37:25
4.114115,12.009052,2023-01-01T03:37:26
4.114115,11.897857,2023-01-01T03:37:27
4.114115,12.009052,2023-01-01T03:37:28
4.114115,12.009052,2023-01-01T03:37:29
4.114115,12.009052,2023-01-01T03:37:30
4.114115,12.009052,2023-01-01T03:37:31
4.114115,12.009052,2023-01-01T03:37:32
4.114115,12.009052,2023-01-01T03:37:33
4.225307,12.009052,2023-01-01T03:37:34
4.225307,12.009052,2023-01-01T03:37:35
4.225307,12.009052,2023-01-01T03:37:36
4.225307,12.009052,2023-01-01T03:37:37
4.225307,12.009052,2023-01-01T03:37:38
4.225307,12.009052,2023-01-01T03:37:39
4.225307,12.009052,2023-01-01T03:37:40
4.225307,12.009052,2023-01-01T03:37:41
4.225307,12.009052,2023-01-01T03:37:42
4.225307,12.009052,2023-01-01T03:37:43
4.225307,12.009052,2023-01-01T03:37:44
4.225307,12.009052,2023-01-01T03:37:45
4.225307,12.009052,2023-01-01T03:37:46
4.225307,12.009052,2023-01-01T03:37:47
4.225307,12.009052,2023-01-01T03:37:48
4.225307,12.009052,2023-01-01T03:37:49
4.225307,11.897857,2023-01-01T03:37:50
4.225307,11.897857,2023-01-01T03:37:51
4.225307,11.897857,2023-01-01T03:37:52
4.225307,11.897857,2023-01-01T03:37:53
4.225307,11.897857,2023-01-01T03:37:54
4.225307,11.897857,2023-01-01T03:37:55
4.225307,12.009052,2023-01-01T03:37:56
4.225307,12.009052,2023-01-01T03:37:57
4.225307,12.009052,2023-01-01T03:37:58
4.225307,12.009052,2023-01-01T03:37:59
4.225307,12.009052,2023-01-01T03:38:00
4.225307,12.009052,2023-01-01T03:38:01
4.225307,12.009052,2023-01-01T03:38:02
4.225307,12.009052,2023-01-01T03:38:03
4.225307,12.009052,2023-01-01T03:38:04
4.225307,12.009052,2023-01-01T03:38:05
4.225307,12.009052,2023-01-01T03:38:06
4.225307,12.009052,2023-01-01T03:38:07
4.225307,12.009052,2023-01-01T03:38:08
4.225307,12.009052,2023-01-01T03:38:09
4.225307,12.009052,2023-01-01T03:38:10
4.225307,12.009052,2023-01-01T03:38:11
4.225307,12.009052,2023-01-01T03:38:12
4.225307,12.009052,2023-01-01T03:38:13
4.225307,12.009052,2023-01-01T03:38:14
4.225307,12.009052,2023-01-01T03:38:15
4.225307,12.009052,2023-01-01T03:38:16
4.225307,12.009052,2023-01-01T03:38:17
4.225307,11.897857,2023-01-01T03:38:18
4.225307,11.897857,2023-01-01T03:38:19
4.225307,11.897857,2023-01-01T03:38:20
4.225307,11.897857,2023-01-01T03:38:21
4.225307,11.897857,2023-01-01T03:38:22
4.225307,11.897857,2023-01-01T03:38:23
4.225307,11.897857,2023-01-01T03:38:24
4.225307,11.897857,2023-01-01T03:38:25
4.225307,11.897857,2023-01-01T03:38:26
4.336499,11.897857,2023-01-01T03:38:27
4.336499,11.897857,2023-01-01T03:38:28
4.336499,11.897857,2023-01-01T03:38:29
4.336499,12.009052,2023-01-01T03:38:30
4.336499,12.009052,2023-01-01T03:38:31
4.336499,12.009052,2023-01-01T03:38:32
4.336499,12.009052,2023-01-01T03:38:33
4.336499,12.009052,2023-01-01T03:38:34
4.336499,12.009052,2023-01-01T03:38:35
4.336499,12.009052,2023-01-01T03:38:36
4.336499,12.009052,2023-01-01T03:38:37
4.336499,12.009052,2023-01-01T03:38:38
4.336499,12.009052,2023-01-01T03:38:39
4.336499,12.009052,2023-01-01T03:38:40
4.336499,12.009052,2023-01-01T03:38:41
4.336499,12.009052,2023-01-01T03:38:42
4.336499,12.009052,2023-01-01T03:38:43
4.336499,12.009052,2023-01-01T03:38:44
4.336499,12.009052,2023-01-01T03:38:45
4.336499,12.009052,2023-01-01T03:38:46
4.336499,12.009052,2023-01-01T03:38:47
4.336499,12.009052,2023-01-01T03:38:48
4.336499,12.009052,2023-01-01T03:38:49
4.336499,12.009052,2023-01-01T03:38:50
4.336499,12.120247,2023-01-01T03:38:51
4.336499,12.120247,2023-01-01T03:38:52
4.336499,12.120247,2023-01-01T03:38:53
4.336499,12.120247,2023-01-01T03:38:54
4.336499,12.120247,2023-01-01T03:38:55
4.336499,12.120247,2023-01-01T03:38:56
4.336499,12.120247,2023-01-01T03:38:57
4.336499,12.120247,2023-01-01T03:38:58
4.336499,12.120247,2023-01-01T03:38:59
4.336499,12.120247,2023-01-01T03:39:00
4.336499,12.120247,2023-01-01T03:39:01
4.336499,12.120247,2023-01-01T03:39:02
4.336499,12.120247,2023-01-01T03:39:03
4.336499,12.120247,2023-01-01T03:39:04
4.336499,12.120247,2023-01-01T03:39:05
4.336499,12.120247,2023-01-01T03:39:06
4.447691,12.120247,2023-01-01T03:39:07
4.447691,12.120247,2023-01-01T03:39:08
4.447691,12.120247,2023-01-01T03:39:09
4.447691,12.120247,2023-01-01T03:39:10
4.447691,12.120247,2023-01-01T03:39:11
4.447691,12.120247,2023-01-01T03:39:12
4.447691,12.120247,2023-01-01T03:39:13
4.447691,12.120247,2023-01-01T03:39:14
4.447691,12.120247,2023-01-01T03:39:15
4.447691,12.120247,2023-01-01T03:39:16
4.447691,12.120247,2023-01-01T03:39:17
4.447691,12.120247,2023-01-01T03:39:18
4.447691,12.120247,2023-01-01T03:39:19
4.447691,12.120247,2023-01-01T03:39:20
4.447691,12.120247,2023-01-01T03:39:21
4.447691,12.120247,2023-01-01T03:39:22
4.447691,12.120247,2023-01-01T03:39:23
4.447691,12.120247,2023-01-01T03:39:24
4.447691,12.120247,2023-01-01T03:39:25
4.447691,12.120247,2023-01-01T03:39:26
4.447691,12.120247,2023-01-01T03:39:27
4.447691,12.120247,2023-01-01T03:39:28
4.447691,12.120247,2023-01-01T03:39:29
4.447691,12.120247,2023-01-01T03:39:30
4.447691,12.120247,2023-01-01T03:39:31
4.447691,12.120247,2023-01-01T03:39:32
4.447691,12.231442,2023-01-01T03:39:33
4.447691,12.231442,2023-01-01T03:39:34
4.447691,12.231442,2023-01-01T03:39:35
4.447691,12.231442,2023-01-01T03:39:36
4.447691,12.231442,2023-01-01T03:39:37
4.447691,12.231442,2023-01-01T03:39:38
4.447691,12.231442,2023-01-01T03:39:39
4.447691,12.231442,2023-01-01T03:39:40
4.447691,12.231442,2023-01-01T03:39:41
4.447691,12.231442,2023-01-01T03:39:42
4.447691,12.231442,2023-01-01T03:39:43
4.447691,12.231442,2023-01-01T03:39:44
4.447691,12.231442,2023-01-01T03:39:45
4.447691,12.231442,2023-01-01T03:39:46
4.558884,12.231442,2023-01-01T03:39:47
4.558884,12.231442,2023-01-01T03:39:48
4.558884,12.231442,2023-01-01T03:39:49
4.558884,12.231442,2023-01-01T03:39:50
4.558884,12.231442,2023-01-01T03:39:51
4.558884,12.231442,2023-01-01T03:39:52
4.558884,12.231442,2023-01-01T03:39:53
4.558884,12.231442,2023-01-01T03:39:54
4.558884,12.231442,2023-01-01T03:39:55
4.558884,12.231442,2023-01-01T03:39:56
4.558884,12.231442,2023-01-01T03:39:57
4.558884,12.231442,2023-01-01T03:39:58
4.558884,12.231442,2023-01-01T03:39:59
4.558884,12.231442,2023-01-01T03:40:00
4.558884,12.231442,2023-01-01T03:40:01
4.558884,12.231442,2023-01-01T03:40:02
4.558884,12.231442,2023-01-01T03:40:03
4.558884,12.231442,2023-01-01T03:40:04
4.558884,12.231442,2023-01-01T03:40:05
4.558884,12.231442,2023-01-01T03:40:06
4.558884,12.231442,2023-01-01T03:40:07
4.558884,12.231442,2023-01-01T03:40:08
4.558884,12.231442,2023-01-01T03:40:09
4.558884,12.231442,2023-01-01T03:40:10
4.558884,12.231442,2023-01-01T03:40:11
4.558884,12.231442,2023-01-01T03:40:12
4.558884,12.231442,2023-01-01T03:40:13
4.558884,12.231442,2023-01-01T03:40:14
4.558884,12.231442,2023-01-01T03:40:15
4.558884,12.231442,2023-01-01T03:40:16
4.558884,12.231442,2023-01-01T03:40:17
4.558884,12.231442,2023-01-01T03:40:18
4.558884,12.231442,2023-01-01T03:40:19
4.558884,12.231442,2023-01-01T03:40:20
4.558884,12.231442,2023-01-01T03:40:21
4.558884,12.231442,2023-01-01T03:40:22
4.558884,12.231442,2023-01-01T03:40:23
4.558884,12.231442,2023-01-01T03:40:24
4.558884,12.231442,2023-01-01T03:40:25
4.558884,12.231442,2023-01-01T03:40:26
4.558884,12.231442,2023-01-01T03:40:27
4.558884,12.231442,2023-01-01T03:40:28
4.558884,12.231442,2023-01-01T03:40:29
4.558884,12.231442,2023-01-01T03:40:30
4.558884,12.231442,2023-01-01T03:40:31
4.558884,12.231442,2023-01-01T03:40:32
4.670076,12.231442,2023-01-01T03:40:33
4.670076,12.231442,2023-01-01T03:40:34
4.670076,12.231442,2023-01-01T03:40:35
4.670076,12.231442,2023-01-01T03:40:36
4.670076,12.231442,2023-01-01T03:40:37
4.670076,12.231442,2023-01-01T03:40:38
4.670076,12.231442,2023-01-01T03:40:39
4.670076,12.231442,2023-01-01T03:40:40
4.670076,12.231442,2023-01-01T03:40:41
4.670076,12.231442,2023-01-01T03:40:42
4.670076,12.231442,2023-01-01T03:40:43
4.670076,12.231442,2023-01-01T03:40:44
4.670076,12.231442,2023-01-01T03:40:45
4.670076,12.231442,2023-01-01T03:40:46
4.670076,12.231442,2023-01-01T03:40:47
4.670076,12.231442,2023-01-01T03:40:48
4.670076,12.231442,2023-01-01T03:40:49
4.670076,12.231442,2023-01-01T03:40:50
4.670076,12.231442,2023-01-01T03:40:51
4.670076,12.231442,2023-01-01T03:40:52
4.670076,12.231442,2023-01-01T03:40:53
4.670076,12.231442,2023-01-01T03:40:54
4.670076,12.231442,2023-01-01T03:40:55
4.670076,12.231442,2023-01-01T03:40:56
4.670076,12.231442,2023-01-01T03:40:57
4.670076,12.231442,2023-01-01T03:40:58
4.670076,12.231442,2023-01-01T03:40:59
4.670076,12.231442,2023-01-01T03:41:00
4.670076,12.231442,2023-01-01T03:41:01
4.670076,12.231442,2023-01-01T03:41:02
4.670076,12.231442,2023-01-01T03:41:03
4.670076,12.231442,2023-01-01T03:41:04
4.670076,12.231442,2023-01-01T03:41:05
4.670076,12.231442,2023-01-01T03:41:06
4.670076,12.231442,2023-01-01T03:41:07
4.670076,12.231442,2023-01-01T03:41:08
4.670076,12.231442,2023-01-01T03:41:09
4.670076,12.231442,2023-01-01T03:41:10
4.670076,12.231442,2023-01-01T03:41:11
4.670076,12.231442,2023-01-01T03:41:12
4.670076,12.231442,2023-01-01T03:41:13
4.670076,12.231442,2023-01-01T03:41:14
4.670076,12.231442,2023-01-01T03:41:15
4.670076,12.231442,2023-01-01T03:41:16
4.670076,12.231442,2023-01-01T03:41:17
4.670076,12.231442,2023-01-01T03:41:18
4.670076,12.231442,2023-01-01T03:41:19
4.670076,12.231442,2023-01-01T03:41:20
4.670076,12.231442,2023-01-01T03:41:21
4.670076,12.231442,2023-01-01T03:41:22
4.670076,12.231442,2023-01-01T03:41:23
4.670076,12.231442,2023-01-01T03:41:24
4.670076,12.231442,2023-01-01T03:41:25
4.670076,12.231442,2023-01-01T03:41:26
4.670076,12.231442,2023-01-01T03:41:27
4.670076,12.231442,2023-01-01T03:41:28
4.670076,12.231442,2023-01-01T03:41:29
4.670076,12.231442,2023-01-01T03:41:30
4.670076,12.231442,2023-01-01T03:41:31
4.670076,12.231442,2023-01-01T03:41:32
4.670076,12.231442,2023-01-01T03:41:33
4.670076,12.231442,2023-01-01T03:41:34
4.670076,12.231442,2023-01-01T03:41:35
4.670076,12.231442,2023-01-01T03:41:36
4.670076,12.231442,2023-01-01T03:41:37
4.670076,12.231442,2023-01-01T03:41:38
4.670076,12.231442,2023-01-01T03:41:39
4.670076,12.231442,2023-01-01T03:41:40
4.670076,12.231442,2023-01-01T03:41:41
4.781268,12.231442,2023-01-01T03:41:42
4.781268,12.231442,2023-01-01T03:41:43
4.781268,12.231442,2023-01-01T03:41:44
4.781268,12.231442,2023-01-01T03:41:45
4.781268,12.231442,2023-01-01T03:41:46
4.781268,12.231442,2023-01-01T03:41:47
4.781268,12.231442,2023-01-01T03:41:48
4.781268,12.231442,2023-01-01T03:41:49
4.781268,12.231442,2023-01-01T03:41:50
4.781268,12.231442,2023-01-01T03:41:51
4.781268,12.231442,2023-01-01T03:41:52
4.781268,12.231442,2023-01-01T03:41:53
4.781268,12.231442,2023-01-01T03:41:54
4.781268,12.231442,2023-01-01T03:41:55
4.781268,12.231442,2023-01-01T03:41:56
4.781268,12.231442,2023-01-01T03:41:57
4.781268,12.231442,2023-01-01T03:41:58
4.781268,12.231442,2023-01-01T03:41:59
4.781268,12.231442,2023-01-01T03:42:00
4.781268,12.231442,2023-01-01T03:42:01
4.781268,12.231442,2023-01-01T03:42:02
4.781268,12.231442,2023-01-01T03:42:03
4.781268,12.342637,2023-01-01T03:42:04
4.781268,12.342637,2023-01-01T03:42:05
4.781268,12.342637,2023-01-01T03:42:06
4.781268,12.342637,2023-01-01T03:42:07
4.781268,12.342637,2023-01-01T03:42:08
4.781268,12.342637,2023-01-01T03:42:09
4.781268,12.342637,2023-01-01T03:42:10
4.781268,12.342637,2023-01-01T03:42:11
4.781268,12.342637,2023-01-01T03:42:12
4.781268,12.342637,2023-01-01T03:42:13
4.781268,12.342637,2023-01-01T03:42:14
4.781268,12.342637,2023-01-01T03:42:15
4.781268,12.342637,2023-01-01T03:42:16
4.781268,12.342637,2023-01-01T03:42:17
4.781268,12.342637,2023-01-01T03:42:18
4.781268,12.342637,2023-01-01T03:42:19
4.781268,12.342637,2023-01-01T03:42:20
4.781268,12.342637,2023-01-01T03:42:21
4.781268,12.342637,2023-01-01T03:42:22
4.781268,12.342637,2023-01-01T03:42:23
4.781268,12.342637,2023-01-01T03:42:24
4.781268,12.342637,2023-01-01T03:42:25
4.781268,12.342637,2023-01-01T03:42:26
4.781268,12.342637,2023-01-01T03:42:27
4.781268,12.342637,2023-01-01T03:42:28
4.781268,12.342637,2023-01-01T03:42:29
4.781268,12.342637,2023-01-01T03:42:30
4.781268,12.342637,2023-01-01T03:42:31
4.781268,12.342637,2023-01-01T03:42:32
4.781268,12.342637,2023-01-01T03:42:33
4.781268,12.342637,2023-01-01T03:42:34
4.781268,12.342637,2023-01-01T03:42:35
4.781268,12.342637,2023-01-01T03:42:36
4.781268,12.342637,2023-01-01T03:42:37
4.781268,12.342637,2023-01-01T03:42:38
4.781268,12.342637,2023-01-01T03:42:39
4.781268,12.342637,2023-01-01T03:42:40
4.781268,12.342637,2023-01-01T03:42:41
4.781268,12.342637,2023-01-01T03:42:42
4.781268,12.342637,2023-01-01T03:42:43
4.781268,12.342637,2023-01-01T03:42:44
4.781268,12.342637,2023-01-01T03:42:45
4.781268,12.342637,2023-01-01T03:42:46
4.781268,12.342637,2023-01-01T03:42:47
4.781268,12.342637,2023-01-01T03:42:48
4.781268,12.342637,2023-01-01T03:42:49
4.781268,12.342637,2023-01-01T03:42:50
4.781268,12.342637,2023-01-01T03:42:51
4.781268,12.342637,2023-01-01T03:42:52
4.781268,12.342637,2023-01-01T03:42:53
4.781268,12.342637,2023-01-01T03:42:54
4.781268,12.342637,2023-01-01T03:42:55
4.781268,12.342637,2023-01-01T03:42:56
4.781268,12.342637,2023-01-01T03:42:57
4.781268,12.342637,2023-01-01T03:42:58
4.781268,12.342637,2023-01-01T03:42:59
4.781268,12.342637,2023-01-01T03:43:00
4.781268,12.342637,2023-01-01T03:43:01
4.781268,12.342637,2023-01-01T03:43:02
4.781268,12.342637,2023-01-01T03:43:03
4.781268,12.342637,2023-01-01T03:43:04
4.781268,12.342637,2023-01-01T03:43:05
4.781268,12.342637,2023-01-01T03:43:06
4.781268,12.342637,2023-01-01T03:43:07
4.781268,12.342637,2023-01-01T03:43:08
4.781268,12.342637,2023-01-01T03:43:09
4.781268,12.342637,2023-01-01T03:43:10
4.781268,12.342637,2023-01-01T03:43:11
4.781268,12.342637,2023-01-01T03:43:12
4.781268,12.342637,2023-01-01T03:43:13
4.781268,12.342637,2023-01-01T03:43:14
4.781268,12.342637,2023-01-01T03:43:15
4.781268,12.342637,2023-01-01T03:43:16
4.781268,12.342637,2023-01-01T03:43:17
4.781268,12.342637,2023-01-01T03:43:18
4.781268,12.342637,2023-01-01T03:43:19
4.781268,12.342637,2023-01-01T03:43:20
4.781268,12.342637,2023-01-01T03:43:21
4.781268,12.342637,2023-01-01T03:43:22
4.781268,12.342637,2023-01-01T03:43:23
4.781268,12.342637,2023-01-01T03:43:24
4.781268,12.342637,2023-01-01T03:43:25
4.781268,12.342637,2023-01-01T03:43:26
4.781268,12.342637,2023-01-01T03:43:27
4.781268,12.231442,2023-01-01T03:43:28
4.781268,12.231442,2023-01-01T03:43:29
4.781268,12.231442,2023-01-01T03:43:30
4.781268,12.231442,2023-01-01T03:43:31
4.781268,12.231442,2023-01-01T03:43:32
4.781268,12.231442,2023-01-01T03:43:33
4.781268,12.231442,2023-01-01T03:43:34
4.781268,12.231442,2023-01-01T03:43:35
4.781268,12.231442,2023-01-01T03:43:36
4.781268,12.231442,2023-01-01T03:43:37
4.781268,12.231442,2023-01-01T03:43:38
4.781268,12.231442,2023-01-01T03:43:39
4.781268,12.231442,2023-01-01T03:43:40
4.781268,12.231442,2023-01-01T03:43:41
4.781268,12.231442,2023-01-01T03:43:42
4.781268,12.231442,2023-01-01T03:43:43
4.781268,12.231442,2023-01-01T03:43:44
4.781268,12.231442,2023-01-01T03:43:45
4.781268,12.231442,2023-01-01T03:43:46
4.781268,12.231442,2023-01-01T03:43:47
4.781268,12.231442,2023-01-01T03:43:48
4.781268,12.231442,2023-01-01T03:43:49
4.781268,12.231442,2023-01-01T03:43:50
4.781268,12.231442,2023-01-01T03:43:51
4.781268,12.231442,2023-01-01T03:43:52
4.781268,12.231442,2023-01-01T03:43:53
4.781268,12.231442,2023-01-01T03:43:54
4.781268,12.231442,2023-01-01T03:43:55
4.781268,12.120247,2023-01-01T03:43:56
4.781268,12.120247,2023-01-01T03:43:57
4.781268,12.120247,2023-01-01T03:43:58
4.781268,12.120247,2023-01-01T03:43:59
4.781268,12.120247,2023-01-01T03:44:00
4.781268,12.120247,2023-01-01T03:44:01
4.781268,12.120247,2023-01-01T03:44:02
4.781268,12.120247,2023-01-01T03:44:03
4.781268,12.120247,2023-01-01T03:44:04
4.781268,12.120247,2023-01-01T03:44:05
4.781268,12.120247,2023-01-01T03:44:06
4.781268,12.120247,2023-01-01T03:44:07
4.781268,12.120247,2023-01-01T03:44:08
4.781268,12.120247,2023-01-01T03:44:09
4.781268,12.120247,2023-01-01T03:44:10
4.781268,12.120247,2023-01-01T03:44:11
4.781268,12.120247,2023-01-01T03:44:12
4.781268,12.120247,2023-01-01T03:44:13
4.781268,12.120247,2023-01-01T03:44:14
4.781268,12.120247,2023-01-01T03:44:15
4.781268,12.120247,2023-01-01T03:44:16
4.781268,12.120247,2023-01-01T03:44:17
4.781268,12.120247,2023-01-01T03:44:18
4.781268,12.120247,2023-01-01T03:44:19
4.781268,12.009052,2023-01-01T03:44:20
4.781268,12.009052,2023-01-01T03:44:21
4.781268,12.009052,2023-01-01T03:44:22
4.781268,12.009052,2023-01-01T03:44:23
4.781268,12.009052,2023-01-01T03:44:24
4.781268,12.009052,2023-01-01T03:44:25
4.781268,12.009052,2023-01-01T03:44:26
4.781268,12.009052,2023-01-01T03:44:27
4.781268,12.009052,2023-01-01T03:44:28
4.781268,12.009052,2023-01-01T03:44:29
4.781268,12.009052,2023-01-01T03:44:30
4.781268,12.009052,2023-01-01T03:44:31
4.781268,12.009052,2023-01-01T03:44:32
4.781268,12.009052,2023-01-01T03:44:33
4.781268,12.009052,2023-01-01T03:44:34
4.781268,12.009052,2023-01-01T03:44:35
4.781268,12.009052,2023-01-01T03:44:36
4.781268,12.009052,2023-01-01T03:44:37
4.781268,12.009052,2023-01-01T03:44:38
4.781268,12.009052,2023-01-01T03:44:39
4.781268,12.009052,2023-01-01T03:44:40
4.781268,12.009052,2023-01-01T03:44:41
4.781268,12.009052,2023-01-01T03:44:42
4.781268,12.009052,2023-01-01T03:44:43
4.781268,12.009052,2023-01-01T03:44:44
4.781268,12.009052,2023-01-01T03:44:45
4.781268,12.009052,2023-01-01T03:44:46
4.781268,12.009052,2023-01-01T03:44:47
4.781268,12.009052,2023-01-01T03:44:48
4.781268,12.009052,2023-01-01T03:44:49
4.781268,12.009052,2023-01-01T03:44:50
4.781268,12.009052,2023-01-01T03:44:51
4.781268,12.009052,2023-01-01T03:44:52
4.781268,12.009052,2023-01-01T03:44:53
4.781268,12.009052,2023-01-01T03:44:54
4.781268,12.009052,2023-01-01T03:44:55
4.781268,12.009052,2023-01-01T03:44:56
4.781268,12.009052,2023-01-01T03:44:57
4.781268,12.009052,2023-01-01T03:44:58
4.781268,12.009052,2023-01-01T03:44:59
4.781268,12.009052,2023-01-01T03:45:00
4.781268,12.009052,2023-01-01T03:45:01
4.781268,12.009052,2023-01-01T03:45:02
4.781268,12.009052,2023-01-01T03:45:03
4.781268,12.009052,2023-01-01T03:45:04
4.781268,12.009052,2023-01-01T03:45:05
4.781268,12.009052,2023-01-01T03:45:06
4.781268,12.009052,2023-01-01T03:45:07
4.781268,12.009052,2023-01-01T03:45:08
4.781268,12.009052,2023-01-01T03:45:09
4.781268,11.897857,2023-01-01T03:45:10
4.781268,11.897857,2023-01-01T03:45:11
4.781268,11.897857,2023-01-01T03:45:12
4.781268,11.897857,2023-01-01T03:45:13
4.781268,11.897857,2023-01-01T03:45:14
4.781268,11.897857,2023-01-01T03:45:15
4.781268,11.897857,2023-01-01T03:45:16
4.781268,11.897857,2023-01-01T03:45:17
4.781268,11.897857,2023-01-01T03:45:18
4.781268,12.009052,2023-01-01T03:45:19
4.781268,11.897857,2023-01-01T03:45:20
4.781268,11.897857,2023-01-01T03:45:21
4.781268,11.897857,2023-01-01T03:45:22
4.781268,12.009052,2023-01-01T03:45:23
4.781268,12.009052,2023-01-01T03:45:24
4.781268,12.009052,2023-01-01T03:45:25
4.781268,12.009052,2023-01-01T03:45:26
4.781268,12.009052,2023-01-01T03:45:27
4.781268,12.009052,2023-01-01T03:45:28
4.892461,12.009052,2023-01-01T03:45:29
4.892461,12.009052,2023-01-01T03:45:30
4.892461,12.009052,2023-01-01T03:45:31
4.892461,12.009052,2023-01-01T03:45:32
4.892461,12.009052,2023-01-01T03:45:33
4.892461,12.009052,2023-01-01T03:45:34
4.892461,12.009052,2023-01-01T03:45:35
4.892461,12.009052,2023-01-01T03:45:36
4.892461,12.009052,2023-01-01T03:45:37
4.892461,12.009052,2023-01-01T03:45:38
4.892461,12.009052,2023-01-01T03:45:39
4.892461,12.009052,2023-01-01T03:45:40
4.892461,12.009052,2023-01-01T03:45:41
4.892461,12.009052,2023-01-01T03:45:42
4.892461,12.009052,2023-01-01T03:45:43
4.892461,12.009052,2023-01-01T03:45:44
4.892461,12.009052,2023-01-01T03:45:45
4.892461,12.009052,2023-01-01T03:45:46
4.892461,12.009052,2023-01-01T03:45:47
4.892461,12.009052,2023-01-01T03:45:48
4.892461,12.009052,2023-01-01T03:45:49
4.892461,12.009052,2023-01-01T03:45:50
4.892461,12.009052,2023-01-01T03:45:51
4.892461,12.009052,2023-01-01T03:45:52
4.892461,12.009052,2023-01-01T03:45:53
4.892461,12.009052,2023-01-01T03:45:54
4.892461,12.009052,2023-01-01T03:45:55
4.892461,12.009052,2023-01-01T03:45:56
4.892461,12.009052,2023-01-01T03:45:57
4.892461,12.009052,2023-01-01T03:45:58
4.892461,12.009052,2023-01-01T03:45:59
4.892461,12.009052,2023-01-01T03:46:00
4.892461,12.009052,2023-01-01T03:46:01
4.892461,12.009052,2023-01-01T03:46:02
4.892461,12.009052,2023-01-01T03:46:03
4.892461,12.009052,2023-01-01T03:46:04
4.892461,12.009052,2023-01-01T03:46:05
4.892461,12.009052,2023-01-01T03:46:06
4.892461,12.009052,2023-01-01T03:46:07
4.892461,12.009052,2023-01-01T03:46:08
4.892461,12.009052,2023-01-01T03:46:09
4.892461,12.009052,2023-01-01T03:46:10
4.892461,12.009052,2023-01-01T03:46:11
4.892461,12.009052,2023-01-01T03:46:12
4.892461,12.009052,2023-01-01T03:46:13
4.892461,12.009052,2023-01-01T03:46:14
4.892461,12.009052,2023-01-01T03:46:15
4.892461,12.009052,2023-01-01T03:46:16
4.892461,12.009052,2023-01-01T03:46:17
4.892461,12.009052,2023-01-01T03:46:18
4.892461,12.009052,2023-01-01T03:46:19
4.892461,12.009052,2023-01-01T03:46:20
4.892461,12.009052,2023-01-01T03:46:21
4.892461,12.009052,2023-01-01T03:46:22
4.892461,12.009052,2023-01-01T03:46:23
5.003653,12.009052,2023-01-01T03:46:24
5.003653,12.009052,2023-01-01T03:46:25
5.003653,12.009052,2023-01-01T03:46:26
5.003653,12.009052,2023-01-01T03:46:27
5.003653,12.009052,2023-01-01T03:46:28
5.003653,12.009052,2023-01-01T03:46:29
5.003653,12.009052,2023-01-01T03:46:30
5.003653,12.009052,2023-01-01T03:46:31
5.003653,12.120247,2023-01-01T03:46:32
5.003653,12.120247,2023-01-01T03:46:33
5.003653,12.120247,2023-01-01T03:46:34
5.003653,12.120247,2023-01-01T03:46:35
5.003653,12.120247,2023-01-01T03:46:36
5.003653,12.120247,2023-01-01T03:46:37
5.003653,12.120247,2023-01-01T03:46:38
4.892461,12.120247,2023-01-01T03:46:39
4.892461,12.120247,2023-01-01T03:46:40
4.892461,12.120247,2023-01-01T03:46:41
4.892461,12.120247,2023-01-01T03:46:42
4.892461,12.120247,2023-01-01T03:46:43
4.892461,12.120247,2023-01-01T03:46:44
4.892461,12.120247,2023-01-01T03:46:45
4.892461,12.120247,2023-01-01T03:46:46
4.892461,12.120247,2023-01-01T03:46:47
4.892461,12.120247,2023-01-01T03:46:48
4.892461,12.120247,2023-01-01T03:46:49
4.892461,12.120247,2023-01-01T03:46:50
4.892461,12.120247,2023-01-01T03:46:51
4.892461,12.120247,2023-01-01T03:46:52
4.892461,12.120247,2023-01-01T03:46:53
4.892461,12.120247,2023-01-01T03:46:54
4.892461,12.120247,2023-01-01T03:46:55
4.892461,12.120247,2023-01-01T03:46:56
4.892461,12.120247,2023-01-01T03:46:57
4.892461,12.120247,2023-01-01T03:46:58
4.892461,12.120247,2023-01-01T03:46:59
4.892461,12.120247,2023-01-01T03:47:00
4.892461,12.120247,2023-01-01T03:47:01
4.892461,12.120247,2023-01-01T03:47:02
4.892461,12.120247,2023-01-01T03:47:03
4.892461,12.120247,2023-01-01T03:47:04
4.892461,12.120247,2023-01-01T03:47:05
4.892461,12.120247,2023-01-01T03:47:06
4.892461,12.120247,2023-01-01T03:47:07
4.892461,12.120247,2023-01-01T03:47:08
4.892461,12.120247,2023-01-01T03:47:09
4.892461,12.120247,2023-01-01T03:47:10
4.892461,12.120247,2023-01-01T03:47:11
4.892461,12.120247,2023-01-01T03:47:12
4.892461,12.120247,2023-01-01T03:47:13
4.892461,12.120247,2023-01-01T03:47:14
4.892461,12.120247,2023-01-01T03:47:15
4.892461,12.120247,2023-01-01T03:47:16
4.892461,12.120247,2023-01-01T03:47:17
4.892461,12.120247,2023-01-01T03:47:18
4.892461,12.120247,2023-01-01T03:47:19
4.892461,12.120247,2023-01-01T03:47:20
4.892461,12.120247,2023-01-01T03:47:21
4.892461,12.120247,2023-01-01T03:47:22
4.892461,12.120247,2023-01-01T03:47:23
4.892461,12.120247,2023-01-01T03:47:24
4.892461,12.120247,2023-01-01T03:47:25
4.892461,12.120247,2023-01-01T03:47:26
4.892461,12.120247,2023-01-01T03:47:27
4.892461,12.120247,2023-01-01T03:47:28
4.892461,12.120247,2023-01-01T03:47:29
4.781268,12.120247,2023-01-01T03:47:30
4.781268,12.120247,2023-01-01T03:47:31
4.781268,12.120247,2023-01-01T03:47:32
4.781268,12.120247,2023-01-01T03:47:33
4.781268,12.120247,2023-01-01T03:47:34
4.781268,12.120247,2023-01-01T03:47:35
4.781268,12.120247,2023-01-01T03:47:36
4.781268,12.120247,2023-01-01T03:47:37
4.781268,12.120247,2023-01-01T03:47:38
4.781268,12.120247,2023-01-01T03:47:39
4.781268,12.120247,2023-01-01T03:47:40
4.781268,12.120247,2023-01-01T03:47:41
4.781268,12.120247,2023-01-01T03:47:42
4.781268,12.120247,2023-01-01T03:47:43
4.781268,12.120247,2023-01-01T03:47:44
4.781268,12.120247,2023-01-01T03:47:45
4.781268,12.120247,2023-01-01T03:47:46
4.781268,12.120247,2023-01-01T03:47:47
4.781268,12.120247,2023-01-01T03:47:48
4.781268,12.120247,2023-01-01T03:47:49
4.781268,12.120247,2023-01-01T03:47:50
4.781268,12.120247,2023-01-01T03:47:51
4.781268,12.009052,2023-01-01T03:47:52
4.781268,12.009052,2023-01-01T03:47:53
4.781268,12.009052,2023-01-01T03:47:54
4.781268,12.009052,2023-01-01T03:47:55
4.781268,12.009052,2023-01-01T03:47:56
4.781268,12.009052,2023-01-01T03:47:57
4.781268,12.009052,2023-01-01T03:47:58
4.781268,12.009052,2023-01-01T03:47:59
4.781268,12.009052,2023-01-01T03:48:00
4.781268,12.009052,2023-01-01T03:48:01
4.781268,12.009052,2023-01-01T03:48:02
4.781268,12.009052,2023-01-01T03:48:03
4.781268,12.009052,2023-01-01T03:48:04
4.781268,12.009052,2023-01-01T03:48:05
4.781268,12.009052,2023-01-01T03:48:06
4.781268,12.009052,2023-01-01T03:48:07
4.781268,12.009052,2023-01-01T03:48:08
4.781268,12.009052,2023-01-01T03:48:09
4.781268,12.009052,2023-01-01T03:48:10
4.781268,12.009052,2023-01-01T03:48:11
4.781268,12.009052,2023-01-01T03:48:12
4.781268,12.009052,2023-01-01T03:48:13
4.781268,12.009052,2023-01-01T03:48:14
4.781268,12.009052,2023-01-01T03:48:15
4.781268,12.009052,2023-01-01T03:48:16
4.781268,12.009052,2023-01-01T03:48:17
4.781268,12.009052,2023-01-01T03:48:18
4.781268,12.009052,2023-01-01T03:48:19
4.781268,12.009052,2023-01-01T03:48:20
4.781268,12.009052,2023-01-01T03:48:21
4.781268,12.009052,2023-01-01T03:48:22
4.781268,12.009052,2023-01-01T03:48:23
4.781268,12.009052,2023-01-01T03:48:24
4.781268,12.009052,2023-01-01T03:48:25
4.781268,12.009052,2023-01-01T03:48:26
4.781268,12.009052,2023-01-01T03:48:27
4.781268,12.009052,2023-01-01T03:48:28
4.781268,12.009052,2023-01-01T03:48:29
4.781268,12.009052,2023-01-01T03:48:30
4.781268,12.009052,2023-01-01T03:48:31
4.781268,12.009052,2023-01-01T03:48:32
4.781268,12.009052,2023-01-01T03:48:33
4.781268,12.009052,2023-01-01T03:48:34
4.781268,12.009052,2023-01-01T03:48:35
4.781268,12.009052,2023-01-01T03:48:36
4.781268,12.009052,2023-01-01T03:48:37
4.781268,12.009052,2023-01-01T03:48:38
4.781268,12.009052,2023-01-01T03:48:39
4.781268,12.009052,2023-01-01T03:48:40
4.781268,12.009052,2023-01-01T03:48:41
4.781268,11.897857,2023-01-01T03:48:42
4.781268,11.897857,2023-01-01T03:48:43
4.781268,11.897857,2023-01-01T03:48:44
4.781268,11.897857,2023-01-01T03:48:45
4.781268,11.897857,2023-01-01T03:48:46
4.781268,11.897857,2023-01-01T03:48:47
4.781268,11.897857,2023-01-01T03:48:48
4.781268,11.897857,2023-01-01T03:48:49
4.781268,11.897857,2023-01-01T03:48:50
4.781268,11.897857,2023-01-01T03:48:51
4.781268,11.897857,2023-01-01T03:48:52
4.781268,11.897857,2023-01-01T03:48:53
4.781268,11.897857,2023-01-01T03:48:54
4.781268,11.897857,2023-01-01T03:48:55
4.781268,11.897857,2023-01-01T03:48:56
4.781268,11.897857,2023-01-01T03:48:57
4.781268,11.897857,2023-01-01T03:48:58
4.781268,11.897857,2023-01-01T03:48:59
4.781268,11.897857,2023-01-01T03:49:00
4.781268,11.897857,2023-01-01T03:49:01
4.781268,11.897857,2023-01-01T03:49:02
4.781268,11.897857,2023-01-01T03:49:03
4.781268,11.897857,2023-01-01T03:49:04
4.781268,11.897857,2023-01-01T03:49:05
4.781268,11.897857,2023-01-01T03:49:06
4.781268,11.897857,2023-01-01T03:49:07
4.781268,11.897857,2023-01-01T03:49:08
4.781268,11.897857,2023-01-01T03:49:09
4.781268,11.897857,2023-01-01T03:49:10
4.781268,11.897857,2023-01-01T03:49:11
4.781268,11.897857,2023-01-01T03:49:12
4.781268,11.897857,2023-01-01T03:49:13
4.781268,11.897857,2023-01-01T03:49:14
4.781268,11.897857,2023-01-01T03:49:15
4.781268,11.897857,2023-01-01T03:49:16
4.781268,11.897857,2023-01-01T03:49:17
4.781268,11.897857,2023-01-01T03:49:18
4.781268,11.897857,2023-01-01T03:49:19
4.892461,11.897857,2023-01-01T03:49:20
4.892461,11.897857,2023-01-01T03:49:21
4.892461,11.897857,2023-01-01T03:49:22
4.892461,11.897857,2023-01-01T03:49:23
4.892461,12.009052,2023-01-01T03:49:24
4.892461,12.009052,2023-01-01T03:49:25
4.892461,12.009052,2023-01-01T03:49:26
4.892461,12.009052,2023-01-01T03:49:27
4.892461,12.009052,2023-01-01T03:49:28
4.892461,12.009052,2023-01-01T03:49:29
4.892461,12.009052,2023-01-01T03:49:30
4.892461,12.009052,2023-01-01T03:49:31
4.892461,12.009052,2023-01-01T03:49:32
4.892461,12.009052,2023-01-01T03:49:33
4.892461,12.009052,2023-01-01T03:49:34
4.892461,12.009052,2023-01-01T03:49:35
4.892461,12.009052,2023-01-01T03:49:36
4.892461,12.009052,2023-01-01T03:49:37
4.892461,12.009052,2023-01-01T03:49:38
4.892461,12.009052,2023-01-01T03:49:39
4.892461,12.120247,2023-01-01T03:49:40
4.892461,12.120247,2023-01-01T03:49:41
4.892461,12.120247,2023-01-01T03:49:42
4.892461,12.120247,2023-01-01T03:49:43
4.892461,12.120247,2023-01-01T03:49:44
4.892461,12.120247,2023-01-01T03:49:45
4.892461,12.120247,2023-01-01T03:49:46
4.892461,12.120247,2023-01-01T03:49:47
4.892461,12.120247,2023-01-01T03:49:48
4.892461,12.120247,2023-01-01T03:49:49
4.892461,12.120247,2023-01-01T03:49:50
4.892461,12.120247,2023-01-01T03:49:51
4.892461,12.120247,2023-01-01T03:49:52
4.892461,12.120247,2023-01-01T03:49:53
4.892461,12.120247,2023-01-01T03:49:54
4.892461,12.120247,2023-01-01T03:49:55
4.892461,12.120247,2023-01-01T03:49:56
4.892461,12.120247,2023-01-01T03:49:57
4.892461,12.120247,2023-01-01T03:49:58
4.892461,12.120247,2023-01-01T03:49:59
4.892461,12.120247,2023-01-01T03:50:00
4.892461,12.009052,2023-01-01T03:50:01
4.892461,12.009052,2023-01-01T03:50:02
4.892461,12.009052,2023-01-01T03:50:03
4.892461,12.009052,2023-01-01T03:50:04
4.892461,12.009052,2023-01-01T03:50:05
4.892461,12.009052,2023-01-01T03:50:06
4.892461,12.009052,2023-01-01T03:50:07
4.892461,12.009052,2023-01-01T03:50:08
4.892461,12.009052,2023-01-01T03:50:09
4.892461,12.009052,2023-01-01T03:50:10
4.892461,12.009052,2023-01-01T03:50:11
4.892461,12.009052,2023-01-01T03:50:12
4.892461,12.009052,2023-01-01T03:50:13
4.892461,12.009052,2023-01-01T03:50:14
4.892461,12.009052,2023-01-01T03:50:15
4.892461,12.009052,2023-01-01T03:50:16
4.892461,12.009052,2023-01-01T03:50:17
4.892461,12.009052,2023-01-01T03:50:18
4.892461,12.009052,2023-01-01T03:50:19
4.892461,11.897857,2023-01-01T03:50:20
4.892461,11.897857,2023-01-01T03:50:21
4.892461,11.897857,2023-01-01T03:50:22
4.892461,11.897857,2023-01-01T03:50:23
4.892461,11.897857,2023-01-01T03:50:24
4.892461,11.897857,2023-01-01T03:50:25
4.892461,11.897857,2023-01-01T03:50:26
4.892461,11.897857,2023-01-01T03:50:27
4.892461,11.897857,2023-01-01T03:50:28
4.892461,11.897857,2023-01-01T03:50:29
4.892461,11.897857,2023-01-01T03:50:30
4.892461,11.897857,2023-01-01T03:50:31
4.892461,11.897857,2023-01-01T03:50:32
4.892461,11.786662,2023-01-01T03:50:33
4.892461,11.786662,2023-01-01T03:50:34
4.892461,11.786662,2023-01-01T03:50:35
4.892461,11.786662,2023-01-01T03:50:36
4.892461,11.786662,2023-01-01T03:50:37
4.892461,11.786662,2023-01-01T03:50:38
4.892461,11.786662,2023-01-01T03:50:39
4.892461,11.786662,2023-01-01T03:50:40
4.892461,11.786662,2023-01-01T03:50:41
4.892461,11.786662,2023-01-01T03:50:42
4.892461,11.786662,2023-01-01T03:50:43
4.892461,11.786662,2023-01-01T03:50:44
4.892461,11.786662,2023-01-01T03:50:45
4.892461,11.675467,2023-01-01T03:50:46
4.892461,11.675467,2023-01-01T03:50:47
4.892461,11.675467,2023-01-01T03:50:48
4.892461,11.675467,2023-01-01T03:50:49
4.892461,11.675467,2023-01-01T03:50:50
4.892461,11.675467,2023-01-01T03:50:51
4.892461,11.675467,2023-01-01T03:50:52
4.892461,11.675467,2023-01-01T03:50:53
4.892461,11.675467,2023-01-01T03:50:54
4.892461,11.675467,2023-01-01T03:50:55
4.892461,11.675467,2023-01-01T03:50:56
4.892461,11.675467,2023-01-01T03:50:57
4.892461,11.675467,2023-01-01T03:50:58
4.892461,11.675467,2023-01-01T03:50:59
4.892461,11.675467,2023-01-01T03:51:00
4.892461,11.675467,2023-01-01T03:51:01
4.892461,11.675467,2023-01-01T03:51:02
4.892461,11.675467,2023-01-01T03:51:03
4.892461,11.675467,2023-01-01T03:51:04
4.892461,11.675467,2023-01-01T03:51:05
4.892461,11.675467,2023-01-01T03:51:06
4.892461,11.675467,2023-01-01T03:51:07
4.892461,11.675467,2023-01-01T03:51:08
4.892461,11.675467,2023-01-01T03:51:09
4.892461,11.675467,2023-01-01T03:51:10
4.892461,11.675467,2023-01-01T03:51:11
4.892461,11.675467,2023-01-01T03:51:12
4.892461,11.675467,2023-01-01T03:51:13
4.892461,11.675467,2023-01-01T03:51:14
4.892461,11.675467,2023-01-01T03:51:15
4.892461,11.675467,2023-01-01T03:51:16
4.892461,11.675467,2023-01-01T03:51:17
4.892461,11.675467,2023-01-01T03:51:18
4.892461,11.675467,2023-01-01T03:51:19
4.892461,11.675467,2023-01-01T03:51:20
4.892461,11.675467,2023-01-01T03:51:21
4.892461,11.675467,2023-01-01T03:51:22
4.892461,11.675467,2023-01-01T03:51:23
4.892461,11.675467,2023-01-01T03:51:24
4.892461,11.675467,2023-01-01T03:51:25
4.892461,11.675467,2023-01-01T03:51:26
4.892461,11.675467,2023-01-01T03:51:27
4.892461,11.675467,2023-01-01T03:51:28
4.892461,11.675467,2023-01-01T03:51:29
4.892461,11.675467,2023-01-01T03:51:30
4.892461,11.675467,2023-01-01T03:51:31
4.892461,11.675467,2023-01-01T03:51:32
4.892461,11.675467,2023-01-01T03:51:33
4.892461,11.675467,2023-01-01T03:51:34
4.892461,11.675467,2023-01-01T03:51:35
4.892461,11.675467,2023-01-01T03:51:36
4.892461,11.675467,2023-01-01T03:51:37
4.892461,11.675467,2023-01-01T03:51:38
4.892461,11.675467,2023-01-01T03:51:39
4.892461,11.675467,2023-01-01T03:51:40
4.892461,11.675467,2023-01-01T03:51:41
4.892461,11.675467,2023-01-01T03:51:42
4.892461,11.675467,2023-01-01T03:51:43
4.781268,11.675467,2023-01-01T03:51:44
4.781268,11.675467,2023-01-01T03:51:45
4.781268,11.675467,2023-01-01T03:51:46
4.781268,11.675467,2023-01-01T03:51:47
4.781268,11.675467,2023-01-01T03:51:48
4.781268,11.675467,2023-01-01T03:51:49
4.781268,11.675467,2023-01-01T03:51:50
4.781268,11.675467,2023-01-01T03:51:51
4.781268,11.675467,2023-01-01T03:51:52
4.781268,11.675467,2023-01-01T03:51:53
4.781268,11.675467,2023-01-01T03:51:54
4.781268,11.675467,2023-01-01T03:51:55
4.781268,11.675467,2023-01-01T03:51:56
4.781268,11.675467,2023-01-01T03:51:57
4.781268,11.675467,2023-01-01T03:51:58
4.781268,11.675467,2023-01-01T03:51:59
4.781268,11.675467,2023-01-01T03:52:00
4.781268,11.675467,2023-01-01T03:52:01
4.781268,11.675467,2023-01-01T03:52:02
4.781268,11.675467,2023-01-01T03:52:03
4.781268,11.675467,2023-01-01T03:52:04
4.781268,11.675467,2023-01-01T03:52:05
4.781268,11.675467,2023-01-01T03:52:06
4.892461,11.675467,2023-01-01T03:52:07
4.892461,11.675467,2023-01-01T03:52:08
4.892461,11.675467,2023-01-01T03:52:09
4.892461,11.675467,2023-01-01T03:52:10
4.892461,11.675467,2023-01-01T03:52:11
4.892461,11.675467,2023-01-01T03:52:12
4.892461,11.675467,2023-01-01T03:52:13
4.892461,11.675467,2023-01-01T03:52:14
4.892461,11.675467,2023-01-01T03:52:15
4.892461,11.675467,2023-01-01T03:52:16
4.892461,11.675467,2023-01-01T03:52:17
4.892461,11.675467,2023-01-01T03:52:18
4.892461,11.675467,2023-01-01T03:52:19
4.892461,11.675467,2023-01-01T03:52:20
4.892461,11.675467,2023-01-01T03:52:21
4.892461,11.675467,2023-01-01T03:52:22
4.892461,11.675467,2023-01-01T03:52:23
4.892461,11.675467,2023-01-01T03:52:24
4.892461,11.675467,2023-01-01T03:52:25
4.892461,11.675467,2023-01-01T03:52:26
4.892461,11.675467,2023-01-01T03:52:27
4.892461,11.675467,2023-01-01T03:52:28
4.892461,11.675467,2023-01-01T03:52:29
4.892461,11.675467,2023-01-01T03:52:30
4.892461,11.675467,2023-01-01T03:52:31
4.892461,11.675467,2023-01-01T03:52:32
4.892461,11.675467,2023-01-01T03:52:33
4.892461,11.675467,2023-01-01T03:52:34
4.892461,11.675467,2023-01-01T03:52:35
4.781268,11.675467,2023-01-01T03:52:36
4.781268,11.675467,2023-01-01T03:52:37
4.781268,11.675467,2023-01-01T03:52:38
4.781268,11.675467,2023-01-01T03:52:39
4.781268,11.675467,2023-01-01T03:52:40
4.781268,11.675467,2023-01-01T03:52:41
4.781268,11.675467,2023-01-01T03:52:42
4.781268,11.675467,2023-01-01T03:52:43
4.781268,11.675467,2023-01-01T03:52:44
4.781268,11.675467,2023-01-01T03:52:45
4.781268,11.675467,2023-01-01T03:52:46
4.781268,11.675467,2023-01-01T03:52:47
4.781268,11.675467,2023-01-01T03:52:48
4.781268,11.675467,2023-01-01T03:52:49
4.781268,11.675467,2023-01-01T03:52:50
4.781268,11.675467,2023-01-01T03:52:51
4.781268,11.675467,2023-01-01T03:52:52
4.781268,11.675467,2023-01-01T03:52:53
4.781268,11.675467,2023-01-01T03:52:54
4.781268,11.675467,2023-01-01T03:52:55
4.781268,11.675467,2023-01-01T03:52:56
4.781268,11.675467,2023-01-01T03:52:57
4.781268,11.675467,2023-01-01T03:52:58
4.781268,11.675467,2023-01-01T03:52:59
4.781268,11.675467,2023-01-01T03:53:00
4.781268,11.675467,2023-01-01T03:53:01
4.892461,11.675467,2023-01-01T03:53:02
4.892461,11.675467,2023-01-01T03:53:03
4.892461,11.675467,2023-01-01T03:53:04
4.892461,11.675467,2023-01-01T03:53:05
4.892461,11.675467,2023-01-01T03:53:06
4.892461,11.675467,2023-01-01T03:53:07
4.892461,11.675467,2023-01-01T03:53:08
4.892461,11.675467,2023-01-01T03:53:09
4.892461,11.675467,2023-01-01T03:53:10
4.892461,11.675467,2023-01-01T03:53:11
4.892461,11.675467,2023-01-01T03:53:12
4.892461,11.675467,2023-01-01T03:53:13
4.892461,11.675467,2023-01-01T03:53:14
4.892461,11.675467,2023-01-01T03:53:15
4.892461,11.675467,2023-01-01T03:53:16
4.892461,11.675467,2023-01-01T03:53:17
4.892461,11.675467,2023-01-01T03:53:18
4.892461,11.675467,2023-01-01T03:53:19
4.892461,11.675467,2023-01-01T03:53:20
4.892461,11.675467,2023-01-01T03:53:21
4.892461,11.675467,2023-01-01T03:53:22
4.892461,11.675467,2023-01-01T03:53:23
4.892461,11.675467,2023-01-01T03:53:24
4.892461,11.675467,2023-01-01T03:53:25
4.892461,11.675467,2023-01-01T03:53:26
4.892461,11.675467,2023-01-01T03:53:27
4.892461,11.675467,2023-01-01T03:53:28
4.892461,11.675467,2023-01-01T03:53:29
4.892461,11.675467,2023-01-01T03:53:30
4.892461,11.675467,2023-01-01T03:53:31
4.892461,11.675467,2023-01-01T03:53:32
4.892461,11.675467,2023-01-01T03:53:33
4.892461,11.675467,2023-01-01T03:53:34
4.892461,11.675467,2023-01-01T03:53:35
4.892461,11.675467,2023-01-01T03:53:36
4.892461,11.675467,2023-01-01T03:53:37
4.892461,11.675467,2023-01-01T03:53:38
4.892461,11.675467,2023-01-01T03:53:39
4.892461,11.675467,2023-01-01T03:53:40
4.892461,11.675467,2023-01-01T03:53:41
4.892461,11.675467,2023-01-01T03:53:42
4.892461,11.564272,2023-01-01T03:53:43
4.892461,11.564272,2023-01-01T03:53:44
4.892461,11.564272,2023-01-01T03:53:45
4.892461,11.564272,2023-01-01T03:53:46
4.892461,11.564272,2023-01-01T03:53:47
4.892461,11.564272,2023-01-01T03:53:48
4.892461,11.564272,2023-01-01T03:53:49
4.892461,11.564272,2023-01-01T03:53:50
4.892461,11.564272,2023-01-01T03:53:51
4.892461,11.564272,2023-01-01T03:53:52
4.892461,11.564272,2023-01-01T03:53:53
4.892461,11.564272,2023-01-01T03:53:54
4.892461,11.564272,2023-01-01T03:53:55
4.892461,11.564272,2023-01-01T03:53:56
4.892461,11.564272,2023-01-01T03:53:57
4.892461,11.564272,2023-01-01T03:53:58
4.892461,11.564272,2023-01-01T03:53:59
4.892461,11.564272,2023-01-01T03:54:00
4.892461,11.564272,2023-01-01T03:54:01
4.892461,11.564272,2023-01-01T03:54:02
4.892461,11.564272,2023-01-01T03:54:03
4.892461,11.564272,2023-01-01T03:54:04
4.892461,11.564272,2023-01-01T03:54:05
4.892461,11.564272,2023-01-01T03:54:06
4.892461,11.564272,2023-01-01T03:54:07
4.892461,11.564272,2023-01-01T03:54:08
4.892461,11.564272,2023-01-01T03:54:09
4.892461,11.564272,2023-01-01T03:54:10
4.892461,11.564272,2023-01-01T03:54:11
4.892461,11.564272,2023-01-01T03:54:12
4.892461,11.564272,2023-01-01T03:54:13
4.892461,11.564272,2023-01-01T03:54:14
4.892461,11.564272,2023-01-01T03:54:15
4.892461,11.675467,2023-01-01T03:54:16
4.892461,11.675467,2023-01-01T03:54:17
4.892461,11.675467,2023-01-01T03:54:18
4.892461,11.675467,2023-01-01T03:54:19
4.892461,11.675467,2023-01-01T03:54:20
4.892461,11.675467,2023-01-01T03:54:21
4.892461,11.675467,2023-01-01T03:54:22
4.892461,11.675467,2023-01-01T03:54:23
4.892461,11.675467,2023-01-01T03:54:24
4.892461,11.675467,2023-01-01T03:54:25
4.892461,11.675467,2023-01-01T03:54:26
4.892461,11.675467,2023-01-01T03:54:27
4.892461,11.675467,2023-01-01T03:54:28
4.892461,11.675467,2023-01-01T03:54:29
4.892461,11.675467,2023-01-01T03:54:30
4.892461,11.675467,2023-01-01T03:54:31
4.892461,11.675467,2023-01-01T03:54:32
4.892461,11.675467,2023-01-01T03:54:33
4.892461,11.675467,2023-01-01T03:54:34
4.892461,11.675467,2023-01-01T03:54:35
4.892461,11.675467,2023-01-01T03:54:36
4.892461,11.675467,2023-01-01T03:54:37
4.892461,11.675467,2023-01-01T03:54:38
4.892461,11.675467,2023-01-01T03:54:39
4.892461,11.675467,2023-01-01T03:54:40
4.892461,11.675467,2023-01-01T03:54:41
4.892461,11.675467,2023-01-01T03:54:42
4.892461,11.675467,2023-01-01T03:54:43
5.003653,11.675467,2023-01-01T03:54:44
5.003653,11.675467,2023-01-01T03:54:45
5.003653,11.675467,2023-01-01T03:54:46
5.003653,11.675467,2023-01-01T03:54:47
5.003653,11.675467,2023-01-01T03:54:48
5.003653,11.675467,2023-01-01T03:54:49
5.003653,11.675467,2023-01-01T03:54:50
5.003653,11.786662,2023-01-01T03:54:51
5.003653,11.786662,2023-01-01T03:54:52
5.003653,11.786662,2023-01-01T03:54:53
5.003653,11.786662,2023-01-01T03:54:54
5.003653,11.786662,2023-01-01T03:54:55
5.003653,11.786662,2023-01-01T03:54:56
5.003653,11.786662,2023-01-01T03:54:57
5.003653,11.786662,2023-01-01T03:54:58
5.003653,11.786662,2023-01-01T03:54:59
5.003653,11.786662,2023-01-01T03:55:00
5.003653,11.786662,2023-01-01T03:55:01
5.003653,11.786662,2023-01-01T03:55:02
5.003653,11.786662,2023-01-01T03:55:03
5.003653,11.786662,2023-01-01T03:55:04
5.003653,11.786662,2023-01-01T03:55:05
5.003653,11.786662,2023-01-01T03:55:06
5.003653,11.786662,2023-01-01T03:55:07
5.003653,11.786662,2023-01-01T03:55:08
5.003653,11.786662,2023-01-01T03:55:09
5.003653,11.786662,2023-01-01T03:55:10
5.003653,11.786662,2023-01-01T03:55:11
5.003653,11.786662,2023-01-01T03:55:12
5.003653,11.786662,2023-01-01T03:55:13
5.003653,11.786662,2023-01-01T03:55:14
5.003653,11.786662,2023-01-01T03:55:15
5.003653,11.786662,2023-01-01T03:55:16
5.003653,11.786662,2023-01-01T03:55:17
5.003653,11.786662,2023-01-01T03:55:18
5.003653,11.786662,2023-01-01T03:55:19
5.003653,11.786662,2023-01-01T03:55:20
5.003653,11.786662,2023-01-01T03:55:21
5.003653,11.786662,2023-01-01T03:55:22
5.003653,11.786662,2023-01-01T03:55:23
5.003653,11.786662,2023-01-01T03:55:24
5.003653,11.786662,2023-01-01T03:55:25
5.003653,11.786662,2023-01-01T03:55:26
5.003653,11.786662,2023-01-01T03:55:27
5.003653,11.786662,2023-01-01T03:55:28
5.003653,11.786662,2023-01-01T03:55:29
5.003653,11.786662,2023-01-01T03:55:30
4.892461,11.786662,2023-01-01T03:55:31
4.892461,11.786662,2023-01-01T03:55:32
4.892461,11.786662,2023-01-01T03:55:33
4.892461,11.786662,2023-01-01T03:55:34
4.892461,11.786662,2023-01-01T03:55:35
4.892461,11.786662,2023-01-01T03:55:36
4.892461,11.786662,2023-01-01T03:55:37
4.892461,11.786662,2023-01-01T03:55:38
4.892461,11.786662,2023-01-01T03:55:39
4.892461,11.786662,2023-01-01T03:55:40
4.892461,11.786662,2023-01-01T03:55:41
4.892461,11.786662,2023-01-01T03:55:42
4.892461,11.786662,2023-01-01T03:55:43
4.892461,11.786662,2023-01-01T03:55:44
4.892461,11.786662,2023-01-01T03:55:45
4.892461,11.786662,2023-01-01T03:55:46
4.892461,11.786662,2023-01-01T03:55:47
4.892461,11.786662,2023-01-01T03:55:48
4.892461,11.786662,2023-01-01T03:55:49
4.892461,11.786662,2023-01-01T03:55:50
4.892461,11.786662,2023-01-01T03:55:51
4.892461,11.786662,2023-01-01T03:55:52
4.892461,11.897857,2023-01-01T03:55:53
4.892461,11.897857,2023-01-01T03:55:54
4.892461,11.897857,2023-01-01T03:55:55
4.892461,11.897857,2023-01-01T03:55:56
4.892461,11.897857,2023-01-01T03:55:57
4.892461,11.897857,2023-01-01T03:55:58
4.892461,11.897857,2023-01-01T03:55:59
4.892461,11.897857,2023-01-01T03:56:00
4.892461,11.897857,2023-01-01T03:56:01
4.892461,11.897857,2023-01-01T03:56:02
4.892461,11.897857,2023-01-01T03:56:03
4.892461,11.897857,2023-01-01T03:56:04
4.892461,11.897857,2023-01-01T03:56:05
4.892461,11.897857,2023-01-01T03:56:06
4.892461,11.897857,2023-01-01T03:56:07
4.892461,11.897857,2023-01-01T03:56:08
4.892461,11.897857,2023-01-01T03:56:09
4.892461,11.897857,2023-01-01T03:56:10
4.892461,11.897857,2023-01-01T03:56:11
4.892461,11.897857,2023-01-01T03:56:12
4.892461,11.897857,2023-01-01T03:56:13
4.892461,11.897857,2023-01-01T03:56:14
4.892461,11.786662,2023-01-01T03:56:15
4.892461,11.786662,2023-01-01T03:56:16
4.892461,11.786662,2023-01-01T03:56:17
4.892461,11.786662,2023-01-01T03:56:18
4.892461,11.786662,2023-01-01T03:56:19
4.892461,11.786662,2023-01-01T03:56:20
4.892461,11.786662,2023-01-01T03:56:21
4.892461,11.786662,2023-01-01T03:56:22
4.892461,11.786662,2023-01-01T03:56:23
4.892461,11.786662,2023-01-01T03:56:24
4.892461,11.786662,2023-01-01T03:56:25
4.892461,11.786662,2023-01-01T03:56:26
5.003653,11.786662,2023-01-01T03:56:27
5.003653,11.786662,2023-01-01T03:56:28
5.003653,11.786662,2023-01-01T03:56:29
5.003653,11.786662,2023-01-01T03:56:30
5.003653,11.786662,2023-01-01T03:56:31
5.003653,11.786662,2023-01-01T03:56:32
5.003653,11.786662,2023-01-01T03:56:33
5.003653,11.786662,2023-01-01T03:56:34
5.003653,11.786662,2023-01-01T03:56:35
5.003653,11.786662,2023-01-01T03:56:36
5.003653,11.786662,2023-01-01T03:56:37
5.003653,11.786662,2023-01-01T03:56:38
5.003653,11.786662,2023-01-01T03:56:39
5.003653,11.786662,2023-01-01T03:56:40
5.003653,11.675467,2023-01-01T03:56:41
5.003653,11.675467,2023-01-01T03:56:42
5.003653,11.675467,2023-01-01T03:56:43
5.003653,11.675467,2023-01-01T03:56:44
5.003653,11.675467,2023-01-01T03:56:45
5.003653,11.675467,2023-01-01T03:56:46
5.003653,11.675467,2023-01-01T03:56:47
5.003653,11.675467,2023-01-01T03:56:48
5.003653,11.675467,2023-01-01T03:56:49
5.003653,11.675467,2023-01-01T03:56:50
5.003653,11.675467,2023-01-01T03:56:51
5.003653,11.675467,2023-01-01T03:56:52
5.003653,11.675467,2023-01-01T03:56:53
5.003653,11.675467,2023-01-01T03:56:54
5.003653,11.786662,2023-01-01T03:56:55
5.003653,11.786662,2023-01-01T03:56:56
5.003653,11.786662,2023-01-01T03:56:57
5.003653,11.786662,2023-01-01T03:56:58
5.003653,11.786662,2023-01-01T03:56:59
5.003653,11.786662,2023-01-01T03:57:00
5.003653,11.786662,2023-01-01T03:57:01
5.003653,11.786662,2023-01-01T03:57:02
5.003653,11.786662,2023-01-01T03:57:03
5.003653,11.786662,2023-01-01T03:57:04
5.003653,11.786662,2023-01-01T03:57:05
5.003653,11.675467,2023-01-01T03:57:06
5.003653,11.675467,2023-01-01T03:57:07
5.003653,11.675467,2023-01-01T03:57:08
5.003653,11.675467,2023-01-01T03:57:09
5.003653,11.675467,2023-01-01T03:57:10
5.003653,11.675467,2023-01-01T03:57:11
5.003653,11.675467,2023-01-01T03:57:12
5.003653,11.675467,2023-01-01T03:57:13
5.003653,11.675467,2023-01-01T03:57:14
5.003653,11.675467,2023-01-01T03:57:15
5.003653,11.675467,2023-01-01T03:57:16
4.892461,11.675467,2023-01-01T03:57:17
4.892461,11.675467,2023-01-01T03:57:18
4.892461,11.675467,2023-01-01T03:57:19
4.892461,11.675467,2023-01-01T03:57:20
4.892461,11.675467,2023-01-01T03:57:21
4.892461,11.675467,2023-01-01T03:57:22
4.892461,11.675467,2023-01-01T03:57:23
4.892461,11.675467,2023-01-01T03:57:24
4.892461,11.564272,2023-01-01T03:57:25
4.892461,11.564272,2023-01-01T03:57:26
4.892461,11.564272,2023-01-01T03:57:27
4.892461,11.564272,2023-01-01T03:57:28
4.892461,11.564272,2023-01-01T03:57:29
4.892461,11.564272,2023-01-01T03:57:30
4.892461,11.564272,2023-01-01T03:57:31
4.892461,11.564272,2023-01-01T03:57:32
4.892461,11.564272,2023-01-01T03:57:33
4.892461,11.564272,2023-01-01T03:57:34
4.892461,11.564272,2023-01-01T03:57:35
4.892461,11.564272,2023-01-01T03:57:36
4.892461,11.564272,2023-01-01T03:57:37
4.892461,11.564272,2023-01-01T03:57:38
4.892461,11.564272,2023-01-01T03:57:39
4.892461,11.564272,2023-01-01T03:57:40
4.892461,11.564272,2023-01-01T03:57:41
4.892461,11.564272,2023-01-01T03:57:42
4.892461,11.564272,2023-01-01T03:57:43
4.892461,11.564272,2023-01-01T03:57:44
4.892461,11.564272,2023-01-01T03:57:45
4.892461,11.564272,2023-01-01T03:57:46
4.892461,11.564272,2023-01-01T03:57:47
4.892461,11.453077,2023-01-01T03:57:48
4.892461,11.453077,2023-01-01T03:57:49
4.892461,11.453077,2023-01-01T03:57:50
4.892461,11.453077,2023-01-01T03:57:51
4.892461,11.453077,2023-01-01T03:57:52
4.892461,11.453077,2023-01-01T03:57:53
4.892461,11.453077,2023-01-01T03:57:54
4.892461,11.453077,2023-01-01T03:57:55
4.892461,11.453077,2023-01-01T03:57:56
4.892461,11.453077,2023-01-01T03:57:57
4.892461,11.453077,2023-01-01T03:57:58
4.892461,11.453077,2023-01-01T03:57:59
4.781268,11.453077,2023-01-01T03:58:00
4.781268,11.453077,2023-01-01T03:58:01
4.781268,11.453077,2023-01-01T03:58:02
4.781268,11.453077,2023-01-01T03:58:03
4.781268,11.453077,2023-01-01T03:58:04
4.781268,11.453077,2023-01-01T03:58:05
4.781268,11.453077,2023-01-01T03:58:06
4.781268,11.453077,2023-01-01T03:58:07
4.781268,11.453077,2023-01-01T03:58:08
4.781268,11.453077,2023-01-01T03:58:09
4.781268,11.453077,2023-01-01T03:58:10
4.781268,11.453077,2023-01-01T03:58:11
4.781268,11.453077,2023-01-01T03:58:12
4.781268,11.453077,2023-01-01T03:58:13
4.781268,11.453077,2023-01-01T03:58:14
4.781268,11.453077,2023-01-01T03:58:15
4.781268,11.453077,2023-01-01T03:58:16
4.781268,11.453077,2023-01-01T03:58:17
4.781268,11.453077,2023-01-01T03:58:18
4.781268,11.453077,2023-01-01T03:58:19
4.781268,11.453077,2023-01-01T03:58:20
4.781268,11.453077,2023-01-01T03:58:21
4.781268,11.453077,2023-01-01T03:58:22
4.781268,11.453077,2023-01-01T03:58:23
4.781268,11.453077,2023-01-01T03:58:24
4.781268,11.453077,2023-01-01T03:58:25
4.781268,11.341883,2023-01-01T03:58:26
4.781268,11.341883,2023-01-01T03:58:27
4.781268,11.341883,2023-01-01T03:58:28
4.781268,11.341883,2023-01-01T03:58:29
4.781268,11.341883,2023-01-01T03:58:30
4.781268,11.341883,2023-01-01T03:58:31
4.781268,11.341883,2023-01-01T03:58:32
4.781268,11.341883,2023-01-01T03:58:33
4.781268,11.341883,2023-01-01T03:58:34
4.781268,11.341883,2023-01-01T03:58:35
4.781268,11.341883,2023-01-01T03:58:36
4.781268,11.341883,2023-01-01T03:58:37
4.781268,11.341883,2023-01-01T03:58:38
4.781268,11.341883,2023-01-01T03:58:39
4.781268,11.341883,2023-01-01T03:58:40
4.781268,11.341883,2023-01-01T03:58:41
4.781268,11.341883,2023-01-01T03:58:42
4.781268,11.341883,2023-01-01T03:58:43
4.781268,11.341883,2023-01-01T03:58:44
4.781268,11.341883,2023-01-01T03:58:45
4.781268,11.341883,2023-01-01T03:58:46
4.781268,11.341883,2023-01-01T03:58:47
4.781268,11.341883,2023-01-01T03:58:48
4.781268,11.341883,2023-01-01T03:58:49
4.781268,11.341883,2023-01-01T03:58:50
4.781268,11.341883,2023-01-01T03:58:51
4.781268,11.341883,2023-01-01T03:58:52
4.781268,11.341883,2023-01-01T03:58:53
4.781268,11.341883,2023-01-01T03:58:54
4.781268,11.341883,2023-01-01T03:58:55
4.781268,11.341883,2023-01-01T03:58:56
4.781268,11.341883,2023-01-01T03:58:57
4.781268,11.341883,2023-01-01T03:58:58
4.781268,11.341883,2023-01-01T03:58:59
4.781268,11.341883,2023-01-01T03:59:00
4.781268,11.230688,2023-01-01T03:59:01
4.781268,11.230688,2023-01-01T03:59:02
4.781268,11.230688,2023-01-01T03:59:03
4.781268,11.230688,2023-01-01T03:59:04
4.781268,11.230688,2023-01-01T03:59:05
4.781268,11.230688,2023-01-01T03:59:06
4.781268,11.230688,2023-01-01T03:59:07
4.781268,11.230688,2023-01-01T03:59:08
4.781268,11.230688,2023-01-01T03:59:09
4.781268,11.230688,2023-01-01T03:59:10
4.781268,11.230688,2023-01-01T03:59:11
4.781268,11.230688,2023-01-01T03:59:12
4.781268,11.230688,2023-01-01T03:59:13
4.781268,11.230688,2023-01-01T03:59:14
4.781268,11.230688,2023-01-01T03:59:15
4.781268,11.230688,2023-01-01T03:59:16
4.670076,11.230688,2023-01-01T03:59:17
4.670076,11.230688,2023-01-01T03:59:18
4.670076,11.230688,2023-01-01T03:59:19
4.670076,11.230688,2023-01-01T03:59:20
4.670076,11.230688,2023-01-01T03:59:21
4.670076,11.230688,2023-01-01T03:59:22
4.670076,11.230688,2023-01-01T03:59:23
4.670076,11.230688,2023-01-01T03:59:24
4.670076,11.230688,2023-01-01T03:59:25
4.670076,11.230688,2023-01-01T03:59:26
4.670076,11.230688,2023-01-01T03:59:27
4.670076,11.230688,2023-01-01T03:59:28
4.670076,11.230688,2023-01-01T03:59:29
4.670076,11.230688,2023-01-01T03:59:30
4.670076,11.230688,2023-01-01T03:59:31
4.670076,11.230688,2023-01-01T03:59:32
4.670076,11.230688,2023-01-01T03:59:33
4.670076,11.230688,2023-01-01T03:59:34
4.670076,11.230688,2023-01-01T03:59:35
4.670076,11.230688,2023-01-01T03:59:36
4.670076,11.230688,2023-01-01T03:59:37
4.558884,11.230688,2023-01-01T03:59:38
4.558884,11.230688,2023-01-01T03:59:39
4.558884,11.119493,2023-01-01T03:59:40
4.558884,11.119493,2023-01-01T03:59:41
4.558884,11.119493,2023-01-01T03:59:42
4.558884,11.119493,2023-01-01T03:59:43
4.558884,11.119493,2023-01-01T03:59:44
4.558884,11.119493,2023-01-01T03:59:45
4.558884,11.119493,2023-01-01T03:59:46
4.558884,11.119493,2023-01-01T03:59:47
4.558884,11.119493,2023-01-01T03:59:48
4.558884,11.119493,2023-01-01T03:59:49
4.558884,11.119493,2023-01-01T03:59:50
4.447691,11.119493,2023-01-01T03:59:51
4.447691,11.119493,2023-01-01T03:59:52
4.447691,11.119493,2023-01-01T03:59:53
4.447691,11.119493,2023-01-01T03:59:54
4.447691,11.119493,2023-01-01T03:59:55
4.447691,11.119493,2023-01-01T03:59:56
4.447691,11.119493,2023-01-01T03:59:57
4.447691,11.119493,2023-01-01T03:59:58
4.447691,11.119493,2023-01-01T03:59:59
4.447691,11.119493,2023-01-01T04:00:00
4.447691,11.119493,2023-01-01T04:00:01
4.447691,11.008298,2023-01-01T04:00:02
4.447691,11.008298,2023-01-01T04:00:03
4.447691,11.008298,2023-01-01T04:00:04
4.447691,11.008298,2023-01-01T04:00:05
4.447691,11.008298,2023-01-01T04:00:06
4.447691,11.008298,2023-01-01T04:00:07
4.447691,11.008298,2023-01-01T04:00:08
4.447691,11.008298,2023-01-01T04:00:09
4.447691,11.008298,2023-01-01T04:00:10
4.447691,11.008298,2023-01-01T04:00:11
4.447691,11.008298,2023-01-01T04:00:12
4.447691,11.008298,2023-01-01T04:00:13
4.447691,11.008298,2023-01-01T04:00:14
4.447691,11.008298,2023-01-01T04:00:15
4.447691,11.008298,2023-01-01T04:00:16
4.447691,10.897103,2023-01-01T04:00:17
4.447691,10.897103,2023-01-01T04:00:18
4.447691,10.897103,2023-01-01T04:00:19
4.447691,10.897103,2023-01-01T04:00:20
4.447691,10.897103,2023-01-01T04:00:21
4.447691,10.897103,2023-01-01T04:00:22
4.447691,10.897103,2023-01-01T04:00:23
4.447691,10.897103,2023-01-01T04:00:24
4.447691,10.897103,2023-01-01T04:00:25
4.447691,10.897103,2023-01-01T04:00:26
4.558884,10.897103,2023-01-01T04:00:27
4.558884,10.897103,2023-01-01T04:00:28
4.558884,10.897103,2023-01-01T04:00:29
4.558884,10.897103,2023-01-01T04:00:30
4.558884,10.897103,2023-01-01T04:00:31
4.670076,10.897103,2023-01-01T04:00:32
4.670076,10.897103,2023-01-01T04:00:33
4.670076,10.897103,2023-01-01T04:00:34
4.670076,10.897103,2023-01-01T04:00:35
4.781268,10.897103,2023-01-01T04:00:36
4.781268,10.897103,2023-01-01T04:00:37
4.781268,10.897103,2023-01-01T04:00:38
4.892461,10.897103,2023-01-01T04:00:39
4.892461,10.897103,2023-01-01T04:00:40
5.003653,10.897103,2023-01-01T04:00:41
5.003653,10.897103,2023-01-01T04:00:42
5.003653,10.897103,2023-01-01T04:00:43
5.114845,10.897103,2023-01-01T04:00:44
5.114845,10.897103,2023-01-01T04:00:45
5.226037,10.897103,2023-01-01T04:00:46
5.226037,10.785908,2023-01-01T04:00:47
5.337230,10.785908,2023-01-01T04:00:48
5.337230,10.785908,2023-01-01T04:00:49
5.448422,10.785908,2023-01-01T04:00:50
5.559614,10.785908,2023-01-01T04:00:51
5.559614,10.785908,2023-01-01T04:00:52
5.670807,10.785908,2023-01-01T04:00:53
5.670807,10.785908,2023-01-01T04:00:54
5.781999,10.785908,2023-01-01T04:00:55
5.781999,10.785908,2023-01-01T04:00:56
5.781999,10.785908,2023-01-01T04:00:57
5.781999,10.785908,2023-01-01T04:00:58
5.781999,10.785908,2023-01-01T04:00:59
5.781999,10.785908,2023-01-01T04:01:00
5.781999,10.785908,2023-01-01T04:01:01
5.781999,10.785908,2023-01-01T04:01:02
5.893191,10.785908,2023-01-01T04:01:03
5.893191,10.785908,2023-01-01T04:01:04
5.893191,10.785908,2023-01-01T04:01:05
5.893191,10.785908,2023-01-01T04:01:06
5.893191,10.785908,2023-01-01T04:01:07
5.893191,10.785908,2023-01-01T04:01:08
5.893191,10.785908,2023-01-01T04:01:09
5.893191,10.785908,2023-01-01T04:01:10
5.893191,10.785908,2023-01-01T04:01:11
5.893191,10.785908,2023-01-01T04:01:12
5.893191,10.785908,2023-01-01T04:01:13
5.893191,10.785908,2023-01-01T04:01:14
6.004383,10.785908,2023-01-01T04:01:15
6.004383,10.785908,2023-01-01T04:01:16
6.004383,10.785908,2023-01-01T04:01:17
6.004383,10.785908,2023-01-01T04:01:18
6.004383,10.785908,2023-01-01T04:01:19
6.004383,10.785908,2023-01-01T04:01:20
6.004383,10.785908,2023-01-01T04:01:21
6.004383,10.785908,2023-01-01T04:01:22
6.004383,10.785908,2023-01-01T04:01:23
6.004383,10.785908,2023-01-01T04:01:24
6.004383,10.785908,2023-01-01T04:01:25
6.004383,10.785908,2023-01-01T04:01:26
5.893191,10.785908,2023-01-01T04:01:27
5.893191,10.785908,2023-01-01T04:01:28
5.893191,10.785908,2023-01-01T04:01:29
5.781999,10.785908,2023-01-01T04:01:30
5.781999,10.785908,2023-01-01T04:01:31
5.781999,10.785908,2023-01-01T04:01:32
5.670807,10.785908,2023-01-01T04:01:33
5.670807,10.785908,2023-01-01T04:01:34
5.670807,10.785908,2023-01-01T04:01:35
5.559614,10.785908,2023-01-01T04:01:36
5.559614,10.785908,2023-01-01T04:01:37
5.559614,10.785908,2023-01-01T04:01:38
5.559614,10.785908,2023-01-01T04:01:39
5.448422,10.785908,2023-01-01T04:01:40
5.448422,10.785908,2023-01-01T04:01:41
5.448422,10.785908,2023-01-01T04:01:42
5.337230,10.785908,2023-01-01T04:01:43
5.337230,10.785908,2023-01-01T04:01:44
5.337230,10.785908,2023-01-01T04:01:45
5.337230,10.785908,2023-01-01T04:01:46
5.226037,10.785908,2023-01-01T04:01:47
5.226037,10.785908,2023-01-01T04:01:48
5.226037,10.785908,2023-01-01T04:01:49
5.226037,10.785908,2023-01-01T04:01:50
5.114845,10.785908,2023-01-01T04:01:51
5.114845,10.785908,2023-01-01T04:01:52
5.114845,10.785908,2023-01-01T04:01:53
5.114845,10.785908,2023-01-01T04:01:54
5.114845,10.785908,2023-01-01T04:01:55
5.003653,10.785908,2023-01-01T04:01:56
5.003653,10.785908,2023-01-01T04:01:57
5.003653,10.785908,2023-01-01T04:01:58
5.003653,10.785908,2023-01-01T04:01:59
5.003653,10.785908,2023-01-01T04:02:00
5.003653,10.897103,2023-01-01T04:02:01
5.003653,10.897103,2023-01-01T04:02:02
5.003653,10.897103,2023-01-01T04:02:03
5.003653,10.897103,2023-01-01T04:02:04
5.003653,10.897103,2023-01-01T04:02:05
4.892461,10.897103,2023-01-01T04:02:06
4.892461,10.897103,2023-01-01T04:02:07
4.892461,10.897103,2023-01-01T04:02:08
4.892461,10.897103,2023-01-01T04:02:09
4.892461,10.897103,2023-01-01T04:02:10
4.892461,10.897103,2023-01-01T04:02:11
4.892461,10.897103,2023-01-01T04:02:12
4.892461,10.897103,2023-01-01T04:02:13
4.892461,10.897103,2023-01-01T04:02:14
4.781268,10.897103,2023-01-01T04:02:15
4.781268,10.897103,2023-01-01T04:02:16
4.781268,10.785908,2023-01-01T04:02:17
4.781268,10.785908,2023-01-01T04:02:18
4.781268,10.785908,2023-01-01T04:02:19
4.781268,10.785908,2023-01-01T04:02:20
4.781268,10.785908,2023-01-01T04:02:21
4.781268,10.785908,2023-01-01T04:02:22
4.670076,10.785908,2023-01-01T04:02:23
4.670076,10.785908,2023-01-01T04:02:24
4.670076,10.785908,2023-01-01T04:02:25
4.670076,10.785908,2023-01-01T04:02:26
4.670076,10.785908,2023-01-01T04:02:27
4.670076,10.785908,2023-01-01T04:02:28
4.670076,10.785908,2023-01-01T04:02:29
4.670076,10.785908,2023-01-01T04:02:30
4.670076,10.785908,2023-01-01T04:02:31
4.670076,10.785908,2023-01-01T04:02:32
4.670076,10.785908,2023-01-01T04:02:33
4.558884,10.785908,2023-01-01T04:02:34
4.558884,10.785908,2023-01-01T04:02:35
4.558884,10.785908,2023-01-01T04:02:36
4.558884,10.785908,2023-01-01T04:02:37
4.558884,10.785908,2023-01-01T04:02:38
4.558884,10.785908,2023-01-01T04:02:39
4.558884,10.785908,2023-01-01T04:02:40
4.558884,10.785908,2023-01-01T04:02:41
4.447691,10.785908,2023-01-01T04:02:42
4.447691,10.785908,2023-01-01T04:02:43
4.447691,10.785908,2023-01-01T04:02:44
4.447691,10.674713,2023-01-01T04:02:45
4.447691,10.674713,2023-01-01T04:02:46
4.447691,10.674713,2023-01-01T04:02:47
4.447691,10.674713,2023-01-01T04:02:48
4.336499,10.674713,2023-01-01T04:02:49
4.336499,10.674713,2023-01-01T04:02:50
4.336499,10.674713,2023-01-01T04:02:51
4.336499,10.674713,2023-01-01T04:02:52
4.336499,10.674713,2023-01-01T04:02:53
4.336499,10.674713,2023-01-01T04:02:54
4.336499,10.674713,2023-01-01T04:02:55
4.336499,10.674713,2023-01-01T04:02:56
4.225307,10.674713,2023-01-01T04:02:57
4.225307,10.674713,2023-01-01T04:02:58
4.225307,10.674713,2023-01-01T04:02:59
4.225307,10.674713,2023-01-01T04:03:00
4.225307,10.674713,2023-01-01T04:03:01
4.225307,10.674713,2023-01-01T04:03:02
4.225307,10.674713,2023-01-01T04:03:03
4.225307,10.674713,2023-01-01T04:03:04
4.225307,10.785908,2023-01-01T04:03:05
4.225307,10.785908,2023-01-01T04:03:06
4.225307,10.785908,2023-01-01T04:03:07
4.225307,10.785908,2023-01-01T04:03:08
4.225307,10.785908,2023-01-01T04:03:09
4.225307,10.785908,2023-01-01T04:03:10
4.114115,10.785908,2023-01-01T04:03:11
4.114115,10.785908,2023-01-01T04:03:12
4.114115,10.785908,2023-01-01T04:03:13
4.114115,10.785908,2023-01-01T04:03:14
4.114115,10.785908,2023-01-01T04:03:15
4.114115,10.785908,2023-01-01T04:03:16
4.114115,10.785908,2023-01-01T04:03:17
4.114115,10.785908,2023-01-01T04:03:18
4.114115,10.785908,2023-01-01T04:03:19
4.114115,10.785908,2023-01-01T04:03:20
4.114115,10.785908,2023-01-01T04:03:21
4.114115,10.785908,2023-01-01T04:03:22
4.114115,10.785908,2023-01-01T04:03:23
4.114115,10.785908,2023-01-01T04:03:24
4.114115,10.785908,2023-01-01T04:03:25
4.002922,10.785908,2023-01-01T04:03:26
4.002922,10.785908,2023-01-01T04:03:27
4.002922,10.785908,2023-01-01T04:03:28
4.002922,10.785908,2023-01-01T04:03:29
4.002922,10.785908,2023-01-01T04:03:30
4.002922,10.785908,2023-01-01T04:03:31
4.002922,10.785908,2023-01-01T04:03:32
4.002922,10.785908,2023-01-01T04:03:33
3.891730,10.785908,2023-01-01T04:03:34
3.891730,10.785908,2023-01-01T04:03:35
3.891730,10.785908,2023-01-01T04:03:36
3.891730,10.785908,2023-01-01T04:03:37
3.891730,10.785908,2023-01-01T04:03:38
3.891730,10.897103,2023-01-01T04:03:39
3.891730,10.897103,2023-01-01T04:03:40
3.891730,10.897103,2023-01-01T04:03:41
3.891730,10.897103,2023-01-01T04:03:42
3.780538,10.897103,2023-01-01T04:03:43
3.780538,10.897103,2023-01-01T04:03:44
3.780538,10.897103,2023-01-01T04:03:45
3.780538,10.897103,2023-01-01T04:03:46
3.780538,10.897103,2023-01-01T04:03:47
3.780538,10.897103,2023-01-01T04:03:48
3.780538,10.897103,2023-01-01T04:03:49
3.780538,10.897103,2023-01-01T04:03:50
3.780538,10.897103,2023-01-01T04:03:51
3.780538,10.897103,2023-01-01T04:03:52
3.780538,10.897103,2023-01-01T04:03:53
3.780538,10.897103,2023-01-01T04:03:54
3.669345,10.897103,2023-01-01T04:03:55
3.780538,10.897103,2023-01-01T04:03:56
3.780538,10.897103,2023-01-01T04:03:57
3.780538,10.897103,2023-01-01T04:03:58
3.780538,10.897103,2023-01-01T04:03:59
3.780538,10.897103,2023-01-01T04:04:00
3.780538,10.897103,2023-01-01T04:04:01
3.780538,10.897103,2023-01-01T04:04:02
3.780538,10.897103,2023-01-01T04:04:03
3.780538,10.897103,2023-01-01T04:04:04
3.780538,10.897103,2023-01-01T04:04:05
3.780538,10.897103,2023-01-01T04:04:06
3.780538,10.897103,2023-01-01T04:04:07
3.891730,10.897103,2023-01-01T04:04:08
3.891730,10.897103,2023-01-01T04:04:09
3.891730,10.897103,2023-01-01T04:04:10
3.891730,10.897103,2023-01-01T04:04:11
3.891730,10.897103,2023-01-01T04:04:12
3.891730,10.897103,2023-01-01T04:04:13
3.891730,10.897103,2023-01-01T04:04:14
3.891730,10.785908,2023-01-01T04:04:15
3.891730,10.785908,2023-01-01T04:04:16
3.891730,10.785908,2023-01-01T04:04:17
3.891730,10.785908,2023-01-01T04:04:18
3.891730,10.785908,2023-01-01T04:04:19
3.891730,10.785908,2023-01-01T04:04:20
3.891730,10.785908,2023-01-01T04:04:21
4.002922,10.785908,2023-01-01T04:04:22
4.002922,10.785908,2023-01-01T04:04:23
4.002922,10.785908,2023-01-01T04:04:24
4.002922,10.785908,2023-01-01T04:04:25
4.002922,10.785908,2023-01-01T04:04:26
4.002922,10.785908,2023-01-01T04:04:27
4.002922,10.785908,2023-01-01T04:04:28
4.002922,10.674713,2023-01-01T04:04:29
4.002922,10.674713,2023-01-01T04:04:30
4.002922,10.674713,2023-01-01T04:04:31
4.002922,10.674713,2023-01-01T04:04:32
4.002922,10.674713,2023-01-01T04:04:33
4.002922,10.674713,2023-01-01T04:04:34
4.002922,10.674713,2023-01-01T04:04:35
4.002922,10.674713,2023-01-01T04:04:36
4.002922,10.674713,2023-01-01T04:04:37
4.002922,10.563518,2023-01-01T04:04:38
4.002922,10.563518,2023-01-01T04:04:39
4.002922,10.563518,2023-01-01T04:04:40
4.002922,10.452323,2023-01-01T04:04:41
4.002922,10.452323,2023-01-01T04:04:42
4.002922,10.452323,2023-01-01T04:04:43
4.002922,10.452323,2023-01-01T04:04:44
4.002922,10.341128,2023-01-01T04:04:45
4.114115,10.341128,2023-01-01T04:04:46
4.114115,10.341128,2023-01-01T04:04:47
4.114115,10.341128,2023-01-01T04:04:48
4.114115,10.341128,2023-01-01T04:04:49
4.114115,10.341128,2023-01-01T04:04:50
4.114115,10.341128,2023-01-01T04:04:51
4.114115,10.341128,2023-01-01T04:04:52
4.114115,10.341128,2023-01-01T04:04:53
4.114115,10.341128,2023-01-01T04:04:54
4.114115,10.341128,2023-01-01T04:04:55
4.114115,10.341128,2023-01-01T04:04:56
4.114115,10.341128,2023-01-01T04:04:57
4.114115,10.341128,2023-01-01T04:04:58
4.114115,10.341128,2023-01-01T04:04:59
4.114115,10.341128,2023-01-01T04:05:00
4.114115,10.341128,2023-01-01T04:05:01
4.114115,10.341128,2023-01-01T04:05:02
4.114115,10.341128,2023-01-01T04:05:03
4.114115,10.341128,2023-01-01T04:05:04
4.114115,10.341128,2023-01-01T04:05:05
4.114115,10.341128,2023-01-01T04:05:06
4.114115,10.341128,2023-01-01T04:05:07
4.114115,10.341128,2023-01-01T04:05:08
4.114115,10.341128,2023-01-01T04:05:09
4.002922,10.341128,2023-01-01T04:05:10
4.002922,10.341128,2023-01-01T04:05:11
4.002922,10.341128,2023-01-01T04:05:12
4.002922,10.341128,2023-01-01T04:05:13
4.002922,10.341128,2023-01-01T04:05:14
4.002922,10.341128,2023-01-01T04:05:15
4.002922,10.341128,2023-01-01T04:05:16
4.002922,10.341128,2023-01-01T04:05:17
4.002922,10.341128,2023-01-01T04:05:18
4.002922,10.452323,2023-01-01T04:05:19
4.002922,10.452323,2023-01-01T04:05:20
4.002922,10.452323,2023-01-01T04:05:21
4.002922,10.452323,2023-01-01T04:05:22
4.002922,10.452323,2023-01-01T04:05:23
4.002922,10.452323,2023-01-01T04:05:24
3.891730,10.452323,2023-01-01T04:05:25
3.891730,10.452323,2023-01-01T04:05:26
3.891730,10.452323,2023-01-01T04:05:27
3.891730,10.452323,2023-01-01T04:05:28
3.891730,10.452323,2023-01-01T04:05:29
3.891730,10.452323,2023-01-01T04:05:30
3.891730,10.452323,2023-01-01T04:05:31
3.780538,10.452323,2023-01-01T04:05:32
3.780538,10.563518,2023-01-01T04:05:33
3.780538,10.563518,2023-01-01T04:05:34
3.780538,10.563518,2023-01-01T04:05:35
3.780538,10.563518,2023-01-01T04:05:36
3.780538,10.563518,2023-01-01T04:05:37
3.780538,10.563518,2023-01-01T04:05:38
3.780538,10.563518,2023-01-01T04:05:39
3.780538,10.563518,2023-01-01T04:05:40
3.780538,10.563518,2023-01-01T04:05:41
3.669345,10.563518,2023-01-01T04:05:42
3.669345,10.563518,2023-01-01T04:05:43
3.669345,10.563518,2023-01-01T04:05:44
3.669345,10.563518,2023-01-01T04:05:45
3.669345,10.563518,2023-01-01T04:05:46
3.669345,10.563518,2023-01-01T04:05:47
3.669345,10.563518,2023-01-01T04:05:48
3.669345,10.563518,2023-01-01T04:05:49
3.669345,10.563518,2023-01-01T04:05:50
3.669345,10.674713,2023-01-01T04:05:51
3.669345,10.674713,2023-01-01T04:05:52
3.558153,10.674713,2023-01-01T04:05:53
3.558153,10.674713,2023-01-01T04:05:54
3.558153,10.674713,2023-01-01T04:05:55
3.558153,10.674713,2023-01-01T04:05:56
3.669345,10.674713,2023-01-01T04:05:57
3.669345,10.674713,2023-01-01T04:05:58
3.669345,10.674713,2023-01-01T04:05:59
3.669345,10.674713,2023-01-01T04:06:00
3.669345,10.674713,2023-01-01T04:06:01
3.669345,10.674713,2023-01-01T04:06:02
3.669345,10.563518,2023-01-01T04:06:03
3.669345,10.563518,2023-01-01T04:06:04
3.669345,10.563518,2023-01-01T04:06:05
3.669345,10.563518,2023-01-01T04:06:06
3.669345,10.563518,2023-01-01T04:06:07
3.780538,10.563518,2023-01-01T04:06:08
3.780538,10.563518,2023-01-01T04:06:09
3.780538,10.563518,2023-01-01T04:06:10
3.780538,10.563518,2023-01-01T04:06:11
3.780538,10.563518,2023-01-01T04:06:12
3.780538,10.563518,2023-01-01T04:06:13
3.780538,10.563518,2023-01-01T04:06:14
3.780538,10.674713,2023-01-01T04:06:15
3.780538,10.674713,2023-01-01T04:06:16
3.780538,10.674713,2023-01-01T04:06:17
3.780538,10.563518,2023-01-01T04:06:18
3.780538,10.563518,2023-01-01T04:06:19
3.780538,10.563518,2023-01-01T04:06:20
3.780538,10.563518,2023-01-01T04:06:21
3.891730,10.563518,2023-01-01T04:06:22
3.891730,10.563518,2023-01-01T04:06:23
3.891730,10.563518,2023-01-01T04:06:24
3.891730,10.563518,2023-01-01T04:06:25
3.891730,10.563518,2023-01-01T04:06:26
3.891730,10.563518,2023-01-01T04:06:27
3.891730,10.563518,2023-01-01T04:06:28
3.891730,10.563518,2023-01-01T04:06:29
3.891730,10.563518,2023-01-01T04:06:30
3.891730,10.563518,2023-01-01T04:06:31
3.891730,10.563518,2023-01-01T04:06:32
3.891730,10.563518,2023-01-01T04:06:33
3.891730,10.563518,2023-01-01T04:06:34
3.891730,10.563518,2023-01-01T04:06:35
3.891730,10.563518,2023-01-01T04:06:36
3.891730,10.563518,2023-01-01T04:06:37
3.891730,10.563518,2023-01-01T04:06:38
3.891730,10.563518,2023-01-01T04:06:39
3.891730,10.563518,2023-01-01T04:06:40
3.891730,10.563518,2023-01-01T04:06:41
3.891730,10.563518,2023-01-01T04:06:42
3.891730,10.563518,2023-01-01T04:06:43
3.891730,10.563518,2023-01-01T04:06:44
3.891730,10.563518,2023-01-01T04:06:45
3.891730,10.563518,2023-01-01T04:06:46
3.891730,10.563518,2023-01-01T04:06:47
3.891730,10.563518,2023-01-01T04:06:48
3.891730,10.563518,2023-01-01T04:06:49
3.891730,10.563518,2023-01-01T04:06:50
3.891730,10.563518,2023-01-01T04:06:51
3.891730,10.563518,2023-01-01T04:06:52
3.891730,10.563518,2023-01-01T04:06:53
3.891730,10.563518,2023-01-01T04:06:54
3.891730,10.563518,2023-01-01T04:06:55
3.891730,10.563518,2023-01-01T04:06:56
3.891730,10.563518,2023-01-01T04:06:57
3.891730,10.563518,2023-01-01T04:06:58
3.891730,10.674713,2023-01-01T04:06:59
3.891730,10.674713,2023-01-01T04:07:00
3.891730,10.674713,2023-01-01T04:07:01
3.891730,10.674713,2023-01-01T04:07:02
3.891730,10.674713,2023-01-01T04:07:03
3.891730,10.674713,2023-01-01T04:07:04
3.891730,10.674713,2023-01-01T04:07:05
3.891730,10.674713,2023-01-01T04:07:06
3.891730,10.674713,2023-01-01T04:07:07
3.891730,10.674713,2023-01-01T04:07:08
3.891730,10.674713,2023-01-01T04:07:09
3.891730,10.674713,2023-01-01T04:07:10
3.891730,10.674713,2023-01-01T04:07:11
3.891730,10.674713,2023-01-01T04:07:12
3.891730,10.674713,2023-01-01T04:07:13
3.891730,10.674713,2023-01-01T04:07:14
3.891730,10.674713,2023-01-01T04:07:15
3.891730,10.674713,2023-01-01T04:07:16
3.891730,10.674713,2023-01-01T04:07:17
3.891730,10.674713,2023-01-01T04:07:18
3.891730,10.674713,2023-01-01T04:07:19
3.891730,10.674713,2023-01-01T04:07:20
3.891730,10.674713,2023-01-01T04:07:21
3.891730,10.674713,2023-01-01T04:07:22
3.891730,10.674713,2023-01-01T04:07:23
3.891730,10.674713,2023-01-01T04:07:24
3.891730,10.674713,2023-01-01T04:07:25
3.891730,10.674713,2023-01-01T04:07:26
3.891730,10.674713,2023-01-01T04:07:27
4.002922,10.674713,2023-01-01T04:07:28
4.002922,10.674713,2023-01-01T04:07:29
4.002922,10.674713,2023-01-01T04:07:30
4.002922,10.674713,2023-01-01T04:07:31
4.002922,10.674713,2023-01-01T04:07:32
4.002922,10.674713,2023-01-01T04:07:33
4.002922,10.674713,2023-01-01T04:07:34
4.002922,10.674713,2023-01-01T04:07:35
4.002922,10.674713,2023-01-01T04:07:36
4.002922,10.674713,2023-01-01T04:07:37
4.002922,10.674713,2023-01-01T04:07:38
4.002922,10.674713,2023-01-01T04:07:39
4.002922,10.674713,2023-01-01T04:07:40
4.002922,10.674713,2023-01-01T04:07:41
4.002922,10.674713,2023-01-01T04:07:42
4.002922,10.674713,2023-01-01T04:07:43
4.002922,10.674713,2023-01-01T04:07:44
4.002922,10.674713,2023-01-01T04:07:45
4.002922,10.674713,2023-01-01T04:07:46
4.002922,10.674713,2023-01-01T04:07:47
4.002922,10.674713,2023-01-01T04:07:48
4.002922,10.674713,2023-01-01T04:07:49
4.002922,10.674713,2023-01-01T04:07:50
4.002922,10.674713,2023-01-01T04:07:51
4.002922,10.674713,2023-01-01T04:07:52
4.002922,10.674713,2023-01-01T04:07:53
4.002922,10.674713,2023-01-01T04:07:54
4.002922,10.674713,2023-01-01T04:07:55
4.002922,10.674713,2023-01-01T04:07:56
4.002922,10.674713,2023-01-01T04:07:57
4.002922,10.674713,2023-01-01T04:07:58
4.002922,10.674713,2023-01-01T04:07:59
4.002922,10.674713,2023-01-01T04:08:00
4.002922,10.674713,2023-01-01T04:08:01
4.002922,10.674713,2023-01-01T04:08:02
4.002922,10.674713,2023-01-01T04:08:03
4.002922,10.674713,2023-01-01T04:08:04
4.002922,10.674713,2023-01-01T04:08:05
4.002922,10.674713,2023-01-01T04:08:06
4.002922,10.674713,2023-01-01T04:08:07
4.002922,10.674713,2023-01-01T04:08:08
4.002922,10.674713,2023-01-01T04:08:09
4.002922,10.674713,2023-01-01T04:08:10
4.002922,10.674713,2023-01-01T04:08:11
4.002922,10.674713,2023-01-01T04:08:12
4.002922,10.674713,2023-01-01T04:08:13
4.002922,10.674713,2023-01-01T04:08:14
4.002922,10.674713,2023-01-01T04:08:15
4.002922,10.674713,2023-01-01T04:08:16
4.002922,10.674713,2023-01-01T04:08:17
4.002922,10.674713,2023-01-01T04:08:18
4.002922,10.674713,2023-01-01T04:08:19
4.002922,10.674713,2023-01-01T04:08:20
4.002922,10.674713,2023-01-01T04:08:21
4.002922,10.674713,2023-01-01T04:08:22
4.002922,10.674713,2023-01-01T04:08:23
4.002922,10.674713,2023-01-01T04:08:24
4.002922,10.674713,2023-01-01T04:08:25
4.002922,10.674713,2023-01-01T04:08:26
4.002922,10.674713,2023-01-01T04:08:27
4.002922,10.674713,2023-01-01T04:08:28
4.002922,10.674713,2023-01-01T04:08:29
4.002922,10.563518,2023-01-01T04:08:30
4.002922,10.563518,2023-01-01T04:08:31
4.002922,10.563518,2023-01-01T04:08:32
4.002922,10.563518,2023-01-01T04:08:33
4.002922,10.563518,2023-01-01T04:08:34
4.114115,10.563518,2023-01-01T04:08:35
4.114115,10.563518,2023-01-01T04:08:36
4.114115,10.563518,2023-01-01T04:08:37
4.114115,10.563518,2023-01-01T04:08:38
4.114115,10.563518,2023-01-01T04:08:39
4.114115,10.563518,2023-01-01T04:08:40
4.225307,10.563518,2023-01-01T04:08:41
4.225307,10.563518,2023-01-01T04:08:42
4.225307,10.563518,2023-01-01T04:08:43
4.225307,10.563518,2023-01-01T04:08:44
4.225307,10.563518,2023-01-01T04:08:45
4.225307,10.563518,2023-01-01T04:08:46
4.336499,10.563518,2023-01-01T04:08:47
4.336499,10.563518,2023-01-01T04:08:48
4.336499,10.563518,2023-01-01T04:08:49
4.336499,10.563518,2023-01-01T04:08:50
4.336499,10.563518,2023-01-01T04:08:51
4.336499,10.563518,2023-01-01T04:08:52
4.447691,10.563518,2023-01-01T04:08:53
4.447691,10.563518,2023-01-01T04:08:54
4.447691,10.563518,2023-01-01T04:08:55
4.447691,10.563518,2023-01-01T04:08:56
4.447691,10.563518,2023-01-01T04:08:57
4.447691,10.563518,2023-01-01T04:08:58
4.336499,10.563518,2023-01-01T04:08:59
4.336499,10.563518,2023-01-01T04:09:00
4.336499,10.563518,2023-01-01T04:09:01
4.336499,10.563518,2023-01-01T04:09:02
4.336499,10.563518,2023-01-01T04:09:03
4.336499,10.563518,2023-01-01T04:09:04
4.336499,10.563518,2023-01-01T04:09:05
4.336499,10.563518,2023-01-01T04:09:06
4.336499,10.563518,2023-01-01T04:09:07
4.336499,10.563518,2023-01-01T04:09:08
4.336499,10.563518,2023-01-01T04:09:09
4.336499,10.563518,2023-01-01T04:09:10
4.336499,10.563518,2023-01-01T04:09:11
4.336499,10.563518,2023-01-01T04:09:12
4.336499,10.563518,2023-01-01T04:09:13
4.225307,10.563518,2023-01-01T04:09:14
4.225307,10.563518,2023-01-01T04:09:15
4.225307,10.563518,2023-01-01T04:09:16
4.225307,10.563518,2023-01-01T04:09:17
4.225307,10.563518,2023-01-01T04:09:18
4.225307,10.563518,2023-01-01T04:09:19
4.225307,10.563518,2023-01-01T04:09:20
4.225307,10.563518,2023-01-01T04:09:21
4.225307,10.563518,2023-01-01T04:09:22
4.225307,10.563518,2023-01-01T04:09:23
4.225307,10.563518,2023-01-01T04:09:24
4.225307,10.563518,2023-01-01T04:09:25
4.225307,10.563518,2023-01-01T04:09:26
4.225307,10.563518,2023-01-01T04:09:27
4.225307,10.563518,2023-01-01T04:09:28
4.225307,10.563518,2023-01-01T04:09:29
4.225307,10.563518,2023-01-01T04:09:30
4.225307,10.563518,2023-01-01T04:09:31
4.225307,10.563518,2023-01-01T04:09:32
4.225307,10.563518,2023-01-01T04:09:33
4.225307,10.563518,2023-01-01T04:09:34
4.225307,10.563518,2023-01-01T04:09:35
4.225307,10.563518,2023-01-01T04:09:36
4.225307,10.563518,2023-01-01T04:09:37
4.225307,10.563518,2023-01-01T04:09:38
4.114115,10.563518,2023-01-01T04:09:39
4.114115,10.563518,2023-01-01T04:09:40
4.114115,10.563518,2023-01-01T04:09:41
4.114115,10.563518,2023-01-01T04:09:42
4.114115,10.563518,2023-01-01T04:09:43
4.114115,10.563518,2023-01-01T04:09:44
4.114115,10.563518,2023-01-01T04:09:45
4.114115,10.563518,2023-01-01T04:09:46
4.114115,10.563518,2023-01-01T04:09:47
4.114115,10.563518,2023-01-01T04:09:48
4.114115,10.563518,2023-01-01T04:09:49
4.114115,10.563518,2023-01-01T04:09:50
4.114115,10.563518,2023-01-01T04:09:51
4.114115,10.563518,2023-01-01T04:09:52
4.114115,10.563518,2023-01-01T04:09:53
4.114115,10.563518,2023-01-01T04:09:54
4.114115,10.563518,2023-01-01T04:09:55
4.114115,10.563518,2023-01-01T04:09:56
4.114115,10.563518,2023-01-01T04:09:57
4.114115,10.563518,2023-01-01T04:09:58
4.114115,10.563518,2023-01-01T04:09:59
4.114115,10.563518,2023-01-01T04:10:00
4.114115,10.563518,2023-01-01T04:10:01
4.114115,10.563518,2023-01-01T04:10:02
4.114115,10.563518,2023-01-01T04:10:03
4.114115,10.563518,2023-01-01T04:10:04
4.114115,10.563518,2023-01-01T04:10:05
4.114115,10.563518,2023-01-01T04:10:06
4.114115,10.563518,2023-01-01T04:10:07
4.114115,10.563518,2023-01-01T04:10:08
4.114115,10.563518,2023-01-01T04:10:09
4.114115,10.563518,2023-01-01T04:10:10
4.114115,10.563518,2023-01-01T04:10:11
4.114115,10.563518,2023-01-01T04:10:12
4.114115,10.563518,2023-01-01T04:10:13
4.114115,10.563518,2023-01-01T04:10:14
4.114115,10.563518,2023-01-01T04:10:15
4.114115,10.563518,2023-01-01T04:10:16
4.002922,10.563518,2023-01-01T04:10:17
4.002922,10.563518,2023-01-01T04:10:18
4.002922,10.563518,2023-01-01T04:10:19
4.002922,10.563518,2023-01-01T04:10:20
4.002922,10.563518,2023-01-01T04:10:21
4.002922,10.563518,2023-01-01T04:10:22
4.002922,10.563518,2023-01-01T04:10:23
4.002922,10.563518,2023-01-01T04:10:24
4.002922,10.563518,2023-01-01T04:10:25
4.002922,10.563518,2023-01-01T04:10:26
4.002922,10.563518,2023-01-01T04:10:27
4.002922,10.563518,2023-01-01T04:10:28
4.002922,10.563518,2023-01-01T04:10:29
4.002922,10.452323,2023-01-01T04:10:30
4.002922,10.452323,2023-01-01T04:10:31
4.002922,10.452323,2023-01-01T04:10:32
4.002922,10.452323,2023-01-01T04:10:33
4.002922,10.452323,2023-01-01T04:10:34
4.002922,10.452323,2023-01-01T04:10:35
4.002922,10.452323,2023-01-01T04:10:36
4.002922,10.452323,2023-01-01T04:10:37
4.002922,10.452323,2023-01-01T04:10:38
4.002922,10.452323,2023-01-01T04:10:39
4.002922,10.452323,2023-01-01T04:10:40
4.002922,10.452323,2023-01-01T04:10:41
3.891730,10.452323,2023-01-01T04:10:42
3.891730,10.452323,2023-01-01T04:10:43
3.891730,10.452323,2023-01-01T04:10:44
3.891730,10.452323,2023-01-01T04:10:45
3.891730,10.452323,2023-01-01T04:10:46
3.891730,10.452323,2023-01-01T04:10:47
3.891730,10.452323,2023-01-01T04:10:48
3.891730,10.452323,2023-01-01T04:10:49
3.891730,10.452323,2023-01-01T04:10:50
3.891730,10.452323,2023-01-01T04:10:51
3.891730,10.452323,2023-01-01T04:10:52
3.891730,10.452323,2023-01-01T04:10:53
3.891730,10.452323,2023-01-01T04:10:54
3.891730,10.452323,2023-01-01T04:10:55
3.891730,10.452323,2023-01-01T04:10:56
3.891730,10.452323,2023-01-01T04:10:57
3.891730,10.452323,2023-01-01T04:10:58
3.891730,10.452323,2023-01-01T04:10:59
3.891730,10.452323,2023-01-01T04:11:00
3.891730,10.452323,2023-01-01T04:11:01
3.891730,10.452323,2023-01-01T04:11:02
3.891730,10.452323,2023-01-01T04:11:03
3.891730,10.452323,2023-01-01T04:11:04
3.891730,10.452323,2023-01-01T04:11:05
3.891730,10.452323,2023-01-01T04:11:06
3.891730,10.452323,2023-01-01T04:11:07
3.891730,10.452323,2023-01-01T04:11:08
3.780538,10.452323,2023-01-01T04:11:09
3.780538,10.452323,2023-01-01T04:11:10
3.780538,10.452323,2023-01-01T04:11:11
3.780538,10.452323,2023-01-01T04:11:12
3.780538,10.452323,2023-01-01T04:11:13
3.780538,10.452323,2023-01-01T04:11:14
3.780538,10.452323,2023-01-01T04:11:15
3.780538,10.452323,2023-01-01T04:11:16
3.780538,10.452323,2023-01-01T04:11:17
3.780538,10.452323,2023-01-01T04:11:18
3.780538,10.452323,2023-01-01T04:11:19
3.780538,10.452323,2023-01-01T04:11:20
3.780538,10.452323,2023-01-01T04:11:21
3.780538,10.452323,2023-01-01T04:11:22
3.780538,10.452323,2023-01-01T04:11:23
3.780538,10.452323,2023-01-01T04:11:24
3.780538,10.452323,2023-01-01T04:11:25
3.780538,10.452323,2023-01-01T04:11:26
3.780538,10.452323,2023-01-01T04:11:27
3.780538,10.452323,2023-01-01T04:11:28
3.780538,10.452323,2023-01-01T04:11:29
3.780538,10.341128,2023-01-01T04:11:30
3.780538,10.341128,2023-01-01T04:11:31
3.780538,10.341128,2023-01-01T04:11:32
3.780538,10.341128,2023-01-01T04:11:33
3.780538,10.341128,2023-01-01T04:11:34
3.780538,10.341128,2023-01-01T04:11:35
3.780538,10.341128,2023-01-01T04:11:36
3.780538,10.341128,2023-01-01T04:11:37
3.780538,10.341128,2023-01-01T04:11:38
3.780538,10.341128,2023-01-01T04:11:39
3.780538,10.341128,2023-01-01T04:11:40
3.780538,10.341128,2023-01-01T04:11:41
3.780538,10.341128,2023-01-01T04:11:42
3.780538,10.341128,2023-01-01T04:11:43
3.780538,10.341128,2023-01-01T04:11:44
3.780538,10.341128,2023-01-01T04:11:45
3.780538,10.341128,2023-01-01T04:11:46
3.780538,10.341128,2023-01-01T04:11:47
3.780538,10.341128,2023-01-01T04:11:48
3.780538,10.341128,2023-01-01T04:11:49
3.780538,10.341128,2023-01-01T04:11:50
3.780538,10.341128,2023-01-01T04:11:51
3.780538,10.341128,2023-01-01T04:11:52
3.780538,10.341128,2023-01-01T04:11:53
3.780538,10.341128,2023-01-01T04:11:54
3.780538,10.341128,2023-01-01T04:11:55
3.780538,10.341128,2023-01-01T04:11:56
3.780538,10.341128,2023-01-01T04:11:57
3.780538,10.341128,2023-01-01T04:11:58
3.780538,10.341128,2023-01-01T04:11:59
3.780538,10.341128,2023-01-01T04:12:00
3.780538,10.341128,2023-01-01T04:12:01
3.780538,10.341128,2023-01-01T04:12:02
3.780538,10.341128,2023-01-01T04:12:03
3.780538,10.341128,2023-01-01T04:12:04
3.891730,10.341128,2023-01-01T04:12:05
3.891730,10.341128,2023-01-01T04:12:06
3.891730,10.229933,2023-01-01T04:12:07
3.891730,10.229933,2023-01-01T04:12:08
3.891730,10.229933,2023-01-01T04:12:09
3.891730,10.229933,2023-01-01T04:12:10
3.891730,10.229933,2023-01-01T04:12:11
3.891730,10.229933,2023-01-01T04:12:12
3.891730,10.229933,2023-01-01T04:12:13
3.891730,10.229933,2023-01-01T04:12:14
3.891730,10.229933,2023-01-01T04:12:15
3.891730,10.229933,2023-01-01T04:12:16
3.891730,10.229933,2023-01-01T04:12:17
3.891730,10.229933,2023-01-01T04:12:18
3.891730,10.229933,2023-01-01T04:12:19
3.891730,10.229933,2023-01-01T04:12:20
3.891730,10.229933,2023-01-01T04:12:21
3.891730,10.229933,2023-01-01T04:12:22
3.891730,10.229933,2023-01-01T04:12:23
3.891730,10.229933,2023-01-01T04:12:24
3.891730,10.229933,2023-01-01T04:12:25
3.891730,10.229933,2023-01-01T04:12:26
3.891730,10.229933,2023-01-01T04:12:27
3.891730,10.229933,2023-01-01T04:12:28
3.891730,10.229933,2023-01-01T04:12:29
3.891730,10.229933,2023-01-01T04:12:30
3.891730,10.229933,2023-01-01T04:12:31
3.891730,10.229933,2023-01-01T04:12:32
3.891730,10.229933,2023-01-01T04:12:33
3.891730,10.229933,2023-01-01T04:12:34
3.891730,10.229933,2023-01-01T04:12:35
3.891730,10.229933,2023-01-01T04:12:36
3.891730,10.229933,2023-01-01T04:12:37
3.891730,10.229933,2023-01-01T04:12:38
3.891730,10.229933,2023-01-01T04:12:39
3.891730,10.229933,2023-01-01T04:12:40
3.891730,10.229933,2023-01-01T04:12:41
3.891730,10.229933,2023-01-01T04:12:42
3.891730,10.229933,2023-01-01T04:12:43
3.891730,10.229933,2023-01-01T04:12:44
3.891730,10.229933,2023-01-01T04:12:45
3.891730,10.229933,2023-01-01T04:12:46
3.891730,10.229933,2023-01-01T04:12:47
3.891730,10.229933,2023-01-01T04:12:48
3.891730,10.229933,2023-01-01T04:12:49
3.891730,10.229933,2023-01-01T04:12:50
3.891730,10.229933,2023-01-01T04:12:51
3.891730,10.229933,2023-01-01T04:12:52
3.891730,10.229933,2023-01-01T04:12:53
3.891730,10.229933,2023-01-01T04:12:54
3.891730,10.229933,2023-01-01T04:12:55
3.891730,10.341128,2023-01-01T04:12:56
3.891730,10.341128,2023-01-01T04:12:57
3.891730,10.341128,2023-01-01T04:12:58
3.891730,10.341128,2023-01-01T04:12:59
3.891730,10.341128,2023-01-01T04:13:00
3.891730,10.341128,2023-01-01T04:13:01
3.891730,10.341128,2023-01-01T04:13:02
3.891730,10.341128,2023-01-01T04:13:03
3.891730,10.341128,2023-01-01T04:13:04
3.891730,10.341128,2023-01-01T04:13:05
3.891730,10.341128,2023-01-01T04:13:06
3.891730,10.341128,2023-01-01T04:13:07
3.780538,10.341128,2023-01-01T04:13:08
3.780538,10.341128,2023-01-01T04:13:09
3.780538,10.341128,2023-01-01T04:13:10
3.780538,10.341128,2023-01-01T04:13:11
3.780538,10.452323,2023-01-01T04:13:12
3.780538,10.452323,2023-01-01T04:13:13
3.780538,10.452323,2023-01-01T04:13:14
3.780538,10.452323,2023-01-01T04:13:15
3.780538,10.452323,2023-01-01T04:13:16
3.780538,10.452323,2023-01-01T04:13:17
3.780538,10.452323,2023-01-01T04:13:18
3.780538,10.452323,2023-01-01T04:13:19
3.780538,10.563518,2023-01-01T04:13:20
3.669345,10.563518,2023-01-01T04:13:21
3.669345,10.563518,2023-01-01T04:13:22
3.669345,10.563518,2023-01-01T04:13:23
3.669345,10.563518,2023-01-01T04:13:24
3.669345,10.563518,2023-01-01T04:13:25
3.669345,10.674713,2023-01-01T04:13:26
3.669345,10.674713,2023-01-01T04:13:27
3.669345,10.674713,2023-01-01T04:13:28
3.669345,10.674713,2023-01-01T04:13:29
3.558153,10.674713,2023-01-01T04:13:30
3.558153,10.785908,2023-01-01T04:13:31
3.558153,10.785908,2023-01-01T04:13:32
3.558153,10.785908,2023-01-01T04:13:33
3.558153,10.785908,2023-01-01T04:13:34
3.558153,10.785908,2023-01-01T04:13:35
3.558153,10.897103,2023-01-01T04:13:36
3.446961,10.897103,2023-01-01T04:13:37
3.446961,11.008298,2023-01-01T04:13:38
3.446961,11.008298,2023-01-01T04:13:39
3.446961,11.008298,2023-01-01T04:13:40
3.446961,11.119493,2023-01-01T04:13:41
3.446961,11.119493,2023-01-01T04:13:42
3.335769,11.119493,2023-01-01T04:13:43
3.335769,11.230688,2023-01-01T04:13:44
3.335769,11.230688,2023-01-01T04:13:45
3.335769,11.341883,2023-01-01T04:13:46
3.335769,11.341883,2023-01-01T04:13:47
3.335769,11.341883,2023-01-01T04:13:48
3.335769,11.453077,2023-01-01T04:13:49
3.224576,11.453077,2023-01-01T04:13:50
3.224576,11.453077,2023-01-01T04:13:51
3.224576,11.564272,2023-01-01T04:13:52
3.224576,11.564272,2023-01-01T04:13:53
3.224576,11.564272,2023-01-01T04:13:54
3.224576,11.675467,2023-01-01T04:13:55
3.224576,11.675467,2023-01-01T04:13:56
3.224576,11.675467,2023-01-01T04:13:57
3.224576,11.675467,2023-01-01T04:13:58
3.224576,11.675467,2023-01-01T04:13:59
3.224576,11.675467,2023-01-01T04:14:00
3.224576,11.675467,2023-01-01T04:14:01
3.224576,11.675467,2023-01-01T04:14:02
3.224576,11.675467,2023-01-01T04:14:03
3.224576,11.675467,2023-01-01T04:14:04
3.224576,11.675467,2023-01-01T04:14:05
3.224576,11.675467,2023-01-01T04:14:06
3.224576,11.675467,2023-01-01T04:14:07
3.224576,11.675467,2023-01-01T04:14:08
3.224576,11.786662,2023-01-01T04:14:09
3.224576,11.786662,2023-01-01T04:14:10
3.335769,11.786662,2023-01-01T04:14:11
3.335769,11.786662,2023-01-01T04:14:12
3.335769,11.786662,2023-01-01T04:14:13
3.335769,11.786662,2023-01-01T04:14:14
3.335769,11.786662,2023-01-01T04:14:15
3.335769,11.786662,2023-01-01T04:14:16
3.335769,11.786662,2023-01-01T04:14:17
3.335769,11.786662,2023-01-01T04:14:18
3.335769,11.786662,2023-01-01T04:14:19
3.335769,11.786662,2023-01-01T04:14:20
3.335769,11.786662,2023-01-01T04:14:21
3.335769,11.786662,2023-01-01T04:14:22
3.335769,11.786662,2023-01-01T04:14:23
3.335769,11.786662,2023-01-01T04:14:24
3.335769,11.786662,2023-01-01T04:14:25
3.335769,11.786662,2023-01-01T04:14:26
3.335769,11.786662,2023-01-01T04:14:27
3.335769,11.786662,2023-01-01T04:14:28
3.335769,11.786662,2023-01-01T04:14:29
3.335769,11.786662,2023-01-01T04:14:30
3.335769,11.786662,2023-01-01T04:14:31
3.335769,11.675467,2023-01-01T04:14:32
3.335769,11.675467,2023-01-01T04:14:33
3.335769,11.675467,2023-01-01T04:14:34
3.335769,11.675467,2023-01-01T04:14:35
3.335769,11.675467,2023-01-01T04:14:36
3.335769,11.675467,2023-01-01T04:14:37
3.335769,11.675467,2023-01-01T04:14:38
3.446961,11.675467,2023-01-01T04:14:39
3.446961,11.675467,2023-01-01T04:14:40
3.446961,11.564272,2023-01-01T04:14:41
3.446961,11.564272,2023-01-01T04:14:42
3.446961,11.564272,2023-01-01T04:14:43
3.446961,11.564272,2023-01-01T04:14:44
3.446961,11.564272,2023-01-01T04:14:45
3.446961,11.564272,2023-01-01T04:14:46
3.446961,11.564272,2023-01-01T04:14:47
3.446961,11.564272,2023-01-01T04:14:48
3.446961,11.564272,2023-01-01T04:14:49
3.446961,11.564272,2023-01-01T04:14:50
3.446961,11.564272,2023-01-01T04:14:51
3.446961,11.564272,2023-01-01T04:14:52
3.446961,11.453077,2023-01-01T04:14:53
3.446961,11.453077,2023-01-01T04:14:54
3.446961,11.453077,2023-01-01T04:14:55
3.446961,11.453077,2023-01-01T04:14:56
3.335769,11.453077,2023-01-01T04:14:57
3.335769,11.453077,2023-01-01T04:14:58
3.335769,11.453077,2023-01-01T04:14:59
3.224576,11.453077,2023-01-01T04:15:00
3.224576,11.453077,2023-01-01T04:15:01
3.113384,11.453077,2023-01-01T04:15:02
3.113384,11.453077,2023-01-01T04:15:03
3.002192,11.453077,2023-01-01T04:15:04
3.002192,11.453077,2023-01-01T04:15:05
2.890999,11.453077,2023-01-01T04:15:06
2.890999,11.453077,2023-01-01T04:15:07
2.779807,11.453077,2023-01-01T04:15:08
2.779807,11.453077,2023-01-01T04:15:09
2.779807,11.453077,2023-01-01T04:15:10
2.668615,11.453077,2023-01-01T04:15:11
2.668615,11.453077,2023-01-01T04:15:12
2.557423,11.453077,2023-01-01T04:15:13
2.557423,11.453077,2023-01-01T04:15:14
2.557423,11.453077,2023-01-01T04:15:15
2.446230,11.564272,2023-01-01T04:15:16
2.446230,11.564272,2023-01-01T04:15:17
2.335038,11.564272,2023-01-01T04:15:18
2.335038,11.564272,2023-01-01T04:15:19
2.335038,11.564272,2023-01-01T04:15:20
2.223846,11.564272,2023-01-01T04:15:21
2.223846,11.564272,2023-01-01T04:15:22
2.223846,11.564272,2023-01-01T04:15:23
2.112653,11.564272,2023-01-01T04:15:24
2.223846,11.564272,2023-01-01T04:15:25
2.223846,11.453077,2023-01-01T04:15:26
2.223846,11.453077,2023-01-01T04:15:27
2.223846,11.453077,2023-01-01T04:15:28
2.335038,11.453077,2023-01-01T04:15:29
2.335038,11.453077,2023-01-01T04:15:30
2.335038,11.453077,2023-01-01T04:15:31
2.335038,11.453077,2023-01-01T04:15:32
2.335038,11.453077,2023-01-01T04:15:33
2.446230,11.453077,2023-01-01T04:15:34
2.446230,11.453077,2023-01-01T04:15:35
2.446230,11.453077,2023-01-01T04:15:36
2.446230,11.341883,2023-01-01T04:15:37
2.446230,11.341883,2023-01-01T04:15:38
2.446230,11.341883,2023-01-01T04:15:39
2.557423,11.341883,2023-01-01T04:15:40
2.557423,11.341883,2023-01-01T04:15:41
2.557423,11.341883,2023-01-01T04:15:42
2.557423,11.341883,2023-01-01T04:15:43
2.557423,11.341883,2023-01-01T04:15:44
2.557423,11.341883,2023-01-01T04:15:45
2.668615,11.341883,2023-01-01T04:15:46
2.668615,11.341883,2023-01-01T04:15:47
2.668615,11.341883,2023-01-01T04:15:48
2.668615,11.341883,2023-01-01T04:15:49
2.668615,11.230688,2023-01-01T04:15:50
2.668615,11.230688,2023-01-01T04:15:51
2.668615,11.230688,2023-01-01T04:15:52
2.668615,11.230688,2023-01-01T04:15:53
2.668615,11.230688,2023-01-01T04:15:54
2.779807,11.230688,2023-01-01T04:15:55
2.779807,11.230688,2023-01-01T04:15:56
2.779807,11.230688,2023-01-01T04:15:57
2.779807,11.230688,2023-01-01T04:15:58
2.779807,11.230688,2023-01-01T04:15:59
2.779807,11.230688,2023-01-01T04:16:00
2.779807,11.230688,2023-01-01T04:16:01
2.779807,11.230688,2023-01-01T04:16:02
2.890999,11.230688,2023-01-01T04:16:03
2.890999,11.230688,2023-01-01T04:16:04
2.890999,11.230688,2023-01-01T04:16:05
2.890999,11.230688,2023-01-01T04:16:06
2.890999,11.119493,2023-01-01T04:16:07
2.890999,11.119493,2023-01-01T04:16:08
2.890999,11.119493,2023-01-01T04:16:09
2.890999,11.119493,2023-01-01T04:16:10
2.890999,11.119493,2023-01-01T04:16:11
3.002192,11.119493,2023-01-01T04:16:12
3.002192,11.119493,2023-01-01T04:16:13
3.002192,11.119493,2023-01-01T04:16:14
3.002192,11.119493,2023-01-01T04:16:15
3.002192,11.119493,2023-01-01T04:16:16
3.002192,11.119493,2023-01-01T04:16:17
3.002192,11.119493,2023-01-01T04:16:18
3.002192,11.119493,2023-01-01T04:16:19
3.002192,11.119493,2023-01-01T04:16:20
3.002192,11.119493,2023-01-01T04:16:21
3.002192,11.119493,2023-01-01T04:16:22
3.002192,11.119493,2023-01-01T04:16:23
3.113384,11.119493,2023-01-01T04:16:24
3.113384,11.119493,2023-01-01T04:16:25
3.113384,11.119493,2023-01-01T04:16:26
3.113384,11.119493,2023-01-01T04:16:27
3.113384,11.119493,2023-01-01T04:16:28
3.113384,11.119493,2023-01-01T04:16:29
3.113384,11.119493,2023-01-01T04:16:30
3.113384,11.119493,2023-01-01T04:16:31
3.113384,11.119493,2023-01-01T04:16:32
3.113384,11.119493,2023-01-01T04:16:33
3.113384,11.119493,2023-01-01T04:16:34
3.113384,11.119493,2023-01-01T04:16:35
3.113384,11.119493,2023-01-01T04:16:36
3.113384,11.119493,2023-01-01T04:16:37
3.113384,11.119493,2023-01-01T04:16:38
3.224576,11.119493,2023-01-01T04:16:39
3.224576,11.119493,2023-01-01T04:16:40
3.224576,11.119493,2023-01-01T04:16:41
3.224576,11.119493,2023-01-01T04:16:42
3.224576,11.119493,2023-01-01T04:16:43
3.224576,11.119493,2023-01-01T04:16:44
3.224576,11.119493,2023-01-01T04:16:45
3.224576,11.119493,2023-01-01T04:16:46
3.224576,11.119493,2023-01-01T04:16:47
3.224576,11.119493,2023-01-01T04:16:48
3.224576,11.119493,2023-01-01T04:16:49
3.224576,11.119493,2023-01-01T04:16:50
3.224576,11.008298,2023-01-01T04:16:51
3.224576,11.008298,2023-01-01T04:16:52
3.224576,11.008298,2023-01-01T04:16:53
3.224576,11.008298,2023-01-01T04:16:54
3.224576,11.008298,2023-01-01T04:16:55
3.224576,11.008298,2023-01-01T04:16:56
3.335769,11.008298,2023-01-01T04:16:57
3.335769,11.008298,2023-01-01T04:16:58
3.335769,11.008298,2023-01-01T04:16:59
3.335769,11.008298,2023-01-01T04:17:00
3.335769,11.008298,2023-01-01T04:17:01
3.335769,11.008298,2023-01-01T04:17:02
3.335769,11.008298,2023-01-01T04:17:03
3.335769,11.008298,2023-01-01T04:17:04
3.335769,11.008298,2023-01-01T04:17:05
3.335769,11.008298,2023-01-01T04:17:06
3.335769,11.008298,2023-01-01T04:17:07
3.335769,11.008298,2023-01-01T04:17:08
3.335769,11.008298,2023-01-01T04:17:09
3.335769,11.008298,2023-01-01T04:17:10
3.335769,11.008298,2023-01-01T04:17:11
3.335769,11.008298,2023-01-01T04:17:12
3.335769,11.008298,2023-01-01T04:17:13
3.335769,11.008298,2023-01-01T04:17:14
3.335769,11.008298,2023-01-01T04:17:15
3.335769,11.008298,2023-01-01T04:17:16
3.446961,11.008298,2023-01-01T04:17:17
3.446961,11.008298,2023-01-01T04:17:18
3.446961,11.008298,2023-01-01T04:17:19
3.446961,11.119493,2023-01-01T04:17:20
3.446961,11.119493,2023-01-01T04:17:21
3.446961,11.119493,2023-01-01T04:17:22
3.446961,11.119493,2023-01-01T04:17:23
3.446961,11.119493,2023-01-01T04:17:24
3.446961,11.119493,2023-01-01T04:17:25
3.446961,11.119493,2023-01-01T04:17:26
3.446961,11.119493,2023-01-01T04:17:27
3.446961,11.119493,2023-01-01T04:17:28
3.446961,11.119493,2023-01-01T04:17:29
3.446961,11.119493,2023-01-01T04:17:30
3.446961,11.119493,2023-01-01T04:17:31
3.446961,11.119493,2023-01-01T04:17:32
3.446961,11.119493,2023-01-01T04:17:33
3.446961,11.119493,2023-01-01T04:17:34
3.446961,11.119493,2023-01-01T04:17:35
3.446961,11.119493,2023-01-01T04:17:36
3.446961,11.119493,2023-01-01T04:17:37
3.446961,11.119493,2023-01-01T04:17:38
3.446961,11.119493,2023-01-01T04:17:39
3.446961,11.119493,2023-01-01T04:17:40
3.446961,11.119493,2023-01-01T04:17:41
3.446961,11.119493,2023-01-01T04:17:42
3.446961,11.119493,2023-01-01T04:17:43
3.446961,11.119493,2023-01-01T04:17:44
3.446961,11.119493,2023-01-01T04:17:45
3.446961,11.119493,2023-01-01T04:17:46
3.446961,11.119493,2023-01-01T04:17:47
3.446961,11.230688,2023-01-01T04:17:48
3.446961,11.119493,2023-01-01T04:17:49
3.446961,11.230688,2023-01-01T04:17:50
3.446961,11.230688,2023-01-01T04:17:51
3.446961,11.230688,2023-01-01T04:17:52
3.335769,11.230688,2023-01-01T04:17:53
3.335769,11.230688,2023-01-01T04:17:54
3.335769,11.230688,2023-01-01T04:17:55
3.335769,11.119493,2023-01-01T04:17:56
3.335769,11.119493,2023-01-01T04:17:57
3.335769,11.119493,2023-01-01T04:17:58
3.335769,11.119493,2023-01-01T04:17:59
3.335769,11.119493,2023-01-01T04:18:00
3.335769,11.119493,2023-01-01T04:18:01
3.335769,11.119493,2023-01-01T04:18:02
3.335769,11.008298,2023-01-01T04:18:03
3.335769,11.008298,2023-01-01T04:18:04
3.335769,11.008298,2023-01-01T04:18:05
3.335769,11.008298,2023-01-01T04:18:06
3.335769,11.008298,2023-01-01T04:18:07
3.335769,11.008298,2023-01-01T04:18:08
3.335769,11.008298,2023-01-01T04:18:09
3.335769,11.008298,2023-01-01T04:18:10
3.335769,10.897103,2023-01-01T04:18:11
3.335769,10.897103,2023-01-01T04:18:12
3.335769,10.897103,2023-01-01T04:18:13
3.335769,10.897103,2023-01-01T04:18:14
3.335769,10.897103,2023-01-01T04:18:15
3.335769,10.897103,2023-01-01T04:18:16
3.335769,10.897103,2023-01-01T04:18:17
3.335769,10.897103,2023-01-01T04:18:18
3.335769,10.897103,2023-01-01T04:18:19
3.335769,10.897103,2023-01-01T04:18:20
3.335769,10.897103,2023-01-01T04:18:21
3.335769,10.897103,2023-01-01T04:18:22
3.335769,10.897103,2023-01-01T04:18:23
3.335769,10.897103,2023-01-01T04:18:24
3.335769,10.897103,2023-01-01T04:18:25
3.335769,10.897103,2023-01-01T04:18:26
3.335769,10.897103,2023-01-01T04:18:27
3.335769,10.897103,2023-01-01T04:18:28
3.335769,10.897103,2023-01-01T04:18:29
3.335769,10.897103,2023-01-01T04:18:30
3.335769,10.897103,2023-01-01T04:18:31
3.335769,10.897103,2023-01-01T04:18:32
3.335769,10.897103,2023-01-01T04:18:33
3.335769,10.897103,2023-01-01T04:18:34
3.335769,10.897103,2023-01-01T04:18:35
3.335769,10.897103,2023-01-01T04:18:36
3.335769,10.897103,2023-01-01T04:18:37
3.335769,10.897103,2023-01-01T04:18:38
3.335769,10.897103,2023-01-01T04:18:39
3.335769,10.897103,2023-01-01T04:18:40
3.335769,10.897103,2023-01-01T04:18:41
3.335769,10.897103,2023-01-01T04:18:42
3.335769,10.897103,2023-01-01T04:18:43
3.335769,10.897103,2023-01-01T04:18:44
3.335769,10.897103,2023-01-01T04:18:45
3.335769,10.897103,2023-01-01T04:18:46
3.335769,10.785908,2023-01-01T04:18:47
3.335769,10.785908,2023-01-01T04:18:48
3.335769,10.785908,2023-01-01T04:18:49
3.335769,10.785908,2023-01-01T04:18:50
3.335769,10.785908,2023-01-01T04:18:51
3.335769,10.785908,2023-01-01T04:18:52
3.446961,10.785908,2023-01-01T04:18:53
3.446961,10.785908,2023-01-01T04:18:54
3.446961,10.785908,2023-01-01T04:18:55
3.558153,10.785908,2023-01-01T04:18:56
3.558153,10.674713,2023-01-01T04:18:57
3.669345,10.674713,2023-01-01T04:18:58
3.669345,10.674713,2023-01-01T04:18:59
3.669345,10.674713,2023-01-01T04:19:00
3.780538,10.674713,2023-01-01T04:19:01
3.780538,10.674713,2023-01-01T04:19:02
3.891730,10.674713,2023-01-01T04:19:03
3.891730,10.674713,2023-01-01T04:19:04
4.002922,10.674713,2023-01-01T04:19:05
4.002922,10.674713,2023-01-01T04:19:06
4.114115,10.674713,2023-01-01T04:19:07
4.114115,10.674713,2023-01-01T04:19:08
4.114115,10.674713,2023-01-01T04:19:09
4.225307,10.563518,2023-01-01T04:19:10
4.225307,10.563518,2023-01-01T04:19:11
4.336499,10.563518,2023-01-01T04:19:12
4.336499,10.563518,2023-01-01T04:19:13
4.336499,10.563518,2023-01-01T04:19:14
4.447691,10.563518,2023-01-01T04:19:15
4.558884,10.563518,2023-01-01T04:19:16
4.558884,10.563518,2023-01-01T04:19:17
4.670076,10.563518,2023-01-01T04:19:18
4.670076,10.563518,2023-01-01T04:19:19
4.781268,10.563518,2023-01-01T04:19:20
4.892461,10.452323,2023-01-01T04:19:21
5.003653,10.452323,2023-01-01T04:19:22
5.003653,10.452323,2023-01-01T04:19:23
5.114845,10.452323,2023-01-01T04:19:24
5.114845,10.452323,2023-01-01T04:19:25
5.114845,10.452323,2023-01-01T04:19:26
5.226037,10.452323,2023-01-01T04:19:27
5.226037,10.452323,2023-01-01T04:19:28
5.226037,10.452323,2023-01-01T04:19:29
5.226037,10.452323,2023-01-01T04:19:30
5.226037,10.452323,2023-01-01T04:19:31
5.226037,10.452323,2023-01-01T04:19:32
5.226037,10.452323,2023-01-01T04:19:33
5.226037,10.452323,2023-01-01T04:19:34
5.337230,10.452323,2023-01-01T04:19:35
5.337230,10.452323,2023-01-01T04:19:36
5.337230,10.452323,2023-01-01T04:19:37
5.337230,10.452323,2023-01-01T04:19:38
5.337230,10.452323,2023-01-01T04:19:39
5.337230,10.452323,2023-01-01T04:19:40
5.337230,10.341128,2023-01-01T04:19:41
5.337230,10.341128,2023-01-01T04:19:42
5.337230,10.341128,2023-01-01T04:19:43
5.337230,10.341128,2023-01-01T04:19:44
5.448422,10.341128,2023-01-01T04:19:45
5.448422,10.341128,2023-01-01T04:19:46
5.448422,10.341128,2023-01-01T04:19:47
5.448422,10.341128,2023-01-01T04:19:48
5.448422,10.341128,2023-01-01T04:19:49
5.448422,10.341128,2023-01-01T04:19:50
5.448422,10.341128,2023-01-01T04:19:51
5.448422,10.341128,2023-01-01T04:19:52
5.448422,10.341128,2023-01-01T04:19:53
5.448422,10.341128,2023-01-01T04:19:54
5.448422,10.341128,2023-01-01T04:19:55
5.448422,10.341128,2023-01-01T04:19:56
5.448422,10.341128,2023-01-01T04:19:57
5.448422,10.341128,2023-01-01T04:19:58
5.448422,10.341128,2023-01-01T04:19:59
5.448422,10.341128,2023-01-01T04:20:00
5.559614,10.341128,2023-01-01T04:20:01
5.559614,10.341128,2023-01-01T04:20:02
5.559614,10.341128,2023-01-01T04:20:03
5.559614,10.341128,2023-01-01T04:20:04
5.670807,10.341128,2023-01-01T04:20:05
5.670807,10.341128,2023-01-01T04:20:06
5.670807,10.341128,2023-01-01T04:20:07
5.670807,10.341128,2023-01-01T04:20:08
5.781999,10.341128,2023-01-01T04:20:09
5.781999,10.341128,2023-01-01T04:20:10
5.781999,10.341128,2023-01-01T04:20:11
5.781999,10.341128,2023-01-01T04:20:12
5.781999,10.341128,2023-01-01T04:20:13
5.893191,10.341128,2023-01-01T04:20:14
5.893191,10.341128,2023-01-01T04:20:15
5.893191,10.341128,2023-01-01T04:20:16
5.893191,10.341128,2023-01-01T04:20:17
6.004383,10.341128,2023-01-01T04:20:18
6.004383,10.341128,2023-01-01T04:20:19
6.004383,10.341128,2023-01-01T04:20:20
6.004383,10.341128,2023-01-01T04:20:21
6.004383,10.341128,2023-01-01T04:20:22
6.115576,10.341128,2023-01-01T04:20:23
6.115576,10.341128,2023-01-01T04:20:24
6.004383,10.341128,2023-01-01T04:20:25
6.004383,10.341128,2023-01-01T04:20:26
5.893191,10.341128,2023-01-01T04:20:27
5.893191,10.341128,2023-01-01T04:20:28
5.893191,10.341128,2023-01-01T04:20:29
5.781999,10.341128,2023-01-01T04:20:30
5.781999,10.341128,2023-01-01T04:20:31
5.670807,10.341128,2023-01-01T04:20:32
5.670807,10.341128,2023-01-01T04:20:33
5.670807,10.341128,2023-01-01T04:20:34
5.559614,10.341128,2023-01-01T04:20:35
5.559614,10.341128,2023-01-01T04:20:36
5.448422,10.341128,2023-01-01T04:20:37
5.448422,10.341128,2023-01-01T04:20:38
5.448422,10.341128,2023-01-01T04:20:39
5.448422,10.341128,2023-01-01T04:20:40
5.337230,10.341128,2023-01-01T04:20:41
5.337230,10.341128,2023-01-01T04:20:42
5.337230,10.341128,2023-01-01T04:20:43
5.337230,10.341128,2023-01-01T04:20:44
5.337230,10.341128,2023-01-01T04:20:45
5.337230,10.341128,2023-01-01T04:20:46
5.337230,10.341128,2023-01-01T04:20:47
5.337230,10.341128,2023-01-01T04:20:48
5.448422,10.341128,2023-01-01T04:20:49
5.448422,10.341128,2023-01-01T04:20:50
5.448422,10.341128,2023-01-01T04:20:51
5.448422,10.341128,2023-01-01T04:20:52
5.448422,10.341128,2023-01-01T04:20:53
5.448422,10.341128,2023-01-01T04:20:54
5.448422,10.341128,2023-01-01T04:20:55
5.448422,10.341128,2023-01-01T04:20:56
5.448422,10.341128,2023-01-01T04:20:57
5.448422,10.341128,2023-01-01T04:20:58
5.448422,10.341128,2023-01-01T04:20:59
5.559614,10.341128,2023-01-01T04:21:00
5.559614,10.341128,2023-01-01T04:21:01
5.559614,10.341128,2023-01-01T04:21:02
5.559614,10.341128,2023-01-01T04:21:03
5.559614,10.341128,2023-01-01T04:21:04
5.670807,10.341128,2023-01-01T04:21:05
5.670807,10.341128,2023-01-01T04:21:06
5.670807,10.341128,2023-01-01T04:21:07
5.670807,10.341128,2023-01-01T04:21:08
5.781999,10.341128,2023-01-01T04:21:09
5.781999,10.341128,2023-01-01T04:21:10
5.781999,10.341128,2023-01-01T04:21:11
5.781999,10.341128,2023-01-01T04:21:12
5.781999,10.341128,2023-01-01T04:21:13
5.893191,10.341128,2023-01-01T04:21:14
5.893191,10.341128,2023-01-01T04:21:15
5.893191,10.341128,2023-01-01T04:21:16
5.893191,10.341128,2023-01-01T04:21:17
5.893191,10.341128,2023-01-01T04:21:18
6.004383,10.341128,2023-01-01T04:21:19
6.004383,10.341128,2023-01-01T04:21:20
6.004383,10.341128,2023-01-01T04:21:21
6.004383,10.341128,2023-01-01T04:21:22
6.004383,10.229933,2023-01-01T04:21:23
6.004383,10.229933,2023-01-01T04:21:24
6.004383,10.229933,2023-01-01T04:21:25
5.893191,10.229933,2023-01-01T04:21:26
5.893191,10.229933,2023-01-01T04:21:27
5.781999,10.229933,2023-01-01T04:21:28
5.781999,10.229933,2023-01-01T04:21:29
5.670807,10.229933,2023-01-01T04:21:30
5.670807,10.229933,2023-01-01T04:21:31
5.559614,10.229933,2023-01-01T04:21:32
5.559614,10.229933,2023-01-01T04:21:33
5.448422,10.229933,2023-01-01T04:21:34
5.448422,10.229933,2023-01-01T04:21:35
5.337230,10.229933,2023-01-01T04:21:36
5.337230,10.229933,2023-01-01T04:21:37
5.226037,10.229933,2023-01-01T04:21:38
5.226037,10.229933,2023-01-01T04:21:39
5.114845,10.229933,2023-01-01T04:21:40
5.114845,10.229933,2023-01-01T04:21:41
5.003653,10.229933,2023-01-01T04:21:42
5.003653,10.229933,2023-01-01T04:21:43
4.892461,10.229933,2023-01-01T04:21:44
4.892461,10.229933,2023-01-01T04:21:45
4.892461,10.229933,2023-01-01T04:21:46
4.781268,10.229933,2023-01-01T04:21:47
4.781268,10.229933,2023-01-01T04:21:48
4.781268,10.118738,2023-01-01T04:21:49
4.670076,10.118738,2023-01-01T04:21:50
4.670076,10.118738,2023-01-01T04:21:51
4.670076,10.118738,2023-01-01T04:21:52
4.670076,10.118738,2023-01-01T04:21:53
4.670076,10.118738,2023-01-01T04:21:54
4.670076,10.118738,2023-01-01T04:21:55
4.670076,10.118738,2023-01-01T04:21:56
4.670076,10.118738,2023-01-01T04:21:57
4.670076,10.118738,2023-01-01T04:21:58
4.670076,10.118738,2023-01-01T04:21:59
4.670076,10.118738,2023-01-01T04:22:00
4.670076,10.118738,2023-01-01T04:22:01
4.670076,10.118738,2023-01-01T04:22:02
4.670076,10.118738,2023-01-01T04:22:03
4.781268,10.118738,2023-01-01T04:22:04
4.781268,10.118738,2023-01-01T04:22:05
4.781268,10.118738,2023-01-01T04:22:06
4.781268,10.118738,2023-01-01T04:22:07
4.781268,10.118738,2023-01-01T04:22:08
4.781268,10.118738,2023-01-01T04:22:09
4.781268,10.118738,2023-01-01T04:22:10
4.781268,10.118738,2023-01-01T04:22:11
4.781268,10.118738,2023-01-01T04:22:12
4.781268,10.118738,2023-01-01T04:22:13
4.781268,10.118738,2023-01-01T04:22:14
4.781268,10.118738,2023-01-01T04:22:15
4.781268,10.118738,2023-01-01T04:22:16
4.781268,10.118738,2023-01-01T04:22:17
4.781268,10.118738,2023-01-01T04:22:18
4.781268,10.118738,2023-01-01T04:22:19
4.781268,10.118738,2023-01-01T04:22:20
4.781268,10.118738,2023-01-01T04:22:21
4.781268,10.118738,2023-01-01T04:22:22
4.781268,10.118738,2023-01-01T04:22:23
4.781268,10.118738,2023-01-01T04:22:24
4.781268,10.118738,2023-01-01T04:22:25
4.781268,10.118738,2023-01-01T04:22:26
4.670076,10.118738,2023-01-01T04:22:27
4.670076,10.118738,2023-01-01T04:22:28
4.670076,10.118738,2023-01-01T04:22:29
4.558884,10.118738,2023-01-01T04:22:30
4.558884,10.118738,2023-01-01T04:22:31
4.558884,10.118738,2023-01-01T04:22:32
4.447691,10.118738,2023-01-01T04:22:33
4.447691,10.118738,2023-01-01T04:22:34
4.447691,10.118738,2023-01-01T04:22:35
4.336499,10.229933,2023-01-01T04:22:36
4.336499,10.229933,2023-01-01T04:22:37
4.336499,10.229933,2023-01-01T04:22:38
4.336499,10.229933,2023-01-01T04:22:39
4.225307,10.229933,2023-01-01T04:22:40
4.225307,10.229933,2023-01-01T04:22:41
4.225307,10.229933,2023-01-01T04:22:42
4.114115,10.229933,2023-01-01T04:22:43
4.114115,10.229933,2023-01-01T04:22:44
4.114115,10.229933,2023-01-01T04:22:45
4.114115,10.229933,2023-01-01T04:22:46
4.002922,10.229933,2023-01-01T04:22:47
4.002922,10.229933,2023-01-01T04:22:48
4.002922,10.229933,2023-01-01T04:22:49
4.002922,10.229933,2023-01-01T04:22:50
3.891730,10.229933,2023-01-01T04:22:51
3.891730,10.229933,2023-01-01T04:22:52
3.891730,10.229933,2023-01-01T04:22:53
3.891730,10.229933,2023-01-01T04:22:54
3.891730,10.229933,2023-01-01T04:22:55
3.780538,10.229933,2023-01-01T04:22:56
3.780538,10.229933,2023-01-01T04:22:57
3.780538,10.229933,2023-01-01T04:22:58
3.780538,10.229933,2023-01-01T04:22:59
3.780538,10.229933,2023-01-01T04:23:00
3.780538,10.229933,2023-01-01T04:23:01
3.780538,10.229933,2023-01-01T04:23:02
3.669345,10.229933,2023-01-01T04:23:03
3.669345,10.229933,2023-01-01T04:23:04
3.669345,10.229933,2023-01-01T04:23:05
3.669345,10.229933,2023-01-01T04:23:06
3.669345,10.229933,2023-01-01T04:23:07
3.669345,10.229933,2023-01-01T04:23:08
3.558153,10.229933,2023-01-01T04:23:09
3.558153,10.229933,2023-01-01T04:23:10
3.558153,10.229933,2023-01-01T04:23:11
3.558153,10.229933,2023-01-01T04:23:12
3.558153,10.229933,2023-01-01T04:23:13
3.558153,10.229933,2023-01-01T04:23:14
3.558153,10.229933,2023-01-01T04:23:15
3.558153,10.229933,2023-01-01T04:23:16
3.446961,10.229933,2023-01-01T04:23:17
3.446961,10.229933,2023-01-01T04:23:18
3.446961,10.229933,2023-01-01T04:23:19
3.446961,10.229933,2023-01-01T04:23:20
3.446961,10.229933,2023-01-01T04:23:21
3.446961,10.229933,2023-01-01T04:23:22
3.446961,10.229933,2023-01-01T04:23:23
3.335769,10.229933,2023-01-01T04:23:24
3.335769,10.229933,2023-01-01T04:23:25
3.335769,10.229933,2023-01-01T04:23:26
3.335769,10.229933,2023-01-01T04:23:27
3.335769,10.229933,2023-01-01T04:23:28
3.335769,10.229933,2023-01-01T04:23:29
3.335769,10.229933,2023-01-01T04:23:30
3.335769,10.229933,2023-01-01T04:23:31
3.335769,10.229933,2023-01-01T04:23:32
3.224576,10.229933,2023-01-01T04:23:33
3.224576,10.229933,2023-01-01T04:23:34
3.224576,10.229933,2023-01-01T04:23:35
3.224576,10.229933,2023-01-01T04:23:36
3.224576,10.229933,2023-01-01T04:23:37
3.224576,10.229933,2023-01-01T04:23:38
3.224576,10.229933,2023-01-01T04:23:39
3.224576,10.229933,2023-01-01T04:23:40
3.224576,10.229933,2023-01-01T04:23:41
3.113384,10.229933,2023-01-01T04:23:42
3.113384,10.229933,2023-01-01T04:23:43
3.113384,10.229933,2023-01-01T04:23:44
3.113384,10.229933,2023-01-01T04:23:45
3.113384,10.229933,2023-01-01T04:23:46
3.113384,10.229933,2023-01-01T04:23:47
3.113384,10.229933,2023-01-01T04:23:48
3.113384,10.229933,2023-01-01T04:23:49
3.113384,10.229933,2023-01-01T04:23:50
3.113384,10.229933,2023-01-01T04:23:51
3.113384,10.229933,2023-01-01T04:23:52
3.002192,10.118738,2023-01-01T04:23:53
3.002192,10.118738,2023-01-01T04:23:54
3.002192,10.118738,2023-01-01T04:23:55
3.002192,10.118738,2023-01-01T04:23:56
3.002192,10.118738,2023-01-01T04:23:57
3.002192,10.118738,2023-01-01T04:23:58
3.002192,10.118738,2023-01-01T04:23:59
3.002192,10.118738,2023-01-01T04:24:00
3.002192,10.118738,2023-01-01T04:24:01
3.002192,10.118738,2023-01-01T04:24:02
3.002192,10.118738,2023-01-01T04:24:03
3.002192,10.118738,2023-01-01T04:24:04
3.002192,10.118738,2023-01-01T04:24:05
3.002192,10.118738,2023-01-01T04:24:06
3.002192,10.118738,2023-01-01T04:24:07
3.002192,10.118738,2023-01-01T04:24:08
3.002192,10.118738,2023-01-01T04:24:09
3.002192,10.118738,2023-01-01T04:24:10
3.002192,10.118738,2023-01-01T04:24:11
3.002192,10.118738,2023-01-01T04:24:12
3.002192,10.118738,2023-01-01T04:24:13
3.002192,10.118738,2023-01-01T04:24:14
3.002192,10.118738,2023-01-01T04:24:15
3.002192,10.118738,2023-01-01T04:24:16
3.002192,10.118738,2023-01-01T04:24:17
3.002192,10.007543,2023-01-01T04:24:18
3.002192,10.007543,2023-01-01T04:24:19
3.002192,10.007543,2023-01-01T04:24:20
3.002192,10.007543,2023-01-01T04:24:21
3.002192,10.007543,2023-01-01T04:24:22
2.890999,10.007543,2023-01-01T04:24:23
2.890999,10.007543,2023-01-01T04:24:24
2.890999,10.007543,2023-01-01T04:24:25
2.890999,10.007543,2023-01-01T04:24:26
2.890999,10.007543,2023-01-01T04:24:27
2.890999,10.007543,2023-01-01T04:24:28
2.890999,10.007543,2023-01-01T04:24:29
2.890999,10.007543,2023-01-01T04:24:30
2.890999,10.007543,2023-01-01T04:24:31
2.890999,10.007543,2023-01-01T04:24:32
2.890999,10.007543,2023-01-01T04:24:33
2.890999,10.007543,2023-01-01T04:24:34
2.890999,10.007543,2023-01-01T04:24:35
2.890999,10.007543,2023-01-01T04:24:36
2.890999,10.007543,2023-01-01T04:24:37
2.890999,10.007543,2023-01-01T04:24:38
2.890999,10.007543,2023-01-01T04:24:39
2.890999,10.007543,2023-01-01T04:24:40
2.890999,10.007543,2023-01-01T04:24:41
2.890999,10.007543,2023-01-01T04:24:42
2.890999,10.007543,2023-01-01T04:24:43
2.890999,10.007543,2023-01-01T04:24:44
2.890999,10.007543,2023-01-01T04:24:45
2.890999,10.007543,2023-01-01T04:24:46
2.890999,10.007543,2023-01-01T04:24:47
2.890999,9.896348,2023-01-01T04:24:48
2.890999,9.896348,2023-01-01T04:24:49
2.890999,9.896348,2023-01-01T04:24:50
2.890999,9.896348,2023-01-01T04:24:51
2.890999,9.896348,2023-01-01T04:24:52
2.890999,9.896348,2023-01-01T04:24:53
2.890999,9.896348,2023-01-01T04:24:54
2.890999,9.896348,2023-01-01T04:24:55
2.890999,9.896348,2023-01-01T04:24:56
2.890999,9.896348,2023-01-01T04:24:57
2.890999,9.896348,2023-01-01T04:24:58
2.890999,9.896348,2023-01-01T04:24:59
2.890999,9.785154,2023-01-01T04:25:00
2.890999,9.785154,2023-01-01T04:25:01
2.890999,9.785154,2023-01-01T04:25:02
2.890999,9.785154,2023-01-01T04:25:03
2.779807,9.785154,2023-01-01T04:25:04
2.779807,9.785154,2023-01-01T04:25:05
2.779807,9.785154,2023-01-01T04:25:06
2.779807,9.785154,2023-01-01T04:25:07
2.779807,9.785154,2023-01-01T04:25:08
2.779807,9.785154,2023-01-01T04:25:09
2.779807,9.785154,2023-01-01T04:25:10
2.779807,9.785154,2023-01-01T04:25:11
2.779807,9.785154,2023-01-01T04:25:12
2.779807,9.785154,2023-01-01T04:25:13
2.779807,9.785154,2023-01-01T04:25:14
2.779807,9.785154,2023-01-01T04:25:15
2.779807,9.785154,2023-01-01T04:25:16
2.779807,9.785154,2023-01-01T04:25:17
2.779807,9.785154,2023-01-01T04:25:18
2.779807,9.785154,2023-01-01T04:25:19
2.779807,9.785154,2023-01-01T04:25:20
2.779807,9.785154,2023-01-01T04:25:21
2.779807,9.785154,2023-01-01T04:25:22
2.779807,9.785154,2023-01-01T04:25:23
2.779807,9.785154,2023-01-01T04:25:24
2.779807,9.785154,2023-01-01T04:25:25
2.779807,9.785154,2023-01-01T04:25:26
2.779807,9.785154,2023-01-01T04:25:27
2.779807,9.785154,2023-01-01T04:25:28
2.779807,9.785154,2023-01-01T04:25:29
2.779807,9.785154,2023-01-01T04:25:30
2.779807,9.785154,2023-01-01T04:25:31
2.668615,9.785154,2023-01-01T04:25:32
2.668615,9.896348,2023-01-01T04:25:33
2.668615,9.896348,2023-01-01T04:25:34
2.668615,9.896348,2023-01-01T04:25:35
2.668615,9.896348,2023-01-01T04:25:36
2.668615,9.896348,2023-01-01T04:25:37
2.668615,9.896348,2023-01-01T04:25:38
2.668615,9.896348,2023-01-01T04:25:39
2.668615,9.896348,2023-01-01T04:25:40
2.668615,9.896348,2023-01-01T04:25:41
2.668615,9.896348,2023-01-01T04:25:42
2.668615,9.896348,2023-01-01T04:25:43
2.668615,9.896348,2023-01-01T04:25:44
2.668615,9.896348,2023-01-01T04:25:45
2.668615,9.896348,2023-01-01T04:25:46
2.668615,9.896348,2023-01-01T04:25:47
2.668615,9.896348,2023-01-01T04:25:48
2.668615,9.896348,2023-01-01T04:25:49
2.668615,9.896348,2023-01-01T04:25:50
2.668615,9.896348,2023-01-01T04:25:51
2.557423,9.896348,2023-01-01T04:25:52
2.557423,9.896348,2023-01-01T04:25:53
2.557423,9.896348,2023-01-01T04:25:54
2.557423,9.896348,2023-01-01T04:25:55
2.557423,9.896348,2023-01-01T04:25:56
2.557423,9.896348,2023-01-01T04:25:57
2.668615,9.896348,2023-01-01T04:25:58
2.668615,9.896348,2023-01-01T04:25:59
2.668615,9.896348,2023-01-01T04:26:00
2.668615,9.896348,2023-01-01T04:26:01
2.668615,9.896348,2023-01-01T04:26:02
2.668615,9.896348,2023-01-01T04:26:03
2.668615,9.896348,2023-01-01T04:26:04
2.668615,9.896348,2023-01-01T04:26:05
2.668615,9.896348,2023-01-01T04:26:06
2.668615,9.896348,2023-01-01T04:26:07
2.668615,9.896348,2023-01-01T04:26:08
2.668615,9.896348,2023-01-01T04:26:09
2.668615,9.896348,2023-01-01T04:26:10
2.668615,9.896348,2023-01-01T04:26:11
2.668615,9.896348,2023-01-01T04:26:12
2.668615,9.896348,2023-01-01T04:26:13
2.668615,9.896348,2023-01-01T04:26:14
2.668615,9.896348,2023-01-01T04:26:15
2.668615,9.896348,2023-01-01T04:26:16
2.668615,9.896348,2023-01-01T04:26:17
2.668615,9.896348,2023-01-01T04:26:18
2.668615,9.896348,2023-01-01T04:26:19
2.668615,9.896348,2023-01-01T04:26:20
2.668615,9.896348,2023-01-01T04:26:21
2.668615,9.896348,2023-01-01T04:26:22
2.668615,9.896348,2023-01-01T04:26:23
2.668615,9.896348,2023-01-01T04:26:24
2.668615,9.896348,2023-01-01T04:26:25
2.668615,9.896348,2023-01-01T04:26:26
2.668615,9.896348,2023-01-01T04:26:27
2.668615,9.896348,2023-01-01T04:26:28
2.668615,9.896348,2023-01-01T04:26:29
2.668615,9.896348,2023-01-01T04:26:30
2.668615,9.896348,2023-01-01T04:26:31
2.668615,9.896348,2023-01-01T04:26:32
2.668615,9.896348,2023-01-01T04:26:33
2.668615,9.785154,2023-01-01T04:26:34
2.668615,9.785154,2023-01-01T04:26:35
2.668615,9.785154,2023-01-01T04:26:36
2.668615,9.785154,2023-01-01T04:26:37
2.668615,9.785154,2023-01-01T04:26:38
2.668615,9.785154,2023-01-01T04:26:39
2.668615,9.785154,2023-01-01T04:26:40
2.668615,9.785154,2023-01-01T04:26:41
2.668615,9.785154,2023-01-01T04:26:42
2.668615,9.785154,2023-01-01T04:26:43
2.668615,9.785154,2023-01-01T04:26:44
2.668615,9.785154,2023-01-01T04:26:45
2.668615,9.785154,2023-01-01T04:26:46
2.557423,9.785154,2023-01-01T04:26:47
2.557423,9.785154,2023-01-01T04:26:48
2.557423,9.785154,2023-01-01T04:26:49
2.557423,9.785154,2023-01-01T04:26:50
2.557423,9.785154,2023-01-01T04:26:51
2.557423,9.785154,2023-01-01T04:26:52
2.557423,9.785154,2023-01-01T04:26:53
2.557423,9.785154,2023-01-01T04:26:54
2.557423,9.785154,2023-01-01T04:26:55
2.557423,9.785154,2023-01-01T04:26:56
2.557423,9.785154,2023-01-01T04:26:57
2.557423,9.785154,2023-01-01T04:26:58
2.557423,9.785154,2023-01-01T04:26:59
2.557423,9.785154,2023-01-01T04:27:00
2.557423,9.785154,2023-01-01T04:27:01
2.668615,9.785154,2023-01-01T04:27:02
2.668615,9.785154,2023-01-01T04:27:03
2.668615,9.785154,2023-01-01T04:27:04
2.668615,9.785154,2023-01-01T04:27:05
2.668615,9.785154,2023-01-01T04:27:06
2.668615,9.785154,2023-01-01T04:27:07
2.668615,9.673959,2023-01-01T04:27:08
2.668615,9.785154,2023-01-01T04:27:09
2.668615,9.785154,2023-01-01T04:27:10
2.668615,9.785154,2023-01-01T04:27:11
2.668615,9.785154,2023-01-01T04:27:12
2.668615,9.785154,2023-01-01T04:27:13
2.668615,9.785154,2023-01-01T04:27:14
2.668615,9.785154,2023-01-01T04:27:15
2.668615,9.785154,2023-01-01T04:27:16
2.668615,9.785154,2023-01-01T04:27:17
2.668615,9.785154,2023-01-01T04:27:18
2.668615,9.785154,2023-01-01T04:27:19
2.668615,9.785154,2023-01-01T04:27:20
2.668615,9.785154,2023-01-01T04:27:21
2.668615,9.785154,2023-01-01T04:27:22
2.668615,9.785154,2023-01-01T04:27:23
2.668615,9.785154,2023-01-01T04:27:24
2.668615,9.785154,2023-01-01T04:27:25
2.668615,9.785154,2023-01-01T04:27:26
2.668615,9.785154,2023-01-01T04:27:27
2.668615,9.785154,2023-01-01T04:27:28
2.668615,9.785154,2023-01-01T04:27:29
2.668615,9.785154,2023-01-01T04:27:30
2.668615,9.785154,2023-01-01T04:27:31
2.668615,9.785154,2023-01-01T04:27:32
2.668615,9.785154,2023-01-01T04:27:33
2.668615,9.785154,2023-01-01T04:27:34
2.668615,9.785154,2023-01-01T04:27:35
2.668615,9.785154,2023-01-01T04:27:36
2.668615,9.785154,2023-01-01T04:27:37
2.668615,9.785154,2023-01-01T04:27:38
2.668615,9.785154,2023-01-01T04:27:39
2.668615,9.785154,2023-01-01T04:27:40
2.668615,9.785154,2023-01-01T04:27:41
2.668615,9.785154,2023-01-01T04:27:42
2.668615,9.673959,2023-01-01T04:27:43
2.668615,9.673959,2023-01-01T04:27:44
2.668615,9.673959,2023-01-01T04:27:45
2.668615,9.673959,2023-01-01T04:27:46
2.668615,9.673959,2023-01-01T04:27:47
2.668615,9.673959,2023-01-01T04:27:48
2.668615,9.673959,2023-01-01T04:27:49
2.668615,9.673959,2023-01-01T04:27:50
2.668615,9.785154,2023-01-01T04:27:51
2.668615,9.785154,2023-01-01T04:27:52
2.668615,9.785154,2023-01-01T04:27:53
2.668615,9.785154,2023-01-01T04:27:54
2.668615,9.785154,2023-01-01T04:27:55
2.668615,9.785154,2023-01-01T04:27:56
2.668615,9.785154,2023-01-01T04:27:57
2.668615,9.785154,2023-01-01T04:27:58
2.668615,9.785154,2023-01-01T04:27:59
2.668615,9.785154,2023-01-01T04:28:00
2.668615,9.785154,2023-01-01T04:28:01
2.668615,9.785154,2023-01-01T04:28:02
2.668615,9.785154,2023-01-01T04:28:03
2.668615,9.785154,2023-01-01T04:28:04
2.557423,9.785154,2023-01-01T04:28:05
2.557423,9.785154,2023-01-01T04:28:06
2.557423,9.785154,2023-01-01T04:28:07
2.557423,9.785154,2023-01-01T04:28:08
2.557423,9.785154,2023-01-01T04:28:09
2.446230,9.785154,2023-01-01T04:28:10
2.446230,9.785154,2023-01-01T04:28:11
2.446230,9.785154,2023-01-01T04:28:12
2.446230,9.785154,2023-01-01T04:28:13
2.335038,9.785154,2023-01-01T04:28:14
2.335038,9.785154,2023-01-01T04:28:15
2.335038,9.785154,2023-01-01T04:28:16
2.223846,9.896348,2023-01-01T04:28:17
2.223846,9.896348,2023-01-01T04:28:18
2.223846,9.896348,2023-01-01T04:28:19
2.223846,9.896348,2023-01-01T04:28:20
2.112653,9.896348,2023-01-01T04:28:21
2.112653,9.896348,2023-01-01T04:28:22
2.112653,9.896348,2023-01-01T04:28:23
2.112653,9.896348,2023-01-01T04:28:24
2.001461,9.896348,2023-01-01T04:28:25
2.001461,9.896348,2023-01-01T04:28:26
2.001461,9.896348,2023-01-01T04:28:27
2.001461,9.896348,2023-01-01T04:28:28
2.001461,9.896348,2023-01-01T04:28:29
2.001461,9.896348,2023-01-01T04:28:30
2.001461,9.896348,2023-01-01T04:28:31
1.890269,9.896348,2023-01-01T04:28:32
1.890269,9.896348,2023-01-01T04:28:33
1.890269,9.896348,2023-01-01T04:28:34
1.779077,9.896348,2023-01-01T04:28:35
1.779077,9.896348,2023-01-01T04:28:36
1.779077,9.896348,2023-01-01T04:28:37
1.667884,9.896348,2023-01-01T04:28:38
1.667884,9.896348,2023-01-01T04:28:39
1.667884,9.896348,2023-01-01T04:28:40
1.556692,9.896348,2023-01-01T04:28:41
1.556692,9.896348,2023-01-01T04:28:42
1.556692,9.896348,2023-01-01T04:28:43
1.445500,9.896348,2023-01-01T04:28:44
1.445500,9.896348,2023-01-01T04:28:45
1.445500,9.896348,2023-01-01T04:28:46
1.334307,10.007543,2023-01-01T04:28:47
1.334307,10.007543,2023-01-01T04:28:48
1.334307,10.007543,2023-01-01T04:28:49
1.223115,10.007543,2023-01-01T04:28:50
1.223115,10.007543,2023-01-01T04:28:51
1.223115,10.007543,2023-01-01T04:28:52
1.111923,10.007543,2023-01-01T04:28:53
1.223115,10.007543,2023-01-01T04:28:54
1.223115,10.007543,2023-01-01T04:28:55
1.223115,10.007543,2023-01-01T04:28:56
1.223115,10.007543,2023-01-01T04:28:57
1.223115,9.896348,2023-01-01T04:28:58
1.334307,9.896348,2023-01-01T04:28:59
1.334307,9.896348,2023-01-01T04:29:00
1.334307,9.896348,2023-01-01T04:29:01
1.334307,9.896348,2023-01-01T04:29:02
1.334307,9.896348,2023-01-01T04:29:03
1.334307,9.896348,2023-01-01T04:29:04
1.445500,9.896348,2023-01-01T04:29:05
1.445500,9.896348,2023-01-01T04:29:06
1.445500,9.896348,2023-01-01T04:29:07
1.445500,9.896348,2023-01-01T04:29:08
1.445500,9.785154,2023-01-01T04:29:09
1.445500,9.785154,2023-01-01T04:29:10
1.445500,9.785154,2023-01-01T04:29:11
1.445500,9.785154,2023-01-01T04:29:12
1.445500,9.785154,2023-01-01T04:29:13
1.445500,9.785154,2023-01-01T04:29:14
1.445500,9.785154,2023-01-01T04:29:15
1.445500,9.785154,2023-01-01T04:29:16
1.445500,9.785154,2023-01-01T04:29:17
1.445500,9.785154,2023-01-01T04:29:18
1.445500,9.785154,2023-01-01T04:29:19
1.445500,9.785154,2023-01-01T04:29:20
1.334307,9.785154,2023-01-01T04:29:21
1.334307,9.785154,2023-01-01T04:29:22
1.334307,9.785154,2023-01-01T04:29:23
1.334307,9.785154,2023-01-01T04:29:24
1.223115,9.785154,2023-01-01T04:29:25
1.223115,9.785154,2023-01-01T04:29:26
1.223115,9.785154,2023-01-01T04:29:27
1.223115,9.896348,2023-01-01T04:29:28
1.111923,9.896348,2023-01-01T04:29:29
1.111923,9.896348,2023-01-01T04:29:30
1.111923,9.896348,2023-01-01T04:29:31
1.000731,9.896348,2023-01-01T04:29:32
1.000731,9.896348,2023-01-01T04:29:33
1.000731,9.896348,2023-01-01T04:29:34
0.889538,9.896348,2023-01-01T04:29:35
0.889538,9.896348,2023-01-01T04:29:36
0.889538,9.896348,2023-01-01T04:29:37
0.889538,9.896348,2023-01-01T04:29:38
0.778346,9.896348,2023-01-01T04:29:39
0.778346,9.896348,2023-01-01T04:29:40
0.778346,9.896348,2023-01-01T04:29:41
0.778346,9.896348,2023-01-01T04:29:42
0.667154,9.896348,2023-01-01T04:29:43
0.667154,9.896348,2023-01-01T04:29:44
0.667154,9.896348,2023-01-01T04:29:45
0.667154,9.896348,2023-01-01T04:29:46
0.555961,10.007543,2023-01-01T04:29:47
0.555961,10.007543,2023-01-01T04:29:48
0.555961,10.007543,2023-01-01T04:29:49
0.555961,10.007543,2023-01-01T04:29:50
0.444769,10.007543,2023-01-01T04:29:51
0.444769,10.007543,2023-01-01T04:29:52
0.444769,10.007543,2023-01-01T04:29:53
0.444769,10.007543,2023-01-01T04:29:54
0.555961,10.007543,2023-01-01T04:29:55
0.555961,10.007543,2023-01-01T04:29:56
0.667154,9.896348,2023-01-01T04:29:57
0.667154,9.896348,2023-01-01T04:29:58
0.778346,9.896348,2023-01-01T04:29:59
0.778346,9.896348,2023-01-01T04:30:00
0.889538,9.896348,2023-01-01T04:30:01
0.889538,9.896348,2023-01-01T04:30:02
0.889538,9.896348,2023-01-01T04:30:03
1.000731,9.896348,2023-01-01T04:30:04
1.000731,9.896348,2023-01-01T04:30:05
1.000731,9.896348,2023-01-01T04:30:06
1.111923,9.896348,2023-01-01T04:30:07
1.111923,9.896348,2023-01-01T04:30:08
1.111923,9.896348,2023-01-01T04:30:09
1.223115,9.896348,2023-01-01T04:30:10
1.223115,9.785154,2023-01-01T04:30:11
1.223115,9.785154,2023-01-01T04:30:12
1.223115,9.785154,2023-01-01T04:30:13
1.223115,9.785154,2023-01-01T04:30:14
1.334307,9.785154,2023-01-01T04:30:15
1.334307,9.785154,2023-01-01T04:30:16
1.334307,9.785154,2023-01-01T04:30:17
1.334307,9.785154,2023-01-01T04:30:18
1.334307,9.785154,2023-01-01T04:30:19
1.334307,9.785154,2023-01-01T04:30:20
1.334307,9.896348,2023-01-01T04:30:21
1.334307,9.896348,2023-01-01T04:30:22
1.334307,9.896348,2023-01-01T04:30:23
1.445500,9.896348,2023-01-01T04:30:24
1.445500,9.896348,2023-01-01T04:30:25
1.445500,9.896348,2023-01-01T04:30:26
1.445500,9.896348,2023-01-01T04:30:27
1.445500,9.896348,2023-01-01T04:30:28
1.445500,9.896348,2023-01-01T04:30:29
1.445500,9.896348,2023-01-01T04:30:30
1.445500,9.896348,2023-01-01T04:30:31
1.445500,9.896348,2023-01-01T04:30:32
1.445500,9.896348,2023-01-01T04:30:33
1.556692,9.896348,2023-01-01T04:30:34
1.556692,9.896348,2023-01-01T04:30:35
1.556692,9.896348,2023-01-01T04:30:36
1.556692,9.896348,2023-01-01T04:30:37
1.556692,9.896348,2023-01-01T04:30:38
1.556692,9.896348,2023-01-01T04:30:39
1.556692,9.896348,2023-01-01T04:30:40
1.556692,9.896348,2023-01-01T04:30:41
1.556692,9.896348,2023-01-01T04:30:42
1.556692,9.896348,2023-01-01T04:30:43
1.556692,9.896348,2023-01-01T04:30:44
1.556692,9.896348,2023-01-01T04:30:45
1.667884,9.896348,2023-01-01T04:30:46
1.667884,9.896348,2023-01-01T04:30:47
1.667884,9.896348,2023-01-01T04:30:48
1.667884,9.896348,2023-01-01T04:30:49
1.667884,9.896348,2023-01-01T04:30:50
1.667884,9.896348,2023-01-01T04:30:51
1.667884,9.896348,2023-01-01T04:30:52
1.667884,9.896348,2023-01-01T04:30:53
1.667884,9.896348,2023-01-01T04:30:54
1.779077,9.896348,2023-01-01T04:30:55
1.779077,9.896348,2023-01-01T04:30:56
1.779077,9.896348,2023-01-01T04:30:57
1.779077,9.896348,2023-01-01T04:30:58
1.779077,9.896348,2023-01-01T04:30:59
1.890269,9.896348,2023-01-01T04:31:00
1.890269,9.896348,2023-01-01T04:31:01
1.890269,9.896348,2023-01-01T04:31:02
1.890269,9.896348,2023-01-01T04:31:03
2.001461,9.896348,2023-01-01T04:31:04
2.001461,9.896348,2023-01-01T04:31:05
2.001461,9.896348,2023-01-01T04:31:06
2.001461,9.896348,2023-01-01T04:31:07
2.001461,9.896348,2023-01-01T04:31:08
2.112653,9.896348,2023-01-01T04:31:09
2.112653,9.896348,2023-01-01T04:31:10
2.112653,9.896348,2023-01-01T04:31:11
2.112653,9.896348,2023-01-01T04:31:12
2.112653,9.896348,2023-01-01T04:31:13
2.223846,9.896348,2023-01-01T04:31:14
2.223846,9.896348,2023-01-01T04:31:15
2.223846,9.896348,2023-01-01T04:31:16
2.223846,9.896348,2023-01-01T04:31:17
2.223846,9.896348,2023-01-01T04:31:18
2.223846,9.896348,2023-01-01T04:31:19
2.335038,9.896348,2023-01-01T04:31:20
2.335038,9.896348,2023-01-01T04:31:21
2.335038,9.896348,2023-01-01T04:31:22
2.335038,9.896348,2023-01-01T04:31:23
2.335038,9.896348,2023-01-01T04:31:24
2.335038,9.896348,2023-01-01T04:31:25
2.335038,9.896348,2023-01-01T04:31:26
2.335038,9.896348,2023-01-01T04:31:27
2.335038,9.896348,2023-01-01T04:31:28
2.335038,9.896348,2023-01-01T04:31:29
2.335038,10.007543,2023-01-01T04:31:30
2.335038,10.007543,2023-01-01T04:31:31
2.223846,10.007543,2023-01-01T04:31:32
2.223846,10.007543,2023-01-01T04:31:33
2.223846,10.007543,2023-01-01T04:31:34
2.223846,10.007543,2023-01-01T04:31:35
2.112653,10.007543,2023-01-01T04:31:36
2.112653,10.007543,2023-01-01T04:31:37
2.112653,10.007543,2023-01-01T04:31:38
2.001461,10.118738,2023-01-01T04:31:39
2.001461,10.118738,2023-01-01T04:31:40
2.001461,10.118738,2023-01-01T04:31:41
1.890269,10.118738,2023-01-01T04:31:42
1.890269,10.118738,2023-01-01T04:31:43
1.779077,10.118738,2023-01-01T04:31:44
1.779077,10.229933,2023-01-01T04:31:45
1.667884,10.229933,2023-01-01T04:31:46
1.667884,10.229933,2023-01-01T04:31:47
1.556692,10.229933,2023-01-01T04:31:48
1.556692,10.229933,2023-01-01T04:31:49
1.445500,10.341128,2023-01-01T04:31:50
1.334307,10.341128,2023-01-01T04:31:51
1.334307,10.341128,2023-01-01T04:31:52
1.223115,10.341128,2023-01-01T04:31:53
1.223115,10.452323,2023-01-01T04:31:54
1.111923,10.452323,2023-01-01T04:31:55
1.111923,10.452323,2023-01-01T04:31:56
1.111923,10.452323,2023-01-01T04:31:57
1.000731,10.452323,2023-01-01T04:31:58
1.000731,10.452323,2023-01-01T04:31:59
0.889538,10.563518,2023-01-01T04:32:00
0.889538,10.563518,2023-01-01T04:32:01
0.889538,10.563518,2023-01-01T04:32:02
0.778346,10.563518,2023-01-01T04:32:03
0.778346,10.563518,2023-01-01T04:32:04
0.778346,10.563518,2023-01-01T04:32:05
0.667154,10.563518,2023-01-01T04:32:06
0.667154,10.674713,2023-01-01T04:32:07
0.667154,10.674713,2023-01-01T04:32:08
0.555961,10.674713,2023-01-01T04:32:09
0.555961,10.674713,2023-01-01T04:32:10
0.555961,10.674713,2023-01-01T04:32:11
0.555961,10.674713,2023-01-01T04:32:12
0.444769,10.674713,2023-01-01T04:32:13
0.444769,10.674713,2023-01-01T04:32:14
0.444769,10.785908,2023-01-01T04:32:15
0.444769,10.785908,2023-01-01T04:32:16
0.444769,10.785908,2023-01-01T04:32:17
0.333577,10.785908,2023-01-01T04:32:18
0.333577,10.785908,2023-01-01T04:32:19
0.333577,10.785908,2023-01-01T04:32:20
0.333577,10.785908,2023-01-01T04:32:21
0.333577,10.785908,2023-01-01T04:32:22
0.333577,10.785908,2023-01-01T04:32:23
0.333577,10.785908,2023-01-01T04:32:24
0.444769,10.785908,2023-01-01T04:32:25
0.444769,10.785908,2023-01-01T04:32:26
0.555961,10.785908,2023-01-01T04:32:27
0.555961,10.674713,2023-01-01T04:32:28
0.667154,10.674713,2023-01-01T04:32:29
0.778346,10.674713,2023-01-01T04:32:30
0.778346,10.674713,2023-01-01T04:32:31
0.889538,10.674713,2023-01-01T04:32:32
0.889538,10.674713,2023-01-01T04:32:33
1.000731,10.674713,2023-01-01T04:32:34
1.000731,10.674713,2023-01-01T04:32:35
1.111923,10.674713,2023-01-01T04:32:36
1.111923,10.674713,2023-01-01T04:32:37
1.223115,10.674713,2023-01-01T04:32:38
1.223115,10.674713,2023-01-01T04:32:39
1.334307,10.563518,2023-01-01T04:32:40
1.334307,10.563518,2023-01-01T04:32:41
1.445500,10.563518,2023-01-01T04:32:42
1.445500,10.563518,2023-01-01T04:32:43
1.556692,10.563518,2023-01-01T04:32:44
1.556692,10.563518,2023-01-01T04:32:45
1.667884,10.563518,2023-01-01T04:32:46
1.667884,10.563518,2023-01-01T04:32:47
1.779077,10.563518,2023-01-01T04:32:48
1.890269,10.563518,2023-01-01T04:32:49
1.890269,10.563518,2023-01-01T04:32:50
2.001461,10.563518,2023-01-01T04:32:51
2.001461,10.563518,2023-01-01T04:32:52
2.112653,10.563518,2023-01-01T04:32:53
2.112653,10.563518,2023-01-01T04:32:54
2.112653,10.563518,2023-01-01T04:32:55
2.223846,10.563518,2023-01-01T04:32:56
2.223846,10.452323,2023-01-01T04:32:57
2.223846,10.452323,2023-01-01T04:32:58
2.223846,10.452323,2023-01-01T04:32:59
2.335038,10.452323,2023-01-01T04:33:00
2.335038,10.452323,2023-01-01T04:33:01
2.335038,10.452323,2023-01-01T04:33:02
2.446230,10.452323,2023-01-01T04:33:03
2.446230,10.452323,2023-01-01T04:33:04
2.446230,10.452323,2023-01-01T04:33:05
2.557423,10.452323,2023-01-01T04:33:06
2.557423,10.452323,2023-01-01T04:33:07
2.557423,10.452323,2023-01-01T04:33:08
2.557423,10.452323,2023-01-01T04:33:09
2.668615,10.452323,2023-01-01T04:33:10
2.668615,10.452323,2023-01-01T04:33:11
2.668615,10.452323,2023-01-01T04:33:12
2.668615,10.452323,2023-01-01T04:33:13
2.779807,10.452323,2023-01-01T04:33:14
2.779807,10.452323,2023-01-01T04:33:15
2.779807,10.452323,2023-01-01T04:33:16
2.890999,10.563518,2023-01-01T04:33:17
2.890999,10.563518,2023-01-01T04:33:18
2.890999,10.563518,2023-01-01T04:33:19
2.890999,10.563518,2023-01-01T04:33:20
3.002192,10.563518,2023-01-01T04:33:21
3.002192,10.563518,2023-01-01T04:33:22
3.002192,10.563518,2023-01-01T04:33:23
3.002192,10.563518,2023-01-01T04:33:24
3.002192,10.563518,2023-01-01T04:33:25
3.002192,10.563518,2023-01-01T04:33:26
3.002192,10.563518,2023-01-01T04:33:27
3.002192,10.674713,2023-01-01T04:33:28
3.002192,10.674713,2023-01-01T04:33:29
3.002192,10.674713,2023-01-01T04:33:30
3.002192,10.674713,2023-01-01T04:33:31
3.002192,10.674713,2023-01-01T04:33:32
3.002192,10.674713,2023-01-01T04:33:33
3.002192,10.674713,2023-01-01T04:33:34
3.002192,10.674713,2023-01-01T04:33:35
3.002192,10.674713,2023-01-01T04:33:36
3.002192,10.785908,2023-01-01T04:33:37
3.002192,10.785908,2023-01-01T04:33:38
3.002192,10.785908,2023-01-01T04:33:39
3.002192,10.785908,2023-01-01T04:33:40
2.890999,10.785908,2023-01-01T04:33:41
2.890999,10.785908,2023-01-01T04:33:42
2.890999,10.897103,2023-01-01T04:33:43
2.890999,10.897103,2023-01-01T04:33:44
2.890999,10.897103,2023-01-01T04:33:45
2.890999,10.897103,2023-01-01T04:33:46
2.890999,10.897103,2023-01-01T04:33:47
2.779807,11.008298,2023-01-01T04:33:48
2.779807,11.008298,2023-01-01T04:33:49
2.779807,11.008298,2023-01-01T04:33:50
2.779807,11.008298,2023-01-01T04:33:51
2.779807,11.119493,2023-01-01T04:33:52
2.668615,11.119493,2023-01-01T04:33:53
2.668615,11.119493,2023-01-01T04:33:54
2.668615,11.119493,2023-01-01T04:33:55
2.668615,11.119493,2023-01-01T04:33:56
2.668615,11.119493,2023-01-01T04:33:57
2.668615,11.119493,2023-01-01T04:33:58
2.668615,11.119493,2023-01-01T04:33:59
2.668615,11.119493,2023-01-01T04:34:00
2.668615,11.119493,2023-01-01T04:34:01
2.668615,11.119493,2023-01-01T04:34:02
2.668615,11.230688,2023-01-01T04:34:03
2.668615,11.230688,2023-01-01T04:34:04
2.668615,11.230688,2023-01-01T04:34:05
2.668615,11.230688,2023-01-01T04:34:06
2.668615,11.230688,2023-01-01T04:34:07
2.668615,11.230688,2023-01-01T04:34:08
2.668615,11.230688,2023-01-01T04:34:09
2.668615,11.230688,2023-01-01T04:34:10
2.557423,11.341883,2023-01-01T04:34:11
2.557423,11.341883,2023-01-01T04:34:12
2.557423,11.341883,2023-01-01T04:34:13
2.557423,11.341883,2023-01-01T04:34:14
2.557423,11.341883,2023-01-01T04:34:15
2.557423,11.341883,2023-01-01T04:34:16
2.557423,11.341883,2023-01-01T04:34:17
2.557423,11.453077,2023-01-01T04:34:18
2.557423,11.453077,2023-01-01T04:34:19
2.557423,11.453077,2023-01-01T04:34:20
2.446230,11.453077,2023-01-01T04:34:21
2.446230,11.453077,2023-01-01T04:34:22
2.446230,11.564272,2023-01-01T04:34:23
2.446230,11.564272,2023-01-01T04:34:24
2.446230,11.564272,2023-01-01T04:34:25
2.557423,11.564272,2023-01-01T04:34:26
2.557423,11.564272,2023-01-01T04:34:27
2.557423,11.564272,2023-01-01T04:34:28
2.557423,11.564272,2023-01-01T04:34:29
2.557423,11.564272,2023-01-01T04:34:30
2.557423,11.564272,2023-01-01T04:34:31
2.557423,11.564272,2023-01-01T04:34:32
2.557423,11.564272,2023-01-01T04:34:33
2.557423,11.564272,2023-01-01T04:34:34
2.557423,11.564272,2023-01-01T04:34:35
2.557423,11.564272,2023-01-01T04:34:36
2.557423,11.564272,2023-01-01T04:34:37
2.557423,11.675467,2023-01-01T04:34:38
2.668615,11.675467,2023-01-01T04:34:39
2.668615,11.675467,2023-01-01T04:34:40
2.668615,11.675467,2023-01-01T04:34:41
2.668615,11.675467,2023-01-01T04:34:42
2.668615,11.675467,2023-01-01T04:34:43
2.668615,11.675467,2023-01-01T04:34:44
2.668615,11.786662,2023-01-01T04:34:45
2.668615,11.786662,2023-01-01T04:34:46
2.668615,11.786662,2023-01-01T04:34:47
2.668615,11.786662,2023-01-01T04:34:48
2.779807,11.786662,2023-01-01T04:34:49
2.779807,11.786662,2023-01-01T04:34:50
2.779807,11.897857,2023-01-01T04:34:51
2.779807,11.897857,2023-01-01T04:34:52
2.779807,11.897857,2023-01-01T04:34:53
2.779807,11.897857,2023-01-01T04:34:54
2.779807,11.897857,2023-01-01T04:34:55
2.890999,11.897857,2023-01-01T04:34:56
2.890999,11.897857,2023-01-01T04:34:57
2.890999,11.897857,2023-01-01T04:34:58
2.890999,11.897857,2023-01-01T04:34:59
2.890999,11.897857,2023-01-01T04:35:00
2.890999,12.009052,2023-01-01T04:35:01
3.002192,12.009052,2023-01-01T04:35:02
3.002192,12.009052,2023-01-01T04:35:03
3.002192,12.009052,2023-01-01T04:35:04
3.002192,12.009052,2023-01-01T04:35:05
3.113384,12.009052,2023-01-01T04:35:06
3.113384,12.120247,2023-01-01T04:35:07
3.113384,12.120247,2023-01-01T04:35:08
3.113384,12.120247,2023-01-01T04:35:09
3.224576,12.120247,2023-01-01T04:35:10
3.224576,12.120247,2023-01-01T04:35:11
3.224576,12.231442,2023-01-01T04:35:12
3.335769,12.231442,2023-01-01T04:35:13
3.335769,12.231442,2023-01-01T04:35:14
3.335769,12.231442,2023-01-01T04:35:15
3.446961,12.342637,2023-01-01T04:35:16
3.446961,12.342637,2023-01-01T04:35:17
3.446961,12.342637,2023-01-01T04:35:18
3.558153,12.342637,2023-01-01T04:35:19
3.558153,12.453832,2023-01-01T04:35:20
3.558153,12.453832,2023-01-01T04:35:21
3.669345,12.453832,2023-01-01T04:35:22
3.669345,12.453832,2023-01-01T04:35:23
3.669345,12.565027,2023-01-01T04:35:24
3.780538,12.565027,2023-01-01T04:35:25
3.780538,12.565027,2023-01-01T04:35:26
3.780538,12.565027,2023-01-01T04:35:27
3.780538,12.565027,2023-01-01T04:35:28
3.891730,12.565027,2023-01-01T04:35:29
3.891730,12.565027,2023-01-01T04:35:30
3.891730,12.676222,2023-01-01T04:35:31
4.002922,12.676222,2023-01-01T04:35:32
4.002922,12.676222,2023-01-01T04:35:33
4.002922,12.676222,2023-01-01T04:35:34
4.114115,12.676222,2023-01-01T04:35:35
4.114115,12.787417,2023-01-01T04:35:36
4.114115,12.787417,2023-01-01T04:35:37
4.225307,12.787417,2023-01-01T04:35:38
4.225307,12.787417,2023-01-01T04:35:39
4.225307,12.898611,2023-01-01T04:35:40
4.336499,12.898611,2023-01-01T04:35:41
4.336499,12.898611,2023-01-01T04:35:42
4.336499,12.898611,2023-01-01T04:35:43
4.447691,13.009806,2023-01-01T04:35:44
4.447691,13.009806,2023-01-01T04:35:45
4.447691,13.009806,2023-01-01T04:35:46
4.558884,13.121001,2023-01-01T04:35:47
4.558884,13.121001,2023-01-01T04:35:48
4.670076,13.121001,2023-01-01T04:35:49
4.670076,13.121001,2023-01-01T04:35:50
4.670076,13.232196,2023-01-01T04:35:51
4.781268,13.232196,2023-01-01T04:35:52
4.781268,13.232196,2023-01-01T04:35:53
4.781268,13.232196,2023-01-01T04:35:54
4.781268,13.232196,2023-01-01T04:35:55
4.892461,13.343391,2023-01-01T04:35:56
4.892461,13.343391,2023-01-01T04:35:57
4.892461,13.343391,2023-01-01T04:35:58
4.892461,13.343391,2023-01-01T04:35:59
4.892461,13.343391,2023-01-01T04:36:00
4.892461,13.343391,2023-01-01T04:36:01
5.003653,13.343391,2023-01-01T04:36:02
5.003653,13.343391,2023-01-01T04:36:03
5.003653,13.343391,2023-01-01T04:36:04
5.003653,13.343391,2023-01-01T04:36:05
5.114845,13.454586,2023-01-01T04:36:06
5.114845,13.454586,2023-01-01T04:36:07
5.114845,13.454586,2023-01-01T04:36:08
5.114845,13.454586,2023-01-01T04:36:09
5.114845,13.454586,2023-01-01T04:36:10
5.226037,13.454586,2023-01-01T04:36:11
5.226037,13.565781,2023-01-01T04:36:12
5.226037,13.565781,2023-01-01T04:36:13
5.226037,13.565781,2023-01-01T04:36:14
5.337230,13.565781,2023-01-01T04:36:15
5.337230,13.676976,2023-01-01T04:36:16
5.337230,13.676976,2023-01-01T04:36:17
5.448422,13.676976,2023-01-01T04:36:18
5.448422,13.676976,2023-01-01T04:36:19
5.448422,13.676976,2023-01-01T04:36:20
5.448422,13.788171,2023-01-01T04:36:21
5.559614,13.788171,2023-01-01T04:36:22
5.559614,13.788171,2023-01-01T04:36:23
5.559614,13.788171,2023-01-01T04:36:24
5.559614,13.788171,2023-01-01T04:36:25
5.559614,13.788171,2023-01-01T04:36:26
5.559614,13.788171,2023-01-01T04:36:27
5.559614,13.788171,2023-01-01T04:36:28
5.670807,13.788171,2023-01-01T04:36:29
5.670807,13.788171,2023-01-01T04:36:30
5.670807,13.788171,2023-01-01T04:36:31
5.670807,13.788171,2023-01-01T04:36:32
5.670807,13.788171,2023-01-01T04:36:33
5.670807,13.788171,2023-01-01T04:36:34
5.670807,13.899366,2023-01-01T04:36:35
5.781999,13.899366,2023-01-01T04:36:36
5.781999,13.899366,2023-01-01T04:36:37
5.781999,13.899366,2023-01-01T04:36:38
5.781999,13.899366,2023-01-01T04:36:39
5.781999,13.899366,2023-01-01T04:36:40
5.893191,13.899366,2023-01-01T04:36:41
5.893191,13.899366,2023-01-01T04:36:42
5.893191,14.010561,2023-01-01T04:36:43
5.893191,14.010561,2023-01-01T04:36:44
5.893191,14.010561,2023-01-01T04:36:45
6.004383,14.010561,2023-01-01T04:36:46
6.004383,14.010561,2023-01-01T04:36:47
6.004383,14.121756,2023-01-01T04:36:48
6.115576,14.121756,2023-01-01T04:36:49
6.115576,14.121756,2023-01-01T04:36:50
6.115576,14.121756,2023-01-01T04:36:51
6.115576,14.232951,2023-01-01T04:36:52
6.226768,14.232951,2023-01-01T04:36:53
6.226768,14.232951,2023-01-01T04:36:54
6.226768,14.232951,2023-01-01T04:36:55
6.226768,14.232951,2023-01-01T04:36:56
6.226768,14.232951,2023-01-01T04:36:57
6.226768,14.232951,2023-01-01T04:36:58
6.226768,14.232951,2023-01-01T04:36:59
6.226768,14.232951,2023-01-01T04:37:00
6.226768,14.232951,2023-01-01T04:37:01
6.226768,14.232951,2023-01-01T04:37:02
6.226768,14.232951,2023-01-01T04:37:03
6.226768,14.344146,2023-01-01T04:37:04
6.226768,14.344146,2023-01-01T04:37:05
6.226768,14.344146,2023-01-01T04:37:06
6.337960,14.344146,2023-01-01T04:37:07
6.337960,14.344146,2023-01-01T04:37:08
6.337960,14.344146,2023-01-01T04:37:09
6.337960,14.344146,2023-01-01T04:37:10
6.337960,14.344146,2023-01-01T04:37:11
6.337960,14.455340,2023-01-01T04:37:12
6.337960,14.455340,2023-01-01T04:37:13
6.337960,14.455340,2023-01-01T04:37:14
6.337960,14.455340,2023-01-01T04:37:15
6.449153,14.455340,2023-01-01T04:37:16
6.449153,14.455340,2023-01-01T04:37:17
6.449153,14.455340,2023-01-01T04:37:18
6.449153,14.566535,2023-01-01T04:37:19
6.449153,14.566535,2023-01-01T04:37:20
6.449153,14.566535,2023-01-01T04:37:21
6.449153,14.566535,2023-01-01T04:37:22
6.449153,14.566535,2023-01-01T04:37:23
6.449153,14.566535,2023-01-01T04:37:24
6.449153,14.566535,2023-01-01T04:37:25
6.449153,14.566535,2023-01-01T04:37:26
6.449153,14.566535,2023-01-01T04:37:27
6.449153,14.566535,2023-01-01T04:37:28
6.449153,14.566535,2023-01-01T04:37:29
6.337960,14.566535,2023-01-01T04:37:30
6.337960,14.566535,2023-01-01T04:37:31
6.337960,14.455340,2023-01-01T04:37:32
6.337960,14.455340,2023-01-01T04:37:33
6.337960,14.455340,2023-01-01T04:37:34
6.337960,14.455340,2023-01-01T04:37:35
6.337960,14.455340,2023-01-01T04:37:36
6.337960,14.455340,2023-01-01T04:37:37
6.337960,14.455340,2023-01-01T04:37:38
6.226768,14.455340,2023-01-01T04:37:39
6.226768,14.455340,2023-01-01T04:37:40
6.226768,14.455340,2023-01-01T04:37:41
6.226768,14.455340,2023-01-01T04:37:42
6.226768,14.344146,2023-01-01T04:37:43
6.226768,14.344146,2023-01-01T04:37:44
6.226768,14.344146,2023-01-01T04:37:45
6.226768,14.344146,2023-01-01T04:37:46
6.226768,14.344146,2023-01-01T04:37:47
6.226768,14.344146,2023-01-01T04:37:48
6.226768,14.344146,2023-01-01T04:37:49
6.115576,14.344146,2023-01-01T04:37:50
6.115576,14.344146,2023-01-01T04:37:51
6.115576,14.344146,2023-01-01T04:37:52
6.115576,14.344146,2023-01-01T04:37:53
6.115576,14.344146,2023-01-01T04:37:54
6.115576,14.232951,2023-01-01T04:37:55
6.115576,14.232951,2023-01-01T04:37:56
6.004383,14.232951,2023-01-01T04:37:57
6.004383,14.232951,2023-01-01T04:37:58
6.004383,14.232951,2023-01-01T04:37:59
6.004383,14.232951,2023-01-01T04:38:00
6.004383,14.121756,2023-01-01T04:38:01
5.893191,14.121756,2023-01-01T04:38:02
5.893191,14.121756,2023-01-01T04:38:03
5.893191,14.121756,2023-01-01T04:38:04
5.893191,14.121756,2023-01-01T04:38:05
5.893191,14.121756,2023-01-01T04:38:06
5.781999,14.121756,2023-01-01T04:38:07
5.781999,14.010561,2023-01-01T04:38:08
5.781999,14.010561,2023-01-01T04:38:09
5.781999,14.010561,2023-01-01T04:38:10
5.781999,14.010561,2023-01-01T04:38:11
5.781999,14.010561,2023-01-01T04:38:12
5.670807,14.010561,2023-01-01T04:38:13
5.670807,14.010561,2023-01-01T04:38:14
5.670807,14.010561,2023-01-01T04:38:15
5.670807,14.010561,2023-01-01T04:38:16
5.670807,13.899366,2023-01-01T04:38:17
5.670807,13.899366,2023-01-01T04:38:18
5.670807,13.899366,2023-01-01T04:38:19
5.559614,13.899366,2023-01-01T04:38:20
5.559614,13.899366,2023-01-01T04:38:21
5.559614,13.899366,2023-01-01T04:38:22
5.559614,13.899366,2023-01-01T04:38:23
5.559614,13.899366,2023-01-01T04:38:24
5.559614,13.899366,2023-01-01T04:38:25
5.559614,13.899366,2023-01-01T04:38:26
5.448422,13.899366,2023-01-01T04:38:27
5.448422,13.788171,2023-01-01T04:38:28
5.448422,13.788171,2023-01-01T04:38:29
5.448422,13.788171,2023-01-01T04:38:30
5.448422,13.788171,2023-01-01T04:38:31
5.448422,13.788171,2023-01-01T04:38:32
5.448422,13.788171,2023-01-01T04:38:33
5.448422,13.788171,2023-01-01T04:38:34
5.337230,13.788171,2023-01-01T04:38:35
5.337230,13.788171,2023-01-01T04:38:36
5.337230,13.788171,2023-01-01T04:38:37
5.337230,13.788171,2023-01-01T04:38:38
5.337230,13.788171,2023-01-01T04:38:39
5.337230,13.788171,2023-01-01T04:38:40
5.337230,13.788171,2023-01-01T04:38:41
5.337230,13.676976,2023-01-01T04:38:42
5.337230,13.676976,2023-01-01T04:38:43
5.226037,13.676976,2023-01-01T04:38:44
5.226037,13.676976,2023-01-01T04:38:45
5.226037,13.676976,2023-01-01T04:38:46
5.226037,13.676976,2023-01-01T04:38:47
5.226037,13.676976,2023-01-01T04:38:48
5.226037,13.676976,2023-01-01T04:38:49
5.226037,13.676976,2023-01-01T04:38:50
5.226037,13.676976,2023-01-01T04:38:51
5.226037,13.676976,2023-01-01T04:38:52
5.226037,13.676976,2023-01-01T04:38:53
5.226037,13.676976,2023-01-01T04:38:54
5.114845,13.676976,2023-01-01T04:38:55
5.114845,13.676976,2023-01-01T04:38:56
5.114845,13.676976,2023-01-01T04:38:57
5.114845,13.676976,2023-01-01T04:38:58
5.114845,13.676976,2023-01-01T04:38:59
5.114845,13.676976,2023-01-01T04:39:00
5.114845,13.676976,2023-01-01T04:39:01
5.114845,13.676976,2023-01-01T04:39:02
5.114845,13.565781,2023-01-01T04:39:03
5.114845,13.565781,2023-01-01T04:39:04
5.114845,13.565781,2023-01-01T04:39:05
5.114845,13.565781,2023-01-01T04:39:06
5.114845,13.565781,2023-01-01T04:39:07
5.114845,13.565781,2023-01-01T04:39:08
5.003653,13.565781,2023-01-01T04:39:09
5.003653,13.565781,2023-01-01T04:39:10
5.003653,13.565781,2023-01-01T04:39:11
5.003653,13.565781,2023-01-01T04:39:12
5.003653,13.565781,2023-01-01T04:39:13
5.003653,13.565781,2023-01-01T04:39:14
5.003653,13.565781,2023-01-01T04:39:15
5.003653,13.565781,2023-01-01T04:39:16
5.003653,13.565781,2023-01-01T04:39:17
5.003653,13.565781,2023-01-01T04:39:18
5.003653,13.565781,2023-01-01T04:39:19
5.003653,13.565781,2023-01-01T04:39:20
5.003653,13.565781,2023-01-01T04:39:21
5.003653,13.565781,2023-01-01T04:39:22
5.003653,13.565781,2023-01-01T04:39:23
5.003653,13.565781,2023-01-01T04:39:24
5.003653,13.565781,2023-01-01T04:39:25
5.003653,13.565781,2023-01-01T04:39:26
4.892461,13.565781,2023-01-01T04:39:27
4.892461,13.565781,2023-01-01T04:39:28
4.892461,13.565781,2023-01-01T04:39:29
4.892461,13.565781,2023-01-01T04:39:30
4.892461,13.565781,2023-01-01T04:39:31
4.892461,13.565781,2023-01-01T04:39:32
4.892461,13.565781,2023-01-01T04:39:33
4.892461,13.565781,2023-01-01T04:39:34
4.892461,13.565781,2023-01-01T04:39:35
4.892461,13.565781,2023-01-01T04:39:36
4.892461,13.565781,2023-01-01T04:39:37
4.892461,13.565781,2023-01-01T04:39:38
4.892461,13.565781,2023-01-01T04:39:39
4.892461,13.565781,2023-01-01T04:39:40
4.892461,13.565781,2023-01-01T04:39:41
4.892461,13.565781,2023-01-01T04:39:42
4.892461,13.565781,2023-01-01T04:39:43
4.892461,13.565781,2023-01-01T04:39:44
4.892461,13.565781,2023-01-01T04:39:45
4.892461,13.565781,2023-01-01T04:39:46
4.892461,13.565781,2023-01-01T04:39:47
4.892461,13.565781,2023-01-01T04:39:48
4.892461,13.565781,2023-01-01T04:39:49
4.892461,13.565781,2023-01-01T04:39:50
4.892461,13.565781,2023-01-01T04:39:51
4.781268,13.454586,2023-01-01T04:39:52
4.781268,13.454586,2023-01-01T04:39:53
4.781268,13.454586,2023-01-01T04:39:54
4.781268,13.454586,2023-01-01T04:39:55
4.781268,13.454586,2023-01-01T04:39:56
4.781268,13.454586,2023-01-01T04:39:57
4.781268,13.454586,2023-01-01T04:39:58
4.781268,13.454586,2023-01-01T04:39:59
4.781268,13.454586,2023-01-01T04:40:00
4.781268,13.454586,2023-01-01T04:40:01
4.781268,13.454586,2023-01-01T04:40:02
4.781268,13.454586,2023-01-01T04:40:03
4.781268,13.454586,2023-01-01T04:40:04
4.781268,13.454586,2023-01-01T04:40:05
4.781268,13.454586,2023-01-01T04:40:06
4.781268,13.454586,2023-01-01T04:40:07
4.781268,13.454586,2023-01-01T04:40:08
4.781268,13.454586,2023-01-01T04:40:09
4.781268,13.454586,2023-01-01T04:40:10
4.781268,13.454586,2023-01-01T04:40:11
4.781268,13.454586,2023-01-01T04:40:12
4.781268,13.454586,2023-01-01T04:40:13
4.781268,13.454586,2023-01-01T04:40:14
4.781268,13.454586,2023-01-01T04:40:15
4.781268,13.454586,2023-01-01T04:40:16
4.781268,13.454586,2023-01-01T04:40:17
4.781268,13.454586,2023-01-01T04:40:18
4.781268,13.454586,2023-01-01T04:40:19
4.781268,13.454586,2023-01-01T04:40:20
4.781268,13.454586,2023-01-01T04:40:21
4.781268,13.454586,2023-01-01T04:40:22
4.781268,13.454586,2023-01-01T04:40:23
4.781268,13.454586,2023-01-01T04:40:24
4.781268,13.454586,2023-01-01T04:40:25
4.781268,13.454586,2023-01-01T04:40:26
4.781268,13.454586,2023-01-01T04:40:27
4.781268,13.454586,2023-01-01T04:40:28
4.781268,13.454586,2023-01-01T04:40:29
4.670076,13.454586,2023-01-01T04:40:30
4.670076,13.454586,2023-01-01T04:40:31
4.670076,13.454586,2023-01-01T04:40:32
4.670076,13.454586,2023-01-01T04:40:33
4.670076,13.454586,2023-01-01T04:40:34
4.670076,13.454586,2023-01-01T04:40:35
4.670076,13.454586,2023-01-01T04:40:36
4.670076,13.454586,2023-01-01T04:40:37
4.670076,13.454586,2023-01-01T04:40:38
4.670076,13.454586,2023-01-01T04:40:39
4.670076,13.454586,2023-01-01T04:40:40
4.670076,13.454586,2023-01-01T04:40:41
4.670076,13.454586,2023-01-01T04:40:42
4.670076,13.454586,2023-01-01T04:40:43
4.670076,13.454586,2023-01-01T04:40:44
4.670076,13.454586,2023-01-01T04:40:45
4.670076,13.454586,2023-01-01T04:40:46
4.670076,13.454586,2023-01-01T04:40:47
4.670076,13.454586,2023-01-01T04:40:48
4.670076,13.454586,2023-01-01T04:40:49
4.670076,13.454586,2023-01-01T04:40:50
4.670076,13.454586,2023-01-01T04:40:51
4.670076,13.454586,2023-01-01T04:40:52
4.670076,13.454586,2023-01-01T04:40:53
4.670076,13.454586,2023-01-01T04:40:54
4.670076,13.454586,2023-01-01T04:40:55
4.670076,13.454586,2023-01-01T04:40:56
4.670076,13.454586,2023-01-01T04:40:57
4.670076,13.454586,2023-01-01T04:40:58
4.670076,13.454586,2023-01-01T04:40:59
4.670076,13.454586,2023-01-01T04:41:00
4.670076,13.454586,2023-01-01T04:41:01
4.670076,13.454586,2023-01-01T04:41:02
4.670076,13.454586,2023-01-01T04:41:03
4.670076,13.454586,2023-01-01T04:41:04
4.670076,13.454586,2023-01-01T04:41:05
4.670076,13.454586,2023-01-01T04:41:06
4.670076,13.454586,2023-01-01T04:41:07
4.670076,13.454586,2023-01-01T04:41:08
4.670076,13.454586,2023-01-01T04:41:09
4.670076,13.454586,2023-01-01T04:41:10
4.670076,13.454586,2023-01-01T04:41:11
4.558884,13.454586,2023-01-01T04:41:12
4.558884,13.454586,2023-01-01T04:41:13
4.558884,13.454586,2023-01-01T04:41:14
4.558884,13.454586,2023-01-01T04:41:15
4.558884,13.454586,2023-01-01T04:41:16
4.558884,13.454586,2023-01-01T04:41:17
4.558884,13.454586,2023-01-01T04:41:18
4.558884,13.454586,2023-01-01T04:41:19
4.558884,13.454586,2023-01-01T04:41:20
4.558884,13.454586,2023-01-01T04:41:21
4.558884,13.454586,2023-01-01T04:41:22
4.558884,13.454586,2023-01-01T04:41:23
4.558884,13.454586,2023-01-01T04:41:24
4.558884,13.454586,2023-01-01T04:41:25
4.558884,13.454586,2023-01-01T04:41:26
4.558884,13.454586,2023-01-01T04:41:27
4.558884,13.454586,2023-01-01T04:41:28
4.558884,13.454586,2023-01-01T04:41:29
4.558884,13.454586,2023-01-01T04:41:30
4.558884,13.454586,2023-01-01T04:41:31
4.558884,13.454586,2023-01-01T04:41:32
4.558884,13.454586,2023-01-01T04:41:33
4.558884,13.454586,2023-01-01T04:41:34
4.447691,13.454586,2023-01-01T04:41:35
4.447691,13.454586,2023-01-01T04:41:36
4.447691,13.454586,2023-01-01T04:41:37
4.447691,13.454586,2023-01-01T04:41:38
4.447691,13.454586,2023-01-01T04:41:39
4.447691,13.454586,2023-01-01T04:41:40
4.447691,13.454586,2023-01-01T04:41:41
4.447691,13.454586,2023-01-01T04:41:42
4.447691,13.454586,2023-01-01T04:41:43
4.447691,13.454586,2023-01-01T04:41:44
4.447691,13.454586,2023-01-01T04:41:45
4.447691,13.454586,2023-01-01T04:41:46
4.447691,13.454586,2023-01-01T04:41:47
4.447691,13.454586,2023-01-01T04:41:48
4.336499,13.454586,2023-01-01T04:41:49
4.336499,13.454586,2023-01-01T04:41:50
4.336499,13.454586,2023-01-01T04:41:51
4.336499,13.454586,2023-01-01T04:41:52
4.336499,13.454586,2023-01-01T04:41:53
4.336499,13.454586,2023-01-01T04:41:54
4.336499,13.454586,2023-01-01T04:41:55
4.336499,13.454586,2023-01-01T04:41:56
4.336499,13.454586,2023-01-01T04:41:57
4.336499,13.454586,2023-01-01T04:41:58
4.336499,13.454586,2023-01-01T04:41:59
4.336499,13.454586,2023-01-01T04:42:00
4.336499,13.454586,2023-01-01T04:42:01
4.336499,13.454586,2023-01-01T04:42:02
4.336499,13.454586,2023-01-01T04:42:03
4.225307,13.454586,2023-01-01T04:42:04
4.225307,13.454586,2023-01-01T04:42:05
4.225307,13.454586,2023-01-01T04:42:06
4.225307,13.454586,2023-01-01T04:42:07
4.225307,13.454586,2023-01-01T04:42:08
4.225307,13.454586,2023-01-01T04:42:09
4.225307,13.454586,2023-01-01T04:42:10
4.225307,13.454586,2023-01-01T04:42:11
4.225307,13.454586,2023-01-01T04:42:12
4.225307,13.454586,2023-01-01T04:42:13
4.225307,13.454586,2023-01-01T04:42:14
4.225307,13.454586,2023-01-01T04:42:15
4.114115,13.454586,2023-01-01T04:42:16
4.114115,13.454586,2023-01-01T04:42:17
4.114115,13.454586,2023-01-01T04:42:18
4.114115,13.454586,2023-01-01T04:42:19
4.114115,13.454586,2023-01-01T04:42:20
4.114115,13.454586,2023-01-01T04:42:21
4.114115,13.454586,2023-01-01T04:42:22
4.114115,13.454586,2023-01-01T04:42:23
4.002922,13.565781,2023-01-01T04:42:24
4.002922,13.565781,2023-01-01T04:42:25
4.002922,13.565781,2023-01-01T04:42:26
4.002922,13.565781,2023-01-01T04:42:27
4.002922,13.565781,2023-01-01T04:42:28
3.891730,13.565781,2023-01-01T04:42:29
3.891730,13.565781,2023-01-01T04:42:30
3.891730,13.565781,2023-01-01T04:42:31
3.891730,13.565781,2023-01-01T04:42:32
3.780538,13.565781,2023-01-01T04:42:33
3.780538,13.565781,2023-01-01T04:42:34
3.780538,13.676976,2023-01-01T04:42:35
3.780538,13.676976,2023-01-01T04:42:36
3.669345,13.676976,2023-01-01T04:42:37
3.669345,13.676976,2023-01-01T04:42:38
3.669345,13.676976,2023-01-01T04:42:39
3.669345,13.676976,2023-01-01T04:42:40
3.558153,13.788171,2023-01-01T04:42:41
3.558153,13.788171,2023-01-01T04:42:42
3.558153,13.788171,2023-01-01T04:42:43
3.446961,13.788171,2023-01-01T04:42:44
3.446961,13.788171,2023-01-01T04:42:45
3.446961,13.899366,2023-01-01T04:42:46
3.335769,13.899366,2023-01-01T04:42:47
3.335769,13.899366,2023-01-01T04:42:48
3.335769,13.899366,2023-01-01T04:42:49
3.224576,14.010561,2023-01-01T04:42:50
3.224576,14.010561,2023-01-01T04:42:51
3.113384,14.010561,2023-01-01T04:42:52
3.113384,14.010561,2023-01-01T04:42:53
3.113384,14.121756,2023-01-01T04:42:54
3.113384,14.121756,2023-01-01T04:42:55
3.002192,14.121756,2023-01-01T04:42:56
3.002192,14.121756,2023-01-01T04:42:57
3.002192,14.121756,2023-01-01T04:42:58
3.002192,14.121756,2023-01-01T04:42:59
2.890999,14.232951,2023-01-01T04:43:00
2.890999,14.232951,2023-01-01T04:43:01
2.890999,14.232951,2023-01-01T04:43:02
2.779807,14.232951,2023-01-01T04:43:03
2.779807,14.232951,2023-01-01T04:43:04
2.779807,14.232951,2023-01-01T04:43:05
2.779807,14.344146,2023-01-01T04:43:06
2.668615,14.344146,2023-01-01T04:43:07
2.668615,14.344146,2023-01-01T04:43:08
2.668615,14.344146,2023-01-01T04:43:09
2.668615,14.344146,2023-01-01T04:43:10
2.557423,14.344146,2023-01-01T04:43:11
2.557423,14.455340,2023-01-01T04:43:12
2.557423,14.455340,2023-01-01T04:43:13
2.557423,14.455340,2023-01-01T04:43:14
2.557423,14.455340,2023-01-01T04:43:15
2.446230,14.455340,2023-01-01T04:43:16
2.446230,14.455340,2023-01-01T04:43:17
2.446230,14.566535,2023-01-01T04:43:18
2.446230,14.566535,2023-01-01T04:43:19
2.335038,14.566535,2023-01-01T04:43:20
2.335038,14.566535,2023-01-01T04:43:21
2.335038,14.566535,2023-01-01T04:43:22
2.335038,14.566535,2023-01-01T04:43:23
2.335038,14.566535,2023-01-01T04:43:24
2.335038,14.566535,2023-01-01T04:43:25
2.335038,14.566535,2023-01-01T04:43:26
2.335038,14.566535,2023-01-01T04:43:27
2.335038,14.566535,2023-01-01T04:43:28
2.335038,14.566535,2023-01-01T04:43:29
2.335038,14.566535,2023-01-01T04:43:30
2.335038,14.566535,2023-01-01T04:43:31
2.335038,14.566535,2023-01-01T04:43:32
2.335038,14.566535,2023-01-01T04:43:33
2.335038,14.566535,2023-01-01T04:43:34
2.335038,14.566535,2023-01-01T04:43:35
2.446230,14.566535,2023-01-01T04:43:36
2.446230,14.566535,2023-01-01T04:43:37
2.446230,14.455340,2023-01-01T04:43:38
2.446230,14.455340,2023-01-01T04:43:39
2.446230,14.455340,2023-01-01T04:43:40
2.446230,14.455340,2023-01-01T04:43:41
2.446230,14.455340,2023-01-01T04:43:42
2.446230,14.455340,2023-01-01T04:43:43
2.446230,14.455340,2023-01-01T04:43:44
2.446230,14.455340,2023-01-01T04:43:45
2.446230,14.455340,2023-01-01T04:43:46
2.446230,14.455340,2023-01-01T04:43:47
2.446230,14.455340,2023-01-01T04:43:48
2.446230,14.455340,2023-01-01T04:43:49
2.446230,14.455340,2023-01-01T04:43:50
2.446230,14.455340,2023-01-01T04:43:51
2.446230,14.455340,2023-01-01T04:43:52
2.446230,14.455340,2023-01-01T04:43:53
2.446230,14.455340,2023-01-01T04:43:54
2.446230,14.344146,2023-01-01T04:43:55
2.446230,14.344146,2023-01-01T04:43:56
2.557423,14.344146,2023-01-01T04:43:57
2.557423,14.344146,2023-01-01T04:43:58
2.557423,14.344146,2023-01-01T04:43:59
2.557423,14.344146,2023-01-01T04:44:00
2.557423,14.344146,2023-01-01T04:44:01
2.557423,14.344146,2023-01-01T04:44:02
2.557423,14.232951,2023-01-01T04:44:03
2.557423,14.232951,2023-01-01T04:44:04
2.668615,14.232951,2023-01-01T04:44:05
2.668615,14.232951,2023-01-01T04:44:06
2.668615,14.232951,2023-01-01T04:44:07
2.668615,14.232951,2023-01-01T04:44:08
2.668615,14.232951,2023-01-01T04:44:09
2.668615,14.232951,2023-01-01T04:44:10
2.668615,14.232951,2023-01-01T04:44:11
2.668615,14.121756,2023-01-01T04:44:12
2.668615,14.121756,2023-01-01T04:44:13
2.668615,14.121756,2023-01-01T04:44:14
2.779807,14.121756,2023-01-01T04:44:15
2.779807,14.121756,2023-01-01T04:44:16
2.779807,14.121756,2023-01-01T04:44:17
2.779807,14.121756,2023-01-01T04:44:18
2.779807,14.121756,2023-01-01T04:44:19
2.779807,14.121756,2023-01-01T04:44:20
2.779807,14.121756,2023-01-01T04:44:21
2.779807,14.121756,2023-01-01T04:44:22
2.779807,14.010561,2023-01-01T04:44:23
2.779807,14.010561,2023-01-01T04:44:24
2.779807,14.010561,2023-01-01T04:44:25
2.779807,14.010561,2023-01-01T04:44:26
2.779807,14.010561,2023-01-01T04:44:27
2.779807,14.010561,2023-01-01T04:44:28
2.779807,14.010561,2023-01-01T04:44:29
2.890999,14.010561,2023-01-01T04:44:30
2.890999,14.010561,2023-01-01T04:44:31
2.890999,14.010561,2023-01-01T04:44:32
2.890999,14.010561,2023-01-01T04:44:33
2.890999,14.010561,2023-01-01T04:44:34
2.890999,14.010561,2023-01-01T04:44:35
2.890999,14.010561,2023-01-01T04:44:36
2.890999,13.899366,2023-01-01T04:44:37
2.890999,13.899366,2023-01-01T04:44:38
2.890999,13.899366,2023-01-01T04:44:39
2.890999,13.899366,2023-01-01T04:44:40
2.890999,13.899366,2023-01-01T04:44:41
2.890999,13.899366,2023-01-01T04:44:42
2.890999,13.899366,2023-01-01T04:44:43
2.890999,13.899366,2023-01-01T04:44:44
2.890999,13.899366,2023-01-01T04:44:45
2.890999,13.899366,2023-01-01T04:44:46
2.890999,13.899366,2023-01-01T04:44:47
2.890999,13.899366,2023-01-01T04:44:48
2.890999,13.899366,2023-01-01T04:44:49
2.890999,13.899366,2023-01-01T04:44:50
2.890999,13.899366,2023-01-01T04:44:51
2.890999,13.899366,2023-01-01T04:44:52
2.890999,13.899366,2023-01-01T04:44:53
2.890999,13.788171,2023-01-01T04:44:54
2.890999,13.788171,2023-01-01T04:44:55
2.890999,13.788171,2023-01-01T04:44:56
2.890999,13.788171,2023-01-01T04:44:57
2.890999,13.788171,2023-01-01T04:44:58
2.890999,13.788171,2023-01-01T04:44:59
2.890999,13.788171,2023-01-01T04:45:00
2.890999,13.788171,2023-01-01T04:45:01
3.002192,13.788171,2023-01-01T04:45:02
3.002192,13.788171,2023-01-01T04:45:03
3.002192,13.788171,2023-01-01T04:45:04
3.002192,13.788171,2023-01-01T04:45:05
3.002192,13.788171,2023-01-01T04:45:06
3.002192,13.788171,2023-01-01T04:45:07
3.002192,13.788171,2023-01-01T04:45:08
3.002192,13.788171,2023-01-01T04:45:09
3.002192,13.788171,2023-01-01T04:45:10
3.002192,13.788171,2023-01-01T04:45:11
3.002192,13.788171,2023-01-01T04:45:12
3.002192,13.788171,2023-01-01T04:45:13
3.002192,13.788171,2023-01-01T04:45:14
3.002192,13.788171,2023-01-01T04:45:15
3.002192,13.788171,2023-01-01T04:45:16
3.002192,13.788171,2023-01-01T04:45:17
3.002192,13.788171,2023-01-01T04:45:18
3.002192,13.788171,2023-01-01T04:45:19
3.002192,13.788171,2023-01-01T04:45:20
3.002192,13.788171,2023-01-01T04:45:21
3.002192,13.788171,2023-01-01T04:45:22
3.002192,13.788171,2023-01-01T04:45:23
3.002192,13.788171,2023-01-01T04:45:24
3.002192,13.788171,2023-01-01T04:45:25
3.002192,13.788171,2023-01-01T04:45:26
3.002192,13.788171,2023-01-01T04:45:27
3.002192,13.788171,2023-01-01T04:45:28
3.113384,13.788171,2023-01-01T04:45:29
3.113384,13.788171,2023-01-01T04:45:30
3.113384,13.788171,2023-01-01T04:45:31
3.113384,13.788171,2023-01-01T04:45:32
3.113384,13.788171,2023-01-01T04:45:33
3.113384,13.788171,2023-01-01T04:45:34
3.113384,13.788171,2023-01-01T04:45:35
3.113384,13.788171,2023-01-01T04:45:36
3.113384,13.788171,2023-01-01T04:45:37
3.113384,13.788171,2023-01-01T04:45:38
3.113384,13.788171,2023-01-01T04:45:39
3.113384,13.788171,2023-01-01T04:45:40
3.113384,13.788171,2023-01-01T04:45:41
3.113384,13.788171,2023-01-01T04:45:42
3.113384,13.788171,2023-01-01T04:45:43
3.113384,13.676976,2023-01-01T04:45:44
3.113384,13.676976,2023-01-01T04:45:45
3.113384,13.676976,2023-01-01T04:45:46
3.113384,13.676976,2023-01-01T04:45:47
3.113384,13.676976,2023-01-01T04:45:48
3.113384,13.676976,2023-01-01T04:45:49
3.113384,13.676976,2023-01-01T04:45:50
3.113384,13.676976,2023-01-01T04:45:51
3.113384,13.676976,2023-01-01T04:45:52
3.113384,13.676976,2023-01-01T04:45:53
3.113384,13.676976,2023-01-01T04:45:54
3.113384,13.676976,2023-01-01T04:45:55
3.113384,13.676976,2023-01-01T04:45:56
3.113384,13.676976,2023-01-01T04:45:57
3.113384,13.676976,2023-01-01T04:45:58
3.113384,13.676976,2023-01-01T04:45:59
3.113384,13.676976,2023-01-01T04:46:00
3.113384,13.676976,2023-01-01T04:46:01
3.113384,13.676976,2023-01-01T04:46:02
3.113384,13.676976,2023-01-01T04:46:03
3.113384,13.676976,2023-01-01T04:46:04
3.113384,13.676976,2023-01-01T04:46:05
3.113384,13.676976,2023-01-01T04:46:06
3.113384,13.676976,2023-01-01T04:46:07
3.113384,13.676976,2023-01-01T04:46:08
3.113384,13.676976,2023-01-01T04:46:09
3.224576,13.676976,2023-01-01T04:46:10
3.224576,13.676976,2023-01-01T04:46:11
3.224576,13.676976,2023-01-01T04:46:12
3.224576,13.676976,2023-01-01T04:46:13
3.224576,13.676976,2023-01-01T04:46:14
3.224576,13.676976,2023-01-01T04:46:15
3.224576,13.676976,2023-01-01T04:46:16
3.224576,13.676976,2023-01-01T04:46:17
3.224576,13.676976,2023-01-01T04:46:18
3.224576,13.676976,2023-01-01T04:46:19
3.224576,13.676976,2023-01-01T04:46:20
3.224576,13.676976,2023-01-01T04:46:21
3.224576,13.676976,2023-01-01T04:46:22
3.224576,13.676976,2023-01-01T04:46:23
3.224576,13.676976,2023-01-01T04:46:24
3.224576,13.676976,2023-01-01T04:46:25
3.224576,13.676976,2023-01-01T04:46:26
3.224576,13.676976,2023-01-01T04:46:27
3.224576,13.676976,2023-01-01T04:46:28
3.224576,13.676976,2023-01-01T04:46:29
3.224576,13.676976,2023-01-01T04:46:30
3.224576,13.676976,2023-01-01T04:46:31
3.224576,13.676976,2023-01-01T04:46:32
3.224576,13.676976,2023-01-01T04:46:33
3.224576,13.676976,2023-01-01T04:46:34
3.224576,13.676976,2023-01-01T04:46:35
3.224576,13.676976,2023-01-01T04:46:36
3.224576,13.676976,2023-01-01T04:46:37
3.224576,13.676976,2023-01-01T04:46:38
3.224576,13.676976,2023-01-01T04:46:39
3.224576,13.676976,2023-01-01T04:46:40
3.224576,13.676976,2023-01-01T04:46:41
3.224576,13.676976,2023-01-01T04:46:42
3.224576,13.676976,2023-01-01T04:46:43
3.224576,13.676976,2023-01-01T04:46:44
3.224576,13.676976,2023-01-01T04:46:45
3.224576,13.676976,2023-01-01T04:46:46
3.224576,13.676976,2023-01-01T04:46:47
3.224576,13.676976,2023-01-01T04:46:48
3.224576,13.676976,2023-01-01T04:46:49
3.224576,13.676976,2023-01-01T04:46:50
3.224576,13.676976,2023-01-01T04:46:51
3.224576,13.676976,2023-01-01T04:46:52
3.224576,13.565781,2023-01-01T04:46:53
3.224576,13.565781,2023-01-01T04:46:54
3.224576,13.565781,2023-01-01T04:46:55
3.224576,13.565781,2023-01-01T04:46:56
3.224576,13.565781,2023-01-01T04:46:57
3.224576,13.565781,2023-01-01T04:46:58
3.224576,13.565781,2023-01-01T04:46:59
3.224576,13.565781,2023-01-01T04:47:00
3.224576,13.565781,2023-01-01T04:47:01
3.224576,13.565781,2023-01-01T04:47:02
3.224576,13.565781,2023-01-01T04:47:03
3.224576,13.565781,2023-01-01T04:47:04
3.224576,13.565781,2023-01-01T04:47:05
3.224576,13.565781,2023-01-01T04:47:06
3.224576,13.565781,2023-01-01T04:47:07
3.224576,13.565781,2023-01-01T04:47:08
3.224576,13.565781,2023-01-01T04:47:09
3.224576,13.454586,2023-01-01T04:47:10
3.224576,13.454586,2023-01-01T04:47:11
3.224576,13.454586,2023-01-01T04:47:12
3.224576,13.454586,2023-01-01T04:47:13
3.224576,13.454586,2023-01-01T04:47:14
3.224576,13.454586,2023-01-01T04:47:15
3.224576,13.454586,2023-01-01T04:47:16
3.224576,13.454586,2023-01-01T04:47:17
3.224576,13.454586,2023-01-01T04:47:18
3.224576,13.454586,2023-01-01T04:47:19
3.224576,13.454586,2023-01-01T04:47:20
3.224576,13.454586,2023-01-01T04:47:21
3.224576,13.454586,2023-01-01T04:47:22
3.224576,13.454586,2023-01-01T04:47:23
3.224576,13.454586,2023-01-01T04:47:24
3.335769,13.454586,2023-01-01T04:47:25
3.335769,13.454586,2023-01-01T04:47:26
3.335769,13.454586,2023-01-01T04:47:27
3.335769,13.454586,2023-01-01T04:47:28
3.335769,13.454586,2023-01-01T04:47:29
3.335769,13.454586,2023-01-01T04:47:30
3.335769,13.343391,2023-01-01T04:47:31
3.335769,13.343391,2023-01-01T04:47:32
3.335769,13.343391,2023-01-01T04:47:33
3.335769,13.343391,2023-01-01T04:47:34
3.335769,13.343391,2023-01-01T04:47:35
3.446961,13.343391,2023-01-01T04:47:36
3.446961,13.343391,2023-01-01T04:47:37
3.446961,13.343391,2023-01-01T04:47:38
3.446961,13.343391,2023-01-01T04:47:39
3.446961,13.343391,2023-01-01T04:47:40
3.446961,13.343391,2023-01-01T04:47:41
3.446961,13.343391,2023-01-01T04:47:42
3.446961,13.343391,2023-01-01T04:47:43
3.446961,13.343391,2023-01-01T04:47:44
3.446961,13.343391,2023-01-01T04:47:45
3.446961,13.343391,2023-01-01T04:47:46
3.558153,13.343391,2023-01-01T04:47:47
3.558153,13.343391,2023-01-01T04:47:48
3.558153,13.343391,2023-01-01T04:47:49
3.558153,13.343391,2023-01-01T04:47:50
3.558153,13.343391,2023-01-01T04:47:51
3.558153,13.232196,2023-01-01T04:47:52
3.558153,13.232196,2023-01-01T04:47:53
3.558153,13.232196,2023-01-01T04:47:54
3.558153,13.232196,2023-01-01T04:47:55
3.558153,13.232196,2023-01-01T04:47:56
3.558153,13.232196,2023-01-01T04:47:57
3.558153,13.232196,2023-01-01T04:47:58
3.558153,13.232196,2023-01-01T04:47:59
3.669345,13.232196,2023-01-01T04:48:00
3.669345,13.343391,2023-01-01T04:48:01
3.669345,13.343391,2023-01-01T04:48:02
3.669345,13.343391,2023-01-01T04:48:03
3.669345,13.343391,2023-01-01T04:48:04
3.669345,13.343391,2023-01-01T04:48:05
3.669345,13.343391,2023-01-01T04:48:06
3.669345,13.343391,2023-01-01T04:48:07
3.780538,13.343391,2023-01-01T04:48:08
3.780538,13.343391,2023-01-01T04:48:09
3.780538,13.343391,2023-01-01T04:48:10
3.780538,13.343391,2023-01-01T04:48:11
3.780538,13.343391,2023-01-01T04:48:12
3.780538,13.343391,2023-01-01T04:48:13
3.780538,13.343391,2023-01-01T04:48:14
3.891730,13.343391,2023-01-01T04:48:15
3.891730,13.343391,2023-01-01T04:48:16
3.891730,13.343391,2023-01-01T04:48:17
3.891730,13.343391,2023-01-01T04:48:18
3.891730,13.343391,2023-01-01T04:48:19
3.891730,13.343391,2023-01-01T04:48:20
4.002922,13.343391,2023-01-01T04:48:21
4.002922,13.343391,2023-01-01T04:48:22
4.002922,13.343391,2023-01-01T04:48:23
4.002922,13.343391,2023-01-01T04:48:24
4.002922,13.343391,2023-01-01T04:48:25
4.002922,13.343391,2023-01-01T04:48:26
4.002922,13.343391,2023-01-01T04:48:27
4.002922,13.343391,2023-01-01T04:48:28
4.002922,13.343391,2023-01-01T04:48:29
4.002922,13.343391,2023-01-01T04:48:30
4.002922,13.343391,2023-01-01T04:48:31
4.002922,13.343391,2023-01-01T04:48:32
4.002922,13.343391,2023-01-01T04:48:33
4.002922,13.343391,2023-01-01T04:48:34
4.002922,13.343391,2023-01-01T04:48:35
4.002922,13.343391,2023-01-01T04:48:36
4.002922,13.343391,2023-01-01T04:48:37
4.002922,13.343391,2023-01-01T04:48:38
4.002922,13.343391,2023-01-01T04:48:39
4.002922,13.343391,2023-01-01T04:48:40
4.002922,13.343391,2023-01-01T04:48:41
4.114115,13.232196,2023-01-01T04:48:42
4.114115,13.232196,2023-01-01T04:48:43
4.114115,13.232196,2023-01-01T04:48:44
4.114115,13.232196,2023-01-01T04:48:45
4.114115,13.232196,2023-01-01T04:48:46
4.114115,13.232196,2023-01-01T04:48:47
4.114115,13.232196,2023-01-01T04:48:48
4.114115,13.232196,2023-01-01T04:48:49
4.114115,13.232196,2023-01-01T04:48:50
4.114115,13.232196,2023-01-01T04:48:51
4.114115,13.232196,2023-01-01T04:48:52
4.114115,13.232196,2023-01-01T04:48:53
4.114115,13.232196,2023-01-01T04:48:54
4.114115,13.232196,2023-01-01T04:48:55
4.114115,13.232196,2023-01-01T04:48:56
4.114115,13.232196,2023-01-01T04:48:57
4.114115,13.232196,2023-01-01T04:48:58
4.114115,13.232196,2023-01-01T04:48:59
4.114115,13.232196,2023-01-01T04:49:00
4.002922,13.121001,2023-01-01T04:49:01
4.002922,13.121001,2023-01-01T04:49:02
4.002922,13.121001,2023-01-01T04:49:03
4.002922,13.121001,2023-01-01T04:49:04
4.002922,13.121001,2023-01-01T04:49:05
4.002922,13.121001,2023-01-01T04:49:06
4.002922,13.121001,2023-01-01T04:49:07
4.002922,13.121001,2023-01-01T04:49:08
4.002922,13.121001,2023-01-01T04:49:09
4.002922,13.121001,2023-01-01T04:49:10
4.002922,13.121001,2023-01-01T04:49:11
3.891730,13.009806,2023-01-01T04:49:12
3.891730,13.009806,2023-01-01T04:49:13
3.891730,13.009806,2023-01-01T04:49:14
3.891730,13.009806,2023-01-01T04:49:15
3.891730,13.009806,2023-01-01T04:49:16
3.891730,13.009806,2023-01-01T04:49:17
3.891730,13.009806,2023-01-01T04:49:18
3.891730,13.009806,2023-01-01T04:49:19
3.891730,13.009806,2023-01-01T04:49:20
3.891730,12.898611,2023-01-01T04:49:21
3.891730,12.898611,2023-01-01T04:49:22
3.780538,12.898611,2023-01-01T04:49:23
3.780538,12.898611,2023-01-01T04:49:24
3.780538,12.898611,2023-01-01T04:49:25
3.780538,12.898611,2023-01-01T04:49:26
3.669345,12.898611,2023-01-01T04:49:27
3.669345,12.898611,2023-01-01T04:49:28
3.669345,12.787417,2023-01-01T04:49:29
3.669345,12.787417,2023-01-01T04:49:30
3.669345,12.787417,2023-01-01T04:49:31
3.558153,12.787417,2023-01-01T04:49:32
3.558153,12.787417,2023-01-01T04:49:33
3.558153,12.787417,2023-01-01T04:49:34
3.558153,12.787417,2023-01-01T04:49:35
3.558153,12.676222,2023-01-01T04:49:36
3.446961,12.676222,2023-01-01T04:49:37
3.446961,12.676222,2023-01-01T04:49:38
3.446961,12.676222,2023-01-01T04:49:39
3.446961,12.676222,2023-01-01T04:49:40
3.335769,12.676222,2023-01-01T04:49:41
3.335769,12.565027,2023-01-01T04:49:42
3.335769,12.565027,2023-01-01T04:49:43
3.335769,12.565027,2023-01-01T04:49:44
3.224576,12.565027,2023-01-01T04:49:45
3.224576,12.565027,2023-01-01T04:49:46
3.224576,12.565027,2023-01-01T04:49:47
3.224576,12.565027,2023-01-01T04:49:48
3.113384,12.453832,2023-01-01T04:49:49
3.113384,12.453832,2023-01-01T04:49:50
3.113384,12.453832,2023-01-01T04:49:51
3.113384,12.453832,2023-01-01T04:49:52
3.113384,12.453832,2023-01-01T04:49:53
3.113384,12.453832,2023-01-01T04:49:54
3.002192,12.453832,2023-01-01T04:49:55
3.002192,12.453832,2023-01-01T04:49:56
3.002192,12.342637,2023-01-01T04:49:57
3.002192,12.342637,2023-01-01T04:49:58
3.002192,12.342637,2023-01-01T04:49:59
3.002192,12.342637,2023-01-01T04:50:00
3.002192,12.342637,2023-01-01T04:50:01
3.002192,12.342637,2023-01-01T04:50:02
3.002192,12.342637,2023-01-01T04:50:03
2.890999,12.342637,2023-01-01T04:50:04
2.890999,12.342637,2023-01-01T04:50:05
2.890999,12.342637,2023-01-01T04:50:06
2.890999,12.342637,2023-01-01T04:50:07
2.890999,12.231442,2023-01-01T04:50:08
2.890999,12.231442,2023-01-01T04:50:09
2.890999,12.231442,2023-01-01T04:50:10
2.890999,12.231442,2023-01-01T04:50:11
2.890999,12.231442,2023-01-01T04:50:12
2.890999,12.231442,2023-01-01T04:50:13
2.890999,12.231442,2023-01-01T04:50:14
2.890999,12.231442,2023-01-01T04:50:15
2.779807,12.231442,2023-01-01T04:50:16
2.779807,12.231442,2023-01-01T04:50:17
2.779807,12.120247,2023-01-01T04:50:18
2.779807,12.120247,2023-01-01T04:50:19
2.779807,12.120247,2023-01-01T04:50:20
2.779807,12.120247,2023-01-01T04:50:21
2.779807,12.120247,2023-01-01T04:50:22
2.779807,12.120247,2023-01-01T04:50:23
2.779807,12.120247,2023-01-01T04:50:24
2.779807,12.120247,2023-01-01T04:50:25
2.779807,12.120247,2023-01-01T04:50:26
2.779807,12.120247,2023-01-01T04:50:27
2.779807,12.120247,2023-01-01T04:50:28
2.779807,12.120247,2023-01-01T04:50:29
2.779807,12.120247,2023-01-01T04:50:30
2.779807,12.120247,2023-01-01T04:50:31
2.779807,12.009052,2023-01-01T04:50:32
2.779807,12.009052,2023-01-01T04:50:33
2.779807,12.009052,2023-01-01T04:50:34
2.779807,12.009052,2023-01-01T04:50:35
2.779807,12.009052,2023-01-01T04:50:36
2.779807,12.009052,2023-01-01T04:50:37
2.779807,12.009052,2023-01-01T04:50:38
2.779807,12.009052,2023-01-01T04:50:39
2.779807,12.009052,2023-01-01T04:50:40
2.779807,12.009052,2023-01-01T04:50:41
2.779807,12.009052,2023-01-01T04:50:42
2.779807,12.009052,2023-01-01T04:50:43
2.779807,12.009052,2023-01-01T04:50:44
2.779807,11.897857,2023-01-01T04:50:45
2.779807,11.897857,2023-01-01T04:50:46
2.779807,11.897857,2023-01-01T04:50:47
2.779807,11.897857,2023-01-01T04:50:48
2.779807,11.897857,2023-01-01T04:50:49
2.779807,11.897857,2023-01-01T04:50:50
2.779807,11.897857,2023-01-01T04:50:51
2.779807,11.897857,2023-01-01T04:50:52
2.779807,11.897857,2023-01-01T04:50:53
2.779807,11.897857,2023-01-01T04:50:54
2.779807,11.897857,2023-01-01T04:50:55
2.779807,11.786662,2023-01-01T04:50:56
2.779807,11.786662,2023-01-01T04:50:57
2.779807,11.786662,2023-01-01T04:50:58
2.779807,11.786662,2023-01-01T04:50:59
2.779807,11.786662,2023-01-01T04:51:00
2.779807,11.786662,2023-01-01T04:51:01
2.668615,11.786662,2023-01-01T04:51:02
2.668615,11.786662,2023-01-01T04:51:03
2.668615,11.786662,2023-01-01T04:51:04
2.668615,11.786662,2023-01-01T04:51:05
2.668615,11.786662,2023-01-01T04:51:06
2.668615,11.786662,2023-01-01T04:51:07
2.668615,11.786662,2023-01-01T04:51:08
2.668615,11.675467,2023-01-01T04:51:09
2.668615,11.675467,2023-01-01T04:51:10
2.668615,11.675467,2023-01-01T04:51:11
2.668615,11.675467,2023-01-01T04:51:12
2.668615,11.675467,2023-01-01T04:51:13
2.668615,11.675467,2023-01-01T04:51:14
2.668615,11.675467,2023-01-01T04:51:15
2.668615,11.675467,2023-01-01T04:51:16
2.668615,11.675467,2023-01-01T04:51:17
2.668615,11.675467,2023-01-01T04:51:18
2.668615,11.675467,2023-01-01T04:51:19
2.668615,11.675467,2023-01-01T04:51:20
2.668615,11.675467,2023-01-01T04:51:21
2.668615,11.564272,2023-01-01T04:51:22
2.668615,11.564272,2023-01-01T04:51:23
2.557423,11.564272,2023-01-01T04:51:24
2.557423,11.564272,2023-01-01T04:51:25
2.557423,11.564272,2023-01-01T04:51:26
2.557423,11.564272,2023-01-01T04:51:27
2.557423,11.564272,2023-01-01T04:51:28
2.557423,11.564272,2023-01-01T04:51:29
2.557423,11.564272,2023-01-01T04:51:30
2.557423,11.564272,2023-01-01T04:51:31
2.557423,11.564272,2023-01-01T04:51:32
2.557423,11.564272,2023-01-01T04:51:33
2.557423,11.564272,2023-01-01T04:51:34
2.557423,11.564272,2023-01-01T04:51:35
2.557423,11.564272,2023-01-01T04:51:36
2.557423,11.564272,2023-01-01T04:51:37
2.557423,11.564272,2023-01-01T04:51:38
2.557423,11.564272,2023-01-01T04:51:39
2.557423,11.453077,2023-01-01T04:51:40
2.557423,11.453077,2023-01-01T04:51:41
2.557423,11.453077,2023-01-01T04:51:42
2.557423,11.453077,2023-01-01T04:51:43
2.557423,11.453077,2023-01-01T04:51:44
2.557423,11.453077,2023-01-01T04:51:45
2.557423,11.453077,2023-01-01T04:51:46
2.557423,11.453077,2023-01-01T04:51:47
2.557423,11.453077,2023-01-01T04:51:48
2.557423,11.453077,2023-01-01T04:51:49
2.557423,11.453077,2023-01-01T04:51:50
2.557423,11.453077,2023-01-01T04:51:51
2.557423,11.453077,2023-01-01T04:51:52
2.557423,11.453077,2023-01-01T04:51:53
2.557423,11.453077,2023-01-01T04:51:54
2.557423,11.453077,2023-01-01T04:51:55
2.557423,11.453077,2023-01-01T04:51:56
2.557423,11.453077,2023-01-01T04:51:57
2.557423,11.453077,2023-01-01T04:51:58
2.557423,11.453077,2023-01-01T04:51:59
2.557423,11.453077,2023-01-01T04:52:00
2.557423,11.453077,2023-01-01T04:52:01
2.557423,11.341883,2023-01-01T04:52:02
2.557423,11.341883,2023-01-01T04:52:03
2.557423,11.341883,2023-01-01T04:52:04
2.557423,11.341883,2023-01-01T04:52:05
2.557423,11.341883,2023-01-01T04:52:06
2.557423,11.341883,2023-01-01T04:52:07
2.557423,11.341883,2023-01-01T04:52:08
2.557423,11.341883,2023-01-01T04:52:09
2.557423,11.341883,2023-01-01T04:52:10
2.557423,11.341883,2023-01-01T04:52:11
2.557423,11.341883,2023-01-01T04:52:12
2.557423,11.341883,2023-01-01T04:52:13
2.557423,11.341883,2023-01-01T04:52:14
2.557423,11.341883,2023-01-01T04:52:15
2.557423,11.341883,2023-01-01T04:52:16
2.557423,11.341883,2023-01-01T04:52:17
2.557423,11.341883,2023-01-01T04:52:18
2.557423,11.341883,2023-01-01T04:52:19
2.557423,11.341883,2023-01-01T04:52:20
2.557423,11.341883,2023-01-01T04:52:21
2.557423,11.341883,2023-01-01T04:52:22
2.557423,11.341883,2023-01-01T04:52:23
2.557423,11.341883,2023-01-01T04:52:24
2.557423,11.341883,2023-01-01T04:52:25
2.557423,11.341883,2023-01-01T04:52:26
2.557423,11.341883,2023-01-01T04:52:27
2.557423,11.341883,2023-01-01T04:52:28
2.446230,11.341883,2023-01-01T04:52:29
2.446230,11.341883,2023-01-01T04:52:30
2.446230,11.341883,2023-01-01T04:52:31
2.446230,11.341883,2023-01-01T04:52:32
2.446230,11.341883,2023-01-01T04:52:33
2.446230,11.341883,2023-01-01T04:52:34
2.446230,11.341883,2023-01-01T04:52:35
2.446230,11.341883,2023-01-01T04:52:36
2.446230,11.341883,2023-01-01T04:52:37
2.446230,11.341883,2023-01-01T04:52:38
2.446230,11.341883,2023-01-01T04:52:39
2.446230,11.341883,2023-01-01T04:52:40
2.446230,11.341883,2023-01-01T04:52:41
2.446230,11.341883,2023-01-01T04:52:42
2.446230,11.341883,2023-01-01T04:52:43
2.446230,11.341883,2023-01-01T04:52:44
2.446230,11.341883,2023-01-01T04:52:45
2.446230,11.230688,2023-01-01T04:52:46
2.446230,11.230688,2023-01-01T04:52:47
2.446230,11.230688,2023-01-01T04:52:48
2.446230,11.230688,2023-01-01T04:52:49
2.446230,11.230688,2023-01-01T04:52:50
2.446230,11.230688,2023-01-01T04:52:51
2.446230,11.230688,2023-01-01T04:52:52
2.446230,11.230688,2023-01-01T04:52:53
2.446230,11.230688,2023-01-01T04:52:54
2.446230,11.230688,2023-01-01T04:52:55
2.446230,11.230688,2023-01-01T04:52:56
2.446230,11.230688,2023-01-01T04:52:57
2.446230,11.230688,2023-01-01T04:52:58
2.446230,11.230688,2023-01-01T04:52:59
2.446230,11.230688,2023-01-01T04:53:00
2.335038,11.230688,2023-01-01T04:53:01
2.335038,11.230688,2023-01-01T04:53:02
2.335038,11.230688,2023-01-01T04:53:03
2.335038,11.230688,2023-01-01T04:53:04
2.335038,11.230688,2023-01-01T04:53:05
2.335038,11.230688,2023-01-01T04:53:06
2.335038,11.230688,2023-01-01T04:53:07
2.335038,11.230688,2023-01-01T04:53:08
2.335038,11.230688,2023-01-01T04:53:09
2.335038,11.230688,2023-01-01T04:53:10
2.335038,11.230688,2023-01-01T04:53:11
2.335038,11.230688,2023-01-01T04:53:12
2.335038,11.230688,2023-01-01T04:53:13
2.335038,11.230688,2023-01-01T04:53:14
2.335038,11.230688,2023-01-01T04:53:15
2.335038,11.230688,2023-01-01T04:53:16
2.335038,11.230688,2023-01-01T04:53:17
2.335038,11.230688,2023-01-01T04:53:18
2.335038,11.230688,2023-01-01T04:53:19
2.335038,11.230688,2023-01-01T04:53:20
2.335038,11.230688,2023-01-01T04:53:21
2.335038,11.230688,2023-01-01T04:53:22
2.335038,11.230688,2023-01-01T04:53:23
2.335038,11.230688,2023-01-01T04:53:24
2.223846,11.230688,2023-01-01T04:53:25
2.223846,11.230688,2023-01-01T04:53:26
2.223846,11.230688,2023-01-01T04:53:27
2.223846,11.230688,2023-01-01T04:53:28
2.223846,11.230688,2023-01-01T04:53:29
2.223846,11.230688,2023-01-01T04:53:30
2.112653,11.230688,2023-01-01T04:53:31
2.112653,11.230688,2023-01-01T04:53:32
2.112653,11.230688,2023-01-01T04:53:33
2.112653,11.230688,2023-01-01T04:53:34
2.112653,11.230688,2023-01-01T04:53:35
2.112653,11.230688,2023-01-01T04:53:36
2.112653,11.230688,2023-01-01T04:53:37
2.001461,11.230688,2023-01-01T04:53:38
2.001461,11.230688,2023-01-01T04:53:39
2.001461,11.230688,2023-01-01T04:53:40
2.001461,11.230688,2023-01-01T04:53:41
2.001461,11.230688,2023-01-01T04:53:42
2.001461,11.230688,2023-01-01T04:53:43
2.001461,11.230688,2023-01-01T04:53:44
2.001461,11.230688,2023-01-01T04:53:45
2.001461,11.230688,2023-01-01T04:53:46
2.001461,11.230688,2023-01-01T04:53:47
2.001461,11.230688,2023-01-01T04:53:48
2.001461,11.230688,2023-01-01T04:53:49
2.001461,11.230688,2023-01-01T04:53:50
2.001461,11.230688,2023-01-01T04:53:51
2.001461,11.119493,2023-01-01T04:53:52
1.890269,11.119493,2023-01-01T04:53:53
1.890269,11.119493,2023-01-01T04:53:54
1.890269,11.119493,2023-01-01T04:53:55
1.890269,11.119493,2023-01-01T04:53:56
1.890269,11.119493,2023-01-01T04:53:57
1.779077,11.119493,2023-01-01T04:53:58
1.779077,11.119493,2023-01-01T04:53:59
1.779077,11.119493,2023-01-01T04:54:00
1.779077,11.119493,2023-01-01T04:54:01
1.779077,11.119493,2023-01-01T04:54:02
1.779077,11.119493,2023-01-01T04:54:03
1.779077,11.119493,2023-01-01T04:54:04
1.667884,11.119493,2023-01-01T04:54:05
1.667884,11.119493,2023-01-01T04:54:06
1.667884,11.119493,2023-01-01T04:54:07
1.667884,11.119493,2023-01-01T04:54:08
1.667884,11.119493,2023-01-01T04:54:09
1.667884,11.119493,2023-01-01T04:54:10
1.667884,11.119493,2023-01-01T04:54:11
1.667884,11.119493,2023-01-01T04:54:12
1.667884,11.119493,2023-01-01T04:54:13
1.667884,11.119493,2023-01-01T04:54:14
1.667884,11.119493,2023-01-01T04:54:15
1.667884,11.119493,2023-01-01T04:54:16
1.667884,11.119493,2023-01-01T04:54:17
1.667884,11.119493,2023-01-01T04:54:18
1.667884,11.119493,2023-01-01T04:54:19
1.667884,11.119493,2023-01-01T04:54:20
1.667884,11.119493,2023-01-01T04:54:21
1.667884,11.119493,2023-01-01T04:54:22
1.556692,11.119493,2023-01-01T04:54:23
1.556692,11.119493,2023-01-01T04:54:24
1.556692,11.119493,2023-01-01T04:54:25
1.556692,11.119493,2023-01-01T04:54:26
1.556692,11.119493,2023-01-01T04:54:27
1.556692,11.119493,2023-01-01T04:54:28
1.556692,11.119493,2023-01-01T04:54:29
1.556692,11.119493,2023-01-01T04:54:30
1.556692,11.119493,2023-01-01T04:54:31
1.445500,11.119493,2023-01-01T04:54:32
1.445500,11.119493,2023-01-01T04:54:33
1.445500,11.119493,2023-01-01T04:54:34
1.445500,11.119493,2023-01-01T04:54:35
1.445500,11.119493,2023-01-01T04:54:36
1.445500,11.119493,2023-01-01T04:54:37
1.445500,11.119493,2023-01-01T04:54:38
1.445500,11.119493,2023-01-01T04:54:39
1.445500,11.119493,2023-01-01T04:54:40
1.445500,11.119493,2023-01-01T04:54:41
1.445500,11.119493,2023-01-01T04:54:42
1.445500,11.119493,2023-01-01T04:54:43
1.445500,11.119493,2023-01-01T04:54:44
1.445500,11.119493,2023-01-01T04:54:45
1.445500,11.230688,2023-01-01T04:54:46
1.445500,11.230688,2023-01-01T04:54:47
1.445500,11.230688,2023-01-01T04:54:48
1.445500,11.230688,2023-01-01T04:54:49
1.445500,11.230688,2023-01-01T04:54:50
1.445500,11.230688,2023-01-01T04:54:51
1.445500,11.230688,2023-01-01T04:54:52
1.445500,11.230688,2023-01-01T04:54:53
1.445500,11.230688,2023-01-01T04:54:54
1.334307,11.230688,2023-01-01T04:54:55
1.334307,11.230688,2023-01-01T04:54:56
1.334307,11.230688,2023-01-01T04:54:57
1.223115,11.230688,2023-01-01T04:54:58
1.223115,11.230688,2023-01-01T04:54:59
1.223115,11.230688,2023-01-01T04:55:00
1.111923,11.230688,2023-01-01T04:55:01
1.111923,11.230688,2023-01-01T04:55:02
1.111923,11.230688,2023-01-01T04:55:03
1.000731,11.230688,2023-01-01T04:55:04
1.000731,11.230688,2023-01-01T04:55:05
1.000731,11.341883,2023-01-01T04:55:06
0.889538,11.341883,2023-01-01T04:55:07
0.889538,11.341883,2023-01-01T04:55:08
0.778346,11.341883,2023-01-01T04:55:09
0.778346,11.341883,2023-01-01T04:55:10
0.778346,11.341883,2023-01-01T04:55:11
0.667154,11.341883,2023-01-01T04:55:12
0.667154,11.341883,2023-01-01T04:55:13
0.555961,11.341883,2023-01-01T04:55:14
0.555961,11.453077,2023-01-01T04:55:15
0.555961,11.453077,2023-01-01T04:55:16
0.444769,11.453077,2023-01-01T04:55:17
0.444769,11.453077,2023-01-01T04:55:18
0.444769,11.453077,2023-01-01T04:55:19
0.333577,11.453077,2023-01-01T04:55:20
0.333577,11.564272,2023-01-01T04:55:21
0.222385,11.564272,2023-01-01T04:55:22
0.222385,11.564272,2023-01-01T04:55:23
0.222385,11.564272,2023-01-01T04:55:24
0.111192,11.564272,2023-01-01T04:55:25
0.111192,11.564272,2023-01-01T04:55:26
0.000000,11.564272,2023-01-01T04:55:27
0.000000,11.564272,2023-01-01T04:55:28
-0.111192,11.564272,2023-01-01T04:55:29
-0.111192,11.564272,2023-01-01T04:55:30
-0.111192,11.675467,2023-01-01T04:55:31
-0.222385,11.675467,2023-01-01T04:55:32
-0.222385,11.675467,2023-01-01T04:55:33
-0.333577,11.675467,2023-01-01T04:55:34
-0.333577,11.675467,2023-01-01T04:55:35
-0.444769,11.675467,2023-01-01T04:55:36
-0.444769,11.675467,2023-01-01T04:55:37
-0.444769,11.786662,2023-01-01T04:55:38
-0.555961,11.786662,2023-01-01T04:55:39
-0.555961,11.786662,2023-01-01T04:55:40
-0.667154,11.786662,2023-01-01T04:55:41
-0.667154,11.786662,2023-01-01T04:55:42
-0.778346,11.786662,2023-01-01T04:55:43
-0.778346,11.897857,2023-01-01T04:55:44
-0.778346,11.897857,2023-01-01T04:55:45
-0.889538,11.897857,2023-01-01T04:55:46
-0.889538,11.897857,2023-01-01T04:55:47
-0.889538,11.897857,2023-01-01T04:55:48
-1.000731,11.897857,2023-01-01T04:55:49
-1.000731,11.897857,2023-01-01T04:55:50
-1.000731,12.009052,2023-01-01T04:55:51
-1.111923,12.009052,2023-01-01T04:55:52
-1.111923,12.009052,2023-01-01T04:55:53
-1.111923,12.009052,2023-01-01T04:55:54
-1.111923,11.897857,2023-01-01T04:55:55
-1.111923,11.897857,2023-01-01T04:55:56
-1.111923,11.897857,2023-01-01T04:55:57
-1.111923,11.897857,2023-01-01T04:55:58
-1.111923,11.897857,2023-01-01T04:55:59
-1.111923,11.897857,2023-01-01T04:56:00
-1.111923,11.897857,2023-01-01T04:56:01
-1.111923,11.897857,2023-01-01T04:56:02
-1.111923,11.897857,2023-01-01T04:56:03
-1.111923,11.897857,2023-01-01T04:56:04
-1.111923,11.786662,2023-01-01T04:56:05
-1.111923,11.786662,2023-01-01T04:56:06
-1.111923,11.786662,2023-01-01T04:56:07
-1.111923,11.786662,2023-01-01T04:56:08
-1.111923,11.786662,2023-01-01T04:56:09
-1.111923,11.786662,2023-01-01T04:56:10
-1.111923,11.675467,2023-01-01T04:56:11
-1.111923,11.675467,2023-01-01T04:56:12
-1.111923,11.675467,2023-01-01T04:56:13
-1.111923,11.675467,2023-01-01T04:56:14
-1.000731,11.675467,2023-01-01T04:56:15
-1.000731,11.675467,2023-01-01T04:56:16
-1.000731,11.675467,2023-01-01T04:56:17
-1.000731,11.564272,2023-01-01T04:56:18
-1.000731,11.564272,2023-01-01T04:56:19
-1.000731,11.564272,2023-01-01T04:56:20
-1.000731,11.564272,2023-01-01T04:56:21
-1.000731,11.564272,2023-01-01T04:56:22
-1.000731,11.564272,2023-01-01T04:56:23
-1.000731,11.453077,2023-01-01T04:56:24
-1.000731,11.453077,2023-01-01T04:56:25
-1.000731,11.453077,2023-01-01T04:56:26
-1.000731,11.453077,2023-01-01T04:56:27
-1.000731,11.453077,2023-01-01T04:56:28
-1.000731,11.453077,2023-01-01T04:56:29
-1.000731,11.453077,2023-01-01T04:56:30
-1.000731,11.453077,2023-01-01T04:56:31
-1.000731,11.453077,2023-01-01T04:56:32
-1.000731,11.341883,2023-01-01T04:56:33
-1.000731,11.341883,2023-01-01T04:56:34
-1.000731,11.341883,2023-01-01T04:56:35
-1.000731,11.341883,2023-01-01T04:56:36
-1.000731,11.341883,2023-01-01T04:56:37
-1.000731,11.341883,2023-01-01T04:56:38
-1.000731,11.341883,2023-01-01T04:56:39
-1.000731,11.341883,2023-01-01T04:56:40
-1.000731,11.341883,2023-01-01T04:56:41
-1.111923,11.341883,2023-01-01T04:56:42
-1.111923,11.341883,2023-01-01T04:56:43
-1.111923,11.341883,2023-01-01T04:56:44
-1.111923,11.341883,2023-01-01T04:56:45
-1.111923,11.341883,2023-01-01T04:56:46
-1.111923,11.341883,2023-01-01T04:56:47
-1.111923,11.341883,2023-01-01T04:56:48
-1.111923,11.341883,2023-01-01T04:56:49
-1.111923,11.341883,2023-01-01T04:56:50
-1.111923,11.341883,2023-01-01T04:56:51
-1.111923,11.341883,2023-01-01T04:56:52
-1.223115,11.341883,2023-01-01T04:56:53
-1.223115,11.341883,2023-01-01T04:56:54
-1.223115,11.341883,2023-01-01T04:56:55
-1.334307,11.341883,2023-01-01T04:56:56
-1.334307,11.341883,2023-01-01T04:56:57
-1.334307,11.341883,2023-01-01T04:56:58
-1.334307,11.341883,2023-01-01T04:56:59
-1.445500,11.341883,2023-01-01T04:57:00
-1.445500,11.453077,2023-01-01T04:57:01
-1.445500,11.453077,2023-01-01T04:57:02
-1.556692,11.453077,2023-01-01T04:57:03
-1.556692,11.453077,2023-01-01T04:57:04
-1.556692,11.453077,2023-01-01T04:57:05
-1.556692,11.453077,2023-01-01T04:57:06
-1.667884,11.453077,2023-01-01T04:57:07
-1.667884,11.453077,2023-01-01T04:57:08
-1.667884,11.453077,2023-01-01T04:57:09
-1.667884,11.453077,2023-01-01T04:57:10
-1.779077,11.564272,2023-01-01T04:57:11
-1.779077,11.564272,2023-01-01T04:57:12
-1.779077,11.564272,2023-01-01T04:57:13
-1.779077,11.564272,2023-01-01T04:57:14
-1.890269,11.564272,2023-01-01T04:57:15
-1.890269,11.564272,2023-01-01T04:57:16
-1.890269,11.564272,2023-01-01T04:57:17
-2.001461,11.564272,2023-01-01T04:57:18
-2.001461,11.564272,2023-01-01T04:57:19
-2.001461,11.564272,2023-01-01T04:57:20
-2.001461,11.564272,2023-01-01T04:57:21
-2.112653,11.564272,2023-01-01T04:57:22
-2.112653,11.564272,2023-01-01T04:57:23
-2.112653,11.564272,2023-01-01T04:57:24
-2.112653,11.564272,2023-01-01T04:57:25
-2.112653,11.453077,2023-01-01T04:57:26
-2.223846,11.453077,2023-01-01T04:57:27
-2.223846,11.453077,2023-01-01T04:57:28
-2.223846,11.453077,2023-01-01T04:57:29
-2.223846,11.453077,2023-01-01T04:57:30
-2.223846,11.453077,2023-01-01T04:57:31
-2.335038,11.341883,2023-01-01T04:57:32
-2.335038,11.341883,2023-01-01T04:57:33
-2.335038,11.341883,2023-01-01T04:57:34
-2.335038,11.341883,2023-01-01T04:57:35
-2.446230,11.341883,2023-01-01T04:57:36
-2.446230,11.230688,2023-01-01T04:57:37
-2.446230,11.230688,2023-01-01T04:57:38
-2.557423,11.230688,2023-01-01T04:57:39
-2.557423,11.230688,2023-01-01T04:57:40
-2.557423,11.119493,2023-01-01T04:57:41
-2.668615,11.119493,2023-01-01T04:57:42
-2.668615,11.119493,2023-01-01T04:57:43
-2.668615,11.119493,2023-01-01T04:57:44
-2.779807,11.008298,2023-01-01T04:57:45
-2.779807,11.008298,2023-01-01T04:57:46
-2.779807,11.008298,2023-01-01T04:57:47
-2.890999,10.897103,2023-01-01T04:57:48
-2.890999,10.897103,2023-01-01T04:57:49
-2.890999,10.897103,2023-01-01T04:57:50
-3.002192,10.785908,2023-01-01T04:57:51
-3.002192,10.785908,2023-01-01T04:57:52
-3.002192,10.785908,2023-01-01T04:57:53
-3.002192,10.785908,2023-01-01T04:57:54
-3.002192,10.674713,2023-01-01T04:57:55
-3.002192,10.674713,2023-01-01T04:57:56
-3.002192,10.674713,2023-01-01T04:57:57
-3.002192,10.674713,2023-01-01T04:57:58
-3.002192,10.674713,2023-01-01T04:57:59
-3.002192,10.563518,2023-01-01T04:58:00
-3.002192,10.563518,2023-01-01T04:58:01
-3.002192,10.563518,2023-01-01T04:58:02
-3.002192,10.563518,2023-01-01T04:58:03
-3.002192,10.563518,2023-01-01T04:58:04
-3.002192,10.452323,2023-01-01T04:58:05
-3.002192,10.452323,2023-01-01T04:58:06
-3.002192,10.452323,2023-01-01T04:58:07
-3.113384,10.452323,2023-01-01T04:58:08
-3.113384,10.452323,2023-01-01T04:58:09
-3.113384,10.452323,2023-01-01T04:58:10
-3.113384,10.341128,2023-01-01T04:58:11
-3.113384,10.341128,2023-01-01T04:58:12
-3.113384,10.341128,2023-01-01T04:58:13
-3.113384,10.341128,2023-01-01T04:58:14
-3.113384,10.341128,2023-01-01T04:58:15
-3.113384,10.229933,2023-01-01T04:58:16
-3.113384,10.229933,2023-01-01T04:58:17
-3.113384,10.229933,2023-01-01T04:58:18
-3.113384,10.229933,2023-01-01T04:58:19
-3.113384,10.118738,2023-01-01T04:58:20
-3.113384,10.118738,2023-01-01T04:58:21
-3.113384,10.118738,2023-01-01T04:58:22
-3.113384,10.118738,2023-01-01T04:58:23
-3.113384,10.118738,2023-01-01T04:58:24
-3.113384,10.229933,2023-01-01T04:58:25
-3.113384,10.229933,2023-01-01T04:58:26
-3.113384,10.229933,2023-01-01T04:58:27
-3.113384,10.229933,2023-01-01T04:58:28
-3.002192,10.229933,2023-01-01T04:58:29
-3.002192,10.229933,2023-01-01T04:58:30
-3.002192,10.341128,2023-01-01T04:58:31
-3.002192,10.341128,2023-01-01T04:58:32
-3.002192,10.341128,2023-01-01T04:58:33
-3.002192,10.341128,2023-01-01T04:58:34
-3.002192,10.341128,2023-01-01T04:58:35
-3.002192,10.341128,2023-01-01T04:58:36
-3.002192,10.341128,2023-01-01T04:58:37
-2.890999,10.341128,2023-01-01T04:58:38
-2.890999,10.452323,2023-01-01T04:58:39
-2.890999,10.452323,2023-01-01T04:58:40
-2.890999,10.452323,2023-01-01T04:58:41
-2.890999,10.452323,2023-01-01T04:58:42
-2.890999,10.452323,2023-01-01T04:58:43
-2.890999,10.452323,2023-01-01T04:58:44
-2.890999,10.452323,2023-01-01T04:58:45
-2.890999,10.452323,2023-01-01T04:58:46
-2.890999,10.452323,2023-01-01T04:58:47
-2.779807,10.563518,2023-01-01T04:58:48
-2.779807,10.563518,2023-01-01T04:58:49
-2.779807,10.563518,2023-01-01T04:58:50
-2.779807,10.563518,2023-01-01T04:58:51
-2.779807,10.563518,2023-01-01T04:58:52
-2.779807,10.563518,2023-01-01T04:58:53
-2.779807,10.563518,2023-01-01T04:58:54
-2.779807,10.563518,2023-01-01T04:58:55
-2.668615,10.563518,2023-01-01T04:58:56
-2.668615,10.563518,2023-01-01T04:58:57
-2.668615,10.563518,2023-01-01T04:58:58
-2.668615,10.674713,2023-01-01T04:58:59
-2.668615,10.674713,2023-01-01T04:59:00
-2.668615,10.674713,2023-01-01T04:59:01
-2.557423,10.674713,2023-01-01T04:59:02
-2.557423,10.674713,2023-01-01T04:59:03
-2.557423,10.674713,2023-01-01T04:59:04
-2.557423,10.674713,2023-01-01T04:59:05
-2.557423,10.674713,2023-01-01T04:59:06
-2.557423,10.674713,2023-01-01T04:59:07
-2.446230,10.674713,2023-01-01T04:59:08
-2.446230,10.674713,2023-01-01T04:59:09
-2.446230,10.674713,2023-01-01T04:59:10
-2.446230,10.674713,2023-01-01T04:59:11
-2.446230,10.674713,2023-01-01T04:59:12
-2.446230,10.674713,2023-01-01T04:59:13
-2.335038,10.674713,2023-01-01T04:59:14
-2.335038,10.674713,2023-01-01T04:59:15
-2.335038,10.674713,2023-01-01T04:59:16
-2.335038,10.674713,2023-01-01T04:59:17
-2.223846,10.674713,2023-01-01T04:59:18
-2.223846,10.674713,2023-01-01T04:59:19
-2.223846,10.674713,2023-01-01T04:59:20
-2.223846,10.674713,2023-01-01T04:59:21
-2.223846,10.674713,2023-01-01T04:59:22
-2.112653,10.674713,2023-01-01T04:59:23
-2.112653,10.674713,2023-01-01T04:59:24
-2.112653,10.674713,2023-01-01T04:59:25
-2.112653,10.674713,2023-01-01T04:59:26
-2.001461,10.674713,2023-01-01T04:59:27
-2.001461,10.563518,2023-01-01T04:59:28
-2.001461,10.563518,2023-01-01T04:59:29
-1.890269,10.563518,2023-01-01T04:59:30
-1.890269,10.563518,2023-01-01T04:59:31
-1.890269,10.563518,2023-01-01T04:59:32
-1.890269,10.563518,2023-01-01T04:59:33
-1.779077,10.563518,2023-01-01T04:59:34
-1.779077,10.452323,2023-01-01T04:59:35
-1.779077,10.452323,2023-01-01T04:59:36
-1.779077,10.452323,2023-01-01T04:59:37
-1.667884,10.452323,2023-01-01T04:59:38
-1.667884,10.452323,2023-01-01T04:59:39
-1.667884,10.452323,2023-01-01T04:59:40
-1.556692,10.452323,2023-01-01T04:59:41
-1.556692,10.341128,2023-01-01T04:59:42
-1.556692,10.341128,2023-01-01T04:59:43
-1.556692,10.341128,2023-01-01T04:59:44
-1.445500,10.341128,2023-01-01T04:59:45
-1.445500,10.341128,2023-01-01T04:59:46
-1.445500,10.229933,2023-01-01T04:59:47
-1.445500,10.229933,2023-01-01T04:59:48
-1.334307,10.229933,2023-01-01T04:59:49
-1.334307,10.229933,2023-01-01T04:59:50
-1.334307,10.229933,2023-01-01T04:59:51
-1.223115,10.229933,2023-01-01T04:59:52
-1.223115,10.229933,2023-01-01T04:59:53
-1.223115,10.229933,2023-01-01T04:59:54
-1.223115,10.229933,2023-01-01T04:59:55
-1.223115,10.229933,2023-01-01T04:59:56
-1.223115,10.229933,2023-01-01T04:59:57
-1.223115,10.229933,2023-01-01T04:59:58
-1.223115,10.229933,2023-01-01T04:59:59
-1.223115,10.229933,2023-01-01T05:00:00
-1.223115,10.229933,2023-01-01T05:00:01
-1.223115,10.229933,2023-01-01T05:00:02
-1.223115,10.229933,2023-01-01T05:00:03
-1.223115,10.229933,2023-01-01T05:00:04
-1.223115,10.229933,2023-01-01T05:00:05
-1.223115,10.229933,2023-01-01T05:00:06
-1.223115,10.229933,2023-01-01T05:00:07
-1.223115,10.229933,2023-01-01T05:00:08
-1.223115,10.229933,2023-01-01T05:00:09
-1.223115,10.229933,2023-01-01T05:00:10
-1.111923,10.229933,2023-01-01T05:00:11
-1.111923,10.229933,2023-01-01T05:00:12
-1.111923,10.229933,2023-01-01T05:00:13
-1.111923,10.229933,2023-01-01T05:00:14
-1.111923,10.229933,2023-01-01T05:00:15
-1.111923,10.229933,2023-01-01T05:00:16
-1.111923,10.229933,2023-01-01T05:00:17
-1.111923,10.229933,2023-01-01T05:00:18
-1.111923,10.229933,2023-01-01T05:00:19
-1.111923,10.229933,2023-01-01T05:00:20
-1.111923,10.229933,2023-01-01T05:00:21
-1.000731,10.229933,2023-01-01T05:00:22
-1.111923,10.341128,2023-01-01T05:00:23
-1.111923,10.341128,2023-01-01T05:00:24
-1.111923,10.341128,2023-01-01T05:00:25
-1.111923,10.341128,2023-01-01T05:00:26
-1.111923,10.341128,2023-01-01T05:00:27
-1.111923,10.341128,2023-01-01T05:00:28
-1.111923,10.341128,2023-01-01T05:00:29
-1.111923,10.341128,2023-01-01T05:00:30
-1.111923,10.341128,2023-01-01T05:00:31
-1.111923,10.452323,2023-01-01T05:00:32
-1.111923,10.452323,2023-01-01T05:00:33
-1.111923,10.452323,2023-01-01T05:00:34
-1.111923,10.452323,2023-01-01T05:00:35
-1.111923,10.452323,2023-01-01T05:00:36
-1.111923,10.452323,2023-01-01T05:00:37
-1.111923,10.452323,2023-01-01T05:00:38
-1.111923,10.452323,2023-01-01T05:00:39
-1.111923,10.452323,2023-01-01T05:00:40
-1.111923,10.452323,2023-01-01T05:00:41
-1.111923,10.452323,2023-01-01T05:00:42
-1.111923,10.452323,2023-01-01T05:00:43
-1.111923,10.452323,2023-01-01T05:00:44
-1.111923,10.452323,2023-01-01T05:00:45
-1.111923,10.563518,2023-01-01T05:00:46
-1.111923,10.563518,2023-01-01T05:00:47
-1.111923,10.563518,2023-01-01T05:00:48
-1.111923,10.563518,2023-01-01T05:00:49
-1.111923,10.563518,2023-01-01T05:00:50
-1.111923,10.563518,2023-01-01T05:00:51
-1.111923,10.563518,2023-01-01T05:00:52
-1.111923,10.563518,2023-01-01T05:00:53
-1.111923,10.563518,2023-01-01T05:00:54
-1.111923,10.563518,2023-01-01T05:00:55
-1.111923,10.563518,2023-01-01T05:00:56
-1.111923,10.563518,2023-01-01T05:00:57
-1.111923,10.563518,2023-01-01T05:00:58
-1.111923,10.563518,2023-01-01T05:00:59
-1.111923,10.563518,2023-01-01T05:01:00
-1.111923,10.563518,2023-01-01T05:01:01
-1.111923,10.674713,2023-01-01T05:01:02
-1.111923,10.674713,2023-01-01T05:01:03
-1.111923,10.674713,2023-01-01T05:01:04
-1.111923,10.674713,2023-01-01T05:01:05
-1.111923,10.674713,2023-01-01T05:01:06
-1.111923,10.674713,2023-01-01T05:01:07
-1.111923,10.674713,2023-01-01T05:01:08
-1.111923,10.674713,2023-01-01T05:01:09
-1.111923,10.674713,2023-01-01T05:01:10
-1.111923,10.674713,2023-01-01T05:01:11
-1.111923,10.674713,2023-01-01T05:01:12
-1.111923,10.674713,2023-01-01T05:01:13
-1.000731,10.785908,2023-01-01T05:01:14
-1.000731,10.785908,2023-01-01T05:01:15
-1.000731,10.785908,2023-01-01T05:01:16
-1.000731,10.785908,2023-01-01T05:01:17
-1.000731,10.785908,2023-01-01T05:01:18
-1.000731,10.785908,2023-01-01T05:01:19
-1.000731,10.785908,2023-01-01T05:01:20
-1.000731,10.785908,2023-01-01T05:01:21
-1.000731,10.785908,2023-01-01T05:01:22
-1.000731,10.785908,2023-01-01T05:01:23
-1.000731,10.897103,2023-01-01T05:01:24
-1.000731,10.897103,2023-01-01T05:01:25
-1.000731,10.897103,2023-01-01T05:01:26
-1.000731,10.897103,2023-01-01T05:01:27
-1.000731,10.897103,2023-01-01T05:01:28
-1.000731,11.008298,2023-01-01T05:01:29
-1.000731,11.008298,2023-01-01T05:01:30
-1.000731,11.008298,2023-01-01T05:01:31
-1.000731,11.008298,2023-01-01T05:01:32
-1.000731,11.008298,2023-01-01T05:01:33
-1.000731,11.008298,2023-01-01T05:01:34
-1.000731,11.119493,2023-01-01T05:01:35
-1.000731,11.119493,2023-01-01T05:01:36
-1.000731,11.119493,2023-01-01T05:01:37
-1.000731,11.119493,2023-01-01T05:01:38
-1.111923,11.119493,2023-01-01T05:01:39
-1.000731,11.119493,2023-01-01T05:01:40
-1.000731,11.230688,2023-01-01T05:01:41
-1.000731,11.230688,2023-01-01T05:01:42
-1.000731,11.230688,2023-01-01T05:01:43
-1.000731,11.230688,2023-01-01T05:01:44
-1.000731,11.230688,2023-01-01T05:01:45
-1.000731,11.230688,2023-01-01T05:01:46
-1.000731,11.230688,2023-01-01T05:01:47
-1.000731,11.341883,2023-01-01T05:01:48
-1.000731,11.341883,2023-01-01T05:01:49
-1.000731,11.341883,2023-01-01T05:01:50
-1.000731,11.341883,2023-01-01T05:01:51
-1.000731,11.341883,2023-01-01T05:01:52
-1.000731,11.341883,2023-01-01T05:01:53
-1.000731,11.453077,2023-01-01T05:01:54
-1.000731,11.453077,2023-01-01T05:01:55
-1.000731,11.453077,2023-01-01T05:01:56
-1.000731,11.453077,2023-01-01T05:01:57
-1.000731,11.564272,2023-01-01T05:01:58
-1.000731,11.564272,2023-01-01T05:01:59
-1.000731,11.564272,2023-01-01T05:02:00
-1.000731,11.564272,2023-01-01T05:02:01
-1.111923,11.675467,2023-01-01T05:02:02
-1.111923,11.675467,2023-01-01T05:02:03
-1.111923,11.675467,2023-01-01T05:02:04
-1.111923,11.675467,2023-01-01T05:02:05
-1.111923,11.786662,2023-01-01T05:02:06
-1.111923,11.786662,2023-01-01T05:02:07
-1.111923,11.786662,2023-01-01T05:02:08
-1.111923,11.786662,2023-01-01T05:02:09
-1.111923,11.897857,2023-01-01T05:02:10
-1.111923,11.897857,2023-01-01T05:02:11
-1.111923,11.897857,2023-01-01T05:02:12
-1.111923,11.897857,2023-01-01T05:02:13
-1.111923,12.009052,2023-01-01T05:02:14
-1.111923,12.009052,2023-01-01T05:02:15
-1.111923,12.009052,2023-01-01T05:02:16
-1.111923,12.120247,2023-01-01T05:02:17
-1.223115,12.120247,2023-01-01T05:02:18
-1.223115,12.120247,2023-01-01T05:02:19
-1.223115,12.120247,2023-01-01T05:02:20
-1.223115,12.231442,2023-01-01T05:02:21
-1.223115,12.231442,2023-01-01T05:02:22
-1.223115,12.231442,2023-01-01T05:02:23
-1.223115,12.342637,2023-01-01T05:02:24
-1.334307,12.342637,2023-01-01T05:02:25
-1.334307,12.453832,2023-01-01T05:02:26
-1.334307,12.453832,2023-01-01T05:02:27
-1.445500,12.565027,2023-01-01T05:02:28
-1.445500,12.565027,2023-01-01T05:02:29
-1.445500,12.565027,2023-01-01T05:02:30
-1.556692,12.676222,2023-01-01T05:02:31
-1.556692,12.676222,2023-01-01T05:02:32
-1.556692,12.787417,2023-01-01T05:02:33
-1.667884,12.787417,2023-01-01T05:02:34
-1.667884,12.787417,2023-01-01T05:02:35
-1.667884,12.898611,2023-01-01T05:02:36
-1.667884,12.898611,2023-01-01T05:02:37
-1.779077,13.009806,2023-01-01T05:02:38
-1.779077,13.009806,2023-01-01T05:02:39
-1.779077,13.009806,2023-01-01T05:02:40
-1.779077,13.121001,2023-01-01T05:02:41
-1.890269,13.121001,2023-01-01T05:02:42
-1.890269,13.232196,2023-01-01T05:02:43
-1.890269,13.232196,2023-01-01T05:02:44
-1.890269,13.232196,2023-01-01T05:02:45
-2.001461,13.343391,2023-01-01T05:02:46
-2.001461,13.343391,2023-01-01T05:02:47
-2.001461,13.343391,2023-01-01T05:02:48
-2.001461,13.454586,2023-01-01T05:02:49
-2.001461,13.454586,2023-01-01T05:02:50
-2.112653,13.565781,2023-01-01T05:02:51
-2.112653,13.565781,2023-01-01T05:02:52
-2.112653,13.565781,2023-01-01T05:02:53
-2.112653,13.565781,2023-01-01T05:02:54
-2.112653,13.565781,2023-01-01T05:02:55
-2.112653,13.565781,2023-01-01T05:02:56
-2.112653,13.676976,2023-01-01T05:02:57
-2.112653,13.676976,2023-01-01T05:02:58
-2.112653,13.676976,2023-01-01T05:02:59
-2.112653,13.676976,2023-01-01T05:03:00
-2.112653,13.676976,2023-01-01T05:03:01
-2.112653,13.676976,2023-01-01T05:03:02
-2.223846,13.676976,2023-01-01T05:03:03
-2.223846,13.788171,2023-01-01T05:03:04
-2.223846,13.788171,2023-01-01T05:03:05
-2.223846,13.788171,2023-01-01T05:03:06
-2.223846,13.788171,2023-01-01T05:03:07
-2.223846,13.788171,2023-01-01T05:03:08
-2.223846,13.788171,2023-01-01T05:03:09
-2.223846,13.899366,2023-01-01T05:03:10
-2.223846,13.899366,2023-01-01T05:03:11
-2.223846,13.899366,2023-01-01T05:03:12
-2.223846,13.899366,2023-01-01T05:03:13
-2.223846,13.899366,2023-01-01T05:03:14
-2.223846,13.899366,2023-01-01T05:03:15
-2.223846,13.899366,2023-01-01T05:03:16
-2.223846,14.010561,2023-01-01T05:03:17
-2.223846,14.010561,2023-01-01T05:03:18
-2.223846,14.010561,2023-01-01T05:03:19
-2.223846,14.010561,2023-01-01T05:03:20
-2.223846,14.010561,2023-01-01T05:03:21
-2.223846,14.010561,2023-01-01T05:03:22
-2.223846,14.010561,2023-01-01T05:03:23
-2.223846,14.010561,2023-01-01T05:03:24
-2.223846,14.010561,2023-01-01T05:03:25
-2.223846,14.010561,2023-01-01T05:03:26
-2.223846,14.010561,2023-01-01T05:03:27
-2.223846,14.010561,2023-01-01T05:03:28
-2.223846,14.010561,2023-01-01T05:03:29
-2.223846,14.010561,2023-01-01T05:03:30
-2.223846,14.010561,2023-01-01T05:03:31
-2.223846,14.010561,2023-01-01T05:03:32
-2.223846,14.010561,2023-01-01T05:03:33
-2.223846,14.010561,2023-01-01T05:03:34
-2.223846,14.010561,2023-01-01T05:03:35
-2.223846,14.010561,2023-01-01T05:03:36
-2.223846,14.010561,2023-01-01T05:03:37
-2.223846,14.010561,2023-01-01T05:03:38
-2.223846,14.010561,2023-01-01T05:03:39
-2.223846,14.010561,2023-01-01T05:03:40
-2.223846,14.010561,2023-01-01T05:03:41
-2.223846,14.010561,2023-01-01T05:03:42
-2.335038,14.010561,2023-01-01T05:03:43
-2.335038,14.010561,2023-01-01T05:03:44
-2.335038,14.010561,2023-01-01T05:03:45
-2.335038,14.010561,2023-01-01T05:03:46
-2.335038,14.010561,2023-01-01T05:03:47
-2.335038,14.010561,2023-01-01T05:03:48
-2.335038,14.010561,2023-01-01T05:03:49
-2.335038,14.010561,2023-01-01T05:03:50
-2.335038,14.010561,2023-01-01T05:03:51
-2.335038,14.010561,2023-01-01T05:03:52
-2.446230,14.010561,2023-01-01T05:03:53
-2.446230,14.010561,2023-01-01T05:03:54
-2.446230,14.010561,2023-01-01T05:03:55
-2.446230,14.010561,2023-01-01T05:03:56
-2.446230,14.010561,2023-01-01T05:03:57
-2.446230,14.010561,2023-01-01T05:03:58
-2.557423,14.010561,2023-01-01T05:03:59
-2.557423,14.010561,2023-01-01T05:04:00
-2.557423,14.121756,2023-01-01T05:04:01
-2.557423,14.121756,2023-01-01T05:04:02
-2.557423,14.121756,2023-01-01T05:04:03
-2.557423,14.121756,2023-01-01T05:04:04
-2.557423,14.121756,2023-01-01T05:04:05
-2.668615,14.121756,2023-01-01T05:04:06
-2.668615,14.121756,2023-01-01T05:04:07
-2.668615,14.121756,2023-01-01T05:04:08
-2.668615,14.121756,2023-01-01T05:04:09
-2.668615,14.121756,2023-01-01T05:04:10
-2.668615,14.121756,2023-01-01T05:04:11
-2.668615,14.121756,2023-01-01T05:04:12
-2.668615,14.121756,2023-01-01T05:04:13
-2.668615,14.232951,2023-01-01T05:04:14
-2.668615,14.232951,2023-01-01T05:04:15
-2.668615,14.232951,2023-01-01T05:04:16
-2.668615,14.232951,2023-01-01T05:04:17
-2.668615,14.232951,2023-01-01T05:04:18
-2.668615,14.232951,2023-01-01T05:04:19
-2.668615,14.232951,2023-01-01T05:04:20
-2.779807,14.232951,2023-01-01T05:04:21
-2.668615,14.232951,2023-01-01T05:04:22
-2.668615,14.232951,2023-01-01T05:04:23
-2.668615,14.232951,2023-01-01T05:04:24
-2.668615,14.232951,2023-01-01T05:04:25
-2.668615,14.121756,2023-01-01T05:04:26
-2.668615,14.121756,2023-01-01T05:04:27
-2.668615,14.121756,2023-01-01T05:04:28
-2.668615,14.121756,2023-01-01T05:04:29
-2.668615,14.121756,2023-01-01T05:04:30
-2.668615,14.121756,2023-01-01T05:04:31
-2.668615,14.010561,2023-01-01T05:04:32
-2.668615,14.010561,2023-01-01T05:04:33
-2.668615,14.010561,2023-01-01T05:04:34
-2.668615,14.010561,2023-01-01T05:04:35
-2.668615,14.010561,2023-01-01T05:04:36
-2.668615,14.010561,2023-01-01T05:04:37
-2.668615,14.010561,2023-01-01T05:04:38
-2.668615,14.010561,2023-01-01T05:04:39
-2.668615,13.899366,2023-01-01T05:04:40
-2.668615,13.899366,2023-01-01T05:04:41
-2.668615,13.899366,2023-01-01T05:04:42
-2.668615,13.899366,2023-01-01T05:04:43
-2.668615,13.899366,2023-01-01T05:04:44
-2.557423,13.899366,2023-01-01T05:04:45
-2.557423,13.899366,2023-01-01T05:04:46
-2.557423,13.899366,2023-01-01T05:04:47
-2.557423,13.899366,2023-01-01T05:04:48
-2.557423,13.788171,2023-01-01T05:04:49
-2.557423,13.788171,2023-01-01T05:04:50
-2.557423,13.788171,2023-01-01T05:04:51
-2.557423,13.788171,2023-01-01T05:04:52
-2.557423,13.788171,2023-01-01T05:04:53
-2.557423,13.788171,2023-01-01T05:04:54
-2.557423,13.788171,2023-01-01T05:04:55
-2.557423,13.788171,2023-01-01T05:04:56
-2.557423,13.788171,2023-01-01T05:04:57
-2.557423,13.788171,2023-01-01T05:04:58
-2.668615,13.788171,2023-01-01T05:04:59
-2.668615,13.788171,2023-01-01T05:05:00
-2.668615,13.788171,2023-01-01T05:05:01
-2.668615,13.788171,2023-01-01T05:05:02
-2.668615,13.788171,2023-01-01T05:05:03
-2.668615,13.788171,2023-01-01T05:05:04
-2.668615,13.788171,2023-01-01T05:05:05
-2.668615,13.788171,2023-01-01T05:05:06
-2.668615,13.788171,2023-01-01T05:05:07
-2.668615,13.788171,2023-01-01T05:05:08
-2.668615,13.788171,2023-01-01T05:05:09
-2.668615,13.788171,2023-01-01T05:05:10
-2.668615,13.788171,2023-01-01T05:05:11
-2.668615,13.788171,2023-01-01T05:05:12
-2.668615,13.788171,2023-01-01T05:05:13
-2.668615,13.788171,2023-01-01T05:05:14
-2.668615,13.788171,2023-01-01T05:05:15
-2.668615,13.788171,2023-01-01T05:05:16
-2.668615,13.788171,2023-01-01T05:05:17
-2.668615,13.788171,2023-01-01T05:05:18
-2.668615,13.788171,2023-01-01T05:05:19
-2.668615,13.788171,2023-01-01T05:05:20
-2.668615,13.788171,2023-01-01T05:05:21
-2.668615,13.788171,2023-01-01T05:05:22
-2.668615,13.788171,2023-01-01T05:05:23
-2.668615,13.788171,2023-01-01T05:05:24
-2.668615,13.788171,2023-01-01T05:05:25
-2.668615,13.788171,2023-01-01T05:05:26
-2.668615,13.788171,2023-01-01T05:05:27
-2.557423,13.788171,2023-01-01T05:05:28
-2.557423,13.788171,2023-01-01T05:05:29
-2.557423,13.788171,2023-01-01T05:05:30
-2.557423,13.788171,2023-01-01T05:05:31
-2.557423,13.788171,2023-01-01T05:05:32
-2.557423,13.788171,2023-01-01T05:05:33
-2.557423,13.676976,2023-01-01T05:05:34
-2.557423,13.676976,2023-01-01T05:05:35
-2.557423,13.676976,2023-01-01T05:05:36
-2.557423,13.676976,2023-01-01T05:05:37
-2.557423,13.676976,2023-01-01T05:05:38
-2.557423,13.676976,2023-01-01T05:05:39
-2.557423,13.676976,2023-01-01T05:05:40
-2.557423,13.676976,2023-01-01T05:05:41
-2.557423,13.676976,2023-01-01T05:05:42
-2.557423,13.676976,2023-01-01T05:05:43
-2.557423,13.676976,2023-01-01T05:05:44
-2.557423,13.676976,2023-01-01T05:05:45
-2.446230,13.676976,2023-01-01T05:05:46
-2.446230,13.676976,2023-01-01T05:05:47
-2.446230,13.676976,2023-01-01T05:05:48
-2.446230,13.676976,2023-01-01T05:05:49
-2.446230,13.676976,2023-01-01T05:05:50
-2.446230,13.676976,2023-01-01T05:05:51
-2.446230,13.676976,2023-01-01T05:05:52
-2.446230,13.676976,2023-01-01T05:05:53
-2.446230,13.676976,2023-01-01T05:05:54
-2.446230,13.676976,2023-01-01T05:05:55
-2.446230,13.676976,2023-01-01T05:05:56
-2.446230,13.565781,2023-01-01T05:05:57
-2.335038,13.565781,2023-01-01T05:05:58
-2.335038,13.565781,2023-01-01T05:05:59
-2.335038,13.565781,2023-01-01T05:06:00
-2.335038,13.565781,2023-01-01T05:06:01
-2.335038,13.565781,2023-01-01T05:06:02
-2.335038,13.565781,2023-01-01T05:06:03
-2.335038,13.565781,2023-01-01T05:06:04
-2.335038,13.565781,2023-01-01T05:06:05
-2.335038,13.565781,2023-01-01T05:06:06
-2.335038,13.565781,2023-01-01T05:06:07
-2.223846,13.565781,2023-01-01T05:06:08
-2.223846,13.565781,2023-01-01T05:06:09
-2.223846,13.565781,2023-01-01T05:06:10
-2.223846,13.454586,2023-01-01T05:06:11
-2.223846,13.454586,2023-01-01T05:06:12
-2.223846,13.454586,2023-01-01T05:06:13
-2.223846,13.454586,2023-01-01T05:06:14
-2.112653,13.454586,2023-01-01T05:06:15
-2.112653,13.565781,2023-01-01T05:06:16
-2.001461,13.565781,2023-01-01T05:06:17
-2.001461,13.565781,2023-01-01T05:06:18
-1.890269,13.565781,2023-01-01T05:06:19
-1.779077,13.565781,2023-01-01T05:06:20
-1.667884,13.676976,2023-01-01T05:06:21
-1.667884,13.676976,2023-01-01T05:06:22
-1.556692,13.788171,2023-01-01T05:06:23
-1.445500,13.788171,2023-01-01T05:06:24
-1.334307,13.899366,2023-01-01T05:06:25
-1.223115,13.899366,2023-01-01T05:06:26
-1.111923,14.010561,2023-01-01T05:06:27
-1.000731,14.010561,2023-01-01T05:06:28
-0.889538,14.010561,2023-01-01T05:06:29
-0.778346,14.121756,2023-01-01T05:06:30
-0.667154,14.121756,2023-01-01T05:06:31
-0.555961,14.232951,2023-01-01T05:06:32
-0.444769,14.232951,2023-01-01T05:06:33
-0.333577,14.344146,2023-01-01T05:06:34
-0.222385,14.344146,2023-01-01T05:06:35
-0.111192,14.344146,2023-01-01T05:06:36
-0.111192,14.455340,2023-01-01T05:06:37
0.000000,14.455340,2023-01-01T05:06:38
0.111192,14.566535,2023-01-01T05:06:39
0.111192,14.566535,2023-01-01T05:06:40
0.222385,14.566535,2023-01-01T05:06:41
0.333577,14.566535,2023-01-01T05:06:42
0.333577,14.677730,2023-01-01T05:06:43
0.444769,14.677730,2023-01-01T05:06:44
0.444769,14.677730,2023-01-01T05:06:45
0.444769,14.677730,2023-01-01T05:06:46
0.444769,14.677730,2023-01-01T05:06:47
0.444769,14.677730,2023-01-01T05:06:48
0.444769,14.677730,2023-01-01T05:06:49
0.444769,14.677730,2023-01-01T05:06:50
0.444769,14.677730,2023-01-01T05:06:51
0.333577,14.677730,2023-01-01T05:06:52
0.222385,14.566535,2023-01-01T05:06:53
0.111192,14.566535,2023-01-01T05:06:54
0.000000,14.455340,2023-01-01T05:06:55
-0.111192,14.344146,2023-01-01T05:06:56
-0.222385,14.344146,2023-01-01T05:06:57
-0.444769,14.232951,2023-01-01T05:06:58
-0.555961,14.232951,2023-01-01T05:06:59
-0.667154,14.121756,2023-01-01T05:07:00
-0.778346,14.121756,2023-01-01T05:07:01
-0.889538,14.010561,2023-01-01T05:07:02
-1.111923,13.899366,2023-01-01T05:07:03
-1.223115,13.899366,2023-01-01T05:07:04
-1.334307,13.788171,2023-01-01T05:07:05
-1.556692,13.676976,2023-01-01T05:07:06
-1.779077,13.676976,2023-01-01T05:07:07
-1.890269,13.565781,2023-01-01T05:07:08
-2.112653,13.454586,2023-01-01T05:07:09
-2.335038,13.343391,2023-01-01T05:07:10
-2.446230,13.232196,2023-01-01T05:07:11
-2.668615,13.121001,2023-01-01T05:07:12
-2.890999,13.121001,2023-01-01T05:07:13
-3.113384,13.009806,2023-01-01T05:07:14
-3.335769,12.898611,2023-01-01T05:07:15
-3.446961,12.787417,2023-01-01T05:07:16
-3.669345,12.676222,2023-01-01T05:07:17
-3.891730,12.565027,2023-01-01T05:07:18
-4.114115,12.453832,2023-01-01T05:07:19
-4.336499,12.342637,2023-01-01T05:07:20
-4.447691,12.231442,2023-01-01T05:07:21
-4.558884,12.231442,2023-01-01T05:07:22
-4.558884,12.231442,2023-01-01T05:07:23
-4.558884,12.231442,2023-01-01T05:07:24
-4.558884,12.231442,2023-01-01T05:07:25
-4.670076,12.231442,2023-01-01T05:07:26
-4.670076,12.231442,2023-01-01T05:07:27
-4.781268,12.231442,2023-01-01T05:07:28
-4.781268,12.231442,2023-01-01T05:07:29
-4.892461,12.120247,2023-01-01T05:07:30
-5.003653,12.120247,2023-01-01T05:07:31
-5.003653,12.120247,2023-01-01T05:07:32
-5.114845,12.009052,2023-01-01T05:07:33
-5.226037,12.009052,2023-01-01T05:07:34
-5.337230,12.009052,2023-01-01T05:07:35
-5.448422,11.897857,2023-01-01T05:07:36
-5.559614,11.897857,2023-01-01T05:07:37
-5.559614,11.897857,2023-01-01T05:07:38
-5.670807,11.786662,2023-01-01T05:07:39
-5.781999,11.786662,2023-01-01T05:07:40
-5.893191,11.675467,2023-01-01T05:07:41
-6.004383,11.675467,2023-01-01T05:07:42
-6.115576,11.675467,2023-01-01T05:07:43
-6.226768,11.564272,2023-01-01T05:07:44
-6.226768,11.564272,2023-01-01T05:07:45
-6.337960,11.564272,2023-01-01T05:07:46
-6.449153,11.453077,2023-01-01T05:07:47
-6.560345,11.453077,2023-01-01T05:07:48
-6.671537,11.341883,2023-01-01T05:07:49
-6.671537,11.341883,2023-01-01T05:07:50
-6.782729,11.341883,2023-01-01T05:07:51
-6.671537,11.341883,2023-01-01T05:07:52
-6.671537,11.453077,2023-01-01T05:07:53
-6.560345,11.453077,2023-01-01T05:07:54
-6.449153,11.453077,2023-01-01T05:07:55
-6.337960,11.564272,2023-01-01T05:07:56
-6.337960,11.564272,2023-01-01T05:07:57
-6.226768,11.675467,2023-01-01T05:07:58
-6.115576,11.675467,2023-01-01T05:07:59
-6.004383,11.675467,2023-01-01T05:08:00
-6.004383,11.786662,2023-01-01T05:08:01
-5.893191,11.786662,2023-01-01T05:08:02
-5.781999,11.786662,2023-01-01T05:08:03
-5.781999,11.897857,2023-01-01T05:08:04
-5.670807,11.897857,2023-01-01T05:08:05
-5.559614,11.897857,2023-01-01T05:08:06
-5.559614,12.009052,2023-01-01T05:08:07
-5.448422,12.009052,2023-01-01T05:08:08
-5.448422,12.009052,2023-01-01T05:08:09
-5.337230,12.009052,2023-01-01T05:08:10
-5.226037,12.120247,2023-01-01T05:08:11
-5.226037,12.120247,2023-01-01T05:08:12
-5.114845,12.120247,2023-01-01T05:08:13
-5.114845,12.120247,2023-01-01T05:08:14
-5.003653,12.231442,2023-01-01T05:08:15
-5.003653,12.231442,2023-01-01T05:08:16
-4.892461,12.231442,2023-01-01T05:08:17
-4.892461,12.231442,2023-01-01T05:08:18
-4.781268,12.342637,2023-01-01T05:08:19
-4.781268,12.342637,2023-01-01T05:08:20
-4.670076,12.342637,2023-01-01T05:08:21
-4.670076,12.342637,2023-01-01T05:08:22
-4.558884,12.342637,2023-01-01T05:08:23
-4.558884,12.342637,2023-01-01T05:08:24
-4.447691,12.342637,2023-01-01T05:08:25
-4.447691,12.453832,2023-01-01T05:08:26
-4.447691,12.453832,2023-01-01T05:08:27
-4.336499,12.453832,2023-01-01T05:08:28
-4.336499,12.453832,2023-01-01T05:08:29
-4.225307,12.453832,2023-01-01T05:08:30
-4.225307,12.453832,2023-01-01T05:08:31
-4.114115,12.453832,2023-01-01T05:08:32
-4.114115,12.453832,2023-01-01T05:08:33
-4.114115,12.453832,2023-01-01T05:08:34
-4.002922,12.453832,2023-01-01T05:08:35
-4.002922,12.453832,2023-01-01T05:08:36
-3.891730,12.453832,2023-01-01T05:08:37
-3.891730,12.453832,2023-01-01T05:08:38
-3.891730,12.565027,2023-01-01T05:08:39
-3.780538,12.565027,2023-01-01T05:08:40
-3.780538,12.565027,2023-01-01T05:08:41
-3.780538,12.565027,2023-01-01T05:08:42
-3.669345,12.565027,2023-01-01T05:08:43
-3.669345,12.565027,2023-01-01T05:08:44
-3.669345,12.565027,2023-01-01T05:08:45
-3.558153,12.565027,2023-01-01T05:08:46
-3.558153,12.565027,2023-01-01T05:08:47
-3.558153,12.565027,2023-01-01T05:08:48
-3.558153,12.565027,2023-01-01T05:08:49
-3.446961,12.565027,2023-01-01T05:08:50
-3.446961,12.565027,2023-01-01T05:08:51
-3.446961,12.565027,2023-01-01T05:08:52
-3.446961,12.676222,2023-01-01T05:08:53
-3.335769,12.676222,2023-01-01T05:08:54
-3.335769,12.676222,2023-01-01T05:08:55
-3.335769,12.676222,2023-01-01T05:08:56
-3.335769,12.676222,2023-01-01T05:08:57
-3.224576,12.676222,2023-01-01T05:08:58
-3.224576,12.676222,2023-01-01T05:08:59
-3.224576,12.676222,2023-01-01T05:09:00
-3.224576,12.676222,2023-01-01T05:09:01
-3.224576,12.787417,2023-01-01T05:09:02
-3.224576,12.787417,2023-01-01T05:09:03
-3.113384,12.787417,2023-01-01T05:09:04
-3.113384,12.787417,2023-01-01T05:09:05
-3.113384,12.787417,2023-01-01T05:09:06
-3.113384,12.787417,2023-01-01T05:09:07
-3.113384,12.787417,2023-01-01T05:09:08
-3.113384,12.787417,2023-01-01T05:09:09
-3.002192,12.787417,2023-01-01T05:09:10
-3.002192,12.787417,2023-01-01T05:09:11
-3.002192,12.787417,2023-01-01T05:09:12
-3.002192,12.787417,2023-01-01T05:09:13
-3.002192,12.898611,2023-01-01T05:09:14
-3.002192,12.898611,2023-01-01T05:09:15
-2.890999,12.898611,2023-01-01T05:09:16
-2.890999,12.898611,2023-01-01T05:09:17
-2.890999,12.898611,2023-01-01T05:09:18
-2.890999,12.898611,2023-01-01T05:09:19
-2.890999,12.898611,2023-01-01T05:09:20
-2.890999,12.898611,2023-01-01T05:09:21
-2.890999,12.898611,2023-01-01T05:09:22
-2.890999,12.898611,2023-01-01T05:09:23
-2.779807,12.898611,2023-01-01T05:09:24
-2.779807,12.898611,2023-01-01T05:09:25
-2.779807,12.898611,2023-01-01T05:09:26
-2.779807,12.898611,2023-01-01T05:09:27
-2.779807,12.898611,2023-01-01T05:09:28
-2.779807,12.898611,2023-01-01T05:09:29
-2.668615,12.898611,2023-01-01T05:09:30
-2.668615,12.898611,2023-01-01T05:09:31
-2.668615,12.898611,2023-01-01T05:09:32
-2.668615,12.898611,2023-01-01T05:09:33
-2.668615,12.898611,2023-01-01T05:09:34
-2.557423,12.898611,2023-01-01T05:09:35
-2.557423,12.898611,2023-01-01T05:09:36
-2.557423,12.898611,2023-01-01T05:09:37
-2.557423,12.898611,2023-01-01T05:09:38
-2.557423,12.898611,2023-01-01T05:09:39
-2.557423,12.898611,2023-01-01T05:09:40
-2.446230,12.898611,2023-01-01T05:09:41
-2.446230,12.787417,2023-01-01T05:09:42
-2.446230,12.787417,2023-01-01T05:09:43
-2.446230,12.787417,2023-01-01T05:09:44
-2.335038,12.787417,2023-01-01T05:09:45
-2.335038,12.787417,2023-01-01T05:09:46
-2.335038,12.787417,2023-01-01T05:09:47
-2.223846,12.676222,2023-01-01T05:09:48
-2.223846,12.676222,2023-01-01T05:09:49
-2.223846,12.676222,2023-01-01T05:09:50
-2.223846,12.676222,2023-01-01T05:09:51
-2.112653,12.676222,2023-01-01T05:09:52
-2.112653,12.565027,2023-01-01T05:09:53
-2.112653,12.565027,2023-01-01T05:09:54
-2.001461,12.565027,2023-01-01T05:09:55
-2.001461,12.565027,2023-01-01T05:09:56
-2.001461,12.453832,2023-01-01T05:09:57
-1.890269,12.453832,2023-01-01T05:09:58
-1.890269,12.453832,2023-01-01T05:09:59
-1.890269,12.453832,2023-01-01T05:10:00
-1.779077,12.342637,2023-01-01T05:10:01
-1.779077,12.342637,2023-01-01T05:10:02
-1.779077,12.342637,2023-01-01T05:10:03
-1.667884,12.342637,2023-01-01T05:10:04
-1.667884,12.231442,2023-01-01T05:10:05
-1.667884,12.231442,2023-01-01T05:10:06
-1.556692,12.231442,2023-01-01T05:10:07
-1.556692,12.231442,2023-01-01T05:10:08
-1.556692,12.120247,2023-01-01T05:10:09
-1.445500,12.120247,2023-01-01T05:10:10
-1.445500,12.120247,2023-01-01T05:10:11
-1.445500,12.120247,2023-01-01T05:10:12
-1.334307,12.009052,2023-01-01T05:10:13
-1.334307,12.009052,2023-01-01T05:10:14
-1.334307,12.009052,2023-01-01T05:10:15
-1.334307,12.009052,2023-01-01T05:10:16
-1.223115,11.897857,2023-01-01T05:10:17
-1.223115,11.897857,2023-01-01T05:10:18
-1.223115,11.897857,2023-01-01T05:10:19
-1.111923,11.897857,2023-01-01T05:10:20
-1.111923,11.786662,2023-01-01T05:10:21
-1.111923,11.897857,2023-01-01T05:10:22
-1.111923,11.897857,2023-01-01T05:10:23
-1.111923,11.897857,2023-01-01T05:10:24
-1.223115,11.897857,2023-01-01T05:10:25
-1.223115,12.009052,2023-01-01T05:10:26
-1.223115,12.009052,2023-01-01T05:10:27
-1.223115,12.009052,2023-01-01T05:10:28
-1.223115,12.009052,2023-01-01T05:10:29
-1.223115,12.120247,2023-01-01T05:10:30
-1.223115,12.120247,2023-01-01T05:10:31
-1.223115,12.120247,2023-01-01T05:10:32
-1.223115,12.120247,2023-01-01T05:10:33
-1.223115,12.231442,2023-01-01T05:10:34
-1.223115,12.231442,2023-01-01T05:10:35
-1.223115,12.231442,2023-01-01T05:10:36
-1.223115,12.231442,2023-01-01T05:10:37
-1.223115,12.231442,2023-01-01T05:10:38
-1.223115,12.342637,2023-01-01T05:10:39
-1.223115,12.342637,2023-01-01T05:10:40
-1.223115,12.342637,2023-01-01T05:10:41
-1.223115,12.342637,2023-01-01T05:10:42
-1.223115,12.342637,2023-01-01T05:10:43
-1.223115,12.453832,2023-01-01T05:10:44
-1.223115,12.453832,2023-01-01T05:10:45
-1.223115,12.453832,2023-01-01T05:10:46
-1.111923,12.453832,2023-01-01T05:10:47
-1.111923,12.453832,2023-01-01T05:10:48
-1.111923,12.453832,2023-01-01T05:10:49
-1.111923,12.453832,2023-01-01T05:10:50
-1.111923,12.453832,2023-01-01T05:10:51
-1.111923,12.565027,2023-01-01T05:10:52
-1.111923,12.565027,2023-01-01T05:10:53
-1.223115,12.565027,2023-01-01T05:10:54
-1.223115,12.676222,2023-01-01T05:10:55
-1.223115,12.676222,2023-01-01T05:10:56
-1.223115,12.676222,2023-01-01T05:10:57
-1.223115,12.676222,2023-01-01T05:10:58
-1.223115,12.676222,2023-01-01T05:10:59
-1.223115,12.787417,2023-01-01T05:11:00
-1.223115,12.787417,2023-01-01T05:11:01
-1.223115,12.787417,2023-01-01T05:11:02
-1.223115,12.787417,2023-01-01T05:11:03
-1.223115,12.787417,2023-01-01T05:11:04
-1.223115,12.787417,2023-01-01T05:11:05
-1.223115,12.898611,2023-01-01T05:11:06
-1.223115,12.898611,2023-01-01T05:11:07
-1.223115,12.898611,2023-01-01T05:11:08
-1.223115,12.898611,2023-01-01T05:11:09
-1.223115,12.898611,2023-01-01T05:11:10
-1.223115,12.898611,2023-01-01T05:11:11
-1.223115,12.898611,2023-01-01T05:11:12
-1.223115,12.898611,2023-01-01T05:11:13
-1.223115,13.009806,2023-01-01T05:11:14
-1.223115,13.009806,2023-01-01T05:11:15
-1.223115,13.009806,2023-01-01T05:11:16
-1.223115,13.009806,2023-01-01T05:11:17
-1.223115,13.009806,2023-01-01T05:11:18
-1.223115,13.009806,2023-01-01T05:11:19
-1.223115,13.009806,2023-01-01T05:11:20
-1.223115,13.009806,2023-01-01T05:11:21
-1.334307,13.009806,2023-01-01T05:11:22
-1.334307,13.009806,2023-01-01T05:11:23
-1.334307,13.121001,2023-01-01T05:11:24
-1.334307,13.121001,2023-01-01T05:11:25
-1.334307,13.121001,2023-01-01T05:11:26
-1.334307,13.121001,2023-01-01T05:11:27
-1.334307,13.121001,2023-01-01T05:11:28
-1.445500,13.232196,2023-01-01T05:11:29
-1.445500,13.232196,2023-01-01T05:11:30
-1.445500,13.232196,2023-01-01T05:11:31
-1.445500,13.232196,2023-01-01T05:11:32
-1.445500,13.343391,2023-01-01T05:11:33
-1.445500,13.343391,2023-01-01T05:11:34
-1.445500,13.343391,2023-01-01T05:11:35
-1.556692,13.343391,2023-01-01T05:11:36
-1.556692,13.454586,2023-01-01T05:11:37
-1.556692,13.454586,2023-01-01T05:11:38
-1.556692,13.454586,2023-01-01T05:11:39
-1.556692,13.565781,2023-01-01T05:11:40
-1.556692,13.565781,2023-01-01T05:11:41
-1.556692,13.565781,2023-01-01T05:11:42
-1.556692,13.565781,2023-01-01T05:11:43
-1.556692,13.676976,2023-01-01T05:11:44
-1.667884,13.676976,2023-01-01T05:11:45
-1.667884,13.676976,2023-01-01T05:11:46
-1.667884,13.788171,2023-01-01T05:11:47
-1.667884,13.788171,2023-01-01T05:11:48
-1.667884,13.788171,2023-01-01T05:11:49
-1.667884,13.899366,2023-01-01T05:11:50
-1.667884,13.899366,2023-01-01T05:11:51
-1.667884,13.899366,2023-01-01T05:11:52
-1.779077,14.010561,2023-01-01T05:11:53
-1.779077,14.010561,2023-01-01T05:11:54
-1.779077,14.010561,2023-01-01T05:11:55
-1.779077,14.121756,2023-01-01T05:11:56
-1.779077,14.121756,2023-01-01T05:11:57
-1.890269,14.121756,2023-01-01T05:11:58
-1.890269,14.232951,2023-01-01T05:11:59
-1.890269,14.232951,2023-01-01T05:12:00
-1.890269,14.232951,2023-01-01T05:12:01
-1.890269,14.344146,2023-01-01T05:12:02
-1.890269,14.344146,2023-01-01T05:12:03
-1.890269,14.344146,2023-01-01T05:12:04
-2.001461,14.344146,2023-01-01T05:12:05
-2.001461,14.455340,2023-01-01T05:12:06
-2.001461,14.455340,2023-01-01T05:12:07
-2.001461,14.455340,2023-01-01T05:12:08
-2.001461,14.566535,2023-01-01T05:12:09
-2.001461,14.566535,2023-01-01T05:12:10
-2.001461,14.566535,2023-01-01T05:12:11
-2.001461,14.566535,2023-01-01T05:12:12
-2.001461,14.677730,2023-01-01T05:12:13
-2.001461,14.677730,2023-01-01T05:12:14
-2.001461,14.677730,2023-01-01T05:12:15
-2.001461,14.677730,2023-01-01T05:12:16
-2.001461,14.788925,2023-01-01T05:12:17
-2.001461,14.788925,2023-01-01T05:12:18
-2.001461,14.788925,2023-01-01T05:12:19
-2.001461,14.788925,2023-01-01T05:12:20
-2.001461,14.788925,2023-01-01T05:12:21
-2.112653,14.900120,2023-01-01T05:12:22
-2.112653,14.900120,2023-01-01T05:12:23
-2.112653,14.900120,2023-01-01T05:12:24
-2.112653,14.900120,2023-01-01T05:12:25
-2.112653,14.900120,2023-01-01T05:12:26
-2.112653,14.900120,2023-01-01T05:12:27
-2.112653,14.900120,2023-01-01T05:12:28
-2.112653,14.900120,2023-01-01T05:12:29
-2.112653,14.900120,2023-01-01T05:12:30
-2.112653,14.900120,2023-01-01T05:12:31
-2.112653,14.900120,2023-01-01T05:12:32
-2.112653,14.900120,2023-01-01T05:12:33
-2.112653,14.900120,2023-01-01T05:12:34
-2.112653,14.900120,2023-01-01T05:12:35
-2.112653,14.900120,2023-01-01T05:12:36
-2.112653,15.011315,2023-01-01T05:12:37
-2.112653,15.011315,2023-01-01T05:12:38
-2.112653,15.011315,2023-01-01T05:12:39
-2.112653,15.011315,2023-01-01T05:12:40
-2.112653,15.011315,2023-01-01T05:12:41
-2.112653,15.011315,2023-01-01T05:12:42
-2.112653,15.011315,2023-01-01T05:12:43
-2.112653,15.011315,2023-01-01T05:12:44
-2.112653,15.011315,2023-01-01T05:12:45
-2.112653,15.011315,2023-01-01T05:12:46
-2.112653,15.011315,2023-01-01T05:12:47
-2.112653,15.011315,2023-01-01T05:12:48
-2.112653,15.011315,2023-01-01T05:12:49
-2.112653,15.011315,2023-01-01T05:12:50
-2.112653,15.011315,2023-01-01T05:12:51
-2.112653,15.011315,2023-01-01T05:12:52
-2.112653,15.011315,2023-01-01T05:12:53
-2.223846,15.122510,2023-01-01T05:12:54
-2.223846,15.122510,2023-01-01T05:12:55
-2.223846,15.122510,2023-01-01T05:12:56
-2.223846,15.122510,2023-01-01T05:12:57
-2.223846,15.122510,2023-01-01T05:12:58
-2.223846,15.122510,2023-01-01T05:12:59
-2.223846,15.122510,2023-01-01T05:13:00
-2.223846,15.122510,2023-01-01T05:13:01
-2.223846,15.122510,2023-01-01T05:13:02
-2.223846,15.122510,2023-01-01T05:13:03
-2.223846,15.122510,2023-01-01T05:13:04
-2.223846,15.233705,2023-01-01T05:13:05
-2.223846,15.233705,2023-01-01T05:13:06
-2.223846,15.233705,2023-01-01T05:13:07
-2.223846,15.233705,2023-01-01T05:13:08
-2.223846,15.233705,2023-01-01T05:13:09
-2.335038,15.233705,2023-01-01T05:13:10
-2.335038,15.233705,2023-01-01T05:13:11
-2.335038,15.233705,2023-01-01T05:13:12
-2.335038,15.233705,2023-01-01T05:13:13
-2.335038,15.233705,2023-01-01T05:13:14
-2.335038,15.344900,2023-01-01T05:13:15
-2.335038,15.344900,2023-01-01T05:13:16
-2.335038,15.344900,2023-01-01T05:13:17
-2.335038,15.344900,2023-01-01T05:13:18
-2.335038,15.344900,2023-01-01T05:13:19
-2.335038,15.344900,2023-01-01T05:13:20
-2.335038,15.344900,2023-01-01T05:13:21
-2.335038,15.344900,2023-01-01T05:13:22
-2.335038,15.344900,2023-01-01T05:13:23
-2.335038,15.344900,2023-01-01T05:13:24
-2.335038,15.344900,2023-01-01T05:13:25
-2.335038,15.456095,2023-01-01T05:13:26
-2.335038,15.456095,2023-01-01T05:13:27
-2.335038,15.456095,2023-01-01T05:13:28
-2.335038,15.456095,2023-01-01T05:13:29
-2.335038,15.456095,2023-01-01T05:13:30
-2.335038,15.456095,2023-01-01T05:13:31
-2.335038,15.456095,2023-01-01T05:13:32
-2.335038,15.456095,2023-01-01T05:13:33
-2.335038,15.456095,2023-01-01T05:13:34
-2.446230,15.456095,2023-01-01T05:13:35
-2.446230,15.456095,2023-01-01T05:13:36
-2.446230,15.456095,2023-01-01T05:13:37
-2.446230,15.456095,2023-01-01T05:13:38
-2.446230,15.567290,2023-01-01T05:13:39
-2.446230,15.567290,2023-01-01T05:13:40
-2.446230,15.567290,2023-01-01T05:13:41
-2.446230,15.567290,2023-01-01T05:13:42
-2.446230,15.567290,2023-01-01T05:13:43
-2.446230,15.567290,2023-01-01T05:13:44
-2.446230,15.567290,2023-01-01T05:13:45
-2.446230,15.567290,2023-01-01T05:13:46
-2.446230,15.567290,2023-01-01T05:13:47
-2.446230,15.567290,2023-01-01T05:13:48
-2.446230,15.567290,2023-01-01T05:13:49
-2.446230,15.567290,2023-01-01T05:13:50
-2.446230,15.567290,2023-01-01T05:13:51
-2.446230,15.567290,2023-01-01T05:13:52
-2.446230,15.567290,2023-01-01T05:13:53
-2.446230,15.567290,2023-01-01T05:13:54
-2.446230,15.567290,2023-01-01T05:13:55
-2.446230,15.567290,2023-01-01T05:13:56
-2.446230,15.567290,2023-01-01T05:13:57
-2.446230,15.567290,2023-01-01T05:13:58
-2.446230,15.567290,2023-01-01T05:13:59
-2.446230,15.567290,2023-01-01T05:14:00
-2.446230,15.567290,2023-01-01T05:14:01
-2.446230,15.567290,2023-01-01T05:14:02
-2.446230,15.567290,2023-01-01T05:14:03
-2.446230,15.567290,2023-01-01T05:14:04
-2.446230,15.567290,2023-01-01T05:14:05
-2.446230,15.567290,2023-01-01T05:14:06
-2.446230,15.567290,2023-01-01T05:14:07
-2.446230,15.567290,2023-01-01T05:14:08
-2.446230,15.567290,2023-01-01T05:14:09
-2.446230,15.567290,2023-01-01T05:14:10
-2.446230,15.567290,2023-01-01T05:14:11
-2.446230,15.567290,2023-01-01T05:14:12
-2.446230,15.567290,2023-01-01T05:14:13
-2.446230,15.567290,2023-01-01T05:14:14
-2.446230,15.456095,2023-01-01T05:14:15
-2.446230,15.456095,2023-01-01T05:14:16
-2.446230,15.456095,2023-01-01T05:14:17
-2.446230,15.456095,2023-01-01T05:14:18
-2.446230,15.456095,2023-01-01T05:14:19
-2.446230,15.456095,2023-01-01T05:14:20
-2.335038,15.456095,2023-01-01T05:14:21
-2.335038,15.456095,2023-01-01T05:14:22
-2.335038,15.456095,2023-01-01T05:14:23
-2.335038,15.456095,2023-01-01T05:14:24
-2.335038,15.456095,2023-01-01T05:14:25
-2.335038,15.456095,2023-01-01T05:14:26
-2.335038,15.456095,2023-01-01T05:14:27
-2.335038,15.456095,2023-01-01T05:14:28
-2.335038,15.456095,2023-01-01T05:14:29
-2.335038,15.456095,2023-01-01T05:14:30
-2.335038,15.456095,2023-01-01T05:14:31
-2.335038,15.456095,2023-01-01T05:14:32
-2.335038,15.456095,2023-01-01T05:14:33
-2.335038,15.456095,2023-01-01T05:14:34
-2.335038,15.456095,2023-01-01T05:14:35
-2.335038,15.456095,2023-01-01T05:14:36
-2.335038,15.456095,2023-01-01T05:14:37
-2.335038,15.456095,2023-01-01T05:14:38
-2.335038,15.456095,2023-01-01T05:14:39
-2.335038,15.344900,2023-01-01T05:14:40
-2.335038,15.344900,2023-01-01T05:14:41
-2.335038,15.344900,2023-01-01T05:14:42
-2.335038,15.344900,2023-01-01T05:14:43
-2.335038,15.344900,2023-01-01T05:14:44
-2.335038,15.344900,2023-01-01T05:14:45
-2.223846,15.344900,2023-01-01T05:14:46
-2.223846,15.344900,2023-01-01T05:14:47
-2.223846,15.344900,2023-01-01T05:14:48
-2.223846,15.344900,2023-01-01T05:14:49
-2.223846,15.344900,2023-01-01T05:14:50
-2.223846,15.344900,2023-01-01T05:14:51
-2.223846,15.344900,2023-01-01T05:14:52
-2.223846,15.344900,2023-01-01T05:14:53
-2.223846,15.344900,2023-01-01T05:14:54
-2.223846,15.344900,2023-01-01T05:14:55
-2.223846,15.344900,2023-01-01T05:14:56
-2.223846,15.344900,2023-01-01T05:14:57
-2.223846,15.344900,2023-01-01T05:14:58
-2.223846,15.344900,2023-01-01T05:14:59
-2.223846,15.344900,2023-01-01T05:15:00
-2.223846,15.344900,2023-01-01T05:15:01
-2.223846,15.344900,2023-01-01T05:15:02
-2.223846,15.344900,2023-01-01T05:15:03
-2.223846,15.233705,2023-01-01T05:15:04
-2.223846,15.233705,2023-01-01T05:15:05
-2.223846,15.233705,2023-01-01T05:15:06
-2.223846,15.233705,2023-01-01T05:15:07
-2.223846,15.233705,2023-01-01T05:15:08
-2.223846,15.233705,2023-01-01T05:15:09
-2.223846,15.233705,2023-01-01T05:15:10
-2.223846,15.233705,2023-01-01T05:15:11
-2.223846,15.233705,2023-01-01T05:15:12
-2.223846,15.233705,2023-01-01T05:15:13
-2.223846,15.233705,2023-01-01T05:15:14
-2.223846,15.233705,2023-01-01T05:15:15
-2.223846,15.233705,2023-01-01T05:15:16
-2.223846,15.233705,2023-01-01T05:15:17
-2.223846,15.122510,2023-01-01T05:15:18
-2.223846,15.122510,2023-01-01T05:15:19
-2.223846,15.122510,2023-01-01T05:15:20
-2.112653,15.122510,2023-01-01T05:15:21
-2.112653,15.122510,2023-01-01T05:15:22
-2.112653,15.122510,2023-01-01T05:15:23
-2.223846,15.122510,2023-01-01T05:15:24
-2.223846,15.122510,2023-01-01T05:15:25
-2.223846,15.122510,2023-01-01T05:15:26
-2.223846,15.122510,2023-01-01T05:15:27
-2.223846,15.122510,2023-01-01T05:15:28
-2.223846,15.122510,2023-01-01T05:15:29
-2.223846,15.122510,2023-01-01T05:15:30
-2.223846,15.122510,2023-01-01T05:15:31
-2.223846,15.122510,2023-01-01T05:15:32
-2.223846,15.122510,2023-01-01T05:15:33
-2.223846,15.122510,2023-01-01T05:15:34
-2.223846,15.122510,2023-01-01T05:15:35
-2.223846,15.122510,2023-01-01T05:15:36
-2.223846,15.122510,2023-01-01T05:15:37
-2.112653,15.122510,2023-01-01T05:15:38
-2.112653,15.011315,2023-01-01T05:15:39
-2.112653,15.011315,2023-01-01T05:15:40
-2.112653,15.011315,2023-01-01T05:15:41
-2.112653,15.011315,2023-01-01T05:15:42
-2.112653,15.011315,2023-01-01T05:15:43
-2.112653,15.011315,2023-01-01T05:15:44
-2.112653,15.011315,2023-01-01T05:15:45
-2.112653,15.011315,2023-01-01T05:15:46
-2.112653,15.011315,2023-01-01T05:15:47
-2.112653,14.900120,2023-01-01T05:15:48
-2.112653,14.900120,2023-01-01T05:15:49
-2.112653,14.900120,2023-01-01T05:15:50
-2.112653,14.900120,2023-01-01T05:15:51
-2.112653,14.900120,2023-01-01T05:15:52
-2.112653,14.900120,2023-01-01T05:15:53
-2.112653,14.900120,2023-01-01T05:15:54
-2.112653,14.900120,2023-01-01T05:15:55
-2.112653,14.900120,2023-01-01T05:15:56
-2.112653,14.900120,2023-01-01T05:15:57
-2.112653,14.788925,2023-01-01T05:15:58
-2.112653,14.788925,2023-01-01T05:15:59
-2.112653,14.788925,2023-01-01T05:16:00
-2.112653,14.788925,2023-01-01T05:16:01
-2.112653,14.788925,2023-01-01T05:16:02
-2.112653,14.788925,2023-01-01T05:16:03
-2.112653,14.788925,2023-01-01T05:16:04
-2.112653,14.788925,2023-01-01T05:16:05
-2.112653,14.788925,2023-01-01T05:16:06
-2.112653,14.788925,2023-01-01T05:16:07
-2.112653,14.677730,2023-01-01T05:16:08
-2.112653,14.677730,2023-01-01T05:16:09
-2.112653,14.677730,2023-01-01T05:16:10
-2.112653,14.677730,2023-01-01T05:16:11
-2.112653,14.677730,2023-01-01T05:16:12
-2.112653,14.677730,2023-01-01T05:16:13
-2.112653,14.677730,2023-01-01T05:16:14
-2.112653,14.677730,2023-01-01T05:16:15
-2.112653,14.677730,2023-01-01T05:16:16
-2.112653,14.677730,2023-01-01T05:16:17
-2.112653,14.566535,2023-01-01T05:16:18
-2.112653,14.566535,2023-01-01T05:16:19
-2.112653,14.566535,2023-01-01T05:16:20
-2.112653,14.566535,2023-01-01T05:16:21
-2.112653,14.566535,2023-01-01T05:16:22
-2.112653,14.566535,2023-01-01T05:16:23
-2.112653,14.677730,2023-01-01T05:16:24
-2.112653,14.677730,2023-01-01T05:16:25
-2.112653,14.677730,2023-01-01T05:16:26
-2.112653,14.677730,2023-01-01T05:16:27
-2.112653,14.677730,2023-01-01T05:16:28
-2.112653,14.677730,2023-01-01T05:16:29
-2.112653,14.677730,2023-01-01T05:16:30
-2.112653,14.677730,2023-01-01T05:16:31
-2.112653,14.677730,2023-01-01T05:16:32
-2.112653,14.677730,2023-01-01T05:16:33
-2.112653,14.677730,2023-01-01T05:16:34
-2.112653,14.788925,2023-01-01T05:16:35
-2.112653,14.788925,2023-01-01T05:16:36
-2.112653,14.788925,2023-01-01T05:16:37
-2.112653,14.788925,2023-01-01T05:16:38
-2.112653,14.788925,2023-01-01T05:16:39
-2.112653,14.788925,2023-01-01T05:16:40
-2.112653,14.788925,2023-01-01T05:16:41
-2.112653,14.788925,2023-01-01T05:16:42
-2.112653,14.900120,2023-01-01T05:16:43
-2.112653,14.900120,2023-01-01T05:16:44
-2.112653,14.900120,2023-01-01T05:16:45
-2.112653,14.900120,2023-01-01T05:16:46
-2.112653,14.900120,2023-01-01T05:16:47
-2.112653,14.900120,2023-01-01T05:16:48
-2.112653,14.900120,2023-01-01T05:16:49
-2.112653,14.900120,2023-01-01T05:16:50
-2.112653,15.011315,2023-01-01T05:16:51
-2.112653,15.011315,2023-01-01T05:16:52
-2.112653,15.011315,2023-01-01T05:16:53
-2.112653,15.011315,2023-01-01T05:16:54
-2.112653,15.011315,2023-01-01T05:16:55
-2.112653,15.011315,2023-01-01T05:16:56
-2.112653,15.011315,2023-01-01T05:16:57
-2.223846,15.011315,2023-01-01T05:16:58
-2.223846,15.011315,2023-01-01T05:16:59
-2.223846,15.011315,2023-01-01T05:17:00
-2.223846,15.011315,2023-01-01T05:17:01
-2.223846,15.011315,2023-01-01T05:17:02
-2.223846,15.011315,2023-01-01T05:17:03
-2.223846,15.011315,2023-01-01T05:17:04
-2.223846,15.011315,2023-01-01T05:17:05
-2.223846,15.011315,2023-01-01T05:17:06
-2.223846,15.011315,2023-01-01T05:17:07
-2.223846,15.011315,2023-01-01T05:17:08
-2.223846,15.122510,2023-01-01T05:17:09
-2.223846,15.122510,2023-01-01T05:17:10
-2.223846,15.122510,2023-01-01T05:17:11
-2.223846,15.122510,2023-01-01T05:17:12
-2.223846,15.122510,2023-01-01T05:17:13
-2.223846,15.122510,2023-01-01T05:17:14
-2.223846,15.122510,2023-01-01T05:17:15
-2.223846,15.122510,2023-01-01T05:17:16
-2.223846,15.233705,2023-01-01T05:17:17
-2.223846,15.233705,2023-01-01T05:17:18
-2.223846,15.233705,2023-01-01T05:17:19
-2.223846,15.233705,2023-01-01T05:17:20
-2.223846,15.233705,2023-01-01T05:17:21
-2.223846,15.233705,2023-01-01T05:17:22
-2.223846,15.233705,2023-01-01T05:17:23
-2.223846,15.233705,2023-01-01T05:17:24
-2.223846,15.233705,2023-01-01T05:17:25
-2.223846,15.233705,2023-01-01T05:17:26
-2.223846,15.233705,2023-01-01T05:17:27
-2.223846,15.233705,2023-01-01T05:17:28
-2.223846,15.233705,2023-01-01T05:17:29
-2.223846,15.233705,2023-01-01T05:17:30
-2.223846,15.233705,2023-01-01T05:17:31
-2.223846,15.233705,2023-01-01T05:17:32
-2.223846,15.233705,2023-01-01T05:17:33
-2.335038,15.233705,2023-01-01T05:17:34
-2.335038,15.233705,2023-01-01T05:17:35
-2.335038,15.233705,2023-01-01T05:17:36
-2.335038,15.233705,2023-01-01T05:17:37
-2.335038,15.233705,2023-01-01T05:17:38
-2.335038,15.233705,2023-01-01T05:17:39
-2.335038,15.233705,2023-01-01T05:17:40
-2.335038,15.233705,2023-01-01T05:17:41
-2.335038,15.233705,2023-01-01T05:17:42
-2.335038,15.233705,2023-01-01T05:17:43
-2.335038,15.233705,2023-01-01T05:17:44
-2.335038,15.233705,2023-01-01T05:17:45
-2.335038,15.233705,2023-01-01T05:17:46
-2.223846,15.233705,2023-01-01T05:17:47
-2.223846,15.233705,2023-01-01T05:17:48
-2.223846,15.233705,2023-01-01T05:17:49
-2.223846,15.233705,2023-01-01T05:17:50
-2.223846,15.233705,2023-01-01T05:17:51
-2.223846,15.233705,2023-01-01T05:17:52
-2.335038,15.122510,2023-01-01T05:17:53
-2.335038,15.122510,2023-01-01T05:17:54
-2.335038,15.122510,2023-01-01T05:17:55
-2.335038,15.122510,2023-01-01T05:17:56
-2.335038,15.011315,2023-01-01T05:17:57
-2.335038,15.011315,2023-01-01T05:17:58
-2.335038,15.011315,2023-01-01T05:17:59
-2.335038,14.900120,2023-01-01T05:18:00
-2.335038,14.900120,2023-01-01T05:18:01
-2.335038,14.900120,2023-01-01T05:18:02
-2.446230,14.788925,2023-01-01T05:18:03
-2.446230,14.788925,2023-01-01T05:18:04
-2.446230,14.788925,2023-01-01T05:18:05
-2.446230,14.788925,2023-01-01T05:18:06
-2.446230,14.677730,2023-01-01T05:18:07
-2.446230,14.677730,2023-01-01T05:18:08
-2.446230,14.677730,2023-01-01T05:18:09
-2.446230,14.566535,2023-01-01T05:18:10
-2.446230,14.566535,2023-01-01T05:18:11
-2.446230,14.566535,2023-01-01T05:18:12
-2.446230,14.455340,2023-01-01T05:18:13
-2.446230,14.455340,2023-01-01T05:18:14
-2.446230,14.455340,2023-01-01T05:18:15
-2.446230,14.344146,2023-01-01T05:18:16
-2.446230,14.344146,2023-01-01T05:18:17
-2.446230,14.344146,2023-01-01T05:18:18
-2.557423,14.232951,2023-01-01T05:18:19
-2.557423,14.232951,2023-01-01T05:18:20
-2.557423,14.232951,2023-01-01T05:18:21
-2.557423,14.121756,2023-01-01T05:18:22
-2.557423,14.121756,2023-01-01T05:18:23
-2.557423,14.121756,2023-01-01T05:18:24
-2.557423,14.121756,2023-01-01T05:18:25
-2.557423,14.121756,2023-01-01T05:18:26
-2.557423,14.121756,2023-01-01T05:18:27
-2.557423,14.121756,2023-01-01T05:18:28
-2.557423,14.010561,2023-01-01T05:18:29
-2.557423,14.010561,2023-01-01T05:18:30
-2.668615,14.010561,2023-01-01T05:18:31
-2.668615,14.010561,2023-01-01T05:18:32
-2.668615,14.010561,2023-01-01T05:18:33
-2.668615,14.010561,2023-01-01T05:18:34
-2.668615,13.899366,2023-01-01T05:18:35
-2.668615,13.899366,2023-01-01T05:18:36
-2.668615,13.899366,2023-01-01T05:18:37
-2.668615,13.899366,2023-01-01T05:18:38
-2.668615,13.899366,2023-01-01T05:18:39
-2.668615,13.788171,2023-01-01T05:18:40
-2.668615,13.788171,2023-01-01T05:18:41
-2.668615,13.788171,2023-01-01T05:18:42
-2.668615,13.788171,2023-01-01T05:18:43
-2.668615,13.676976,2023-01-01T05:18:44
-2.668615,13.676976,2023-01-01T05:18:45
-2.668615,13.676976,2023-01-01T05:18:46
-2.668615,13.676976,2023-01-01T05:18:47
-2.668615,13.565781,2023-01-01T05:18:48
-2.668615,13.565781,2023-01-01T05:18:49
-2.668615,13.565781,2023-01-01T05:18:50
-2.668615,13.565781,2023-01-01T05:18:51
-2.668615,13.565781,2023-01-01T05:18:52
-2.668615,13.565781,2023-01-01T05:18:53
-2.668615,13.565781,2023-01-01T05:18:54
-2.668615,13.565781,2023-01-01T05:18:55
-2.779807,13.565781,2023-01-01T05:18:56
-2.779807,13.565781,2023-01-01T05:18:57
-2.779807,13.565781,2023-01-01T05:18:58
-2.779807,13.565781,2023-01-01T05:18:59
-2.779807,13.454586,2023-01-01T05:19:00
-2.779807,13.454586,2023-01-01T05:19:01
-2.779807,13.454586,2023-01-01T05:19:02
-2.779807,13.454586,2023-01-01T05:19:03
-2.779807,13.454586,2023-01-01T05:19:04
-2.779807,13.454586,2023-01-01T05:19:05
-2.779807,13.454586,2023-01-01T05:19:06
-2.779807,13.454586,2023-01-01T05:19:07
-2.779807,13.454586,2023-01-01T05:19:08
-2.779807,13.454586,2023-01-01T05:19:09
-2.779807,13.454586,2023-01-01T05:19:10
-2.779807,13.454586,2023-01-01T05:19:11
-2.779807,13.454586,2023-01-01T05:19:12
-2.779807,13.454586,2023-01-01T05:19:13
-2.779807,13.454586,2023-01-01T05:19:14
-2.779807,13.454586,2023-01-01T05:19:15
-2.779807,13.454586,2023-01-01T05:19:16
-2.779807,13.454586,2023-01-01T05:19:17
-2.779807,13.454586,2023-01-01T05:19:18
-2.779807,13.454586,2023-01-01T05:19:19
-2.779807,13.454586,2023-01-01T05:19:20
-2.779807,13.454586,2023-01-01T05:19:21
-2.779807,13.454586,2023-01-01T05:19:22
-2.668615,13.454586,2023-01-01T05:19:23
-2.668615,13.454586,2023-01-01T05:19:24
-2.668615,13.565781,2023-01-01T05:19:25
-2.668615,13.565781,2023-01-01T05:19:26
-2.668615,13.565781,2023-01-01T05:19:27
-2.668615,13.676976,2023-01-01T05:19:28
-2.668615,13.676976,2023-01-01T05:19:29
-2.668615,13.676976,2023-01-01T05:19:30
-2.668615,13.788171,2023-01-01T05:19:31
-2.668615,13.788171,2023-01-01T05:19:32
-2.557423,13.788171,2023-01-01T05:19:33
-2.557423,13.788171,2023-01-01T05:19:34
-2.557423,13.899366,2023-01-01T05:19:35
-2.557423,13.899366,2023-01-01T05:19:36
-2.557423,13.899366,2023-01-01T05:19:37
-2.557423,14.010561,2023-01-01T05:19:38
-2.557423,14.010561,2023-01-01T05:19:39
-2.446230,14.010561,2023-01-01T05:19:40
-2.446230,14.121756,2023-01-01T05:19:41
-2.446230,14.121756,2023-01-01T05:19:42
-2.446230,14.121756,2023-01-01T05:19:43
-2.446230,14.232951,2023-01-01T05:19:44
-2.335038,14.232951,2023-01-01T05:19:45
-2.335038,14.232951,2023-01-01T05:19:46
-2.335038,14.344146,2023-01-01T05:19:47
-2.335038,14.344146,2023-01-01T05:19:48
-2.223846,14.344146,2023-01-01T05:19:49
-2.223846,14.455340,2023-01-01T05:19:50
-2.223846,14.455340,2023-01-01T05:19:51
-2.223846,14.455340,2023-01-01T05:19:52
-2.223846,14.455340,2023-01-01T05:19:53
-2.223846,14.455340,2023-01-01T05:19:54
-2.223846,14.455340,2023-01-01T05:19:55
-2.223846,14.566535,2023-01-01T05:19:56
-2.223846,14.566535,2023-01-01T05:19:57
-2.223846,14.566535,2023-01-01T05:19:58
-2.223846,14.566535,2023-01-01T05:19:59
-2.223846,14.566535,2023-01-01T05:20:00
-2.223846,14.566535,2023-01-01T05:20:01
-2.112653,14.566535,2023-01-01T05:20:02
-2.112653,14.677730,2023-01-01T05:20:03
-2.112653,14.677730,2023-01-01T05:20:04
-2.112653,14.677730,2023-01-01T05:20:05
-2.112653,14.677730,2023-01-01T05:20:06
-2.112653,14.677730,2023-01-01T05:20:07
-2.112653,14.677730,2023-01-01T05:20:08
-2.112653,14.788925,2023-01-01T05:20:09
-2.112653,14.788925,2023-01-01T05:20:10
-2.112653,14.788925,2023-01-01T05:20:11
-2.001461,14.788925,2023-01-01T05:20:12
-2.001461,14.788925,2023-01-01T05:20:13
-2.001461,14.788925,2023-01-01T05:20:14
-2.001461,14.788925,2023-01-01T05:20:15
-2.001461,14.788925,2023-01-01T05:20:16
-2.001461,14.788925,2023-01-01T05:20:17
-2.001461,14.788925,2023-01-01T05:20:18
-2.001461,14.900120,2023-01-01T05:20:19
-2.001461,14.900120,2023-01-01T05:20:20
-1.890269,14.900120,2023-01-01T05:20:21
-2.001461,14.788925,2023-01-01T05:20:22
-2.001461,14.788925,2023-01-01T05:20:23
-2.001461,14.788925,2023-01-01T05:20:24
-2.001461,14.788925,2023-01-01T05:20:25
-2.001461,14.788925,2023-01-01T05:20:26
-2.001461,14.788925,2023-01-01T05:20:27
-2.001461,14.677730,2023-01-01T05:20:28
-2.001461,14.677730,2023-01-01T05:20:29
-2.001461,14.677730,2023-01-01T05:20:30
-2.001461,14.677730,2023-01-01T05:20:31
-2.112653,14.677730,2023-01-01T05:20:32
-2.112653,14.566535,2023-01-01T05:20:33
-2.112653,14.566535,2023-01-01T05:20:34
-2.112653,14.566535,2023-01-01T05:20:35
-2.112653,14.566535,2023-01-01T05:20:36
-2.112653,14.566535,2023-01-01T05:20:37
-2.112653,14.455340,2023-01-01T05:20:38
-2.112653,14.455340,2023-01-01T05:20:39
-2.112653,14.455340,2023-01-01T05:20:40
-2.112653,14.455340,2023-01-01T05:20:41
-2.112653,14.344146,2023-01-01T05:20:42
-2.112653,14.344146,2023-01-01T05:20:43
-2.112653,14.344146,2023-01-01T05:20:44
-2.112653,14.344146,2023-01-01T05:20:45
-2.223846,14.232951,2023-01-01T05:20:46
-2.223846,14.232951,2023-01-01T05:20:47
-2.223846,14.232951,2023-01-01T05:20:48
-2.223846,14.232951,2023-01-01T05:20:49
-2.223846,14.232951,2023-01-01T05:20:50
-2.223846,14.232951,2023-01-01T05:20:51
-2.223846,14.232951,2023-01-01T05:20:52
-2.223846,14.232951,2023-01-01T05:20:53
-2.223846,14.232951,2023-01-01T05:20:54
-2.223846,14.232951,2023-01-01T05:20:55
-2.223846,14.232951,2023-01-01T05:20:56
-2.223846,14.232951,2023-01-01T05:20:57
-2.223846,14.232951,2023-01-01T05:20:58
-2.223846,14.232951,2023-01-01T05:20:59
-2.223846,14.344146,2023-01-01T05:21:00
-2.223846,14.344146,2023-01-01T05:21:01
-2.223846,14.344146,2023-01-01T05:21:02
-2.112653,14.344146,2023-01-01T05:21:03
-2.112653,14.344146,2023-01-01T05:21:04
-2.112653,14.344146,2023-01-01T05:21:05
-2.112653,14.344146,2023-01-01T05:21:06
-2.112653,14.344146,2023-01-01T05:21:07
-2.112653,14.455340,2023-01-01T05:21:08
-2.112653,14.455340,2023-01-01T05:21:09
-2.112653,14.455340,2023-01-01T05:21:10
-2.112653,14.455340,2023-01-01T05:21:11
-2.001461,14.455340,2023-01-01T05:21:12
-2.001461,14.455340,2023-01-01T05:21:13
-2.001461,14.455340,2023-01-01T05:21:14
-2.001461,14.566535,2023-01-01T05:21:15
-2.001461,14.566535,2023-01-01T05:21:16
-2.001461,14.566535,2023-01-01T05:21:17
-2.001461,14.566535,2023-01-01T05:21:18
-1.890269,14.566535,2023-01-01T05:21:19
-1.890269,14.566535,2023-01-01T05:21:20
-1.890269,14.677730,2023-01-01T05:21:21
-1.890269,14.677730,2023-01-01T05:21:22
-1.890269,14.677730,2023-01-01T05:21:23
-1.890269,14.677730,2023-01-01T05:21:24
-1.890269,14.677730,2023-01-01T05:21:25
-1.890269,14.677730,2023-01-01T05:21:26
-1.890269,14.788925,2023-01-01T05:21:27
-1.890269,14.788925,2023-01-01T05:21:28
-1.779077,14.788925,2023-01-01T05:21:29
-1.779077,14.788925,2023-01-01T05:21:30
-1.779077,14.788925,2023-01-01T05:21:31
-1.779077,14.900120,2023-01-01T05:21:32
-1.779077,14.900120,2023-01-01T05:21:33
-1.779077,14.900120,2023-01-01T05:21:34
-1.779077,14.900120,2023-01-01T05:21:35
-1.667884,14.900120,2023-01-01T05:21:36
-1.667884,14.900120,2023-01-01T05:21:37
-1.667884,15.011315,2023-01-01T05:21:38
-1.667884,15.011315,2023-01-01T05:21:39
-1.667884,15.011315,2023-01-01T05:21:40
-1.667884,15.011315,2023-01-01T05:21:41
-1.667884,15.011315,2023-01-01T05:21:42
-1.556692,15.011315,2023-01-01T05:21:43
-1.556692,15.122510,2023-01-01T05:21:44
-1.556692,15.122510,2023-01-01T05:21:45
-1.556692,15.122510,2023-01-01T05:21:46
-1.556692,15.122510,2023-01-01T05:21:47
-1.556692,15.122510,2023-01-01T05:21:48
-1.445500,15.122510,2023-01-01T05:21:49
-1.445500,15.233705,2023-01-01T05:21:50
-1.445500,15.233705,2023-01-01T05:21:51
-1.445500,15.233705,2023-01-01T05:21:52
-1.445500,15.233705,2023-01-01T05:21:53
-1.556692,15.233705,2023-01-01T05:21:54
-1.556692,15.233705,2023-01-01T05:21:55
-1.556692,15.233705,2023-01-01T05:21:56
-1.556692,15.233705,2023-01-01T05:21:57
-1.556692,15.233705,2023-01-01T05:21:58
-1.556692,15.233705,2023-01-01T05:21:59
-1.556692,15.233705,2023-01-01T05:22:00
-1.556692,15.233705,2023-01-01T05:22:01
-1.556692,15.233705,2023-01-01T05:22:02
-1.556692,15.233705,2023-01-01T05:22:03
-1.556692,15.233705,2023-01-01T05:22:04
-1.556692,15.233705,2023-01-01T05:22:05
-1.556692,15.233705,2023-01-01T05:22:06
-1.556692,15.233705,2023-01-01T05:22:07
-1.556692,15.233705,2023-01-01T05:22:08
-1.556692,15.233705,2023-01-01T05:22:09
-1.556692,15.233705,2023-01-01T05:22:10
-1.667884,15.233705,2023-01-01T05:22:11
-1.667884,15.233705,2023-01-01T05:22:12
-1.667884,15.233705,2023-01-01T05:22:13
-1.667884,15.233705,2023-01-01T05:22:14
-1.667884,15.233705,2023-01-01T05:22:15
-1.667884,15.233705,2023-01-01T05:22:16
-1.667884,15.233705,2023-01-01T05:22:17
-1.667884,15.233705,2023-01-01T05:22:18
-1.667884,15.233705,2023-01-01T05:22:19
-1.667884,15.233705,2023-01-01T05:22:20
-1.667884,15.233705,2023-01-01T05:22:21
-1.779077,15.233705,2023-01-01T05:22:22
-1.779077,15.233705,2023-01-01T05:22:23
-1.779077,15.233705,2023-01-01T05:22:24
-1.779077,15.233705,2023-01-01T05:22:25
-1.779077,15.233705,2023-01-01T05:22:26
-1.779077,15.233705,2023-01-01T05:22:27
-1.779077,15.233705,2023-01-01T05:22:28
-1.779077,15.233705,2023-01-01T05:22:29
-1.890269,15.233705,2023-01-01T05:22:30
-1.890269,15.233705,2023-01-01T05:22:31
-1.890269,15.233705,2023-01-01T05:22:32
-1.890269,15.233705,2023-01-01T05:22:33
-1.890269,15.233705,2023-01-01T05:22:34
-1.890269,15.233705,2023-01-01T05:22:35
-1.890269,15.233705,2023-01-01T05:22:36
-1.890269,15.233705,2023-01-01T05:22:37
-1.890269,15.233705,2023-01-01T05:22:38
-2.001461,15.233705,2023-01-01T05:22:39
-2.001461,15.233705,2023-01-01T05:22:40
-2.001461,15.233705,2023-01-01T05:22:41
-2.001461,15.233705,2023-01-01T05:22:42
-2.001461,15.233705,2023-01-01T05:22:43
-2.001461,15.233705,2023-01-01T05:22:44
-2.001461,15.233705,2023-01-01T05:22:45
-2.001461,15.233705,2023-01-01T05:22:46
-2.001461,15.233705,2023-01-01T05:22:47
-2.001461,15.122510,2023-01-01T05:22:48
-2.001461,15.122510,2023-01-01T05:22:49
-2.112653,15.122510,2023-01-01T05:22:50
-2.112653,15.122510,2023-01-01T05:22:51
-2.112653,15.122510,2023-01-01T05:22:52
-2.112653,15.122510,2023-01-01T05:22:53
-2.112653,15.122510,2023-01-01T05:22:54
-2.112653,15.122510,2023-01-01T05:22:55
-2.112653,15.122510,2023-01-01T05:22:56
-2.112653,15.122510,2023-01-01T05:22:57
-2.112653,15.122510,2023-01-01T05:22:58
-2.223846,15.122510,2023-01-01T05:22:59
-2.223846,15.122510,2023-01-01T05:23:00
-2.223846,15.122510,2023-01-01T05:23:01
-2.223846,15.122510,2023-01-01T05:23:02
-2.223846,15.122510,2023-01-01T05:23:03
-2.223846,15.122510,2023-01-01T05:23:04
-2.223846,15.122510,2023-01-01T05:23:05
-2.223846,15.122510,2023-01-01T05:23:06
-2.223846,15.011315,2023-01-01T05:23:07
-2.223846,15.011315,2023-01-01T05:23:08
-2.223846,15.011315,2023-01-01T05:23:09
-2.223846,15.011315,2023-01-01T05:23:10
-2.335038,15.011315,2023-01-01T05:23:11
-2.335038,15.011315,2023-01-01T05:23:12
-2.335038,15.011315,2023-01-01T05:23:13
-2.335038,15.011315,2023-01-01T05:23:14
-2.335038,15.011315,2023-01-01T05:23:15
-2.335038,15.011315,2023-01-01T05:23:16
-2.335038,15.011315,2023-01-01T05:23:17
-2.335038,15.011315,2023-01-01T05:23:18
-2.335038,15.011315,2023-01-01T05:23:19
-2.335038,15.011315,2023-01-01T05:23:20
-2.335038,15.011315,2023-01-01T05:23:21
-2.335038,15.011315,2023-01-01T05:23:22
-2.335038,15.011315,2023-01-01T05:23:23
-2.335038,15.011315,2023-01-01T05:23:24
-2.335038,15.011315,2023-01-01T05:23:25
-2.335038,15.011315,2023-01-01T05:23:26
-2.335038,15.011315,2023-01-01T05:23:27
-2.335038,15.011315,2023-01-01T05:23:28
-2.335038,15.011315,2023-01-01T05:23:29
-2.335038,15.011315,2023-01-01T05:23:30
-2.335038,15.011315,2023-01-01T05:23:31
-2.335038,15.011315,2023-01-01T05:23:32
-2.335038,15.011315,2023-01-01T05:23:33
-2.335038,15.011315,2023-01-01T05:23:34
-2.335038,15.011315,2023-01-01T05:23:35
-2.335038,15.011315,2023-01-01T05:23:36
-2.335038,15.011315,2023-01-01T05:23:37
-2.335038,15.011315,2023-01-01T05:23:38
-2.335038,15.011315,2023-01-01T05:23:39
-2.335038,15.011315,2023-01-01T05:23:40
-2.335038,15.011315,2023-01-01T05:23:41
-2.223846,15.011315,2023-01-01T05:23:42
-2.223846,15.011315,2023-01-01T05:23:43
-2.223846,15.011315,2023-01-01T05:23:44
-2.223846,15.011315,2023-01-01T05:23:45
-2.223846,15.011315,2023-01-01T05:23:46
-2.223846,15.122510,2023-01-01T05:23:47
-2.223846,15.122510,2023-01-01T05:23:48
-2.112653,15.122510,2023-01-01T05:23:49
-2.112653,15.122510,2023-01-01T05:23:50
-2.112653,15.122510,2023-01-01T05:23:51
-2.112653,15.122510,2023-01-01T05:23:52
-2.112653,15.122510,2023-01-01T05:23:53
-2.112653,15.233705,2023-01-01T05:23:54
-2.001461,15.233705,2023-01-01T05:23:55
-2.001461,15.233705,2023-01-01T05:23:56
-2.001461,15.233705,2023-01-01T05:23:57
-2.001461,15.233705,2023-01-01T05:23:58
-2.001461,15.233705,2023-01-01T05:23:59
-2.001461,15.344900,2023-01-01T05:24:00
-1.890269,15.344900,2023-01-01T05:24:01
-1.890269,15.344900,2023-01-01T05:24:02
-1.890269,15.344900,2023-01-01T05:24:03
-1.890269,15.344900,2023-01-01T05:24:04
-1.890269,15.344900,2023-01-01T05:24:05
-1.890269,15.344900,2023-01-01T05:24:06
-1.779077,15.456095,2023-01-01T05:24:07
-1.779077,15.456095,2023-01-01T05:24:08
-1.779077,15.456095,2023-01-01T05:24:09
-1.779077,15.456095,2023-01-01T05:24:10
-1.779077,15.456095,2023-01-01T05:24:11
-1.667884,15.456095,2023-01-01T05:24:12
-1.667884,15.567290,2023-01-01T05:24:13
-1.667884,15.567290,2023-01-01T05:24:14
-1.667884,15.567290,2023-01-01T05:24:15
-1.556692,15.567290,2023-01-01T05:24:16
-1.556692,15.678485,2023-01-01T05:24:17
-1.556692,15.678485,2023-01-01T05:24:18
-1.445500,15.678485,2023-01-01T05:24:19
-1.445500,15.678485,2023-01-01T05:24:20
-1.445500,15.789680,2023-01-01T05:24:21
-1.445500,15.789680,2023-01-01T05:24:22
-1.445500,15.789680,2023-01-01T05:24:23
-1.445500,15.789680,2023-01-01T05:24:24
-1.445500,15.789680,2023-01-01T05:24:25
-1.445500,15.789680,2023-01-01T05:24:26
-1.445500,15.789680,2023-01-01T05:24:27
-1.445500,15.789680,2023-01-01T05:24:28
-1.445500,15.789680,2023-01-01T05:24:29
-1.445500,15.789680,2023-01-01T05:24:30
-1.445500,15.789680,2023-01-01T05:24:31
-1.445500,15.789680,2023-01-01T05:24:32
-1.334307,15.789680,2023-01-01T05:24:33
-1.334307,15.789680,2023-01-01T05:24:34
-1.334307,15.789680,2023-01-01T05:24:35
-1.334307,15.789680,2023-01-01T05:24:36
-1.334307,15.789680,2023-01-01T05:24:37
-1.334307,15.789680,2023-01-01T05:24:38
-1.334307,15.900875,2023-01-01T05:24:39
-1.334307,15.900875,2023-01-01T05:24:40
-1.334307,15.900875,2023-01-01T05:24:41
-1.334307,15.900875,2023-01-01T05:24:42
-1.334307,15.900875,2023-01-01T05:24:43
-1.334307,15.900875,2023-01-01T05:24:44
-1.334307,15.900875,2023-01-01T05:24:45
-1.334307,15.900875,2023-01-01T05:24:46
-1.334307,15.900875,2023-01-01T05:24:47
-1.334307,15.900875,2023-01-01T05:24:48
-1.334307,15.900875,2023-01-01T05:24:49
-1.334307,15.900875,2023-01-01T05:24:50
-1.445500,15.900875,2023-01-01T05:24:51
-1.445500,15.900875,2023-01-01T05:24:52
-1.445500,15.900875,2023-01-01T05:24:53
-1.445500,15.900875,2023-01-01T05:24:54
-1.556692,15.900875,2023-01-01T05:24:55
-1.556692,15.789680,2023-01-01T05:24:56
-1.556692,15.789680,2023-01-01T05:24:57
-1.556692,15.789680,2023-01-01T05:24:58
-1.667884,15.789680,2023-01-01T05:24:59
-1.667884,15.789680,2023-01-01T05:25:00
-1.667884,15.789680,2023-01-01T05:25:01
-1.667884,15.678485,2023-01-01T05:25:02
-1.667884,15.678485,2023-01-01T05:25:03
-1.779077,15.678485,2023-01-01T05:25:04
-1.779077,15.678485,2023-01-01T05:25:05
-1.779077,15.678485,2023-01-01T05:25:06
-1.779077,15.678485,2023-01-01T05:25:07
-1.779077,15.678485,2023-01-01T05:25:08
-1.779077,15.678485,2023-01-01T05:25:09
-1.890269,15.678485,2023-01-01T05:25:10
-1.890269,15.678485,2023-01-01T05:25:11
-1.890269,15.567290,2023-01-01T05:25:12
-1.890269,15.567290,2023-01-01T05:25:13
-1.890269,15.567290,2023-01-01T05:25:14
-1.890269,15.567290,2023-01-01T05:25:15
-1.890269,15.567290,2023-01-01T05:25:16
-1.890269,15.567290,2023-01-01T05:25:17
-1.890269,15.567290,2023-01-01T05:25:18
-1.890269,15.567290,2023-01-01T05:25:19
-1.890269,15.567290,2023-01-01T05:25:20
-1.890269,15.567290,2023-01-01T05:25:21
-1.890269,15.567290,2023-01-01T05:25:22
-1.890269,15.567290,2023-01-01T05:25:23
-1.890269,15.567290,2023-01-01T05:25:24
-1.890269,15.567290,2023-01-01T05:25:25
-1.890269,15.567290,2023-01-01T05:25:26
-1.890269,15.567290,2023-01-01T05:25:27
-1.890269,15.567290,2023-01-01T05:25:28
-1.890269,15.567290,2023-01-01T05:25:29
-1.890269,15.567290,2023-01-01T05:25:30
-1.890269,15.567290,2023-01-01T05:25:31
-1.890269,15.567290,2023-01-01T05:25:32
-1.890269,15.567290,2023-01-01T05:25:33
-1.890269,15.567290,2023-01-01T05:25:34
-1.890269,15.567290,2023-01-01T05:25:35
-1.890269,15.567290,2023-01-01T05:25:36
-1.890269,15.567290,2023-01-01T05:25:37
-1.890269,15.567290,2023-01-01T05:25:38
-1.890269,15.567290,2023-01-01T05:25:39
-1.890269,15.567290,2023-01-01T05:25:40
-1.890269,15.567290,2023-01-01T05:25:41
-1.890269,15.567290,2023-01-01T05:25:42
-1.890269,15.567290,2023-01-01T05:25:43
-1.890269,15.567290,2023-01-01T05:25:44
-1.890269,15.567290,2023-01-01T05:25:45
-1.890269,15.567290,2023-01-01T05:25:46
-1.890269,15.567290,2023-01-01T05:25:47
-1.890269,15.567290,2023-01-01T05:25:48
-1.890269,15.567290,2023-01-01T05:25:49
-1.890269,15.567290,2023-01-01T05:25:50
-1.890269,15.567290,2023-01-01T05:25:51
-2.001461,15.567290,2023-01-01T05:25:52
-2.001461,15.567290,2023-01-01T05:25:53
-2.001461,15.567290,2023-01-01T05:25:54
-2.001461,15.456095,2023-01-01T05:25:55
-2.001461,15.456095,2023-01-01T05:25:56
-2.112653,15.456095,2023-01-01T05:25:57
-2.112653,15.456095,2023-01-01T05:25:58
-2.112653,15.456095,2023-01-01T05:25:59
-2.112653,15.456095,2023-01-01T05:26:00
-2.112653,15.344900,2023-01-01T05:26:01
-2.112653,15.344900,2023-01-01T05:26:02
-2.223846,15.344900,2023-01-01T05:26:03
-2.223846,15.344900,2023-01-01T05:26:04
-2.223846,15.344900,2023-01-01T05:26:05
-2.223846,15.233705,2023-01-01T05:26:06
-2.223846,15.233705,2023-01-01T05:26:07
-2.223846,15.233705,2023-01-01T05:26:08
-2.335038,15.233705,2023-01-01T05:26:09
-2.335038,15.233705,2023-01-01T05:26:10
-2.335038,15.233705,2023-01-01T05:26:11
-2.335038,15.122510,2023-01-01T05:26:12
-2.335038,15.122510,2023-01-01T05:26:13
-2.335038,15.122510,2023-01-01T05:26:14
-2.335038,15.122510,2023-01-01T05:26:15
-2.446230,15.122510,2023-01-01T05:26:16
-2.446230,15.122510,2023-01-01T05:26:17
-2.446230,15.122510,2023-01-01T05:26:18
-2.446230,15.011315,2023-01-01T05:26:19
-2.446230,15.011315,2023-01-01T05:26:20
-2.446230,15.011315,2023-01-01T05:26:21
-2.446230,15.011315,2023-01-01T05:26:22
-2.446230,15.011315,2023-01-01T05:26:23
-2.557423,15.011315,2023-01-01T05:26:24
-2.557423,15.011315,2023-01-01T05:26:25
-2.557423,15.011315,2023-01-01T05:26:26
-2.557423,14.900120,2023-01-01T05:26:27
-2.557423,14.900120,2023-01-01T05:26:28
-2.557423,14.900120,2023-01-01T05:26:29
-2.557423,14.900120,2023-01-01T05:26:30
-2.557423,14.900120,2023-01-01T05:26:31
-2.668615,14.900120,2023-01-01T05:26:32
-2.668615,14.900120,2023-01-01T05:26:33
-2.668615,14.900120,2023-01-01T05:26:34
-2.668615,14.900120,2023-01-01T05:26:35
-2.668615,14.900120,2023-01-01T05:26:36
-2.668615,14.900120,2023-01-01T05:26:37
-2.668615,14.788925,2023-01-01T05:26:38
-2.668615,14.788925,2023-01-01T05:26:39
-2.668615,14.788925,2023-01-01T05:26:40
-2.668615,14.788925,2023-01-01T05:26:41
-2.779807,14.788925,2023-01-01T05:26:42
-2.779807,14.788925,2023-01-01T05:26:43
-2.779807,14.788925,2023-01-01T05:26:44
-2.779807,14.788925,2023-01-01T05:26:45
-2.779807,14.788925,2023-01-01T05:26:46
-2.779807,14.788925,2023-01-01T05:26:47
-2.779807,14.788925,2023-01-01T05:26:48
-2.779807,14.677730,2023-01-01T05:26:49
-2.779807,14.677730,2023-01-01T05:26:50
-2.779807,14.677730,2023-01-01T05:26:51
-2.779807,14.677730,2023-01-01T05:26:52
-2.779807,14.677730,2023-01-01T05:26:53
-2.890999,14.677730,2023-01-01T05:26:54
-2.890999,14.677730,2023-01-01T05:26:55
-2.890999,14.677730,2023-01-01T05:26:56
-2.890999,14.677730,2023-01-01T05:26:57
-2.890999,14.677730,2023-01-01T05:26:58
-2.890999,14.677730,2023-01-01T05:26:59
-2.890999,14.677730,2023-01-01T05:27:00
-2.890999,14.677730,2023-01-01T05:27:01
-2.890999,14.677730,2023-01-01T05:27:02
-2.890999,14.677730,2023-01-01T05:27:03
-2.890999,14.677730,2023-01-01T05:27:04
-2.890999,14.566535,2023-01-01T05:27:05
-2.890999,14.566535,2023-01-01T05:27:06
-3.002192,14.566535,2023-01-01T05:27:07
-3.002192,14.566535,2023-01-01T05:27:08
-3.002192,14.566535,2023-01-01T05:27:09
-3.002192,14.566535,2023-01-01T05:27:10
-3.002192,14.566535,2023-01-01T05:27:11
-3.002192,14.566535,2023-01-01T05:27:12
-3.002192,14.566535,2023-01-01T05:27:13
-3.002192,14.566535,2023-01-01T05:27:14
-3.002192,14.566535,2023-01-01T05:27:15
-3.002192,14.566535,2023-01-01T05:27:16
-3.002192,14.566535,2023-01-01T05:27:17
-3.002192,14.566535,2023-01-01T05:27:18
-3.002192,14.566535,2023-01-01T05:27:19
-3.002192,14.566535,2023-01-01T05:27:20
-3.002192,14.566535,2023-01-01T05:27:21
-3.002192,14.566535,2023-01-01T05:27:22
-3.002192,14.566535,2023-01-01T05:27:23
-3.002192,14.566535,2023-01-01T05:27:24
-3.113384,14.566535,2023-01-01T05:27:25
-3.113384,14.566535,2023-01-01T05:27:26
-3.113384,14.566535,2023-01-01T05:27:27
-3.113384,14.566535,2023-01-01T05:27:28
-3.113384,14.566535,2023-01-01T05:27:29
-3.113384,14.566535,2023-01-01T05:27:30
-3.113384,14.566535,2023-01-01T05:27:31
-3.113384,14.566535,2023-01-01T05:27:32
-3.113384,14.566535,2023-01-01T05:27:33
-3.113384,14.566535,2023-01-01T05:27:34
-3.113384,14.566535,2023-01-01T05:27:35
-3.113384,14.566535,2023-01-01T05:27:36
-3.113384,14.566535,2023-01-01T05:27:37
-3.113384,14.566535,2023-01-01T05:27:38
-3.113384,14.566535,2023-01-01T05:27:39
-3.113384,14.566535,2023-01-01T05:27:40
-3.224576,14.566535,2023-01-01T05:27:41
-3.224576,14.566535,2023-01-01T05:27:42
-3.224576,14.566535,2023-01-01T05:27:43
-3.224576,14.566535,2023-01-01T05:27:44
-3.224576,14.566535,2023-01-01T05:27:45
-3.224576,14.566535,2023-01-01T05:27:46
-3.224576,14.566535,2023-01-01T05:27:47
-3.224576,14.566535,2023-01-01T05:27:48
-3.224576,14.566535,2023-01-01T05:27:49
-3.224576,14.566535,2023-01-01T05:27:50
-3.224576,14.566535,2023-01-01T05:27:51
-3.224576,14.566535,2023-01-01T05:27:52
-3.224576,14.566535,2023-01-01T05:27:53
-3.224576,14.566535,2023-01-01T05:27:54
-3.224576,14.566535,2023-01-01T05:27:55
-3.224576,14.566535,2023-01-01T05:27:56
-3.224576,14.677730,2023-01-01T05:27:57
-3.224576,14.677730,2023-01-01T05:27:58
-3.224576,14.677730,2023-01-01T05:27:59
-3.224576,14.677730,2023-01-01T05:28:00
-3.224576,14.677730,2023-01-01T05:28:01
-3.224576,14.677730,2023-01-01T05:28:02
-3.224576,14.677730,2023-01-01T05:28:03
-3.224576,14.677730,2023-01-01T05:28:04
-3.224576,14.677730,2023-01-01T05:28:05
-3.224576,14.677730,2023-01-01T05:28:06
-3.224576,14.677730,2023-01-01T05:28:07
-3.224576,14.677730,2023-01-01T05:28:08
-3.224576,14.677730,2023-01-01T05:28:09
-3.224576,14.677730,2023-01-01T05:28:10
-3.224576,14.677730,2023-01-01T05:28:11
-3.224576,14.677730,2023-01-01T05:28:12
-3.224576,14.677730,2023-01-01T05:28:13
-3.224576,14.677730,2023-01-01T05:28:14
-3.224576,14.677730,2023-01-01T05:28:15
-3.224576,14.677730,2023-01-01T05:28:16
-3.224576,14.677730,2023-01-01T05:28:17
-3.335769,14.677730,2023-01-01T05:28:18
-3.335769,14.677730,2023-01-01T05:28:19
-3.335769,14.677730,2023-01-01T05:28:20
-3.335769,14.677730,2023-01-01T05:28:21
-3.335769,14.677730,2023-01-01T05:28:22
-3.335769,14.677730,2023-01-01T05:28:23
-3.335769,14.677730,2023-01-01T05:28:24
-3.335769,14.677730,2023-01-01T05:28:25
-3.335769,14.677730,2023-01-01T05:28:26
-3.335769,14.677730,2023-01-01T05:28:27
-3.335769,14.677730,2023-01-01T05:28:28
-3.335769,14.677730,2023-01-01T05:28:29
-3.446961,14.677730,2023-01-01T05:28:30
-3.446961,14.677730,2023-01-01T05:28:31
-3.446961,14.677730,2023-01-01T05:28:32
-3.446961,14.677730,2023-01-01T05:28:33
-3.446961,14.677730,2023-01-01T05:28:34
-3.446961,14.677730,2023-01-01T05:28:35
-3.558153,14.677730,2023-01-01T05:28:36
-3.558153,14.566535,2023-01-01T05:28:37
-3.558153,14.566535,2023-01-01T05:28:38
-3.558153,14.566535,2023-01-01T05:28:39
-3.558153,14.566535,2023-01-01T05:28:40
-3.669345,14.566535,2023-01-01T05:28:41
-3.669345,14.566535,2023-01-01T05:28:42
-3.669345,14.566535,2023-01-01T05:28:43
-3.669345,14.566535,2023-01-01T05:28:44
-3.669345,14.455340,2023-01-01T05:28:45
-3.780538,14.455340,2023-01-01T05:28:46
-3.780538,14.455340,2023-01-01T05:28:47
-3.780538,14.455340,2023-01-01T05:28:48
-3.780538,14.455340,2023-01-01T05:28:49
-3.780538,14.455340,2023-01-01T05:28:50
-3.891730,14.455340,2023-01-01T05:28:51
-3.891730,14.455340,2023-01-01T05:28:52
-3.891730,14.455340,2023-01-01T05:28:53
-3.891730,14.455340,2023-01-01T05:28:54
-3.891730,14.455340,2023-01-01T05:28:55
-3.891730,14.455340,2023-01-01T05:28:56
-3.891730,14.566535,2023-01-01T05:28:57
-3.891730,14.566535,2023-01-01T05:28:58
-3.891730,14.566535,2023-01-01T05:28:59
-3.891730,14.566535,2023-01-01T05:29:00
-3.891730,14.566535,2023-01-01T05:29:01
-3.891730,14.566535,2023-01-01T05:29:02
-3.891730,14.566535,2023-01-01T05:29:03
-3.891730,14.566535,2023-01-01T05:29:04
-3.891730,14.566535,2023-01-01T05:29:05
-3.891730,14.566535,2023-01-01T05:29:06
-3.891730,14.566535,2023-01-01T05:29:07
-3.891730,14.566535,2023-01-01T05:29:08
-3.891730,14.566535,2023-01-01T05:29:09
-3.891730,14.566535,2023-01-01T05:29:10
-3.891730,14.566535,2023-01-01T05:29:11
-3.891730,14.566535,2023-01-01T05:29:12
-3.891730,14.566535,2023-01-01T05:29:13
-3.891730,14.566535,2023-01-01T05:29:14
-3.891730,14.566535,2023-01-01T05:29:15
-3.891730,14.566535,2023-01-01T05:29:16
-3.891730,14.566535,2023-01-01T05:29:17
-3.891730,14.566535,2023-01-01T05:29:18
-3.891730,14.566535,2023-01-01T05:29:19
-3.891730,14.566535,2023-01-01T05:29:20
-3.891730,14.677730,2023-01-01T05:29:21
-3.891730,14.677730,2023-01-01T05:29:22
-3.891730,14.677730,2023-01-01T05:29:23
-3.891730,14.677730,2023-01-01T05:29:24
-3.891730,14.677730,2023-01-01T05:29:25
-3.891730,14.677730,2023-01-01T05:29:26
-3.891730,14.677730,2023-01-01T05:29:27
-3.891730,14.788925,2023-01-01T05:29:28
-3.891730,14.788925,2023-01-01T05:29:29
-3.891730,14.788925,2023-01-01T05:29:30
-3.891730,14.788925,2023-01-01T05:29:31
-3.891730,14.788925,2023-01-01T05:29:32
-3.891730,14.788925,2023-01-01T05:29:33
-3.891730,14.788925,2023-01-01T05:29:34
-3.891730,14.788925,2023-01-01T05:29:35
-3.891730,14.788925,2023-01-01T05:29:36
-3.891730,14.900120,2023-01-01T05:29:37
-3.891730,14.900120,2023-01-01T05:29:38
-3.891730,14.900120,2023-01-01T05:29:39
-3.891730,14.900120,2023-01-01T05:29:40
-3.891730,14.900120,2023-01-01T05:29:41
-3.891730,14.900120,2023-01-01T05:29:42
-3.891730,14.900120,2023-01-01T05:29:43
-3.891730,14.900120,2023-01-01T05:29:44
-3.891730,14.900120,2023-01-01T05:29:45
-3.891730,15.011315,2023-01-01T05:29:46
-3.891730,15.011315,2023-01-01T05:29:47
-3.891730,15.011315,2023-01-01T05:29:48
-3.891730,15.011315,2023-01-01T05:29:49
-3.780538,15.011315,2023-01-01T05:29:50
-3.780538,15.011315,2023-01-01T05:29:51
-3.780538,15.011315,2023-01-01T05:29:52
-3.780538,15.011315,2023-01-01T05:29:53
-3.780538,15.011315,2023-01-01T05:29:54
-3.780538,15.011315,2023-01-01T05:29:55
-3.780538,15.011315,2023-01-01T05:29:56
-3.780538,15.011315,2023-01-01T05:29:57
-3.780538,15.011315,2023-01-01T05:29:58
-3.780538,15.011315,2023-01-01T05:29:59
-3.780538,15.011315,2023-01-01T05:30:00
-3.780538,15.011315,2023-01-01T05:30:01
-3.780538,15.011315,2023-01-01T05:30:02
-3.780538,15.011315,2023-01-01T05:30:03
-3.780538,15.011315,2023-01-01T05:30:04
-3.780538,15.011315,2023-01-01T05:30:05
-3.780538,15.011315,2023-01-01T05:30:06
-3.780538,15.011315,2023-01-01T05:30:07
-3.780538,15.011315,2023-01-01T05:30:08
-3.780538,15.011315,2023-01-01T05:30:09
-3.780538,15.011315,2023-01-01T05:30:10
-3.780538,15.011315,2023-01-01T05:30:11
-3.780538,15.011315,2023-01-01T05:30:12
-3.780538,15.011315,2023-01-01T05:30:13
-3.780538,15.011315,2023-01-01T05:30:14
-3.780538,15.011315,2023-01-01T05:30:15
-3.780538,15.122510,2023-01-01T05:30:16
-3.780538,15.122510,2023-01-01T05:30:17
-3.780538,15.122510,2023-01-01T05:30:18
-3.780538,15.122510,2023-01-01T05:30:19
-3.780538,15.122510,2023-01-01T05:30:20
-3.780538,15.122510,2023-01-01T05:30:21
-3.669345,15.122510,2023-01-01T05:30:22
-3.669345,15.122510,2023-01-01T05:30:23
-3.669345,15.122510,2023-01-01T05:30:24
-3.669345,15.122510,2023-01-01T05:30:25
-3.669345,15.122510,2023-01-01T05:30:26
-3.669345,15.122510,2023-01-01T05:30:27
-3.669345,15.122510,2023-01-01T05:30:28
-3.669345,15.122510,2023-01-01T05:30:29
-3.669345,15.122510,2023-01-01T05:30:30
-3.669345,15.122510,2023-01-01T05:30:31
-3.669345,15.122510,2023-01-01T05:30:32
-3.669345,15.122510,2023-01-01T05:30:33
-3.669345,15.122510,2023-01-01T05:30:34
-3.669345,15.122510,2023-01-01T05:30:35
-3.669345,15.122510,2023-01-01T05:30:36
-3.669345,15.122510,2023-01-01T05:30:37
-3.669345,15.122510,2023-01-01T05:30:38
-3.669345,15.122510,2023-01-01T05:30:39
-3.669345,15.122510,2023-01-01T05:30:40
-3.669345,15.122510,2023-01-01T05:30:41
-3.669345,15.122510,2023-01-01T05:30:42
-3.669345,15.122510,2023-01-01T05:30:43
-3.669345,15.122510,2023-01-01T05:30:44
-3.669345,15.122510,2023-01-01T05:30:45
-3.669345,15.122510,2023-01-01T05:30:46
-3.669345,15.122510,2023-01-01T05:30:47
-3.669345,15.122510,2023-01-01T05:30:48
-3.669345,15.122510,2023-01-01T05:30:49
-3.669345,15.122510,2023-01-01T05:30:50
-3.669345,15.122510,2023-01-01T05:30:51
-3.669345,15.122510,2023-01-01T05:30:52
-3.669345,15.122510,2023-01-01T05:30:53
-3.669345,15.122510,2023-01-01T05:30:54
-3.669345,15.122510,2023-01-01T05:30:55
-3.669345,15.122510,2023-01-01T05:30:56
-3.669345,15.122510,2023-01-01T05:30:57
-3.669345,15.122510,2023-01-01T05:30:58
-3.669345,15.122510,2023-01-01T05:30:59
-3.669345,15.122510,2023-01-01T05:31:00
-3.669345,15.122510,2023-01-01T05:31:01
-3.669345,15.122510,2023-01-01T05:31:02
-3.669345,15.122510,2023-01-01T05:31:03
-3.669345,15.122510,2023-01-01T05:31:04
-3.669345,15.122510,2023-01-01T05:31:05
-3.669345,15.122510,2023-01-01T05:31:06
-3.669345,15.122510,2023-01-01T05:31:07
-3.669345,15.122510,2023-01-01T05:31:08
-3.669345,15.122510,2023-01-01T05:31:09
-3.669345,15.122510,2023-01-01T05:31:10
-3.669345,15.122510,2023-01-01T05:31:11
-3.669345,15.122510,2023-01-01T05:31:12
-3.669345,15.122510,2023-01-01T05:31:13
-3.669345,15.122510,2023-01-01T05:31:14
-3.669345,15.122510,2023-01-01T05:31:15
-3.669345,15.122510,2023-01-01T05:31:16
-3.669345,15.122510,2023-01-01T05:31:17
-3.669345,15.122510,2023-01-01T05:31:18
-3.669345,15.122510,2023-01-01T05:31:19
-3.669345,15.122510,2023-01-01T05:31:20
-3.669345,15.122510,2023-01-01T05:31:21
-3.669345,15.122510,2023-01-01T05:31:22
-3.669345,15.122510,2023-01-01T05:31:23
-3.669345,15.122510,2023-01-01T05:31:24
-3.669345,15.122510,2023-01-01T05:31:25
-3.669345,15.122510,2023-01-01T05:31:26
-3.669345,15.122510,2023-01-01T05:31:27
-3.669345,15.122510,2023-01-01T05:31:28
-3.669345,15.122510,2023-01-01T05:31:29
-3.669345,15.122510,2023-01-01T05:31:30
-3.669345,15.122510,2023-01-01T05:31:31
-3.669345,15.122510,2023-01-01T05:31:32
-3.669345,15.122510,2023-01-01T05:31:33
-3.669345,15.122510,2023-01-01T05:31:34
-3.669345,15.122510,2023-01-01T05:31:35
-3.669345,15.122510,2023-01-01T05:31:36
-3.669345,15.122510,2023-01-01T05:31:37
-3.669345,15.122510,2023-01-01T05:31:38
-3.669345,15.122510,2023-01-01T05:31:39
-3.669345,15.122510,2023-01-01T05:31:40
-3.669345,15.122510,2023-01-01T05:31:41
-3.669345,15.122510,2023-01-01T05:31:42
-3.669345,15.122510,2023-01-01T05:31:43
-3.669345,15.122510,2023-01-01T05:31:44
-3.669345,15.122510,2023-01-01T05:31:45
-3.669345,15.122510,2023-01-01T05:31:46
-3.669345,15.122510,2023-01-01T05:31:47
-3.669345,15.122510,2023-01-01T05:31:48
-3.669345,15.233705,2023-01-01T05:31:49
-3.669345,15.233705,2023-01-01T05:31:50
-3.669345,15.233705,2023-01-01T05:31:51
-3.669345,15.233705,2023-01-01T05:31:52
-3.669345,15.233705,2023-01-01T05:31:53
-3.669345,15.233705,2023-01-01T05:31:54
-3.669345,15.233705,2023-01-01T05:31:55
-3.669345,15.233705,2023-01-01T05:31:56
-3.669345,15.233705,2023-01-01T05:31:57
-3.669345,15.233705,2023-01-01T05:31:58
-3.669345,15.233705,2023-01-01T05:31:59
-3.669345,15.233705,2023-01-01T05:32:00
-3.669345,15.233705,2023-01-01T05:32:01
-3.669345,15.233705,2023-01-01T05:32:02
-3.669345,15.233705,2023-01-01T05:32:03
-3.669345,15.233705,2023-01-01T05:32:04
-3.669345,15.233705,2023-01-01T05:32:05
-3.669345,15.233705,2023-01-01T05:32:06
-3.669345,15.233705,2023-01-01T05:32:07
-3.669345,15.233705,2023-01-01T05:32:08
-3.669345,15.233705,2023-01-01T05:32:09
-3.669345,15.233705,2023-01-01T05:32:10
-3.669345,15.233705,2023-01-01T05:32:11
-3.669345,15.233705,2023-01-01T05:32:12
-3.669345,15.233705,2023-01-01T05:32:13
-3.669345,15.233705,2023-01-01T05:32:14
-3.669345,15.233705,2023-01-01T05:32:15
-3.669345,15.233705,2023-01-01T05:32:16
-3.669345,15.233705,2023-01-01T05:32:17
-3.669345,15.233705,2023-01-01T05:32:18
-3.669345,15.233705,2023-01-01T05:32:19
-3.669345,15.233705,2023-01-01T05:32:20
-3.669345,15.233705,2023-01-01T05:32:21
-3.669345,15.233705,2023-01-01T05:32:22
-3.669345,15.233705,2023-01-01T05:32:23
-3.669345,15.233705,2023-01-01T05:32:24
-3.669345,15.344900,2023-01-01T05:32:25
-3.669345,15.344900,2023-01-01T05:32:26
-3.669345,15.344900,2023-01-01T05:32:27
-3.669345,15.344900,2023-01-01T05:32:28
-3.558153,15.344900,2023-01-01T05:32:29
-3.558153,15.344900,2023-01-01T05:32:30
-3.558153,15.344900,2023-01-01T05:32:31
-3.558153,15.456095,2023-01-01T05:32:32
-3.558153,15.456095,2023-01-01T05:32:33
-3.558153,15.456095,2023-01-01T05:32:34
-3.558153,15.456095,2023-01-01T05:32:35
-3.446961,15.456095,2023-01-01T05:32:36
-3.446961,15.567290,2023-01-01T05:32:37
-3.446961,15.567290,2023-01-01T05:32:38
-3.446961,15.567290,2023-01-01T05:32:39
-3.446961,15.567290,2023-01-01T05:32:40
-3.446961,15.567290,2023-01-01T05:32:41
-3.335769,15.567290,2023-01-01T05:32:42
-3.335769,15.678485,2023-01-01T05:32:43
-3.335769,15.678485,2023-01-01T05:32:44
-3.335769,15.678485,2023-01-01T05:32:45
-3.335769,15.678485,2023-01-01T05:32:46
-3.335769,15.678485,2023-01-01T05:32:47
-3.335769,15.678485,2023-01-01T05:32:48
-3.335769,15.789680,2023-01-01T05:32:49
-3.224576,15.789680,2023-01-01T05:32:50
-3.224576,15.789680,2023-01-01T05:32:51
-3.335769,15.789680,2023-01-01T05:32:52
-3.335769,15.789680,2023-01-01T05:32:53
-3.335769,15.789680,2023-01-01T05:32:54
-3.335769,15.789680,2023-01-01T05:32:55
-3.335769,15.789680,2023-01-01T05:32:56
-3.335769,15.789680,2023-01-01T05:32:57
-3.335769,15.789680,2023-01-01T05:32:58
-3.335769,15.789680,2023-01-01T05:32:59
-3.335769,15.789680,2023-01-01T05:33:00
-3.335769,15.789680,2023-01-01T05:33:01
-3.335769,15.789680,2023-01-01T05:33:02
-3.335769,15.789680,2023-01-01T05:33:03
-3.335769,15.789680,2023-01-01T05:33:04
-3.335769,15.900875,2023-01-01T05:33:05
-3.335769,15.900875,2023-01-01T05:33:06
-3.335769,15.900875,2023-01-01T05:33:07
-3.335769,15.900875,2023-01-01T05:33:08
-3.335769,15.900875,2023-01-01T05:33:09
-3.335769,15.900875,2023-01-01T05:33:10
-3.335769,15.900875,2023-01-01T05:33:11
-3.335769,15.900875,2023-01-01T05:33:12
-3.335769,15.900875,2023-01-01T05:33:13
-3.446961,15.900875,2023-01-01T05:33:14
-3.446961,15.900875,2023-01-01T05:33:15
-3.446961,15.900875,2023-01-01T05:33:16
-3.446961,15.900875,2023-01-01T05:33:17
-3.446961,15.900875,2023-01-01T05:33:18
-3.446961,15.900875,2023-01-01T05:33:19
-3.446961,15.900875,2023-01-01T05:33:20
-3.446961,15.900875,2023-01-01T05:33:21
-3.446961,15.900875,2023-01-01T05:33:22
-3.446961,15.900875,2023-01-01T05:33:23
-3.446961,15.900875,2023-01-01T05:33:24
-3.446961,15.900875,2023-01-01T05:33:25
-3.446961,15.900875,2023-01-01T05:33:26
-3.558153,15.900875,2023-01-01T05:33:27
-3.558153,15.900875,2023-01-01T05:33:28
-3.558153,15.900875,2023-01-01T05:33:29
-3.558153,15.900875,2023-01-01T05:33:30
-3.558153,15.900875,2023-01-01T05:33:31
-3.558153,15.900875,2023-01-01T05:33:32
-3.558153,15.789680,2023-01-01T05:33:33
-3.558153,15.789680,2023-01-01T05:33:34
-3.558153,15.789680,2023-01-01T05:33:35
-3.669345,15.789680,2023-01-01T05:33:36
-3.669345,15.789680,2023-01-01T05:33:37
-3.669345,15.789680,2023-01-01T05:33:38
-3.669345,15.789680,2023-01-01T05:33:39
-3.669345,15.789680,2023-01-01T05:33:40
-3.669345,15.789680,2023-01-01T05:33:41
-3.669345,15.789680,2023-01-01T05:33:42
-3.669345,15.789680,2023-01-01T05:33:43
-3.669345,15.789680,2023-01-01T05:33:44
-3.669345,15.789680,2023-01-01T05:33:45
-3.669345,15.789680,2023-01-01T05:33:46
-3.780538,15.789680,2023-01-01T05:33:47
-3.780538,15.789680,2023-01-01T05:33:48
-3.780538,15.789680,2023-01-01T05:33:49
-3.780538,15.789680,2023-01-01T05:33:50
-3.780538,15.789680,2023-01-01T05:33:51
-3.780538,15.789680,2023-01-01T05:33:52
-3.780538,15.789680,2023-01-01T05:33:53
-3.780538,15.789680,2023-01-01T05:33:54
-3.780538,15.789680,2023-01-01T05:33:55
-3.780538,15.789680,2023-01-01T05:33:56
-3.891730,15.789680,2023-01-01T05:33:57
-3.891730,15.789680,2023-01-01T05:33:58
-3.891730,15.678485,2023-01-01T05:33:59
-3.891730,15.678485,2023-01-01T05:34:00
-3.891730,15.678485,2023-01-01T05:34:01
-3.891730,15.678485,2023-01-01T05:34:02
-3.891730,15.678485,2023-01-01T05:34:03
-3.891730,15.678485,2023-01-01T05:34:04
-3.891730,15.678485,2023-01-01T05:34:05
-3.891730,15.678485,2023-01-01T05:34:06
-3.891730,15.678485,2023-01-01T05:34:07
-4.002922,15.678485,2023-01-01T05:34:08
-4.002922,15.678485,2023-01-01T05:34:09
-4.002922,15.678485,2023-01-01T05:34:10
-4.002922,15.678485,2023-01-01T05:34:11
-4.002922,15.678485,2023-01-01T05:34:12
-4.002922,15.678485,2023-01-01T05:34:13
-4.002922,15.678485,2023-01-01T05:34:14
-4.002922,15.678485,2023-01-01T05:34:15
-4.002922,15.678485,2023-01-01T05:34:16
-4.002922,15.678485,2023-01-01T05:34:17
-4.002922,15.678485,2023-01-01T05:34:18
-4.002922,15.678485,2023-01-01T05:34:19
-4.002922,15.678485,2023-01-01T05:34:20
-4.002922,15.678485,2023-01-01T05:34:21
-4.002922,15.678485,2023-01-01T05:34:22
-4.114115,15.678485,2023-01-01T05:34:23
-4.114115,15.678485,2023-01-01T05:34:24
-4.114115,15.678485,2023-01-01T05:34:25
-4.114115,15.678485,2023-01-01T05:34:26
-4.114115,15.567290,2023-01-01T05:34:27
-4.114115,15.567290,2023-01-01T05:34:28
-4.114115,15.567290,2023-01-01T05:34:29
-4.114115,15.567290,2023-01-01T05:34:30
-4.114115,15.567290,2023-01-01T05:34:31
-4.114115,15.567290,2023-01-01T05:34:32
-4.114115,15.567290,2023-01-01T05:34:33
-4.114115,15.567290,2023-01-01T05:34:34
-4.114115,15.567290,2023-01-01T05:34:35
-4.114115,15.567290,2023-01-01T05:34:36
-4.114115,15.567290,2023-01-01T05:34:37
-4.114115,15.567290,2023-01-01T05:34:38
-4.225307,15.567290,2023-01-01T05:34:39
-4.225307,15.567290,2023-01-01T05:34:40
-4.225307,15.567290,2023-01-01T05:34:41
-4.225307,15.567290,2023-01-01T05:34:42
-4.225307,15.567290,2023-01-01T05:34:43
-4.225307,15.567290,2023-01-01T05:34:44
-4.225307,15.567290,2023-01-01T05:34:45
-4.225307,15.567290,2023-01-01T05:34:46
-4.225307,15.567290,2023-01-01T05:34:47
-4.225307,15.567290,2023-01-01T05:34:48
-4.225307,15.567290,2023-01-01T05:34:49
-4.225307,15.567290,2023-01-01T05:34:50
-4.225307,15.456095,2023-01-01T05:34:51
-4.225307,15.456095,2023-01-01T05:34:52
-4.225307,15.456095,2023-01-01T05:34:53
-4.225307,15.456095,2023-01-01T05:34:54
-4.225307,15.456095,2023-01-01T05:34:55
-4.225307,15.456095,2023-01-01T05:34:56
-4.225307,15.456095,2023-01-01T05:34:57
-4.225307,15.456095,2023-01-01T05:34:58
-4.225307,15.456095,2023-01-01T05:34:59
-4.225307,15.456095,2023-01-01T05:35:00
-4.225307,15.456095,2023-01-01T05:35:01
-4.225307,15.456095,2023-01-01T05:35:02
-4.225307,15.456095,2023-01-01T05:35:03
-4.225307,15.456095,2023-01-01T05:35:04
-4.225307,15.456095,2023-01-01T05:35:05
-4.225307,15.456095,2023-01-01T05:35:06
-4.225307,15.456095,2023-01-01T05:35:07
-4.225307,15.456095,2023-01-01T05:35:08
-4.225307,15.456095,2023-01-01T05:35:09
-4.225307,15.456095,2023-01-01T05:35:10
-4.225307,15.456095,2023-01-01T05:35:11
-4.225307,15.456095,2023-01-01T05:35:12
-4.225307,15.456095,2023-01-01T05:35:13
-4.225307,15.456095,2023-01-01T05:35:14
-4.225307,15.456095,2023-01-01T05:35:15
-4.225307,15.456095,2023-01-01T05:35:16
-4.225307,15.456095,2023-01-01T05:35:17
-4.225307,15.456095,2023-01-01T05:35:18
-4.225307,15.456095,2023-01-01T05:35:19
-4.225307,15.456095,2023-01-01T05:35:20
-4.225307,15.456095,2023-01-01T05:35:21
-4.225307,15.456095,2023-01-01T05:35:22
-4.225307,15.456095,2023-01-01T05:35:23
-4.225307,15.456095,2023-01-01T05:35:24
-4.225307,15.456095,2023-01-01T05:35:25
-4.225307,15.456095,2023-01-01T05:35:26
-4.225307,15.456095,2023-01-01T05:35:27
-4.225307,15.456095,2023-01-01T05:35:28
-4.225307,15.456095,2023-01-01T05:35:29
-4.225307,15.456095,2023-01-01T05:35:30
-4.225307,15.456095,2023-01-01T05:35:31
-4.225307,15.456095,2023-01-01T05:35:32
-4.225307,15.456095,2023-01-01T05:35:33
-4.225307,15.456095,2023-01-01T05:35:34
-4.225307,15.456095,2023-01-01T05:35:35
-4.225307,15.456095,2023-01-01T05:35:36
-4.225307,15.456095,2023-01-01T05:35:37
-4.225307,15.344900,2023-01-01T05:35:38
-4.225307,15.344900,2023-01-01T05:35:39
-4.225307,15.344900,2023-01-01T05:35:40
-4.225307,15.344900,2023-01-01T05:35:41
-4.225307,15.344900,2023-01-01T05:35:42
-4.225307,15.344900,2023-01-01T05:35:43
-4.225307,15.344900,2023-01-01T05:35:44
-4.225307,15.344900,2023-01-01T05:35:45
-4.225307,15.344900,2023-01-01T05:35:46
-4.225307,15.344900,2023-01-01T05:35:47
-4.225307,15.344900,2023-01-01T05:35:48
-4.225307,15.344900,2023-01-01T05:35:49
-4.225307,15.344900,2023-01-01T05:35:50
-4.225307,15.344900,2023-01-01T05:35:51
-4.225307,15.344900,2023-01-01T05:35:52
-4.225307,15.344900,2023-01-01T05:35:53
-4.225307,15.344900,2023-01-01T05:35:54
-4.225307,15.344900,2023-01-01T05:35:55
-4.225307,15.344900,2023-01-01T05:35:56
-4.225307,15.344900,2023-01-01T05:35:57
-4.225307,15.344900,2023-01-01T05:35:58
-4.225307,15.344900,2023-01-01T05:35:59
-4.225307,15.344900,2023-01-01T05:36:00
-4.225307,15.344900,2023-01-01T05:36:01
-4.225307,15.344900,2023-01-01T05:36:02
-4.225307,15.344900,2023-01-01T05:36:03
-4.225307,15.344900,2023-01-01T05:36:04
-4.225307,15.344900,2023-01-01T05:36:05
-4.225307,15.344900,2023-01-01T05:36:06
-4.225307,15.344900,2023-01-01T05:36:07
-4.225307,15.344900,2023-01-01T05:36:08
-4.225307,15.344900,2023-01-01T05:36:09
-4.225307,15.344900,2023-01-01T05:36:10
-4.225307,15.344900,2023-01-01T05:36:11
-4.225307,15.233705,2023-01-01T05:36:12
-4.225307,15.233705,2023-01-01T05:36:13
-4.225307,15.233705,2023-01-01T05:36:14
-4.225307,15.233705,2023-01-01T05:36:15
-4.225307,15.233705,2023-01-01T05:36:16
-4.225307,15.233705,2023-01-01T05:36:17
-4.225307,15.233705,2023-01-01T05:36:18
-4.225307,15.233705,2023-01-01T05:36:19
-4.225307,15.233705,2023-01-01T05:36:20
-4.225307,15.233705,2023-01-01T05:36:21
-4.225307,15.233705,2023-01-01T05:36:22
-4.225307,15.233705,2023-01-01T05:36:23
-4.225307,15.233705,2023-01-01T05:36:24
-4.225307,15.233705,2023-01-01T05:36:25
-4.225307,15.233705,2023-01-01T05:36:26
-4.225307,15.233705,2023-01-01T05:36:27
-4.225307,15.233705,2023-01-01T05:36:28
-4.225307,15.233705,2023-01-01T05:36:29
-4.225307,15.233705,2023-01-01T05:36:30
-4.225307,15.233705,2023-01-01T05:36:31
-4.225307,15.233705,2023-01-01T05:36:32
-4.225307,15.233705,2023-01-01T05:36:33
-4.114115,15.233705,2023-01-01T05:36:34
-4.114115,15.233705,2023-01-01T05:36:35
-4.114115,15.233705,2023-01-01T05:36:36
-4.114115,15.233705,2023-01-01T05:36:37
-4.114115,15.233705,2023-01-01T05:36:38
-4.114115,15.233705,2023-01-01T05:36:39
-4.114115,15.233705,2023-01-01T05:36:40
-4.114115,15.233705,2023-01-01T05:36:41
-4.114115,15.233705,2023-01-01T05:36:42
-4.114115,15.233705,2023-01-01T05:36:43
-4.114115,15.233705,2023-01-01T05:36:44
-4.114115,15.233705,2023-01-01T05:36:45
-4.114115,15.122510,2023-01-01T05:36:46
-4.114115,15.122510,2023-01-01T05:36:47
-4.114115,15.122510,2023-01-01T05:36:48
-4.114115,15.122510,2023-01-01T05:36:49
-4.114115,15.122510,2023-01-01T05:36:50
-4.114115,15.122510,2023-01-01T05:36:51
-4.114115,15.122510,2023-01-01T05:36:52
-4.114115,15.122510,2023-01-01T05:36:53
-4.114115,15.122510,2023-01-01T05:36:54
-4.114115,15.122510,2023-01-01T05:36:55
-4.114115,15.122510,2023-01-01T05:36:56
-4.114115,15.122510,2023-01-01T05:36:57
-4.114115,15.122510,2023-01-01T05:36:58
-4.114115,15.122510,2023-01-01T05:36:59
-4.114115,15.122510,2023-01-01T05:37:00
-4.114115,15.122510,2023-01-01T05:37:01
-4.114115,15.122510,2023-01-01T05:37:02
-4.114115,15.122510,2023-01-01T05:37:03
-4.114115,15.122510,2023-01-01T05:37:04
-4.114115,15.122510,2023-01-01T05:37:05
-4.114115,15.122510,2023-01-01T05:37:06
-4.114115,15.122510,2023-01-01T05:37:07
-4.114115,15.122510,2023-01-01T05:37:08
-4.114115,15.122510,2023-01-01T05:37:09
-4.114115,15.122510,2023-01-01T05:37:10
-4.114115,15.122510,2023-01-01T05:37:11
-4.114115,15.122510,2023-01-01T05:37:12
-4.114115,15.122510,2023-01-01T05:37:13
-4.114115,15.122510,2023-01-01T05:37:14
-4.114115,15.122510,2023-01-01T05:37:15
-4.114115,15.122510,2023-01-01T05:37:16
-4.114115,15.122510,2023-01-01T05:37:17
-4.114115,15.122510,2023-01-01T05:37:18
-4.114115,15.122510,2023-01-01T05:37:19
-4.114115,15.122510,2023-01-01T05:37:20
-4.114115,15.122510,2023-01-01T05:37:21
-4.114115,15.122510,2023-01-01T05:37:22
-4.114115,15.122510,2023-01-01T05:37:23
-4.114115,15.122510,2023-01-01T05:37:24
-4.114115,15.122510,2023-01-01T05:37:25
-4.114115,15.011315,2023-01-01T05:37:26
-4.114115,15.011315,2023-01-01T05:37:27
-4.114115,15.011315,2023-01-01T05:37:28
-4.114115,15.011315,2023-01-01T05:37:29
-4.114115,15.011315,2023-01-01T05:37:30
-4.114115,15.011315,2023-01-01T05:37:31
-4.114115,15.011315,2023-01-01T05:37:32
-4.114115,15.011315,2023-01-01T05:37:33
-4.114115,15.011315,2023-01-01T05:37:34
-4.114115,15.011315,2023-01-01T05:37:35
-4.114115,15.011315,2023-01-01T05:37:36
-4.114115,15.011315,2023-01-01T05:37:37
-4.114115,15.011315,2023-01-01T05:37:38
-4.114115,15.011315,2023-01-01T05:37:39
-4.114115,15.011315,2023-01-01T05:37:40
-4.114115,15.011315,2023-01-01T05:37:41
-4.114115,15.011315,2023-01-01T05:37:42
-4.114115,15.011315,2023-01-01T05:37:43
-4.114115,15.011315,2023-01-01T05:37:44
-4.114115,15.011315,2023-01-01T05:37:45
-4.114115,15.011315,2023-01-01T05:37:46
-4.114115,15.011315,2023-01-01T05:37:47
-4.114115,15.011315,2023-01-01T05:37:48
-4.114115,15.011315,2023-01-01T05:37:49
-4.114115,15.011315,2023-01-01T05:37:50
-4.114115,15.011315,2023-01-01T05:37:51
-4.002922,15.011315,2023-01-01T05:37:52
-4.002922,15.011315,2023-01-01T05:37:53
-4.002922,15.011315,2023-01-01T05:37:54
-4.002922,15.122510,2023-01-01T05:37:55
-4.002922,15.122510,2023-01-01T05:37:56
-4.002922,15.122510,2023-01-01T05:37:57
-4.002922,15.122510,2023-01-01T05:37:58
-4.002922,15.122510,2023-01-01T05:37:59
-4.002922,15.122510,2023-01-01T05:38:00
-4.002922,15.122510,2023-01-01T05:38:01
-4.002922,15.122510,2023-01-01T05:38:02
-4.002922,15.122510,2023-01-01T05:38:03
-4.002922,15.122510,2023-01-01T05:38:04
-4.002922,15.122510,2023-01-01T05:38:05
-4.002922,15.122510,2023-01-01T05:38:06
-4.002922,15.122510,2023-01-01T05:38:07
-4.002922,15.122510,2023-01-01T05:38:08
-4.002922,15.122510,2023-01-01T05:38:09
-4.002922,15.122510,2023-01-01T05:38:10
-4.002922,15.122510,2023-01-01T05:38:11
-4.002922,15.122510,2023-01-01T05:38:12
-4.002922,15.122510,2023-01-01T05:38:13
-4.002922,15.122510,2023-01-01T05:38:14
-4.002922,15.122510,2023-01-01T05:38:15
-4.002922,15.122510,2023-01-01T05:38:16
-4.002922,15.122510,2023-01-01T05:38:17
-3.891730,15.122510,2023-01-01T05:38:18
-3.891730,15.122510,2023-01-01T05:38:19
-3.891730,15.122510,2023-01-01T05:38:20
-3.891730,15.122510,2023-01-01T05:38:21
-3.891730,15.122510,2023-01-01T05:38:22
-3.891730,15.122510,2023-01-01T05:38:23
-3.891730,15.122510,2023-01-01T05:38:24
-3.891730,15.122510,2023-01-01T05:38:25
-3.891730,15.122510,2023-01-01T05:38:26
-3.891730,15.122510,2023-01-01T05:38:27
-3.891730,15.122510,2023-01-01T05:38:28
-3.891730,15.122510,2023-01-01T05:38:29
-3.891730,15.122510,2023-01-01T05:38:30
-3.891730,15.122510,2023-01-01T05:38:31
-4.002922,15.122510,2023-01-01T05:38:32
-4.002922,15.122510,2023-01-01T05:38:33
-4.002922,15.122510,2023-01-01T05:38:34
-4.002922,15.122510,2023-01-01T05:38:35
-4.002922,15.122510,2023-01-01T05:38:36
-4.002922,15.122510,2023-01-01T05:38:37
-4.002922,15.122510,2023-01-01T05:38:38
-4.002922,15.122510,2023-01-01T05:38:39
-4.002922,15.122510,2023-01-01T05:38:40
-4.002922,15.122510,2023-01-01T05:38:41
-4.002922,15.122510,2023-01-01T05:38:42
-4.002922,15.122510,2023-01-01T05:38:43
-4.002922,15.122510,2023-01-01T05:38:44
-4.002922,15.122510,2023-01-01T05:38:45
-4.002922,15.122510,2023-01-01T05:38:46
-4.002922,15.122510,2023-01-01T05:38:47
-4.002922,15.122510,2023-01-01T05:38:48
-3.891730,15.122510,2023-01-01T05:38:49
-3.891730,15.122510,2023-01-01T05:38:50
-4.002922,15.122510,2023-01-01T05:38:51
-4.002922,15.122510,2023-01-01T05:38:52
-4.002922,15.122510,2023-01-01T05:38:53
-4.002922,15.122510,2023-01-01T05:38:54
-4.002922,15.122510,2023-01-01T05:38:55
-4.002922,15.122510,2023-01-01T05:38:56
-4.002922,15.122510,2023-01-01T05:38:57
-4.002922,15.122510,2023-01-01T05:38:58
-4.002922,15.122510,2023-01-01T05:38:59
-4.002922,15.122510,2023-01-01T05:39:00
-4.002922,15.122510,2023-01-01T05:39:01
-4.002922,15.122510,2023-01-01T05:39:02
-4.002922,15.122510,2023-01-01T05:39:03
-4.002922,15.122510,2023-01-01T05:39:04
-4.002922,15.011315,2023-01-01T05:39:05
-4.002922,15.011315,2023-01-01T05:39:06
-4.002922,15.011315,2023-01-01T05:39:07
-4.002922,15.011315,2023-01-01T05:39:08
-4.002922,15.011315,2023-01-01T05:39:09
-4.002922,15.011315,2023-01-01T05:39:10
-4.002922,15.011315,2023-01-01T05:39:11
-4.002922,15.011315,2023-01-01T05:39:12
-4.002922,15.011315,2023-01-01T05:39:13
-4.002922,15.011315,2023-01-01T05:39:14
-4.002922,15.011315,2023-01-01T05:39:15
-4.002922,15.011315,2023-01-01T05:39:16
-4.002922,15.011315,2023-01-01T05:39:17
-4.002922,15.011315,2023-01-01T05:39:18
-4.002922,15.011315,2023-01-01T05:39:19
-4.002922,15.011315,2023-01-01T05:39:20
-4.002922,15.011315,2023-01-01T05:39:21
-4.002922,15.011315,2023-01-01T05:39:22
-4.002922,15.011315,2023-01-01T05:39:23
-4.002922,15.011315,2023-01-01T05:39:24
-4.002922,15.011315,2023-01-01T05:39:25
-4.002922,15.011315,2023-01-01T05:39:26
-4.002922,15.011315,2023-01-01T05:39:27
-4.002922,15.011315,2023-01-01T05:39:28
-4.002922,15.011315,2023-01-01T05:39:29
-4.002922,15.011315,2023-01-01T05:39:30
-4.002922,15.011315,2023-01-01T05:39:31
-4.002922,15.011315,2023-01-01T05:39:32
-3.891730,15.011315,2023-01-01T05:39:33
-3.891730,15.011315,2023-01-01T05:39:34
-3.891730,15.011315,2023-01-01T05:39:35
-3.891730,15.122510,2023-01-01T05:39:36
-3.891730,15.122510,2023-01-01T05:39:37
-3.891730,15.122510,2023-01-01T05:39:38
-3.891730,15.122510,2023-01-01T05:39:39
-3.891730,15.122510,2023-01-01T05:39:40
-3.891730,15.122510,2023-01-01T05:39:41
-3.891730,15.122510,2023-01-01T05:39:42
-3.891730,15.122510,2023-01-01T05:39:43
-3.891730,15.122510,2023-01-01T05:39:44
-3.891730,15.122510,2023-01-01T05:39:45
-3.891730,15.122510,2023-01-01T05:39:46
-3.891730,15.122510,2023-01-01T05:39:47
-3.891730,15.122510,2023-01-01T05:39:48
-3.891730,15.122510,2023-01-01T05:39:49
-3.891730,15.122510,2023-01-01T05:39:50
-3.891730,15.122510,2023-01-01T05:39:51
-3.891730,15.122510,2023-01-01T05:39:52
-4.002922,15.122510,2023-01-01T05:39:53
-4.002922,15.122510,2023-01-01T05:39:54
-4.002922,15.122510,2023-01-01T05:39:55
-4.002922,15.122510,2023-01-01T05:39:56
-4.002922,15.122510,2023-01-01T05:39:57
-4.002922,15.122510,2023-01-01T05:39:58
-4.002922,15.122510,2023-01-01T05:39:59
-4.002922,15.122510,2023-01-01T05:40:00
-4.002922,15.233705,2023-01-01T05:40:01
-4.002922,15.233705,2023-01-01T05:40:02
-4.002922,15.233705,2023-01-01T05:40:03
-4.002922,15.233705,2023-01-01T05:40:04
-4.002922,15.233705,2023-01-01T05:40:05
-4.002922,15.233705,2023-01-01T05:40:06
-4.002922,15.233705,2023-01-01T05:40:07
-4.002922,15.233705,2023-01-01T05:40:08
-4.002922,15.233705,2023-01-01T05:40:09
-4.002922,15.233705,2023-01-01T05:40:10
-4.002922,15.233705,2023-01-01T05:40:11
-4.002922,15.233705,2023-01-01T05:40:12
-4.002922,15.233705,2023-01-01T05:40:13
-4.002922,15.233705,2023-01-01T05:40:14
-4.114115,15.344900,2023-01-01T05:40:15
-4.114115,15.344900,2023-01-01T05:40:16
-4.114115,15.344900,2023-01-01T05:40:17
-4.114115,15.344900,2023-01-01T05:40:18
-4.114115,15.344900,2023-01-01T05:40:19
-4.114115,15.344900,2023-01-01T05:40:20
-4.114115,15.344900,2023-01-01T05:40:21
-4.114115,15.344900,2023-01-01T05:40:22
-4.114115,15.344900,2023-01-01T05:40:23
-4.114115,15.344900,2023-01-01T05:40:24
-4.114115,15.344900,2023-01-01T05:40:25
-4.114115,15.344900,2023-01-01T05:40:26
-4.114115,15.344900,2023-01-01T05:40:27
-4.114115,15.456095,2023-01-01T05:40:28
-4.114115,15.456095,2023-01-01T05:40:29
-4.114115,15.456095,2023-01-01T05:40:30
-4.114115,15.456095,2023-01-01T05:40:31
-4.225307,15.456095,2023-01-01T05:40:32
-4.225307,15.456095,2023-01-01T05:40:33
-4.225307,15.456095,2023-01-01T05:40:34
-4.225307,15.456095,2023-01-01T05:40:35
-4.225307,15.456095,2023-01-01T05:40:36
-4.225307,15.456095,2023-01-01T05:40:37
-4.225307,15.456095,2023-01-01T05:40:38
-4.225307,15.456095,2023-01-01T05:40:39
-4.225307,15.567290,2023-01-01T05:40:40
-4.225307,15.567290,2023-01-01T05:40:41
-4.225307,15.567290,2023-01-01T05:40:42
-4.225307,15.567290,2023-01-01T05:40:43
-4.225307,15.567290,2023-01-01T05:40:44
-4.336499,15.567290,2023-01-01T05:40:45
-4.336499,15.567290,2023-01-01T05:40:46
-4.336499,15.567290,2023-01-01T05:40:47
-4.336499,15.567290,2023-01-01T05:40:48
-4.336499,15.567290,2023-01-01T05:40:49
-4.336499,15.567290,2023-01-01T05:40:50
-4.336499,15.567290,2023-01-01T05:40:51
-4.336499,15.678485,2023-01-01T05:40:52
-4.336499,15.678485,2023-01-01T05:40:53
-4.336499,15.678485,2023-01-01T05:40:54
-4.447691,15.678485,2023-01-01T05:40:55
-4.447691,15.678485,2023-01-01T05:40:56
-4.447691,15.678485,2023-01-01T05:40:57
-4.447691,15.678485,2023-01-01T05:40:58
-4.447691,15.678485,2023-01-01T05:40:59
-4.447691,15.678485,2023-01-01T05:41:00
-4.447691,15.678485,2023-01-01T05:41:01
-4.447691,15.789680,2023-01-01T05:41:02
-4.447691,15.789680,2023-01-01T05:41:03
-4.447691,15.789680,2023-01-01T05:41:04
-4.558884,15.789680,2023-01-01T05:41:05
-4.558884,15.789680,2023-01-01T05:41:06
-4.558884,15.789680,2023-01-01T05:41:07
-4.558884,15.789680,2023-01-01T05:41:08
-4.558884,15.789680,2023-01-01T05:41:09
-4.558884,15.789680,2023-01-01T05:41:10
-4.558884,15.789680,2023-01-01T05:41:11
-4.558884,15.900875,2023-01-01T05:41:12
-4.670076,15.900875,2023-01-01T05:41:13
-4.670076,15.900875,2023-01-01T05:41:14
-4.670076,15.900875,2023-01-01T05:41:15
-4.670076,15.900875,2023-01-01T05:41:16
-4.670076,15.900875,2023-01-01T05:41:17
-4.670076,15.900875,2023-01-01T05:41:18
-4.670076,15.900875,2023-01-01T05:41:19
-4.781268,15.900875,2023-01-01T05:41:20
-4.781268,16.012069,2023-01-01T05:41:21
-4.781268,16.012069,2023-01-01T05:41:22
-4.781268,16.012069,2023-01-01T05:41:23
-4.781268,16.012069,2023-01-01T05:41:24
-4.781268,16.012069,2023-01-01T05:41:25
-4.781268,16.012069,2023-01-01T05:41:26
-4.781268,16.012069,2023-01-01T05:41:27
-4.892461,16.012069,2023-01-01T05:41:28
-4.892461,16.012069,2023-01-01T05:41:29
-4.892461,16.012069,2023-01-01T05:41:30
-4.892461,16.123264,2023-01-01T05:41:31
-4.892461,16.123264,2023-01-01T05:41:32
-4.892461,16.123264,2023-01-01T05:41:33
-4.892461,16.123264,2023-01-01T05:41:34
-4.892461,16.123264,2023-01-01T05:41:35
-4.892461,16.123264,2023-01-01T05:41:36
-5.003653,16.123264,2023-01-01T05:41:37
-5.003653,16.123264,2023-01-01T05:41:38
-5.003653,16.123264,2023-01-01T05:41:39
-5.003653,16.123264,2023-01-01T05:41:40
-5.003653,16.123264,2023-01-01T05:41:41
-5.003653,16.123264,2023-01-01T05:41:42
-5.003653,16.123264,2023-01-01T05:41:43
-5.003653,16.123264,2023-01-01T05:41:44
-5.003653,16.123264,2023-01-01T05:41:45
-5.114845,16.123264,2023-01-01T05:41:46
-5.114845,16.123264,2023-01-01T05:41:47
-5.114845,16.234459,2023-01-01T05:41:48
-5.114845,16.234459,2023-01-01T05:41:49
-5.114845,16.234459,2023-01-01T05:41:50
-5.114845,16.234459,2023-01-01T05:41:51
-5.114845,16.234459,2023-01-01T05:41:52
-5.114845,16.234459,2023-01-01T05:41:53
-5.114845,16.234459,2023-01-01T05:41:54
-5.114845,16.234459,2023-01-01T05:41:55
-5.114845,16.234459,2023-01-01T05:41:56
-5.114845,16.234459,2023-01-01T05:41:57
-5.114845,16.234459,2023-01-01T05:41:58
-5.226037,16.234459,2023-01-01T05:41:59
-5.226037,16.234459,2023-01-01T05:42:00
-5.226037,16.234459,2023-01-01T05:42:01
-5.226037,16.234459,2023-01-01T05:42:02
-5.226037,16.234459,2023-01-01T05:42:03
-5.226037,16.234459,2023-01-01T05:42:04
-5.226037,16.234459,2023-01-01T05:42:05
-5.226037,16.234459,2023-01-01T05:42:06
-5.226037,16.234459,2023-01-01T05:42:07
-5.226037,16.234459,2023-01-01T05:42:08
-5.226037,16.234459,2023-01-01T05:42:09
-5.226037,16.234459,2023-01-01T05:42:10
-5.226037,16.234459,2023-01-01T05:42:11
-5.337230,16.234459,2023-01-01T05:42:12
-5.337230,16.234459,2023-01-01T05:42:13
-5.337230,16.234459,2023-01-01T05:42:14
-5.337230,16.234459,2023-01-01T05:42:15
-5.337230,16.234459,2023-01-01T05:42:16
-5.337230,16.234459,2023-01-01T05:42:17
-5.337230,16.234459,2023-01-01T05:42:18
-5.337230,16.234459,2023-01-01T05:42:19
-5.337230,16.234459,2023-01-01T05:42:20
-5.337230,16.234459,2023-01-01T05:42:21
-5.337230,16.234459,2023-01-01T05:42:22
-5.337230,16.234459,2023-01-01T05:42:23
-5.337230,16.234459,2023-01-01T05:42:24
-5.337230,16.234459,2023-01-01T05:42:25
-5.448422,16.234459,2023-01-01T05:42:26
-5.448422,16.234459,2023-01-01T05:42:27
-5.448422,16.234459,2023-01-01T05:42:28
-5.448422,16.234459,2023-01-01T05:42:29
-5.448422,16.234459,2023-01-01T05:42:30
-5.448422,16.234459,2023-01-01T05:42:31
-5.448422,16.234459,2023-01-01T05:42:32
-5.448422,16.234459,2023-01-01T05:42:33
-5.448422,16.234459,2023-01-01T05:42:34
-5.448422,16.234459,2023-01-01T05:42:35
-5.448422,16.234459,2023-01-01T05:42:36
-5.448422,16.234459,2023-01-01T05:42:37
-5.448422,16.234459,2023-01-01T05:42:38
-5.448422,16.234459,2023-01-01T05:42:39
-5.448422,16.234459,2023-01-01T05:42:40
-5.448422,16.234459,2023-01-01T05:42:41
-5.448422,16.234459,2023-01-01T05:42:42
-5.559614,16.234459,2023-01-01T05:42:43
-5.559614,16.234459,2023-01-01T05:42:44
-5.559614,16.234459,2023-01-01T05:42:45
-5.559614,16.234459,2023-01-01T05:42:46
-5.559614,16.234459,2023-01-01T05:42:47
-5.559614,16.234459,2023-01-01T05:42:48
-5.559614,16.234459,2023-01-01T05:42:49
-5.559614,16.234459,2023-01-01T05:42:50
-5.559614,16.234459,2023-01-01T05:42:51
-5.559614,16.234459,2023-01-01T05:42:52
-5.559614,16.234459,2023-01-01T05:42:53
-5.559614,16.234459,2023-01-01T05:42:54
-5.559614,16.234459,2023-01-01T05:42:55
-5.559614,16.234459,2023-01-01T05:42:56
-5.559614,16.234459,2023-01-01T05:42:57
-5.559614,16.234459,2023-01-01T05:42:58
-5.559614,16.234459,2023-01-01T05:42:59
-5.559614,16.234459,2023-01-01T05:43:00
-5.559614,16.234459,2023-01-01T05:43:01
-5.670807,16.234459,2023-01-01T05:43:02
-5.670807,16.234459,2023-01-01T05:43:03
-5.670807,16.234459,2023-01-01T05:43:04
-5.670807,16.234459,2023-01-01T05:43:05
-5.670807,16.234459,2023-01-01T05:43:06
-5.670807,16.234459,2023-01-01T05:43:07
-5.670807,16.234459,2023-01-01T05:43:08
-5.670807,16.234459,2023-01-01T05:43:09
-5.670807,16.234459,2023-01-01T05:43:10
-5.670807,16.234459,2023-01-01T05:43:11
-5.670807,16.234459,2023-01-01T05:43:12
-5.670807,16.234459,2023-01-01T05:43:13
-5.670807,16.234459,2023-01-01T05:43:14
-5.670807,16.234459,2023-01-01T05:43:15
-5.670807,16.234459,2023-01-01T05:43:16
-5.670807,16.234459,2023-01-01T05:43:17
-5.670807,16.234459,2023-01-01T05:43:18
-5.670807,16.234459,2023-01-01T05:43:19
-5.670807,16.234459,2023-01-01T05:43:20
-5.670807,16.234459,2023-01-01T05:43:21
-5.670807,16.234459,2023-01-01T05:43:22
-5.670807,16.234459,2023-01-01T05:43:23
-5.670807,16.234459,2023-01-01T05:43:24
-5.670807,16.234459,2023-01-01T05:43:25
-5.670807,16.234459,2023-01-01T05:43:26
-5.670807,16.234459,2023-01-01T05:43:27
-5.670807,16.234459,2023-01-01T05:43:28
-5.670807,16.234459,2023-01-01T05:43:29
-5.670807,16.234459,2023-01-01T05:43:30
-5.670807,16.234459,2023-01-01T05:43:31
-5.670807,16.234459,2023-01-01T05:43:32
-5.670807,16.234459,2023-01-01T05:43:33
-5.670807,16.234459,2023-01-01T05:43:34
-5.670807,16.234459,2023-01-01T05:43:35
-5.670807,16.234459,2023-01-01T05:43:36
-5.670807,16.234459,2023-01-01T05:43:37
-5.670807,16.234459,2023-01-01T05:43:38
-5.670807,16.234459,2023-01-01T05:43:39
-5.670807,16.234459,2023-01-01T05:43:40
-5.781999,16.345654,2023-01-01T05:43:41
-5.781999,16.345654,2023-01-01T05:43:42
-5.781999,16.345654,2023-01-01T05:43:43
-5.781999,16.345654,2023-01-01T05:43:44
-5.781999,16.345654,2023-01-01T05:43:45
-5.781999,16.345654,2023-01-01T05:43:46
-5.781999,16.345654,2023-01-01T05:43:47
-5.781999,16.345654,2023-01-01T05:43:48
-5.781999,16.345654,2023-01-01T05:43:49
-5.781999,16.345654,2023-01-01T05:43:50
-5.781999,16.345654,2023-01-01T05:43:51
-5.781999,16.345654,2023-01-01T05:43:52
-5.781999,16.345654,2023-01-01T05:43:53
-5.781999,16.345654,2023-01-01T05:43:54
-5.781999,16.345654,2023-01-01T05:43:55
-5.781999,16.345654,2023-01-01T05:43:56
-5.781999,16.345654,2023-01-01T05:43:57
-5.781999,16.345654,2023-01-01T05:43:58
-5.781999,16.345654,2023-01-01T05:43:59
-5.781999,16.345654,2023-01-01T05:44:00
-5.781999,16.345654,2023-01-01T05:44:01
-5.781999,16.345654,2023-01-01T05:44:02
-5.781999,16.345654,2023-01-01T05:44:03
-5.781999,16.345654,2023-01-01T05:44:04
-5.781999,16.345654,2023-01-01T05:44:05
-5.781999,16.345654,2023-01-01T05:44:06
-5.781999,16.345654,2023-01-01T05:44:07
-5.781999,16.345654,2023-01-01T05:44:08
-5.781999,16.345654,2023-01-01T05:44:09
-5.781999,16.345654,2023-01-01T05:44:10
-5.781999,16.345654,2023-01-01T05:44:11
-5.781999,16.345654,2023-01-01T05:44:12
-5.781999,16.345654,2023-01-01T05:44:13
-5.781999,16.345654,2023-01-01T05:44:14
-5.781999,16.345654,2023-01-01T05:44:15
-5.781999,16.345654,2023-01-01T05:44:16
-5.781999,16.345654,2023-01-01T05:44:17
-5.781999,16.345654,2023-01-01T05:44:18
-5.781999,16.345654,2023-01-01T05:44:19
-5.781999,16.345654,2023-01-01T05:44:20
-5.781999,16.345654,2023-01-01T05:44:21
-5.781999,16.345654,2023-01-01T05:44:22
-5.781999,16.345654,2023-01-01T05:44:23
-5.781999,16.345654,2023-01-01T05:44:24
-5.781999,16.345654,2023-01-01T05:44:25
-5.781999,16.345654,2023-01-01T05:44:26
-5.781999,16.345654,2023-01-01T05:44:27
-5.781999,16.345654,2023-01-01T05:44:28
-5.781999,16.345654,2023-01-01T05:44:29
-5.781999,16.345654,2023-01-01T05:44:30
-5.781999,16.345654,2023-01-01T05:44:31
-5.781999,16.345654,2023-01-01T05:44:32
-5.781999,16.345654,2023-01-01T05:44:33
-5.781999,16.345654,2023-01-01T05:44:34
-5.781999,16.345654,2023-01-01T05:44:35
-5.781999,16.345654,2023-01-01T05:44:36
-5.781999,16.345654,2023-01-01T05:44:37
-5.781999,16.345654,2023-01-01T05:44:38
-5.781999,16.234459,2023-01-01T05:44:39
-5.781999,16.234459,2023-01-01T05:44:40
-5.670807,16.234459,2023-01-01T05:44:41
-5.670807,16.234459,2023-01-01T05:44:42
-5.670807,16.234459,2023-01-01T05:44:43
-5.670807,16.234459,2023-01-01T05:44:44
-5.670807,16.234459,2023-01-01T05:44:45
-5.670807,16.234459,2023-01-01T05:44:46
-5.670807,16.234459,2023-01-01T05:44:47
-5.670807,16.234459,2023-01-01T05:44:48
-5.670807,16.234459,2023-01-01T05:44:49
-5.670807,16.234459,2023-01-01T05:44:50
-5.670807,16.234459,2023-01-01T05:44:51
-5.670807,16.234459,2023-01-01T05:44:52
-5.670807,16.234459,2023-01-01T05:44:53
-5.670807,16.234459,2023-01-01T05:44:54
-5.670807,16.234459,2023-01-01T05:44:55
-5.670807,16.234459,2023-01-01T05:44:56
-5.670807,16.234459,2023-01-01T05:44:57
-5.670807,16.234459,2023-01-01T05:44:58
-5.670807,16.345654,2023-01-01T05:44:59
-5.670807,16.345654,2023-01-01T05:45:00
-5.670807,16.345654,2023-01-01T05:45:01
-5.670807,16.345654,2023-01-01T05:45:02
-5.670807,16.345654,2023-01-01T05:45:03
-5.670807,16.345654,2023-01-01T05:45:04
-5.670807,16.345654,2023-01-01T05:45:05
-5.670807,16.345654,2023-01-01T05:45:06
-5.670807,16.345654,2023-01-01T05:45:07
-5.670807,16.345654,2023-01-01T05:45:08
-5.670807,16.345654,2023-01-01T05:45:09
-5.670807,16.345654,2023-01-01T05:45:10
-5.670807,16.345654,2023-01-01T05:45:11
-5.559614,16.345654,2023-01-01T05:45:12
-5.559614,16.345654,2023-01-01T05:45:13
-5.559614,16.345654,2023-01-01T05:45:14
-5.559614,16.345654,2023-01-01T05:45:15
-5.559614,16.345654,2023-01-01T05:45:16
-5.559614,16.345654,2023-01-01T05:45:17
-5.559614,16.345654,2023-01-01T05:45:18
-5.559614,16.456849,2023-01-01T05:45:19
-5.559614,16.345654,2023-01-01T05:45:20
-5.559614,16.345654,2023-01-01T05:45:21
-5.559614,16.345654,2023-01-01T05:45:22
-5.559614,16.345654,2023-01-01T05:45:23
-5.559614,16.345654,2023-01-01T05:45:24
-5.559614,16.345654,2023-01-01T05:45:25
-5.670807,16.345654,2023-01-01T05:45:26
-5.670807,16.345654,2023-01-01T05:45:27
-5.670807,16.345654,2023-01-01T05:45:28
-5.670807,16.345654,2023-01-01T05:45:29
-5.670807,16.345654,2023-01-01T05:45:30
-5.670807,16.345654,2023-01-01T05:45:31
-5.670807,16.345654,2023-01-01T05:45:32
-5.670807,16.345654,2023-01-01T05:45:33
-5.670807,16.345654,2023-01-01T05:45:34
-5.670807,16.345654,2023-01-01T05:45:35
-5.670807,16.345654,2023-01-01T05:45:36
-5.670807,16.345654,2023-01-01T05:45:37
-5.670807,16.345654,2023-01-01T05:45:38
-5.670807,16.345654,2023-01-01T05:45:39
-5.670807,16.345654,2023-01-01T05:45:40
-5.670807,16.345654,2023-01-01T05:45:41
-5.670807,16.345654,2023-01-01T05:45:42
-5.670807,16.345654,2023-01-01T05:45:43
-5.670807,16.345654,2023-01-01T05:45:44
-5.670807,16.345654,2023-01-01T05:45:45
-5.670807,16.345654,2023-01-01T05:45:46
-5.670807,16.345654,2023-01-01T05:45:47
-5.670807,16.345654,2023-01-01T05:45:48
-5.670807,16.345654,2023-01-01T05:45:49
-5.670807,16.345654,2023-01-01T05:45:50
-5.670807,16.345654,2023-01-01T05:45:51
-5.670807,16.345654,2023-01-01T05:45:52
-5.670807,16.456849,2023-01-01T05:45:53
-5.670807,16.456849,2023-01-01T05:45:54
-5.670807,16.456849,2023-01-01T05:45:55
-5.670807,16.456849,2023-01-01T05:45:56
-5.559614,16.456849,2023-01-01T05:45:57
-5.559614,16.456849,2023-01-01T05:45:58
-5.559614,16.456849,2023-01-01T05:45:59
-5.559614,16.456849,2023-01-01T05:46:00
-5.559614,16.456849,2023-01-01T05:46:01
-5.559614,16.456849,2023-01-01T05:46:02
-5.559614,16.568044,2023-01-01T05:46:03
-5.559614,16.568044,2023-01-01T05:46:04
-5.559614,16.568044,2023-01-01T05:46:05
-5.559614,16.568044,2023-01-01T05:46:06
-5.559614,16.568044,2023-01-01T05:46:07
-5.559614,16.568044,2023-01-01T05:46:08
-5.559614,16.568044,2023-01-01T05:46:09
-5.559614,16.568044,2023-01-01T05:46:10
-5.559614,16.568044,2023-01-01T05:46:11
-5.559614,16.568044,2023-01-01T05:46:12
-5.559614,16.568044,2023-01-01T05:46:13
-5.559614,16.568044,2023-01-01T05:46:14
-5.559614,16.679239,2023-01-01T05:46:15
-5.559614,16.679239,2023-01-01T05:46:16
-5.559614,16.679239,2023-01-01T05:46:17
-5.559614,16.679239,2023-01-01T05:46:18
-5.559614,16.679239,2023-01-01T05:46:19
-5.559614,16.679239,2023-01-01T05:46:20
-5.559614,16.679239,2023-01-01T05:46:21
-5.559614,16.679239,2023-01-01T05:46:22
-5.559614,16.679239,2023-01-01T05:46:23
-5.559614,16.679239,2023-01-01T05:46:24
-5.559614,16.679239,2023-01-01T05:46:25
-5.559614,16.679239,2023-01-01T05:46:26
-5.559614,16.679239,2023-01-01T05:46:27
-5.559614,16.679239,2023-01-01T05:46:28
-5.559614,16.679239,2023-01-01T05:46:29
-5.559614,16.679239,2023-01-01T05:46:30
-5.559614,16.679239,2023-01-01T05:46:31
-5.559614,16.679239,2023-01-01T05:46:32
-5.559614,16.679239,2023-01-01T05:46:33
-5.559614,16.679239,2023-01-01T05:46:34
-5.559614,16.679239,2023-01-01T05:46:35
-5.559614,16.679239,2023-01-01T05:46:36
-5.559614,16.790434,2023-01-01T05:46:37
-5.559614,16.790434,2023-01-01T05:46:38
-5.559614,16.790434,2023-01-01T05:46:39
-5.559614,16.790434,2023-01-01T05:46:40
-5.559614,16.790434,2023-01-01T05:46:41
-5.559614,16.790434,2023-01-01T05:46:42
-5.559614,16.790434,2023-01-01T05:46:43
-5.559614,16.790434,2023-01-01T05:46:44
-5.559614,16.790434,2023-01-01T05:46:45
-5.559614,16.790434,2023-01-01T05:46:46
-5.559614,16.790434,2023-01-01T05:46:47
-5.559614,16.790434,2023-01-01T05:46:48
-5.559614,16.790434,2023-01-01T05:46:49
-5.559614,16.790434,2023-01-01T05:46:50
-5.559614,16.790434,2023-01-01T05:46:51
-5.559614,16.790434,2023-01-01T05:46:52
-5.559614,16.790434,2023-01-01T05:46:53
-5.559614,16.790434,2023-01-01T05:46:54
-5.559614,16.790434,2023-01-01T05:46:55
-5.559614,16.790434,2023-01-01T05:46:56
-5.559614,16.790434,2023-01-01T05:46:57
-5.559614,16.790434,2023-01-01T05:46:58
-5.559614,16.790434,2023-01-01T05:46:59
-5.559614,16.790434,2023-01-01T05:47:00
-5.559614,16.790434,2023-01-01T05:47:01
-5.559614,16.790434,2023-01-01T05:47:02
-5.559614,16.790434,2023-01-01T05:47:03
-5.559614,16.790434,2023-01-01T05:47:04
-5.670807,16.679239,2023-01-01T05:47:05
-5.670807,16.679239,2023-01-01T05:47:06
-5.670807,16.679239,2023-01-01T05:47:07
-5.670807,16.790434,2023-01-01T05:47:08
-5.670807,16.790434,2023-01-01T05:47:09
-5.670807,16.679239,2023-01-01T05:47:10
-5.670807,16.679239,2023-01-01T05:47:11
-5.670807,16.679239,2023-01-01T05:47:12
-5.670807,16.679239,2023-01-01T05:47:13
-5.670807,16.679239,2023-01-01T05:47:14
-5.670807,16.679239,2023-01-01T05:47:15
-5.670807,16.679239,2023-01-01T05:47:16
-5.670807,16.679239,2023-01-01T05:47:17
-5.670807,16.679239,2023-01-01T05:47:18
-5.670807,16.679239,2023-01-01T05:47:19
-5.670807,16.679239,2023-01-01T05:47:20
-5.670807,16.679239,2023-01-01T05:47:21
-5.670807,16.679239,2023-01-01T05:47:22
-5.670807,16.679239,2023-01-01T05:47:23
-5.670807,16.679239,2023-01-01T05:47:24
-5.670807,16.679239,2023-01-01T05:47:25
-5.670807,16.679239,2023-01-01T05:47:26
-5.670807,16.679239,2023-01-01T05:47:27
-5.670807,16.679239,2023-01-01T05:47:28
-5.670807,16.679239,2023-01-01T05:47:29
-5.670807,16.679239,2023-01-01T05:47:30
-5.670807,16.679239,2023-01-01T05:47:31
-5.670807,16.679239,2023-01-01T05:47:32
-5.670807,16.679239,2023-01-01T05:47:33
-5.670807,16.679239,2023-01-01T05:47:34
-5.670807,16.679239,2023-01-01T05:47:35
-5.670807,16.679239,2023-01-01T05:47:36
-5.670807,16.679239,2023-01-01T05:47:37
-5.670807,16.679239,2023-01-01T05:47:38
-5.670807,16.679239,2023-01-01T05:47:39
-5.670807,16.679239,2023-01-01T05:47:40
-5.670807,16.679239,2023-01-01T05:47:41
-5.670807,16.679239,2023-01-01T05:47:42
-5.781999,16.679239,2023-01-01T05:47:43
-5.781999,16.568044,2023-01-01T05:47:44
-5.781999,16.568044,2023-01-01T05:47:45
-5.781999,16.568044,2023-01-01T05:47:46
-5.781999,16.568044,2023-01-01T05:47:47
-5.781999,16.568044,2023-01-01T05:47:48
-5.781999,16.568044,2023-01-01T05:47:49
-5.781999,16.568044,2023-01-01T05:47:50
-5.781999,16.568044,2023-01-01T05:47:51
-5.781999,16.568044,2023-01-01T05:47:52
-5.781999,16.568044,2023-01-01T05:47:53
-5.781999,16.568044,2023-01-01T05:47:54
-5.781999,16.568044,2023-01-01T05:47:55
-5.781999,16.568044,2023-01-01T05:47:56
-5.781999,16.568044,2023-01-01T05:47:57
-5.781999,16.568044,2023-01-01T05:47:58
-5.781999,16.568044,2023-01-01T05:47:59
-5.781999,16.568044,2023-01-01T05:48:00
-5.893191,16.568044,2023-01-01T05:48:01
-5.893191,16.568044,2023-01-01T05:48:02
-5.893191,16.568044,2023-01-01T05:48:03
-5.893191,16.568044,2023-01-01T05:48:04
-5.893191,16.568044,2023-01-01T05:48:05
-5.893191,16.568044,2023-01-01T05:48:06
-5.893191,16.568044,2023-01-01T05:48:07
-5.893191,16.568044,2023-01-01T05:48:08
-5.893191,16.568044,2023-01-01T05:48:09
-5.893191,16.568044,2023-01-01T05:48:10
-5.893191,16.568044,2023-01-01T05:48:11
-5.893191,16.568044,2023-01-01T05:48:12
-5.893191,16.456849,2023-01-01T05:48:13
-5.893191,16.456849,2023-01-01T05:48:14
-5.893191,16.456849,2023-01-01T05:48:15
-5.893191,16.456849,2023-01-01T05:48:16
-5.893191,16.456849,2023-01-01T05:48:17
-5.893191,16.456849,2023-01-01T05:48:18
-5.893191,16.456849,2023-01-01T05:48:19
-5.893191,16.456849,2023-01-01T05:48:20
-5.893191,16.456849,2023-01-01T05:48:21
-5.893191,16.456849,2023-01-01T05:48:22
-5.893191,16.456849,2023-01-01T05:48:23
-5.893191,16.456849,2023-01-01T05:48:24
-5.893191,16.456849,2023-01-01T05:48:25
-5.893191,16.456849,2023-01-01T05:48:26
-5.893191,16.456849,2023-01-01T05:48:27
-5.893191,16.456849,2023-01-01T05:48:28
-6.004383,16.456849,2023-01-01T05:48:29
-6.004383,16.456849,2023-01-01T05:48:30
-6.004383,16.456849,2023-01-01T05:48:31
-6.004383,16.456849,2023-01-01T05:48:32
-6.004383,16.456849,2023-01-01T05:48:33
-6.004383,16.456849,2023-01-01T05:48:34
-6.004383,16.456849,2023-01-01T05:48:35
-6.004383,16.456849,2023-01-01T05:48:36
-6.004383,16.456849,2023-01-01T05:48:37
-5.893191,16.456849,2023-01-01T05:48:38
-5.893191,16.456849,2023-01-01T05:48:39
-5.893191,16.456849,2023-01-01T05:48:40
-5.893191,16.456849,2023-01-01T05:48:41
-5.893191,16.456849,2023-01-01T05:48:42
-5.893191,16.456849,2023-01-01T05:48:43
-5.893191,16.456849,2023-01-01T05:48:44
-5.893191,16.456849,2023-01-01T05:48:45
-5.893191,16.456849,2023-01-01T05:48:46
-5.893191,16.456849,2023-01-01T05:48:47
-5.893191,16.456849,2023-01-01T05:48:48
-5.893191,16.456849,2023-01-01T05:48:49
-5.893191,16.456849,2023-01-01T05:48:50
-5.893191,16.456849,2023-01-01T05:48:51
-5.893191,16.456849,2023-01-01T05:48:52
-5.893191,16.456849,2023-01-01T05:48:53
-5.893191,16.456849,2023-01-01T05:48:54
-5.893191,16.456849,2023-01-01T05:48:55
-5.893191,16.456849,2023-01-01T05:48:56
-5.893191,16.456849,2023-01-01T05:48:57
-5.893191,16.456849,2023-01-01T05:48:58
-5.893191,16.456849,2023-01-01T05:48:59
-5.893191,16.456849,2023-01-01T05:49:00
-5.893191,16.456849,2023-01-01T05:49:01
-5.893191,16.456849,2023-01-01T05:49:02
-5.893191,16.568044,2023-01-01T05:49:03
-5.893191,16.568044,2023-01-01T05:49:04
-5.893191,16.568044,2023-01-01T05:49:05
-5.893191,16.568044,2023-01-01T05:49:06
-5.781999,16.568044,2023-01-01T05:49:07
-5.781999,16.568044,2023-01-01T05:49:08
-5.781999,16.568044,2023-01-01T05:49:09
-5.781999,16.568044,2023-01-01T05:49:10
-5.781999,16.568044,2023-01-01T05:49:11
-5.781999,16.679239,2023-01-01T05:49:12
-5.781999,16.679239,2023-01-01T05:49:13
-5.781999,16.679239,2023-01-01T05:49:14
-5.670807,16.679239,2023-01-01T05:49:15
-5.670807,16.679239,2023-01-01T05:49:16
-5.670807,16.679239,2023-01-01T05:49:17
-5.670807,16.790434,2023-01-01T05:49:18
-5.670807,16.790434,2023-01-01T05:49:19
-5.670807,16.790434,2023-01-01T05:49:20
-5.670807,16.790434,2023-01-01T05:49:21
-5.670807,16.679239,2023-01-01T05:49:22
-5.670807,16.679239,2023-01-01T05:49:23
-5.670807,16.679239,2023-01-01T05:49:24
-5.781999,16.679239,2023-01-01T05:49:25
-5.781999,16.679239,2023-01-01T05:49:26
-5.781999,16.679239,2023-01-01T05:49:27
-5.781999,16.679239,2023-01-01T05:49:28
-5.781999,16.679239,2023-01-01T05:49:29
-5.781999,16.679239,2023-01-01T05:49:30
-5.781999,16.679239,2023-01-01T05:49:31
-5.781999,16.679239,2023-01-01T05:49:32
-5.781999,16.679239,2023-01-01T05:49:33
-5.781999,16.679239,2023-01-01T05:49:34
-5.781999,16.679239,2023-01-01T05:49:35
-5.781999,16.679239,2023-01-01T05:49:36
-5.781999,16.679239,2023-01-01T05:49:37
-5.781999,16.679239,2023-01-01T05:49:38
-5.781999,16.679239,2023-01-01T05:49:39
-5.781999,16.679239,2023-01-01T05:49:40
-5.781999,16.679239,2023-01-01T05:49:41
-5.781999,16.679239,2023-01-01T05:49:42
-5.893191,16.679239,2023-01-01T05:49:43
-5.781999,16.679239,2023-01-01T05:49:44
-5.781999,16.790434,2023-01-01T05:49:45
-5.893191,16.790434,2023-01-01T05:49:46
-5.893191,16.790434,2023-01-01T05:49:47
-5.893191,16.790434,2023-01-01T05:49:48
-5.781999,16.790434,2023-01-01T05:49:49
-5.781999,16.790434,2023-01-01T05:49:50
-5.781999,16.790434,2023-01-01T05:49:51
-5.781999,16.790434,2023-01-01T05:49:52
-5.781999,16.790434,2023-01-01T05:49:53
-5.781999,16.790434,2023-01-01T05:49:54
-5.781999,16.901629,2023-01-01T05:49:55
-5.781999,16.901629,2023-01-01T05:49:56
-5.670807,16.901629,2023-01-01T05:49:57
-5.670807,16.901629,2023-01-01T05:49:58
-5.670807,16.901629,2023-01-01T05:49:59
-5.670807,16.901629,2023-01-01T05:50:00
-5.670807,16.901629,2023-01-01T05:50:01
-5.670807,16.901629,2023-01-01T05:50:02
-5.670807,17.012824,2023-01-01T05:50:03
-5.670807,17.012824,2023-01-01T05:50:04
-5.670807,17.012824,2023-01-01T05:50:05
-5.559614,17.012824,2023-01-01T05:50:06
-5.559614,17.012824,2023-01-01T05:50:07
-5.559614,17.012824,2023-01-01T05:50:08
-5.559614,17.012824,2023-01-01T05:50:09
-5.559614,17.012824,2023-01-01T05:50:10
-5.559614,17.012824,2023-01-01T05:50:11
-5.559614,17.012824,2023-01-01T05:50:12
-5.559614,17.012824,2023-01-01T05:50:13
-5.559614,17.012824,2023-01-01T05:50:14
-5.559614,17.012824,2023-01-01T05:50:15
-5.559614,17.012824,2023-01-01T05:50:16
-5.559614,17.012824,2023-01-01T05:50:17
-5.559614,17.012824,2023-01-01T05:50:18
-5.559614,17.012824,2023-01-01T05:50:19
-5.559614,17.012824,2023-01-01T05:50:20
-5.559614,17.012824,2023-01-01T05:50:21
-5.559614,17.012824,2023-01-01T05:50:22
-5.559614,17.012824,2023-01-01T05:50:23
-5.559614,17.012824,2023-01-01T05:50:24
-5.559614,17.012824,2023-01-01T05:50:25
-5.559614,17.012824,2023-01-01T05:50:26
-5.559614,17.012824,2023-01-01T05:50:27
-5.559614,17.012824,2023-01-01T05:50:28
-5.559614,17.012824,2023-01-01T05:50:29
-5.559614,17.012824,2023-01-01T05:50:30
-5.559614,16.901629,2023-01-01T05:50:31
-5.559614,16.901629,2023-01-01T05:50:32
-5.559614,16.901629,2023-01-01T05:50:33
-5.559614,16.901629,2023-01-01T05:50:34
-5.559614,16.901629,2023-01-01T05:50:35
-5.559614,16.901629,2023-01-01T05:50:36
-5.559614,16.901629,2023-01-01T05:50:37
-5.559614,16.901629,2023-01-01T05:50:38
-5.559614,16.901629,2023-01-01T05:50:39
-5.559614,16.901629,2023-01-01T05:50:40
-5.559614,16.901629,2023-01-01T05:50:41
-5.559614,16.901629,2023-01-01T05:50:42
-5.559614,16.901629,2023-01-01T05:50:43
-5.559614,16.901629,2023-01-01T05:50:44
-5.559614,16.901629,2023-01-01T05:50:45
-5.559614,16.901629,2023-01-01T05:50:46
-5.559614,16.790434,2023-01-01T05:50:47
-5.670807,16.790434,2023-01-01T05:50:48
-5.670807,16.790434,2023-01-01T05:50:49
-5.670807,16.790434,2023-01-01T05:50:50
-5.670807,16.790434,2023-01-01T05:50:51
-5.670807,16.790434,2023-01-01T05:50:52
-5.670807,16.790434,2023-01-01T05:50:53
-5.670807,16.790434,2023-01-01T05:50:54
-5.670807,16.790434,2023-01-01T05:50:55
-5.670807,16.790434,2023-01-01T05:50:56
-5.670807,16.790434,2023-01-01T05:50:57
-5.670807,16.790434,2023-01-01T05:50:58
-5.670807,16.679239,2023-01-01T05:50:59
-5.670807,16.679239,2023-01-01T05:51:00
-5.670807,16.679239,2023-01-01T05:51:01
-5.670807,16.679239,2023-01-01T05:51:02
-5.670807,16.679239,2023-01-01T05:51:03
-5.781999,16.679239,2023-01-01T05:51:04
-5.781999,16.679239,2023-01-01T05:51:05
-5.781999,16.679239,2023-01-01T05:51:06
-5.781999,16.679239,2023-01-01T05:51:07
-5.781999,16.568044,2023-01-01T05:51:08
-5.781999,16.568044,2023-01-01T05:51:09
-5.781999,16.568044,2023-01-01T05:51:10
-5.781999,16.568044,2023-01-01T05:51:11
-5.893191,16.568044,2023-01-01T05:51:12
-5.893191,16.568044,2023-01-01T05:51:13
-5.893191,16.456849,2023-01-01T05:51:14
-6.004383,16.456849,2023-01-01T05:51:15
-6.004383,16.456849,2023-01-01T05:51:16
-6.004383,16.456849,2023-01-01T05:51:17
-6.115576,16.456849,2023-01-01T05:51:18
-6.115576,16.345654,2023-01-01T05:51:19
-6.115576,16.345654,2023-01-01T05:51:20
-6.226768,16.345654,2023-01-01T05:51:21
-6.226768,16.345654,2023-01-01T05:51:22
-6.226768,16.345654,2023-01-01T05:51:23
-6.226768,16.345654,2023-01-01T05:51:24
-6.226768,16.345654,2023-01-01T05:51:25
-6.337960,16.345654,2023-01-01T05:51:26
-6.337960,16.345654,2023-01-01T05:51:27
-6.337960,16.345654,2023-01-01T05:51:28
-6.337960,16.345654,2023-01-01T05:51:29
-6.449153,16.234459,2023-01-01T05:51:30
-6.449153,16.234459,2023-01-01T05:51:31
-6.449153,16.234459,2023-01-01T05:51:32
-6.449153,16.234459,2023-01-01T05:51:33
-6.560345,16.234459,2023-01-01T05:51:34
-6.560345,16.234459,2023-01-01T05:51:35
-6.560345,16.234459,2023-01-01T05:51:36
-6.560345,16.234459,2023-01-01T05:51:37
-6.671537,16.123264,2023-01-01T05:51:38
-6.671537,16.123264,2023-01-01T05:51:39
-6.671537,16.123264,2023-01-01T05:51:40
-6.671537,16.123264,2023-01-01T05:51:41
-6.782729,16.123264,2023-01-01T05:51:42
-6.782729,16.012069,2023-01-01T05:51:43
-6.782729,16.012069,2023-01-01T05:51:44
-6.782729,16.012069,2023-01-01T05:51:45
-6.893922,16.012069,2023-01-01T05:51:46
-6.893922,16.012069,2023-01-01T05:51:47
-6.893922,16.012069,2023-01-01T05:51:48
-7.005114,15.900875,2023-01-01T05:51:49
-7.005114,15.900875,2023-01-01T05:51:50
-7.005114,15.900875,2023-01-01T05:51:51
-7.005114,16.012069,2023-01-01T05:51:52
-7.005114,16.012069,2023-01-01T05:51:53
-7.005114,16.012069,2023-01-01T05:51:54
-7.005114,16.012069,2023-01-01T05:51:55
-7.005114,16.012069,2023-01-01T05:51:56
-7.005114,16.012069,2023-01-01T05:51:57
-7.005114,16.012069,2023-01-01T05:51:58
-7.005114,16.012069,2023-01-01T05:51:59
-7.005114,16.012069,2023-01-01T05:52:00
-7.005114,16.012069,2023-01-01T05:52:01
-7.005114,16.012069,2023-01-01T05:52:02
-7.005114,15.900875,2023-01-01T05:52:03
-7.005114,15.900875,2023-01-01T05:52:04
-7.005114,15.900875,2023-01-01T05:52:05
-7.005114,15.900875,2023-01-01T05:52:06
-7.005114,15.900875,2023-01-01T05:52:07
-7.005114,15.900875,2023-01-01T05:52:08
-7.005114,15.900875,2023-01-01T05:52:09
-7.116306,15.900875,2023-01-01T05:52:10
-7.116306,15.900875,2023-01-01T05:52:11
-7.116306,15.900875,2023-01-01T05:52:12
-7.116306,15.900875,2023-01-01T05:52:13
-7.116306,15.900875,2023-01-01T05:52:14
-7.116306,15.900875,2023-01-01T05:52:15
-7.116306,15.900875,2023-01-01T05:52:16
-7.116306,15.900875,2023-01-01T05:52:17
-7.116306,15.900875,2023-01-01T05:52:18
-7.116306,15.900875,2023-01-01T05:52:19
-7.116306,15.900875,2023-01-01T05:52:20
-7.116306,15.900875,2023-01-01T05:52:21
-7.116306,15.900875,2023-01-01T05:52:22
-7.005114,15.900875,2023-01-01T05:52:23
-7.005114,16.012069,2023-01-01T05:52:24
-7.005114,16.012069,2023-01-01T05:52:25
-7.005114,16.012069,2023-01-01T05:52:26
-7.005114,16.012069,2023-01-01T05:52:27
-7.005114,16.012069,2023-01-01T05:52:28
-6.893922,16.012069,2023-01-01T05:52:29
-6.893922,16.123264,2023-01-01T05:52:30
-6.893922,16.123264,2023-01-01T05:52:31
-6.893922,16.123264,2023-01-01T05:52:32
-6.893922,16.123264,2023-01-01T05:52:33
-6.893922,16.123264,2023-01-01T05:52:34
-6.893922,16.123264,2023-01-01T05:52:35
-6.893922,16.123264,2023-01-01T05:52:36
-6.782729,16.123264,2023-01-01T05:52:37
-6.782729,16.234459,2023-01-01T05:52:38
-6.782729,16.234459,2023-01-01T05:52:39
-6.782729,16.234459,2023-01-01T05:52:40
-6.782729,16.234459,2023-01-01T05:52:41
-6.782729,16.234459,2023-01-01T05:52:42
-6.782729,16.234459,2023-01-01T05:52:43
-6.782729,16.234459,2023-01-01T05:52:44
-6.782729,16.234459,2023-01-01T05:52:45
-6.671537,16.234459,2023-01-01T05:52:46
-6.671537,16.234459,2023-01-01T05:52:47
-6.671537,16.345654,2023-01-01T05:52:48
-6.671537,16.345654,2023-01-01T05:52:49
-6.671537,16.345654,2023-01-01T05:52:50
-6.671537,16.345654,2023-01-01T05:52:51
-6.671537,16.345654,2023-01-01T05:52:52
-6.671537,16.345654,2023-01-01T05:52:53
-6.560345,16.345654,2023-01-01T05:52:54
-6.560345,16.345654,2023-01-01T05:52:55
-6.560345,16.456849,2023-01-01T05:52:56
-6.560345,16.456849,2023-01-01T05:52:57
-6.560345,16.456849,2023-01-01T05:52:58
-6.560345,16.456849,2023-01-01T05:52:59
-6.560345,16.456849,2023-01-01T05:53:00
-6.560345,16.456849,2023-01-01T05:53:01
-6.560345,16.456849,2023-01-01T05:53:02
-6.449153,16.456849,2023-01-01T05:53:03
-6.449153,16.568044,2023-01-01T05:53:04
-6.449153,16.568044,2023-01-01T05:53:05
-6.449153,16.568044,2023-01-01T05:53:06
-6.449153,16.568044,2023-01-01T05:53:07
-6.449153,16.568044,2023-01-01T05:53:08
-6.449153,16.568044,2023-01-01T05:53:09
-6.449153,16.568044,2023-01-01T05:53:10
-6.449153,16.568044,2023-01-01T05:53:11
-6.449153,16.568044,2023-01-01T05:53:12
-6.449153,16.679239,2023-01-01T05:53:13
-6.337960,16.679239,2023-01-01T05:53:14
-6.337960,16.679239,2023-01-01T05:53:15
-6.337960,16.679239,2023-01-01T05:53:16
-6.337960,16.679239,2023-01-01T05:53:17
-6.337960,16.679239,2023-01-01T05:53:18
-6.337960,16.679239,2023-01-01T05:53:19
-6.337960,16.679239,2023-01-01T05:53:20
-6.337960,16.679239,2023-01-01T05:53:21
-6.337960,16.679239,2023-01-01T05:53:22
-6.337960,16.679239,2023-01-01T05:53:23
-6.337960,16.679239,2023-01-01T05:53:24
-6.337960,16.679239,2023-01-01T05:53:25
-6.337960,16.679239,2023-01-01T05:53:26
-6.337960,16.790434,2023-01-01T05:53:27
-6.337960,16.790434,2023-01-01T05:53:28
-6.337960,16.790434,2023-01-01T05:53:29
-6.337960,16.790434,2023-01-01T05:53:30
-6.337960,16.790434,2023-01-01T05:53:31
-6.337960,16.790434,2023-01-01T05:53:32
-6.337960,16.790434,2023-01-01T05:53:33
-6.337960,16.790434,2023-01-01T05:53:34
-6.337960,16.790434,2023-01-01T05:53:35
-6.337960,16.790434,2023-01-01T05:53:36
-6.337960,16.790434,2023-01-01T05:53:37
-6.337960,16.790434,2023-01-01T05:53:38
-6.337960,16.790434,2023-01-01T05:53:39
-6.337960,16.790434,2023-01-01T05:53:40
-6.337960,16.790434,2023-01-01T05:53:41
-6.226768,16.790434,2023-01-01T05:53:42
-6.226768,16.790434,2023-01-01T05:53:43
-6.226768,16.790434,2023-01-01T05:53:44
-6.226768,16.790434,2023-01-01T05:53:45
-6.226768,16.790434,2023-01-01T05:53:46
-6.226768,16.790434,2023-01-01T05:53:47
-6.226768,16.790434,2023-01-01T05:53:48
-6.226768,16.790434,2023-01-01T05:53:49
-6.226768,16.790434,2023-01-01T05:53:50
-6.226768,16.901629,2023-01-01T05:53:51
-6.226768,16.901629,2023-01-01T05:53:52
-6.226768,16.901629,2023-01-01T05:53:53
-6.226768,16.901629,2023-01-01T05:53:54
-6.226768,16.901629,2023-01-01T05:53:55
-6.226768,16.901629,2023-01-01T05:53:56
-6.226768,16.901629,2023-01-01T05:53:57
-6.226768,16.901629,2023-01-01T05:53:58
-6.226768,16.901629,2023-01-01T05:53:59
-6.226768,16.901629,2023-01-01T05:54:00
-6.115576,16.901629,2023-01-01T05:54:01
-6.115576,16.901629,2023-01-01T05:54:02
-6.115576,16.901629,2023-01-01T05:54:03
-6.115576,16.901629,2023-01-01T05:54:04
-6.115576,16.901629,2023-01-01T05:54:05
-6.115576,16.901629,2023-01-01T05:54:06
-6.115576,16.901629,2023-01-01T05:54:07
-6.115576,17.012824,2023-01-01T05:54:08
-6.115576,17.012824,2023-01-01T05:54:09
-6.115576,17.012824,2023-01-01T05:54:10
-6.115576,17.012824,2023-01-01T05:54:11
-6.115576,17.012824,2023-01-01T05:54:12
-6.115576,17.012824,2023-01-01T05:54:13
-6.115576,17.012824,2023-01-01T05:54:14
-6.115576,17.012824,2023-01-01T05:54:15
-6.115576,17.012824,2023-01-01T05:54:16
-6.115576,17.012824,2023-01-01T05:54:17
-6.115576,17.012824,2023-01-01T05:54:18
-6.115576,17.012824,2023-01-01T05:54:19
-6.115576,17.012824,2023-01-01T05:54:20
-6.115576,17.012824,2023-01-01T05:54:21
-6.115576,16.901629,2023-01-01T05:54:22
-6.115576,16.901629,2023-01-01T05:54:23
-6.115576,16.901629,2023-01-01T05:54:24
-6.115576,16.901629,2023-01-01T05:54:25
-6.115576,16.901629,2023-01-01T05:54:26
-6.115576,16.901629,2023-01-01T05:54:27
-6.226768,16.901629,2023-01-01T05:54:28
-6.226768,16.901629,2023-01-01T05:54:29
-6.226768,16.901629,2023-01-01T05:54:30
-6.226768,16.901629,2023-01-01T05:54:31
-6.226768,16.901629,2023-01-01T05:54:32
-6.226768,16.901629,2023-01-01T05:54:33
-6.226768,16.790434,2023-01-01T05:54:34
-6.226768,16.790434,2023-01-01T05:54:35
-6.226768,16.790434,2023-01-01T05:54:36
-6.337960,16.790434,2023-01-01T05:54:37
-6.337960,16.790434,2023-01-01T05:54:38
-6.337960,16.790434,2023-01-01T05:54:39
-6.337960,16.790434,2023-01-01T05:54:40
-6.337960,16.790434,2023-01-01T05:54:41
-6.337960,16.790434,2023-01-01T05:54:42
-6.337960,16.790434,2023-01-01T05:54:43
-6.337960,16.679239,2023-01-01T05:54:44
-6.449153,16.679239,2023-01-01T05:54:45
-6.449153,16.679239,2023-01-01T05:54:46
-6.449153,16.679239,2023-01-01T05:54:47
-6.449153,16.679239,2023-01-01T05:54:48
-6.449153,16.679239,2023-01-01T05:54:49
-6.449153,16.679239,2023-01-01T05:54:50
-6.449153,16.679239,2023-01-01T05:54:51
-6.449153,16.679239,2023-01-01T05:54:52
-6.449153,16.568044,2023-01-01T05:54:53
-6.449153,16.568044,2023-01-01T05:54:54
-6.449153,16.568044,2023-01-01T05:54:55
-6.449153,16.568044,2023-01-01T05:54:56
-6.449153,16.568044,2023-01-01T05:54:57
-6.449153,16.568044,2023-01-01T05:54:58
-6.449153,16.568044,2023-01-01T05:54:59
-6.449153,16.568044,2023-01-01T05:55:00
-6.449153,16.568044,2023-01-01T05:55:01
-6.449153,16.568044,2023-01-01T05:55:02
-6.449153,16.568044,2023-01-01T05:55:03
-6.449153,16.456849,2023-01-01T05:55:04
-6.449153,16.456849,2023-01-01T05:55:05
-6.449153,16.456849,2023-01-01T05:55:06
-6.449153,16.456849,2023-01-01T05:55:07
-6.449153,16.456849,2023-01-01T05:55:08
-6.449153,16.456849,2023-01-01T05:55:09
