x,y,timestamp
0.000000,0.000000,2023-01-01T00:16:02
0.000000,0.000000,2023-01-01T00:16:03
0.000000,0.000000,2023-01-01T00:16:04
0.111192,0.000000,2023-01-01T00:16:05
0.111192,0.000000,2023-01-01T00:16:06
0.111192,-0.111195,2023-01-01T00:16:07
0.111192,-0.111195,2023-01-01T00:16:08
0.111192,-0.111195,2023-01-01T00:16:09
0.111192,-0.111195,2023-01-01T00:16:10
0.111192,-0.111195,2023-01-01T00:16:11
0.111192,-0.222390,2023-01-01T00:16:12
0.111192,-0.222390,2023-01-01T00:16:13
0.111192,-0.222390,2023-01-01T00:16:14
0.111192,-0.222390,2023-01-01T00:16:15
0.111192,-0.333585,2023-01-01T00:16:16
0.111192,-0.333585,2023-01-01T00:16:17
0.111192,-0.333585,2023-01-01T00:16:18
0.111192,-0.333585,2023-01-01T00:16:19
0.111192,-0.333585,2023-01-01T00:16:20
0.111192,-0.444780,2023-01-01T00:16:21
0.111192,-0.444780,2023-01-01T00:16:22
0.111192,-0.444780,2023-01-01T00:16:23
0.111192,-0.444780,2023-01-01T00:16:24
0.111192,-0.444780,2023-01-01T00:16:25
0.111192,-0.444780,2023-01-01T00:16:26
0.111192,-0.555975,2023-01-01T00:16:27
0.111192,-0.555975,2023-01-01T00:16:28
0.111192,-0.555975,2023-01-01T00:16:29
0.111192,-0.555975,2023-01-01T00:16:30
0.111192,-0.555975,2023-01-01T00:16:31
0.111192,-0.555975,2023-01-01T00:16:32
0.111192,-0.667170,2023-01-01T00:16:33
0.111192,-0.667170,2023-01-01T00:16:34
0.111192,-0.667170,2023-01-01T00:16:35
0.111192,-0.667170,2023-01-01T00:16:36
0.000000,-0.667170,2023-01-01T00:16:37
0.000000,-0.667170,2023-01-01T00:16:38
0.000000,-0.667170,2023-01-01T00:16:39
0.000000,-0.667170,2023-01-01T00:16:40
0.000000,-0.778364,2023-01-01T00:16:41
0.000000,-0.778364,2023-01-01T00:16:42
0.000000,-0.778364,2023-01-01T00:16:43
0.000000,-0.778364,2023-01-01T00:16:44
0.000000,-0.778364,2023-01-01T00:16:45
0.000000,-0.778364,2023-01-01T00:16:46
0.000000,-0.778364,2023-01-01T00:16:47
0.000000,-0.889559,2023-01-01T00:16:48
0.000000,-0.889559,2023-01-01T00:16:49
0.000000,-0.889559,2023-01-01T00:16:50
0.000000,-0.889559,2023-01-01T00:16:51
0.000000,-0.889559,2023-01-01T00:16:52
0.000000,-0.889559,2023-01-01T00:16:53
0.000000,-0.889559,2023-01-01T00:16:54
0.000000,-1.000754,2023-01-01T00:16:55
0.000000,-1.000754,2023-01-01T00:16:56
-0.111192,-1.000754,2023-01-01T00:16:57
-0.111192,-1.000754,2023-01-01T00:16:58
-0.111192,-1.000754,2023-01-01T00:16:59
-0.111192,-1.111949,2023-01-01T00:17:00
-0.111192,-1.111949,2023-01-01T00:17:01
-0.111192,-1.111949,2023-01-01T00:17:02
-0.111192,-1.223144,2023-01-01T00:17:03
-0.111192,-1.223144,2023-01-01T00:17:04
-0.222385,-1.223144,2023-01-01T00:17:05
-0.222385,-1.223144,2023-01-01T00:17:06
-0.222385,-1.334339,2023-01-01T00:17:07
-0.222385,-1.334339,2023-01-01T00:17:08
-0.222385,-1.445534,2023-01-01T00:17:09
-0.222385,-1.445534,2023-01-01T00:17:10
-0.222385,-1.445534,2023-01-01T00:17:11
-0.222385,-1.445534,2023-01-01T00:17:12
-0.111192,-1.556729,2023-01-01T00:17:13
-0.111192,-1.556729,2023-01-01T00:17:14
-0.111192,-1.556729,2023-01-01T00:17:15
-0.111192,-1.667924,2023-01-01T00:17:16
0.000000,-1.667924,2023-01-01T00:17:17
0.000000,-1.667924,2023-01-01T00:17:18
0.000000,-1.779119,2023-01-01T00:17:19
0.000000,-1.779119,2023-01-01T00:17:20
0.000000,-1.890314,2023-01-01T00:17:21
0.111192,-1.890314,2023-01-01T00:17:22
0.111192,-1.890314,2023-01-01T00:17:23
0.111192,-2.001509,2023-01-01T00:17:24
0.111192,-2.001509,2023-01-01T00:17:25
0.111192,-2.112704,2023-01-01T00:17:26
0.111192,-2.112704,2023-01-01T00:17:27
0.111192,-2.223899,2023-01-01T00:17:28
0.111192,-2.223899,2023-01-01T00:17:29
0.111192,-2.335093,2023-01-01T00:17:30
0.111192,-2.446288,2023-01-01T00:17:31
0.111192,-2.446288,2023-01-01T00:17:32
0.111192,-2.446288,2023-01-01T00:17:33
0.222385,-2.557483,2023-01-01T00:17:34
0.222385,-2.557483,2023-01-01T00:17:35
0.222385,-2.668678,2023-01-01T00:17:36
0.222385,-2.668678,2023-01-01T00:17:37
0.222385,-2.779873,2023-01-01T00:17:38
0.222385,-2.779873,2023-01-01T00:17:39
0.222385,-2.891068,2023-01-01T00:17:40
0.222385,-2.891068,2023-01-01T00:17:41
0.222385,-2.891068,2023-01-01T00:17:42
0.222385,-2.891068,2023-01-01T00:17:43
0.333577,-2.891068,2023-01-01T00:17:44
0.333577,-2.891068,2023-01-01T00:17:45
0.333577,-2.891068,2023-01-01T00:17:46
0.333577,-2.891068,2023-01-01T00:17:47
0.333577,-2.891068,2023-01-01T00:17:48
0.444769,-2.891068,2023-01-01T00:17:49
0.444769,-2.891068,2023-01-01T00:17:50
0.444769,-2.891068,2023-01-01T00:17:51
0.444769,-2.891068,2023-01-01T00:17:52
0.444769,-2.891068,2023-01-01T00:17:53
0.555961,-2.891068,2023-01-01T00:17:54
0.555961,-2.891068,2023-01-01T00:17:55
0.555961,-2.891068,2023-01-01T00:17:56
0.555961,-2.891068,2023-01-01T00:17:57
0.667154,-2.891068,2023-01-01T00:17:58
0.667154,-2.891068,2023-01-01T00:17:59
0.667154,-3.002263,2023-01-01T00:18:00
0.667154,-3.002263,2023-01-01T00:18:01
0.667154,-3.002263,2023-01-01T00:18:02
0.667154,-3.002263,2023-01-01T00:18:03
0.778346,-3.002263,2023-01-01T00:18:04
0.778346,-3.002263,2023-01-01T00:18:05
0.778346,-3.002263,2023-01-01T00:18:06
0.778346,-3.002263,2023-01-01T00:18:07
0.778346,-3.002263,2023-01-01T00:18:08
0.778346,-3.002263,2023-01-01T00:18:09
0.889538,-3.002263,2023-01-01T00:18:10
0.889538,-3.002263,2023-01-01T00:18:11
0.889538,-2.891068,2023-01-01T00:18:12
1.000731,-2.891068,2023-01-01T00:18:13
1.000731,-2.891068,2023-01-01T00:18:14
1.000731,-2.891068,2023-01-01T00:18:15
1.000731,-2.779873,2023-01-01T00:18:16
1.111923,-2.779873,2023-01-01T00:18:17
1.111923,-2.779873,2023-01-01T00:18:18
1.111923,-2.668678,2023-01-01T00:18:19
1.223115,-2.668678,2023-01-01T00:18:20
1.223115,-2.668678,2023-01-01T00:18:21
1.223115,-2.557483,2023-01-01T00:18:22
1.223115,-2.557483,2023-01-01T00:18:23
1.334307,-2.557483,2023-01-01T00:18:24
1.334307,-2.446288,2023-01-01T00:18:25
1.334307,-2.446288,2023-01-01T00:18:26
1.334307,-2.446288,2023-01-01T00:18:27
1.445500,-2.335093,2023-01-01T00:18:28
1.445500,-2.335093,2023-01-01T00:18:29
1.445500,-2.335093,2023-01-01T00:18:30
1.445500,-2.223899,2023-01-01T00:18:31
1.556692,-2.223899,2023-01-01T00:18:32
1.556692,-2.223899,2023-01-01T00:18:33
1.556692,-2.112704,2023-01-01T00:18:34
1.556692,-2.112704,2023-01-01T00:18:35
1.556692,-2.112704,2023-01-01T00:18:36
1.667884,-2.112704,2023-01-01T00:18:37
1.667884,-2.001509,2023-01-01T00:18:38
1.667884,-2.001509,2023-01-01T00:18:39
1.667884,-2.001509,2023-01-01T00:18:40
1.779077,-1.890314,2023-01-01T00:18:41
1.779077,-1.890314,2023-01-01T00:18:42
1.779077,-1.890314,2023-01-01T00:18:43
1.779077,-1.890314,2023-01-01T00:18:44
1.779077,-1.779119,2023-01-01T00:18:45
1.890269,-1.779119,2023-01-01T00:18:46
1.890269,-1.779119,2023-01-01T00:18:47
1.890269,-1.779119,2023-01-01T00:18:48
1.890269,-1.667924,2023-01-01T00:18:49
2.001461,-1.667924,2023-01-01T00:18:50
2.001461,-1.667924,2023-01-01T00:18:51
2.001461,-1.667924,2023-01-01T00:18:52
2.112653,-1.667924,2023-01-01T00:18:53
2.112653,-1.556729,2023-01-01T00:18:54
2.112653,-1.556729,2023-01-01T00:18:55
2.223846,-1.556729,2023-01-01T00:18:56
2.223846,-1.556729,2023-01-01T00:18:57
2.223846,-1.556729,2023-01-01T00:18:58
2.335038,-1.445534,2023-01-01T00:18:59
2.335038,-1.445534,2023-01-01T00:19:00
2.335038,-1.445534,2023-01-01T00:19:01
2.446230,-1.445534,2023-01-01T00:19:02
2.446230,-1.445534,2023-01-01T00:19:03
2.446230,-1.334339,2023-01-01T00:19:04
2.557423,-1.334339,2023-01-01T00:19:05
2.557423,-1.334339,2023-01-01T00:19:06
2.668615,-1.334339,2023-01-01T00:19:07
2.668615,-1.334339,2023-01-01T00:19:08
2.668615,-1.223144,2023-01-01T00:19:09
2.779807,-1.223144,2023-01-01T00:19:10
2.779807,-1.223144,2023-01-01T00:19:11
2.779807,-1.223144,2023-01-01T00:19:12
2.779807,-1.223144,2023-01-01T00:19:13
2.779807,-1.223144,2023-01-01T00:19:14
2.890999,-1.111949,2023-01-01T00:19:15
2.890999,-1.111949,2023-01-01T00:19:16
2.890999,-1.111949,2023-01-01T00:19:17
2.890999,-1.111949,2023-01-01T00:19:18
2.890999,-1.111949,2023-01-01T00:19:19
2.890999,-1.111949,2023-01-01T00:19:20
3.002192,-1.000754,2023-01-01T00:19:21
3.002192,-1.000754,2023-01-01T00:19:22
3.002192,-1.000754,2023-01-01T00:19:23
3.002192,-1.000754,2023-01-01T00:19:24
3.002192,-1.000754,2023-01-01T00:19:25
3.002192,-1.000754,2023-01-01T00:19:26
3.002192,-0.889559,2023-01-01T00:19:27
3.002192,-0.889559,2023-01-01T00:19:28
3.002192,-0.889559,2023-01-01T00:19:29
3.113384,-0.889559,2023-01-01T00:19:30
3.113384,-0.889559,2023-01-01T00:19:31
3.113384,-0.778364,2023-01-01T00:19:32
3.113384,-0.778364,2023-01-01T00:19:33
3.113384,-0.778364,2023-01-01T00:19:34
3.113384,-0.778364,2023-01-01T00:19:35
3.113384,-0.778364,2023-01-01T00:19:36
3.113384,-0.667170,2023-01-01T00:19:37
3.113384,-0.667170,2023-01-01T00:19:38
3.113384,-0.667170,2023-01-01T00:19:39
3.113384,-0.667170,2023-01-01T00:19:40
3.113384,-0.667170,2023-01-01T00:19:41
3.113384,-0.555975,2023-01-01T00:19:42
3.113384,-0.555975,2023-01-01T00:19:43
3.113384,-0.555975,2023-01-01T00:19:44
3.113384,-0.555975,2023-01-01T00:19:45
3.113384,-0.555975,2023-01-01T00:19:46
3.113384,-0.444780,2023-01-01T00:19:47
3.113384,-0.444780,2023-01-01T00:19:48
3.113384,-0.444780,2023-01-01T00:19:49
3.113384,-0.444780,2023-01-01T00:19:50
3.113384,-0.333585,2023-01-01T00:19:51
3.113384,-0.333585,2023-01-01T00:19:52
3.113384,-0.333585,2023-01-01T00:19:53
3.113384,-0.333585,2023-01-01T00:19:54
3.113384,-0.333585,2023-01-01T00:19:55
3.113384,-0.222390,2023-01-01T00:19:56
3.113384,-0.222390,2023-01-01T00:19:57
3.113384,-0.222390,2023-01-01T00:19:58
3.113384,-0.222390,2023-01-01T00:19:59
3.113384,-0.222390,2023-01-01T00:20:00
3.113384,-0.111195,2023-01-01T00:20:01
3.113384,-0.111195,2023-01-01T00:20:02
3.113384,-0.111195,2023-01-01T00:20:03
3.002192,-0.111195,2023-01-01T00:20:04
3.002192,0.000000,2023-01-01T00:20:05
3.002192,0.000000,2023-01-01T00:20:06
3.002192,0.000000,2023-01-01T00:20:07
3.002192,0.000000,2023-01-01T00:20:08
3.002192,0.111195,2023-01-01T00:20:09
3.002192,0.111195,2023-01-01T00:20:10
3.002192,0.111195,2023-01-01T00:20:11
3.002192,0.111195,2023-01-01T00:20:12
3.002192,0.111195,2023-01-01T00:20:13
3.002192,0.111195,2023-01-01T00:20:14
3.113384,0.111195,2023-01-01T00:20:15
3.113384,0.222390,2023-01-01T00:20:16
3.113384,0.222390,2023-01-01T00:20:17
3.113384,0.222390,2023-01-01T00:20:18
3.113384,0.222390,2023-01-01T00:20:19
3.113384,0.222390,2023-01-01T00:20:20
3.113384,0.222390,2023-01-01T00:20:21
3.113384,0.222390,2023-01-01T00:20:22
3.113384,0.222390,2023-01-01T00:20:23
3.113384,0.222390,2023-01-01T00:20:24
3.113384,0.222390,2023-01-01T00:20:25
3.224576,0.222390,2023-01-01T00:20:26
3.224576,0.222390,2023-01-01T00:20:27
3.224576,0.333585,2023-01-01T00:20:28
3.224576,0.333585,2023-01-01T00:20:29
3.224576,0.333585,2023-01-01T00:20:30
3.224576,0.333585,2023-01-01T00:20:31
3.224576,0.333585,2023-01-01T00:20:32
3.335769,0.333585,2023-01-01T00:20:33
3.335769,0.333585,2023-01-01T00:20:34
3.335769,0.333585,2023-01-01T00:20:35
3.335769,0.333585,2023-01-01T00:20:36
3.335769,0.333585,2023-01-01T00:20:37
3.335769,0.333585,2023-01-01T00:20:38
3.446961,0.333585,2023-01-01T00:20:39
3.446961,0.333585,2023-01-01T00:20:40
3.446961,0.333585,2023-01-01T00:20:41
3.446961,0.333585,2023-01-01T00:20:42
3.558153,0.333585,2023-01-01T00:20:43
3.558153,0.333585,2023-01-01T00:20:44
3.558153,0.333585,2023-01-01T00:20:45
3.558153,0.333585,2023-01-01T00:20:46
3.669345,0.333585,2023-01-01T00:20:47
3.669345,0.333585,2023-01-01T00:20:48
3.669345,0.333585,2023-01-01T00:20:49
3.669345,0.333585,2023-01-01T00:20:50
3.780538,0.333585,2023-01-01T00:20:51
3.780538,0.333585,2023-01-01T00:20:52
3.780538,0.333585,2023-01-01T00:20:53
3.780538,0.222390,2023-01-01T00:20:54
3.891730,0.222390,2023-01-01T00:20:55
3.891730,0.222390,2023-01-01T00:20:56
3.891730,0.222390,2023-01-01T00:20:57
4.002922,0.222390,2023-01-01T00:20:58
4.002922,0.222390,2023-01-01T00:20:59
4.002922,0.222390,2023-01-01T00:21:00
4.114115,0.222390,2023-01-01T00:21:01
4.114115,0.222390,2023-01-01T00:21:02
4.114115,0.222390,2023-01-01T00:21:03
4.225307,0.222390,2023-01-01T00:21:04
4.225307,0.222390,2023-01-01T00:21:05
4.225307,0.111195,2023-01-01T00:21:06
4.336499,0.111195,2023-01-01T00:21:07
4.336499,0.111195,2023-01-01T00:21:08
4.336499,0.111195,2023-01-01T00:21:09
4.447691,0.111195,2023-01-01T00:21:10
4.447691,0.111195,2023-01-01T00:21:11
4.447691,0.111195,2023-01-01T00:21:12
4.447691,0.111195,2023-01-01T00:21:13
4.447691,0.111195,2023-01-01T00:21:14
4.447691,0.111195,2023-01-01T00:21:15
4.447691,0.000000,2023-01-01T00:21:16
4.447691,0.000000,2023-01-01T00:21:17
4.447691,0.000000,2023-01-01T00:21:18
4.558884,0.000000,2023-01-01T00:21:19
4.558884,0.000000,2023-01-01T00:21:20
4.558884,0.000000,2023-01-01T00:21:21
4.558884,-0.111195,2023-01-01T00:21:22
4.558884,-0.111195,2023-01-01T00:21:23
4.558884,-0.111195,2023-01-01T00:21:24
4.558884,-0.111195,2023-01-01T00:21:25
4.670076,-0.111195,2023-01-01T00:21:26
4.670076,-0.111195,2023-01-01T00:21:27
4.670076,-0.111195,2023-01-01T00:21:28
4.670076,-0.111195,2023-01-01T00:21:29
4.670076,-0.222390,2023-01-01T00:21:30
4.670076,-0.222390,2023-01-01T00:21:31
4.781268,-0.222390,2023-01-01T00:21:32
4.781268,-0.222390,2023-01-01T00:21:33
4.781268,-0.222390,2023-01-01T00:21:34
4.781268,-0.222390,2023-01-01T00:21:35
4.781268,-0.333585,2023-01-01T00:21:36
4.892461,-0.333585,2023-01-01T00:21:37
4.892461,-0.333585,2023-01-01T00:21:38
4.892461,-0.333585,2023-01-01T00:21:39
4.892461,-0.333585,2023-01-01T00:21:40
4.892461,-0.333585,2023-01-01T00:21:41
4.892461,-0.333585,2023-01-01T00:21:42
4.892461,-0.444780,2023-01-01T00:21:43
4.892461,-0.444780,2023-01-01T00:21:44
4.892461,-0.444780,2023-01-01T00:21:45
4.892461,-0.444780,2023-01-01T00:21:46
4.892461,-0.444780,2023-01-01T00:21:47
4.892461,-0.444780,2023-01-01T00:21:48
4.892461,-0.444780,2023-01-01T00:21:49
4.781268,-0.444780,2023-01-01T00:21:50
4.781268,-0.444780,2023-01-01T00:21:51
4.781268,-0.444780,2023-01-01T00:21:52
4.781268,-0.555975,2023-01-01T00:21:53
4.781268,-0.555975,2023-01-01T00:21:54
4.781268,-0.555975,2023-01-01T00:21:55
4.781268,-0.555975,2023-01-01T00:21:56
4.781268,-0.555975,2023-01-01T00:21:57
4.781268,-0.555975,2023-01-01T00:21:58
4.781268,-0.555975,2023-01-01T00:21:59
4.670076,-0.555975,2023-01-01T00:22:00
4.670076,-0.555975,2023-01-01T00:22:01
4.670076,-0.555975,2023-01-01T00:22:02
4.670076,-0.555975,2023-01-01T00:22:03
4.670076,-0.555975,2023-01-01T00:22:04
4.670076,-0.667170,2023-01-01T00:22:05
4.670076,-0.667170,2023-01-01T00:22:06
4.670076,-0.667170,2023-01-01T00:22:07
4.670076,-0.667170,2023-01-01T00:22:08
4.670076,-0.667170,2023-01-01T00:22:09
4.558884,-0.555975,2023-01-01T00:22:10
4.447691,-0.555975,2023-01-01T00:22:11
4.336499,-0.555975,2023-01-01T00:22:12
4.336499,-0.555975,2023-01-01T00:22:13
4.225307,-0.555975,2023-01-01T00:22:14
4.114115,-0.444780,2023-01-01T00:22:15
4.114115,-0.444780,2023-01-01T00:22:16
4.002922,-0.444780,2023-01-01T00:22:17
3.891730,-0.444780,2023-01-01T00:22:18
3.891730,-0.444780,2023-01-01T00:22:19
3.780538,-0.333585,2023-01-01T00:22:20
3.780538,-0.333585,2023-01-01T00:22:21
3.669345,-0.333585,2023-01-01T00:22:22
3.669345,-0.333585,2023-01-01T00:22:23
3.558153,-0.222390,2023-01-01T00:22:24
3.558153,-0.222390,2023-01-01T00:22:25
3.446961,-0.222390,2023-01-01T00:22:26
3.446961,-0.111195,2023-01-01T00:22:27
3.335769,-0.111195,2023-01-01T00:22:28
3.335769,-0.111195,2023-01-01T00:22:29
3.224576,-0.111195,2023-01-01T00:22:30
3.224576,0.000000,2023-01-01T00:22:31
3.224576,0.000000,2023-01-01T00:22:32
3.113384,0.000000,2023-01-01T00:22:33
3.113384,0.000000,2023-01-01T00:22:34
3.113384,0.111195,2023-01-01T00:22:35
3.002192,0.111195,2023-01-01T00:22:36
3.002192,0.111195,2023-01-01T00:22:37
2.890999,0.111195,2023-01-01T00:22:38
2.890999,0.222390,2023-01-01T00:22:39
2.890999,0.222390,2023-01-01T00:22:40
2.890999,0.222390,2023-01-01T00:22:41
2.890999,0.222390,2023-01-01T00:22:42
2.890999,0.222390,2023-01-01T00:22:43
2.890999,0.333585,2023-01-01T00:22:44
2.890999,0.333585,2023-01-01T00:22:45
2.890999,0.333585,2023-01-01T00:22:46
2.890999,0.333585,2023-01-01T00:22:47
2.779807,0.333585,2023-01-01T00:22:48
2.779807,0.333585,2023-01-01T00:22:49
2.779807,0.333585,2023-01-01T00:22:50
2.779807,0.333585,2023-01-01T00:22:51
2.779807,0.333585,2023-01-01T00:22:52
2.779807,0.444780,2023-01-01T00:22:53
2.779807,0.444780,2023-01-01T00:22:54
2.779807,0.444780,2023-01-01T00:22:55
2.779807,0.444780,2023-01-01T00:22:56
2.779807,0.444780,2023-01-01T00:22:57
2.779807,0.444780,2023-01-01T00:22:58
2.779807,0.444780,2023-01-01T00:22:59
2.779807,0.444780,2023-01-01T00:23:00
2.779807,0.444780,2023-01-01T00:23:01
2.779807,0.444780,2023-01-01T00:23:02
2.779807,0.555975,2023-01-01T00:23:03
2.668615,0.555975,2023-01-01T00:23:04
2.668615,0.555975,2023-01-01T00:23:05
2.668615,0.555975,2023-01-01T00:23:06
2.668615,0.444780,2023-01-01T00:23:07
2.668615,0.444780,2023-01-01T00:23:08
2.668615,0.444780,2023-01-01T00:23:09
2.668615,0.333585,2023-01-01T00:23:10
2.668615,0.222390,2023-01-01T00:23:11
2.668615,0.222390,2023-01-01T00:23:12
2.557423,0.111195,2023-01-01T00:23:13
2.557423,0.000000,2023-01-01T00:23:14
2.557423,-0.111195,2023-01-01T00:23:15
2.557423,-0.222390,2023-01-01T00:23:16
2.557423,-0.333585,2023-01-01T00:23:17
2.446230,-0.444780,2023-01-01T00:23:18
2.446230,-0.667170,2023-01-01T00:23:19
2.446230,-0.778364,2023-01-01T00:23:20
2.335038,-0.889559,2023-01-01T00:23:21
2.335038,-1.000754,2023-01-01T00:23:22
2.223846,-1.223144,2023-01-01T00:23:23
2.223846,-1.445534,2023-01-01T00:23:24
2.112653,-1.667924,2023-01-01T00:23:25
2.001461,-1.890314,2023-01-01T00:23:26
2.001461,-2.112704,2023-01-01T00:23:27
1.890269,-2.335093,2023-01-01T00:23:28
1.779077,-2.557483,2023-01-01T00:23:29
1.667884,-2.779873,2023-01-01T00:23:30
1.556692,-3.113458,2023-01-01T00:23:31
1.445500,-3.335848,2023-01-01T00:23:32
1.334307,-3.558238,2023-01-01T00:23:33
1.223115,-3.891822,2023-01-01T00:23:34
1.111923,-4.114212,2023-01-01T00:23:35
1.000731,-4.336602,2023-01-01T00:23:36
0.889538,-4.670187,2023-01-01T00:23:37
0.778346,-4.892577,2023-01-01T00:23:38
0.667154,-5.114967,2023-01-01T00:23:39
0.667154,-5.114967,2023-01-01T00:23:40
0.667154,-5.114967,2023-01-01T00:23:41
0.778346,-5.114967,2023-01-01T00:23:42
0.778346,-5.114967,2023-01-01T00:23:43
0.778346,-5.114967,2023-01-01T00:23:44
0.778346,-5.114967,2023-01-01T00:23:45
0.778346,-5.114967,2023-01-01T00:23:46
0.778346,-5.114967,2023-01-01T00:23:47
0.778346,-5.114967,2023-01-01T00:23:48
0.778346,-5.114967,2023-01-01T00:23:49
0.778346,-5.114967,2023-01-01T00:23:50
0.778346,-5.114967,2023-01-01T00:23:51
0.778346,-5.114967,2023-01-01T00:23:52
0.778346,-5.114967,2023-01-01T00:23:53
0.778346,-5.114967,2023-01-01T00:23:54
0.778346,-5.114967,2023-01-01T00:23:55
0.889538,-5.114967,2023-01-01T00:23:56
0.889538,-5.114967,2023-01-01T00:23:57
0.889538,-5.114967,2023-01-01T00:23:58
0.889538,-5.114967,2023-01-01T00:23:59
0.889538,-5.114967,2023-01-01T00:24:00
0.889538,-5.114967,2023-01-01T00:24:01
0.889538,-5.114967,2023-01-01T00:24:02
0.889538,-5.114967,2023-01-01T00:24:03
0.889538,-5.114967,2023-01-01T00:24:04
0.889538,-5.114967,2023-01-01T00:24:05
0.889538,-5.114967,2023-01-01T00:24:06
0.889538,-5.114967,2023-01-01T00:24:07
0.889538,-5.114967,2023-01-01T00:24:08
0.889538,-5.114967,2023-01-01T00:24:09
1.000731,-5.003772,2023-01-01T00:24:10
1.000731,-4.892577,2023-01-01T00:24:11
1.000731,-4.781382,2023-01-01T00:24:12
1.111923,-4.670187,2023-01-01T00:24:13
1.111923,-4.558992,2023-01-01T00:24:14
1.223115,-4.447797,2023-01-01T00:24:15
1.223115,-4.336602,2023-01-01T00:24:16
1.223115,-4.225407,2023-01-01T00:24:17
1.334307,-4.114212,2023-01-01T00:24:18
1.334307,-4.114212,2023-01-01T00:24:19
1.334307,-4.003017,2023-01-01T00:24:20
1.445500,-3.891822,2023-01-01T00:24:21
1.445500,-3.780628,2023-01-01T00:24:22
1.445500,-3.780628,2023-01-01T00:24:23
1.556692,-3.669433,2023-01-01T00:24:24
1.556692,-3.558238,2023-01-01T00:24:25
1.556692,-3.558238,2023-01-01T00:24:26
1.556692,-3.447043,2023-01-01T00:24:27
1.667884,-3.335848,2023-01-01T00:24:28
1.667884,-3.335848,2023-01-01T00:24:29
1.667884,-3.224653,2023-01-01T00:24:30
1.667884,-3.113458,2023-01-01T00:24:31
1.779077,-3.113458,2023-01-01T00:24:32
1.779077,-3.002263,2023-01-01T00:24:33
1.779077,-3.002263,2023-01-01T00:24:34
1.779077,-2.891068,2023-01-01T00:24:35
1.890269,-2.891068,2023-01-01T00:24:36
1.890269,-2.779873,2023-01-01T00:24:37
1.890269,-2.779873,2023-01-01T00:24:38
1.890269,-2.668678,2023-01-01T00:24:39
1.890269,-2.668678,2023-01-01T00:24:40
1.890269,-2.557483,2023-01-01T00:24:41
2.001461,-2.557483,2023-01-01T00:24:42
2.001461,-2.446288,2023-01-01T00:24:43
2.001461,-2.446288,2023-01-01T00:24:44
2.001461,-2.446288,2023-01-01T00:24:45
2.001461,-2.335093,2023-01-01T00:24:46
2.001461,-2.335093,2023-01-01T00:24:47
2.001461,-2.223899,2023-01-01T00:24:48
2.001461,-2.223899,2023-01-01T00:24:49
2.112653,-2.223899,2023-01-01T00:24:50
2.112653,-2.112704,2023-01-01T00:24:51
2.112653,-2.112704,2023-01-01T00:24:52
2.112653,-2.112704,2023-01-01T00:24:53
2.112653,-2.001509,2023-01-01T00:24:54
2.112653,-2.001509,2023-01-01T00:24:55
2.112653,-2.001509,2023-01-01T00:24:56
2.112653,-2.001509,2023-01-01T00:24:57
2.112653,-2.001509,2023-01-01T00:24:58
2.112653,-1.890314,2023-01-01T00:24:59
2.112653,-1.890314,2023-01-01T00:25:00
2.112653,-1.890314,2023-01-01T00:25:01
2.112653,-1.890314,2023-01-01T00:25:02
2.223846,-1.779119,2023-01-01T00:25:03
2.223846,-1.779119,2023-01-01T00:25:04
2.223846,-1.779119,2023-01-01T00:25:05
2.223846,-1.779119,2023-01-01T00:25:06
2.223846,-1.779119,2023-01-01T00:25:07
2.223846,-1.779119,2023-01-01T00:25:08
2.335038,-1.779119,2023-01-01T00:25:09
2.335038,-1.779119,2023-01-01T00:25:10
2.446230,-1.779119,2023-01-01T00:25:11
2.446230,-1.779119,2023-01-01T00:25:12
2.557423,-1.779119,2023-01-01T00:25:13
2.557423,-1.779119,2023-01-01T00:25:14
2.668615,-1.779119,2023-01-01T00:25:15
2.668615,-1.779119,2023-01-01T00:25:16
2.779807,-1.779119,2023-01-01T00:25:17
2.779807,-1.779119,2023-01-01T00:25:18
2.890999,-1.779119,2023-01-01T00:25:19
2.890999,-1.779119,2023-01-01T00:25:20
2.890999,-1.779119,2023-01-01T00:25:21
3.002192,-1.779119,2023-01-01T00:25:22
3.002192,-1.890314,2023-01-01T00:25:23
3.113384,-1.890314,2023-01-01T00:25:24
3.113384,-1.890314,2023-01-01T00:25:25
3.113384,-1.890314,2023-01-01T00:25:26
3.224576,-1.890314,2023-01-01T00:25:27
3.224576,-1.890314,2023-01-01T00:25:28
3.335769,-1.890314,2023-01-01T00:25:29
3.335769,-1.890314,2023-01-01T00:25:30
3.335769,-1.890314,2023-01-01T00:25:31
3.446961,-1.890314,2023-01-01T00:25:32
3.446961,-1.890314,2023-01-01T00:25:33
3.446961,-2.001509,2023-01-01T00:25:34
3.558153,-2.001509,2023-01-01T00:25:35
3.558153,-2.001509,2023-01-01T00:25:36
3.669345,-2.001509,2023-01-01T00:25:37
3.669345,-2.001509,2023-01-01T00:25:38
3.780538,-2.001509,2023-01-01T00:25:39
3.780538,-2.001509,2023-01-01T00:25:40
3.780538,-2.001509,2023-01-01T00:25:41
3.780538,-1.890314,2023-01-01T00:25:42
3.780538,-1.890314,2023-01-01T00:25:43
3.780538,-1.890314,2023-01-01T00:25:44
3.780538,-1.890314,2023-01-01T00:25:45
3.780538,-1.779119,2023-01-01T00:25:46
3.780538,-1.779119,2023-01-01T00:25:47
3.780538,-1.779119,2023-01-01T00:25:48
3.891730,-1.779119,2023-01-01T00:25:49
3.891730,-1.779119,2023-01-01T00:25:50
3.891730,-1.779119,2023-01-01T00:25:51
4.002922,-1.779119,2023-01-01T00:25:52
4.002922,-1.779119,2023-01-01T00:25:53
4.002922,-1.667924,2023-01-01T00:25:54
4.114115,-1.667924,2023-01-01T00:25:55
4.114115,-1.667924,2023-01-01T00:25:56
4.225307,-1.667924,2023-01-01T00:25:57
4.225307,-1.667924,2023-01-01T00:25:58
4.336499,-1.667924,2023-01-01T00:25:59
4.336499,-1.667924,2023-01-01T00:26:00
4.447691,-1.667924,2023-01-01T00:26:01
4.447691,-1.667924,2023-01-01T00:26:02
4.558884,-1.667924,2023-01-01T00:26:03
4.558884,-1.667924,2023-01-01T00:26:04
4.670076,-1.667924,2023-01-01T00:26:05
4.781268,-1.667924,2023-01-01T00:26:06
4.781268,-1.667924,2023-01-01T00:26:07
4.892461,-1.667924,2023-01-01T00:26:08
4.892461,-1.667924,2023-01-01T00:26:09
5.003653,-1.667924,2023-01-01T00:26:10
5.003653,-1.667924,2023-01-01T00:26:11
5.114845,-1.667924,2023-01-01T00:26:12
5.114845,-1.667924,2023-01-01T00:26:13
5.114845,-1.667924,2023-01-01T00:26:14
5.226037,-1.667924,2023-01-01T00:26:15
5.226037,-1.556729,2023-01-01T00:26:16
5.226037,-1.556729,2023-01-01T00:26:17
5.337230,-1.556729,2023-01-01T00:26:18
5.337230,-1.556729,2023-01-01T00:26:19
5.337230,-1.556729,2023-01-01T00:26:20
5.448422,-1.556729,2023-01-01T00:26:21
5.448422,-1.445534,2023-01-01T00:26:22
5.448422,-1.445534,2023-01-01T00:26:23
5.448422,-1.445534,2023-01-01T00:26:24
5.448422,-1.445534,2023-01-01T00:26:25
5.559614,-1.334339,2023-01-01T00:26:26
5.559614,-1.334339,2023-01-01T00:26:27
5.559614,-1.334339,2023-01-01T00:26:28
5.559614,-1.334339,2023-01-01T00:26:29
5.559614,-1.223144,2023-01-01T00:26:30
5.559614,-1.223144,2023-01-01T00:26:31
5.559614,-1.223144,2023-01-01T00:26:32
5.559614,-1.223144,2023-01-01T00:26:33
5.559614,-1.111949,2023-01-01T00:26:34
5.559614,-1.111949,2023-01-01T00:26:35
5.559614,-1.111949,2023-01-01T00:26:36
5.559614,-1.111949,2023-01-01T00:26:37
5.559614,-1.000754,2023-01-01T00:26:38
5.559614,-1.000754,2023-01-01T00:26:39
5.559614,-1.000754,2023-01-01T00:26:40
5.448422,-0.889559,2023-01-01T00:26:41
5.448422,-0.889559,2023-01-01T00:26:42
5.448422,-0.889559,2023-01-01T00:26:43
5.337230,-0.778364,2023-01-01T00:26:44
5.337230,-0.778364,2023-01-01T00:26:45
5.226037,-0.667170,2023-01-01T00:26:46
5.226037,-0.667170,2023-01-01T00:26:47
5.226037,-0.667170,2023-01-01T00:26:48
5.114845,-0.555975,2023-01-01T00:26:49
5.114845,-0.555975,2023-01-01T00:26:50
5.003653,-0.444780,2023-01-01T00:26:51
5.003653,-0.444780,2023-01-01T00:26:52
4.892461,-0.333585,2023-01-01T00:26:53
4.892461,-0.333585,2023-01-01T00:26:54
4.781268,-0.222390,2023-01-01T00:26:55
4.781268,-0.222390,2023-01-01T00:26:56
4.670076,-0.111195,2023-01-01T00:26:57
4.670076,-0.111195,2023-01-01T00:26:58
4.670076,0.000000,2023-01-01T00:26:59
4.558884,0.000000,2023-01-01T00:27:00
4.558884,0.111195,2023-01-01T00:27:01
4.447691,0.111195,2023-01-01T00:27:02
4.447691,0.222390,2023-01-01T00:27:03
4.336499,0.222390,2023-01-01T00:27:04
4.225307,0.333585,2023-01-01T00:27:05
4.225307,0.333585,2023-01-01T00:27:06
4.114115,0.444780,2023-01-01T00:27:07
4.114115,0.555975,2023-01-01T00:27:08
4.002922,0.555975,2023-01-01T00:27:09
4.002922,0.667170,2023-01-01T00:27:10
4.002922,0.667170,2023-01-01T00:27:11
4.002922,0.667170,2023-01-01T00:27:12
3.891730,0.667170,2023-01-01T00:27:13
3.891730,0.667170,2023-01-01T00:27:14
3.891730,0.778364,2023-01-01T00:27:15
3.780538,0.778364,2023-01-01T00:27:16
3.780538,0.778364,2023-01-01T00:27:17
3.780538,0.889559,2023-01-01T00:27:18
3.669345,0.889559,2023-01-01T00:27:19
3.669345,0.889559,2023-01-01T00:27:20
3.669345,0.889559,2023-01-01T00:27:21
3.558153,1.000754,2023-01-01T00:27:22
3.558153,1.000754,2023-01-01T00:27:23
3.558153,1.000754,2023-01-01T00:27:24
3.446961,1.111949,2023-01-01T00:27:25
3.446961,1.111949,2023-01-01T00:27:26
3.446961,1.223144,2023-01-01T00:27:27
3.335769,1.223144,2023-01-01T00:27:28
3.335769,1.223144,2023-01-01T00:27:29
3.335769,1.334339,2023-01-01T00:27:30
3.224576,1.334339,2023-01-01T00:27:31
3.224576,1.445534,2023-01-01T00:27:32
3.113384,1.445534,2023-01-01T00:27:33
3.113384,1.445534,2023-01-01T00:27:34
3.113384,1.556729,2023-01-01T00:27:35
3.002192,1.556729,2023-01-01T00:27:36
3.002192,1.667924,2023-01-01T00:27:37
2.890999,1.667924,2023-01-01T00:27:38
2.890999,1.779119,2023-01-01T00:27:39
2.890999,1.779119,2023-01-01T00:27:40
2.779807,1.779119,2023-01-01T00:27:41
2.779807,1.779119,2023-01-01T00:27:42
2.779807,1.779119,2023-01-01T00:27:43
2.668615,1.779119,2023-01-01T00:27:44
2.668615,1.779119,2023-01-01T00:27:45
2.668615,1.779119,2023-01-01T00:27:46
2.668615,1.890314,2023-01-01T00:27:47
2.557423,1.890314,2023-01-01T00:27:48
2.557423,1.890314,2023-01-01T00:27:49
2.557423,1.890314,2023-01-01T00:27:50
2.446230,1.890314,2023-01-01T00:27:51
2.446230,2.001509,2023-01-01T00:27:52
2.446230,2.001509,2023-01-01T00:27:53
2.446230,2.001509,2023-01-01T00:27:54
2.335038,2.001509,2023-01-01T00:27:55
2.335038,2.112704,2023-01-01T00:27:56
2.335038,2.112704,2023-01-01T00:27:57
2.223846,2.112704,2023-01-01T00:27:58
2.223846,2.112704,2023-01-01T00:27:59
2.223846,2.223899,2023-01-01T00:28:00
2.112653,2.223899,2023-01-01T00:28:01
2.112653,2.223899,2023-01-01T00:28:02
2.112653,2.223899,2023-01-01T00:28:03
2.001461,2.335093,2023-01-01T00:28:04
2.001461,2.335093,2023-01-01T00:28:05
2.001461,2.335093,2023-01-01T00:28:06
1.890269,2.446288,2023-01-01T00:28:07
1.890269,2.446288,2023-01-01T00:28:08
1.890269,2.446288,2023-01-01T00:28:09
1.890269,2.446288,2023-01-01T00:28:10
1.890269,2.446288,2023-01-01T00:28:11
1.890269,2.446288,2023-01-01T00:28:12
1.890269,2.446288,2023-01-01T00:28:13
1.890269,2.446288,2023-01-01T00:28:14
1.890269,2.335093,2023-01-01T00:28:15
1.890269,2.335093,2023-01-01T00:28:16
1.890269,2.335093,2023-01-01T00:28:17
1.890269,2.335093,2023-01-01T00:28:18
1.890269,2.335093,2023-01-01T00:28:19
1.890269,2.335093,2023-01-01T00:28:20
1.890269,2.223899,2023-01-01T00:28:21
2.001461,2.223899,2023-01-01T00:28:22
2.001461,2.223899,2023-01-01T00:28:23
2.001461,2.223899,2023-01-01T00:28:24
2.001461,2.223899,2023-01-01T00:28:25
2.001461,2.223899,2023-01-01T00:28:26
2.112653,2.223899,2023-01-01T00:28:27
2.112653,2.112704,2023-01-01T00:28:28
2.112653,2.112704,2023-01-01T00:28:29
2.112653,2.112704,2023-01-01T00:28:30
2.223846,2.112704,2023-01-01T00:28:31
2.223846,2.112704,2023-01-01T00:28:32
2.223846,2.001509,2023-01-01T00:28:33
2.335038,2.001509,2023-01-01T00:28:34
2.335038,2.001509,2023-01-01T00:28:35
2.446230,2.001509,2023-01-01T00:28:36
2.446230,2.001509,2023-01-01T00:28:37
2.446230,1.890314,2023-01-01T00:28:38
2.557423,1.890314,2023-01-01T00:28:39
2.557423,1.890314,2023-01-01T00:28:40
2.668615,1.779119,2023-01-01T00:28:41
2.668615,1.779119,2023-01-01T00:28:42
2.668615,1.779119,2023-01-01T00:28:43
2.779807,1.667924,2023-01-01T00:28:44
2.779807,1.667924,2023-01-01T00:28:45
2.890999,1.556729,2023-01-01T00:28:46
2.890999,1.556729,2023-01-01T00:28:47
3.002192,1.556729,2023-01-01T00:28:48
3.002192,1.445534,2023-01-01T00:28:49
3.113384,1.445534,2023-01-01T00:28:50
3.113384,1.334339,2023-01-01T00:28:51
3.224576,1.334339,2023-01-01T00:28:52
3.224576,1.334339,2023-01-01T00:28:53
3.335769,1.223144,2023-01-01T00:28:54
3.335769,1.223144,2023-01-01T00:28:55
3.446961,1.223144,2023-01-01T00:28:56
3.446961,1.111949,2023-01-01T00:28:57
3.558153,1.111949,2023-01-01T00:28:58
3.669345,1.000754,2023-01-01T00:28:59
3.669345,1.000754,2023-01-01T00:29:00
3.780538,1.000754,2023-01-01T00:29:01
3.891730,0.889559,2023-01-01T00:29:02
3.891730,0.889559,2023-01-01T00:29:03
4.002922,0.778364,2023-01-01T00:29:04
4.114115,0.778364,2023-01-01T00:29:05
4.114115,0.778364,2023-01-01T00:29:06
4.225307,0.667170,2023-01-01T00:29:07
4.336499,0.667170,2023-01-01T00:29:08
4.447691,0.555975,2023-01-01T00:29:09
4.447691,0.555975,2023-01-01T00:29:10
4.447691,0.555975,2023-01-01T00:29:11
4.447691,0.555975,2023-01-01T00:29:12
4.447691,0.555975,2023-01-01T00:29:13
4.447691,0.555975,2023-01-01T00:29:14
4.558884,0.555975,2023-01-01T00:29:15
4.558884,0.444780,2023-01-01T00:29:16
4.558884,0.444780,2023-01-01T00:29:17
4.558884,0.444780,2023-01-01T00:29:18
4.670076,0.444780,2023-01-01T00:29:19
4.670076,0.444780,2023-01-01T00:29:20
4.670076,0.444780,2023-01-01T00:29:21
4.781268,0.333585,2023-01-01T00:29:22
4.781268,0.333585,2023-01-01T00:29:23
4.892461,0.333585,2023-01-01T00:29:24
4.892461,0.333585,2023-01-01T00:29:25
4.892461,0.333585,2023-01-01T00:29:26
5.003653,0.222390,2023-01-01T00:29:27
5.003653,0.222390,2023-01-01T00:29:28
5.114845,0.222390,2023-01-01T00:29:29
5.226037,0.222390,2023-01-01T00:29:30
5.226037,0.111195,2023-01-01T00:29:31
5.337230,0.111195,2023-01-01T00:29:32
5.337230,0.111195,2023-01-01T00:29:33
5.448422,0.111195,2023-01-01T00:29:34
5.448422,0.000000,2023-01-01T00:29:35
5.559614,0.000000,2023-01-01T00:29:36
5.670807,0.000000,2023-01-01T00:29:37
5.670807,0.000000,2023-01-01T00:29:38
5.781999,-0.111195,2023-01-01T00:29:39
5.781999,0.000000,2023-01-01T00:29:40
5.781999,0.000000,2023-01-01T00:29:41
5.781999,0.000000,2023-01-01T00:29:42
5.781999,0.000000,2023-01-01T00:29:43
5.781999,0.000000,2023-01-01T00:29:44
5.670807,0.000000,2023-01-01T00:29:45
5.670807,0.000000,2023-01-01T00:29:46
5.781999,0.000000,2023-01-01T00:29:47
5.781999,0.000000,2023-01-01T00:29:48
5.781999,0.000000,2023-01-01T00:29:49
5.781999,0.000000,2023-01-01T00:29:50
5.781999,0.000000,2023-01-01T00:29:51
5.781999,0.000000,2023-01-01T00:29:52
5.781999,-0.111195,2023-01-01T00:29:53
5.893191,-0.111195,2023-01-01T00:29:54
5.893191,-0.111195,2023-01-01T00:29:55
5.893191,-0.111195,2023-01-01T00:29:56
6.004383,-0.111195,2023-01-01T00:29:57
6.004383,-0.111195,2023-01-01T00:29:58
6.004383,-0.111195,2023-01-01T00:29:59
6.115576,-0.111195,2023-01-01T00:30:00
6.115576,-0.111195,2023-01-01T00:30:01
6.115576,-0.111195,2023-01-01T00:30:02
6.226768,-0.111195,2023-01-01T00:30:03
6.226768,-0.222390,2023-01-01T00:30:04
6.226768,-0.222390,2023-01-01T00:30:05
6.337960,-0.222390,2023-01-01T00:30:06
6.337960,-0.222390,2023-01-01T00:30:07
6.337960,-0.222390,2023-01-01T00:30:08
6.337960,-0.222390,2023-01-01T00:30:09
6.337960,-0.111195,2023-01-01T00:30:10
6.337960,-0.111195,2023-01-01T00:30:11
6.226768,-0.111195,2023-01-01T00:30:12
6.226768,-0.111195,2023-01-01T00:30:13
6.115576,0.000000,2023-01-01T00:30:14
6.115576,0.000000,2023-01-01T00:30:15
6.004383,0.000000,2023-01-01T00:30:16
6.004383,0.111195,2023-01-01T00:30:17
5.893191,0.111195,2023-01-01T00:30:18
5.893191,0.111195,2023-01-01T00:30:19
5.893191,0.111195,2023-01-01T00:30:20
5.781999,0.222390,2023-01-01T00:30:21
5.781999,0.222390,2023-01-01T00:30:22
5.670807,0.333585,2023-01-01T00:30:23
5.670807,0.333585,2023-01-01T00:30:24
5.670807,0.333585,2023-01-01T00:30:25
5.559614,0.444780,2023-01-01T00:30:26
5.559614,0.444780,2023-01-01T00:30:27
5.448422,0.555975,2023-01-01T00:30:28
5.448422,0.555975,2023-01-01T00:30:29
5.448422,0.667170,2023-01-01T00:30:30
5.337230,0.667170,2023-01-01T00:30:31
5.337230,0.778364,2023-01-01T00:30:32
5.337230,0.778364,2023-01-01T00:30:33
5.226037,0.889559,2023-01-01T00:30:34
5.226037,0.889559,2023-01-01T00:30:35
5.226037,1.000754,2023-01-01T00:30:36
5.114845,1.111949,2023-01-01T00:30:37
5.114845,1.111949,2023-01-01T00:30:38
5.114845,1.223144,2023-01-01T00:30:39
5.003653,1.223144,2023-01-01T00:30:40
5.003653,1.223144,2023-01-01T00:30:41
4.892461,1.334339,2023-01-01T00:30:42
4.781268,1.334339,2023-01-01T00:30:43
4.781268,1.445534,2023-01-01T00:30:44
4.670076,1.445534,2023-01-01T00:30:45
4.670076,1.445534,2023-01-01T00:30:46
4.558884,1.556729,2023-01-01T00:30:47
4.558884,1.556729,2023-01-01T00:30:48
4.447691,1.667924,2023-01-01T00:30:49
4.447691,1.667924,2023-01-01T00:30:50
4.336499,1.779119,2023-01-01T00:30:51
4.336499,1.779119,2023-01-01T00:30:52
4.225307,1.890314,2023-01-01T00:30:53
4.225307,1.890314,2023-01-01T00:30:54
4.114115,2.001509,2023-01-01T00:30:55
4.114115,2.001509,2023-01-01T00:30:56
4.002922,2.112704,2023-01-01T00:30:57
4.002922,2.112704,2023-01-01T00:30:58
3.891730,2.223899,2023-01-01T00:30:59
3.891730,2.223899,2023-01-01T00:31:00
3.891730,2.335093,2023-01-01T00:31:01
3.780538,2.446288,2023-01-01T00:31:02
3.780538,2.446288,2023-01-01T00:31:03
3.780538,2.557483,2023-01-01T00:31:04
3.669345,2.557483,2023-01-01T00:31:05
3.669345,2.668678,2023-01-01T00:31:06
3.669345,2.779873,2023-01-01T00:31:07
3.558153,2.779873,2023-01-01T00:31:08
3.558153,2.891068,2023-01-01T00:31:09
3.558153,2.891068,2023-01-01T00:31:10
3.446961,2.891068,2023-01-01T00:31:11
3.446961,2.891068,2023-01-01T00:31:12
3.446961,3.002263,2023-01-01T00:31:13
3.335769,3.002263,2023-01-01T00:31:14
3.335769,3.002263,2023-01-01T00:31:15
3.335769,3.113458,2023-01-01T00:31:16
3.224576,3.113458,2023-01-01T00:31:17
3.224576,3.113458,2023-01-01T00:31:18
3.224576,3.224653,2023-01-01T00:31:19
3.113384,3.224653,2023-01-01T00:31:20
3.113384,3.224653,2023-01-01T00:31:21
3.113384,3.335848,2023-01-01T00:31:22
3.113384,3.335848,2023-01-01T00:31:23
3.002192,3.447043,2023-01-01T00:31:24
3.002192,3.447043,2023-01-01T00:31:25
3.002192,3.447043,2023-01-01T00:31:26
3.002192,3.558238,2023-01-01T00:31:27
2.890999,3.558238,2023-01-01T00:31:28
2.890999,3.558238,2023-01-01T00:31:29
2.890999,3.669433,2023-01-01T00:31:30
2.890999,3.669433,2023-01-01T00:31:31
2.779807,3.780628,2023-01-01T00:31:32
2.779807,3.780628,2023-01-01T00:31:33
2.779807,3.780628,2023-01-01T00:31:34
2.779807,3.891822,2023-01-01T00:31:35
2.779807,3.891822,2023-01-01T00:31:36
2.668615,3.891822,2023-01-01T00:31:37
2.668615,4.003017,2023-01-01T00:31:38
2.668615,4.003017,2023-01-01T00:31:39
2.668615,4.003017,2023-01-01T00:31:40
2.668615,4.003017,2023-01-01T00:31:41
2.668615,4.003017,2023-01-01T00:31:42
2.557423,4.003017,2023-01-01T00:31:43
2.557423,4.003017,2023-01-01T00:31:44
2.557423,4.003017,2023-01-01T00:31:45
2.557423,4.003017,2023-01-01T00:31:46
2.557423,4.003017,2023-01-01T00:31:47
2.557423,4.003017,2023-01-01T00:31:48
2.446230,4.003017,2023-01-01T00:31:49
2.446230,4.003017,2023-01-01T00:31:50
2.446230,4.003017,2023-01-01T00:31:51
2.446230,4.003017,2023-01-01T00:31:52
2.446230,4.003017,2023-01-01T00:31:53
2.446230,4.003017,2023-01-01T00:31:54
2.446230,4.003017,2023-01-01T00:31:55
2.335038,4.003017,2023-01-01T00:31:56
2.335038,4.003017,2023-01-01T00:31:57
2.335038,4.003017,2023-01-01T00:31:58
2.335038,4.003017,2023-01-01T00:31:59
2.335038,4.003017,2023-01-01T00:32:00
2.335038,4.114212,2023-01-01T00:32:01
2.223846,4.114212,2023-01-01T00:32:02
2.223846,4.114212,2023-01-01T00:32:03
2.223846,4.114212,2023-01-01T00:32:04
2.223846,4.114212,2023-01-01T00:32:05
2.223846,4.114212,2023-01-01T00:32:06
2.112653,4.114212,2023-01-01T00:32:07
2.112653,4.114212,2023-01-01T00:32:08
2.112653,4.114212,2023-01-01T00:32:09
2.112653,4.114212,2023-01-01T00:32:10
2.001461,4.114212,2023-01-01T00:32:11
2.001461,4.003017,2023-01-01T00:32:12
2.001461,4.003017,2023-01-01T00:32:13
2.001461,4.003017,2023-01-01T00:32:14
1.890269,4.003017,2023-01-01T00:32:15
1.890269,4.003017,2023-01-01T00:32:16
1.890269,4.003017,2023-01-01T00:32:17
1.779077,4.003017,2023-01-01T00:32:18
1.779077,4.003017,2023-01-01T00:32:19
1.779077,4.003017,2023-01-01T00:32:20
1.667884,4.003017,2023-01-01T00:32:21
1.667884,4.003017,2023-01-01T00:32:22
1.667884,4.003017,2023-01-01T00:32:23
1.556692,3.891822,2023-01-01T00:32:24
1.556692,3.891822,2023-01-01T00:32:25
1.556692,3.891822,2023-01-01T00:32:26
1.445500,3.891822,2023-01-01T00:32:27
1.445500,3.891822,2023-01-01T00:32:28
1.334307,3.891822,2023-01-01T00:32:29
1.334307,3.891822,2023-01-01T00:32:30
1.223115,3.891822,2023-01-01T00:32:31
1.223115,3.891822,2023-01-01T00:32:32
1.111923,3.891822,2023-01-01T00:32:33
1.111923,3.891822,2023-01-01T00:32:34
1.000731,3.891822,2023-01-01T00:32:35
1.000731,3.891822,2023-01-01T00:32:36
0.889538,3.891822,2023-01-01T00:32:37
0.778346,3.891822,2023-01-01T00:32:38
0.778346,3.891822,2023-01-01T00:32:39
0.778346,3.891822,2023-01-01T00:32:40
0.667154,3.891822,2023-01-01T00:32:41
0.667154,3.891822,2023-01-01T00:32:42
0.555961,3.891822,2023-01-01T00:32:43
0.555961,3.780628,2023-01-01T00:32:44
0.555961,3.780628,2023-01-01T00:32:45
0.444769,3.780628,2023-01-01T00:32:46
0.444769,3.780628,2023-01-01T00:32:47
0.333577,3.780628,2023-01-01T00:32:48
0.333577,3.780628,2023-01-01T00:32:49
0.222385,3.780628,2023-01-01T00:32:50
0.222385,3.780628,2023-01-01T00:32:51
0.111192,3.780628,2023-01-01T00:32:52
0.111192,3.669433,2023-01-01T00:32:53
0.000000,3.669433,2023-01-01T00:32:54
0.000000,3.669433,2023-01-01T00:32:55
-0.111192,3.669433,2023-01-01T00:32:56
-0.111192,3.669433,2023-01-01T00:32:57
-0.222385,3.669433,2023-01-01T00:32:58
-0.222385,3.669433,2023-01-01T00:32:59
-0.333577,3.669433,2023-01-01T00:33:00
-0.333577,3.669433,2023-01-01T00:33:01
-0.444769,3.669433,2023-01-01T00:33:02
-0.555961,3.669433,2023-01-01T00:33:03
-0.555961,3.669433,2023-01-01T00:33:04
-0.667154,3.669433,2023-01-01T00:33:05
-0.778346,3.669433,2023-01-01T00:33:06
-0.778346,3.558238,2023-01-01T00:33:07
-0.889538,3.558238,2023-01-01T00:33:08
-1.000731,3.558238,2023-01-01T00:33:09
-1.111923,3.558238,2023-01-01T00:33:10
-1.111923,3.447043,2023-01-01T00:33:11
-1.111923,3.447043,2023-01-01T00:33:12
-1.223115,3.335848,2023-01-01T00:33:13
-1.223115,3.335848,2023-01-01T00:33:14
-1.334307,3.224653,2023-01-01T00:33:15
-1.445500,3.224653,2023-01-01T00:33:16
-1.445500,3.113458,2023-01-01T00:33:17
-1.556692,3.002263,2023-01-01T00:33:18
-1.667884,3.002263,2023-01-01T00:33:19
-1.779077,2.891068,2023-01-01T00:33:20
-1.890269,2.779873,2023-01-01T00:33:21
-2.001461,2.779873,2023-01-01T00:33:22
-2.112653,2.668678,2023-01-01T00:33:23
-2.223846,2.557483,2023-01-01T00:33:24
-2.335038,2.446288,2023-01-01T00:33:25
-2.557423,2.335093,2023-01-01T00:33:26
-2.668615,2.223899,2023-01-01T00:33:27
-2.779807,2.112704,2023-01-01T00:33:28
-3.002192,2.112704,2023-01-01T00:33:29
-3.113384,2.001509,2023-01-01T00:33:30
-3.335769,1.890314,2023-01-01T00:33:31
-3.446961,1.779119,2023-01-01T00:33:32
-3.669345,1.667924,2023-01-01T00:33:33
-3.780538,1.556729,2023-01-01T00:33:34
-4.002922,1.445534,2023-01-01T00:33:35
-4.114115,1.334339,2023-01-01T00:33:36
-4.336499,1.334339,2023-01-01T00:33:37
-4.447691,1.223144,2023-01-01T00:33:38
-4.558884,1.111949,2023-01-01T00:33:39
-4.558884,1.111949,2023-01-01T00:33:40
-4.447691,1.111949,2023-01-01T00:33:41
-4.336499,1.111949,2023-01-01T00:33:42
-4.336499,1.111949,2023-01-01T00:33:43
-4.225307,1.111949,2023-01-01T00:33:44
-4.114115,1.111949,2023-01-01T00:33:45
-4.114115,1.111949,2023-01-01T00:33:46
-4.002922,1.223144,2023-01-01T00:33:47
-4.002922,1.223144,2023-01-01T00:33:48
-3.891730,1.223144,2023-01-01T00:33:49
-3.891730,1.223144,2023-01-01T00:33:50
-3.780538,1.223144,2023-01-01T00:33:51
-3.669345,1.223144,2023-01-01T00:33:52
-3.669345,1.223144,2023-01-01T00:33:53
-3.558153,1.223144,2023-01-01T00:33:54
-3.558153,1.223144,2023-01-01T00:33:55
-3.446961,1.223144,2023-01-01T00:33:56
-3.446961,1.223144,2023-01-01T00:33:57
-3.446961,1.223144,2023-01-01T00:33:58
-3.335769,1.223144,2023-01-01T00:33:59
-3.335769,1.223144,2023-01-01T00:34:00
-3.224576,1.223144,2023-01-01T00:34:01
-3.224576,1.223144,2023-01-01T00:34:02
-3.113384,1.223144,2023-01-01T00:34:03
-3.113384,1.223144,2023-01-01T00:34:04
-3.113384,1.223144,2023-01-01T00:34:05
-3.002192,1.334339,2023-01-01T00:34:06
-3.002192,1.334339,2023-01-01T00:34:07
-2.890999,1.334339,2023-01-01T00:34:08
-2.890999,1.334339,2023-01-01T00:34:09
-2.779807,1.334339,2023-01-01T00:34:10
-2.668615,1.334339,2023-01-01T00:34:11
-2.668615,1.445534,2023-01-01T00:34:12
-2.557423,1.445534,2023-01-01T00:34:13
-2.446230,1.445534,2023-01-01T00:34:14
-2.446230,1.445534,2023-01-01T00:34:15
-2.335038,1.556729,2023-01-01T00:34:16
-2.223846,1.556729,2023-01-01T00:34:17
-2.112653,1.556729,2023-01-01T00:34:18
-2.112653,1.556729,2023-01-01T00:34:19
-2.001461,1.667924,2023-01-01T00:34:20
-2.001461,1.667924,2023-01-01T00:34:21
-1.890269,1.667924,2023-01-01T00:34:22
-1.779077,1.667924,2023-01-01T00:34:23
-1.779077,1.779119,2023-01-01T00:34:24
-1.667884,1.779119,2023-01-01T00:34:25
-1.667884,1.779119,2023-01-01T00:34:26
-1.556692,1.779119,2023-01-01T00:34:27
-1.445500,1.779119,2023-01-01T00:34:28
-1.445500,1.890314,2023-01-01T00:34:29
-1.334307,1.890314,2023-01-01T00:34:30
-1.334307,1.890314,2023-01-01T00:34:31
-1.223115,1.890314,2023-01-01T00:34:32
-1.223115,1.890314,2023-01-01T00:34:33
-1.223115,1.890314,2023-01-01T00:34:34
-1.111923,2.001509,2023-01-01T00:34:35
-1.111923,2.001509,2023-01-01T00:34:36
-1.000731,2.001509,2023-01-01T00:34:37
-1.000731,2.001509,2023-01-01T00:34:38
-0.889538,2.001509,2023-01-01T00:34:39
-0.889538,2.001509,2023-01-01T00:34:40
-0.889538,2.112704,2023-01-01T00:34:41
-0.778346,2.112704,2023-01-01T00:34:42
-0.778346,2.112704,2023-01-01T00:34:43
-0.778346,2.112704,2023-01-01T00:34:44
-0.667154,2.112704,2023-01-01T00:34:45
-0.667154,2.112704,2023-01-01T00:34:46
-0.667154,2.223899,2023-01-01T00:34:47
-0.555961,2.223899,2023-01-01T00:34:48
-0.555961,2.223899,2023-01-01T00:34:49
-0.555961,2.223899,2023-01-01T00:34:50
-0.444769,2.223899,2023-01-01T00:34:51
-0.444769,2.223899,2023-01-01T00:34:52
-0.444769,2.223899,2023-01-01T00:34:53
-0.333577,2.223899,2023-01-01T00:34:54
-0.333577,2.223899,2023-01-01T00:34:55
-0.333577,2.223899,2023-01-01T00:34:56
-0.222385,2.223899,2023-01-01T00:34:57
-0.222385,2.223899,2023-01-01T00:34:58
-0.222385,2.223899,2023-01-01T00:34:59
-0.111192,2.112704,2023-01-01T00:35:00
-0.111192,2.112704,2023-01-01T00:35:01
-0.111192,2.112704,2023-01-01T00:35:02
0.000000,2.112704,2023-01-01T00:35:03
0.000000,2.112704,2023-01-01T00:35:04
0.000000,2.001509,2023-01-01T00:35:05
0.111192,2.001509,2023-01-01T00:35:06
0.111192,2.001509,2023-01-01T00:35:07
0.222385,1.890314,2023-01-01T00:35:08
0.222385,1.890314,2023-01-01T00:35:09
0.222385,1.779119,2023-01-01T00:35:10
0.333577,1.779119,2023-01-01T00:35:11
0.333577,1.667924,2023-01-01T00:35:12
0.444769,1.667924,2023-01-01T00:35:13
0.444769,1.556729,2023-01-01T00:35:14
0.555961,1.556729,2023-01-01T00:35:15
0.555961,1.445534,2023-01-01T00:35:16
0.667154,1.445534,2023-01-01T00:35:17
0.667154,1.334339,2023-01-01T00:35:18
0.667154,1.334339,2023-01-01T00:35:19
0.778346,1.334339,2023-01-01T00:35:20
0.778346,1.223144,2023-01-01T00:35:21
0.889538,1.223144,2023-01-01T00:35:22
0.889538,1.111949,2023-01-01T00:35:23
0.889538,1.111949,2023-01-01T00:35:24
1.000731,1.111949,2023-01-01T00:35:25
1.000731,1.000754,2023-01-01T00:35:26
1.000731,1.000754,2023-01-01T00:35:27
1.111923,1.000754,2023-01-01T00:35:28
1.111923,0.889559,2023-01-01T00:35:29
1.111923,0.889559,2023-01-01T00:35:30
1.223115,0.889559,2023-01-01T00:35:31
1.223115,0.889559,2023-01-01T00:35:32
1.223115,0.778364,2023-01-01T00:35:33
1.334307,0.778364,2023-01-01T00:35:34
1.334307,0.778364,2023-01-01T00:35:35
1.334307,0.778364,2023-01-01T00:35:36
1.334307,0.778364,2023-01-01T00:35:37
1.445500,0.778364,2023-01-01T00:35:38
1.445500,0.667170,2023-01-01T00:35:39
1.445500,0.778364,2023-01-01T00:35:40
1.445500,0.778364,2023-01-01T00:35:41
1.445500,0.778364,2023-01-01T00:35:42
1.445500,0.889559,2023-01-01T00:35:43
1.445500,0.889559,2023-01-01T00:35:44
1.445500,0.889559,2023-01-01T00:35:45
1.445500,1.000754,2023-01-01T00:35:46
1.556692,1.000754,2023-01-01T00:35:47
1.556692,1.111949,2023-01-01T00:35:48
1.556692,1.111949,2023-01-01T00:35:49
1.556692,1.111949,2023-01-01T00:35:50
1.556692,1.223144,2023-01-01T00:35:51
1.556692,1.223144,2023-01-01T00:35:52
1.556692,1.334339,2023-01-01T00:35:53
1.556692,1.334339,2023-01-01T00:35:54
1.556692,1.334339,2023-01-01T00:35:55
1.556692,1.445534,2023-01-01T00:35:56
1.556692,1.445534,2023-01-01T00:35:57
1.667884,1.556729,2023-01-01T00:35:58
1.667884,1.556729,2023-01-01T00:35:59
1.667884,1.667924,2023-01-01T00:36:00
1.667884,1.667924,2023-01-01T00:36:01
1.667884,1.779119,2023-01-01T00:36:02
1.667884,1.779119,2023-01-01T00:36:03
1.667884,1.890314,2023-01-01T00:36:04
1.667884,1.890314,2023-01-01T00:36:05
1.667884,2.001509,2023-01-01T00:36:06
1.667884,2.001509,2023-01-01T00:36:07
1.667884,2.112704,2023-01-01T00:36:08
1.667884,2.112704,2023-01-01T00:36:09
1.667884,2.112704,2023-01-01T00:36:10
1.667884,2.112704,2023-01-01T00:36:11
1.667884,2.223899,2023-01-01T00:36:12
1.667884,2.223899,2023-01-01T00:36:13
1.667884,2.223899,2023-01-01T00:36:14
1.667884,2.223899,2023-01-01T00:36:15
1.779077,2.223899,2023-01-01T00:36:16
1.779077,2.223899,2023-01-01T00:36:17
1.779077,2.335093,2023-01-01T00:36:18
1.779077,2.335093,2023-01-01T00:36:19
1.779077,2.335093,2023-01-01T00:36:20
1.779077,2.335093,2023-01-01T00:36:21
1.779077,2.335093,2023-01-01T00:36:22
1.779077,2.335093,2023-01-01T00:36:23
1.779077,2.335093,2023-01-01T00:36:24
1.779077,2.446288,2023-01-01T00:36:25
1.890269,2.446288,2023-01-01T00:36:26
1.890269,2.446288,2023-01-01T00:36:27
1.890269,2.446288,2023-01-01T00:36:28
1.890269,2.446288,2023-01-01T00:36:29
1.890269,2.446288,2023-01-01T00:36:30
1.890269,2.557483,2023-01-01T00:36:31
1.890269,2.557483,2023-01-01T00:36:32
2.001461,2.557483,2023-01-01T00:36:33
2.001461,2.557483,2023-01-01T00:36:34
2.001461,2.557483,2023-01-01T00:36:35
2.001461,2.557483,2023-01-01T00:36:36
2.001461,2.557483,2023-01-01T00:36:37
2.001461,2.668678,2023-01-01T00:36:38
2.001461,2.668678,2023-01-01T00:36:39
2.001461,2.668678,2023-01-01T00:36:40
2.001461,2.668678,2023-01-01T00:36:41
2.112653,2.668678,2023-01-01T00:36:42
2.112653,2.557483,2023-01-01T00:36:43
2.112653,2.557483,2023-01-01T00:36:44
2.112653,2.557483,2023-01-01T00:36:45
2.112653,2.557483,2023-01-01T00:36:46
2.112653,2.557483,2023-01-01T00:36:47
2.112653,2.557483,2023-01-01T00:36:48
2.112653,2.557483,2023-01-01T00:36:49
2.112653,2.557483,2023-01-01T00:36:50
2.112653,2.557483,2023-01-01T00:36:51
2.112653,2.557483,2023-01-01T00:36:52
2.112653,2.557483,2023-01-01T00:36:53
2.223846,2.557483,2023-01-01T00:36:54
2.223846,2.557483,2023-01-01T00:36:55
2.223846,2.557483,2023-01-01T00:36:56
2.223846,2.557483,2023-01-01T00:36:57
2.223846,2.557483,2023-01-01T00:36:58
2.223846,2.557483,2023-01-01T00:36:59
2.223846,2.557483,2023-01-01T00:37:00
2.335038,2.557483,2023-01-01T00:37:01
2.335038,2.557483,2023-01-01T00:37:02
2.335038,2.557483,2023-01-01T00:37:03
2.335038,2.557483,2023-01-01T00:37:04
2.335038,2.557483,2023-01-01T00:37:05
2.446230,2.557483,2023-01-01T00:37:06
2.446230,2.557483,2023-01-01T00:37:07
2.446230,2.557483,2023-01-01T00:37:08
2.446230,2.557483,2023-01-01T00:37:09
2.446230,2.557483,2023-01-01T00:37:10
2.446230,2.557483,2023-01-01T00:37:11
2.446230,2.557483,2023-01-01T00:37:12
2.446230,2.668678,2023-01-01T00:37:13
2.446230,2.668678,2023-01-01T00:37:14
2.446230,2.668678,2023-01-01T00:37:15
2.446230,2.668678,2023-01-01T00:37:16
2.446230,2.668678,2023-01-01T00:37:17
2.446230,2.668678,2023-01-01T00:37:18
2.446230,2.668678,2023-01-01T00:37:19
2.446230,2.668678,2023-01-01T00:37:20
2.557423,2.668678,2023-01-01T00:37:21
2.557423,2.668678,2023-01-01T00:37:22
2.557423,2.668678,2023-01-01T00:37:23
2.557423,2.668678,2023-01-01T00:37:24
2.557423,2.668678,2023-01-01T00:37:25
2.557423,2.668678,2023-01-01T00:37:26
2.557423,2.668678,2023-01-01T00:37:27
2.557423,2.668678,2023-01-01T00:37:28
2.668615,2.668678,2023-01-01T00:37:29
2.668615,2.668678,2023-01-01T00:37:30
2.668615,2.668678,2023-01-01T00:37:31
2.668615,2.668678,2023-01-01T00:37:32
2.668615,2.668678,2023-01-01T00:37:33
2.668615,2.668678,2023-01-01T00:37:34
2.779807,2.668678,2023-01-01T00:37:35
2.779807,2.668678,2023-01-01T00:37:36
2.779807,2.668678,2023-01-01T00:37:37
2.779807,2.668678,2023-01-01T00:37:38
2.779807,2.668678,2023-01-01T00:37:39
2.779807,2.668678,2023-01-01T00:37:40
2.779807,2.668678,2023-01-01T00:37:41
2.779807,2.668678,2023-01-01T00:37:42
2.779807,2.668678,2023-01-01T00:37:43
2.779807,2.668678,2023-01-01T00:37:44
2.779807,2.779873,2023-01-01T00:37:45
2.779807,2.779873,2023-01-01T00:37:46
2.779807,2.779873,2023-01-01T00:37:47
2.779807,2.779873,2023-01-01T00:37:48
2.779807,2.779873,2023-01-01T00:37:49
2.779807,2.779873,2023-01-01T00:37:50
2.779807,2.779873,2023-01-01T00:37:51
2.779807,2.779873,2023-01-01T00:37:52
2.779807,2.779873,2023-01-01T00:37:53
2.779807,2.779873,2023-01-01T00:37:54
2.779807,2.779873,2023-01-01T00:37:55
2.890999,2.779873,2023-01-01T00:37:56
2.890999,2.779873,2023-01-01T00:37:57
2.890999,2.779873,2023-01-01T00:37:58
2.890999,2.779873,2023-01-01T00:37:59
2.890999,2.779873,2023-01-01T00:38:00
2.890999,2.779873,2023-01-01T00:38:01
2.890999,2.779873,2023-01-01T00:38:02
2.890999,2.779873,2023-01-01T00:38:03
3.002192,2.779873,2023-01-01T00:38:04
3.002192,2.779873,2023-01-01T00:38:05
3.002192,2.779873,2023-01-01T00:38:06
3.002192,2.668678,2023-01-01T00:38:07
3.002192,2.668678,2023-01-01T00:38:08
3.113384,2.668678,2023-01-01T00:38:09
3.002192,2.668678,2023-01-01T00:38:10
3.002192,2.779873,2023-01-01T00:38:11
3.002192,2.779873,2023-01-01T00:38:12
3.002192,2.779873,2023-01-01T00:38:13
3.002192,2.779873,2023-01-01T00:38:14
3.002192,2.779873,2023-01-01T00:38:15
3.002192,2.779873,2023-01-01T00:38:16
3.002192,2.779873,2023-01-01T00:38:17
3.002192,2.891068,2023-01-01T00:38:18
3.002192,2.891068,2023-01-01T00:38:19
3.002192,2.891068,2023-01-01T00:38:20
3.002192,2.891068,2023-01-01T00:38:21
3.113384,2.891068,2023-01-01T00:38:22
3.113384,2.891068,2023-01-01T00:38:23
3.113384,2.891068,2023-01-01T00:38:24
3.113384,2.891068,2023-01-01T00:38:25
3.113384,2.891068,2023-01-01T00:38:26
3.113384,2.891068,2023-01-01T00:38:27
3.113384,2.891068,2023-01-01T00:38:28
3.113384,2.891068,2023-01-01T00:38:29
3.113384,2.891068,2023-01-01T00:38:30
3.113384,2.779873,2023-01-01T00:38:31
3.224576,2.779873,2023-01-01T00:38:32
3.224576,2.779873,2023-01-01T00:38:33
3.224576,2.779873,2023-01-01T00:38:34
3.224576,2.779873,2023-01-01T00:38:35
3.224576,2.779873,2023-01-01T00:38:36
3.224576,2.779873,2023-01-01T00:38:37
3.335769,2.779873,2023-01-01T00:38:38
3.335769,2.668678,2023-01-01T00:38:39
3.335769,2.779873,2023-01-01T00:38:40
3.335769,2.779873,2023-01-01T00:38:41
3.335769,2.779873,2023-01-01T00:38:42
3.335769,2.779873,2023-01-01T00:38:43
3.224576,2.891068,2023-01-01T00:38:44
3.224576,2.891068,2023-01-01T00:38:45
3.224576,2.891068,2023-01-01T00:38:46
3.224576,2.891068,2023-01-01T00:38:47
3.224576,2.891068,2023-01-01T00:38:48
3.224576,3.002263,2023-01-01T00:38:49
3.224576,3.002263,2023-01-01T00:38:50
3.224576,3.002263,2023-01-01T00:38:51
3.335769,3.002263,2023-01-01T00:38:52
3.335769,3.113458,2023-01-01T00:38:53
3.335769,3.113458,2023-01-01T00:38:54
3.335769,3.113458,2023-01-01T00:38:55
3.335769,3.113458,2023-01-01T00:38:56
3.335769,3.224653,2023-01-01T00:38:57
3.335769,3.224653,2023-01-01T00:38:58
3.335769,3.224653,2023-01-01T00:38:59
3.335769,3.224653,2023-01-01T00:39:00
3.335769,3.335848,2023-01-01T00:39:01
3.335769,3.335848,2023-01-01T00:39:02
3.335769,3.335848,2023-01-01T00:39:03
3.335769,3.335848,2023-01-01T00:39:04
3.335769,3.447043,2023-01-01T00:39:05
3.335769,3.447043,2023-01-01T00:39:06
3.335769,3.447043,2023-01-01T00:39:07
3.335769,3.447043,2023-01-01T00:39:08
3.335769,3.558238,2023-01-01T00:39:09
3.335769,3.558238,2023-01-01T00:39:10
3.335769,3.558238,2023-01-01T00:39:11
3.224576,3.669433,2023-01-01T00:39:12
3.224576,3.669433,2023-01-01T00:39:13
3.224576,3.780628,2023-01-01T00:39:14
3.224576,3.780628,2023-01-01T00:39:15
3.224576,3.780628,2023-01-01T00:39:16
3.224576,3.891822,2023-01-01T00:39:17
3.224576,3.891822,2023-01-01T00:39:18
3.224576,3.891822,2023-01-01T00:39:19
3.224576,4.003017,2023-01-01T00:39:20
3.224576,4.003017,2023-01-01T00:39:21
3.113384,4.003017,2023-01-01T00:39:22
3.113384,4.114212,2023-01-01T00:39:23
3.113384,4.114212,2023-01-01T00:39:24
3.113384,4.114212,2023-01-01T00:39:25
3.113384,4.225407,2023-01-01T00:39:26
3.113384,4.225407,2023-01-01T00:39:27
3.113384,4.225407,2023-01-01T00:39:28
3.113384,4.225407,2023-01-01T00:39:29
3.113384,4.336602,2023-01-01T00:39:30
3.113384,4.336602,2023-01-01T00:39:31
3.113384,4.336602,2023-01-01T00:39:32
3.113384,4.336602,2023-01-01T00:39:33
3.113384,4.447797,2023-01-01T00:39:34
3.002192,4.447797,2023-01-01T00:39:35
3.002192,4.447797,2023-01-01T00:39:36
3.002192,4.447797,2023-01-01T00:39:37
3.002192,4.558992,2023-01-01T00:39:38
3.002192,4.558992,2023-01-01T00:39:39
3.002192,4.558992,2023-01-01T00:39:40
3.002192,4.558992,2023-01-01T00:39:41
3.002192,4.558992,2023-01-01T00:39:42
2.890999,4.558992,2023-01-01T00:39:43
2.890999,4.558992,2023-01-01T00:39:44
2.890999,4.558992,2023-01-01T00:39:45
2.890999,4.558992,2023-01-01T00:39:46
2.890999,4.558992,2023-01-01T00:39:47
2.890999,4.558992,2023-01-01T00:39:48
2.890999,4.558992,2023-01-01T00:39:49
2.890999,4.558992,2023-01-01T00:39:50
2.779807,4.558992,2023-01-01T00:39:51
2.779807,4.558992,2023-01-01T00:39:52
2.779807,4.558992,2023-01-01T00:39:53
2.779807,4.558992,2023-01-01T00:39:54
2.779807,4.558992,2023-01-01T00:39:55
2.779807,4.558992,2023-01-01T00:39:56
2.779807,4.558992,2023-01-01T00:39:57
2.779807,4.558992,2023-01-01T00:39:58
2.779807,4.558992,2023-01-01T00:39:59
2.668615,4.670187,2023-01-01T00:40:00
2.668615,4.670187,2023-01-01T00:40:01
2.668615,4.670187,2023-01-01T00:40:02
2.668615,4.558992,2023-01-01T00:40:03
2.668615,4.558992,2023-01-01T00:40:04
2.668615,4.558992,2023-01-01T00:40:05
2.668615,4.558992,2023-01-01T00:40:06
2.668615,4.558992,2023-01-01T00:40:07
2.668615,4.558992,2023-01-01T00:40:08
2.668615,4.558992,2023-01-01T00:40:09
2.668615,4.558992,2023-01-01T00:40:10
2.668615,4.558992,2023-01-01T00:40:11
2.668615,4.558992,2023-01-01T00:40:12
2.668615,4.558992,2023-01-01T00:40:13
2.668615,4.558992,2023-01-01T00:40:14
2.668615,4.558992,2023-01-01T00:40:15
2.668615,4.670187,2023-01-01T00:40:16
2.668615,4.670187,2023-01-01T00:40:17
2.668615,4.670187,2023-01-01T00:40:18
2.668615,4.670187,2023-01-01T00:40:19
2.668615,4.670187,2023-01-01T00:40:20
2.668615,4.670187,2023-01-01T00:40:21
2.668615,4.670187,2023-01-01T00:40:22
2.668615,4.670187,2023-01-01T00:40:23
2.668615,4.781382,2023-01-01T00:40:24
2.668615,4.781382,2023-01-01T00:40:25
2.668615,4.781382,2023-01-01T00:40:26
2.668615,4.781382,2023-01-01T00:40:27
2.668615,4.892577,2023-01-01T00:40:28
2.668615,4.892577,2023-01-01T00:40:29
2.779807,5.003772,2023-01-01T00:40:30
2.779807,5.003772,2023-01-01T00:40:31
2.779807,5.003772,2023-01-01T00:40:32
2.779807,5.114967,2023-01-01T00:40:33
2.779807,5.114967,2023-01-01T00:40:34
2.890999,5.226162,2023-01-01T00:40:35
2.890999,5.226162,2023-01-01T00:40:36
2.890999,5.337356,2023-01-01T00:40:37
2.890999,5.448551,2023-01-01T00:40:38
2.890999,5.448551,2023-01-01T00:40:39
3.002192,5.559746,2023-01-01T00:40:40
3.002192,5.559746,2023-01-01T00:40:41
3.002192,5.670941,2023-01-01T00:40:42
3.002192,5.670941,2023-01-01T00:40:43
3.113384,5.782136,2023-01-01T00:40:44
3.113384,5.893331,2023-01-01T00:40:45
3.113384,5.893331,2023-01-01T00:40:46
3.113384,6.004526,2023-01-01T00:40:47
3.224576,6.004526,2023-01-01T00:40:48
3.224576,6.115721,2023-01-01T00:40:49
3.224576,6.226916,2023-01-01T00:40:50
3.335769,6.226916,2023-01-01T00:40:51
3.335769,6.338111,2023-01-01T00:40:52
3.335769,6.449306,2023-01-01T00:40:53
3.446961,6.560501,2023-01-01T00:40:54
3.446961,6.560501,2023-01-01T00:40:55
3.446961,6.671696,2023-01-01T00:40:56
3.558153,6.782891,2023-01-01T00:40:57
3.558153,6.782891,2023-01-01T00:40:58
3.558153,6.894085,2023-01-01T00:40:59
3.669345,7.005280,2023-01-01T00:41:00
3.669345,7.005280,2023-01-01T00:41:01
3.669345,7.116475,2023-01-01T00:41:02
3.780538,7.227670,2023-01-01T00:41:03
3.780538,7.227670,2023-01-01T00:41:04
3.891730,7.338865,2023-01-01T00:41:05
3.891730,7.338865,2023-01-01T00:41:06
3.891730,7.450060,2023-01-01T00:41:07
4.002922,7.450060,2023-01-01T00:41:08
3.891730,7.450060,2023-01-01T00:41:09
3.891730,7.450060,2023-01-01T00:41:10
3.891730,7.338865,2023-01-01T00:41:11
3.891730,7.338865,2023-01-01T00:41:12
3.891730,7.227670,2023-01-01T00:41:13
3.891730,7.227670,2023-01-01T00:41:14
3.891730,7.227670,2023-01-01T00:41:15
3.891730,7.116475,2023-01-01T00:41:16
3.891730,7.116475,2023-01-01T00:41:17
3.891730,7.116475,2023-01-01T00:41:18
3.891730,7.005280,2023-01-01T00:41:19
3.891730,7.005280,2023-01-01T00:41:20
3.891730,7.005280,2023-01-01T00:41:21
3.891730,6.894085,2023-01-01T00:41:22
3.891730,6.894085,2023-01-01T00:41:23
3.891730,6.894085,2023-01-01T00:41:24
3.891730,6.894085,2023-01-01T00:41:25
3.891730,6.782891,2023-01-01T00:41:26
3.891730,6.782891,2023-01-01T00:41:27
3.891730,6.782891,2023-01-01T00:41:28
3.891730,6.782891,2023-01-01T00:41:29
3.891730,6.671696,2023-01-01T00:41:30
3.891730,6.671696,2023-01-01T00:41:31
3.891730,6.671696,2023-01-01T00:41:32
3.891730,6.671696,2023-01-01T00:41:33
3.891730,6.560501,2023-01-01T00:41:34
3.891730,6.560501,2023-01-01T00:41:35
3.891730,6.560501,2023-01-01T00:41:36
3.891730,6.560501,2023-01-01T00:41:37
3.891730,6.560501,2023-01-01T00:41:38
3.891730,6.449306,2023-01-01T00:41:39
3.891730,6.449306,2023-01-01T00:41:40
3.891730,6.449306,2023-01-01T00:41:41
3.891730,6.338111,2023-01-01T00:41:42
3.891730,6.338111,2023-01-01T00:41:43
3.891730,6.338111,2023-01-01T00:41:44
3.780538,6.338111,2023-01-01T00:41:45
3.780538,6.226916,2023-01-01T00:41:46
3.780538,6.226916,2023-01-01T00:41:47
3.780538,6.226916,2023-01-01T00:41:48
3.780538,6.226916,2023-01-01T00:41:49
3.780538,6.115721,2023-01-01T00:41:50
3.780538,6.115721,2023-01-01T00:41:51
3.780538,6.115721,2023-01-01T00:41:52
3.780538,6.115721,2023-01-01T00:41:53
3.780538,6.004526,2023-01-01T00:41:54
3.780538,6.004526,2023-01-01T00:41:55
3.780538,6.004526,2023-01-01T00:41:56
3.780538,6.004526,2023-01-01T00:41:57
3.780538,6.004526,2023-01-01T00:41:58
3.780538,5.893331,2023-01-01T00:41:59
3.780538,5.893331,2023-01-01T00:42:00
3.780538,5.893331,2023-01-01T00:42:01
3.780538,5.893331,2023-01-01T00:42:02
3.780538,5.782136,2023-01-01T00:42:03
3.780538,5.782136,2023-01-01T00:42:04
3.780538,5.782136,2023-01-01T00:42:05
3.780538,5.782136,2023-01-01T00:42:06
3.780538,5.670941,2023-01-01T00:42:07
3.780538,5.670941,2023-01-01T00:42:08
3.780538,5.670941,2023-01-01T00:42:09
3.780538,5.559746,2023-01-01T00:42:10
3.669345,5.559746,2023-01-01T00:42:11
3.669345,5.559746,2023-01-01T00:42:12
3.669345,5.448551,2023-01-01T00:42:13
3.669345,5.448551,2023-01-01T00:42:14
3.669345,5.337356,2023-01-01T00:42:15
3.669345,5.337356,2023-01-01T00:42:16
3.669345,5.337356,2023-01-01T00:42:17
3.669345,5.226162,2023-01-01T00:42:18
3.669345,5.226162,2023-01-01T00:42:19
3.669345,5.114967,2023-01-01T00:42:20
3.669345,5.114967,2023-01-01T00:42:21
3.669345,5.114967,2023-01-01T00:42:22
3.558153,5.003772,2023-01-01T00:42:23
3.558153,5.003772,2023-01-01T00:42:24
3.558153,4.892577,2023-01-01T00:42:25
3.558153,4.892577,2023-01-01T00:42:26
3.558153,4.892577,2023-01-01T00:42:27
3.558153,4.781382,2023-01-01T00:42:28
3.558153,4.781382,2023-01-01T00:42:29
3.558153,4.670187,2023-01-01T00:42:30
3.558153,4.670187,2023-01-01T00:42:31
3.558153,4.670187,2023-01-01T00:42:32
3.558153,4.558992,2023-01-01T00:42:33
3.446961,4.558992,2023-01-01T00:42:34
3.446961,4.558992,2023-01-01T00:42:35
3.446961,4.558992,2023-01-01T00:42:36
3.446961,4.447797,2023-01-01T00:42:37
3.446961,4.447797,2023-01-01T00:42:38
3.446961,4.447797,2023-01-01T00:42:39
3.446961,4.447797,2023-01-01T00:42:40
3.446961,4.447797,2023-01-01T00:42:41
3.446961,4.447797,2023-01-01T00:42:42
3.446961,4.447797,2023-01-01T00:42:43
3.446961,4.447797,2023-01-01T00:42:44
3.446961,4.447797,2023-01-01T00:42:45
3.558153,4.447797,2023-01-01T00:42:46
3.558153,4.558992,2023-01-01T00:42:47
3.558153,4.558992,2023-01-01T00:42:48
3.558153,4.558992,2023-01-01T00:42:49
3.558153,4.558992,2023-01-01T00:42:50
3.558153,4.558992,2023-01-01T00:42:51
3.558153,4.558992,2023-01-01T00:42:52
3.558153,4.558992,2023-01-01T00:42:53
3.558153,4.558992,2023-01-01T00:42:54
3.558153,4.558992,2023-01-01T00:42:55
3.558153,4.670187,2023-01-01T00:42:56
3.558153,4.670187,2023-01-01T00:42:57
3.558153,4.670187,2023-01-01T00:42:58
3.558153,4.670187,2023-01-01T00:42:59
3.558153,4.670187,2023-01-01T00:43:00
3.558153,4.670187,2023-01-01T00:43:01
3.558153,4.670187,2023-01-01T00:43:02
3.558153,4.781382,2023-01-01T00:43:03
3.558153,4.781382,2023-01-01T00:43:04
3.669345,4.781382,2023-01-01T00:43:05
3.669345,4.781382,2023-01-01T00:43:06
3.669345,4.781382,2023-01-01T00:43:07
3.669345,4.781382,2023-01-01T00:43:08
3.669345,4.781382,2023-01-01T00:43:09
3.669345,4.892577,2023-01-01T00:43:10
3.669345,4.892577,2023-01-01T00:43:11
3.669345,4.892577,2023-01-01T00:43:12
3.669345,4.892577,2023-01-01T00:43:13
3.669345,4.892577,2023-01-01T00:43:14
3.669345,4.892577,2023-01-01T00:43:15
3.669345,4.892577,2023-01-01T00:43:16
3.669345,4.892577,2023-01-01T00:43:17
3.669345,5.003772,2023-01-01T00:43:18
3.669345,5.003772,2023-01-01T00:43:19
3.669345,5.003772,2023-01-01T00:43:20
3.669345,5.003772,2023-01-01T00:43:21
3.669345,5.003772,2023-01-01T00:43:22
3.669345,5.003772,2023-01-01T00:43:23
3.669345,5.003772,2023-01-01T00:43:24
3.669345,5.003772,2023-01-01T00:43:25
3.669345,5.114967,2023-01-01T00:43:26
3.669345,5.114967,2023-01-01T00:43:27
3.669345,5.114967,2023-01-01T00:43:28
3.669345,5.114967,2023-01-01T00:43:29
3.669345,5.114967,2023-01-01T00:43:30
3.669345,5.114967,2023-01-01T00:43:31
3.669345,5.114967,2023-01-01T00:43:32
3.669345,5.114967,2023-01-01T00:43:33
3.558153,5.114967,2023-01-01T00:43:34
3.558153,5.114967,2023-01-01T00:43:35
3.558153,5.114967,2023-01-01T00:43:36
3.558153,5.114967,2023-01-01T00:43:37
3.558153,5.114967,2023-01-01T00:43:38
3.558153,5.114967,2023-01-01T00:43:39
3.558153,5.114967,2023-01-01T00:43:40
3.558153,5.114967,2023-01-01T00:43:41
3.558153,5.114967,2023-01-01T00:43:42
3.558153,5.114967,2023-01-01T00:43:43
3.558153,5.114967,2023-01-01T00:43:44
3.446961,5.114967,2023-01-01T00:43:45
3.446961,5.114967,2023-01-01T00:43:46
3.446961,5.114967,2023-01-01T00:43:47
3.446961,5.003772,2023-01-01T00:43:48
3.446961,5.003772,2023-01-01T00:43:49
3.446961,5.003772,2023-01-01T00:43:50
3.446961,5.003772,2023-01-01T00:43:51
3.446961,5.003772,2023-01-01T00:43:52
3.446961,4.892577,2023-01-01T00:43:53
3.335769,4.892577,2023-01-01T00:43:54
3.335769,4.892577,2023-01-01T00:43:55
3.335769,4.892577,2023-01-01T00:43:56
3.335769,4.892577,2023-01-01T00:43:57
3.335769,4.781382,2023-01-01T00:43:58
3.335769,4.781382,2023-01-01T00:43:59
3.224576,4.781382,2023-01-01T00:44:00
3.224576,4.781382,2023-01-01T00:44:01
3.224576,4.670187,2023-01-01T00:44:02
3.224576,4.670187,2023-01-01T00:44:03
3.224576,4.670187,2023-01-01T00:44:04
3.224576,4.558992,2023-01-01T00:44:05
3.113384,4.558992,2023-01-01T00:44:06
3.113384,4.558992,2023-01-01T00:44:07
3.113384,4.447797,2023-01-01T00:44:08
3.113384,4.447797,2023-01-01T00:44:09
3.113384,4.447797,2023-01-01T00:44:10
3.113384,4.447797,2023-01-01T00:44:11
3.113384,4.447797,2023-01-01T00:44:12
3.113384,4.447797,2023-01-01T00:44:13
3.113384,4.447797,2023-01-01T00:44:14
3.002192,4.447797,2023-01-01T00:44:15
3.002192,4.447797,2023-01-01T00:44:16
3.002192,4.336602,2023-01-01T00:44:17
3.002192,4.336602,2023-01-01T00:44:18
3.002192,4.336602,2023-01-01T00:44:19
3.002192,4.336602,2023-01-01T00:44:20
2.890999,4.336602,2023-01-01T00:44:21
2.890999,4.336602,2023-01-01T00:44:22
2.890999,4.225407,2023-01-01T00:44:23
2.890999,4.225407,2023-01-01T00:44:24
2.890999,4.225407,2023-01-01T00:44:25
2.890999,4.225407,2023-01-01T00:44:26
2.779807,4.114212,2023-01-01T00:44:27
2.779807,4.114212,2023-01-01T00:44:28
2.779807,4.114212,2023-01-01T00:44:29
2.779807,4.114212,2023-01-01T00:44:30
2.668615,4.003017,2023-01-01T00:44:31
2.668615,4.003017,2023-01-01T00:44:32
2.668615,4.003017,2023-01-01T00:44:33
2.668615,3.891822,2023-01-01T00:44:34
2.557423,3.891822,2023-01-01T00:44:35
2.557423,3.891822,2023-01-01T00:44:36
2.557423,3.780628,2023-01-01T00:44:37
2.557423,3.780628,2023-01-01T00:44:38
2.557423,3.780628,2023-01-01T00:44:39
2.557423,3.891822,2023-01-01T00:44:40
2.557423,3.891822,2023-01-01T00:44:41
2.557423,3.891822,2023-01-01T00:44:42
2.557423,4.003017,2023-01-01T00:44:43
2.557423,4.003017,2023-01-01T00:44:44
2.557423,4.003017,2023-01-01T00:44:45
2.557423,4.114212,2023-01-01T00:44:46
2.557423,4.114212,2023-01-01T00:44:47
2.557423,4.114212,2023-01-01T00:44:48
2.668615,4.225407,2023-01-01T00:44:49
2.668615,4.225407,2023-01-01T00:44:50
2.668615,4.225407,2023-01-01T00:44:51
2.668615,4.336602,2023-01-01T00:44:52
2.668615,4.336602,2023-01-01T00:44:53
2.668615,4.336602,2023-01-01T00:44:54
2.668615,4.447797,2023-01-01T00:44:55
2.668615,4.447797,2023-01-01T00:44:56
2.668615,4.447797,2023-01-01T00:44:57
2.668615,4.558992,2023-01-01T00:44:58
2.668615,4.558992,2023-01-01T00:44:59
2.779807,4.558992,2023-01-01T00:45:00
2.779807,4.670187,2023-01-01T00:45:01
2.779807,4.670187,2023-01-01T00:45:02
2.779807,4.781382,2023-01-01T00:45:03
2.779807,4.781382,2023-01-01T00:45:04
2.779807,4.781382,2023-01-01T00:45:05
2.779807,4.892577,2023-01-01T00:45:06
2.779807,4.892577,2023-01-01T00:45:07
2.779807,5.003772,2023-01-01T00:45:08
2.890999,5.003772,2023-01-01T00:45:09
2.890999,5.003772,2023-01-01T00:45:10
2.890999,5.003772,2023-01-01T00:45:11
2.890999,5.003772,2023-01-01T00:45:12
2.890999,5.003772,2023-01-01T00:45:13
2.890999,5.003772,2023-01-01T00:45:14
3.002192,5.114967,2023-01-01T00:45:15
3.002192,5.114967,2023-01-01T00:45:16
3.002192,5.114967,2023-01-01T00:45:17
3.002192,5.114967,2023-01-01T00:45:18
3.002192,5.114967,2023-01-01T00:45:19
3.113384,5.226162,2023-01-01T00:45:20
3.113384,5.226162,2023-01-01T00:45:21
3.113384,5.226162,2023-01-01T00:45:22
3.113384,5.226162,2023-01-01T00:45:23
3.113384,5.337356,2023-01-01T00:45:24
3.224576,5.337356,2023-01-01T00:45:25
3.224576,5.337356,2023-01-01T00:45:26
3.224576,5.337356,2023-01-01T00:45:27
3.224576,5.448551,2023-01-01T00:45:28
3.224576,5.448551,2023-01-01T00:45:29
3.335769,5.448551,2023-01-01T00:45:30
3.335769,5.559746,2023-01-01T00:45:31
3.335769,5.559746,2023-01-01T00:45:32
3.335769,5.559746,2023-01-01T00:45:33
3.446961,5.670941,2023-01-01T00:45:34
3.446961,5.670941,2023-01-01T00:45:35
3.446961,5.670941,2023-01-01T00:45:36
3.446961,5.782136,2023-01-01T00:45:37
3.558153,5.782136,2023-01-01T00:45:38
3.558153,5.782136,2023-01-01T00:45:39
3.558153,5.782136,2023-01-01T00:45:40
3.558153,5.893331,2023-01-01T00:45:41
3.669345,5.893331,2023-01-01T00:45:42
3.669345,5.893331,2023-01-01T00:45:43
3.669345,5.893331,2023-01-01T00:45:44
3.669345,5.893331,2023-01-01T00:45:45
3.780538,6.004526,2023-01-01T00:45:46
3.780538,6.004526,2023-01-01T00:45:47
3.780538,6.004526,2023-01-01T00:45:48
3.780538,6.004526,2023-01-01T00:45:49
3.891730,6.004526,2023-01-01T00:45:50
3.891730,6.115721,2023-01-01T00:45:51
3.891730,6.115721,2023-01-01T00:45:52
3.891730,6.115721,2023-01-01T00:45:53
4.002922,6.226916,2023-01-01T00:45:54
4.002922,6.226916,2023-01-01T00:45:55
4.002922,6.226916,2023-01-01T00:45:56
4.114115,6.226916,2023-01-01T00:45:57
4.114115,6.338111,2023-01-01T00:45:58
4.114115,6.338111,2023-01-01T00:45:59
4.225307,6.338111,2023-01-01T00:46:00
4.225307,6.449306,2023-01-01T00:46:01
4.225307,6.449306,2023-01-01T00:46:02
4.336499,6.449306,2023-01-01T00:46:03
4.336499,6.560501,2023-01-01T00:46:04
4.336499,6.560501,2023-01-01T00:46:05
4.447691,6.560501,2023-01-01T00:46:06
4.447691,6.671696,2023-01-01T00:46:07
4.447691,6.671696,2023-01-01T00:46:08
4.558884,6.671696,2023-01-01T00:46:09
4.558884,6.671696,2023-01-01T00:46:10
4.558884,6.671696,2023-01-01T00:46:11
4.558884,6.782891,2023-01-01T00:46:12
4.558884,6.782891,2023-01-01T00:46:13
4.670076,6.782891,2023-01-01T00:46:14
4.670076,6.782891,2023-01-01T00:46:15
4.670076,6.782891,2023-01-01T00:46:16
4.670076,6.782891,2023-01-01T00:46:17
4.670076,6.782891,2023-01-01T00:46:18
4.670076,6.782891,2023-01-01T00:46:19
4.670076,6.782891,2023-01-01T00:46:20
4.670076,6.782891,2023-01-01T00:46:21
4.781268,6.782891,2023-01-01T00:46:22
4.781268,6.782891,2023-01-01T00:46:23
4.781268,6.671696,2023-01-01T00:46:24
4.781268,6.671696,2023-01-01T00:46:25
4.781268,6.671696,2023-01-01T00:46:26
4.781268,6.671696,2023-01-01T00:46:27
4.781268,6.671696,2023-01-01T00:46:28
4.781268,6.671696,2023-01-01T00:46:29
4.781268,6.671696,2023-01-01T00:46:30
4.781268,6.560501,2023-01-01T00:46:31
4.781268,6.560501,2023-01-01T00:46:32
4.781268,6.560501,2023-01-01T00:46:33
4.781268,6.560501,2023-01-01T00:46:34
4.781268,6.560501,2023-01-01T00:46:35
4.781268,6.449306,2023-01-01T00:46:36
4.781268,6.449306,2023-01-01T00:46:37
4.781268,6.449306,2023-01-01T00:46:38
4.781268,6.449306,2023-01-01T00:46:39
4.781268,6.449306,2023-01-01T00:46:40
4.781268,6.338111,2023-01-01T00:46:41
4.781268,6.338111,2023-01-01T00:46:42
4.781268,6.338111,2023-01-01T00:46:43
4.781268,6.338111,2023-01-01T00:46:44
4.781268,6.338111,2023-01-01T00:46:45
4.670076,6.338111,2023-01-01T00:46:46
4.670076,6.338111,2023-01-01T00:46:47
4.670076,6.338111,2023-01-01T00:46:48
4.670076,6.338111,2023-01-01T00:46:49
4.670076,6.226916,2023-01-01T00:46:50
4.670076,6.226916,2023-01-01T00:46:51
4.670076,6.226916,2023-01-01T00:46:52
4.670076,6.226916,2023-01-01T00:46:53
4.781268,6.226916,2023-01-01T00:46:54
4.781268,6.226916,2023-01-01T00:46:55
4.781268,6.226916,2023-01-01T00:46:56
4.781268,6.226916,2023-01-01T00:46:57
4.781268,6.226916,2023-01-01T00:46:58
4.781268,6.226916,2023-01-01T00:46:59
4.781268,6.226916,2023-01-01T00:47:00
4.781268,6.226916,2023-01-01T00:47:01
4.670076,6.115721,2023-01-01T00:47:02
4.670076,6.115721,2023-01-01T00:47:03
4.670076,6.115721,2023-01-01T00:47:04
4.670076,6.115721,2023-01-01T00:47:05
4.670076,6.115721,2023-01-01T00:47:06
4.670076,6.004526,2023-01-01T00:47:07
4.670076,6.004526,2023-01-01T00:47:08
4.670076,6.004526,2023-01-01T00:47:09
4.558884,6.004526,2023-01-01T00:47:10
4.558884,6.004526,2023-01-01T00:47:11
4.558884,6.004526,2023-01-01T00:47:12
4.558884,6.004526,2023-01-01T00:47:13
4.558884,5.893331,2023-01-01T00:47:14
4.447691,5.893331,2023-01-01T00:47:15
4.447691,5.893331,2023-01-01T00:47:16
4.447691,5.782136,2023-01-01T00:47:17
4.336499,5.782136,2023-01-01T00:47:18
4.336499,5.782136,2023-01-01T00:47:19
4.336499,5.670941,2023-01-01T00:47:20
4.336499,5.670941,2023-01-01T00:47:21
4.225307,5.670941,2023-01-01T00:47:22
4.225307,5.559746,2023-01-01T00:47:23
4.225307,5.559746,2023-01-01T00:47:24
4.114115,5.559746,2023-01-01T00:47:25
4.114115,5.448551,2023-01-01T00:47:26
4.114115,5.448551,2023-01-01T00:47:27
4.002922,5.448551,2023-01-01T00:47:28
4.002922,5.448551,2023-01-01T00:47:29
4.002922,5.337356,2023-01-01T00:47:30
4.002922,5.337356,2023-01-01T00:47:31
3.891730,5.337356,2023-01-01T00:47:32
3.891730,5.337356,2023-01-01T00:47:33
3.891730,5.226162,2023-01-01T00:47:34
3.891730,5.226162,2023-01-01T00:47:35
3.780538,5.226162,2023-01-01T00:47:36
3.780538,5.226162,2023-01-01T00:47:37
3.780538,5.114967,2023-01-01T00:47:38
3.780538,5.226162,2023-01-01T00:47:39
3.780538,5.226162,2023-01-01T00:47:40
3.780538,5.226162,2023-01-01T00:47:41
3.780538,5.337356,2023-01-01T00:47:42
3.891730,5.337356,2023-01-01T00:47:43
3.891730,5.337356,2023-01-01T00:47:44
3.891730,5.337356,2023-01-01T00:47:45
3.891730,5.448551,2023-01-01T00:47:46
3.891730,5.448551,2023-01-01T00:47:47
3.891730,5.448551,2023-01-01T00:47:48
3.891730,5.448551,2023-01-01T00:47:49
4.002922,5.559746,2023-01-01T00:47:50
4.002922,5.559746,2023-01-01T00:47:51
4.002922,5.559746,2023-01-01T00:47:52
4.002922,5.559746,2023-01-01T00:47:53
4.002922,5.670941,2023-01-01T00:47:54
4.002922,5.670941,2023-01-01T00:47:55
4.114115,5.670941,2023-01-01T00:47:56
4.114115,5.670941,2023-01-01T00:47:57
4.114115,5.670941,2023-01-01T00:47:58
4.114115,5.782136,2023-01-01T00:47:59
4.114115,5.782136,2023-01-01T00:48:00
4.225307,5.782136,2023-01-01T00:48:01
4.225307,5.782136,2023-01-01T00:48:02
4.225307,5.782136,2023-01-01T00:48:03
4.225307,5.893331,2023-01-01T00:48:04
4.336499,5.893331,2023-01-01T00:48:05
4.336499,5.893331,2023-01-01T00:48:06
4.336499,5.893331,2023-01-01T00:48:07
4.336499,6.004526,2023-01-01T00:48:08
4.336499,5.893331,2023-01-01T00:48:09
4.336499,5.893331,2023-01-01T00:48:10
4.336499,5.893331,2023-01-01T00:48:11
4.336499,5.893331,2023-01-01T00:48:12
4.336499,5.893331,2023-01-01T00:48:13
4.336499,5.893331,2023-01-01T00:48:14
4.336499,5.893331,2023-01-01T00:48:15
4.336499,5.893331,2023-01-01T00:48:16
4.336499,5.893331,2023-01-01T00:48:17
4.447691,5.893331,2023-01-01T00:48:18
4.447691,5.893331,2023-01-01T00:48:19
4.447691,5.893331,2023-01-01T00:48:20
4.447691,5.893331,2023-01-01T00:48:21
4.447691,5.893331,2023-01-01T00:48:22
4.447691,5.893331,2023-01-01T00:48:23
4.447691,5.893331,2023-01-01T00:48:24
4.558884,5.893331,2023-01-01T00:48:25
4.558884,6.004526,2023-01-01T00:48:26
4.558884,6.004526,2023-01-01T00:48:27
4.558884,6.004526,2023-01-01T00:48:28
4.558884,6.004526,2023-01-01T00:48:29
4.670076,6.004526,2023-01-01T00:48:30
4.670076,6.004526,2023-01-01T00:48:31
4.670076,6.004526,2023-01-01T00:48:32
4.670076,6.004526,2023-01-01T00:48:33
4.781268,6.004526,2023-01-01T00:48:34
4.781268,6.115721,2023-01-01T00:48:35
4.781268,6.115721,2023-01-01T00:48:36
4.781268,6.115721,2023-01-01T00:48:37
4.892461,6.115721,2023-01-01T00:48:38
4.892461,6.115721,2023-01-01T00:48:39
4.892461,6.115721,2023-01-01T00:48:40
4.892461,6.115721,2023-01-01T00:48:41
4.892461,6.115721,2023-01-01T00:48:42
4.892461,6.115721,2023-01-01T00:48:43
4.892461,6.115721,2023-01-01T00:48:44
4.892461,6.115721,2023-01-01T00:48:45
4.892461,6.115721,2023-01-01T00:48:46
5.003653,6.115721,2023-01-01T00:48:47
5.003653,6.115721,2023-01-01T00:48:48
5.003653,6.115721,2023-01-01T00:48:49
5.003653,6.115721,2023-01-01T00:48:50
5.003653,6.115721,2023-01-01T00:48:51
5.114845,6.115721,2023-01-01T00:48:52
5.114845,6.226916,2023-01-01T00:48:53
5.114845,6.226916,2023-01-01T00:48:54
5.114845,6.226916,2023-01-01T00:48:55
5.226037,6.226916,2023-01-01T00:48:56
5.226037,6.226916,2023-01-01T00:48:57
5.226037,6.226916,2023-01-01T00:48:58
5.226037,6.226916,2023-01-01T00:48:59
5.337230,6.338111,2023-01-01T00:49:00
5.337230,6.338111,2023-01-01T00:49:01
5.337230,6.338111,2023-01-01T00:49:02
5.337230,6.338111,2023-01-01T00:49:03
5.448422,6.338111,2023-01-01T00:49:04
5.448422,6.338111,2023-01-01T00:49:05
5.448422,6.449306,2023-01-01T00:49:06
5.559614,6.449306,2023-01-01T00:49:07
5.559614,6.449306,2023-01-01T00:49:08
5.559614,6.449306,2023-01-01T00:49:09
5.670807,6.560501,2023-01-01T00:49:10
5.670807,6.560501,2023-01-01T00:49:11
5.670807,6.560501,2023-01-01T00:49:12
5.781999,6.671696,2023-01-01T00:49:13
5.781999,6.671696,2023-01-01T00:49:14
5.893191,6.671696,2023-01-01T00:49:15
5.893191,6.671696,2023-01-01T00:49:16
5.893191,6.782891,2023-01-01T00:49:17
6.004383,6.782891,2023-01-01T00:49:18
6.004383,6.782891,2023-01-01T00:49:19
6.115576,6.894085,2023-01-01T00:49:20
6.115576,6.894085,2023-01-01T00:49:21
6.115576,6.894085,2023-01-01T00:49:22
6.226768,7.005280,2023-01-01T00:49:23
6.226768,7.005280,2023-01-01T00:49:24
6.337960,7.005280,2023-01-01T00:49:25
6.337960,7.116475,2023-01-01T00:49:26
6.449153,7.116475,2023-01-01T00:49:27
6.449153,7.116475,2023-01-01T00:49:28
6.449153,7.227670,2023-01-01T00:49:29
6.560345,7.227670,2023-01-01T00:49:30
6.560345,7.227670,2023-01-01T00:49:31
6.671537,7.338865,2023-01-01T00:49:32
6.671537,7.338865,2023-01-01T00:49:33
6.782729,7.338865,2023-01-01T00:49:34
6.782729,7.450060,2023-01-01T00:49:35
6.782729,7.450060,2023-01-01T00:49:36
6.893922,7.450060,2023-01-01T00:49:37
6.893922,7.561255,2023-01-01T00:49:38
6.893922,7.561255,2023-01-01T00:49:39
6.893922,7.561255,2023-01-01T00:49:40
6.893922,7.450060,2023-01-01T00:49:41
6.893922,7.450060,2023-01-01T00:49:42
6.893922,7.450060,2023-01-01T00:49:43
6.782729,7.450060,2023-01-01T00:49:44
6.782729,7.450060,2023-01-01T00:49:45
6.782729,7.450060,2023-01-01T00:49:46
6.782729,7.450060,2023-01-01T00:49:47
6.782729,7.450060,2023-01-01T00:49:48
6.782729,7.450060,2023-01-01T00:49:49
6.782729,7.450060,2023-01-01T00:49:50
6.782729,7.450060,2023-01-01T00:49:51
6.782729,7.450060,2023-01-01T00:49:52
6.782729,7.450060,2023-01-01T00:49:53
6.671537,7.450060,2023-01-01T00:49:54
6.671537,7.450060,2023-01-01T00:49:55
6.671537,7.450060,2023-01-01T00:49:56
6.671537,7.450060,2023-01-01T00:49:57
6.671537,7.450060,2023-01-01T00:49:58
6.671537,7.561255,2023-01-01T00:49:59
6.671537,7.561255,2023-01-01T00:50:00
6.671537,7.561255,2023-01-01T00:50:01
6.671537,7.561255,2023-01-01T00:50:02
6.671537,7.561255,2023-01-01T00:50:03
6.671537,7.561255,2023-01-01T00:50:04
6.671537,7.561255,2023-01-01T00:50:05
6.560345,7.561255,2023-01-01T00:50:06
6.560345,7.561255,2023-01-01T00:50:07
6.560345,7.561255,2023-01-01T00:50:08
6.560345,7.561255,2023-01-01T00:50:09
6.560345,7.561255,2023-01-01T00:50:10
6.560345,7.561255,2023-01-01T00:50:11
6.449153,7.561255,2023-01-01T00:50:12
6.449153,7.561255,2023-01-01T00:50:13
6.449153,7.561255,2023-01-01T00:50:14
6.449153,7.561255,2023-01-01T00:50:15
6.337960,7.561255,2023-01-01T00:50:16
6.337960,7.450060,2023-01-01T00:50:17
6.337960,7.450060,2023-01-01T00:50:18
6.226768,7.450060,2023-01-01T00:50:19
6.226768,7.450060,2023-01-01T00:50:20
6.226768,7.450060,2023-01-01T00:50:21
6.226768,7.450060,2023-01-01T00:50:22
6.226768,7.450060,2023-01-01T00:50:23
6.115576,7.450060,2023-01-01T00:50:24
6.115576,7.450060,2023-01-01T00:50:25
6.115576,7.450060,2023-01-01T00:50:26
6.115576,7.450060,2023-01-01T00:50:27
6.004383,7.450060,2023-01-01T00:50:28
6.004383,7.450060,2023-01-01T00:50:29
6.004383,7.450060,2023-01-01T00:50:30
6.004383,7.450060,2023-01-01T00:50:31
6.004383,7.450060,2023-01-01T00:50:32
5.893191,7.450060,2023-01-01T00:50:33
5.893191,7.450060,2023-01-01T00:50:34
5.893191,7.450060,2023-01-01T00:50:35
5.893191,7.450060,2023-01-01T00:50:36
5.893191,7.450060,2023-01-01T00:50:37
5.781999,7.450060,2023-01-01T00:50:38
5.781999,7.450060,2023-01-01T00:50:39
5.781999,7.450060,2023-01-01T00:50:40
5.781999,7.450060,2023-01-01T00:50:41
5.781999,7.450060,2023-01-01T00:50:42
5.781999,7.450060,2023-01-01T00:50:43
5.670807,7.338865,2023-01-01T00:50:44
5.670807,7.338865,2023-01-01T00:50:45
5.670807,7.338865,2023-01-01T00:50:46
5.670807,7.338865,2023-01-01T00:50:47
5.670807,7.338865,2023-01-01T00:50:48
5.670807,7.338865,2023-01-01T00:50:49
5.670807,7.338865,2023-01-01T00:50:50
5.670807,7.338865,2023-01-01T00:50:51
5.559614,7.338865,2023-01-01T00:50:52
5.559614,7.338865,2023-01-01T00:50:53
5.559614,7.338865,2023-01-01T00:50:54
5.559614,7.338865,2023-01-01T00:50:55
5.559614,7.338865,2023-01-01T00:50:56
5.559614,7.338865,2023-01-01T00:50:57
5.559614,7.227670,2023-01-01T00:50:58
5.559614,7.227670,2023-01-01T00:50:59
5.559614,7.227670,2023-01-01T00:51:00
5.559614,7.227670,2023-01-01T00:51:01
5.559614,7.227670,2023-01-01T00:51:02
5.448422,7.227670,2023-01-01T00:51:03
5.448422,7.227670,2023-01-01T00:51:04
5.448422,7.227670,2023-01-01T00:51:05
5.448422,7.227670,2023-01-01T00:51:06
5.448422,7.227670,2023-01-01T00:51:07
5.448422,7.227670,2023-01-01T00:51:08
5.448422,7.227670,2023-01-01T00:51:09
5.448422,7.116475,2023-01-01T00:51:10
5.448422,7.116475,2023-01-01T00:51:11
5.448422,7.116475,2023-01-01T00:51:12
5.337230,7.116475,2023-01-01T00:51:13
5.337230,7.116475,2023-01-01T00:51:14
5.337230,7.116475,2023-01-01T00:51:15
5.337230,7.116475,2023-01-01T00:51:16
5.337230,7.116475,2023-01-01T00:51:17
5.337230,7.116475,2023-01-01T00:51:18
5.337230,7.116475,2023-01-01T00:51:19
5.337230,7.116475,2023-01-01T00:51:20
5.337230,7.116475,2023-01-01T00:51:21
5.337230,7.005280,2023-01-01T00:51:22
5.337230,7.005280,2023-01-01T00:51:23
5.226037,7.005280,2023-01-01T00:51:24
5.226037,7.005280,2023-01-01T00:51:25
5.226037,7.005280,2023-01-01T00:51:26
5.226037,7.005280,2023-01-01T00:51:27
5.226037,7.005280,2023-01-01T00:51:28
5.226037,7.005280,2023-01-01T00:51:29
5.226037,7.005280,2023-01-01T00:51:30
5.226037,7.005280,2023-01-01T00:51:31
5.226037,7.005280,2023-01-01T00:51:32
5.226037,7.005280,2023-01-01T00:51:33
5.226037,7.005280,2023-01-01T00:51:34
5.114845,7.005280,2023-01-01T00:51:35
5.114845,7.005280,2023-01-01T00:51:36
5.114845,7.005280,2023-01-01T00:51:37
5.114845,7.005280,2023-01-01T00:51:38
5.114845,7.005280,2023-01-01T00:51:39
5.114845,7.005280,2023-01-01T00:51:40
5.114845,7.005280,2023-01-01T00:51:41
5.114845,7.005280,2023-01-01T00:51:42
5.114845,7.005280,2023-01-01T00:51:43
5.114845,7.005280,2023-01-01T00:51:44
5.114845,7.005280,2023-01-01T00:51:45
5.114845,7.005280,2023-01-01T00:51:46
5.114845,7.116475,2023-01-01T00:51:47
5.114845,7.116475,2023-01-01T00:51:48
5.114845,7.116475,2023-01-01T00:51:49
5.114845,7.116475,2023-01-01T00:51:50
5.114845,7.116475,2023-01-01T00:51:51
5.114845,7.116475,2023-01-01T00:51:52
5.114845,7.116475,2023-01-01T00:51:53
5.114845,7.116475,2023-01-01T00:51:54
5.114845,7.116475,2023-01-01T00:51:55
5.114845,7.116475,2023-01-01T00:51:56
5.114845,7.116475,2023-01-01T00:51:57
5.114845,7.227670,2023-01-01T00:51:58
5.114845,7.227670,2023-01-01T00:51:59
5.114845,7.227670,2023-01-01T00:52:00
5.114845,7.227670,2023-01-01T00:52:01
5.114845,7.227670,2023-01-01T00:52:02
5.114845,7.227670,2023-01-01T00:52:03
5.114845,7.227670,2023-01-01T00:52:04
5.114845,7.227670,2023-01-01T00:52:05
5.114845,7.227670,2023-01-01T00:52:06
5.114845,7.338865,2023-01-01T00:52:07
5.114845,7.338865,2023-01-01T00:52:08
5.114845,7.338865,2023-01-01T00:52:09
5.003653,7.338865,2023-01-01T00:52:10
5.003653,7.338865,2023-01-01T00:52:11
5.003653,7.338865,2023-01-01T00:52:12
5.003653,7.338865,2023-01-01T00:52:13
5.003653,7.338865,2023-01-01T00:52:14
5.003653,7.338865,2023-01-01T00:52:15
5.003653,7.338865,2023-01-01T00:52:16
5.003653,7.338865,2023-01-01T00:52:17
5.003653,7.338865,2023-01-01T00:52:18
5.003653,7.338865,2023-01-01T00:52:19
5.003653,7.450060,2023-01-01T00:52:20
5.003653,7.450060,2023-01-01T00:52:21
5.003653,7.450060,2023-01-01T00:52:22
5.003653,7.450060,2023-01-01T00:52:23
5.003653,7.450060,2023-01-01T00:52:24
4.892461,7.450060,2023-01-01T00:52:25
4.892461,7.450060,2023-01-01T00:52:26
4.892461,7.450060,2023-01-01T00:52:27
4.892461,7.450060,2023-01-01T00:52:28
4.892461,7.450060,2023-01-01T00:52:29
4.892461,7.450060,2023-01-01T00:52:30
4.892461,7.450060,2023-01-01T00:52:31
4.892461,7.561255,2023-01-01T00:52:32
4.892461,7.561255,2023-01-01T00:52:33
4.892461,7.561255,2023-01-01T00:52:34
4.892461,7.561255,2023-01-01T00:52:35
4.892461,7.561255,2023-01-01T00:52:36
4.892461,7.561255,2023-01-01T00:52:37
4.892461,7.561255,2023-01-01T00:52:38
4.892461,7.561255,2023-01-01T00:52:39
4.892461,7.561255,2023-01-01T00:52:40
4.892461,7.561255,2023-01-01T00:52:41
4.892461,7.561255,2023-01-01T00:52:42
4.781268,7.561255,2023-01-01T00:52:43
4.781268,7.672450,2023-01-01T00:52:44
4.781268,7.672450,2023-01-01T00:52:45
4.781268,7.672450,2023-01-01T00:52:46
4.781268,7.672450,2023-01-01T00:52:47
4.781268,7.672450,2023-01-01T00:52:48
4.781268,7.672450,2023-01-01T00:52:49
4.781268,7.672450,2023-01-01T00:52:50
4.781268,7.672450,2023-01-01T00:52:51
4.781268,7.672450,2023-01-01T00:52:52
4.781268,7.672450,2023-01-01T00:52:53
4.781268,7.672450,2023-01-01T00:52:54
4.781268,7.672450,2023-01-01T00:52:55
4.781268,7.672450,2023-01-01T00:52:56
4.781268,7.672450,2023-01-01T00:52:57
4.781268,7.672450,2023-01-01T00:52:58
4.781268,7.672450,2023-01-01T00:52:59
4.781268,7.672450,2023-01-01T00:53:00
4.781268,7.672450,2023-01-01T00:53:01
4.781268,7.672450,2023-01-01T00:53:02
4.781268,7.672450,2023-01-01T00:53:03
4.781268,7.672450,2023-01-01T00:53:04
4.781268,7.672450,2023-01-01T00:53:05
4.781268,7.672450,2023-01-01T00:53:06
4.781268,7.672450,2023-01-01T00:53:07
4.781268,7.672450,2023-01-01T00:53:08
4.781268,7.672450,2023-01-01T00:53:09
4.781268,7.672450,2023-01-01T00:53:10
4.781268,7.783645,2023-01-01T00:53:11
4.781268,7.783645,2023-01-01T00:53:12
4.781268,7.783645,2023-01-01T00:53:13
4.781268,7.783645,2023-01-01T00:53:14
4.781268,7.783645,2023-01-01T00:53:15
4.781268,7.783645,2023-01-01T00:53:16
4.781268,7.783645,2023-01-01T00:53:17
4.781268,7.783645,2023-01-01T00:53:18
4.781268,7.783645,2023-01-01T00:53:19
4.781268,7.783645,2023-01-01T00:53:20
4.781268,7.783645,2023-01-01T00:53:21
4.781268,7.783645,2023-01-01T00:53:22
4.781268,7.783645,2023-01-01T00:53:23
4.781268,7.783645,2023-01-01T00:53:24
4.781268,7.783645,2023-01-01T00:53:25
4.781268,7.783645,2023-01-01T00:53:26
4.781268,7.783645,2023-01-01T00:53:27
4.781268,7.783645,2023-01-01T00:53:28
4.781268,7.783645,2023-01-01T00:53:29
4.781268,7.783645,2023-01-01T00:53:30
4.781268,7.783645,2023-01-01T00:53:31
4.781268,7.783645,2023-01-01T00:53:32
4.781268,7.783645,2023-01-01T00:53:33
4.781268,7.783645,2023-01-01T00:53:34
4.781268,7.783645,2023-01-01T00:53:35
4.781268,7.783645,2023-01-01T00:53:36
4.781268,7.783645,2023-01-01T00:53:37
4.781268,7.783645,2023-01-01T00:53:38
4.781268,7.783645,2023-01-01T00:53:39
4.781268,7.783645,2023-01-01T00:53:40
4.781268,7.783645,2023-01-01T00:53:41
4.781268,7.783645,2023-01-01T00:53:42
4.781268,7.783645,2023-01-01T00:53:43
4.781268,7.783645,2023-01-01T00:53:44
4.781268,7.783645,2023-01-01T00:53:45
4.781268,7.783645,2023-01-01T00:53:46
4.781268,7.783645,2023-01-01T00:53:47
4.781268,7.894840,2023-01-01T00:53:48
4.781268,7.894840,2023-01-01T00:53:49
4.781268,7.894840,2023-01-01T00:53:50
4.781268,7.894840,2023-01-01T00:53:51
4.781268,7.894840,2023-01-01T00:53:52
4.781268,7.894840,2023-01-01T00:53:53
4.781268,7.894840,2023-01-01T00:53:54
4.781268,7.894840,2023-01-01T00:53:55
4.781268,7.894840,2023-01-01T00:53:56
4.781268,7.894840,2023-01-01T00:53:57
4.781268,7.894840,2023-01-01T00:53:58
4.781268,7.894840,2023-01-01T00:53:59
4.781268,7.894840,2023-01-01T00:54:00
4.781268,8.006035,2023-01-01T00:54:01
4.781268,8.006035,2023-01-01T00:54:02
4.781268,8.006035,2023-01-01T00:54:03
4.781268,8.006035,2023-01-01T00:54:04
4.781268,8.006035,2023-01-01T00:54:05
4.781268,8.006035,2023-01-01T00:54:06
4.781268,8.006035,2023-01-01T00:54:07
4.781268,8.006035,2023-01-01T00:54:08
4.781268,8.006035,2023-01-01T00:54:09
4.781268,8.006035,2023-01-01T00:54:10
4.781268,8.006035,2023-01-01T00:54:11
4.781268,8.006035,2023-01-01T00:54:12
4.781268,8.006035,2023-01-01T00:54:13
4.781268,8.006035,2023-01-01T00:54:14
4.781268,8.006035,2023-01-01T00:54:15
4.781268,8.006035,2023-01-01T00:54:16
4.670076,8.006035,2023-01-01T00:54:17
4.670076,8.117230,2023-01-01T00:54:18
4.670076,8.117230,2023-01-01T00:54:19
4.670076,8.117230,2023-01-01T00:54:20
4.670076,8.117230,2023-01-01T00:54:21
4.670076,8.117230,2023-01-01T00:54:22
4.670076,8.117230,2023-01-01T00:54:23
4.670076,8.117230,2023-01-01T00:54:24
4.670076,8.117230,2023-01-01T00:54:25
4.670076,8.117230,2023-01-01T00:54:26
4.670076,8.117230,2023-01-01T00:54:27
4.670076,8.117230,2023-01-01T00:54:28
4.670076,8.117230,2023-01-01T00:54:29
4.670076,8.117230,2023-01-01T00:54:30
4.558884,8.117230,2023-01-01T00:54:31
4.558884,8.117230,2023-01-01T00:54:32
4.558884,8.117230,2023-01-01T00:54:33
4.558884,8.117230,2023-01-01T00:54:34
4.558884,8.117230,2023-01-01T00:54:35
4.558884,8.117230,2023-01-01T00:54:36
4.558884,8.117230,2023-01-01T00:54:37
4.558884,8.117230,2023-01-01T00:54:38
4.558884,8.117230,2023-01-01T00:54:39
4.558884,8.117230,2023-01-01T00:54:40
4.558884,8.117230,2023-01-01T00:54:41
4.558884,8.117230,2023-01-01T00:54:42
4.558884,8.117230,2023-01-01T00:54:43
4.558884,8.117230,2023-01-01T00:54:44
4.558884,8.117230,2023-01-01T00:54:45
4.558884,8.117230,2023-01-01T00:54:46
4.558884,8.117230,2023-01-01T00:54:47
4.558884,8.117230,2023-01-01T00:54:48
4.558884,8.117230,2023-01-01T00:54:49
4.558884,8.117230,2023-01-01T00:54:50
4.558884,8.117230,2023-01-01T00:54:51
4.558884,8.117230,2023-01-01T00:54:52
4.558884,8.117230,2023-01-01T00:54:53
4.558884,8.117230,2023-01-01T00:54:54
4.558884,8.117230,2023-01-01T00:54:55
4.558884,8.117230,2023-01-01T00:54:56
4.558884,8.228425,2023-01-01T00:54:57
4.558884,8.228425,2023-01-01T00:54:58
4.558884,8.228425,2023-01-01T00:54:59
4.558884,8.228425,2023-01-01T00:55:00
4.558884,8.228425,2023-01-01T00:55:01
4.558884,8.228425,2023-01-01T00:55:02
4.558884,8.228425,2023-01-01T00:55:03
4.558884,8.228425,2023-01-01T00:55:04
4.558884,8.228425,2023-01-01T00:55:05
4.558884,8.228425,2023-01-01T00:55:06
4.558884,8.228425,2023-01-01T00:55:07
4.558884,8.228425,2023-01-01T00:55:08
4.558884,8.228425,2023-01-01T00:55:09
4.558884,8.228425,2023-01-01T00:55:10
4.558884,8.228425,2023-01-01T00:55:11
4.558884,8.228425,2023-01-01T00:55:12
4.558884,8.228425,2023-01-01T00:55:13
4.558884,8.228425,2023-01-01T00:55:14
4.558884,8.228425,2023-01-01T00:55:15
4.558884,8.228425,2023-01-01T00:55:16
4.558884,8.228425,2023-01-01T00:55:17
4.558884,8.228425,2023-01-01T00:55:18
4.558884,8.228425,2023-01-01T00:55:19
4.558884,8.228425,2023-01-01T00:55:20
4.558884,8.228425,2023-01-01T00:55:21
4.558884,8.228425,2023-01-01T00:55:22
4.558884,8.228425,2023-01-01T00:55:23
4.558884,8.228425,2023-01-01T00:55:24
4.558884,8.228425,2023-01-01T00:55:25
4.670076,8.228425,2023-01-01T00:55:26
4.670076,8.228425,2023-01-01T00:55:27
4.670076,8.228425,2023-01-01T00:55:28
4.670076,8.228425,2023-01-01T00:55:29
4.670076,8.228425,2023-01-01T00:55:30
4.670076,8.228425,2023-01-01T00:55:31
4.670076,8.228425,2023-01-01T00:55:32
4.670076,8.228425,2023-01-01T00:55:33
4.670076,8.228425,2023-01-01T00:55:34
4.670076,8.228425,2023-01-01T00:55:35
4.670076,8.228425,2023-01-01T00:55:36
4.670076,8.228425,2023-01-01T00:55:37
4.670076,8.228425,2023-01-01T00:55:38
4.670076,8.228425,2023-01-01T00:55:39
4.670076,8.228425,2023-01-01T00:55:40
4.670076,8.228425,2023-01-01T00:55:41
4.670076,8.228425,2023-01-01T00:55:42
4.670076,8.228425,2023-01-01T00:55:43
4.670076,8.228425,2023-01-01T00:55:44
4.670076,8.228425,2023-01-01T00:55:45
4.670076,8.228425,2023-01-01T00:55:46
4.670076,8.228425,2023-01-01T00:55:47
4.670076,8.228425,2023-01-01T00:55:48
4.670076,8.228425,2023-01-01T00:55:49
4.670076,8.228425,2023-01-01T00:55:50
4.670076,8.228425,2023-01-01T00:55:51
4.670076,8.228425,2023-01-01T00:55:52
4.670076,8.228425,2023-01-01T00:55:53
4.670076,8.228425,2023-01-01T00:55:54
4.670076,8.228425,2023-01-01T00:55:55
4.670076,8.228425,2023-01-01T00:55:56
4.670076,8.228425,2023-01-01T00:55:57
4.670076,8.228425,2023-01-01T00:55:58
4.670076,8.228425,2023-01-01T00:55:59
4.670076,8.228425,2023-01-01T00:56:00
4.670076,8.228425,2023-01-01T00:56:01
4.670076,8.228425,2023-01-01T00:56:02
4.670076,8.228425,2023-01-01T00:56:03
4.670076,8.228425,2023-01-01T00:56:04
4.670076,8.228425,2023-01-01T00:56:05
4.670076,8.228425,2023-01-01T00:56:06
4.670076,8.228425,2023-01-01T00:56:07
4.670076,8.228425,2023-01-01T00:56:08
4.670076,8.228425,2023-01-01T00:56:09
4.670076,8.228425,2023-01-01T00:56:10
4.670076,8.228425,2023-01-01T00:56:11
4.670076,8.228425,2023-01-01T00:56:12
4.670076,8.228425,2023-01-01T00:56:13
4.670076,8.228425,2023-01-01T00:56:14
4.670076,8.228425,2023-01-01T00:56:15
4.670076,8.228425,2023-01-01T00:56:16
4.670076,8.228425,2023-01-01T00:56:17
4.670076,8.228425,2023-01-01T00:56:18
4.670076,8.228425,2023-01-01T00:56:19
4.670076,8.228425,2023-01-01T00:56:20
4.670076,8.228425,2023-01-01T00:56:21
4.670076,8.228425,2023-01-01T00:56:22
4.670076,8.228425,2023-01-01T00:56:23
4.670076,8.228425,2023-01-01T00:56:24
4.670076,8.228425,2023-01-01T00:56:25
4.670076,8.228425,2023-01-01T00:56:26
4.670076,8.228425,2023-01-01T00:56:27
4.670076,8.228425,2023-01-01T00:56:28
4.670076,8.228425,2023-01-01T00:56:29
4.670076,8.228425,2023-01-01T00:56:30
4.670076,8.228425,2023-01-01T00:56:31
4.670076,8.228425,2023-01-01T00:56:32
4.670076,8.228425,2023-01-01T00:56:33
4.670076,8.228425,2023-01-01T00:56:34
4.670076,8.228425,2023-01-01T00:56:35
4.670076,8.228425,2023-01-01T00:56:36
4.670076,8.228425,2023-01-01T00:56:37
4.670076,8.228425,2023-01-01T00:56:38
4.670076,8.228425,2023-01-01T00:56:39
4.670076,8.228425,2023-01-01T00:56:40
4.670076,8.228425,2023-01-01T00:56:41
4.670076,8.228425,2023-01-01T00:56:42
4.670076,8.228425,2023-01-01T00:56:43
4.670076,8.228425,2023-01-01T00:56:44
4.670076,8.228425,2023-01-01T00:56:45
4.670076,8.228425,2023-01-01T00:56:46
4.670076,8.228425,2023-01-01T00:56:47
4.781268,8.228425,2023-01-01T00:56:48
4.781268,8.228425,2023-01-01T00:56:49
4.781268,8.228425,2023-01-01T00:56:50
4.781268,8.228425,2023-01-01T00:56:51
4.781268,8.228425,2023-01-01T00:56:52
4.781268,8.228425,2023-01-01T00:56:53
4.781268,8.228425,2023-01-01T00:56:54
4.781268,8.228425,2023-01-01T00:56:55
4.781268,8.228425,2023-01-01T00:56:56
4.781268,8.228425,2023-01-01T00:56:57
4.781268,8.228425,2023-01-01T00:56:58
4.781268,8.228425,2023-01-01T00:56:59
4.781268,8.228425,2023-01-01T00:57:00
4.781268,8.228425,2023-01-01T00:57:01
4.781268,8.228425,2023-01-01T00:57:02
4.781268,8.228425,2023-01-01T00:57:03
4.781268,8.228425,2023-01-01T00:57:04
4.781268,8.228425,2023-01-01T00:57:05
4.781268,8.228425,2023-01-01T00:57:06
4.781268,8.228425,2023-01-01T00:57:07
4.781268,8.228425,2023-01-01T00:57:08
4.781268,8.228425,2023-01-01T00:57:09
4.781268,8.228425,2023-01-01T00:57:10
4.781268,8.228425,2023-01-01T00:57:11
4.781268,8.228425,2023-01-01T00:57:12
4.781268,8.228425,2023-01-01T00:57:13
4.781268,8.228425,2023-01-01T00:57:14
4.781268,8.228425,2023-01-01T00:57:15
4.781268,8.228425,2023-01-01T00:57:16
4.781268,8.228425,2023-01-01T00:57:17
4.781268,8.228425,2023-01-01T00:57:18
4.781268,8.228425,2023-01-01T00:57:19
4.781268,8.228425,2023-01-01T00:57:20
4.781268,8.228425,2023-01-01T00:57:21
4.781268,8.228425,2023-01-01T00:57:22
4.781268,8.228425,2023-01-01T00:57:23
4.781268,8.228425,2023-01-01T00:57:24
4.781268,8.228425,2023-01-01T00:57:25
4.781268,8.228425,2023-01-01T00:57:26
4.781268,8.228425,2023-01-01T00:57:27
4.781268,8.228425,2023-01-01T00:57:28
4.781268,8.228425,2023-01-01T00:57:29
4.781268,8.228425,2023-01-01T00:57:30
4.781268,8.228425,2023-01-01T00:57:31
4.781268,8.228425,2023-01-01T00:57:32
4.781268,8.228425,2023-01-01T00:57:33
4.781268,8.228425,2023-01-01T00:57:34
4.781268,8.228425,2023-01-01T00:57:35
4.781268,8.228425,2023-01-01T00:57:36
4.781268,8.228425,2023-01-01T00:57:37
4.781268,8.228425,2023-01-01T00:57:38
4.781268,8.228425,2023-01-01T00:57:39
4.781268,8.228425,2023-01-01T00:57:40
4.781268,8.228425,2023-01-01T00:57:41
4.781268,8.228425,2023-01-01T00:57:42
4.781268,8.228425,2023-01-01T00:57:43
4.781268,8.228425,2023-01-01T00:57:44
4.781268,8.228425,2023-01-01T00:57:45
4.781268,8.228425,2023-01-01T00:57:46
4.781268,8.228425,2023-01-01T00:57:47
4.781268,8.228425,2023-01-01T00:57:48
4.781268,8.228425,2023-01-01T00:57:49
4.781268,8.228425,2023-01-01T00:57:50
4.781268,8.228425,2023-01-01T00:57:51
4.781268,8.228425,2023-01-01T00:57:52
4.781268,8.228425,2023-01-01T00:57:53
4.781268,8.228425,2023-01-01T00:57:54
4.781268,8.228425,2023-01-01T00:57:55
4.781268,8.228425,2023-01-01T00:57:56
4.781268,8.228425,2023-01-01T00:57:57
4.781268,8.228425,2023-01-01T00:57:58
4.781268,8.228425,2023-01-01T00:57:59
4.781268,8.228425,2023-01-01T00:58:00
4.781268,8.228425,2023-01-01T00:58:01
4.781268,8.228425,2023-01-01T00:58:02
4.781268,8.228425,2023-01-01T00:58:03
4.781268,8.117230,2023-01-01T00:58:04
4.781268,8.117230,2023-01-01T00:58:05
4.781268,8.117230,2023-01-01T00:58:06
4.781268,8.117230,2023-01-01T00:58:07
4.781268,8.117230,2023-01-01T00:58:08
4.781268,8.117230,2023-01-01T00:58:09
4.781268,8.117230,2023-01-01T00:58:10
4.781268,8.117230,2023-01-01T00:58:11
4.781268,8.117230,2023-01-01T00:58:12
4.781268,8.117230,2023-01-01T00:58:13
4.781268,8.117230,2023-01-01T00:58:14
4.781268,8.117230,2023-01-01T00:58:15
4.781268,8.117230,2023-01-01T00:58:16
4.781268,8.117230,2023-01-01T00:58:17
4.781268,8.117230,2023-01-01T00:58:18
4.781268,8.117230,2023-01-01T00:58:19
4.781268,8.117230,2023-01-01T00:58:20
4.781268,8.117230,2023-01-01T00:58:21
4.781268,8.117230,2023-01-01T00:58:22
4.781268,8.117230,2023-01-01T00:58:23
4.781268,8.117230,2023-01-01T00:58:24
4.781268,8.117230,2023-01-01T00:58:25
4.781268,8.117230,2023-01-01T00:58:26
4.781268,8.117230,2023-01-01T00:58:27
4.781268,8.117230,2023-01-01T00:58:28
4.781268,8.117230,2023-01-01T00:58:29
4.781268,8.117230,2023-01-01T00:58:30
4.781268,8.117230,2023-01-01T00:58:31
4.781268,8.117230,2023-01-01T00:58:32
4.781268,8.117230,2023-01-01T00:58:33
4.781268,8.117230,2023-01-01T00:58:34
4.781268,8.117230,2023-01-01T00:58:35
4.781268,8.117230,2023-01-01T00:58:36
4.781268,8.117230,2023-01-01T00:58:37
4.781268,8.117230,2023-01-01T00:58:38
4.781268,8.117230,2023-01-01T00:58:39
4.781268,8.117230,2023-01-01T00:58:40
4.781268,8.117230,2023-01-01T00:58:41
4.781268,8.117230,2023-01-01T00:58:42
4.781268,8.117230,2023-01-01T00:58:43
4.781268,8.117230,2023-01-01T00:58:44
4.781268,8.117230,2023-01-01T00:58:45
4.781268,8.117230,2023-01-01T00:58:46
4.781268,8.117230,2023-01-01T00:58:47
4.781268,8.117230,2023-01-01T00:58:48
4.781268,8.117230,2023-01-01T00:58:49
4.781268,8.117230,2023-01-01T00:58:50
4.781268,8.117230,2023-01-01T00:58:51
4.781268,8.228425,2023-01-01T00:58:52
4.781268,8.228425,2023-01-01T00:58:53
4.781268,8.228425,2023-01-01T00:58:54
4.781268,8.228425,2023-01-01T00:58:55
4.781268,8.228425,2023-01-01T00:58:56
4.781268,8.228425,2023-01-01T00:58:57
4.781268,8.228425,2023-01-01T00:58:58
4.781268,8.228425,2023-01-01T00:58:59
4.781268,8.228425,2023-01-01T00:59:00
4.781268,8.228425,2023-01-01T00:59:01
4.781268,8.228425,2023-01-01T00:59:02
4.781268,8.228425,2023-01-01T00:59:03
4.781268,8.228425,2023-01-01T00:59:04
4.781268,8.228425,2023-01-01T00:59:05
4.781268,8.228425,2023-01-01T00:59:06
4.781268,8.228425,2023-01-01T00:59:07
4.781268,8.228425,2023-01-01T00:59:08
4.781268,8.228425,2023-01-01T00:59:09
4.781268,8.228425,2023-01-01T00:59:10
4.781268,8.228425,2023-01-01T00:59:11
4.781268,8.228425,2023-01-01T00:59:12
4.781268,8.228425,2023-01-01T00:59:13
4.781268,8.228425,2023-01-01T00:59:14
4.781268,8.228425,2023-01-01T00:59:15
4.781268,8.228425,2023-01-01T00:59:16
4.781268,8.228425,2023-01-01T00:59:17
4.781268,8.228425,2023-01-01T00:59:18
4.781268,8.228425,2023-01-01T00:59:19
4.781268,8.228425,2023-01-01T00:59:20
4.781268,8.228425,2023-01-01T00:59:21
4.781268,8.228425,2023-01-01T00:59:22
4.781268,8.228425,2023-01-01T00:59:23
4.781268,8.228425,2023-01-01T00:59:24
4.781268,8.228425,2023-01-01T00:59:25
4.781268,8.228425,2023-01-01T00:59:26
4.781268,8.228425,2023-01-01T00:59:27
4.781268,8.228425,2023-01-01T00:59:28
4.781268,8.228425,2023-01-01T00:59:29
4.781268,8.228425,2023-01-01T00:59:30
4.781268,8.228425,2023-01-01T00:59:31
4.781268,8.228425,2023-01-01T00:59:32
4.781268,8.228425,2023-01-01T00:59:33
4.781268,8.228425,2023-01-01T00:59:34
4.781268,8.228425,2023-01-01T00:59:35
4.781268,8.228425,2023-01-01T00:59:36
4.781268,8.228425,2023-01-01T00:59:37
4.781268,8.228425,2023-01-01T00:59:38
4.781268,8.228425,2023-01-01T00:59:39
4.781268,8.228425,2023-01-01T00:59:40
4.781268,8.228425,2023-01-01T00:59:41
4.781268,8.228425,2023-01-01T00:59:42
4.781268,8.228425,2023-01-01T00:59:43
4.781268,8.228425,2023-01-01T00:59:44
4.781268,8.228425,2023-01-01T00:59:45
4.781268,8.228425,2023-01-01T00:59:46
4.781268,8.228425,2023-01-01T00:59:47
4.781268,8.228425,2023-01-01T00:59:48
4.781268,8.228425,2023-01-01T00:59:49
4.781268,8.228425,2023-01-01T00:59:50
4.781268,8.228425,2023-01-01T00:59:51
4.781268,8.228425,2023-01-01T00:59:52
4.781268,8.228425,2023-01-01T00:59:53
4.781268,8.228425,2023-01-01T00:59:54
4.781268,8.228425,2023-01-01T00:59:55
4.781268,8.228425,2023-01-01T00:59:56
4.781268,8.228425,2023-01-01T00:59:57
4.781268,8.228425,2023-01-01T00:59:58
4.781268,8.228425,2023-01-01T00:59:59
4.781268,8.228425,2023-01-01T01:00:00
4.781268,8.228425,2023-01-01T01:00:01
4.781268,8.228425,2023-01-01T01:00:02
4.781268,8.228425,2023-01-01T01:00:03
4.781268,8.228425,2023-01-01T01:00:04
4.781268,8.228425,2023-01-01T01:00:05
4.781268,8.228425,2023-01-01T01:00:06
4.781268,8.228425,2023-01-01T01:00:07
4.781268,8.228425,2023-01-01T01:00:08
4.781268,8.228425,2023-01-01T01:00:09
4.670076,8.228425,2023-01-01T01:00:10
4.670076,8.228425,2023-01-01T01:00:11
4.670076,8.228425,2023-01-01T01:00:12
4.670076,8.228425,2023-01-01T01:00:13
4.670076,8.228425,2023-01-01T01:00:14
4.670076,8.228425,2023-01-01T01:00:15
4.670076,8.228425,2023-01-01T01:00:16
4.670076,8.228425,2023-01-01T01:00:17
4.670076,8.228425,2023-01-01T01:00:18
4.670076,8.228425,2023-01-01T01:00:19
4.670076,8.228425,2023-01-01T01:00:20
4.670076,8.228425,2023-01-01T01:00:21
4.670076,8.228425,2023-01-01T01:00:22
4.670076,8.228425,2023-01-01T01:00:23
4.670076,8.228425,2023-01-01T01:00:24
4.670076,8.228425,2023-01-01T01:00:25
4.670076,8.228425,2023-01-01T01:00:26
4.670076,8.228425,2023-01-01T01:00:27
4.670076,8.228425,2023-01-01T01:00:28
4.670076,8.228425,2023-01-01T01:00:29
4.670076,8.228425,2023-01-01T01:00:30
4.670076,8.228425,2023-01-01T01:00:31
4.670076,8.228425,2023-01-01T01:00:32
4.670076,8.228425,2023-01-01T01:00:33
4.670076,8.228425,2023-01-01T01:00:34
4.670076,8.228425,2023-01-01T01:00:35
4.670076,8.228425,2023-01-01T01:00:36
4.670076,8.228425,2023-01-01T01:00:37
4.670076,8.228425,2023-01-01T01:00:38
4.670076,8.228425,2023-01-01T01:00:39
4.670076,8.228425,2023-01-01T01:00:40
4.670076,8.228425,2023-01-01T01:00:41
4.670076,8.228425,2023-01-01T01:00:42
4.670076,8.228425,2023-01-01T01:00:43
4.670076,8.228425,2023-01-01T01:00:44
4.670076,8.228425,2023-01-01T01:00:45
4.670076,8.228425,2023-01-01T01:00:46
4.670076,8.228425,2023-01-01T01:00:47
4.670076,8.228425,2023-01-01T01:00:48
4.670076,8.228425,2023-01-01T01:00:49
4.670076,8.228425,2023-01-01T01:00:50
4.670076,8.228425,2023-01-01T01:00:51
4.670076,8.228425,2023-01-01T01:00:52
4.670076,8.228425,2023-01-01T01:00:53
4.670076,8.228425,2023-01-01T01:00:54
4.670076,8.228425,2023-01-01T01:00:55
4.670076,8.228425,2023-01-01T01:00:56
4.670076,8.228425,2023-01-01T01:00:57
4.670076,8.228425,2023-01-01T01:00:58
4.670076,8.117230,2023-01-01T01:00:59
4.670076,8.117230,2023-01-01T01:01:00
4.670076,8.117230,2023-01-01T01:01:01
4.670076,8.117230,2023-01-01T01:01:02
4.670076,8.117230,2023-01-01T01:01:03
4.670076,8.117230,2023-01-01T01:01:04
4.670076,8.117230,2023-01-01T01:01:05
4.670076,8.117230,2023-01-01T01:01:06
4.670076,8.117230,2023-01-01T01:01:07
4.670076,8.117230,2023-01-01T01:01:08
4.670076,8.117230,2023-01-01T01:01:09
4.670076,8.117230,2023-01-01T01:01:10
4.670076,8.117230,2023-01-01T01:01:11
4.670076,8.117230,2023-01-01T01:01:12
4.670076,8.117230,2023-01-01T01:01:13
4.670076,8.117230,2023-01-01T01:01:14
4.670076,8.117230,2023-01-01T01:01:15
4.670076,8.117230,2023-01-01T01:01:16
4.670076,8.117230,2023-01-01T01:01:17
4.670076,8.117230,2023-01-01T01:01:18
4.670076,8.117230,2023-01-01T01:01:19
4.670076,8.117230,2023-01-01T01:01:20
4.670076,8.117230,2023-01-01T01:01:21
4.670076,8.117230,2023-01-01T01:01:22
4.670076,8.117230,2023-01-01T01:01:23
4.670076,8.117230,2023-01-01T01:01:24
4.670076,8.117230,2023-01-01T01:01:25
4.670076,8.117230,2023-01-01T01:01:26
4.670076,8.117230,2023-01-01T01:01:27
4.670076,8.117230,2023-01-01T01:01:28
4.670076,8.117230,2023-01-01T01:01:29
4.670076,8.117230,2023-01-01T01:01:30
4.670076,8.117230,2023-01-01T01:01:31
4.670076,8.117230,2023-01-01T01:01:32
4.670076,8.117230,2023-01-01T01:01:33
4.670076,8.117230,2023-01-01T01:01:34
4.670076,8.117230,2023-01-01T01:01:35
4.670076,8.117230,2023-01-01T01:01:36
4.670076,8.117230,2023-01-01T01:01:37
4.670076,8.117230,2023-01-01T01:01:38
4.670076,8.117230,2023-01-01T01:01:39
4.670076,8.117230,2023-01-01T01:01:40
4.670076,8.117230,2023-01-01T01:01:41
4.670076,8.117230,2023-01-01T01:01:42
4.670076,8.117230,2023-01-01T01:01:43
4.670076,8.117230,2023-01-01T01:01:44
4.670076,8.117230,2023-01-01T01:01:45
4.670076,8.117230,2023-01-01T01:01:46
4.670076,8.117230,2023-01-01T01:01:47
4.670076,8.117230,2023-01-01T01:01:48
4.670076,8.117230,2023-01-01T01:01:49
4.781268,8.117230,2023-01-01T01:01:50
4.781268,8.117230,2023-01-01T01:01:51
4.781268,8.117230,2023-01-01T01:01:52
4.781268,8.117230,2023-01-01T01:01:53
4.781268,8.117230,2023-01-01T01:01:54
4.781268,8.117230,2023-01-01T01:01:55
4.781268,8.117230,2023-01-01T01:01:56
4.781268,8.117230,2023-01-01T01:01:57
4.781268,8.117230,2023-01-01T01:01:58
4.781268,8.117230,2023-01-01T01:01:59
4.781268,8.117230,2023-01-01T01:02:00
4.781268,8.117230,2023-01-01T01:02:01
4.781268,8.117230,2023-01-01T01:02:02
4.781268,8.117230,2023-01-01T01:02:03
4.781268,8.117230,2023-01-01T01:02:04
4.781268,8.117230,2023-01-01T01:02:05
4.781268,8.117230,2023-01-01T01:02:06
4.781268,8.117230,2023-01-01T01:02:07
4.781268,8.117230,2023-01-01T01:02:08
4.781268,8.117230,2023-01-01T01:02:09
4.781268,8.117230,2023-01-01T01:02:10
4.781268,8.117230,2023-01-01T01:02:11
4.781268,8.117230,2023-01-01T01:02:12
4.781268,8.117230,2023-01-01T01:02:13
4.781268,8.117230,2023-01-01T01:02:14
4.781268,8.117230,2023-01-01T01:02:15
4.781268,8.006035,2023-01-01T01:02:16
4.781268,8.006035,2023-01-01T01:02:17
4.781268,8.006035,2023-01-01T01:02:18
4.781268,8.006035,2023-01-01T01:02:19
4.781268,8.006035,2023-01-01T01:02:20
4.781268,8.006035,2023-01-01T01:02:21
4.781268,8.006035,2023-01-01T01:02:22
4.781268,8.006035,2023-01-01T01:02:23
4.781268,8.006035,2023-01-01T01:02:24
4.781268,8.006035,2023-01-01T01:02:25
4.781268,8.006035,2023-01-01T01:02:26
4.781268,8.006035,2023-01-01T01:02:27
4.781268,8.006035,2023-01-01T01:02:28
4.781268,8.006035,2023-01-01T01:02:29
4.781268,8.006035,2023-01-01T01:02:30
4.781268,8.006035,2023-01-01T01:02:31
4.781268,8.006035,2023-01-01T01:02:32
4.781268,8.006035,2023-01-01T01:02:33
4.781268,8.006035,2023-01-01T01:02:34
4.781268,8.006035,2023-01-01T01:02:35
4.781268,8.006035,2023-01-01T01:02:36
4.781268,8.006035,2023-01-01T01:02:37
4.781268,8.006035,2023-01-01T01:02:38
4.781268,8.006035,2023-01-01T01:02:39
4.781268,8.006035,2023-01-01T01:02:40
4.781268,8.006035,2023-01-01T01:02:41
4.781268,8.006035,2023-01-01T01:02:42
4.781268,8.006035,2023-01-01T01:02:43
4.781268,8.006035,2023-01-01T01:02:44
4.781268,8.006035,2023-01-01T01:02:45
4.781268,8.006035,2023-01-01T01:02:46
4.781268,8.006035,2023-01-01T01:02:47
4.781268,8.006035,2023-01-01T01:02:48
4.781268,8.006035,2023-01-01T01:02:49
4.781268,8.006035,2023-01-01T01:02:50
4.781268,8.006035,2023-01-01T01:02:51
4.781268,8.006035,2023-01-01T01:02:52
4.781268,8.006035,2023-01-01T01:02:53
4.781268,8.006035,2023-01-01T01:02:54
4.781268,8.117230,2023-01-01T01:02:55
4.781268,8.117230,2023-01-01T01:02:56
4.781268,8.117230,2023-01-01T01:02:57
4.781268,8.117230,2023-01-01T01:02:58
4.781268,8.117230,2023-01-01T01:02:59
4.781268,8.117230,2023-01-01T01:03:00
4.781268,8.117230,2023-01-01T01:03:01
4.892461,8.117230,2023-01-01T01:03:02
4.892461,8.117230,2023-01-01T01:03:03
4.892461,8.117230,2023-01-01T01:03:04
4.892461,8.117230,2023-01-01T01:03:05
4.892461,8.117230,2023-01-01T01:03:06
4.892461,8.117230,2023-01-01T01:03:07
4.892461,8.117230,2023-01-01T01:03:08
4.892461,8.117230,2023-01-01T01:03:09
4.892461,8.006035,2023-01-01T01:03:10
4.892461,8.006035,2023-01-01T01:03:11
4.892461,8.006035,2023-01-01T01:03:12
4.892461,8.006035,2023-01-01T01:03:13
4.892461,8.006035,2023-01-01T01:03:14
4.892461,8.006035,2023-01-01T01:03:15
4.892461,8.006035,2023-01-01T01:03:16
4.892461,8.006035,2023-01-01T01:03:17
4.892461,8.006035,2023-01-01T01:03:18
4.892461,8.006035,2023-01-01T01:03:19
4.892461,8.006035,2023-01-01T01:03:20
4.892461,7.894840,2023-01-01T01:03:21
4.892461,7.894840,2023-01-01T01:03:22
5.003653,7.894840,2023-01-01T01:03:23
5.003653,7.894840,2023-01-01T01:03:24
5.003653,7.894840,2023-01-01T01:03:25
5.003653,7.894840,2023-01-01T01:03:26
5.003653,7.783645,2023-01-01T01:03:27
5.003653,7.783645,2023-01-01T01:03:28
5.003653,7.783645,2023-01-01T01:03:29
5.003653,7.783645,2023-01-01T01:03:30
5.003653,7.783645,2023-01-01T01:03:31
5.003653,7.672450,2023-01-01T01:03:32
5.114845,7.672450,2023-01-01T01:03:33
5.114845,7.672450,2023-01-01T01:03:34
5.114845,7.561255,2023-01-01T01:03:35
5.114845,7.561255,2023-01-01T01:03:36
5.114845,7.561255,2023-01-01T01:03:37
5.114845,7.450060,2023-01-01T01:03:38
5.114845,7.450060,2023-01-01T01:03:39
5.114845,7.338865,2023-01-01T01:03:40
5.003653,7.338865,2023-01-01T01:03:41
5.003653,7.227670,2023-01-01T01:03:42
5.003653,7.227670,2023-01-01T01:03:43
5.003653,7.227670,2023-01-01T01:03:44
5.003653,7.116475,2023-01-01T01:03:45
5.003653,7.116475,2023-01-01T01:03:46
5.003653,7.005280,2023-01-01T01:03:47
5.003653,6.894085,2023-01-01T01:03:48
5.003653,6.894085,2023-01-01T01:03:49
5.003653,6.782891,2023-01-01T01:03:50
4.892461,6.782891,2023-01-01T01:03:51
4.892461,6.671696,2023-01-01T01:03:52
4.892461,6.671696,2023-01-01T01:03:53
4.892461,6.560501,2023-01-01T01:03:54
4.892461,6.560501,2023-01-01T01:03:55
4.892461,6.449306,2023-01-01T01:03:56
4.892461,6.338111,2023-01-01T01:03:57
4.892461,6.338111,2023-01-01T01:03:58
4.892461,6.226916,2023-01-01T01:03:59
4.892461,6.226916,2023-01-01T01:04:00
4.892461,6.115721,2023-01-01T01:04:01
4.892461,6.115721,2023-01-01T01:04:02
4.892461,6.004526,2023-01-01T01:04:03
4.892461,6.004526,2023-01-01T01:04:04
4.892461,5.893331,2023-01-01T01:04:05
4.892461,5.893331,2023-01-01T01:04:06
4.892461,5.782136,2023-01-01T01:04:07
5.003653,5.782136,2023-01-01T01:04:08
5.003653,5.782136,2023-01-01T01:04:09
5.003653,5.893331,2023-01-01T01:04:10
5.003653,5.893331,2023-01-01T01:04:11
5.003653,5.893331,2023-01-01T01:04:12
5.003653,5.893331,2023-01-01T01:04:13
5.003653,5.893331,2023-01-01T01:04:14
5.003653,5.893331,2023-01-01T01:04:15
5.003653,5.893331,2023-01-01T01:04:16
5.114845,5.893331,2023-01-01T01:04:17
5.114845,6.004526,2023-01-01T01:04:18
5.114845,6.004526,2023-01-01T01:04:19
5.114845,6.004526,2023-01-01T01:04:20
5.226037,6.004526,2023-01-01T01:04:21
5.226037,6.004526,2023-01-01T01:04:22
5.226037,6.115721,2023-01-01T01:04:23
5.337230,6.115721,2023-01-01T01:04:24
5.337230,6.115721,2023-01-01T01:04:25
5.337230,6.115721,2023-01-01T01:04:26
5.448422,6.226916,2023-01-01T01:04:27
5.448422,6.226916,2023-01-01T01:04:28
5.448422,6.226916,2023-01-01T01:04:29
5.559614,6.226916,2023-01-01T01:04:30
5.559614,6.338111,2023-01-01T01:04:31
5.559614,6.338111,2023-01-01T01:04:32
5.670807,6.338111,2023-01-01T01:04:33
5.670807,6.338111,2023-01-01T01:04:34
5.670807,6.338111,2023-01-01T01:04:35
5.781999,6.449306,2023-01-01T01:04:36
5.781999,6.449306,2023-01-01T01:04:37
5.781999,6.449306,2023-01-01T01:04:38
5.781999,6.560501,2023-01-01T01:04:39
5.893191,6.560501,2023-01-01T01:04:40
5.893191,6.560501,2023-01-01T01:04:41
5.893191,6.671696,2023-01-01T01:04:42
5.893191,6.671696,2023-01-01T01:04:43
6.004383,6.782891,2023-01-01T01:04:44
6.004383,6.782891,2023-01-01T01:04:45
6.004383,6.782891,2023-01-01T01:04:46
6.115576,6.894085,2023-01-01T01:04:47
6.115576,6.894085,2023-01-01T01:04:48
6.115576,6.894085,2023-01-01T01:04:49
6.226768,7.005280,2023-01-01T01:04:50
6.226768,7.005280,2023-01-01T01:04:51
6.226768,7.005280,2023-01-01T01:04:52
6.226768,7.116475,2023-01-01T01:04:53
6.337960,7.116475,2023-01-01T01:04:54
6.337960,7.116475,2023-01-01T01:04:55
6.337960,7.227670,2023-01-01T01:04:56
6.337960,7.227670,2023-01-01T01:04:57
6.449153,7.227670,2023-01-01T01:04:58
6.449153,7.338865,2023-01-01T01:04:59
6.449153,7.338865,2023-01-01T01:05:00
6.449153,7.338865,2023-01-01T01:05:01
6.560345,7.450060,2023-01-01T01:05:02
6.560345,7.450060,2023-01-01T01:05:03
6.560345,7.450060,2023-01-01T01:05:04
6.560345,7.450060,2023-01-01T01:05:05
6.560345,7.561255,2023-01-01T01:05:06
6.560345,7.561255,2023-01-01T01:05:07
6.560345,7.561255,2023-01-01T01:05:08
6.560345,7.561255,2023-01-01T01:05:09
6.449153,7.561255,2023-01-01T01:05:10
6.449153,7.561255,2023-01-01T01:05:11
6.337960,7.561255,2023-01-01T01:05:12
6.337960,7.561255,2023-01-01T01:05:13
6.337960,7.561255,2023-01-01T01:05:14
6.226768,7.561255,2023-01-01T01:05:15
6.226768,7.561255,2023-01-01T01:05:16
6.226768,7.561255,2023-01-01T01:05:17
6.115576,7.561255,2023-01-01T01:05:18
6.115576,7.561255,2023-01-01T01:05:19
6.115576,7.561255,2023-01-01T01:05:20
6.004383,7.450060,2023-01-01T01:05:21
6.004383,7.450060,2023-01-01T01:05:22
6.004383,7.450060,2023-01-01T01:05:23
5.893191,7.450060,2023-01-01T01:05:24
5.893191,7.450060,2023-01-01T01:05:25
5.893191,7.450060,2023-01-01T01:05:26
5.893191,7.450060,2023-01-01T01:05:27
5.781999,7.450060,2023-01-01T01:05:28
5.781999,7.450060,2023-01-01T01:05:29
5.781999,7.450060,2023-01-01T01:05:30
5.781999,7.450060,2023-01-01T01:05:31
5.670807,7.450060,2023-01-01T01:05:32
5.670807,7.450060,2023-01-01T01:05:33
5.670807,7.450060,2023-01-01T01:05:34
5.670807,7.450060,2023-01-01T01:05:35
5.559614,7.450060,2023-01-01T01:05:36
5.559614,7.450060,2023-01-01T01:05:37
5.559614,7.450060,2023-01-01T01:05:38
5.559614,7.450060,2023-01-01T01:05:39
5.559614,7.450060,2023-01-01T01:05:40
5.448422,7.450060,2023-01-01T01:05:41
5.448422,7.450060,2023-01-01T01:05:42
5.448422,7.450060,2023-01-01T01:05:43
5.448422,7.450060,2023-01-01T01:05:44
5.448422,7.450060,2023-01-01T01:05:45
5.448422,7.450060,2023-01-01T01:05:46
5.337230,7.450060,2023-01-01T01:05:47
5.337230,7.450060,2023-01-01T01:05:48
5.337230,7.450060,2023-01-01T01:05:49
5.337230,7.338865,2023-01-01T01:05:50
5.337230,7.338865,2023-01-01T01:05:51
5.337230,7.338865,2023-01-01T01:05:52
5.337230,7.338865,2023-01-01T01:05:53
5.226037,7.338865,2023-01-01T01:05:54
5.226037,7.338865,2023-01-01T01:05:55
5.226037,7.338865,2023-01-01T01:05:56
5.226037,7.338865,2023-01-01T01:05:57
5.226037,7.338865,2023-01-01T01:05:58
5.226037,7.338865,2023-01-01T01:05:59
5.226037,7.338865,2023-01-01T01:06:00
5.226037,7.338865,2023-01-01T01:06:01
5.114845,7.338865,2023-01-01T01:06:02
5.114845,7.338865,2023-01-01T01:06:03
5.114845,7.338865,2023-01-01T01:06:04
5.114845,7.338865,2023-01-01T01:06:05
5.114845,7.338865,2023-01-01T01:06:06
5.114845,7.338865,2023-01-01T01:06:07
5.114845,7.338865,2023-01-01T01:06:08
5.114845,7.338865,2023-01-01T01:06:09
5.114845,7.338865,2023-01-01T01:06:10
5.003653,7.338865,2023-01-01T01:06:11
5.003653,7.338865,2023-01-01T01:06:12
5.003653,7.338865,2023-01-01T01:06:13
5.003653,7.338865,2023-01-01T01:06:14
5.003653,7.338865,2023-01-01T01:06:15
5.003653,7.338865,2023-01-01T01:06:16
5.003653,7.338865,2023-01-01T01:06:17
4.892461,7.338865,2023-01-01T01:06:18
4.892461,7.338865,2023-01-01T01:06:19
4.892461,7.338865,2023-01-01T01:06:20
4.892461,7.338865,2023-01-01T01:06:21
4.892461,7.338865,2023-01-01T01:06:22
4.892461,7.338865,2023-01-01T01:06:23
4.892461,7.338865,2023-01-01T01:06:24
4.892461,7.338865,2023-01-01T01:06:25
4.892461,7.338865,2023-01-01T01:06:26
4.892461,7.338865,2023-01-01T01:06:27
4.781268,7.338865,2023-01-01T01:06:28
4.781268,7.338865,2023-01-01T01:06:29
4.781268,7.338865,2023-01-01T01:06:30
4.781268,7.338865,2023-01-01T01:06:31
4.781268,7.227670,2023-01-01T01:06:32
4.781268,7.227670,2023-01-01T01:06:33
4.781268,7.227670,2023-01-01T01:06:34
4.781268,7.227670,2023-01-01T01:06:35
4.781268,7.227670,2023-01-01T01:06:36
4.781268,7.227670,2023-01-01T01:06:37
4.781268,7.227670,2023-01-01T01:06:38
4.781268,7.227670,2023-01-01T01:06:39
4.781268,7.227670,2023-01-01T01:06:40
4.781268,7.227670,2023-01-01T01:06:41
4.781268,7.227670,2023-01-01T01:06:42
4.781268,7.338865,2023-01-01T01:06:43
4.781268,7.338865,2023-01-01T01:06:44
4.781268,7.338865,2023-01-01T01:06:45
4.781268,7.338865,2023-01-01T01:06:46
4.781268,7.338865,2023-01-01T01:06:47
4.781268,7.338865,2023-01-01T01:06:48
4.781268,7.338865,2023-01-01T01:06:49
4.781268,7.338865,2023-01-01T01:06:50
4.781268,7.338865,2023-01-01T01:06:51
4.781268,7.338865,2023-01-01T01:06:52
4.781268,7.338865,2023-01-01T01:06:53
4.781268,7.338865,2023-01-01T01:06:54
4.781268,7.338865,2023-01-01T01:06:55
4.670076,7.338865,2023-01-01T01:06:56
4.670076,7.338865,2023-01-01T01:06:57
4.670076,7.338865,2023-01-01T01:06:58
4.670076,7.338865,2023-01-01T01:06:59
4.670076,7.338865,2023-01-01T01:07:00
4.670076,7.338865,2023-01-01T01:07:01
4.670076,7.338865,2023-01-01T01:07:02
4.670076,7.338865,2023-01-01T01:07:03
4.670076,7.338865,2023-01-01T01:07:04
4.670076,7.338865,2023-01-01T01:07:05
4.670076,7.338865,2023-01-01T01:07:06
4.670076,7.338865,2023-01-01T01:07:07
4.670076,7.338865,2023-01-01T01:07:08
4.670076,7.338865,2023-01-01T01:07:09
4.670076,7.338865,2023-01-01T01:07:10
4.670076,7.338865,2023-01-01T01:07:11
4.670076,7.338865,2023-01-01T01:07:12
4.670076,7.338865,2023-01-01T01:07:13
4.670076,7.338865,2023-01-01T01:07:14
4.670076,7.338865,2023-01-01T01:07:15
4.670076,7.338865,2023-01-01T01:07:16
4.670076,7.338865,2023-01-01T01:07:17
4.670076,7.338865,2023-01-01T01:07:18
4.670076,7.338865,2023-01-01T01:07:19
4.670076,7.338865,2023-01-01T01:07:20
4.670076,7.338865,2023-01-01T01:07:21
4.670076,7.338865,2023-01-01T01:07:22
4.670076,7.338865,2023-01-01T01:07:23
4.670076,7.338865,2023-01-01T01:07:24
4.670076,7.338865,2023-01-01T01:07:25
4.670076,7.338865,2023-01-01T01:07:26
4.670076,7.338865,2023-01-01T01:07:27
4.670076,7.338865,2023-01-01T01:07:28
4.670076,7.338865,2023-01-01T01:07:29
4.670076,7.338865,2023-01-01T01:07:30
4.670076,7.338865,2023-01-01T01:07:31
4.670076,7.338865,2023-01-01T01:07:32
4.670076,7.338865,2023-01-01T01:07:33
4.670076,7.338865,2023-01-01T01:07:34
4.670076,7.338865,2023-01-01T01:07:35
4.670076,7.338865,2023-01-01T01:07:36
4.670076,7.338865,2023-01-01T01:07:37
4.670076,7.338865,2023-01-01T01:07:38
4.670076,7.338865,2023-01-01T01:07:39
4.670076,7.338865,2023-01-01T01:07:40
4.670076,7.338865,2023-01-01T01:07:41
4.670076,7.338865,2023-01-01T01:07:42
4.670076,7.338865,2023-01-01T01:07:43
4.670076,7.338865,2023-01-01T01:07:44
4.670076,7.338865,2023-01-01T01:07:45
4.670076,7.338865,2023-01-01T01:07:46
4.670076,7.338865,2023-01-01T01:07:47
4.670076,7.338865,2023-01-01T01:07:48
4.670076,7.338865,2023-01-01T01:07:49
4.670076,7.338865,2023-01-01T01:07:50
4.670076,7.338865,2023-01-01T01:07:51
4.670076,7.338865,2023-01-01T01:07:52
4.670076,7.338865,2023-01-01T01:07:53
4.670076,7.338865,2023-01-01T01:07:54
4.670076,7.338865,2023-01-01T01:07:55
4.670076,7.338865,2023-01-01T01:07:56
4.670076,7.338865,2023-01-01T01:07:57
4.670076,7.338865,2023-01-01T01:07:58
4.670076,7.338865,2023-01-01T01:07:59
4.670076,7.338865,2023-01-01T01:08:00
4.670076,7.338865,2023-01-01T01:08:01
4.670076,7.338865,2023-01-01T01:08:02
4.670076,7.338865,2023-01-01T01:08:03
4.670076,7.338865,2023-01-01T01:08:04
4.670076,7.338865,2023-01-01T01:08:05
4.670076,7.338865,2023-01-01T01:08:06
4.670076,7.338865,2023-01-01T01:08:07
4.670076,7.338865,2023-01-01T01:08:08
4.670076,7.338865,2023-01-01T01:08:09
4.670076,7.338865,2023-01-01T01:08:10
4.670076,7.338865,2023-01-01T01:08:11
4.670076,7.338865,2023-01-01T01:08:12
4.670076,7.338865,2023-01-01T01:08:13
4.670076,7.338865,2023-01-01T01:08:14
4.670076,7.338865,2023-01-01T01:08:15
4.670076,7.338865,2023-01-01T01:08:16
4.670076,7.338865,2023-01-01T01:08:17
4.670076,7.338865,2023-01-01T01:08:18
4.670076,7.338865,2023-01-01T01:08:19
4.670076,7.338865,2023-01-01T01:08:20
4.670076,7.338865,2023-01-01T01:08:21
4.558884,7.450060,2023-01-01T01:08:22
4.558884,7.450060,2023-01-01T01:08:23
4.558884,7.450060,2023-01-01T01:08:24
4.558884,7.450060,2023-01-01T01:08:25
4.558884,7.450060,2023-01-01T01:08:26
4.558884,7.450060,2023-01-01T01:08:27
4.558884,7.450060,2023-01-01T01:08:28
4.558884,7.450060,2023-01-01T01:08:29
4.558884,7.450060,2023-01-01T01:08:30
4.558884,7.450060,2023-01-01T01:08:31
4.558884,7.450060,2023-01-01T01:08:32
4.558884,7.450060,2023-01-01T01:08:33
4.558884,7.450060,2023-01-01T01:08:34
4.558884,7.561255,2023-01-01T01:08:35
4.558884,7.561255,2023-01-01T01:08:36
4.558884,7.561255,2023-01-01T01:08:37
4.558884,7.561255,2023-01-01T01:08:38
4.447691,7.561255,2023-01-01T01:08:39
4.447691,7.561255,2023-01-01T01:08:40
4.447691,7.561255,2023-01-01T01:08:41
4.447691,7.561255,2023-01-01T01:08:42
4.447691,7.561255,2023-01-01T01:08:43
4.447691,7.561255,2023-01-01T01:08:44
4.447691,7.561255,2023-01-01T01:08:45
4.447691,7.561255,2023-01-01T01:08:46
4.447691,7.561255,2023-01-01T01:08:47
4.447691,7.561255,2023-01-01T01:08:48
4.447691,7.561255,2023-01-01T01:08:49
4.447691,7.561255,2023-01-01T01:08:50
4.447691,7.561255,2023-01-01T01:08:51
4.447691,7.672450,2023-01-01T01:08:52
4.447691,7.672450,2023-01-01T01:08:53
4.447691,7.672450,2023-01-01T01:08:54
4.447691,7.672450,2023-01-01T01:08:55
4.336499,7.672450,2023-01-01T01:08:56
4.336499,7.672450,2023-01-01T01:08:57
4.336499,7.672450,2023-01-01T01:08:58
4.336499,7.672450,2023-01-01T01:08:59
4.336499,7.672450,2023-01-01T01:09:00
4.336499,7.672450,2023-01-01T01:09:01
4.336499,7.672450,2023-01-01T01:09:02
4.336499,7.672450,2023-01-01T01:09:03
4.336499,7.672450,2023-01-01T01:09:04
4.336499,7.672450,2023-01-01T01:09:05
4.336499,7.672450,2023-01-01T01:09:06
4.336499,7.672450,2023-01-01T01:09:07
4.336499,7.672450,2023-01-01T01:09:08
4.336499,7.672450,2023-01-01T01:09:09
4.336499,7.672450,2023-01-01T01:09:10
4.336499,7.672450,2023-01-01T01:09:11
4.336499,7.672450,2023-01-01T01:09:12
4.336499,7.672450,2023-01-01T01:09:13
4.336499,7.672450,2023-01-01T01:09:14
4.336499,7.672450,2023-01-01T01:09:15
4.336499,7.672450,2023-01-01T01:09:16
4.336499,7.672450,2023-01-01T01:09:17
4.336499,7.672450,2023-01-01T01:09:18
4.336499,7.672450,2023-01-01T01:09:19
4.336499,7.672450,2023-01-01T01:09:20
4.336499,7.672450,2023-01-01T01:09:21
4.336499,7.672450,2023-01-01T01:09:22
4.447691,7.783645,2023-01-01T01:09:23
4.447691,7.783645,2023-01-01T01:09:24
4.447691,7.783645,2023-01-01T01:09:25
4.447691,7.783645,2023-01-01T01:09:26
4.447691,7.783645,2023-01-01T01:09:27
4.447691,7.783645,2023-01-01T01:09:28
4.558884,7.783645,2023-01-01T01:09:29
4.558884,7.783645,2023-01-01T01:09:30
4.558884,7.783645,2023-01-01T01:09:31
4.670076,7.783645,2023-01-01T01:09:32
4.670076,7.894840,2023-01-01T01:09:33
4.670076,7.894840,2023-01-01T01:09:34
4.781268,7.894840,2023-01-01T01:09:35
4.781268,7.894840,2023-01-01T01:09:36
4.781268,7.894840,2023-01-01T01:09:37
4.892461,7.894840,2023-01-01T01:09:38
4.892461,8.006035,2023-01-01T01:09:39
4.892461,8.006035,2023-01-01T01:09:40
5.003653,8.006035,2023-01-01T01:09:41
5.003653,8.006035,2023-01-01T01:09:42
5.003653,8.006035,2023-01-01T01:09:43
5.003653,8.006035,2023-01-01T01:09:44
5.114845,8.006035,2023-01-01T01:09:45
5.114845,8.006035,2023-01-01T01:09:46
5.114845,8.117230,2023-01-01T01:09:47
5.114845,8.117230,2023-01-01T01:09:48
5.226037,8.117230,2023-01-01T01:09:49
5.226037,8.117230,2023-01-01T01:09:50
5.226037,8.117230,2023-01-01T01:09:51
5.226037,8.117230,2023-01-01T01:09:52
5.337230,8.117230,2023-01-01T01:09:53
5.337230,8.117230,2023-01-01T01:09:54
5.337230,8.117230,2023-01-01T01:09:55
5.337230,8.117230,2023-01-01T01:09:56
5.448422,8.117230,2023-01-01T01:09:57
5.448422,8.117230,2023-01-01T01:09:58
5.448422,8.117230,2023-01-01T01:09:59
5.448422,8.117230,2023-01-01T01:10:00
5.559614,8.117230,2023-01-01T01:10:01
5.559614,8.117230,2023-01-01T01:10:02
5.559614,8.117230,2023-01-01T01:10:03
5.559614,8.117230,2023-01-01T01:10:04
5.670807,8.117230,2023-01-01T01:10:05
5.670807,8.117230,2023-01-01T01:10:06
5.670807,8.117230,2023-01-01T01:10:07
5.670807,8.117230,2023-01-01T01:10:08
5.670807,8.117230,2023-01-01T01:10:09
5.559614,8.117230,2023-01-01T01:10:10
5.559614,8.117230,2023-01-01T01:10:11
5.559614,8.006035,2023-01-01T01:10:12
5.559614,8.006035,2023-01-01T01:10:13
5.559614,8.006035,2023-01-01T01:10:14
5.559614,8.006035,2023-01-01T01:10:15
5.559614,8.006035,2023-01-01T01:10:16
5.448422,8.006035,2023-01-01T01:10:17
5.448422,7.894840,2023-01-01T01:10:18
5.448422,7.894840,2023-01-01T01:10:19
5.448422,7.894840,2023-01-01T01:10:20
5.448422,7.894840,2023-01-01T01:10:21
5.448422,7.894840,2023-01-01T01:10:22
5.448422,7.894840,2023-01-01T01:10:23
5.337230,7.783645,2023-01-01T01:10:24
5.337230,7.783645,2023-01-01T01:10:25
5.337230,7.783645,2023-01-01T01:10:26
5.337230,7.783645,2023-01-01T01:10:27
5.337230,7.783645,2023-01-01T01:10:28
5.337230,7.783645,2023-01-01T01:10:29
5.337230,7.672450,2023-01-01T01:10:30
5.337230,7.672450,2023-01-01T01:10:31
5.337230,7.672450,2023-01-01T01:10:32
5.226037,7.672450,2023-01-01T01:10:33
5.226037,7.672450,2023-01-01T01:10:34
5.226037,7.672450,2023-01-01T01:10:35
5.226037,7.672450,2023-01-01T01:10:36
5.226037,7.672450,2023-01-01T01:10:37
5.226037,7.561255,2023-01-01T01:10:38
5.226037,7.561255,2023-01-01T01:10:39
5.226037,7.561255,2023-01-01T01:10:40
5.226037,7.561255,2023-01-01T01:10:41
5.226037,7.561255,2023-01-01T01:10:42
5.226037,7.561255,2023-01-01T01:10:43
5.226037,7.561255,2023-01-01T01:10:44
5.114845,7.561255,2023-01-01T01:10:45
5.114845,7.561255,2023-01-01T01:10:46
5.114845,7.561255,2023-01-01T01:10:47
5.114845,7.450060,2023-01-01T01:10:48
5.114845,7.450060,2023-01-01T01:10:49
5.114845,7.450060,2023-01-01T01:10:50
5.114845,7.450060,2023-01-01T01:10:51
5.114845,7.450060,2023-01-01T01:10:52
5.114845,7.450060,2023-01-01T01:10:53
5.114845,7.450060,2023-01-01T01:10:54
5.114845,7.450060,2023-01-01T01:10:55
5.114845,7.450060,2023-01-01T01:10:56
5.114845,7.450060,2023-01-01T01:10:57
5.114845,7.450060,2023-01-01T01:10:58
5.114845,7.338865,2023-01-01T01:10:59
5.114845,7.338865,2023-01-01T01:11:00
5.114845,7.338865,2023-01-01T01:11:01
5.003653,7.338865,2023-01-01T01:11:02
5.003653,7.338865,2023-01-01T01:11:03
5.003653,7.338865,2023-01-01T01:11:04
5.003653,7.338865,2023-01-01T01:11:05
5.003653,7.338865,2023-01-01T01:11:06
5.003653,7.338865,2023-01-01T01:11:07
5.003653,7.338865,2023-01-01T01:11:08
5.003653,7.338865,2023-01-01T01:11:09
5.003653,7.338865,2023-01-01T01:11:10
5.003653,7.338865,2023-01-01T01:11:11
5.003653,7.338865,2023-01-01T01:11:12
5.003653,7.227670,2023-01-01T01:11:13
5.003653,7.227670,2023-01-01T01:11:14
5.003653,7.227670,2023-01-01T01:11:15
5.003653,7.227670,2023-01-01T01:11:16
5.003653,7.227670,2023-01-01T01:11:17
5.003653,7.227670,2023-01-01T01:11:18
5.003653,7.227670,2023-01-01T01:11:19
5.003653,7.227670,2023-01-01T01:11:20
5.003653,7.227670,2023-01-01T01:11:21
4.892461,7.227670,2023-01-01T01:11:22
4.892461,7.227670,2023-01-01T01:11:23
4.892461,7.227670,2023-01-01T01:11:24
4.892461,7.227670,2023-01-01T01:11:25
4.892461,7.227670,2023-01-01T01:11:26
4.892461,7.227670,2023-01-01T01:11:27
4.892461,7.227670,2023-01-01T01:11:28
4.892461,7.116475,2023-01-01T01:11:29
4.892461,7.116475,2023-01-01T01:11:30
4.892461,7.116475,2023-01-01T01:11:31
4.892461,7.116475,2023-01-01T01:11:32
4.892461,7.116475,2023-01-01T01:11:33
4.892461,7.116475,2023-01-01T01:11:34
4.892461,7.116475,2023-01-01T01:11:35
4.892461,7.116475,2023-01-01T01:11:36
4.892461,7.116475,2023-01-01T01:11:37
4.892461,7.116475,2023-01-01T01:11:38
4.892461,7.116475,2023-01-01T01:11:39
4.892461,7.116475,2023-01-01T01:11:40
4.892461,7.116475,2023-01-01T01:11:41
4.892461,7.116475,2023-01-01T01:11:42
4.892461,7.116475,2023-01-01T01:11:43
4.892461,7.116475,2023-01-01T01:11:44
4.892461,7.116475,2023-01-01T01:11:45
4.892461,7.116475,2023-01-01T01:11:46
4.892461,7.005280,2023-01-01T01:11:47
4.892461,7.005280,2023-01-01T01:11:48
4.892461,7.005280,2023-01-01T01:11:49
4.892461,7.005280,2023-01-01T01:11:50
4.781268,7.005280,2023-01-01T01:11:51
4.781268,7.005280,2023-01-01T01:11:52
4.781268,7.005280,2023-01-01T01:11:53
4.781268,7.005280,2023-01-01T01:11:54
4.781268,7.005280,2023-01-01T01:11:55
4.781268,7.005280,2023-01-01T01:11:56
4.781268,7.005280,2023-01-01T01:11:57
4.781268,7.005280,2023-01-01T01:11:58
4.781268,7.005280,2023-01-01T01:11:59
4.781268,7.005280,2023-01-01T01:12:00
4.781268,7.005280,2023-01-01T01:12:01
4.781268,7.005280,2023-01-01T01:12:02
4.781268,7.005280,2023-01-01T01:12:03
4.781268,7.005280,2023-01-01T01:12:04
4.781268,6.894085,2023-01-01T01:12:05
4.781268,6.894085,2023-01-01T01:12:06
4.781268,6.894085,2023-01-01T01:12:07
4.781268,6.894085,2023-01-01T01:12:08
4.781268,6.894085,2023-01-01T01:12:09
4.781268,6.894085,2023-01-01T01:12:10
4.781268,6.894085,2023-01-01T01:12:11
4.781268,6.894085,2023-01-01T01:12:12
4.781268,6.894085,2023-01-01T01:12:13
4.781268,6.894085,2023-01-01T01:12:14
4.781268,6.894085,2023-01-01T01:12:15
4.781268,6.894085,2023-01-01T01:12:16
4.781268,6.894085,2023-01-01T01:12:17
4.781268,6.894085,2023-01-01T01:12:18
4.781268,6.894085,2023-01-01T01:12:19
4.781268,6.894085,2023-01-01T01:12:20
4.781268,6.894085,2023-01-01T01:12:21
4.781268,6.894085,2023-01-01T01:12:22
4.781268,6.894085,2023-01-01T01:12:23
4.781268,6.894085,2023-01-01T01:12:24
4.781268,6.894085,2023-01-01T01:12:25
4.781268,6.894085,2023-01-01T01:12:26
4.781268,6.894085,2023-01-01T01:12:27
4.781268,6.894085,2023-01-01T01:12:28
4.781268,6.894085,2023-01-01T01:12:29
4.781268,6.894085,2023-01-01T01:12:30
4.781268,6.894085,2023-01-01T01:12:31
4.781268,6.894085,2023-01-01T01:12:32
4.781268,6.894085,2023-01-01T01:12:33
4.781268,6.894085,2023-01-01T01:12:34
4.781268,6.894085,2023-01-01T01:12:35
4.781268,6.894085,2023-01-01T01:12:36
4.781268,6.894085,2023-01-01T01:12:37
4.781268,6.894085,2023-01-01T01:12:38
4.781268,6.894085,2023-01-01T01:12:39
4.781268,6.894085,2023-01-01T01:12:40
4.781268,6.894085,2023-01-01T01:12:41
4.670076,6.894085,2023-01-01T01:12:42
4.670076,6.894085,2023-01-01T01:12:43
4.670076,6.894085,2023-01-01T01:12:44
4.670076,6.894085,2023-01-01T01:12:45
4.670076,6.894085,2023-01-01T01:12:46
4.670076,6.894085,2023-01-01T01:12:47
4.670076,6.894085,2023-01-01T01:12:48
4.670076,6.894085,2023-01-01T01:12:49
4.670076,6.894085,2023-01-01T01:12:50
4.670076,6.894085,2023-01-01T01:12:51
4.558884,6.894085,2023-01-01T01:12:52
4.558884,6.894085,2023-01-01T01:12:53
4.558884,6.894085,2023-01-01T01:12:54
4.558884,6.894085,2023-01-01T01:12:55
4.558884,6.894085,2023-01-01T01:12:56
4.558884,6.894085,2023-01-01T01:12:57
4.558884,6.894085,2023-01-01T01:12:58
4.558884,6.894085,2023-01-01T01:12:59
4.558884,6.894085,2023-01-01T01:13:00
4.558884,6.894085,2023-01-01T01:13:01
4.558884,6.894085,2023-01-01T01:13:02
4.447691,6.894085,2023-01-01T01:13:03
4.447691,6.894085,2023-01-01T01:13:04
4.447691,6.894085,2023-01-01T01:13:05
4.447691,6.894085,2023-01-01T01:13:06
4.447691,6.894085,2023-01-01T01:13:07
4.447691,7.005280,2023-01-01T01:13:08
4.447691,7.005280,2023-01-01T01:13:09
4.447691,7.005280,2023-01-01T01:13:10
4.447691,7.005280,2023-01-01T01:13:11
4.447691,7.005280,2023-01-01T01:13:12
4.447691,7.005280,2023-01-01T01:13:13
4.447691,7.005280,2023-01-01T01:13:14
4.447691,7.005280,2023-01-01T01:13:15
4.447691,7.005280,2023-01-01T01:13:16
4.447691,7.116475,2023-01-01T01:13:17
4.447691,7.116475,2023-01-01T01:13:18
4.447691,7.116475,2023-01-01T01:13:19
4.447691,7.116475,2023-01-01T01:13:20
4.447691,7.116475,2023-01-01T01:13:21
4.447691,7.116475,2023-01-01T01:13:22
4.447691,7.116475,2023-01-01T01:13:23
4.447691,7.116475,2023-01-01T01:13:24
4.447691,7.116475,2023-01-01T01:13:25
4.447691,7.116475,2023-01-01T01:13:26
4.558884,7.116475,2023-01-01T01:13:27
4.558884,7.116475,2023-01-01T01:13:28
4.558884,7.116475,2023-01-01T01:13:29
4.558884,7.116475,2023-01-01T01:13:30
4.558884,7.116475,2023-01-01T01:13:31
4.558884,7.116475,2023-01-01T01:13:32
4.558884,7.116475,2023-01-01T01:13:33
4.558884,7.116475,2023-01-01T01:13:34
4.558884,7.116475,2023-01-01T01:13:35
4.558884,7.227670,2023-01-01T01:13:36
4.558884,7.227670,2023-01-01T01:13:37
4.558884,7.227670,2023-01-01T01:13:38
4.558884,7.227670,2023-01-01T01:13:39
4.558884,7.227670,2023-01-01T01:13:40
4.558884,7.227670,2023-01-01T01:13:41
4.558884,7.227670,2023-01-01T01:13:42
4.558884,7.227670,2023-01-01T01:13:43
4.558884,7.227670,2023-01-01T01:13:44
4.558884,7.227670,2023-01-01T01:13:45
4.558884,7.227670,2023-01-01T01:13:46
4.558884,7.227670,2023-01-01T01:13:47
4.558884,7.338865,2023-01-01T01:13:48
4.558884,7.338865,2023-01-01T01:13:49
4.558884,7.338865,2023-01-01T01:13:50
4.558884,7.338865,2023-01-01T01:13:51
4.558884,7.338865,2023-01-01T01:13:52
4.558884,7.338865,2023-01-01T01:13:53
4.558884,7.338865,2023-01-01T01:13:54
4.558884,7.338865,2023-01-01T01:13:55
4.558884,7.338865,2023-01-01T01:13:56
4.558884,7.338865,2023-01-01T01:13:57
4.558884,7.338865,2023-01-01T01:13:58
4.558884,7.338865,2023-01-01T01:13:59
4.558884,7.338865,2023-01-01T01:14:00
4.558884,7.338865,2023-01-01T01:14:01
4.558884,7.338865,2023-01-01T01:14:02
4.558884,7.450060,2023-01-01T01:14:03
4.558884,7.450060,2023-01-01T01:14:04
4.558884,7.450060,2023-01-01T01:14:05
4.558884,7.450060,2023-01-01T01:14:06
4.558884,7.450060,2023-01-01T01:14:07
4.558884,7.450060,2023-01-01T01:14:08
4.558884,7.450060,2023-01-01T01:14:09
4.558884,7.450060,2023-01-01T01:14:10
4.558884,7.450060,2023-01-01T01:14:11
4.558884,7.450060,2023-01-01T01:14:12
4.558884,7.450060,2023-01-01T01:14:13
4.558884,7.450060,2023-01-01T01:14:14
4.447691,7.450060,2023-01-01T01:14:15
4.447691,7.450060,2023-01-01T01:14:16
4.447691,7.450060,2023-01-01T01:14:17
4.447691,7.450060,2023-01-01T01:14:18
4.447691,7.450060,2023-01-01T01:14:19
4.447691,7.450060,2023-01-01T01:14:20
4.447691,7.450060,2023-01-01T01:14:21
4.447691,7.450060,2023-01-01T01:14:22
4.447691,7.450060,2023-01-01T01:14:23
4.447691,7.561255,2023-01-01T01:14:24
4.447691,7.561255,2023-01-01T01:14:25
4.447691,7.561255,2023-01-01T01:14:26
4.447691,7.561255,2023-01-01T01:14:27
4.447691,7.561255,2023-01-01T01:14:28
4.447691,7.561255,2023-01-01T01:14:29
4.447691,7.561255,2023-01-01T01:14:30
4.447691,7.561255,2023-01-01T01:14:31
4.336499,7.561255,2023-01-01T01:14:32
4.336499,7.561255,2023-01-01T01:14:33
4.336499,7.561255,2023-01-01T01:14:34
4.336499,7.561255,2023-01-01T01:14:35
4.336499,7.561255,2023-01-01T01:14:36
4.336499,7.561255,2023-01-01T01:14:37
4.336499,7.561255,2023-01-01T01:14:38
4.336499,7.561255,2023-01-01T01:14:39
4.336499,7.561255,2023-01-01T01:14:40
4.336499,7.561255,2023-01-01T01:14:41
4.336499,7.672450,2023-01-01T01:14:42
4.336499,7.672450,2023-01-01T01:14:43
4.336499,7.672450,2023-01-01T01:14:44
4.336499,7.672450,2023-01-01T01:14:45
4.336499,7.672450,2023-01-01T01:14:46
4.336499,7.672450,2023-01-01T01:14:47
4.225307,7.672450,2023-01-01T01:14:48
4.225307,7.672450,2023-01-01T01:14:49
4.225307,7.672450,2023-01-01T01:14:50
4.225307,7.783645,2023-01-01T01:14:51
4.225307,7.783645,2023-01-01T01:14:52
4.225307,7.783645,2023-01-01T01:14:53
4.225307,7.783645,2023-01-01T01:14:54
4.225307,7.783645,2023-01-01T01:14:55
4.225307,7.783645,2023-01-01T01:14:56
4.225307,7.783645,2023-01-01T01:14:57
4.225307,7.783645,2023-01-01T01:14:58
4.225307,7.783645,2023-01-01T01:14:59
4.225307,7.894840,2023-01-01T01:15:00
4.225307,7.894840,2023-01-01T01:15:01
4.225307,7.894840,2023-01-01T01:15:02
4.225307,7.894840,2023-01-01T01:15:03
4.225307,7.894840,2023-01-01T01:15:04
4.114115,7.894840,2023-01-01T01:15:05
4.114115,7.894840,2023-01-01T01:15:06
4.114115,7.894840,2023-01-01T01:15:07
4.114115,7.894840,2023-01-01T01:15:08
4.114115,7.894840,2023-01-01T01:15:09
4.114115,7.894840,2023-01-01T01:15:10
4.114115,8.006035,2023-01-01T01:15:11
4.114115,8.006035,2023-01-01T01:15:12
4.114115,8.006035,2023-01-01T01:15:13
4.114115,8.006035,2023-01-01T01:15:14
4.114115,8.006035,2023-01-01T01:15:15
4.114115,8.006035,2023-01-01T01:15:16
4.114115,8.006035,2023-01-01T01:15:17
4.114115,8.006035,2023-01-01T01:15:18
4.114115,8.006035,2023-01-01T01:15:19
4.114115,8.006035,2023-01-01T01:15:20
4.114115,8.006035,2023-01-01T01:15:21
4.114115,8.006035,2023-01-01T01:15:22
4.114115,8.006035,2023-01-01T01:15:23
4.114115,8.117230,2023-01-01T01:15:24
4.114115,8.117230,2023-01-01T01:15:25
4.114115,8.117230,2023-01-01T01:15:26
4.114115,8.117230,2023-01-01T01:15:27
4.114115,8.117230,2023-01-01T01:15:28
4.114115,8.117230,2023-01-01T01:15:29
4.114115,8.117230,2023-01-01T01:15:30
4.114115,8.117230,2023-01-01T01:15:31
4.114115,8.117230,2023-01-01T01:15:32
4.114115,8.117230,2023-01-01T01:15:33
4.114115,8.117230,2023-01-01T01:15:34
4.114115,8.117230,2023-01-01T01:15:35
4.114115,8.117230,2023-01-01T01:15:36
4.114115,8.117230,2023-01-01T01:15:37
4.114115,8.117230,2023-01-01T01:15:38
4.114115,8.117230,2023-01-01T01:15:39
4.114115,8.117230,2023-01-01T01:15:40
4.114115,8.117230,2023-01-01T01:15:41
4.114115,8.228425,2023-01-01T01:15:42
4.114115,8.228425,2023-01-01T01:15:43
4.114115,8.228425,2023-01-01T01:15:44
4.002922,8.228425,2023-01-01T01:15:45
4.002922,8.228425,2023-01-01T01:15:46
4.002922,8.228425,2023-01-01T01:15:47
4.002922,8.228425,2023-01-01T01:15:48
4.002922,8.228425,2023-01-01T01:15:49
4.002922,8.228425,2023-01-01T01:15:50
4.002922,8.228425,2023-01-01T01:15:51
4.002922,8.228425,2023-01-01T01:15:52
4.002922,8.228425,2023-01-01T01:15:53
4.002922,8.228425,2023-01-01T01:15:54
4.002922,8.228425,2023-01-01T01:15:55
4.002922,8.228425,2023-01-01T01:15:56
4.002922,8.228425,2023-01-01T01:15:57
4.002922,8.228425,2023-01-01T01:15:58
4.002922,8.228425,2023-01-01T01:15:59
4.002922,8.228425,2023-01-01T01:16:00
4.002922,8.228425,2023-01-01T01:16:01
4.002922,8.228425,2023-01-01T01:16:02
4.002922,8.228425,2023-01-01T01:16:03
4.002922,8.228425,2023-01-01T01:16:04
4.002922,8.228425,2023-01-01T01:16:05
4.002922,8.228425,2023-01-01T01:16:06
4.002922,8.228425,2023-01-01T01:16:07
4.002922,8.228425,2023-01-01T01:16:08
4.002922,8.228425,2023-01-01T01:16:09
4.002922,8.228425,2023-01-01T01:16:10
4.002922,8.228425,2023-01-01T01:16:11
4.002922,8.228425,2023-01-01T01:16:12
4.002922,8.228425,2023-01-01T01:16:13
4.002922,8.228425,2023-01-01T01:16:14
4.002922,8.228425,2023-01-01T01:16:15
4.002922,8.228425,2023-01-01T01:16:16
4.002922,8.228425,2023-01-01T01:16:17
4.002922,8.228425,2023-01-01T01:16:18
4.002922,8.228425,2023-01-01T01:16:19
4.002922,8.228425,2023-01-01T01:16:20
4.002922,8.228425,2023-01-01T01:16:21
4.002922,8.228425,2023-01-01T01:16:22
4.002922,8.228425,2023-01-01T01:16:23
4.002922,8.228425,2023-01-01T01:16:24
4.002922,8.228425,2023-01-01T01:16:25
3.891730,8.228425,2023-01-01T01:16:26
3.891730,8.228425,2023-01-01T01:16:27
3.891730,8.228425,2023-01-01T01:16:28
3.891730,8.228425,2023-01-01T01:16:29
3.891730,8.228425,2023-01-01T01:16:30
3.891730,8.228425,2023-01-01T01:16:31
3.891730,8.228425,2023-01-01T01:16:32
3.891730,8.228425,2023-01-01T01:16:33
3.891730,8.228425,2023-01-01T01:16:34
3.891730,8.228425,2023-01-01T01:16:35
3.891730,8.228425,2023-01-01T01:16:36
3.891730,8.228425,2023-01-01T01:16:37
3.891730,8.228425,2023-01-01T01:16:38
3.891730,8.228425,2023-01-01T01:16:39
3.891730,8.228425,2023-01-01T01:16:40
3.891730,8.228425,2023-01-01T01:16:41
3.891730,8.228425,2023-01-01T01:16:42
3.891730,8.228425,2023-01-01T01:16:43
3.891730,8.228425,2023-01-01T01:16:44
3.891730,8.228425,2023-01-01T01:16:45
3.780538,8.228425,2023-01-01T01:16:46
3.780538,8.228425,2023-01-01T01:16:47
3.780538,8.228425,2023-01-01T01:16:48
3.780538,8.228425,2023-01-01T01:16:49
3.780538,8.228425,2023-01-01T01:16:50
3.780538,8.228425,2023-01-01T01:16:51
3.780538,8.228425,2023-01-01T01:16:52
3.780538,8.228425,2023-01-01T01:16:53
3.780538,8.228425,2023-01-01T01:16:54
3.780538,8.228425,2023-01-01T01:16:55
3.780538,8.228425,2023-01-01T01:16:56
3.780538,8.228425,2023-01-01T01:16:57
3.780538,8.228425,2023-01-01T01:16:58
3.780538,8.228425,2023-01-01T01:16:59
3.780538,8.228425,2023-01-01T01:17:00
3.780538,8.228425,2023-01-01T01:17:01
3.780538,8.228425,2023-01-01T01:17:02
3.780538,8.228425,2023-01-01T01:17:03
3.780538,8.228425,2023-01-01T01:17:04
3.780538,8.228425,2023-01-01T01:17:05
3.780538,8.228425,2023-01-01T01:17:06
3.780538,8.228425,2023-01-01T01:17:07
3.780538,8.228425,2023-01-01T01:17:08
3.780538,8.228425,2023-01-01T01:17:09
3.780538,8.228425,2023-01-01T01:17:10
3.780538,8.228425,2023-01-01T01:17:11
3.780538,8.228425,2023-01-01T01:17:12
3.780538,8.228425,2023-01-01T01:17:13
3.780538,8.339619,2023-01-01T01:17:14
3.780538,8.339619,2023-01-01T01:17:15
3.780538,8.339619,2023-01-01T01:17:16
3.780538,8.339619,2023-01-01T01:17:17
3.780538,8.339619,2023-01-01T01:17:18
3.669345,8.339619,2023-01-01T01:17:19
3.669345,8.339619,2023-01-01T01:17:20
3.669345,8.339619,2023-01-01T01:17:21
3.669345,8.339619,2023-01-01T01:17:22
3.669345,8.339619,2023-01-01T01:17:23
3.669345,8.339619,2023-01-01T01:17:24
3.669345,8.339619,2023-01-01T01:17:25
3.669345,8.339619,2023-01-01T01:17:26
3.669345,8.339619,2023-01-01T01:17:27
3.669345,8.339619,2023-01-01T01:17:28
3.669345,8.339619,2023-01-01T01:17:29
3.669345,8.339619,2023-01-01T01:17:30
3.669345,8.339619,2023-01-01T01:17:31
3.669345,8.339619,2023-01-01T01:17:32
3.669345,8.339619,2023-01-01T01:17:33
3.669345,8.339619,2023-01-01T01:17:34
3.669345,8.339619,2023-01-01T01:17:35
3.669345,8.339619,2023-01-01T01:17:36
3.669345,8.339619,2023-01-01T01:17:37
3.669345,8.339619,2023-01-01T01:17:38
3.669345,8.339619,2023-01-01T01:17:39
3.669345,8.339619,2023-01-01T01:17:40
3.669345,8.339619,2023-01-01T01:17:41
3.669345,8.339619,2023-01-01T01:17:42
3.669345,8.339619,2023-01-01T01:17:43
3.669345,8.450814,2023-01-01T01:17:44
3.669345,8.450814,2023-01-01T01:17:45
3.669345,8.450814,2023-01-01T01:17:46
3.669345,8.450814,2023-01-01T01:17:47
3.669345,8.450814,2023-01-01T01:17:48
3.669345,8.450814,2023-01-01T01:17:49
3.669345,8.450814,2023-01-01T01:17:50
3.669345,8.450814,2023-01-01T01:17:51
3.669345,8.450814,2023-01-01T01:17:52
3.669345,8.450814,2023-01-01T01:17:53
3.669345,8.450814,2023-01-01T01:17:54
3.669345,8.450814,2023-01-01T01:17:55
3.669345,8.450814,2023-01-01T01:17:56
3.669345,8.450814,2023-01-01T01:17:57
3.669345,8.450814,2023-01-01T01:17:58
3.669345,8.450814,2023-01-01T01:17:59
3.669345,8.450814,2023-01-01T01:18:00
3.669345,8.450814,2023-01-01T01:18:01
3.669345,8.450814,2023-01-01T01:18:02
3.669345,8.450814,2023-01-01T01:18:03
3.669345,8.450814,2023-01-01T01:18:04
3.669345,8.450814,2023-01-01T01:18:05
3.669345,8.450814,2023-01-01T01:18:06
3.669345,8.450814,2023-01-01T01:18:07
3.669345,8.450814,2023-01-01T01:18:08
3.669345,8.450814,2023-01-01T01:18:09
3.669345,8.450814,2023-01-01T01:18:10
3.669345,8.450814,2023-01-01T01:18:11
3.669345,8.450814,2023-01-01T01:18:12
3.669345,8.450814,2023-01-01T01:18:13
3.669345,8.450814,2023-01-01T01:18:14
3.669345,8.450814,2023-01-01T01:18:15
3.669345,8.450814,2023-01-01T01:18:16
3.669345,8.450814,2023-01-01T01:18:17
3.669345,8.450814,2023-01-01T01:18:18
3.669345,8.450814,2023-01-01T01:18:19
3.669345,8.450814,2023-01-01T01:18:20
3.669345,8.450814,2023-01-01T01:18:21
3.669345,8.450814,2023-01-01T01:18:22
3.669345,8.450814,2023-01-01T01:18:23
3.669345,8.450814,2023-01-01T01:18:24
3.669345,8.450814,2023-01-01T01:18:25
3.669345,8.450814,2023-01-01T01:18:26
3.669345,8.450814,2023-01-01T01:18:27
3.669345,8.562009,2023-01-01T01:18:28
3.669345,8.562009,2023-01-01T01:18:29
3.669345,8.562009,2023-01-01T01:18:30
3.669345,8.562009,2023-01-01T01:18:31
3.669345,8.562009,2023-01-01T01:18:32
3.669345,8.562009,2023-01-01T01:18:33
3.669345,8.562009,2023-01-01T01:18:34
3.669345,8.562009,2023-01-01T01:18:35
3.558153,8.562009,2023-01-01T01:18:36
3.558153,8.562009,2023-01-01T01:18:37
3.558153,8.562009,2023-01-01T01:18:38
3.558153,8.562009,2023-01-01T01:18:39
3.558153,8.562009,2023-01-01T01:18:40
3.558153,8.562009,2023-01-01T01:18:41
3.558153,8.562009,2023-01-01T01:18:42
3.558153,8.562009,2023-01-01T01:18:43
3.558153,8.562009,2023-01-01T01:18:44
3.558153,8.562009,2023-01-01T01:18:45
3.558153,8.562009,2023-01-01T01:18:46
3.558153,8.562009,2023-01-01T01:18:47
3.558153,8.562009,2023-01-01T01:18:48
3.558153,8.562009,2023-01-01T01:18:49
3.558153,8.562009,2023-01-01T01:18:50
3.558153,8.562009,2023-01-01T01:18:51
3.558153,8.562009,2023-01-01T01:18:52
3.558153,8.562009,2023-01-01T01:18:53
3.558153,8.562009,2023-01-01T01:18:54
3.558153,8.562009,2023-01-01T01:18:55
3.558153,8.562009,2023-01-01T01:18:56
3.558153,8.562009,2023-01-01T01:18:57
3.558153,8.562009,2023-01-01T01:18:58
3.558153,8.562009,2023-01-01T01:18:59
3.558153,8.562009,2023-01-01T01:19:00
3.558153,8.562009,2023-01-01T01:19:01
3.558153,8.562009,2023-01-01T01:19:02
3.558153,8.562009,2023-01-01T01:19:03
3.558153,8.562009,2023-01-01T01:19:04
3.558153,8.562009,2023-01-01T01:19:05
3.558153,8.562009,2023-01-01T01:19:06
3.558153,8.562009,2023-01-01T01:19:07
3.558153,8.562009,2023-01-01T01:19:08
3.558153,8.562009,2023-01-01T01:19:09
3.558153,8.562009,2023-01-01T01:19:10
3.558153,8.562009,2023-01-01T01:19:11
3.558153,8.562009,2023-01-01T01:19:12
3.558153,8.562009,2023-01-01T01:19:13
3.558153,8.562009,2023-01-01T01:19:14
3.558153,8.562009,2023-01-01T01:19:15
3.558153,8.562009,2023-01-01T01:19:16
3.558153,8.562009,2023-01-01T01:19:17
3.558153,8.562009,2023-01-01T01:19:18
3.558153,8.562009,2023-01-01T01:19:19
3.558153,8.562009,2023-01-01T01:19:20
3.558153,8.562009,2023-01-01T01:19:21
3.558153,8.562009,2023-01-01T01:19:22
3.558153,8.562009,2023-01-01T01:19:23
3.558153,8.562009,2023-01-01T01:19:24
3.558153,8.562009,2023-01-01T01:19:25
3.558153,8.562009,2023-01-01T01:19:26
3.558153,8.562009,2023-01-01T01:19:27
3.558153,8.562009,2023-01-01T01:19:28
3.558153,8.562009,2023-01-01T01:19:29
3.558153,8.562009,2023-01-01T01:19:30
3.558153,8.562009,2023-01-01T01:19:31
3.558153,8.562009,2023-01-01T01:19:32
3.558153,8.562009,2023-01-01T01:19:33
3.558153,8.562009,2023-01-01T01:19:34
3.558153,8.562009,2023-01-01T01:19:35
3.558153,8.562009,2023-01-01T01:19:36
3.558153,8.562009,2023-01-01T01:19:37
3.558153,8.562009,2023-01-01T01:19:38
3.558153,8.562009,2023-01-01T01:19:39
3.558153,8.562009,2023-01-01T01:19:40
3.558153,8.562009,2023-01-01T01:19:41
3.446961,8.562009,2023-01-01T01:19:42
3.446961,8.562009,2023-01-01T01:19:43
3.446961,8.562009,2023-01-01T01:19:44
3.446961,8.562009,2023-01-01T01:19:45
3.446961,8.562009,2023-01-01T01:19:46
3.446961,8.562009,2023-01-01T01:19:47
3.446961,8.562009,2023-01-01T01:19:48
3.446961,8.562009,2023-01-01T01:19:49
3.446961,8.562009,2023-01-01T01:19:50
3.446961,8.562009,2023-01-01T01:19:51
3.446961,8.562009,2023-01-01T01:19:52
3.446961,8.562009,2023-01-01T01:19:53
3.446961,8.562009,2023-01-01T01:19:54
3.446961,8.562009,2023-01-01T01:19:55
3.446961,8.562009,2023-01-01T01:19:56
3.446961,8.562009,2023-01-01T01:19:57
3.446961,8.562009,2023-01-01T01:19:58
3.446961,8.562009,2023-01-01T01:19:59
3.446961,8.562009,2023-01-01T01:20:00
3.446961,8.562009,2023-01-01T01:20:01
3.446961,8.562009,2023-01-01T01:20:02
3.446961,8.562009,2023-01-01T01:20:03
3.446961,8.562009,2023-01-01T01:20:04
3.446961,8.562009,2023-01-01T01:20:05
3.446961,8.562009,2023-01-01T01:20:06
3.446961,8.562009,2023-01-01T01:20:07
3.446961,8.562009,2023-01-01T01:20:08
3.446961,8.562009,2023-01-01T01:20:09
3.335769,8.562009,2023-01-01T01:20:10
3.335769,8.562009,2023-01-01T01:20:11
3.335769,8.562009,2023-01-01T01:20:12
3.335769,8.562009,2023-01-01T01:20:13
3.335769,8.562009,2023-01-01T01:20:14
3.335769,8.562009,2023-01-01T01:20:15
3.335769,8.562009,2023-01-01T01:20:16
3.335769,8.562009,2023-01-01T01:20:17
3.335769,8.562009,2023-01-01T01:20:18
3.335769,8.562009,2023-01-01T01:20:19
3.335769,8.562009,2023-01-01T01:20:20
3.335769,8.562009,2023-01-01T01:20:21
3.335769,8.562009,2023-01-01T01:20:22
3.335769,8.562009,2023-01-01T01:20:23
3.335769,8.562009,2023-01-01T01:20:24
3.335769,8.562009,2023-01-01T01:20:25
3.446961,8.562009,2023-01-01T01:20:26
3.446961,8.562009,2023-01-01T01:20:27
3.446961,8.562009,2023-01-01T01:20:28
3.446961,8.562009,2023-01-01T01:20:29
3.446961,8.562009,2023-01-01T01:20:30
3.446961,8.562009,2023-01-01T01:20:31
3.446961,8.562009,2023-01-01T01:20:32
3.446961,8.562009,2023-01-01T01:20:33
3.446961,8.562009,2023-01-01T01:20:34
3.446961,8.562009,2023-01-01T01:20:35
3.446961,8.562009,2023-01-01T01:20:36
3.446961,8.562009,2023-01-01T01:20:37
3.446961,8.562009,2023-01-01T01:20:38
3.446961,8.562009,2023-01-01T01:20:39
3.446961,8.562009,2023-01-01T01:20:40
3.446961,8.562009,2023-01-01T01:20:41
3.446961,8.562009,2023-01-01T01:20:42
3.446961,8.562009,2023-01-01T01:20:43
3.446961,8.562009,2023-01-01T01:20:44
3.446961,8.562009,2023-01-01T01:20:45
3.446961,8.562009,2023-01-01T01:20:46
3.446961,8.562009,2023-01-01T01:20:47
3.446961,8.562009,2023-01-01T01:20:48
3.446961,8.562009,2023-01-01T01:20:49
3.446961,8.562009,2023-01-01T01:20:50
3.446961,8.562009,2023-01-01T01:20:51
3.446961,8.562009,2023-01-01T01:20:52
3.446961,8.562009,2023-01-01T01:20:53
3.446961,8.562009,2023-01-01T01:20:54
3.446961,8.562009,2023-01-01T01:20:55
3.446961,8.562009,2023-01-01T01:20:56
3.446961,8.562009,2023-01-01T01:20:57
3.446961,8.562009,2023-01-01T01:20:58
3.446961,8.562009,2023-01-01T01:20:59
3.446961,8.562009,2023-01-01T01:21:00
3.446961,8.562009,2023-01-01T01:21:01
3.446961,8.562009,2023-01-01T01:21:02
3.446961,8.562009,2023-01-01T01:21:03
3.446961,8.562009,2023-01-01T01:21:04
3.446961,8.450814,2023-01-01T01:21:05
3.446961,8.450814,2023-01-01T01:21:06
3.446961,8.450814,2023-01-01T01:21:07
3.446961,8.450814,2023-01-01T01:21:08
3.446961,8.450814,2023-01-01T01:21:09
3.446961,8.450814,2023-01-01T01:21:10
3.446961,8.450814,2023-01-01T01:21:11
3.446961,8.450814,2023-01-01T01:21:12
3.446961,8.450814,2023-01-01T01:21:13
3.446961,8.450814,2023-01-01T01:21:14
3.446961,8.450814,2023-01-01T01:21:15
3.446961,8.450814,2023-01-01T01:21:16
3.446961,8.450814,2023-01-01T01:21:17
3.446961,8.450814,2023-01-01T01:21:18
3.446961,8.339619,2023-01-01T01:21:19
3.335769,8.339619,2023-01-01T01:21:20
3.335769,8.339619,2023-01-01T01:21:21
3.335769,8.339619,2023-01-01T01:21:22
3.335769,8.339619,2023-01-01T01:21:23
3.335769,8.339619,2023-01-01T01:21:24
3.335769,8.339619,2023-01-01T01:21:25
3.335769,8.339619,2023-01-01T01:21:26
3.335769,8.339619,2023-01-01T01:21:27
3.335769,8.339619,2023-01-01T01:21:28
3.335769,8.339619,2023-01-01T01:21:29
3.335769,8.339619,2023-01-01T01:21:30
3.335769,8.339619,2023-01-01T01:21:31
3.335769,8.339619,2023-01-01T01:21:32
3.335769,8.339619,2023-01-01T01:21:33
3.335769,8.228425,2023-01-01T01:21:34
3.335769,8.228425,2023-01-01T01:21:35
3.335769,8.228425,2023-01-01T01:21:36
3.335769,8.228425,2023-01-01T01:21:37
3.335769,8.228425,2023-01-01T01:21:38
3.335769,8.228425,2023-01-01T01:21:39
3.335769,8.228425,2023-01-01T01:21:40
3.335769,8.228425,2023-01-01T01:21:41
3.335769,8.228425,2023-01-01T01:21:42
3.335769,8.228425,2023-01-01T01:21:43
3.335769,8.228425,2023-01-01T01:21:44
3.335769,8.228425,2023-01-01T01:21:45
3.335769,8.228425,2023-01-01T01:21:46
3.335769,8.228425,2023-01-01T01:21:47
3.335769,8.228425,2023-01-01T01:21:48
3.335769,8.228425,2023-01-01T01:21:49
3.335769,8.228425,2023-01-01T01:21:50
3.335769,8.228425,2023-01-01T01:21:51
3.335769,8.228425,2023-01-01T01:21:52
3.335769,8.228425,2023-01-01T01:21:53
3.224576,8.228425,2023-01-01T01:21:54
3.224576,8.228425,2023-01-01T01:21:55
3.224576,8.228425,2023-01-01T01:21:56
3.224576,8.228425,2023-01-01T01:21:57
3.224576,8.228425,2023-01-01T01:21:58
3.224576,8.228425,2023-01-01T01:21:59
3.224576,8.228425,2023-01-01T01:22:00
3.224576,8.228425,2023-01-01T01:22:01
3.224576,8.228425,2023-01-01T01:22:02
3.224576,8.228425,2023-01-01T01:22:03
3.224576,8.228425,2023-01-01T01:22:04
3.224576,8.228425,2023-01-01T01:22:05
3.224576,8.228425,2023-01-01T01:22:06
3.224576,8.228425,2023-01-01T01:22:07
3.224576,8.228425,2023-01-01T01:22:08
3.224576,8.228425,2023-01-01T01:22:09
3.224576,8.228425,2023-01-01T01:22:10
3.224576,8.228425,2023-01-01T01:22:11
3.224576,8.228425,2023-01-01T01:22:12
3.224576,8.228425,2023-01-01T01:22:13
3.224576,8.228425,2023-01-01T01:22:14
3.224576,8.228425,2023-01-01T01:22:15
3.224576,8.228425,2023-01-01T01:22:16
3.224576,8.228425,2023-01-01T01:22:17
3.224576,8.228425,2023-01-01T01:22:18
3.224576,8.228425,2023-01-01T01:22:19
3.224576,8.228425,2023-01-01T01:22:20
3.224576,8.228425,2023-01-01T01:22:21
3.224576,8.228425,2023-01-01T01:22:22
3.224576,8.228425,2023-01-01T01:22:23
3.224576,8.228425,2023-01-01T01:22:24
3.224576,8.228425,2023-01-01T01:22:25
3.224576,8.228425,2023-01-01T01:22:26
3.224576,8.228425,2023-01-01T01:22:27
3.224576,8.228425,2023-01-01T01:22:28
3.224576,8.228425,2023-01-01T01:22:29
3.224576,8.228425,2023-01-01T01:22:30
3.224576,8.228425,2023-01-01T01:22:31
3.224576,8.228425,2023-01-01T01:22:32
3.224576,8.228425,2023-01-01T01:22:33
3.224576,8.228425,2023-01-01T01:22:34
3.224576,8.228425,2023-01-01T01:22:35
3.224576,8.228425,2023-01-01T01:22:36
3.224576,8.228425,2023-01-01T01:22:37
3.335769,8.228425,2023-01-01T01:22:38
3.335769,8.228425,2023-01-01T01:22:39
3.335769,8.228425,2023-01-01T01:22:40
3.335769,8.117230,2023-01-01T01:22:41
3.335769,8.117230,2023-01-01T01:22:42
3.335769,8.117230,2023-01-01T01:22:43
3.335769,8.117230,2023-01-01T01:22:44
3.335769,8.117230,2023-01-01T01:22:45
3.335769,8.117230,2023-01-01T01:22:46
3.335769,8.117230,2023-01-01T01:22:47
3.335769,8.117230,2023-01-01T01:22:48
3.335769,8.117230,2023-01-01T01:22:49
3.335769,8.117230,2023-01-01T01:22:50
3.335769,8.117230,2023-01-01T01:22:51
3.335769,8.117230,2023-01-01T01:22:52
3.335769,8.117230,2023-01-01T01:22:53
3.335769,8.117230,2023-01-01T01:22:54
3.335769,8.117230,2023-01-01T01:22:55
3.335769,8.117230,2023-01-01T01:22:56
3.335769,8.117230,2023-01-01T01:22:57
3.335769,8.117230,2023-01-01T01:22:58
3.335769,8.117230,2023-01-01T01:22:59
3.335769,8.117230,2023-01-01T01:23:00
3.335769,8.117230,2023-01-01T01:23:01
3.446961,8.117230,2023-01-01T01:23:02
3.446961,8.117230,2023-01-01T01:23:03
3.446961,8.117230,2023-01-01T01:23:04
3.446961,8.117230,2023-01-01T01:23:05
3.446961,8.117230,2023-01-01T01:23:06
3.446961,8.117230,2023-01-01T01:23:07
3.446961,8.117230,2023-01-01T01:23:08
3.446961,8.117230,2023-01-01T01:23:09
3.446961,8.117230,2023-01-01T01:23:10
3.446961,8.228425,2023-01-01T01:23:11
3.446961,8.228425,2023-01-01T01:23:12
3.446961,8.228425,2023-01-01T01:23:13
3.446961,8.228425,2023-01-01T01:23:14
3.446961,8.228425,2023-01-01T01:23:15
3.446961,8.228425,2023-01-01T01:23:16
3.446961,8.228425,2023-01-01T01:23:17
3.446961,8.228425,2023-01-01T01:23:18
3.446961,8.228425,2023-01-01T01:23:19
3.446961,8.228425,2023-01-01T01:23:20
3.446961,8.228425,2023-01-01T01:23:21
3.446961,8.228425,2023-01-01T01:23:22
3.446961,8.228425,2023-01-01T01:23:23
3.558153,8.228425,2023-01-01T01:23:24
3.558153,8.228425,2023-01-01T01:23:25
3.558153,8.228425,2023-01-01T01:23:26
3.558153,8.228425,2023-01-01T01:23:27
3.558153,8.228425,2023-01-01T01:23:28
3.558153,8.228425,2023-01-01T01:23:29
3.558153,8.228425,2023-01-01T01:23:30
3.558153,8.228425,2023-01-01T01:23:31
3.558153,8.228425,2023-01-01T01:23:32
3.558153,8.228425,2023-01-01T01:23:33
3.558153,8.228425,2023-01-01T01:23:34
3.558153,8.228425,2023-01-01T01:23:35
3.558153,8.228425,2023-01-01T01:23:36
3.558153,8.228425,2023-01-01T01:23:37
3.558153,8.228425,2023-01-01T01:23:38
3.558153,8.228425,2023-01-01T01:23:39
3.558153,8.339619,2023-01-01T01:23:40
3.558153,8.339619,2023-01-01T01:23:41
3.558153,8.339619,2023-01-01T01:23:42
3.558153,8.339619,2023-01-01T01:23:43
3.558153,8.339619,2023-01-01T01:23:44
3.558153,8.339619,2023-01-01T01:23:45
3.558153,8.339619,2023-01-01T01:23:46
3.558153,8.339619,2023-01-01T01:23:47
3.558153,8.339619,2023-01-01T01:23:48
3.446961,8.339619,2023-01-01T01:23:49
3.446961,8.339619,2023-01-01T01:23:50
3.446961,8.339619,2023-01-01T01:23:51
3.446961,8.339619,2023-01-01T01:23:52
3.446961,8.339619,2023-01-01T01:23:53
3.446961,8.339619,2023-01-01T01:23:54
3.446961,8.339619,2023-01-01T01:23:55
3.446961,8.339619,2023-01-01T01:23:56
3.446961,8.339619,2023-01-01T01:23:57
3.446961,8.339619,2023-01-01T01:23:58
3.446961,8.339619,2023-01-01T01:23:59
3.446961,8.339619,2023-01-01T01:24:00
3.446961,8.339619,2023-01-01T01:24:01
3.446961,8.339619,2023-01-01T01:24:02
3.446961,8.339619,2023-01-01T01:24:03
3.446961,8.339619,2023-01-01T01:24:04
3.446961,8.339619,2023-01-01T01:24:05
3.446961,8.339619,2023-01-01T01:24:06
3.446961,8.339619,2023-01-01T01:24:07
3.446961,8.339619,2023-01-01T01:24:08
3.446961,8.339619,2023-01-01T01:24:09
3.446961,8.339619,2023-01-01T01:24:10
3.446961,8.339619,2023-01-01T01:24:11
3.446961,8.339619,2023-01-01T01:24:12
3.446961,8.339619,2023-01-01T01:24:13
3.446961,8.339619,2023-01-01T01:24:14
3.446961,8.339619,2023-01-01T01:24:15
3.446961,8.339619,2023-01-01T01:24:16
3.446961,8.339619,2023-01-01T01:24:17
3.446961,8.339619,2023-01-01T01:24:18
3.446961,8.339619,2023-01-01T01:24:19
3.446961,8.339619,2023-01-01T01:24:20
3.446961,8.339619,2023-01-01T01:24:21
3.446961,8.339619,2023-01-01T01:24:22
3.446961,8.339619,2023-01-01T01:24:23
3.446961,8.339619,2023-01-01T01:24:24
3.446961,8.339619,2023-01-01T01:24:25
3.446961,8.339619,2023-01-01T01:24:26
3.446961,8.339619,2023-01-01T01:24:27
3.446961,8.339619,2023-01-01T01:24:28
3.446961,8.339619,2023-01-01T01:24:29
3.446961,8.339619,2023-01-01T01:24:30
3.446961,8.339619,2023-01-01T01:24:31
3.446961,8.339619,2023-01-01T01:24:32
3.446961,8.339619,2023-01-01T01:24:33
3.446961,8.339619,2023-01-01T01:24:34
3.446961,8.339619,2023-01-01T01:24:35
3.446961,8.339619,2023-01-01T01:24:36
3.446961,8.339619,2023-01-01T01:24:37
3.446961,8.339619,2023-01-01T01:24:38
3.446961,8.450814,2023-01-01T01:24:39
3.446961,8.450814,2023-01-01T01:24:40
3.446961,8.450814,2023-01-01T01:24:41
3.446961,8.450814,2023-01-01T01:24:42
3.446961,8.450814,2023-01-01T01:24:43
3.446961,8.450814,2023-01-01T01:24:44
3.446961,8.450814,2023-01-01T01:24:45
3.446961,8.450814,2023-01-01T01:24:46
3.446961,8.450814,2023-01-01T01:24:47
3.446961,8.450814,2023-01-01T01:24:48
3.446961,8.450814,2023-01-01T01:24:49
3.558153,8.450814,2023-01-01T01:24:50
3.558153,8.450814,2023-01-01T01:24:51
3.558153,8.450814,2023-01-01T01:24:52
3.558153,8.450814,2023-01-01T01:24:53
3.558153,8.450814,2023-01-01T01:24:54
3.558153,8.450814,2023-01-01T01:24:55
3.558153,8.450814,2023-01-01T01:24:56
3.558153,8.450814,2023-01-01T01:24:57
3.558153,8.450814,2023-01-01T01:24:58
3.558153,8.450814,2023-01-01T01:24:59
3.558153,8.450814,2023-01-01T01:25:00
3.558153,8.450814,2023-01-01T01:25:01
3.558153,8.450814,2023-01-01T01:25:02
3.558153,8.450814,2023-01-01T01:25:03
3.558153,8.450814,2023-01-01T01:25:04
3.558153,8.450814,2023-01-01T01:25:05
3.558153,8.450814,2023-01-01T01:25:06
3.558153,8.450814,2023-01-01T01:25:07
3.558153,8.450814,2023-01-01T01:25:08
3.558153,8.450814,2023-01-01T01:25:09
3.558153,8.450814,2023-01-01T01:25:10
3.558153,8.450814,2023-01-01T01:25:11
3.558153,8.450814,2023-01-01T01:25:12
3.558153,8.450814,2023-01-01T01:25:13
3.558153,8.450814,2023-01-01T01:25:14
3.558153,8.450814,2023-01-01T01:25:15
3.558153,8.450814,2023-01-01T01:25:16
3.558153,8.450814,2023-01-01T01:25:17
3.558153,8.450814,2023-01-01T01:25:18
3.558153,8.450814,2023-01-01T01:25:19
3.558153,8.450814,2023-01-01T01:25:20
3.558153,8.562009,2023-01-01T01:25:21
3.558153,8.562009,2023-01-01T01:25:22
3.558153,8.562009,2023-01-01T01:25:23
3.558153,8.562009,2023-01-01T01:25:24
3.558153,8.562009,2023-01-01T01:25:25
3.558153,8.562009,2023-01-01T01:25:26
3.558153,8.562009,2023-01-01T01:25:27
3.558153,8.562009,2023-01-01T01:25:28
3.558153,8.562009,2023-01-01T01:25:29
3.558153,8.562009,2023-01-01T01:25:30
3.558153,8.562009,2023-01-01T01:25:31
3.558153,8.562009,2023-01-01T01:25:32
3.558153,8.562009,2023-01-01T01:25:33
3.558153,8.562009,2023-01-01T01:25:34
3.558153,8.562009,2023-01-01T01:25:35
3.558153,8.562009,2023-01-01T01:25:36
3.558153,8.562009,2023-01-01T01:25:37
3.558153,8.562009,2023-01-01T01:25:38
3.558153,8.562009,2023-01-01T01:25:39
3.558153,8.562009,2023-01-01T01:25:40
3.558153,8.562009,2023-01-01T01:25:41
3.558153,8.562009,2023-01-01T01:25:42
3.558153,8.562009,2023-01-01T01:25:43
3.558153,8.562009,2023-01-01T01:25:44
3.558153,8.562009,2023-01-01T01:25:45
3.558153,8.562009,2023-01-01T01:25:46
3.558153,8.562009,2023-01-01T01:25:47
3.558153,8.562009,2023-01-01T01:25:48
3.558153,8.562009,2023-01-01T01:25:49
3.558153,8.562009,2023-01-01T01:25:50
3.558153,8.562009,2023-01-01T01:25:51
3.558153,8.562009,2023-01-01T01:25:52
3.558153,8.562009,2023-01-01T01:25:53
3.558153,8.562009,2023-01-01T01:25:54
3.558153,8.562009,2023-01-01T01:25:55
3.558153,8.562009,2023-01-01T01:25:56
3.558153,8.562009,2023-01-01T01:25:57
3.558153,8.562009,2023-01-01T01:25:58
3.558153,8.562009,2023-01-01T01:25:59
3.558153,8.562009,2023-01-01T01:26:00
3.558153,8.562009,2023-01-01T01:26:01
3.558153,8.562009,2023-01-01T01:26:02
3.558153,8.562009,2023-01-01T01:26:03
3.558153,8.562009,2023-01-01T01:26:04
3.558153,8.562009,2023-01-01T01:26:05
3.558153,8.562009,2023-01-01T01:26:06
3.558153,8.562009,2023-01-01T01:26:07
3.558153,8.562009,2023-01-01T01:26:08
3.558153,8.562009,2023-01-01T01:26:09
3.558153,8.562009,2023-01-01T01:26:10
3.558153,8.562009,2023-01-01T01:26:11
3.558153,8.562009,2023-01-01T01:26:12
3.558153,8.562009,2023-01-01T01:26:13
3.558153,8.562009,2023-01-01T01:26:14
3.558153,8.562009,2023-01-01T01:26:15
3.558153,8.562009,2023-01-01T01:26:16
3.558153,8.562009,2023-01-01T01:26:17
3.558153,8.562009,2023-01-01T01:26:18
3.558153,8.562009,2023-01-01T01:26:19
3.558153,8.562009,2023-01-01T01:26:20
3.558153,8.562009,2023-01-01T01:26:21
3.558153,8.562009,2023-01-01T01:26:22
3.558153,8.562009,2023-01-01T01:26:23
3.558153,8.562009,2023-01-01T01:26:24
3.558153,8.562009,2023-01-01T01:26:25
3.558153,8.562009,2023-01-01T01:26:26
3.558153,8.562009,2023-01-01T01:26:27
3.558153,8.562009,2023-01-01T01:26:28
3.558153,8.562009,2023-01-01T01:26:29
3.558153,8.562009,2023-01-01T01:26:30
3.558153,8.562009,2023-01-01T01:26:31
3.558153,8.562009,2023-01-01T01:26:32
3.558153,8.562009,2023-01-01T01:26:33
3.558153,8.562009,2023-01-01T01:26:34
3.558153,8.562009,2023-01-01T01:26:35
3.558153,8.562009,2023-01-01T01:26:36
3.558153,8.562009,2023-01-01T01:26:37
3.558153,8.562009,2023-01-01T01:26:38
3.558153,8.562009,2023-01-01T01:26:39
3.558153,8.562009,2023-01-01T01:26:40
3.558153,8.562009,2023-01-01T01:26:41
3.558153,8.562009,2023-01-01T01:26:42
3.558153,8.562009,2023-01-01T01:26:43
3.558153,8.562009,2023-01-01T01:26:44
3.558153,8.562009,2023-01-01T01:26:45
3.558153,8.562009,2023-01-01T01:26:46
3.558153,8.562009,2023-01-01T01:26:47
3.558153,8.562009,2023-01-01T01:26:48
3.558153,8.562009,2023-01-01T01:26:49
3.558153,8.562009,2023-01-01T01:26:50
3.558153,8.562009,2023-01-01T01:26:51
3.558153,8.562009,2023-01-01T01:26:52
3.558153,8.562009,2023-01-01T01:26:53
3.558153,8.562009,2023-01-01T01:26:54
3.558153,8.562009,2023-01-01T01:26:55
3.558153,8.562009,2023-01-01T01:26:56
3.558153,8.562009,2023-01-01T01:26:57
3.558153,8.562009,2023-01-01T01:26:58
3.558153,8.562009,2023-01-01T01:26:59
3.558153,8.562009,2023-01-01T01:27:00
3.558153,8.562009,2023-01-01T01:27:01
3.558153,8.562009,2023-01-01T01:27:02
3.558153,8.562009,2023-01-01T01:27:03
3.558153,8.562009,2023-01-01T01:27:04
3.558153,8.562009,2023-01-01T01:27:05
3.558153,8.562009,2023-01-01T01:27:06
3.558153,8.562009,2023-01-01T01:27:07
3.558153,8.450814,2023-01-01T01:27:08
3.558153,8.450814,2023-01-01T01:27:09
3.558153,8.450814,2023-01-01T01:27:10
3.446961,8.450814,2023-01-01T01:27:11
3.446961,8.450814,2023-01-01T01:27:12
3.446961,8.450814,2023-01-01T01:27:13
3.446961,8.450814,2023-01-01T01:27:14
3.446961,8.450814,2023-01-01T01:27:15
3.335769,8.450814,2023-01-01T01:27:16
3.335769,8.450814,2023-01-01T01:27:17
3.335769,8.450814,2023-01-01T01:27:18
3.335769,8.339619,2023-01-01T01:27:19
3.335769,8.339619,2023-01-01T01:27:20
3.224576,8.339619,2023-01-01T01:27:21
3.224576,8.339619,2023-01-01T01:27:22
3.224576,8.339619,2023-01-01T01:27:23
3.224576,8.339619,2023-01-01T01:27:24
3.224576,8.339619,2023-01-01T01:27:25
3.113384,8.339619,2023-01-01T01:27:26
3.113384,8.339619,2023-01-01T01:27:27
3.113384,8.339619,2023-01-01T01:27:28
3.113384,8.228425,2023-01-01T01:27:29
3.113384,8.228425,2023-01-01T01:27:30
3.002192,8.228425,2023-01-01T01:27:31
3.002192,8.228425,2023-01-01T01:27:32
3.002192,8.228425,2023-01-01T01:27:33
3.002192,8.228425,2023-01-01T01:27:34
2.890999,8.228425,2023-01-01T01:27:35
2.890999,8.228425,2023-01-01T01:27:36
2.890999,8.228425,2023-01-01T01:27:37
2.890999,8.228425,2023-01-01T01:27:38
2.890999,8.117230,2023-01-01T01:27:39
2.890999,8.117230,2023-01-01T01:27:40
2.890999,8.117230,2023-01-01T01:27:41
2.779807,8.117230,2023-01-01T01:27:42
2.779807,8.117230,2023-01-01T01:27:43
2.779807,8.117230,2023-01-01T01:27:44
2.779807,8.117230,2023-01-01T01:27:45
2.779807,8.117230,2023-01-01T01:27:46
2.779807,8.117230,2023-01-01T01:27:47
2.779807,8.117230,2023-01-01T01:27:48
2.668615,8.117230,2023-01-01T01:27:49
2.668615,8.117230,2023-01-01T01:27:50
2.668615,8.117230,2023-01-01T01:27:51
2.668615,8.117230,2023-01-01T01:27:52
2.668615,8.117230,2023-01-01T01:27:53
2.668615,8.117230,2023-01-01T01:27:54
2.668615,8.006035,2023-01-01T01:27:55
2.557423,8.006035,2023-01-01T01:27:56
2.557423,8.006035,2023-01-01T01:27:57
2.557423,8.006035,2023-01-01T01:27:58
2.557423,8.006035,2023-01-01T01:27:59
2.557423,8.006035,2023-01-01T01:28:00
2.557423,8.006035,2023-01-01T01:28:01
2.557423,8.006035,2023-01-01T01:28:02
2.557423,8.006035,2023-01-01T01:28:03
2.557423,8.006035,2023-01-01T01:28:04
2.446230,8.006035,2023-01-01T01:28:05
2.557423,8.006035,2023-01-01T01:28:06
2.557423,8.006035,2023-01-01T01:28:07
2.557423,8.006035,2023-01-01T01:28:08
2.557423,8.117230,2023-01-01T01:28:09
2.668615,8.117230,2023-01-01T01:28:10
2.668615,8.117230,2023-01-01T01:28:11
2.668615,8.117230,2023-01-01T01:28:12
2.668615,8.117230,2023-01-01T01:28:13
2.668615,8.117230,2023-01-01T01:28:14
2.668615,8.228425,2023-01-01T01:28:15
2.779807,8.228425,2023-01-01T01:28:16
2.779807,8.228425,2023-01-01T01:28:17
2.779807,8.228425,2023-01-01T01:28:18
2.779807,8.228425,2023-01-01T01:28:19
2.779807,8.228425,2023-01-01T01:28:20
2.890999,8.228425,2023-01-01T01:28:21
2.890999,8.228425,2023-01-01T01:28:22
2.890999,8.228425,2023-01-01T01:28:23
2.890999,8.228425,2023-01-01T01:28:24
2.890999,8.228425,2023-01-01T01:28:25
3.002192,8.228425,2023-01-01T01:28:26
3.002192,8.339619,2023-01-01T01:28:27
3.002192,8.339619,2023-01-01T01:28:28
3.002192,8.339619,2023-01-01T01:28:29
3.002192,8.339619,2023-01-01T01:28:30
3.113384,8.339619,2023-01-01T01:28:31
3.113384,8.339619,2023-01-01T01:28:32
3.113384,8.339619,2023-01-01T01:28:33
3.113384,8.339619,2023-01-01T01:28:34
3.224576,8.228425,2023-01-01T01:28:35
3.224576,8.228425,2023-01-01T01:28:36
3.224576,8.228425,2023-01-01T01:28:37
3.224576,8.228425,2023-01-01T01:28:38
3.224576,8.228425,2023-01-01T01:28:39
3.224576,8.228425,2023-01-01T01:28:40
3.335769,8.228425,2023-01-01T01:28:41
3.335769,8.228425,2023-01-01T01:28:42
3.335769,8.228425,2023-01-01T01:28:43
3.335769,8.228425,2023-01-01T01:28:44
3.335769,8.117230,2023-01-01T01:28:45
3.446961,8.117230,2023-01-01T01:28:46
3.446961,8.117230,2023-01-01T01:28:47
3.446961,8.117230,2023-01-01T01:28:48
3.446961,8.117230,2023-01-01T01:28:49
3.558153,8.006035,2023-01-01T01:28:50
3.558153,8.006035,2023-01-01T01:28:51
3.558153,8.006035,2023-01-01T01:28:52
3.558153,8.006035,2023-01-01T01:28:53
3.558153,7.894840,2023-01-01T01:28:54
3.669345,7.894840,2023-01-01T01:28:55
3.669345,7.894840,2023-01-01T01:28:56
3.669345,7.894840,2023-01-01T01:28:57
3.669345,7.783645,2023-01-01T01:28:58
3.780538,7.783645,2023-01-01T01:28:59
3.780538,7.783645,2023-01-01T01:29:00
3.780538,7.783645,2023-01-01T01:29:01
3.780538,7.783645,2023-01-01T01:29:02
3.891730,7.672450,2023-01-01T01:29:03
3.891730,7.672450,2023-01-01T01:29:04
3.891730,7.672450,2023-01-01T01:29:05
3.891730,7.672450,2023-01-01T01:29:06
3.891730,7.672450,2023-01-01T01:29:07
3.891730,7.672450,2023-01-01T01:29:08
3.891730,7.672450,2023-01-01T01:29:09
4.002922,7.672450,2023-01-01T01:29:10
4.002922,7.672450,2023-01-01T01:29:11
4.002922,7.672450,2023-01-01T01:29:12
4.002922,7.672450,2023-01-01T01:29:13
4.002922,7.672450,2023-01-01T01:29:14
4.002922,7.672450,2023-01-01T01:29:15
4.002922,7.672450,2023-01-01T01:29:16
4.002922,7.672450,2023-01-01T01:29:17
4.002922,7.672450,2023-01-01T01:29:18
4.114115,7.672450,2023-01-01T01:29:19
4.114115,7.672450,2023-01-01T01:29:20
4.114115,7.672450,2023-01-01T01:29:21
4.114115,7.672450,2023-01-01T01:29:22
4.114115,7.672450,2023-01-01T01:29:23
4.114115,7.672450,2023-01-01T01:29:24
4.114115,7.672450,2023-01-01T01:29:25
4.114115,7.672450,2023-01-01T01:29:26
4.114115,7.672450,2023-01-01T01:29:27
4.114115,7.672450,2023-01-01T01:29:28
4.114115,7.672450,2023-01-01T01:29:29
4.225307,7.672450,2023-01-01T01:29:30
4.225307,7.672450,2023-01-01T01:29:31
4.225307,7.672450,2023-01-01T01:29:32
4.225307,7.672450,2023-01-01T01:29:33
4.225307,7.672450,2023-01-01T01:29:34
4.225307,7.672450,2023-01-01T01:29:35
4.225307,7.672450,2023-01-01T01:29:36
4.225307,7.672450,2023-01-01T01:29:37
4.225307,7.672450,2023-01-01T01:29:38
4.225307,7.672450,2023-01-01T01:29:39
4.225307,7.783645,2023-01-01T01:29:40
4.114115,7.783645,2023-01-01T01:29:41
4.114115,7.783645,2023-01-01T01:29:42
4.114115,7.783645,2023-01-01T01:29:43
4.114115,7.783645,2023-01-01T01:29:44
4.114115,7.783645,2023-01-01T01:29:45
4.114115,7.783645,2023-01-01T01:29:46
4.114115,7.894840,2023-01-01T01:29:47
4.114115,7.894840,2023-01-01T01:29:48
4.114115,7.894840,2023-01-01T01:29:49
4.114115,7.894840,2023-01-01T01:29:50
4.114115,7.894840,2023-01-01T01:29:51
4.114115,7.894840,2023-01-01T01:29:52
4.114115,7.894840,2023-01-01T01:29:53
4.114115,8.006035,2023-01-01T01:29:54
4.114115,8.006035,2023-01-01T01:29:55
4.114115,8.006035,2023-01-01T01:29:56
4.114115,8.006035,2023-01-01T01:29:57
4.114115,8.006035,2023-01-01T01:29:58
4.114115,8.006035,2023-01-01T01:29:59
4.114115,8.006035,2023-01-01T01:30:00
4.114115,8.006035,2023-01-01T01:30:01
4.114115,8.006035,2023-01-01T01:30:02
4.114115,8.006035,2023-01-01T01:30:03
4.114115,8.117230,2023-01-01T01:30:04
4.114115,8.117230,2023-01-01T01:30:05
4.002922,8.117230,2023-01-01T01:30:06
4.002922,8.117230,2023-01-01T01:30:07
4.002922,8.117230,2023-01-01T01:30:08
4.002922,8.117230,2023-01-01T01:30:09
4.002922,8.117230,2023-01-01T01:30:10
4.002922,8.117230,2023-01-01T01:30:11
4.002922,8.117230,2023-01-01T01:30:12
4.002922,8.117230,2023-01-01T01:30:13
4.002922,8.117230,2023-01-01T01:30:14
4.002922,8.117230,2023-01-01T01:30:15
4.002922,8.117230,2023-01-01T01:30:16
4.002922,8.117230,2023-01-01T01:30:17
4.002922,8.117230,2023-01-01T01:30:18
4.002922,8.117230,2023-01-01T01:30:19
4.002922,8.117230,2023-01-01T01:30:20
4.002922,8.117230,2023-01-01T01:30:21
4.002922,8.117230,2023-01-01T01:30:22
4.002922,8.117230,2023-01-01T01:30:23
4.002922,8.228425,2023-01-01T01:30:24
3.891730,8.228425,2023-01-01T01:30:25
3.891730,8.228425,2023-01-01T01:30:26
3.891730,8.228425,2023-01-01T01:30:27
3.891730,8.228425,2023-01-01T01:30:28
3.891730,8.228425,2023-01-01T01:30:29
3.891730,8.228425,2023-01-01T01:30:30
3.891730,8.228425,2023-01-01T01:30:31
3.891730,8.228425,2023-01-01T01:30:32
3.891730,8.228425,2023-01-01T01:30:33
3.891730,8.228425,2023-01-01T01:30:34
3.891730,8.228425,2023-01-01T01:30:35
3.891730,8.228425,2023-01-01T01:30:36
3.891730,8.228425,2023-01-01T01:30:37
3.891730,8.228425,2023-01-01T01:30:38
3.891730,8.228425,2023-01-01T01:30:39
3.891730,8.228425,2023-01-01T01:30:40
3.891730,8.228425,2023-01-01T01:30:41
3.891730,8.228425,2023-01-01T01:30:42
3.891730,8.228425,2023-01-01T01:30:43
3.891730,8.228425,2023-01-01T01:30:44
3.891730,8.228425,2023-01-01T01:30:45
3.891730,8.228425,2023-01-01T01:30:46
3.891730,8.228425,2023-01-01T01:30:47
3.891730,8.228425,2023-01-01T01:30:48
3.891730,8.228425,2023-01-01T01:30:49
3.891730,8.228425,2023-01-01T01:30:50
3.891730,8.228425,2023-01-01T01:30:51
3.891730,8.228425,2023-01-01T01:30:52
3.891730,8.228425,2023-01-01T01:30:53
3.891730,8.228425,2023-01-01T01:30:54
3.891730,8.228425,2023-01-01T01:30:55
3.891730,8.228425,2023-01-01T01:30:56
3.891730,8.228425,2023-01-01T01:30:57
3.891730,8.228425,2023-01-01T01:30:58
3.891730,8.228425,2023-01-01T01:30:59
3.891730,8.228425,2023-01-01T01:31:00
3.891730,8.228425,2023-01-01T01:31:01
3.891730,8.228425,2023-01-01T01:31:02
3.891730,8.228425,2023-01-01T01:31:03
3.891730,8.228425,2023-01-01T01:31:04
3.891730,8.228425,2023-01-01T01:31:05
3.891730,8.228425,2023-01-01T01:31:06
3.891730,8.228425,2023-01-01T01:31:07
3.891730,8.228425,2023-01-01T01:31:08
3.891730,8.228425,2023-01-01T01:31:09
3.891730,8.228425,2023-01-01T01:31:10
3.891730,8.228425,2023-01-01T01:31:11
3.891730,8.228425,2023-01-01T01:31:12
3.891730,8.228425,2023-01-01T01:31:13
3.891730,8.228425,2023-01-01T01:31:14
3.891730,8.228425,2023-01-01T01:31:15
3.891730,8.228425,2023-01-01T01:31:16
3.891730,8.228425,2023-01-01T01:31:17
3.891730,8.228425,2023-01-01T01:31:18
3.891730,8.228425,2023-01-01T01:31:19
3.891730,8.228425,2023-01-01T01:31:20
3.891730,8.228425,2023-01-01T01:31:21
3.891730,8.228425,2023-01-01T01:31:22
3.891730,8.228425,2023-01-01T01:31:23
3.891730,8.228425,2023-01-01T01:31:24
3.891730,8.228425,2023-01-01T01:31:25
3.891730,8.228425,2023-01-01T01:31:26
3.891730,8.228425,2023-01-01T01:31:27
3.891730,8.228425,2023-01-01T01:31:28
3.891730,8.339619,2023-01-01T01:31:29
3.891730,8.339619,2023-01-01T01:31:30
3.891730,8.339619,2023-01-01T01:31:31
3.891730,8.339619,2023-01-01T01:31:32
3.891730,8.339619,2023-01-01T01:31:33
3.891730,8.339619,2023-01-01T01:31:34
3.891730,8.339619,2023-01-01T01:31:35
3.891730,8.339619,2023-01-01T01:31:36
3.891730,8.339619,2023-01-01T01:31:37
3.891730,8.339619,2023-01-01T01:31:38
3.891730,8.339619,2023-01-01T01:31:39
3.891730,8.339619,2023-01-01T01:31:40
3.891730,8.339619,2023-01-01T01:31:41
3.891730,8.339619,2023-01-01T01:31:42
3.891730,8.339619,2023-01-01T01:31:43
3.891730,8.339619,2023-01-01T01:31:44
3.891730,8.339619,2023-01-01T01:31:45
3.891730,8.339619,2023-01-01T01:31:46
3.891730,8.339619,2023-01-01T01:31:47
3.891730,8.339619,2023-01-01T01:31:48
3.891730,8.339619,2023-01-01T01:31:49
3.891730,8.339619,2023-01-01T01:31:50
3.891730,8.339619,2023-01-01T01:31:51
3.891730,8.339619,2023-01-01T01:31:52
3.780538,8.339619,2023-01-01T01:31:53
3.780538,8.339619,2023-01-01T01:31:54
3.780538,8.339619,2023-01-01T01:31:55
3.780538,8.339619,2023-01-01T01:31:56
3.780538,8.339619,2023-01-01T01:31:57
3.780538,8.339619,2023-01-01T01:31:58
3.780538,8.339619,2023-01-01T01:31:59
3.780538,8.339619,2023-01-01T01:32:00
3.780538,8.339619,2023-01-01T01:32:01
3.780538,8.339619,2023-01-01T01:32:02
3.780538,8.339619,2023-01-01T01:32:03
3.780538,8.339619,2023-01-01T01:32:04
3.780538,8.339619,2023-01-01T01:32:05
3.780538,8.339619,2023-01-01T01:32:06
3.780538,8.339619,2023-01-01T01:32:07
3.780538,8.339619,2023-01-01T01:32:08
3.780538,8.339619,2023-01-01T01:32:09
3.780538,8.339619,2023-01-01T01:32:10
3.780538,8.339619,2023-01-01T01:32:11
3.780538,8.339619,2023-01-01T01:32:12
3.780538,8.339619,2023-01-01T01:32:13
3.780538,8.339619,2023-01-01T01:32:14
3.780538,8.339619,2023-01-01T01:32:15
3.780538,8.339619,2023-01-01T01:32:16
3.780538,8.339619,2023-01-01T01:32:17
3.780538,8.339619,2023-01-01T01:32:18
3.780538,8.339619,2023-01-01T01:32:19
3.780538,8.339619,2023-01-01T01:32:20
3.780538,8.339619,2023-01-01T01:32:21
3.780538,8.450814,2023-01-01T01:32:22
3.780538,8.450814,2023-01-01T01:32:23
3.780538,8.450814,2023-01-01T01:32:24
3.780538,8.450814,2023-01-01T01:32:25
3.669345,8.450814,2023-01-01T01:32:26
3.669345,8.450814,2023-01-01T01:32:27
3.669345,8.450814,2023-01-01T01:32:28
3.669345,8.450814,2023-01-01T01:32:29
3.669345,8.450814,2023-01-01T01:32:30
3.669345,8.450814,2023-01-01T01:32:31
3.669345,8.450814,2023-01-01T01:32:32
3.669345,8.450814,2023-01-01T01:32:33
3.669345,8.450814,2023-01-01T01:32:34
3.669345,8.450814,2023-01-01T01:32:35
3.669345,8.450814,2023-01-01T01:32:36
3.669345,8.450814,2023-01-01T01:32:37
3.669345,8.450814,2023-01-01T01:32:38
3.669345,8.450814,2023-01-01T01:32:39
3.669345,8.450814,2023-01-01T01:32:40
3.669345,8.450814,2023-01-01T01:32:41
3.669345,8.450814,2023-01-01T01:32:42
3.669345,8.450814,2023-01-01T01:32:43
3.669345,8.450814,2023-01-01T01:32:44
3.669345,8.450814,2023-01-01T01:32:45
3.669345,8.450814,2023-01-01T01:32:46
3.669345,8.450814,2023-01-01T01:32:47
3.669345,8.450814,2023-01-01T01:32:48
3.669345,8.450814,2023-01-01T01:32:49
3.669345,8.450814,2023-01-01T01:32:50
3.669345,8.450814,2023-01-01T01:32:51
3.669345,8.562009,2023-01-01T01:32:52
3.669345,8.562009,2023-01-01T01:32:53
3.669345,8.562009,2023-01-01T01:32:54
3.669345,8.562009,2023-01-01T01:32:55
3.669345,8.562009,2023-01-01T01:32:56
3.669345,8.562009,2023-01-01T01:32:57
3.669345,8.562009,2023-01-01T01:32:58
3.669345,8.562009,2023-01-01T01:32:59
3.669345,8.562009,2023-01-01T01:33:00
3.669345,8.562009,2023-01-01T01:33:01
3.669345,8.562009,2023-01-01T01:33:02
3.669345,8.562009,2023-01-01T01:33:03
3.669345,8.562009,2023-01-01T01:33:04
3.669345,8.562009,2023-01-01T01:33:05
3.669345,8.562009,2023-01-01T01:33:06
3.669345,8.562009,2023-01-01T01:33:07
3.669345,8.562009,2023-01-01T01:33:08
3.669345,8.562009,2023-01-01T01:33:09
3.669345,8.562009,2023-01-01T01:33:10
3.669345,8.562009,2023-01-01T01:33:11
3.669345,8.562009,2023-01-01T01:33:12
3.669345,8.562009,2023-01-01T01:33:13
3.669345,8.562009,2023-01-01T01:33:14
3.669345,8.562009,2023-01-01T01:33:15
3.669345,8.562009,2023-01-01T01:33:16
3.669345,8.562009,2023-01-01T01:33:17
3.669345,8.562009,2023-01-01T01:33:18
3.669345,8.673204,2023-01-01T01:33:19
3.669345,8.673204,2023-01-01T01:33:20
3.669345,8.673204,2023-01-01T01:33:21
3.669345,8.673204,2023-01-01T01:33:22
3.558153,8.673204,2023-01-01T01:33:23
3.558153,8.673204,2023-01-01T01:33:24
3.558153,8.673204,2023-01-01T01:33:25
3.558153,8.673204,2023-01-01T01:33:26
3.558153,8.673204,2023-01-01T01:33:27
3.558153,8.673204,2023-01-01T01:33:28
3.558153,8.673204,2023-01-01T01:33:29
3.558153,8.673204,2023-01-01T01:33:30
3.558153,8.673204,2023-01-01T01:33:31
3.558153,8.673204,2023-01-01T01:33:32
3.558153,8.673204,2023-01-01T01:33:33
3.558153,8.673204,2023-01-01T01:33:34
3.558153,8.673204,2023-01-01T01:33:35
3.558153,8.673204,2023-01-01T01:33:36
3.558153,8.673204,2023-01-01T01:33:37
3.558153,8.673204,2023-01-01T01:33:38
3.558153,8.673204,2023-01-01T01:33:39
3.558153,8.673204,2023-01-01T01:33:40
3.558153,8.673204,2023-01-01T01:33:41
3.558153,8.673204,2023-01-01T01:33:42
3.558153,8.673204,2023-01-01T01:33:43
3.558153,8.673204,2023-01-01T01:33:44
3.558153,8.673204,2023-01-01T01:33:45
3.558153,8.673204,2023-01-01T01:33:46
3.558153,8.673204,2023-01-01T01:33:47
3.558153,8.673204,2023-01-01T01:33:48
3.558153,8.673204,2023-01-01T01:33:49
3.558153,8.673204,2023-01-01T01:33:50
3.558153,8.673204,2023-01-01T01:33:51
3.558153,8.673204,2023-01-01T01:33:52
3.558153,8.673204,2023-01-01T01:33:53
3.558153,8.562009,2023-01-01T01:33:54
3.558153,8.562009,2023-01-01T01:33:55
3.558153,8.562009,2023-01-01T01:33:56
3.558153,8.562009,2023-01-01T01:33:57
3.558153,8.562009,2023-01-01T01:33:58
3.558153,8.562009,2023-01-01T01:33:59
3.558153,8.562009,2023-01-01T01:34:00
3.558153,8.562009,2023-01-01T01:34:01
3.558153,8.562009,2023-01-01T01:34:02
3.558153,8.562009,2023-01-01T01:34:03
3.558153,8.562009,2023-01-01T01:34:04
3.558153,8.562009,2023-01-01T01:34:05
3.558153,8.562009,2023-01-01T01:34:06
3.558153,8.562009,2023-01-01T01:34:07
3.558153,8.562009,2023-01-01T01:34:08
3.558153,8.562009,2023-01-01T01:34:09
3.558153,8.562009,2023-01-01T01:34:10
3.558153,8.562009,2023-01-01T01:34:11
3.558153,8.562009,2023-01-01T01:34:12
3.558153,8.562009,2023-01-01T01:34:13
3.558153,8.562009,2023-01-01T01:34:14
3.558153,8.562009,2023-01-01T01:34:15
3.558153,8.562009,2023-01-01T01:34:16
3.558153,8.562009,2023-01-01T01:34:17
3.558153,8.562009,2023-01-01T01:34:18
3.558153,8.562009,2023-01-01T01:34:19
3.558153,8.562009,2023-01-01T01:34:20
3.558153,8.562009,2023-01-01T01:34:21
3.558153,8.562009,2023-01-01T01:34:22
3.558153,8.562009,2023-01-01T01:34:23
3.558153,8.562009,2023-01-01T01:34:24
3.558153,8.673204,2023-01-01T01:34:25
3.558153,8.673204,2023-01-01T01:34:26
3.558153,8.673204,2023-01-01T01:34:27
3.558153,8.673204,2023-01-01T01:34:28
3.558153,8.673204,2023-01-01T01:34:29
3.558153,8.673204,2023-01-01T01:34:30
3.558153,8.673204,2023-01-01T01:34:31
3.558153,8.673204,2023-01-01T01:34:32
3.558153,8.673204,2023-01-01T01:34:33
3.558153,8.673204,2023-01-01T01:34:34
3.558153,8.673204,2023-01-01T01:34:35
3.558153,8.673204,2023-01-01T01:34:36
3.558153,8.673204,2023-01-01T01:34:37
3.558153,8.673204,2023-01-01T01:34:38
3.558153,8.673204,2023-01-01T01:34:39
3.558153,8.673204,2023-01-01T01:34:40
3.558153,8.562009,2023-01-01T01:34:41
3.558153,8.562009,2023-01-01T01:34:42
3.558153,8.562009,2023-01-01T01:34:43
3.558153,8.562009,2023-01-01T01:34:44
3.558153,8.562009,2023-01-01T01:34:45
3.558153,8.562009,2023-01-01T01:34:46
3.558153,8.562009,2023-01-01T01:34:47
3.558153,8.562009,2023-01-01T01:34:48
3.558153,8.562009,2023-01-01T01:34:49
3.558153,8.562009,2023-01-01T01:34:50
3.558153,8.562009,2023-01-01T01:34:51
3.558153,8.562009,2023-01-01T01:34:52
3.446961,8.562009,2023-01-01T01:34:53
3.446961,8.562009,2023-01-01T01:34:54
3.446961,8.562009,2023-01-01T01:34:55
3.446961,8.562009,2023-01-01T01:34:56
3.446961,8.562009,2023-01-01T01:34:57
3.446961,8.562009,2023-01-01T01:34:58
3.446961,8.562009,2023-01-01T01:34:59
3.446961,8.562009,2023-01-01T01:35:00
3.446961,8.562009,2023-01-01T01:35:01
3.446961,8.562009,2023-01-01T01:35:02
3.446961,8.562009,2023-01-01T01:35:03
3.335769,8.562009,2023-01-01T01:35:04
3.335769,8.562009,2023-01-01T01:35:05
3.335769,8.562009,2023-01-01T01:35:06
3.335769,8.562009,2023-01-01T01:35:07
3.335769,8.562009,2023-01-01T01:35:08
3.335769,8.562009,2023-01-01T01:35:09
3.335769,8.562009,2023-01-01T01:35:10
3.335769,8.562009,2023-01-01T01:35:11
3.224576,8.562009,2023-01-01T01:35:12
3.224576,8.562009,2023-01-01T01:35:13
3.224576,8.450814,2023-01-01T01:35:14
3.224576,8.450814,2023-01-01T01:35:15
3.224576,8.450814,2023-01-01T01:35:16
3.224576,8.450814,2023-01-01T01:35:17
3.113384,8.450814,2023-01-01T01:35:18
3.113384,8.450814,2023-01-01T01:35:19
3.113384,8.450814,2023-01-01T01:35:20
3.113384,8.450814,2023-01-01T01:35:21
3.113384,8.450814,2023-01-01T01:35:22
3.113384,8.339619,2023-01-01T01:35:23
3.002192,8.339619,2023-01-01T01:35:24
3.002192,8.339619,2023-01-01T01:35:25
3.002192,8.339619,2023-01-01T01:35:26
3.002192,8.339619,2023-01-01T01:35:27
2.890999,8.339619,2023-01-01T01:35:28
2.890999,8.228425,2023-01-01T01:35:29
2.890999,8.228425,2023-01-01T01:35:30
2.890999,8.228425,2023-01-01T01:35:31
2.890999,8.228425,2023-01-01T01:35:32
2.779807,8.228425,2023-01-01T01:35:33
2.779807,8.117230,2023-01-01T01:35:34
2.779807,8.117230,2023-01-01T01:35:35
2.779807,8.117230,2023-01-01T01:35:36
2.779807,8.117230,2023-01-01T01:35:37
2.779807,8.117230,2023-01-01T01:35:38
2.779807,8.117230,2023-01-01T01:35:39
2.668615,8.117230,2023-01-01T01:35:40
2.668615,8.006035,2023-01-01T01:35:41
2.668615,8.006035,2023-01-01T01:35:42
2.668615,8.006035,2023-01-01T01:35:43
2.668615,8.006035,2023-01-01T01:35:44
2.668615,8.006035,2023-01-01T01:35:45
2.668615,8.006035,2023-01-01T01:35:46
2.668615,8.006035,2023-01-01T01:35:47
2.557423,8.006035,2023-01-01T01:35:48
2.557423,8.006035,2023-01-01T01:35:49
2.557423,7.894840,2023-01-01T01:35:50
2.557423,7.894840,2023-01-01T01:35:51
2.557423,7.894840,2023-01-01T01:35:52
2.557423,7.894840,2023-01-01T01:35:53
2.557423,7.894840,2023-01-01T01:35:54
2.557423,7.894840,2023-01-01T01:35:55
2.446230,7.894840,2023-01-01T01:35:56
2.446230,7.894840,2023-01-01T01:35:57
2.446230,7.894840,2023-01-01T01:35:58
2.446230,7.894840,2023-01-01T01:35:59
2.446230,7.894840,2023-01-01T01:36:00
2.446230,7.894840,2023-01-01T01:36:01
2.446230,7.894840,2023-01-01T01:36:02
2.446230,7.783645,2023-01-01T01:36:03
2.446230,7.783645,2023-01-01T01:36:04
2.446230,7.783645,2023-01-01T01:36:05
2.446230,7.894840,2023-01-01T01:36:06
2.446230,7.894840,2023-01-01T01:36:07
2.446230,7.894840,2023-01-01T01:36:08
2.446230,7.894840,2023-01-01T01:36:09
2.446230,7.894840,2023-01-01T01:36:10
2.446230,7.894840,2023-01-01T01:36:11
2.446230,7.894840,2023-01-01T01:36:12
2.446230,7.894840,2023-01-01T01:36:13
2.557423,7.894840,2023-01-01T01:36:14
2.557423,7.894840,2023-01-01T01:36:15
2.557423,7.894840,2023-01-01T01:36:16
2.557423,7.894840,2023-01-01T01:36:17
2.557423,7.894840,2023-01-01T01:36:18
2.557423,7.894840,2023-01-01T01:36:19
2.557423,7.894840,2023-01-01T01:36:20
2.557423,7.894840,2023-01-01T01:36:21
2.557423,7.894840,2023-01-01T01:36:22
2.557423,7.894840,2023-01-01T01:36:23
2.557423,7.894840,2023-01-01T01:36:24
2.557423,7.894840,2023-01-01T01:36:25
2.557423,7.894840,2023-01-01T01:36:26
2.557423,7.894840,2023-01-01T01:36:27
2.557423,7.894840,2023-01-01T01:36:28
2.557423,7.894840,2023-01-01T01:36:29
2.557423,7.894840,2023-01-01T01:36:30
2.557423,7.894840,2023-01-01T01:36:31
2.446230,7.894840,2023-01-01T01:36:32
2.446230,7.894840,2023-01-01T01:36:33
2.446230,7.894840,2023-01-01T01:36:34
2.446230,7.894840,2023-01-01T01:36:35
2.446230,7.894840,2023-01-01T01:36:36
2.446230,7.894840,2023-01-01T01:36:37
2.446230,7.894840,2023-01-01T01:36:38
2.446230,7.894840,2023-01-01T01:36:39
2.446230,7.894840,2023-01-01T01:36:40
2.446230,7.894840,2023-01-01T01:36:41
2.446230,7.783645,2023-01-01T01:36:42
2.446230,7.783645,2023-01-01T01:36:43
2.446230,7.783645,2023-01-01T01:36:44
2.446230,7.783645,2023-01-01T01:36:45
2.446230,7.783645,2023-01-01T01:36:46
2.446230,7.783645,2023-01-01T01:36:47
2.446230,7.783645,2023-01-01T01:36:48
2.446230,7.783645,2023-01-01T01:36:49
2.446230,7.783645,2023-01-01T01:36:50
2.446230,7.783645,2023-01-01T01:36:51
2.446230,7.783645,2023-01-01T01:36:52
2.446230,7.783645,2023-01-01T01:36:53
2.335038,7.783645,2023-01-01T01:36:54
2.335038,7.783645,2023-01-01T01:36:55
2.335038,7.783645,2023-01-01T01:36:56
2.335038,7.672450,2023-01-01T01:36:57
2.335038,7.672450,2023-01-01T01:36:58
2.335038,7.672450,2023-01-01T01:36:59
2.223846,7.672450,2023-01-01T01:37:00
2.223846,7.672450,2023-01-01T01:37:01
2.223846,7.672450,2023-01-01T01:37:02
2.223846,7.672450,2023-01-01T01:37:03
2.223846,7.672450,2023-01-01T01:37:04
2.223846,7.672450,2023-01-01T01:37:05
2.223846,7.672450,2023-01-01T01:37:06
2.335038,7.783645,2023-01-01T01:37:07
2.335038,7.783645,2023-01-01T01:37:08
2.335038,7.783645,2023-01-01T01:37:09
2.446230,7.783645,2023-01-01T01:37:10
2.446230,7.894840,2023-01-01T01:37:11
2.446230,7.894840,2023-01-01T01:37:12
2.446230,7.894840,2023-01-01T01:37:13
2.557423,7.894840,2023-01-01T01:37:14
2.557423,7.894840,2023-01-01T01:37:15
2.557423,8.006035,2023-01-01T01:37:16
2.668615,8.006035,2023-01-01T01:37:17
2.668615,8.006035,2023-01-01T01:37:18
2.668615,8.006035,2023-01-01T01:37:19
2.668615,8.117230,2023-01-01T01:37:20
2.779807,8.117230,2023-01-01T01:37:21
2.779807,8.117230,2023-01-01T01:37:22
2.779807,8.117230,2023-01-01T01:37:23
2.779807,8.117230,2023-01-01T01:37:24
2.890999,8.117230,2023-01-01T01:37:25
2.890999,8.228425,2023-01-01T01:37:26
2.890999,8.228425,2023-01-01T01:37:27
2.890999,8.228425,2023-01-01T01:37:28
3.002192,8.228425,2023-01-01T01:37:29
3.002192,8.228425,2023-01-01T01:37:30
3.002192,8.228425,2023-01-01T01:37:31
3.002192,8.339619,2023-01-01T01:37:32
3.113384,8.339619,2023-01-01T01:37:33
3.113384,8.339619,2023-01-01T01:37:34
3.113384,8.339619,2023-01-01T01:37:35
3.224576,8.339619,2023-01-01T01:37:36
3.224576,8.450814,2023-01-01T01:37:37
3.335769,8.450814,2023-01-01T01:37:38
3.335769,8.450814,2023-01-01T01:37:39
3.335769,8.450814,2023-01-01T01:37:40
3.446961,8.562009,2023-01-01T01:37:41
3.446961,8.562009,2023-01-01T01:37:42
3.558153,8.562009,2023-01-01T01:37:43
3.558153,8.562009,2023-01-01T01:37:44
3.558153,8.562009,2023-01-01T01:37:45
3.669345,8.673204,2023-01-01T01:37:46
3.669345,8.673204,2023-01-01T01:37:47
3.780538,8.673204,2023-01-01T01:37:48
3.780538,8.673204,2023-01-01T01:37:49
3.780538,8.673204,2023-01-01T01:37:50
3.891730,8.784399,2023-01-01T01:37:51
3.891730,8.784399,2023-01-01T01:37:52
3.891730,8.784399,2023-01-01T01:37:53
4.002922,8.784399,2023-01-01T01:37:54
4.002922,8.784399,2023-01-01T01:37:55
4.114115,8.784399,2023-01-01T01:37:56
4.114115,8.895594,2023-01-01T01:37:57
4.114115,8.895594,2023-01-01T01:37:58
4.225307,8.895594,2023-01-01T01:37:59
4.225307,8.895594,2023-01-01T01:38:00
4.225307,8.895594,2023-01-01T01:38:01
4.336499,8.895594,2023-01-01T01:38:02
4.336499,8.895594,2023-01-01T01:38:03
4.336499,9.006789,2023-01-01T01:38:04
4.336499,9.006789,2023-01-01T01:38:05
4.336499,9.006789,2023-01-01T01:38:06
4.336499,9.006789,2023-01-01T01:38:07
4.336499,9.006789,2023-01-01T01:38:08
4.336499,9.006789,2023-01-01T01:38:09
4.336499,9.006789,2023-01-01T01:38:10
4.336499,9.006789,2023-01-01T01:38:11
4.447691,9.006789,2023-01-01T01:38:12
4.447691,9.006789,2023-01-01T01:38:13
4.447691,9.006789,2023-01-01T01:38:14
4.447691,9.006789,2023-01-01T01:38:15
4.447691,9.006789,2023-01-01T01:38:16
4.447691,9.006789,2023-01-01T01:38:17
4.447691,9.006789,2023-01-01T01:38:18
4.447691,9.006789,2023-01-01T01:38:19
4.447691,9.006789,2023-01-01T01:38:20
4.447691,9.006789,2023-01-01T01:38:21
4.447691,9.006789,2023-01-01T01:38:22
4.447691,9.006789,2023-01-01T01:38:23
4.558884,9.006789,2023-01-01T01:38:24
4.558884,9.006789,2023-01-01T01:38:25
4.558884,9.006789,2023-01-01T01:38:26
4.558884,9.006789,2023-01-01T01:38:27
4.558884,9.006789,2023-01-01T01:38:28
4.558884,9.006789,2023-01-01T01:38:29
4.670076,9.006789,2023-01-01T01:38:30
4.670076,8.895594,2023-01-01T01:38:31
4.670076,8.895594,2023-01-01T01:38:32
4.670076,8.895594,2023-01-01T01:38:33
4.670076,8.895594,2023-01-01T01:38:34
4.670076,8.895594,2023-01-01T01:38:35
4.781268,8.895594,2023-01-01T01:38:36
4.781268,8.895594,2023-01-01T01:38:37
4.781268,8.895594,2023-01-01T01:38:38
4.781268,8.895594,2023-01-01T01:38:39
4.781268,8.895594,2023-01-01T01:38:40
4.781268,8.895594,2023-01-01T01:38:41
4.781268,8.895594,2023-01-01T01:38:42
4.892461,8.895594,2023-01-01T01:38:43
4.892461,8.895594,2023-01-01T01:38:44
4.892461,8.895594,2023-01-01T01:38:45
4.892461,8.895594,2023-01-01T01:38:46
4.892461,8.895594,2023-01-01T01:38:47
4.892461,8.895594,2023-01-01T01:38:48
5.003653,8.895594,2023-01-01T01:38:49
5.003653,8.895594,2023-01-01T01:38:50
5.003653,8.895594,2023-01-01T01:38:51
5.003653,8.895594,2023-01-01T01:38:52
5.003653,8.895594,2023-01-01T01:38:53
5.114845,8.895594,2023-01-01T01:38:54
5.114845,8.895594,2023-01-01T01:38:55
5.114845,8.895594,2023-01-01T01:38:56
5.114845,8.895594,2023-01-01T01:38:57
5.114845,8.895594,2023-01-01T01:38:58
5.226037,8.895594,2023-01-01T01:38:59
5.226037,8.895594,2023-01-01T01:39:00
5.226037,8.895594,2023-01-01T01:39:01
5.226037,8.895594,2023-01-01T01:39:02
5.226037,8.895594,2023-01-01T01:39:03
5.337230,8.895594,2023-01-01T01:39:04
5.337230,8.784399,2023-01-01T01:39:05
5.337230,8.784399,2023-01-01T01:39:06
5.337230,8.784399,2023-01-01T01:39:07
5.337230,8.784399,2023-01-01T01:39:08
5.337230,8.784399,2023-01-01T01:39:09
5.337230,8.784399,2023-01-01T01:39:10
5.337230,8.784399,2023-01-01T01:39:11
5.337230,8.784399,2023-01-01T01:39:12
5.337230,8.784399,2023-01-01T01:39:13
5.337230,8.784399,2023-01-01T01:39:14
5.337230,8.784399,2023-01-01T01:39:15
5.337230,8.784399,2023-01-01T01:39:16
5.337230,8.784399,2023-01-01T01:39:17
5.337230,8.784399,2023-01-01T01:39:18
5.337230,8.784399,2023-01-01T01:39:19
5.337230,8.784399,2023-01-01T01:39:20
5.337230,8.784399,2023-01-01T01:39:21
5.337230,8.784399,2023-01-01T01:39:22
5.337230,8.784399,2023-01-01T01:39:23
5.337230,8.784399,2023-01-01T01:39:24
5.337230,8.784399,2023-01-01T01:39:25
5.337230,8.784399,2023-01-01T01:39:26
5.337230,8.784399,2023-01-01T01:39:27
5.226037,8.784399,2023-01-01T01:39:28
5.226037,8.784399,2023-01-01T01:39:29
5.226037,8.784399,2023-01-01T01:39:30
5.226037,8.784399,2023-01-01T01:39:31
5.226037,8.784399,2023-01-01T01:39:32
5.226037,8.784399,2023-01-01T01:39:33
5.226037,8.784399,2023-01-01T01:39:34
5.226037,8.784399,2023-01-01T01:39:35
5.226037,8.673204,2023-01-01T01:39:36
5.226037,8.673204,2023-01-01T01:39:37
5.226037,8.673204,2023-01-01T01:39:38
5.226037,8.673204,2023-01-01T01:39:39
5.226037,8.673204,2023-01-01T01:39:40
5.114845,8.673204,2023-01-01T01:39:41
5.114845,8.673204,2023-01-01T01:39:42
5.114845,8.673204,2023-01-01T01:39:43
5.114845,8.673204,2023-01-01T01:39:44
5.114845,8.673204,2023-01-01T01:39:45
5.114845,8.673204,2023-01-01T01:39:46
5.114845,8.673204,2023-01-01T01:39:47
5.114845,8.673204,2023-01-01T01:39:48
5.114845,8.673204,2023-01-01T01:39:49
5.114845,8.673204,2023-01-01T01:39:50
5.114845,8.673204,2023-01-01T01:39:51
5.003653,8.673204,2023-01-01T01:39:52
5.003653,8.673204,2023-01-01T01:39:53
5.003653,8.673204,2023-01-01T01:39:54
5.003653,8.673204,2023-01-01T01:39:55
5.003653,8.673204,2023-01-01T01:39:56
5.003653,8.673204,2023-01-01T01:39:57
5.003653,8.673204,2023-01-01T01:39:58
5.003653,8.673204,2023-01-01T01:39:59
5.003653,8.673204,2023-01-01T01:40:00
5.003653,8.673204,2023-01-01T01:40:01
4.892461,8.673204,2023-01-01T01:40:02
4.892461,8.562009,2023-01-01T01:40:03
4.892461,8.562009,2023-01-01T01:40:04
4.892461,8.562009,2023-01-01T01:40:05
4.892461,8.562009,2023-01-01T01:40:06
4.892461,8.562009,2023-01-01T01:40:07
4.892461,8.562009,2023-01-01T01:40:08
5.003653,8.562009,2023-01-01T01:40:09
5.003653,8.562009,2023-01-01T01:40:10
5.003653,8.562009,2023-01-01T01:40:11
5.003653,8.562009,2023-01-01T01:40:12
5.003653,8.562009,2023-01-01T01:40:13
5.003653,8.562009,2023-01-01T01:40:14
5.003653,8.562009,2023-01-01T01:40:15
5.003653,8.562009,2023-01-01T01:40:16
5.003653,8.562009,2023-01-01T01:40:17
5.003653,8.562009,2023-01-01T01:40:18
5.003653,8.562009,2023-01-01T01:40:19
5.003653,8.562009,2023-01-01T01:40:20
5.003653,8.562009,2023-01-01T01:40:21
5.003653,8.562009,2023-01-01T01:40:22
5.003653,8.562009,2023-01-01T01:40:23
5.003653,8.562009,2023-01-01T01:40:24
5.003653,8.562009,2023-01-01T01:40:25
5.003653,8.562009,2023-01-01T01:40:26
5.003653,8.562009,2023-01-01T01:40:27
5.114845,8.562009,2023-01-01T01:40:28
5.114845,8.562009,2023-01-01T01:40:29
5.114845,8.562009,2023-01-01T01:40:30
5.114845,8.562009,2023-01-01T01:40:31
5.114845,8.562009,2023-01-01T01:40:32
5.114845,8.562009,2023-01-01T01:40:33
5.114845,8.562009,2023-01-01T01:40:34
5.114845,8.562009,2023-01-01T01:40:35
5.114845,8.562009,2023-01-01T01:40:36
5.114845,8.562009,2023-01-01T01:40:37
5.114845,8.562009,2023-01-01T01:40:38
5.114845,8.562009,2023-01-01T01:40:39
5.226037,8.562009,2023-01-01T01:40:40
5.226037,8.562009,2023-01-01T01:40:41
5.226037,8.562009,2023-01-01T01:40:42
5.226037,8.562009,2023-01-01T01:40:43
5.226037,8.562009,2023-01-01T01:40:44
5.226037,8.562009,2023-01-01T01:40:45
5.226037,8.562009,2023-01-01T01:40:46
5.226037,8.562009,2023-01-01T01:40:47
5.226037,8.562009,2023-01-01T01:40:48
5.226037,8.562009,2023-01-01T01:40:49
5.226037,8.562009,2023-01-01T01:40:50
5.226037,8.562009,2023-01-01T01:40:51
5.226037,8.562009,2023-01-01T01:40:52
5.226037,8.562009,2023-01-01T01:40:53
5.226037,8.562009,2023-01-01T01:40:54
5.226037,8.562009,2023-01-01T01:40:55
5.226037,8.562009,2023-01-01T01:40:56
5.114845,8.562009,2023-01-01T01:40:57
5.114845,8.562009,2023-01-01T01:40:58
5.114845,8.562009,2023-01-01T01:40:59
5.114845,8.562009,2023-01-01T01:41:00
5.114845,8.562009,2023-01-01T01:41:01
5.114845,8.562009,2023-01-01T01:41:02
5.114845,8.450814,2023-01-01T01:41:03
5.114845,8.450814,2023-01-01T01:41:04
5.114845,8.450814,2023-01-01T01:41:05
5.003653,8.450814,2023-01-01T01:41:06
5.003653,8.450814,2023-01-01T01:41:07
5.003653,8.450814,2023-01-01T01:41:08
5.003653,8.450814,2023-01-01T01:41:09
5.003653,8.450814,2023-01-01T01:41:10
5.003653,8.450814,2023-01-01T01:41:11
4.892461,8.450814,2023-01-01T01:41:12
4.892461,8.450814,2023-01-01T01:41:13
4.892461,8.339619,2023-01-01T01:41:14
4.892461,8.339619,2023-01-01T01:41:15
4.892461,8.339619,2023-01-01T01:41:16
4.892461,8.339619,2023-01-01T01:41:17
4.781268,8.339619,2023-01-01T01:41:18
4.781268,8.339619,2023-01-01T01:41:19
4.781268,8.339619,2023-01-01T01:41:20
4.781268,8.339619,2023-01-01T01:41:21
4.781268,8.339619,2023-01-01T01:41:22
4.781268,8.228425,2023-01-01T01:41:23
4.670076,8.228425,2023-01-01T01:41:24
4.670076,8.228425,2023-01-01T01:41:25
4.670076,8.228425,2023-01-01T01:41:26
4.670076,8.228425,2023-01-01T01:41:27
4.670076,8.228425,2023-01-01T01:41:28
4.670076,8.228425,2023-01-01T01:41:29
4.670076,8.228425,2023-01-01T01:41:30
4.670076,8.228425,2023-01-01T01:41:31
4.670076,8.117230,2023-01-01T01:41:32
4.670076,8.117230,2023-01-01T01:41:33
4.670076,8.117230,2023-01-01T01:41:34
4.670076,8.117230,2023-01-01T01:41:35
4.781268,8.117230,2023-01-01T01:41:36
4.781268,8.117230,2023-01-01T01:41:37
4.781268,8.117230,2023-01-01T01:41:38
4.892461,8.117230,2023-01-01T01:41:39
4.892461,8.117230,2023-01-01T01:41:40
5.003653,8.117230,2023-01-01T01:41:41
5.003653,8.117230,2023-01-01T01:41:42
5.003653,8.117230,2023-01-01T01:41:43
5.114845,8.117230,2023-01-01T01:41:44
5.114845,8.117230,2023-01-01T01:41:45
5.226037,8.117230,2023-01-01T01:41:46
5.226037,8.006035,2023-01-01T01:41:47
5.226037,8.006035,2023-01-01T01:41:48
5.337230,8.006035,2023-01-01T01:41:49
5.337230,8.006035,2023-01-01T01:41:50
5.448422,8.006035,2023-01-01T01:41:51
5.448422,8.006035,2023-01-01T01:41:52
5.559614,8.006035,2023-01-01T01:41:53
5.559614,8.006035,2023-01-01T01:41:54
5.559614,8.006035,2023-01-01T01:41:55
5.670807,8.006035,2023-01-01T01:41:56
5.670807,8.006035,2023-01-01T01:41:57
5.670807,8.006035,2023-01-01T01:41:58
5.781999,8.006035,2023-01-01T01:41:59
5.781999,8.006035,2023-01-01T01:42:00
5.893191,8.006035,2023-01-01T01:42:01
5.893191,8.006035,2023-01-01T01:42:02
5.893191,7.894840,2023-01-01T01:42:03
6.004383,7.894840,2023-01-01T01:42:04
6.004383,7.894840,2023-01-01T01:42:05
6.115576,7.894840,2023-01-01T01:42:06
6.115576,7.894840,2023-01-01T01:42:07
6.115576,7.894840,2023-01-01T01:42:08
6.226768,7.894840,2023-01-01T01:42:09
6.226768,7.894840,2023-01-01T01:42:10
6.337960,7.894840,2023-01-01T01:42:11
6.337960,7.894840,2023-01-01T01:42:12
6.449153,7.894840,2023-01-01T01:42:13
6.449153,7.894840,2023-01-01T01:42:14
6.449153,7.894840,2023-01-01T01:42:15
6.560345,7.894840,2023-01-01T01:42:16
6.560345,7.894840,2023-01-01T01:42:17
6.560345,7.894840,2023-01-01T01:42:18
6.671537,7.894840,2023-01-01T01:42:19
6.671537,7.894840,2023-01-01T01:42:20
6.782729,7.894840,2023-01-01T01:42:21
6.782729,7.894840,2023-01-01T01:42:22
6.782729,7.894840,2023-01-01T01:42:23
6.893922,7.894840,2023-01-01T01:42:24
6.893922,7.894840,2023-01-01T01:42:25
7.005114,7.894840,2023-01-01T01:42:26
7.005114,7.894840,2023-01-01T01:42:27
7.005114,7.894840,2023-01-01T01:42:28
7.116306,7.894840,2023-01-01T01:42:29
7.116306,8.006035,2023-01-01T01:42:30
7.116306,8.006035,2023-01-01T01:42:31
7.227498,8.006035,2023-01-01T01:42:32
7.227498,8.006035,2023-01-01T01:42:33
7.227498,8.006035,2023-01-01T01:42:34
7.338691,8.006035,2023-01-01T01:42:35
7.338691,8.006035,2023-01-01T01:42:36
7.338691,8.006035,2023-01-01T01:42:37
7.338691,8.006035,2023-01-01T01:42:38
7.449883,8.006035,2023-01-01T01:42:39
7.449883,8.006035,2023-01-01T01:42:40
7.449883,8.006035,2023-01-01T01:42:41
7.449883,8.006035,2023-01-01T01:42:42
7.561075,8.006035,2023-01-01T01:42:43
7.561075,8.006035,2023-01-01T01:42:44
7.561075,8.006035,2023-01-01T01:42:45
7.561075,8.006035,2023-01-01T01:42:46
7.561075,8.006035,2023-01-01T01:42:47
7.672268,8.006035,2023-01-01T01:42:48
7.672268,8.006035,2023-01-01T01:42:49
7.672268,8.006035,2023-01-01T01:42:50
7.672268,8.006035,2023-01-01T01:42:51
7.783460,8.006035,2023-01-01T01:42:52
7.783460,8.006035,2023-01-01T01:42:53
7.783460,8.006035,2023-01-01T01:42:54
7.783460,8.006035,2023-01-01T01:42:55
7.783460,8.117230,2023-01-01T01:42:56
7.783460,8.117230,2023-01-01T01:42:57
7.894652,8.117230,2023-01-01T01:42:58
7.894652,8.117230,2023-01-01T01:42:59
7.894652,8.117230,2023-01-01T01:43:00
7.894652,8.117230,2023-01-01T01:43:01
7.894652,8.117230,2023-01-01T01:43:02
7.894652,8.117230,2023-01-01T01:43:03
7.894652,8.228425,2023-01-01T01:43:04
7.894652,8.228425,2023-01-01T01:43:05
7.894652,8.228425,2023-01-01T01:43:06
7.894652,8.228425,2023-01-01T01:43:07
7.894652,8.228425,2023-01-01T01:43:08
7.894652,8.228425,2023-01-01T01:43:09
7.894652,8.339619,2023-01-01T01:43:10
7.894652,8.339619,2023-01-01T01:43:11
7.894652,8.339619,2023-01-01T01:43:12
7.894652,8.339619,2023-01-01T01:43:13
7.894652,8.339619,2023-01-01T01:43:14
7.894652,8.339619,2023-01-01T01:43:15
7.894652,8.450814,2023-01-01T01:43:16
7.894652,8.450814,2023-01-01T01:43:17
7.894652,8.450814,2023-01-01T01:43:18
7.894652,8.450814,2023-01-01T01:43:19
7.894652,8.450814,2023-01-01T01:43:20
7.894652,8.562009,2023-01-01T01:43:21
7.894652,8.562009,2023-01-01T01:43:22
7.894652,8.562009,2023-01-01T01:43:23
7.894652,8.562009,2023-01-01T01:43:24
7.894652,8.562009,2023-01-01T01:43:25
7.894652,8.673204,2023-01-01T01:43:26
7.894652,8.673204,2023-01-01T01:43:27
7.894652,8.673204,2023-01-01T01:43:28
7.894652,8.673204,2023-01-01T01:43:29
7.894652,8.673204,2023-01-01T01:43:30
7.894652,8.784399,2023-01-01T01:43:31
7.894652,8.784399,2023-01-01T01:43:32
7.894652,8.784399,2023-01-01T01:43:33
7.894652,8.784399,2023-01-01T01:43:34
7.894652,8.895594,2023-01-01T01:43:35
7.894652,8.895594,2023-01-01T01:43:36
7.894652,8.895594,2023-01-01T01:43:37
8.005844,8.895594,2023-01-01T01:43:38
8.005844,8.895594,2023-01-01T01:43:39
8.005844,8.895594,2023-01-01T01:43:40
8.005844,9.006789,2023-01-01T01:43:41
8.005844,9.006789,2023-01-01T01:43:42
8.117037,9.006789,2023-01-01T01:43:43
8.117037,9.006789,2023-01-01T01:43:44
8.117037,9.006789,2023-01-01T01:43:45
8.117037,9.117984,2023-01-01T01:43:46
8.117037,9.117984,2023-01-01T01:43:47
8.228229,9.117984,2023-01-01T01:43:48
8.228229,9.117984,2023-01-01T01:43:49
8.228229,9.229179,2023-01-01T01:43:50
8.228229,9.229179,2023-01-01T01:43:51
8.339421,9.229179,2023-01-01T01:43:52
8.339421,9.229179,2023-01-01T01:43:53
8.339421,9.340374,2023-01-01T01:43:54
8.339421,9.340374,2023-01-01T01:43:55
8.450614,9.340374,2023-01-01T01:43:56
8.450614,9.340374,2023-01-01T01:43:57
8.450614,9.340374,2023-01-01T01:43:58
8.450614,9.451569,2023-01-01T01:43:59
8.561806,9.451569,2023-01-01T01:44:00
8.561806,9.451569,2023-01-01T01:44:01
8.561806,9.451569,2023-01-01T01:44:02
8.672998,9.562764,2023-01-01T01:44:03
8.672998,9.562764,2023-01-01T01:44:04
8.672998,9.562764,2023-01-01T01:44:05
8.672998,9.562764,2023-01-01T01:44:06
8.784190,9.673959,2023-01-01T01:44:07
8.784190,9.673959,2023-01-01T01:44:08
8.784190,9.673959,2023-01-01T01:44:09
8.784190,9.673959,2023-01-01T01:44:10
8.895383,9.785154,2023-01-01T01:44:11
8.895383,9.785154,2023-01-01T01:44:12
8.895383,9.785154,2023-01-01T01:44:13
8.895383,9.785154,2023-01-01T01:44:14
9.006575,9.896348,2023-01-01T01:44:15
9.006575,9.896348,2023-01-01T01:44:16
9.006575,9.896348,2023-01-01T01:44:17
9.117767,9.896348,2023-01-01T01:44:18
9.117767,10.007543,2023-01-01T01:44:19
9.117767,10.007543,2023-01-01T01:44:20
9.228960,10.007543,2023-01-01T01:44:21
9.228960,10.007543,2023-01-01T01:44:22
9.228960,10.118738,2023-01-01T01:44:23
9.228960,10.118738,2023-01-01T01:44:24
9.340152,10.118738,2023-01-01T01:44:25
9.340152,10.118738,2023-01-01T01:44:26
9.340152,10.229933,2023-01-01T01:44:27
9.451344,10.229933,2023-01-01T01:44:28
9.451344,10.229933,2023-01-01T01:44:29
9.451344,10.229933,2023-01-01T01:44:30
9.562536,10.229933,2023-01-01T01:44:31
9.562536,10.229933,2023-01-01T01:44:32
9.562536,10.341128,2023-01-01T01:44:33
9.562536,10.341128,2023-01-01T01:44:34
9.673729,10.341128,2023-01-01T01:44:35
9.673729,10.341128,2023-01-01T01:44:36
9.673729,10.452323,2023-01-01T01:44:37
9.673729,10.452323,2023-01-01T01:44:38
9.673729,10.452323,2023-01-01T01:44:39
9.673729,10.452323,2023-01-01T01:44:40
9.673729,10.563518,2023-01-01T01:44:41
9.673729,10.563518,2023-01-01T01:44:42
9.673729,10.563518,2023-01-01T01:44:43
9.673729,10.674713,2023-01-01T01:44:44
9.673729,10.674713,2023-01-01T01:44:45
9.784921,10.674713,2023-01-01T01:44:46
9.784921,10.674713,2023-01-01T01:44:47
9.784921,10.785908,2023-01-01T01:44:48
9.784921,10.785908,2023-01-01T01:44:49
9.784921,10.785908,2023-01-01T01:44:50
9.784921,10.785908,2023-01-01T01:44:51
9.784921,10.897103,2023-01-01T01:44:52
9.784921,10.897103,2023-01-01T01:44:53
9.784921,10.897103,2023-01-01T01:44:54
9.896113,11.008298,2023-01-01T01:44:55
9.896113,11.008298,2023-01-01T01:44:56
9.896113,11.008298,2023-01-01T01:44:57
9.896113,11.119493,2023-01-01T01:44:58
9.896113,11.119493,2023-01-01T01:44:59
9.896113,11.119493,2023-01-01T01:45:00
9.896113,11.119493,2023-01-01T01:45:01
9.896113,11.230688,2023-01-01T01:45:02
10.007306,11.230688,2023-01-01T01:45:03
10.007306,11.230688,2023-01-01T01:45:04
10.007306,11.341883,2023-01-01T01:45:05
10.007306,11.341883,2023-01-01T01:45:06
10.007306,11.341883,2023-01-01T01:45:07
10.007306,11.453077,2023-01-01T01:45:08
10.007306,11.453077,2023-01-01T01:45:09
10.007306,11.453077,2023-01-01T01:45:10
10.007306,11.564272,2023-01-01T01:45:11
10.007306,11.564272,2023-01-01T01:45:12
10.007306,11.564272,2023-01-01T01:45:13
10.007306,11.564272,2023-01-01T01:45:14
10.007306,11.675467,2023-01-01T01:45:15
10.007306,11.675467,2023-01-01T01:45:16
10.007306,11.675467,2023-01-01T01:45:17
10.007306,11.786662,2023-01-01T01:45:18
10.118498,11.786662,2023-01-01T01:45:19
10.118498,11.786662,2023-01-01T01:45:20
10.118498,11.897857,2023-01-01T01:45:21
10.118498,11.897857,2023-01-01T01:45:22
10.118498,11.897857,2023-01-01T01:45:23
10.118498,12.009052,2023-01-01T01:45:24
10.118498,12.009052,2023-01-01T01:45:25
10.118498,12.009052,2023-01-01T01:45:26
10.118498,12.009052,2023-01-01T01:45:27
10.118498,12.120247,2023-01-01T01:45:28
10.118498,12.120247,2023-01-01T01:45:29
10.118498,12.120247,2023-01-01T01:45:30
10.118498,12.120247,2023-01-01T01:45:31
10.118498,12.231442,2023-01-01T01:45:32
10.118498,12.231442,2023-01-01T01:45:33
10.118498,12.231442,2023-01-01T01:45:34
10.118498,12.231442,2023-01-01T01:45:35
10.118498,12.342637,2023-01-01T01:45:36
10.118498,12.342637,2023-01-01T01:45:37
10.118498,12.342637,2023-01-01T01:45:38
10.118498,12.342637,2023-01-01T01:45:39
10.007306,12.453832,2023-01-01T01:45:40
10.007306,12.453832,2023-01-01T01:45:41
10.007306,12.453832,2023-01-01T01:45:42
10.007306,12.565027,2023-01-01T01:45:43
10.007306,12.565027,2023-01-01T01:45:44
10.007306,12.565027,2023-01-01T01:45:45
10.007306,12.565027,2023-01-01T01:45:46
9.896113,12.676222,2023-01-01T01:45:47
9.896113,12.676222,2023-01-01T01:45:48
9.896113,12.676222,2023-01-01T01:45:49
9.896113,12.676222,2023-01-01T01:45:50
9.896113,12.676222,2023-01-01T01:45:51
9.896113,12.787417,2023-01-01T01:45:52
9.896113,12.787417,2023-01-01T01:45:53
9.784921,12.787417,2023-01-01T01:45:54
9.784921,12.787417,2023-01-01T01:45:55
9.784921,12.898611,2023-01-01T01:45:56
9.784921,12.898611,2023-01-01T01:45:57
9.784921,12.898611,2023-01-01T01:45:58
9.784921,12.898611,2023-01-01T01:45:59
9.784921,13.009806,2023-01-01T01:46:00
9.784921,13.009806,2023-01-01T01:46:01
9.673729,13.009806,2023-01-01T01:46:02
9.673729,13.009806,2023-01-01T01:46:03
9.673729,13.009806,2023-01-01T01:46:04
9.673729,13.121001,2023-01-01T01:46:05
9.673729,13.121001,2023-01-01T01:46:06
9.673729,13.121001,2023-01-01T01:46:07
9.673729,13.121001,2023-01-01T01:46:08
9.673729,13.121001,2023-01-01T01:46:09
9.673729,13.232196,2023-01-01T01:46:10
9.673729,13.232196,2023-01-01T01:46:11
9.673729,13.232196,2023-01-01T01:46:12
9.673729,13.232196,2023-01-01T01:46:13
9.673729,13.232196,2023-01-01T01:46:14
9.673729,13.343391,2023-01-01T01:46:15
9.673729,13.343391,2023-01-01T01:46:16
9.673729,13.343391,2023-01-01T01:46:17
9.673729,13.343391,2023-01-01T01:46:18
9.673729,13.343391,2023-01-01T01:46:19
9.673729,13.343391,2023-01-01T01:46:20
9.673729,13.454586,2023-01-01T01:46:21
9.673729,13.454586,2023-01-01T01:46:22
9.673729,13.454586,2023-01-01T01:46:23
9.673729,13.454586,2023-01-01T01:46:24
9.673729,13.454586,2023-01-01T01:46:25
9.673729,13.565781,2023-01-01T01:46:26
9.673729,13.565781,2023-01-01T01:46:27
9.673729,13.565781,2023-01-01T01:46:28
9.673729,13.565781,2023-01-01T01:46:29
9.673729,13.565781,2023-01-01T01:46:30
9.673729,13.676976,2023-01-01T01:46:31
9.673729,13.676976,2023-01-01T01:46:32
9.673729,13.676976,2023-01-01T01:46:33
9.673729,13.676976,2023-01-01T01:46:34
9.673729,13.676976,2023-01-01T01:46:35
9.673729,13.676976,2023-01-01T01:46:36
9.562536,13.788171,2023-01-01T01:46:37
9.562536,13.788171,2023-01-01T01:46:38
9.562536,13.788171,2023-01-01T01:46:39
9.562536,13.788171,2023-01-01T01:46:40
9.562536,13.788171,2023-01-01T01:46:41
9.562536,13.899366,2023-01-01T01:46:42
9.562536,13.899366,2023-01-01T01:46:43
9.562536,13.899366,2023-01-01T01:46:44
9.562536,13.899366,2023-01-01T01:46:45
9.451344,13.899366,2023-01-01T01:46:46
9.451344,14.010561,2023-01-01T01:46:47
9.451344,14.010561,2023-01-01T01:46:48
9.451344,14.010561,2023-01-01T01:46:49
9.451344,14.010561,2023-01-01T01:46:50
9.451344,14.121756,2023-01-01T01:46:51
9.451344,14.121756,2023-01-01T01:46:52
9.451344,14.121756,2023-01-01T01:46:53
9.451344,14.121756,2023-01-01T01:46:54
9.451344,14.121756,2023-01-01T01:46:55
9.340152,14.232951,2023-01-01T01:46:56
9.340152,14.232951,2023-01-01T01:46:57
9.340152,14.232951,2023-01-01T01:46:58
9.340152,14.232951,2023-01-01T01:46:59
9.340152,14.232951,2023-01-01T01:47:00
9.340152,14.344146,2023-01-01T01:47:01
9.340152,14.344146,2023-01-01T01:47:02
9.340152,14.344146,2023-01-01T01:47:03
9.340152,14.344146,2023-01-01T01:47:04
9.228960,14.344146,2023-01-01T01:47:05
9.228960,14.455340,2023-01-01T01:47:06
9.228960,14.455340,2023-01-01T01:47:07
9.117767,14.455340,2023-01-01T01:47:08
9.117767,14.455340,2023-01-01T01:47:09
9.117767,14.566535,2023-01-01T01:47:10
9.006575,14.566535,2023-01-01T01:47:11
9.006575,14.566535,2023-01-01T01:47:12
9.006575,14.566535,2023-01-01T01:47:13
8.895383,14.677730,2023-01-01T01:47:14
8.895383,14.677730,2023-01-01T01:47:15
8.895383,14.677730,2023-01-01T01:47:16
8.784190,14.677730,2023-01-01T01:47:17
8.784190,14.788925,2023-01-01T01:47:18
8.784190,14.788925,2023-01-01T01:47:19
8.784190,14.788925,2023-01-01T01:47:20
8.672998,14.788925,2023-01-01T01:47:21
8.672998,14.900120,2023-01-01T01:47:22
8.672998,14.900120,2023-01-01T01:47:23
8.672998,14.900120,2023-01-01T01:47:24
8.561806,14.900120,2023-01-01T01:47:25
8.561806,15.011315,2023-01-01T01:47:26
8.561806,15.011315,2023-01-01T01:47:27
8.561806,15.011315,2023-01-01T01:47:28
8.450614,15.011315,2023-01-01T01:47:29
8.450614,15.122510,2023-01-01T01:47:30
