x,y,timestamp
0.000000,0.000000,2023-01-01T04:42:48
0.000000,0.000000,2023-01-01T04:42:49
0.000000,0.000000,2023-01-01T04:42:50
0.000000,0.000000,2023-01-01T04:42:51
0.000000,0.000000,2023-01-01T04:42:52
0.000000,0.000000,2023-01-01T04:42:53
0.111192,0.000000,2023-01-01T04:42:54
0.111192,0.000000,2023-01-01T04:42:55
0.111192,-0.111195,2023-01-01T04:42:56
0.111192,-0.111195,2023-01-01T04:42:57
0.111192,-0.111195,2023-01-01T04:42:58
0.111192,-0.111195,2023-01-01T04:42:59
0.111192,-0.111195,2023-01-01T04:43:00
0.111192,-0.111195,2023-01-01T04:43:01
0.111192,-0.111195,2023-01-01T04:43:02
0.111192,-0.111195,2023-01-01T04:43:03
0.111192,-0.111195,2023-01-01T04:43:04
0.111192,-0.111195,2023-01-01T04:43:05
0.111192,-0.111195,2023-01-01T04:43:06
0.111192,-0.111195,2023-01-01T04:43:07
0.111192,-0.222390,2023-01-01T04:43:08
0.111192,-0.222390,2023-01-01T04:43:09
0.111192,-0.222390,2023-01-01T04:43:10
0.111192,-0.222390,2023-01-01T04:43:11
0.111192,-0.222390,2023-01-01T04:43:12
0.111192,-0.222390,2023-01-01T04:43:13
0.111192,-0.222390,2023-01-01T04:43:14
0.111192,-0.222390,2023-01-01T04:43:15
0.111192,-0.222390,2023-01-01T04:43:16
0.111192,-0.222390,2023-01-01T04:43:17
0.111192,-0.222390,2023-01-01T04:43:18
0.111192,-0.222390,2023-01-01T04:43:19
0.111192,-0.222390,2023-01-01T04:43:20
0.111192,-0.222390,2023-01-01T04:43:21
0.111192,-0.222390,2023-01-01T04:43:22
0.111192,-0.222390,2023-01-01T04:43:23
0.111192,-0.222390,2023-01-01T04:43:24
0.111192,-0.222390,2023-01-01T04:43:25
0.111192,-0.333585,2023-01-01T04:43:26
0.222385,-0.333585,2023-01-01T04:43:27
0.222385,-0.333585,2023-01-01T04:43:28
0.222385,-0.333585,2023-01-01T04:43:29
0.222385,-0.444780,2023-01-01T04:43:30
0.333577,-0.444780,2023-01-01T04:43:31
0.333577,-0.444780,2023-01-01T04:43:32
0.333577,-0.444780,2023-01-01T04:43:33
0.333577,-0.444780,2023-01-01T04:43:34
0.333577,-0.555975,2023-01-01T04:43:35
0.444769,-0.555975,2023-01-01T04:43:36
0.444769,-0.555975,2023-01-01T04:43:37
0.444769,-0.555975,2023-01-01T04:43:38
0.444769,-0.555975,2023-01-01T04:43:39
0.444769,-0.555975,2023-01-01T04:43:40
0.444769,-0.667170,2023-01-01T04:43:41
0.555961,-0.667170,2023-01-01T04:43:42
0.555961,-0.667170,2023-01-01T04:43:43
0.555961,-0.667170,2023-01-01T04:43:44
0.555961,-0.667170,2023-01-01T04:43:45
0.555961,-0.667170,2023-01-01T04:43:46
0.555961,-0.778364,2023-01-01T04:43:47
0.667154,-0.778364,2023-01-01T04:43:48
0.667154,-0.778364,2023-01-01T04:43:49
0.667154,-0.778364,2023-01-01T04:43:50
0.667154,-0.778364,2023-01-01T04:43:51
0.667154,-0.778364,2023-01-01T04:43:52
0.667154,-0.778364,2023-01-01T04:43:53
0.667154,-0.889559,2023-01-01T04:43:54
0.778346,-0.889559,2023-01-01T04:43:55
0.778346,-0.889559,2023-01-01T04:43:56
0.778346,-0.889559,2023-01-01T04:43:57
0.778346,-0.889559,2023-01-01T04:43:58
0.889538,-1.000754,2023-01-01T04:43:59
0.889538,-1.000754,2023-01-01T04:44:00
0.889538,-1.000754,2023-01-01T04:44:01
0.889538,-1.000754,2023-01-01T04:44:02
0.889538,-1.000754,2023-01-01T04:44:03
0.889538,-1.111949,2023-01-01T04:44:04
1.000731,-1.111949,2023-01-01T04:44:05
1.000731,-1.111949,2023-01-01T04:44:06
1.000731,-1.111949,2023-01-01T04:44:07
1.000731,-1.111949,2023-01-01T04:44:08
1.000731,-1.111949,2023-01-01T04:44:09
1.111923,-1.223144,2023-01-01T04:44:10
1.111923,-1.223144,2023-01-01T04:44:11
1.111923,-1.223144,2023-01-01T04:44:12
1.111923,-1.223144,2023-01-01T04:44:13
1.111923,-1.223144,2023-01-01T04:44:14
1.111923,-1.223144,2023-01-01T04:44:15
1.223115,-1.223144,2023-01-01T04:44:16
1.223115,-1.334339,2023-01-01T04:44:17
1.223115,-1.334339,2023-01-01T04:44:18
1.223115,-1.334339,2023-01-01T04:44:19
1.223115,-1.334339,2023-01-01T04:44:20
1.223115,-1.334339,2023-01-01T04:44:21
1.334307,-1.334339,2023-01-01T04:44:22
1.334307,-1.334339,2023-01-01T04:44:23
1.334307,-1.445534,2023-01-01T04:44:24
1.334307,-1.445534,2023-01-01T04:44:25
1.334307,-1.445534,2023-01-01T04:44:26
1.334307,-1.445534,2023-01-01T04:44:27
1.334307,-1.445534,2023-01-01T04:44:28
1.334307,-1.445534,2023-01-01T04:44:29
1.334307,-1.445534,2023-01-01T04:44:30
1.334307,-1.445534,2023-01-01T04:44:31
1.445500,-1.556729,2023-01-01T04:44:32
1.445500,-1.556729,2023-01-01T04:44:33
1.445500,-1.556729,2023-01-01T04:44:34
1.445500,-1.556729,2023-01-01T04:44:35
1.445500,-1.556729,2023-01-01T04:44:36
1.445500,-1.556729,2023-01-01T04:44:37
1.445500,-1.556729,2023-01-01T04:44:38
1.445500,-1.556729,2023-01-01T04:44:39
1.445500,-1.556729,2023-01-01T04:44:40
1.445500,-1.556729,2023-01-01T04:44:41
1.445500,-1.667924,2023-01-01T04:44:42
1.445500,-1.667924,2023-01-01T04:44:43
1.445500,-1.667924,2023-01-01T04:44:44
1.445500,-1.667924,2023-01-01T04:44:45
1.556692,-1.667924,2023-01-01T04:44:46
1.556692,-1.667924,2023-01-01T04:44:47
1.556692,-1.667924,2023-01-01T04:44:48
1.556692,-1.667924,2023-01-01T04:44:49
1.556692,-1.667924,2023-01-01T04:44:50
1.556692,-1.667924,2023-01-01T04:44:51
1.556692,-1.667924,2023-01-01T04:44:52
1.556692,-1.667924,2023-01-01T04:44:53
1.556692,-1.667924,2023-01-01T04:44:54
1.556692,-1.667924,2023-01-01T04:44:55
1.556692,-1.667924,2023-01-01T04:44:56
1.556692,-1.667924,2023-01-01T04:44:57
1.556692,-1.667924,2023-01-01T04:44:58
1.556692,-1.667924,2023-01-01T04:44:59
1.556692,-1.667924,2023-01-01T04:45:00
1.556692,-1.667924,2023-01-01T04:45:01
1.667884,-1.667924,2023-01-01T04:45:02
1.667884,-1.667924,2023-01-01T04:45:03
1.667884,-1.667924,2023-01-01T04:45:04
1.667884,-1.667924,2023-01-01T04:45:05
1.667884,-1.779119,2023-01-01T04:45:06
1.667884,-1.779119,2023-01-01T04:45:07
1.667884,-1.779119,2023-01-01T04:45:08
1.667884,-1.779119,2023-01-01T04:45:09
1.667884,-1.779119,2023-01-01T04:45:10
1.667884,-1.779119,2023-01-01T04:45:11
1.667884,-1.779119,2023-01-01T04:45:12
1.667884,-1.779119,2023-01-01T04:45:13
1.667884,-1.779119,2023-01-01T04:45:14
1.667884,-1.779119,2023-01-01T04:45:15
1.779077,-1.779119,2023-01-01T04:45:16
1.779077,-1.779119,2023-01-01T04:45:17
1.779077,-1.779119,2023-01-01T04:45:18
1.779077,-1.779119,2023-01-01T04:45:19
1.779077,-1.779119,2023-01-01T04:45:20
1.779077,-1.779119,2023-01-01T04:45:21
1.779077,-1.779119,2023-01-01T04:45:22
1.779077,-1.779119,2023-01-01T04:45:23
1.779077,-1.779119,2023-01-01T04:45:24
1.779077,-1.779119,2023-01-01T04:45:25
1.779077,-1.779119,2023-01-01T04:45:26
1.779077,-1.779119,2023-01-01T04:45:27
1.779077,-1.779119,2023-01-01T04:45:28
1.779077,-1.779119,2023-01-01T04:45:29
1.779077,-1.779119,2023-01-01T04:45:30
1.779077,-1.779119,2023-01-01T04:45:31
1.779077,-1.779119,2023-01-01T04:45:32
1.779077,-1.779119,2023-01-01T04:45:33
1.779077,-1.779119,2023-01-01T04:45:34
1.779077,-1.779119,2023-01-01T04:45:35
1.779077,-1.779119,2023-01-01T04:45:36
1.779077,-1.779119,2023-01-01T04:45:37
1.779077,-1.779119,2023-01-01T04:45:38
1.779077,-1.779119,2023-01-01T04:45:39
1.779077,-1.779119,2023-01-01T04:45:40
1.779077,-1.779119,2023-01-01T04:45:41
1.779077,-1.779119,2023-01-01T04:45:42
1.779077,-1.779119,2023-01-01T04:45:43
1.779077,-1.779119,2023-01-01T04:45:44
1.779077,-1.779119,2023-01-01T04:45:45
1.779077,-1.779119,2023-01-01T04:45:46
1.779077,-1.779119,2023-01-01T04:45:47
1.779077,-1.779119,2023-01-01T04:45:48
1.779077,-1.779119,2023-01-01T04:45:49
1.779077,-1.779119,2023-01-01T04:45:50
1.779077,-1.779119,2023-01-01T04:45:51
1.779077,-1.779119,2023-01-01T04:45:52
1.779077,-1.779119,2023-01-01T04:45:53
1.779077,-1.779119,2023-01-01T04:45:54
1.779077,-1.779119,2023-01-01T04:45:55
1.779077,-1.779119,2023-01-01T04:45:56
1.779077,-1.779119,2023-01-01T04:45:57
1.779077,-1.890314,2023-01-01T04:45:58
1.779077,-1.890314,2023-01-01T04:45:59
1.779077,-1.890314,2023-01-01T04:46:00
1.890269,-1.890314,2023-01-01T04:46:01
1.890269,-1.890314,2023-01-01T04:46:02
1.890269,-1.890314,2023-01-01T04:46:03
1.779077,-1.890314,2023-01-01T04:46:04
1.779077,-1.890314,2023-01-01T04:46:05
1.779077,-1.890314,2023-01-01T04:46:06
1.779077,-1.890314,2023-01-01T04:46:07
1.779077,-1.890314,2023-01-01T04:46:08
1.779077,-1.890314,2023-01-01T04:46:09
1.779077,-1.890314,2023-01-01T04:46:10
1.779077,-1.890314,2023-01-01T04:46:11
1.779077,-1.890314,2023-01-01T04:46:12
1.779077,-1.890314,2023-01-01T04:46:13
1.779077,-1.890314,2023-01-01T04:46:14
1.779077,-1.890314,2023-01-01T04:46:15
1.779077,-1.890314,2023-01-01T04:46:16
1.779077,-1.890314,2023-01-01T04:46:17
1.779077,-1.890314,2023-01-01T04:46:18
1.779077,-1.890314,2023-01-01T04:46:19
1.779077,-1.890314,2023-01-01T04:46:20
1.779077,-1.890314,2023-01-01T04:46:21
1.779077,-1.890314,2023-01-01T04:46:22
1.779077,-1.890314,2023-01-01T04:46:23
1.779077,-1.890314,2023-01-01T04:46:24
1.779077,-1.890314,2023-01-01T04:46:25
1.779077,-1.890314,2023-01-01T04:46:26
1.779077,-1.890314,2023-01-01T04:46:27
1.779077,-1.890314,2023-01-01T04:46:28
1.779077,-1.890314,2023-01-01T04:46:29
1.779077,-1.890314,2023-01-01T04:46:30
1.779077,-1.890314,2023-01-01T04:46:31
1.779077,-1.890314,2023-01-01T04:46:32
1.779077,-1.890314,2023-01-01T04:46:33
1.779077,-1.890314,2023-01-01T04:46:34
1.779077,-1.890314,2023-01-01T04:46:35
1.779077,-2.001509,2023-01-01T04:46:36
1.779077,-2.001509,2023-01-01T04:46:37
1.779077,-2.001509,2023-01-01T04:46:38
1.779077,-2.001509,2023-01-01T04:46:39
1.779077,-2.001509,2023-01-01T04:46:40
1.779077,-2.001509,2023-01-01T04:46:41
1.779077,-2.001509,2023-01-01T04:46:42
1.779077,-2.001509,2023-01-01T04:46:43
1.779077,-2.001509,2023-01-01T04:46:44
1.779077,-2.001509,2023-01-01T04:46:45
1.779077,-2.001509,2023-01-01T04:46:46
1.779077,-2.001509,2023-01-01T04:46:47
1.779077,-2.001509,2023-01-01T04:46:48
1.779077,-2.001509,2023-01-01T04:46:49
1.779077,-2.001509,2023-01-01T04:46:50
1.779077,-2.001509,2023-01-01T04:46:51
1.779077,-2.001509,2023-01-01T04:46:52
1.779077,-2.001509,2023-01-01T04:46:53
1.779077,-2.112704,2023-01-01T04:46:54
1.779077,-2.112704,2023-01-01T04:46:55
1.779077,-2.112704,2023-01-01T04:46:56
1.779077,-2.112704,2023-01-01T04:46:57
1.779077,-2.112704,2023-01-01T04:46:58
1.779077,-2.112704,2023-01-01T04:46:59
1.779077,-2.112704,2023-01-01T04:47:00
1.890269,-2.112704,2023-01-01T04:47:01
1.890269,-2.223899,2023-01-01T04:47:02
1.890269,-2.223899,2023-01-01T04:47:03
1.890269,-2.223899,2023-01-01T04:47:04
1.890269,-2.223899,2023-01-01T04:47:05
1.890269,-2.223899,2023-01-01T04:47:06
1.890269,-2.223899,2023-01-01T04:47:07
1.890269,-2.223899,2023-01-01T04:47:08
1.890269,-2.223899,2023-01-01T04:47:09
1.890269,-2.223899,2023-01-01T04:47:10
1.890269,-2.223899,2023-01-01T04:47:11
1.890269,-2.223899,2023-01-01T04:47:12
1.890269,-2.223899,2023-01-01T04:47:13
1.890269,-2.223899,2023-01-01T04:47:14
1.890269,-2.223899,2023-01-01T04:47:15
1.890269,-2.223899,2023-01-01T04:47:16
1.890269,-2.335093,2023-01-01T04:47:17
1.890269,-2.335093,2023-01-01T04:47:18
1.890269,-2.335093,2023-01-01T04:47:19
1.890269,-2.335093,2023-01-01T04:47:20
1.890269,-2.335093,2023-01-01T04:47:21
1.890269,-2.335093,2023-01-01T04:47:22
1.890269,-2.335093,2023-01-01T04:47:23
1.890269,-2.335093,2023-01-01T04:47:24
1.890269,-2.335093,2023-01-01T04:47:25
1.890269,-2.335093,2023-01-01T04:47:26
1.890269,-2.335093,2023-01-01T04:47:27
1.890269,-2.335093,2023-01-01T04:47:28
1.890269,-2.335093,2023-01-01T04:47:29
1.890269,-2.223899,2023-01-01T04:47:30
1.890269,-2.223899,2023-01-01T04:47:31
1.890269,-2.223899,2023-01-01T04:47:32
2.001461,-2.223899,2023-01-01T04:47:33
2.001461,-2.223899,2023-01-01T04:47:34
2.001461,-2.223899,2023-01-01T04:47:35
2.001461,-2.223899,2023-01-01T04:47:36
2.001461,-2.223899,2023-01-01T04:47:37
2.001461,-2.223899,2023-01-01T04:47:38
2.001461,-2.223899,2023-01-01T04:47:39
2.001461,-2.223899,2023-01-01T04:47:40
2.001461,-2.223899,2023-01-01T04:47:41
2.001461,-2.223899,2023-01-01T04:47:42
2.001461,-2.223899,2023-01-01T04:47:43
2.001461,-2.223899,2023-01-01T04:47:44
2.001461,-2.223899,2023-01-01T04:47:45
2.001461,-2.223899,2023-01-01T04:47:46
2.112653,-2.223899,2023-01-01T04:47:47
2.112653,-2.223899,2023-01-01T04:47:48
2.112653,-2.223899,2023-01-01T04:47:49
2.112653,-2.223899,2023-01-01T04:47:50
2.112653,-2.223899,2023-01-01T04:47:51
2.112653,-2.223899,2023-01-01T04:47:52
2.112653,-2.223899,2023-01-01T04:47:53
2.112653,-2.223899,2023-01-01T04:47:54
2.112653,-2.223899,2023-01-01T04:47:55
2.112653,-2.223899,2023-01-01T04:47:56
2.112653,-2.223899,2023-01-01T04:47:57
2.112653,-2.223899,2023-01-01T04:47:58
2.112653,-2.223899,2023-01-01T04:47:59
2.112653,-2.223899,2023-01-01T04:48:00
2.112653,-2.223899,2023-01-01T04:48:01
2.112653,-2.112704,2023-01-01T04:48:02
2.112653,-2.112704,2023-01-01T04:48:03
2.112653,-2.112704,2023-01-01T04:48:04
2.112653,-2.112704,2023-01-01T04:48:05
2.112653,-2.112704,2023-01-01T04:48:06
2.112653,-2.112704,2023-01-01T04:48:07
2.223846,-2.112704,2023-01-01T04:48:08
2.223846,-2.112704,2023-01-01T04:48:09
2.223846,-2.112704,2023-01-01T04:48:10
2.223846,-2.001509,2023-01-01T04:48:11
2.223846,-2.001509,2023-01-01T04:48:12
2.223846,-2.001509,2023-01-01T04:48:13
2.223846,-2.001509,2023-01-01T04:48:14
2.223846,-2.001509,2023-01-01T04:48:15
2.223846,-1.890314,2023-01-01T04:48:16
2.223846,-1.890314,2023-01-01T04:48:17
2.223846,-1.890314,2023-01-01T04:48:18
2.335038,-1.890314,2023-01-01T04:48:19
2.335038,-1.779119,2023-01-01T04:48:20
2.335038,-1.779119,2023-01-01T04:48:21
2.335038,-1.779119,2023-01-01T04:48:22
2.335038,-1.779119,2023-01-01T04:48:23
2.335038,-1.779119,2023-01-01T04:48:24
2.335038,-1.779119,2023-01-01T04:48:25
2.335038,-1.779119,2023-01-01T04:48:26
2.335038,-1.779119,2023-01-01T04:48:27
2.335038,-1.779119,2023-01-01T04:48:28
2.335038,-1.779119,2023-01-01T04:48:29
2.335038,-1.667924,2023-01-01T04:48:30
2.335038,-1.667924,2023-01-01T04:48:31
2.335038,-1.667924,2023-01-01T04:48:32
2.335038,-1.667924,2023-01-01T04:48:33
2.335038,-1.667924,2023-01-01T04:48:34
2.335038,-1.667924,2023-01-01T04:48:35
2.223846,-1.667924,2023-01-01T04:48:36
2.223846,-1.667924,2023-01-01T04:48:37
2.223846,-1.667924,2023-01-01T04:48:38
2.223846,-1.556729,2023-01-01T04:48:39
2.223846,-1.556729,2023-01-01T04:48:40
2.223846,-1.556729,2023-01-01T04:48:41
2.223846,-1.556729,2023-01-01T04:48:42
2.335038,-1.556729,2023-01-01T04:48:43
2.335038,-1.556729,2023-01-01T04:48:44
2.335038,-1.445534,2023-01-01T04:48:45
2.223846,-1.445534,2023-01-01T04:48:46
2.335038,-1.445534,2023-01-01T04:48:47
2.335038,-1.445534,2023-01-01T04:48:48
2.335038,-1.445534,2023-01-01T04:48:49
2.335038,-1.445534,2023-01-01T04:48:50
2.335038,-1.334339,2023-01-01T04:48:51
2.335038,-1.334339,2023-01-01T04:48:52
2.335038,-1.334339,2023-01-01T04:48:53
2.335038,-1.445534,2023-01-01T04:48:54
2.223846,-1.445534,2023-01-01T04:48:55
2.223846,-1.445534,2023-01-01T04:48:56
2.223846,-1.445534,2023-01-01T04:48:57
2.223846,-1.445534,2023-01-01T04:48:58
2.223846,-1.445534,2023-01-01T04:48:59
2.223846,-1.445534,2023-01-01T04:49:00
2.223846,-1.445534,2023-01-01T04:49:01
2.223846,-1.445534,2023-01-01T04:49:02
2.223846,-1.445534,2023-01-01T04:49:03
2.223846,-1.445534,2023-01-01T04:49:04
2.223846,-1.445534,2023-01-01T04:49:05
2.112653,-1.445534,2023-01-01T04:49:06
2.112653,-1.556729,2023-01-01T04:49:07
2.112653,-1.556729,2023-01-01T04:49:08
2.112653,-1.556729,2023-01-01T04:49:09
2.112653,-1.556729,2023-01-01T04:49:10
2.112653,-1.556729,2023-01-01T04:49:11
2.112653,-1.556729,2023-01-01T04:49:12
2.112653,-1.556729,2023-01-01T04:49:13
2.112653,-1.556729,2023-01-01T04:49:14
2.112653,-1.556729,2023-01-01T04:49:15
2.001461,-1.556729,2023-01-01T04:49:16
2.001461,-1.556729,2023-01-01T04:49:17
2.001461,-1.556729,2023-01-01T04:49:18
2.001461,-1.556729,2023-01-01T04:49:19
2.001461,-1.556729,2023-01-01T04:49:20
2.001461,-1.556729,2023-01-01T04:49:21
2.001461,-1.556729,2023-01-01T04:49:22
1.890269,-1.556729,2023-01-01T04:49:23
1.890269,-1.667924,2023-01-01T04:49:24
1.890269,-1.667924,2023-01-01T04:49:25
1.890269,-1.667924,2023-01-01T04:49:26
1.890269,-1.667924,2023-01-01T04:49:27
1.779077,-1.779119,2023-01-01T04:49:28
1.779077,-1.779119,2023-01-01T04:49:29
1.779077,-1.779119,2023-01-01T04:49:30
1.779077,-1.779119,2023-01-01T04:49:31
1.779077,-1.779119,2023-01-01T04:49:32
1.667884,-1.890314,2023-01-01T04:49:33
1.667884,-1.890314,2023-01-01T04:49:34
1.667884,-1.890314,2023-01-01T04:49:35
1.667884,-1.890314,2023-01-01T04:49:36
1.556692,-1.890314,2023-01-01T04:49:37
1.556692,-2.001509,2023-01-01T04:49:38
1.556692,-2.001509,2023-01-01T04:49:39
1.556692,-2.001509,2023-01-01T04:49:40
1.445500,-2.001509,2023-01-01T04:49:41
1.445500,-2.001509,2023-01-01T04:49:42
1.445500,-2.112704,2023-01-01T04:49:43
1.445500,-2.112704,2023-01-01T04:49:44
1.334307,-2.112704,2023-01-01T04:49:45
1.334307,-2.112704,2023-01-01T04:49:46
1.334307,-2.112704,2023-01-01T04:49:47
1.334307,-2.223899,2023-01-01T04:49:48
1.223115,-2.223899,2023-01-01T04:49:49
1.223115,-2.223899,2023-01-01T04:49:50
1.223115,-2.223899,2023-01-01T04:49:51
1.223115,-2.223899,2023-01-01T04:49:52
1.111923,-2.223899,2023-01-01T04:49:53
1.111923,-2.335093,2023-01-01T04:49:54
1.111923,-2.335093,2023-01-01T04:49:55
1.111923,-2.335093,2023-01-01T04:49:56
1.111923,-2.335093,2023-01-01T04:49:57
1.111923,-2.335093,2023-01-01T04:49:58
1.111923,-2.335093,2023-01-01T04:49:59
1.111923,-2.335093,2023-01-01T04:50:00
1.000731,-2.335093,2023-01-01T04:50:01
1.000731,-2.335093,2023-01-01T04:50:02
1.000731,-2.446288,2023-01-01T04:50:03
1.000731,-2.446288,2023-01-01T04:50:04
1.000731,-2.446288,2023-01-01T04:50:05
1.000731,-2.446288,2023-01-01T04:50:06
1.000731,-2.446288,2023-01-01T04:50:07
1.000731,-2.446288,2023-01-01T04:50:08
0.889538,-2.446288,2023-01-01T04:50:09
0.889538,-2.446288,2023-01-01T04:50:10
0.889538,-2.446288,2023-01-01T04:50:11
0.889538,-2.446288,2023-01-01T04:50:12
0.889538,-2.446288,2023-01-01T04:50:13
0.889538,-2.446288,2023-01-01T04:50:14
0.889538,-2.446288,2023-01-01T04:50:15
0.778346,-2.446288,2023-01-01T04:50:16
0.778346,-2.446288,2023-01-01T04:50:17
0.778346,-2.446288,2023-01-01T04:50:18
0.778346,-2.446288,2023-01-01T04:50:19
0.778346,-2.446288,2023-01-01T04:50:20
0.778346,-2.446288,2023-01-01T04:50:21
0.778346,-2.446288,2023-01-01T04:50:22
0.778346,-2.446288,2023-01-01T04:50:23
0.778346,-2.446288,2023-01-01T04:50:24
0.778346,-2.446288,2023-01-01T04:50:25
0.667154,-2.446288,2023-01-01T04:50:26
0.667154,-2.446288,2023-01-01T04:50:27
0.667154,-2.446288,2023-01-01T04:50:28
0.667154,-2.446288,2023-01-01T04:50:29
0.667154,-2.446288,2023-01-01T04:50:30
0.667154,-2.446288,2023-01-01T04:50:31
0.667154,-2.446288,2023-01-01T04:50:32
0.667154,-2.446288,2023-01-01T04:50:33
0.667154,-2.446288,2023-01-01T04:50:34
0.667154,-2.446288,2023-01-01T04:50:35
0.667154,-2.446288,2023-01-01T04:50:36
0.667154,-2.446288,2023-01-01T04:50:37
0.667154,-2.446288,2023-01-01T04:50:38
0.667154,-2.446288,2023-01-01T04:50:39
0.667154,-2.446288,2023-01-01T04:50:40
0.667154,-2.446288,2023-01-01T04:50:41
0.667154,-2.446288,2023-01-01T04:50:42
0.667154,-2.446288,2023-01-01T04:50:43
0.555961,-2.446288,2023-01-01T04:50:44
0.555961,-2.446288,2023-01-01T04:50:45
0.555961,-2.446288,2023-01-01T04:50:46
0.555961,-2.446288,2023-01-01T04:50:47
0.555961,-2.446288,2023-01-01T04:50:48
0.555961,-2.446288,2023-01-01T04:50:49
0.555961,-2.446288,2023-01-01T04:50:50
0.555961,-2.335093,2023-01-01T04:50:51
0.555961,-2.335093,2023-01-01T04:50:52
0.555961,-2.446288,2023-01-01T04:50:53
0.555961,-2.446288,2023-01-01T04:50:54
0.555961,-2.446288,2023-01-01T04:50:55
0.555961,-2.446288,2023-01-01T04:50:56
0.555961,-2.446288,2023-01-01T04:50:57
0.555961,-2.446288,2023-01-01T04:50:58
0.555961,-2.446288,2023-01-01T04:50:59
0.555961,-2.557483,2023-01-01T04:51:00
0.555961,-2.557483,2023-01-01T04:51:01
0.555961,-2.557483,2023-01-01T04:51:02
0.555961,-2.557483,2023-01-01T04:51:03
0.444769,-2.557483,2023-01-01T04:51:04
0.444769,-2.557483,2023-01-01T04:51:05
0.444769,-2.557483,2023-01-01T04:51:06
0.444769,-2.557483,2023-01-01T04:51:07
0.444769,-2.557483,2023-01-01T04:51:08
0.444769,-2.557483,2023-01-01T04:51:09
0.444769,-2.557483,2023-01-01T04:51:10
0.444769,-2.557483,2023-01-01T04:51:11
0.444769,-2.557483,2023-01-01T04:51:12
0.444769,-2.557483,2023-01-01T04:51:13
0.444769,-2.557483,2023-01-01T04:51:14
0.444769,-2.557483,2023-01-01T04:51:15
0.444769,-2.557483,2023-01-01T04:51:16
0.444769,-2.557483,2023-01-01T04:51:17
0.444769,-2.557483,2023-01-01T04:51:18
0.444769,-2.557483,2023-01-01T04:51:19
0.444769,-2.557483,2023-01-01T04:51:20
0.444769,-2.557483,2023-01-01T04:51:21
0.444769,-2.557483,2023-01-01T04:51:22
0.444769,-2.557483,2023-01-01T04:51:23
0.444769,-2.668678,2023-01-01T04:51:24
0.444769,-2.668678,2023-01-01T04:51:25
0.444769,-2.668678,2023-01-01T04:51:26
0.333577,-2.668678,2023-01-01T04:51:27
0.333577,-2.668678,2023-01-01T04:51:28
0.333577,-2.668678,2023-01-01T04:51:29
0.333577,-2.668678,2023-01-01T04:51:30
0.333577,-2.668678,2023-01-01T04:51:31
0.333577,-2.668678,2023-01-01T04:51:32
0.333577,-2.779873,2023-01-01T04:51:33
0.333577,-2.779873,2023-01-01T04:51:34
0.333577,-2.779873,2023-01-01T04:51:35
0.333577,-2.779873,2023-01-01T04:51:36
0.333577,-2.779873,2023-01-01T04:51:37
0.333577,-2.779873,2023-01-01T04:51:38
0.333577,-2.779873,2023-01-01T04:51:39
0.333577,-2.779873,2023-01-01T04:51:40
0.333577,-2.779873,2023-01-01T04:51:41
0.333577,-2.779873,2023-01-01T04:51:42
0.333577,-2.779873,2023-01-01T04:51:43
0.333577,-2.668678,2023-01-01T04:51:44
0.333577,-2.668678,2023-01-01T04:51:45
0.333577,-2.668678,2023-01-01T04:51:46
0.333577,-2.668678,2023-01-01T04:51:47
0.333577,-2.668678,2023-01-01T04:51:48
0.333577,-2.668678,2023-01-01T04:51:49
0.333577,-2.668678,2023-01-01T04:51:50
0.333577,-2.668678,2023-01-01T04:51:51
0.333577,-2.668678,2023-01-01T04:51:52
0.333577,-2.668678,2023-01-01T04:51:53
0.333577,-2.668678,2023-01-01T04:51:54
0.333577,-2.668678,2023-01-01T04:51:55
0.333577,-2.668678,2023-01-01T04:51:56
0.333577,-2.668678,2023-01-01T04:51:57
0.333577,-2.668678,2023-01-01T04:51:58
0.333577,-2.668678,2023-01-01T04:51:59
0.333577,-2.668678,2023-01-01T04:52:00
0.333577,-2.668678,2023-01-01T04:52:01
0.333577,-2.668678,2023-01-01T04:52:02
0.333577,-2.668678,2023-01-01T04:52:03
0.333577,-2.668678,2023-01-01T04:52:04
0.333577,-2.668678,2023-01-01T04:52:05
0.333577,-2.668678,2023-01-01T04:52:06
0.333577,-2.668678,2023-01-01T04:52:07
0.333577,-2.668678,2023-01-01T04:52:08
0.333577,-2.668678,2023-01-01T04:52:09
0.333577,-2.557483,2023-01-01T04:52:10
0.333577,-2.557483,2023-01-01T04:52:11
0.333577,-2.557483,2023-01-01T04:52:12
0.333577,-2.557483,2023-01-01T04:52:13
0.333577,-2.557483,2023-01-01T04:52:14
0.333577,-2.557483,2023-01-01T04:52:15
0.333577,-2.557483,2023-01-01T04:52:16
0.333577,-2.557483,2023-01-01T04:52:17
0.333577,-2.446288,2023-01-01T04:52:18
0.333577,-2.446288,2023-01-01T04:52:19
0.333577,-2.446288,2023-01-01T04:52:20
0.333577,-2.446288,2023-01-01T04:52:21
0.333577,-2.446288,2023-01-01T04:52:22
0.333577,-2.446288,2023-01-01T04:52:23
0.333577,-2.446288,2023-01-01T04:52:24
0.333577,-2.446288,2023-01-01T04:52:25
0.333577,-2.446288,2023-01-01T04:52:26
0.222385,-2.446288,2023-01-01T04:52:27
0.222385,-2.446288,2023-01-01T04:52:28
0.222385,-2.446288,2023-01-01T04:52:29
0.222385,-2.446288,2023-01-01T04:52:30
0.222385,-2.446288,2023-01-01T04:52:31
0.222385,-2.446288,2023-01-01T04:52:32
0.222385,-2.446288,2023-01-01T04:52:33
0.222385,-2.446288,2023-01-01T04:52:34
0.222385,-2.446288,2023-01-01T04:52:35
0.222385,-2.335093,2023-01-01T04:52:36
0.222385,-2.335093,2023-01-01T04:52:37
0.222385,-2.335093,2023-01-01T04:52:38
0.222385,-2.335093,2023-01-01T04:52:39
0.222385,-2.335093,2023-01-01T04:52:40
0.222385,-2.335093,2023-01-01T04:52:41
0.222385,-2.335093,2023-01-01T04:52:42
0.222385,-2.335093,2023-01-01T04:52:43
0.222385,-2.335093,2023-01-01T04:52:44
0.222385,-2.335093,2023-01-01T04:52:45
0.222385,-2.335093,2023-01-01T04:52:46
0.222385,-2.335093,2023-01-01T04:52:47
0.222385,-2.223899,2023-01-01T04:52:48
0.222385,-2.223899,2023-01-01T04:52:49
0.222385,-2.223899,2023-01-01T04:52:50
0.222385,-2.223899,2023-01-01T04:52:51
0.333577,-2.223899,2023-01-01T04:52:52
0.222385,-2.223899,2023-01-01T04:52:53
0.222385,-2.335093,2023-01-01T04:52:54
0.222385,-2.335093,2023-01-01T04:52:55
0.222385,-2.335093,2023-01-01T04:52:56
0.222385,-2.335093,2023-01-01T04:52:57
0.222385,-2.335093,2023-01-01T04:52:58
0.222385,-2.335093,2023-01-01T04:52:59
0.222385,-2.335093,2023-01-01T04:53:00
0.222385,-2.335093,2023-01-01T04:53:01
0.222385,-2.335093,2023-01-01T04:53:02
0.222385,-2.335093,2023-01-01T04:53:03
0.222385,-2.446288,2023-01-01T04:53:04
0.222385,-2.446288,2023-01-01T04:53:05
0.222385,-2.446288,2023-01-01T04:53:06
0.222385,-2.446288,2023-01-01T04:53:07
0.222385,-2.446288,2023-01-01T04:53:08
0.222385,-2.446288,2023-01-01T04:53:09
0.222385,-2.446288,2023-01-01T04:53:10
0.222385,-2.446288,2023-01-01T04:53:11
0.222385,-2.446288,2023-01-01T04:53:12
0.333577,-2.446288,2023-01-01T04:53:13
0.333577,-2.446288,2023-01-01T04:53:14
0.333577,-2.446288,2023-01-01T04:53:15
0.333577,-2.446288,2023-01-01T04:53:16
0.333577,-2.446288,2023-01-01T04:53:17
0.333577,-2.446288,2023-01-01T04:53:18
0.333577,-2.557483,2023-01-01T04:53:19
0.333577,-2.557483,2023-01-01T04:53:20
0.333577,-2.557483,2023-01-01T04:53:21
0.333577,-2.557483,2023-01-01T04:53:22
0.333577,-2.557483,2023-01-01T04:53:23
0.333577,-2.557483,2023-01-01T04:53:24
0.333577,-2.557483,2023-01-01T04:53:25
0.333577,-2.668678,2023-01-01T04:53:26
0.333577,-2.668678,2023-01-01T04:53:27
0.222385,-2.668678,2023-01-01T04:53:28
0.222385,-2.668678,2023-01-01T04:53:29
0.222385,-2.779873,2023-01-01T04:53:30
0.222385,-2.779873,2023-01-01T04:53:31
0.222385,-2.779873,2023-01-01T04:53:32
0.222385,-2.779873,2023-01-01T04:53:33
0.222385,-2.779873,2023-01-01T04:53:34
0.222385,-2.891068,2023-01-01T04:53:35
0.222385,-2.891068,2023-01-01T04:53:36
0.222385,-2.891068,2023-01-01T04:53:37
0.222385,-2.891068,2023-01-01T04:53:38
0.222385,-2.891068,2023-01-01T04:53:39
0.222385,-3.002263,2023-01-01T04:53:40
0.222385,-3.002263,2023-01-01T04:53:41
0.222385,-3.002263,2023-01-01T04:53:42
0.222385,-3.002263,2023-01-01T04:53:43
0.222385,-3.002263,2023-01-01T04:53:44
0.222385,-3.002263,2023-01-01T04:53:45
0.222385,-3.002263,2023-01-01T04:53:46
0.222385,-3.113458,2023-01-01T04:53:47
0.222385,-3.113458,2023-01-01T04:53:48
0.111192,-3.113458,2023-01-01T04:53:49
0.111192,-3.113458,2023-01-01T04:53:50
0.111192,-3.113458,2023-01-01T04:53:51
0.111192,-3.113458,2023-01-01T04:53:52
0.111192,-3.113458,2023-01-01T04:53:53
0.111192,-3.224653,2023-01-01T04:53:54
0.111192,-3.224653,2023-01-01T04:53:55
0.111192,-3.224653,2023-01-01T04:53:56
0.111192,-3.335848,2023-01-01T04:53:57
0.111192,-3.335848,2023-01-01T04:53:58
0.111192,-3.335848,2023-01-01T04:53:59
0.000000,-3.447043,2023-01-01T04:54:00
0.000000,-3.447043,2023-01-01T04:54:01
0.000000,-3.447043,2023-01-01T04:54:02
0.000000,-3.558238,2023-01-01T04:54:03
0.000000,-3.558238,2023-01-01T04:54:04
0.000000,-3.558238,2023-01-01T04:54:05
0.000000,-3.558238,2023-01-01T04:54:06
0.000000,-3.669433,2023-01-01T04:54:07
0.000000,-3.669433,2023-01-01T04:54:08
0.000000,-3.669433,2023-01-01T04:54:09
0.000000,-3.669433,2023-01-01T04:54:10
0.000000,-3.780628,2023-01-01T04:54:11
-0.111192,-3.780628,2023-01-01T04:54:12
-0.111192,-3.780628,2023-01-01T04:54:13
-0.111192,-3.780628,2023-01-01T04:54:14
-0.111192,-3.780628,2023-01-01T04:54:15
-0.111192,-3.780628,2023-01-01T04:54:16
-0.111192,-3.780628,2023-01-01T04:54:17
-0.111192,-3.891822,2023-01-01T04:54:18
-0.111192,-3.891822,2023-01-01T04:54:19
-0.111192,-3.891822,2023-01-01T04:54:20
-0.111192,-3.891822,2023-01-01T04:54:21
-0.111192,-3.891822,2023-01-01T04:54:22
-0.111192,-3.891822,2023-01-01T04:54:23
-0.111192,-4.003017,2023-01-01T04:54:24
-0.222385,-4.003017,2023-01-01T04:54:25
-0.222385,-4.003017,2023-01-01T04:54:26
-0.222385,-4.003017,2023-01-01T04:54:27
-0.222385,-4.114212,2023-01-01T04:54:28
-0.222385,-4.114212,2023-01-01T04:54:29
-0.222385,-4.114212,2023-01-01T04:54:30
-0.222385,-4.114212,2023-01-01T04:54:31
-0.222385,-4.114212,2023-01-01T04:54:32
-0.222385,-4.225407,2023-01-01T04:54:33
-0.333577,-4.225407,2023-01-01T04:54:34
-0.333577,-4.225407,2023-01-01T04:54:35
-0.333577,-4.225407,2023-01-01T04:54:36
-0.333577,-4.225407,2023-01-01T04:54:37
-0.333577,-4.225407,2023-01-01T04:54:38
-0.333577,-4.225407,2023-01-01T04:54:39
-0.333577,-4.336602,2023-01-01T04:54:40
-0.333577,-4.336602,2023-01-01T04:54:41
-0.333577,-4.336602,2023-01-01T04:54:42
-0.333577,-4.336602,2023-01-01T04:54:43
-0.333577,-4.336602,2023-01-01T04:54:44
-0.333577,-4.336602,2023-01-01T04:54:45
-0.333577,-4.336602,2023-01-01T04:54:46
-0.333577,-4.336602,2023-01-01T04:54:47
-0.333577,-4.447797,2023-01-01T04:54:48
-0.333577,-4.447797,2023-01-01T04:54:49
-0.333577,-4.447797,2023-01-01T04:54:50
-0.333577,-4.447797,2023-01-01T04:54:51
-0.333577,-4.447797,2023-01-01T04:54:52
-0.444769,-4.447797,2023-01-01T04:54:53
-0.444769,-4.447797,2023-01-01T04:54:54
-0.444769,-4.558992,2023-01-01T04:54:55
-0.555961,-4.558992,2023-01-01T04:54:56
-0.555961,-4.558992,2023-01-01T04:54:57
-0.555961,-4.670187,2023-01-01T04:54:58
-0.667154,-4.670187,2023-01-01T04:54:59
-0.667154,-4.670187,2023-01-01T04:55:00
-0.778346,-4.670187,2023-01-01T04:55:01
-0.778346,-4.781382,2023-01-01T04:55:02
-0.778346,-4.781382,2023-01-01T04:55:03
-0.889538,-4.781382,2023-01-01T04:55:04
-0.889538,-4.781382,2023-01-01T04:55:05
-1.000731,-4.892577,2023-01-01T04:55:06
-1.000731,-4.892577,2023-01-01T04:55:07
-1.111923,-4.892577,2023-01-01T04:55:08
-1.111923,-4.892577,2023-01-01T04:55:09
-1.111923,-4.892577,2023-01-01T04:55:10
-1.223115,-5.003772,2023-01-01T04:55:11
-1.223115,-5.003772,2023-01-01T04:55:12
-1.334307,-5.003772,2023-01-01T04:55:13
-1.334307,-5.003772,2023-01-01T04:55:14
-1.445500,-5.003772,2023-01-01T04:55:15
-1.445500,-5.003772,2023-01-01T04:55:16
-1.556692,-5.003772,2023-01-01T04:55:17
-1.556692,-5.003772,2023-01-01T04:55:18
-1.667884,-5.114967,2023-01-01T04:55:19
-1.667884,-5.114967,2023-01-01T04:55:20
-1.779077,-5.114967,2023-01-01T04:55:21
-1.779077,-5.114967,2023-01-01T04:55:22
-1.890269,-5.114967,2023-01-01T04:55:23
-1.890269,-5.114967,2023-01-01T04:55:24
-2.001461,-5.226162,2023-01-01T04:55:25
-2.001461,-5.226162,2023-01-01T04:55:26
-2.112653,-5.226162,2023-01-01T04:55:27
-2.223846,-5.226162,2023-01-01T04:55:28
-2.223846,-5.337356,2023-01-01T04:55:29
-2.335038,-5.337356,2023-01-01T04:55:30
-2.335038,-5.337356,2023-01-01T04:55:31
-2.446230,-5.337356,2023-01-01T04:55:32
-2.446230,-5.337356,2023-01-01T04:55:33
-2.557423,-5.448551,2023-01-01T04:55:34
-2.557423,-5.448551,2023-01-01T04:55:35
-2.668615,-5.448551,2023-01-01T04:55:36
-2.779807,-5.448551,2023-01-01T04:55:37
-2.779807,-5.448551,2023-01-01T04:55:38
-2.890999,-5.448551,2023-01-01T04:55:39
-2.890999,-5.559746,2023-01-01T04:55:40
-3.002192,-5.559746,2023-01-01T04:55:41
-3.002192,-5.559746,2023-01-01T04:55:42
-3.113384,-5.559746,2023-01-01T04:55:43
-3.113384,-5.559746,2023-01-01T04:55:44
-3.224576,-5.559746,2023-01-01T04:55:45
-3.335768,-5.559746,2023-01-01T04:55:46
-3.335768,-5.559746,2023-01-01T04:55:47
-3.446961,-5.559746,2023-01-01T04:55:48
-3.446961,-5.559746,2023-01-01T04:55:49
-3.558153,-5.670941,2023-01-01T04:55:50
-3.558153,-5.670941,2023-01-01T04:55:51
-3.669345,-5.670941,2023-01-01T04:55:52
-3.669345,-5.670941,2023-01-01T04:55:53
-3.669345,-5.670941,2023-01-01T04:55:54
-3.669345,-5.670941,2023-01-01T04:55:55
-3.669345,-5.782136,2023-01-01T04:55:56
-3.669345,-5.782136,2023-01-01T04:55:57
-3.780538,-5.782136,2023-01-01T04:55:58
-3.780538,-5.782136,2023-01-01T04:55:59
-3.780538,-5.893331,2023-01-01T04:56:00
-3.780538,-5.893331,2023-01-01T04:56:01
-3.780538,-5.893331,2023-01-01T04:56:02
-3.780538,-5.893331,2023-01-01T04:56:03
-3.780538,-5.893331,2023-01-01T04:56:04
-3.780538,-5.893331,2023-01-01T04:56:05
-3.780538,-6.004526,2023-01-01T04:56:06
-3.891730,-6.004526,2023-01-01T04:56:07
-3.891730,-6.004526,2023-01-01T04:56:08
-3.891730,-6.004526,2023-01-01T04:56:09
-3.891730,-6.004526,2023-01-01T04:56:10
-3.891730,-6.004526,2023-01-01T04:56:11
-3.891730,-6.115721,2023-01-01T04:56:12
-3.891730,-6.115721,2023-01-01T04:56:13
-3.891730,-6.115721,2023-01-01T04:56:14
-3.891730,-6.115721,2023-01-01T04:56:15
-3.891730,-6.115721,2023-01-01T04:56:16
-3.891730,-6.115721,2023-01-01T04:56:17
-3.891730,-6.115721,2023-01-01T04:56:18
-3.891730,-6.226916,2023-01-01T04:56:19
-3.891730,-6.226916,2023-01-01T04:56:20
-3.891730,-6.226916,2023-01-01T04:56:21
-3.891730,-6.226916,2023-01-01T04:56:22
-3.891730,-6.226916,2023-01-01T04:56:23
-3.891730,-6.226916,2023-01-01T04:56:24
-4.002922,-6.338111,2023-01-01T04:56:25
-4.002922,-6.338111,2023-01-01T04:56:26
-4.002922,-6.338111,2023-01-01T04:56:27
-4.002922,-6.338111,2023-01-01T04:56:28
-4.002922,-6.338111,2023-01-01T04:56:29
-4.002922,-6.338111,2023-01-01T04:56:30
-4.002922,-6.449306,2023-01-01T04:56:31
-4.002922,-6.449306,2023-01-01T04:56:32
-4.002922,-6.449306,2023-01-01T04:56:33
-4.114114,-6.449306,2023-01-01T04:56:34
-4.114114,-6.449306,2023-01-01T04:56:35
-4.114114,-6.449306,2023-01-01T04:56:36
-4.114114,-6.560501,2023-01-01T04:56:37
-4.114114,-6.560501,2023-01-01T04:56:38
-4.114114,-6.560501,2023-01-01T04:56:39
-4.225307,-6.560501,2023-01-01T04:56:40
-4.225307,-6.560501,2023-01-01T04:56:41
-4.225307,-6.560501,2023-01-01T04:56:42
-4.225307,-6.560501,2023-01-01T04:56:43
-4.225307,-6.560501,2023-01-01T04:56:44
-4.225307,-6.560501,2023-01-01T04:56:45
-4.336499,-6.671696,2023-01-01T04:56:46
-4.336499,-6.671696,2023-01-01T04:56:47
-4.336499,-6.671696,2023-01-01T04:56:48
-4.336499,-6.671696,2023-01-01T04:56:49
-4.336499,-6.671696,2023-01-01T04:56:50
-4.447691,-6.671696,2023-01-01T04:56:51
-4.447691,-6.671696,2023-01-01T04:56:52
-4.447691,-6.671696,2023-01-01T04:56:53
-4.558884,-6.671696,2023-01-01T04:56:54
-4.558884,-6.782891,2023-01-01T04:56:55
-4.558884,-6.782891,2023-01-01T04:56:56
-4.670076,-6.782891,2023-01-01T04:56:57
-4.670076,-6.782891,2023-01-01T04:56:58
-4.670076,-6.782891,2023-01-01T04:56:59
-4.781268,-6.894085,2023-01-01T04:57:00
-4.781268,-6.894085,2023-01-01T04:57:01
-4.781268,-6.894085,2023-01-01T04:57:02
-4.892460,-6.894085,2023-01-01T04:57:03
-4.892460,-6.894085,2023-01-01T04:57:04
-5.003653,-6.894085,2023-01-01T04:57:05
-5.003653,-6.894085,2023-01-01T04:57:06
-5.003653,-6.894085,2023-01-01T04:57:07
-5.114845,-7.005280,2023-01-01T04:57:08
-5.114845,-7.005280,2023-01-01T04:57:09
-5.114845,-7.005280,2023-01-01T04:57:10
-5.226037,-7.005280,2023-01-01T04:57:11
-5.226037,-7.005280,2023-01-01T04:57:12
-5.226037,-7.005280,2023-01-01T04:57:13
-5.226037,-7.005280,2023-01-01T04:57:14
-5.337230,-7.116475,2023-01-01T04:57:15
-5.337230,-7.116475,2023-01-01T04:57:16
-5.337230,-7.116475,2023-01-01T04:57:17
-5.448422,-7.116475,2023-01-01T04:57:18
-5.448422,-7.116475,2023-01-01T04:57:19
-5.448422,-7.116475,2023-01-01T04:57:20
-5.559614,-7.116475,2023-01-01T04:57:21
-5.559614,-7.227670,2023-01-01T04:57:22
-5.559614,-7.227670,2023-01-01T04:57:23
-5.670806,-7.227670,2023-01-01T04:57:24
-5.670806,-7.227670,2023-01-01T04:57:25
-5.670806,-7.338865,2023-01-01T04:57:26
-5.670806,-7.338865,2023-01-01T04:57:27
-5.781999,-7.338865,2023-01-01T04:57:28
-5.781999,-7.450060,2023-01-01T04:57:29
-5.781999,-7.450060,2023-01-01T04:57:30
-5.781999,-7.450060,2023-01-01T04:57:31
-5.893191,-7.450060,2023-01-01T04:57:32
-5.893191,-7.561255,2023-01-01T04:57:33
-5.893191,-7.561255,2023-01-01T04:57:34
-6.004383,-7.561255,2023-01-01T04:57:35
-6.004383,-7.672450,2023-01-01T04:57:36
-6.004383,-7.672450,2023-01-01T04:57:37
-6.115576,-7.672450,2023-01-01T04:57:38
-6.115576,-7.783645,2023-01-01T04:57:39
-6.115576,-7.783645,2023-01-01T04:57:40
-6.226768,-7.783645,2023-01-01T04:57:41
-6.226768,-7.894840,2023-01-01T04:57:42
-6.226768,-7.894840,2023-01-01T04:57:43
-6.337960,-8.006035,2023-01-01T04:57:44
-6.337960,-8.006035,2023-01-01T04:57:45
-6.449152,-8.006035,2023-01-01T04:57:46
-6.449152,-8.117230,2023-01-01T04:57:47
-6.449152,-8.117230,2023-01-01T04:57:48
-6.560345,-8.228425,2023-01-01T04:57:49
-6.560345,-8.228425,2023-01-01T04:57:50
-6.671537,-8.228425,2023-01-01T04:57:51
-6.671537,-8.339619,2023-01-01T04:57:52
-6.671537,-8.339619,2023-01-01T04:57:53
-6.671537,-8.339619,2023-01-01T04:57:54
-6.671537,-8.339619,2023-01-01T04:57:55
-6.671537,-8.450814,2023-01-01T04:57:56
-6.671537,-8.450814,2023-01-01T04:57:57
-6.782729,-8.450814,2023-01-01T04:57:58
-6.782729,-8.562009,2023-01-01T04:57:59
-6.782729,-8.562009,2023-01-01T04:58:00
-6.782729,-8.562009,2023-01-01T04:58:01
-6.782729,-8.562009,2023-01-01T04:58:02
-6.782729,-8.673204,2023-01-01T04:58:03
-6.782729,-8.673204,2023-01-01T04:58:04
-6.893922,-8.673204,2023-01-01T04:58:05
-6.893922,-8.784399,2023-01-01T04:58:06
-6.893922,-8.784399,2023-01-01T04:58:07
-6.893922,-8.784399,2023-01-01T04:58:08
-6.893922,-8.784399,2023-01-01T04:58:09
-6.893922,-8.895594,2023-01-01T04:58:10
-6.893922,-8.895594,2023-01-01T04:58:11
-7.005114,-8.895594,2023-01-01T04:58:12
-7.005114,-8.895594,2023-01-01T04:58:13
-7.005114,-9.006789,2023-01-01T04:58:14
-7.005114,-9.006789,2023-01-01T04:58:15
-7.005114,-9.006789,2023-01-01T04:58:16
-7.005114,-9.006789,2023-01-01T04:58:17
-7.005114,-9.117984,2023-01-01T04:58:18
-7.116306,-9.117984,2023-01-01T04:58:19
-7.116306,-9.117984,2023-01-01T04:58:20
-7.116306,-9.117984,2023-01-01T04:58:21
-7.116306,-9.229179,2023-01-01T04:58:22
-7.116306,-9.117984,2023-01-01T04:58:23
-7.116306,-9.117984,2023-01-01T04:58:24
-7.116306,-9.117984,2023-01-01T04:58:25
-7.116306,-9.117984,2023-01-01T04:58:26
-7.116306,-9.117984,2023-01-01T04:58:27
-7.116306,-9.117984,2023-01-01T04:58:28
-7.116306,-9.117984,2023-01-01T04:58:29
-7.116306,-9.117984,2023-01-01T04:58:30
-7.116306,-9.117984,2023-01-01T04:58:31
-7.116306,-9.117984,2023-01-01T04:58:32
-7.116306,-9.117984,2023-01-01T04:58:33
-7.116306,-9.117984,2023-01-01T04:58:34
-7.116306,-9.117984,2023-01-01T04:58:35
-7.116306,-9.117984,2023-01-01T04:58:36
-7.116306,-9.117984,2023-01-01T04:58:37
-7.116306,-9.006789,2023-01-01T04:58:38
-7.116306,-9.006789,2023-01-01T04:58:39
-7.116306,-9.006789,2023-01-01T04:58:40
-7.116306,-9.006789,2023-01-01T04:58:41
-7.116306,-9.006789,2023-01-01T04:58:42
-7.116306,-9.006789,2023-01-01T04:58:43
-7.116306,-9.006789,2023-01-01T04:58:44
-7.116306,-9.006789,2023-01-01T04:58:45
-7.116306,-9.006789,2023-01-01T04:58:46
-7.116306,-9.006789,2023-01-01T04:58:47
-7.116306,-9.006789,2023-01-01T04:58:48
-7.116306,-9.006789,2023-01-01T04:58:49
-7.116306,-9.006789,2023-01-01T04:58:50
-7.116306,-9.006789,2023-01-01T04:58:51
-7.116306,-9.006789,2023-01-01T04:58:52
-7.116306,-9.006789,2023-01-01T04:58:53
-7.005114,-9.006789,2023-01-01T04:58:54
-7.005114,-8.895594,2023-01-01T04:58:55
-7.005114,-8.895594,2023-01-01T04:58:56
-7.005114,-8.895594,2023-01-01T04:58:57
-7.005114,-8.895594,2023-01-01T04:58:58
-7.005114,-8.895594,2023-01-01T04:58:59
-7.005114,-8.895594,2023-01-01T04:59:00
-7.005114,-8.895594,2023-01-01T04:59:01
-7.005114,-8.895594,2023-01-01T04:59:02
-7.005114,-8.895594,2023-01-01T04:59:03
-7.005114,-8.895594,2023-01-01T04:59:04
-7.005114,-8.895594,2023-01-01T04:59:05
-6.893922,-8.895594,2023-01-01T04:59:06
-6.893922,-8.895594,2023-01-01T04:59:07
-6.893922,-8.895594,2023-01-01T04:59:08
-6.893922,-8.895594,2023-01-01T04:59:09
-6.893922,-8.895594,2023-01-01T04:59:10
-6.893922,-8.895594,2023-01-01T04:59:11
-6.893922,-8.895594,2023-01-01T04:59:12
-6.893922,-8.895594,2023-01-01T04:59:13
-6.893922,-8.895594,2023-01-01T04:59:14
-6.893922,-8.784399,2023-01-01T04:59:15
-6.893922,-8.784399,2023-01-01T04:59:16
-6.782729,-8.784399,2023-01-01T04:59:17
-6.782729,-8.784399,2023-01-01T04:59:18
-6.782729,-8.784399,2023-01-01T04:59:19
-6.782729,-8.784399,2023-01-01T04:59:20
-6.782729,-8.784399,2023-01-01T04:59:21
-6.782729,-8.784399,2023-01-01T04:59:22
-6.782729,-8.784399,2023-01-01T04:59:23
-6.671537,-8.784399,2023-01-01T04:59:24
-6.671537,-8.784399,2023-01-01T04:59:25
-6.671537,-8.895594,2023-01-01T04:59:26
-6.671537,-8.895594,2023-01-01T04:59:27
-6.671537,-8.895594,2023-01-01T04:59:28
-6.671537,-8.895594,2023-01-01T04:59:29
-6.560345,-8.895594,2023-01-01T04:59:30
-6.560345,-8.895594,2023-01-01T04:59:31
-6.560345,-8.895594,2023-01-01T04:59:32
-6.560345,-8.895594,2023-01-01T04:59:33
-6.560345,-8.895594,2023-01-01T04:59:34
-6.560345,-8.895594,2023-01-01T04:59:35
-6.560345,-8.895594,2023-01-01T04:59:36
-6.449152,-8.895594,2023-01-01T04:59:37
-6.449152,-8.895594,2023-01-01T04:59:38
-6.449152,-8.895594,2023-01-01T04:59:39
-6.449152,-8.895594,2023-01-01T04:59:40
-6.449152,-9.006789,2023-01-01T04:59:41
-6.449152,-9.006789,2023-01-01T04:59:42
-6.449152,-9.006789,2023-01-01T04:59:43
-6.337960,-9.006789,2023-01-01T04:59:44
-6.337960,-9.006789,2023-01-01T04:59:45
-6.337960,-9.006789,2023-01-01T04:59:46
-6.337960,-9.006789,2023-01-01T04:59:47
-6.337960,-9.006789,2023-01-01T04:59:48
-6.337960,-9.006789,2023-01-01T04:59:49
-6.337960,-9.006789,2023-01-01T04:59:50
-6.226768,-9.006789,2023-01-01T04:59:51
-6.226768,-9.006789,2023-01-01T04:59:52
-6.226768,-9.006789,2023-01-01T04:59:53
-6.226768,-9.006789,2023-01-01T04:59:54
-6.337960,-9.006789,2023-01-01T04:59:55
-6.337960,-9.006789,2023-01-01T04:59:56
-6.337960,-9.006789,2023-01-01T04:59:57
-6.337960,-9.006789,2023-01-01T04:59:58
-6.337960,-9.006789,2023-01-01T04:59:59
-6.337960,-9.006789,2023-01-01T05:00:00
-6.337960,-9.006789,2023-01-01T05:00:01
-6.337960,-9.006789,2023-01-01T05:00:02
-6.449152,-9.006789,2023-01-01T05:00:03
-6.449152,-9.006789,2023-01-01T05:00:04
-6.449152,-9.006789,2023-01-01T05:00:05
-6.449152,-8.895594,2023-01-01T05:00:06
-6.449152,-8.895594,2023-01-01T05:00:07
-6.449152,-8.895594,2023-01-01T05:00:08
-6.449152,-8.895594,2023-01-01T05:00:09
-6.449152,-8.895594,2023-01-01T05:00:10
-6.449152,-8.895594,2023-01-01T05:00:11
-6.449152,-8.895594,2023-01-01T05:00:12
-6.449152,-8.895594,2023-01-01T05:00:13
-6.560345,-8.895594,2023-01-01T05:00:14
-6.560345,-8.895594,2023-01-01T05:00:15
-6.560345,-8.784399,2023-01-01T05:00:16
-6.560345,-8.784399,2023-01-01T05:00:17
-6.560345,-8.784399,2023-01-01T05:00:18
-6.560345,-8.784399,2023-01-01T05:00:19
-6.560345,-8.784399,2023-01-01T05:00:20
-6.560345,-8.784399,2023-01-01T05:00:21
-6.560345,-8.784399,2023-01-01T05:00:22
-6.560345,-8.784399,2023-01-01T05:00:23
-6.671537,-8.673204,2023-01-01T05:00:24
-6.671537,-8.673204,2023-01-01T05:00:25
-6.671537,-8.673204,2023-01-01T05:00:26
-6.671537,-8.673204,2023-01-01T05:00:27
-6.782729,-8.673204,2023-01-01T05:00:28
-6.782729,-8.673204,2023-01-01T05:00:29
-6.782729,-8.562009,2023-01-01T05:00:30
-6.782729,-8.562009,2023-01-01T05:00:31
-6.893922,-8.562009,2023-01-01T05:00:32
-6.893922,-8.562009,2023-01-01T05:00:33
-6.893922,-8.562009,2023-01-01T05:00:34
-6.893922,-8.562009,2023-01-01T05:00:35
-7.005114,-8.450814,2023-01-01T05:00:36
-7.005114,-8.450814,2023-01-01T05:00:37
-7.005114,-8.450814,2023-01-01T05:00:38
-7.005114,-8.450814,2023-01-01T05:00:39
-7.005114,-8.450814,2023-01-01T05:00:40
-7.005114,-8.450814,2023-01-01T05:00:41
-7.116306,-8.339619,2023-01-01T05:00:42
-7.116306,-8.339619,2023-01-01T05:00:43
-7.116306,-8.339619,2023-01-01T05:00:44
-7.116306,-8.339619,2023-01-01T05:00:45
-7.116306,-8.339619,2023-01-01T05:00:46
-7.116306,-8.228425,2023-01-01T05:00:47
-7.227498,-8.228425,2023-01-01T05:00:48
-7.227498,-8.228425,2023-01-01T05:00:49
-7.227498,-8.228425,2023-01-01T05:00:50
-7.227498,-8.228425,2023-01-01T05:00:51
-7.227498,-8.228425,2023-01-01T05:00:52
-7.227498,-8.117230,2023-01-01T05:00:53
-7.227498,-8.117230,2023-01-01T05:00:54
-7.338691,-8.117230,2023-01-01T05:00:55
-7.338691,-8.117230,2023-01-01T05:00:56
-7.338691,-8.117230,2023-01-01T05:00:57
-7.338691,-8.006035,2023-01-01T05:00:58
-7.338691,-8.006035,2023-01-01T05:00:59
-7.449883,-8.006035,2023-01-01T05:01:00
-7.449883,-8.006035,2023-01-01T05:01:01
-7.449883,-8.006035,2023-01-01T05:01:02
-7.449883,-8.006035,2023-01-01T05:01:03
-7.449883,-7.894840,2023-01-01T05:01:04
-7.449883,-7.894840,2023-01-01T05:01:05
-7.561075,-7.894840,2023-01-01T05:01:06
-7.561075,-7.894840,2023-01-01T05:01:07
-7.561075,-7.894840,2023-01-01T05:01:08
-7.561075,-7.783645,2023-01-01T05:01:09
-7.561075,-7.783645,2023-01-01T05:01:10
-7.561075,-7.783645,2023-01-01T05:01:11
-7.561075,-7.783645,2023-01-01T05:01:12
-7.672268,-7.783645,2023-01-01T05:01:13
-7.672268,-7.783645,2023-01-01T05:01:14
-7.672268,-7.672450,2023-01-01T05:01:15
-7.672268,-7.672450,2023-01-01T05:01:16
-7.672268,-7.672450,2023-01-01T05:01:17
-7.672268,-7.672450,2023-01-01T05:01:18
-7.672268,-7.672450,2023-01-01T05:01:19
-7.672268,-7.561255,2023-01-01T05:01:20
-7.783460,-7.561255,2023-01-01T05:01:21
-7.783460,-7.561255,2023-01-01T05:01:22
-7.783460,-7.561255,2023-01-01T05:01:23
-7.783460,-7.561255,2023-01-01T05:01:24
-7.894652,-7.561255,2023-01-01T05:01:25
-7.894652,-7.450060,2023-01-01T05:01:26
-7.894652,-7.450060,2023-01-01T05:01:27
-7.894652,-7.450060,2023-01-01T05:01:28
-8.005844,-7.450060,2023-01-01T05:01:29
-8.005844,-7.450060,2023-01-01T05:01:30
-8.005844,-7.450060,2023-01-01T05:01:31
-8.005844,-7.450060,2023-01-01T05:01:32
-8.117037,-7.338865,2023-01-01T05:01:33
-8.117037,-7.338865,2023-01-01T05:01:34
-8.117037,-7.338865,2023-01-01T05:01:35
-8.117037,-7.338865,2023-01-01T05:01:36
-8.228229,-7.338865,2023-01-01T05:01:37
-8.228229,-7.338865,2023-01-01T05:01:38
-8.228229,-7.338865,2023-01-01T05:01:39
-8.228229,-7.227670,2023-01-01T05:01:40
-8.228229,-7.227670,2023-01-01T05:01:41
-8.339421,-7.227670,2023-01-01T05:01:42
-8.339421,-7.227670,2023-01-01T05:01:43
-8.339421,-7.227670,2023-01-01T05:01:44
-8.339421,-7.227670,2023-01-01T05:01:45
-8.339421,-7.116475,2023-01-01T05:01:46
-8.450614,-7.116475,2023-01-01T05:01:47
-8.450614,-7.116475,2023-01-01T05:01:48
-8.450614,-7.116475,2023-01-01T05:01:49
-8.450614,-7.116475,2023-01-01T05:01:50
-8.450614,-7.116475,2023-01-01T05:01:51
-8.450614,-7.116475,2023-01-01T05:01:52
-8.561806,-7.005280,2023-01-01T05:01:53
-8.561806,-7.005280,2023-01-01T05:01:54
-8.672998,-7.005280,2023-01-01T05:01:55
-8.672998,-7.005280,2023-01-01T05:01:56
-8.672998,-7.005280,2023-01-01T05:01:57
-8.672998,-7.005280,2023-01-01T05:01:58
-8.784190,-7.005280,2023-01-01T05:01:59
-8.784190,-6.894085,2023-01-01T05:02:00
-8.784190,-6.894085,2023-01-01T05:02:01
-8.895383,-6.894085,2023-01-01T05:02:02
-8.895383,-6.894085,2023-01-01T05:02:03
-8.895383,-6.894085,2023-01-01T05:02:04
-9.006575,-6.894085,2023-01-01T05:02:05
-9.006575,-6.782891,2023-01-01T05:02:06
-9.006575,-6.782891,2023-01-01T05:02:07
-9.117767,-6.782891,2023-01-01T05:02:08
-9.117767,-6.782891,2023-01-01T05:02:09
-9.117767,-6.782891,2023-01-01T05:02:10
-9.228959,-6.782891,2023-01-01T05:02:11
-9.228959,-6.782891,2023-01-01T05:02:12
-9.228959,-6.671696,2023-01-01T05:02:13
-9.228959,-6.671696,2023-01-01T05:02:14
-9.340152,-6.671696,2023-01-01T05:02:15
-9.340152,-6.671696,2023-01-01T05:02:16
-9.340152,-6.671696,2023-01-01T05:02:17
-9.451344,-6.560501,2023-01-01T05:02:18
-9.451344,-6.560501,2023-01-01T05:02:19
-9.451344,-6.560501,2023-01-01T05:02:20
-9.562536,-6.560501,2023-01-01T05:02:21
-9.562536,-6.560501,2023-01-01T05:02:22
-9.673729,-6.449306,2023-01-01T05:02:23
-9.673729,-6.449306,2023-01-01T05:02:24
-9.784921,-6.449306,2023-01-01T05:02:25
-9.784921,-6.449306,2023-01-01T05:02:26
-9.896113,-6.338111,2023-01-01T05:02:27
-9.896113,-6.338111,2023-01-01T05:02:28
-10.007305,-6.338111,2023-01-01T05:02:29
-10.007305,-6.338111,2023-01-01T05:02:30
-10.118498,-6.226916,2023-01-01T05:02:31
-10.118498,-6.226916,2023-01-01T05:02:32
-10.229690,-6.226916,2023-01-01T05:02:33
-10.340882,-6.226916,2023-01-01T05:02:34
-10.340882,-6.115721,2023-01-01T05:02:35
-10.452075,-6.115721,2023-01-01T05:02:36
-10.452075,-6.115721,2023-01-01T05:02:37
-10.563267,-6.115721,2023-01-01T05:02:38
-10.563267,-6.004526,2023-01-01T05:02:39
-10.674459,-6.004526,2023-01-01T05:02:40
-10.674459,-6.004526,2023-01-01T05:02:41
-10.785651,-6.004526,2023-01-01T05:02:42
-10.785651,-5.893331,2023-01-01T05:02:43
-10.785651,-5.893331,2023-01-01T05:02:44
-10.896844,-5.893331,2023-01-01T05:02:45
-10.896844,-5.893331,2023-01-01T05:02:46
-11.008036,-5.782136,2023-01-01T05:02:47
-11.008036,-5.782136,2023-01-01T05:02:48
-11.008036,-5.782136,2023-01-01T05:02:49
-11.119228,-5.782136,2023-01-01T05:02:50
-11.119228,-5.670941,2023-01-01T05:02:51
-11.230421,-5.670941,2023-01-01T05:02:52
-11.230421,-5.670941,2023-01-01T05:02:53
-11.230421,-5.670941,2023-01-01T05:02:54
-11.341613,-5.670941,2023-01-01T05:02:55
-11.341613,-5.670941,2023-01-01T05:02:56
-11.341613,-5.670941,2023-01-01T05:02:57
-11.341613,-5.670941,2023-01-01T05:02:58
-11.452805,-5.670941,2023-01-01T05:02:59
-11.452805,-5.670941,2023-01-01T05:03:00
-11.452805,-5.670941,2023-01-01T05:03:01
-11.563997,-5.670941,2023-01-01T05:03:02
-11.563997,-5.670941,2023-01-01T05:03:03
-11.563997,-5.670941,2023-01-01T05:03:04
-11.563997,-5.670941,2023-01-01T05:03:05
-11.675190,-5.670941,2023-01-01T05:03:06
-11.675190,-5.670941,2023-01-01T05:03:07
-11.675190,-5.670941,2023-01-01T05:03:08
-11.675190,-5.670941,2023-01-01T05:03:09
-11.786382,-5.670941,2023-01-01T05:03:10
-11.786382,-5.670941,2023-01-01T05:03:11
-11.786382,-5.559746,2023-01-01T05:03:12
-11.897574,-5.559746,2023-01-01T05:03:13
-11.897574,-5.559746,2023-01-01T05:03:14
-11.897574,-5.559746,2023-01-01T05:03:15
-11.897574,-5.559746,2023-01-01T05:03:16
-12.008767,-5.559746,2023-01-01T05:03:17
-12.008767,-5.559746,2023-01-01T05:03:18
-12.008767,-5.559746,2023-01-01T05:03:19
-12.008767,-5.559746,2023-01-01T05:03:20
-12.119959,-5.559746,2023-01-01T05:03:21
-12.119959,-5.559746,2023-01-01T05:03:22
-12.119959,-5.559746,2023-01-01T05:03:23
-12.119959,-5.559746,2023-01-01T05:03:24
-12.119959,-5.559746,2023-01-01T05:03:25
-12.231151,-5.559746,2023-01-01T05:03:26
-12.231151,-5.670941,2023-01-01T05:03:27
-12.231151,-5.670941,2023-01-01T05:03:28
-12.231151,-5.670941,2023-01-01T05:03:29
-12.342343,-5.670941,2023-01-01T05:03:30
-12.342343,-5.670941,2023-01-01T05:03:31
-12.342343,-5.670941,2023-01-01T05:03:32
-12.342343,-5.670941,2023-01-01T05:03:33
-12.453536,-5.670941,2023-01-01T05:03:34
-12.453536,-5.670941,2023-01-01T05:03:35
-12.453536,-5.670941,2023-01-01T05:03:36
-12.453536,-5.670941,2023-01-01T05:03:37
-12.564728,-5.782136,2023-01-01T05:03:38
-12.564728,-5.782136,2023-01-01T05:03:39
-12.564728,-5.782136,2023-01-01T05:03:40
-12.564728,-5.782136,2023-01-01T05:03:41
-12.564728,-5.782136,2023-01-01T05:03:42
-12.675920,-5.782136,2023-01-01T05:03:43
-12.675920,-5.782136,2023-01-01T05:03:44
-12.675920,-5.782136,2023-01-01T05:03:45
-12.787113,-5.782136,2023-01-01T05:03:46
-12.787113,-5.782136,2023-01-01T05:03:47
-12.787113,-5.893331,2023-01-01T05:03:48
-12.787113,-5.893331,2023-01-01T05:03:49
-12.898305,-5.893331,2023-01-01T05:03:50
-12.898305,-5.893331,2023-01-01T05:03:51
-12.898305,-5.893331,2023-01-01T05:03:52
-13.009497,-5.893331,2023-01-01T05:03:53
-13.009497,-5.893331,2023-01-01T05:03:54
-13.009497,-5.893331,2023-01-01T05:03:55
-13.120689,-5.893331,2023-01-01T05:03:56
-13.120689,-5.893331,2023-01-01T05:03:57
-13.120689,-5.893331,2023-01-01T05:03:58
-13.231882,-5.893331,2023-01-01T05:03:59
-13.231882,-5.893331,2023-01-01T05:04:00
-13.231882,-5.893331,2023-01-01T05:04:01
-13.343074,-5.893331,2023-01-01T05:04:02
-13.343074,-5.893331,2023-01-01T05:04:03
-13.343074,-5.893331,2023-01-01T05:04:04
-13.454266,-5.893331,2023-01-01T05:04:05
-13.454266,-5.893331,2023-01-01T05:04:06
-13.454266,-5.893331,2023-01-01T05:04:07
-13.565459,-5.893331,2023-01-01T05:04:08
-13.565459,-5.893331,2023-01-01T05:04:09
-13.565459,-5.893331,2023-01-01T05:04:10
-13.565459,-5.893331,2023-01-01T05:04:11
-13.676651,-5.893331,2023-01-01T05:04:12
-13.676651,-5.893331,2023-01-01T05:04:13
-13.676651,-5.893331,2023-01-01T05:04:14
-13.676651,-5.893331,2023-01-01T05:04:15
-13.787843,-5.893331,2023-01-01T05:04:16
-13.787843,-5.893331,2023-01-01T05:04:17
-13.787843,-5.893331,2023-01-01T05:04:18
-13.787843,-5.893331,2023-01-01T05:04:19
-13.899035,-5.893331,2023-01-01T05:04:20
-13.899035,-5.893331,2023-01-01T05:04:21
-13.899035,-5.893331,2023-01-01T05:04:22
-13.899035,-5.893331,2023-01-01T05:04:23
-13.899035,-6.004526,2023-01-01T05:04:24
-13.899035,-6.004526,2023-01-01T05:04:25
-13.899035,-6.004526,2023-01-01T05:04:26
-14.010228,-6.004526,2023-01-01T05:04:27
-14.010228,-6.004526,2023-01-01T05:04:28
-14.010228,-6.115721,2023-01-01T05:04:29
-14.010228,-6.115721,2023-01-01T05:04:30
-14.010228,-6.115721,2023-01-01T05:04:31
-14.010228,-6.115721,2023-01-01T05:04:32
-14.010228,-6.115721,2023-01-01T05:04:33
-14.010228,-6.115721,2023-01-01T05:04:34
-14.121420,-6.115721,2023-01-01T05:04:35
-14.121420,-6.226916,2023-01-01T05:04:36
-14.121420,-6.226916,2023-01-01T05:04:37
-14.121420,-6.226916,2023-01-01T05:04:38
-14.121420,-6.226916,2023-01-01T05:04:39
-14.121420,-6.226916,2023-01-01T05:04:40
-14.121420,-6.226916,2023-01-01T05:04:41
-14.121420,-6.226916,2023-01-01T05:04:42
-14.121420,-6.338111,2023-01-01T05:04:43
-14.232612,-6.338111,2023-01-01T05:04:44
-14.232612,-6.338111,2023-01-01T05:04:45
-14.232612,-6.338111,2023-01-01T05:04:46
-14.232612,-6.338111,2023-01-01T05:04:47
-14.232612,-6.338111,2023-01-01T05:04:48
-14.232612,-6.449306,2023-01-01T05:04:49
-14.232612,-6.449306,2023-01-01T05:04:50
-14.232612,-6.449306,2023-01-01T05:04:51
-14.232612,-6.449306,2023-01-01T05:04:52
-14.343805,-6.449306,2023-01-01T05:04:53
-14.343805,-6.449306,2023-01-01T05:04:54
-14.343805,-6.449306,2023-01-01T05:04:55
-14.343805,-6.449306,2023-01-01T05:04:56
-14.343805,-6.449306,2023-01-01T05:04:57
-14.343805,-6.449306,2023-01-01T05:04:58
-14.454997,-6.449306,2023-01-01T05:04:59
-14.454997,-6.449306,2023-01-01T05:05:00
-14.454997,-6.449306,2023-01-01T05:05:01
-14.454997,-6.449306,2023-01-01T05:05:02
-14.454997,-6.449306,2023-01-01T05:05:03
-14.454997,-6.449306,2023-01-01T05:05:04
-14.454997,-6.449306,2023-01-01T05:05:05
-14.566189,-6.449306,2023-01-01T05:05:06
-14.566189,-6.449306,2023-01-01T05:05:07
-14.566189,-6.449306,2023-01-01T05:05:08
-14.566189,-6.449306,2023-01-01T05:05:09
-14.566189,-6.560501,2023-01-01T05:05:10
-14.566189,-6.560501,2023-01-01T05:05:11
-14.566189,-6.560501,2023-01-01T05:05:12
-14.677381,-6.560501,2023-01-01T05:05:13
-14.677381,-6.560501,2023-01-01T05:05:14
-14.677381,-6.560501,2023-01-01T05:05:15
-14.677381,-6.560501,2023-01-01T05:05:16
-14.677381,-6.560501,2023-01-01T05:05:17
-14.677381,-6.560501,2023-01-01T05:05:18
-14.677381,-6.560501,2023-01-01T05:05:19
-14.677381,-6.560501,2023-01-01T05:05:20
-14.677381,-6.560501,2023-01-01T05:05:21
-14.677381,-6.560501,2023-01-01T05:05:22
-14.677381,-6.560501,2023-01-01T05:05:23
-14.788574,-6.560501,2023-01-01T05:05:24
-14.788574,-6.560501,2023-01-01T05:05:25
-14.788574,-6.560501,2023-01-01T05:05:26
-14.788574,-6.560501,2023-01-01T05:05:27
-14.788574,-6.560501,2023-01-01T05:05:28
-14.788574,-6.560501,2023-01-01T05:05:29
-14.788574,-6.560501,2023-01-01T05:05:30
-14.788574,-6.560501,2023-01-01T05:05:31
-14.788574,-6.671696,2023-01-01T05:05:32
-14.788574,-6.671696,2023-01-01T05:05:33
-14.788574,-6.671696,2023-01-01T05:05:34
-14.788574,-6.671696,2023-01-01T05:05:35
-14.788574,-6.671696,2023-01-01T05:05:36
-14.788574,-6.671696,2023-01-01T05:05:37
-14.788574,-6.671696,2023-01-01T05:05:38
-14.788574,-6.671696,2023-01-01T05:05:39
-14.899766,-6.671696,2023-01-01T05:05:40
-14.899766,-6.671696,2023-01-01T05:05:41
-14.899766,-6.671696,2023-01-01T05:05:42
-14.899766,-6.671696,2023-01-01T05:05:43
-14.899766,-6.671696,2023-01-01T05:05:44
-14.899766,-6.671696,2023-01-01T05:05:45
-14.899766,-6.671696,2023-01-01T05:05:46
-14.899766,-6.671696,2023-01-01T05:05:47
-14.899766,-6.671696,2023-01-01T05:05:48
-14.899766,-6.671696,2023-01-01T05:05:49
-14.899766,-6.671696,2023-01-01T05:05:50
-14.899766,-6.671696,2023-01-01T05:05:51
-14.899766,-6.782891,2023-01-01T05:05:52
-14.899766,-6.782891,2023-01-01T05:05:53
-14.899766,-6.782891,2023-01-01T05:05:54
-14.899766,-6.782891,2023-01-01T05:05:55
-14.899766,-6.782891,2023-01-01T05:05:56
-14.899766,-6.782891,2023-01-01T05:05:57
-14.899766,-6.782891,2023-01-01T05:05:58
-14.899766,-6.782891,2023-01-01T05:05:59
-14.899766,-6.782891,2023-01-01T05:06:00
-14.899766,-6.782891,2023-01-01T05:06:01
-14.788574,-6.782891,2023-01-01T05:06:02
-14.788574,-6.782891,2023-01-01T05:06:03
-14.788574,-6.782891,2023-01-01T05:06:04
-14.788574,-6.782891,2023-01-01T05:06:05
-14.788574,-6.782891,2023-01-01T05:06:06
-14.788574,-6.894085,2023-01-01T05:06:07
-14.788574,-6.894085,2023-01-01T05:06:08
-14.788574,-6.894085,2023-01-01T05:06:09
-14.788574,-6.894085,2023-01-01T05:06:10
-14.788574,-6.894085,2023-01-01T05:06:11
-14.788574,-6.894085,2023-01-01T05:06:12
-14.788574,-6.894085,2023-01-01T05:06:13
-14.788574,-6.894085,2023-01-01T05:06:14
-14.788574,-6.894085,2023-01-01T05:06:15
-14.677381,-6.894085,2023-01-01T05:06:16
-14.677381,-6.782891,2023-01-01T05:06:17
-14.566189,-6.782891,2023-01-01T05:06:18
-14.566189,-6.782891,2023-01-01T05:06:19
-14.454997,-6.782891,2023-01-01T05:06:20
-14.454997,-6.671696,2023-01-01T05:06:21
-14.343805,-6.671696,2023-01-01T05:06:22
-14.232612,-6.560501,2023-01-01T05:06:23
-14.121420,-6.560501,2023-01-01T05:06:24
-14.121420,-6.449306,2023-01-01T05:06:25
-14.010228,-6.449306,2023-01-01T05:06:26
-13.899035,-6.338111,2023-01-01T05:06:27
-13.787843,-6.338111,2023-01-01T05:06:28
-13.676651,-6.226916,2023-01-01T05:06:29
-13.676651,-6.226916,2023-01-01T05:06:30
-13.565459,-6.226916,2023-01-01T05:06:31
-13.454266,-6.115721,2023-01-01T05:06:32
-13.343074,-6.115721,2023-01-01T05:06:33
-13.343074,-6.004526,2023-01-01T05:06:34
-13.231882,-6.004526,2023-01-01T05:06:35
-13.120689,-5.893331,2023-01-01T05:06:36
-13.120689,-5.893331,2023-01-01T05:06:37
-13.009497,-5.893331,2023-01-01T05:06:38
-12.898305,-5.782136,2023-01-01T05:06:39
-12.898305,-5.782136,2023-01-01T05:06:40
-12.787113,-5.670941,2023-01-01T05:06:41
-12.787113,-5.670941,2023-01-01T05:06:42
-12.675920,-5.670941,2023-01-01T05:06:43
-12.675920,-5.670941,2023-01-01T05:06:44
-12.675920,-5.670941,2023-01-01T05:06:45
-12.675920,-5.559746,2023-01-01T05:06:46
-12.564728,-5.559746,2023-01-01T05:06:47
-12.564728,-5.559746,2023-01-01T05:06:48
-12.564728,-5.559746,2023-01-01T05:06:49
-12.564728,-5.559746,2023-01-01T05:06:50
-12.564728,-5.559746,2023-01-01T05:06:51
-12.675920,-5.670941,2023-01-01T05:06:52
-12.787113,-5.670941,2023-01-01T05:06:53
-12.898305,-5.782136,2023-01-01T05:06:54
-13.009497,-5.893331,2023-01-01T05:06:55
-13.120689,-5.893331,2023-01-01T05:06:56
-13.231882,-6.004526,2023-01-01T05:06:57
-13.343074,-6.004526,2023-01-01T05:06:58
-13.565459,-6.115721,2023-01-01T05:06:59
-13.676651,-6.115721,2023-01-01T05:07:00
-13.787843,-6.226916,2023-01-01T05:07:01
-13.899035,-6.338111,2023-01-01T05:07:02
-14.010228,-6.338111,2023-01-01T05:07:03
-14.121420,-6.449306,2023-01-01T05:07:04
-14.232612,-6.560501,2023-01-01T05:07:05
-14.454997,-6.560501,2023-01-01T05:07:06
-14.566189,-6.671696,2023-01-01T05:07:07
-14.677381,-6.782891,2023-01-01T05:07:08
-14.899766,-6.894085,2023-01-01T05:07:09
-15.010958,-6.894085,2023-01-01T05:07:10
-15.233343,-7.005280,2023-01-01T05:07:11
-15.344535,-7.116475,2023-01-01T05:07:12
-15.566920,-7.227670,2023-01-01T05:07:13
-15.678112,-7.338865,2023-01-01T05:07:14
-15.900496,-7.450060,2023-01-01T05:07:15
-16.122881,-7.561255,2023-01-01T05:07:16
-16.234073,-7.672450,2023-01-01T05:07:17
-16.456458,-7.783645,2023-01-01T05:07:18
-16.567650,-7.894840,2023-01-01T05:07:19
-16.790035,-7.894840,2023-01-01T05:07:20
-16.901227,-8.006035,2023-01-01T05:07:21
-16.901227,-8.006035,2023-01-01T05:07:22
-16.901227,-8.006035,2023-01-01T05:07:23
-17.012419,-8.006035,2023-01-01T05:07:24
-17.012419,-8.006035,2023-01-01T05:07:25
-17.012419,-8.006035,2023-01-01T05:07:26
-17.123612,-8.006035,2023-01-01T05:07:27
-17.123612,-8.117230,2023-01-01T05:07:28
-17.234804,-8.117230,2023-01-01T05:07:29
-17.234804,-8.117230,2023-01-01T05:07:30
-17.345996,-8.117230,2023-01-01T05:07:31
-17.345996,-8.228425,2023-01-01T05:07:32
-17.457188,-8.228425,2023-01-01T05:07:33
-17.568381,-8.228425,2023-01-01T05:07:34
-17.679573,-8.339619,2023-01-01T05:07:35
-17.679573,-8.339619,2023-01-01T05:07:36
-17.790765,-8.339619,2023-01-01T05:07:37
-17.901958,-8.450814,2023-01-01T05:07:38
-17.901958,-8.450814,2023-01-01T05:07:39
-18.013150,-8.562009,2023-01-01T05:07:40
-18.124342,-8.562009,2023-01-01T05:07:41
-18.235534,-8.562009,2023-01-01T05:07:42
-18.235534,-8.673204,2023-01-01T05:07:43
-18.346727,-8.673204,2023-01-01T05:07:44
-18.457919,-8.673204,2023-01-01T05:07:45
-18.457919,-8.784399,2023-01-01T05:07:46
-18.569111,-8.784399,2023-01-01T05:07:47
-18.680304,-8.784399,2023-01-01T05:07:48
-18.680304,-8.895594,2023-01-01T05:07:49
-18.791496,-8.895594,2023-01-01T05:07:50
-18.791496,-8.895594,2023-01-01T05:07:51
-18.791496,-8.895594,2023-01-01T05:07:52
-18.680304,-8.784399,2023-01-01T05:07:53
-18.569111,-8.784399,2023-01-01T05:07:54
-18.569111,-8.784399,2023-01-01T05:07:55
-18.457919,-8.673204,2023-01-01T05:07:56
-18.346727,-8.673204,2023-01-01T05:07:57
-18.346727,-8.562009,2023-01-01T05:07:58
-18.235534,-8.562009,2023-01-01T05:07:59
-18.124342,-8.562009,2023-01-01T05:08:00
-18.124342,-8.450814,2023-01-01T05:08:01
-18.013150,-8.450814,2023-01-01T05:08:02
-18.013150,-8.450814,2023-01-01T05:08:03
-17.901958,-8.339619,2023-01-01T05:08:04
-17.901958,-8.339619,2023-01-01T05:08:05
-17.790765,-8.339619,2023-01-01T05:08:06
-17.790765,-8.228425,2023-01-01T05:08:07
-17.679573,-8.228425,2023-01-01T05:08:08
-17.679573,-8.228425,2023-01-01T05:08:09
-17.568381,-8.117230,2023-01-01T05:08:10
-17.568381,-8.117230,2023-01-01T05:08:11
-17.568381,-8.117230,2023-01-01T05:08:12
-17.457188,-8.117230,2023-01-01T05:08:13
-17.457188,-8.006035,2023-01-01T05:08:14
-17.345996,-8.006035,2023-01-01T05:08:15
-17.345996,-8.006035,2023-01-01T05:08:16
-17.345996,-8.006035,2023-01-01T05:08:17
-17.234804,-8.006035,2023-01-01T05:08:18
-17.234804,-7.894840,2023-01-01T05:08:19
-17.123612,-7.894840,2023-01-01T05:08:20
-17.123612,-7.894840,2023-01-01T05:08:21
-17.123612,-7.894840,2023-01-01T05:08:22
-17.012419,-7.894840,2023-01-01T05:08:23
-17.012419,-7.894840,2023-01-01T05:08:24
-17.012419,-7.894840,2023-01-01T05:08:25
-16.901227,-7.894840,2023-01-01T05:08:26
-16.901227,-7.783645,2023-01-01T05:08:27
-16.790035,-7.783645,2023-01-01T05:08:28
-16.790035,-7.783645,2023-01-01T05:08:29
-16.790035,-7.783645,2023-01-01T05:08:30
-16.678842,-7.783645,2023-01-01T05:08:31
-16.678842,-7.783645,2023-01-01T05:08:32
-16.678842,-7.783645,2023-01-01T05:08:33
-16.678842,-7.783645,2023-01-01T05:08:34
-16.567650,-7.783645,2023-01-01T05:08:35
-16.567650,-7.783645,2023-01-01T05:08:36
-16.567650,-7.783645,2023-01-01T05:08:37
-16.567650,-7.783645,2023-01-01T05:08:38
-16.456458,-7.783645,2023-01-01T05:08:39
-16.456458,-7.783645,2023-01-01T05:08:40
-16.456458,-7.783645,2023-01-01T05:08:41
-16.456458,-7.783645,2023-01-01T05:08:42
-16.345266,-7.672450,2023-01-01T05:08:43
-16.345266,-7.672450,2023-01-01T05:08:44
-16.345266,-7.672450,2023-01-01T05:08:45
-16.345266,-7.672450,2023-01-01T05:08:46
-16.345266,-7.672450,2023-01-01T05:08:47
-16.234073,-7.672450,2023-01-01T05:08:48
-16.234073,-7.672450,2023-01-01T05:08:49
-16.234073,-7.672450,2023-01-01T05:08:50
-16.234073,-7.672450,2023-01-01T05:08:51
-16.234073,-7.672450,2023-01-01T05:08:52
-16.234073,-7.672450,2023-01-01T05:08:53
-16.122881,-7.672450,2023-01-01T05:08:54
-16.122881,-7.672450,2023-01-01T05:08:55
-16.122881,-7.672450,2023-01-01T05:08:56
-16.122881,-7.672450,2023-01-01T05:08:57
-16.122881,-7.672450,2023-01-01T05:08:58
-16.122881,-7.672450,2023-01-01T05:08:59
-16.122881,-7.672450,2023-01-01T05:09:00
-16.122881,-7.561255,2023-01-01T05:09:01
-16.122881,-7.561255,2023-01-01T05:09:02
-16.122881,-7.561255,2023-01-01T05:09:03
-16.011689,-7.561255,2023-01-01T05:09:04
-16.011689,-7.561255,2023-01-01T05:09:05
-16.011689,-7.561255,2023-01-01T05:09:06
-16.011689,-7.561255,2023-01-01T05:09:07
-16.011689,-7.561255,2023-01-01T05:09:08
-16.011689,-7.561255,2023-01-01T05:09:09
-16.011689,-7.561255,2023-01-01T05:09:10
-16.011689,-7.561255,2023-01-01T05:09:11
-16.011689,-7.561255,2023-01-01T05:09:12
-16.011689,-7.561255,2023-01-01T05:09:13
-16.011689,-7.561255,2023-01-01T05:09:14
-16.011689,-7.561255,2023-01-01T05:09:15
-16.011689,-7.561255,2023-01-01T05:09:16
-16.011689,-7.561255,2023-01-01T05:09:17
-16.011689,-7.561255,2023-01-01T05:09:18
-16.011689,-7.561255,2023-01-01T05:09:19
-16.011689,-7.561255,2023-01-01T05:09:20
-16.011689,-7.561255,2023-01-01T05:09:21
-16.011689,-7.561255,2023-01-01T05:09:22
-16.011689,-7.561255,2023-01-01T05:09:23
-16.011689,-7.561255,2023-01-01T05:09:24
-16.011689,-7.561255,2023-01-01T05:09:25
-16.011689,-7.561255,2023-01-01T05:09:26
-16.011689,-7.561255,2023-01-01T05:09:27
-16.011689,-7.561255,2023-01-01T05:09:28
-15.900496,-7.561255,2023-01-01T05:09:29
-15.900496,-7.561255,2023-01-01T05:09:30
-15.900496,-7.561255,2023-01-01T05:09:31
-15.900496,-7.561255,2023-01-01T05:09:32
-15.900496,-7.561255,2023-01-01T05:09:33
-15.900496,-7.561255,2023-01-01T05:09:34
-15.900496,-7.561255,2023-01-01T05:09:35
-15.900496,-7.561255,2023-01-01T05:09:36
-15.900496,-7.561255,2023-01-01T05:09:37
-15.900496,-7.672450,2023-01-01T05:09:38
-15.900496,-7.672450,2023-01-01T05:09:39
-15.900496,-7.672450,2023-01-01T05:09:40
-15.789304,-7.672450,2023-01-01T05:09:41
-15.789304,-7.672450,2023-01-01T05:09:42
-15.789304,-7.783645,2023-01-01T05:09:43
-15.789304,-7.783645,2023-01-01T05:09:44
-15.789304,-7.783645,2023-01-01T05:09:45
-15.789304,-7.783645,2023-01-01T05:09:46
-15.678112,-7.783645,2023-01-01T05:09:47
-15.678112,-7.783645,2023-01-01T05:09:48
-15.678112,-7.894840,2023-01-01T05:09:49
-15.678112,-7.894840,2023-01-01T05:09:50
-15.678112,-7.894840,2023-01-01T05:09:51
-15.566920,-7.894840,2023-01-01T05:09:52
-15.566920,-8.006035,2023-01-01T05:09:53
-15.566920,-8.006035,2023-01-01T05:09:54
-15.566920,-8.006035,2023-01-01T05:09:55
-15.566920,-8.117230,2023-01-01T05:09:56
-15.455727,-8.117230,2023-01-01T05:09:57
-15.455727,-8.117230,2023-01-01T05:09:58
-15.455727,-8.117230,2023-01-01T05:09:59
-15.455727,-8.228425,2023-01-01T05:10:00
-15.344535,-8.228425,2023-01-01T05:10:01
-15.344535,-8.228425,2023-01-01T05:10:02
-15.344535,-8.339619,2023-01-01T05:10:03
-15.344535,-8.339619,2023-01-01T05:10:04
-15.344535,-8.339619,2023-01-01T05:10:05
-15.233343,-8.450814,2023-01-01T05:10:06
-15.233343,-8.450814,2023-01-01T05:10:07
-15.233343,-8.450814,2023-01-01T05:10:08
-15.233343,-8.450814,2023-01-01T05:10:09
-15.122151,-8.562009,2023-01-01T05:10:10
-15.122151,-8.562009,2023-01-01T05:10:11
-15.122151,-8.562009,2023-01-01T05:10:12
-15.122151,-8.673204,2023-01-01T05:10:13
-15.010958,-8.673204,2023-01-01T05:10:14
-15.010958,-8.673204,2023-01-01T05:10:15
-15.010958,-8.784399,2023-01-01T05:10:16
-15.010958,-8.784399,2023-01-01T05:10:17
-15.010958,-8.784399,2023-01-01T05:10:18
-14.899766,-8.784399,2023-01-01T05:10:19
-14.899766,-8.895594,2023-01-01T05:10:20
-14.899766,-8.895594,2023-01-01T05:10:21
-14.899766,-8.895594,2023-01-01T05:10:22
-14.899766,-8.895594,2023-01-01T05:10:23
-14.899766,-8.895594,2023-01-01T05:10:24
-15.010958,-8.784399,2023-01-01T05:10:25
-15.010958,-8.784399,2023-01-01T05:10:26
-15.010958,-8.784399,2023-01-01T05:10:27
-15.010958,-8.784399,2023-01-01T05:10:28
-15.010958,-8.784399,2023-01-01T05:10:29
-15.010958,-8.784399,2023-01-01T05:10:30
-15.010958,-8.784399,2023-01-01T05:10:31
-15.010958,-8.673204,2023-01-01T05:10:32
-15.010958,-8.673204,2023-01-01T05:10:33
-15.010958,-8.673204,2023-01-01T05:10:34
-15.010958,-8.673204,2023-01-01T05:10:35
-15.010958,-8.673204,2023-01-01T05:10:36
-15.010958,-8.673204,2023-01-01T05:10:37
-15.010958,-8.673204,2023-01-01T05:10:38
-15.010958,-8.673204,2023-01-01T05:10:39
-15.010958,-8.673204,2023-01-01T05:10:40
-15.122151,-8.673204,2023-01-01T05:10:41
-15.122151,-8.562009,2023-01-01T05:10:42
-15.122151,-8.562009,2023-01-01T05:10:43
-15.122151,-8.562009,2023-01-01T05:10:44
-15.122151,-8.562009,2023-01-01T05:10:45
-15.122151,-8.562009,2023-01-01T05:10:46
-15.122151,-8.562009,2023-01-01T05:10:47
-15.122151,-8.562009,2023-01-01T05:10:48
-15.122151,-8.562009,2023-01-01T05:10:49
-15.122151,-8.562009,2023-01-01T05:10:50
-15.122151,-8.562009,2023-01-01T05:10:51
-15.122151,-8.562009,2023-01-01T05:10:52
-15.122151,-8.562009,2023-01-01T05:10:53
-15.122151,-8.562009,2023-01-01T05:10:54
-15.122151,-8.450814,2023-01-01T05:10:55
-15.233343,-8.450814,2023-01-01T05:10:56
-15.233343,-8.450814,2023-01-01T05:10:57
-15.233343,-8.450814,2023-01-01T05:10:58
-15.233343,-8.450814,2023-01-01T05:10:59
-15.233343,-8.450814,2023-01-01T05:11:00
-15.233343,-8.450814,2023-01-01T05:11:01
-15.233343,-8.339619,2023-01-01T05:11:02
-15.344535,-8.339619,2023-01-01T05:11:03
-15.344535,-8.339619,2023-01-01T05:11:04
-15.344535,-8.339619,2023-01-01T05:11:05
-15.344535,-8.339619,2023-01-01T05:11:06
-15.344535,-8.339619,2023-01-01T05:11:07
-15.344535,-8.339619,2023-01-01T05:11:08
-15.344535,-8.339619,2023-01-01T05:11:09
-15.344535,-8.339619,2023-01-01T05:11:10
-15.344535,-8.339619,2023-01-01T05:11:11
-15.344535,-8.339619,2023-01-01T05:11:12
-15.344535,-8.339619,2023-01-01T05:11:13
-15.344535,-8.339619,2023-01-01T05:11:14
-15.344535,-8.339619,2023-01-01T05:11:15
-15.344535,-8.339619,2023-01-01T05:11:16
-15.344535,-8.339619,2023-01-01T05:11:17
-15.344535,-8.339619,2023-01-01T05:11:18
-15.344535,-8.339619,2023-01-01T05:11:19
-15.344535,-8.339619,2023-01-01T05:11:20
-15.344535,-8.339619,2023-01-01T05:11:21
-15.455727,-8.228425,2023-01-01T05:11:22
-15.455727,-8.228425,2023-01-01T05:11:23
-15.455727,-8.228425,2023-01-01T05:11:24
-15.455727,-8.228425,2023-01-01T05:11:25
-15.455727,-8.228425,2023-01-01T05:11:26
-15.455727,-8.228425,2023-01-01T05:11:27
-15.566920,-8.117230,2023-01-01T05:11:28
-15.566920,-8.117230,2023-01-01T05:11:29
-15.566920,-8.117230,2023-01-01T05:11:30
-15.566920,-8.117230,2023-01-01T05:11:31
-15.566920,-8.117230,2023-01-01T05:11:32
-15.566920,-8.006035,2023-01-01T05:11:33
-15.678112,-8.006035,2023-01-01T05:11:34
-15.678112,-8.006035,2023-01-01T05:11:35
-15.678112,-8.006035,2023-01-01T05:11:36
-15.678112,-7.894840,2023-01-01T05:11:37
-15.678112,-7.894840,2023-01-01T05:11:38
-15.678112,-7.894840,2023-01-01T05:11:39
-15.789304,-7.894840,2023-01-01T05:11:40
-15.789304,-7.783645,2023-01-01T05:11:41
-15.789304,-7.783645,2023-01-01T05:11:42
-15.789304,-7.783645,2023-01-01T05:11:43
-15.789304,-7.783645,2023-01-01T05:11:44
-15.789304,-7.672450,2023-01-01T05:11:45
-15.789304,-7.672450,2023-01-01T05:11:46
-15.900496,-7.672450,2023-01-01T05:11:47
-15.900496,-7.561255,2023-01-01T05:11:48
-15.900496,-7.561255,2023-01-01T05:11:49
-15.900496,-7.561255,2023-01-01T05:11:50
-15.900496,-7.561255,2023-01-01T05:11:51
-15.900496,-7.450060,2023-01-01T05:11:52
-16.011689,-7.450060,2023-01-01T05:11:53
-16.011689,-7.450060,2023-01-01T05:11:54
-16.011689,-7.338865,2023-01-01T05:11:55
-16.011689,-7.338865,2023-01-01T05:11:56
-16.122881,-7.338865,2023-01-01T05:11:57
-16.122881,-7.227670,2023-01-01T05:11:58
-16.122881,-7.227670,2023-01-01T05:11:59
-16.122881,-7.227670,2023-01-01T05:12:00
-16.122881,-7.227670,2023-01-01T05:12:01
-16.234073,-7.116475,2023-01-01T05:12:02
-16.234073,-7.116475,2023-01-01T05:12:03
-16.234073,-7.116475,2023-01-01T05:12:04
-16.234073,-7.116475,2023-01-01T05:12:05
-16.234073,-7.005280,2023-01-01T05:12:06
-16.234073,-7.005280,2023-01-01T05:12:07
-16.345266,-7.005280,2023-01-01T05:12:08
-16.345266,-7.005280,2023-01-01T05:12:09
-16.345266,-7.005280,2023-01-01T05:12:10
-16.345266,-6.894085,2023-01-01T05:12:11
-16.345266,-6.894085,2023-01-01T05:12:12
-16.345266,-6.894085,2023-01-01T05:12:13
-16.345266,-6.894085,2023-01-01T05:12:14
-16.345266,-6.894085,2023-01-01T05:12:15
-16.456458,-6.782891,2023-01-01T05:12:16
-16.456458,-6.782891,2023-01-01T05:12:17
-16.456458,-6.782891,2023-01-01T05:12:18
-16.456458,-6.782891,2023-01-01T05:12:19
-16.456458,-6.782891,2023-01-01T05:12:20
-16.456458,-6.782891,2023-01-01T05:12:21
-16.456458,-6.782891,2023-01-01T05:12:22
-16.456458,-6.782891,2023-01-01T05:12:23
-16.456458,-6.782891,2023-01-01T05:12:24
-16.456458,-6.782891,2023-01-01T05:12:25
-16.456458,-6.782891,2023-01-01T05:12:26
-16.456458,-6.782891,2023-01-01T05:12:27
-16.567650,-6.671696,2023-01-01T05:12:28
-16.567650,-6.671696,2023-01-01T05:12:29
-16.567650,-6.671696,2023-01-01T05:12:30
-16.567650,-6.671696,2023-01-01T05:12:31
-16.567650,-6.671696,2023-01-01T05:12:32
-16.567650,-6.671696,2023-01-01T05:12:33
-16.567650,-6.671696,2023-01-01T05:12:34
-16.567650,-6.671696,2023-01-01T05:12:35
-16.567650,-6.671696,2023-01-01T05:12:36
-16.567650,-6.671696,2023-01-01T05:12:37
-16.567650,-6.671696,2023-01-01T05:12:38
-16.567650,-6.671696,2023-01-01T05:12:39
-16.567650,-6.671696,2023-01-01T05:12:40
-16.567650,-6.671696,2023-01-01T05:12:41
-16.567650,-6.671696,2023-01-01T05:12:42
-16.567650,-6.671696,2023-01-01T05:12:43
-16.567650,-6.671696,2023-01-01T05:12:44
-16.567650,-6.671696,2023-01-01T05:12:45
-16.567650,-6.671696,2023-01-01T05:12:46
-16.567650,-6.671696,2023-01-01T05:12:47
-16.567650,-6.671696,2023-01-01T05:12:48
-16.567650,-6.671696,2023-01-01T05:12:49
-16.567650,-6.671696,2023-01-01T05:12:50
-16.567650,-6.671696,2023-01-01T05:12:51
-16.567650,-6.671696,2023-01-01T05:12:52
-16.567650,-6.671696,2023-01-01T05:12:53
-16.678842,-6.671696,2023-01-01T05:12:54
-16.678842,-6.560501,2023-01-01T05:12:55
-16.678842,-6.560501,2023-01-01T05:12:56
-16.678842,-6.560501,2023-01-01T05:12:57
-16.678842,-6.560501,2023-01-01T05:12:58
-16.678842,-6.560501,2023-01-01T05:12:59
-16.678842,-6.560501,2023-01-01T05:13:00
-16.678842,-6.560501,2023-01-01T05:13:01
-16.678842,-6.560501,2023-01-01T05:13:02
-16.678842,-6.560501,2023-01-01T05:13:03
-16.678842,-6.560501,2023-01-01T05:13:04
-16.678842,-6.560501,2023-01-01T05:13:05
-16.678842,-6.560501,2023-01-01T05:13:06
-16.678842,-6.449306,2023-01-01T05:13:07
-16.678842,-6.449306,2023-01-01T05:13:08
-16.678842,-6.449306,2023-01-01T05:13:09
-16.678842,-6.449306,2023-01-01T05:13:10
-16.678842,-6.449306,2023-01-01T05:13:11
-16.790035,-6.449306,2023-01-01T05:13:12
-16.790035,-6.449306,2023-01-01T05:13:13
-16.790035,-6.449306,2023-01-01T05:13:14
-16.790035,-6.449306,2023-01-01T05:13:15
-16.790035,-6.449306,2023-01-01T05:13:16
-16.790035,-6.449306,2023-01-01T05:13:17
-16.678842,-6.449306,2023-01-01T05:13:18
-16.678842,-6.338111,2023-01-01T05:13:19
-16.678842,-6.338111,2023-01-01T05:13:20
-16.678842,-6.338111,2023-01-01T05:13:21
-16.678842,-6.338111,2023-01-01T05:13:22
-16.790035,-6.338111,2023-01-01T05:13:23
-16.790035,-6.338111,2023-01-01T05:13:24
-16.790035,-6.338111,2023-01-01T05:13:25
-16.790035,-6.338111,2023-01-01T05:13:26
-16.790035,-6.338111,2023-01-01T05:13:27
-16.790035,-6.338111,2023-01-01T05:13:28
-16.790035,-6.338111,2023-01-01T05:13:29
-16.790035,-6.338111,2023-01-01T05:13:30
-16.790035,-6.338111,2023-01-01T05:13:31
-16.790035,-6.338111,2023-01-01T05:13:32
-16.790035,-6.226916,2023-01-01T05:13:33
-16.790035,-6.226916,2023-01-01T05:13:34
-16.790035,-6.226916,2023-01-01T05:13:35
-16.790035,-6.226916,2023-01-01T05:13:36
-16.790035,-6.226916,2023-01-01T05:13:37
-16.790035,-6.226916,2023-01-01T05:13:38
-16.790035,-6.226916,2023-01-01T05:13:39
-16.790035,-6.226916,2023-01-01T05:13:40
-16.790035,-6.226916,2023-01-01T05:13:41
-16.790035,-6.226916,2023-01-01T05:13:42
-16.790035,-6.226916,2023-01-01T05:13:43
-16.790035,-6.226916,2023-01-01T05:13:44
-16.790035,-6.226916,2023-01-01T05:13:45
-16.790035,-6.226916,2023-01-01T05:13:46
-16.790035,-6.226916,2023-01-01T05:13:47
-16.790035,-6.226916,2023-01-01T05:13:48
-16.790035,-6.226916,2023-01-01T05:13:49
-16.790035,-6.226916,2023-01-01T05:13:50
-16.790035,-6.226916,2023-01-01T05:13:51
-16.790035,-6.226916,2023-01-01T05:13:52
-16.790035,-6.226916,2023-01-01T05:13:53
-16.790035,-6.226916,2023-01-01T05:13:54
-16.790035,-6.226916,2023-01-01T05:13:55
-16.790035,-6.226916,2023-01-01T05:13:56
-16.790035,-6.226916,2023-01-01T05:13:57
-16.790035,-6.226916,2023-01-01T05:13:58
-16.790035,-6.226916,2023-01-01T05:13:59
-16.790035,-6.226916,2023-01-01T05:14:00
-16.790035,-6.226916,2023-01-01T05:14:01
-16.790035,-6.226916,2023-01-01T05:14:02
-16.790035,-6.226916,2023-01-01T05:14:03
-16.790035,-6.226916,2023-01-01T05:14:04
-16.790035,-6.226916,2023-01-01T05:14:05
-16.790035,-6.226916,2023-01-01T05:14:06
-16.790035,-6.226916,2023-01-01T05:14:07
-16.790035,-6.226916,2023-01-01T05:14:08
-16.790035,-6.226916,2023-01-01T05:14:09
-16.790035,-6.226916,2023-01-01T05:14:10
-16.790035,-6.226916,2023-01-01T05:14:11
-16.678842,-6.226916,2023-01-01T05:14:12
-16.678842,-6.226916,2023-01-01T05:14:13
-16.678842,-6.226916,2023-01-01T05:14:14
-16.678842,-6.226916,2023-01-01T05:14:15
-16.678842,-6.226916,2023-01-01T05:14:16
-16.678842,-6.226916,2023-01-01T05:14:17
-16.678842,-6.226916,2023-01-01T05:14:18
-16.678842,-6.338111,2023-01-01T05:14:19
-16.678842,-6.338111,2023-01-01T05:14:20
-16.678842,-6.338111,2023-01-01T05:14:21
-16.678842,-6.338111,2023-01-01T05:14:22
-16.678842,-6.338111,2023-01-01T05:14:23
-16.678842,-6.338111,2023-01-01T05:14:24
-16.678842,-6.338111,2023-01-01T05:14:25
-16.678842,-6.338111,2023-01-01T05:14:26
-16.678842,-6.338111,2023-01-01T05:14:27
-16.678842,-6.338111,2023-01-01T05:14:28
-16.678842,-6.338111,2023-01-01T05:14:29
-16.678842,-6.338111,2023-01-01T05:14:30
-16.678842,-6.338111,2023-01-01T05:14:31
-16.678842,-6.338111,2023-01-01T05:14:32
-16.678842,-6.338111,2023-01-01T05:14:33
-16.567650,-6.338111,2023-01-01T05:14:34
-16.567650,-6.338111,2023-01-01T05:14:35
-16.567650,-6.338111,2023-01-01T05:14:36
-16.567650,-6.338111,2023-01-01T05:14:37
-16.567650,-6.338111,2023-01-01T05:14:38
-16.567650,-6.338111,2023-01-01T05:14:39
-16.567650,-6.338111,2023-01-01T05:14:40
-16.567650,-6.338111,2023-01-01T05:14:41
-16.567650,-6.338111,2023-01-01T05:14:42
-16.567650,-6.338111,2023-01-01T05:14:43
-16.567650,-6.449306,2023-01-01T05:14:44
-16.567650,-6.449306,2023-01-01T05:14:45
-16.567650,-6.449306,2023-01-01T05:14:46
-16.567650,-6.449306,2023-01-01T05:14:47
-16.456458,-6.449306,2023-01-01T05:14:48
-16.456458,-6.449306,2023-01-01T05:14:49
-16.456458,-6.449306,2023-01-01T05:14:50
-16.456458,-6.449306,2023-01-01T05:14:51
-16.456458,-6.449306,2023-01-01T05:14:52
-16.456458,-6.449306,2023-01-01T05:14:53
-16.456458,-6.449306,2023-01-01T05:14:54
-16.456458,-6.449306,2023-01-01T05:14:55
-16.456458,-6.449306,2023-01-01T05:14:56
-16.456458,-6.449306,2023-01-01T05:14:57
-16.456458,-6.449306,2023-01-01T05:14:58
-16.456458,-6.449306,2023-01-01T05:14:59
-16.456458,-6.449306,2023-01-01T05:15:00
-16.456458,-6.449306,2023-01-01T05:15:01
-16.456458,-6.449306,2023-01-01T05:15:02
-16.456458,-6.449306,2023-01-01T05:15:03
-16.456458,-6.449306,2023-01-01T05:15:04
-16.456458,-6.449306,2023-01-01T05:15:05
-16.456458,-6.449306,2023-01-01T05:15:06
-16.456458,-6.449306,2023-01-01T05:15:07
-16.345266,-6.449306,2023-01-01T05:15:08
-16.345266,-6.449306,2023-01-01T05:15:09
-16.345266,-6.449306,2023-01-01T05:15:10
-16.345266,-6.449306,2023-01-01T05:15:11
-16.345266,-6.449306,2023-01-01T05:15:12
-16.345266,-6.449306,2023-01-01T05:15:13
-16.345266,-6.449306,2023-01-01T05:15:14
-16.345266,-6.560501,2023-01-01T05:15:15
-16.345266,-6.560501,2023-01-01T05:15:16
-16.345266,-6.560501,2023-01-01T05:15:17
-16.345266,-6.560501,2023-01-01T05:15:18
-16.345266,-6.560501,2023-01-01T05:15:19
-16.234073,-6.560501,2023-01-01T05:15:20
-16.234073,-6.560501,2023-01-01T05:15:21
-16.234073,-6.560501,2023-01-01T05:15:22
-16.234073,-6.560501,2023-01-01T05:15:23
-16.234073,-6.560501,2023-01-01T05:15:24
-16.234073,-6.560501,2023-01-01T05:15:25
-16.234073,-6.560501,2023-01-01T05:15:26
-16.234073,-6.560501,2023-01-01T05:15:27
-16.234073,-6.560501,2023-01-01T05:15:28
-16.234073,-6.560501,2023-01-01T05:15:29
-16.234073,-6.560501,2023-01-01T05:15:30
-16.234073,-6.560501,2023-01-01T05:15:31
-16.234073,-6.560501,2023-01-01T05:15:32
-16.234073,-6.560501,2023-01-01T05:15:33
-16.234073,-6.560501,2023-01-01T05:15:34
-16.234073,-6.560501,2023-01-01T05:15:35
-16.234073,-6.560501,2023-01-01T05:15:36
-16.234073,-6.560501,2023-01-01T05:15:37
-16.234073,-6.560501,2023-01-01T05:15:38
-16.234073,-6.560501,2023-01-01T05:15:39
-16.234073,-6.560501,2023-01-01T05:15:40
-16.234073,-6.560501,2023-01-01T05:15:41
-16.122881,-6.560501,2023-01-01T05:15:42
-16.122881,-6.560501,2023-01-01T05:15:43
-16.122881,-6.560501,2023-01-01T05:15:44
-16.122881,-6.560501,2023-01-01T05:15:45
-16.122881,-6.560501,2023-01-01T05:15:46
-16.122881,-6.560501,2023-01-01T05:15:47
-16.122881,-6.560501,2023-01-01T05:15:48
-16.122881,-6.560501,2023-01-01T05:15:49
-16.122881,-6.560501,2023-01-01T05:15:50
-16.122881,-6.560501,2023-01-01T05:15:51
-16.122881,-6.560501,2023-01-01T05:15:52
-16.122881,-6.560501,2023-01-01T05:15:53
-16.122881,-6.560501,2023-01-01T05:15:54
-16.122881,-6.560501,2023-01-01T05:15:55
-16.122881,-6.560501,2023-01-01T05:15:56
-16.122881,-6.560501,2023-01-01T05:15:57
-16.122881,-6.560501,2023-01-01T05:15:58
-16.122881,-6.560501,2023-01-01T05:15:59
-16.122881,-6.560501,2023-01-01T05:16:00
-16.122881,-6.560501,2023-01-01T05:16:01
-16.122881,-6.560501,2023-01-01T05:16:02
-16.011689,-6.560501,2023-01-01T05:16:03
-16.011689,-6.560501,2023-01-01T05:16:04
-16.011689,-6.560501,2023-01-01T05:16:05
-16.011689,-6.560501,2023-01-01T05:16:06
-16.011689,-6.560501,2023-01-01T05:16:07
-16.011689,-6.560501,2023-01-01T05:16:08
-16.011689,-6.560501,2023-01-01T05:16:09
-16.011689,-6.560501,2023-01-01T05:16:10
-16.011689,-6.560501,2023-01-01T05:16:11
-16.011689,-6.560501,2023-01-01T05:16:12
-16.011689,-6.560501,2023-01-01T05:16:13
-16.011689,-6.560501,2023-01-01T05:16:14
-16.011689,-6.560501,2023-01-01T05:16:15
-16.011689,-6.560501,2023-01-01T05:16:16
-16.011689,-6.560501,2023-01-01T05:16:17
-16.011689,-6.449306,2023-01-01T05:16:18
-16.011689,-6.449306,2023-01-01T05:16:19
-16.011689,-6.449306,2023-01-01T05:16:20
-16.011689,-6.449306,2023-01-01T05:16:21
-16.011689,-6.449306,2023-01-01T05:16:22
-16.011689,-6.449306,2023-01-01T05:16:23
-16.011689,-6.449306,2023-01-01T05:16:24
-16.011689,-6.338111,2023-01-01T05:16:25
-16.011689,-6.338111,2023-01-01T05:16:26
-16.011689,-6.338111,2023-01-01T05:16:27
-16.011689,-6.338111,2023-01-01T05:16:28
-16.011689,-6.338111,2023-01-01T05:16:29
-16.011689,-6.226916,2023-01-01T05:16:30
-16.011689,-6.226916,2023-01-01T05:16:31
-16.011689,-6.226916,2023-01-01T05:16:32
-16.011689,-6.226916,2023-01-01T05:16:33
-16.011689,-6.226916,2023-01-01T05:16:34
-16.011689,-6.115721,2023-01-01T05:16:35
-16.011689,-6.115721,2023-01-01T05:16:36
-16.011689,-6.115721,2023-01-01T05:16:37
-16.011689,-6.115721,2023-01-01T05:16:38
-16.011689,-6.004526,2023-01-01T05:16:39
-16.011689,-6.004526,2023-01-01T05:16:40
-16.011689,-6.004526,2023-01-01T05:16:41
-16.011689,-6.004526,2023-01-01T05:16:42
-16.011689,-5.893331,2023-01-01T05:16:43
-16.011689,-5.893331,2023-01-01T05:16:44
-16.011689,-5.893331,2023-01-01T05:16:45
-15.900496,-5.893331,2023-01-01T05:16:46
-15.900496,-5.782136,2023-01-01T05:16:47
-15.900496,-5.782136,2023-01-01T05:16:48
-15.900496,-5.782136,2023-01-01T05:16:49
-15.900496,-5.782136,2023-01-01T05:16:50
-15.900496,-5.670941,2023-01-01T05:16:51
-15.900496,-5.670941,2023-01-01T05:16:52
-15.900496,-5.670941,2023-01-01T05:16:53
-15.900496,-5.670941,2023-01-01T05:16:54
-15.900496,-5.670941,2023-01-01T05:16:55
-15.900496,-5.670941,2023-01-01T05:16:56
-15.900496,-5.670941,2023-01-01T05:16:57
-15.900496,-5.559746,2023-01-01T05:16:58
-15.900496,-5.559746,2023-01-01T05:16:59
-15.900496,-5.559746,2023-01-01T05:17:00
-15.900496,-5.559746,2023-01-01T05:17:01
-15.900496,-5.559746,2023-01-01T05:17:02
-15.900496,-5.559746,2023-01-01T05:17:03
-15.900496,-5.448551,2023-01-01T05:17:04
-15.900496,-5.448551,2023-01-01T05:17:05
-15.900496,-5.448551,2023-01-01T05:17:06
-15.900496,-5.448551,2023-01-01T05:17:07
-15.900496,-5.448551,2023-01-01T05:17:08
-15.900496,-5.337356,2023-01-01T05:17:09
-15.900496,-5.337356,2023-01-01T05:17:10
-15.900496,-5.337356,2023-01-01T05:17:11
-15.900496,-5.337356,2023-01-01T05:17:12
-15.900496,-5.337356,2023-01-01T05:17:13
-15.900496,-5.226162,2023-01-01T05:17:14
-15.900496,-5.226162,2023-01-01T05:17:15
-15.900496,-5.226162,2023-01-01T05:17:16
-15.900496,-5.226162,2023-01-01T05:17:17
-15.900496,-5.226162,2023-01-01T05:17:18
-15.900496,-5.114967,2023-01-01T05:17:19
-15.900496,-5.114967,2023-01-01T05:17:20
-15.900496,-5.114967,2023-01-01T05:17:21
-15.900496,-5.114967,2023-01-01T05:17:22
-15.900496,-5.114967,2023-01-01T05:17:23
-15.900496,-5.114967,2023-01-01T05:17:24
-15.900496,-5.114967,2023-01-01T05:17:25
-15.900496,-5.114967,2023-01-01T05:17:26
-15.900496,-5.114967,2023-01-01T05:17:27
-15.900496,-5.114967,2023-01-01T05:17:28
-15.900496,-5.114967,2023-01-01T05:17:29
-15.900496,-5.003772,2023-01-01T05:17:30
-15.900496,-5.003772,2023-01-01T05:17:31
-15.900496,-5.003772,2023-01-01T05:17:32
-15.900496,-5.003772,2023-01-01T05:17:33
-15.900496,-5.003772,2023-01-01T05:17:34
-15.900496,-5.003772,2023-01-01T05:17:35
-15.900496,-5.003772,2023-01-01T05:17:36
-15.900496,-5.003772,2023-01-01T05:17:37
-15.900496,-5.003772,2023-01-01T05:17:38
-15.900496,-5.003772,2023-01-01T05:17:39
-15.900496,-4.892577,2023-01-01T05:17:40
-15.789304,-4.892577,2023-01-01T05:17:41
-15.789304,-4.892577,2023-01-01T05:17:42
-15.789304,-4.892577,2023-01-01T05:17:43
-15.789304,-4.892577,2023-01-01T05:17:44
-15.789304,-4.892577,2023-01-01T05:17:45
-15.789304,-4.892577,2023-01-01T05:17:46
-15.789304,-4.892577,2023-01-01T05:17:47
-15.789304,-4.892577,2023-01-01T05:17:48
-15.789304,-4.892577,2023-01-01T05:17:49
-15.789304,-4.892577,2023-01-01T05:17:50
-15.789304,-4.892577,2023-01-01T05:17:51
-15.789304,-4.892577,2023-01-01T05:17:52
-15.789304,-4.892577,2023-01-01T05:17:53
-15.789304,-5.003772,2023-01-01T05:17:54
-15.789304,-5.003772,2023-01-01T05:17:55
-15.789304,-5.003772,2023-01-01T05:17:56
-15.789304,-5.003772,2023-01-01T05:17:57
-15.900496,-5.114967,2023-01-01T05:17:58
-15.900496,-5.114967,2023-01-01T05:17:59
-15.900496,-5.114967,2023-01-01T05:18:00
-15.900496,-5.114967,2023-01-01T05:18:01
-15.900496,-5.226162,2023-01-01T05:18:02
-15.900496,-5.226162,2023-01-01T05:18:03
-15.900496,-5.226162,2023-01-01T05:18:04
-15.900496,-5.226162,2023-01-01T05:18:05
-15.900496,-5.337356,2023-01-01T05:18:06
-15.900496,-5.337356,2023-01-01T05:18:07
-15.900496,-5.337356,2023-01-01T05:18:08
-15.900496,-5.337356,2023-01-01T05:18:09
-15.900496,-5.448551,2023-01-01T05:18:10
-15.900496,-5.448551,2023-01-01T05:18:11
-15.900496,-5.448551,2023-01-01T05:18:12
-15.900496,-5.448551,2023-01-01T05:18:13
-15.900496,-5.559746,2023-01-01T05:18:14
-15.900496,-5.559746,2023-01-01T05:18:15
-15.900496,-5.559746,2023-01-01T05:18:16
-15.900496,-5.559746,2023-01-01T05:18:17
-15.900496,-5.670941,2023-01-01T05:18:18
-15.900496,-5.670941,2023-01-01T05:18:19
-15.900496,-5.670941,2023-01-01T05:18:20
-15.900496,-5.670941,2023-01-01T05:18:21
-16.011689,-5.670941,2023-01-01T05:18:22
-16.011689,-5.782136,2023-01-01T05:18:23
-16.011689,-5.782136,2023-01-01T05:18:24
-16.011689,-5.782136,2023-01-01T05:18:25
-16.011689,-5.782136,2023-01-01T05:18:26
-16.011689,-5.782136,2023-01-01T05:18:27
-16.011689,-5.782136,2023-01-01T05:18:28
-16.011689,-5.782136,2023-01-01T05:18:29
-16.011689,-5.782136,2023-01-01T05:18:30
-16.011689,-5.782136,2023-01-01T05:18:31
-16.011689,-5.893331,2023-01-01T05:18:32
-16.011689,-5.893331,2023-01-01T05:18:33
-16.011689,-5.893331,2023-01-01T05:18:34
-16.011689,-5.893331,2023-01-01T05:18:35
-16.011689,-5.893331,2023-01-01T05:18:36
-16.011689,-5.893331,2023-01-01T05:18:37
-16.122881,-5.893331,2023-01-01T05:18:38
-16.122881,-6.004526,2023-01-01T05:18:39
-16.122881,-6.004526,2023-01-01T05:18:40
-16.122881,-6.004526,2023-01-01T05:18:41
-16.122881,-6.004526,2023-01-01T05:18:42
-16.122881,-6.004526,2023-01-01T05:18:43
-16.122881,-6.115721,2023-01-01T05:18:44
-16.122881,-6.115721,2023-01-01T05:18:45
-16.122881,-6.115721,2023-01-01T05:18:46
-16.122881,-6.115721,2023-01-01T05:18:47
-16.122881,-6.115721,2023-01-01T05:18:48
-16.122881,-6.226916,2023-01-01T05:18:49
-16.122881,-6.226916,2023-01-01T05:18:50
-16.122881,-6.226916,2023-01-01T05:18:51
-16.122881,-6.226916,2023-01-01T05:18:52
-16.122881,-6.226916,2023-01-01T05:18:53
-16.122881,-6.226916,2023-01-01T05:18:54
-16.122881,-6.226916,2023-01-01T05:18:55
-16.122881,-6.226916,2023-01-01T05:18:56
-16.122881,-6.226916,2023-01-01T05:18:57
-16.122881,-6.226916,2023-01-01T05:18:58
-16.122881,-6.226916,2023-01-01T05:18:59
-16.122881,-6.226916,2023-01-01T05:19:00
-16.122881,-6.226916,2023-01-01T05:19:01
-16.122881,-6.226916,2023-01-01T05:19:02
-16.122881,-6.226916,2023-01-01T05:19:03
-16.122881,-6.226916,2023-01-01T05:19:04
-16.122881,-6.226916,2023-01-01T05:19:05
-16.122881,-6.226916,2023-01-01T05:19:06
-16.122881,-6.226916,2023-01-01T05:19:07
-16.122881,-6.338111,2023-01-01T05:19:08
-16.122881,-6.338111,2023-01-01T05:19:09
-16.122881,-6.338111,2023-01-01T05:19:10
-16.122881,-6.338111,2023-01-01T05:19:11
-16.122881,-6.338111,2023-01-01T05:19:12
-16.122881,-6.338111,2023-01-01T05:19:13
-16.122881,-6.338111,2023-01-01T05:19:14
-16.122881,-6.338111,2023-01-01T05:19:15
-16.122881,-6.338111,2023-01-01T05:19:16
-16.122881,-6.338111,2023-01-01T05:19:17
-16.122881,-6.338111,2023-01-01T05:19:18
-16.122881,-6.226916,2023-01-01T05:19:19
-16.122881,-6.226916,2023-01-01T05:19:20
-16.122881,-6.226916,2023-01-01T05:19:21
-16.122881,-6.226916,2023-01-01T05:19:22
-16.122881,-6.226916,2023-01-01T05:19:23
-16.122881,-6.115721,2023-01-01T05:19:24
-16.122881,-6.115721,2023-01-01T05:19:25
-16.011689,-6.115721,2023-01-01T05:19:26
-16.011689,-6.115721,2023-01-01T05:19:27
-16.011689,-6.004526,2023-01-01T05:19:28
-16.011689,-6.004526,2023-01-01T05:19:29
-16.011689,-6.004526,2023-01-01T05:19:30
-16.011689,-5.893331,2023-01-01T05:19:31
-16.011689,-5.893331,2023-01-01T05:19:32
-16.011689,-5.893331,2023-01-01T05:19:33
-15.900496,-5.893331,2023-01-01T05:19:34
-15.900496,-5.782136,2023-01-01T05:19:35
-15.900496,-5.782136,2023-01-01T05:19:36
-15.900496,-5.782136,2023-01-01T05:19:37
-15.900496,-5.670941,2023-01-01T05:19:38
-15.900496,-5.670941,2023-01-01T05:19:39
-15.789304,-5.670941,2023-01-01T05:19:40
-15.789304,-5.559746,2023-01-01T05:19:41
-15.789304,-5.559746,2023-01-01T05:19:42
-15.789304,-5.559746,2023-01-01T05:19:43
-15.789304,-5.559746,2023-01-01T05:19:44
-15.678112,-5.448551,2023-01-01T05:19:45
-15.678112,-5.448551,2023-01-01T05:19:46
-15.678112,-5.448551,2023-01-01T05:19:47
-15.678112,-5.337356,2023-01-01T05:19:48
-15.678112,-5.337356,2023-01-01T05:19:49
-15.566920,-5.337356,2023-01-01T05:19:50
-15.566920,-5.226162,2023-01-01T05:19:51
-15.566920,-5.226162,2023-01-01T05:19:52
-15.566920,-5.226162,2023-01-01T05:19:53
-15.566920,-5.226162,2023-01-01T05:19:54
-15.566920,-5.226162,2023-01-01T05:19:55
-15.566920,-5.226162,2023-01-01T05:19:56
-15.566920,-5.226162,2023-01-01T05:19:57
-15.566920,-5.226162,2023-01-01T05:19:58
-15.566920,-5.114967,2023-01-01T05:19:59
-15.566920,-5.114967,2023-01-01T05:20:00
-15.566920,-5.114967,2023-01-01T05:20:01
-15.566920,-5.114967,2023-01-01T05:20:02
-15.566920,-5.114967,2023-01-01T05:20:03
-15.455727,-5.114967,2023-01-01T05:20:04
-15.455727,-5.003772,2023-01-01T05:20:05
-15.455727,-5.003772,2023-01-01T05:20:06
-15.455727,-5.003772,2023-01-01T05:20:07
-15.455727,-5.003772,2023-01-01T05:20:08
-15.455727,-5.003772,2023-01-01T05:20:09
-15.455727,-5.003772,2023-01-01T05:20:10
-15.455727,-5.003772,2023-01-01T05:20:11
-15.455727,-5.003772,2023-01-01T05:20:12
-15.455727,-4.892577,2023-01-01T05:20:13
-15.344535,-4.892577,2023-01-01T05:20:14
-15.344535,-4.892577,2023-01-01T05:20:15
-15.344535,-4.892577,2023-01-01T05:20:16
-15.344535,-4.892577,2023-01-01T05:20:17
-15.344535,-4.892577,2023-01-01T05:20:18
-15.344535,-4.892577,2023-01-01T05:20:19
-15.344535,-4.892577,2023-01-01T05:20:20
-15.344535,-4.892577,2023-01-01T05:20:21
-15.344535,-4.892577,2023-01-01T05:20:22
-15.344535,-4.892577,2023-01-01T05:20:23
-15.344535,-4.892577,2023-01-01T05:20:24
-15.344535,-5.003772,2023-01-01T05:20:25
-15.344535,-5.003772,2023-01-01T05:20:26
-15.344535,-5.003772,2023-01-01T05:20:27
-15.344535,-5.003772,2023-01-01T05:20:28
-15.455727,-5.003772,2023-01-01T05:20:29
-15.455727,-5.003772,2023-01-01T05:20:30
-15.455727,-5.114967,2023-01-01T05:20:31
-15.455727,-5.114967,2023-01-01T05:20:32
-15.455727,-5.114967,2023-01-01T05:20:33
-15.455727,-5.114967,2023-01-01T05:20:34
-15.455727,-5.114967,2023-01-01T05:20:35
-15.455727,-5.226162,2023-01-01T05:20:36
-15.455727,-5.226162,2023-01-01T05:20:37
-15.455727,-5.226162,2023-01-01T05:20:38
-15.455727,-5.226162,2023-01-01T05:20:39
-15.455727,-5.337356,2023-01-01T05:20:40
-15.455727,-5.337356,2023-01-01T05:20:41
-15.455727,-5.337356,2023-01-01T05:20:42
-15.455727,-5.337356,2023-01-01T05:20:43
-15.455727,-5.337356,2023-01-01T05:20:44
-15.566920,-5.448551,2023-01-01T05:20:45
-15.566920,-5.448551,2023-01-01T05:20:46
-15.566920,-5.448551,2023-01-01T05:20:47
-15.566920,-5.448551,2023-01-01T05:20:48
-15.566920,-5.559746,2023-01-01T05:20:49
-15.566920,-5.559746,2023-01-01T05:20:50
-15.566920,-5.559746,2023-01-01T05:20:51
-15.566920,-5.559746,2023-01-01T05:20:52
-15.566920,-5.559746,2023-01-01T05:20:53
-15.566920,-5.559746,2023-01-01T05:20:54
-15.566920,-5.559746,2023-01-01T05:20:55
-15.566920,-5.559746,2023-01-01T05:20:56
-15.566920,-5.559746,2023-01-01T05:20:57
-15.566920,-5.559746,2023-01-01T05:20:58
-15.566920,-5.559746,2023-01-01T05:20:59
-15.566920,-5.559746,2023-01-01T05:21:00
-15.566920,-5.559746,2023-01-01T05:21:01
-15.566920,-5.559746,2023-01-01T05:21:02
-15.566920,-5.559746,2023-01-01T05:21:03
-15.566920,-5.559746,2023-01-01T05:21:04
-15.566920,-5.448551,2023-01-01T05:21:05
-15.566920,-5.448551,2023-01-01T05:21:06
-15.566920,-5.448551,2023-01-01T05:21:07
-15.566920,-5.448551,2023-01-01T05:21:08
-15.566920,-5.448551,2023-01-01T05:21:09
-15.566920,-5.448551,2023-01-01T05:21:10
-15.566920,-5.448551,2023-01-01T05:21:11
-15.566920,-5.448551,2023-01-01T05:21:12
-15.455727,-5.448551,2023-01-01T05:21:13
-15.455727,-5.448551,2023-01-01T05:21:14
-15.455727,-5.448551,2023-01-01T05:21:15
-15.455727,-5.448551,2023-01-01T05:21:16
-15.455727,-5.448551,2023-01-01T05:21:17
-15.455727,-5.448551,2023-01-01T05:21:18
-15.455727,-5.448551,2023-01-01T05:21:19
-15.455727,-5.448551,2023-01-01T05:21:20
-15.455727,-5.448551,2023-01-01T05:21:21
-15.455727,-5.448551,2023-01-01T05:21:22
-15.455727,-5.448551,2023-01-01T05:21:23
-15.455727,-5.448551,2023-01-01T05:21:24
-15.455727,-5.448551,2023-01-01T05:21:25
-15.455727,-5.448551,2023-01-01T05:21:26
-15.455727,-5.448551,2023-01-01T05:21:27
-15.455727,-5.448551,2023-01-01T05:21:28
-15.455727,-5.448551,2023-01-01T05:21:29
-15.455727,-5.448551,2023-01-01T05:21:30
-15.455727,-5.448551,2023-01-01T05:21:31
-15.455727,-5.448551,2023-01-01T05:21:32
-15.455727,-5.337356,2023-01-01T05:21:33
-15.455727,-5.337356,2023-01-01T05:21:34
-15.455727,-5.337356,2023-01-01T05:21:35
-15.455727,-5.337356,2023-01-01T05:21:36
-15.455727,-5.337356,2023-01-01T05:21:37
-15.344535,-5.337356,2023-01-01T05:21:38
-15.344535,-5.337356,2023-01-01T05:21:39
-15.344535,-5.337356,2023-01-01T05:21:40
-15.344535,-5.337356,2023-01-01T05:21:41
-15.344535,-5.337356,2023-01-01T05:21:42
-15.344535,-5.337356,2023-01-01T05:21:43
-15.344535,-5.337356,2023-01-01T05:21:44
-15.344535,-5.337356,2023-01-01T05:21:45
-15.344535,-5.337356,2023-01-01T05:21:46
-15.344535,-5.337356,2023-01-01T05:21:47
-15.344535,-5.337356,2023-01-01T05:21:48
-15.344535,-5.337356,2023-01-01T05:21:49
-15.344535,-5.337356,2023-01-01T05:21:50
-15.344535,-5.337356,2023-01-01T05:21:51
-15.344535,-5.337356,2023-01-01T05:21:52
-15.455727,-5.337356,2023-01-01T05:21:53
-15.455727,-5.448551,2023-01-01T05:21:54
-15.455727,-5.448551,2023-01-01T05:21:55
-15.455727,-5.448551,2023-01-01T05:21:56
-15.455727,-5.448551,2023-01-01T05:21:57
-15.455727,-5.448551,2023-01-01T05:21:58
-15.566920,-5.448551,2023-01-01T05:21:59
-15.566920,-5.448551,2023-01-01T05:22:00
-15.566920,-5.559746,2023-01-01T05:22:01
-15.566920,-5.559746,2023-01-01T05:22:02
-15.566920,-5.559746,2023-01-01T05:22:03
-15.566920,-5.559746,2023-01-01T05:22:04
-15.678112,-5.559746,2023-01-01T05:22:05
-15.678112,-5.559746,2023-01-01T05:22:06
-15.678112,-5.670941,2023-01-01T05:22:07
-15.678112,-5.670941,2023-01-01T05:22:08
-15.678112,-5.670941,2023-01-01T05:22:09
-15.678112,-5.670941,2023-01-01T05:22:10
-15.789304,-5.670941,2023-01-01T05:22:11
-15.789304,-5.670941,2023-01-01T05:22:12
-15.789304,-5.782136,2023-01-01T05:22:13
-15.789304,-5.782136,2023-01-01T05:22:14
-15.789304,-5.782136,2023-01-01T05:22:15
-15.900496,-5.782136,2023-01-01T05:22:16
-15.900496,-5.782136,2023-01-01T05:22:17
-15.900496,-5.782136,2023-01-01T05:22:18
-15.900496,-5.893331,2023-01-01T05:22:19
-15.900496,-5.893331,2023-01-01T05:22:20
-15.900496,-5.893331,2023-01-01T05:22:21
-16.011689,-5.893331,2023-01-01T05:22:22
-16.011689,-5.893331,2023-01-01T05:22:23
-16.011689,-6.004526,2023-01-01T05:22:24
-16.011689,-6.004526,2023-01-01T05:22:25
-16.011689,-6.004526,2023-01-01T05:22:26
-16.122881,-6.004526,2023-01-01T05:22:27
-16.122881,-6.115721,2023-01-01T05:22:28
-16.122881,-6.115721,2023-01-01T05:22:29
-16.122881,-6.115721,2023-01-01T05:22:30
-16.122881,-6.115721,2023-01-01T05:22:31
-16.234073,-6.226916,2023-01-01T05:22:32
-16.234073,-6.226916,2023-01-01T05:22:33
-16.234073,-6.226916,2023-01-01T05:22:34
-16.234073,-6.226916,2023-01-01T05:22:35
-16.234073,-6.226916,2023-01-01T05:22:36
-16.234073,-6.338111,2023-01-01T05:22:37
-16.345266,-6.338111,2023-01-01T05:22:38
-16.345266,-6.338111,2023-01-01T05:22:39
-16.345266,-6.338111,2023-01-01T05:22:40
-16.345266,-6.449306,2023-01-01T05:22:41
-16.345266,-6.449306,2023-01-01T05:22:42
-16.345266,-6.449306,2023-01-01T05:22:43
-16.345266,-6.449306,2023-01-01T05:22:44
-16.456458,-6.560501,2023-01-01T05:22:45
-16.456458,-6.560501,2023-01-01T05:22:46
-16.456458,-6.560501,2023-01-01T05:22:47
-16.456458,-6.560501,2023-01-01T05:22:48
-16.456458,-6.560501,2023-01-01T05:22:49
-16.456458,-6.671696,2023-01-01T05:22:50
-16.456458,-6.671696,2023-01-01T05:22:51
-16.567650,-6.671696,2023-01-01T05:22:52
-16.567650,-6.671696,2023-01-01T05:22:53
-16.567650,-6.782891,2023-01-01T05:22:54
-16.567650,-6.782891,2023-01-01T05:22:55
-16.567650,-6.782891,2023-01-01T05:22:56
-16.567650,-6.782891,2023-01-01T05:22:57
-16.567650,-6.894085,2023-01-01T05:22:58
-16.678842,-6.894085,2023-01-01T05:22:59
-16.678842,-6.894085,2023-01-01T05:23:00
-16.678842,-6.894085,2023-01-01T05:23:01
-16.678842,-6.894085,2023-01-01T05:23:02
-16.678842,-7.005280,2023-01-01T05:23:03
-16.678842,-7.005280,2023-01-01T05:23:04
-16.790035,-7.005280,2023-01-01T05:23:05
-16.790035,-7.005280,2023-01-01T05:23:06
-16.790035,-7.005280,2023-01-01T05:23:07
-16.790035,-7.116475,2023-01-01T05:23:08
-16.790035,-7.116475,2023-01-01T05:23:09
-16.790035,-7.116475,2023-01-01T05:23:10
-16.790035,-7.116475,2023-01-01T05:23:11
-16.790035,-7.116475,2023-01-01T05:23:12
-16.901227,-7.227670,2023-01-01T05:23:13
-16.901227,-7.227670,2023-01-01T05:23:14
-16.901227,-7.227670,2023-01-01T05:23:15
-16.901227,-7.227670,2023-01-01T05:23:16
-16.901227,-7.227670,2023-01-01T05:23:17
-16.901227,-7.227670,2023-01-01T05:23:18
-16.901227,-7.338865,2023-01-01T05:23:19
-16.901227,-7.338865,2023-01-01T05:23:20
-16.901227,-7.338865,2023-01-01T05:23:21
-16.901227,-7.338865,2023-01-01T05:23:22
-16.901227,-7.338865,2023-01-01T05:23:23
-17.012419,-7.338865,2023-01-01T05:23:24
-17.012419,-7.338865,2023-01-01T05:23:25
-17.012419,-7.450060,2023-01-01T05:23:26
-17.012419,-7.450060,2023-01-01T05:23:27
-17.012419,-7.450060,2023-01-01T05:23:28
-17.012419,-7.450060,2023-01-01T05:23:29
-17.012419,-7.450060,2023-01-01T05:23:30
-17.012419,-7.450060,2023-01-01T05:23:31
-17.012419,-7.450060,2023-01-01T05:23:32
-17.012419,-7.450060,2023-01-01T05:23:33
-17.012419,-7.450060,2023-01-01T05:23:34
-17.012419,-7.450060,2023-01-01T05:23:35
-17.012419,-7.561255,2023-01-01T05:23:36
-17.012419,-7.561255,2023-01-01T05:23:37
-17.012419,-7.561255,2023-01-01T05:23:38
-17.012419,-7.561255,2023-01-01T05:23:39
-17.012419,-7.561255,2023-01-01T05:23:40
-17.012419,-7.561255,2023-01-01T05:23:41
-17.012419,-7.561255,2023-01-01T05:23:42
-17.012419,-7.561255,2023-01-01T05:23:43
-17.012419,-7.561255,2023-01-01T05:23:44
-17.012419,-7.561255,2023-01-01T05:23:45
-17.012419,-7.561255,2023-01-01T05:23:46
-17.012419,-7.561255,2023-01-01T05:23:47
-17.012419,-7.450060,2023-01-01T05:23:48
-17.012419,-7.450060,2023-01-01T05:23:49
-16.901227,-7.450060,2023-01-01T05:23:50
-16.901227,-7.450060,2023-01-01T05:23:51
-16.901227,-7.450060,2023-01-01T05:23:52
-16.901227,-7.450060,2023-01-01T05:23:53
-16.901227,-7.450060,2023-01-01T05:23:54
-16.901227,-7.450060,2023-01-01T05:23:55
-16.901227,-7.450060,2023-01-01T05:23:56
-16.901227,-7.450060,2023-01-01T05:23:57
-16.901227,-7.450060,2023-01-01T05:23:58
-16.901227,-7.450060,2023-01-01T05:23:59
-16.901227,-7.338865,2023-01-01T05:24:00
-16.901227,-7.338865,2023-01-01T05:24:01
-16.790035,-7.338865,2023-01-01T05:24:02
-16.790035,-7.338865,2023-01-01T05:24:03
-16.790035,-7.338865,2023-01-01T05:24:04
-16.790035,-7.338865,2023-01-01T05:24:05
-16.790035,-7.338865,2023-01-01T05:24:06
-16.790035,-7.338865,2023-01-01T05:24:07
-16.790035,-7.338865,2023-01-01T05:24:08
-16.790035,-7.338865,2023-01-01T05:24:09
-16.790035,-7.227670,2023-01-01T05:24:10
-16.790035,-7.227670,2023-01-01T05:24:11
-16.678842,-7.227670,2023-01-01T05:24:12
-16.678842,-7.227670,2023-01-01T05:24:13
-16.678842,-7.227670,2023-01-01T05:24:14
-16.678842,-7.116475,2023-01-01T05:24:15
-16.678842,-7.116475,2023-01-01T05:24:16
-16.678842,-7.116475,2023-01-01T05:24:17
-16.567650,-7.116475,2023-01-01T05:24:18
-16.567650,-7.116475,2023-01-01T05:24:19
-16.567650,-7.005280,2023-01-01T05:24:20
-16.567650,-7.005280,2023-01-01T05:24:21
-16.567650,-7.005280,2023-01-01T05:24:22
-16.567650,-7.005280,2023-01-01T05:24:23
-16.567650,-7.005280,2023-01-01T05:24:24
-16.567650,-7.005280,2023-01-01T05:24:25
-16.567650,-7.005280,2023-01-01T05:24:26
-16.567650,-7.005280,2023-01-01T05:24:27
-16.567650,-7.005280,2023-01-01T05:24:28
-16.567650,-7.005280,2023-01-01T05:24:29
-16.567650,-7.005280,2023-01-01T05:24:30
-16.567650,-7.005280,2023-01-01T05:24:31
-16.567650,-7.005280,2023-01-01T05:24:32
-16.567650,-7.005280,2023-01-01T05:24:33
-16.567650,-7.005280,2023-01-01T05:24:34
-16.567650,-7.005280,2023-01-01T05:24:35
-16.567650,-7.005280,2023-01-01T05:24:36
-16.567650,-7.005280,2023-01-01T05:24:37
-16.567650,-7.005280,2023-01-01T05:24:38
-16.567650,-7.005280,2023-01-01T05:24:39
-16.567650,-7.005280,2023-01-01T05:24:40
-16.567650,-7.005280,2023-01-01T05:24:41
-16.567650,-7.005280,2023-01-01T05:24:42
-16.567650,-7.005280,2023-01-01T05:24:43
-16.567650,-7.005280,2023-01-01T05:24:44
-16.567650,-7.005280,2023-01-01T05:24:45
-16.567650,-7.005280,2023-01-01T05:24:46
-16.567650,-6.894085,2023-01-01T05:24:47
-16.567650,-6.894085,2023-01-01T05:24:48
-16.567650,-6.894085,2023-01-01T05:24:49
-16.567650,-6.894085,2023-01-01T05:24:50
-16.567650,-7.005280,2023-01-01T05:24:51
-16.567650,-7.005280,2023-01-01T05:24:52
-16.678842,-7.005280,2023-01-01T05:24:53
-16.678842,-7.005280,2023-01-01T05:24:54
-16.678842,-7.005280,2023-01-01T05:24:55
-16.678842,-7.116475,2023-01-01T05:24:56
-16.790035,-7.116475,2023-01-01T05:24:57
-16.790035,-7.116475,2023-01-01T05:24:58
-16.790035,-7.116475,2023-01-01T05:24:59
-16.790035,-7.116475,2023-01-01T05:25:00
-16.790035,-7.116475,2023-01-01T05:25:01
-16.901227,-7.227670,2023-01-01T05:25:02
-16.901227,-7.227670,2023-01-01T05:25:03
-16.901227,-7.227670,2023-01-01T05:25:04
-16.901227,-7.227670,2023-01-01T05:25:05
-16.901227,-7.227670,2023-01-01T05:25:06
-16.901227,-7.227670,2023-01-01T05:25:07
-16.901227,-7.227670,2023-01-01T05:25:08
-17.012419,-7.227670,2023-01-01T05:25:09
-17.012419,-7.338865,2023-01-01T05:25:10
-17.012419,-7.338865,2023-01-01T05:25:11
-17.012419,-7.338865,2023-01-01T05:25:12
-17.012419,-7.338865,2023-01-01T05:25:13
-17.012419,-7.338865,2023-01-01T05:25:14
-17.012419,-7.338865,2023-01-01T05:25:15
-17.012419,-7.338865,2023-01-01T05:25:16
-17.012419,-7.338865,2023-01-01T05:25:17
-17.012419,-7.338865,2023-01-01T05:25:18
-17.012419,-7.338865,2023-01-01T05:25:19
-17.012419,-7.338865,2023-01-01T05:25:20
-17.012419,-7.338865,2023-01-01T05:25:21
-17.012419,-7.338865,2023-01-01T05:25:22
-17.012419,-7.338865,2023-01-01T05:25:23
-17.012419,-7.338865,2023-01-01T05:25:24
-17.012419,-7.338865,2023-01-01T05:25:25
-17.012419,-7.338865,2023-01-01T05:25:26
-17.012419,-7.338865,2023-01-01T05:25:27
-17.012419,-7.338865,2023-01-01T05:25:28
-17.012419,-7.338865,2023-01-01T05:25:29
-17.012419,-7.338865,2023-01-01T05:25:30
-17.012419,-7.338865,2023-01-01T05:25:31
-17.012419,-7.338865,2023-01-01T05:25:32
-17.012419,-7.338865,2023-01-01T05:25:33
-17.012419,-7.338865,2023-01-01T05:25:34
-17.012419,-7.338865,2023-01-01T05:25:35
-17.012419,-7.338865,2023-01-01T05:25:36
-17.012419,-7.338865,2023-01-01T05:25:37
-17.012419,-7.338865,2023-01-01T05:25:38
-17.012419,-7.338865,2023-01-01T05:25:39
-17.012419,-7.338865,2023-01-01T05:25:40
-17.012419,-7.338865,2023-01-01T05:25:41
-17.012419,-7.338865,2023-01-01T05:25:42
-17.012419,-7.338865,2023-01-01T05:25:43
-17.012419,-7.338865,2023-01-01T05:25:44
-17.012419,-7.338865,2023-01-01T05:25:45
-17.012419,-7.338865,2023-01-01T05:25:46
-17.012419,-7.450060,2023-01-01T05:25:47
-17.012419,-7.450060,2023-01-01T05:25:48
-17.012419,-7.450060,2023-01-01T05:25:49
-17.012419,-7.450060,2023-01-01T05:25:50
-17.012419,-7.450060,2023-01-01T05:25:51
-17.012419,-7.450060,2023-01-01T05:25:52
-17.012419,-7.450060,2023-01-01T05:25:53
-17.012419,-7.450060,2023-01-01T05:25:54
-17.012419,-7.561255,2023-01-01T05:25:55
-17.012419,-7.561255,2023-01-01T05:25:56
-17.012419,-7.561255,2023-01-01T05:25:57
-17.123612,-7.561255,2023-01-01T05:25:58
-17.123612,-7.561255,2023-01-01T05:25:59
-17.123612,-7.672450,2023-01-01T05:26:00
-17.123612,-7.672450,2023-01-01T05:26:01
-17.123612,-7.672450,2023-01-01T05:26:02
-17.123612,-7.672450,2023-01-01T05:26:03
-17.123612,-7.672450,2023-01-01T05:26:04
-17.123612,-7.783645,2023-01-01T05:26:05
-17.123612,-7.783645,2023-01-01T05:26:06
-17.123612,-7.783645,2023-01-01T05:26:07
-17.234804,-7.783645,2023-01-01T05:26:08
-17.234804,-7.783645,2023-01-01T05:26:09
-17.234804,-7.894840,2023-01-01T05:26:10
-17.234804,-7.894840,2023-01-01T05:26:11
-17.234804,-7.894840,2023-01-01T05:26:12
-17.234804,-7.894840,2023-01-01T05:26:13
-17.234804,-7.894840,2023-01-01T05:26:14
-17.234804,-7.894840,2023-01-01T05:26:15
-17.234804,-8.006035,2023-01-01T05:26:16
-17.234804,-8.006035,2023-01-01T05:26:17
-17.234804,-8.006035,2023-01-01T05:26:18
-17.234804,-8.006035,2023-01-01T05:26:19
-17.234804,-8.006035,2023-01-01T05:26:20
-17.345996,-8.006035,2023-01-01T05:26:21
-17.345996,-8.117230,2023-01-01T05:26:22
-17.345996,-8.117230,2023-01-01T05:26:23
-17.345996,-8.117230,2023-01-01T05:26:24
-17.345996,-8.117230,2023-01-01T05:26:25
-17.345996,-8.117230,2023-01-01T05:26:26
-17.345996,-8.117230,2023-01-01T05:26:27
-17.345996,-8.117230,2023-01-01T05:26:28
-17.345996,-8.228425,2023-01-01T05:26:29
-17.345996,-8.228425,2023-01-01T05:26:30
-17.457188,-8.228425,2023-01-01T05:26:31
-17.457188,-8.228425,2023-01-01T05:26:32
-17.457188,-8.228425,2023-01-01T05:26:33
-17.457188,-8.228425,2023-01-01T05:26:34
-17.457188,-8.228425,2023-01-01T05:26:35
-17.457188,-8.228425,2023-01-01T05:26:36
-17.457188,-8.339619,2023-01-01T05:26:37
-17.457188,-8.339619,2023-01-01T05:26:38
-17.457188,-8.339619,2023-01-01T05:26:39
-17.457188,-8.339619,2023-01-01T05:26:40
-17.457188,-8.339619,2023-01-01T05:26:41
-17.568381,-8.339619,2023-01-01T05:26:42
-17.568381,-8.339619,2023-01-01T05:26:43
-17.568381,-8.339619,2023-01-01T05:26:44
-17.568381,-8.339619,2023-01-01T05:26:45
-17.568381,-8.450814,2023-01-01T05:26:46
-17.568381,-8.450814,2023-01-01T05:26:47
-17.568381,-8.450814,2023-01-01T05:26:48
-17.568381,-8.450814,2023-01-01T05:26:49
-17.568381,-8.450814,2023-01-01T05:26:50
-17.568381,-8.450814,2023-01-01T05:26:51
-17.568381,-8.450814,2023-01-01T05:26:52
-17.568381,-8.450814,2023-01-01T05:26:53
-17.568381,-8.450814,2023-01-01T05:26:54
-17.679573,-8.562009,2023-01-01T05:26:55
-17.679573,-8.562009,2023-01-01T05:26:56
-17.679573,-8.562009,2023-01-01T05:26:57
-17.679573,-8.562009,2023-01-01T05:26:58
-17.679573,-8.562009,2023-01-01T05:26:59
-17.679573,-8.562009,2023-01-01T05:27:00
-17.679573,-8.562009,2023-01-01T05:27:01
-17.679573,-8.562009,2023-01-01T05:27:02
-17.679573,-8.562009,2023-01-01T05:27:03
-17.679573,-8.562009,2023-01-01T05:27:04
-17.679573,-8.673204,2023-01-01T05:27:05
-17.679573,-8.673204,2023-01-01T05:27:06
-17.679573,-8.673204,2023-01-01T05:27:07
-17.679573,-8.673204,2023-01-01T05:27:08
-17.790765,-8.673204,2023-01-01T05:27:09
-17.790765,-8.673204,2023-01-01T05:27:10
-17.790765,-8.673204,2023-01-01T05:27:11
-17.790765,-8.673204,2023-01-01T05:27:12
-17.790765,-8.673204,2023-01-01T05:27:13
-17.790765,-8.673204,2023-01-01T05:27:14
-17.790765,-8.673204,2023-01-01T05:27:15
-17.790765,-8.673204,2023-01-01T05:27:16
-17.790765,-8.784399,2023-01-01T05:27:17
-17.790765,-8.784399,2023-01-01T05:27:18
-17.790765,-8.784399,2023-01-01T05:27:19
-17.790765,-8.784399,2023-01-01T05:27:20
-17.790765,-8.784399,2023-01-01T05:27:21
-17.790765,-8.784399,2023-01-01T05:27:22
-17.790765,-8.784399,2023-01-01T05:27:23
-17.790765,-8.784399,2023-01-01T05:27:24
-17.901958,-8.784399,2023-01-01T05:27:25
-17.901958,-8.784399,2023-01-01T05:27:26
-17.901958,-8.784399,2023-01-01T05:27:27
-17.901958,-8.784399,2023-01-01T05:27:28
-17.901958,-8.784399,2023-01-01T05:27:29
-17.901958,-8.784399,2023-01-01T05:27:30
-17.901958,-8.784399,2023-01-01T05:27:31
-17.901958,-8.784399,2023-01-01T05:27:32
-17.901958,-8.784399,2023-01-01T05:27:33
-17.901958,-8.895594,2023-01-01T05:27:34
-17.901958,-8.895594,2023-01-01T05:27:35
-17.901958,-8.895594,2023-01-01T05:27:36
-17.901958,-8.895594,2023-01-01T05:27:37
-17.901958,-8.895594,2023-01-01T05:27:38
-17.901958,-8.895594,2023-01-01T05:27:39
-17.901958,-8.895594,2023-01-01T05:27:40
-17.901958,-8.895594,2023-01-01T05:27:41
-18.013150,-8.895594,2023-01-01T05:27:42
-18.013150,-8.895594,2023-01-01T05:27:43
-18.013150,-8.895594,2023-01-01T05:27:44
-18.013150,-8.895594,2023-01-01T05:27:45
-18.013150,-8.895594,2023-01-01T05:27:46
-18.013150,-8.895594,2023-01-01T05:27:47
-18.013150,-8.895594,2023-01-01T05:27:48
-18.013150,-8.895594,2023-01-01T05:27:49
-18.013150,-8.895594,2023-01-01T05:27:50
-18.013150,-8.895594,2023-01-01T05:27:51
-18.013150,-8.895594,2023-01-01T05:27:52
-18.013150,-8.895594,2023-01-01T05:27:53
-18.013150,-8.895594,2023-01-01T05:27:54
-18.013150,-8.895594,2023-01-01T05:27:55
-18.013150,-8.895594,2023-01-01T05:27:56
-18.013150,-8.895594,2023-01-01T05:27:57
-18.013150,-8.895594,2023-01-01T05:27:58
-18.013150,-9.006789,2023-01-01T05:27:59
-18.013150,-9.006789,2023-01-01T05:28:00
-18.013150,-9.006789,2023-01-01T05:28:01
-18.013150,-9.006789,2023-01-01T05:28:02
-18.124342,-9.006789,2023-01-01T05:28:03
-18.124342,-9.006789,2023-01-01T05:28:04
-18.124342,-9.006789,2023-01-01T05:28:05
-18.124342,-9.006789,2023-01-01T05:28:06
-18.124342,-9.006789,2023-01-01T05:28:07
-18.124342,-9.006789,2023-01-01T05:28:08
-18.124342,-9.006789,2023-01-01T05:28:09
-18.124342,-9.006789,2023-01-01T05:28:10
-18.124342,-9.006789,2023-01-01T05:28:11
-18.124342,-9.006789,2023-01-01T05:28:12
-18.124342,-9.006789,2023-01-01T05:28:13
-18.124342,-9.006789,2023-01-01T05:28:14
-18.124342,-9.006789,2023-01-01T05:28:15
-18.124342,-9.006789,2023-01-01T05:28:16
-18.124342,-9.006789,2023-01-01T05:28:17
-18.124342,-9.006789,2023-01-01T05:28:18
-18.124342,-9.006789,2023-01-01T05:28:19
-18.124342,-9.006789,2023-01-01T05:28:20
-18.124342,-9.006789,2023-01-01T05:28:21
-18.124342,-9.006789,2023-01-01T05:28:22
-18.124342,-9.006789,2023-01-01T05:28:23
-18.235534,-9.006789,2023-01-01T05:28:24
-18.235534,-9.006789,2023-01-01T05:28:25
-18.235534,-9.117984,2023-01-01T05:28:26
-18.235534,-9.117984,2023-01-01T05:28:27
-18.235534,-9.117984,2023-01-01T05:28:28
-18.235534,-9.117984,2023-01-01T05:28:29
-18.235534,-9.117984,2023-01-01T05:28:30
-18.235534,-9.117984,2023-01-01T05:28:31
-18.235534,-9.117984,2023-01-01T05:28:32
-18.346727,-9.117984,2023-01-01T05:28:33
-18.346727,-9.117984,2023-01-01T05:28:34
-18.346727,-9.229179,2023-01-01T05:28:35
-18.346727,-9.229179,2023-01-01T05:28:36
-18.346727,-9.229179,2023-01-01T05:28:37
-18.346727,-9.229179,2023-01-01T05:28:38
-18.457919,-9.229179,2023-01-01T05:28:39
-18.457919,-9.229179,2023-01-01T05:28:40
-18.457919,-9.340374,2023-01-01T05:28:41
-18.457919,-9.340374,2023-01-01T05:28:42
-18.457919,-9.340374,2023-01-01T05:28:43
-18.457919,-9.340374,2023-01-01T05:28:44
-18.569111,-9.340374,2023-01-01T05:28:45
-18.569111,-9.340374,2023-01-01T05:28:46
-18.569111,-9.451569,2023-01-01T05:28:47
-18.569111,-9.451569,2023-01-01T05:28:48
-18.569111,-9.451569,2023-01-01T05:28:49
-18.569111,-9.451569,2023-01-01T05:28:50
-18.569111,-9.451569,2023-01-01T05:28:51
-18.569111,-9.451569,2023-01-01T05:28:52
-18.569111,-9.451569,2023-01-01T05:28:53
-18.569111,-9.451569,2023-01-01T05:28:54
-18.569111,-9.451569,2023-01-01T05:28:55
-18.680304,-9.451569,2023-01-01T05:28:56
-18.680304,-9.451569,2023-01-01T05:28:57
-18.680304,-9.451569,2023-01-01T05:28:58
-18.680304,-9.451569,2023-01-01T05:28:59
-18.680304,-9.451569,2023-01-01T05:29:00
-18.680304,-9.451569,2023-01-01T05:29:01
-18.680304,-9.451569,2023-01-01T05:29:02
-18.680304,-9.451569,2023-01-01T05:29:03
-18.680304,-9.451569,2023-01-01T05:29:04
-18.680304,-9.451569,2023-01-01T05:29:05
-18.680304,-9.451569,2023-01-01T05:29:06
-18.680304,-9.451569,2023-01-01T05:29:07
-18.680304,-9.451569,2023-01-01T05:29:08
-18.680304,-9.451569,2023-01-01T05:29:09
-18.680304,-9.451569,2023-01-01T05:29:10
-18.680304,-9.451569,2023-01-01T05:29:11
-18.680304,-9.451569,2023-01-01T05:29:12
-18.680304,-9.451569,2023-01-01T05:29:13
-18.680304,-9.451569,2023-01-01T05:29:14
-18.680304,-9.451569,2023-01-01T05:29:15
-18.680304,-9.451569,2023-01-01T05:29:16
-18.680304,-9.451569,2023-01-01T05:29:17
-18.680304,-9.451569,2023-01-01T05:29:18
-18.680304,-9.451569,2023-01-01T05:29:19
-18.680304,-9.451569,2023-01-01T05:29:20
-18.680304,-9.451569,2023-01-01T05:29:21
-18.680304,-9.451569,2023-01-01T05:29:22
-18.680304,-9.451569,2023-01-01T05:29:23
-18.680304,-9.340374,2023-01-01T05:29:24
-18.680304,-9.340374,2023-01-01T05:29:25
-18.680304,-9.340374,2023-01-01T05:29:26
-18.680304,-9.340374,2023-01-01T05:29:27
-18.680304,-9.340374,2023-01-01T05:29:28
-18.680304,-9.340374,2023-01-01T05:29:29
-18.680304,-9.340374,2023-01-01T05:29:30
-18.680304,-9.340374,2023-01-01T05:29:31
-18.680304,-9.340374,2023-01-01T05:29:32
-18.680304,-9.340374,2023-01-01T05:29:33
-18.680304,-9.340374,2023-01-01T05:29:34
-18.680304,-9.229179,2023-01-01T05:29:35
-18.680304,-9.229179,2023-01-01T05:29:36
-18.680304,-9.229179,2023-01-01T05:29:37
-18.680304,-9.229179,2023-01-01T05:29:38
-18.680304,-9.229179,2023-01-01T05:29:39
-18.680304,-9.229179,2023-01-01T05:29:40
-18.680304,-9.229179,2023-01-01T05:29:41
-18.680304,-9.229179,2023-01-01T05:29:42
-18.680304,-9.229179,2023-01-01T05:29:43
-18.680304,-9.229179,2023-01-01T05:29:44
-18.680304,-9.229179,2023-01-01T05:29:45
-18.680304,-9.229179,2023-01-01T05:29:46
-18.680304,-9.229179,2023-01-01T05:29:47
-18.680304,-9.229179,2023-01-01T05:29:48
-18.680304,-9.229179,2023-01-01T05:29:49
-18.680304,-9.229179,2023-01-01T05:29:50
-18.680304,-9.229179,2023-01-01T05:29:51
-18.680304,-9.117984,2023-01-01T05:29:52
-18.680304,-9.117984,2023-01-01T05:29:53
-18.680304,-9.117984,2023-01-01T05:29:54
-18.680304,-9.117984,2023-01-01T05:29:55
-18.680304,-9.117984,2023-01-01T05:29:56
-18.680304,-9.117984,2023-01-01T05:29:57
-18.680304,-9.117984,2023-01-01T05:29:58
-18.680304,-9.117984,2023-01-01T05:29:59
-18.680304,-9.117984,2023-01-01T05:30:00
-18.569111,-9.117984,2023-01-01T05:30:01
-18.569111,-9.117984,2023-01-01T05:30:02
-18.569111,-9.117984,2023-01-01T05:30:03
-18.569111,-9.117984,2023-01-01T05:30:04
-18.569111,-9.117984,2023-01-01T05:30:05
-18.569111,-9.117984,2023-01-01T05:30:06
-18.569111,-9.117984,2023-01-01T05:30:07
-18.569111,-9.117984,2023-01-01T05:30:08
-18.569111,-9.117984,2023-01-01T05:30:09
-18.569111,-9.117984,2023-01-01T05:30:10
-18.569111,-9.117984,2023-01-01T05:30:11
-18.569111,-9.117984,2023-01-01T05:30:12
-18.569111,-9.117984,2023-01-01T05:30:13
-18.569111,-9.117984,2023-01-01T05:30:14
-18.569111,-9.117984,2023-01-01T05:30:15
-18.569111,-9.117984,2023-01-01T05:30:16
-18.569111,-9.117984,2023-01-01T05:30:17
-18.569111,-9.117984,2023-01-01T05:30:18
-18.569111,-9.117984,2023-01-01T05:30:19
-18.569111,-9.117984,2023-01-01T05:30:20
-18.569111,-9.117984,2023-01-01T05:30:21
-18.569111,-9.117984,2023-01-01T05:30:22
-18.569111,-9.117984,2023-01-01T05:30:23
-18.569111,-9.117984,2023-01-01T05:30:24
-18.569111,-9.117984,2023-01-01T05:30:25
-18.680304,-9.117984,2023-01-01T05:30:26
-18.680304,-9.117984,2023-01-01T05:30:27
-18.680304,-9.117984,2023-01-01T05:30:28
-18.680304,-9.117984,2023-01-01T05:30:29
-18.680304,-9.117984,2023-01-01T05:30:30
-18.680304,-9.117984,2023-01-01T05:30:31
-18.680304,-9.117984,2023-01-01T05:30:32
-18.680304,-9.117984,2023-01-01T05:30:33
-18.680304,-9.117984,2023-01-01T05:30:34
-18.680304,-9.117984,2023-01-01T05:30:35
-18.680304,-9.117984,2023-01-01T05:30:36
-18.680304,-9.117984,2023-01-01T05:30:37
-18.680304,-9.117984,2023-01-01T05:30:38
-18.680304,-9.117984,2023-01-01T05:30:39
-18.680304,-9.117984,2023-01-01T05:30:40
-18.680304,-9.117984,2023-01-01T05:30:41
-18.680304,-9.117984,2023-01-01T05:30:42
-18.680304,-9.117984,2023-01-01T05:30:43
-18.680304,-9.117984,2023-01-01T05:30:44
-18.680304,-9.117984,2023-01-01T05:30:45
-18.680304,-9.117984,2023-01-01T05:30:46
-18.680304,-9.117984,2023-01-01T05:30:47
-18.680304,-9.117984,2023-01-01T05:30:48
-18.680304,-9.117984,2023-01-01T05:30:49
-18.680304,-9.117984,2023-01-01T05:30:50
-18.680304,-9.117984,2023-01-01T05:30:51
-18.680304,-9.117984,2023-01-01T05:30:52
-18.680304,-9.117984,2023-01-01T05:30:53
-18.680304,-9.117984,2023-01-01T05:30:54
-18.680304,-9.117984,2023-01-01T05:30:55
-18.680304,-9.117984,2023-01-01T05:30:56
-18.680304,-9.117984,2023-01-01T05:30:57
-18.680304,-9.117984,2023-01-01T05:30:58
-18.680304,-9.117984,2023-01-01T05:30:59
-18.680304,-9.117984,2023-01-01T05:31:00
-18.680304,-9.117984,2023-01-01T05:31:01
-18.680304,-9.117984,2023-01-01T05:31:02
-18.680304,-9.117984,2023-01-01T05:31:03
-18.680304,-9.117984,2023-01-01T05:31:04
-18.680304,-9.117984,2023-01-01T05:31:05
-18.680304,-9.117984,2023-01-01T05:31:06
-18.680304,-9.117984,2023-01-01T05:31:07
-18.680304,-9.117984,2023-01-01T05:31:08
-18.680304,-9.117984,2023-01-01T05:31:09
-18.680304,-9.117984,2023-01-01T05:31:10
-18.680304,-9.117984,2023-01-01T05:31:11
-18.680304,-9.117984,2023-01-01T05:31:12
-18.680304,-9.117984,2023-01-01T05:31:13
-18.680304,-9.117984,2023-01-01T05:31:14
-18.680304,-9.117984,2023-01-01T05:31:15
-18.569111,-9.117984,2023-01-01T05:31:16
-18.569111,-9.117984,2023-01-01T05:31:17
-18.569111,-9.117984,2023-01-01T05:31:18
-18.569111,-9.117984,2023-01-01T05:31:19
-18.569111,-9.117984,2023-01-01T05:31:20
-18.569111,-9.117984,2023-01-01T05:31:21
-18.569111,-9.117984,2023-01-01T05:31:22
-18.569111,-9.117984,2023-01-01T05:31:23
-18.569111,-9.117984,2023-01-01T05:31:24
-18.569111,-9.117984,2023-01-01T05:31:25
-18.569111,-9.117984,2023-01-01T05:31:26
-18.569111,-9.117984,2023-01-01T05:31:27
-18.569111,-9.117984,2023-01-01T05:31:28
-18.569111,-9.117984,2023-01-01T05:31:29
-18.569111,-9.117984,2023-01-01T05:31:30
-18.569111,-9.006789,2023-01-01T05:31:31
-18.569111,-9.006789,2023-01-01T05:31:32
-18.569111,-9.006789,2023-01-01T05:31:33
-18.569111,-9.006789,2023-01-01T05:31:34
-18.569111,-9.006789,2023-01-01T05:31:35
-18.569111,-9.006789,2023-01-01T05:31:36
-18.569111,-9.006789,2023-01-01T05:31:37
-18.569111,-9.006789,2023-01-01T05:31:38
-18.569111,-9.006789,2023-01-01T05:31:39
-18.569111,-9.006789,2023-01-01T05:31:40
-18.569111,-9.006789,2023-01-01T05:31:41
-18.569111,-9.006789,2023-01-01T05:31:42
-18.569111,-9.006789,2023-01-01T05:31:43
-18.569111,-9.006789,2023-01-01T05:31:44
-18.569111,-9.006789,2023-01-01T05:31:45
-18.569111,-9.006789,2023-01-01T05:31:46
-18.569111,-9.006789,2023-01-01T05:31:47
-18.569111,-9.006789,2023-01-01T05:31:48
-18.569111,-9.006789,2023-01-01T05:31:49
-18.569111,-9.006789,2023-01-01T05:31:50
-18.569111,-9.006789,2023-01-01T05:31:51
-18.569111,-9.006789,2023-01-01T05:31:52
-18.569111,-9.006789,2023-01-01T05:31:53
-18.569111,-9.006789,2023-01-01T05:31:54
-18.569111,-9.006789,2023-01-01T05:31:55
-18.569111,-9.006789,2023-01-01T05:31:56
-18.569111,-9.006789,2023-01-01T05:31:57
-18.569111,-9.006789,2023-01-01T05:31:58
-18.569111,-9.006789,2023-01-01T05:31:59
-18.569111,-9.006789,2023-01-01T05:32:00
-18.569111,-9.006789,2023-01-01T05:32:01
-18.569111,-9.006789,2023-01-01T05:32:02
-18.569111,-9.006789,2023-01-01T05:32:03
-18.569111,-9.006789,2023-01-01T05:32:04
-18.569111,-9.006789,2023-01-01T05:32:05
-18.569111,-9.006789,2023-01-01T05:32:06
-18.569111,-9.006789,2023-01-01T05:32:07
-18.569111,-9.006789,2023-01-01T05:32:08
-18.569111,-9.006789,2023-01-01T05:32:09
-18.569111,-9.006789,2023-01-01T05:32:10
-18.569111,-9.006789,2023-01-01T05:32:11
-18.569111,-9.006789,2023-01-01T05:32:12
-18.569111,-9.006789,2023-01-01T05:32:13
-18.569111,-9.006789,2023-01-01T05:32:14
-18.569111,-9.006789,2023-01-01T05:32:15
-18.569111,-9.006789,2023-01-01T05:32:16
-18.569111,-9.006789,2023-01-01T05:32:17
-18.569111,-9.006789,2023-01-01T05:32:18
-18.569111,-9.006789,2023-01-01T05:32:19
-18.569111,-9.006789,2023-01-01T05:32:20
-18.569111,-9.006789,2023-01-01T05:32:21
-18.569111,-9.006789,2023-01-01T05:32:22
-18.569111,-8.895594,2023-01-01T05:32:23
-18.569111,-8.895594,2023-01-01T05:32:24
-18.569111,-8.895594,2023-01-01T05:32:25
-18.569111,-8.895594,2023-01-01T05:32:26
-18.569111,-8.895594,2023-01-01T05:32:27
-18.569111,-8.895594,2023-01-01T05:32:28
-18.569111,-8.895594,2023-01-01T05:32:29
-18.569111,-8.895594,2023-01-01T05:32:30
-18.569111,-8.784399,2023-01-01T05:32:31
-18.569111,-8.784399,2023-01-01T05:32:32
-18.569111,-8.784399,2023-01-01T05:32:33
-18.569111,-8.784399,2023-01-01T05:32:34
-18.569111,-8.784399,2023-01-01T05:32:35
-18.457919,-8.784399,2023-01-01T05:32:36
-18.457919,-8.673204,2023-01-01T05:32:37
-18.457919,-8.673204,2023-01-01T05:32:38
-18.457919,-8.673204,2023-01-01T05:32:39
-18.457919,-8.673204,2023-01-01T05:32:40
-18.457919,-8.673204,2023-01-01T05:32:41
-18.457919,-8.673204,2023-01-01T05:32:42
-18.457919,-8.562009,2023-01-01T05:32:43
-18.457919,-8.562009,2023-01-01T05:32:44
-18.457919,-8.562009,2023-01-01T05:32:45
-18.457919,-8.562009,2023-01-01T05:32:46
-18.457919,-8.562009,2023-01-01T05:32:47
-18.346727,-8.562009,2023-01-01T05:32:48
-18.346727,-8.450814,2023-01-01T05:32:49
-18.346727,-8.450814,2023-01-01T05:32:50
-18.346727,-8.450814,2023-01-01T05:32:51
-18.346727,-8.450814,2023-01-01T05:32:52
-18.346727,-8.450814,2023-01-01T05:32:53
-18.457919,-8.450814,2023-01-01T05:32:54
-18.457919,-8.450814,2023-01-01T05:32:55
-18.457919,-8.450814,2023-01-01T05:32:56
-18.457919,-8.450814,2023-01-01T05:32:57
-18.457919,-8.450814,2023-01-01T05:32:58
-18.457919,-8.450814,2023-01-01T05:32:59
-18.457919,-8.450814,2023-01-01T05:33:00
-18.457919,-8.450814,2023-01-01T05:33:01
-18.457919,-8.450814,2023-01-01T05:33:02
-18.457919,-8.450814,2023-01-01T05:33:03
-18.457919,-8.450814,2023-01-01T05:33:04
-18.457919,-8.450814,2023-01-01T05:33:05
-18.457919,-8.450814,2023-01-01T05:33:06
-18.457919,-8.339619,2023-01-01T05:33:07
-18.457919,-8.339619,2023-01-01T05:33:08
-18.457919,-8.339619,2023-01-01T05:33:09
-18.457919,-8.339619,2023-01-01T05:33:10
-18.457919,-8.339619,2023-01-01T05:33:11
-18.457919,-8.339619,2023-01-01T05:33:12
-18.457919,-8.339619,2023-01-01T05:33:13
-18.457919,-8.339619,2023-01-01T05:33:14
-18.457919,-8.339619,2023-01-01T05:33:15
-18.457919,-8.339619,2023-01-01T05:33:16
-18.457919,-8.339619,2023-01-01T05:33:17
-18.569111,-8.339619,2023-01-01T05:33:18
-18.569111,-8.339619,2023-01-01T05:33:19
-18.569111,-8.339619,2023-01-01T05:33:20
-18.569111,-8.339619,2023-01-01T05:33:21
-18.569111,-8.339619,2023-01-01T05:33:22
-18.569111,-8.339619,2023-01-01T05:33:23
-18.569111,-8.339619,2023-01-01T05:33:24
-18.569111,-8.339619,2023-01-01T05:33:25
-18.569111,-8.339619,2023-01-01T05:33:26
-18.569111,-8.450814,2023-01-01T05:33:27
-18.569111,-8.450814,2023-01-01T05:33:28
-18.569111,-8.450814,2023-01-01T05:33:29
-18.569111,-8.450814,2023-01-01T05:33:30
-18.569111,-8.450814,2023-01-01T05:33:31
-18.680304,-8.450814,2023-01-01T05:33:32
-18.680304,-8.450814,2023-01-01T05:33:33
-18.680304,-8.450814,2023-01-01T05:33:34
-18.680304,-8.450814,2023-01-01T05:33:35
-18.680304,-8.450814,2023-01-01T05:33:36
-18.680304,-8.450814,2023-01-01T05:33:37
-18.680304,-8.450814,2023-01-01T05:33:38
-18.680304,-8.450814,2023-01-01T05:33:39
-18.680304,-8.450814,2023-01-01T05:33:40
-18.680304,-8.450814,2023-01-01T05:33:41
-18.680304,-8.450814,2023-01-01T05:33:42
-18.680304,-8.450814,2023-01-01T05:33:43
-18.680304,-8.450814,2023-01-01T05:33:44
-18.680304,-8.562009,2023-01-01T05:33:45
-18.791496,-8.562009,2023-01-01T05:33:46
-18.791496,-8.562009,2023-01-01T05:33:47
-18.791496,-8.562009,2023-01-01T05:33:48
-18.791496,-8.562009,2023-01-01T05:33:49
-18.791496,-8.562009,2023-01-01T05:33:50
-18.791496,-8.562009,2023-01-01T05:33:51
-18.791496,-8.562009,2023-01-01T05:33:52
-18.791496,-8.562009,2023-01-01T05:33:53
-18.791496,-8.562009,2023-01-01T05:33:54
-18.791496,-8.562009,2023-01-01T05:33:55
-18.791496,-8.562009,2023-01-01T05:33:56
-18.791496,-8.562009,2023-01-01T05:33:57
-18.791496,-8.562009,2023-01-01T05:33:58
-18.902688,-8.562009,2023-01-01T05:33:59
-18.902688,-8.562009,2023-01-01T05:34:00
-18.902688,-8.562009,2023-01-01T05:34:01
-18.902688,-8.673204,2023-01-01T05:34:02
-18.902688,-8.673204,2023-01-01T05:34:03
-18.902688,-8.673204,2023-01-01T05:34:04
-18.902688,-8.673204,2023-01-01T05:34:05
-18.902688,-8.673204,2023-01-01T05:34:06
-18.902688,-8.673204,2023-01-01T05:34:07
-18.902688,-8.673204,2023-01-01T05:34:08
-18.902688,-8.673204,2023-01-01T05:34:09
-18.902688,-8.673204,2023-01-01T05:34:10
-18.902688,-8.673204,2023-01-01T05:34:11
-18.902688,-8.673204,2023-01-01T05:34:12
-18.902688,-8.673204,2023-01-01T05:34:13
-18.902688,-8.673204,2023-01-01T05:34:14
-19.013880,-8.673204,2023-01-01T05:34:15
-19.013880,-8.673204,2023-01-01T05:34:16
-19.013880,-8.673204,2023-01-01T05:34:17
-19.013880,-8.673204,2023-01-01T05:34:18
-19.013880,-8.673204,2023-01-01T05:34:19
-19.013880,-8.784399,2023-01-01T05:34:20
-19.013880,-8.784399,2023-01-01T05:34:21
-19.013880,-8.784399,2023-01-01T05:34:22
-19.013880,-8.784399,2023-01-01T05:34:23
-19.013880,-8.784399,2023-01-01T05:34:24
-19.013880,-8.784399,2023-01-01T05:34:25
-19.013880,-8.784399,2023-01-01T05:34:26
-19.013880,-8.784399,2023-01-01T05:34:27
-19.013880,-8.784399,2023-01-01T05:34:28
-19.013880,-8.784399,2023-01-01T05:34:29
-19.013880,-8.784399,2023-01-01T05:34:30
-19.013880,-8.784399,2023-01-01T05:34:31
-19.013880,-8.784399,2023-01-01T05:34:32
-19.013880,-8.784399,2023-01-01T05:34:33
-19.013880,-8.784399,2023-01-01T05:34:34
-19.013880,-8.784399,2023-01-01T05:34:35
-19.013880,-8.784399,2023-01-01T05:34:36
-19.013880,-8.784399,2023-01-01T05:34:37
-19.013880,-8.895594,2023-01-01T05:34:38
-19.013880,-8.895594,2023-01-01T05:34:39
-19.013880,-8.895594,2023-01-01T05:34:40
-19.013880,-8.895594,2023-01-01T05:34:41
-19.125073,-8.895594,2023-01-01T05:34:42
-19.125073,-8.895594,2023-01-01T05:34:43
-19.125073,-8.895594,2023-01-01T05:34:44
-19.125073,-8.895594,2023-01-01T05:34:45
-19.125073,-8.895594,2023-01-01T05:34:46
-19.125073,-8.895594,2023-01-01T05:34:47
-19.125073,-8.895594,2023-01-01T05:34:48
-19.125073,-8.895594,2023-01-01T05:34:49
-19.125073,-8.895594,2023-01-01T05:34:50
-19.125073,-8.895594,2023-01-01T05:34:51
-19.125073,-8.895594,2023-01-01T05:34:52
-19.125073,-8.895594,2023-01-01T05:34:53
-19.125073,-8.895594,2023-01-01T05:34:54
-19.125073,-8.895594,2023-01-01T05:34:55
-19.125073,-8.895594,2023-01-01T05:34:56
-19.125073,-8.895594,2023-01-01T05:34:57
-19.125073,-8.895594,2023-01-01T05:34:58
-19.125073,-8.895594,2023-01-01T05:34:59
-19.125073,-8.895594,2023-01-01T05:35:00
-19.125073,-8.895594,2023-01-01T05:35:01
-19.125073,-8.895594,2023-01-01T05:35:02
-19.125073,-8.895594,2023-01-01T05:35:03
-19.125073,-8.895594,2023-01-01T05:35:04
-19.125073,-8.895594,2023-01-01T05:35:05
-19.125073,-8.895594,2023-01-01T05:35:06
-19.125073,-8.895594,2023-01-01T05:35:07
-19.125073,-8.895594,2023-01-01T05:35:08
-19.125073,-8.895594,2023-01-01T05:35:09
-19.125073,-8.895594,2023-01-01T05:35:10
-19.125073,-8.895594,2023-01-01T05:35:11
-19.125073,-8.895594,2023-01-01T05:35:12
-19.125073,-8.895594,2023-01-01T05:35:13
-19.125073,-8.895594,2023-01-01T05:35:14
-19.125073,-8.895594,2023-01-01T05:35:15
-19.125073,-8.895594,2023-01-01T05:35:16
-19.125073,-8.895594,2023-01-01T05:35:17
-19.125073,-8.895594,2023-01-01T05:35:18
-19.125073,-8.895594,2023-01-01T05:35:19
-19.125073,-8.895594,2023-01-01T05:35:20
-19.125073,-8.895594,2023-01-01T05:35:21
-19.125073,-8.895594,2023-01-01T05:35:22
-19.125073,-8.895594,2023-01-01T05:35:23
-19.125073,-8.895594,2023-01-01T05:35:24
-19.125073,-9.006789,2023-01-01T05:35:25
-19.125073,-9.006789,2023-01-01T05:35:26
-19.125073,-9.006789,2023-01-01T05:35:27
-19.125073,-9.006789,2023-01-01T05:35:28
-19.125073,-9.006789,2023-01-01T05:35:29
-19.125073,-9.006789,2023-01-01T05:35:30
-19.125073,-9.006789,2023-01-01T05:35:31
-19.125073,-9.006789,2023-01-01T05:35:32
-19.125073,-9.006789,2023-01-01T05:35:33
-19.125073,-9.006789,2023-01-01T05:35:34
-19.125073,-9.006789,2023-01-01T05:35:35
-19.125073,-9.006789,2023-01-01T05:35:36
-19.125073,-9.006789,2023-01-01T05:35:37
-19.125073,-9.006789,2023-01-01T05:35:38
-19.125073,-9.006789,2023-01-01T05:35:39
-19.125073,-9.006789,2023-01-01T05:35:40
-19.125073,-9.006789,2023-01-01T05:35:41
-19.125073,-9.006789,2023-01-01T05:35:42
-19.125073,-9.006789,2023-01-01T05:35:43
-19.125073,-9.006789,2023-01-01T05:35:44
-19.125073,-9.006789,2023-01-01T05:35:45
-19.125073,-9.006789,2023-01-01T05:35:46
-19.125073,-9.006789,2023-01-01T05:35:47
-19.125073,-9.006789,2023-01-01T05:35:48
-19.125073,-9.006789,2023-01-01T05:35:49
-19.125073,-9.006789,2023-01-01T05:35:50
-19.125073,-9.006789,2023-01-01T05:35:51
-19.125073,-9.006789,2023-01-01T05:35:52
-19.125073,-9.006789,2023-01-01T05:35:53
-19.125073,-9.006789,2023-01-01T05:35:54
-19.125073,-9.006789,2023-01-01T05:35:55
-19.125073,-9.006789,2023-01-01T05:35:56
-19.125073,-9.006789,2023-01-01T05:35:57
-19.125073,-9.006789,2023-01-01T05:35:58
-19.125073,-9.006789,2023-01-01T05:35:59
-19.125073,-9.006789,2023-01-01T05:36:00
-19.125073,-9.006789,2023-01-01T05:36:01
-19.125073,-9.006789,2023-01-01T05:36:02
-19.125073,-9.006789,2023-01-01T05:36:03
-19.125073,-9.006789,2023-01-01T05:36:04
-19.125073,-9.006789,2023-01-01T05:36:05
-19.125073,-9.006789,2023-01-01T05:36:06
-19.125073,-9.006789,2023-01-01T05:36:07
-19.125073,-9.006789,2023-01-01T05:36:08
-19.125073,-9.006789,2023-01-01T05:36:09
-19.125073,-9.006789,2023-01-01T05:36:10
-19.125073,-9.006789,2023-01-01T05:36:11
-19.125073,-9.006789,2023-01-01T05:36:12
-19.125073,-9.117984,2023-01-01T05:36:13
-19.125073,-9.117984,2023-01-01T05:36:14
-19.125073,-9.117984,2023-01-01T05:36:15
-19.125073,-9.117984,2023-01-01T05:36:16
-19.125073,-9.117984,2023-01-01T05:36:17
-19.125073,-9.117984,2023-01-01T05:36:18
-19.125073,-9.117984,2023-01-01T05:36:19
-19.125073,-9.117984,2023-01-01T05:36:20
-19.125073,-9.117984,2023-01-01T05:36:21
-19.125073,-9.117984,2023-01-01T05:36:22
-19.125073,-9.117984,2023-01-01T05:36:23
-19.125073,-9.117984,2023-01-01T05:36:24
-19.125073,-9.117984,2023-01-01T05:36:25
-19.125073,-9.117984,2023-01-01T05:36:26
-19.125073,-9.117984,2023-01-01T05:36:27
-19.013880,-9.117984,2023-01-01T05:36:28
-19.013880,-9.117984,2023-01-01T05:36:29
-19.013880,-9.117984,2023-01-01T05:36:30
-19.013880,-9.117984,2023-01-01T05:36:31
-19.013880,-9.117984,2023-01-01T05:36:32
-19.013880,-9.117984,2023-01-01T05:36:33
-19.013880,-9.117984,2023-01-01T05:36:34
-19.013880,-9.117984,2023-01-01T05:36:35
-19.013880,-9.117984,2023-01-01T05:36:36
-19.013880,-9.117984,2023-01-01T05:36:37
-19.013880,-9.117984,2023-01-01T05:36:38
-19.013880,-9.117984,2023-01-01T05:36:39
-19.013880,-9.117984,2023-01-01T05:36:40
-19.013880,-9.117984,2023-01-01T05:36:41
-19.013880,-9.117984,2023-01-01T05:36:42
-19.013880,-9.117984,2023-01-01T05:36:43
-19.013880,-9.117984,2023-01-01T05:36:44
-19.013880,-9.117984,2023-01-01T05:36:45
-19.013880,-9.117984,2023-01-01T05:36:46
-19.013880,-9.117984,2023-01-01T05:36:47
-19.013880,-9.117984,2023-01-01T05:36:48
-19.013880,-9.117984,2023-01-01T05:36:49
-19.013880,-9.117984,2023-01-01T05:36:50
-19.013880,-9.117984,2023-01-01T05:36:51
-19.013880,-9.229179,2023-01-01T05:36:52
-19.013880,-9.229179,2023-01-01T05:36:53
-19.013880,-9.229179,2023-01-01T05:36:54
-19.013880,-9.229179,2023-01-01T05:36:55
-19.013880,-9.229179,2023-01-01T05:36:56
-19.013880,-9.229179,2023-01-01T05:36:57
-19.013880,-9.229179,2023-01-01T05:36:58
-19.013880,-9.229179,2023-01-01T05:36:59
-19.013880,-9.229179,2023-01-01T05:37:00
-19.013880,-9.229179,2023-01-01T05:37:01
-19.013880,-9.229179,2023-01-01T05:37:02
-19.013880,-9.229179,2023-01-01T05:37:03
-19.013880,-9.229179,2023-01-01T05:37:04
-19.013880,-9.229179,2023-01-01T05:37:05
-19.013880,-9.229179,2023-01-01T05:37:06
-19.013880,-9.229179,2023-01-01T05:37:07
-19.013880,-9.229179,2023-01-01T05:37:08
-19.013880,-9.229179,2023-01-01T05:37:09
-19.013880,-9.229179,2023-01-01T05:37:10
-19.013880,-9.229179,2023-01-01T05:37:11
-19.013880,-9.229179,2023-01-01T05:37:12
-19.013880,-9.229179,2023-01-01T05:37:13
-19.013880,-9.229179,2023-01-01T05:37:14
-19.013880,-9.229179,2023-01-01T05:37:15
-19.013880,-9.229179,2023-01-01T05:37:16
-19.013880,-9.229179,2023-01-01T05:37:17
-19.013880,-9.229179,2023-01-01T05:37:18
-19.013880,-9.229179,2023-01-01T05:37:19
-19.013880,-9.229179,2023-01-01T05:37:20
-19.013880,-9.229179,2023-01-01T05:37:21
-19.013880,-9.229179,2023-01-01T05:37:22
-19.013880,-9.229179,2023-01-01T05:37:23
-19.013880,-9.229179,2023-01-01T05:37:24
-19.013880,-9.229179,2023-01-01T05:37:25
-19.013880,-9.229179,2023-01-01T05:37:26
-19.013880,-9.229179,2023-01-01T05:37:27
-19.013880,-9.229179,2023-01-01T05:37:28
-19.013880,-9.229179,2023-01-01T05:37:29
-19.013880,-9.229179,2023-01-01T05:37:30
-19.013880,-9.229179,2023-01-01T05:37:31
-19.013880,-9.229179,2023-01-01T05:37:32
-19.013880,-9.229179,2023-01-01T05:37:33
-19.013880,-9.229179,2023-01-01T05:37:34
-19.013880,-9.229179,2023-01-01T05:37:35
-19.013880,-9.229179,2023-01-01T05:37:36
-19.013880,-9.229179,2023-01-01T05:37:37
-19.013880,-9.229179,2023-01-01T05:37:38
-19.013880,-9.229179,2023-01-01T05:37:39
-19.013880,-9.229179,2023-01-01T05:37:40
-19.013880,-9.229179,2023-01-01T05:37:41
-19.013880,-9.229179,2023-01-01T05:37:42
-19.013880,-9.229179,2023-01-01T05:37:43
-19.013880,-9.229179,2023-01-01T05:37:44
-19.013880,-9.229179,2023-01-01T05:37:45
-19.013880,-9.229179,2023-01-01T05:37:46
-19.013880,-9.229179,2023-01-01T05:37:47
-19.013880,-9.229179,2023-01-01T05:37:48
-19.013880,-9.229179,2023-01-01T05:37:49
-19.013880,-9.229179,2023-01-01T05:37:50
-19.013880,-9.229179,2023-01-01T05:37:51
-19.013880,-9.229179,2023-01-01T05:37:52
-19.013880,-9.229179,2023-01-01T05:37:53
-19.013880,-9.229179,2023-01-01T05:37:54
-19.013880,-9.229179,2023-01-01T05:37:55
-19.013880,-9.229179,2023-01-01T05:37:56
-19.013880,-9.229179,2023-01-01T05:37:57
-19.013880,-9.229179,2023-01-01T05:37:58
-19.013880,-9.229179,2023-01-01T05:37:59
-19.013880,-9.229179,2023-01-01T05:38:00
-19.013880,-9.229179,2023-01-01T05:38:01
-18.902688,-9.229179,2023-01-01T05:38:02
-18.902688,-9.229179,2023-01-01T05:38:03
-18.902688,-9.229179,2023-01-01T05:38:04
-18.902688,-9.229179,2023-01-01T05:38:05
-18.902688,-9.229179,2023-01-01T05:38:06
-18.902688,-9.229179,2023-01-01T05:38:07
-18.902688,-9.229179,2023-01-01T05:38:08
-18.902688,-9.229179,2023-01-01T05:38:09
-18.902688,-9.229179,2023-01-01T05:38:10
-18.902688,-9.229179,2023-01-01T05:38:11
-18.902688,-9.229179,2023-01-01T05:38:12
-18.902688,-9.117984,2023-01-01T05:38:13
-18.902688,-9.117984,2023-01-01T05:38:14
-18.902688,-9.117984,2023-01-01T05:38:15
-18.902688,-9.117984,2023-01-01T05:38:16
-18.902688,-9.117984,2023-01-01T05:38:17
-18.902688,-9.117984,2023-01-01T05:38:18
-18.902688,-9.117984,2023-01-01T05:38:19
-18.902688,-9.117984,2023-01-01T05:38:20
-18.902688,-9.117984,2023-01-01T05:38:21
-18.902688,-9.117984,2023-01-01T05:38:22
-18.902688,-9.117984,2023-01-01T05:38:23
-18.902688,-9.117984,2023-01-01T05:38:24
-18.902688,-9.117984,2023-01-01T05:38:25
-18.902688,-9.117984,2023-01-01T05:38:26
-18.902688,-9.117984,2023-01-01T05:38:27
-18.902688,-9.117984,2023-01-01T05:38:28
-18.902688,-9.117984,2023-01-01T05:38:29
-18.902688,-9.117984,2023-01-01T05:38:30
-18.902688,-9.117984,2023-01-01T05:38:31
-18.902688,-9.117984,2023-01-01T05:38:32
-18.902688,-9.117984,2023-01-01T05:38:33
-18.902688,-9.117984,2023-01-01T05:38:34
-18.902688,-9.117984,2023-01-01T05:38:35
-18.902688,-9.117984,2023-01-01T05:38:36
-18.902688,-9.117984,2023-01-01T05:38:37
-18.902688,-9.117984,2023-01-01T05:38:38
-18.902688,-9.117984,2023-01-01T05:38:39
-18.902688,-9.117984,2023-01-01T05:38:40
-18.902688,-9.117984,2023-01-01T05:38:41
-18.902688,-9.117984,2023-01-01T05:38:42
-18.902688,-9.117984,2023-01-01T05:38:43
-18.902688,-9.117984,2023-01-01T05:38:44
-18.902688,-9.117984,2023-01-01T05:38:45
-18.902688,-9.117984,2023-01-01T05:38:46
-18.902688,-9.117984,2023-01-01T05:38:47
-18.902688,-9.117984,2023-01-01T05:38:48
-18.902688,-9.117984,2023-01-01T05:38:49
-18.902688,-9.117984,2023-01-01T05:38:50
-18.902688,-9.117984,2023-01-01T05:38:51
-18.902688,-9.117984,2023-01-01T05:38:52
-18.902688,-9.229179,2023-01-01T05:38:53
-18.902688,-9.229179,2023-01-01T05:38:54
-18.902688,-9.229179,2023-01-01T05:38:55
-18.902688,-9.229179,2023-01-01T05:38:56
-18.902688,-9.229179,2023-01-01T05:38:57
-18.902688,-9.229179,2023-01-01T05:38:58
-18.902688,-9.229179,2023-01-01T05:38:59
-18.902688,-9.229179,2023-01-01T05:39:00
-18.902688,-9.229179,2023-01-01T05:39:01
-18.902688,-9.229179,2023-01-01T05:39:02
-18.902688,-9.229179,2023-01-01T05:39:03
-18.902688,-9.229179,2023-01-01T05:39:04
-18.902688,-9.229179,2023-01-01T05:39:05
-18.902688,-9.229179,2023-01-01T05:39:06
-18.902688,-9.229179,2023-01-01T05:39:07
-18.902688,-9.229179,2023-01-01T05:39:08
-18.902688,-9.229179,2023-01-01T05:39:09
-18.902688,-9.229179,2023-01-01T05:39:10
-18.902688,-9.229179,2023-01-01T05:39:11
-18.902688,-9.229179,2023-01-01T05:39:12
-18.902688,-9.229179,2023-01-01T05:39:13
-18.902688,-9.229179,2023-01-01T05:39:14
-18.902688,-9.340374,2023-01-01T05:39:15
-18.902688,-9.340374,2023-01-01T05:39:16
-18.902688,-9.340374,2023-01-01T05:39:17
-18.902688,-9.340374,2023-01-01T05:39:18
-18.902688,-9.340374,2023-01-01T05:39:19
-18.902688,-9.340374,2023-01-01T05:39:20
-18.902688,-9.340374,2023-01-01T05:39:21
-18.902688,-9.340374,2023-01-01T05:39:22
-18.902688,-9.340374,2023-01-01T05:39:23
-18.902688,-9.340374,2023-01-01T05:39:24
-18.902688,-9.340374,2023-01-01T05:39:25
-18.902688,-9.340374,2023-01-01T05:39:26
-18.902688,-9.229179,2023-01-01T05:39:27
-18.902688,-9.229179,2023-01-01T05:39:28
-18.902688,-9.229179,2023-01-01T05:39:29
-18.902688,-9.229179,2023-01-01T05:39:30
-18.902688,-9.229179,2023-01-01T05:39:31
-18.902688,-9.229179,2023-01-01T05:39:32
-18.902688,-9.229179,2023-01-01T05:39:33
-18.902688,-9.229179,2023-01-01T05:39:34
-18.902688,-9.229179,2023-01-01T05:39:35
-18.902688,-9.229179,2023-01-01T05:39:36
-18.902688,-9.229179,2023-01-01T05:39:37
-18.902688,-9.229179,2023-01-01T05:39:38
-18.902688,-9.229179,2023-01-01T05:39:39
-18.902688,-9.229179,2023-01-01T05:39:40
-18.902688,-9.229179,2023-01-01T05:39:41
-18.902688,-9.229179,2023-01-01T05:39:42
-18.902688,-9.229179,2023-01-01T05:39:43
-18.902688,-9.229179,2023-01-01T05:39:44
-18.902688,-9.229179,2023-01-01T05:39:45
-18.902688,-9.229179,2023-01-01T05:39:46
-18.902688,-9.229179,2023-01-01T05:39:47
-18.902688,-9.229179,2023-01-01T05:39:48
-18.902688,-9.229179,2023-01-01T05:39:49
-18.902688,-9.229179,2023-01-01T05:39:50
-18.902688,-9.229179,2023-01-01T05:39:51
-18.902688,-9.229179,2023-01-01T05:39:52
-18.902688,-9.229179,2023-01-01T05:39:53
-18.902688,-9.229179,2023-01-01T05:39:54
-18.902688,-9.229179,2023-01-01T05:39:55
-18.902688,-9.229179,2023-01-01T05:39:56
-18.902688,-9.229179,2023-01-01T05:39:57
-18.902688,-9.229179,2023-01-01T05:39:58
-18.902688,-9.229179,2023-01-01T05:39:59
-18.902688,-9.229179,2023-01-01T05:40:00
-18.902688,-9.117984,2023-01-01T05:40:01
-18.902688,-9.117984,2023-01-01T05:40:02
-18.902688,-9.117984,2023-01-01T05:40:03
-18.902688,-9.117984,2023-01-01T05:40:04
-19.013880,-9.117984,2023-01-01T05:40:05
-19.013880,-9.117984,2023-01-01T05:40:06
-19.013880,-9.117984,2023-01-01T05:40:07
-19.013880,-9.117984,2023-01-01T05:40:08
-19.013880,-9.117984,2023-01-01T05:40:09
-19.013880,-9.117984,2023-01-01T05:40:10
-19.013880,-9.117984,2023-01-01T05:40:11
-19.013880,-9.117984,2023-01-01T05:40:12
-19.013880,-9.117984,2023-01-01T05:40:13
-19.013880,-9.117984,2023-01-01T05:40:14
-19.013880,-9.117984,2023-01-01T05:40:15
-19.013880,-9.117984,2023-01-01T05:40:16
-19.013880,-9.117984,2023-01-01T05:40:17
-19.013880,-9.117984,2023-01-01T05:40:18
-19.125073,-9.117984,2023-01-01T05:40:19
-19.125073,-9.117984,2023-01-01T05:40:20
-19.125073,-9.117984,2023-01-01T05:40:21
-19.125073,-9.117984,2023-01-01T05:40:22
-19.125073,-9.006789,2023-01-01T05:40:23
-19.125073,-9.006789,2023-01-01T05:40:24
-19.125073,-9.006789,2023-01-01T05:40:25
-19.125073,-9.006789,2023-01-01T05:40:26
-19.125073,-9.006789,2023-01-01T05:40:27
-19.125073,-9.006789,2023-01-01T05:40:28
-19.125073,-9.006789,2023-01-01T05:40:29
-19.125073,-9.006789,2023-01-01T05:40:30
-19.125073,-9.006789,2023-01-01T05:40:31
-19.125073,-9.006789,2023-01-01T05:40:32
-19.125073,-9.006789,2023-01-01T05:40:33
-19.125073,-9.006789,2023-01-01T05:40:34
-19.236265,-9.006789,2023-01-01T05:40:35
-19.236265,-9.006789,2023-01-01T05:40:36
-19.236265,-9.006789,2023-01-01T05:40:37
-19.236265,-9.006789,2023-01-01T05:40:38
-19.236265,-9.006789,2023-01-01T05:40:39
-19.236265,-9.006789,2023-01-01T05:40:40
-19.236265,-9.006789,2023-01-01T05:40:41
-19.236265,-8.895594,2023-01-01T05:40:42
-19.236265,-8.895594,2023-01-01T05:40:43
-19.236265,-8.895594,2023-01-01T05:40:44
-19.236265,-8.895594,2023-01-01T05:40:45
-19.236265,-8.895594,2023-01-01T05:40:46
-19.236265,-8.895594,2023-01-01T05:40:47
-19.236265,-8.895594,2023-01-01T05:40:48
-19.347457,-8.895594,2023-01-01T05:40:49
-19.347457,-8.895594,2023-01-01T05:40:50
-19.347457,-8.895594,2023-01-01T05:40:51
-19.347457,-8.895594,2023-01-01T05:40:52
-19.347457,-8.895594,2023-01-01T05:40:53
-19.347457,-8.895594,2023-01-01T05:40:54
-19.347457,-8.895594,2023-01-01T05:40:55
-19.347457,-8.895594,2023-01-01T05:40:56
-19.347457,-8.895594,2023-01-01T05:40:57
-19.347457,-8.895594,2023-01-01T05:40:58
-19.347457,-8.895594,2023-01-01T05:40:59
-19.347457,-8.895594,2023-01-01T05:41:00
-19.347457,-8.784399,2023-01-01T05:41:01
-19.347457,-8.784399,2023-01-01T05:41:02
-19.347457,-8.784399,2023-01-01T05:41:03
-19.347457,-8.784399,2023-01-01T05:41:04
-19.347457,-8.784399,2023-01-01T05:41:05
-19.347457,-8.784399,2023-01-01T05:41:06
-19.458650,-8.784399,2023-01-01T05:41:07
-19.458650,-8.784399,2023-01-01T05:41:08
-19.458650,-8.784399,2023-01-01T05:41:09
-19.458650,-8.784399,2023-01-01T05:41:10
-19.458650,-8.784399,2023-01-01T05:41:11
-19.458650,-8.784399,2023-01-01T05:41:12
-19.458650,-8.784399,2023-01-01T05:41:13
-19.458650,-8.784399,2023-01-01T05:41:14
-19.458650,-8.784399,2023-01-01T05:41:15
-19.458650,-8.784399,2023-01-01T05:41:16
-19.458650,-8.784399,2023-01-01T05:41:17
-19.458650,-8.784399,2023-01-01T05:41:18
-19.458650,-8.784399,2023-01-01T05:41:19
-19.458650,-8.784399,2023-01-01T05:41:20
-19.569842,-8.784399,2023-01-01T05:41:21
-19.569842,-8.784399,2023-01-01T05:41:22
-19.569842,-8.673204,2023-01-01T05:41:23
-19.569842,-8.673204,2023-01-01T05:41:24
-19.569842,-8.673204,2023-01-01T05:41:25
-19.569842,-8.673204,2023-01-01T05:41:26
-19.569842,-8.673204,2023-01-01T05:41:27
-19.569842,-8.673204,2023-01-01T05:41:28
-19.569842,-8.673204,2023-01-01T05:41:29
-19.569842,-8.673204,2023-01-01T05:41:30
-19.569842,-8.673204,2023-01-01T05:41:31
-19.569842,-8.673204,2023-01-01T05:41:32
-19.569842,-8.673204,2023-01-01T05:41:33
-19.569842,-8.673204,2023-01-01T05:41:34
-19.681034,-8.673204,2023-01-01T05:41:35
-19.681034,-8.673204,2023-01-01T05:41:36
-19.681034,-8.673204,2023-01-01T05:41:37
-19.681034,-8.673204,2023-01-01T05:41:38
-19.681034,-8.673204,2023-01-01T05:41:39
-19.681034,-8.673204,2023-01-01T05:41:40
-19.681034,-8.673204,2023-01-01T05:41:41
-19.681034,-8.673204,2023-01-01T05:41:42
-19.681034,-8.673204,2023-01-01T05:41:43
-19.681034,-8.673204,2023-01-01T05:41:44
-19.681034,-8.673204,2023-01-01T05:41:45
-19.681034,-8.673204,2023-01-01T05:41:46
-19.681034,-8.673204,2023-01-01T05:41:47
-19.681034,-8.673204,2023-01-01T05:41:48
-19.681034,-8.673204,2023-01-01T05:41:49
-19.681034,-8.673204,2023-01-01T05:41:50
-19.681034,-8.673204,2023-01-01T05:41:51
-19.681034,-8.673204,2023-01-01T05:41:52
-19.681034,-8.673204,2023-01-01T05:41:53
-19.681034,-8.673204,2023-01-01T05:41:54
-19.681034,-8.673204,2023-01-01T05:41:55
-19.792226,-8.673204,2023-01-01T05:41:56
-19.792226,-8.673204,2023-01-01T05:41:57
-19.792226,-8.673204,2023-01-01T05:41:58
-19.792226,-8.673204,2023-01-01T05:41:59
-19.792226,-8.673204,2023-01-01T05:42:00
-19.792226,-8.673204,2023-01-01T05:42:01
-19.792226,-8.673204,2023-01-01T05:42:02
-19.792226,-8.673204,2023-01-01T05:42:03
-19.792226,-8.673204,2023-01-01T05:42:04
-19.792226,-8.673204,2023-01-01T05:42:05
-19.792226,-8.673204,2023-01-01T05:42:06
-19.792226,-8.673204,2023-01-01T05:42:07
-19.792226,-8.673204,2023-01-01T05:42:08
-19.792226,-8.673204,2023-01-01T05:42:09
-19.792226,-8.673204,2023-01-01T05:42:10
-19.792226,-8.673204,2023-01-01T05:42:11
-19.792226,-8.673204,2023-01-01T05:42:12
-19.903419,-8.673204,2023-01-01T05:42:13
-19.903419,-8.673204,2023-01-01T05:42:14
-19.903419,-8.673204,2023-01-01T05:42:15
-19.903419,-8.673204,2023-01-01T05:42:16
-19.903419,-8.673204,2023-01-01T05:42:17
-19.903419,-8.673204,2023-01-01T05:42:18
-19.903419,-8.673204,2023-01-01T05:42:19
-19.903419,-8.673204,2023-01-01T05:42:20
-19.903419,-8.673204,2023-01-01T05:42:21
-19.903419,-8.673204,2023-01-01T05:42:22
-19.903419,-8.673204,2023-01-01T05:42:23
-19.903419,-8.673204,2023-01-01T05:42:24
-19.903419,-8.673204,2023-01-01T05:42:25
-19.903419,-8.673204,2023-01-01T05:42:26
-19.903419,-8.673204,2023-01-01T05:42:27
-19.903419,-8.673204,2023-01-01T05:42:28
-19.903419,-8.673204,2023-01-01T05:42:29
-19.903419,-8.673204,2023-01-01T05:42:30
-19.903419,-8.673204,2023-01-01T05:42:31
-20.014611,-8.673204,2023-01-01T05:42:32
-20.014611,-8.673204,2023-01-01T05:42:33
-20.014611,-8.673204,2023-01-01T05:42:34
-20.014611,-8.673204,2023-01-01T05:42:35
-20.014611,-8.673204,2023-01-01T05:42:36
-20.014611,-8.673204,2023-01-01T05:42:37
-20.014611,-8.673204,2023-01-01T05:42:38
-20.014611,-8.673204,2023-01-01T05:42:39
-20.014611,-8.673204,2023-01-01T05:42:40
-20.014611,-8.673204,2023-01-01T05:42:41
-20.014611,-8.673204,2023-01-01T05:42:42
-20.014611,-8.673204,2023-01-01T05:42:43
-20.014611,-8.673204,2023-01-01T05:42:44
-20.014611,-8.673204,2023-01-01T05:42:45
-20.014611,-8.673204,2023-01-01T05:42:46
-20.014611,-8.673204,2023-01-01T05:42:47
-20.014611,-8.673204,2023-01-01T05:42:48
-20.125803,-8.673204,2023-01-01T05:42:49
-20.125803,-8.673204,2023-01-01T05:42:50
-20.125803,-8.673204,2023-01-01T05:42:51
-20.125803,-8.673204,2023-01-01T05:42:52
-20.125803,-8.673204,2023-01-01T05:42:53
-20.125803,-8.673204,2023-01-01T05:42:54
-20.125803,-8.562009,2023-01-01T05:42:55
-20.125803,-8.562009,2023-01-01T05:42:56
-20.125803,-8.562009,2023-01-01T05:42:57
-20.125803,-8.562009,2023-01-01T05:42:58
-20.236996,-8.562009,2023-01-01T05:42:59
-20.236996,-8.562009,2023-01-01T05:43:00
-20.236996,-8.562009,2023-01-01T05:43:01
-20.236996,-8.562009,2023-01-01T05:43:02
-20.236996,-8.562009,2023-01-01T05:43:03
-20.236996,-8.562009,2023-01-01T05:43:04
-20.236996,-8.562009,2023-01-01T05:43:05
-20.236996,-8.673204,2023-01-01T05:43:06
-20.236996,-8.673204,2023-01-01T05:43:07
-20.236996,-8.673204,2023-01-01T05:43:08
-20.236996,-8.673204,2023-01-01T05:43:09
-20.236996,-8.673204,2023-01-01T05:43:10
-20.236996,-8.673204,2023-01-01T05:43:11
-20.236996,-8.673204,2023-01-01T05:43:12
-20.236996,-8.673204,2023-01-01T05:43:13
-20.236996,-8.673204,2023-01-01T05:43:14
-20.236996,-8.673204,2023-01-01T05:43:15
-20.236996,-8.673204,2023-01-01T05:43:16
-20.236996,-8.673204,2023-01-01T05:43:17
-20.236996,-8.673204,2023-01-01T05:43:18
-20.236996,-8.673204,2023-01-01T05:43:19
-20.236996,-8.673204,2023-01-01T05:43:20
-20.236996,-8.673204,2023-01-01T05:43:21
-20.236996,-8.673204,2023-01-01T05:43:22
-20.236996,-8.673204,2023-01-01T05:43:23
-20.236996,-8.673204,2023-01-01T05:43:24
-20.236996,-8.673204,2023-01-01T05:43:25
-20.236996,-8.673204,2023-01-01T05:43:26
-20.236996,-8.673204,2023-01-01T05:43:27
-20.236996,-8.673204,2023-01-01T05:43:28
-20.236996,-8.673204,2023-01-01T05:43:29
-20.236996,-8.673204,2023-01-01T05:43:30
-20.236996,-8.673204,2023-01-01T05:43:31
-20.236996,-8.784399,2023-01-01T05:43:32
-20.236996,-8.784399,2023-01-01T05:43:33
-20.236996,-8.784399,2023-01-01T05:43:34
-20.236996,-8.784399,2023-01-01T05:43:35
-20.236996,-8.784399,2023-01-01T05:43:36
-20.236996,-8.784399,2023-01-01T05:43:37
-20.236996,-8.784399,2023-01-01T05:43:38
-20.236996,-8.784399,2023-01-01T05:43:39
-20.236996,-8.784399,2023-01-01T05:43:40
-20.236996,-8.784399,2023-01-01T05:43:41
-20.236996,-8.784399,2023-01-01T05:43:42
-20.236996,-8.784399,2023-01-01T05:43:43
-20.236996,-8.784399,2023-01-01T05:43:44
-20.236996,-8.784399,2023-01-01T05:43:45
-20.236996,-8.784399,2023-01-01T05:43:46
-20.236996,-8.784399,2023-01-01T05:43:47
-20.236996,-8.784399,2023-01-01T05:43:48
-20.236996,-8.784399,2023-01-01T05:43:49
-20.236996,-8.784399,2023-01-01T05:43:50
-20.236996,-8.784399,2023-01-01T05:43:51
-20.236996,-8.784399,2023-01-01T05:43:52
-20.236996,-8.784399,2023-01-01T05:43:53
-20.236996,-8.784399,2023-01-01T05:43:54
-20.236996,-8.784399,2023-01-01T05:43:55
-20.236996,-8.784399,2023-01-01T05:43:56
-20.236996,-8.784399,2023-01-01T05:43:57
-20.236996,-8.784399,2023-01-01T05:43:58
-20.236996,-8.784399,2023-01-01T05:43:59
-20.236996,-8.784399,2023-01-01T05:44:00
-20.125803,-8.784399,2023-01-01T05:44:01
-20.125803,-8.784399,2023-01-01T05:44:02
-20.125803,-8.784399,2023-01-01T05:44:03
-20.125803,-8.895594,2023-01-01T05:44:04
-20.125803,-8.895594,2023-01-01T05:44:05
-20.125803,-8.895594,2023-01-01T05:44:06
-20.125803,-8.895594,2023-01-01T05:44:07
-20.125803,-8.895594,2023-01-01T05:44:08
-20.125803,-8.895594,2023-01-01T05:44:09
-20.125803,-8.895594,2023-01-01T05:44:10
-20.125803,-8.895594,2023-01-01T05:44:11
-20.125803,-8.895594,2023-01-01T05:44:12
-20.125803,-8.895594,2023-01-01T05:44:13
-20.125803,-8.895594,2023-01-01T05:44:14
-20.125803,-8.895594,2023-01-01T05:44:15
-20.125803,-8.895594,2023-01-01T05:44:16
-20.125803,-8.895594,2023-01-01T05:44:17
-20.125803,-8.895594,2023-01-01T05:44:18
-20.125803,-8.895594,2023-01-01T05:44:19
-20.125803,-8.895594,2023-01-01T05:44:20
-20.125803,-8.895594,2023-01-01T05:44:21
-20.125803,-8.895594,2023-01-01T05:44:22
-20.125803,-8.895594,2023-01-01T05:44:23
-20.125803,-8.895594,2023-01-01T05:44:24
-20.125803,-8.895594,2023-01-01T05:44:25
-20.125803,-8.895594,2023-01-01T05:44:26
-20.125803,-8.895594,2023-01-01T05:44:27
-20.125803,-8.895594,2023-01-01T05:44:28
-20.125803,-8.895594,2023-01-01T05:44:29
-20.125803,-8.895594,2023-01-01T05:44:30
-20.125803,-8.895594,2023-01-01T05:44:31
-20.125803,-8.895594,2023-01-01T05:44:32
-20.125803,-8.895594,2023-01-01T05:44:33
-20.125803,-8.895594,2023-01-01T05:44:34
-20.125803,-8.895594,2023-01-01T05:44:35
-20.125803,-8.895594,2023-01-01T05:44:36
-20.125803,-8.895594,2023-01-01T05:44:37
-20.125803,-8.895594,2023-01-01T05:44:38
-20.125803,-8.895594,2023-01-01T05:44:39
-20.125803,-8.895594,2023-01-01T05:44:40
-20.125803,-8.895594,2023-01-01T05:44:41
-20.125803,-8.895594,2023-01-01T05:44:42
-20.125803,-8.895594,2023-01-01T05:44:43
-20.125803,-8.895594,2023-01-01T05:44:44
-20.125803,-8.895594,2023-01-01T05:44:45
-20.125803,-8.895594,2023-01-01T05:44:46
-20.125803,-8.895594,2023-01-01T05:44:47
-20.125803,-8.895594,2023-01-01T05:44:48
-20.125803,-8.895594,2023-01-01T05:44:49
-20.125803,-8.895594,2023-01-01T05:44:50
-20.125803,-8.895594,2023-01-01T05:44:51
-20.125803,-8.895594,2023-01-01T05:44:52
-20.125803,-8.895594,2023-01-01T05:44:53
-20.125803,-8.895594,2023-01-01T05:44:54
-20.125803,-8.895594,2023-01-01T05:44:55
-20.125803,-8.895594,2023-01-01T05:44:56
-20.014611,-8.895594,2023-01-01T05:44:57
-20.014611,-8.895594,2023-01-01T05:44:58
-20.014611,-8.895594,2023-01-01T05:44:59
-20.014611,-8.895594,2023-01-01T05:45:00
-20.014611,-8.895594,2023-01-01T05:45:01
-20.014611,-8.895594,2023-01-01T05:45:02
-20.014611,-8.895594,2023-01-01T05:45:03
-20.014611,-8.895594,2023-01-01T05:45:04
-20.014611,-8.895594,2023-01-01T05:45:05
-20.014611,-8.895594,2023-01-01T05:45:06
-20.014611,-8.895594,2023-01-01T05:45:07
-20.014611,-8.895594,2023-01-01T05:45:08
-20.014611,-8.895594,2023-01-01T05:45:09
-20.014611,-8.895594,2023-01-01T05:45:10
-20.014611,-8.895594,2023-01-01T05:45:11
-20.014611,-8.895594,2023-01-01T05:45:12
-20.014611,-8.895594,2023-01-01T05:45:13
-20.014611,-8.895594,2023-01-01T05:45:14
-20.014611,-8.895594,2023-01-01T05:45:15
-19.903419,-8.895594,2023-01-01T05:45:16
-19.903419,-8.895594,2023-01-01T05:45:17
-19.903419,-8.784399,2023-01-01T05:45:18
-19.903419,-8.784399,2023-01-01T05:45:19
-19.903419,-8.784399,2023-01-01T05:45:20
-19.903419,-8.895594,2023-01-01T05:45:21
-19.903419,-8.895594,2023-01-01T05:45:22
-19.903419,-8.895594,2023-01-01T05:45:23
-19.903419,-8.895594,2023-01-01T05:45:24
-19.903419,-8.895594,2023-01-01T05:45:25
-19.903419,-8.895594,2023-01-01T05:45:26
-19.903419,-8.895594,2023-01-01T05:45:27
-19.903419,-8.895594,2023-01-01T05:45:28
-19.903419,-8.895594,2023-01-01T05:45:29
-19.903419,-8.895594,2023-01-01T05:45:30
-19.903419,-8.895594,2023-01-01T05:45:31
-19.903419,-8.895594,2023-01-01T05:45:32
-19.903419,-8.895594,2023-01-01T05:45:33
-19.903419,-8.895594,2023-01-01T05:45:34
-19.903419,-8.895594,2023-01-01T05:45:35
-19.903419,-8.895594,2023-01-01T05:45:36
-19.903419,-8.895594,2023-01-01T05:45:37
-19.903419,-8.895594,2023-01-01T05:45:38
-19.903419,-8.895594,2023-01-01T05:45:39
-19.903419,-8.895594,2023-01-01T05:45:40
-19.903419,-8.895594,2023-01-01T05:45:41
-19.903419,-8.895594,2023-01-01T05:45:42
-19.903419,-8.895594,2023-01-01T05:45:43
-19.903419,-8.895594,2023-01-01T05:45:44
-19.903419,-8.895594,2023-01-01T05:45:45
-19.903419,-8.895594,2023-01-01T05:45:46
-19.903419,-8.895594,2023-01-01T05:45:47
-19.903419,-8.895594,2023-01-01T05:45:48
-19.903419,-8.895594,2023-01-01T05:45:49
-19.903419,-8.895594,2023-01-01T05:45:50
-19.903419,-8.895594,2023-01-01T05:45:51
-19.903419,-8.784399,2023-01-01T05:45:52
-19.903419,-8.784399,2023-01-01T05:45:53
-19.903419,-8.784399,2023-01-01T05:45:54
-19.903419,-8.784399,2023-01-01T05:45:55
-19.792226,-8.784399,2023-01-01T05:45:56
-19.792226,-8.784399,2023-01-01T05:45:57
-19.792226,-8.784399,2023-01-01T05:45:58
-19.792226,-8.784399,2023-01-01T05:45:59
-19.792226,-8.784399,2023-01-01T05:46:00
-19.792226,-8.784399,2023-01-01T05:46:01
-19.792226,-8.784399,2023-01-01T05:46:02
-19.792226,-8.784399,2023-01-01T05:46:03
-19.792226,-8.784399,2023-01-01T05:46:04
-19.792226,-8.784399,2023-01-01T05:46:05
-19.792226,-8.673204,2023-01-01T05:46:06
-19.792226,-8.673204,2023-01-01T05:46:07
-19.792226,-8.673204,2023-01-01T05:46:08
-19.792226,-8.673204,2023-01-01T05:46:09
-19.792226,-8.673204,2023-01-01T05:46:10
-19.792226,-8.673204,2023-01-01T05:46:11
-19.792226,-8.673204,2023-01-01T05:46:12
-19.792226,-8.673204,2023-01-01T05:46:13
-19.792226,-8.673204,2023-01-01T05:46:14
-19.792226,-8.673204,2023-01-01T05:46:15
-19.792226,-8.673204,2023-01-01T05:46:16
-19.792226,-8.673204,2023-01-01T05:46:17
-19.792226,-8.673204,2023-01-01T05:46:18
-19.792226,-8.673204,2023-01-01T05:46:19
-19.792226,-8.673204,2023-01-01T05:46:20
-19.792226,-8.673204,2023-01-01T05:46:21
-19.792226,-8.673204,2023-01-01T05:46:22
-19.792226,-8.673204,2023-01-01T05:46:23
-19.792226,-8.673204,2023-01-01T05:46:24
-19.792226,-8.673204,2023-01-01T05:46:25
-19.792226,-8.673204,2023-01-01T05:46:26
-19.792226,-8.673204,2023-01-01T05:46:27
-19.792226,-8.673204,2023-01-01T05:46:28
-19.792226,-8.673204,2023-01-01T05:46:29
-19.792226,-8.673204,2023-01-01T05:46:30
-19.792226,-8.673204,2023-01-01T05:46:31
-19.792226,-8.673204,2023-01-01T05:46:32
-19.792226,-8.673204,2023-01-01T05:46:33
-19.792226,-8.673204,2023-01-01T05:46:34
-19.792226,-8.673204,2023-01-01T05:46:35
-19.792226,-8.673204,2023-01-01T05:46:36
-19.792226,-8.673204,2023-01-01T05:46:37
-19.792226,-8.673204,2023-01-01T05:46:38
-19.792226,-8.673204,2023-01-01T05:46:39
-19.792226,-8.673204,2023-01-01T05:46:40
-19.792226,-8.673204,2023-01-01T05:46:41
-19.792226,-8.673204,2023-01-01T05:46:42
-19.792226,-8.673204,2023-01-01T05:46:43
-19.792226,-8.673204,2023-01-01T05:46:44
-19.792226,-8.562009,2023-01-01T05:46:45
-19.792226,-8.562009,2023-01-01T05:46:46
-19.792226,-8.562009,2023-01-01T05:46:47
-19.792226,-8.562009,2023-01-01T05:46:48
-19.792226,-8.562009,2023-01-01T05:46:49
-19.792226,-8.562009,2023-01-01T05:46:50
-19.792226,-8.673204,2023-01-01T05:46:51
-19.792226,-8.673204,2023-01-01T05:46:52
-19.903419,-8.673204,2023-01-01T05:46:53
-19.903419,-8.673204,2023-01-01T05:46:54
-19.903419,-8.673204,2023-01-01T05:46:55
-19.903419,-8.673204,2023-01-01T05:46:56
-19.903419,-8.673204,2023-01-01T05:46:57
-19.903419,-8.673204,2023-01-01T05:46:58
-19.903419,-8.673204,2023-01-01T05:46:59
-19.903419,-8.673204,2023-01-01T05:47:00
-19.903419,-8.673204,2023-01-01T05:47:01
-19.903419,-8.673204,2023-01-01T05:47:02
-19.903419,-8.673204,2023-01-01T05:47:03
-19.903419,-8.673204,2023-01-01T05:47:04
-19.903419,-8.673204,2023-01-01T05:47:05
-19.903419,-8.673204,2023-01-01T05:47:06
-19.903419,-8.673204,2023-01-01T05:47:07
-19.903419,-8.673204,2023-01-01T05:47:08
-19.903419,-8.673204,2023-01-01T05:47:09
-19.903419,-8.673204,2023-01-01T05:47:10
-19.903419,-8.673204,2023-01-01T05:47:11
-19.903419,-8.673204,2023-01-01T05:47:12
-19.903419,-8.673204,2023-01-01T05:47:13
-19.903419,-8.673204,2023-01-01T05:47:14
-19.903419,-8.673204,2023-01-01T05:47:15
-19.903419,-8.673204,2023-01-01T05:47:16
-19.903419,-8.673204,2023-01-01T05:47:17
-19.903419,-8.673204,2023-01-01T05:47:18
-19.903419,-8.673204,2023-01-01T05:47:19
-19.903419,-8.673204,2023-01-01T05:47:20
-19.903419,-8.673204,2023-01-01T05:47:21
-19.903419,-8.673204,2023-01-01T05:47:22
-19.903419,-8.673204,2023-01-01T05:47:23
-19.903419,-8.673204,2023-01-01T05:47:24
-19.903419,-8.673204,2023-01-01T05:47:25
-19.903419,-8.673204,2023-01-01T05:47:26
-19.903419,-8.673204,2023-01-01T05:47:27
-19.903419,-8.673204,2023-01-01T05:47:28
-19.903419,-8.673204,2023-01-01T05:47:29
-19.903419,-8.673204,2023-01-01T05:47:30
-19.903419,-8.673204,2023-01-01T05:47:31
-19.903419,-8.673204,2023-01-01T05:47:32
-19.903419,-8.673204,2023-01-01T05:47:33
-19.903419,-8.673204,2023-01-01T05:47:34
-20.014611,-8.673204,2023-01-01T05:47:35
-20.014611,-8.673204,2023-01-01T05:47:36
-20.014611,-8.673204,2023-01-01T05:47:37
-20.014611,-8.673204,2023-01-01T05:47:38
-20.014611,-8.673204,2023-01-01T05:47:39
-20.014611,-8.673204,2023-01-01T05:47:40
-20.014611,-8.673204,2023-01-01T05:47:41
-20.014611,-8.673204,2023-01-01T05:47:42
-20.014611,-8.673204,2023-01-01T05:47:43
-20.014611,-8.673204,2023-01-01T05:47:44
-20.014611,-8.673204,2023-01-01T05:47:45
-20.014611,-8.673204,2023-01-01T05:47:46
-20.014611,-8.673204,2023-01-01T05:47:47
-20.014611,-8.673204,2023-01-01T05:47:48
-20.014611,-8.673204,2023-01-01T05:47:49
-20.014611,-8.673204,2023-01-01T05:47:50
-20.014611,-8.673204,2023-01-01T05:47:51
-20.014611,-8.673204,2023-01-01T05:47:52
-20.014611,-8.673204,2023-01-01T05:47:53
-20.014611,-8.673204,2023-01-01T05:47:54
-20.014611,-8.784399,2023-01-01T05:47:55
-20.014611,-8.784399,2023-01-01T05:47:56
-20.014611,-8.784399,2023-01-01T05:47:57
-20.014611,-8.784399,2023-01-01T05:47:58
-20.014611,-8.784399,2023-01-01T05:47:59
-20.014611,-8.784399,2023-01-01T05:48:00
-20.014611,-8.784399,2023-01-01T05:48:01
-20.014611,-8.784399,2023-01-01T05:48:02
-20.014611,-8.784399,2023-01-01T05:48:03
-20.125803,-8.784399,2023-01-01T05:48:04
-20.125803,-8.784399,2023-01-01T05:48:05
-20.125803,-8.784399,2023-01-01T05:48:06
-20.125803,-8.784399,2023-01-01T05:48:07
-20.125803,-8.784399,2023-01-01T05:48:08
-20.125803,-8.784399,2023-01-01T05:48:09
-20.125803,-8.784399,2023-01-01T05:48:10
-20.125803,-8.784399,2023-01-01T05:48:11
-20.125803,-8.784399,2023-01-01T05:48:12
-20.125803,-8.784399,2023-01-01T05:48:13
-20.125803,-8.784399,2023-01-01T05:48:14
-20.125803,-8.784399,2023-01-01T05:48:15
-20.125803,-8.784399,2023-01-01T05:48:16
-20.125803,-8.784399,2023-01-01T05:48:17
-20.125803,-8.784399,2023-01-01T05:48:18
-20.125803,-8.784399,2023-01-01T05:48:19
-20.125803,-8.784399,2023-01-01T05:48:20
-20.125803,-8.784399,2023-01-01T05:48:21
-20.125803,-8.895594,2023-01-01T05:48:22
-20.125803,-8.895594,2023-01-01T05:48:23
-20.125803,-8.895594,2023-01-01T05:48:24
-20.125803,-8.895594,2023-01-01T05:48:25
-20.125803,-8.895594,2023-01-01T05:48:26
-20.125803,-8.895594,2023-01-01T05:48:27
-20.125803,-8.895594,2023-01-01T05:48:28
-20.125803,-8.895594,2023-01-01T05:48:29
-20.125803,-8.895594,2023-01-01T05:48:30
-20.125803,-8.895594,2023-01-01T05:48:31
-20.125803,-8.895594,2023-01-01T05:48:32
-20.125803,-8.895594,2023-01-01T05:48:33
-20.125803,-8.895594,2023-01-01T05:48:34
-20.125803,-8.895594,2023-01-01T05:48:35
-20.125803,-8.895594,2023-01-01T05:48:36
-20.125803,-8.895594,2023-01-01T05:48:37
-20.125803,-8.895594,2023-01-01T05:48:38
-20.125803,-8.895594,2023-01-01T05:48:39
-20.125803,-8.895594,2023-01-01T05:48:40
-20.125803,-8.895594,2023-01-01T05:48:41
-20.125803,-8.895594,2023-01-01T05:48:42
-20.125803,-8.895594,2023-01-01T05:48:43
-20.125803,-8.895594,2023-01-01T05:48:44
-20.125803,-8.895594,2023-01-01T05:48:45
-20.125803,-8.895594,2023-01-01T05:48:46
-20.125803,-8.895594,2023-01-01T05:48:47
-20.125803,-8.895594,2023-01-01T05:48:48
-20.125803,-8.895594,2023-01-01T05:48:49
-20.125803,-8.895594,2023-01-01T05:48:50
-20.125803,-8.895594,2023-01-01T05:48:51
-20.125803,-8.895594,2023-01-01T05:48:52
-20.125803,-8.895594,2023-01-01T05:48:53
-20.125803,-8.895594,2023-01-01T05:48:54
-20.125803,-8.895594,2023-01-01T05:48:55
-20.125803,-8.895594,2023-01-01T05:48:56
-20.125803,-8.895594,2023-01-01T05:48:57
-20.125803,-8.895594,2023-01-01T05:48:58
-20.125803,-8.895594,2023-01-01T05:48:59
-20.125803,-8.895594,2023-01-01T05:49:00
-20.125803,-8.895594,2023-01-01T05:49:01
-20.125803,-8.784399,2023-01-01T05:49:02
-20.014611,-8.784399,2023-01-01T05:49:03
-20.014611,-8.784399,2023-01-01T05:49:04
-20.014611,-8.784399,2023-01-01T05:49:05
-20.014611,-8.784399,2023-01-01T05:49:06
-20.014611,-8.784399,2023-01-01T05:49:07
-20.014611,-8.784399,2023-01-01T05:49:08
-20.014611,-8.784399,2023-01-01T05:49:09
-20.014611,-8.784399,2023-01-01T05:49:10
-20.014611,-8.784399,2023-01-01T05:49:11
-19.903419,-8.673204,2023-01-01T05:49:12
-19.903419,-8.673204,2023-01-01T05:49:13
-19.903419,-8.673204,2023-01-01T05:49:14
-19.903419,-8.673204,2023-01-01T05:49:15
-19.903419,-8.673204,2023-01-01T05:49:16
-19.903419,-8.673204,2023-01-01T05:49:17
-19.903419,-8.562009,2023-01-01T05:49:18
-19.792226,-8.562009,2023-01-01T05:49:19
-19.792226,-8.562009,2023-01-01T05:49:20
-19.903419,-8.562009,2023-01-01T05:49:21
-19.903419,-8.673204,2023-01-01T05:49:22
-19.903419,-8.673204,2023-01-01T05:49:23
-19.903419,-8.673204,2023-01-01T05:49:24
-19.903419,-8.673204,2023-01-01T05:49:25
-19.903419,-8.673204,2023-01-01T05:49:26
-19.903419,-8.673204,2023-01-01T05:49:27
-19.903419,-8.673204,2023-01-01T05:49:28
-19.903419,-8.673204,2023-01-01T05:49:29
-19.903419,-8.673204,2023-01-01T05:49:30
-19.903419,-8.673204,2023-01-01T05:49:31
-19.903419,-8.673204,2023-01-01T05:49:32
-19.903419,-8.673204,2023-01-01T05:49:33
-19.792226,-8.673204,2023-01-01T05:49:34
-19.792226,-8.673204,2023-01-01T05:49:35
-19.792226,-8.673204,2023-01-01T05:49:36
-19.792226,-8.673204,2023-01-01T05:49:37
-19.792226,-8.673204,2023-01-01T05:49:38
-19.792226,-8.673204,2023-01-01T05:49:39
-19.792226,-8.673204,2023-01-01T05:49:40
-19.792226,-8.673204,2023-01-01T05:49:41
-19.792226,-8.673204,2023-01-01T05:49:42
-19.792226,-8.673204,2023-01-01T05:49:43
-19.792226,-8.673204,2023-01-01T05:49:44
-19.792226,-8.673204,2023-01-01T05:49:45
-19.792226,-8.562009,2023-01-01T05:49:46
-19.792226,-8.562009,2023-01-01T05:49:47
-19.792226,-8.562009,2023-01-01T05:49:48
-19.792226,-8.562009,2023-01-01T05:49:49
-19.681034,-8.562009,2023-01-01T05:49:50
-19.681034,-8.562009,2023-01-01T05:49:51
-19.681034,-8.562009,2023-01-01T05:49:52
-19.681034,-8.562009,2023-01-01T05:49:53
-19.681034,-8.562009,2023-01-01T05:49:54
-19.681034,-8.562009,2023-01-01T05:49:55
-19.681034,-8.562009,2023-01-01T05:49:56
-19.681034,-8.450814,2023-01-01T05:49:57
-19.681034,-8.450814,2023-01-01T05:49:58
-19.681034,-8.450814,2023-01-01T05:49:59
-19.681034,-8.450814,2023-01-01T05:50:00
-19.681034,-8.450814,2023-01-01T05:50:01
-19.569842,-8.450814,2023-01-01T05:50:02
-19.569842,-8.450814,2023-01-01T05:50:03
-19.569842,-8.450814,2023-01-01T05:50:04
-19.569842,-8.450814,2023-01-01T05:50:05
-19.569842,-8.450814,2023-01-01T05:50:06
-19.569842,-8.450814,2023-01-01T05:50:07
-19.569842,-8.450814,2023-01-01T05:50:08
-19.569842,-8.450814,2023-01-01T05:50:09
-19.569842,-8.450814,2023-01-01T05:50:10
-19.569842,-8.339619,2023-01-01T05:50:11
-19.569842,-8.339619,2023-01-01T05:50:12
-19.569842,-8.339619,2023-01-01T05:50:13
-19.569842,-8.339619,2023-01-01T05:50:14
-19.569842,-8.339619,2023-01-01T05:50:15
-19.569842,-8.339619,2023-01-01T05:50:16
-19.569842,-8.339619,2023-01-01T05:50:17
-19.569842,-8.339619,2023-01-01T05:50:18
-19.569842,-8.339619,2023-01-01T05:50:19
-19.569842,-8.339619,2023-01-01T05:50:20
-19.569842,-8.339619,2023-01-01T05:50:21
-19.569842,-8.339619,2023-01-01T05:50:22
-19.569842,-8.450814,2023-01-01T05:50:23
-19.569842,-8.450814,2023-01-01T05:50:24
-19.569842,-8.450814,2023-01-01T05:50:25
-19.569842,-8.450814,2023-01-01T05:50:26
-19.569842,-8.450814,2023-01-01T05:50:27
-19.569842,-8.450814,2023-01-01T05:50:28
-19.569842,-8.450814,2023-01-01T05:50:29
-19.569842,-8.450814,2023-01-01T05:50:30
-19.569842,-8.450814,2023-01-01T05:50:31
-19.569842,-8.450814,2023-01-01T05:50:32
-19.569842,-8.450814,2023-01-01T05:50:33
-19.569842,-8.450814,2023-01-01T05:50:34
-19.569842,-8.450814,2023-01-01T05:50:35
-19.569842,-8.450814,2023-01-01T05:50:36
-19.569842,-8.562009,2023-01-01T05:50:37
-19.569842,-8.562009,2023-01-01T05:50:38
-19.569842,-8.562009,2023-01-01T05:50:39
-19.569842,-8.562009,2023-01-01T05:50:40
-19.569842,-8.562009,2023-01-01T05:50:41
-19.569842,-8.562009,2023-01-01T05:50:42
-19.569842,-8.562009,2023-01-01T05:50:43
-19.681034,-8.562009,2023-01-01T05:50:44
-19.681034,-8.562009,2023-01-01T05:50:45
-19.681034,-8.562009,2023-01-01T05:50:46
-19.681034,-8.562009,2023-01-01T05:50:47
-19.681034,-8.673204,2023-01-01T05:50:48
-19.681034,-8.673204,2023-01-01T05:50:49
-19.681034,-8.673204,2023-01-01T05:50:50
-19.681034,-8.673204,2023-01-01T05:50:51
-19.681034,-8.673204,2023-01-01T05:50:52
-19.681034,-8.673204,2023-01-01T05:50:53
-19.681034,-8.673204,2023-01-01T05:50:54
-19.681034,-8.673204,2023-01-01T05:50:55
-19.681034,-8.673204,2023-01-01T05:50:56
-19.681034,-8.673204,2023-01-01T05:50:57
-19.792226,-8.673204,2023-01-01T05:50:58
-19.792226,-8.673204,2023-01-01T05:50:59
-19.792226,-8.673204,2023-01-01T05:51:00
-19.792226,-8.673204,2023-01-01T05:51:01
-19.792226,-8.673204,2023-01-01T05:51:02
-19.792226,-8.784399,2023-01-01T05:51:03
-19.792226,-8.784399,2023-01-01T05:51:04
-19.792226,-8.784399,2023-01-01T05:51:05
-19.792226,-8.784399,2023-01-01T05:51:06
-19.792226,-8.784399,2023-01-01T05:51:07
-19.792226,-8.784399,2023-01-01T05:51:08
-19.903419,-8.784399,2023-01-01T05:51:09
-19.903419,-8.784399,2023-01-01T05:51:10
-19.903419,-8.784399,2023-01-01T05:51:11
-19.903419,-8.895594,2023-01-01T05:51:12
-19.903419,-8.895594,2023-01-01T05:51:13
-19.903419,-8.895594,2023-01-01T05:51:14
-19.903419,-8.895594,2023-01-01T05:51:15
-19.903419,-8.895594,2023-01-01T05:51:16
-20.014611,-8.895594,2023-01-01T05:51:17
-20.014611,-8.895594,2023-01-01T05:51:18
-20.014611,-9.006789,2023-01-01T05:51:19
-20.014611,-9.006789,2023-01-01T05:51:20
-20.014611,-9.006789,2023-01-01T05:51:21
-20.014611,-9.006789,2023-01-01T05:51:22
-20.014611,-9.006789,2023-01-01T05:51:23
-20.014611,-9.006789,2023-01-01T05:51:24
-20.014611,-9.006789,2023-01-01T05:51:25
-20.014611,-9.006789,2023-01-01T05:51:26
-20.014611,-9.006789,2023-01-01T05:51:27
-20.014611,-9.006789,2023-01-01T05:51:28
-20.014611,-9.006789,2023-01-01T05:51:29
-20.014611,-9.006789,2023-01-01T05:51:30
-20.014611,-9.006789,2023-01-01T05:51:31
-20.014611,-9.006789,2023-01-01T05:51:32
-20.014611,-9.006789,2023-01-01T05:51:33
-20.125803,-9.006789,2023-01-01T05:51:34
-20.125803,-9.006789,2023-01-01T05:51:35
-20.125803,-9.117984,2023-01-01T05:51:36
-20.125803,-9.117984,2023-01-01T05:51:37
-20.125803,-9.117984,2023-01-01T05:51:38
-20.125803,-9.117984,2023-01-01T05:51:39
-20.125803,-9.117984,2023-01-01T05:51:40
-20.125803,-9.117984,2023-01-01T05:51:41
-20.125803,-9.117984,2023-01-01T05:51:42
-20.125803,-9.117984,2023-01-01T05:51:43
-20.236996,-9.117984,2023-01-01T05:51:44
-20.236996,-9.117984,2023-01-01T05:51:45
-20.236996,-9.229179,2023-01-01T05:51:46
-20.236996,-9.229179,2023-01-01T05:51:47
-20.236996,-9.229179,2023-01-01T05:51:48
-20.236996,-9.229179,2023-01-01T05:51:49
-20.236996,-9.229179,2023-01-01T05:51:50
-20.236996,-9.229179,2023-01-01T05:51:51
-20.236996,-9.229179,2023-01-01T05:51:52
-20.236996,-9.229179,2023-01-01T05:51:53
-20.236996,-9.229179,2023-01-01T05:51:54
-20.236996,-9.229179,2023-01-01T05:51:55
-20.236996,-9.229179,2023-01-01T05:51:56
-20.236996,-9.229179,2023-01-01T05:51:57
-20.236996,-9.229179,2023-01-01T05:51:58
-20.236996,-9.229179,2023-01-01T05:51:59
-20.236996,-9.229179,2023-01-01T05:52:00
-20.236996,-9.229179,2023-01-01T05:52:01
-20.236996,-9.229179,2023-01-01T05:52:02
-20.236996,-9.229179,2023-01-01T05:52:03
-20.236996,-9.229179,2023-01-01T05:52:04
-20.236996,-9.229179,2023-01-01T05:52:05
-20.236996,-9.229179,2023-01-01T05:52:06
-20.236996,-9.229179,2023-01-01T05:52:07
-20.236996,-9.229179,2023-01-01T05:52:08
-20.236996,-9.229179,2023-01-01T05:52:09
-20.236996,-9.229179,2023-01-01T05:52:10
-20.236996,-9.229179,2023-01-01T05:52:11
-20.236996,-9.229179,2023-01-01T05:52:12
-20.236996,-9.229179,2023-01-01T05:52:13
-20.236996,-9.229179,2023-01-01T05:52:14
-20.236996,-9.229179,2023-01-01T05:52:15
-20.236996,-9.229179,2023-01-01T05:52:16
-20.236996,-9.229179,2023-01-01T05:52:17
-20.236996,-9.229179,2023-01-01T05:52:18
-20.236996,-9.229179,2023-01-01T05:52:19
-20.236996,-9.117984,2023-01-01T05:52:20
-20.125803,-9.117984,2023-01-01T05:52:21
-20.125803,-9.117984,2023-01-01T05:52:22
-20.125803,-9.117984,2023-01-01T05:52:23
-20.125803,-9.117984,2023-01-01T05:52:24
-20.125803,-9.117984,2023-01-01T05:52:25
-20.125803,-9.117984,2023-01-01T05:52:26
-20.014611,-9.117984,2023-01-01T05:52:27
-20.014611,-9.006789,2023-01-01T05:52:28
-20.014611,-9.006789,2023-01-01T05:52:29
-20.014611,-9.006789,2023-01-01T05:52:30
-20.014611,-9.006789,2023-01-01T05:52:31
-20.014611,-9.006789,2023-01-01T05:52:32
-20.014611,-9.006789,2023-01-01T05:52:33
-19.903419,-9.006789,2023-01-01T05:52:34
-19.903419,-9.006789,2023-01-01T05:52:35
-19.903419,-8.895594,2023-01-01T05:52:36
-19.903419,-8.895594,2023-01-01T05:52:37
-19.903419,-8.895594,2023-01-01T05:52:38
-19.903419,-8.895594,2023-01-01T05:52:39
-19.903419,-8.895594,2023-01-01T05:52:40
-19.903419,-8.895594,2023-01-01T05:52:41
-19.903419,-8.895594,2023-01-01T05:52:42
-19.792226,-8.895594,2023-01-01T05:52:43
-19.792226,-8.895594,2023-01-01T05:52:44
-19.792226,-8.895594,2023-01-01T05:52:45
-19.792226,-8.784399,2023-01-01T05:52:46
-19.792226,-8.784399,2023-01-01T05:52:47
-19.792226,-8.784399,2023-01-01T05:52:48
-19.792226,-8.784399,2023-01-01T05:52:49
-19.792226,-8.784399,2023-01-01T05:52:50
-19.792226,-8.784399,2023-01-01T05:52:51
-19.792226,-8.784399,2023-01-01T05:52:52
-19.681034,-8.784399,2023-01-01T05:52:53
-19.681034,-8.784399,2023-01-01T05:52:54
-19.681034,-8.673204,2023-01-01T05:52:55
-19.681034,-8.673204,2023-01-01T05:52:56
-19.681034,-8.673204,2023-01-01T05:52:57
-19.681034,-8.673204,2023-01-01T05:52:58
-19.681034,-8.673204,2023-01-01T05:52:59
-19.681034,-8.673204,2023-01-01T05:53:00
-19.681034,-8.673204,2023-01-01T05:53:01
-19.681034,-8.673204,2023-01-01T05:53:02
-19.681034,-8.673204,2023-01-01T05:53:03
-19.569842,-8.562009,2023-01-01T05:53:04
-19.569842,-8.562009,2023-01-01T05:53:05
-19.569842,-8.562009,2023-01-01T05:53:06
-19.569842,-8.562009,2023-01-01T05:53:07
-19.569842,-8.562009,2023-01-01T05:53:08
-19.569842,-8.562009,2023-01-01T05:53:09
-19.569842,-8.562009,2023-01-01T05:53:10
-19.569842,-8.562009,2023-01-01T05:53:11
-19.569842,-8.562009,2023-01-01T05:53:12
-19.569842,-8.450814,2023-01-01T05:53:13
-19.569842,-8.450814,2023-01-01T05:53:14
-19.569842,-8.450814,2023-01-01T05:53:15
-19.458650,-8.450814,2023-01-01T05:53:16
-19.458650,-8.450814,2023-01-01T05:53:17
-19.458650,-8.450814,2023-01-01T05:53:18
-19.458650,-8.450814,2023-01-01T05:53:19
-19.458650,-8.450814,2023-01-01T05:53:20
-19.458650,-8.450814,2023-01-01T05:53:21
-19.458650,-8.450814,2023-01-01T05:53:22
-19.458650,-8.450814,2023-01-01T05:53:23
-19.458650,-8.450814,2023-01-01T05:53:24
-19.458650,-8.450814,2023-01-01T05:53:25
-19.458650,-8.450814,2023-01-01T05:53:26
-19.458650,-8.450814,2023-01-01T05:53:27
-19.458650,-8.450814,2023-01-01T05:53:28
-19.458650,-8.450814,2023-01-01T05:53:29
-19.458650,-8.450814,2023-01-01T05:53:30
-19.458650,-8.450814,2023-01-01T05:53:31
-19.458650,-8.450814,2023-01-01T05:53:32
-19.458650,-8.450814,2023-01-01T05:53:33
-19.458650,-8.450814,2023-01-01T05:53:34
-19.458650,-8.450814,2023-01-01T05:53:35
-19.458650,-8.450814,2023-01-01T05:53:36
-19.458650,-8.450814,2023-01-01T05:53:37
-19.458650,-8.450814,2023-01-01T05:53:38
-19.458650,-8.450814,2023-01-01T05:53:39
-19.458650,-8.450814,2023-01-01T05:53:40
-19.347457,-8.450814,2023-01-01T05:53:41
-19.347457,-8.450814,2023-01-01T05:53:42
-19.347457,-8.450814,2023-01-01T05:53:43
-19.347457,-8.450814,2023-01-01T05:53:44
-19.347457,-8.450814,2023-01-01T05:53:45
-19.347457,-8.450814,2023-01-01T05:53:46
-19.347457,-8.450814,2023-01-01T05:53:47
-19.347457,-8.339619,2023-01-01T05:53:48
-19.347457,-8.339619,2023-01-01T05:53:49
-19.347457,-8.339619,2023-01-01T05:53:50
-19.347457,-8.339619,2023-01-01T05:53:51
-19.347457,-8.339619,2023-01-01T05:53:52
-19.347457,-8.339619,2023-01-01T05:53:53
-19.347457,-8.339619,2023-01-01T05:53:54
-19.347457,-8.339619,2023-01-01T05:53:55
-19.347457,-8.339619,2023-01-01T05:53:56
-19.347457,-8.339619,2023-01-01T05:53:57
-19.347457,-8.339619,2023-01-01T05:53:58
-19.347457,-8.339619,2023-01-01T05:53:59
-19.347457,-8.339619,2023-01-01T05:54:00
-19.347457,-8.339619,2023-01-01T05:54:01
-19.347457,-8.339619,2023-01-01T05:54:02
-19.347457,-8.339619,2023-01-01T05:54:03
-19.347457,-8.339619,2023-01-01T05:54:04
-19.347457,-8.228425,2023-01-01T05:54:05
-19.347457,-8.228425,2023-01-01T05:54:06
-19.347457,-8.228425,2023-01-01T05:54:07
-19.347457,-8.228425,2023-01-01T05:54:08
-19.347457,-8.228425,2023-01-01T05:54:09
-19.347457,-8.228425,2023-01-01T05:54:10
-19.347457,-8.228425,2023-01-01T05:54:11
-19.347457,-8.228425,2023-01-01T05:54:12
-19.347457,-8.228425,2023-01-01T05:54:13
-19.347457,-8.228425,2023-01-01T05:54:14
-19.347457,-8.228425,2023-01-01T05:54:15
-19.347457,-8.228425,2023-01-01T05:54:16
-19.347457,-8.228425,2023-01-01T05:54:17
-19.347457,-8.228425,2023-01-01T05:54:18
-19.347457,-8.228425,2023-01-01T05:54:19
-19.347457,-8.228425,2023-01-01T05:54:20
-19.347457,-8.228425,2023-01-01T05:54:21
-19.347457,-8.228425,2023-01-01T05:54:22
-19.347457,-8.228425,2023-01-01T05:54:23
-19.347457,-8.228425,2023-01-01T05:54:24
-19.458650,-8.228425,2023-01-01T05:54:25
-19.458650,-8.228425,2023-01-01T05:54:26
-19.458650,-8.228425,2023-01-01T05:54:27
-19.458650,-8.228425,2023-01-01T05:54:28
-19.458650,-8.339619,2023-01-01T05:54:29
-19.458650,-8.339619,2023-01-01T05:54:30
-19.458650,-8.339619,2023-01-01T05:54:31
-19.458650,-8.339619,2023-01-01T05:54:32
-19.569842,-8.339619,2023-01-01T05:54:33
-19.569842,-8.339619,2023-01-01T05:54:34
-19.569842,-8.339619,2023-01-01T05:54:35
-19.569842,-8.339619,2023-01-01T05:54:36
-19.569842,-8.339619,2023-01-01T05:54:37
-19.569842,-8.339619,2023-01-01T05:54:38
-19.569842,-8.339619,2023-01-01T05:54:39
-19.569842,-8.339619,2023-01-01T05:54:40
-19.681034,-8.339619,2023-01-01T05:54:41
-19.681034,-8.339619,2023-01-01T05:54:42
-19.681034,-8.339619,2023-01-01T05:54:43
-19.681034,-8.339619,2023-01-01T05:54:44
-19.681034,-8.450814,2023-01-01T05:54:45
-19.681034,-8.450814,2023-01-01T05:54:46
-19.681034,-8.450814,2023-01-01T05:54:47
-19.792226,-8.450814,2023-01-01T05:54:48
-19.792226,-8.450814,2023-01-01T05:54:49
-19.792226,-8.450814,2023-01-01T05:54:50
-19.792226,-8.450814,2023-01-01T05:54:51
-19.792226,-8.450814,2023-01-01T05:54:52
-19.792226,-8.450814,2023-01-01T05:54:53
-19.792226,-8.450814,2023-01-01T05:54:54
-19.792226,-8.450814,2023-01-01T05:54:55
-19.792226,-8.450814,2023-01-01T05:54:56
-19.792226,-8.450814,2023-01-01T05:54:57
-19.903419,-8.450814,2023-01-01T05:54:58
-19.903419,-8.450814,2023-01-01T05:54:59
-19.903419,-8.450814,2023-01-01T05:55:00
-19.903419,-8.450814,2023-01-01T05:55:01
-19.903419,-8.450814,2023-01-01T05:55:02
-19.903419,-8.562009,2023-01-01T05:55:03
-19.903419,-8.562009,2023-01-01T05:55:04
-19.903419,-8.562009,2023-01-01T05:55:05
-20.014611,-8.562009,2023-01-01T05:55:06
-20.014611,-8.562009,2023-01-01T05:55:07
-20.014611,-8.562009,2023-01-01T05:55:08
-20.014611,-8.562009,2023-01-01T05:55:09
-20.014611,-8.562009,2023-01-01T05:55:10
-20.014611,-8.562009,2023-01-01T05:55:11
-20.014611,-8.562009,2023-01-01T05:55:12
-20.125803,-8.673204,2023-01-01T05:55:13
-20.125803,-8.673204,2023-01-01T05:55:14
-20.125803,-8.673204,2023-01-01T05:55:15
-20.125803,-8.673204,2023-01-01T05:55:16
-20.125803,-8.673204,2023-01-01T05:55:17
-20.125803,-8.673204,2023-01-01T05:55:18
-20.125803,-8.673204,2023-01-01T05:55:19
-20.125803,-8.673204,2023-01-01T05:55:20
-20.125803,-8.673204,2023-01-01T05:55:21
-20.125803,-8.673204,2023-01-01T05:55:22
-20.236996,-8.673204,2023-01-01T05:55:23
-20.236996,-8.673204,2023-01-01T05:55:24
-20.236996,-8.673204,2023-01-01T05:55:25
-20.236996,-8.673204,2023-01-01T05:55:26
-20.236996,-8.673204,2023-01-01T05:55:27
-20.236996,-8.673204,2023-01-01T05:55:28
-20.236996,-8.673204,2023-01-01T05:55:29
-20.236996,-8.673204,2023-01-01T05:55:30
-20.236996,-8.673204,2023-01-01T05:55:31
-20.236996,-8.673204,2023-01-01T05:55:32
-20.236996,-8.673204,2023-01-01T05:55:33
-20.236996,-8.673204,2023-01-01T05:55:34
-20.236996,-8.673204,2023-01-01T05:55:35
-20.236996,-8.784399,2023-01-01T05:55:36
-20.236996,-8.784399,2023-01-01T05:55:37
-20.348188,-8.784399,2023-01-01T05:55:38
-20.348188,-8.784399,2023-01-01T05:55:39
-20.348188,-8.784399,2023-01-01T05:55:40
-20.348188,-8.784399,2023-01-01T05:55:41
-20.348188,-8.784399,2023-01-01T05:55:42
-20.348188,-8.784399,2023-01-01T05:55:43
-20.348188,-8.784399,2023-01-01T05:55:44
-20.348188,-8.784399,2023-01-01T05:55:45
-20.348188,-8.784399,2023-01-01T05:55:46
-20.348188,-8.784399,2023-01-01T05:55:47
-20.348188,-8.784399,2023-01-01T05:55:48
-20.348188,-8.784399,2023-01-01T05:55:49
-20.348188,-8.784399,2023-01-01T05:55:50
-20.348188,-8.784399,2023-01-01T05:55:51
-20.348188,-8.784399,2023-01-01T05:55:52
-20.348188,-8.784399,2023-01-01T05:55:53
-20.348188,-8.784399,2023-01-01T05:55:54
-20.348188,-8.673204,2023-01-01T05:55:55
-20.348188,-8.673204,2023-01-01T05:55:56
-20.348188,-8.673204,2023-01-01T05:55:57
-20.348188,-8.673204,2023-01-01T05:55:58
-20.348188,-8.673204,2023-01-01T05:55:59
-20.348188,-8.673204,2023-01-01T05:56:00
-20.348188,-8.673204,2023-01-01T05:56:01
-20.348188,-8.673204,2023-01-01T05:56:02
-20.348188,-8.673204,2023-01-01T05:56:03
-20.348188,-8.562009,2023-01-01T05:56:04
-20.348188,-8.562009,2023-01-01T05:56:05
-20.348188,-8.562009,2023-01-01T05:56:06
-20.459380,-8.562009,2023-01-01T05:56:07
-20.459380,-8.562009,2023-01-01T05:56:08
-20.459380,-8.562009,2023-01-01T05:56:09
-20.459380,-8.562009,2023-01-01T05:56:10
-20.459380,-8.562009,2023-01-01T05:56:11
-20.459380,-8.562009,2023-01-01T05:56:12
-20.459380,-8.562009,2023-01-01T05:56:13
-20.459380,-8.450814,2023-01-01T05:56:14
-20.459380,-8.450814,2023-01-01T05:56:15
-20.459380,-8.450814,2023-01-01T05:56:16
-20.459380,-8.450814,2023-01-01T05:56:17
-20.459380,-8.450814,2023-01-01T05:56:18
-20.459380,-8.450814,2023-01-01T05:56:19
-20.459380,-8.450814,2023-01-01T05:56:20
-20.459380,-8.450814,2023-01-01T05:56:21
-20.459380,-8.450814,2023-01-01T05:56:22
-20.459380,-8.339619,2023-01-01T05:56:23
-20.459380,-8.339619,2023-01-01T05:56:24
-20.459380,-8.339619,2023-01-01T05:56:25
-20.459380,-8.339619,2023-01-01T05:56:26
-20.459380,-8.339619,2023-01-01T05:56:27
-20.459380,-8.339619,2023-01-01T05:56:28
-20.348188,-8.339619,2023-01-01T05:56:29
-20.348188,-8.339619,2023-01-01T05:56:30
-20.348188,-8.228425,2023-01-01T05:56:31
-20.348188,-8.228425,2023-01-01T05:56:32
-20.348188,-8.228425,2023-01-01T05:56:33
-20.348188,-8.228425,2023-01-01T05:56:34
-20.348188,-8.228425,2023-01-01T05:56:35
-20.348188,-8.228425,2023-01-01T05:56:36
-20.348188,-8.228425,2023-01-01T05:56:37
-20.348188,-8.228425,2023-01-01T05:56:38
-20.348188,-8.228425,2023-01-01T05:56:39
-20.348188,-8.117230,2023-01-01T05:56:40
-20.348188,-8.117230,2023-01-01T05:56:41
-20.348188,-8.117230,2023-01-01T05:56:42
-20.348188,-8.117230,2023-01-01T05:56:43
-20.236996,-8.117230,2023-01-01T05:56:44
-20.236996,-8.117230,2023-01-01T05:56:45
-20.236996,-8.117230,2023-01-01T05:56:46
-20.236996,-8.117230,2023-01-01T05:56:47
-20.236996,-8.006035,2023-01-01T05:56:48
-20.236996,-8.117230,2023-01-01T05:56:49
-20.236996,-8.117230,2023-01-01T05:56:50
-20.236996,-8.117230,2023-01-01T05:56:51
-20.236996,-8.117230,2023-01-01T05:56:52
-20.348188,-8.117230,2023-01-01T05:56:53
-20.348188,-8.117230,2023-01-01T05:56:54
-20.348188,-8.117230,2023-01-01T05:56:55
-20.348188,-8.117230,2023-01-01T05:56:56
-20.348188,-8.117230,2023-01-01T05:56:57
-20.348188,-8.117230,2023-01-01T05:56:58
-20.348188,-8.117230,2023-01-01T05:56:59
-20.348188,-8.117230,2023-01-01T05:57:00
-20.348188,-8.117230,2023-01-01T05:57:01
-20.348188,-8.117230,2023-01-01T05:57:02
-20.348188,-8.117230,2023-01-01T05:57:03
-20.348188,-8.117230,2023-01-01T05:57:04
-20.348188,-8.117230,2023-01-01T05:57:05
-20.348188,-8.117230,2023-01-01T05:57:06
-20.348188,-8.117230,2023-01-01T05:57:07
-20.348188,-8.117230,2023-01-01T05:57:08
-20.348188,-8.117230,2023-01-01T05:57:09
-20.348188,-8.117230,2023-01-01T05:57:10
-20.348188,-8.117230,2023-01-01T05:57:11
-20.348188,-8.117230,2023-01-01T05:57:12
-20.348188,-8.117230,2023-01-01T05:57:13
-20.348188,-8.117230,2023-01-01T05:57:14
-20.348188,-8.117230,2023-01-01T05:57:15
-20.348188,-8.117230,2023-01-01T05:57:16
-20.348188,-8.117230,2023-01-01T05:57:17
-20.348188,-8.117230,2023-01-01T05:57:18
-20.348188,-8.117230,2023-01-01T05:57:19
-20.348188,-8.117230,2023-01-01T05:57:20
-20.348188,-8.117230,2023-01-01T05:57:21
-20.348188,-8.117230,2023-01-01T05:57:22
-20.348188,-8.117230,2023-01-01T05:57:23
-20.348188,-8.117230,2023-01-01T05:57:24
-20.348188,-8.117230,2023-01-01T05:57:25
-20.459380,-8.117230,2023-01-01T05:57:26
-20.459380,-8.117230,2023-01-01T05:57:27
-20.459380,-8.117230,2023-01-01T05:57:28
-20.459380,-8.117230,2023-01-01T05:57:29
-20.459380,-8.117230,2023-01-01T05:57:30
-20.459380,-8.117230,2023-01-01T05:57:31
-20.459380,-8.117230,2023-01-01T05:57:32
-20.459380,-8.117230,2023-01-01T05:57:33
-20.459380,-8.117230,2023-01-01T05:57:34
-20.459380,-8.117230,2023-01-01T05:57:35
-20.459380,-8.117230,2023-01-01T05:57:36
-20.459380,-8.117230,2023-01-01T05:57:37
-20.570572,-8.228425,2023-01-01T05:57:38
-20.570572,-8.228425,2023-01-01T05:57:39
-20.570572,-8.228425,2023-01-01T05:57:40
-20.570572,-8.228425,2023-01-01T05:57:41
-20.570572,-8.228425,2023-01-01T05:57:42
-20.570572,-8.228425,2023-01-01T05:57:43
-20.570572,-8.228425,2023-01-01T05:57:44
-20.570572,-8.228425,2023-01-01T05:57:45
-20.570572,-8.228425,2023-01-01T05:57:46
-20.570572,-8.228425,2023-01-01T05:57:47
-20.570572,-8.228425,2023-01-01T05:57:48
-20.570572,-8.228425,2023-01-01T05:57:49
-20.570572,-8.228425,2023-01-01T05:57:50
-20.570572,-8.228425,2023-01-01T05:57:51
-20.570572,-8.228425,2023-01-01T05:57:52
-20.570572,-8.228425,2023-01-01T05:57:53
-20.570572,-8.228425,2023-01-01T05:57:54
-20.570572,-8.228425,2023-01-01T05:57:55
-20.570572,-8.228425,2023-01-01T05:57:56
-20.570572,-8.228425,2023-01-01T05:57:57
-20.570572,-8.228425,2023-01-01T05:57:58
-20.570572,-8.228425,2023-01-01T05:57:59
-20.570572,-8.228425,2023-01-01T05:58:00
-20.570572,-8.228425,2023-01-01T05:58:01
-20.570572,-8.228425,2023-01-01T05:58:02
-20.570572,-8.228425,2023-01-01T05:58:03
-20.570572,-8.228425,2023-01-01T05:58:04
-20.459380,-8.228425,2023-01-01T05:58:05
-20.459380,-8.117230,2023-01-01T05:58:06
-20.459380,-8.117230,2023-01-01T05:58:07
-20.459380,-8.117230,2023-01-01T05:58:08
-20.459380,-8.117230,2023-01-01T05:58:09
-20.459380,-8.117230,2023-01-01T05:58:10
-20.459380,-8.117230,2023-01-01T05:58:11
-20.459380,-8.117230,2023-01-01T05:58:12
-20.459380,-8.117230,2023-01-01T05:58:13
-20.459380,-8.117230,2023-01-01T05:58:14
-20.459380,-8.117230,2023-01-01T05:58:15
-20.459380,-8.117230,2023-01-01T05:58:16
-20.459380,-8.117230,2023-01-01T05:58:17
-20.459380,-8.117230,2023-01-01T05:58:18
-20.459380,-8.117230,2023-01-01T05:58:19
-20.459380,-8.117230,2023-01-01T05:58:20
-20.459380,-8.117230,2023-01-01T05:58:21
-20.459380,-8.117230,2023-01-01T05:58:22
-20.459380,-8.117230,2023-01-01T05:58:23
-20.459380,-8.117230,2023-01-01T05:58:24
-20.348188,-8.117230,2023-01-01T05:58:25
-20.348188,-8.117230,2023-01-01T05:58:26
-20.348188,-8.117230,2023-01-01T05:58:27
-20.348188,-8.117230,2023-01-01T05:58:28
-20.348188,-8.117230,2023-01-01T05:58:29
-20.348188,-8.117230,2023-01-01T05:58:30
-20.348188,-8.117230,2023-01-01T05:58:31
-20.348188,-8.117230,2023-01-01T05:58:32
-20.348188,-8.117230,2023-01-01T05:58:33
-20.348188,-8.117230,2023-01-01T05:58:34
-20.348188,-8.117230,2023-01-01T05:58:35
-20.348188,-8.117230,2023-01-01T05:58:36
-20.348188,-8.117230,2023-01-01T05:58:37
-20.348188,-8.117230,2023-01-01T05:58:38
-20.348188,-8.117230,2023-01-01T05:58:39
-20.348188,-8.117230,2023-01-01T05:58:40
-20.348188,-8.117230,2023-01-01T05:58:41
-20.348188,-8.117230,2023-01-01T05:58:42
-20.348188,-8.117230,2023-01-01T05:58:43
-20.348188,-8.117230,2023-01-01T05:58:44
-20.348188,-8.117230,2023-01-01T05:58:45
-20.348188,-8.117230,2023-01-01T05:58:46
-20.348188,-8.117230,2023-01-01T05:58:47
-20.348188,-8.117230,2023-01-01T05:58:48
-20.348188,-8.117230,2023-01-01T05:58:49
-20.348188,-8.117230,2023-01-01T05:58:50
-20.348188,-8.117230,2023-01-01T05:58:51
-20.348188,-8.117230,2023-01-01T05:58:52
-20.348188,-8.117230,2023-01-01T05:58:53
-20.348188,-8.117230,2023-01-01T05:58:54
-20.348188,-8.117230,2023-01-01T05:58:55
-20.348188,-8.117230,2023-01-01T05:58:56
-20.348188,-8.117230,2023-01-01T05:58:57
-20.348188,-8.117230,2023-01-01T05:58:58
-20.348188,-8.117230,2023-01-01T05:58:59
-20.348188,-8.117230,2023-01-01T05:59:00
-20.348188,-8.117230,2023-01-01T05:59:01
-20.348188,-8.117230,2023-01-01T05:59:02
-20.348188,-8.117230,2023-01-01T05:59:03
-20.348188,-8.117230,2023-01-01T05:59:04
-20.459380,-8.117230,2023-01-01T05:59:05
-20.459380,-8.117230,2023-01-01T05:59:06
-20.459380,-8.117230,2023-01-01T05:59:07
-20.459380,-8.117230,2023-01-01T05:59:08
-20.459380,-8.117230,2023-01-01T05:59:09
-20.459380,-8.117230,2023-01-01T05:59:10
-20.459380,-8.117230,2023-01-01T05:59:11
-20.459380,-8.228425,2023-01-01T05:59:12
-20.459380,-8.228425,2023-01-01T05:59:13
-20.570572,-8.228425,2023-01-01T05:59:14
-20.570572,-8.228425,2023-01-01T05:59:15
-20.570572,-8.228425,2023-01-01T05:59:16
-20.570572,-8.228425,2023-01-01T05:59:17
-20.570572,-8.228425,2023-01-01T05:59:18
-20.570572,-8.228425,2023-01-01T05:59:19
-20.570572,-8.228425,2023-01-01T05:59:20
-20.570572,-8.228425,2023-01-01T05:59:21
-20.570572,-8.228425,2023-01-01T05:59:22
-20.570572,-8.228425,2023-01-01T05:59:23
-20.570572,-8.228425,2023-01-01T05:59:24
-20.570572,-8.228425,2023-01-01T05:59:25
-20.570572,-8.228425,2023-01-01T05:59:26
-20.681765,-8.228425,2023-01-01T05:59:27
-20.681765,-8.228425,2023-01-01T05:59:28
-20.681765,-8.228425,2023-01-01T05:59:29
-20.681765,-8.339619,2023-01-01T05:59:30
-20.681765,-8.339619,2023-01-01T05:59:31
-20.681765,-8.339619,2023-01-01T05:59:32
-20.681765,-8.339619,2023-01-01T05:59:33
-20.681765,-8.339619,2023-01-01T05:59:34
-20.681765,-8.339619,2023-01-01T05:59:35
-20.681765,-8.339619,2023-01-01T05:59:36
-20.792957,-8.339619,2023-01-01T05:59:37
-20.792957,-8.339619,2023-01-01T05:59:38
-20.792957,-8.339619,2023-01-01T05:59:39
-20.792957,-8.339619,2023-01-01T05:59:40
-20.792957,-8.339619,2023-01-01T05:59:41
-20.792957,-8.339619,2023-01-01T05:59:42
-20.792957,-8.339619,2023-01-01T05:59:43
-20.792957,-8.450814,2023-01-01T05:59:44
-20.792957,-8.450814,2023-01-01T05:59:45
-20.792957,-8.450814,2023-01-01T05:59:46
-20.904149,-8.450814,2023-01-01T05:59:47
-20.904149,-8.450814,2023-01-01T05:59:48
-20.904149,-8.450814,2023-01-01T05:59:49
-20.904149,-8.450814,2023-01-01T05:59:50
-20.792957,-8.450814,2023-01-01T05:59:51
-20.792957,-8.450814,2023-01-01T05:59:52
-20.792957,-8.450814,2023-01-01T05:59:53
-20.792957,-8.450814,2023-01-01T05:59:54
-20.792957,-8.339619,2023-01-01T05:59:55
-20.792957,-8.339619,2023-01-01T05:59:56
-20.792957,-8.339619,2023-01-01T05:59:57
-20.792957,-8.339619,2023-01-01T05:59:58
-20.792957,-8.339619,2023-01-01T05:59:59
-20.792957,-8.339619,2023-01-01T06:00:00
-20.792957,-8.339619,2023-01-01T06:00:01
-20.681765,-8.339619,2023-01-01T06:00:02
-20.681765,-8.339619,2023-01-01T06:00:03
-20.681765,-8.339619,2023-01-01T06:00:04
-20.681765,-8.339619,2023-01-01T06:00:05
-20.681765,-8.339619,2023-01-01T06:00:06
-20.681765,-8.339619,2023-01-01T06:00:07
-20.681765,-8.339619,2023-01-01T06:00:08
-20.681765,-8.339619,2023-01-01T06:00:09
-20.681765,-8.339619,2023-01-01T06:00:10
-20.681765,-8.339619,2023-01-01T06:00:11
-20.681765,-8.339619,2023-01-01T06:00:12
-20.570572,-8.339619,2023-01-01T06:00:13
-20.570572,-8.339619,2023-01-01T06:00:14
-20.570572,-8.339619,2023-01-01T06:00:15
-20.570572,-8.339619,2023-01-01T06:00:16
-20.570572,-8.339619,2023-01-01T06:00:17
-20.570572,-8.339619,2023-01-01T06:00:18
-20.570572,-8.339619,2023-01-01T06:00:19
-20.570572,-8.339619,2023-01-01T06:00:20
-20.570572,-8.339619,2023-01-01T06:00:21
-20.570572,-8.339619,2023-01-01T06:00:22
-20.570572,-8.339619,2023-01-01T06:00:23
-20.570572,-8.339619,2023-01-01T06:00:24
-20.570572,-8.339619,2023-01-01T06:00:25
-20.570572,-8.339619,2023-01-01T06:00:26
-20.459380,-8.339619,2023-01-01T06:00:27
-20.459380,-8.339619,2023-01-01T06:00:28
-20.459380,-8.339619,2023-01-01T06:00:29
-20.459380,-8.339619,2023-01-01T06:00:30
-20.459380,-8.339619,2023-01-01T06:00:31
-20.459380,-8.339619,2023-01-01T06:00:32
-20.459380,-8.339619,2023-01-01T06:00:33
-20.459380,-8.339619,2023-01-01T06:00:34
-20.459380,-8.339619,2023-01-01T06:00:35
-20.459380,-8.339619,2023-01-01T06:00:36
-20.459380,-8.339619,2023-01-01T06:00:37
-20.459380,-8.339619,2023-01-01T06:00:38
-20.459380,-8.339619,2023-01-01T06:00:39
-20.459380,-8.339619,2023-01-01T06:00:40
-20.459380,-8.339619,2023-01-01T06:00:41
-20.459380,-8.339619,2023-01-01T06:00:42
-20.459380,-8.339619,2023-01-01T06:00:43
-20.459380,-8.339619,2023-01-01T06:00:44
-20.459380,-8.339619,2023-01-01T06:00:45
-20.459380,-8.339619,2023-01-01T06:00:46
-20.459380,-8.339619,2023-01-01T06:00:47
-20.459380,-8.339619,2023-01-01T06:00:48
-20.459380,-8.339619,2023-01-01T06:00:49
-20.459380,-8.339619,2023-01-01T06:00:50
-20.459380,-8.339619,2023-01-01T06:00:51
-20.459380,-8.339619,2023-01-01T06:00:52
-20.459380,-8.339619,2023-01-01T06:00:53
-20.459380,-8.450814,2023-01-01T06:00:54
-20.459380,-8.450814,2023-01-01T06:00:55
-20.459380,-8.450814,2023-01-01T06:00:56
-20.459380,-8.450814,2023-01-01T06:00:57
-20.459380,-8.450814,2023-01-01T06:00:58
-20.459380,-8.450814,2023-01-01T06:00:59
-20.459380,-8.450814,2023-01-01T06:01:00
-20.459380,-8.450814,2023-01-01T06:01:01
-20.459380,-8.450814,2023-01-01T06:01:02
-20.459380,-8.450814,2023-01-01T06:01:03
-20.459380,-8.450814,2023-01-01T06:01:04
-20.570572,-8.562009,2023-01-01T06:01:05
-20.570572,-8.562009,2023-01-01T06:01:06
-20.570572,-8.562009,2023-01-01T06:01:07
-20.570572,-8.562009,2023-01-01T06:01:08
-20.570572,-8.562009,2023-01-01T06:01:09
-20.570572,-8.562009,2023-01-01T06:01:10
-20.570572,-8.562009,2023-01-01T06:01:11
-20.570572,-8.562009,2023-01-01T06:01:12
-20.570572,-8.562009,2023-01-01T06:01:13
-20.570572,-8.562009,2023-01-01T06:01:14
-20.570572,-8.562009,2023-01-01T06:01:15
-20.570572,-8.562009,2023-01-01T06:01:16
-20.570572,-8.562009,2023-01-01T06:01:17
-20.570572,-8.673204,2023-01-01T06:01:18
-20.570572,-8.562009,2023-01-01T06:01:19
-20.459380,-8.562009,2023-01-01T06:01:20
-20.459380,-8.562009,2023-01-01T06:01:21
-20.459380,-8.562009,2023-01-01T06:01:22
-20.459380,-8.562009,2023-01-01T06:01:23
-20.459380,-8.562009,2023-01-01T06:01:24
-20.348188,-8.562009,2023-01-01T06:01:25
-20.348188,-8.562009,2023-01-01T06:01:26
-20.348188,-8.562009,2023-01-01T06:01:27
-20.348188,-8.562009,2023-01-01T06:01:28
-20.348188,-8.562009,2023-01-01T06:01:29
-20.348188,-8.562009,2023-01-01T06:01:30
-20.236996,-8.562009,2023-01-01T06:01:31
-20.236996,-8.562009,2023-01-01T06:01:32
-20.236996,-8.562009,2023-01-01T06:01:33
-20.236996,-8.562009,2023-01-01T06:01:34
-20.236996,-8.450814,2023-01-01T06:01:35
-20.236996,-8.450814,2023-01-01T06:01:36
-20.125803,-8.450814,2023-01-01T06:01:37
-20.125803,-8.450814,2023-01-01T06:01:38
-20.125803,-8.450814,2023-01-01T06:01:39
-20.125803,-8.450814,2023-01-01T06:01:40
-20.125803,-8.450814,2023-01-01T06:01:41
-20.125803,-8.450814,2023-01-01T06:01:42
-20.014611,-8.450814,2023-01-01T06:01:43
-20.014611,-8.450814,2023-01-01T06:01:44
-20.014611,-8.450814,2023-01-01T06:01:45
-20.014611,-8.450814,2023-01-01T06:01:46
-20.014611,-8.450814,2023-01-01T06:01:47
-19.903419,-8.450814,2023-01-01T06:01:48
-19.903419,-8.450814,2023-01-01T06:01:49
-19.903419,-8.450814,2023-01-01T06:01:50
-19.903419,-8.450814,2023-01-01T06:01:51
-19.903419,-8.450814,2023-01-01T06:01:52
-19.903419,-8.450814,2023-01-01T06:01:53
-19.903419,-8.450814,2023-01-01T06:01:54
-19.903419,-8.450814,2023-01-01T06:01:55
-19.903419,-8.339619,2023-01-01T06:01:56
-19.903419,-8.339619,2023-01-01T06:01:57
-19.792226,-8.339619,2023-01-01T06:01:58
-19.792226,-8.339619,2023-01-01T06:01:59
-19.792226,-8.339619,2023-01-01T06:02:00
-19.792226,-8.339619,2023-01-01T06:02:01
-19.792226,-8.339619,2023-01-01T06:02:02
-19.792226,-8.339619,2023-01-01T06:02:03
-19.792226,-8.339619,2023-01-01T06:02:04
-19.792226,-8.339619,2023-01-01T06:02:05
-19.792226,-8.339619,2023-01-01T06:02:06
-19.681034,-8.339619,2023-01-01T06:02:07
-19.681034,-8.339619,2023-01-01T06:02:08
-19.681034,-8.339619,2023-01-01T06:02:09
-19.681034,-8.339619,2023-01-01T06:02:10
-19.681034,-8.339619,2023-01-01T06:02:11
-19.681034,-8.339619,2023-01-01T06:02:12
-19.681034,-8.339619,2023-01-01T06:02:13
-19.681034,-8.339619,2023-01-01T06:02:14
-19.681034,-8.339619,2023-01-01T06:02:15
-19.569842,-8.339619,2023-01-01T06:02:16
-19.569842,-8.339619,2023-01-01T06:02:17
-19.569842,-8.339619,2023-01-01T06:02:18
-19.569842,-8.339619,2023-01-01T06:02:19
-19.569842,-8.339619,2023-01-01T06:02:20
-19.569842,-8.339619,2023-01-01T06:02:21
-19.569842,-8.339619,2023-01-01T06:02:22
-19.569842,-8.339619,2023-01-01T06:02:23
-19.569842,-8.228425,2023-01-01T06:02:24
-19.569842,-8.228425,2023-01-01T06:02:25
-19.569842,-8.228425,2023-01-01T06:02:26
-19.569842,-8.228425,2023-01-01T06:02:27
-19.569842,-8.228425,2023-01-01T06:02:28
-19.569842,-8.228425,2023-01-01T06:02:29
-19.569842,-8.228425,2023-01-01T06:02:30
-19.569842,-8.228425,2023-01-01T06:02:31
-19.569842,-8.228425,2023-01-01T06:02:32
-19.569842,-8.228425,2023-01-01T06:02:33
-19.458650,-8.228425,2023-01-01T06:02:34
-19.458650,-8.228425,2023-01-01T06:02:35
-19.458650,-8.228425,2023-01-01T06:02:36
-19.458650,-8.228425,2023-01-01T06:02:37
-19.458650,-8.228425,2023-01-01T06:02:38
-19.458650,-8.228425,2023-01-01T06:02:39
-19.458650,-8.228425,2023-01-01T06:02:40
-19.458650,-8.228425,2023-01-01T06:02:41
-19.458650,-8.228425,2023-01-01T06:02:42
-19.458650,-8.228425,2023-01-01T06:02:43
-19.458650,-8.228425,2023-01-01T06:02:44
-19.458650,-8.228425,2023-01-01T06:02:45
-19.458650,-8.228425,2023-01-01T06:02:46
-19.458650,-8.228425,2023-01-01T06:02:47
-19.458650,-8.228425,2023-01-01T06:02:48
-19.458650,-8.228425,2023-01-01T06:02:49
-19.458650,-8.228425,2023-01-01T06:02:50
-19.458650,-8.228425,2023-01-01T06:02:51
-19.458650,-8.228425,2023-01-01T06:02:52
-19.458650,-8.228425,2023-01-01T06:02:53
-19.458650,-8.228425,2023-01-01T06:02:54
-19.458650,-8.228425,2023-01-01T06:02:55
-19.458650,-8.117230,2023-01-01T06:02:56
-19.458650,-8.117230,2023-01-01T06:02:57
-19.458650,-8.117230,2023-01-01T06:02:58
-19.458650,-8.117230,2023-01-01T06:02:59
-19.458650,-8.117230,2023-01-01T06:03:00
-19.458650,-8.117230,2023-01-01T06:03:01
-19.458650,-8.117230,2023-01-01T06:03:02
-19.458650,-8.117230,2023-01-01T06:03:03
-19.458650,-8.117230,2023-01-01T06:03:04
-19.458650,-8.117230,2023-01-01T06:03:05
-19.458650,-8.117230,2023-01-01T06:03:06
-19.458650,-8.117230,2023-01-01T06:03:07
-19.458650,-8.117230,2023-01-01T06:03:08
-19.458650,-8.117230,2023-01-01T06:03:09
-19.458650,-8.117230,2023-01-01T06:03:10
-19.458650,-8.117230,2023-01-01T06:03:11
-19.458650,-8.117230,2023-01-01T06:03:12
-19.458650,-8.117230,2023-01-01T06:03:13
-19.458650,-8.117230,2023-01-01T06:03:14
-19.458650,-8.117230,2023-01-01T06:03:15
-19.458650,-8.117230,2023-01-01T06:03:16
-19.458650,-8.117230,2023-01-01T06:03:17
-19.458650,-8.117230,2023-01-01T06:03:18
-19.458650,-8.117230,2023-01-01T06:03:19
-19.458650,-8.117230,2023-01-01T06:03:20
-19.458650,-8.117230,2023-01-01T06:03:21
-19.458650,-8.117230,2023-01-01T06:03:22
-19.458650,-8.117230,2023-01-01T06:03:23
-19.458650,-8.117230,2023-01-01T06:03:24
-19.458650,-8.117230,2023-01-01T06:03:25
-19.458650,-8.117230,2023-01-01T06:03:26
-19.569842,-8.117230,2023-01-01T06:03:27
-19.569842,-8.117230,2023-01-01T06:03:28
-19.569842,-8.117230,2023-01-01T06:03:29
-19.569842,-8.117230,2023-01-01T06:03:30
-19.569842,-8.117230,2023-01-01T06:03:31
-19.569842,-8.117230,2023-01-01T06:03:32
-19.569842,-8.117230,2023-01-01T06:03:33
-19.569842,-8.117230,2023-01-01T06:03:34
-19.569842,-8.117230,2023-01-01T06:03:35
-19.569842,-8.117230,2023-01-01T06:03:36
-19.569842,-8.117230,2023-01-01T06:03:37
-19.569842,-8.117230,2023-01-01T06:03:38
-19.569842,-8.117230,2023-01-01T06:03:39
-19.569842,-8.117230,2023-01-01T06:03:40
-19.569842,-8.117230,2023-01-01T06:03:41
-19.569842,-8.117230,2023-01-01T06:03:42
-19.569842,-8.117230,2023-01-01T06:03:43
-19.569842,-8.117230,2023-01-01T06:03:44
-19.569842,-8.117230,2023-01-01T06:03:45
-19.569842,-8.117230,2023-01-01T06:03:46
-19.569842,-8.117230,2023-01-01T06:03:47
-19.569842,-8.117230,2023-01-01T06:03:48
-19.569842,-8.117230,2023-01-01T06:03:49
-19.569842,-8.117230,2023-01-01T06:03:50
-19.569842,-8.117230,2023-01-01T06:03:51
-19.569842,-8.117230,2023-01-01T06:03:52
-19.569842,-8.117230,2023-01-01T06:03:53
-19.569842,-8.117230,2023-01-01T06:03:54
-19.569842,-8.117230,2023-01-01T06:03:55
-19.569842,-8.117230,2023-01-01T06:03:56
-19.569842,-8.117230,2023-01-01T06:03:57
-19.569842,-8.117230,2023-01-01T06:03:58
-19.569842,-8.117230,2023-01-01T06:03:59
-19.569842,-8.117230,2023-01-01T06:04:00
-19.681034,-8.117230,2023-01-01T06:04:01
-19.681034,-8.117230,2023-01-01T06:04:02
-19.681034,-8.117230,2023-01-01T06:04:03
-19.681034,-8.117230,2023-01-01T06:04:04
-19.681034,-8.117230,2023-01-01T06:04:05
-19.681034,-8.117230,2023-01-01T06:04:06
-19.681034,-8.117230,2023-01-01T06:04:07
-19.681034,-8.117230,2023-01-01T06:04:08
-19.681034,-8.117230,2023-01-01T06:04:09
-19.681034,-8.117230,2023-01-01T06:04:10
-19.681034,-8.117230,2023-01-01T06:04:11
-19.681034,-8.117230,2023-01-01T06:04:12
-19.681034,-8.117230,2023-01-01T06:04:13
-19.681034,-8.117230,2023-01-01T06:04:14
-19.681034,-8.117230,2023-01-01T06:04:15
-19.681034,-8.117230,2023-01-01T06:04:16
-19.681034,-8.117230,2023-01-01T06:04:17
-19.681034,-8.117230,2023-01-01T06:04:18
-19.681034,-8.117230,2023-01-01T06:04:19
-19.681034,-8.117230,2023-01-01T06:04:20
-19.681034,-8.117230,2023-01-01T06:04:21
-19.681034,-8.117230,2023-01-01T06:04:22
-19.681034,-8.117230,2023-01-01T06:04:23
-19.681034,-8.117230,2023-01-01T06:04:24
-19.681034,-8.117230,2023-01-01T06:04:25
-19.681034,-8.117230,2023-01-01T06:04:26
-19.681034,-8.117230,2023-01-01T06:04:27
-19.681034,-8.117230,2023-01-01T06:04:28
-19.681034,-8.117230,2023-01-01T06:04:29
-19.681034,-8.117230,2023-01-01T06:04:30
-19.681034,-8.117230,2023-01-01T06:04:31
-19.681034,-8.117230,2023-01-01T06:04:32
-19.681034,-8.117230,2023-01-01T06:04:33
-19.681034,-8.117230,2023-01-01T06:04:34
-19.681034,-8.117230,2023-01-01T06:04:35
-19.681034,-8.117230,2023-01-01T06:04:36
-19.681034,-8.117230,2023-01-01T06:04:37
-19.681034,-8.117230,2023-01-01T06:04:38
-19.569842,-8.117230,2023-01-01T06:04:39
-19.569842,-8.117230,2023-01-01T06:04:40
-19.569842,-8.117230,2023-01-01T06:04:41
-19.569842,-8.117230,2023-01-01T06:04:42
-19.569842,-8.117230,2023-01-01T06:04:43
-19.569842,-8.117230,2023-01-01T06:04:44
-19.569842,-8.117230,2023-01-01T06:04:45
-19.569842,-8.117230,2023-01-01T06:04:46
-19.569842,-8.117230,2023-01-01T06:04:47
-19.569842,-8.117230,2023-01-01T06:04:48
-19.569842,-8.117230,2023-01-01T06:04:49
-19.569842,-8.117230,2023-01-01T06:04:50
-19.569842,-8.117230,2023-01-01T06:04:51
-19.569842,-8.117230,2023-01-01T06:04:52
-19.569842,-8.117230,2023-01-01T06:04:53
-19.569842,-8.117230,2023-01-01T06:04:54
-19.569842,-8.117230,2023-01-01T06:04:55
-19.569842,-8.117230,2023-01-01T06:04:56
-19.569842,-8.117230,2023-01-01T06:04:57
-19.569842,-8.117230,2023-01-01T06:04:58
-19.569842,-8.117230,2023-01-01T06:04:59
-19.569842,-8.117230,2023-01-01T06:05:00
-19.569842,-8.117230,2023-01-01T06:05:01
-19.569842,-8.117230,2023-01-01T06:05:02
-19.569842,-8.117230,2023-01-01T06:05:03
-19.569842,-8.117230,2023-01-01T06:05:04
-19.569842,-8.117230,2023-01-01T06:05:05
-19.569842,-8.117230,2023-01-01T06:05:06
-19.569842,-8.117230,2023-01-01T06:05:07
-19.569842,-8.117230,2023-01-01T06:05:08
-19.569842,-8.117230,2023-01-01T06:05:09
-19.569842,-8.117230,2023-01-01T06:05:10
-19.569842,-8.117230,2023-01-01T06:05:11
-19.569842,-8.117230,2023-01-01T06:05:12
-19.569842,-8.117230,2023-01-01T06:05:13
-19.569842,-8.117230,2023-01-01T06:05:14
-19.569842,-8.117230,2023-01-01T06:05:15
-19.569842,-8.117230,2023-01-01T06:05:16
-19.569842,-8.006035,2023-01-01T06:05:17
-19.569842,-8.006035,2023-01-01T06:05:18
-19.569842,-8.006035,2023-01-01T06:05:19
-19.569842,-8.006035,2023-01-01T06:05:20
-19.569842,-8.006035,2023-01-01T06:05:21
-19.569842,-8.006035,2023-01-01T06:05:22
-19.569842,-8.006035,2023-01-01T06:05:23
-19.569842,-8.006035,2023-01-01T06:05:24
-19.569842,-8.006035,2023-01-01T06:05:25
-19.569842,-8.006035,2023-01-01T06:05:26
-19.569842,-8.006035,2023-01-01T06:05:27
-19.569842,-7.894840,2023-01-01T06:05:28
-19.569842,-7.894840,2023-01-01T06:05:29
-19.569842,-7.894840,2023-01-01T06:05:30
-19.569842,-7.894840,2023-01-01T06:05:31
-19.569842,-7.894840,2023-01-01T06:05:32
-19.569842,-7.894840,2023-01-01T06:05:33
-19.569842,-7.894840,2023-01-01T06:05:34
-19.569842,-7.783645,2023-01-01T06:05:35
-19.569842,-7.783645,2023-01-01T06:05:36
-19.569842,-7.783645,2023-01-01T06:05:37
-19.569842,-7.783645,2023-01-01T06:05:38
-19.569842,-7.783645,2023-01-01T06:05:39
-19.569842,-7.783645,2023-01-01T06:05:40
-19.569842,-7.672450,2023-01-01T06:05:41
-19.569842,-7.672450,2023-01-01T06:05:42
-19.569842,-7.672450,2023-01-01T06:05:43
-19.569842,-7.672450,2023-01-01T06:05:44
-19.569842,-7.672450,2023-01-01T06:05:45
-19.569842,-7.561255,2023-01-01T06:05:46
-19.569842,-7.561255,2023-01-01T06:05:47
-19.569842,-7.561255,2023-01-01T06:05:48
-19.569842,-7.561255,2023-01-01T06:05:49
-19.569842,-7.561255,2023-01-01T06:05:50
-19.569842,-7.561255,2023-01-01T06:05:51
-19.569842,-7.561255,2023-01-01T06:05:52
-19.569842,-7.561255,2023-01-01T06:05:53
-19.569842,-7.561255,2023-01-01T06:05:54
-19.569842,-7.561255,2023-01-01T06:05:55
-19.569842,-7.561255,2023-01-01T06:05:56
-19.569842,-7.450060,2023-01-01T06:05:57
-19.569842,-7.450060,2023-01-01T06:05:58
-19.569842,-7.450060,2023-01-01T06:05:59
-19.569842,-7.450060,2023-01-01T06:06:00
-19.569842,-7.450060,2023-01-01T06:06:01
-19.569842,-7.450060,2023-01-01T06:06:02
-19.569842,-7.450060,2023-01-01T06:06:03
-19.569842,-7.450060,2023-01-01T06:06:04
-19.569842,-7.450060,2023-01-01T06:06:05
-19.569842,-7.450060,2023-01-01T06:06:06
-19.569842,-7.450060,2023-01-01T06:06:07
-19.569842,-7.450060,2023-01-01T06:06:08
-19.569842,-7.450060,2023-01-01T06:06:09
-19.569842,-7.450060,2023-01-01T06:06:10
-19.569842,-7.450060,2023-01-01T06:06:11
-19.569842,-7.450060,2023-01-01T06:06:12
-19.569842,-7.338865,2023-01-01T06:06:13
-19.569842,-7.338865,2023-01-01T06:06:14
-19.569842,-7.338865,2023-01-01T06:06:15
-19.569842,-7.338865,2023-01-01T06:06:16
-19.569842,-7.338865,2023-01-01T06:06:17
-19.569842,-7.338865,2023-01-01T06:06:18
-19.569842,-7.450060,2023-01-01T06:06:19
-19.569842,-7.450060,2023-01-01T06:06:20
-19.569842,-7.450060,2023-01-01T06:06:21
-19.569842,-7.450060,2023-01-01T06:06:22
-19.569842,-7.450060,2023-01-01T06:06:23
-19.569842,-7.450060,2023-01-01T06:06:24
-19.569842,-7.450060,2023-01-01T06:06:25
-19.569842,-7.450060,2023-01-01T06:06:26
-19.569842,-7.450060,2023-01-01T06:06:27
-19.569842,-7.450060,2023-01-01T06:06:28
-19.569842,-7.561255,2023-01-01T06:06:29
-19.569842,-7.561255,2023-01-01T06:06:30
-19.569842,-7.561255,2023-01-01T06:06:31
-19.569842,-7.561255,2023-01-01T06:06:32
-19.569842,-7.561255,2023-01-01T06:06:33
-19.569842,-7.561255,2023-01-01T06:06:34
-19.569842,-7.561255,2023-01-01T06:06:35
-19.569842,-7.561255,2023-01-01T06:06:36
-19.569842,-7.561255,2023-01-01T06:06:37
-19.569842,-7.561255,2023-01-01T06:06:38
-19.569842,-7.561255,2023-01-01T06:06:39
-19.569842,-7.561255,2023-01-01T06:06:40
-19.569842,-7.561255,2023-01-01T06:06:41
-19.569842,-7.672450,2023-01-01T06:06:42
-19.569842,-7.672450,2023-01-01T06:06:43
-19.569842,-7.672450,2023-01-01T06:06:44
-19.569842,-7.672450,2023-01-01T06:06:45
-19.569842,-7.672450,2023-01-01T06:06:46
-19.569842,-7.672450,2023-01-01T06:06:47
-19.569842,-7.672450,2023-01-01T06:06:48
-19.569842,-7.672450,2023-01-01T06:06:49
-19.569842,-7.672450,2023-01-01T06:06:50
-19.569842,-7.672450,2023-01-01T06:06:51
-19.569842,-7.672450,2023-01-01T06:06:52
-19.569842,-7.672450,2023-01-01T06:06:53
-19.569842,-7.672450,2023-01-01T06:06:54
-19.569842,-7.672450,2023-01-01T06:06:55
-19.569842,-7.672450,2023-01-01T06:06:56
-19.569842,-7.672450,2023-01-01T06:06:57
-19.569842,-7.672450,2023-01-01T06:06:58
-19.569842,-7.672450,2023-01-01T06:06:59
-19.569842,-7.672450,2023-01-01T06:07:00
-19.569842,-7.672450,2023-01-01T06:07:01
-19.569842,-7.672450,2023-01-01T06:07:02
-19.569842,-7.672450,2023-01-01T06:07:03
-19.569842,-7.783645,2023-01-01T06:07:04
-19.569842,-7.783645,2023-01-01T06:07:05
-19.569842,-7.783645,2023-01-01T06:07:06
-19.569842,-7.783645,2023-01-01T06:07:07
-19.569842,-7.783645,2023-01-01T06:07:08
-19.569842,-7.783645,2023-01-01T06:07:09
-19.681034,-7.783645,2023-01-01T06:07:10
-19.681034,-7.783645,2023-01-01T06:07:11
-19.681034,-7.783645,2023-01-01T06:07:12
-19.681034,-7.783645,2023-01-01T06:07:13
-19.681034,-7.783645,2023-01-01T06:07:14
-19.681034,-7.783645,2023-01-01T06:07:15
-19.681034,-7.783645,2023-01-01T06:07:16
-19.681034,-7.783645,2023-01-01T06:07:17
-19.681034,-7.783645,2023-01-01T06:07:18
-19.681034,-7.783645,2023-01-01T06:07:19
-19.681034,-7.894840,2023-01-01T06:07:20
-19.681034,-7.894840,2023-01-01T06:07:21
-19.681034,-7.894840,2023-01-01T06:07:22
-19.681034,-7.894840,2023-01-01T06:07:23
-19.792226,-7.894840,2023-01-01T06:07:24
-19.792226,-7.894840,2023-01-01T06:07:25
-19.792226,-7.894840,2023-01-01T06:07:26
-19.792226,-7.894840,2023-01-01T06:07:27
-19.792226,-7.894840,2023-01-01T06:07:28
-19.792226,-7.894840,2023-01-01T06:07:29
-19.792226,-7.894840,2023-01-01T06:07:30
-19.792226,-7.894840,2023-01-01T06:07:31
-19.792226,-7.894840,2023-01-01T06:07:32
-19.792226,-7.894840,2023-01-01T06:07:33
-19.792226,-7.894840,2023-01-01T06:07:34
-19.792226,-7.894840,2023-01-01T06:07:35
-19.792226,-7.894840,2023-01-01T06:07:36
-19.792226,-8.006035,2023-01-01T06:07:37
-19.792226,-8.006035,2023-01-01T06:07:38
-19.792226,-8.006035,2023-01-01T06:07:39
-19.792226,-8.006035,2023-01-01T06:07:40
-19.792226,-8.006035,2023-01-01T06:07:41
-19.792226,-8.006035,2023-01-01T06:07:42
-19.792226,-8.006035,2023-01-01T06:07:43
-19.792226,-8.006035,2023-01-01T06:07:44
-19.792226,-8.006035,2023-01-01T06:07:45
-19.792226,-8.006035,2023-01-01T06:07:46
-19.792226,-8.006035,2023-01-01T06:07:47
-19.792226,-8.006035,2023-01-01T06:07:48
-19.792226,-8.006035,2023-01-01T06:07:49
-19.792226,-8.006035,2023-01-01T06:07:50
-19.792226,-8.006035,2023-01-01T06:07:51
-19.792226,-8.006035,2023-01-01T06:07:52
-19.792226,-8.006035,2023-01-01T06:07:53
-19.792226,-8.006035,2023-01-01T06:07:54
-19.792226,-8.006035,2023-01-01T06:07:55
-19.792226,-8.006035,2023-01-01T06:07:56
-19.681034,-8.006035,2023-01-01T06:07:57
-19.681034,-8.006035,2023-01-01T06:07:58
-19.681034,-8.006035,2023-01-01T06:07:59
-19.681034,-8.006035,2023-01-01T06:08:00
-19.681034,-8.006035,2023-01-01T06:08:01
-19.681034,-8.006035,2023-01-01T06:08:02
-19.681034,-8.006035,2023-01-01T06:08:03
-19.681034,-8.006035,2023-01-01T06:08:04
-19.681034,-8.006035,2023-01-01T06:08:05
-19.569842,-8.006035,2023-01-01T06:08:06
-19.569842,-8.006035,2023-01-01T06:08:07
-19.569842,-8.006035,2023-01-01T06:08:08
-19.569842,-8.006035,2023-01-01T06:08:09
-19.569842,-8.006035,2023-01-01T06:08:10
-19.569842,-8.006035,2023-01-01T06:08:11
-19.569842,-8.006035,2023-01-01T06:08:12
-19.569842,-8.006035,2023-01-01T06:08:13
-19.569842,-8.006035,2023-01-01T06:08:14
-19.458650,-8.006035,2023-01-01T06:08:15
-19.458650,-8.006035,2023-01-01T06:08:16
-19.458650,-7.894840,2023-01-01T06:08:17
-19.458650,-7.894840,2023-01-01T06:08:18
-19.458650,-7.894840,2023-01-01T06:08:19
-19.458650,-7.894840,2023-01-01T06:08:20
-19.458650,-7.894840,2023-01-01T06:08:21
-19.458650,-7.894840,2023-01-01T06:08:22
-19.458650,-7.894840,2023-01-01T06:08:23
-19.458650,-7.894840,2023-01-01T06:08:24
-19.458650,-7.894840,2023-01-01T06:08:25
-19.458650,-7.894840,2023-01-01T06:08:26
-19.458650,-7.894840,2023-01-01T06:08:27
-19.458650,-7.894840,2023-01-01T06:08:28
-19.458650,-7.894840,2023-01-01T06:08:29
-19.458650,-7.894840,2023-01-01T06:08:30
-19.458650,-7.894840,2023-01-01T06:08:31
-19.458650,-7.894840,2023-01-01T06:08:32
-19.458650,-7.894840,2023-01-01T06:08:33
-19.458650,-7.894840,2023-01-01T06:08:34
-19.458650,-7.894840,2023-01-01T06:08:35
-19.458650,-8.006035,2023-01-01T06:08:36
-19.569842,-8.006035,2023-01-01T06:08:37
-19.569842,-8.006035,2023-01-01T06:08:38
-19.569842,-8.006035,2023-01-01T06:08:39
-19.569842,-8.006035,2023-01-01T06:08:40
-19.569842,-8.006035,2023-01-01T06:08:41
-19.569842,-8.006035,2023-01-01T06:08:42
-19.569842,-8.006035,2023-01-01T06:08:43
-19.569842,-8.006035,2023-01-01T06:08:44
-19.569842,-8.006035,2023-01-01T06:08:45
-19.569842,-8.006035,2023-01-01T06:08:46
-19.569842,-8.006035,2023-01-01T06:08:47
-19.681034,-8.006035,2023-01-01T06:08:48
-19.681034,-8.006035,2023-01-01T06:08:49
-19.681034,-8.006035,2023-01-01T06:08:50
-19.681034,-8.006035,2023-01-01T06:08:51
-19.681034,-8.006035,2023-01-01T06:08:52
-19.681034,-8.006035,2023-01-01T06:08:53
-19.792226,-8.006035,2023-01-01T06:08:54
-19.792226,-8.117230,2023-01-01T06:08:55
-19.792226,-8.117230,2023-01-01T06:08:56
-19.792226,-8.117230,2023-01-01T06:08:57
-19.792226,-8.117230,2023-01-01T06:08:58
-19.792226,-8.117230,2023-01-01T06:08:59
-19.903419,-8.117230,2023-01-01T06:09:00
-19.903419,-8.117230,2023-01-01T06:09:01
-19.903419,-8.117230,2023-01-01T06:09:02
-19.903419,-8.117230,2023-01-01T06:09:03
-19.903419,-8.117230,2023-01-01T06:09:04
-20.014611,-8.228425,2023-01-01T06:09:05
-20.014611,-8.228425,2023-01-01T06:09:06
-20.014611,-8.228425,2023-01-01T06:09:07
-20.014611,-8.228425,2023-01-01T06:09:08
-20.014611,-8.228425,2023-01-01T06:09:09
-20.125803,-8.228425,2023-01-01T06:09:10
-20.125803,-8.228425,2023-01-01T06:09:11
-20.125803,-8.339619,2023-01-01T06:09:12
-20.125803,-8.339619,2023-01-01T06:09:13
-20.125803,-8.339619,2023-01-01T06:09:14
-20.125803,-8.339619,2023-01-01T06:09:15
-20.236996,-8.339619,2023-01-01T06:09:16
-20.236996,-8.339619,2023-01-01T06:09:17
-20.236996,-8.339619,2023-01-01T06:09:18
-20.236996,-8.339619,2023-01-01T06:09:19
-20.236996,-8.339619,2023-01-01T06:09:20
-20.236996,-8.339619,2023-01-01T06:09:21
-20.236996,-8.339619,2023-01-01T06:09:22
-20.236996,-8.339619,2023-01-01T06:09:23
-20.236996,-8.339619,2023-01-01T06:09:24
-20.236996,-8.339619,2023-01-01T06:09:25
-20.125803,-8.339619,2023-01-01T06:09:26
-20.125803,-8.450814,2023-01-01T06:09:27
-20.125803,-8.450814,2023-01-01T06:09:28
-20.125803,-8.450814,2023-01-01T06:09:29
-20.125803,-8.450814,2023-01-01T06:09:30
-20.125803,-8.450814,2023-01-01T06:09:31
-20.125803,-8.450814,2023-01-01T06:09:32
-20.125803,-8.450814,2023-01-01T06:09:33
-20.125803,-8.450814,2023-01-01T06:09:34
-20.125803,-8.450814,2023-01-01T06:09:35
-20.125803,-8.450814,2023-01-01T06:09:36
-20.014611,-8.450814,2023-01-01T06:09:37
-20.014611,-8.450814,2023-01-01T06:09:38
-20.014611,-8.450814,2023-01-01T06:09:39
-20.014611,-8.450814,2023-01-01T06:09:40
-20.014611,-8.450814,2023-01-01T06:09:41
-20.014611,-8.450814,2023-01-01T06:09:42
-19.903419,-8.450814,2023-01-01T06:09:43
-19.903419,-8.450814,2023-01-01T06:09:44
-19.903419,-8.450814,2023-01-01T06:09:45
-19.903419,-8.450814,2023-01-01T06:09:46
-19.903419,-8.450814,2023-01-01T06:09:47
-19.903419,-8.450814,2023-01-01T06:09:48
-19.792226,-8.450814,2023-01-01T06:09:49
-19.792226,-8.450814,2023-01-01T06:09:50
-19.792226,-8.450814,2023-01-01T06:09:51
-19.792226,-8.450814,2023-01-01T06:09:52
-19.792226,-8.450814,2023-01-01T06:09:53
-19.792226,-8.450814,2023-01-01T06:09:54
-19.681034,-8.450814,2023-01-01T06:09:55
-19.681034,-8.450814,2023-01-01T06:09:56
-19.681034,-8.450814,2023-01-01T06:09:57
-19.681034,-8.450814,2023-01-01T06:09:58
-19.681034,-8.450814,2023-01-01T06:09:59
-19.681034,-8.450814,2023-01-01T06:10:00
-19.681034,-8.450814,2023-01-01T06:10:01
-19.681034,-8.450814,2023-01-01T06:10:02
-19.569842,-8.450814,2023-01-01T06:10:03
-19.569842,-8.450814,2023-01-01T06:10:04
-19.569842,-8.562009,2023-01-01T06:10:05
-19.569842,-8.562009,2023-01-01T06:10:06
-19.569842,-8.562009,2023-01-01T06:10:07
-19.569842,-8.562009,2023-01-01T06:10:08
-19.569842,-8.562009,2023-01-01T06:10:09
-19.569842,-8.562009,2023-01-01T06:10:10
-19.569842,-8.562009,2023-01-01T06:10:11
-19.569842,-8.562009,2023-01-01T06:10:12
-19.569842,-8.562009,2023-01-01T06:10:13
-19.569842,-8.562009,2023-01-01T06:10:14
-19.569842,-8.562009,2023-01-01T06:10:15
-19.569842,-8.562009,2023-01-01T06:10:16
-19.569842,-8.673204,2023-01-01T06:10:17
-19.569842,-8.673204,2023-01-01T06:10:18
-19.569842,-8.673204,2023-01-01T06:10:19
-19.569842,-8.673204,2023-01-01T06:10:20
-19.569842,-8.673204,2023-01-01T06:10:21
-19.569842,-8.673204,2023-01-01T06:10:22
-19.569842,-8.673204,2023-01-01T06:10:23
-19.569842,-8.673204,2023-01-01T06:10:24
-19.569842,-8.673204,2023-01-01T06:10:25
-19.569842,-8.673204,2023-01-01T06:10:26
-19.569842,-8.673204,2023-01-01T06:10:27
-19.569842,-8.673204,2023-01-01T06:10:28
-19.569842,-8.673204,2023-01-01T06:10:29
-19.569842,-8.673204,2023-01-01T06:10:30
-19.681034,-8.673204,2023-01-01T06:10:31
-19.681034,-8.673204,2023-01-01T06:10:32
-19.681034,-8.673204,2023-01-01T06:10:33
-19.681034,-8.673204,2023-01-01T06:10:34
-19.681034,-8.784399,2023-01-01T06:10:35
-19.681034,-8.784399,2023-01-01T06:10:36
-19.681034,-8.784399,2023-01-01T06:10:37
-19.681034,-8.784399,2023-01-01T06:10:38
-19.681034,-8.784399,2023-01-01T06:10:39
-19.681034,-8.784399,2023-01-01T06:10:40
-19.681034,-8.784399,2023-01-01T06:10:41
-19.792226,-8.784399,2023-01-01T06:10:42
-19.792226,-8.784399,2023-01-01T06:10:43
-19.792226,-8.895594,2023-01-01T06:10:44
-19.792226,-8.895594,2023-01-01T06:10:45
-19.792226,-8.895594,2023-01-01T06:10:46
-19.792226,-8.895594,2023-01-01T06:10:47
-19.792226,-8.895594,2023-01-01T06:10:48
-19.792226,-8.895594,2023-01-01T06:10:49
-19.792226,-8.895594,2023-01-01T06:10:50
-19.792226,-8.895594,2023-01-01T06:10:51
-19.792226,-8.895594,2023-01-01T06:10:52
-19.681034,-8.895594,2023-01-01T06:10:53
-19.681034,-8.895594,2023-01-01T06:10:54
-19.681034,-8.895594,2023-01-01T06:10:55
-19.681034,-8.895594,2023-01-01T06:10:56
-19.681034,-8.895594,2023-01-01T06:10:57
-19.681034,-8.895594,2023-01-01T06:10:58
-19.681034,-8.895594,2023-01-01T06:10:59
-19.681034,-8.895594,2023-01-01T06:11:00
-19.681034,-8.895594,2023-01-01T06:11:01
-19.681034,-8.895594,2023-01-01T06:11:02
-19.569842,-8.895594,2023-01-01T06:11:03
-19.569842,-8.895594,2023-01-01T06:11:04
-19.569842,-8.895594,2023-01-01T06:11:05
-19.569842,-8.895594,2023-01-01T06:11:06
-19.569842,-8.895594,2023-01-01T06:11:07
-19.569842,-8.895594,2023-01-01T06:11:08
-19.569842,-8.895594,2023-01-01T06:11:09
-19.458650,-8.895594,2023-01-01T06:11:10
-19.458650,-8.895594,2023-01-01T06:11:11
-19.458650,-8.895594,2023-01-01T06:11:12
-19.458650,-8.895594,2023-01-01T06:11:13
-19.458650,-8.895594,2023-01-01T06:11:14
-19.458650,-8.895594,2023-01-01T06:11:15
-19.347457,-8.895594,2023-01-01T06:11:16
-19.347457,-8.895594,2023-01-01T06:11:17
-19.347457,-8.895594,2023-01-01T06:11:18
-19.347457,-8.895594,2023-01-01T06:11:19
-19.347457,-8.895594,2023-01-01T06:11:20
-19.236265,-8.895594,2023-01-01T06:11:21
-19.236265,-8.895594,2023-01-01T06:11:22
-19.236265,-8.895594,2023-01-01T06:11:23
-19.236265,-8.895594,2023-01-01T06:11:24
-19.236265,-8.895594,2023-01-01T06:11:25
-19.125073,-8.895594,2023-01-01T06:11:26
-19.125073,-8.895594,2023-01-01T06:11:27
-19.125073,-8.895594,2023-01-01T06:11:28
-19.125073,-8.895594,2023-01-01T06:11:29
-19.013880,-8.895594,2023-01-01T06:11:30
-19.013880,-8.895594,2023-01-01T06:11:31
-19.013880,-8.895594,2023-01-01T06:11:32
-19.013880,-8.895594,2023-01-01T06:11:33
-19.013880,-8.895594,2023-01-01T06:11:34
-18.902688,-8.895594,2023-01-01T06:11:35
-18.902688,-8.895594,2023-01-01T06:11:36
-18.902688,-8.895594,2023-01-01T06:11:37
-18.902688,-9.006789,2023-01-01T06:11:38
-18.902688,-9.006789,2023-01-01T06:11:39
-18.902688,-9.006789,2023-01-01T06:11:40
-18.902688,-9.006789,2023-01-01T06:11:41
-18.791496,-9.006789,2023-01-01T06:11:42
-18.791496,-9.006789,2023-01-01T06:11:43
-18.791496,-9.006789,2023-01-01T06:11:44
-18.791496,-9.006789,2023-01-01T06:11:45
-18.791496,-9.006789,2023-01-01T06:11:46
-18.791496,-9.006789,2023-01-01T06:11:47
-18.791496,-9.006789,2023-01-01T06:11:48
-18.791496,-9.006789,2023-01-01T06:11:49
-18.791496,-9.006789,2023-01-01T06:11:50
-18.791496,-9.006789,2023-01-01T06:11:51
-18.791496,-9.006789,2023-01-01T06:11:52
-18.791496,-9.006789,2023-01-01T06:11:53
-18.791496,-9.006789,2023-01-01T06:11:54
-18.791496,-9.006789,2023-01-01T06:11:55
-18.791496,-9.006789,2023-01-01T06:11:56
-18.791496,-9.006789,2023-01-01T06:11:57
-18.791496,-9.006789,2023-01-01T06:11:58
-18.791496,-9.006789,2023-01-01T06:11:59
-18.791496,-9.006789,2023-01-01T06:12:00
-18.791496,-9.006789,2023-01-01T06:12:01
-18.791496,-9.117984,2023-01-01T06:12:02
-18.791496,-9.117984,2023-01-01T06:12:03
-18.791496,-9.117984,2023-01-01T06:12:04
-18.791496,-9.117984,2023-01-01T06:12:05
-18.791496,-9.117984,2023-01-01T06:12:06
-18.791496,-9.117984,2023-01-01T06:12:07
-18.791496,-9.117984,2023-01-01T06:12:08
-18.791496,-9.117984,2023-01-01T06:12:09
-18.791496,-9.117984,2023-01-01T06:12:10
-18.791496,-9.117984,2023-01-01T06:12:11
-18.791496,-9.117984,2023-01-01T06:12:12
-18.791496,-9.117984,2023-01-01T06:12:13
-18.791496,-9.117984,2023-01-01T06:12:14
-18.902688,-9.117984,2023-01-01T06:12:15
-18.902688,-9.117984,2023-01-01T06:12:16
-18.902688,-9.117984,2023-01-01T06:12:17
-18.902688,-9.117984,2023-01-01T06:12:18
-18.791496,-9.117984,2023-01-01T06:12:19
-18.791496,-9.117984,2023-01-01T06:12:20
-18.791496,-9.117984,2023-01-01T06:12:21
-18.791496,-9.117984,2023-01-01T06:12:22
-18.791496,-9.117984,2023-01-01T06:12:23
-18.791496,-9.117984,2023-01-01T06:12:24
-18.791496,-9.117984,2023-01-01T06:12:25
-18.791496,-9.117984,2023-01-01T06:12:26
-18.791496,-9.117984,2023-01-01T06:12:27
-18.791496,-9.117984,2023-01-01T06:12:28
-18.680304,-9.117984,2023-01-01T06:12:29
-18.680304,-9.117984,2023-01-01T06:12:30
-18.680304,-9.117984,2023-01-01T06:12:31
-18.680304,-9.117984,2023-01-01T06:12:32
-18.680304,-9.117984,2023-01-01T06:12:33
-18.680304,-9.117984,2023-01-01T06:12:34
-18.680304,-9.117984,2023-01-01T06:12:35
-18.680304,-9.117984,2023-01-01T06:12:36
-18.680304,-9.229179,2023-01-01T06:12:37
-18.680304,-9.229179,2023-01-01T06:12:38
-18.680304,-9.229179,2023-01-01T06:12:39
-18.680304,-9.229179,2023-01-01T06:12:40
-18.680304,-9.229179,2023-01-01T06:12:41
-18.680304,-9.229179,2023-01-01T06:12:42
-18.680304,-9.229179,2023-01-01T06:12:43
-18.680304,-9.229179,2023-01-01T06:12:44
-18.680304,-9.229179,2023-01-01T06:12:45
-18.680304,-9.229179,2023-01-01T06:12:46
-18.680304,-9.229179,2023-01-01T06:12:47
-18.680304,-9.229179,2023-01-01T06:12:48
-18.680304,-9.229179,2023-01-01T06:12:49
-18.680304,-9.229179,2023-01-01T06:12:50
-18.680304,-9.229179,2023-01-01T06:12:51
-18.680304,-9.229179,2023-01-01T06:12:52
-18.680304,-9.229179,2023-01-01T06:12:53
-18.680304,-9.229179,2023-01-01T06:12:54
-18.680304,-9.229179,2023-01-01T06:12:55
-18.680304,-9.229179,2023-01-01T06:12:56
-18.680304,-9.229179,2023-01-01T06:12:57
-18.680304,-9.229179,2023-01-01T06:12:58
-18.680304,-9.229179,2023-01-01T06:12:59
-18.680304,-9.229179,2023-01-01T06:13:00
-18.680304,-9.229179,2023-01-01T06:13:01
-18.680304,-9.340374,2023-01-01T06:13:02
-18.680304,-9.340374,2023-01-01T06:13:03
-18.569111,-9.340374,2023-01-01T06:13:04
-18.569111,-9.340374,2023-01-01T06:13:05
-18.569111,-9.340374,2023-01-01T06:13:06
-18.569111,-9.340374,2023-01-01T06:13:07
-18.569111,-9.340374,2023-01-01T06:13:08
-18.569111,-9.340374,2023-01-01T06:13:09
-18.569111,-9.340374,2023-01-01T06:13:10
-18.569111,-9.340374,2023-01-01T06:13:11
-18.569111,-9.340374,2023-01-01T06:13:12
-18.569111,-9.340374,2023-01-01T06:13:13
-18.569111,-9.340374,2023-01-01T06:13:14
-18.569111,-9.451569,2023-01-01T06:13:15
-18.457919,-9.451569,2023-01-01T06:13:16
-18.457919,-9.451569,2023-01-01T06:13:17
-18.457919,-9.451569,2023-01-01T06:13:18
-18.457919,-9.451569,2023-01-01T06:13:19
-18.457919,-9.451569,2023-01-01T06:13:20
-18.346727,-9.451569,2023-01-01T06:13:21
-18.346727,-9.451569,2023-01-01T06:13:22
-18.346727,-9.451569,2023-01-01T06:13:23
-18.346727,-9.451569,2023-01-01T06:13:24
-18.346727,-9.451569,2023-01-01T06:13:25
-18.346727,-9.451569,2023-01-01T06:13:26
-18.235534,-9.451569,2023-01-01T06:13:27
-18.235534,-9.451569,2023-01-01T06:13:28
-18.235534,-9.451569,2023-01-01T06:13:29
-18.235534,-9.451569,2023-01-01T06:13:30
-18.235534,-9.451569,2023-01-01T06:13:31
-18.124342,-9.451569,2023-01-01T06:13:32
-18.124342,-9.451569,2023-01-01T06:13:33
-18.124342,-9.451569,2023-01-01T06:13:34
-18.124342,-9.451569,2023-01-01T06:13:35
-18.124342,-9.451569,2023-01-01T06:13:36
-18.124342,-9.451569,2023-01-01T06:13:37
-18.013150,-9.562764,2023-01-01T06:13:38
-18.013150,-9.562764,2023-01-01T06:13:39
-18.013150,-9.562764,2023-01-01T06:13:40
-18.013150,-9.562764,2023-01-01T06:13:41
-18.013150,-9.562764,2023-01-01T06:13:42
-18.013150,-9.562764,2023-01-01T06:13:43
-17.901958,-9.562764,2023-01-01T06:13:44
-17.901958,-9.562764,2023-01-01T06:13:45
-17.901958,-9.562764,2023-01-01T06:13:46
-17.901958,-9.562764,2023-01-01T06:13:47
-17.901958,-9.562764,2023-01-01T06:13:48
-17.901958,-9.562764,2023-01-01T06:13:49
-17.901958,-9.562764,2023-01-01T06:13:50
-17.901958,-9.562764,2023-01-01T06:13:51
-17.790765,-9.562764,2023-01-01T06:13:52
-17.790765,-9.562764,2023-01-01T06:13:53
-17.790765,-9.562764,2023-01-01T06:13:54
-17.790765,-9.562764,2023-01-01T06:13:55
-17.790765,-9.562764,2023-01-01T06:13:56
-17.790765,-9.562764,2023-01-01T06:13:57
-17.790765,-9.562764,2023-01-01T06:13:58
-17.790765,-9.562764,2023-01-01T06:13:59
-17.790765,-9.562764,2023-01-01T06:14:00
-17.679573,-9.562764,2023-01-01T06:14:01
-17.679573,-9.562764,2023-01-01T06:14:02
-17.679573,-9.562764,2023-01-01T06:14:03
-17.679573,-9.562764,2023-01-01T06:14:04
-17.679573,-9.562764,2023-01-01T06:14:05
-17.679573,-9.562764,2023-01-01T06:14:06
-17.679573,-9.562764,2023-01-01T06:14:07
-17.679573,-9.562764,2023-01-01T06:14:08
-17.679573,-9.562764,2023-01-01T06:14:09
-17.568381,-9.562764,2023-01-01T06:14:10
-17.568381,-9.562764,2023-01-01T06:14:11
-17.568381,-9.562764,2023-01-01T06:14:12
-17.568381,-9.451569,2023-01-01T06:14:13
-17.568381,-9.451569,2023-01-01T06:14:14
-17.568381,-9.451569,2023-01-01T06:14:15
-17.568381,-9.451569,2023-01-01T06:14:16
-17.568381,-9.451569,2023-01-01T06:14:17
-17.457188,-9.451569,2023-01-01T06:14:18
-17.457188,-9.451569,2023-01-01T06:14:19
-17.457188,-9.451569,2023-01-01T06:14:20
-17.457188,-9.451569,2023-01-01T06:14:21
-17.457188,-9.451569,2023-01-01T06:14:22
-17.457188,-9.451569,2023-01-01T06:14:23
-17.457188,-9.451569,2023-01-01T06:14:24
-17.345996,-9.340374,2023-01-01T06:14:25
-17.345996,-9.340374,2023-01-01T06:14:26
-17.345996,-9.340374,2023-01-01T06:14:27
-17.345996,-9.340374,2023-01-01T06:14:28
-17.345996,-9.340374,2023-01-01T06:14:29
-17.234804,-9.340374,2023-01-01T06:14:30
-17.234804,-9.229179,2023-01-01T06:14:31
-17.234804,-9.229179,2023-01-01T06:14:32
-17.234804,-9.229179,2023-01-01T06:14:33
-17.123612,-9.229179,2023-01-01T06:14:34
-17.123612,-9.229179,2023-01-01T06:14:35
-17.123612,-9.117984,2023-01-01T06:14:36
-17.123612,-9.117984,2023-01-01T06:14:37
-17.012419,-9.117984,2023-01-01T06:14:38
-17.012419,-9.117984,2023-01-01T06:14:39
-17.012419,-9.117984,2023-01-01T06:14:40
-17.012419,-9.006789,2023-01-01T06:14:41
-16.901227,-9.006789,2023-01-01T06:14:42
-16.901227,-9.006789,2023-01-01T06:14:43
-16.901227,-9.006789,2023-01-01T06:14:44
-16.901227,-9.006789,2023-01-01T06:14:45
-16.790035,-8.895594,2023-01-01T06:14:46
-16.790035,-8.895594,2023-01-01T06:14:47
-16.790035,-8.895594,2023-01-01T06:14:48
-16.790035,-8.895594,2023-01-01T06:14:49
-16.790035,-8.895594,2023-01-01T06:14:50
-16.790035,-8.895594,2023-01-01T06:14:51
-16.790035,-8.895594,2023-01-01T06:14:52
-16.790035,-8.895594,2023-01-01T06:14:53
-16.790035,-8.895594,2023-01-01T06:14:54
-16.790035,-8.784399,2023-01-01T06:14:55
-16.790035,-8.784399,2023-01-01T06:14:56
-16.678842,-8.784399,2023-01-01T06:14:57
-16.678842,-8.784399,2023-01-01T06:14:58
-16.678842,-8.784399,2023-01-01T06:14:59
-16.678842,-8.784399,2023-01-01T06:15:00
-16.678842,-8.784399,2023-01-01T06:15:01
-16.678842,-8.784399,2023-01-01T06:15:02
-16.678842,-8.784399,2023-01-01T06:15:03
-16.678842,-8.784399,2023-01-01T06:15:04
-16.678842,-8.673204,2023-01-01T06:15:05
-16.678842,-8.673204,2023-01-01T06:15:06
-16.678842,-8.673204,2023-01-01T06:15:07
-16.678842,-8.673204,2023-01-01T06:15:08
-16.678842,-8.673204,2023-01-01T06:15:09
-16.567650,-8.673204,2023-01-01T06:15:10
-16.567650,-8.673204,2023-01-01T06:15:11
-16.567650,-8.673204,2023-01-01T06:15:12
-16.567650,-8.673204,2023-01-01T06:15:13
-16.567650,-8.673204,2023-01-01T06:15:14
-16.567650,-8.673204,2023-01-01T06:15:15
-16.567650,-8.562009,2023-01-01T06:15:16
-16.567650,-8.673204,2023-01-01T06:15:17
-16.567650,-8.673204,2023-01-01T06:15:18
-16.567650,-8.673204,2023-01-01T06:15:19
-16.567650,-8.673204,2023-01-01T06:15:20
-16.567650,-8.673204,2023-01-01T06:15:21
-16.567650,-8.673204,2023-01-01T06:15:22
-16.567650,-8.673204,2023-01-01T06:15:23
-16.678842,-8.673204,2023-01-01T06:15:24
-16.678842,-8.673204,2023-01-01T06:15:25
-16.678842,-8.673204,2023-01-01T06:15:26
-16.678842,-8.673204,2023-01-01T06:15:27
-16.678842,-8.673204,2023-01-01T06:15:28
-16.678842,-8.673204,2023-01-01T06:15:29
-16.678842,-8.673204,2023-01-01T06:15:30
-16.678842,-8.673204,2023-01-01T06:15:31
-16.678842,-8.673204,2023-01-01T06:15:32
-16.678842,-8.784399,2023-01-01T06:15:33
-16.678842,-8.784399,2023-01-01T06:15:34
-16.678842,-8.784399,2023-01-01T06:15:35
-16.678842,-8.784399,2023-01-01T06:15:36
-16.678842,-8.784399,2023-01-01T06:15:37
-16.678842,-8.784399,2023-01-01T06:15:38
-16.678842,-8.784399,2023-01-01T06:15:39
-16.678842,-8.784399,2023-01-01T06:15:40
-16.678842,-8.784399,2023-01-01T06:15:41
-16.678842,-8.784399,2023-01-01T06:15:42
-16.678842,-8.784399,2023-01-01T06:15:43
-16.678842,-8.784399,2023-01-01T06:15:44
-16.678842,-8.784399,2023-01-01T06:15:45
-16.678842,-8.784399,2023-01-01T06:15:46
-16.678842,-8.784399,2023-01-01T06:15:47
-16.678842,-8.784399,2023-01-01T06:15:48
-16.678842,-8.784399,2023-01-01T06:15:49
-16.678842,-8.784399,2023-01-01T06:15:50
-16.790035,-8.784399,2023-01-01T06:15:51
-16.790035,-8.895594,2023-01-01T06:15:52
-16.790035,-8.895594,2023-01-01T06:15:53
-16.790035,-8.895594,2023-01-01T06:15:54
-16.790035,-8.895594,2023-01-01T06:15:55
-16.790035,-8.895594,2023-01-01T06:15:56
-16.790035,-8.895594,2023-01-01T06:15:57
-16.790035,-8.895594,2023-01-01T06:15:58
-16.790035,-8.895594,2023-01-01T06:15:59
-16.790035,-8.895594,2023-01-01T06:16:00
-16.790035,-8.895594,2023-01-01T06:16:01
-16.790035,-8.895594,2023-01-01T06:16:02
-16.790035,-9.006789,2023-01-01T06:16:03
-16.790035,-9.006789,2023-01-01T06:16:04
-16.790035,-9.006789,2023-01-01T06:16:05
-16.790035,-9.006789,2023-01-01T06:16:06
-16.790035,-9.006789,2023-01-01T06:16:07
-16.790035,-9.006789,2023-01-01T06:16:08
-16.790035,-9.006789,2023-01-01T06:16:09
-16.790035,-9.006789,2023-01-01T06:16:10
-16.790035,-9.006789,2023-01-01T06:16:11
-16.790035,-9.006789,2023-01-01T06:16:12
-16.790035,-9.006789,2023-01-01T06:16:13
-16.790035,-9.006789,2023-01-01T06:16:14
-16.790035,-9.006789,2023-01-01T06:16:15
-16.790035,-9.006789,2023-01-01T06:16:16
-16.790035,-9.006789,2023-01-01T06:16:17
-16.790035,-9.117984,2023-01-01T06:16:18
-16.790035,-9.117984,2023-01-01T06:16:19
-16.790035,-9.117984,2023-01-01T06:16:20
-16.790035,-9.117984,2023-01-01T06:16:21
-16.790035,-9.117984,2023-01-01T06:16:22
-16.790035,-9.117984,2023-01-01T06:16:23
-16.790035,-9.117984,2023-01-01T06:16:24
-16.790035,-9.117984,2023-01-01T06:16:25
-16.790035,-9.117984,2023-01-01T06:16:26
-16.790035,-9.117984,2023-01-01T06:16:27
-16.790035,-9.117984,2023-01-01T06:16:28
-16.790035,-9.117984,2023-01-01T06:16:29
-16.790035,-9.117984,2023-01-01T06:16:30
-16.790035,-9.117984,2023-01-01T06:16:31
-16.790035,-9.117984,2023-01-01T06:16:32
-16.901227,-9.117984,2023-01-01T06:16:33
-16.901227,-9.117984,2023-01-01T06:16:34
-16.901227,-9.117984,2023-01-01T06:16:35
-16.901227,-9.117984,2023-01-01T06:16:36
-16.901227,-9.117984,2023-01-01T06:16:37
-16.901227,-9.117984,2023-01-01T06:16:38
-16.901227,-9.117984,2023-01-01T06:16:39
-16.901227,-9.117984,2023-01-01T06:16:40
-16.901227,-9.229179,2023-01-01T06:16:41
-16.901227,-9.229179,2023-01-01T06:16:42
-16.901227,-9.229179,2023-01-01T06:16:43
-16.901227,-9.229179,2023-01-01T06:16:44
-16.901227,-9.229179,2023-01-01T06:16:45
-16.901227,-9.229179,2023-01-01T06:16:46
-16.901227,-9.229179,2023-01-01T06:16:47
-16.901227,-9.229179,2023-01-01T06:16:48
-16.901227,-9.229179,2023-01-01T06:16:49
-16.901227,-9.229179,2023-01-01T06:16:50
-16.901227,-9.229179,2023-01-01T06:16:51
-16.901227,-9.229179,2023-01-01T06:16:52
-16.901227,-9.229179,2023-01-01T06:16:53
-16.901227,-9.229179,2023-01-01T06:16:54
-16.901227,-9.229179,2023-01-01T06:16:55
-16.901227,-9.229179,2023-01-01T06:16:56
-16.901227,-9.229179,2023-01-01T06:16:57
-16.901227,-9.229179,2023-01-01T06:16:58
-16.901227,-9.229179,2023-01-01T06:16:59
-16.901227,-9.229179,2023-01-01T06:17:00
-16.901227,-9.229179,2023-01-01T06:17:01
-16.901227,-9.229179,2023-01-01T06:17:02
-16.901227,-9.229179,2023-01-01T06:17:03
-16.901227,-9.229179,2023-01-01T06:17:04
-16.901227,-9.229179,2023-01-01T06:17:05
-16.901227,-9.229179,2023-01-01T06:17:06
-16.901227,-9.229179,2023-01-01T06:17:07
-16.901227,-9.229179,2023-01-01T06:17:08
-16.901227,-9.229179,2023-01-01T06:17:09
-16.901227,-9.229179,2023-01-01T06:17:10
-16.901227,-9.229179,2023-01-01T06:17:11
-16.901227,-9.229179,2023-01-01T06:17:12
-16.901227,-9.229179,2023-01-01T06:17:13
-16.901227,-9.229179,2023-01-01T06:17:14
-16.901227,-9.229179,2023-01-01T06:17:15
-16.901227,-9.229179,2023-01-01T06:17:16
-16.901227,-9.229179,2023-01-01T06:17:17
-16.901227,-9.229179,2023-01-01T06:17:18
-16.901227,-9.229179,2023-01-01T06:17:19
-16.901227,-9.229179,2023-01-01T06:17:20
-16.790035,-9.229179,2023-01-01T06:17:21
-16.790035,-9.229179,2023-01-01T06:17:22
-16.790035,-9.229179,2023-01-01T06:17:23
-16.790035,-9.229179,2023-01-01T06:17:24
-16.790035,-9.229179,2023-01-01T06:17:25
-16.790035,-9.229179,2023-01-01T06:17:26
-16.790035,-9.229179,2023-01-01T06:17:27
-16.790035,-9.229179,2023-01-01T06:17:28
-16.790035,-9.229179,2023-01-01T06:17:29
-16.790035,-9.229179,2023-01-01T06:17:30
-16.790035,-9.229179,2023-01-01T06:17:31
-16.790035,-9.229179,2023-01-01T06:17:32
-16.790035,-9.229179,2023-01-01T06:17:33
-16.790035,-9.229179,2023-01-01T06:17:34
-16.790035,-9.229179,2023-01-01T06:17:35
-16.790035,-9.229179,2023-01-01T06:17:36
-16.790035,-9.229179,2023-01-01T06:17:37
-16.790035,-9.229179,2023-01-01T06:17:38
-16.790035,-9.229179,2023-01-01T06:17:39
-16.790035,-9.229179,2023-01-01T06:17:40
-16.790035,-9.229179,2023-01-01T06:17:41
-16.790035,-9.117984,2023-01-01T06:17:42
-16.790035,-9.117984,2023-01-01T06:17:43
-16.790035,-9.117984,2023-01-01T06:17:44
-16.790035,-9.117984,2023-01-01T06:17:45
-16.790035,-9.117984,2023-01-01T06:17:46
-16.790035,-9.117984,2023-01-01T06:17:47
-16.790035,-9.117984,2023-01-01T06:17:48
-16.790035,-9.117984,2023-01-01T06:17:49
-16.790035,-9.117984,2023-01-01T06:17:50
-16.790035,-9.117984,2023-01-01T06:17:51
-16.790035,-9.117984,2023-01-01T06:17:52
-16.790035,-9.117984,2023-01-01T06:17:53
-16.790035,-9.117984,2023-01-01T06:17:54
-16.790035,-9.117984,2023-01-01T06:17:55
-16.790035,-9.117984,2023-01-01T06:17:56
-16.790035,-9.117984,2023-01-01T06:17:57
-16.790035,-9.117984,2023-01-01T06:17:58
-16.790035,-9.117984,2023-01-01T06:17:59
-16.790035,-9.117984,2023-01-01T06:18:00
-16.790035,-9.117984,2023-01-01T06:18:01
-16.790035,-9.117984,2023-01-01T06:18:02
-16.790035,-9.117984,2023-01-01T06:18:03
-16.790035,-9.117984,2023-01-01T06:18:04
-16.790035,-9.117984,2023-01-01T06:18:05
-16.790035,-9.117984,2023-01-01T06:18:06
-16.790035,-9.117984,2023-01-01T06:18:07
-16.790035,-9.117984,2023-01-01T06:18:08
-16.790035,-9.117984,2023-01-01T06:18:09
-16.790035,-9.117984,2023-01-01T06:18:10
-16.790035,-9.117984,2023-01-01T06:18:11
-16.790035,-9.117984,2023-01-01T06:18:12
-16.790035,-9.117984,2023-01-01T06:18:13
-16.790035,-9.117984,2023-01-01T06:18:14
-16.790035,-9.117984,2023-01-01T06:18:15
-16.790035,-9.117984,2023-01-01T06:18:16
-16.790035,-9.117984,2023-01-01T06:18:17
-16.790035,-9.117984,2023-01-01T06:18:18
-16.790035,-9.117984,2023-01-01T06:18:19
-16.790035,-9.117984,2023-01-01T06:18:20
-16.790035,-9.117984,2023-01-01T06:18:21
-16.790035,-9.117984,2023-01-01T06:18:22
-16.790035,-9.117984,2023-01-01T06:18:23
-16.790035,-9.117984,2023-01-01T06:18:24
-16.901227,-9.117984,2023-01-01T06:18:25
-16.901227,-9.117984,2023-01-01T06:18:26
-16.901227,-9.229179,2023-01-01T06:18:27
-16.901227,-9.229179,2023-01-01T06:18:28
-16.901227,-9.229179,2023-01-01T06:18:29
-16.901227,-9.229179,2023-01-01T06:18:30
-16.901227,-9.229179,2023-01-01T06:18:31
-16.901227,-9.229179,2023-01-01T06:18:32
-16.901227,-9.229179,2023-01-01T06:18:33
-16.901227,-9.229179,2023-01-01T06:18:34
-16.901227,-9.229179,2023-01-01T06:18:35
-16.901227,-9.229179,2023-01-01T06:18:36
-16.901227,-9.229179,2023-01-01T06:18:37
-16.901227,-9.229179,2023-01-01T06:18:38
-16.901227,-9.229179,2023-01-01T06:18:39
-16.901227,-9.229179,2023-01-01T06:18:40
-16.901227,-9.229179,2023-01-01T06:18:41
-16.901227,-9.229179,2023-01-01T06:18:42
-16.901227,-9.229179,2023-01-01T06:18:43
-16.901227,-9.229179,2023-01-01T06:18:44
-16.901227,-9.229179,2023-01-01T06:18:45
-16.901227,-9.229179,2023-01-01T06:18:46
-16.901227,-9.229179,2023-01-01T06:18:47
-16.901227,-9.229179,2023-01-01T06:18:48
-16.901227,-9.229179,2023-01-01T06:18:49
-16.901227,-9.229179,2023-01-01T06:18:50
-16.901227,-9.229179,2023-01-01T06:18:51
-16.901227,-9.229179,2023-01-01T06:18:52
-16.901227,-9.229179,2023-01-01T06:18:53
-16.901227,-9.229179,2023-01-01T06:18:54
-16.901227,-9.229179,2023-01-01T06:18:55
-16.901227,-9.229179,2023-01-01T06:18:56
-16.901227,-9.229179,2023-01-01T06:18:57
-16.901227,-9.229179,2023-01-01T06:18:58
-16.901227,-9.229179,2023-01-01T06:18:59
-16.901227,-9.229179,2023-01-01T06:19:00
-16.901227,-9.229179,2023-01-01T06:19:01
-16.901227,-9.229179,2023-01-01T06:19:02
-16.901227,-9.229179,2023-01-01T06:19:03
-16.901227,-9.229179,2023-01-01T06:19:04
-16.901227,-9.229179,2023-01-01T06:19:05
-16.901227,-9.229179,2023-01-01T06:19:06
-16.901227,-9.229179,2023-01-01T06:19:07
-16.901227,-9.229179,2023-01-01T06:19:08
-16.901227,-9.229179,2023-01-01T06:19:09
-16.901227,-9.229179,2023-01-01T06:19:10
-16.901227,-9.229179,2023-01-01T06:19:11
-16.901227,-9.229179,2023-01-01T06:19:12
-16.901227,-9.229179,2023-01-01T06:19:13
-16.901227,-9.229179,2023-01-01T06:19:14
-16.901227,-9.229179,2023-01-01T06:19:15
-16.901227,-9.229179,2023-01-01T06:19:16
-16.901227,-9.229179,2023-01-01T06:19:17
-16.901227,-9.229179,2023-01-01T06:19:18
-16.901227,-9.229179,2023-01-01T06:19:19
-16.901227,-9.229179,2023-01-01T06:19:20
-16.901227,-9.229179,2023-01-01T06:19:21
-16.901227,-9.229179,2023-01-01T06:19:22
-16.901227,-9.229179,2023-01-01T06:19:23
-16.901227,-9.229179,2023-01-01T06:19:24
-16.901227,-9.229179,2023-01-01T06:19:25
-16.901227,-9.229179,2023-01-01T06:19:26
-16.901227,-9.229179,2023-01-01T06:19:27
-16.901227,-9.229179,2023-01-01T06:19:28
-16.901227,-9.229179,2023-01-01T06:19:29
-16.901227,-9.229179,2023-01-01T06:19:30
-16.901227,-9.229179,2023-01-01T06:19:31
-16.901227,-9.229179,2023-01-01T06:19:32
-16.901227,-9.229179,2023-01-01T06:19:33
-16.901227,-9.229179,2023-01-01T06:19:34
-16.901227,-9.229179,2023-01-01T06:19:35
-16.901227,-9.229179,2023-01-01T06:19:36
-16.901227,-9.229179,2023-01-01T06:19:37
-16.901227,-9.229179,2023-01-01T06:19:38
-16.901227,-9.229179,2023-01-01T06:19:39
-16.901227,-9.229179,2023-01-01T06:19:40
-16.901227,-9.229179,2023-01-01T06:19:41
-16.901227,-9.229179,2023-01-01T06:19:42
-16.901227,-9.229179,2023-01-01T06:19:43
-16.901227,-9.229179,2023-01-01T06:19:44
-16.901227,-9.229179,2023-01-01T06:19:45
-16.901227,-9.229179,2023-01-01T06:19:46
-16.901227,-9.229179,2023-01-01T06:19:47
-16.901227,-9.229179,2023-01-01T06:19:48
-16.901227,-9.229179,2023-01-01T06:19:49
-16.901227,-9.229179,2023-01-01T06:19:50
-16.901227,-9.229179,2023-01-01T06:19:51
-16.901227,-9.229179,2023-01-01T06:19:52
-16.901227,-9.229179,2023-01-01T06:19:53
-16.901227,-9.229179,2023-01-01T06:19:54
-16.901227,-9.229179,2023-01-01T06:19:55
-16.901227,-9.229179,2023-01-01T06:19:56
-16.901227,-9.229179,2023-01-01T06:19:57
-16.901227,-9.229179,2023-01-01T06:19:58
-16.901227,-9.229179,2023-01-01T06:19:59
-16.901227,-9.229179,2023-01-01T06:20:00
-16.901227,-9.229179,2023-01-01T06:20:01
-16.901227,-9.229179,2023-01-01T06:20:02
-16.901227,-9.229179,2023-01-01T06:20:03
-16.901227,-9.229179,2023-01-01T06:20:04
-16.901227,-9.229179,2023-01-01T06:20:05
-16.901227,-9.229179,2023-01-01T06:20:06
-16.901227,-9.229179,2023-01-01T06:20:07
-16.901227,-9.229179,2023-01-01T06:20:08
-16.901227,-9.229179,2023-01-01T06:20:09
-16.901227,-9.229179,2023-01-01T06:20:10
-16.901227,-9.229179,2023-01-01T06:20:11
-16.901227,-9.229179,2023-01-01T06:20:12
-16.901227,-9.229179,2023-01-01T06:20:13
-16.901227,-9.229179,2023-01-01T06:20:14
-16.901227,-9.229179,2023-01-01T06:20:15
-17.012419,-9.229179,2023-01-01T06:20:16
-17.012419,-9.229179,2023-01-01T06:20:17
-17.012419,-9.229179,2023-01-01T06:20:18
-17.012419,-9.229179,2023-01-01T06:20:19
-17.012419,-9.229179,2023-01-01T06:20:20
-17.012419,-9.229179,2023-01-01T06:20:21
-17.012419,-9.229179,2023-01-01T06:20:22
-17.012419,-9.229179,2023-01-01T06:20:23
-17.123612,-9.229179,2023-01-01T06:20:24
-17.123612,-9.229179,2023-01-01T06:20:25
-17.123612,-9.229179,2023-01-01T06:20:26
-17.123612,-9.229179,2023-01-01T06:20:27
-17.123612,-9.229179,2023-01-01T06:20:28
-17.123612,-9.229179,2023-01-01T06:20:29
-17.123612,-9.117984,2023-01-01T06:20:30
-17.123612,-9.117984,2023-01-01T06:20:31
-17.234804,-9.117984,2023-01-01T06:20:32
-17.234804,-9.117984,2023-01-01T06:20:33
-17.234804,-9.117984,2023-01-01T06:20:34
-17.234804,-9.117984,2023-01-01T06:20:35
-17.234804,-9.117984,2023-01-01T06:20:36
-17.234804,-9.117984,2023-01-01T06:20:37
-17.234804,-9.117984,2023-01-01T06:20:38
-17.234804,-9.229179,2023-01-01T06:20:39
-17.234804,-9.229179,2023-01-01T06:20:40
-17.234804,-9.229179,2023-01-01T06:20:41
-17.345996,-9.229179,2023-01-01T06:20:42
-17.345996,-9.229179,2023-01-01T06:20:43
-17.345996,-9.229179,2023-01-01T06:20:44
-17.345996,-9.229179,2023-01-01T06:20:45
-17.345996,-9.229179,2023-01-01T06:20:46
-17.345996,-9.229179,2023-01-01T06:20:47
-17.345996,-9.229179,2023-01-01T06:20:48
-17.345996,-9.229179,2023-01-01T06:20:49
-17.345996,-9.229179,2023-01-01T06:20:50
-17.345996,-9.229179,2023-01-01T06:20:51
-17.345996,-9.229179,2023-01-01T06:20:52
-17.345996,-9.229179,2023-01-01T06:20:53
-17.345996,-9.229179,2023-01-01T06:20:54
-17.345996,-9.229179,2023-01-01T06:20:55
-17.345996,-9.229179,2023-01-01T06:20:56
-17.345996,-9.229179,2023-01-01T06:20:57
-17.345996,-9.229179,2023-01-01T06:20:58
-17.345996,-9.229179,2023-01-01T06:20:59
-17.345996,-9.229179,2023-01-01T06:21:00
-17.457188,-9.229179,2023-01-01T06:21:01
-17.457188,-9.229179,2023-01-01T06:21:02
-17.457188,-9.229179,2023-01-01T06:21:03
-17.457188,-9.229179,2023-01-01T06:21:04
-17.457188,-9.229179,2023-01-01T06:21:05
-17.457188,-9.229179,2023-01-01T06:21:06
-17.457188,-9.229179,2023-01-01T06:21:07
-17.457188,-9.229179,2023-01-01T06:21:08
-17.457188,-9.229179,2023-01-01T06:21:09
-17.457188,-9.229179,2023-01-01T06:21:10
-17.457188,-9.229179,2023-01-01T06:21:11
-17.457188,-9.229179,2023-01-01T06:21:12
-17.457188,-9.229179,2023-01-01T06:21:13
-17.457188,-9.229179,2023-01-01T06:21:14
-17.457188,-9.229179,2023-01-01T06:21:15
-17.457188,-9.229179,2023-01-01T06:21:16
-17.457188,-9.229179,2023-01-01T06:21:17
-17.457188,-9.229179,2023-01-01T06:21:18
-17.457188,-9.229179,2023-01-01T06:21:19
-17.457188,-9.229179,2023-01-01T06:21:20
-17.345996,-9.229179,2023-01-01T06:21:21
-17.345996,-9.229179,2023-01-01T06:21:22
-17.345996,-9.229179,2023-01-01T06:21:23
-17.345996,-9.229179,2023-01-01T06:21:24
-17.345996,-9.229179,2023-01-01T06:21:25
-17.345996,-9.229179,2023-01-01T06:21:26
-17.345996,-9.229179,2023-01-01T06:21:27
-17.345996,-9.229179,2023-01-01T06:21:28
-17.345996,-9.229179,2023-01-01T06:21:29
-17.345996,-9.229179,2023-01-01T06:21:30
-17.345996,-9.229179,2023-01-01T06:21:31
-17.345996,-9.229179,2023-01-01T06:21:32
-17.345996,-9.229179,2023-01-01T06:21:33
-17.345996,-9.229179,2023-01-01T06:21:34
-17.345996,-9.229179,2023-01-01T06:21:35
-17.234804,-9.229179,2023-01-01T06:21:36
-17.234804,-9.229179,2023-01-01T06:21:37
-17.234804,-9.229179,2023-01-01T06:21:38
-17.234804,-9.229179,2023-01-01T06:21:39
-17.234804,-9.229179,2023-01-01T06:21:40
-17.234804,-9.229179,2023-01-01T06:21:41
-17.234804,-9.229179,2023-01-01T06:21:42
-17.234804,-9.229179,2023-01-01T06:21:43
-17.234804,-9.229179,2023-01-01T06:21:44
-17.234804,-9.229179,2023-01-01T06:21:45
-17.234804,-9.229179,2023-01-01T06:21:46
-17.234804,-9.229179,2023-01-01T06:21:47
-17.234804,-9.229179,2023-01-01T06:21:48
-17.234804,-9.229179,2023-01-01T06:21:49
-17.234804,-9.229179,2023-01-01T06:21:50
-17.234804,-9.229179,2023-01-01T06:21:51
-17.234804,-9.229179,2023-01-01T06:21:52
-17.234804,-9.229179,2023-01-01T06:21:53
-17.234804,-9.229179,2023-01-01T06:21:54
-17.234804,-9.229179,2023-01-01T06:21:55
-17.234804,-9.229179,2023-01-01T06:21:56
-17.234804,-9.229179,2023-01-01T06:21:57
-17.234804,-9.229179,2023-01-01T06:21:58
-17.234804,-9.229179,2023-01-01T06:21:59
-17.234804,-9.229179,2023-01-01T06:22:00
-17.234804,-9.117984,2023-01-01T06:22:01
-17.234804,-9.117984,2023-01-01T06:22:02
-17.234804,-9.117984,2023-01-01T06:22:03
-17.234804,-9.117984,2023-01-01T06:22:04
-17.234804,-9.117984,2023-01-01T06:22:05
-17.234804,-9.117984,2023-01-01T06:22:06
-17.234804,-9.117984,2023-01-01T06:22:07
-17.234804,-9.117984,2023-01-01T06:22:08
-17.234804,-9.117984,2023-01-01T06:22:09
-17.234804,-9.117984,2023-01-01T06:22:10
-17.234804,-9.117984,2023-01-01T06:22:11
-17.234804,-9.117984,2023-01-01T06:22:12
-17.234804,-9.117984,2023-01-01T06:22:13
-17.234804,-9.117984,2023-01-01T06:22:14
-17.234804,-9.117984,2023-01-01T06:22:15
-17.234804,-9.117984,2023-01-01T06:22:16
-17.234804,-9.117984,2023-01-01T06:22:17
-17.234804,-9.117984,2023-01-01T06:22:18
-17.234804,-9.117984,2023-01-01T06:22:19
-17.234804,-9.117984,2023-01-01T06:22:20
-17.234804,-9.117984,2023-01-01T06:22:21
-17.234804,-9.117984,2023-01-01T06:22:22
-17.234804,-9.117984,2023-01-01T06:22:23
-17.234804,-9.117984,2023-01-01T06:22:24
-17.234804,-9.117984,2023-01-01T06:22:25
-17.234804,-9.117984,2023-01-01T06:22:26
-17.234804,-9.117984,2023-01-01T06:22:27
-17.234804,-9.117984,2023-01-01T06:22:28
-17.234804,-9.117984,2023-01-01T06:22:29
-17.234804,-9.117984,2023-01-01T06:22:30
-17.234804,-9.117984,2023-01-01T06:22:31
-17.234804,-9.117984,2023-01-01T06:22:32
-17.234804,-9.117984,2023-01-01T06:22:33
-17.234804,-9.117984,2023-01-01T06:22:34
-17.234804,-9.117984,2023-01-01T06:22:35
-17.234804,-9.117984,2023-01-01T06:22:36
-17.234804,-9.117984,2023-01-01T06:22:37
-17.234804,-9.117984,2023-01-01T06:22:38
-17.234804,-9.117984,2023-01-01T06:22:39
-17.234804,-9.117984,2023-01-01T06:22:40
-17.234804,-9.117984,2023-01-01T06:22:41
-17.234804,-9.117984,2023-01-01T06:22:42
-17.234804,-9.117984,2023-01-01T06:22:43
-17.234804,-9.117984,2023-01-01T06:22:44
-17.234804,-9.117984,2023-01-01T06:22:45
-17.234804,-9.117984,2023-01-01T06:22:46
-17.234804,-9.117984,2023-01-01T06:22:47
-17.234804,-9.117984,2023-01-01T06:22:48
-17.234804,-9.117984,2023-01-01T06:22:49
-17.234804,-9.117984,2023-01-01T06:22:50
-17.234804,-9.117984,2023-01-01T06:22:51
-17.234804,-9.117984,2023-01-01T06:22:52
-17.234804,-9.117984,2023-01-01T06:22:53
-17.234804,-9.117984,2023-01-01T06:22:54
-17.234804,-9.117984,2023-01-01T06:22:55
-17.234804,-9.117984,2023-01-01T06:22:56
-17.234804,-9.117984,2023-01-01T06:22:57
-17.234804,-9.117984,2023-01-01T06:22:58
-17.234804,-9.117984,2023-01-01T06:22:59
-17.234804,-9.117984,2023-01-01T06:23:00
-17.234804,-9.117984,2023-01-01T06:23:01
-17.234804,-9.117984,2023-01-01T06:23:02
-17.234804,-9.117984,2023-01-01T06:23:03
-17.234804,-9.117984,2023-01-01T06:23:04
-17.234804,-9.117984,2023-01-01T06:23:05
-17.234804,-9.117984,2023-01-01T06:23:06
-17.234804,-9.117984,2023-01-01T06:23:07
-17.234804,-9.117984,2023-01-01T06:23:08
-17.234804,-9.117984,2023-01-01T06:23:09
-17.234804,-9.117984,2023-01-01T06:23:10
-17.234804,-9.117984,2023-01-01T06:23:11
-17.234804,-9.117984,2023-01-01T06:23:12
-17.234804,-9.117984,2023-01-01T06:23:13
-17.234804,-9.117984,2023-01-01T06:23:14
-17.234804,-9.117984,2023-01-01T06:23:15
-17.234804,-9.117984,2023-01-01T06:23:16
-17.234804,-9.117984,2023-01-01T06:23:17
-17.234804,-9.117984,2023-01-01T06:23:18
-17.234804,-9.117984,2023-01-01T06:23:19
-17.234804,-9.117984,2023-01-01T06:23:20
-17.123612,-9.117984,2023-01-01T06:23:21
-17.123612,-9.117984,2023-01-01T06:23:22
-17.123612,-9.117984,2023-01-01T06:23:23
-17.123612,-9.117984,2023-01-01T06:23:24
-17.123612,-9.117984,2023-01-01T06:23:25
-17.123612,-9.117984,2023-01-01T06:23:26
-17.123612,-9.117984,2023-01-01T06:23:27
-17.123612,-9.117984,2023-01-01T06:23:28
-17.123612,-9.117984,2023-01-01T06:23:29
-17.123612,-9.117984,2023-01-01T06:23:30
-17.123612,-9.117984,2023-01-01T06:23:31
-17.123612,-9.117984,2023-01-01T06:23:32
-17.012419,-9.117984,2023-01-01T06:23:33
-17.012419,-9.117984,2023-01-01T06:23:34
-17.012419,-9.117984,2023-01-01T06:23:35
-17.012419,-9.117984,2023-01-01T06:23:36
-17.012419,-9.117984,2023-01-01T06:23:37
-17.012419,-9.117984,2023-01-01T06:23:38
-17.012419,-9.117984,2023-01-01T06:23:39
-17.012419,-9.117984,2023-01-01T06:23:40
-17.012419,-9.117984,2023-01-01T06:23:41
-16.901227,-9.117984,2023-01-01T06:23:42
-16.901227,-9.117984,2023-01-01T06:23:43
-16.901227,-9.117984,2023-01-01T06:23:44
-16.901227,-9.117984,2023-01-01T06:23:45
-16.901227,-9.117984,2023-01-01T06:23:46
-16.901227,-9.117984,2023-01-01T06:23:47
-16.901227,-9.117984,2023-01-01T06:23:48
-16.901227,-9.117984,2023-01-01T06:23:49
-16.901227,-9.117984,2023-01-01T06:23:50
-16.901227,-9.117984,2023-01-01T06:23:51
-16.901227,-9.117984,2023-01-01T06:23:52
-16.901227,-9.117984,2023-01-01T06:23:53
-16.901227,-9.117984,2023-01-01T06:23:54
-16.901227,-9.117984,2023-01-01T06:23:55
-16.901227,-9.117984,2023-01-01T06:23:56
-16.901227,-9.117984,2023-01-01T06:23:57
-16.790035,-9.117984,2023-01-01T06:23:58
-16.790035,-9.117984,2023-01-01T06:23:59
-16.790035,-9.117984,2023-01-01T06:24:00
-16.790035,-9.117984,2023-01-01T06:24:01
-16.790035,-9.117984,2023-01-01T06:24:02
-16.790035,-9.117984,2023-01-01T06:24:03
-16.790035,-9.117984,2023-01-01T06:24:04
-16.790035,-9.117984,2023-01-01T06:24:05
-16.790035,-9.117984,2023-01-01T06:24:06
-16.790035,-9.229179,2023-01-01T06:24:07
-16.790035,-9.229179,2023-01-01T06:24:08
-16.790035,-9.229179,2023-01-01T06:24:09
-16.678842,-9.229179,2023-01-01T06:24:10
-16.678842,-9.229179,2023-01-01T06:24:11
-16.678842,-9.229179,2023-01-01T06:24:12
-16.678842,-9.229179,2023-01-01T06:24:13
-16.678842,-9.229179,2023-01-01T06:24:14
-16.678842,-9.229179,2023-01-01T06:24:15
-16.678842,-9.229179,2023-01-01T06:24:16
-16.678842,-9.229179,2023-01-01T06:24:17
-16.678842,-9.229179,2023-01-01T06:24:18
-16.678842,-9.229179,2023-01-01T06:24:19
-16.678842,-9.229179,2023-01-01T06:24:20
-16.678842,-9.229179,2023-01-01T06:24:21
-16.678842,-9.229179,2023-01-01T06:24:22
-16.678842,-9.229179,2023-01-01T06:24:23
-16.678842,-9.229179,2023-01-01T06:24:24
-16.678842,-9.229179,2023-01-01T06:24:25
-16.678842,-9.229179,2023-01-01T06:24:26
-16.678842,-9.229179,2023-01-01T06:24:27
-16.678842,-9.229179,2023-01-01T06:24:28
-16.678842,-9.229179,2023-01-01T06:24:29
-16.678842,-9.229179,2023-01-01T06:24:30
-16.678842,-9.229179,2023-01-01T06:24:31
-16.678842,-9.229179,2023-01-01T06:24:32
-16.678842,-9.229179,2023-01-01T06:24:33
-16.678842,-9.229179,2023-01-01T06:24:34
-16.678842,-9.229179,2023-01-01T06:24:35
-16.678842,-9.229179,2023-01-01T06:24:36
-16.790035,-9.229179,2023-01-01T06:24:37
-16.790035,-9.229179,2023-01-01T06:24:38
-16.790035,-9.229179,2023-01-01T06:24:39
-16.790035,-9.229179,2023-01-01T06:24:40
-16.790035,-9.229179,2023-01-01T06:24:41
-16.790035,-9.229179,2023-01-01T06:24:42
-16.790035,-9.229179,2023-01-01T06:24:43
-16.790035,-9.229179,2023-01-01T06:24:44
-16.790035,-9.229179,2023-01-01T06:24:45
-16.790035,-9.229179,2023-01-01T06:24:46
-16.790035,-9.229179,2023-01-01T06:24:47
-16.790035,-9.229179,2023-01-01T06:24:48
-16.790035,-9.229179,2023-01-01T06:24:49
-16.790035,-9.229179,2023-01-01T06:24:50
-16.790035,-9.229179,2023-01-01T06:24:51
-16.790035,-9.229179,2023-01-01T06:24:52
-16.790035,-9.229179,2023-01-01T06:24:53
-16.790035,-9.229179,2023-01-01T06:24:54
-16.790035,-9.229179,2023-01-01T06:24:55
-16.790035,-9.229179,2023-01-01T06:24:56
-16.790035,-9.229179,2023-01-01T06:24:57
-16.901227,-9.229179,2023-01-01T06:24:58
-16.901227,-9.229179,2023-01-01T06:24:59
-16.901227,-9.340374,2023-01-01T06:25:00
-16.901227,-9.340374,2023-01-01T06:25:01
-16.901227,-9.340374,2023-01-01T06:25:02
-16.901227,-9.340374,2023-01-01T06:25:03
-16.901227,-9.340374,2023-01-01T06:25:04
-16.901227,-9.340374,2023-01-01T06:25:05
-16.901227,-9.340374,2023-01-01T06:25:06
-16.901227,-9.340374,2023-01-01T06:25:07
-16.901227,-9.340374,2023-01-01T06:25:08
-16.901227,-9.340374,2023-01-01T06:25:09
-16.901227,-9.340374,2023-01-01T06:25:10
-16.901227,-9.340374,2023-01-01T06:25:11
-16.901227,-9.340374,2023-01-01T06:25:12
-16.901227,-9.340374,2023-01-01T06:25:13
-16.901227,-9.340374,2023-01-01T06:25:14
-16.901227,-9.340374,2023-01-01T06:25:15
-16.901227,-9.340374,2023-01-01T06:25:16
-16.901227,-9.340374,2023-01-01T06:25:17
-16.901227,-9.340374,2023-01-01T06:25:18
-16.901227,-9.340374,2023-01-01T06:25:19
-16.901227,-9.340374,2023-01-01T06:25:20
-16.901227,-9.340374,2023-01-01T06:25:21
-16.901227,-9.340374,2023-01-01T06:25:22
-16.901227,-9.340374,2023-01-01T06:25:23
-16.901227,-9.340374,2023-01-01T06:25:24
-16.901227,-9.340374,2023-01-01T06:25:25
-16.901227,-9.340374,2023-01-01T06:25:26
-16.901227,-9.340374,2023-01-01T06:25:27
-16.901227,-9.340374,2023-01-01T06:25:28
-16.901227,-9.340374,2023-01-01T06:25:29
-16.901227,-9.340374,2023-01-01T06:25:30
-16.901227,-9.340374,2023-01-01T06:25:31
-16.901227,-9.340374,2023-01-01T06:25:32
-16.901227,-9.340374,2023-01-01T06:25:33
-16.901227,-9.340374,2023-01-01T06:25:34
-16.901227,-9.340374,2023-01-01T06:25:35
-16.790035,-9.340374,2023-01-01T06:25:36
-16.790035,-9.340374,2023-01-01T06:25:37
-16.790035,-9.340374,2023-01-01T06:25:38
-16.790035,-9.340374,2023-01-01T06:25:39
-16.790035,-9.451569,2023-01-01T06:25:40
-16.790035,-9.451569,2023-01-01T06:25:41
-16.790035,-9.451569,2023-01-01T06:25:42
-16.790035,-9.451569,2023-01-01T06:25:43
-16.678842,-9.451569,2023-01-01T06:25:44
-16.678842,-9.451569,2023-01-01T06:25:45
-16.678842,-9.451569,2023-01-01T06:25:46
-16.678842,-9.451569,2023-01-01T06:25:47
-16.678842,-9.451569,2023-01-01T06:25:48
-16.678842,-9.451569,2023-01-01T06:25:49
-16.678842,-9.451569,2023-01-01T06:25:50
-16.678842,-9.451569,2023-01-01T06:25:51
-16.678842,-9.451569,2023-01-01T06:25:52
-16.678842,-9.340374,2023-01-01T06:25:53
-16.678842,-9.340374,2023-01-01T06:25:54
-16.678842,-9.340374,2023-01-01T06:25:55
-16.678842,-9.340374,2023-01-01T06:25:56
-16.567650,-9.340374,2023-01-01T06:25:57
-16.567650,-9.340374,2023-01-01T06:25:58
-16.567650,-9.340374,2023-01-01T06:25:59
-16.567650,-9.340374,2023-01-01T06:26:00
-16.567650,-9.340374,2023-01-01T06:26:01
-16.567650,-9.340374,2023-01-01T06:26:02
-16.567650,-9.340374,2023-01-01T06:26:03
-16.567650,-9.340374,2023-01-01T06:26:04
-16.567650,-9.229179,2023-01-01T06:26:05
-16.567650,-9.229179,2023-01-01T06:26:06
-16.567650,-9.229179,2023-01-01T06:26:07
-16.456458,-9.229179,2023-01-01T06:26:08
-16.456458,-9.229179,2023-01-01T06:26:09
-16.456458,-9.229179,2023-01-01T06:26:10
-16.456458,-9.229179,2023-01-01T06:26:11
-16.456458,-9.229179,2023-01-01T06:26:12
-16.456458,-9.229179,2023-01-01T06:26:13
-16.456458,-9.229179,2023-01-01T06:26:14
-16.456458,-9.117984,2023-01-01T06:26:15
-16.456458,-9.117984,2023-01-01T06:26:16
-16.456458,-9.117984,2023-01-01T06:26:17
-16.456458,-9.117984,2023-01-01T06:26:18
-16.456458,-9.117984,2023-01-01T06:26:19
-16.456458,-9.117984,2023-01-01T06:26:20
-16.456458,-9.117984,2023-01-01T06:26:21
-16.456458,-9.006789,2023-01-01T06:26:22
-16.345266,-9.006789,2023-01-01T06:26:23
-16.345266,-9.006789,2023-01-01T06:26:24
-16.345266,-9.006789,2023-01-01T06:26:25
-16.345266,-9.006789,2023-01-01T06:26:26
-16.345266,-9.006789,2023-01-01T06:26:27
-16.345266,-9.006789,2023-01-01T06:26:28
-16.345266,-8.895594,2023-01-01T06:26:29
-16.345266,-8.895594,2023-01-01T06:26:30
-16.345266,-8.895594,2023-01-01T06:26:31
-16.345266,-8.895594,2023-01-01T06:26:32
-16.345266,-8.895594,2023-01-01T06:26:33
-16.345266,-8.895594,2023-01-01T06:26:34
-16.345266,-8.784399,2023-01-01T06:26:35
-16.345266,-8.784399,2023-01-01T06:26:36
-16.345266,-8.784399,2023-01-01T06:26:37
-16.234073,-8.784399,2023-01-01T06:26:38
-16.234073,-8.784399,2023-01-01T06:26:39
-16.234073,-8.784399,2023-01-01T06:26:40
-16.234073,-8.673204,2023-01-01T06:26:41
-16.234073,-8.673204,2023-01-01T06:26:42
-16.234073,-8.673204,2023-01-01T06:26:43
-16.234073,-8.673204,2023-01-01T06:26:44
-16.122881,-8.673204,2023-01-01T06:26:45
-16.122881,-8.562009,2023-01-01T06:26:46
-16.122881,-8.562009,2023-01-01T06:26:47
-16.122881,-8.562009,2023-01-01T06:26:48
-16.122881,-8.562009,2023-01-01T06:26:49
-16.122881,-8.562009,2023-01-01T06:26:50
-16.011689,-8.562009,2023-01-01T06:26:51
-16.011689,-8.450814,2023-01-01T06:26:52
-16.011689,-8.450814,2023-01-01T06:26:53
-16.011689,-8.450814,2023-01-01T06:26:54
-16.011689,-8.450814,2023-01-01T06:26:55
-15.900496,-8.450814,2023-01-01T06:26:56
-15.900496,-8.450814,2023-01-01T06:26:57
-15.900496,-8.450814,2023-01-01T06:26:58
-15.900496,-8.339619,2023-01-01T06:26:59
-15.789304,-8.339619,2023-01-01T06:27:00
-15.789304,-8.339619,2023-01-01T06:27:01
-15.789304,-8.339619,2023-01-01T06:27:02
-15.789304,-8.339619,2023-01-01T06:27:03
-15.678112,-8.339619,2023-01-01T06:27:04
-15.678112,-8.228425,2023-01-01T06:27:05
-15.678112,-8.228425,2023-01-01T06:27:06
-15.678112,-8.228425,2023-01-01T06:27:07
-15.566920,-8.228425,2023-01-01T06:27:08
-15.566920,-8.228425,2023-01-01T06:27:09
-15.566920,-8.117230,2023-01-01T06:27:10
-15.566920,-8.117230,2023-01-01T06:27:11
-15.455727,-8.117230,2023-01-01T06:27:12
-15.455727,-8.117230,2023-01-01T06:27:13
-15.455727,-8.117230,2023-01-01T06:27:14
-15.344535,-8.006035,2023-01-01T06:27:15
-15.344535,-8.006035,2023-01-01T06:27:16
-15.344535,-8.006035,2023-01-01T06:27:17
-15.344535,-8.006035,2023-01-01T06:27:18
-15.233343,-8.006035,2023-01-01T06:27:19
-15.233343,-7.894840,2023-01-01T06:27:20
-15.233343,-7.894840,2023-01-01T06:27:21
-15.233343,-7.894840,2023-01-01T06:27:22
-15.122151,-7.894840,2023-01-01T06:27:23
-15.122151,-7.894840,2023-01-01T06:27:24
-15.122151,-7.894840,2023-01-01T06:27:25
-15.010958,-7.783645,2023-01-01T06:27:26
-15.010958,-7.783645,2023-01-01T06:27:27
-15.010958,-7.783645,2023-01-01T06:27:28
-15.010958,-7.783645,2023-01-01T06:27:29
-14.899766,-7.783645,2023-01-01T06:27:30
-14.899766,-7.783645,2023-01-01T06:27:31
-14.899766,-7.672450,2023-01-01T06:27:32
-14.899766,-7.672450,2023-01-01T06:27:33
-14.899766,-7.672450,2023-01-01T06:27:34
-14.788574,-7.672450,2023-01-01T06:27:35
-14.788574,-7.672450,2023-01-01T06:27:36
-14.788574,-7.672450,2023-01-01T06:27:37
-14.788574,-7.561255,2023-01-01T06:27:38
-14.677381,-7.561255,2023-01-01T06:27:39
-14.677381,-7.561255,2023-01-01T06:27:40
-14.677381,-7.561255,2023-01-01T06:27:41
-14.677381,-7.450060,2023-01-01T06:27:42
-14.566189,-7.450060,2023-01-01T06:27:43
-14.566189,-7.450060,2023-01-01T06:27:44
-14.566189,-7.338865,2023-01-01T06:27:45
-14.566189,-7.338865,2023-01-01T06:27:46
-14.454997,-7.338865,2023-01-01T06:27:47
-14.454997,-7.227670,2023-01-01T06:27:48
-14.454997,-7.227670,2023-01-01T06:27:49
-14.454997,-7.227670,2023-01-01T06:27:50
-14.343805,-7.116475,2023-01-01T06:27:51
-14.343805,-7.116475,2023-01-01T06:27:52
-14.343805,-7.005280,2023-01-01T06:27:53
-14.343805,-7.005280,2023-01-01T06:27:54
-14.343805,-7.005280,2023-01-01T06:27:55
-14.232612,-6.894085,2023-01-01T06:27:56
-14.232612,-6.894085,2023-01-01T06:27:57
-14.232612,-6.894085,2023-01-01T06:27:58
-14.232612,-6.782891,2023-01-01T06:27:59
-14.232612,-6.782891,2023-01-01T06:28:00
-14.121420,-6.782891,2023-01-01T06:28:01
-14.121420,-6.671696,2023-01-01T06:28:02
-14.121420,-6.671696,2023-01-01T06:28:03
-14.121420,-6.671696,2023-01-01T06:28:04
-14.121420,-6.560501,2023-01-01T06:28:05
-14.010228,-6.560501,2023-01-01T06:28:06
-14.010228,-6.560501,2023-01-01T06:28:07
-14.010228,-6.449306,2023-01-01T06:28:08
-14.010228,-6.449306,2023-01-01T06:28:09
-14.010228,-6.449306,2023-01-01T06:28:10
-14.010228,-6.449306,2023-01-01T06:28:11
-14.010228,-6.338111,2023-01-01T06:28:12
-13.899035,-6.338111,2023-01-01T06:28:13
-13.899035,-6.338111,2023-01-01T06:28:14
-13.899035,-6.226916,2023-01-01T06:28:15
-13.899035,-6.226916,2023-01-01T06:28:16
-13.899035,-6.226916,2023-01-01T06:28:17
-13.899035,-6.115721,2023-01-01T06:28:18
-13.899035,-6.115721,2023-01-01T06:28:19
-13.787843,-6.115721,2023-01-01T06:28:20
-13.787843,-6.115721,2023-01-01T06:28:21
-13.787843,-6.004526,2023-01-01T06:28:22
-13.787843,-6.004526,2023-01-01T06:28:23
-13.787843,-6.004526,2023-01-01T06:28:24
-13.787843,-5.893331,2023-01-01T06:28:25
-13.787843,-5.893331,2023-01-01T06:28:26
-13.787843,-5.893331,2023-01-01T06:28:27
-13.787843,-5.893331,2023-01-01T06:28:28
-13.787843,-5.782136,2023-01-01T06:28:29
-13.676651,-5.782136,2023-01-01T06:28:30
-13.676651,-5.782136,2023-01-01T06:28:31
-13.676651,-5.782136,2023-01-01T06:28:32
-13.676651,-5.670941,2023-01-01T06:28:33
-13.676651,-5.670941,2023-01-01T06:28:34
-13.676651,-5.670941,2023-01-01T06:28:35
-13.676651,-5.559746,2023-01-01T06:28:36
-13.676651,-5.559746,2023-01-01T06:28:37
-13.676651,-5.559746,2023-01-01T06:28:38
-13.565459,-5.559746,2023-01-01T06:28:39
-13.565459,-5.448551,2023-01-01T06:28:40
-13.565459,-5.448551,2023-01-01T06:28:41
-13.565459,-5.448551,2023-01-01T06:28:42
-13.565459,-5.337356,2023-01-01T06:28:43
-13.565459,-5.337356,2023-01-01T06:28:44
-13.565459,-5.337356,2023-01-01T06:28:45
-13.565459,-5.337356,2023-01-01T06:28:46
-13.565459,-5.226162,2023-01-01T06:28:47
-13.565459,-5.226162,2023-01-01T06:28:48
-13.565459,-5.226162,2023-01-01T06:28:49
-13.454266,-5.226162,2023-01-01T06:28:50
-13.454266,-5.226162,2023-01-01T06:28:51
-13.454266,-5.114967,2023-01-01T06:28:52
-13.454266,-5.114967,2023-01-01T06:28:53
-13.454266,-5.114967,2023-01-01T06:28:54
-13.454266,-5.114967,2023-01-01T06:28:55
-13.454266,-5.114967,2023-01-01T06:28:56
-13.454266,-5.003772,2023-01-01T06:28:57
-13.454266,-5.003772,2023-01-01T06:28:58
-13.454266,-5.003772,2023-01-01T06:28:59
-13.454266,-5.003772,2023-01-01T06:29:00
-13.343074,-4.892577,2023-01-01T06:29:01
-13.343074,-4.892577,2023-01-01T06:29:02
-13.343074,-4.892577,2023-01-01T06:29:03
-13.343074,-4.892577,2023-01-01T06:29:04
-13.343074,-4.781382,2023-01-01T06:29:05
-13.343074,-4.781382,2023-01-01T06:29:06
-13.343074,-4.781382,2023-01-01T06:29:07
-13.343074,-4.781382,2023-01-01T06:29:08
-13.343074,-4.670187,2023-01-01T06:29:09
-13.343074,-4.670187,2023-01-01T06:29:10
-13.343074,-4.670187,2023-01-01T06:29:11
-13.343074,-4.670187,2023-01-01T06:29:12
-13.343074,-4.558992,2023-01-01T06:29:13
-13.343074,-4.558992,2023-01-01T06:29:14
-13.231882,-4.558992,2023-01-01T06:29:15
-13.231882,-4.558992,2023-01-01T06:29:16
-13.231882,-4.447797,2023-01-01T06:29:17
-13.231882,-4.447797,2023-01-01T06:29:18
-13.231882,-4.447797,2023-01-01T06:29:19
-13.231882,-4.447797,2023-01-01T06:29:20
-13.231882,-4.336602,2023-01-01T06:29:21
-13.231882,-4.336602,2023-01-01T06:29:22
-13.231882,-4.336602,2023-01-01T06:29:23
-13.231882,-4.336602,2023-01-01T06:29:24
-13.231882,-4.225407,2023-01-01T06:29:25
-13.231882,-4.225407,2023-01-01T06:29:26
-13.231882,-4.225407,2023-01-01T06:29:27
-13.231882,-4.225407,2023-01-01T06:29:28
-13.231882,-4.114212,2023-01-01T06:29:29
-13.231882,-4.114212,2023-01-01T06:29:30
-13.231882,-4.114212,2023-01-01T06:29:31
-13.231882,-4.114212,2023-01-01T06:29:32
-13.231882,-4.003017,2023-01-01T06:29:33
-13.231882,-4.003017,2023-01-01T06:29:34
-13.231882,-4.003017,2023-01-01T06:29:35
-13.231882,-4.003017,2023-01-01T06:29:36
-13.231882,-3.891822,2023-01-01T06:29:37
-13.120689,-3.891822,2023-01-01T06:29:38
-13.120689,-3.891822,2023-01-01T06:29:39
-13.120689,-3.891822,2023-01-01T06:29:40
-13.120689,-3.891822,2023-01-01T06:29:41
-13.120689,-3.780628,2023-01-01T06:29:42
-13.120689,-3.780628,2023-01-01T06:29:43
-13.120689,-3.780628,2023-01-01T06:29:44
-13.120689,-3.780628,2023-01-01T06:29:45
-13.120689,-3.780628,2023-01-01T06:29:46
-13.120689,-3.669433,2023-01-01T06:29:47
-13.120689,-3.669433,2023-01-01T06:29:48
-13.120689,-3.669433,2023-01-01T06:29:49
-13.120689,-3.669433,2023-01-01T06:29:50
-13.120689,-3.669433,2023-01-01T06:29:51
-13.120689,-3.669433,2023-01-01T06:29:52
-13.120689,-3.558238,2023-01-01T06:29:53
-13.120689,-3.558238,2023-01-01T06:29:54
-13.120689,-3.558238,2023-01-01T06:29:55
-13.120689,-3.558238,2023-01-01T06:29:56
-13.120689,-3.558238,2023-01-01T06:29:57
-13.120689,-3.558238,2023-01-01T06:29:58
-13.120689,-3.558238,2023-01-01T06:29:59
-13.120689,-3.447043,2023-01-01T06:30:00
-13.120689,-3.447043,2023-01-01T06:30:01
-13.120689,-3.447043,2023-01-01T06:30:02
-13.120689,-3.447043,2023-01-01T06:30:03
-13.120689,-3.447043,2023-01-01T06:30:04
-13.009497,-3.335848,2023-01-01T06:30:05
-13.009497,-3.335848,2023-01-01T06:30:06
-13.009497,-3.335848,2023-01-01T06:30:07
-13.009497,-3.335848,2023-01-01T06:30:08
-13.009497,-3.335848,2023-01-01T06:30:09
-13.009497,-3.335848,2023-01-01T06:30:10
-13.009497,-3.224653,2023-01-01T06:30:11
-13.009497,-3.224653,2023-01-01T06:30:12
-13.009497,-3.224653,2023-01-01T06:30:13
-13.009497,-3.224653,2023-01-01T06:30:14
-13.009497,-3.224653,2023-01-01T06:30:15
-13.009497,-3.224653,2023-01-01T06:30:16
-13.009497,-3.113458,2023-01-01T06:30:17
-13.009497,-3.113458,2023-01-01T06:30:18
-13.009497,-3.113458,2023-01-01T06:30:19
-13.009497,-3.113458,2023-01-01T06:30:20
-13.009497,-3.002263,2023-01-01T06:30:21
-13.009497,-3.002263,2023-01-01T06:30:22
-13.009497,-3.002263,2023-01-01T06:30:23
-13.009497,-3.002263,2023-01-01T06:30:24
-13.009497,-2.891068,2023-01-01T06:30:25
-13.009497,-2.891068,2023-01-01T06:30:26
-13.009497,-2.891068,2023-01-01T06:30:27
-13.009497,-2.891068,2023-01-01T06:30:28
-13.009497,-2.891068,2023-01-01T06:30:29
-13.009497,-2.779873,2023-01-01T06:30:30
-13.009497,-2.779873,2023-01-01T06:30:31
-13.009497,-2.779873,2023-01-01T06:30:32
-13.009497,-2.779873,2023-01-01T06:30:33
-13.009497,-2.779873,2023-01-01T06:30:34
-13.009497,-2.668678,2023-01-01T06:30:35
-13.120689,-2.668678,2023-01-01T06:30:36
-13.120689,-2.668678,2023-01-01T06:30:37
-13.120689,-2.668678,2023-01-01T06:30:38
-13.120689,-2.557483,2023-01-01T06:30:39
-13.120689,-2.557483,2023-01-01T06:30:40
-13.120689,-2.557483,2023-01-01T06:30:41
-13.120689,-2.557483,2023-01-01T06:30:42
-13.120689,-2.446288,2023-01-01T06:30:43
-13.120689,-2.446288,2023-01-01T06:30:44
-13.120689,-2.446288,2023-01-01T06:30:45
-13.120689,-2.446288,2023-01-01T06:30:46
-13.120689,-2.446288,2023-01-01T06:30:47
-13.120689,-2.335093,2023-01-01T06:30:48
-13.120689,-2.335093,2023-01-01T06:30:49
-13.120689,-2.335093,2023-01-01T06:30:50
-13.120689,-2.335093,2023-01-01T06:30:51
-13.120689,-2.223899,2023-01-01T06:30:52
-13.120689,-2.223899,2023-01-01T06:30:53
-13.120689,-2.223899,2023-01-01T06:30:54
-13.120689,-2.223899,2023-01-01T06:30:55
-13.120689,-2.223899,2023-01-01T06:30:56
-13.120689,-2.223899,2023-01-01T06:30:57
-13.120689,-2.112704,2023-01-01T06:30:58
-13.120689,-2.112704,2023-01-01T06:30:59
-13.120689,-2.112704,2023-01-01T06:31:00
-13.120689,-2.112704,2023-01-01T06:31:01
-13.120689,-2.112704,2023-01-01T06:31:02
-13.231882,-2.001509,2023-01-01T06:31:03
-13.231882,-2.001509,2023-01-01T06:31:04
-13.231882,-2.001509,2023-01-01T06:31:05
-13.231882,-2.001509,2023-01-01T06:31:06
-13.231882,-2.001509,2023-01-01T06:31:07
-13.231882,-2.001509,2023-01-01T06:31:08
-13.231882,-2.001509,2023-01-01T06:31:09
-13.231882,-1.890314,2023-01-01T06:31:10
-13.231882,-1.890314,2023-01-01T06:31:11
-13.231882,-1.890314,2023-01-01T06:31:12
-13.231882,-1.779119,2023-01-01T06:31:13
-13.231882,-1.779119,2023-01-01T06:31:14
-13.231882,-1.779119,2023-01-01T06:31:15
-13.231882,-1.779119,2023-01-01T06:31:16
-13.231882,-1.667924,2023-01-01T06:31:17
-13.231882,-1.667924,2023-01-01T06:31:18
-13.231882,-1.667924,2023-01-01T06:31:19
-13.231882,-1.667924,2023-01-01T06:31:20
-13.231882,-1.556729,2023-01-01T06:31:21
-13.120689,-1.556729,2023-01-01T06:31:22
-13.120689,-1.556729,2023-01-01T06:31:23
-13.120689,-1.445534,2023-01-01T06:31:24
-13.120689,-1.445534,2023-01-01T06:31:25
-13.120689,-1.445534,2023-01-01T06:31:26
-13.120689,-1.334339,2023-01-01T06:31:27
-13.120689,-1.334339,2023-01-01T06:31:28
-13.120689,-1.334339,2023-01-01T06:31:29
-13.120689,-1.334339,2023-01-01T06:31:30
-13.120689,-1.223144,2023-01-01T06:31:31
-13.120689,-1.223144,2023-01-01T06:31:32
-13.120689,-1.223144,2023-01-01T06:31:33
-13.120689,-1.111949,2023-01-01T06:31:34
-13.120689,-1.111949,2023-01-01T06:31:35
-13.231882,-1.111949,2023-01-01T06:31:36
-13.231882,-1.111949,2023-01-01T06:31:37
-13.231882,-1.000754,2023-01-01T06:31:38
-13.231882,-1.000754,2023-01-01T06:31:39
-13.231882,-1.000754,2023-01-01T06:31:40
-13.231882,-1.000754,2023-01-01T06:31:41
-13.231882,-1.000754,2023-01-01T06:31:42
-13.231882,-0.889559,2023-01-01T06:31:43
-13.343074,-0.889559,2023-01-01T06:31:44
-13.343074,-0.889559,2023-01-01T06:31:45
-13.343074,-0.889559,2023-01-01T06:31:46
-13.343074,-0.889559,2023-01-01T06:31:47
-13.343074,-0.889559,2023-01-01T06:31:48
-13.343074,-0.778364,2023-01-01T06:31:49
-13.343074,-0.778364,2023-01-01T06:31:50
-13.343074,-0.778364,2023-01-01T06:31:51
-13.343074,-0.778364,2023-01-01T06:31:52
-13.343074,-0.778364,2023-01-01T06:31:53
-13.343074,-0.778364,2023-01-01T06:31:54
-13.343074,-0.778364,2023-01-01T06:31:55
-13.343074,-0.667170,2023-01-01T06:31:56
-13.343074,-0.667170,2023-01-01T06:31:57
-13.343074,-0.667170,2023-01-01T06:31:58
-13.343074,-0.667170,2023-01-01T06:31:59
-13.343074,-0.667170,2023-01-01T06:32:00
-13.343074,-0.667170,2023-01-01T06:32:01
-13.343074,-0.667170,2023-01-01T06:32:02
-13.343074,-0.555975,2023-01-01T06:32:03
-13.454266,-0.555975,2023-01-01T06:32:04
-13.454266,-0.555975,2023-01-01T06:32:05
-13.454266,-0.555975,2023-01-01T06:32:06
-13.454266,-0.555975,2023-01-01T06:32:07
-13.454266,-0.555975,2023-01-01T06:32:08
-13.454266,-0.444780,2023-01-01T06:32:09
-13.454266,-0.444780,2023-01-01T06:32:10
-13.454266,-0.444780,2023-01-01T06:32:11
-13.454266,-0.444780,2023-01-01T06:32:12
-13.454266,-0.444780,2023-01-01T06:32:13
-13.454266,-0.444780,2023-01-01T06:32:14
-13.454266,-0.333585,2023-01-01T06:32:15
-13.454266,-0.333585,2023-01-01T06:32:16
-13.454266,-0.333585,2023-01-01T06:32:17
-13.454266,-0.333585,2023-01-01T06:32:18
-13.454266,-0.333585,2023-01-01T06:32:19
-13.454266,-0.333585,2023-01-01T06:32:20
-13.454266,-0.333585,2023-01-01T06:32:21
-13.343074,-0.222390,2023-01-01T06:32:22
-13.343074,-0.222390,2023-01-01T06:32:23
-13.343074,-0.222390,2023-01-01T06:32:24
-13.343074,-0.222390,2023-01-01T06:32:25
-13.343074,-0.222390,2023-01-01T06:32:26
-13.343074,-0.222390,2023-01-01T06:32:27
-13.343074,-0.111195,2023-01-01T06:32:28
-13.343074,-0.111195,2023-01-01T06:32:29
-13.343074,-0.111195,2023-01-01T06:32:30
-13.343074,-0.111195,2023-01-01T06:32:31
-13.343074,-0.111195,2023-01-01T06:32:32
-13.343074,0.000000,2023-01-01T06:32:33
-13.343074,0.000000,2023-01-01T06:32:34
-13.343074,0.000000,2023-01-01T06:32:35
-13.343074,0.000000,2023-01-01T06:32:36
-13.343074,0.000000,2023-01-01T06:32:37
-13.231882,0.111195,2023-01-01T06:32:38
-13.231882,0.111195,2023-01-01T06:32:39
-13.231882,0.111195,2023-01-01T06:32:40
-13.231882,0.111195,2023-01-01T06:32:41
-13.231882,0.111195,2023-01-01T06:32:42
-13.231882,0.222390,2023-01-01T06:32:43
-13.231882,0.222390,2023-01-01T06:32:44
-13.231882,0.222390,2023-01-01T06:32:45
-13.231882,0.222390,2023-01-01T06:32:46
-13.231882,0.222390,2023-01-01T06:32:47
-13.231882,0.111195,2023-01-01T06:32:48
-13.231882,0.111195,2023-01-01T06:32:49
-13.231882,0.111195,2023-01-01T06:32:50
-13.231882,0.111195,2023-01-01T06:32:51
-13.231882,0.111195,2023-01-01T06:32:52
-13.231882,0.111195,2023-01-01T06:32:53
-13.231882,0.111195,2023-01-01T06:32:54
-13.231882,0.111195,2023-01-01T06:32:55
-13.343074,0.111195,2023-01-01T06:32:56
-13.343074,0.111195,2023-01-01T06:32:57
-13.231882,0.111195,2023-01-01T06:32:58
-13.231882,0.111195,2023-01-01T06:32:59
-13.231882,0.111195,2023-01-01T06:33:00
-13.231882,0.111195,2023-01-01T06:33:01
-13.231882,0.111195,2023-01-01T06:33:02
-13.231882,0.111195,2023-01-01T06:33:03
-13.231882,0.111195,2023-01-01T06:33:04
-13.231882,0.111195,2023-01-01T06:33:05
-13.231882,0.111195,2023-01-01T06:33:06
-13.231882,0.000000,2023-01-01T06:33:07
-13.231882,0.000000,2023-01-01T06:33:08
-13.231882,0.000000,2023-01-01T06:33:09
-13.231882,0.000000,2023-01-01T06:33:10
-13.231882,0.000000,2023-01-01T06:33:11
-13.231882,0.000000,2023-01-01T06:33:12
-13.231882,0.000000,2023-01-01T06:33:13
-13.231882,0.000000,2023-01-01T06:33:14
-13.231882,0.000000,2023-01-01T06:33:15
-13.231882,0.000000,2023-01-01T06:33:16
-13.231882,0.000000,2023-01-01T06:33:17
-13.231882,0.000000,2023-01-01T06:33:18
-13.231882,0.000000,2023-01-01T06:33:19
-13.231882,-0.111195,2023-01-01T06:33:20
-13.120689,-0.111195,2023-01-01T06:33:21
-13.120689,-0.111195,2023-01-01T06:33:22
-13.120689,-0.111195,2023-01-01T06:33:23
-13.120689,-0.111195,2023-01-01T06:33:24
-13.120689,-0.111195,2023-01-01T06:33:25
-13.120689,-0.111195,2023-01-01T06:33:26
-13.120689,-0.222390,2023-01-01T06:33:27
-13.009497,-0.222390,2023-01-01T06:33:28
-13.009497,-0.222390,2023-01-01T06:33:29
-13.009497,-0.222390,2023-01-01T06:33:30
-13.009497,-0.222390,2023-01-01T06:33:31
-13.009497,-0.333585,2023-01-01T06:33:32
-12.898305,-0.333585,2023-01-01T06:33:33
-12.898305,-0.333585,2023-01-01T06:33:34
-12.898305,-0.333585,2023-01-01T06:33:35
-12.898305,-0.444780,2023-01-01T06:33:36
-12.787113,-0.444780,2023-01-01T06:33:37
-12.787113,-0.444780,2023-01-01T06:33:38
-12.787113,-0.444780,2023-01-01T06:33:39
-12.787113,-0.444780,2023-01-01T06:33:40
-12.787113,-0.555975,2023-01-01T06:33:41
-12.675920,-0.555975,2023-01-01T06:33:42
-12.675920,-0.555975,2023-01-01T06:33:43
-12.675920,-0.555975,2023-01-01T06:33:44
-12.675920,-0.667170,2023-01-01T06:33:45
-12.675920,-0.667170,2023-01-01T06:33:46
-12.564728,-0.667170,2023-01-01T06:33:47
-12.564728,-0.667170,2023-01-01T06:33:48
-12.564728,-0.667170,2023-01-01T06:33:49
-12.564728,-0.778364,2023-01-01T06:33:50
-12.564728,-0.778364,2023-01-01T06:33:51
-12.564728,-0.778364,2023-01-01T06:33:52
-12.564728,-0.778364,2023-01-01T06:33:53
-12.453536,-0.778364,2023-01-01T06:33:54
-12.453536,-0.889559,2023-01-01T06:33:55
-12.453536,-0.889559,2023-01-01T06:33:56
-12.453536,-0.889559,2023-01-01T06:33:57
-12.453536,-0.889559,2023-01-01T06:33:58
-12.453536,-1.000754,2023-01-01T06:33:59
-12.342343,-1.000754,2023-01-01T06:34:00
-12.342343,-1.000754,2023-01-01T06:34:01
-12.342343,-1.000754,2023-01-01T06:34:02
-12.342343,-1.111949,2023-01-01T06:34:03
-12.231151,-1.111949,2023-01-01T06:34:04
-12.231151,-1.111949,2023-01-01T06:34:05
-12.231151,-1.111949,2023-01-01T06:34:06
-12.231151,-1.223144,2023-01-01T06:34:07
-12.119959,-1.223144,2023-01-01T06:34:08
-12.119959,-1.223144,2023-01-01T06:34:09
-12.119959,-1.334339,2023-01-01T06:34:10
-12.008767,-1.334339,2023-01-01T06:34:11
-12.008767,-1.334339,2023-01-01T06:34:12
-12.008767,-1.445534,2023-01-01T06:34:13
-11.897574,-1.445534,2023-01-01T06:34:14
-11.897574,-1.556729,2023-01-01T06:34:15
-11.786382,-1.556729,2023-01-01T06:34:16
-11.786382,-1.556729,2023-01-01T06:34:17
-11.786382,-1.556729,2023-01-01T06:34:18
-11.786382,-1.556729,2023-01-01T06:34:19
-11.675190,-1.667924,2023-01-01T06:34:20
-11.675190,-1.667924,2023-01-01T06:34:21
-11.675190,-1.667924,2023-01-01T06:34:22
-11.563997,-1.779119,2023-01-01T06:34:23
-11.563997,-1.779119,2023-01-01T06:34:24
-11.563997,-1.779119,2023-01-01T06:34:25
-11.452805,-1.779119,2023-01-01T06:34:26
-11.452805,-1.890314,2023-01-01T06:34:27
-11.452805,-1.890314,2023-01-01T06:34:28
-11.341613,-1.890314,2023-01-01T06:34:29
-11.341613,-2.001509,2023-01-01T06:34:30
-11.341613,-2.001509,2023-01-01T06:34:31
-11.230421,-2.001509,2023-01-01T06:34:32
-11.230421,-2.001509,2023-01-01T06:34:33
-11.230421,-2.112704,2023-01-01T06:34:34
-11.230421,-2.112704,2023-01-01T06:34:35
-11.119228,-2.112704,2023-01-01T06:34:36
-11.119228,-2.223899,2023-01-01T06:34:37
-11.119228,-2.223899,2023-01-01T06:34:38
-11.008036,-2.223899,2023-01-01T06:34:39
-11.008036,-2.223899,2023-01-01T06:34:40
-11.008036,-2.335093,2023-01-01T06:34:41
-11.008036,-2.335093,2023-01-01T06:34:42
-10.896844,-2.335093,2023-01-01T06:34:43
-10.896844,-2.335093,2023-01-01T06:34:44
-10.896844,-2.446288,2023-01-01T06:34:45
-10.896844,-2.446288,2023-01-01T06:34:46
-10.785651,-2.446288,2023-01-01T06:34:47
-10.785651,-2.446288,2023-01-01T06:34:48
-10.785651,-2.446288,2023-01-01T06:34:49
-10.785651,-2.446288,2023-01-01T06:34:50
-10.785651,-2.446288,2023-01-01T06:34:51
-10.674459,-2.446288,2023-01-01T06:34:52
-10.674459,-2.446288,2023-01-01T06:34:53
-10.674459,-2.446288,2023-01-01T06:34:54
-10.674459,-2.446288,2023-01-01T06:34:55
-10.674459,-2.446288,2023-01-01T06:34:56
-10.674459,-2.446288,2023-01-01T06:34:57
-10.563267,-2.446288,2023-01-01T06:34:58
-10.563267,-2.446288,2023-01-01T06:34:59
-10.563267,-2.446288,2023-01-01T06:35:00
-10.563267,-2.446288,2023-01-01T06:35:01
-10.563267,-2.557483,2023-01-01T06:35:02
-10.563267,-2.557483,2023-01-01T06:35:03
-10.563267,-2.557483,2023-01-01T06:35:04
-10.563267,-2.557483,2023-01-01T06:35:05
-10.563267,-2.557483,2023-01-01T06:35:06
-10.563267,-2.557483,2023-01-01T06:35:07
-10.452075,-2.557483,2023-01-01T06:35:08
-10.452075,-2.557483,2023-01-01T06:35:09
-10.452075,-2.557483,2023-01-01T06:35:10
-10.452075,-2.557483,2023-01-01T06:35:11
-10.452075,-2.557483,2023-01-01T06:35:12
-10.452075,-2.557483,2023-01-01T06:35:13
-10.452075,-2.557483,2023-01-01T06:35:14
-10.452075,-2.557483,2023-01-01T06:35:15
-10.563267,-2.446288,2023-01-01T06:35:16
-10.563267,-2.446288,2023-01-01T06:35:17
-10.563267,-2.446288,2023-01-01T06:35:18
-10.674459,-2.335093,2023-01-01T06:35:19
-10.674459,-2.335093,2023-01-01T06:35:20
-10.674459,-2.335093,2023-01-01T06:35:21
-10.785651,-2.223899,2023-01-01T06:35:22
-10.785651,-2.223899,2023-01-01T06:35:23
-10.785651,-2.223899,2023-01-01T06:35:24
-10.785651,-2.112704,2023-01-01T06:35:25
-10.896844,-2.112704,2023-01-01T06:35:26
-10.896844,-2.112704,2023-01-01T06:35:27
-10.896844,-2.112704,2023-01-01T06:35:28
-11.008036,-2.001509,2023-01-01T06:35:29
-11.008036,-2.001509,2023-01-01T06:35:30
-11.008036,-2.001509,2023-01-01T06:35:31
-11.119228,-1.890314,2023-01-01T06:35:32
-11.119228,-1.890314,2023-01-01T06:35:33
-11.230421,-1.779119,2023-01-01T06:35:34
-11.230421,-1.779119,2023-01-01T06:35:35
-11.230421,-1.779119,2023-01-01T06:35:36
-11.341613,-1.667924,2023-01-01T06:35:37
-11.341613,-1.667924,2023-01-01T06:35:38
-11.341613,-1.667924,2023-01-01T06:35:39
-11.452805,-1.556729,2023-01-01T06:35:40
-11.452805,-1.556729,2023-01-01T06:35:41
-11.452805,-1.556729,2023-01-01T06:35:42
-11.563997,-1.445534,2023-01-01T06:35:43
-11.563997,-1.445534,2023-01-01T06:35:44
-11.563997,-1.445534,2023-01-01T06:35:45
-11.563997,-1.445534,2023-01-01T06:35:46
-11.563997,-1.445534,2023-01-01T06:35:47
-11.563997,-1.445534,2023-01-01T06:35:48
-11.675190,-1.445534,2023-01-01T06:35:49
-11.675190,-1.445534,2023-01-01T06:35:50
-11.675190,-1.445534,2023-01-01T06:35:51
-11.675190,-1.445534,2023-01-01T06:35:52
-11.675190,-1.334339,2023-01-01T06:35:53
-11.675190,-1.334339,2023-01-01T06:35:54
-11.675190,-1.334339,2023-01-01T06:35:55
-11.675190,-1.334339,2023-01-01T06:35:56
-11.675190,-1.334339,2023-01-01T06:35:57
-11.675190,-1.334339,2023-01-01T06:35:58
-11.786382,-1.334339,2023-01-01T06:35:59
-11.786382,-1.334339,2023-01-01T06:36:00
-11.786382,-1.334339,2023-01-01T06:36:01
-11.786382,-1.334339,2023-01-01T06:36:02
-11.786382,-1.334339,2023-01-01T06:36:03
-11.786382,-1.334339,2023-01-01T06:36:04
-11.786382,-1.334339,2023-01-01T06:36:05
-11.786382,-1.223144,2023-01-01T06:36:06
-11.786382,-1.223144,2023-01-01T06:36:07
-11.675190,-1.223144,2023-01-01T06:36:08
-11.675190,-1.223144,2023-01-01T06:36:09
-11.675190,-1.223144,2023-01-01T06:36:10
-11.675190,-1.223144,2023-01-01T06:36:11
-11.675190,-1.111949,2023-01-01T06:36:12
-11.675190,-1.111949,2023-01-01T06:36:13
-11.675190,-1.111949,2023-01-01T06:36:14
-11.675190,-1.111949,2023-01-01T06:36:15
-11.563997,-1.111949,2023-01-01T06:36:16
-11.563997,-1.000754,2023-01-01T06:36:17
-11.452805,-1.000754,2023-01-01T06:36:18
-11.452805,-1.000754,2023-01-01T06:36:19
-11.341613,-1.000754,2023-01-01T06:36:20
-11.341613,-0.889559,2023-01-01T06:36:21
-11.230421,-0.889559,2023-01-01T06:36:22
-11.119228,-0.778364,2023-01-01T06:36:23
-11.119228,-0.778364,2023-01-01T06:36:24
-11.008036,-0.667170,2023-01-01T06:36:25
-10.896844,-0.667170,2023-01-01T06:36:26
-10.785651,-0.555975,2023-01-01T06:36:27
-10.785651,-0.555975,2023-01-01T06:36:28
-10.674459,-0.555975,2023-01-01T06:36:29
-10.563267,-0.444780,2023-01-01T06:36:30
-10.563267,-0.444780,2023-01-01T06:36:31
-10.452075,-0.333585,2023-01-01T06:36:32
-10.452075,-0.333585,2023-01-01T06:36:33
-10.340882,-0.333585,2023-01-01T06:36:34
-10.340882,-0.333585,2023-01-01T06:36:35
-10.229690,-0.333585,2023-01-01T06:36:36
-10.229690,-0.333585,2023-01-01T06:36:37
-10.229690,-0.333585,2023-01-01T06:36:38
-10.229690,-0.333585,2023-01-01T06:36:39
-10.229690,-0.333585,2023-01-01T06:36:40
-10.229690,-0.333585,2023-01-01T06:36:41
-10.340882,-0.444780,2023-01-01T06:36:42
-10.340882,-0.444780,2023-01-01T06:36:43
-10.340882,-0.555975,2023-01-01T06:36:44
-10.452075,-0.555975,2023-01-01T06:36:45
-10.563267,-0.667170,2023-01-01T06:36:46
-10.674459,-0.889559,2023-01-01T06:36:47
-10.896844,-1.000754,2023-01-01T06:36:48
-11.008036,-1.111949,2023-01-01T06:36:49
-11.119228,-1.223144,2023-01-01T06:36:50
-11.341613,-1.334339,2023-01-01T06:36:51
-11.452805,-1.445534,2023-01-01T06:36:52
-11.563997,-1.667924,2023-01-01T06:36:53
-11.675190,-1.779119,2023-01-01T06:36:54
-11.897574,-1.890314,2023-01-01T06:36:55
-12.008767,-2.001509,2023-01-01T06:36:56
-12.119959,-2.112704,2023-01-01T06:36:57
-12.231151,-2.223899,2023-01-01T06:36:58
-12.342343,-2.223899,2023-01-01T06:36:59
-12.453536,-2.335093,2023-01-01T06:37:00
-12.564728,-2.446288,2023-01-01T06:37:01
-12.675920,-2.557483,2023-01-01T06:37:02
-12.787113,-2.668678,2023-01-01T06:37:03
-12.898305,-2.779873,2023-01-01T06:37:04
-13.009497,-2.891068,2023-01-01T06:37:05
-13.120689,-3.002263,2023-01-01T06:37:06
-13.231882,-3.113458,2023-01-01T06:37:07
-13.343074,-3.224653,2023-01-01T06:37:08
-13.565459,-3.335848,2023-01-01T06:37:09
-13.676651,-3.447043,2023-01-01T06:37:10
-13.787843,-3.558238,2023-01-01T06:37:11
-13.899035,-3.669433,2023-01-01T06:37:12
-14.121420,-3.780628,2023-01-01T06:37:13
-14.232612,-3.891822,2023-01-01T06:37:14
-14.343805,-4.003017,2023-01-01T06:37:15
-14.343805,-4.003017,2023-01-01T06:37:16
-14.454997,-4.003017,2023-01-01T06:37:17
-14.454997,-4.114212,2023-01-01T06:37:18
-14.454997,-4.114212,2023-01-01T06:37:19
-14.566189,-4.114212,2023-01-01T06:37:20
-14.566189,-4.225407,2023-01-01T06:37:21
-14.566189,-4.225407,2023-01-01T06:37:22
-14.566189,-4.225407,2023-01-01T06:37:23
-14.677381,-4.336602,2023-01-01T06:37:24
-14.677381,-4.336602,2023-01-01T06:37:25
-14.677381,-4.336602,2023-01-01T06:37:26
-14.788574,-4.447797,2023-01-01T06:37:27
-14.788574,-4.447797,2023-01-01T06:37:28
-14.788574,-4.447797,2023-01-01T06:37:29
-14.788574,-4.447797,2023-01-01T06:37:30
-14.899766,-4.558992,2023-01-01T06:37:31
-14.899766,-4.558992,2023-01-01T06:37:32
-14.899766,-4.558992,2023-01-01T06:37:33
-14.899766,-4.558992,2023-01-01T06:37:34
-15.010958,-4.670187,2023-01-01T06:37:35
-15.010958,-4.670187,2023-01-01T06:37:36
-15.010958,-4.670187,2023-01-01T06:37:37
-15.010958,-4.670187,2023-01-01T06:37:38
-15.122151,-4.781382,2023-01-01T06:37:39
-15.122151,-4.781382,2023-01-01T06:37:40
-15.122151,-4.781382,2023-01-01T06:37:41
-15.122151,-4.781382,2023-01-01T06:37:42
-15.122151,-4.781382,2023-01-01T06:37:43
-15.122151,-4.781382,2023-01-01T06:37:44
-15.233343,-4.892577,2023-01-01T06:37:45
-15.122151,-4.781382,2023-01-01T06:37:46
-15.010958,-4.781382,2023-01-01T06:37:47
-15.010958,-4.670187,2023-01-01T06:37:48
-14.899766,-4.670187,2023-01-01T06:37:49
-14.899766,-4.558992,2023-01-01T06:37:50
-14.788574,-4.558992,2023-01-01T06:37:51
-14.677381,-4.447797,2023-01-01T06:37:52
-14.677381,-4.447797,2023-01-01T06:37:53
-14.566189,-4.447797,2023-01-01T06:37:54
-14.566189,-4.336602,2023-01-01T06:37:55
-14.454997,-4.336602,2023-01-01T06:37:56
-14.454997,-4.225407,2023-01-01T06:37:57
-14.343805,-4.225407,2023-01-01T06:37:58
-14.343805,-4.225407,2023-01-01T06:37:59
-14.232612,-4.114212,2023-01-01T06:38:00
-14.232612,-4.114212,2023-01-01T06:38:01
-14.121420,-4.003017,2023-01-01T06:38:02
-14.121420,-4.003017,2023-01-01T06:38:03
-14.010228,-4.003017,2023-01-01T06:38:04
-14.010228,-3.891822,2023-01-01T06:38:05
-13.899035,-3.891822,2023-01-01T06:38:06
-13.899035,-3.891822,2023-01-01T06:38:07
-13.787843,-3.780628,2023-01-01T06:38:08
-13.787843,-3.780628,2023-01-01T06:38:09
-13.676651,-3.669433,2023-01-01T06:38:10
-13.676651,-3.669433,2023-01-01T06:38:11
-13.676651,-3.669433,2023-01-01T06:38:12
-13.565459,-3.558238,2023-01-01T06:38:13
-13.565459,-3.558238,2023-01-01T06:38:14
-13.454266,-3.558238,2023-01-01T06:38:15
-13.454266,-3.558238,2023-01-01T06:38:16
-13.454266,-3.447043,2023-01-01T06:38:17
-13.343074,-3.447043,2023-01-01T06:38:18
-13.343074,-3.447043,2023-01-01T06:38:19
-13.231882,-3.335848,2023-01-01T06:38:20
-13.231882,-3.335848,2023-01-01T06:38:21
-13.231882,-3.335848,2023-01-01T06:38:22
-13.120689,-3.224653,2023-01-01T06:38:23
-13.120689,-3.224653,2023-01-01T06:38:24
-13.120689,-3.224653,2023-01-01T06:38:25
-13.120689,-3.113458,2023-01-01T06:38:26
-13.009497,-3.113458,2023-01-01T06:38:27
-13.009497,-3.113458,2023-01-01T06:38:28
-13.009497,-3.113458,2023-01-01T06:38:29
-12.898305,-3.002263,2023-01-01T06:38:30
-12.898305,-3.002263,2023-01-01T06:38:31
-12.898305,-3.002263,2023-01-01T06:38:32
-12.787113,-2.891068,2023-01-01T06:38:33
-12.787113,-2.891068,2023-01-01T06:38:34
-12.787113,-2.891068,2023-01-01T06:38:35
-12.787113,-2.891068,2023-01-01T06:38:36
-12.675920,-2.779873,2023-01-01T06:38:37
-12.675920,-2.779873,2023-01-01T06:38:38
-12.675920,-2.779873,2023-01-01T06:38:39
-12.675920,-2.779873,2023-01-01T06:38:40
-12.564728,-2.779873,2023-01-01T06:38:41
-12.564728,-2.668678,2023-01-01T06:38:42
-12.564728,-2.668678,2023-01-01T06:38:43
-12.564728,-2.668678,2023-01-01T06:38:44
-12.453536,-2.668678,2023-01-01T06:38:45
-12.453536,-2.557483,2023-01-01T06:38:46
-12.453536,-2.557483,2023-01-01T06:38:47
-12.453536,-2.557483,2023-01-01T06:38:48
-12.453536,-2.557483,2023-01-01T06:38:49
-12.342343,-2.557483,2023-01-01T06:38:50
-12.342343,-2.557483,2023-01-01T06:38:51
-12.342343,-2.446288,2023-01-01T06:38:52
-12.342343,-2.446288,2023-01-01T06:38:53
-12.342343,-2.446288,2023-01-01T06:38:54
-12.231151,-2.446288,2023-01-01T06:38:55
-12.231151,-2.446288,2023-01-01T06:38:56
-12.231151,-2.335093,2023-01-01T06:38:57
-12.231151,-2.335093,2023-01-01T06:38:58
-12.231151,-2.335093,2023-01-01T06:38:59
-12.231151,-2.335093,2023-01-01T06:39:00
-12.119959,-2.335093,2023-01-01T06:39:01
-12.119959,-2.335093,2023-01-01T06:39:02
-12.119959,-2.335093,2023-01-01T06:39:03
-12.119959,-2.223899,2023-01-01T06:39:04
-12.119959,-2.223899,2023-01-01T06:39:05
-12.119959,-2.223899,2023-01-01T06:39:06
-12.008767,-2.223899,2023-01-01T06:39:07
-12.008767,-2.223899,2023-01-01T06:39:08
-12.008767,-2.223899,2023-01-01T06:39:09
-12.008767,-2.223899,2023-01-01T06:39:10
-12.008767,-2.112704,2023-01-01T06:39:11
-12.008767,-2.112704,2023-01-01T06:39:12
-12.008767,-2.112704,2023-01-01T06:39:13
-12.008767,-2.112704,2023-01-01T06:39:14
-11.897574,-2.112704,2023-01-01T06:39:15
-11.897574,-2.112704,2023-01-01T06:39:16
-11.897574,-2.112704,2023-01-01T06:39:17
-11.897574,-2.112704,2023-01-01T06:39:18
-11.897574,-2.112704,2023-01-01T06:39:19
-11.897574,-2.112704,2023-01-01T06:39:20
-11.786382,-2.112704,2023-01-01T06:39:21
-11.786382,-2.112704,2023-01-01T06:39:22
-11.786382,-2.112704,2023-01-01T06:39:23
-11.786382,-2.112704,2023-01-01T06:39:24
-11.786382,-2.001509,2023-01-01T06:39:25
-11.786382,-2.001509,2023-01-01T06:39:26
-11.786382,-2.001509,2023-01-01T06:39:27
-11.786382,-2.001509,2023-01-01T06:39:28
-11.675190,-2.001509,2023-01-01T06:39:29
-11.675190,-2.001509,2023-01-01T06:39:30
-11.675190,-2.001509,2023-01-01T06:39:31
-11.675190,-2.001509,2023-01-01T06:39:32
-11.675190,-2.001509,2023-01-01T06:39:33
-11.675190,-2.001509,2023-01-01T06:39:34
-11.675190,-2.001509,2023-01-01T06:39:35
-11.675190,-2.001509,2023-01-01T06:39:36
-11.675190,-2.001509,2023-01-01T06:39:37
-11.675190,-2.001509,2023-01-01T06:39:38
-11.675190,-2.001509,2023-01-01T06:39:39
-11.563997,-2.001509,2023-01-01T06:39:40
-11.563997,-2.001509,2023-01-01T06:39:41
-11.563997,-2.001509,2023-01-01T06:39:42
-11.563997,-2.001509,2023-01-01T06:39:43
-11.563997,-2.001509,2023-01-01T06:39:44
-11.563997,-2.001509,2023-01-01T06:39:45
-11.563997,-2.001509,2023-01-01T06:39:46
-11.563997,-2.001509,2023-01-01T06:39:47
-11.563997,-2.001509,2023-01-01T06:39:48
-11.563997,-2.001509,2023-01-01T06:39:49
-11.563997,-2.001509,2023-01-01T06:39:50
-11.563997,-2.001509,2023-01-01T06:39:51
-11.563997,-2.001509,2023-01-01T06:39:52
-11.563997,-1.890314,2023-01-01T06:39:53
-11.563997,-1.890314,2023-01-01T06:39:54
-11.563997,-1.890314,2023-01-01T06:39:55
-11.563997,-1.890314,2023-01-01T06:39:56
-11.563997,-1.890314,2023-01-01T06:39:57
-11.563997,-1.890314,2023-01-01T06:39:58
-11.563997,-1.890314,2023-01-01T06:39:59
-11.563997,-1.890314,2023-01-01T06:40:00
-11.563997,-1.890314,2023-01-01T06:40:01
-11.563997,-1.890314,2023-01-01T06:40:02
-11.563997,-1.890314,2023-01-01T06:40:03
-11.563997,-1.890314,2023-01-01T06:40:04
-11.563997,-1.890314,2023-01-01T06:40:05
-11.452805,-1.890314,2023-01-01T06:40:06
-11.452805,-1.890314,2023-01-01T06:40:07
-11.452805,-1.890314,2023-01-01T06:40:08
-11.452805,-1.890314,2023-01-01T06:40:09
-11.452805,-1.779119,2023-01-01T06:40:10
-11.452805,-1.779119,2023-01-01T06:40:11
-11.452805,-1.779119,2023-01-01T06:40:12
-11.452805,-1.779119,2023-01-01T06:40:13
-11.452805,-1.779119,2023-01-01T06:40:14
-11.452805,-1.779119,2023-01-01T06:40:15
-11.452805,-1.779119,2023-01-01T06:40:16
-11.452805,-1.779119,2023-01-01T06:40:17
-11.452805,-1.779119,2023-01-01T06:40:18
-11.452805,-1.779119,2023-01-01T06:40:19
-11.452805,-1.779119,2023-01-01T06:40:20
-11.452805,-1.779119,2023-01-01T06:40:21
-11.452805,-1.779119,2023-01-01T06:40:22
-11.452805,-1.779119,2023-01-01T06:40:23
-11.452805,-1.779119,2023-01-01T06:40:24
-11.452805,-1.779119,2023-01-01T06:40:25
-11.452805,-1.779119,2023-01-01T06:40:26
-11.452805,-1.667924,2023-01-01T06:40:27
-11.452805,-1.667924,2023-01-01T06:40:28
-11.452805,-1.667924,2023-01-01T06:40:29
-11.452805,-1.667924,2023-01-01T06:40:30
-11.452805,-1.667924,2023-01-01T06:40:31
-11.452805,-1.667924,2023-01-01T06:40:32
-11.452805,-1.667924,2023-01-01T06:40:33
-11.452805,-1.667924,2023-01-01T06:40:34
-11.452805,-1.667924,2023-01-01T06:40:35
-11.452805,-1.667924,2023-01-01T06:40:36
-11.452805,-1.667924,2023-01-01T06:40:37
-11.452805,-1.667924,2023-01-01T06:40:38
-11.452805,-1.667924,2023-01-01T06:40:39
-11.452805,-1.667924,2023-01-01T06:40:40
-11.452805,-1.667924,2023-01-01T06:40:41
-11.452805,-1.667924,2023-01-01T06:40:42
-11.452805,-1.556729,2023-01-01T06:40:43
-11.452805,-1.556729,2023-01-01T06:40:44
-11.452805,-1.556729,2023-01-01T06:40:45
-11.452805,-1.556729,2023-01-01T06:40:46
-11.452805,-1.556729,2023-01-01T06:40:47
-11.452805,-1.556729,2023-01-01T06:40:48
-11.452805,-1.556729,2023-01-01T06:40:49
-11.452805,-1.556729,2023-01-01T06:40:50
-11.452805,-1.556729,2023-01-01T06:40:51
-11.452805,-1.556729,2023-01-01T06:40:52
-11.452805,-1.556729,2023-01-01T06:40:53
-11.452805,-1.445534,2023-01-01T06:40:54
-11.452805,-1.445534,2023-01-01T06:40:55
-11.563997,-1.445534,2023-01-01T06:40:56
-11.563997,-1.445534,2023-01-01T06:40:57
-11.563997,-1.445534,2023-01-01T06:40:58
-11.563997,-1.445534,2023-01-01T06:40:59
-11.563997,-1.445534,2023-01-01T06:41:00
-11.563997,-1.445534,2023-01-01T06:41:01
-11.563997,-1.445534,2023-01-01T06:41:02
-11.563997,-1.334339,2023-01-01T06:41:03
-11.563997,-1.334339,2023-01-01T06:41:04
-11.563997,-1.334339,2023-01-01T06:41:05
-11.563997,-1.334339,2023-01-01T06:41:06
-11.563997,-1.334339,2023-01-01T06:41:07
-11.563997,-1.334339,2023-01-01T06:41:08
-11.563997,-1.334339,2023-01-01T06:41:09
-11.563997,-1.334339,2023-01-01T06:41:10
-11.675190,-1.223144,2023-01-01T06:41:11
-11.675190,-1.223144,2023-01-01T06:41:12
-11.675190,-1.223144,2023-01-01T06:41:13
-11.675190,-1.223144,2023-01-01T06:41:14
-11.675190,-1.223144,2023-01-01T06:41:15
-11.675190,-1.223144,2023-01-01T06:41:16
-11.675190,-1.223144,2023-01-01T06:41:17
-11.675190,-1.223144,2023-01-01T06:41:18
-11.675190,-1.223144,2023-01-01T06:41:19
-11.675190,-1.223144,2023-01-01T06:41:20
-11.675190,-1.223144,2023-01-01T06:41:21
-11.675190,-1.223144,2023-01-01T06:41:22
-11.675190,-1.223144,2023-01-01T06:41:23
-11.675190,-1.223144,2023-01-01T06:41:24
-11.675190,-1.223144,2023-01-01T06:41:25
-11.675190,-1.111949,2023-01-01T06:41:26
-11.675190,-1.111949,2023-01-01T06:41:27
-11.675190,-1.111949,2023-01-01T06:41:28
-11.675190,-1.111949,2023-01-01T06:41:29
-11.675190,-1.111949,2023-01-01T06:41:30
-11.675190,-1.111949,2023-01-01T06:41:31
-11.563997,-1.111949,2023-01-01T06:41:32
-11.563997,-1.111949,2023-01-01T06:41:33
-11.563997,-1.111949,2023-01-01T06:41:34
-11.563997,-1.111949,2023-01-01T06:41:35
-11.563997,-1.111949,2023-01-01T06:41:36
-11.563997,-1.111949,2023-01-01T06:41:37
-11.563997,-1.111949,2023-01-01T06:41:38
-11.563997,-1.111949,2023-01-01T06:41:39
-11.563997,-1.111949,2023-01-01T06:41:40
-11.563997,-1.111949,2023-01-01T06:41:41
-11.563997,-1.111949,2023-01-01T06:41:42
-11.563997,-1.111949,2023-01-01T06:41:43
-11.563997,-1.111949,2023-01-01T06:41:44
-11.563997,-1.111949,2023-01-01T06:41:45
-11.563997,-1.111949,2023-01-01T06:41:46
-11.563997,-1.111949,2023-01-01T06:41:47
-11.563997,-1.111949,2023-01-01T06:41:48
-11.563997,-1.111949,2023-01-01T06:41:49
-11.563997,-1.111949,2023-01-01T06:41:50
-11.563997,-1.000754,2023-01-01T06:41:51
-11.563997,-1.000754,2023-01-01T06:41:52
-11.563997,-1.000754,2023-01-01T06:41:53
-11.563997,-1.000754,2023-01-01T06:41:54
-11.563997,-1.000754,2023-01-01T06:41:55
-11.563997,-1.000754,2023-01-01T06:41:56
-11.563997,-1.000754,2023-01-01T06:41:57
-11.675190,-1.000754,2023-01-01T06:41:58
-11.675190,-1.000754,2023-01-01T06:41:59
-11.675190,-1.000754,2023-01-01T06:42:00
-11.675190,-1.000754,2023-01-01T06:42:01
-11.675190,-1.000754,2023-01-01T06:42:02
-11.675190,-1.000754,2023-01-01T06:42:03
-11.675190,-1.000754,2023-01-01T06:42:04
-11.675190,-1.000754,2023-01-01T06:42:05
-11.675190,-1.000754,2023-01-01T06:42:06
-11.675190,-0.889559,2023-01-01T06:42:07
-11.786382,-0.889559,2023-01-01T06:42:08
-11.786382,-0.889559,2023-01-01T06:42:09
-11.786382,-0.889559,2023-01-01T06:42:10
-11.786382,-0.889559,2023-01-01T06:42:11
-11.786382,-0.889559,2023-01-01T06:42:12
-11.786382,-0.889559,2023-01-01T06:42:13
-11.897574,-0.778364,2023-01-01T06:42:14
-11.897574,-0.778364,2023-01-01T06:42:15
-11.897574,-0.778364,2023-01-01T06:42:16
-11.897574,-0.778364,2023-01-01T06:42:17
-11.897574,-0.778364,2023-01-01T06:42:18
-11.897574,-0.778364,2023-01-01T06:42:19
-11.897574,-0.778364,2023-01-01T06:42:20
-11.897574,-0.778364,2023-01-01T06:42:21
-11.897574,-0.778364,2023-01-01T06:42:22
-11.897574,-0.778364,2023-01-01T06:42:23
-11.897574,-0.778364,2023-01-01T06:42:24
-11.897574,-0.778364,2023-01-01T06:42:25
-11.897574,-0.778364,2023-01-01T06:42:26
-11.897574,-0.778364,2023-01-01T06:42:27
-11.897574,-0.778364,2023-01-01T06:42:28
-12.008767,-0.778364,2023-01-01T06:42:29
-12.008767,-0.667170,2023-01-01T06:42:30
-12.008767,-0.667170,2023-01-01T06:42:31
-12.008767,-0.667170,2023-01-01T06:42:32
-12.008767,-0.667170,2023-01-01T06:42:33
-12.008767,-0.667170,2023-01-01T06:42:34
-12.008767,-0.667170,2023-01-01T06:42:35
-12.008767,-0.667170,2023-01-01T06:42:36
-12.008767,-0.667170,2023-01-01T06:42:37
-12.008767,-0.667170,2023-01-01T06:42:38
-12.008767,-0.667170,2023-01-01T06:42:39
-12.008767,-0.667170,2023-01-01T06:42:40
-12.008767,-0.667170,2023-01-01T06:42:41
-12.008767,-0.667170,2023-01-01T06:42:42
-12.008767,-0.667170,2023-01-01T06:42:43
-12.008767,-0.667170,2023-01-01T06:42:44
-12.008767,-0.667170,2023-01-01T06:42:45
-12.008767,-0.667170,2023-01-01T06:42:46
-12.008767,-0.667170,2023-01-01T06:42:47
-12.008767,-0.667170,2023-01-01T06:42:48
-12.008767,-0.667170,2023-01-01T06:42:49
-12.008767,-0.667170,2023-01-01T06:42:50
-12.008767,-0.667170,2023-01-01T06:42:51
-12.008767,-0.778364,2023-01-01T06:42:52
-12.008767,-0.778364,2023-01-01T06:42:53
-12.008767,-0.778364,2023-01-01T06:42:54
-12.008767,-0.778364,2023-01-01T06:42:55
-12.008767,-0.778364,2023-01-01T06:42:56
-12.008767,-0.778364,2023-01-01T06:42:57
-12.008767,-0.778364,2023-01-01T06:42:58
-12.008767,-0.778364,2023-01-01T06:42:59
-12.008767,-0.778364,2023-01-01T06:43:00
-12.008767,-0.778364,2023-01-01T06:43:01
-12.008767,-0.778364,2023-01-01T06:43:02
-12.008767,-0.778364,2023-01-01T06:43:03
-12.008767,-0.778364,2023-01-01T06:43:04
-12.008767,-0.667170,2023-01-01T06:43:05
-12.119959,-0.667170,2023-01-01T06:43:06
-12.119959,-0.667170,2023-01-01T06:43:07
-12.119959,-0.667170,2023-01-01T06:43:08
-12.119959,-0.667170,2023-01-01T06:43:09
-12.119959,-0.667170,2023-01-01T06:43:10
-12.119959,-0.667170,2023-01-01T06:43:11
-12.231151,-0.667170,2023-01-01T06:43:12
-12.231151,-0.667170,2023-01-01T06:43:13
-12.231151,-0.555975,2023-01-01T06:43:14
-12.231151,-0.555975,2023-01-01T06:43:15
-12.231151,-0.555975,2023-01-01T06:43:16
-12.231151,-0.555975,2023-01-01T06:43:17
-12.231151,-0.555975,2023-01-01T06:43:18
-12.231151,-0.555975,2023-01-01T06:43:19
-12.342343,-0.555975,2023-01-01T06:43:20
-12.342343,-0.555975,2023-01-01T06:43:21
-12.342343,-0.555975,2023-01-01T06:43:22
-12.342343,-0.555975,2023-01-01T06:43:23
-12.342343,-0.555975,2023-01-01T06:43:24
-12.342343,-0.555975,2023-01-01T06:43:25
-12.342343,-0.555975,2023-01-01T06:43:26
-12.342343,-0.555975,2023-01-01T06:43:27
-12.453536,-0.555975,2023-01-01T06:43:28
-12.453536,-0.555975,2023-01-01T06:43:29
-12.453536,-0.555975,2023-01-01T06:43:30
-12.453536,-0.555975,2023-01-01T06:43:31
-12.453536,-0.555975,2023-01-01T06:43:32
-12.453536,-0.555975,2023-01-01T06:43:33
-12.564728,-0.555975,2023-01-01T06:43:34
-12.564728,-0.555975,2023-01-01T06:43:35
-12.564728,-0.555975,2023-01-01T06:43:36
-12.564728,-0.444780,2023-01-01T06:43:37
-12.564728,-0.444780,2023-01-01T06:43:38
-12.564728,-0.444780,2023-01-01T06:43:39
-12.564728,-0.444780,2023-01-01T06:43:40
-12.564728,-0.444780,2023-01-01T06:43:41
-12.675920,-0.444780,2023-01-01T06:43:42
-12.675920,-0.444780,2023-01-01T06:43:43
-12.675920,-0.444780,2023-01-01T06:43:44
-12.675920,-0.444780,2023-01-01T06:43:45
-12.675920,-0.555975,2023-01-01T06:43:46
-12.564728,-0.555975,2023-01-01T06:43:47
-12.564728,-0.555975,2023-01-01T06:43:48
-12.564728,-0.667170,2023-01-01T06:43:49
-12.453536,-0.667170,2023-01-01T06:43:50
-12.453536,-0.667170,2023-01-01T06:43:51
-12.453536,-0.778364,2023-01-01T06:43:52
-12.453536,-0.778364,2023-01-01T06:43:53
-12.342343,-0.778364,2023-01-01T06:43:54
-12.342343,-0.889559,2023-01-01T06:43:55
-12.342343,-0.889559,2023-01-01T06:43:56
-12.342343,-0.889559,2023-01-01T06:43:57
-12.231151,-1.000754,2023-01-01T06:43:58
-12.231151,-1.000754,2023-01-01T06:43:59
-12.231151,-1.000754,2023-01-01T06:44:00
-12.231151,-1.111949,2023-01-01T06:44:01
-12.119959,-1.111949,2023-01-01T06:44:02
-12.119959,-1.111949,2023-01-01T06:44:03
-12.119959,-1.223144,2023-01-01T06:44:04
-12.119959,-1.223144,2023-01-01T06:44:05
-12.008767,-1.223144,2023-01-01T06:44:06
-12.008767,-1.334339,2023-01-01T06:44:07
-12.008767,-1.334339,2023-01-01T06:44:08
-12.008767,-1.334339,2023-01-01T06:44:09
-12.008767,-1.445534,2023-01-01T06:44:10
-11.897574,-1.445534,2023-01-01T06:44:11
-11.897574,-1.445534,2023-01-01T06:44:12
-11.897574,-1.556729,2023-01-01T06:44:13
-11.897574,-1.556729,2023-01-01T06:44:14
-11.897574,-1.556729,2023-01-01T06:44:15
-11.786382,-1.556729,2023-01-01T06:44:16
-11.786382,-1.667924,2023-01-01T06:44:17
-11.786382,-1.667924,2023-01-01T06:44:18
-11.786382,-1.667924,2023-01-01T06:44:19
-11.786382,-1.667924,2023-01-01T06:44:20
-11.675190,-1.779119,2023-01-01T06:44:21
-11.675190,-1.779119,2023-01-01T06:44:22
-11.675190,-1.779119,2023-01-01T06:44:23
-11.675190,-1.779119,2023-01-01T06:44:24
-11.675190,-1.890314,2023-01-01T06:44:25
-11.675190,-1.890314,2023-01-01T06:44:26
-11.563997,-1.890314,2023-01-01T06:44:27
-11.563997,-1.890314,2023-01-01T06:44:28
-11.563997,-2.001509,2023-01-01T06:44:29
-11.563997,-2.001509,2023-01-01T06:44:30
-11.563997,-2.001509,2023-01-01T06:44:31
-11.563997,-2.001509,2023-01-01T06:44:32
-11.452805,-2.112704,2023-01-01T06:44:33
-11.452805,-2.112704,2023-01-01T06:44:34
-11.452805,-2.112704,2023-01-01T06:44:35
-11.452805,-2.223899,2023-01-01T06:44:36
-11.452805,-2.223899,2023-01-01T06:44:37
-11.452805,-2.223899,2023-01-01T06:44:38
-11.452805,-2.223899,2023-01-01T06:44:39
-11.341613,-2.335093,2023-01-01T06:44:40
-11.341613,-2.335093,2023-01-01T06:44:41
-11.341613,-2.335093,2023-01-01T06:44:42
-11.341613,-2.446288,2023-01-01T06:44:43
-11.341613,-2.446288,2023-01-01T06:44:44
-11.341613,-2.446288,2023-01-01T06:44:45
-11.341613,-2.446288,2023-01-01T06:44:46
-11.230421,-2.446288,2023-01-01T06:44:47
-11.230421,-2.557483,2023-01-01T06:44:48
-11.230421,-2.557483,2023-01-01T06:44:49
-11.230421,-2.557483,2023-01-01T06:44:50
-11.230421,-2.557483,2023-01-01T06:44:51
-11.230421,-2.557483,2023-01-01T06:44:52
-11.230421,-2.557483,2023-01-01T06:44:53
-11.230421,-2.557483,2023-01-01T06:44:54
-11.230421,-2.668678,2023-01-01T06:44:55
-11.119228,-2.668678,2023-01-01T06:44:56
-11.119228,-2.668678,2023-01-01T06:44:57
-11.119228,-2.668678,2023-01-01T06:44:58
-11.119228,-2.668678,2023-01-01T06:44:59
-11.119228,-2.668678,2023-01-01T06:45:00
-11.119228,-2.779873,2023-01-01T06:45:01
-11.119228,-2.779873,2023-01-01T06:45:02
-11.119228,-2.779873,2023-01-01T06:45:03
-11.119228,-2.779873,2023-01-01T06:45:04
-11.119228,-2.779873,2023-01-01T06:45:05
-11.119228,-2.779873,2023-01-01T06:45:06
-11.008036,-2.891068,2023-01-01T06:45:07
-11.008036,-2.891068,2023-01-01T06:45:08
-11.008036,-2.891068,2023-01-01T06:45:09
-11.008036,-2.891068,2023-01-01T06:45:10
-11.008036,-2.891068,2023-01-01T06:45:11
-11.008036,-3.002263,2023-01-01T06:45:12
-11.008036,-3.002263,2023-01-01T06:45:13
-11.008036,-3.002263,2023-01-01T06:45:14
-11.008036,-3.002263,2023-01-01T06:45:15
-11.008036,-3.002263,2023-01-01T06:45:16
-11.008036,-3.002263,2023-01-01T06:45:17
-11.008036,-3.002263,2023-01-01T06:45:18
-11.008036,-3.002263,2023-01-01T06:45:19
-10.896844,-3.002263,2023-01-01T06:45:20
-10.896844,-3.002263,2023-01-01T06:45:21
-10.896844,-3.002263,2023-01-01T06:45:22
-10.896844,-3.113458,2023-01-01T06:45:23
-10.896844,-3.113458,2023-01-01T06:45:24
-10.896844,-3.113458,2023-01-01T06:45:25
-10.896844,-3.113458,2023-01-01T06:45:26
-10.896844,-3.113458,2023-01-01T06:45:27
-10.896844,-3.113458,2023-01-01T06:45:28
-10.896844,-3.113458,2023-01-01T06:45:29
-10.896844,-3.113458,2023-01-01T06:45:30
-10.896844,-3.113458,2023-01-01T06:45:31
-10.896844,-3.113458,2023-01-01T06:45:32
-10.896844,-3.113458,2023-01-01T06:45:33
-10.896844,-3.224653,2023-01-01T06:45:34
-10.896844,-3.224653,2023-01-01T06:45:35
-10.785651,-3.224653,2023-01-01T06:45:36
-10.785651,-3.224653,2023-01-01T06:45:37
-10.785651,-3.224653,2023-01-01T06:45:38
-10.785651,-3.224653,2023-01-01T06:45:39
-10.785651,-3.224653,2023-01-01T06:45:40
-10.785651,-3.224653,2023-01-01T06:45:41
-10.785651,-3.335848,2023-01-01T06:45:42
-10.785651,-3.335848,2023-01-01T06:45:43
-10.785651,-3.335848,2023-01-01T06:45:44
-10.785651,-3.335848,2023-01-01T06:45:45
-10.785651,-3.335848,2023-01-01T06:45:46
-10.785651,-3.335848,2023-01-01T06:45:47
-10.785651,-3.335848,2023-01-01T06:45:48
-10.785651,-3.335848,2023-01-01T06:45:49
-10.785651,-3.335848,2023-01-01T06:45:50
-10.785651,-3.335848,2023-01-01T06:45:51
-10.785651,-3.335848,2023-01-01T06:45:52
-10.785651,-3.335848,2023-01-01T06:45:53
-10.785651,-3.224653,2023-01-01T06:45:54
-10.785651,-3.224653,2023-01-01T06:45:55
-10.785651,-3.224653,2023-01-01T06:45:56
-10.785651,-3.224653,2023-01-01T06:45:57
-10.785651,-3.224653,2023-01-01T06:45:58
-10.785651,-3.224653,2023-01-01T06:45:59
-10.785651,-3.224653,2023-01-01T06:46:00
-10.785651,-3.224653,2023-01-01T06:46:01
-10.785651,-3.224653,2023-01-01T06:46:02
-10.785651,-3.224653,2023-01-01T06:46:03
-10.785651,-3.224653,2023-01-01T06:46:04
-10.785651,-3.113458,2023-01-01T06:46:05
-10.785651,-3.113458,2023-01-01T06:46:06
-10.785651,-3.113458,2023-01-01T06:46:07
-10.785651,-3.113458,2023-01-01T06:46:08
-10.785651,-3.113458,2023-01-01T06:46:09
-10.896844,-3.113458,2023-01-01T06:46:10
-10.896844,-3.113458,2023-01-01T06:46:11
-10.896844,-3.113458,2023-01-01T06:46:12
-10.896844,-3.002263,2023-01-01T06:46:13
-10.896844,-3.002263,2023-01-01T06:46:14
-10.896844,-3.002263,2023-01-01T06:46:15
-10.896844,-3.002263,2023-01-01T06:46:16
-10.896844,-3.002263,2023-01-01T06:46:17
-10.896844,-3.002263,2023-01-01T06:46:18
-10.896844,-2.891068,2023-01-01T06:46:19
-10.896844,-2.891068,2023-01-01T06:46:20
-10.896844,-2.891068,2023-01-01T06:46:21
-10.896844,-2.891068,2023-01-01T06:46:22
-10.896844,-2.891068,2023-01-01T06:46:23
-10.896844,-2.891068,2023-01-01T06:46:24
-10.896844,-2.891068,2023-01-01T06:46:25
-10.896844,-2.779873,2023-01-01T06:46:26
-10.896844,-2.779873,2023-01-01T06:46:27
-10.896844,-2.779873,2023-01-01T06:46:28
-10.896844,-2.779873,2023-01-01T06:46:29
-10.896844,-2.779873,2023-01-01T06:46:30
-10.896844,-2.779873,2023-01-01T06:46:31
-10.896844,-2.779873,2023-01-01T06:46:32
-10.896844,-2.779873,2023-01-01T06:46:33
-10.896844,-2.668678,2023-01-01T06:46:34
-10.896844,-2.668678,2023-01-01T06:46:35
-10.896844,-2.668678,2023-01-01T06:46:36
-10.896844,-2.668678,2023-01-01T06:46:37
-10.896844,-2.668678,2023-01-01T06:46:38
-10.896844,-2.668678,2023-01-01T06:46:39
-10.896844,-2.668678,2023-01-01T06:46:40
-10.896844,-2.668678,2023-01-01T06:46:41
-10.896844,-2.668678,2023-01-01T06:46:42
-10.896844,-2.557483,2023-01-01T06:46:43
-10.896844,-2.557483,2023-01-01T06:46:44
-10.896844,-2.557483,2023-01-01T06:46:45
-10.896844,-2.557483,2023-01-01T06:46:46
-10.896844,-2.557483,2023-01-01T06:46:47
-10.896844,-2.557483,2023-01-01T06:46:48
-10.896844,-2.557483,2023-01-01T06:46:49
-10.896844,-2.557483,2023-01-01T06:46:50
-10.896844,-2.557483,2023-01-01T06:46:51
-10.896844,-2.557483,2023-01-01T06:46:52
-10.896844,-2.446288,2023-01-01T06:46:53
-10.896844,-2.446288,2023-01-01T06:46:54
-10.896844,-2.446288,2023-01-01T06:46:55
-10.896844,-2.446288,2023-01-01T06:46:56
-11.008036,-2.446288,2023-01-01T06:46:57
-11.008036,-2.446288,2023-01-01T06:46:58
-11.008036,-2.446288,2023-01-01T06:46:59
-11.008036,-2.335093,2023-01-01T06:47:00
-11.008036,-2.335093,2023-01-01T06:47:01
-11.008036,-2.335093,2023-01-01T06:47:02
-11.008036,-2.335093,2023-01-01T06:47:03
-11.008036,-2.335093,2023-01-01T06:47:04
-11.008036,-2.223899,2023-01-01T06:47:05
-11.008036,-2.223899,2023-01-01T06:47:06
-11.119228,-2.223899,2023-01-01T06:47:07
-11.119228,-2.223899,2023-01-01T06:47:08
-11.119228,-2.112704,2023-01-01T06:47:09
-11.119228,-2.112704,2023-01-01T06:47:10
-11.119228,-2.112704,2023-01-01T06:47:11
-11.119228,-2.112704,2023-01-01T06:47:12
-11.230421,-2.112704,2023-01-01T06:47:13
-11.230421,-2.001509,2023-01-01T06:47:14
-11.230421,-2.001509,2023-01-01T06:47:15
-11.230421,-2.001509,2023-01-01T06:47:16
-11.230421,-2.001509,2023-01-01T06:47:17
-11.230421,-2.001509,2023-01-01T06:47:18
-11.230421,-2.001509,2023-01-01T06:47:19
-11.230421,-1.890314,2023-01-01T06:47:20
-11.230421,-1.890314,2023-01-01T06:47:21
-11.341613,-1.890314,2023-01-01T06:47:22
-11.341613,-1.890314,2023-01-01T06:47:23
-11.341613,-1.890314,2023-01-01T06:47:24
-11.341613,-1.890314,2023-01-01T06:47:25
-11.341613,-1.779119,2023-01-01T06:47:26
-11.341613,-1.779119,2023-01-01T06:47:27
-11.341613,-1.779119,2023-01-01T06:47:28
-11.452805,-1.779119,2023-01-01T06:47:29
-11.452805,-1.779119,2023-01-01T06:47:30
-11.452805,-1.667924,2023-01-01T06:47:31
-11.452805,-1.667924,2023-01-01T06:47:32
-11.452805,-1.667924,2023-01-01T06:47:33
-11.452805,-1.667924,2023-01-01T06:47:34
-11.563997,-1.667924,2023-01-01T06:47:35
-11.563997,-1.556729,2023-01-01T06:47:36
-11.563997,-1.556729,2023-01-01T06:47:37
-11.563997,-1.556729,2023-01-01T06:47:38
-11.563997,-1.556729,2023-01-01T06:47:39
-11.675190,-1.445534,2023-01-01T06:47:40
-11.675190,-1.445534,2023-01-01T06:47:41
-11.675190,-1.445534,2023-01-01T06:47:42
-11.675190,-1.445534,2023-01-01T06:47:43
-11.675190,-1.334339,2023-01-01T06:47:44
-11.786382,-1.334339,2023-01-01T06:47:45
-11.786382,-1.334339,2023-01-01T06:47:46
-11.786382,-1.334339,2023-01-01T06:47:47
-11.786382,-1.334339,2023-01-01T06:47:48
-11.786382,-1.445534,2023-01-01T06:47:49
-11.675190,-1.445534,2023-01-01T06:47:50
-11.675190,-1.445534,2023-01-01T06:47:51
-11.675190,-1.445534,2023-01-01T06:47:52
-11.675190,-1.445534,2023-01-01T06:47:53
-11.675190,-1.445534,2023-01-01T06:47:54
-11.675190,-1.556729,2023-01-01T06:47:55
-11.675190,-1.556729,2023-01-01T06:47:56
-11.675190,-1.556729,2023-01-01T06:47:57
-11.675190,-1.556729,2023-01-01T06:47:58
-11.675190,-1.556729,2023-01-01T06:47:59
-11.675190,-1.556729,2023-01-01T06:48:00
-11.675190,-1.667924,2023-01-01T06:48:01
-11.675190,-1.667924,2023-01-01T06:48:02
-11.675190,-1.667924,2023-01-01T06:48:03
-11.675190,-1.667924,2023-01-01T06:48:04
-11.675190,-1.667924,2023-01-01T06:48:05
-11.675190,-1.667924,2023-01-01T06:48:06
-11.675190,-1.779119,2023-01-01T06:48:07
-11.675190,-1.779119,2023-01-01T06:48:08
-11.675190,-1.779119,2023-01-01T06:48:09
-11.675190,-1.779119,2023-01-01T06:48:10
-11.675190,-1.779119,2023-01-01T06:48:11
-11.675190,-1.890314,2023-01-01T06:48:12
-11.675190,-1.890314,2023-01-01T06:48:13
-11.675190,-1.890314,2023-01-01T06:48:14
-11.675190,-1.890314,2023-01-01T06:48:15
-11.563997,-2.001509,2023-01-01T06:48:16
-11.563997,-2.001509,2023-01-01T06:48:17
-11.563997,-2.001509,2023-01-01T06:48:18
-11.563997,-2.112704,2023-01-01T06:48:19
-11.563997,-2.112704,2023-01-01T06:48:20
-11.563997,-2.112704,2023-01-01T06:48:21
-11.452805,-2.223899,2023-01-01T06:48:22
-11.452805,-2.223899,2023-01-01T06:48:23
-11.452805,-2.223899,2023-01-01T06:48:24
-11.452805,-2.335093,2023-01-01T06:48:25
-11.452805,-2.335093,2023-01-01T06:48:26
-11.452805,-2.335093,2023-01-01T06:48:27
-11.452805,-2.446288,2023-01-01T06:48:28
-11.341613,-2.446288,2023-01-01T06:48:29
-11.341613,-2.446288,2023-01-01T06:48:30
-11.341613,-2.557483,2023-01-01T06:48:31
-11.341613,-2.557483,2023-01-01T06:48:32
-11.341613,-2.557483,2023-01-01T06:48:33
-11.341613,-2.668678,2023-01-01T06:48:34
-11.230421,-2.668678,2023-01-01T06:48:35
-11.230421,-2.668678,2023-01-01T06:48:36
-11.230421,-2.779873,2023-01-01T06:48:37
-11.230421,-2.779873,2023-01-01T06:48:38
-11.230421,-2.891068,2023-01-01T06:48:39
-11.230421,-2.891068,2023-01-01T06:48:40
-11.230421,-2.891068,2023-01-01T06:48:41
-11.230421,-3.002263,2023-01-01T06:48:42
-11.119228,-3.002263,2023-01-01T06:48:43
-11.119228,-3.002263,2023-01-01T06:48:44
-11.119228,-3.113458,2023-01-01T06:48:45
-11.119228,-3.113458,2023-01-01T06:48:46
-11.119228,-3.113458,2023-01-01T06:48:47
-11.119228,-3.113458,2023-01-01T06:48:48
-11.119228,-3.113458,2023-01-01T06:48:49
-11.119228,-3.224653,2023-01-01T06:48:50
-11.119228,-3.224653,2023-01-01T06:48:51
-11.119228,-3.224653,2023-01-01T06:48:52
-11.119228,-3.224653,2023-01-01T06:48:53
-11.008036,-3.224653,2023-01-01T06:48:54
-11.008036,-3.335848,2023-01-01T06:48:55
-11.008036,-3.335848,2023-01-01T06:48:56
-11.008036,-3.335848,2023-01-01T06:48:57
-11.008036,-3.335848,2023-01-01T06:48:58
-11.008036,-3.447043,2023-01-01T06:48:59
-11.008036,-3.447043,2023-01-01T06:49:00
-11.008036,-3.447043,2023-01-01T06:49:01
-11.008036,-3.447043,2023-01-01T06:49:02
-11.008036,-3.558238,2023-01-01T06:49:03
-11.008036,-3.558238,2023-01-01T06:49:04
-11.008036,-3.558238,2023-01-01T06:49:05
-11.008036,-3.558238,2023-01-01T06:49:06
-11.008036,-3.558238,2023-01-01T06:49:07
-11.008036,-3.669433,2023-01-01T06:49:08
-11.008036,-3.669433,2023-01-01T06:49:09
-11.008036,-3.669433,2023-01-01T06:49:10
-11.008036,-3.669433,2023-01-01T06:49:11
-11.008036,-3.669433,2023-01-01T06:49:12
-11.008036,-3.669433,2023-01-01T06:49:13
-11.008036,-3.780628,2023-01-01T06:49:14
-11.008036,-3.780628,2023-01-01T06:49:15
-11.008036,-3.780628,2023-01-01T06:49:16
-11.008036,-3.780628,2023-01-01T06:49:17
-11.008036,-3.780628,2023-01-01T06:49:18
-11.008036,-3.780628,2023-01-01T06:49:19
-11.008036,-3.780628,2023-01-01T06:49:20
-11.008036,-3.669433,2023-01-01T06:49:21
-11.008036,-3.669433,2023-01-01T06:49:22
-11.008036,-3.669433,2023-01-01T06:49:23
-11.008036,-3.669433,2023-01-01T06:49:24
-11.008036,-3.669433,2023-01-01T06:49:25
-11.008036,-3.669433,2023-01-01T06:49:26
-11.008036,-3.669433,2023-01-01T06:49:27
-11.008036,-3.669433,2023-01-01T06:49:28
-11.008036,-3.669433,2023-01-01T06:49:29
-11.008036,-3.669433,2023-01-01T06:49:30
-11.008036,-3.669433,2023-01-01T06:49:31
-11.008036,-3.669433,2023-01-01T06:49:32
-11.008036,-3.669433,2023-01-01T06:49:33
-11.008036,-3.558238,2023-01-01T06:49:34
-11.008036,-3.558238,2023-01-01T06:49:35
-11.008036,-3.558238,2023-01-01T06:49:36
-11.119228,-3.558238,2023-01-01T06:49:37
-11.119228,-3.558238,2023-01-01T06:49:38
-11.119228,-3.558238,2023-01-01T06:49:39
-11.119228,-3.558238,2023-01-01T06:49:40
-11.119228,-3.558238,2023-01-01T06:49:41
-11.119228,-3.447043,2023-01-01T06:49:42
-11.119228,-3.447043,2023-01-01T06:49:43
-11.119228,-3.447043,2023-01-01T06:49:44
-11.119228,-3.447043,2023-01-01T06:49:45
-11.119228,-3.447043,2023-01-01T06:49:46
-11.119228,-3.447043,2023-01-01T06:49:47
-11.119228,-3.447043,2023-01-01T06:49:48
-11.119228,-3.447043,2023-01-01T06:49:49
-11.119228,-3.447043,2023-01-01T06:49:50
-11.119228,-3.447043,2023-01-01T06:49:51
-11.119228,-3.447043,2023-01-01T06:49:52
-11.119228,-3.447043,2023-01-01T06:49:53
-11.119228,-3.447043,2023-01-01T06:49:54
-11.119228,-3.335848,2023-01-01T06:49:55
-11.119228,-3.335848,2023-01-01T06:49:56
-11.119228,-3.335848,2023-01-01T06:49:57
-11.119228,-3.335848,2023-01-01T06:49:58
-11.119228,-3.335848,2023-01-01T06:49:59
-11.119228,-3.335848,2023-01-01T06:50:00
-11.119228,-3.335848,2023-01-01T06:50:01
-11.119228,-3.335848,2023-01-01T06:50:02
-11.119228,-3.335848,2023-01-01T06:50:03
-11.119228,-3.335848,2023-01-01T06:50:04
-11.119228,-3.224653,2023-01-01T06:50:05
-11.119228,-3.224653,2023-01-01T06:50:06
-11.119228,-3.224653,2023-01-01T06:50:07
-11.119228,-3.224653,2023-01-01T06:50:08
-11.230421,-3.224653,2023-01-01T06:50:09
-11.230421,-3.224653,2023-01-01T06:50:10
-11.230421,-3.224653,2023-01-01T06:50:11
-11.230421,-3.224653,2023-01-01T06:50:12
-11.230421,-3.224653,2023-01-01T06:50:13
-11.230421,-3.224653,2023-01-01T06:50:14
-11.230421,-3.224653,2023-01-01T06:50:15
-11.230421,-3.224653,2023-01-01T06:50:16
-11.230421,-3.224653,2023-01-01T06:50:17
-11.119228,-3.335848,2023-01-01T06:50:18
-11.119228,-3.335848,2023-01-01T06:50:19
-11.119228,-3.335848,2023-01-01T06:50:20
-11.119228,-3.335848,2023-01-01T06:50:21
-11.119228,-3.447043,2023-01-01T06:50:22
-11.119228,-3.447043,2023-01-01T06:50:23
-11.119228,-3.447043,2023-01-01T06:50:24
-11.119228,-3.447043,2023-01-01T06:50:25
-11.119228,-3.558238,2023-01-01T06:50:26
-11.119228,-3.558238,2023-01-01T06:50:27
-11.008036,-3.558238,2023-01-01T06:50:28
-11.008036,-3.669433,2023-01-01T06:50:29
-11.008036,-3.669433,2023-01-01T06:50:30
-11.008036,-3.669433,2023-01-01T06:50:31
-11.008036,-3.780628,2023-01-01T06:50:32
-11.008036,-3.780628,2023-01-01T06:50:33
-11.008036,-3.780628,2023-01-01T06:50:34
-11.008036,-3.891822,2023-01-01T06:50:35
-11.008036,-3.891822,2023-01-01T06:50:36
-11.008036,-3.891822,2023-01-01T06:50:37
-11.008036,-4.003017,2023-01-01T06:50:38
-11.008036,-4.003017,2023-01-01T06:50:39
-11.008036,-4.003017,2023-01-01T06:50:40
-11.008036,-4.114212,2023-01-01T06:50:41
-11.008036,-4.114212,2023-01-01T06:50:42
-10.896844,-4.114212,2023-01-01T06:50:43
-10.896844,-4.225407,2023-01-01T06:50:44
-10.896844,-4.225407,2023-01-01T06:50:45
-10.896844,-4.225407,2023-01-01T06:50:46
-10.896844,-4.336602,2023-01-01T06:50:47
-10.896844,-4.336602,2023-01-01T06:50:48
-10.896844,-4.336602,2023-01-01T06:50:49
-10.896844,-4.336602,2023-01-01T06:50:50
-10.896844,-4.447797,2023-01-01T06:50:51
-10.896844,-4.447797,2023-01-01T06:50:52
-10.896844,-4.447797,2023-01-01T06:50:53
-10.896844,-4.558992,2023-01-01T06:50:54
-10.785651,-4.558992,2023-01-01T06:50:55
-10.785651,-4.558992,2023-01-01T06:50:56
-10.785651,-4.558992,2023-01-01T06:50:57
-10.785651,-4.670187,2023-01-01T06:50:58
-10.785651,-4.670187,2023-01-01T06:50:59
-10.785651,-4.670187,2023-01-01T06:51:00
-10.785651,-4.781382,2023-01-01T06:51:01
-10.785651,-4.781382,2023-01-01T06:51:02
-10.785651,-4.781382,2023-01-01T06:51:03
-10.785651,-4.892577,2023-01-01T06:51:04
-10.785651,-4.892577,2023-01-01T06:51:05
-10.785651,-4.892577,2023-01-01T06:51:06
-10.785651,-5.003772,2023-01-01T06:51:07
-10.785651,-5.003772,2023-01-01T06:51:08
-10.785651,-5.003772,2023-01-01T06:51:09
-10.785651,-5.114967,2023-01-01T06:51:10
-10.785651,-5.114967,2023-01-01T06:51:11
-10.785651,-5.114967,2023-01-01T06:51:12
-10.785651,-5.226162,2023-01-01T06:51:13
-10.785651,-5.226162,2023-01-01T06:51:14
-10.785651,-5.226162,2023-01-01T06:51:15
-10.785651,-5.226162,2023-01-01T06:51:16
-10.785651,-5.226162,2023-01-01T06:51:17
-10.785651,-5.226162,2023-01-01T06:51:18
-10.785651,-5.226162,2023-01-01T06:51:19
-10.785651,-5.226162,2023-01-01T06:51:20
-10.785651,-5.337356,2023-01-01T06:51:21
-10.785651,-5.337356,2023-01-01T06:51:22
-10.785651,-5.337356,2023-01-01T06:51:23
-10.785651,-5.337356,2023-01-01T06:51:24
-10.785651,-5.337356,2023-01-01T06:51:25
-10.785651,-5.337356,2023-01-01T06:51:26
-10.785651,-5.337356,2023-01-01T06:51:27
-10.785651,-5.337356,2023-01-01T06:51:28
-10.785651,-5.337356,2023-01-01T06:51:29
-10.785651,-5.448551,2023-01-01T06:51:30
-10.674459,-5.448551,2023-01-01T06:51:31
-10.674459,-5.448551,2023-01-01T06:51:32
-10.674459,-5.448551,2023-01-01T06:51:33
-10.674459,-5.448551,2023-01-01T06:51:34
-10.674459,-5.448551,2023-01-01T06:51:35
-10.674459,-5.448551,2023-01-01T06:51:36
-10.785651,-5.448551,2023-01-01T06:51:37
-10.785651,-5.559746,2023-01-01T06:51:38
-10.785651,-5.559746,2023-01-01T06:51:39
-10.785651,-5.559746,2023-01-01T06:51:40
-10.785651,-5.559746,2023-01-01T06:51:41
-10.785651,-5.559746,2023-01-01T06:51:42
-10.785651,-5.559746,2023-01-01T06:51:43
-10.785651,-5.559746,2023-01-01T06:51:44
-10.785651,-5.559746,2023-01-01T06:51:45
-10.785651,-5.559746,2023-01-01T06:51:46
-10.785651,-5.559746,2023-01-01T06:51:47
-10.785651,-5.559746,2023-01-01T06:51:48
-10.785651,-5.559746,2023-01-01T06:51:49
-10.785651,-5.559746,2023-01-01T06:51:50
-10.785651,-5.559746,2023-01-01T06:51:51
-10.785651,-5.559746,2023-01-01T06:51:52
-10.785651,-5.559746,2023-01-01T06:51:53
-10.785651,-5.670941,2023-01-01T06:51:54
-10.785651,-5.670941,2023-01-01T06:51:55
-10.785651,-5.670941,2023-01-01T06:51:56
-10.785651,-5.670941,2023-01-01T06:51:57
-10.785651,-5.670941,2023-01-01T06:51:58
-10.785651,-5.670941,2023-01-01T06:51:59
-10.785651,-5.670941,2023-01-01T06:52:00
-10.785651,-5.670941,2023-01-01T06:52:01
-10.785651,-5.670941,2023-01-01T06:52:02
-10.785651,-5.670941,2023-01-01T06:52:03
-10.785651,-5.670941,2023-01-01T06:52:04
-10.785651,-5.670941,2023-01-01T06:52:05
-10.785651,-5.670941,2023-01-01T06:52:06
-10.785651,-5.670941,2023-01-01T06:52:07
-10.785651,-5.782136,2023-01-01T06:52:08
-10.785651,-5.782136,2023-01-01T06:52:09
-10.785651,-5.782136,2023-01-01T06:52:10
-10.896844,-5.782136,2023-01-01T06:52:11
-10.896844,-5.782136,2023-01-01T06:52:12
-10.896844,-5.782136,2023-01-01T06:52:13
-10.896844,-5.782136,2023-01-01T06:52:14
-10.896844,-5.782136,2023-01-01T06:52:15
-10.896844,-5.782136,2023-01-01T06:52:16
-10.896844,-5.782136,2023-01-01T06:52:17
-10.896844,-5.782136,2023-01-01T06:52:18
-10.896844,-5.782136,2023-01-01T06:52:19
-10.896844,-5.782136,2023-01-01T06:52:20
-10.896844,-5.782136,2023-01-01T06:52:21
-10.896844,-5.782136,2023-01-01T06:52:22
-10.896844,-5.782136,2023-01-01T06:52:23
-10.896844,-5.782136,2023-01-01T06:52:24
-10.896844,-5.782136,2023-01-01T06:52:25
-10.896844,-5.782136,2023-01-01T06:52:26
-10.896844,-5.782136,2023-01-01T06:52:27
-10.896844,-5.893331,2023-01-01T06:52:28
-10.896844,-5.893331,2023-01-01T06:52:29
-10.896844,-5.893331,2023-01-01T06:52:30
-10.896844,-5.893331,2023-01-01T06:52:31
-10.896844,-5.893331,2023-01-01T06:52:32
-10.896844,-5.893331,2023-01-01T06:52:33
-10.896844,-5.893331,2023-01-01T06:52:34
-10.896844,-5.893331,2023-01-01T06:52:35
-10.896844,-5.893331,2023-01-01T06:52:36
-10.896844,-5.893331,2023-01-01T06:52:37
-10.896844,-5.893331,2023-01-01T06:52:38
-10.896844,-5.893331,2023-01-01T06:52:39
-10.896844,-5.893331,2023-01-01T06:52:40
-10.896844,-5.893331,2023-01-01T06:52:41
-10.896844,-5.893331,2023-01-01T06:52:42
-10.896844,-5.893331,2023-01-01T06:52:43
-10.896844,-5.893331,2023-01-01T06:52:44
-10.896844,-5.893331,2023-01-01T06:52:45
-10.896844,-5.893331,2023-01-01T06:52:46
-10.896844,-5.893331,2023-01-01T06:52:47
-10.896844,-5.893331,2023-01-01T06:52:48
-10.896844,-5.893331,2023-01-01T06:52:49
-10.896844,-5.893331,2023-01-01T06:52:50
-10.896844,-5.893331,2023-01-01T06:52:51
-10.896844,-5.893331,2023-01-01T06:52:52
-10.896844,-5.782136,2023-01-01T06:52:53
-10.896844,-5.782136,2023-01-01T06:52:54
-10.896844,-5.782136,2023-01-01T06:52:55
-10.896844,-5.782136,2023-01-01T06:52:56
-10.896844,-5.782136,2023-01-01T06:52:57
-10.896844,-5.782136,2023-01-01T06:52:58
-10.896844,-5.782136,2023-01-01T06:52:59
-10.896844,-5.782136,2023-01-01T06:53:00
-10.896844,-5.670941,2023-01-01T06:53:01
-10.896844,-5.670941,2023-01-01T06:53:02
-10.896844,-5.670941,2023-01-01T06:53:03
-10.785651,-5.670941,2023-01-01T06:53:04
-10.785651,-5.670941,2023-01-01T06:53:05
-10.785651,-5.670941,2023-01-01T06:53:06
-10.785651,-5.670941,2023-01-01T06:53:07
-10.785651,-5.559746,2023-01-01T06:53:08
-10.785651,-5.559746,2023-01-01T06:53:09
-10.785651,-5.559746,2023-01-01T06:53:10
-10.785651,-5.559746,2023-01-01T06:53:11
-10.785651,-5.559746,2023-01-01T06:53:12
-10.785651,-5.559746,2023-01-01T06:53:13
-10.785651,-5.559746,2023-01-01T06:53:14
-10.785651,-5.559746,2023-01-01T06:53:15
-10.785651,-5.448551,2023-01-01T06:53:16
-10.785651,-5.448551,2023-01-01T06:53:17
-10.785651,-5.448551,2023-01-01T06:53:18
-10.785651,-5.448551,2023-01-01T06:53:19
-10.785651,-5.448551,2023-01-01T06:53:20
-10.785651,-5.448551,2023-01-01T06:53:21
-10.785651,-5.448551,2023-01-01T06:53:22
-10.785651,-5.448551,2023-01-01T06:53:23
-10.785651,-5.448551,2023-01-01T06:53:24
-10.785651,-5.448551,2023-01-01T06:53:25
-10.785651,-5.448551,2023-01-01T06:53:26
-10.785651,-5.448551,2023-01-01T06:53:27
-10.785651,-5.448551,2023-01-01T06:53:28
-10.785651,-5.337356,2023-01-01T06:53:29
-10.785651,-5.337356,2023-01-01T06:53:30
-10.785651,-5.337356,2023-01-01T06:53:31
-10.785651,-5.337356,2023-01-01T06:53:32
-10.785651,-5.337356,2023-01-01T06:53:33
-10.785651,-5.337356,2023-01-01T06:53:34
-10.785651,-5.337356,2023-01-01T06:53:35
-10.785651,-5.337356,2023-01-01T06:53:36
-10.785651,-5.337356,2023-01-01T06:53:37
-10.785651,-5.226162,2023-01-01T06:53:38
-10.785651,-5.226162,2023-01-01T06:53:39
-10.785651,-5.226162,2023-01-01T06:53:40
-10.785651,-5.226162,2023-01-01T06:53:41
-10.785651,-5.226162,2023-01-01T06:53:42
-10.785651,-5.226162,2023-01-01T06:53:43
-10.785651,-5.226162,2023-01-01T06:53:44
-10.785651,-5.226162,2023-01-01T06:53:45
-10.785651,-5.226162,2023-01-01T06:53:46
-10.785651,-5.226162,2023-01-01T06:53:47
-10.785651,-5.226162,2023-01-01T06:53:48
-10.785651,-5.226162,2023-01-01T06:53:49
-10.785651,-5.226162,2023-01-01T06:53:50
-10.785651,-5.226162,2023-01-01T06:53:51
-10.785651,-5.226162,2023-01-01T06:53:52
-10.785651,-5.226162,2023-01-01T06:53:53
-10.785651,-5.226162,2023-01-01T06:53:54
-10.785651,-5.226162,2023-01-01T06:53:55
-10.785651,-5.226162,2023-01-01T06:53:56
-10.785651,-5.226162,2023-01-01T06:53:57
-10.785651,-5.226162,2023-01-01T06:53:58
-10.785651,-5.226162,2023-01-01T06:53:59
-10.785651,-5.226162,2023-01-01T06:54:00
-10.785651,-5.114967,2023-01-01T06:54:01
-10.785651,-5.114967,2023-01-01T06:54:02
-10.785651,-5.114967,2023-01-01T06:54:03
-10.785651,-5.114967,2023-01-01T06:54:04
-10.785651,-5.114967,2023-01-01T06:54:05
-10.785651,-5.114967,2023-01-01T06:54:06
-10.785651,-5.114967,2023-01-01T06:54:07
-10.785651,-5.114967,2023-01-01T06:54:08
-10.785651,-5.114967,2023-01-01T06:54:09
-10.785651,-5.114967,2023-01-01T06:54:10
-10.785651,-5.114967,2023-01-01T06:54:11
-10.785651,-5.114967,2023-01-01T06:54:12
-10.785651,-5.114967,2023-01-01T06:54:13
-10.785651,-5.114967,2023-01-01T06:54:14
-10.785651,-5.226162,2023-01-01T06:54:15
-10.785651,-5.226162,2023-01-01T06:54:16
-10.785651,-5.226162,2023-01-01T06:54:17
-10.785651,-5.226162,2023-01-01T06:54:18
-10.785651,-5.226162,2023-01-01T06:54:19
-10.785651,-5.226162,2023-01-01T06:54:20
-10.785651,-5.337356,2023-01-01T06:54:21
-10.785651,-5.337356,2023-01-01T06:54:22
-10.785651,-5.337356,2023-01-01T06:54:23
-10.785651,-5.337356,2023-01-01T06:54:24
-10.785651,-5.337356,2023-01-01T06:54:25
-10.785651,-5.337356,2023-01-01T06:54:26
-10.785651,-5.448551,2023-01-01T06:54:27
-10.785651,-5.448551,2023-01-01T06:54:28
-10.785651,-5.448551,2023-01-01T06:54:29
-10.785651,-5.448551,2023-01-01T06:54:30
-10.785651,-5.448551,2023-01-01T06:54:31
-10.896844,-5.448551,2023-01-01T06:54:32
-10.896844,-5.448551,2023-01-01T06:54:33
-10.896844,-5.559746,2023-01-01T06:54:34
-10.896844,-5.559746,2023-01-01T06:54:35
-10.896844,-5.559746,2023-01-01T06:54:36
-10.896844,-5.559746,2023-01-01T06:54:37
-10.896844,-5.559746,2023-01-01T06:54:38
-10.896844,-5.559746,2023-01-01T06:54:39
-10.896844,-5.559746,2023-01-01T06:54:40
-10.896844,-5.559746,2023-01-01T06:54:41
-10.896844,-5.670941,2023-01-01T06:54:42
-10.896844,-5.670941,2023-01-01T06:54:43
-10.896844,-5.670941,2023-01-01T06:54:44
-10.896844,-5.670941,2023-01-01T06:54:45
-10.896844,-5.670941,2023-01-01T06:54:46
-10.896844,-5.670941,2023-01-01T06:54:47
-10.896844,-5.782136,2023-01-01T06:54:48
-10.896844,-5.782136,2023-01-01T06:54:49
-10.896844,-5.782136,2023-01-01T06:54:50
-10.896844,-5.782136,2023-01-01T06:54:51
-10.896844,-5.782136,2023-01-01T06:54:52
-10.896844,-5.893331,2023-01-01T06:54:53
-10.896844,-5.893331,2023-01-01T06:54:54
-10.896844,-5.893331,2023-01-01T06:54:55
-10.896844,-5.893331,2023-01-01T06:54:56
-10.896844,-5.893331,2023-01-01T06:54:57
-10.896844,-5.893331,2023-01-01T06:54:58
-10.785651,-6.004526,2023-01-01T06:54:59
-10.785651,-6.004526,2023-01-01T06:55:00
-10.785651,-6.004526,2023-01-01T06:55:01
-10.785651,-6.004526,2023-01-01T06:55:02
-10.785651,-6.004526,2023-01-01T06:55:03
-10.785651,-6.115721,2023-01-01T06:55:04
-10.785651,-6.115721,2023-01-01T06:55:05
-10.785651,-6.115721,2023-01-01T06:55:06
-10.785651,-6.115721,2023-01-01T06:55:07
-10.674459,-6.115721,2023-01-01T06:55:08
-10.674459,-6.226916,2023-01-01T06:55:09
-10.674459,-6.226916,2023-01-01T06:55:10
-10.674459,-6.226916,2023-01-01T06:55:11
-10.674459,-6.226916,2023-01-01T06:55:12
-10.563267,-6.338111,2023-01-01T06:55:13
-10.563267,-6.338111,2023-01-01T06:55:14
-10.563267,-6.338111,2023-01-01T06:55:15
-10.563267,-6.338111,2023-01-01T06:55:16
-10.563267,-6.338111,2023-01-01T06:55:17
-10.452075,-6.338111,2023-01-01T06:55:18
-10.452075,-6.338111,2023-01-01T06:55:19
-10.452075,-6.338111,2023-01-01T06:55:20
-10.452075,-6.338111,2023-01-01T06:55:21
-10.340882,-6.449306,2023-01-01T06:55:22
-10.340882,-6.449306,2023-01-01T06:55:23
-10.340882,-6.449306,2023-01-01T06:55:24
-10.340882,-6.449306,2023-01-01T06:55:25
-10.229690,-6.449306,2023-01-01T06:55:26
-10.229690,-6.449306,2023-01-01T06:55:27
-10.229690,-6.449306,2023-01-01T06:55:28
-10.118498,-6.449306,2023-01-01T06:55:29
-10.118498,-6.560501,2023-01-01T06:55:30
-10.118498,-6.560501,2023-01-01T06:55:31
-10.007305,-6.560501,2023-01-01T06:55:32
-10.007305,-6.560501,2023-01-01T06:55:33
-10.007305,-6.560501,2023-01-01T06:55:34
-10.007305,-6.560501,2023-01-01T06:55:35
-9.896113,-6.560501,2023-01-01T06:55:36
-9.896113,-6.671696,2023-01-01T06:55:37
-9.896113,-6.671696,2023-01-01T06:55:38
-9.784921,-6.671696,2023-01-01T06:55:39
-9.784921,-6.671696,2023-01-01T06:55:40
-9.784921,-6.671696,2023-01-01T06:55:41
-9.673729,-6.671696,2023-01-01T06:55:42
-9.673729,-6.671696,2023-01-01T06:55:43
-9.673729,-6.671696,2023-01-01T06:55:44
-9.673729,-6.671696,2023-01-01T06:55:45
-9.673729,-6.671696,2023-01-01T06:55:46
-9.673729,-6.671696,2023-01-01T06:55:47
-9.673729,-6.671696,2023-01-01T06:55:48
-9.673729,-6.671696,2023-01-01T06:55:49
-9.673729,-6.671696,2023-01-01T06:55:50
-9.673729,-6.671696,2023-01-01T06:55:51
-9.673729,-6.671696,2023-01-01T06:55:52
-9.673729,-6.671696,2023-01-01T06:55:53
-9.673729,-6.671696,2023-01-01T06:55:54
-9.673729,-6.671696,2023-01-01T06:55:55
-9.673729,-6.671696,2023-01-01T06:55:56
-9.562536,-6.671696,2023-01-01T06:55:57
-9.562536,-6.671696,2023-01-01T06:55:58
-9.562536,-6.671696,2023-01-01T06:55:59
-9.562536,-6.671696,2023-01-01T06:56:00
-9.562536,-6.671696,2023-01-01T06:56:01
-9.562536,-6.671696,2023-01-01T06:56:02
-9.562536,-6.671696,2023-01-01T06:56:03
-9.562536,-6.671696,2023-01-01T06:56:04
-9.562536,-6.671696,2023-01-01T06:56:05
-9.562536,-6.671696,2023-01-01T06:56:06
-9.562536,-6.671696,2023-01-01T06:56:07
-9.562536,-6.671696,2023-01-01T06:56:08
-9.562536,-6.671696,2023-01-01T06:56:09
-9.562536,-6.671696,2023-01-01T06:56:10
-9.562536,-6.671696,2023-01-01T06:56:11
-9.562536,-6.671696,2023-01-01T06:56:12
-9.562536,-6.671696,2023-01-01T06:56:13
-9.562536,-6.671696,2023-01-01T06:56:14
-9.562536,-6.671696,2023-01-01T06:56:15
-9.562536,-6.671696,2023-01-01T06:56:16
-9.673729,-6.671696,2023-01-01T06:56:17
-9.673729,-6.671696,2023-01-01T06:56:18
-9.673729,-6.560501,2023-01-01T06:56:19
-9.673729,-6.560501,2023-01-01T06:56:20
-9.673729,-6.560501,2023-01-01T06:56:21
-9.673729,-6.560501,2023-01-01T06:56:22
-9.673729,-6.560501,2023-01-01T06:56:23
-9.673729,-6.560501,2023-01-01T06:56:24
-9.784921,-6.560501,2023-01-01T06:56:25
-9.784921,-6.560501,2023-01-01T06:56:26
-9.784921,-6.560501,2023-01-01T06:56:27
-9.784921,-6.560501,2023-01-01T06:56:28
-9.784921,-6.449306,2023-01-01T06:56:29
-9.784921,-6.449306,2023-01-01T06:56:30
-9.784921,-6.449306,2023-01-01T06:56:31
-9.784921,-6.449306,2023-01-01T06:56:32
-9.784921,-6.449306,2023-01-01T06:56:33
-9.896113,-6.449306,2023-01-01T06:56:34
-9.896113,-6.449306,2023-01-01T06:56:35
-9.896113,-6.449306,2023-01-01T06:56:36
-9.896113,-6.449306,2023-01-01T06:56:37
-9.896113,-6.449306,2023-01-01T06:56:38
-9.896113,-6.449306,2023-01-01T06:56:39
-9.896113,-6.449306,2023-01-01T06:56:40
-9.896113,-6.449306,2023-01-01T06:56:41
-9.896113,-6.449306,2023-01-01T06:56:42
-9.896113,-6.449306,2023-01-01T06:56:43
-9.896113,-6.449306,2023-01-01T06:56:44
-9.896113,-6.449306,2023-01-01T06:56:45
-9.896113,-6.449306,2023-01-01T06:56:46
-10.007305,-6.449306,2023-01-01T06:56:47
-10.007305,-6.449306,2023-01-01T06:56:48
-10.007305,-6.449306,2023-01-01T06:56:49
-10.007305,-6.449306,2023-01-01T06:56:50
-10.007305,-6.449306,2023-01-01T06:56:51
-10.007305,-6.449306,2023-01-01T06:56:52
-10.007305,-6.449306,2023-01-01T06:56:53
-10.007305,-6.449306,2023-01-01T06:56:54
-10.007305,-6.449306,2023-01-01T06:56:55
-10.007305,-6.449306,2023-01-01T06:56:56
-10.007305,-6.449306,2023-01-01T06:56:57
-10.007305,-6.449306,2023-01-01T06:56:58
-10.007305,-6.449306,2023-01-01T06:56:59
-10.007305,-6.449306,2023-01-01T06:57:00
-10.007305,-6.449306,2023-01-01T06:57:01
-10.007305,-6.449306,2023-01-01T06:57:02
-10.007305,-6.449306,2023-01-01T06:57:03
-10.007305,-6.449306,2023-01-01T06:57:04
-10.007305,-6.449306,2023-01-01T06:57:05
-10.007305,-6.449306,2023-01-01T06:57:06
-10.007305,-6.449306,2023-01-01T06:57:07
-10.007305,-6.449306,2023-01-01T06:57:08
-10.007305,-6.449306,2023-01-01T06:57:09
-10.007305,-6.449306,2023-01-01T06:57:10
-10.007305,-6.449306,2023-01-01T06:57:11
-10.007305,-6.449306,2023-01-01T06:57:12
-9.896113,-6.560501,2023-01-01T06:57:13
-9.896113,-6.560501,2023-01-01T06:57:14
-9.896113,-6.560501,2023-01-01T06:57:15
-9.896113,-6.560501,2023-01-01T06:57:16
-9.896113,-6.449306,2023-01-01T06:57:17
-9.896113,-6.449306,2023-01-01T06:57:18
-9.896113,-6.449306,2023-01-01T06:57:19
-9.896113,-6.449306,2023-01-01T06:57:20
-9.896113,-6.449306,2023-01-01T06:57:21
-9.896113,-6.449306,2023-01-01T06:57:22
-9.896113,-6.449306,2023-01-01T06:57:23
-9.896113,-6.449306,2023-01-01T06:57:24
-9.896113,-6.449306,2023-01-01T06:57:25
-9.896113,-6.449306,2023-01-01T06:57:26
-9.896113,-6.449306,2023-01-01T06:57:27
-9.896113,-6.449306,2023-01-01T06:57:28
-9.896113,-6.449306,2023-01-01T06:57:29
-9.896113,-6.449306,2023-01-01T06:57:30
-9.896113,-6.449306,2023-01-01T06:57:31
-9.896113,-6.449306,2023-01-01T06:57:32
-9.896113,-6.449306,2023-01-01T06:57:33
-9.896113,-6.449306,2023-01-01T06:57:34
-9.896113,-6.338111,2023-01-01T06:57:35
-9.896113,-6.338111,2023-01-01T06:57:36
-9.896113,-6.338111,2023-01-01T06:57:37
-9.896113,-6.338111,2023-01-01T06:57:38
-9.896113,-6.338111,2023-01-01T06:57:39
-9.896113,-6.338111,2023-01-01T06:57:40
-9.896113,-6.338111,2023-01-01T06:57:41
-9.896113,-6.338111,2023-01-01T06:57:42
-9.896113,-6.338111,2023-01-01T06:57:43
-9.896113,-6.338111,2023-01-01T06:57:44
-9.896113,-6.338111,2023-01-01T06:57:45
-9.896113,-6.338111,2023-01-01T06:57:46
-9.896113,-6.338111,2023-01-01T06:57:47
-9.896113,-6.226916,2023-01-01T06:57:48
-9.896113,-6.226916,2023-01-01T06:57:49
-9.896113,-6.226916,2023-01-01T06:57:50
-9.896113,-6.226916,2023-01-01T06:57:51
-9.896113,-6.226916,2023-01-01T06:57:52
-9.896113,-6.226916,2023-01-01T06:57:53
-9.896113,-6.226916,2023-01-01T06:57:54
-9.896113,-6.226916,2023-01-01T06:57:55
-9.896113,-6.115721,2023-01-01T06:57:56
-10.007305,-6.115721,2023-01-01T06:57:57
-10.007305,-6.115721,2023-01-01T06:57:58
-10.007305,-6.115721,2023-01-01T06:57:59
-10.007305,-6.115721,2023-01-01T06:58:00
-10.007305,-6.115721,2023-01-01T06:58:01
-10.007305,-6.115721,2023-01-01T06:58:02
-10.007305,-6.115721,2023-01-01T06:58:03
-10.007305,-6.115721,2023-01-01T06:58:04
-10.007305,-6.004526,2023-01-01T06:58:05
-10.007305,-6.004526,2023-01-01T06:58:06
-10.007305,-6.004526,2023-01-01T06:58:07
-10.007305,-6.004526,2023-01-01T06:58:08
-10.007305,-6.004526,2023-01-01T06:58:09
-10.007305,-6.004526,2023-01-01T06:58:10
-10.007305,-6.004526,2023-01-01T06:58:11
-10.007305,-6.004526,2023-01-01T06:58:12
-10.007305,-6.004526,2023-01-01T06:58:13
-10.007305,-6.004526,2023-01-01T06:58:14
-10.007305,-6.004526,2023-01-01T06:58:15
-10.007305,-6.004526,2023-01-01T06:58:16
-10.007305,-6.004526,2023-01-01T06:58:17
-10.007305,-6.004526,2023-01-01T06:58:18
-10.007305,-6.004526,2023-01-01T06:58:19
-10.007305,-5.893331,2023-01-01T06:58:20
-10.007305,-5.893331,2023-01-01T06:58:21
-10.007305,-5.893331,2023-01-01T06:58:22
-10.007305,-5.893331,2023-01-01T06:58:23
-10.007305,-5.893331,2023-01-01T06:58:24
-10.007305,-5.893331,2023-01-01T06:58:25
-10.007305,-5.893331,2023-01-01T06:58:26
-10.007305,-5.893331,2023-01-01T06:58:27
-10.007305,-5.893331,2023-01-01T06:58:28
-10.007305,-5.893331,2023-01-01T06:58:29
-10.007305,-5.893331,2023-01-01T06:58:30
-10.118498,-6.004526,2023-01-01T06:58:31
-10.118498,-6.004526,2023-01-01T06:58:32
-10.118498,-6.004526,2023-01-01T06:58:33
-10.118498,-6.004526,2023-01-01T06:58:34
-10.118498,-6.004526,2023-01-01T06:58:35
-10.118498,-6.004526,2023-01-01T06:58:36
-10.118498,-6.004526,2023-01-01T06:58:37
-10.118498,-6.004526,2023-01-01T06:58:38
-10.118498,-6.004526,2023-01-01T06:58:39
-10.118498,-6.004526,2023-01-01T06:58:40
-10.118498,-6.004526,2023-01-01T06:58:41
-10.229690,-6.004526,2023-01-01T06:58:42
-10.229690,-6.004526,2023-01-01T06:58:43
-10.229690,-6.004526,2023-01-01T06:58:44
-10.229690,-6.004526,2023-01-01T06:58:45
-10.229690,-6.004526,2023-01-01T06:58:46
-10.229690,-6.004526,2023-01-01T06:58:47
-10.229690,-6.004526,2023-01-01T06:58:48
-10.229690,-6.004526,2023-01-01T06:58:49
-10.229690,-6.004526,2023-01-01T06:58:50
-10.229690,-6.004526,2023-01-01T06:58:51
-10.229690,-6.004526,2023-01-01T06:58:52
-10.229690,-6.004526,2023-01-01T06:58:53
-10.229690,-6.004526,2023-01-01T06:58:54
-10.229690,-6.004526,2023-01-01T06:58:55
-10.229690,-6.004526,2023-01-01T06:58:56
-10.340882,-6.004526,2023-01-01T06:58:57
-10.340882,-6.004526,2023-01-01T06:58:58
-10.340882,-6.004526,2023-01-01T06:58:59
-10.340882,-6.004526,2023-01-01T06:59:00
-10.340882,-6.004526,2023-01-01T06:59:01
-10.340882,-6.004526,2023-01-01T06:59:02
-10.340882,-5.893331,2023-01-01T06:59:03
-10.340882,-5.893331,2023-01-01T06:59:04
-10.340882,-5.893331,2023-01-01T06:59:05
-10.340882,-5.893331,2023-01-01T06:59:06
-10.340882,-5.893331,2023-01-01T06:59:07
-10.340882,-5.893331,2023-01-01T06:59:08
-10.340882,-5.893331,2023-01-01T06:59:09
-10.340882,-5.893331,2023-01-01T06:59:10
-10.452075,-5.893331,2023-01-01T06:59:11
-10.452075,-5.893331,2023-01-01T06:59:12
-10.452075,-5.893331,2023-01-01T06:59:13
-10.452075,-5.893331,2023-01-01T06:59:14
-10.452075,-5.893331,2023-01-01T06:59:15
-10.452075,-5.893331,2023-01-01T06:59:16
-10.452075,-5.893331,2023-01-01T06:59:17
-10.452075,-5.893331,2023-01-01T06:59:18
-10.452075,-5.782136,2023-01-01T06:59:19
-10.452075,-5.782136,2023-01-01T06:59:20
-10.452075,-5.782136,2023-01-01T06:59:21
-10.452075,-5.782136,2023-01-01T06:59:22
-10.452075,-5.782136,2023-01-01T06:59:23
-10.452075,-5.782136,2023-01-01T06:59:24
-10.452075,-5.782136,2023-01-01T06:59:25
-10.452075,-5.670941,2023-01-01T06:59:26
-10.452075,-5.670941,2023-01-01T06:59:27
-10.452075,-5.670941,2023-01-01T06:59:28
-10.452075,-5.670941,2023-01-01T06:59:29
-10.452075,-5.670941,2023-01-01T06:59:30
-10.452075,-5.559746,2023-01-01T06:59:31
-10.452075,-5.559746,2023-01-01T06:59:32
-10.452075,-5.559746,2023-01-01T06:59:33
-10.452075,-5.559746,2023-01-01T06:59:34
-10.452075,-5.448551,2023-01-01T06:59:35
-10.452075,-5.448551,2023-01-01T06:59:36
-10.340882,-5.448551,2023-01-01T06:59:37
-10.340882,-5.337356,2023-01-01T06:59:38
-10.340882,-5.337356,2023-01-01T06:59:39
-10.340882,-5.337356,2023-01-01T06:59:40
-10.340882,-5.337356,2023-01-01T06:59:41
-10.340882,-5.226162,2023-01-01T06:59:42
-10.340882,-5.226162,2023-01-01T06:59:43
-10.340882,-5.226162,2023-01-01T06:59:44
-10.340882,-5.114967,2023-01-01T06:59:45
-10.340882,-5.114967,2023-01-01T06:59:46
-10.340882,-5.003772,2023-01-01T06:59:47
-10.229690,-4.892577,2023-01-01T06:59:48
-10.229690,-4.892577,2023-01-01T06:59:49
-10.229690,-4.781382,2023-01-01T06:59:50
-10.229690,-4.781382,2023-01-01T06:59:51
-10.229690,-4.670187,2023-01-01T06:59:52
-10.229690,-4.670187,2023-01-01T06:59:53
-10.229690,-4.558992,2023-01-01T06:59:54
-10.118498,-4.558992,2023-01-01T06:59:55
-10.118498,-4.447797,2023-01-01T06:59:56
-10.118498,-4.447797,2023-01-01T06:59:57
-10.118498,-4.336602,2023-01-01T06:59:58
-10.118498,-4.336602,2023-01-01T06:59:59
-10.118498,-4.225407,2023-01-01T07:00:00
-10.118498,-4.225407,2023-01-01T07:00:01
-10.118498,-4.114212,2023-01-01T07:00:02
-10.007305,-4.114212,2023-01-01T07:00:03
-10.007305,-4.003017,2023-01-01T07:00:04
-10.007305,-4.003017,2023-01-01T07:00:05
-10.007305,-3.891822,2023-01-01T07:00:06
-10.007305,-3.891822,2023-01-01T07:00:07
-10.007305,-3.780628,2023-01-01T07:00:08
-10.007305,-3.780628,2023-01-01T07:00:09
-10.007305,-3.669433,2023-01-01T07:00:10
-10.007305,-3.669433,2023-01-01T07:00:11
-10.007305,-3.558238,2023-01-01T07:00:12
-10.007305,-3.558238,2023-01-01T07:00:13
-10.007305,-3.558238,2023-01-01T07:00:14
-10.007305,-3.447043,2023-01-01T07:00:15
-10.007305,-3.447043,2023-01-01T07:00:16
-10.007305,-3.447043,2023-01-01T07:00:17
-10.007305,-3.335848,2023-01-01T07:00:18
-10.007305,-3.335848,2023-01-01T07:00:19
-10.007305,-3.335848,2023-01-01T07:00:20
-10.007305,-3.224653,2023-01-01T07:00:21
-10.007305,-3.224653,2023-01-01T07:00:22
-10.007305,-3.224653,2023-01-01T07:00:23
-10.007305,-3.113458,2023-01-01T07:00:24
-10.007305,-3.113458,2023-01-01T07:00:25
-10.007305,-3.113458,2023-01-01T07:00:26
-10.007305,-3.002263,2023-01-01T07:00:27
-10.007305,-3.002263,2023-01-01T07:00:28
-10.007305,-3.002263,2023-01-01T07:00:29
-10.007305,-3.002263,2023-01-01T07:00:30
-10.007305,-2.891068,2023-01-01T07:00:31
-10.007305,-2.891068,2023-01-01T07:00:32
-10.007305,-2.891068,2023-01-01T07:00:33
-10.007305,-2.891068,2023-01-01T07:00:34
-10.007305,-2.779873,2023-01-01T07:00:35
-10.007305,-2.779873,2023-01-01T07:00:36
-10.118498,-2.779873,2023-01-01T07:00:37
-10.118498,-2.779873,2023-01-01T07:00:38
-10.118498,-2.779873,2023-01-01T07:00:39
-10.118498,-2.779873,2023-01-01T07:00:40
-10.118498,-2.668678,2023-01-01T07:00:41
-10.118498,-2.668678,2023-01-01T07:00:42
-10.118498,-2.668678,2023-01-01T07:00:43
-10.229690,-2.668678,2023-01-01T07:00:44
-10.229690,-2.668678,2023-01-01T07:00:45
-10.229690,-2.668678,2023-01-01T07:00:46
-10.229690,-2.668678,2023-01-01T07:00:47
-10.229690,-2.668678,2023-01-01T07:00:48
-10.229690,-2.668678,2023-01-01T07:00:49
-10.340882,-2.668678,2023-01-01T07:00:50
-10.340882,-2.668678,2023-01-01T07:00:51
-10.340882,-2.668678,2023-01-01T07:00:52
-10.340882,-2.668678,2023-01-01T07:00:53
-10.452075,-2.557483,2023-01-01T07:00:54
-10.452075,-2.557483,2023-01-01T07:00:55
-10.452075,-2.557483,2023-01-01T07:00:56
-10.452075,-2.557483,2023-01-01T07:00:57
-10.563267,-2.557483,2023-01-01T07:00:58
-10.563267,-2.557483,2023-01-01T07:00:59
-10.563267,-2.668678,2023-01-01T07:01:00
-10.563267,-2.668678,2023-01-01T07:01:01
-10.674459,-2.668678,2023-01-01T07:01:02
-10.674459,-2.668678,2023-01-01T07:01:03
-10.674459,-2.668678,2023-01-01T07:01:04
-10.674459,-2.668678,2023-01-01T07:01:05
-10.785651,-2.668678,2023-01-01T07:01:06
-10.785651,-2.668678,2023-01-01T07:01:07
-10.785651,-2.668678,2023-01-01T07:01:08
-10.896844,-2.668678,2023-01-01T07:01:09
-10.896844,-2.668678,2023-01-01T07:01:10
-10.896844,-2.668678,2023-01-01T07:01:11
-10.896844,-2.668678,2023-01-01T07:01:12
-11.008036,-2.668678,2023-01-01T07:01:13
-11.008036,-2.668678,2023-01-01T07:01:14
-11.008036,-2.557483,2023-01-01T07:01:15
-11.008036,-2.557483,2023-01-01T07:01:16
-11.008036,-2.557483,2023-01-01T07:01:17
-11.008036,-2.557483,2023-01-01T07:01:18
-11.008036,-2.446288,2023-01-01T07:01:19
-11.119228,-2.446288,2023-01-01T07:01:20
-11.119228,-2.446288,2023-01-01T07:01:21
-11.119228,-2.446288,2023-01-01T07:01:22
-11.119228,-2.446288,2023-01-01T07:01:23
-11.119228,-2.335093,2023-01-01T07:01:24
-11.119228,-2.335093,2023-01-01T07:01:25
-11.119228,-2.335093,2023-01-01T07:01:26
-11.119228,-2.335093,2023-01-01T07:01:27
-11.230421,-2.335093,2023-01-01T07:01:28
-11.230421,-2.223899,2023-01-01T07:01:29
-11.230421,-2.223899,2023-01-01T07:01:30
-11.230421,-2.223899,2023-01-01T07:01:31
-11.230421,-2.223899,2023-01-01T07:01:32
-11.230421,-2.223899,2023-01-01T07:01:33
-11.230421,-2.112704,2023-01-01T07:01:34
-11.230421,-2.112704,2023-01-01T07:01:35
-11.230421,-2.112704,2023-01-01T07:01:36
-11.230421,-2.001509,2023-01-01T07:01:37
-11.230421,-2.001509,2023-01-01T07:01:38
-11.341613,-2.001509,2023-01-01T07:01:39
-11.341613,-1.890314,2023-01-01T07:01:40
-11.341613,-1.890314,2023-01-01T07:01:41
-11.341613,-1.779119,2023-01-01T07:01:42
-11.341613,-1.779119,2023-01-01T07:01:43
-11.341613,-1.779119,2023-01-01T07:01:44
-11.341613,-1.667924,2023-01-01T07:01:45
-11.341613,-1.667924,2023-01-01T07:01:46
-11.341613,-1.556729,2023-01-01T07:01:47
-11.341613,-1.556729,2023-01-01T07:01:48
-11.341613,-1.445534,2023-01-01T07:01:49
-11.341613,-1.445534,2023-01-01T07:01:50
-11.341613,-1.445534,2023-01-01T07:01:51
-11.341613,-1.334339,2023-01-01T07:01:52
-11.341613,-1.334339,2023-01-01T07:01:53
-11.341613,-1.223144,2023-01-01T07:01:54
-11.341613,-1.223144,2023-01-01T07:01:55
-11.341613,-1.111949,2023-01-01T07:01:56
-11.341613,-1.111949,2023-01-01T07:01:57
-11.341613,-1.000754,2023-01-01T07:01:58
-11.341613,-1.000754,2023-01-01T07:01:59
-11.341613,-1.000754,2023-01-01T07:02:00
-11.341613,-0.889559,2023-01-01T07:02:01
-11.341613,-0.889559,2023-01-01T07:02:02
-11.341613,-0.778364,2023-01-01T07:02:03
-11.341613,-0.778364,2023-01-01T07:02:04
-11.341613,-0.778364,2023-01-01T07:02:05
-11.341613,-0.667170,2023-01-01T07:02:06
-11.341613,-0.667170,2023-01-01T07:02:07
-11.341613,-0.667170,2023-01-01T07:02:08
-11.341613,-0.555975,2023-01-01T07:02:09
-11.341613,-0.555975,2023-01-01T07:02:10
-11.341613,-0.555975,2023-01-01T07:02:11
-11.341613,-0.555975,2023-01-01T07:02:12
-11.341613,-0.444780,2023-01-01T07:02:13
-11.341613,-0.444780,2023-01-01T07:02:14
-11.341613,-0.444780,2023-01-01T07:02:15
-11.341613,-0.444780,2023-01-01T07:02:16
-11.341613,-0.444780,2023-01-01T07:02:17
-11.341613,-0.555975,2023-01-01T07:02:18
-11.452805,-0.555975,2023-01-01T07:02:19
-11.452805,-0.555975,2023-01-01T07:02:20
-11.452805,-0.555975,2023-01-01T07:02:21
-11.452805,-0.555975,2023-01-01T07:02:22
-11.452805,-0.555975,2023-01-01T07:02:23
-11.452805,-0.555975,2023-01-01T07:02:24
-11.452805,-0.555975,2023-01-01T07:02:25
-11.452805,-0.667170,2023-01-01T07:02:26
-11.563997,-0.667170,2023-01-01T07:02:27
-11.563997,-0.667170,2023-01-01T07:02:28
-11.563997,-0.667170,2023-01-01T07:02:29
-11.563997,-0.667170,2023-01-01T07:02:30
-11.563997,-0.667170,2023-01-01T07:02:31
-11.563997,-0.778364,2023-01-01T07:02:32
-11.563997,-0.778364,2023-01-01T07:02:33
-11.563997,-0.778364,2023-01-01T07:02:34
-11.675190,-0.778364,2023-01-01T07:02:35
-11.675190,-0.778364,2023-01-01T07:02:36
-11.675190,-0.778364,2023-01-01T07:02:37
-11.675190,-0.889559,2023-01-01T07:02:38
-11.675190,-0.889559,2023-01-01T07:02:39
-11.675190,-0.889559,2023-01-01T07:02:40
-11.675190,-0.889559,2023-01-01T07:02:41
-11.675190,-0.889559,2023-01-01T07:02:42
-11.786382,-1.000754,2023-01-01T07:02:43
-11.786382,-1.000754,2023-01-01T07:02:44
-11.786382,-1.000754,2023-01-01T07:02:45
-11.786382,-1.000754,2023-01-01T07:02:46
-11.786382,-1.000754,2023-01-01T07:02:47
-11.786382,-1.111949,2023-01-01T07:02:48
-11.897574,-1.111949,2023-01-01T07:02:49
-11.897574,-1.111949,2023-01-01T07:02:50
-11.897574,-1.111949,2023-01-01T07:02:51
-11.897574,-1.223144,2023-01-01T07:02:52
-11.897574,-1.223144,2023-01-01T07:02:53
-11.897574,-1.223144,2023-01-01T07:02:54
-12.008767,-1.223144,2023-01-01T07:02:55
-12.008767,-1.223144,2023-01-01T07:02:56
-12.008767,-1.334339,2023-01-01T07:02:57
-12.008767,-1.334339,2023-01-01T07:02:58
-12.008767,-1.334339,2023-01-01T07:02:59
-12.008767,-1.334339,2023-01-01T07:03:00
-12.119959,-1.445534,2023-01-01T07:03:01
-12.119959,-1.445534,2023-01-01T07:03:02
-12.119959,-1.445534,2023-01-01T07:03:03
-12.119959,-1.556729,2023-01-01T07:03:04
-12.119959,-1.556729,2023-01-01T07:03:05
-12.119959,-1.556729,2023-01-01T07:03:06
-12.231151,-1.556729,2023-01-01T07:03:07
-12.231151,-1.667924,2023-01-01T07:03:08
-12.231151,-1.667924,2023-01-01T07:03:09
-12.231151,-1.667924,2023-01-01T07:03:10
-12.231151,-1.667924,2023-01-01T07:03:11
-12.231151,-1.779119,2023-01-01T07:03:12
-12.342343,-1.779119,2023-01-01T07:03:13
-12.342343,-1.779119,2023-01-01T07:03:14
-12.342343,-1.779119,2023-01-01T07:03:15
-12.342343,-1.779119,2023-01-01T07:03:16
-12.342343,-1.890314,2023-01-01T07:03:17
-12.342343,-1.890314,2023-01-01T07:03:18
-12.342343,-1.890314,2023-01-01T07:03:19
-12.342343,-1.890314,2023-01-01T07:03:20
-12.342343,-1.890314,2023-01-01T07:03:21
-12.342343,-1.890314,2023-01-01T07:03:22
-12.342343,-1.890314,2023-01-01T07:03:23
-12.342343,-1.890314,2023-01-01T07:03:24
-12.453536,-2.001509,2023-01-01T07:03:25
-12.453536,-2.001509,2023-01-01T07:03:26
-12.453536,-2.001509,2023-01-01T07:03:27
-12.453536,-2.001509,2023-01-01T07:03:28
-12.453536,-2.001509,2023-01-01T07:03:29
-12.453536,-2.001509,2023-01-01T07:03:30
-12.453536,-2.001509,2023-01-01T07:03:31
-12.453536,-2.001509,2023-01-01T07:03:32
-12.453536,-2.112704,2023-01-01T07:03:33
-12.453536,-2.112704,2023-01-01T07:03:34
-12.453536,-2.112704,2023-01-01T07:03:35
-12.453536,-2.112704,2023-01-01T07:03:36
-12.564728,-2.112704,2023-01-01T07:03:37
-12.564728,-2.112704,2023-01-01T07:03:38
-12.564728,-2.112704,2023-01-01T07:03:39
-12.564728,-2.112704,2023-01-01T07:03:40
-12.564728,-2.223899,2023-01-01T07:03:41
-12.564728,-2.223899,2023-01-01T07:03:42
-12.564728,-2.223899,2023-01-01T07:03:43
-12.564728,-2.223899,2023-01-01T07:03:44
-12.564728,-2.223899,2023-01-01T07:03:45
-12.564728,-2.223899,2023-01-01T07:03:46
-12.564728,-2.223899,2023-01-01T07:03:47
-12.564728,-2.223899,2023-01-01T07:03:48
-12.564728,-2.223899,2023-01-01T07:03:49
-12.564728,-2.335093,2023-01-01T07:03:50
-12.564728,-2.335093,2023-01-01T07:03:51
-12.564728,-2.335093,2023-01-01T07:03:52
-12.564728,-2.335093,2023-01-01T07:03:53
-12.564728,-2.335093,2023-01-01T07:03:54
-12.564728,-2.335093,2023-01-01T07:03:55
-12.564728,-2.335093,2023-01-01T07:03:56
-12.564728,-2.335093,2023-01-01T07:03:57
-12.675920,-2.335093,2023-01-01T07:03:58
-12.675920,-2.335093,2023-01-01T07:03:59
-12.675920,-2.335093,2023-01-01T07:04:00
-12.675920,-2.335093,2023-01-01T07:04:01
-12.675920,-2.446288,2023-01-01T07:04:02
-12.675920,-2.446288,2023-01-01T07:04:03
-12.675920,-2.446288,2023-01-01T07:04:04
-12.675920,-2.446288,2023-01-01T07:04:05
-12.675920,-2.446288,2023-01-01T07:04:06
-12.675920,-2.446288,2023-01-01T07:04:07
-12.675920,-2.446288,2023-01-01T07:04:08
-12.675920,-2.446288,2023-01-01T07:04:09
-12.675920,-2.446288,2023-01-01T07:04:10
-12.675920,-2.446288,2023-01-01T07:04:11
-12.675920,-2.446288,2023-01-01T07:04:12
-12.675920,-2.446288,2023-01-01T07:04:13
-12.675920,-2.446288,2023-01-01T07:04:14
-12.675920,-2.446288,2023-01-01T07:04:15
-12.675920,-2.446288,2023-01-01T07:04:16
-12.564728,-2.446288,2023-01-01T07:04:17
-12.564728,-2.446288,2023-01-01T07:04:18
-12.564728,-2.446288,2023-01-01T07:04:19
-12.564728,-2.446288,2023-01-01T07:04:20
-12.564728,-2.446288,2023-01-01T07:04:21
-12.564728,-2.446288,2023-01-01T07:04:22
-12.564728,-2.446288,2023-01-01T07:04:23
-12.564728,-2.446288,2023-01-01T07:04:24
-12.564728,-2.335093,2023-01-01T07:04:25
-12.564728,-2.335093,2023-01-01T07:04:26
-12.564728,-2.335093,2023-01-01T07:04:27
-12.564728,-2.335093,2023-01-01T07:04:28
-12.564728,-2.335093,2023-01-01T07:04:29
-12.564728,-2.335093,2023-01-01T07:04:30
-12.564728,-2.335093,2023-01-01T07:04:31
-12.564728,-2.335093,2023-01-01T07:04:32
-12.564728,-2.335093,2023-01-01T07:04:33
-12.564728,-2.335093,2023-01-01T07:04:34
-12.564728,-2.335093,2023-01-01T07:04:35
-12.564728,-2.335093,2023-01-01T07:04:36
-12.564728,-2.335093,2023-01-01T07:04:37
-12.564728,-2.335093,2023-01-01T07:04:38
-12.564728,-2.335093,2023-01-01T07:04:39
-12.564728,-2.223899,2023-01-01T07:04:40
-12.564728,-2.223899,2023-01-01T07:04:41
-12.564728,-2.223899,2023-01-01T07:04:42
-12.564728,-2.223899,2023-01-01T07:04:43
-12.564728,-2.223899,2023-01-01T07:04:44
-12.564728,-2.223899,2023-01-01T07:04:45
-12.564728,-2.112704,2023-01-01T07:04:46
-12.564728,-2.112704,2023-01-01T07:04:47
-12.564728,-2.112704,2023-01-01T07:04:48
-12.453536,-2.112704,2023-01-01T07:04:49
-12.453536,-2.001509,2023-01-01T07:04:50
-12.453536,-2.001509,2023-01-01T07:04:51
-12.453536,-2.001509,2023-01-01T07:04:52
-12.453536,-2.001509,2023-01-01T07:04:53
-12.453536,-1.890314,2023-01-01T07:04:54
-12.453536,-1.890314,2023-01-01T07:04:55
-12.453536,-1.890314,2023-01-01T07:04:56
-12.453536,-1.779119,2023-01-01T07:04:57
-12.342343,-1.779119,2023-01-01T07:04:58
-12.342343,-1.779119,2023-01-01T07:04:59
-12.342343,-1.779119,2023-01-01T07:05:00
-12.342343,-1.667924,2023-01-01T07:05:01
-12.342343,-1.667924,2023-01-01T07:05:02
-12.342343,-1.667924,2023-01-01T07:05:03
-12.342343,-1.667924,2023-01-01T07:05:04
-12.342343,-1.556729,2023-01-01T07:05:05
-12.342343,-1.556729,2023-01-01T07:05:06
-12.342343,-1.556729,2023-01-01T07:05:07
-12.231151,-1.556729,2023-01-01T07:05:08
-12.231151,-1.445534,2023-01-01T07:05:09
-12.231151,-1.445534,2023-01-01T07:05:10
-12.231151,-1.445534,2023-01-01T07:05:11
-12.231151,-1.445534,2023-01-01T07:05:12
-12.231151,-1.445534,2023-01-01T07:05:13
-12.231151,-1.334339,2023-01-01T07:05:14
-12.231151,-1.334339,2023-01-01T07:05:15
-12.231151,-1.334339,2023-01-01T07:05:16
-12.231151,-1.334339,2023-01-01T07:05:17
-12.231151,-1.334339,2023-01-01T07:05:18
-12.231151,-1.334339,2023-01-01T07:05:19
-12.231151,-1.334339,2023-01-01T07:05:20
-12.231151,-1.334339,2023-01-01T07:05:21
-12.231151,-1.334339,2023-01-01T07:05:22
-12.231151,-1.334339,2023-01-01T07:05:23
-12.231151,-1.334339,2023-01-01T07:05:24
-12.231151,-1.334339,2023-01-01T07:05:25
-12.231151,-1.334339,2023-01-01T07:05:26
-12.231151,-1.334339,2023-01-01T07:05:27
-12.231151,-1.334339,2023-01-01T07:05:28
-12.231151,-1.223144,2023-01-01T07:05:29
-12.231151,-1.223144,2023-01-01T07:05:30
-12.231151,-1.223144,2023-01-01T07:05:31
-12.231151,-1.223144,2023-01-01T07:05:32
-12.231151,-1.223144,2023-01-01T07:05:33
-12.231151,-1.223144,2023-01-01T07:05:34
-12.231151,-1.223144,2023-01-01T07:05:35
-12.231151,-1.223144,2023-01-01T07:05:36
-12.231151,-1.223144,2023-01-01T07:05:37
-12.231151,-1.111949,2023-01-01T07:05:38
-12.231151,-1.111949,2023-01-01T07:05:39
-12.231151,-1.111949,2023-01-01T07:05:40
-12.231151,-1.111949,2023-01-01T07:05:41
-12.231151,-1.111949,2023-01-01T07:05:42
-12.231151,-1.111949,2023-01-01T07:05:43
-12.231151,-1.111949,2023-01-01T07:05:44
-12.231151,-1.111949,2023-01-01T07:05:45
-12.231151,-1.000754,2023-01-01T07:05:46
-12.231151,-1.000754,2023-01-01T07:05:47
-12.231151,-1.000754,2023-01-01T07:05:48
-12.231151,-1.000754,2023-01-01T07:05:49
-12.231151,-1.000754,2023-01-01T07:05:50
-12.231151,-1.000754,2023-01-01T07:05:51
-12.231151,-1.000754,2023-01-01T07:05:52
-12.231151,-1.000754,2023-01-01T07:05:53
-12.231151,-0.889559,2023-01-01T07:05:54
-12.231151,-0.889559,2023-01-01T07:05:55
-12.231151,-0.889559,2023-01-01T07:05:56
-12.231151,-0.889559,2023-01-01T07:05:57
-12.231151,-0.889559,2023-01-01T07:05:58
-12.231151,-0.889559,2023-01-01T07:05:59
-12.231151,-0.889559,2023-01-01T07:06:00
-12.231151,-0.778364,2023-01-01T07:06:01
-12.231151,-0.778364,2023-01-01T07:06:02
-12.231151,-0.778364,2023-01-01T07:06:03
-12.231151,-0.778364,2023-01-01T07:06:04
-12.231151,-0.778364,2023-01-01T07:06:05
-12.231151,-0.778364,2023-01-01T07:06:06
-12.231151,-0.778364,2023-01-01T07:06:07
-12.231151,-0.667170,2023-01-01T07:06:08
-12.231151,-0.667170,2023-01-01T07:06:09
-12.231151,-0.667170,2023-01-01T07:06:10
-12.231151,-0.667170,2023-01-01T07:06:11
-12.231151,-0.667170,2023-01-01T07:06:12
-12.231151,-0.667170,2023-01-01T07:06:13
-12.231151,-0.555975,2023-01-01T07:06:14
-12.231151,-0.555975,2023-01-01T07:06:15
-12.119959,-0.555975,2023-01-01T07:06:16
-12.119959,-0.555975,2023-01-01T07:06:17
-12.119959,-0.555975,2023-01-01T07:06:18
-12.119959,-0.555975,2023-01-01T07:06:19
-12.119959,-0.444780,2023-01-01T07:06:20
-12.119959,-0.444780,2023-01-01T07:06:21
-12.119959,-0.444780,2023-01-01T07:06:22
-12.119959,-0.444780,2023-01-01T07:06:23
-12.119959,-0.444780,2023-01-01T07:06:24
-12.119959,-0.444780,2023-01-01T07:06:25
-12.119959,-0.333585,2023-01-01T07:06:26
-12.119959,-0.333585,2023-01-01T07:06:27
-12.008767,-0.333585,2023-01-01T07:06:28
-12.008767,-0.333585,2023-01-01T07:06:29
-12.008767,-0.333585,2023-01-01T07:06:30
-12.008767,-0.333585,2023-01-01T07:06:31
-12.008767,-0.222390,2023-01-01T07:06:32
-12.008767,-0.222390,2023-01-01T07:06:33
-12.008767,-0.222390,2023-01-01T07:06:34
-12.008767,-0.222390,2023-01-01T07:06:35
-12.008767,-0.222390,2023-01-01T07:06:36
-11.897574,-0.222390,2023-01-01T07:06:37
-11.897574,-0.111195,2023-01-01T07:06:38
-11.897574,-0.111195,2023-01-01T07:06:39
-11.897574,-0.111195,2023-01-01T07:06:40
-11.897574,-0.111195,2023-01-01T07:06:41
-11.897574,-0.111195,2023-01-01T07:06:42
-11.897574,-0.111195,2023-01-01T07:06:43
-11.897574,0.000000,2023-01-01T07:06:44
-11.786382,0.000000,2023-01-01T07:06:45
-11.786382,0.000000,2023-01-01T07:06:46
-11.786382,0.000000,2023-01-01T07:06:47
-11.786382,0.000000,2023-01-01T07:06:48
-11.786382,0.000000,2023-01-01T07:06:49
-11.786382,0.000000,2023-01-01T07:06:50
-11.786382,0.111195,2023-01-01T07:06:51
-11.675190,0.111195,2023-01-01T07:06:52
-11.675190,0.111195,2023-01-01T07:06:53
-11.675190,0.111195,2023-01-01T07:06:54
-11.675190,0.111195,2023-01-01T07:06:55
-11.675190,0.111195,2023-01-01T07:06:56
-11.675190,0.111195,2023-01-01T07:06:57
-11.675190,0.111195,2023-01-01T07:06:58
-11.675190,0.222390,2023-01-01T07:06:59
-11.563997,0.222390,2023-01-01T07:07:00
-11.563997,0.222390,2023-01-01T07:07:01
-11.563997,0.222390,2023-01-01T07:07:02
-11.563997,0.222390,2023-01-01T07:07:03
-11.563997,0.222390,2023-01-01T07:07:04
-11.563997,0.222390,2023-01-01T07:07:05
-11.563997,0.222390,2023-01-01T07:07:06
-11.563997,0.222390,2023-01-01T07:07:07
-11.452805,0.333585,2023-01-01T07:07:08
-11.452805,0.333585,2023-01-01T07:07:09
-11.452805,0.333585,2023-01-01T07:07:10
-11.452805,0.333585,2023-01-01T07:07:11
-11.452805,0.333585,2023-01-01T07:07:12
-11.452805,0.333585,2023-01-01T07:07:13
-11.452805,0.333585,2023-01-01T07:07:14
-11.452805,0.333585,2023-01-01T07:07:15
-11.452805,0.333585,2023-01-01T07:07:16
-11.341613,0.333585,2023-01-01T07:07:17
-11.341613,0.333585,2023-01-01T07:07:18
-11.341613,0.333585,2023-01-01T07:07:19
-11.341613,0.333585,2023-01-01T07:07:20
-11.341613,0.333585,2023-01-01T07:07:21
-11.341613,0.333585,2023-01-01T07:07:22
-11.341613,0.333585,2023-01-01T07:07:23
-11.341613,0.333585,2023-01-01T07:07:24
-11.341613,0.333585,2023-01-01T07:07:25
-11.341613,0.333585,2023-01-01T07:07:26
-11.230421,0.333585,2023-01-01T07:07:27
-11.230421,0.333585,2023-01-01T07:07:28
-11.230421,0.333585,2023-01-01T07:07:29
-11.230421,0.333585,2023-01-01T07:07:30
-11.230421,0.333585,2023-01-01T07:07:31
-11.230421,0.333585,2023-01-01T07:07:32
-11.230421,0.333585,2023-01-01T07:07:33
-11.230421,0.333585,2023-01-01T07:07:34
-11.230421,0.333585,2023-01-01T07:07:35
-11.230421,0.333585,2023-01-01T07:07:36
-11.230421,0.333585,2023-01-01T07:07:37
-11.230421,0.333585,2023-01-01T07:07:38
-11.230421,0.333585,2023-01-01T07:07:39
-11.230421,0.333585,2023-01-01T07:07:40
-11.230421,0.333585,2023-01-01T07:07:41
-11.119228,0.333585,2023-01-01T07:07:42
-11.119228,0.333585,2023-01-01T07:07:43
-11.119228,0.333585,2023-01-01T07:07:44
-11.119228,0.333585,2023-01-01T07:07:45
-11.119228,0.333585,2023-01-01T07:07:46
-11.119228,0.444780,2023-01-01T07:07:47
-11.008036,0.444780,2023-01-01T07:07:48
-11.008036,0.444780,2023-01-01T07:07:49
-11.008036,0.444780,2023-01-01T07:07:50
-11.008036,0.444780,2023-01-01T07:07:51
-11.008036,0.444780,2023-01-01T07:07:52
-11.008036,0.444780,2023-01-01T07:07:53
-10.896844,0.444780,2023-01-01T07:07:54
-10.896844,0.444780,2023-01-01T07:07:55
-10.896844,0.444780,2023-01-01T07:07:56
-10.896844,0.444780,2023-01-01T07:07:57
-10.896844,0.444780,2023-01-01T07:07:58
-10.896844,0.444780,2023-01-01T07:07:59
-10.896844,0.444780,2023-01-01T07:08:00
-10.896844,0.444780,2023-01-01T07:08:01
-10.785651,0.444780,2023-01-01T07:08:02
-10.785651,0.444780,2023-01-01T07:08:03
-10.785651,0.444780,2023-01-01T07:08:04
-10.785651,0.444780,2023-01-01T07:08:05
-10.785651,0.444780,2023-01-01T07:08:06
-10.785651,0.444780,2023-01-01T07:08:07
-10.785651,0.444780,2023-01-01T07:08:08
-10.785651,0.444780,2023-01-01T07:08:09
-10.785651,0.444780,2023-01-01T07:08:10
-10.674459,0.555975,2023-01-01T07:08:11
-10.674459,0.555975,2023-01-01T07:08:12
-10.674459,0.555975,2023-01-01T07:08:13
-10.674459,0.555975,2023-01-01T07:08:14
-10.674459,0.555975,2023-01-01T07:08:15
-10.563267,0.555975,2023-01-01T07:08:16
-10.563267,0.555975,2023-01-01T07:08:17
-10.563267,0.555975,2023-01-01T07:08:18
-10.563267,0.555975,2023-01-01T07:08:19
-10.452075,0.555975,2023-01-01T07:08:20
-10.452075,0.667170,2023-01-01T07:08:21
-10.452075,0.667170,2023-01-01T07:08:22
-10.452075,0.667170,2023-01-01T07:08:23
-10.452075,0.667170,2023-01-01T07:08:24
-10.340882,0.667170,2023-01-01T07:08:25
-10.340882,0.667170,2023-01-01T07:08:26
-10.340882,0.667170,2023-01-01T07:08:27
-10.340882,0.667170,2023-01-01T07:08:28
-10.229690,0.778364,2023-01-01T07:08:29
-10.229690,0.778364,2023-01-01T07:08:30
-10.229690,0.778364,2023-01-01T07:08:31
-10.229690,0.778364,2023-01-01T07:08:32
-10.229690,0.778364,2023-01-01T07:08:33
-10.229690,0.778364,2023-01-01T07:08:34
-10.118498,0.778364,2023-01-01T07:08:35
-10.118498,0.778364,2023-01-01T07:08:36
-10.118498,0.778364,2023-01-01T07:08:37
-10.118498,0.889559,2023-01-01T07:08:38
-10.118498,0.889559,2023-01-01T07:08:39
-10.007305,0.889559,2023-01-01T07:08:40
-10.007305,0.889559,2023-01-01T07:08:41
-10.007305,0.889559,2023-01-01T07:08:42
-10.007305,0.889559,2023-01-01T07:08:43
-10.007305,0.889559,2023-01-01T07:08:44
-9.896113,0.889559,2023-01-01T07:08:45
-9.896113,1.000754,2023-01-01T07:08:46
-9.896113,1.000754,2023-01-01T07:08:47
-9.784921,1.000754,2023-01-01T07:08:48
-9.784921,1.000754,2023-01-01T07:08:49
-9.784921,1.000754,2023-01-01T07:08:50
-9.784921,1.000754,2023-01-01T07:08:51
-9.673729,1.111949,2023-01-01T07:08:52
-9.673729,1.111949,2023-01-01T07:08:53
-9.673729,1.111949,2023-01-01T07:08:54
-9.673729,1.111949,2023-01-01T07:08:55
-9.562536,1.111949,2023-01-01T07:08:56
-9.562536,1.223144,2023-01-01T07:08:57
-9.562536,1.223144,2023-01-01T07:08:58
-9.562536,1.223144,2023-01-01T07:08:59
-9.562536,1.223144,2023-01-01T07:09:00
-9.562536,1.223144,2023-01-01T07:09:01
-9.451344,1.223144,2023-01-01T07:09:02
-9.451344,1.334339,2023-01-01T07:09:03
-9.451344,1.334339,2023-01-01T07:09:04
-9.451344,1.334339,2023-01-01T07:09:05
-9.451344,1.334339,2023-01-01T07:09:06
-9.451344,1.334339,2023-01-01T07:09:07
-9.451344,1.334339,2023-01-01T07:09:08
-9.340152,1.445534,2023-01-01T07:09:09
-9.340152,1.445534,2023-01-01T07:09:10
-9.340152,1.445534,2023-01-01T07:09:11
-9.340152,1.445534,2023-01-01T07:09:12
-9.340152,1.445534,2023-01-01T07:09:13
-9.340152,1.445534,2023-01-01T07:09:14
-9.228959,1.556729,2023-01-01T07:09:15
-9.228959,1.556729,2023-01-01T07:09:16
-9.228959,1.556729,2023-01-01T07:09:17
-9.228959,1.667924,2023-01-01T07:09:18
-9.228959,1.667924,2023-01-01T07:09:19
-9.117767,1.667924,2023-01-01T07:09:20
-9.117767,1.667924,2023-01-01T07:09:21
-9.117767,1.779119,2023-01-01T07:09:22
-9.117767,1.779119,2023-01-01T07:09:23
-9.117767,1.779119,2023-01-01T07:09:24
-9.006575,1.779119,2023-01-01T07:09:25
-9.006575,1.890314,2023-01-01T07:09:26
-9.006575,1.890314,2023-01-01T07:09:27
-9.006575,1.890314,2023-01-01T07:09:28
-9.006575,1.890314,2023-01-01T07:09:29
-9.006575,1.890314,2023-01-01T07:09:30
-8.895383,2.001509,2023-01-01T07:09:31
-8.895383,2.001509,2023-01-01T07:09:32
-8.895383,2.001509,2023-01-01T07:09:33
-8.895383,2.001509,2023-01-01T07:09:34
-8.895383,2.001509,2023-01-01T07:09:35
-8.895383,2.112704,2023-01-01T07:09:36
-8.895383,2.112704,2023-01-01T07:09:37
-8.895383,2.112704,2023-01-01T07:09:38
-8.895383,2.112704,2023-01-01T07:09:39
-8.895383,2.112704,2023-01-01T07:09:40
-8.784190,2.223899,2023-01-01T07:09:41
-8.784190,2.223899,2023-01-01T07:09:42
-8.784190,2.223899,2023-01-01T07:09:43
-8.784190,2.223899,2023-01-01T07:09:44
-8.784190,2.335093,2023-01-01T07:09:45
-8.784190,2.335093,2023-01-01T07:09:46
-8.672998,2.335093,2023-01-01T07:09:47
-8.672998,2.446288,2023-01-01T07:09:48
-8.672998,2.446288,2023-01-01T07:09:49
-8.672998,2.446288,2023-01-01T07:09:50
-8.561806,2.446288,2023-01-01T07:09:51
-8.561806,2.557483,2023-01-01T07:09:52
-8.561806,2.557483,2023-01-01T07:09:53
-8.561806,2.557483,2023-01-01T07:09:54
-8.561806,2.668678,2023-01-01T07:09:55
-8.450614,2.668678,2023-01-01T07:09:56
-8.450614,2.668678,2023-01-01T07:09:57
-8.450614,2.668678,2023-01-01T07:09:58
-8.450614,2.779873,2023-01-01T07:09:59
-8.450614,2.779873,2023-01-01T07:10:00
-8.450614,2.779873,2023-01-01T07:10:01
-8.339421,2.779873,2023-01-01T07:10:02
-8.339421,2.891068,2023-01-01T07:10:03
-8.339421,2.891068,2023-01-01T07:10:04
-8.339421,2.891068,2023-01-01T07:10:05
-8.339421,2.891068,2023-01-01T07:10:06
-8.339421,3.002263,2023-01-01T07:10:07
-8.228229,3.002263,2023-01-01T07:10:08
-8.228229,3.002263,2023-01-01T07:10:09
-8.228229,3.002263,2023-01-01T07:10:10
-8.228229,3.113458,2023-01-01T07:10:11
-8.228229,3.113458,2023-01-01T07:10:12
-8.228229,3.113458,2023-01-01T07:10:13
-8.117037,3.113458,2023-01-01T07:10:14
-8.117037,3.224653,2023-01-01T07:10:15
-8.117037,3.224653,2023-01-01T07:10:16
-8.117037,3.224653,2023-01-01T07:10:17
-8.117037,3.224653,2023-01-01T07:10:18
-8.117037,3.224653,2023-01-01T07:10:19
-8.005844,3.335848,2023-01-01T07:10:20
-8.005844,3.335848,2023-01-01T07:10:21
-8.005844,3.335848,2023-01-01T07:10:22
-8.005844,3.335848,2023-01-01T07:10:23
-8.005844,3.335848,2023-01-01T07:10:24
-8.005844,3.447043,2023-01-01T07:10:25
-7.894652,3.447043,2023-01-01T07:10:26
-7.894652,3.447043,2023-01-01T07:10:27
-7.894652,3.447043,2023-01-01T07:10:28
-7.894652,3.447043,2023-01-01T07:10:29
-7.894652,3.447043,2023-01-01T07:10:30
-7.894652,3.558238,2023-01-01T07:10:31
-7.894652,3.558238,2023-01-01T07:10:32
-7.783460,3.558238,2023-01-01T07:10:33
-7.783460,3.558238,2023-01-01T07:10:34
-7.783460,3.558238,2023-01-01T07:10:35
-7.783460,3.558238,2023-01-01T07:10:36
-7.783460,3.669433,2023-01-01T07:10:37
-7.783460,3.669433,2023-01-01T07:10:38
-7.783460,3.669433,2023-01-01T07:10:39
-7.783460,3.669433,2023-01-01T07:10:40
-7.672268,3.669433,2023-01-01T07:10:41
-7.672268,3.669433,2023-01-01T07:10:42
-7.672268,3.780628,2023-01-01T07:10:43
-7.672268,3.780628,2023-01-01T07:10:44
-7.672268,3.780628,2023-01-01T07:10:45
-7.672268,3.780628,2023-01-01T07:10:46
-7.561075,3.891822,2023-01-01T07:10:47
-7.561075,3.891822,2023-01-01T07:10:48
-7.561075,3.891822,2023-01-01T07:10:49
-7.561075,3.891822,2023-01-01T07:10:50
-7.561075,3.891822,2023-01-01T07:10:51
-7.449883,4.003017,2023-01-01T07:10:52
-7.449883,4.003017,2023-01-01T07:10:53
-7.449883,4.003017,2023-01-01T07:10:54
-7.449883,4.003017,2023-01-01T07:10:55
-7.449883,4.114212,2023-01-01T07:10:56
-7.449883,4.114212,2023-01-01T07:10:57
-7.338691,4.114212,2023-01-01T07:10:58
-7.338691,4.114212,2023-01-01T07:10:59
-7.338691,4.114212,2023-01-01T07:11:00
-7.338691,4.225407,2023-01-01T07:11:01
-7.338691,4.225407,2023-01-01T07:11:02
-7.338691,4.225407,2023-01-01T07:11:03
-7.338691,4.225407,2023-01-01T07:11:04
-7.227498,4.225407,2023-01-01T07:11:05
-7.227498,4.225407,2023-01-01T07:11:06
-7.227498,4.336602,2023-01-01T07:11:07
-7.227498,4.336602,2023-01-01T07:11:08
-7.227498,4.336602,2023-01-01T07:11:09
-7.227498,4.336602,2023-01-01T07:11:10
-7.227498,4.336602,2023-01-01T07:11:11
-7.116306,4.336602,2023-01-01T07:11:12
-7.116306,4.447797,2023-01-01T07:11:13
-7.116306,4.447797,2023-01-01T07:11:14
-7.116306,4.447797,2023-01-01T07:11:15
-7.116306,4.447797,2023-01-01T07:11:16
-7.116306,4.447797,2023-01-01T07:11:17
-7.116306,4.447797,2023-01-01T07:11:18
-7.116306,4.447797,2023-01-01T07:11:19
-7.005114,4.447797,2023-01-01T07:11:20
-7.005114,4.447797,2023-01-01T07:11:21
-7.005114,4.558992,2023-01-01T07:11:22
-7.005114,4.558992,2023-01-01T07:11:23
-7.005114,4.558992,2023-01-01T07:11:24
-7.005114,4.558992,2023-01-01T07:11:25
-7.005114,4.558992,2023-01-01T07:11:26
-7.005114,4.558992,2023-01-01T07:11:27
-6.893922,4.558992,2023-01-01T07:11:28
-6.893922,4.558992,2023-01-01T07:11:29
-6.893922,4.558992,2023-01-01T07:11:30
-6.893922,4.558992,2023-01-01T07:11:31
-6.893922,4.558992,2023-01-01T07:11:32
-6.893922,4.558992,2023-01-01T07:11:33
-6.893922,4.558992,2023-01-01T07:11:34
-6.893922,4.670187,2023-01-01T07:11:35
-6.782729,4.670187,2023-01-01T07:11:36
-6.782729,4.670187,2023-01-01T07:11:37
-6.782729,4.670187,2023-01-01T07:11:38
-6.782729,4.670187,2023-01-01T07:11:39
-6.782729,4.670187,2023-01-01T07:11:40
-6.782729,4.670187,2023-01-01T07:11:41
-6.782729,4.670187,2023-01-01T07:11:42
-6.782729,4.670187,2023-01-01T07:11:43
-6.782729,4.670187,2023-01-01T07:11:44
-6.671537,4.670187,2023-01-01T07:11:45
-6.671537,4.670187,2023-01-01T07:11:46
-6.671537,4.670187,2023-01-01T07:11:47
-6.671537,4.670187,2023-01-01T07:11:48
-6.671537,4.670187,2023-01-01T07:11:49
-6.671537,4.670187,2023-01-01T07:11:50
-6.671537,4.670187,2023-01-01T07:11:51
-6.671537,4.670187,2023-01-01T07:11:52
-6.671537,4.670187,2023-01-01T07:11:53
-6.671537,4.670187,2023-01-01T07:11:54
-6.671537,4.670187,2023-01-01T07:11:55
-6.560345,4.670187,2023-01-01T07:11:56
-6.560345,4.670187,2023-01-01T07:11:57
-6.560345,4.670187,2023-01-01T07:11:58
-6.560345,4.670187,2023-01-01T07:11:59
-6.560345,4.558992,2023-01-01T07:12:00
-6.560345,4.558992,2023-01-01T07:12:01
-6.560345,4.558992,2023-01-01T07:12:02
-6.560345,4.558992,2023-01-01T07:12:03
-6.449152,4.558992,2023-01-01T07:12:04
-6.449152,4.558992,2023-01-01T07:12:05
-6.449152,4.558992,2023-01-01T07:12:06
-6.449152,4.558992,2023-01-01T07:12:07
-6.449152,4.558992,2023-01-01T07:12:08
-6.449152,4.558992,2023-01-01T07:12:09
-6.449152,4.558992,2023-01-01T07:12:10
-6.337960,4.447797,2023-01-01T07:12:11
-6.337960,4.447797,2023-01-01T07:12:12
-6.337960,4.447797,2023-01-01T07:12:13
-6.337960,4.447797,2023-01-01T07:12:14
-6.337960,4.447797,2023-01-01T07:12:15
-6.337960,4.447797,2023-01-01T07:12:16
-6.337960,4.447797,2023-01-01T07:12:17
-6.226768,4.447797,2023-01-01T07:12:18
-6.226768,4.447797,2023-01-01T07:12:19
-6.226768,4.447797,2023-01-01T07:12:20
-6.226768,4.447797,2023-01-01T07:12:21
-6.226768,4.447797,2023-01-01T07:12:22
-6.226768,4.447797,2023-01-01T07:12:23
-6.226768,4.447797,2023-01-01T07:12:24
-6.226768,4.447797,2023-01-01T07:12:25
-6.115576,4.447797,2023-01-01T07:12:26
-6.115576,4.447797,2023-01-01T07:12:27
-6.115576,4.447797,2023-01-01T07:12:28
-6.115576,4.447797,2023-01-01T07:12:29
-6.115576,4.447797,2023-01-01T07:12:30
-6.115576,4.447797,2023-01-01T07:12:31
-6.004383,4.336602,2023-01-01T07:12:32
-6.004383,4.336602,2023-01-01T07:12:33
-6.004383,4.336602,2023-01-01T07:12:34
-6.004383,4.336602,2023-01-01T07:12:35
-6.004383,4.336602,2023-01-01T07:12:36
-6.004383,4.336602,2023-01-01T07:12:37
-6.004383,4.336602,2023-01-01T07:12:38
-5.893191,4.336602,2023-01-01T07:12:39
-5.893191,4.336602,2023-01-01T07:12:40
-5.893191,4.336602,2023-01-01T07:12:41
-5.893191,4.336602,2023-01-01T07:12:42
-5.893191,4.336602,2023-01-01T07:12:43
-5.893191,4.336602,2023-01-01T07:12:44
-5.893191,4.336602,2023-01-01T07:12:45
-5.893191,4.336602,2023-01-01T07:12:46
-5.893191,4.336602,2023-01-01T07:12:47
-5.893191,4.336602,2023-01-01T07:12:48
-5.893191,4.336602,2023-01-01T07:12:49
-5.893191,4.336602,2023-01-01T07:12:50
-5.893191,4.336602,2023-01-01T07:12:51
-5.893191,4.336602,2023-01-01T07:12:52
-5.893191,4.336602,2023-01-01T07:12:53
-5.893191,4.336602,2023-01-01T07:12:54
-5.893191,4.336602,2023-01-01T07:12:55
-5.893191,4.336602,2023-01-01T07:12:56
-5.893191,4.336602,2023-01-01T07:12:57
-5.893191,4.336602,2023-01-01T07:12:58
-6.004383,4.336602,2023-01-01T07:12:59
-6.004383,4.336602,2023-01-01T07:13:00
-6.004383,4.336602,2023-01-01T07:13:01
-6.004383,4.336602,2023-01-01T07:13:02
-6.004383,4.336602,2023-01-01T07:13:03
-6.004383,4.336602,2023-01-01T07:13:04
-6.004383,4.336602,2023-01-01T07:13:05
-6.004383,4.336602,2023-01-01T07:13:06
-6.004383,4.336602,2023-01-01T07:13:07
-6.004383,4.336602,2023-01-01T07:13:08
-6.004383,4.336602,2023-01-01T07:13:09
-6.004383,4.336602,2023-01-01T07:13:10
-6.004383,4.336602,2023-01-01T07:13:11
-6.004383,4.336602,2023-01-01T07:13:12
-6.004383,4.336602,2023-01-01T07:13:13
-6.004383,4.336602,2023-01-01T07:13:14
-6.004383,4.336602,2023-01-01T07:13:15
-6.004383,4.447797,2023-01-01T07:13:16
-6.004383,4.447797,2023-01-01T07:13:17
-6.004383,4.447797,2023-01-01T07:13:18
-6.004383,4.447797,2023-01-01T07:13:19
-6.004383,4.447797,2023-01-01T07:13:20
-6.004383,4.447797,2023-01-01T07:13:21
-6.004383,4.447797,2023-01-01T07:13:22
-6.004383,4.447797,2023-01-01T07:13:23
-5.893191,4.447797,2023-01-01T07:13:24
-5.893191,4.447797,2023-01-01T07:13:25
-5.893191,4.447797,2023-01-01T07:13:26
-5.893191,4.447797,2023-01-01T07:13:27
-5.893191,4.447797,2023-01-01T07:13:28
-5.893191,4.447797,2023-01-01T07:13:29
-5.893191,4.447797,2023-01-01T07:13:30
-5.893191,4.447797,2023-01-01T07:13:31
-5.893191,4.558992,2023-01-01T07:13:32
-5.893191,4.558992,2023-01-01T07:13:33
-5.893191,4.558992,2023-01-01T07:13:34
-5.893191,4.558992,2023-01-01T07:13:35
-5.893191,4.558992,2023-01-01T07:13:36
-5.893191,4.558992,2023-01-01T07:13:37
-5.893191,4.558992,2023-01-01T07:13:38
-5.893191,4.558992,2023-01-01T07:13:39
-5.893191,4.558992,2023-01-01T07:13:40
-5.893191,4.558992,2023-01-01T07:13:41
-5.893191,4.558992,2023-01-01T07:13:42
-5.893191,4.558992,2023-01-01T07:13:43
-5.893191,4.558992,2023-01-01T07:13:44
-5.893191,4.558992,2023-01-01T07:13:45
-5.893191,4.558992,2023-01-01T07:13:46
-5.893191,4.558992,2023-01-01T07:13:47
-5.893191,4.558992,2023-01-01T07:13:48
-5.893191,4.558992,2023-01-01T07:13:49
-5.893191,4.558992,2023-01-01T07:13:50
-5.893191,4.558992,2023-01-01T07:13:51
-5.893191,4.558992,2023-01-01T07:13:52
-5.893191,4.558992,2023-01-01T07:13:53
-5.893191,4.558992,2023-01-01T07:13:54
-5.893191,4.558992,2023-01-01T07:13:55
-5.893191,4.558992,2023-01-01T07:13:56
-5.893191,4.558992,2023-01-01T07:13:57
-5.893191,4.558992,2023-01-01T07:13:58
-5.893191,4.558992,2023-01-01T07:13:59
-5.893191,4.670187,2023-01-01T07:14:00
-5.893191,4.670187,2023-01-01T07:14:01
-5.893191,4.670187,2023-01-01T07:14:02
-5.893191,4.670187,2023-01-01T07:14:03
-5.893191,4.670187,2023-01-01T07:14:04
-5.893191,4.670187,2023-01-01T07:14:05
-5.893191,4.670187,2023-01-01T07:14:06
-5.893191,4.670187,2023-01-01T07:14:07
-5.893191,4.670187,2023-01-01T07:14:08
-5.893191,4.670187,2023-01-01T07:14:09
-5.893191,4.670187,2023-01-01T07:14:10
-5.893191,4.670187,2023-01-01T07:14:11
-5.893191,4.670187,2023-01-01T07:14:12
-5.781999,4.670187,2023-01-01T07:14:13
-5.781999,4.670187,2023-01-01T07:14:14
-5.781999,4.670187,2023-01-01T07:14:15
-5.781999,4.670187,2023-01-01T07:14:16
-5.781999,4.670187,2023-01-01T07:14:17
-5.781999,4.670187,2023-01-01T07:14:18
-5.781999,4.670187,2023-01-01T07:14:19
-5.781999,4.670187,2023-01-01T07:14:20
-5.781999,4.670187,2023-01-01T07:14:21
-5.781999,4.670187,2023-01-01T07:14:22
-5.781999,4.670187,2023-01-01T07:14:23
-5.781999,4.670187,2023-01-01T07:14:24
-5.781999,4.670187,2023-01-01T07:14:25
-5.781999,4.558992,2023-01-01T07:14:26
-5.781999,4.558992,2023-01-01T07:14:27
-5.670806,4.558992,2023-01-01T07:14:28
-5.670806,4.558992,2023-01-01T07:14:29
-5.670806,4.558992,2023-01-01T07:14:30
-5.670806,4.558992,2023-01-01T07:14:31
-5.670806,4.558992,2023-01-01T07:14:32
-5.670806,4.558992,2023-01-01T07:14:33
-5.670806,4.558992,2023-01-01T07:14:34
-5.670806,4.558992,2023-01-01T07:14:35
-5.559614,4.558992,2023-01-01T07:14:36
-5.559614,4.558992,2023-01-01T07:14:37
-5.559614,4.447797,2023-01-01T07:14:38
-5.559614,4.447797,2023-01-01T07:14:39
-5.559614,4.447797,2023-01-01T07:14:40
-5.559614,4.447797,2023-01-01T07:14:41
-5.559614,4.447797,2023-01-01T07:14:42
-5.448422,4.447797,2023-01-01T07:14:43
-5.448422,4.447797,2023-01-01T07:14:44
-5.448422,4.447797,2023-01-01T07:14:45
-5.448422,4.447797,2023-01-01T07:14:46
-5.448422,4.447797,2023-01-01T07:14:47
-5.448422,4.447797,2023-01-01T07:14:48
-5.448422,4.447797,2023-01-01T07:14:49
-5.448422,4.447797,2023-01-01T07:14:50
-5.448422,4.336602,2023-01-01T07:14:51
-5.448422,4.336602,2023-01-01T07:14:52
-5.337230,4.336602,2023-01-01T07:14:53
-5.337230,4.336602,2023-01-01T07:14:54
-5.337230,4.336602,2023-01-01T07:14:55
-5.337230,4.336602,2023-01-01T07:14:56
-5.337230,4.336602,2023-01-01T07:14:57
-5.337230,4.336602,2023-01-01T07:14:58
-5.337230,4.336602,2023-01-01T07:14:59
-5.337230,4.336602,2023-01-01T07:15:00
-5.337230,4.336602,2023-01-01T07:15:01
-5.337230,4.336602,2023-01-01T07:15:02
-5.337230,4.336602,2023-01-01T07:15:03
-5.337230,4.336602,2023-01-01T07:15:04
-5.226037,4.336602,2023-01-01T07:15:05
-5.226037,4.336602,2023-01-01T07:15:06
-5.226037,4.336602,2023-01-01T07:15:07
-5.226037,4.336602,2023-01-01T07:15:08
-5.226037,4.336602,2023-01-01T07:15:09
-5.226037,4.336602,2023-01-01T07:15:10
-5.226037,4.225407,2023-01-01T07:15:11
-5.226037,4.225407,2023-01-01T07:15:12
-5.226037,4.225407,2023-01-01T07:15:13
-5.226037,4.225407,2023-01-01T07:15:14
-5.226037,4.225407,2023-01-01T07:15:15
-5.226037,4.225407,2023-01-01T07:15:16
-5.226037,4.225407,2023-01-01T07:15:17
-5.226037,4.336602,2023-01-01T07:15:18
-5.226037,4.336602,2023-01-01T07:15:19
-5.226037,4.336602,2023-01-01T07:15:20
-5.226037,4.336602,2023-01-01T07:15:21
-5.226037,4.336602,2023-01-01T07:15:22
-5.226037,4.336602,2023-01-01T07:15:23
-5.226037,4.336602,2023-01-01T07:15:24
-5.226037,4.336602,2023-01-01T07:15:25
-5.226037,4.336602,2023-01-01T07:15:26
-5.226037,4.336602,2023-01-01T07:15:27
-5.226037,4.336602,2023-01-01T07:15:28
-5.226037,4.336602,2023-01-01T07:15:29
-5.226037,4.336602,2023-01-01T07:15:30
-5.226037,4.336602,2023-01-01T07:15:31
-5.226037,4.336602,2023-01-01T07:15:32
-5.337230,4.336602,2023-01-01T07:15:33
-5.337230,4.336602,2023-01-01T07:15:34
-5.337230,4.336602,2023-01-01T07:15:35
-5.337230,4.336602,2023-01-01T07:15:36
-5.337230,4.336602,2023-01-01T07:15:37
-5.337230,4.336602,2023-01-01T07:15:38
-5.337230,4.336602,2023-01-01T07:15:39
-5.337230,4.336602,2023-01-01T07:15:40
-5.337230,4.336602,2023-01-01T07:15:41
-5.337230,4.336602,2023-01-01T07:15:42
-5.337230,4.336602,2023-01-01T07:15:43
-5.337230,4.336602,2023-01-01T07:15:44
-5.337230,4.447797,2023-01-01T07:15:45
-5.337230,4.447797,2023-01-01T07:15:46
-5.337230,4.447797,2023-01-01T07:15:47
-5.337230,4.447797,2023-01-01T07:15:48
-5.337230,4.447797,2023-01-01T07:15:49
-5.337230,4.447797,2023-01-01T07:15:50
-5.337230,4.447797,2023-01-01T07:15:51
-5.337230,4.447797,2023-01-01T07:15:52
-5.337230,4.447797,2023-01-01T07:15:53
-5.337230,4.447797,2023-01-01T07:15:54
-5.337230,4.447797,2023-01-01T07:15:55
-5.337230,4.447797,2023-01-01T07:15:56
-5.337230,4.558992,2023-01-01T07:15:57
-5.337230,4.558992,2023-01-01T07:15:58
-5.337230,4.558992,2023-01-01T07:15:59
-5.337230,4.558992,2023-01-01T07:16:00
-5.337230,4.558992,2023-01-01T07:16:01
-5.337230,4.558992,2023-01-01T07:16:02
-5.337230,4.558992,2023-01-01T07:16:03
-5.448422,4.558992,2023-01-01T07:16:04
-5.448422,4.558992,2023-01-01T07:16:05
-5.448422,4.558992,2023-01-01T07:16:06
-5.448422,4.558992,2023-01-01T07:16:07
-5.448422,4.558992,2023-01-01T07:16:08
-5.448422,4.558992,2023-01-01T07:16:09
-5.448422,4.558992,2023-01-01T07:16:10
-5.448422,4.558992,2023-01-01T07:16:11
-5.448422,4.670187,2023-01-01T07:16:12
-5.448422,4.670187,2023-01-01T07:16:13
-5.448422,4.670187,2023-01-01T07:16:14
-5.448422,4.670187,2023-01-01T07:16:15
-5.448422,4.670187,2023-01-01T07:16:16
-5.448422,4.670187,2023-01-01T07:16:17
-5.448422,4.670187,2023-01-01T07:16:18
-5.448422,4.670187,2023-01-01T07:16:19
-5.448422,4.670187,2023-01-01T07:16:20
-5.448422,4.670187,2023-01-01T07:16:21
-5.448422,4.670187,2023-01-01T07:16:22
-5.448422,4.670187,2023-01-01T07:16:23
-5.448422,4.670187,2023-01-01T07:16:24
-5.448422,4.670187,2023-01-01T07:16:25
-5.448422,4.670187,2023-01-01T07:16:26
-5.448422,4.670187,2023-01-01T07:16:27
-5.448422,4.670187,2023-01-01T07:16:28
-5.448422,4.670187,2023-01-01T07:16:29
-5.448422,4.670187,2023-01-01T07:16:30
-5.448422,4.781382,2023-01-01T07:16:31
-5.448422,4.781382,2023-01-01T07:16:32
-5.448422,4.781382,2023-01-01T07:16:33
-5.559614,4.781382,2023-01-01T07:16:34
-5.559614,4.781382,2023-01-01T07:16:35
-5.559614,4.781382,2023-01-01T07:16:36
-5.559614,4.781382,2023-01-01T07:16:37
-5.559614,4.781382,2023-01-01T07:16:38
-5.559614,4.781382,2023-01-01T07:16:39
-5.559614,4.781382,2023-01-01T07:16:40
-5.559614,4.781382,2023-01-01T07:16:41
-5.559614,4.781382,2023-01-01T07:16:42
-5.559614,4.781382,2023-01-01T07:16:43
-5.559614,4.670187,2023-01-01T07:16:44
-5.559614,4.670187,2023-01-01T07:16:45
-5.559614,4.670187,2023-01-01T07:16:46
-5.670806,4.670187,2023-01-01T07:16:47
-5.670806,4.670187,2023-01-01T07:16:48
-5.670806,4.670187,2023-01-01T07:16:49
-5.670806,4.670187,2023-01-01T07:16:50
-5.670806,4.670187,2023-01-01T07:16:51
-5.670806,4.670187,2023-01-01T07:16:52
-5.670806,4.670187,2023-01-01T07:16:53
-5.670806,4.670187,2023-01-01T07:16:54
-5.670806,4.670187,2023-01-01T07:16:55
-5.781999,4.670187,2023-01-01T07:16:56
-5.781999,4.670187,2023-01-01T07:16:57
-5.781999,4.670187,2023-01-01T07:16:58
-5.781999,4.670187,2023-01-01T07:16:59
-5.781999,4.670187,2023-01-01T07:17:00
-5.781999,4.558992,2023-01-01T07:17:01
-5.781999,4.558992,2023-01-01T07:17:02
-5.893191,4.558992,2023-01-01T07:17:03
-5.893191,4.558992,2023-01-01T07:17:04
-5.893191,4.558992,2023-01-01T07:17:05
-5.893191,4.558992,2023-01-01T07:17:06
-5.893191,4.558992,2023-01-01T07:17:07
-6.004383,4.558992,2023-01-01T07:17:08
-6.004383,4.447797,2023-01-01T07:17:09
-6.004383,4.447797,2023-01-01T07:17:10
-6.004383,4.447797,2023-01-01T07:17:11
-6.004383,4.447797,2023-01-01T07:17:12
-6.004383,4.447797,2023-01-01T07:17:13
-6.004383,4.447797,2023-01-01T07:17:14
-6.004383,4.447797,2023-01-01T07:17:15
-6.115576,4.447797,2023-01-01T07:17:16
-6.115576,4.447797,2023-01-01T07:17:17
-6.115576,4.447797,2023-01-01T07:17:18
-6.115576,4.447797,2023-01-01T07:17:19
-6.115576,4.447797,2023-01-01T07:17:20
-6.115576,4.447797,2023-01-01T07:17:21
-6.115576,4.447797,2023-01-01T07:17:22
-6.115576,4.447797,2023-01-01T07:17:23
-6.115576,4.447797,2023-01-01T07:17:24
-6.115576,4.447797,2023-01-01T07:17:25
-6.115576,4.447797,2023-01-01T07:17:26
-6.115576,4.447797,2023-01-01T07:17:27
-6.115576,4.447797,2023-01-01T07:17:28
-6.115576,4.447797,2023-01-01T07:17:29
-6.115576,4.447797,2023-01-01T07:17:30
-6.115576,4.447797,2023-01-01T07:17:31
-6.115576,4.447797,2023-01-01T07:17:32
-6.115576,4.447797,2023-01-01T07:17:33
-6.115576,4.447797,2023-01-01T07:17:34
-6.115576,4.447797,2023-01-01T07:17:35
-6.115576,4.447797,2023-01-01T07:17:36
-6.115576,4.558992,2023-01-01T07:17:37
-6.115576,4.558992,2023-01-01T07:17:38
-6.115576,4.558992,2023-01-01T07:17:39
-6.115576,4.558992,2023-01-01T07:17:40
-6.115576,4.558992,2023-01-01T07:17:41
-6.115576,4.558992,2023-01-01T07:17:42
-6.115576,4.558992,2023-01-01T07:17:43
-6.115576,4.558992,2023-01-01T07:17:44
-6.115576,4.558992,2023-01-01T07:17:45
-6.115576,4.558992,2023-01-01T07:17:46
-6.115576,4.558992,2023-01-01T07:17:47
-6.115576,4.558992,2023-01-01T07:17:48
-6.115576,4.558992,2023-01-01T07:17:49
-6.115576,4.558992,2023-01-01T07:17:50
-6.115576,4.558992,2023-01-01T07:17:51
-6.115576,4.558992,2023-01-01T07:17:52
-6.115576,4.558992,2023-01-01T07:17:53
-6.004383,4.558992,2023-01-01T07:17:54
-6.004383,4.558992,2023-01-01T07:17:55
-6.004383,4.558992,2023-01-01T07:17:56
-6.004383,4.558992,2023-01-01T07:17:57
-6.004383,4.558992,2023-01-01T07:17:58
-6.004383,4.558992,2023-01-01T07:17:59
-6.004383,4.558992,2023-01-01T07:18:00
-6.004383,4.558992,2023-01-01T07:18:01
-6.004383,4.558992,2023-01-01T07:18:02
-6.004383,4.558992,2023-01-01T07:18:03
-6.004383,4.558992,2023-01-01T07:18:04
-6.004383,4.558992,2023-01-01T07:18:05
-6.004383,4.558992,2023-01-01T07:18:06
-6.004383,4.558992,2023-01-01T07:18:07
-6.004383,4.558992,2023-01-01T07:18:08
-6.004383,4.558992,2023-01-01T07:18:09
-6.004383,4.558992,2023-01-01T07:18:10
-6.004383,4.558992,2023-01-01T07:18:11
-6.004383,4.558992,2023-01-01T07:18:12
-6.004383,4.447797,2023-01-01T07:18:13
-6.004383,4.447797,2023-01-01T07:18:14
-6.004383,4.447797,2023-01-01T07:18:15
-6.004383,4.447797,2023-01-01T07:18:16
-6.004383,4.447797,2023-01-01T07:18:17
-6.004383,4.447797,2023-01-01T07:18:18
-6.004383,4.447797,2023-01-01T07:18:19
-6.004383,4.447797,2023-01-01T07:18:20
-6.004383,4.447797,2023-01-01T07:18:21
-6.004383,4.447797,2023-01-01T07:18:22
-6.004383,4.447797,2023-01-01T07:18:23
-6.004383,4.447797,2023-01-01T07:18:24
-6.004383,4.447797,2023-01-01T07:18:25
-6.004383,4.447797,2023-01-01T07:18:26
-6.004383,4.447797,2023-01-01T07:18:27
-6.004383,4.447797,2023-01-01T07:18:28
-6.004383,4.447797,2023-01-01T07:18:29
-6.115576,4.447797,2023-01-01T07:18:30
-6.115576,4.447797,2023-01-01T07:18:31
-6.115576,4.447797,2023-01-01T07:18:32
-6.115576,4.447797,2023-01-01T07:18:33
-6.115576,4.447797,2023-01-01T07:18:34
-6.115576,4.447797,2023-01-01T07:18:35
-6.115576,4.336602,2023-01-01T07:18:36
-6.115576,4.336602,2023-01-01T07:18:37
-6.115576,4.336602,2023-01-01T07:18:38
-6.115576,4.336602,2023-01-01T07:18:39
-6.115576,4.336602,2023-01-01T07:18:40
-6.226768,4.336602,2023-01-01T07:18:41
-6.226768,4.336602,2023-01-01T07:18:42
-6.226768,4.336602,2023-01-01T07:18:43
-6.226768,4.336602,2023-01-01T07:18:44
-6.226768,4.336602,2023-01-01T07:18:45
-6.226768,4.336602,2023-01-01T07:18:46
-6.226768,4.336602,2023-01-01T07:18:47
-6.226768,4.336602,2023-01-01T07:18:48
-6.226768,4.336602,2023-01-01T07:18:49
-6.226768,4.336602,2023-01-01T07:18:50
-6.226768,4.336602,2023-01-01T07:18:51
-6.337960,4.336602,2023-01-01T07:18:52
-6.337960,4.336602,2023-01-01T07:18:53
-6.337960,4.336602,2023-01-01T07:18:54
-6.337960,4.336602,2023-01-01T07:18:55
-6.337960,4.336602,2023-01-01T07:18:56
-6.449152,4.336602,2023-01-01T07:18:57
-6.449152,4.336602,2023-01-01T07:18:58
-6.449152,4.336602,2023-01-01T07:18:59
-6.449152,4.225407,2023-01-01T07:19:00
-6.449152,4.225407,2023-01-01T07:19:01
-6.560345,4.225407,2023-01-01T07:19:02
-6.560345,4.225407,2023-01-01T07:19:03
-6.560345,4.225407,2023-01-01T07:19:04
-6.560345,4.225407,2023-01-01T07:19:05
-6.671537,4.225407,2023-01-01T07:19:06
-6.671537,4.225407,2023-01-01T07:19:07
-6.671537,4.225407,2023-01-01T07:19:08
-6.671537,4.225407,2023-01-01T07:19:09
-6.782729,4.225407,2023-01-01T07:19:10
-6.782729,4.225407,2023-01-01T07:19:11
-6.782729,4.225407,2023-01-01T07:19:12
-6.782729,4.114212,2023-01-01T07:19:13
-6.782729,4.114212,2023-01-01T07:19:14
-6.782729,4.225407,2023-01-01T07:19:15
-6.893922,4.225407,2023-01-01T07:19:16
-6.893922,4.225407,2023-01-01T07:19:17
-6.893922,4.225407,2023-01-01T07:19:18
-6.893922,4.225407,2023-01-01T07:19:19
-6.893922,4.225407,2023-01-01T07:19:20
-6.893922,4.225407,2023-01-01T07:19:21
-6.893922,4.225407,2023-01-01T07:19:22
-6.893922,4.225407,2023-01-01T07:19:23
-6.893922,4.225407,2023-01-01T07:19:24
-6.893922,4.225407,2023-01-01T07:19:25
-7.005114,4.225407,2023-01-01T07:19:26
-7.005114,4.336602,2023-01-01T07:19:27
-7.005114,4.336602,2023-01-01T07:19:28
-7.005114,4.336602,2023-01-01T07:19:29
-7.005114,4.336602,2023-01-01T07:19:30
-7.005114,4.336602,2023-01-01T07:19:31
-7.005114,4.336602,2023-01-01T07:19:32
-7.005114,4.336602,2023-01-01T07:19:33
-7.005114,4.336602,2023-01-01T07:19:34
-7.005114,4.447797,2023-01-01T07:19:35
-7.005114,4.447797,2023-01-01T07:19:36
-7.005114,4.447797,2023-01-01T07:19:37
-7.005114,4.447797,2023-01-01T07:19:38
-7.005114,4.447797,2023-01-01T07:19:39
-7.005114,4.558992,2023-01-01T07:19:40
-7.005114,4.558992,2023-01-01T07:19:41
-7.005114,4.558992,2023-01-01T07:19:42
-7.005114,4.558992,2023-01-01T07:19:43
-7.005114,4.670187,2023-01-01T07:19:44
-7.005114,4.670187,2023-01-01T07:19:45
-7.116306,4.670187,2023-01-01T07:19:46
-7.116306,4.670187,2023-01-01T07:19:47
-7.116306,4.670187,2023-01-01T07:19:48
-7.116306,4.781382,2023-01-01T07:19:49
-7.116306,4.781382,2023-01-01T07:19:50
-7.116306,4.781382,2023-01-01T07:19:51
-7.116306,4.781382,2023-01-01T07:19:52
-7.116306,4.781382,2023-01-01T07:19:53
-7.116306,4.781382,2023-01-01T07:19:54
-7.116306,4.781382,2023-01-01T07:19:55
-7.116306,4.892577,2023-01-01T07:19:56
-7.116306,4.892577,2023-01-01T07:19:57
-7.116306,4.892577,2023-01-01T07:19:58
-7.116306,4.892577,2023-01-01T07:19:59
-7.116306,4.892577,2023-01-01T07:20:00
-7.116306,4.892577,2023-01-01T07:20:01
-7.116306,5.003772,2023-01-01T07:20:02
-7.116306,5.003772,2023-01-01T07:20:03
-7.116306,5.003772,2023-01-01T07:20:04
-7.116306,5.003772,2023-01-01T07:20:05
-7.116306,5.003772,2023-01-01T07:20:06
-7.116306,5.114967,2023-01-01T07:20:07
-7.116306,5.114967,2023-01-01T07:20:08
-7.116306,5.114967,2023-01-01T07:20:09
-7.116306,5.114967,2023-01-01T07:20:10
-7.116306,5.114967,2023-01-01T07:20:11
-7.116306,5.226162,2023-01-01T07:20:12
-7.116306,5.226162,2023-01-01T07:20:13
-7.116306,5.226162,2023-01-01T07:20:14
-7.116306,5.337356,2023-01-01T07:20:15
-7.005114,5.337356,2023-01-01T07:20:16
-7.005114,5.337356,2023-01-01T07:20:17
-7.005114,5.448551,2023-01-01T07:20:18
-7.005114,5.448551,2023-01-01T07:20:19
-7.005114,5.448551,2023-01-01T07:20:20
-7.005114,5.559746,2023-01-01T07:20:21
-7.005114,5.559746,2023-01-01T07:20:22
-6.893922,5.559746,2023-01-01T07:20:23
-6.893922,5.670941,2023-01-01T07:20:24
-6.893922,5.670941,2023-01-01T07:20:25
-6.893922,5.782136,2023-01-01T07:20:26
-6.893922,5.782136,2023-01-01T07:20:27
-6.782729,5.782136,2023-01-01T07:20:28
-6.782729,5.893331,2023-01-01T07:20:29
-6.782729,5.893331,2023-01-01T07:20:30
-6.782729,5.893331,2023-01-01T07:20:31
-6.782729,6.004526,2023-01-01T07:20:32
-6.782729,6.004526,2023-01-01T07:20:33
-6.671537,6.004526,2023-01-01T07:20:34
-6.671537,6.115721,2023-01-01T07:20:35
-6.671537,6.115721,2023-01-01T07:20:36
-6.671537,6.115721,2023-01-01T07:20:37
-6.671537,6.226916,2023-01-01T07:20:38
-6.560345,6.226916,2023-01-01T07:20:39
-6.560345,6.226916,2023-01-01T07:20:40
-6.560345,6.338111,2023-01-01T07:20:41
-6.560345,6.338111,2023-01-01T07:20:42
-6.560345,6.338111,2023-01-01T07:20:43
-6.560345,6.449306,2023-01-01T07:20:44
-6.560345,6.449306,2023-01-01T07:20:45
-6.449152,6.449306,2023-01-01T07:20:46
-6.449152,6.449306,2023-01-01T07:20:47
-6.449152,6.560501,2023-01-01T07:20:48
-6.449152,6.560501,2023-01-01T07:20:49
-6.449152,6.560501,2023-01-01T07:20:50
-6.449152,6.671696,2023-01-01T07:20:51
-6.449152,6.671696,2023-01-01T07:20:52
-6.449152,6.671696,2023-01-01T07:20:53
-6.449152,6.671696,2023-01-01T07:20:54
-6.337960,6.782891,2023-01-01T07:20:55
-6.337960,6.782891,2023-01-01T07:20:56
-6.337960,6.782891,2023-01-01T07:20:57
-6.337960,6.782891,2023-01-01T07:20:58
-6.337960,6.894085,2023-01-01T07:20:59
-6.337960,6.894085,2023-01-01T07:21:00
-6.337960,6.894085,2023-01-01T07:21:01
-6.337960,6.894085,2023-01-01T07:21:02
-6.337960,7.005280,2023-01-01T07:21:03
-6.226768,7.005280,2023-01-01T07:21:04
-6.226768,7.005280,2023-01-01T07:21:05
-6.226768,7.005280,2023-01-01T07:21:06
-6.226768,7.005280,2023-01-01T07:21:07
-6.226768,7.116475,2023-01-01T07:21:08
-6.226768,7.116475,2023-01-01T07:21:09
-6.226768,7.116475,2023-01-01T07:21:10
-6.226768,7.116475,2023-01-01T07:21:11
-6.226768,7.227670,2023-01-01T07:21:12
-6.226768,7.227670,2023-01-01T07:21:13
-6.115576,7.227670,2023-01-01T07:21:14
-6.115576,7.227670,2023-01-01T07:21:15
-6.115576,7.227670,2023-01-01T07:21:16
-6.115576,7.338865,2023-01-01T07:21:17
-6.115576,7.338865,2023-01-01T07:21:18
-6.115576,7.338865,2023-01-01T07:21:19
-6.115576,7.338865,2023-01-01T07:21:20
-6.115576,7.338865,2023-01-01T07:21:21
-6.115576,7.338865,2023-01-01T07:21:22
-6.115576,7.450060,2023-01-01T07:21:23
-6.115576,7.450060,2023-01-01T07:21:24
-6.115576,7.450060,2023-01-01T07:21:25
-6.115576,7.450060,2023-01-01T07:21:26
-6.115576,7.450060,2023-01-01T07:21:27
-6.004383,7.450060,2023-01-01T07:21:28
-6.004383,7.561255,2023-01-01T07:21:29
-6.004383,7.561255,2023-01-01T07:21:30
-6.004383,7.561255,2023-01-01T07:21:31
-6.004383,7.561255,2023-01-01T07:21:32
-6.004383,7.561255,2023-01-01T07:21:33
-6.004383,7.561255,2023-01-01T07:21:34
-6.004383,7.561255,2023-01-01T07:21:35
-6.004383,7.561255,2023-01-01T07:21:36
-6.004383,7.672450,2023-01-01T07:21:37
-6.004383,7.672450,2023-01-01T07:21:38
-6.004383,7.672450,2023-01-01T07:21:39
-6.004383,7.672450,2023-01-01T07:21:40
-6.004383,7.672450,2023-01-01T07:21:41
-6.004383,7.672450,2023-01-01T07:21:42
-6.004383,7.672450,2023-01-01T07:21:43
-6.004383,7.672450,2023-01-01T07:21:44
-6.004383,7.672450,2023-01-01T07:21:45
-6.004383,7.672450,2023-01-01T07:21:46
-6.004383,7.672450,2023-01-01T07:21:47
-6.004383,7.783645,2023-01-01T07:21:48
-6.004383,7.783645,2023-01-01T07:21:49
-5.893191,7.783645,2023-01-01T07:21:50
-5.893191,7.783645,2023-01-01T07:21:51
-5.893191,7.783645,2023-01-01T07:21:52
-5.893191,7.783645,2023-01-01T07:21:53
-5.893191,7.783645,2023-01-01T07:21:54
-5.893191,7.783645,2023-01-01T07:21:55
-5.893191,7.783645,2023-01-01T07:21:56
-5.893191,7.894840,2023-01-01T07:21:57
-5.893191,7.894840,2023-01-01T07:21:58
-5.893191,7.894840,2023-01-01T07:21:59
-5.893191,7.894840,2023-01-01T07:22:00
-6.004383,7.894840,2023-01-01T07:22:01
-6.004383,7.894840,2023-01-01T07:22:02
-6.004383,7.894840,2023-01-01T07:22:03
-6.004383,7.894840,2023-01-01T07:22:04
-6.004383,7.894840,2023-01-01T07:22:05
-6.004383,7.894840,2023-01-01T07:22:06
-6.004383,8.006035,2023-01-01T07:22:07
-6.004383,8.006035,2023-01-01T07:22:08
-6.004383,8.006035,2023-01-01T07:22:09
-6.004383,8.006035,2023-01-01T07:22:10
-6.004383,8.006035,2023-01-01T07:22:11
-6.004383,8.006035,2023-01-01T07:22:12
-6.115576,8.006035,2023-01-01T07:22:13
-6.004383,8.006035,2023-01-01T07:22:14
-6.004383,8.006035,2023-01-01T07:22:15
-6.004383,8.006035,2023-01-01T07:22:16
-6.004383,8.006035,2023-01-01T07:22:17
-6.004383,8.117230,2023-01-01T07:22:18
-6.004383,8.117230,2023-01-01T07:22:19
-6.004383,8.117230,2023-01-01T07:22:20
-6.004383,8.117230,2023-01-01T07:22:21
-6.004383,8.117230,2023-01-01T07:22:22
-6.004383,8.117230,2023-01-01T07:22:23
-6.004383,8.117230,2023-01-01T07:22:24
-6.004383,8.117230,2023-01-01T07:22:25
-6.004383,8.117230,2023-01-01T07:22:26
-6.004383,8.117230,2023-01-01T07:22:27
-6.115576,8.117230,2023-01-01T07:22:28
-6.115576,8.228425,2023-01-01T07:22:29
-6.115576,8.228425,2023-01-01T07:22:30
-6.115576,8.228425,2023-01-01T07:22:31
-6.115576,8.228425,2023-01-01T07:22:32
-6.115576,8.228425,2023-01-01T07:22:33
-6.115576,8.228425,2023-01-01T07:22:34
-6.115576,8.228425,2023-01-01T07:22:35
-6.115576,8.228425,2023-01-01T07:22:36
-6.115576,8.228425,2023-01-01T07:22:37
-6.115576,8.228425,2023-01-01T07:22:38
-6.115576,8.228425,2023-01-01T07:22:39
-6.226768,8.228425,2023-01-01T07:22:40
-6.226768,8.228425,2023-01-01T07:22:41
-6.226768,8.228425,2023-01-01T07:22:42
-6.226768,8.228425,2023-01-01T07:22:43
-6.226768,8.228425,2023-01-01T07:22:44
-6.226768,8.228425,2023-01-01T07:22:45
-6.226768,8.339619,2023-01-01T07:22:46
-6.226768,8.339619,2023-01-01T07:22:47
-6.226768,8.339619,2023-01-01T07:22:48
-6.226768,8.339619,2023-01-01T07:22:49
-6.115576,8.339619,2023-01-01T07:22:50
-6.115576,8.339619,2023-01-01T07:22:51
-6.115576,8.450814,2023-01-01T07:22:52
-6.115576,8.450814,2023-01-01T07:22:53
-6.115576,8.450814,2023-01-01T07:22:54
-6.115576,8.450814,2023-01-01T07:22:55
-6.115576,8.450814,2023-01-01T07:22:56
-6.115576,8.450814,2023-01-01T07:22:57
-6.115576,8.450814,2023-01-01T07:22:58
-6.115576,8.450814,2023-01-01T07:22:59
-6.115576,8.450814,2023-01-01T07:23:00
-6.115576,8.450814,2023-01-01T07:23:01
-6.115576,8.562009,2023-01-01T07:23:02
-6.115576,8.562009,2023-01-01T07:23:03
-6.115576,8.562009,2023-01-01T07:23:04
-6.115576,8.562009,2023-01-01T07:23:05
-6.115576,8.562009,2023-01-01T07:23:06
-6.115576,8.562009,2023-01-01T07:23:07
-6.115576,8.562009,2023-01-01T07:23:08
-6.226768,8.562009,2023-01-01T07:23:09
-6.226768,8.562009,2023-01-01T07:23:10
-6.226768,8.562009,2023-01-01T07:23:11
-6.226768,8.562009,2023-01-01T07:23:12
-6.226768,8.562009,2023-01-01T07:23:13
-6.226768,8.562009,2023-01-01T07:23:14
-6.226768,8.562009,2023-01-01T07:23:15
-6.115576,8.673204,2023-01-01T07:23:16
-6.115576,8.673204,2023-01-01T07:23:17
-6.115576,8.673204,2023-01-01T07:23:18
-6.115576,8.673204,2023-01-01T07:23:19
-6.115576,8.673204,2023-01-01T07:23:20
-6.115576,8.673204,2023-01-01T07:23:21
-6.004383,8.673204,2023-01-01T07:23:22
-6.004383,8.784399,2023-01-01T07:23:23
-6.004383,8.784399,2023-01-01T07:23:24
-6.004383,8.784399,2023-01-01T07:23:25
-6.004383,8.784399,2023-01-01T07:23:26
-6.004383,8.784399,2023-01-01T07:23:27
-6.004383,8.784399,2023-01-01T07:23:28
-6.004383,8.784399,2023-01-01T07:23:29
-6.004383,8.784399,2023-01-01T07:23:30
-6.004383,8.784399,2023-01-01T07:23:31
-6.004383,8.895594,2023-01-01T07:23:32
-6.004383,8.895594,2023-01-01T07:23:33
-5.893191,8.895594,2023-01-01T07:23:34
-5.893191,8.895594,2023-01-01T07:23:35
-5.893191,8.895594,2023-01-01T07:23:36
-5.893191,8.895594,2023-01-01T07:23:37
-5.893191,8.895594,2023-01-01T07:23:38
-5.893191,8.895594,2023-01-01T07:23:39
-5.893191,8.895594,2023-01-01T07:23:40
-5.893191,8.895594,2023-01-01T07:23:41
-5.893191,8.895594,2023-01-01T07:23:42
-5.893191,9.006789,2023-01-01T07:23:43
-5.893191,9.006789,2023-01-01T07:23:44
-5.893191,9.006789,2023-01-01T07:23:45
-5.781999,9.006789,2023-01-01T07:23:46
-5.781999,9.006789,2023-01-01T07:23:47
-5.781999,9.006789,2023-01-01T07:23:48
-5.781999,9.117984,2023-01-01T07:23:49
-5.781999,9.117984,2023-01-01T07:23:50
-5.781999,9.117984,2023-01-01T07:23:51
-5.670806,9.117984,2023-01-01T07:23:52
-5.670806,9.117984,2023-01-01T07:23:53
-5.670806,9.117984,2023-01-01T07:23:54
-5.670806,9.117984,2023-01-01T07:23:55
-5.670806,9.229179,2023-01-01T07:23:56
-5.670806,9.229179,2023-01-01T07:23:57
-5.670806,9.229179,2023-01-01T07:23:58
-5.559614,9.229179,2023-01-01T07:23:59
-5.559614,9.229179,2023-01-01T07:24:00
-5.559614,9.229179,2023-01-01T07:24:01
-5.559614,9.229179,2023-01-01T07:24:02
-5.559614,9.229179,2023-01-01T07:24:03
-5.559614,9.340374,2023-01-01T07:24:04
-5.559614,9.340374,2023-01-01T07:24:05
-5.559614,9.340374,2023-01-01T07:24:06
-5.448422,9.340374,2023-01-01T07:24:07
-5.448422,9.340374,2023-01-01T07:24:08
-5.448422,9.340374,2023-01-01T07:24:09
-5.448422,9.340374,2023-01-01T07:24:10
-5.448422,9.340374,2023-01-01T07:24:11
-5.448422,9.340374,2023-01-01T07:24:12
-5.448422,9.451569,2023-01-01T07:24:13
-5.337230,9.451569,2023-01-01T07:24:14
-5.337230,9.451569,2023-01-01T07:24:15
-5.337230,9.451569,2023-01-01T07:24:16
-5.337230,9.451569,2023-01-01T07:24:17
-5.226037,9.562764,2023-01-01T07:24:18
-5.226037,9.562764,2023-01-01T07:24:19
-5.226037,9.562764,2023-01-01T07:24:20
-5.226037,9.562764,2023-01-01T07:24:21
-5.226037,9.562764,2023-01-01T07:24:22
-5.114845,9.562764,2023-01-01T07:24:23
-5.114845,9.673959,2023-01-01T07:24:24
-5.114845,9.673959,2023-01-01T07:24:25
-5.114845,9.673959,2023-01-01T07:24:26
-5.114845,9.673959,2023-01-01T07:24:27
-5.003653,9.673959,2023-01-01T07:24:28
-5.003653,9.673959,2023-01-01T07:24:29
-5.003653,9.673959,2023-01-01T07:24:30
-5.003653,9.785154,2023-01-01T07:24:31
-5.003653,9.785154,2023-01-01T07:24:32
-4.892460,9.785154,2023-01-01T07:24:33
-4.892460,9.785154,2023-01-01T07:24:34
-4.892460,9.785154,2023-01-01T07:24:35
-4.892460,9.785154,2023-01-01T07:24:36
-4.892460,9.785154,2023-01-01T07:24:37
-4.781268,9.785154,2023-01-01T07:24:38
-4.781268,9.785154,2023-01-01T07:24:39
-4.781268,9.896348,2023-01-01T07:24:40
-4.781268,9.896348,2023-01-01T07:24:41
-4.781268,9.896348,2023-01-01T07:24:42
-4.781268,9.896348,2023-01-01T07:24:43
-4.670076,9.896348,2023-01-01T07:24:44
-4.670076,9.896348,2023-01-01T07:24:45
-4.670076,9.896348,2023-01-01T07:24:46
-4.670076,9.896348,2023-01-01T07:24:47
-4.670076,10.007543,2023-01-01T07:24:48
-4.670076,10.007543,2023-01-01T07:24:49
-4.558884,10.007543,2023-01-01T07:24:50
-4.558884,10.007543,2023-01-01T07:24:51
-4.558884,10.007543,2023-01-01T07:24:52
-4.558884,10.007543,2023-01-01T07:24:53
-4.558884,10.007543,2023-01-01T07:24:54
-4.447691,10.007543,2023-01-01T07:24:55
-4.447691,10.007543,2023-01-01T07:24:56
-4.447691,10.007543,2023-01-01T07:24:57
-4.447691,10.007543,2023-01-01T07:24:58
-4.447691,10.007543,2023-01-01T07:24:59
-4.336499,10.007543,2023-01-01T07:25:00
-4.336499,10.007543,2023-01-01T07:25:01
-4.336499,10.007543,2023-01-01T07:25:02
-4.336499,10.007543,2023-01-01T07:25:03
-4.336499,10.007543,2023-01-01T07:25:04
-4.225307,10.007543,2023-01-01T07:25:05
-4.225307,10.007543,2023-01-01T07:25:06
-4.225307,10.007543,2023-01-01T07:25:07
-4.225307,10.007543,2023-01-01T07:25:08
-4.225307,10.007543,2023-01-01T07:25:09
-4.114114,10.007543,2023-01-01T07:25:10
-4.114114,10.007543,2023-01-01T07:25:11
-4.114114,10.007543,2023-01-01T07:25:12
-4.114114,10.007543,2023-01-01T07:25:13
-4.114114,10.007543,2023-01-01T07:25:14
-4.002922,10.007543,2023-01-01T07:25:15
-4.002922,10.007543,2023-01-01T07:25:16
-4.002922,9.896348,2023-01-01T07:25:17
-4.002922,9.896348,2023-01-01T07:25:18
-4.002922,9.896348,2023-01-01T07:25:19
-4.002922,9.896348,2023-01-01T07:25:20
-4.002922,9.896348,2023-01-01T07:25:21
-3.891730,9.896348,2023-01-01T07:25:22
-3.891730,9.896348,2023-01-01T07:25:23
-3.891730,9.896348,2023-01-01T07:25:24
-3.891730,9.896348,2023-01-01T07:25:25
-3.891730,9.896348,2023-01-01T07:25:26
-3.891730,9.896348,2023-01-01T07:25:27
-3.891730,9.896348,2023-01-01T07:25:28
-3.891730,9.896348,2023-01-01T07:25:29
-3.780538,9.896348,2023-01-01T07:25:30
-3.780538,9.896348,2023-01-01T07:25:31
-3.780538,9.896348,2023-01-01T07:25:32
-3.780538,9.785154,2023-01-01T07:25:33
-3.780538,9.785154,2023-01-01T07:25:34
-3.780538,9.785154,2023-01-01T07:25:35
-3.780538,9.785154,2023-01-01T07:25:36
-3.669345,9.785154,2023-01-01T07:25:37
-3.669345,9.785154,2023-01-01T07:25:38
-3.669345,9.785154,2023-01-01T07:25:39
-3.669345,9.785154,2023-01-01T07:25:40
-3.669345,9.785154,2023-01-01T07:25:41
-3.669345,9.785154,2023-01-01T07:25:42
-3.669345,9.785154,2023-01-01T07:25:43
-3.669345,9.785154,2023-01-01T07:25:44
-3.669345,9.785154,2023-01-01T07:25:45
-3.669345,9.896348,2023-01-01T07:25:46
-3.669345,9.896348,2023-01-01T07:25:47
-3.669345,9.896348,2023-01-01T07:25:48
-3.669345,9.896348,2023-01-01T07:25:49
-3.669345,9.896348,2023-01-01T07:25:50
-3.669345,9.896348,2023-01-01T07:25:51
-3.669345,9.896348,2023-01-01T07:25:52
-3.669345,9.896348,2023-01-01T07:25:53
-3.669345,9.896348,2023-01-01T07:25:54
-3.669345,9.896348,2023-01-01T07:25:55
-3.669345,10.007543,2023-01-01T07:25:56
-3.669345,10.007543,2023-01-01T07:25:57
-3.669345,10.007543,2023-01-01T07:25:58
-3.669345,10.007543,2023-01-01T07:25:59
-3.669345,10.007543,2023-01-01T07:26:00
-3.669345,10.007543,2023-01-01T07:26:01
-3.558153,10.007543,2023-01-01T07:26:02
-3.558153,10.007543,2023-01-01T07:26:03
-3.558153,10.007543,2023-01-01T07:26:04
-3.558153,10.118738,2023-01-01T07:26:05
-3.558153,10.118738,2023-01-01T07:26:06
-3.558153,10.118738,2023-01-01T07:26:07
-3.558153,10.118738,2023-01-01T07:26:08
-3.558153,10.118738,2023-01-01T07:26:09
-3.558153,10.118738,2023-01-01T07:26:10
-3.558153,10.118738,2023-01-01T07:26:11
-3.558153,10.118738,2023-01-01T07:26:12
-3.558153,10.118738,2023-01-01T07:26:13
-3.558153,10.118738,2023-01-01T07:26:14
-3.558153,10.229933,2023-01-01T07:26:15
-3.558153,10.229933,2023-01-01T07:26:16
-3.558153,10.229933,2023-01-01T07:26:17
-3.558153,10.229933,2023-01-01T07:26:18
-3.558153,10.229933,2023-01-01T07:26:19
-3.558153,10.229933,2023-01-01T07:26:20
-3.558153,10.229933,2023-01-01T07:26:21
-3.558153,10.229933,2023-01-01T07:26:22
-3.558153,10.229933,2023-01-01T07:26:23
-3.558153,10.341128,2023-01-01T07:26:24
-3.558153,10.341128,2023-01-01T07:26:25
-3.558153,10.341128,2023-01-01T07:26:26
-3.558153,10.341128,2023-01-01T07:26:27
-3.558153,10.341128,2023-01-01T07:26:28
-3.558153,10.341128,2023-01-01T07:26:29
-3.669345,10.341128,2023-01-01T07:26:30
-3.669345,10.341128,2023-01-01T07:26:31
-3.669345,10.341128,2023-01-01T07:26:32
-3.669345,10.452323,2023-01-01T07:26:33
-3.669345,10.452323,2023-01-01T07:26:34
-3.669345,10.452323,2023-01-01T07:26:35
-3.669345,10.452323,2023-01-01T07:26:36
-3.669345,10.452323,2023-01-01T07:26:37
-3.669345,10.452323,2023-01-01T07:26:38
-3.669345,10.452323,2023-01-01T07:26:39
-3.669345,10.452323,2023-01-01T07:26:40
-3.669345,10.452323,2023-01-01T07:26:41
-3.669345,10.452323,2023-01-01T07:26:42
-3.669345,10.563518,2023-01-01T07:26:43
-3.669345,10.563518,2023-01-01T07:26:44
-3.669345,10.563518,2023-01-01T07:26:45
-3.669345,10.563518,2023-01-01T07:26:46
-3.669345,10.563518,2023-01-01T07:26:47
-3.669345,10.563518,2023-01-01T07:26:48
-3.780538,10.563518,2023-01-01T07:26:49
-3.780538,10.563518,2023-01-01T07:26:50
-3.780538,10.563518,2023-01-01T07:26:51
-3.780538,10.563518,2023-01-01T07:26:52
-3.780538,10.563518,2023-01-01T07:26:53
-3.780538,10.563518,2023-01-01T07:26:54
-3.780538,10.563518,2023-01-01T07:26:55
-3.780538,10.563518,2023-01-01T07:26:56
-3.780538,10.563518,2023-01-01T07:26:57
-3.780538,10.563518,2023-01-01T07:26:58
-3.780538,10.563518,2023-01-01T07:26:59
-3.780538,10.563518,2023-01-01T07:27:00
-3.780538,10.563518,2023-01-01T07:27:01
-3.780538,10.563518,2023-01-01T07:27:02
-3.891730,10.674713,2023-01-01T07:27:03
-3.891730,10.674713,2023-01-01T07:27:04
-3.891730,10.674713,2023-01-01T07:27:05
-3.891730,10.674713,2023-01-01T07:27:06
-3.891730,10.674713,2023-01-01T07:27:07
-3.891730,10.674713,2023-01-01T07:27:08
-3.891730,10.674713,2023-01-01T07:27:09
-3.891730,10.674713,2023-01-01T07:27:10
-3.891730,10.674713,2023-01-01T07:27:11
-4.002922,10.674713,2023-01-01T07:27:12
-4.002922,10.674713,2023-01-01T07:27:13
-4.002922,10.674713,2023-01-01T07:27:14
-4.002922,10.674713,2023-01-01T07:27:15
-4.002922,10.674713,2023-01-01T07:27:16
-4.002922,10.674713,2023-01-01T07:27:17
-4.002922,10.674713,2023-01-01T07:27:18
-4.002922,10.674713,2023-01-01T07:27:19
-4.002922,10.674713,2023-01-01T07:27:20
-4.002922,10.674713,2023-01-01T07:27:21
-4.002922,10.674713,2023-01-01T07:27:22
-4.002922,10.674713,2023-01-01T07:27:23
-4.002922,10.674713,2023-01-01T07:27:24
-4.002922,10.674713,2023-01-01T07:27:25
-4.002922,10.674713,2023-01-01T07:27:26
-4.002922,10.563518,2023-01-01T07:27:27
-4.002922,10.563518,2023-01-01T07:27:28
-4.002922,10.563518,2023-01-01T07:27:29
-4.002922,10.563518,2023-01-01T07:27:30
-4.002922,10.563518,2023-01-01T07:27:31
-4.002922,10.563518,2023-01-01T07:27:32
-4.002922,10.563518,2023-01-01T07:27:33
-4.002922,10.563518,2023-01-01T07:27:34
-4.002922,10.563518,2023-01-01T07:27:35
-4.002922,10.563518,2023-01-01T07:27:36
-4.002922,10.563518,2023-01-01T07:27:37
-4.002922,10.563518,2023-01-01T07:27:38
-4.002922,10.563518,2023-01-01T07:27:39
-4.002922,10.452323,2023-01-01T07:27:40
-4.002922,10.452323,2023-01-01T07:27:41
-4.114114,10.452323,2023-01-01T07:27:42
-4.002922,10.452323,2023-01-01T07:27:43
-4.002922,10.452323,2023-01-01T07:27:44
-4.002922,10.452323,2023-01-01T07:27:45
-4.002922,10.452323,2023-01-01T07:27:46
-4.002922,10.452323,2023-01-01T07:27:47
-4.002922,10.452323,2023-01-01T07:27:48
-4.002922,10.452323,2023-01-01T07:27:49
-4.002922,10.452323,2023-01-01T07:27:50
-4.002922,10.452323,2023-01-01T07:27:51
-4.002922,10.452323,2023-01-01T07:27:52
-4.002922,10.452323,2023-01-01T07:27:53
-4.002922,10.452323,2023-01-01T07:27:54
-4.002922,10.452323,2023-01-01T07:27:55
-4.002922,10.341128,2023-01-01T07:27:56
-4.002922,10.341128,2023-01-01T07:27:57
-4.002922,10.341128,2023-01-01T07:27:58
-4.002922,10.341128,2023-01-01T07:27:59
-4.002922,10.341128,2023-01-01T07:28:00
-4.002922,10.341128,2023-01-01T07:28:01
-4.002922,10.341128,2023-01-01T07:28:02
-4.002922,10.341128,2023-01-01T07:28:03
-4.002922,10.341128,2023-01-01T07:28:04
-4.002922,10.341128,2023-01-01T07:28:05
-4.002922,10.341128,2023-01-01T07:28:06
-4.002922,10.341128,2023-01-01T07:28:07
-4.002922,10.341128,2023-01-01T07:28:08
-4.002922,10.341128,2023-01-01T07:28:09
-4.002922,10.341128,2023-01-01T07:28:10
-4.002922,10.341128,2023-01-01T07:28:11
-4.002922,10.341128,2023-01-01T07:28:12
-4.002922,10.341128,2023-01-01T07:28:13
-4.002922,10.341128,2023-01-01T07:28:14
-4.002922,10.341128,2023-01-01T07:28:15
-4.002922,10.341128,2023-01-01T07:28:16
-4.002922,10.341128,2023-01-01T07:28:17
-4.002922,10.341128,2023-01-01T07:28:18
-4.002922,10.341128,2023-01-01T07:28:19
-4.002922,10.341128,2023-01-01T07:28:20
-4.002922,10.452323,2023-01-01T07:28:21
-4.002922,10.452323,2023-01-01T07:28:22
-4.002922,10.452323,2023-01-01T07:28:23
-4.002922,10.452323,2023-01-01T07:28:24
-4.002922,10.452323,2023-01-01T07:28:25
-4.002922,10.452323,2023-01-01T07:28:26
-4.002922,10.452323,2023-01-01T07:28:27
-4.002922,10.452323,2023-01-01T07:28:28
-4.002922,10.452323,2023-01-01T07:28:29
-4.002922,10.452323,2023-01-01T07:28:30
-4.002922,10.452323,2023-01-01T07:28:31
-4.002922,10.452323,2023-01-01T07:28:32
-4.002922,10.452323,2023-01-01T07:28:33
-4.002922,10.452323,2023-01-01T07:28:34
-4.002922,10.452323,2023-01-01T07:28:35
-4.002922,10.452323,2023-01-01T07:28:36
-4.002922,10.452323,2023-01-01T07:28:37
-4.114114,10.452323,2023-01-01T07:28:38
-4.114114,10.452323,2023-01-01T07:28:39
-4.114114,10.452323,2023-01-01T07:28:40
-4.114114,10.452323,2023-01-01T07:28:41
-4.114114,10.452323,2023-01-01T07:28:42
-4.114114,10.452323,2023-01-01T07:28:43
-4.114114,10.452323,2023-01-01T07:28:44
-4.114114,10.452323,2023-01-01T07:28:45
-4.114114,10.452323,2023-01-01T07:28:46
-4.114114,10.452323,2023-01-01T07:28:47
-4.114114,10.452323,2023-01-01T07:28:48
-4.114114,10.452323,2023-01-01T07:28:49
-4.002922,10.452323,2023-01-01T07:28:50
-4.002922,10.452323,2023-01-01T07:28:51
-4.002922,10.452323,2023-01-01T07:28:52
-4.002922,10.452323,2023-01-01T07:28:53
-4.002922,10.452323,2023-01-01T07:28:54
-4.002922,10.452323,2023-01-01T07:28:55
-4.002922,10.452323,2023-01-01T07:28:56
-4.002922,10.452323,2023-01-01T07:28:57
-4.002922,10.452323,2023-01-01T07:28:58
-4.002922,10.452323,2023-01-01T07:28:59
-4.002922,10.452323,2023-01-01T07:29:00
-4.002922,10.452323,2023-01-01T07:29:01
-4.114114,10.452323,2023-01-01T07:29:02
-4.114114,10.452323,2023-01-01T07:29:03
-4.114114,10.452323,2023-01-01T07:29:04
-4.114114,10.452323,2023-01-01T07:29:05
-4.114114,10.452323,2023-01-01T07:29:06
-4.114114,10.452323,2023-01-01T07:29:07
-4.114114,10.452323,2023-01-01T07:29:08
-4.114114,10.452323,2023-01-01T07:29:09
-4.114114,10.341128,2023-01-01T07:29:10
-4.114114,10.341128,2023-01-01T07:29:11
-4.114114,10.341128,2023-01-01T07:29:12
-4.114114,10.341128,2023-01-01T07:29:13
-4.114114,10.341128,2023-01-01T07:29:14
-4.225307,10.341128,2023-01-01T07:29:15
-4.225307,10.341128,2023-01-01T07:29:16
-4.225307,10.341128,2023-01-01T07:29:17
-4.225307,10.341128,2023-01-01T07:29:18
-4.225307,10.341128,2023-01-01T07:29:19
-4.225307,10.341128,2023-01-01T07:29:20
-4.225307,10.341128,2023-01-01T07:29:21
-4.225307,10.341128,2023-01-01T07:29:22
-4.225307,10.341128,2023-01-01T07:29:23
-4.336499,10.229933,2023-01-01T07:29:24
-4.336499,10.229933,2023-01-01T07:29:25
-4.336499,10.229933,2023-01-01T07:29:26
-4.336499,10.229933,2023-01-01T07:29:27
-4.336499,10.229933,2023-01-01T07:29:28
-4.447691,10.229933,2023-01-01T07:29:29
-4.447691,10.118738,2023-01-01T07:29:30
-4.447691,10.118738,2023-01-01T07:29:31
-4.447691,10.118738,2023-01-01T07:29:32
-4.558884,10.118738,2023-01-01T07:29:33
-4.558884,10.118738,2023-01-01T07:29:34
-4.558884,10.007543,2023-01-01T07:29:35
-4.670076,10.007543,2023-01-01T07:29:36
-4.670076,10.007543,2023-01-01T07:29:37
-4.670076,10.007543,2023-01-01T07:29:38
-4.781268,9.896348,2023-01-01T07:29:39
-4.781268,9.896348,2023-01-01T07:29:40
-4.781268,9.896348,2023-01-01T07:29:41
-4.892460,9.785154,2023-01-01T07:29:42
-4.892460,9.785154,2023-01-01T07:29:43
-4.892460,9.785154,2023-01-01T07:29:44
-4.892460,9.785154,2023-01-01T07:29:45
-4.892460,9.785154,2023-01-01T07:29:46
-4.892460,9.785154,2023-01-01T07:29:47
-4.892460,9.785154,2023-01-01T07:29:48
-5.003653,9.785154,2023-01-01T07:29:49
-5.003653,9.673959,2023-01-01T07:29:50
-5.003653,9.673959,2023-01-01T07:29:51
-5.003653,9.673959,2023-01-01T07:29:52
-5.003653,9.673959,2023-01-01T07:29:53
-5.003653,9.673959,2023-01-01T07:29:54
-5.114845,9.562764,2023-01-01T07:29:55
-5.114845,9.562764,2023-01-01T07:29:56
-5.114845,9.562764,2023-01-01T07:29:57
-5.114845,9.562764,2023-01-01T07:29:58
-5.226037,9.562764,2023-01-01T07:29:59
-5.226037,9.451569,2023-01-01T07:30:00
-5.226037,9.451569,2023-01-01T07:30:01
-5.337230,9.451569,2023-01-01T07:30:02
-5.337230,9.451569,2023-01-01T07:30:03
-5.337230,9.340374,2023-01-01T07:30:04
-5.337230,9.340374,2023-01-01T07:30:05
-5.448422,9.340374,2023-01-01T07:30:06
-5.448422,9.340374,2023-01-01T07:30:07
-5.448422,9.340374,2023-01-01T07:30:08
-5.559614,9.229179,2023-01-01T07:30:09
-5.559614,9.229179,2023-01-01T07:30:10
-5.559614,9.229179,2023-01-01T07:30:11
-5.670806,9.229179,2023-01-01T07:30:12
-5.670806,9.117984,2023-01-01T07:30:13
-5.670806,9.117984,2023-01-01T07:30:14
-5.670806,9.117984,2023-01-01T07:30:15
-5.670806,9.117984,2023-01-01T07:30:16
-5.670806,9.117984,2023-01-01T07:30:17
-5.670806,9.117984,2023-01-01T07:30:18
-5.670806,9.117984,2023-01-01T07:30:19
-5.670806,9.117984,2023-01-01T07:30:20
-5.781999,9.117984,2023-01-01T07:30:21
-5.781999,9.117984,2023-01-01T07:30:22
-5.781999,9.117984,2023-01-01T07:30:23
-5.781999,9.117984,2023-01-01T07:30:24
-5.781999,9.117984,2023-01-01T07:30:25
-5.781999,9.117984,2023-01-01T07:30:26
-5.781999,9.117984,2023-01-01T07:30:27
-5.781999,9.006789,2023-01-01T07:30:28
-5.893191,9.006789,2023-01-01T07:30:29
-5.893191,9.006789,2023-01-01T07:30:30
-5.893191,9.006789,2023-01-01T07:30:31
-5.893191,9.006789,2023-01-01T07:30:32
-5.893191,9.006789,2023-01-01T07:30:33
-5.893191,9.006789,2023-01-01T07:30:34
-6.004383,9.006789,2023-01-01T07:30:35
-6.004383,9.006789,2023-01-01T07:30:36
-6.004383,9.006789,2023-01-01T07:30:37
-6.004383,9.006789,2023-01-01T07:30:38
-6.004383,8.895594,2023-01-01T07:30:39
-6.004383,8.895594,2023-01-01T07:30:40
-6.115576,8.895594,2023-01-01T07:30:41
-6.115576,8.895594,2023-01-01T07:30:42
-6.004383,8.895594,2023-01-01T07:30:43
-6.004383,8.895594,2023-01-01T07:30:44
-6.004383,8.895594,2023-01-01T07:30:45
-6.004383,9.006789,2023-01-01T07:30:46
-6.004383,9.006789,2023-01-01T07:30:47
-5.893191,9.006789,2023-01-01T07:30:48
-5.893191,9.006789,2023-01-01T07:30:49
-5.893191,9.006789,2023-01-01T07:30:50
-5.893191,9.006789,2023-01-01T07:30:51
-5.893191,9.006789,2023-01-01T07:30:52
-5.893191,9.006789,2023-01-01T07:30:53
-5.781999,9.006789,2023-01-01T07:30:54
-5.781999,9.117984,2023-01-01T07:30:55
-5.781999,9.117984,2023-01-01T07:30:56
-5.781999,9.117984,2023-01-01T07:30:57
-5.781999,9.117984,2023-01-01T07:30:58
-5.781999,9.117984,2023-01-01T07:30:59
-5.781999,9.117984,2023-01-01T07:31:00
-5.670806,9.117984,2023-01-01T07:31:01
-5.670806,9.117984,2023-01-01T07:31:02
-5.670806,9.117984,2023-01-01T07:31:03
-5.670806,9.117984,2023-01-01T07:31:04
-5.670806,9.117984,2023-01-01T07:31:05
-5.670806,9.229179,2023-01-01T07:31:06
-5.670806,9.229179,2023-01-01T07:31:07
-5.670806,9.229179,2023-01-01T07:31:08
-5.670806,9.229179,2023-01-01T07:31:09
-5.559614,9.229179,2023-01-01T07:31:10
-5.559614,9.229179,2023-01-01T07:31:11
-5.559614,9.229179,2023-01-01T07:31:12
-5.559614,9.229179,2023-01-01T07:31:13
-5.448422,9.340374,2023-01-01T07:31:14
-5.448422,9.340374,2023-01-01T07:31:15
-5.448422,9.340374,2023-01-01T07:31:16
-5.337230,9.340374,2023-01-01T07:31:17
-5.337230,9.340374,2023-01-01T07:31:18
-5.226037,9.451569,2023-01-01T07:31:19
-5.226037,9.451569,2023-01-01T07:31:20
-5.226037,9.451569,2023-01-01T07:31:21
-5.114845,9.451569,2023-01-01T07:31:22
-5.114845,9.451569,2023-01-01T07:31:23
-5.114845,9.562764,2023-01-01T07:31:24
-5.003653,9.562764,2023-01-01T07:31:25
-5.003653,9.562764,2023-01-01T07:31:26
-5.003653,9.562764,2023-01-01T07:31:27
-4.892460,9.562764,2023-01-01T07:31:28
-4.892460,9.562764,2023-01-01T07:31:29
-4.892460,9.562764,2023-01-01T07:31:30
-4.781268,9.673959,2023-01-01T07:31:31
-4.781268,9.673959,2023-01-01T07:31:32
-4.781268,9.673959,2023-01-01T07:31:33
-4.781268,9.673959,2023-01-01T07:31:34
-4.670076,9.673959,2023-01-01T07:31:35
-4.670076,9.673959,2023-01-01T07:31:36
-4.670076,9.673959,2023-01-01T07:31:37
-4.558884,9.785154,2023-01-01T07:31:38
-4.558884,9.785154,2023-01-01T07:31:39
-4.558884,9.785154,2023-01-01T07:31:40
-4.558884,9.785154,2023-01-01T07:31:41
-4.447691,9.785154,2023-01-01T07:31:42
-4.447691,9.785154,2023-01-01T07:31:43
-4.447691,9.896348,2023-01-01T07:31:44
-4.336499,9.896348,2023-01-01T07:31:45
-4.336499,9.896348,2023-01-01T07:31:46
-4.225307,9.896348,2023-01-01T07:31:47
-4.225307,9.896348,2023-01-01T07:31:48
-4.225307,10.007543,2023-01-01T07:31:49
-4.114114,10.007543,2023-01-01T07:31:50
-4.114114,10.007543,2023-01-01T07:31:51
-4.114114,10.007543,2023-01-01T07:31:52
-4.002922,10.007543,2023-01-01T07:31:53
-4.002922,10.118738,2023-01-01T07:31:54
-4.002922,10.118738,2023-01-01T07:31:55
-3.891730,10.118738,2023-01-01T07:31:56
-3.891730,10.118738,2023-01-01T07:31:57
-3.891730,10.118738,2023-01-01T07:31:58
-3.780538,10.229933,2023-01-01T07:31:59
-3.780538,10.229933,2023-01-01T07:32:00
-3.780538,10.229933,2023-01-01T07:32:01
-3.669345,10.229933,2023-01-01T07:32:02
-3.669345,10.229933,2023-01-01T07:32:03
-3.669345,10.229933,2023-01-01T07:32:04
-3.558153,10.341128,2023-01-01T07:32:05
-3.558153,10.341128,2023-01-01T07:32:06
-3.558153,10.341128,2023-01-01T07:32:07
-3.446961,10.341128,2023-01-01T07:32:08
-3.446961,10.341128,2023-01-01T07:32:09
-3.446961,10.341128,2023-01-01T07:32:10
-3.335768,10.452323,2023-01-01T07:32:11
-3.335768,10.452323,2023-01-01T07:32:12
-3.335768,10.452323,2023-01-01T07:32:13
-3.224576,10.452323,2023-01-01T07:32:14
-3.224576,10.452323,2023-01-01T07:32:15
-3.224576,10.563518,2023-01-01T07:32:16
-3.113384,10.563518,2023-01-01T07:32:17
-3.113384,10.563518,2023-01-01T07:32:18
-3.113384,10.563518,2023-01-01T07:32:19
-3.002192,10.563518,2023-01-01T07:32:20
-3.002192,10.674713,2023-01-01T07:32:21
-3.002192,10.674713,2023-01-01T07:32:22
-3.002192,10.674713,2023-01-01T07:32:23
-2.890999,10.674713,2023-01-01T07:32:24
-2.890999,10.785908,2023-01-01T07:32:25
-2.890999,10.785908,2023-01-01T07:32:26
-2.779807,10.785908,2023-01-01T07:32:27
-2.779807,10.785908,2023-01-01T07:32:28
-2.779807,10.785908,2023-01-01T07:32:29
-2.668615,10.897103,2023-01-01T07:32:30
-2.668615,10.897103,2023-01-01T07:32:31
-2.668615,10.897103,2023-01-01T07:32:32
-2.557423,10.897103,2023-01-01T07:32:33
-2.557423,10.897103,2023-01-01T07:32:34
-2.557423,11.008298,2023-01-01T07:32:35
-2.557423,11.008298,2023-01-01T07:32:36
-2.446230,11.008298,2023-01-01T07:32:37
-2.446230,11.008298,2023-01-01T07:32:38
-2.446230,11.119493,2023-01-01T07:32:39
-2.335038,11.119493,2023-01-01T07:32:40
-2.335038,11.119493,2023-01-01T07:32:41
-2.335038,11.119493,2023-01-01T07:32:42
-2.223846,11.119493,2023-01-01T07:32:43
-2.223846,11.230688,2023-01-01T07:32:44
-2.223846,11.230688,2023-01-01T07:32:45
-2.112653,11.230688,2023-01-01T07:32:46
-2.112653,11.230688,2023-01-01T07:32:47
-2.112653,11.341883,2023-01-01T07:32:48
-2.001461,11.341883,2023-01-01T07:32:49
-2.001461,11.341883,2023-01-01T07:32:50
-2.001461,11.341883,2023-01-01T07:32:51
-1.890269,11.453077,2023-01-01T07:32:52
-1.890269,11.453077,2023-01-01T07:32:53
-1.890269,11.453077,2023-01-01T07:32:54
-1.779077,11.564272,2023-01-01T07:32:55
-1.779077,11.564272,2023-01-01T07:32:56
-1.779077,11.564272,2023-01-01T07:32:57
-1.667884,11.564272,2023-01-01T07:32:58
-1.667884,11.675467,2023-01-01T07:32:59
-1.667884,11.675467,2023-01-01T07:33:00
-1.556692,11.675467,2023-01-01T07:33:01
-1.556692,11.675467,2023-01-01T07:33:02
-1.556692,11.786662,2023-01-01T07:33:03
-1.556692,11.786662,2023-01-01T07:33:04
-1.445500,11.786662,2023-01-01T07:33:05
-1.445500,11.786662,2023-01-01T07:33:06
-1.445500,11.897857,2023-01-01T07:33:07
-1.334307,11.897857,2023-01-01T07:33:08
-1.334307,11.897857,2023-01-01T07:33:09
-1.334307,11.897857,2023-01-01T07:33:10
-1.334307,12.009052,2023-01-01T07:33:11
-1.223115,12.009052,2023-01-01T07:33:12
-1.223115,12.009052,2023-01-01T07:33:13
-1.223115,12.009052,2023-01-01T07:33:14
-1.223115,12.120247,2023-01-01T07:33:15
-1.111923,12.120247,2023-01-01T07:33:16
-1.111923,12.120247,2023-01-01T07:33:17
-1.111923,12.120247,2023-01-01T07:33:18
-1.111923,12.120247,2023-01-01T07:33:19
-1.000731,12.231442,2023-01-01T07:33:20
-1.000731,12.231442,2023-01-01T07:33:21
-1.000731,12.231442,2023-01-01T07:33:22
-1.000731,12.231442,2023-01-01T07:33:23
-0.889538,12.231442,2023-01-01T07:33:24
-0.889538,12.342637,2023-01-01T07:33:25
-0.889538,12.342637,2023-01-01T07:33:26
-0.889538,12.342637,2023-01-01T07:33:27
-0.778346,12.342637,2023-01-01T07:33:28
-0.778346,12.453832,2023-01-01T07:33:29
-0.778346,12.453832,2023-01-01T07:33:30
-0.778346,12.453832,2023-01-01T07:33:31
-0.667154,12.453832,2023-01-01T07:33:32
-0.667154,12.453832,2023-01-01T07:33:33
-0.667154,12.565027,2023-01-01T07:33:34
-0.667154,12.565027,2023-01-01T07:33:35
-0.667154,12.565027,2023-01-01T07:33:36
-0.555961,12.565027,2023-01-01T07:33:37
-0.555961,12.565027,2023-01-01T07:33:38
-0.555961,12.676222,2023-01-01T07:33:39
-0.555961,12.676222,2023-01-01T07:33:40
-0.444769,12.676222,2023-01-01T07:33:41
-0.444769,12.676222,2023-01-01T07:33:42
-0.444769,12.676222,2023-01-01T07:33:43
-0.444769,12.787417,2023-01-01T07:33:44
-0.444769,12.787417,2023-01-01T07:33:45
-0.444769,12.787417,2023-01-01T07:33:46
-0.444769,12.787417,2023-01-01T07:33:47
-0.444769,12.787417,2023-01-01T07:33:48
-0.444769,12.898611,2023-01-01T07:33:49
-0.444769,12.898611,2023-01-01T07:33:50
-0.444769,12.898611,2023-01-01T07:33:51
-0.333577,12.898611,2023-01-01T07:33:52
-0.333577,13.009806,2023-01-01T07:33:53
-0.333577,13.009806,2023-01-01T07:33:54
-0.333577,13.009806,2023-01-01T07:33:55
-0.333577,13.009806,2023-01-01T07:33:56
-0.333577,13.121001,2023-01-01T07:33:57
-0.333577,13.121001,2023-01-01T07:33:58
-0.333577,13.121001,2023-01-01T07:33:59
-0.333577,13.232196,2023-01-01T07:34:00
-0.333577,13.232196,2023-01-01T07:34:01
-0.333577,13.232196,2023-01-01T07:34:02
-0.333577,13.232196,2023-01-01T07:34:03
-0.333577,13.343391,2023-01-01T07:34:04
-0.333577,13.343391,2023-01-01T07:34:05
-0.333577,13.343391,2023-01-01T07:34:06
-0.333577,13.343391,2023-01-01T07:34:07
-0.333577,13.454586,2023-01-01T07:34:08
-0.222385,13.454586,2023-01-01T07:34:09
-0.222385,13.454586,2023-01-01T07:34:10
-0.222385,13.454586,2023-01-01T07:34:11
-0.222385,13.565781,2023-01-01T07:34:12
-0.222385,13.565781,2023-01-01T07:34:13
-0.222385,13.565781,2023-01-01T07:34:14
-0.222385,13.676976,2023-01-01T07:34:15
-0.222385,13.676976,2023-01-01T07:34:16
-0.222385,13.676976,2023-01-01T07:34:17
-0.222385,13.676976,2023-01-01T07:34:18
-0.222385,13.788171,2023-01-01T07:34:19
-0.111192,13.788171,2023-01-01T07:34:20
-0.111192,13.788171,2023-01-01T07:34:21
-0.111192,13.788171,2023-01-01T07:34:22
-0.111192,13.899366,2023-01-01T07:34:23
-0.111192,13.899366,2023-01-01T07:34:24
-0.111192,13.899366,2023-01-01T07:34:25
-0.111192,13.899366,2023-01-01T07:34:26
-0.111192,13.899366,2023-01-01T07:34:27
0.000000,14.010561,2023-01-01T07:34:28
0.000000,14.010561,2023-01-01T07:34:29
0.000000,14.010561,2023-01-01T07:34:30
0.000000,14.010561,2023-01-01T07:34:31
0.000000,14.010561,2023-01-01T07:34:32
0.000000,14.010561,2023-01-01T07:34:33
0.111192,14.010561,2023-01-01T07:34:34
0.111192,14.010561,2023-01-01T07:34:35
0.111192,13.899366,2023-01-01T07:34:36
0.111192,13.899366,2023-01-01T07:34:37
0.222385,13.899366,2023-01-01T07:34:38
0.222385,13.899366,2023-01-01T07:34:39
0.222385,13.899366,2023-01-01T07:34:40
0.333577,13.788171,2023-01-01T07:34:41
0.333577,13.788171,2023-01-01T07:34:42
0.333577,13.788171,2023-01-01T07:34:43
0.333577,13.676976,2023-01-01T07:34:44
0.444769,13.676976,2023-01-01T07:34:45
0.444769,13.676976,2023-01-01T07:34:46
0.444769,13.676976,2023-01-01T07:34:47
0.555961,13.676976,2023-01-01T07:34:48
0.555961,13.565781,2023-01-01T07:34:49
0.555961,13.565781,2023-01-01T07:34:50
0.555961,13.565781,2023-01-01T07:34:51
0.667154,13.565781,2023-01-01T07:34:52
0.667154,13.454586,2023-01-01T07:34:53
0.667154,13.454586,2023-01-01T07:34:54
0.778346,13.454586,2023-01-01T07:34:55
0.778346,13.343391,2023-01-01T07:34:56
0.778346,13.343391,2023-01-01T07:34:57
0.889538,13.343391,2023-01-01T07:34:58
0.889538,13.232196,2023-01-01T07:34:59
0.889538,13.232196,2023-01-01T07:35:00
1.000731,13.121001,2023-01-01T07:35:01
1.000731,13.121001,2023-01-01T07:35:02
1.000731,13.121001,2023-01-01T07:35:03
1.111923,13.009806,2023-01-01T07:35:04
1.111923,13.009806,2023-01-01T07:35:05
1.111923,12.898611,2023-01-01T07:35:06
1.223115,12.898611,2023-01-01T07:35:07
1.223115,12.898611,2023-01-01T07:35:08
1.223115,12.787417,2023-01-01T07:35:09
1.334307,12.676222,2023-01-01T07:35:10
1.334307,12.676222,2023-01-01T07:35:11
1.445500,12.565027,2023-01-01T07:35:12
1.445500,12.565027,2023-01-01T07:35:13
1.445500,12.676222,2023-01-01T07:35:14
1.445500,12.676222,2023-01-01T07:35:15
1.445500,12.676222,2023-01-01T07:35:16
1.445500,12.676222,2023-01-01T07:35:17
1.445500,12.676222,2023-01-01T07:35:18
1.445500,12.676222,2023-01-01T07:35:19
1.556692,12.676222,2023-01-01T07:35:20
1.556692,12.676222,2023-01-01T07:35:21
1.556692,12.676222,2023-01-01T07:35:22
1.556692,12.676222,2023-01-01T07:35:23
1.556692,12.676222,2023-01-01T07:35:24
1.556692,12.676222,2023-01-01T07:35:25
1.556692,12.676222,2023-01-01T07:35:26
1.556692,12.676222,2023-01-01T07:35:27
1.667884,12.676222,2023-01-01T07:35:28
1.667884,12.676222,2023-01-01T07:35:29
1.667884,12.676222,2023-01-01T07:35:30
1.667884,12.676222,2023-01-01T07:35:31
1.667884,12.676222,2023-01-01T07:35:32
1.667884,12.676222,2023-01-01T07:35:33
1.667884,12.676222,2023-01-01T07:35:34
1.667884,12.676222,2023-01-01T07:35:35
1.667884,12.676222,2023-01-01T07:35:36
1.667884,12.676222,2023-01-01T07:35:37
1.779077,12.676222,2023-01-01T07:35:38
1.779077,12.676222,2023-01-01T07:35:39
1.779077,12.676222,2023-01-01T07:35:40
1.779077,12.676222,2023-01-01T07:35:41
1.779077,12.676222,2023-01-01T07:35:42
1.779077,12.787417,2023-01-01T07:35:43
1.779077,12.787417,2023-01-01T07:35:44
1.667884,12.898611,2023-01-01T07:35:45
1.667884,12.898611,2023-01-01T07:35:46
1.667884,12.898611,2023-01-01T07:35:47
1.667884,13.009806,2023-01-01T07:35:48
1.667884,13.009806,2023-01-01T07:35:49
1.667884,13.121001,2023-01-01T07:35:50
1.667884,13.121001,2023-01-01T07:35:51
1.667884,13.121001,2023-01-01T07:35:52
1.667884,13.232196,2023-01-01T07:35:53
1.556692,13.232196,2023-01-01T07:35:54
1.556692,13.232196,2023-01-01T07:35:55
1.556692,13.343391,2023-01-01T07:35:56
1.556692,13.343391,2023-01-01T07:35:57
1.556692,13.343391,2023-01-01T07:35:58
1.556692,13.454586,2023-01-01T07:35:59
1.556692,13.454586,2023-01-01T07:36:00
1.556692,13.454586,2023-01-01T07:36:01
1.556692,13.565781,2023-01-01T07:36:02
1.556692,13.565781,2023-01-01T07:36:03
1.445500,13.565781,2023-01-01T07:36:04
1.445500,13.676976,2023-01-01T07:36:05
1.445500,13.676976,2023-01-01T07:36:06
1.445500,13.676976,2023-01-01T07:36:07
1.445500,13.676976,2023-01-01T07:36:08
1.445500,13.788171,2023-01-01T07:36:09
1.445500,13.788171,2023-01-01T07:36:10
1.445500,13.788171,2023-01-01T07:36:11
1.445500,13.788171,2023-01-01T07:36:12
1.445500,13.788171,2023-01-01T07:36:13
1.445500,13.788171,2023-01-01T07:36:14
1.445500,13.788171,2023-01-01T07:36:15
1.445500,13.788171,2023-01-01T07:36:16
1.445500,13.788171,2023-01-01T07:36:17
1.445500,13.788171,2023-01-01T07:36:18
1.445500,13.788171,2023-01-01T07:36:19
1.445500,13.788171,2023-01-01T07:36:20
1.445500,13.788171,2023-01-01T07:36:21
1.445500,13.676976,2023-01-01T07:36:22
1.445500,13.676976,2023-01-01T07:36:23
1.445500,13.676976,2023-01-01T07:36:24
1.556692,13.565781,2023-01-01T07:36:25
1.556692,13.565781,2023-01-01T07:36:26
1.556692,13.454586,2023-01-01T07:36:27
1.556692,13.454586,2023-01-01T07:36:28
1.667884,13.343391,2023-01-01T07:36:29
1.667884,13.343391,2023-01-01T07:36:30
1.667884,13.232196,2023-01-01T07:36:31
1.667884,13.121001,2023-01-01T07:36:32
1.779077,13.121001,2023-01-01T07:36:33
1.779077,13.009806,2023-01-01T07:36:34
1.890269,12.898611,2023-01-01T07:36:35
1.890269,12.787417,2023-01-01T07:36:36
1.890269,12.787417,2023-01-01T07:36:37
2.001461,12.676222,2023-01-01T07:36:38
2.001461,12.565027,2023-01-01T07:36:39
2.112653,12.453832,2023-01-01T07:36:40
2.112653,12.342637,2023-01-01T07:36:41
2.223846,12.231442,2023-01-01T07:36:42
2.223846,12.231442,2023-01-01T07:36:43
2.223846,12.231442,2023-01-01T07:36:44
2.223846,12.120247,2023-01-01T07:36:45
2.223846,12.120247,2023-01-01T07:36:46
2.223846,12.120247,2023-01-01T07:36:47
2.223846,12.120247,2023-01-01T07:36:48
2.223846,12.009052,2023-01-01T07:36:49
2.335038,12.009052,2023-01-01T07:36:50
2.335038,12.009052,2023-01-01T07:36:51
2.335038,11.897857,2023-01-01T07:36:52
2.335038,11.897857,2023-01-01T07:36:53
2.335038,11.897857,2023-01-01T07:36:54
2.446230,11.786662,2023-01-01T07:36:55
2.446230,11.786662,2023-01-01T07:36:56
2.446230,11.675467,2023-01-01T07:36:57
2.446230,11.675467,2023-01-01T07:36:58
2.446230,11.675467,2023-01-01T07:36:59
2.557423,11.564272,2023-01-01T07:37:00
2.557423,11.564272,2023-01-01T07:37:01
2.557423,11.453077,2023-01-01T07:37:02
2.557423,11.453077,2023-01-01T07:37:03
2.668615,11.341883,2023-01-01T07:37:04
2.668615,11.341883,2023-01-01T07:37:05
2.668615,11.230688,2023-01-01T07:37:06
2.779807,11.119493,2023-01-01T07:37:07
2.779807,11.119493,2023-01-01T07:37:08
2.779807,11.008298,2023-01-01T07:37:09
2.890999,11.008298,2023-01-01T07:37:10
2.890999,10.897103,2023-01-01T07:37:11
2.890999,10.897103,2023-01-01T07:37:12
2.890999,10.897103,2023-01-01T07:37:13
2.890999,11.008298,2023-01-01T07:37:14
2.779807,11.008298,2023-01-01T07:37:15
2.779807,11.119493,2023-01-01T07:37:16
2.779807,11.119493,2023-01-01T07:37:17
2.779807,11.230688,2023-01-01T07:37:18
2.779807,11.230688,2023-01-01T07:37:19
2.779807,11.230688,2023-01-01T07:37:20
2.779807,11.341883,2023-01-01T07:37:21
2.668615,11.341883,2023-01-01T07:37:22
2.668615,11.341883,2023-01-01T07:37:23
2.668615,11.341883,2023-01-01T07:37:24
2.668615,11.453077,2023-01-01T07:37:25
2.668615,11.453077,2023-01-01T07:37:26
2.668615,11.453077,2023-01-01T07:37:27
2.668615,11.453077,2023-01-01T07:37:28
2.668615,11.453077,2023-01-01T07:37:29
2.668615,11.453077,2023-01-01T07:37:30
2.668615,11.453077,2023-01-01T07:37:31
2.668615,11.453077,2023-01-01T07:37:32
2.668615,11.564272,2023-01-01T07:37:33
2.668615,11.564272,2023-01-01T07:37:34
2.668615,11.564272,2023-01-01T07:37:35
2.668615,11.564272,2023-01-01T07:37:36
2.668615,11.453077,2023-01-01T07:37:37
2.668615,11.453077,2023-01-01T07:37:38
2.668615,11.453077,2023-01-01T07:37:39
2.668615,11.453077,2023-01-01T07:37:40
2.668615,11.453077,2023-01-01T07:37:41
2.668615,11.453077,2023-01-01T07:37:42
2.668615,11.453077,2023-01-01T07:37:43
2.668615,11.564272,2023-01-01T07:37:44
2.668615,11.564272,2023-01-01T07:37:45
2.557423,11.675467,2023-01-01T07:37:46
2.557423,11.675467,2023-01-01T07:37:47
2.557423,11.786662,2023-01-01T07:37:48
2.557423,11.786662,2023-01-01T07:37:49
2.446230,11.897857,2023-01-01T07:37:50
2.446230,11.897857,2023-01-01T07:37:51
2.446230,12.009052,2023-01-01T07:37:52
2.446230,12.009052,2023-01-01T07:37:53
2.446230,12.009052,2023-01-01T07:37:54
2.335038,12.120247,2023-01-01T07:37:55
2.335038,12.120247,2023-01-01T07:37:56
2.335038,12.231442,2023-01-01T07:37:57
2.335038,12.231442,2023-01-01T07:37:58
2.335038,12.231442,2023-01-01T07:37:59
2.223846,12.342637,2023-01-01T07:38:00
2.223846,12.342637,2023-01-01T07:38:01
2.223846,12.453832,2023-01-01T07:38:02
2.223846,12.453832,2023-01-01T07:38:03
2.223846,12.453832,2023-01-01T07:38:04
2.223846,12.565027,2023-01-01T07:38:05
2.112653,12.565027,2023-01-01T07:38:06
2.112653,12.676222,2023-01-01T07:38:07
2.112653,12.676222,2023-01-01T07:38:08
2.112653,12.676222,2023-01-01T07:38:09
2.112653,12.787417,2023-01-01T07:38:10
2.112653,12.787417,2023-01-01T07:38:11
2.001461,12.787417,2023-01-01T07:38:12
2.001461,12.898611,2023-01-01T07:38:13
2.001461,13.009806,2023-01-01T07:38:14
1.890269,13.009806,2023-01-01T07:38:15
1.890269,13.121001,2023-01-01T07:38:16
1.890269,13.121001,2023-01-01T07:38:17
1.890269,13.232196,2023-01-01T07:38:18
1.779077,13.343391,2023-01-01T07:38:19
1.779077,13.343391,2023-01-01T07:38:20
1.779077,13.454586,2023-01-01T07:38:21
1.667884,13.454586,2023-01-01T07:38:22
1.667884,13.565781,2023-01-01T07:38:23
1.667884,13.565781,2023-01-01T07:38:24
1.667884,13.676976,2023-01-01T07:38:25
1.556692,13.676976,2023-01-01T07:38:26
1.556692,13.788171,2023-01-01T07:38:27
1.556692,13.788171,2023-01-01T07:38:28
1.556692,13.899366,2023-01-01T07:38:29
1.445500,13.899366,2023-01-01T07:38:30
1.445500,14.010561,2023-01-01T07:38:31
1.445500,14.010561,2023-01-01T07:38:32
1.445500,14.121756,2023-01-01T07:38:33
1.445500,14.121756,2023-01-01T07:38:34
1.334307,14.121756,2023-01-01T07:38:35
1.334307,14.232951,2023-01-01T07:38:36
1.334307,14.232951,2023-01-01T07:38:37
1.334307,14.344146,2023-01-01T07:38:38
1.223115,14.344146,2023-01-01T07:38:39
1.223115,14.344146,2023-01-01T07:38:40
1.223115,14.455340,2023-01-01T07:38:41
1.223115,14.455340,2023-01-01T07:38:42
1.223115,14.455340,2023-01-01T07:38:43
1.223115,14.566535,2023-01-01T07:38:44
1.223115,14.566535,2023-01-01T07:38:45
1.111923,14.566535,2023-01-01T07:38:46
1.111923,14.677730,2023-01-01T07:38:47
1.111923,14.677730,2023-01-01T07:38:48
1.111923,14.677730,2023-01-01T07:38:49
1.111923,14.788925,2023-01-01T07:38:50
1.111923,14.788925,2023-01-01T07:38:51
1.111923,14.788925,2023-01-01T07:38:52
1.111923,14.900120,2023-01-01T07:38:53
1.111923,14.900120,2023-01-01T07:38:54
1.000731,14.900120,2023-01-01T07:38:55
1.000731,14.900120,2023-01-01T07:38:56
1.000731,15.011315,2023-01-01T07:38:57
1.000731,15.011315,2023-01-01T07:38:58
1.000731,15.011315,2023-01-01T07:38:59
1.000731,15.011315,2023-01-01T07:39:00
1.000731,15.122510,2023-01-01T07:39:01
1.000731,15.122510,2023-01-01T07:39:02
1.000731,15.122510,2023-01-01T07:39:03
1.000731,15.122510,2023-01-01T07:39:04
1.000731,15.233705,2023-01-01T07:39:05
0.889538,15.233705,2023-01-01T07:39:06
0.889538,15.233705,2023-01-01T07:39:07
0.889538,15.233705,2023-01-01T07:39:08
0.889538,15.344900,2023-01-01T07:39:09
0.889538,15.344900,2023-01-01T07:39:10
0.889538,15.344900,2023-01-01T07:39:11
0.889538,15.344900,2023-01-01T07:39:12
0.889538,15.344900,2023-01-01T07:39:13
0.889538,15.456095,2023-01-01T07:39:14
0.889538,15.456095,2023-01-01T07:39:15
0.889538,15.456095,2023-01-01T07:39:16
0.889538,15.456095,2023-01-01T07:39:17
0.889538,15.456095,2023-01-01T07:39:18
0.889538,15.456095,2023-01-01T07:39:19
0.778346,15.567290,2023-01-01T07:39:20
0.778346,15.567290,2023-01-01T07:39:21
0.778346,15.567290,2023-01-01T07:39:22
0.778346,15.567290,2023-01-01T07:39:23
0.778346,15.567290,2023-01-01T07:39:24
0.778346,15.678485,2023-01-01T07:39:25
0.778346,15.678485,2023-01-01T07:39:26
0.778346,15.678485,2023-01-01T07:39:27
0.778346,15.678485,2023-01-01T07:39:28
0.778346,15.678485,2023-01-01T07:39:29
0.778346,15.678485,2023-01-01T07:39:30
0.778346,15.789680,2023-01-01T07:39:31
0.778346,15.789680,2023-01-01T07:39:32
0.778346,15.789680,2023-01-01T07:39:33
0.778346,15.789680,2023-01-01T07:39:34
0.778346,15.789680,2023-01-01T07:39:35
0.778346,15.789680,2023-01-01T07:39:36
0.667154,15.789680,2023-01-01T07:39:37
0.667154,15.900875,2023-01-01T07:39:38
0.667154,15.900875,2023-01-01T07:39:39
0.667154,15.900875,2023-01-01T07:39:40
0.667154,15.900875,2023-01-01T07:39:41
0.667154,15.900875,2023-01-01T07:39:42
0.667154,15.900875,2023-01-01T07:39:43
0.667154,15.900875,2023-01-01T07:39:44
0.667154,16.012069,2023-01-01T07:39:45
0.667154,16.012069,2023-01-01T07:39:46
0.667154,16.012069,2023-01-01T07:39:47
0.667154,16.012069,2023-01-01T07:39:48
0.667154,16.012069,2023-01-01T07:39:49
0.667154,16.012069,2023-01-01T07:39:50
0.667154,16.012069,2023-01-01T07:39:51
0.667154,16.012069,2023-01-01T07:39:52
0.667154,16.012069,2023-01-01T07:39:53
0.667154,16.012069,2023-01-01T07:39:54
0.667154,16.012069,2023-01-01T07:39:55
0.667154,16.012069,2023-01-01T07:39:56
0.667154,16.012069,2023-01-01T07:39:57
0.667154,16.012069,2023-01-01T07:39:58
0.667154,16.012069,2023-01-01T07:39:59
0.667154,16.012069,2023-01-01T07:40:00
0.667154,16.012069,2023-01-01T07:40:01
0.555961,16.012069,2023-01-01T07:40:02
0.555961,16.123264,2023-01-01T07:40:03
0.555961,16.123264,2023-01-01T07:40:04
0.555961,16.123264,2023-01-01T07:40:05
0.555961,16.123264,2023-01-01T07:40:06
0.555961,16.123264,2023-01-01T07:40:07
0.555961,16.123264,2023-01-01T07:40:08
0.555961,16.012069,2023-01-01T07:40:09
0.555961,16.012069,2023-01-01T07:40:10
0.555961,16.012069,2023-01-01T07:40:11
0.555961,16.012069,2023-01-01T07:40:12
0.555961,16.012069,2023-01-01T07:40:13
0.555961,16.012069,2023-01-01T07:40:14
0.444769,16.012069,2023-01-01T07:40:15
0.444769,16.012069,2023-01-01T07:40:16
0.444769,16.012069,2023-01-01T07:40:17
0.444769,16.012069,2023-01-01T07:40:18
0.444769,16.012069,2023-01-01T07:40:19
0.444769,16.012069,2023-01-01T07:40:20
0.444769,16.012069,2023-01-01T07:40:21
0.444769,15.900875,2023-01-01T07:40:22
0.333577,15.900875,2023-01-01T07:40:23
0.333577,15.900875,2023-01-01T07:40:24
0.333577,15.900875,2023-01-01T07:40:25
0.333577,15.900875,2023-01-01T07:40:26
0.333577,15.900875,2023-01-01T07:40:27
0.222385,15.789680,2023-01-01T07:40:28
0.222385,15.789680,2023-01-01T07:40:29
0.222385,15.789680,2023-01-01T07:40:30
0.222385,15.789680,2023-01-01T07:40:31
0.111192,15.789680,2023-01-01T07:40:32
0.111192,15.678485,2023-01-01T07:40:33
0.111192,15.678485,2023-01-01T07:40:34
0.000000,15.678485,2023-01-01T07:40:35
0.000000,15.567290,2023-01-01T07:40:36
0.000000,15.567290,2023-01-01T07:40:37
-0.111192,15.567290,2023-01-01T07:40:38
-0.111192,15.567290,2023-01-01T07:40:39
-0.222385,15.456095,2023-01-01T07:40:40
-0.222385,15.456095,2023-01-01T07:40:41
-0.333577,15.456095,2023-01-01T07:40:42
-0.333577,15.344900,2023-01-01T07:40:43
-0.333577,15.344900,2023-01-01T07:40:44
-0.333577,15.344900,2023-01-01T07:40:45
-0.333577,15.344900,2023-01-01T07:40:46
-0.444769,15.344900,2023-01-01T07:40:47
-0.444769,15.344900,2023-01-01T07:40:48
-0.444769,15.233705,2023-01-01T07:40:49
-0.444769,15.233705,2023-01-01T07:40:50
-0.555961,15.233705,2023-01-01T07:40:51
-0.555961,15.233705,2023-01-01T07:40:52
-0.555961,15.122510,2023-01-01T07:40:53
-0.667154,15.122510,2023-01-01T07:40:54
-0.667154,15.122510,2023-01-01T07:40:55
-0.667154,15.122510,2023-01-01T07:40:56
-0.778346,15.011315,2023-01-01T07:40:57
-0.778346,15.011315,2023-01-01T07:40:58
-0.778346,15.011315,2023-01-01T07:40:59
-0.889538,14.900120,2023-01-01T07:41:00
-0.889538,14.900120,2023-01-01T07:41:01
-1.000731,14.900120,2023-01-01T07:41:02
-1.000731,14.788925,2023-01-01T07:41:03
-1.000731,14.788925,2023-01-01T07:41:04
-1.111923,14.788925,2023-01-01T07:41:05
-1.111923,14.677730,2023-01-01T07:41:06
-1.223115,14.677730,2023-01-01T07:41:07
-1.223115,14.677730,2023-01-01T07:41:08
-1.223115,14.677730,2023-01-01T07:41:09
-1.334307,14.566535,2023-01-01T07:41:10
-1.334307,14.566535,2023-01-01T07:41:11
-1.334307,14.566535,2023-01-01T07:41:12
-1.334307,14.566535,2023-01-01T07:41:13
-1.334307,14.566535,2023-01-01T07:41:14
-1.334307,14.566535,2023-01-01T07:41:15
-1.334307,14.566535,2023-01-01T07:41:16
-1.334307,14.566535,2023-01-01T07:41:17
-1.334307,14.566535,2023-01-01T07:41:18
-1.334307,14.566535,2023-01-01T07:41:19
-1.334307,14.566535,2023-01-01T07:41:20
-1.334307,14.566535,2023-01-01T07:41:21
-1.334307,14.566535,2023-01-01T07:41:22
-1.334307,14.566535,2023-01-01T07:41:23
-1.334307,14.566535,2023-01-01T07:41:24
-1.334307,14.566535,2023-01-01T07:41:25
-1.334307,14.566535,2023-01-01T07:41:26
-1.334307,14.566535,2023-01-01T07:41:27
-1.334307,14.566535,2023-01-01T07:41:28
-1.223115,14.566535,2023-01-01T07:41:29
-1.223115,14.566535,2023-01-01T07:41:30
-1.223115,14.677730,2023-01-01T07:41:31
-1.223115,14.677730,2023-01-01T07:41:32
-1.111923,14.677730,2023-01-01T07:41:33
-1.111923,14.677730,2023-01-01T07:41:34
-1.111923,14.677730,2023-01-01T07:41:35
-1.111923,14.677730,2023-01-01T07:41:36
-1.000731,14.677730,2023-01-01T07:41:37
-1.000731,14.677730,2023-01-01T07:41:38
-1.000731,14.677730,2023-01-01T07:41:39
-0.889538,14.677730,2023-01-01T07:41:40
-0.889538,14.677730,2023-01-01T07:41:41
-0.889538,14.677730,2023-01-01T07:41:42
-0.778346,14.788925,2023-01-01T07:41:43
-0.778346,14.788925,2023-01-01T07:41:44
-0.667154,14.788925,2023-01-01T07:41:45
-0.667154,14.788925,2023-01-01T07:41:46
-0.555961,14.900120,2023-01-01T07:41:47
-0.555961,14.900120,2023-01-01T07:41:48
-0.555961,14.900120,2023-01-01T07:41:49
-0.444769,14.900120,2023-01-01T07:41:50
-0.444769,15.011315,2023-01-01T07:41:51
-0.333577,15.011315,2023-01-01T07:41:52
-0.333577,15.011315,2023-01-01T07:41:53
-0.333577,15.011315,2023-01-01T07:41:54
-0.222385,15.122510,2023-01-01T07:41:55
-0.222385,15.122510,2023-01-01T07:41:56
-0.222385,15.122510,2023-01-01T07:41:57
-0.111192,15.122510,2023-01-01T07:41:58
-0.111192,15.233705,2023-01-01T07:41:59
0.000000,15.233705,2023-01-01T07:42:00
0.000000,15.233705,2023-01-01T07:42:01
0.000000,15.233705,2023-01-01T07:42:02
0.111192,15.233705,2023-01-01T07:42:03
0.111192,15.344900,2023-01-01T07:42:04
0.111192,15.344900,2023-01-01T07:42:05
0.222385,15.344900,2023-01-01T07:42:06
0.222385,15.344900,2023-01-01T07:42:07
0.222385,15.456095,2023-01-01T07:42:08
0.333577,15.456095,2023-01-01T07:42:09
0.333577,15.456095,2023-01-01T07:42:10
0.333577,15.456095,2023-01-01T07:42:11
0.444769,15.456095,2023-01-01T07:42:12
0.444769,15.567290,2023-01-01T07:42:13
0.444769,15.567290,2023-01-01T07:42:14
0.555961,15.567290,2023-01-01T07:42:15
0.555961,15.567290,2023-01-01T07:42:16
0.555961,15.567290,2023-01-01T07:42:17
0.667154,15.567290,2023-01-01T07:42:18
0.667154,15.678485,2023-01-01T07:42:19
0.667154,15.678485,2023-01-01T07:42:20
0.778346,15.678485,2023-01-01T07:42:21
0.778346,15.678485,2023-01-01T07:42:22
0.778346,15.678485,2023-01-01T07:42:23
0.778346,15.678485,2023-01-01T07:42:24
0.778346,15.678485,2023-01-01T07:42:25
0.889538,15.789680,2023-01-01T07:42:26
0.889538,15.789680,2023-01-01T07:42:27
0.889538,15.789680,2023-01-01T07:42:28
0.889538,15.789680,2023-01-01T07:42:29
0.889538,15.789680,2023-01-01T07:42:30
0.889538,15.789680,2023-01-01T07:42:31
0.889538,15.789680,2023-01-01T07:42:32
1.000731,15.789680,2023-01-01T07:42:33
1.000731,15.789680,2023-01-01T07:42:34
1.000731,15.789680,2023-01-01T07:42:35
1.000731,15.789680,2023-01-01T07:42:36
1.000731,15.789680,2023-01-01T07:42:37
1.000731,15.789680,2023-01-01T07:42:38
1.000731,15.789680,2023-01-01T07:42:39
1.000731,15.789680,2023-01-01T07:42:40
1.000731,15.789680,2023-01-01T07:42:41
1.000731,15.789680,2023-01-01T07:42:42
1.000731,15.789680,2023-01-01T07:42:43
1.111923,15.789680,2023-01-01T07:42:44
1.111923,15.789680,2023-01-01T07:42:45
1.111923,15.789680,2023-01-01T07:42:46
1.111923,15.789680,2023-01-01T07:42:47
1.223115,15.900875,2023-01-01T07:42:48
1.223115,15.900875,2023-01-01T07:42:49
1.223115,15.900875,2023-01-01T07:42:50
1.223115,15.900875,2023-01-01T07:42:51
1.334307,15.900875,2023-01-01T07:42:52
1.334307,15.900875,2023-01-01T07:42:53
1.334307,15.900875,2023-01-01T07:42:54
1.334307,15.900875,2023-01-01T07:42:55
1.334307,15.900875,2023-01-01T07:42:56
1.445500,15.900875,2023-01-01T07:42:57
1.445500,15.900875,2023-01-01T07:42:58
1.445500,15.900875,2023-01-01T07:42:59
1.445500,15.900875,2023-01-01T07:43:00
1.445500,15.900875,2023-01-01T07:43:01
1.556692,15.900875,2023-01-01T07:43:02
1.556692,15.900875,2023-01-01T07:43:03
1.556692,15.900875,2023-01-01T07:43:04
1.556692,16.012069,2023-01-01T07:43:05
1.556692,16.012069,2023-01-01T07:43:06
1.667884,16.012069,2023-01-01T07:43:07
1.667884,16.012069,2023-01-01T07:43:08
1.667884,16.012069,2023-01-01T07:43:09
1.667884,16.012069,2023-01-01T07:43:10
1.779077,16.012069,2023-01-01T07:43:11
1.779077,16.012069,2023-01-01T07:43:12
1.779077,16.012069,2023-01-01T07:43:13
1.779077,16.012069,2023-01-01T07:43:14
1.779077,16.012069,2023-01-01T07:43:15
1.779077,16.123264,2023-01-01T07:43:16
1.779077,16.123264,2023-01-01T07:43:17
1.779077,16.123264,2023-01-01T07:43:18
1.779077,16.123264,2023-01-01T07:43:19
1.779077,16.123264,2023-01-01T07:43:20
1.890269,16.123264,2023-01-01T07:43:21
1.890269,16.123264,2023-01-01T07:43:22
1.890269,16.234459,2023-01-01T07:43:23
1.890269,16.234459,2023-01-01T07:43:24
1.890269,16.234459,2023-01-01T07:43:25
1.890269,16.234459,2023-01-01T07:43:26
1.890269,16.234459,2023-01-01T07:43:27
2.001461,16.234459,2023-01-01T07:43:28
2.001461,16.234459,2023-01-01T07:43:29
2.001461,16.345654,2023-01-01T07:43:30
2.001461,16.345654,2023-01-01T07:43:31
2.001461,16.345654,2023-01-01T07:43:32
2.001461,16.345654,2023-01-01T07:43:33
2.001461,16.345654,2023-01-01T07:43:34
2.112653,16.345654,2023-01-01T07:43:35
2.112653,16.345654,2023-01-01T07:43:36
2.112653,16.456849,2023-01-01T07:43:37
2.112653,16.456849,2023-01-01T07:43:38
2.112653,16.456849,2023-01-01T07:43:39
2.112653,16.456849,2023-01-01T07:43:40
2.223846,16.456849,2023-01-01T07:43:41
2.223846,16.456849,2023-01-01T07:43:42
2.335038,16.456849,2023-01-01T07:43:43
2.335038,16.568044,2023-01-01T07:43:44
2.446230,16.568044,2023-01-01T07:43:45
2.446230,16.568044,2023-01-01T07:43:46
2.557423,16.568044,2023-01-01T07:43:47
2.557423,16.568044,2023-01-01T07:43:48
2.668615,16.568044,2023-01-01T07:43:49
2.668615,16.679239,2023-01-01T07:43:50
2.779807,16.679239,2023-01-01T07:43:51
2.779807,16.679239,2023-01-01T07:43:52
2.890999,16.679239,2023-01-01T07:43:53
2.890999,16.679239,2023-01-01T07:43:54
2.890999,16.679239,2023-01-01T07:43:55
3.002192,16.679239,2023-01-01T07:43:56
3.002192,16.790434,2023-01-01T07:43:57
3.113384,16.790434,2023-01-01T07:43:58
3.113384,16.790434,2023-01-01T07:43:59
3.224576,16.790434,2023-01-01T07:44:00
3.224576,16.790434,2023-01-01T07:44:01
3.335768,16.790434,2023-01-01T07:44:02
3.335768,16.790434,2023-01-01T07:44:03
3.335768,16.790434,2023-01-01T07:44:04
3.446961,16.901629,2023-01-01T07:44:05
3.446961,16.901629,2023-01-01T07:44:06
3.558153,16.901629,2023-01-01T07:44:07
3.558153,16.901629,2023-01-01T07:44:08
3.669345,16.901629,2023-01-01T07:44:09
3.669345,16.901629,2023-01-01T07:44:10
3.669345,16.901629,2023-01-01T07:44:11
3.780538,17.012824,2023-01-01T07:44:12
3.780538,17.012824,2023-01-01T07:44:13
3.891730,17.012824,2023-01-01T07:44:14
3.891730,17.012824,2023-01-01T07:44:15
3.891730,17.012824,2023-01-01T07:44:16
4.002922,17.012824,2023-01-01T07:44:17
4.002922,17.012824,2023-01-01T07:44:18
4.114114,17.012824,2023-01-01T07:44:19
4.114114,17.012824,2023-01-01T07:44:20
4.114114,17.124019,2023-01-01T07:44:21
4.225307,17.124019,2023-01-01T07:44:22
4.225307,17.124019,2023-01-01T07:44:23
4.225307,17.124019,2023-01-01T07:44:24
4.336499,17.124019,2023-01-01T07:44:25
4.336499,17.124019,2023-01-01T07:44:26
4.447691,17.124019,2023-01-01T07:44:27
4.447691,17.124019,2023-01-01T07:44:28
4.447691,17.124019,2023-01-01T07:44:29
4.558884,17.124019,2023-01-01T07:44:30
4.558884,17.124019,2023-01-01T07:44:31
4.558884,17.124019,2023-01-01T07:44:32
4.670076,17.235214,2023-01-01T07:44:33
4.670076,17.235214,2023-01-01T07:44:34
4.670076,17.235214,2023-01-01T07:44:35
4.781268,17.235214,2023-01-01T07:44:36
4.781268,17.235214,2023-01-01T07:44:37
4.781268,17.235214,2023-01-01T07:44:38
4.892460,17.235214,2023-01-01T07:44:39
4.892460,17.235214,2023-01-01T07:44:40
5.003653,17.235214,2023-01-01T07:44:41
5.003653,17.235214,2023-01-01T07:44:42
5.003653,17.235214,2023-01-01T07:44:43
5.003653,17.235214,2023-01-01T07:44:44
5.114845,17.235214,2023-01-01T07:44:45
5.114845,17.235214,2023-01-01T07:44:46
5.114845,17.235214,2023-01-01T07:44:47
5.226037,17.235214,2023-01-01T07:44:48
5.226037,17.235214,2023-01-01T07:44:49
5.226037,17.235214,2023-01-01T07:44:50
5.337230,17.346409,2023-01-01T07:44:51
5.337230,17.346409,2023-01-01T07:44:52
5.337230,17.346409,2023-01-01T07:44:53
5.448422,17.346409,2023-01-01T07:44:54
5.448422,17.346409,2023-01-01T07:44:55
5.448422,17.346409,2023-01-01T07:44:56
5.559614,17.346409,2023-01-01T07:44:57
5.559614,17.346409,2023-01-01T07:44:58
5.559614,17.346409,2023-01-01T07:44:59
5.670806,17.346409,2023-01-01T07:45:00
5.670806,17.346409,2023-01-01T07:45:01
5.670806,17.346409,2023-01-01T07:45:02
5.670806,17.346409,2023-01-01T07:45:03
5.781999,17.346409,2023-01-01T07:45:04
5.781999,17.346409,2023-01-01T07:45:05
5.781999,17.346409,2023-01-01T07:45:06
5.893191,17.346409,2023-01-01T07:45:07
5.893191,17.457603,2023-01-01T07:45:08
5.893191,17.457603,2023-01-01T07:45:09
6.004383,17.457603,2023-01-01T07:45:10
6.004383,17.457603,2023-01-01T07:45:11
6.004383,17.457603,2023-01-01T07:45:12
6.004383,17.457603,2023-01-01T07:45:13
6.115576,17.457603,2023-01-01T07:45:14
6.115576,17.457603,2023-01-01T07:45:15
6.115576,17.457603,2023-01-01T07:45:16
6.115576,17.457603,2023-01-01T07:45:17
6.226768,17.457603,2023-01-01T07:45:18
6.226768,17.457603,2023-01-01T07:45:19
6.226768,17.457603,2023-01-01T07:45:20
6.226768,17.457603,2023-01-01T07:45:21
6.226768,17.457603,2023-01-01T07:45:22
6.337960,17.568798,2023-01-01T07:45:23
6.337960,17.568798,2023-01-01T07:45:24
6.337960,17.568798,2023-01-01T07:45:25
6.337960,17.568798,2023-01-01T07:45:26
6.449152,17.568798,2023-01-01T07:45:27
6.449152,17.568798,2023-01-01T07:45:28
6.449152,17.568798,2023-01-01T07:45:29
6.449152,17.568798,2023-01-01T07:45:30
6.560345,17.568798,2023-01-01T07:45:31
6.560345,17.568798,2023-01-01T07:45:32
6.560345,17.568798,2023-01-01T07:45:33
6.560345,17.568798,2023-01-01T07:45:34
6.560345,17.568798,2023-01-01T07:45:35
6.671537,17.679993,2023-01-01T07:45:36
6.671537,17.679993,2023-01-01T07:45:37
6.671537,17.679993,2023-01-01T07:45:38
6.671537,17.679993,2023-01-01T07:45:39
6.782729,17.679993,2023-01-01T07:45:40
6.782729,17.679993,2023-01-01T07:45:41
6.782729,17.679993,2023-01-01T07:45:42
6.782729,17.679993,2023-01-01T07:45:43
6.893922,17.679993,2023-01-01T07:45:44
6.893922,17.791188,2023-01-01T07:45:45
6.893922,17.791188,2023-01-01T07:45:46
6.893922,17.791188,2023-01-01T07:45:47
7.005114,17.791188,2023-01-01T07:45:48
7.005114,17.791188,2023-01-01T07:45:49
7.005114,17.791188,2023-01-01T07:45:50
7.005114,17.791188,2023-01-01T07:45:51
7.116306,17.791188,2023-01-01T07:45:52
7.116306,17.791188,2023-01-01T07:45:53
7.116306,17.791188,2023-01-01T07:45:54
7.116306,17.791188,2023-01-01T07:45:55
7.227498,17.791188,2023-01-01T07:45:56
7.227498,17.791188,2023-01-01T07:45:57
7.227498,17.902383,2023-01-01T07:45:58
7.227498,17.902383,2023-01-01T07:45:59
7.338691,17.902383,2023-01-01T07:46:00
7.338691,17.902383,2023-01-01T07:46:01
7.338691,17.902383,2023-01-01T07:46:02
7.338691,17.902383,2023-01-01T07:46:03
7.449883,17.902383,2023-01-01T07:46:04
7.449883,17.902383,2023-01-01T07:46:05
7.449883,17.902383,2023-01-01T07:46:06
7.449883,17.902383,2023-01-01T07:46:07
7.561075,17.902383,2023-01-01T07:46:08
7.561075,18.013578,2023-01-01T07:46:09
7.561075,18.013578,2023-01-01T07:46:10
7.561075,18.013578,2023-01-01T07:46:11
7.672268,18.013578,2023-01-01T07:46:12
7.672268,18.013578,2023-01-01T07:46:13
7.672268,18.013578,2023-01-01T07:46:14
7.783460,18.013578,2023-01-01T07:46:15
7.783460,18.013578,2023-01-01T07:46:16
7.783460,18.013578,2023-01-01T07:46:17
7.783460,18.013578,2023-01-01T07:46:18
7.894652,18.013578,2023-01-01T07:46:19
7.894652,18.124773,2023-01-01T07:46:20
7.894652,18.124773,2023-01-01T07:46:21
8.005844,18.124773,2023-01-01T07:46:22
8.005844,18.124773,2023-01-01T07:46:23
