x,y,timestamp
0.000000,0.000000,2023-01-01T00:52:54
0.000000,-0.111195,2023-01-01T00:52:55
0.000000,-0.111195,2023-01-01T00:52:56
0.000000,-0.222390,2023-01-01T00:52:57
0.000000,-0.222390,2023-01-01T00:52:58
0.000000,-0.333585,2023-01-01T00:52:59
0.000000,-0.444780,2023-01-01T00:53:00
0.000000,-0.444780,2023-01-01T00:53:01
0.000000,-0.555975,2023-01-01T00:53:02
0.000000,-0.555975,2023-01-01T00:53:03
0.000000,-0.555975,2023-01-01T00:53:04
0.000000,-0.667170,2023-01-01T00:53:05
0.000000,-0.667170,2023-01-01T00:53:06
0.000000,-0.667170,2023-01-01T00:53:07
0.000000,-0.667170,2023-01-01T00:53:08
0.000000,-0.778364,2023-01-01T00:53:09
-0.111193,-0.778364,2023-01-01T00:53:10
-0.111193,-0.778364,2023-01-01T00:53:11
-0.111193,-0.778364,2023-01-01T00:53:12
-0.111193,-0.778364,2023-01-01T00:53:13
-0.111193,-0.778364,2023-01-01T00:53:14
-0.111193,-0.778364,2023-01-01T00:53:15
-0.111193,-0.889559,2023-01-01T00:53:16
0.000000,-1.000754,2023-01-01T00:53:17
0.000000,-1.000754,2023-01-01T00:53:18
0.000000,-1.111949,2023-01-01T00:53:19
0.000000,-1.223144,2023-01-01T00:53:20
0.000000,-1.334339,2023-01-01T00:53:21
0.000000,-1.445534,2023-01-01T00:53:22
0.000000,-1.445534,2023-01-01T00:53:23
0.000000,-1.556729,2023-01-01T00:53:24
0.000000,-1.667924,2023-01-01T00:53:25
0.000000,-1.779119,2023-01-01T00:53:26
0.000000,-1.779119,2023-01-01T00:53:27
0.000000,-1.890314,2023-01-01T00:53:28
0.000000,-2.001509,2023-01-01T00:53:29
0.000000,-2.001509,2023-01-01T00:53:30
0.000000,-2.112704,2023-01-01T00:53:31
0.000000,-2.112704,2023-01-01T00:53:32
0.000000,-2.223899,2023-01-01T00:53:33
0.000000,-2.223899,2023-01-01T00:53:34
0.111193,-2.335093,2023-01-01T00:53:35
0.111193,-2.446288,2023-01-01T00:53:36
0.111193,-2.446288,2023-01-01T00:53:37
0.111193,-2.557483,2023-01-01T00:53:38
0.111193,-2.557483,2023-01-01T00:53:39
0.111193,-2.668678,2023-01-01T00:53:40
0.111193,-2.668678,2023-01-01T00:53:41
0.111193,-2.779873,2023-01-01T00:53:42
0.111193,-2.891068,2023-01-01T00:53:43
0.111193,-3.002263,2023-01-01T00:53:44
0.111193,-3.002263,2023-01-01T00:53:45
0.111193,-3.113458,2023-01-01T00:53:46
0.111193,-3.113458,2023-01-01T00:53:47
0.111193,-3.224653,2023-01-01T00:53:48
0.111193,-3.224653,2023-01-01T00:53:49
0.111193,-3.335848,2023-01-01T00:53:50
0.111193,-3.335848,2023-01-01T00:53:51
0.111193,-3.447043,2023-01-01T00:53:52
0.111193,-3.447043,2023-01-01T00:53:53
0.111193,-3.558238,2023-01-01T00:53:54
0.111193,-3.669433,2023-01-01T00:53:55
0.111193,-3.780628,2023-01-01T00:53:56
0.111193,-3.891822,2023-01-01T00:53:57
0.111193,-4.003017,2023-01-01T00:53:58
0.111193,-4.114212,2023-01-01T00:53:59
0.111193,-4.225407,2023-01-01T00:54:00
0.111193,-4.336602,2023-01-01T00:54:01
0.111193,-4.336602,2023-01-01T00:54:02
0.222385,-4.447797,2023-01-01T00:54:03
0.222385,-4.558992,2023-01-01T00:54:04
0.222385,-4.670187,2023-01-01T00:54:05
0.222385,-4.781382,2023-01-01T00:54:06
0.222385,-4.892577,2023-01-01T00:54:07
0.222385,-5.003772,2023-01-01T00:54:08
0.222385,-5.114967,2023-01-01T00:54:09
0.222385,-5.114967,2023-01-01T00:54:10
0.222385,-5.226162,2023-01-01T00:54:11
0.222385,-5.337356,2023-01-01T00:54:12
0.222385,-5.448551,2023-01-01T00:54:13
0.222385,-5.448551,2023-01-01T00:54:14
0.222385,-5.559746,2023-01-01T00:54:15
0.222385,-5.559746,2023-01-01T00:54:16
0.222385,-5.559746,2023-01-01T00:54:17
0.222385,-5.559746,2023-01-01T00:54:18
0.222385,-5.559746,2023-01-01T00:54:19
0.222385,-5.448551,2023-01-01T00:54:20
0.222385,-5.448551,2023-01-01T00:54:21
0.222385,-5.448551,2023-01-01T00:54:22
0.222385,-5.448551,2023-01-01T00:54:23
0.222385,-5.448551,2023-01-01T00:54:24
0.222385,-5.448551,2023-01-01T00:54:25
0.222385,-5.448551,2023-01-01T00:54:26
0.222385,-5.448551,2023-01-01T00:54:27
0.222385,-5.337356,2023-01-01T00:54:28
0.222385,-5.337356,2023-01-01T00:54:29
0.222385,-5.337356,2023-01-01T00:54:30
0.222385,-5.337356,2023-01-01T00:54:31
0.222385,-5.337356,2023-01-01T00:54:32
0.222385,-5.337356,2023-01-01T00:54:33
0.222385,-5.337356,2023-01-01T00:54:34
0.222385,-5.337356,2023-01-01T00:54:35
0.222385,-5.337356,2023-01-01T00:54:36
0.222385,-5.337356,2023-01-01T00:54:37
0.222385,-5.337356,2023-01-01T00:54:38
0.222385,-5.226162,2023-01-01T00:54:39
0.222385,-5.226162,2023-01-01T00:54:40
0.222385,-5.226162,2023-01-01T00:54:41
0.222385,-5.226162,2023-01-01T00:54:42
0.222385,-5.226162,2023-01-01T00:54:43
0.222385,-5.226162,2023-01-01T00:54:44
0.222385,-5.226162,2023-01-01T00:54:45
0.222385,-5.226162,2023-01-01T00:54:46
0.222385,-5.226162,2023-01-01T00:54:47
0.222385,-5.114967,2023-01-01T00:54:48
0.222385,-5.114967,2023-01-01T00:54:49
0.222385,-5.114967,2023-01-01T00:54:50
0.222385,-5.114967,2023-01-01T00:54:51
0.222385,-5.114967,2023-01-01T00:54:52
0.222385,-5.114967,2023-01-01T00:54:53
0.222385,-5.114967,2023-01-01T00:54:54
0.111193,-5.114967,2023-01-01T00:54:55
0.111193,-5.114967,2023-01-01T00:54:56
0.111193,-5.114967,2023-01-01T00:54:57
0.111193,-5.114967,2023-01-01T00:54:58
0.111193,-5.114967,2023-01-01T00:54:59
0.111193,-5.114967,2023-01-01T00:55:00
0.111193,-5.114967,2023-01-01T00:55:01
0.111193,-5.114967,2023-01-01T00:55:02
0.111193,-5.114967,2023-01-01T00:55:03
0.111193,-5.114967,2023-01-01T00:55:04
0.111193,-5.114967,2023-01-01T00:55:05
0.111193,-5.114967,2023-01-01T00:55:06
0.111193,-5.114967,2023-01-01T00:55:07
0.111193,-5.114967,2023-01-01T00:55:08
0.111193,-5.114967,2023-01-01T00:55:09
0.111193,-5.114967,2023-01-01T00:55:10
0.111193,-5.114967,2023-01-01T00:55:11
0.111193,-5.114967,2023-01-01T00:55:12
0.111193,-5.114967,2023-01-01T00:55:13
0.111193,-5.114967,2023-01-01T00:55:14
0.111193,-5.114967,2023-01-01T00:55:15
0.111193,-5.114967,2023-01-01T00:55:16
0.111193,-5.003772,2023-01-01T00:55:17
0.000000,-5.003772,2023-01-01T00:55:18
0.000000,-5.003772,2023-01-01T00:55:19
0.000000,-5.003772,2023-01-01T00:55:20
0.000000,-4.892577,2023-01-01T00:55:21
0.000000,-4.892577,2023-01-01T00:55:22
0.000000,-4.892577,2023-01-01T00:55:23
0.000000,-4.892577,2023-01-01T00:55:24
0.000000,-4.892577,2023-01-01T00:55:25
0.000000,-4.781382,2023-01-01T00:55:26
0.000000,-4.781382,2023-01-01T00:55:27
-0.111193,-4.781382,2023-01-01T00:55:28
-0.111193,-4.781382,2023-01-01T00:55:29
-0.111193,-4.781382,2023-01-01T00:55:30
-0.111193,-4.670187,2023-01-01T00:55:31
-0.111193,-4.670187,2023-01-01T00:55:32
-0.111193,-4.670187,2023-01-01T00:55:33
-0.111193,-4.670187,2023-01-01T00:55:34
-0.111193,-4.670187,2023-01-01T00:55:35
-0.111193,-4.670187,2023-01-01T00:55:36
-0.222385,-4.558992,2023-01-01T00:55:37
-0.222385,-4.558992,2023-01-01T00:55:38
-0.222385,-4.558992,2023-01-01T00:55:39
-0.222385,-4.558992,2023-01-01T00:55:40
-0.222385,-4.558992,2023-01-01T00:55:41
-0.222385,-4.447797,2023-01-01T00:55:42
-0.333578,-4.447797,2023-01-01T00:55:43
-0.333578,-4.447797,2023-01-01T00:55:44
-0.333578,-4.447797,2023-01-01T00:55:45
-0.333578,-4.447797,2023-01-01T00:55:46
-0.333578,-4.447797,2023-01-01T00:55:47
-0.444771,-4.447797,2023-01-01T00:55:48
-0.444771,-4.447797,2023-01-01T00:55:49
-0.444771,-4.447797,2023-01-01T00:55:50
-0.444771,-4.447797,2023-01-01T00:55:51
-0.444771,-4.447797,2023-01-01T00:55:52
-0.444771,-4.447797,2023-01-01T00:55:53
-0.444771,-4.447797,2023-01-01T00:55:54
-0.444771,-4.447797,2023-01-01T00:55:55
-0.444771,-4.447797,2023-01-01T00:55:56
-0.555964,-4.336602,2023-01-01T00:55:57
-0.555964,-4.336602,2023-01-01T00:55:58
-0.555964,-4.336602,2023-01-01T00:55:59
-0.555964,-4.336602,2023-01-01T00:56:00
-0.555964,-4.336602,2023-01-01T00:56:01
-0.555964,-4.336602,2023-01-01T00:56:02
-0.555964,-4.336602,2023-01-01T00:56:03
-0.555964,-4.336602,2023-01-01T00:56:04
-0.555964,-4.336602,2023-01-01T00:56:05
-0.555964,-4.336602,2023-01-01T00:56:06
-0.555964,-4.336602,2023-01-01T00:56:07
-0.555964,-4.336602,2023-01-01T00:56:08
-0.555964,-4.336602,2023-01-01T00:56:09
-0.555964,-4.336602,2023-01-01T00:56:10
-0.555964,-4.336602,2023-01-01T00:56:11
-0.555964,-4.336602,2023-01-01T00:56:12
-0.555964,-4.336602,2023-01-01T00:56:13
-0.555964,-4.336602,2023-01-01T00:56:14
-0.555964,-4.336602,2023-01-01T00:56:15
-0.555964,-4.336602,2023-01-01T00:56:16
-0.555964,-4.336602,2023-01-01T00:56:17
-0.555964,-4.336602,2023-01-01T00:56:18
-0.555964,-4.336602,2023-01-01T00:56:19
-0.555964,-4.336602,2023-01-01T00:56:20
-0.555964,-4.336602,2023-01-01T00:56:21
-0.555964,-4.336602,2023-01-01T00:56:22
-0.555964,-4.336602,2023-01-01T00:56:23
-0.555964,-4.336602,2023-01-01T00:56:24
-0.555964,-4.336602,2023-01-01T00:56:25
-0.555964,-4.336602,2023-01-01T00:56:26
-0.555964,-4.336602,2023-01-01T00:56:27
-0.555964,-4.336602,2023-01-01T00:56:28
-0.555964,-4.336602,2023-01-01T00:56:29
-0.555964,-4.336602,2023-01-01T00:56:30
-0.555964,-4.336602,2023-01-01T00:56:31
-0.555964,-4.336602,2023-01-01T00:56:32
-0.555964,-4.336602,2023-01-01T00:56:33
-0.555964,-4.336602,2023-01-01T00:56:34
-0.555964,-4.336602,2023-01-01T00:56:35
-0.555964,-4.336602,2023-01-01T00:56:36
-0.555964,-4.336602,2023-01-01T00:56:37
-0.555964,-4.336602,2023-01-01T00:56:38
-0.555964,-4.336602,2023-01-01T00:56:39
-0.555964,-4.336602,2023-01-01T00:56:40
-0.555964,-4.336602,2023-01-01T00:56:41
-0.555964,-4.336602,2023-01-01T00:56:42
-0.555964,-4.336602,2023-01-01T00:56:43
-0.555964,-4.336602,2023-01-01T00:56:44
-0.555964,-4.336602,2023-01-01T00:56:45
-0.555964,-4.336602,2023-01-01T00:56:46
-0.555964,-4.336602,2023-01-01T00:56:47
-0.555964,-4.336602,2023-01-01T00:56:48
-0.555964,-4.336602,2023-01-01T00:56:49
-0.555964,-4.336602,2023-01-01T00:56:50
-0.555964,-4.336602,2023-01-01T00:56:51
-0.555964,-4.336602,2023-01-01T00:56:52
-0.555964,-4.336602,2023-01-01T00:56:53
-0.555964,-4.336602,2023-01-01T00:56:54
-0.444771,-4.336602,2023-01-01T00:56:55
-0.444771,-4.225407,2023-01-01T00:56:56
-0.444771,-4.225407,2023-01-01T00:56:57
-0.444771,-4.225407,2023-01-01T00:56:58
-0.444771,-4.225407,2023-01-01T00:56:59
-0.444771,-4.225407,2023-01-01T00:57:00
-0.444771,-4.225407,2023-01-01T00:57:01
-0.444771,-4.225407,2023-01-01T00:57:02
-0.444771,-4.225407,2023-01-01T00:57:03
-0.444771,-4.225407,2023-01-01T00:57:04
-0.444771,-4.225407,2023-01-01T00:57:05
-0.444771,-4.225407,2023-01-01T00:57:06
-0.444771,-4.225407,2023-01-01T00:57:07
-0.444771,-4.225407,2023-01-01T00:57:08
-0.444771,-4.225407,2023-01-01T00:57:09
-0.444771,-4.225407,2023-01-01T00:57:10
-0.444771,-4.225407,2023-01-01T00:57:11
-0.444771,-4.225407,2023-01-01T00:57:12
-0.444771,-4.225407,2023-01-01T00:57:13
-0.444771,-4.225407,2023-01-01T00:57:14
-0.444771,-4.225407,2023-01-01T00:57:15
-0.444771,-4.225407,2023-01-01T00:57:16
-0.444771,-4.225407,2023-01-01T00:57:17
-0.444771,-4.225407,2023-01-01T00:57:18
-0.444771,-4.225407,2023-01-01T00:57:19
-0.444771,-4.225407,2023-01-01T00:57:20
-0.444771,-4.225407,2023-01-01T00:57:21
-0.444771,-4.225407,2023-01-01T00:57:22
-0.444771,-4.225407,2023-01-01T00:57:23
-0.444771,-4.225407,2023-01-01T00:57:24
-0.444771,-4.225407,2023-01-01T00:57:25
-0.444771,-4.114212,2023-01-01T00:57:26
-0.444771,-4.114212,2023-01-01T00:57:27
-0.444771,-4.114212,2023-01-01T00:57:28
-0.444771,-4.114212,2023-01-01T00:57:29
-0.444771,-4.114212,2023-01-01T00:57:30
-0.444771,-4.114212,2023-01-01T00:57:31
-0.555964,-4.114212,2023-01-01T00:57:32
-0.555964,-4.114212,2023-01-01T00:57:33
-0.555964,-4.114212,2023-01-01T00:57:34
-0.555964,-4.114212,2023-01-01T00:57:35
-0.555964,-4.114212,2023-01-01T00:57:36
-0.555964,-4.114212,2023-01-01T00:57:37
-0.555964,-4.114212,2023-01-01T00:57:38
-0.555964,-4.114212,2023-01-01T00:57:39
-0.555964,-4.114212,2023-01-01T00:57:40
-0.555964,-4.114212,2023-01-01T00:57:41
-0.555964,-4.114212,2023-01-01T00:57:42
-0.555964,-4.114212,2023-01-01T00:57:43
-0.555964,-4.114212,2023-01-01T00:57:44
-0.555964,-4.114212,2023-01-01T00:57:45
-0.555964,-4.114212,2023-01-01T00:57:46
-0.555964,-4.114212,2023-01-01T00:57:47
-0.555964,-4.114212,2023-01-01T00:57:48
-0.555964,-4.114212,2023-01-01T00:57:49
-0.555964,-4.114212,2023-01-01T00:57:50
-0.555964,-4.114212,2023-01-01T00:57:51
-0.667156,-4.114212,2023-01-01T00:57:52
-0.667156,-4.114212,2023-01-01T00:57:53
-0.667156,-4.114212,2023-01-01T00:57:54
-0.667156,-4.114212,2023-01-01T00:57:55
-0.667156,-4.114212,2023-01-01T00:57:56
-0.667156,-4.114212,2023-01-01T00:57:57
-0.667156,-4.114212,2023-01-01T00:57:58
-0.667156,-4.114212,2023-01-01T00:57:59
-0.667156,-4.114212,2023-01-01T00:58:00
-0.667156,-4.114212,2023-01-01T00:58:01
-0.667156,-4.114212,2023-01-01T00:58:02
-0.667156,-4.114212,2023-01-01T00:58:03
-0.667156,-4.114212,2023-01-01T00:58:04
-0.667156,-4.114212,2023-01-01T00:58:05
-0.667156,-4.114212,2023-01-01T00:58:06
-0.667156,-4.114212,2023-01-01T00:58:07
-0.667156,-4.114212,2023-01-01T00:58:08
-0.667156,-4.114212,2023-01-01T00:58:09
-0.667156,-4.114212,2023-01-01T00:58:10
-0.667156,-4.114212,2023-01-01T00:58:11
-0.667156,-4.114212,2023-01-01T00:58:12
-0.667156,-4.114212,2023-01-01T00:58:13
-0.667156,-4.114212,2023-01-01T00:58:14
-0.667156,-4.114212,2023-01-01T00:58:15
-0.667156,-4.114212,2023-01-01T00:58:16
-0.667156,-4.114212,2023-01-01T00:58:17
-0.667156,-4.114212,2023-01-01T00:58:18
-0.667156,-4.114212,2023-01-01T00:58:19
-0.667156,-4.114212,2023-01-01T00:58:20
-0.667156,-4.114212,2023-01-01T00:58:21
-0.667156,-4.114212,2023-01-01T00:58:22
-0.667156,-4.114212,2023-01-01T00:58:23
-0.667156,-4.225407,2023-01-01T00:58:24
-0.667156,-4.225407,2023-01-01T00:58:25
-0.667156,-4.225407,2023-01-01T00:58:26
-0.667156,-4.225407,2023-01-01T00:58:27
-0.667156,-4.225407,2023-01-01T00:58:28
-0.667156,-4.225407,2023-01-01T00:58:29
-0.667156,-4.225407,2023-01-01T00:58:30
-0.667156,-4.225407,2023-01-01T00:58:31
-0.667156,-4.225407,2023-01-01T00:58:32
-0.667156,-4.225407,2023-01-01T00:58:33
-0.667156,-4.225407,2023-01-01T00:58:34
-0.667156,-4.225407,2023-01-01T00:58:35
-0.667156,-4.225407,2023-01-01T00:58:36
-0.667156,-4.225407,2023-01-01T00:58:37
-0.667156,-4.225407,2023-01-01T00:58:38
-0.667156,-4.225407,2023-01-01T00:58:39
-0.667156,-4.225407,2023-01-01T00:58:40
-0.667156,-4.225407,2023-01-01T00:58:41
-0.667156,-4.225407,2023-01-01T00:58:42
-0.667156,-4.225407,2023-01-01T00:58:43
-0.667156,-4.225407,2023-01-01T00:58:44
-0.667156,-4.336602,2023-01-01T00:58:45
-0.667156,-4.336602,2023-01-01T00:58:46
-0.667156,-4.336602,2023-01-01T00:58:47
-0.667156,-4.336602,2023-01-01T00:58:48
-0.667156,-4.336602,2023-01-01T00:58:49
-0.555964,-4.336602,2023-01-01T00:58:50
-0.555964,-4.336602,2023-01-01T00:58:51
-0.555964,-4.336602,2023-01-01T00:58:52
-0.555964,-4.336602,2023-01-01T00:58:53
-0.555964,-4.447797,2023-01-01T00:58:54
-0.555964,-4.447797,2023-01-01T00:58:55
-0.555964,-4.447797,2023-01-01T00:58:56
-0.555964,-4.447797,2023-01-01T00:58:57
-0.555964,-4.447797,2023-01-01T00:58:58
-0.555964,-4.447797,2023-01-01T00:58:59
-0.555964,-4.447797,2023-01-01T00:59:00
-0.444771,-4.447797,2023-01-01T00:59:01
-0.444771,-4.447797,2023-01-01T00:59:02
-0.444771,-4.447797,2023-01-01T00:59:03
-0.444771,-4.447797,2023-01-01T00:59:04
-0.444771,-4.447797,2023-01-01T00:59:05
-0.444771,-4.447797,2023-01-01T00:59:06
-0.444771,-4.447797,2023-01-01T00:59:07
-0.444771,-4.447797,2023-01-01T00:59:08
-0.333578,-4.447797,2023-01-01T00:59:09
-0.333578,-4.336602,2023-01-01T00:59:10
-0.333578,-4.336602,2023-01-01T00:59:11
-0.333578,-4.336602,2023-01-01T00:59:12
-0.333578,-4.336602,2023-01-01T00:59:13
-0.333578,-4.336602,2023-01-01T00:59:14
-0.333578,-4.336602,2023-01-01T00:59:15
-0.333578,-4.447797,2023-01-01T00:59:16
-0.222385,-4.558992,2023-01-01T00:59:17
-0.222385,-4.558992,2023-01-01T00:59:18
-0.222385,-4.670187,2023-01-01T00:59:19
-0.222385,-4.781382,2023-01-01T00:59:20
-0.222385,-4.892577,2023-01-01T00:59:21
-0.222385,-4.892577,2023-01-01T00:59:22
-0.222385,-5.003772,2023-01-01T00:59:23
-0.222385,-5.114967,2023-01-01T00:59:24
-0.222385,-5.114967,2023-01-01T00:59:25
-0.222385,-5.226162,2023-01-01T00:59:26
-0.222385,-5.337356,2023-01-01T00:59:27
-0.111193,-5.337356,2023-01-01T00:59:28
-0.111193,-5.448551,2023-01-01T00:59:29
-0.111193,-5.448551,2023-01-01T00:59:30
-0.111193,-5.559746,2023-01-01T00:59:31
-0.111193,-5.670941,2023-01-01T00:59:32
-0.111193,-5.670941,2023-01-01T00:59:33
-0.111193,-5.782136,2023-01-01T00:59:34
-0.111193,-5.782136,2023-01-01T00:59:35
-0.111193,-5.893331,2023-01-01T00:59:36
-0.111193,-5.893331,2023-01-01T00:59:37
-0.111193,-6.004526,2023-01-01T00:59:38
-0.111193,-6.004526,2023-01-01T00:59:39
-0.111193,-6.115721,2023-01-01T00:59:40
-0.111193,-6.115721,2023-01-01T00:59:41
0.000000,-6.115721,2023-01-01T00:59:42
0.000000,-6.226916,2023-01-01T00:59:43
0.000000,-6.226916,2023-01-01T00:59:44
0.000000,-6.338111,2023-01-01T00:59:45
0.000000,-6.226916,2023-01-01T00:59:46
0.000000,-6.226916,2023-01-01T00:59:47
0.000000,-6.115721,2023-01-01T00:59:48
0.000000,-6.115721,2023-01-01T00:59:49
0.000000,-6.004526,2023-01-01T00:59:50
0.000000,-6.004526,2023-01-01T00:59:51
0.000000,-5.893331,2023-01-01T00:59:52
0.000000,-5.893331,2023-01-01T00:59:53
0.000000,-5.782136,2023-01-01T00:59:54
0.000000,-5.782136,2023-01-01T00:59:55
0.000000,-5.782136,2023-01-01T00:59:56
0.000000,-5.670941,2023-01-01T00:59:57
0.000000,-5.670941,2023-01-01T00:59:58
0.000000,-5.559746,2023-01-01T00:59:59
0.111193,-5.559746,2023-01-01T01:00:00
0.111193,-5.559746,2023-01-01T01:00:01
0.111193,-5.448551,2023-01-01T01:00:02
0.111193,-5.448551,2023-01-01T01:00:03
0.111193,-5.337356,2023-01-01T01:00:04
0.111193,-5.337356,2023-01-01T01:00:05
0.111193,-5.337356,2023-01-01T01:00:06
0.111193,-5.226162,2023-01-01T01:00:07
0.111193,-5.226162,2023-01-01T01:00:08
0.111193,-5.226162,2023-01-01T01:00:09
0.111193,-5.114967,2023-01-01T01:00:10
0.111193,-5.114967,2023-01-01T01:00:11
0.111193,-5.114967,2023-01-01T01:00:12
0.111193,-5.114967,2023-01-01T01:00:13
0.111193,-5.003772,2023-01-01T01:00:14
0.111193,-5.003772,2023-01-01T01:00:15
0.111193,-5.003772,2023-01-01T01:00:16
0.111193,-5.003772,2023-01-01T01:00:17
0.111193,-5.003772,2023-01-01T01:00:18
0.111193,-5.003772,2023-01-01T01:00:19
0.111193,-5.003772,2023-01-01T01:00:20
0.111193,-5.003772,2023-01-01T01:00:21
0.111193,-5.003772,2023-01-01T01:00:22
0.111193,-4.892577,2023-01-01T01:00:23
0.111193,-4.892577,2023-01-01T01:00:24
0.111193,-4.892577,2023-01-01T01:00:25
0.111193,-4.892577,2023-01-01T01:00:26
0.111193,-4.892577,2023-01-01T01:00:27
0.111193,-4.892577,2023-01-01T01:00:28
0.111193,-4.892577,2023-01-01T01:00:29
0.111193,-4.892577,2023-01-01T01:00:30
0.111193,-4.892577,2023-01-01T01:00:31
0.111193,-4.892577,2023-01-01T01:00:32
0.111193,-4.892577,2023-01-01T01:00:33
0.111193,-4.892577,2023-01-01T01:00:34
0.111193,-4.892577,2023-01-01T01:00:35
0.111193,-4.892577,2023-01-01T01:00:36
0.111193,-4.892577,2023-01-01T01:00:37
0.111193,-4.892577,2023-01-01T01:00:38
0.111193,-4.892577,2023-01-01T01:00:39
0.222385,-4.892577,2023-01-01T01:00:40
0.222385,-4.892577,2023-01-01T01:00:41
0.222385,-4.892577,2023-01-01T01:00:42
0.222385,-4.892577,2023-01-01T01:00:43
0.222385,-4.892577,2023-01-01T01:00:44
0.222385,-4.892577,2023-01-01T01:00:45
0.222385,-4.892577,2023-01-01T01:00:46
0.222385,-4.892577,2023-01-01T01:00:47
0.222385,-4.892577,2023-01-01T01:00:48
0.222385,-4.892577,2023-01-01T01:00:49
0.222385,-4.892577,2023-01-01T01:00:50
0.222385,-4.892577,2023-01-01T01:00:51
0.222385,-4.892577,2023-01-01T01:00:52
0.222385,-5.003772,2023-01-01T01:00:53
0.222385,-5.003772,2023-01-01T01:00:54
0.222385,-5.003772,2023-01-01T01:00:55
0.222385,-5.003772,2023-01-01T01:00:56
0.222385,-5.003772,2023-01-01T01:00:57
0.222385,-5.003772,2023-01-01T01:00:58
0.222385,-5.003772,2023-01-01T01:00:59
0.222385,-5.003772,2023-01-01T01:01:00
0.222385,-5.003772,2023-01-01T01:01:01
0.222385,-5.003772,2023-01-01T01:01:02
0.222385,-5.114967,2023-01-01T01:01:03
0.222385,-5.114967,2023-01-01T01:01:04
0.222385,-5.114967,2023-01-01T01:01:05
0.222385,-5.114967,2023-01-01T01:01:06
0.333578,-5.114967,2023-01-01T01:01:07
0.333578,-5.114967,2023-01-01T01:01:08
0.333578,-5.114967,2023-01-01T01:01:09
0.333578,-5.114967,2023-01-01T01:01:10
0.333578,-5.114967,2023-01-01T01:01:11
0.333578,-5.114967,2023-01-01T01:01:12
0.333578,-5.114967,2023-01-01T01:01:13
0.333578,-5.114967,2023-01-01T01:01:14
0.333578,-5.114967,2023-01-01T01:01:15
0.333578,-5.226162,2023-01-01T01:01:16
0.333578,-5.226162,2023-01-01T01:01:17
0.333578,-5.226162,2023-01-01T01:01:18
0.333578,-5.226162,2023-01-01T01:01:19
0.333578,-5.226162,2023-01-01T01:01:20
0.333578,-5.226162,2023-01-01T01:01:21
0.333578,-5.226162,2023-01-01T01:01:22
0.333578,-5.226162,2023-01-01T01:01:23
0.333578,-5.226162,2023-01-01T01:01:24
0.333578,-5.226162,2023-01-01T01:01:25
0.333578,-5.226162,2023-01-01T01:01:26
0.333578,-5.226162,2023-01-01T01:01:27
0.333578,-5.226162,2023-01-01T01:01:28
0.333578,-5.226162,2023-01-01T01:01:29
0.333578,-5.226162,2023-01-01T01:01:30
0.222385,-5.226162,2023-01-01T01:01:31
0.333578,-5.226162,2023-01-01T01:01:32
0.333578,-5.226162,2023-01-01T01:01:33
0.333578,-5.226162,2023-01-01T01:01:34
0.333578,-5.226162,2023-01-01T01:01:35
0.333578,-5.226162,2023-01-01T01:01:36
0.333578,-5.337356,2023-01-01T01:01:37
0.333578,-5.337356,2023-01-01T01:01:38
0.333578,-5.337356,2023-01-01T01:01:39
0.333578,-5.337356,2023-01-01T01:01:40
0.333578,-5.337356,2023-01-01T01:01:41
0.333578,-5.337356,2023-01-01T01:01:42
0.333578,-5.337356,2023-01-01T01:01:43
0.333578,-5.337356,2023-01-01T01:01:44
0.333578,-5.337356,2023-01-01T01:01:45
0.333578,-5.337356,2023-01-01T01:01:46
0.333578,-5.337356,2023-01-01T01:01:47
0.333578,-5.337356,2023-01-01T01:01:48
0.333578,-5.337356,2023-01-01T01:01:49
0.333578,-5.337356,2023-01-01T01:01:50
0.333578,-5.337356,2023-01-01T01:01:51
0.333578,-5.337356,2023-01-01T01:01:52
0.333578,-5.337356,2023-01-01T01:01:53
0.333578,-5.337356,2023-01-01T01:01:54
0.333578,-5.337356,2023-01-01T01:01:55
0.333578,-5.337356,2023-01-01T01:01:56
0.333578,-5.337356,2023-01-01T01:01:57
0.333578,-5.337356,2023-01-01T01:01:58
0.444771,-5.448551,2023-01-01T01:01:59
0.444771,-5.448551,2023-01-01T01:02:00
0.444771,-5.448551,2023-01-01T01:02:01
0.444771,-5.448551,2023-01-01T01:02:02
0.444771,-5.448551,2023-01-01T01:02:03
0.444771,-5.448551,2023-01-01T01:02:04
0.444771,-5.448551,2023-01-01T01:02:05
0.444771,-5.448551,2023-01-01T01:02:06
0.444771,-5.448551,2023-01-01T01:02:07
0.444771,-5.448551,2023-01-01T01:02:08
0.444771,-5.448551,2023-01-01T01:02:09
0.444771,-5.448551,2023-01-01T01:02:10
0.555964,-5.448551,2023-01-01T01:02:11
0.555964,-5.448551,2023-01-01T01:02:12
0.555964,-5.448551,2023-01-01T01:02:13
0.555964,-5.448551,2023-01-01T01:02:14
0.555964,-5.448551,2023-01-01T01:02:15
0.555964,-5.448551,2023-01-01T01:02:16
0.555964,-5.448551,2023-01-01T01:02:17
0.555964,-5.448551,2023-01-01T01:02:18
0.555964,-5.448551,2023-01-01T01:02:19
0.555964,-5.448551,2023-01-01T01:02:20
0.555964,-5.448551,2023-01-01T01:02:21
0.555964,-5.448551,2023-01-01T01:02:22
0.555964,-5.448551,2023-01-01T01:02:23
0.555964,-5.448551,2023-01-01T01:02:24
0.555964,-5.448551,2023-01-01T01:02:25
0.555964,-5.448551,2023-01-01T01:02:26
0.555964,-5.448551,2023-01-01T01:02:27
0.555964,-5.448551,2023-01-01T01:02:28
0.555964,-5.448551,2023-01-01T01:02:29
0.555964,-5.448551,2023-01-01T01:02:30
0.555964,-5.448551,2023-01-01T01:02:31
0.555964,-5.448551,2023-01-01T01:02:32
0.667156,-5.448551,2023-01-01T01:02:33
0.667156,-5.448551,2023-01-01T01:02:34
0.667156,-5.448551,2023-01-01T01:02:35
0.667156,-5.448551,2023-01-01T01:02:36
0.667156,-5.448551,2023-01-01T01:02:37
0.667156,-5.448551,2023-01-01T01:02:38
0.667156,-5.448551,2023-01-01T01:02:39
0.667156,-5.448551,2023-01-01T01:02:40
0.667156,-5.448551,2023-01-01T01:02:41
0.667156,-5.448551,2023-01-01T01:02:42
0.667156,-5.448551,2023-01-01T01:02:43
0.667156,-5.448551,2023-01-01T01:02:44
0.667156,-5.448551,2023-01-01T01:02:45
0.667156,-5.448551,2023-01-01T01:02:46
0.667156,-5.448551,2023-01-01T01:02:47
0.667156,-5.448551,2023-01-01T01:02:48
0.555964,-5.448551,2023-01-01T01:02:49
0.555964,-5.448551,2023-01-01T01:02:50
0.555964,-5.448551,2023-01-01T01:02:51
0.555964,-5.448551,2023-01-01T01:02:52
0.555964,-5.448551,2023-01-01T01:02:53
0.555964,-5.448551,2023-01-01T01:02:54
0.555964,-5.448551,2023-01-01T01:02:55
0.555964,-5.448551,2023-01-01T01:02:56
0.555964,-5.448551,2023-01-01T01:02:57
0.555964,-5.448551,2023-01-01T01:02:58
0.555964,-5.448551,2023-01-01T01:02:59
0.555964,-5.448551,2023-01-01T01:03:00
0.555964,-5.448551,2023-01-01T01:03:01
0.555964,-5.448551,2023-01-01T01:03:02
0.555964,-5.448551,2023-01-01T01:03:03
0.555964,-5.448551,2023-01-01T01:03:04
0.555964,-5.448551,2023-01-01T01:03:05
0.555964,-5.559746,2023-01-01T01:03:06
0.555964,-5.559746,2023-01-01T01:03:07
0.555964,-5.559746,2023-01-01T01:03:08
0.555964,-5.559746,2023-01-01T01:03:09
0.555964,-5.559746,2023-01-01T01:03:10
0.555964,-5.559746,2023-01-01T01:03:11
0.555964,-5.559746,2023-01-01T01:03:12
0.555964,-5.559746,2023-01-01T01:03:13
0.555964,-5.559746,2023-01-01T01:03:14
0.555964,-5.559746,2023-01-01T01:03:15
0.444771,-5.559746,2023-01-01T01:03:16
0.444771,-5.559746,2023-01-01T01:03:17
0.444771,-5.559746,2023-01-01T01:03:18
0.444771,-5.559746,2023-01-01T01:03:19
0.444771,-5.559746,2023-01-01T01:03:20
0.444771,-5.559746,2023-01-01T01:03:21
0.444771,-5.559746,2023-01-01T01:03:22
0.444771,-5.559746,2023-01-01T01:03:23
0.444771,-5.559746,2023-01-01T01:03:24
0.444771,-5.559746,2023-01-01T01:03:25
0.444771,-5.559746,2023-01-01T01:03:26
0.444771,-5.559746,2023-01-01T01:03:27
0.444771,-5.670941,2023-01-01T01:03:28
0.444771,-5.670941,2023-01-01T01:03:29
0.444771,-5.670941,2023-01-01T01:03:30
0.444771,-5.670941,2023-01-01T01:03:31
0.444771,-5.670941,2023-01-01T01:03:32
0.444771,-5.670941,2023-01-01T01:03:33
0.444771,-5.670941,2023-01-01T01:03:34
0.444771,-5.670941,2023-01-01T01:03:35
0.444771,-5.670941,2023-01-01T01:03:36
0.444771,-5.670941,2023-01-01T01:03:37
0.444771,-5.670941,2023-01-01T01:03:38
0.444771,-5.670941,2023-01-01T01:03:39
0.444771,-5.670941,2023-01-01T01:03:40
0.444771,-5.670941,2023-01-01T01:03:41
0.444771,-5.670941,2023-01-01T01:03:42
0.444771,-5.670941,2023-01-01T01:03:43
0.444771,-5.670941,2023-01-01T01:03:44
0.444771,-5.782136,2023-01-01T01:03:45
0.444771,-5.782136,2023-01-01T01:03:46
0.444771,-5.782136,2023-01-01T01:03:47
0.444771,-5.782136,2023-01-01T01:03:48
0.444771,-5.782136,2023-01-01T01:03:49
0.444771,-5.782136,2023-01-01T01:03:50
0.444771,-5.782136,2023-01-01T01:03:51
0.444771,-5.782136,2023-01-01T01:03:52
0.444771,-5.782136,2023-01-01T01:03:53
0.444771,-5.893331,2023-01-01T01:03:54
0.444771,-5.893331,2023-01-01T01:03:55
0.444771,-5.893331,2023-01-01T01:03:56
0.555964,-5.893331,2023-01-01T01:03:57
0.555964,-5.893331,2023-01-01T01:03:58
0.555964,-5.893331,2023-01-01T01:03:59
0.555964,-5.893331,2023-01-01T01:04:00
0.555964,-5.893331,2023-01-01T01:04:01
0.555964,-5.893331,2023-01-01T01:04:02
0.667156,-6.004526,2023-01-01T01:04:03
0.667156,-6.004526,2023-01-01T01:04:04
0.667156,-6.004526,2023-01-01T01:04:05
0.667156,-6.004526,2023-01-01T01:04:06
0.667156,-6.004526,2023-01-01T01:04:07
0.778349,-6.004526,2023-01-01T01:04:08
0.778349,-6.004526,2023-01-01T01:04:09
0.778349,-6.004526,2023-01-01T01:04:10
0.778349,-6.004526,2023-01-01T01:04:11
0.889542,-6.004526,2023-01-01T01:04:12
0.889542,-6.115721,2023-01-01T01:04:13
0.889542,-6.115721,2023-01-01T01:04:14
0.889542,-6.115721,2023-01-01T01:04:15
1.000735,-6.115721,2023-01-01T01:04:16
1.000735,-6.115721,2023-01-01T01:04:17
1.000735,-6.115721,2023-01-01T01:04:18
1.000735,-6.115721,2023-01-01T01:04:19
1.000735,-6.115721,2023-01-01T01:04:20
1.000735,-6.115721,2023-01-01T01:04:21
1.000735,-6.115721,2023-01-01T01:04:22
1.111927,-6.115721,2023-01-01T01:04:23
1.111927,-6.115721,2023-01-01T01:04:24
1.111927,-6.115721,2023-01-01T01:04:25
1.111927,-6.115721,2023-01-01T01:04:26
1.111927,-6.115721,2023-01-01T01:04:27
1.223120,-6.115721,2023-01-01T01:04:28
1.223120,-6.115721,2023-01-01T01:04:29
1.223120,-6.115721,2023-01-01T01:04:30
1.223120,-6.115721,2023-01-01T01:04:31
1.223120,-6.115721,2023-01-01T01:04:32
1.334313,-6.115721,2023-01-01T01:04:33
1.334313,-6.115721,2023-01-01T01:04:34
1.334313,-6.115721,2023-01-01T01:04:35
1.334313,-6.115721,2023-01-01T01:04:36
1.334313,-6.115721,2023-01-01T01:04:37
1.445506,-6.115721,2023-01-01T01:04:38
1.445506,-6.115721,2023-01-01T01:04:39
1.445506,-6.115721,2023-01-01T01:04:40
1.445506,-6.115721,2023-01-01T01:04:41
1.556698,-6.115721,2023-01-01T01:04:42
1.556698,-6.115721,2023-01-01T01:04:43
1.556698,-6.115721,2023-01-01T01:04:44
1.556698,-6.115721,2023-01-01T01:04:45
1.556698,-6.115721,2023-01-01T01:04:46
1.556698,-6.115721,2023-01-01T01:04:47
1.556698,-6.115721,2023-01-01T01:04:48
1.556698,-6.115721,2023-01-01T01:04:49
1.556698,-6.115721,2023-01-01T01:04:50
1.556698,-6.115721,2023-01-01T01:04:51
1.556698,-6.115721,2023-01-01T01:04:52
1.556698,-6.115721,2023-01-01T01:04:53
1.556698,-6.115721,2023-01-01T01:04:54
1.556698,-6.115721,2023-01-01T01:04:55
1.556698,-6.115721,2023-01-01T01:04:56
1.556698,-6.115721,2023-01-01T01:04:57
1.556698,-6.115721,2023-01-01T01:04:58
1.556698,-6.115721,2023-01-01T01:04:59
1.556698,-6.115721,2023-01-01T01:05:00
1.667891,-6.115721,2023-01-01T01:05:01
1.667891,-6.115721,2023-01-01T01:05:02
1.667891,-6.115721,2023-01-01T01:05:03
1.667891,-6.115721,2023-01-01T01:05:04
1.667891,-6.226916,2023-01-01T01:05:05
1.667891,-6.226916,2023-01-01T01:05:06
1.667891,-6.226916,2023-01-01T01:05:07
1.667891,-6.226916,2023-01-01T01:05:08
1.779084,-6.226916,2023-01-01T01:05:09
1.779084,-6.226916,2023-01-01T01:05:10
1.779084,-6.226916,2023-01-01T01:05:11
1.779084,-6.226916,2023-01-01T01:05:12
1.779084,-6.226916,2023-01-01T01:05:13
1.890277,-6.226916,2023-01-01T01:05:14
1.890277,-6.226916,2023-01-01T01:05:15
1.779084,-6.226916,2023-01-01T01:05:16
1.779084,-6.226916,2023-01-01T01:05:17
1.779084,-6.226916,2023-01-01T01:05:18
1.779084,-6.226916,2023-01-01T01:05:19
1.779084,-6.226916,2023-01-01T01:05:20
1.779084,-6.226916,2023-01-01T01:05:21
1.779084,-6.226916,2023-01-01T01:05:22
1.779084,-6.226916,2023-01-01T01:05:23
1.779084,-6.226916,2023-01-01T01:05:24
1.779084,-6.226916,2023-01-01T01:05:25
1.779084,-6.226916,2023-01-01T01:05:26
1.779084,-6.226916,2023-01-01T01:05:27
1.779084,-6.226916,2023-01-01T01:05:28
1.779084,-6.226916,2023-01-01T01:05:29
1.779084,-6.226916,2023-01-01T01:05:30
1.779084,-6.226916,2023-01-01T01:05:31
1.779084,-6.226916,2023-01-01T01:05:32
1.779084,-6.226916,2023-01-01T01:05:33
1.779084,-6.226916,2023-01-01T01:05:34
1.779084,-6.226916,2023-01-01T01:05:35
1.890277,-6.226916,2023-01-01T01:05:36
1.890277,-6.226916,2023-01-01T01:05:37
1.890277,-6.226916,2023-01-01T01:05:38
1.890277,-6.226916,2023-01-01T01:05:39
1.890277,-6.226916,2023-01-01T01:05:40
1.890277,-6.226916,2023-01-01T01:05:41
1.890277,-6.226916,2023-01-01T01:05:42
1.890277,-6.226916,2023-01-01T01:05:43
1.890277,-6.226916,2023-01-01T01:05:44
1.890277,-6.226916,2023-01-01T01:05:45
1.890277,-6.226916,2023-01-01T01:05:46
1.890277,-6.226916,2023-01-01T01:05:47
1.890277,-6.226916,2023-01-01T01:05:48
1.890277,-6.226916,2023-01-01T01:05:49
1.890277,-6.226916,2023-01-01T01:05:50
1.890277,-6.226916,2023-01-01T01:05:51
1.779084,-6.226916,2023-01-01T01:05:52
1.779084,-6.226916,2023-01-01T01:05:53
1.779084,-6.226916,2023-01-01T01:05:54
1.779084,-6.226916,2023-01-01T01:05:55
1.779084,-6.226916,2023-01-01T01:05:56
1.779084,-6.226916,2023-01-01T01:05:57
1.779084,-6.226916,2023-01-01T01:05:58
1.779084,-6.226916,2023-01-01T01:05:59
1.667891,-6.226916,2023-01-01T01:06:00
1.667891,-6.226916,2023-01-01T01:06:01
1.667891,-6.226916,2023-01-01T01:06:02
1.667891,-6.226916,2023-01-01T01:06:03
1.667891,-6.115721,2023-01-01T01:06:04
1.667891,-6.115721,2023-01-01T01:06:05
1.667891,-6.115721,2023-01-01T01:06:06
1.667891,-6.115721,2023-01-01T01:06:07
1.556698,-6.115721,2023-01-01T01:06:08
1.556698,-6.115721,2023-01-01T01:06:09
1.556698,-6.115721,2023-01-01T01:06:10
1.556698,-6.115721,2023-01-01T01:06:11
1.556698,-6.115721,2023-01-01T01:06:12
1.556698,-6.115721,2023-01-01T01:06:13
1.556698,-6.115721,2023-01-01T01:06:14
1.556698,-6.115721,2023-01-01T01:06:15
1.556698,-6.115721,2023-01-01T01:06:16
1.445506,-6.115721,2023-01-01T01:06:17
1.445506,-6.115721,2023-01-01T01:06:18
1.445506,-6.115721,2023-01-01T01:06:19
1.445506,-6.226916,2023-01-01T01:06:20
1.445506,-6.226916,2023-01-01T01:06:21
1.334313,-6.226916,2023-01-01T01:06:22
1.334313,-6.226916,2023-01-01T01:06:23
1.334313,-6.226916,2023-01-01T01:06:24
1.334313,-6.226916,2023-01-01T01:06:25
1.334313,-6.226916,2023-01-01T01:06:26
1.334313,-6.226916,2023-01-01T01:06:27
1.223120,-6.226916,2023-01-01T01:06:28
1.223120,-6.226916,2023-01-01T01:06:29
1.223120,-6.226916,2023-01-01T01:06:30
1.223120,-6.226916,2023-01-01T01:06:31
1.223120,-6.226916,2023-01-01T01:06:32
1.223120,-6.226916,2023-01-01T01:06:33
1.223120,-6.226916,2023-01-01T01:06:34
1.223120,-6.226916,2023-01-01T01:06:35
1.111927,-6.226916,2023-01-01T01:06:36
1.111927,-6.226916,2023-01-01T01:06:37
1.111927,-6.226916,2023-01-01T01:06:38
1.111927,-6.226916,2023-01-01T01:06:39
1.111927,-6.226916,2023-01-01T01:06:40
1.111927,-6.226916,2023-01-01T01:06:41
1.111927,-6.226916,2023-01-01T01:06:42
1.111927,-6.226916,2023-01-01T01:06:43
1.111927,-6.226916,2023-01-01T01:06:44
1.111927,-6.338111,2023-01-01T01:06:45
1.111927,-6.338111,2023-01-01T01:06:46
1.000735,-6.338111,2023-01-01T01:06:47
1.000735,-6.338111,2023-01-01T01:06:48
1.000735,-6.338111,2023-01-01T01:06:49
1.000735,-6.338111,2023-01-01T01:06:50
1.000735,-6.338111,2023-01-01T01:06:51
1.000735,-6.449306,2023-01-01T01:06:52
1.000735,-6.449306,2023-01-01T01:06:53
1.000735,-6.449306,2023-01-01T01:06:54
1.000735,-6.449306,2023-01-01T01:06:55
1.000735,-6.449306,2023-01-01T01:06:56
1.000735,-6.449306,2023-01-01T01:06:57
1.000735,-6.449306,2023-01-01T01:06:58
1.000735,-6.449306,2023-01-01T01:06:59
1.000735,-6.449306,2023-01-01T01:07:00
0.889542,-6.449306,2023-01-01T01:07:01
0.889542,-6.449306,2023-01-01T01:07:02
0.889542,-6.449306,2023-01-01T01:07:03
0.889542,-6.449306,2023-01-01T01:07:04
0.889542,-6.449306,2023-01-01T01:07:05
0.889542,-6.449306,2023-01-01T01:07:06
0.889542,-6.449306,2023-01-01T01:07:07
0.889542,-6.449306,2023-01-01T01:07:08
0.889542,-6.449306,2023-01-01T01:07:09
0.889542,-6.449306,2023-01-01T01:07:10
0.889542,-6.449306,2023-01-01T01:07:11
0.889542,-6.449306,2023-01-01T01:07:12
0.889542,-6.338111,2023-01-01T01:07:13
0.889542,-6.338111,2023-01-01T01:07:14
0.889542,-6.449306,2023-01-01T01:07:15
0.889542,-6.560501,2023-01-01T01:07:16
0.889542,-6.560501,2023-01-01T01:07:17
0.889542,-6.671696,2023-01-01T01:07:18
0.889542,-6.671696,2023-01-01T01:07:19
0.889542,-6.782891,2023-01-01T01:07:20
0.889542,-6.782891,2023-01-01T01:07:21
0.889542,-6.894085,2023-01-01T01:07:22
0.889542,-6.894085,2023-01-01T01:07:23
0.889542,-7.005280,2023-01-01T01:07:24
0.889542,-7.005280,2023-01-01T01:07:25
0.889542,-7.005280,2023-01-01T01:07:26
0.889542,-7.116475,2023-01-01T01:07:27
0.889542,-7.116475,2023-01-01T01:07:28
0.889542,-7.227670,2023-01-01T01:07:29
0.889542,-7.227670,2023-01-01T01:07:30
0.889542,-7.227670,2023-01-01T01:07:31
0.889542,-7.227670,2023-01-01T01:07:32
0.889542,-7.338865,2023-01-01T01:07:33
0.889542,-7.338865,2023-01-01T01:07:34
0.889542,-7.338865,2023-01-01T01:07:35
0.889542,-7.338865,2023-01-01T01:07:36
0.889542,-7.338865,2023-01-01T01:07:37
0.889542,-7.450060,2023-01-01T01:07:38
0.889542,-7.450060,2023-01-01T01:07:39
0.889542,-7.450060,2023-01-01T01:07:40
0.889542,-7.450060,2023-01-01T01:07:41
0.889542,-7.450060,2023-01-01T01:07:42
0.889542,-7.450060,2023-01-01T01:07:43
0.889542,-7.561255,2023-01-01T01:07:44
1.000735,-7.561255,2023-01-01T01:07:45
1.000735,-7.561255,2023-01-01T01:07:46
1.000735,-7.561255,2023-01-01T01:07:47
1.000735,-7.561255,2023-01-01T01:07:48
1.000735,-7.561255,2023-01-01T01:07:49
1.000735,-7.561255,2023-01-01T01:07:50
1.000735,-7.561255,2023-01-01T01:07:51
1.000735,-7.561255,2023-01-01T01:07:52
1.000735,-7.561255,2023-01-01T01:07:53
1.000735,-7.561255,2023-01-01T01:07:54
1.000735,-7.561255,2023-01-01T01:07:55
1.000735,-7.561255,2023-01-01T01:07:56
1.000735,-7.561255,2023-01-01T01:07:57
1.000735,-7.672450,2023-01-01T01:07:58
1.000735,-7.672450,2023-01-01T01:07:59
1.000735,-7.672450,2023-01-01T01:08:00
1.000735,-7.672450,2023-01-01T01:08:01
1.000735,-7.672450,2023-01-01T01:08:02
1.000735,-7.672450,2023-01-01T01:08:03
1.000735,-7.783645,2023-01-01T01:08:04
1.000735,-7.783645,2023-01-01T01:08:05
1.000735,-7.783645,2023-01-01T01:08:06
1.000735,-7.783645,2023-01-01T01:08:07
1.111927,-7.894840,2023-01-01T01:08:08
1.111927,-7.894840,2023-01-01T01:08:09
1.111927,-7.894840,2023-01-01T01:08:10
1.111927,-7.894840,2023-01-01T01:08:11
1.111927,-8.006035,2023-01-01T01:08:12
1.111927,-8.006035,2023-01-01T01:08:13
1.111927,-8.006035,2023-01-01T01:08:14
1.111927,-8.006035,2023-01-01T01:08:15
1.111927,-8.006035,2023-01-01T01:08:16
1.111927,-8.006035,2023-01-01T01:08:17
1.111927,-8.006035,2023-01-01T01:08:18
1.111927,-7.894840,2023-01-01T01:08:19
1.111927,-7.894840,2023-01-01T01:08:20
1.111927,-7.894840,2023-01-01T01:08:21
1.111927,-7.894840,2023-01-01T01:08:22
1.111927,-7.894840,2023-01-01T01:08:23
1.111927,-7.894840,2023-01-01T01:08:24
1.111927,-7.894840,2023-01-01T01:08:25
1.223120,-7.894840,2023-01-01T01:08:26
1.223120,-7.894840,2023-01-01T01:08:27
1.223120,-7.894840,2023-01-01T01:08:28
1.223120,-7.894840,2023-01-01T01:08:29
1.223120,-7.894840,2023-01-01T01:08:30
1.223120,-7.894840,2023-01-01T01:08:31
1.223120,-7.894840,2023-01-01T01:08:32
1.223120,-8.006035,2023-01-01T01:08:33
1.223120,-8.006035,2023-01-01T01:08:34
1.223120,-8.006035,2023-01-01T01:08:35
1.223120,-8.006035,2023-01-01T01:08:36
1.223120,-8.006035,2023-01-01T01:08:37
1.223120,-8.006035,2023-01-01T01:08:38
1.223120,-8.006035,2023-01-01T01:08:39
1.223120,-8.006035,2023-01-01T01:08:40
1.223120,-8.006035,2023-01-01T01:08:41
1.223120,-8.006035,2023-01-01T01:08:42
1.223120,-8.117230,2023-01-01T01:08:43
1.223120,-8.117230,2023-01-01T01:08:44
1.334313,-8.117230,2023-01-01T01:08:45
1.334313,-8.006035,2023-01-01T01:08:46
1.334313,-8.006035,2023-01-01T01:08:47
1.334313,-8.006035,2023-01-01T01:08:48
1.334313,-8.006035,2023-01-01T01:08:49
1.334313,-8.006035,2023-01-01T01:08:50
1.334313,-8.006035,2023-01-01T01:08:51
1.334313,-8.006035,2023-01-01T01:08:52
1.334313,-8.006035,2023-01-01T01:08:53
1.334313,-7.894840,2023-01-01T01:08:54
1.334313,-7.894840,2023-01-01T01:08:55
1.334313,-7.894840,2023-01-01T01:08:56
1.334313,-7.894840,2023-01-01T01:08:57
1.334313,-7.894840,2023-01-01T01:08:58
1.334313,-7.894840,2023-01-01T01:08:59
1.334313,-7.894840,2023-01-01T01:09:00
1.334313,-7.894840,2023-01-01T01:09:01
1.334313,-7.783645,2023-01-01T01:09:02
1.334313,-7.783645,2023-01-01T01:09:03
1.334313,-7.783645,2023-01-01T01:09:04
1.334313,-7.783645,2023-01-01T01:09:05
1.334313,-7.783645,2023-01-01T01:09:06
1.334313,-7.783645,2023-01-01T01:09:07
1.334313,-7.783645,2023-01-01T01:09:08
1.334313,-7.672450,2023-01-01T01:09:09
1.334313,-7.672450,2023-01-01T01:09:10
1.334313,-7.672450,2023-01-01T01:09:11
1.334313,-7.672450,2023-01-01T01:09:12
1.334313,-7.672450,2023-01-01T01:09:13
1.334313,-7.672450,2023-01-01T01:09:14
1.334313,-7.672450,2023-01-01T01:09:15
1.334313,-7.783645,2023-01-01T01:09:16
1.334313,-7.783645,2023-01-01T01:09:17
1.334313,-7.783645,2023-01-01T01:09:18
1.334313,-7.894840,2023-01-01T01:09:19
1.334313,-7.894840,2023-01-01T01:09:20
1.334313,-8.006035,2023-01-01T01:09:21
1.334313,-8.006035,2023-01-01T01:09:22
1.334313,-8.006035,2023-01-01T01:09:23
1.445506,-8.006035,2023-01-01T01:09:24
1.445506,-8.117230,2023-01-01T01:09:25
1.445506,-8.117230,2023-01-01T01:09:26
1.445506,-8.117230,2023-01-01T01:09:27
1.445506,-8.117230,2023-01-01T01:09:28
1.445506,-8.228425,2023-01-01T01:09:29
1.445506,-8.228425,2023-01-01T01:09:30
1.445506,-8.228425,2023-01-01T01:09:31
1.445506,-8.228425,2023-01-01T01:09:32
1.445506,-8.228425,2023-01-01T01:09:33
1.445506,-8.228425,2023-01-01T01:09:34
1.445506,-8.228425,2023-01-01T01:09:35
1.445506,-8.228425,2023-01-01T01:09:36
1.445506,-8.228425,2023-01-01T01:09:37
1.556698,-8.228425,2023-01-01T01:09:38
1.556698,-8.228425,2023-01-01T01:09:39
1.556698,-8.228425,2023-01-01T01:09:40
1.556698,-8.228425,2023-01-01T01:09:41
1.556698,-8.228425,2023-01-01T01:09:42
1.556698,-8.228425,2023-01-01T01:09:43
1.556698,-8.228425,2023-01-01T01:09:44
1.556698,-8.228425,2023-01-01T01:09:45
1.556698,-8.339619,2023-01-01T01:09:46
1.556698,-8.339619,2023-01-01T01:09:47
1.556698,-8.339619,2023-01-01T01:09:48
1.556698,-8.450814,2023-01-01T01:09:49
1.556698,-8.450814,2023-01-01T01:09:50
1.556698,-8.562009,2023-01-01T01:09:51
1.556698,-8.562009,2023-01-01T01:09:52
1.556698,-8.562009,2023-01-01T01:09:53
1.556698,-8.673204,2023-01-01T01:09:54
1.556698,-8.673204,2023-01-01T01:09:55
1.445506,-8.784399,2023-01-01T01:09:56
1.445506,-8.784399,2023-01-01T01:09:57
1.445506,-8.784399,2023-01-01T01:09:58
1.445506,-8.895594,2023-01-01T01:09:59
1.445506,-8.895594,2023-01-01T01:10:00
1.445506,-9.006789,2023-01-01T01:10:01
1.445506,-9.117984,2023-01-01T01:10:02
1.445506,-9.117984,2023-01-01T01:10:03
1.445506,-9.229179,2023-01-01T01:10:04
1.445506,-9.229179,2023-01-01T01:10:05
1.445506,-9.340374,2023-01-01T01:10:06
1.445506,-9.340374,2023-01-01T01:10:07
1.445506,-9.340374,2023-01-01T01:10:08
1.445506,-9.451569,2023-01-01T01:10:09
1.445506,-9.451569,2023-01-01T01:10:10
1.445506,-9.562764,2023-01-01T01:10:11
1.445506,-9.562764,2023-01-01T01:10:12
1.445506,-9.673959,2023-01-01T01:10:13
1.445506,-9.673959,2023-01-01T01:10:14
1.445506,-9.673959,2023-01-01T01:10:15
1.445506,-9.562764,2023-01-01T01:10:16
1.445506,-9.562764,2023-01-01T01:10:17
1.445506,-9.451569,2023-01-01T01:10:18
1.445506,-9.451569,2023-01-01T01:10:19
1.445506,-9.340374,2023-01-01T01:10:20
1.445506,-9.340374,2023-01-01T01:10:21
1.445506,-9.229179,2023-01-01T01:10:22
1.445506,-9.229179,2023-01-01T01:10:23
1.445506,-9.117984,2023-01-01T01:10:24
1.445506,-9.117984,2023-01-01T01:10:25
1.445506,-9.006789,2023-01-01T01:10:26
1.445506,-9.006789,2023-01-01T01:10:27
1.445506,-8.895594,2023-01-01T01:10:28
1.445506,-8.895594,2023-01-01T01:10:29
1.556698,-8.895594,2023-01-01T01:10:30
1.556698,-8.784399,2023-01-01T01:10:31
1.556698,-8.784399,2023-01-01T01:10:32
1.556698,-8.784399,2023-01-01T01:10:33
1.556698,-8.673204,2023-01-01T01:10:34
1.556698,-8.673204,2023-01-01T01:10:35
1.556698,-8.673204,2023-01-01T01:10:36
1.556698,-8.673204,2023-01-01T01:10:37
1.556698,-8.562009,2023-01-01T01:10:38
1.445506,-8.562009,2023-01-01T01:10:39
1.445506,-8.562009,2023-01-01T01:10:40
1.445506,-8.562009,2023-01-01T01:10:41
1.445506,-8.562009,2023-01-01T01:10:42
1.445506,-8.562009,2023-01-01T01:10:43
1.445506,-8.673204,2023-01-01T01:10:44
1.445506,-8.562009,2023-01-01T01:10:45
1.445506,-8.562009,2023-01-01T01:10:46
1.445506,-8.673204,2023-01-01T01:10:47
1.445506,-8.673204,2023-01-01T01:10:48
1.445506,-8.673204,2023-01-01T01:10:49
1.445506,-8.673204,2023-01-01T01:10:50
1.445506,-8.673204,2023-01-01T01:10:51
1.445506,-8.673204,2023-01-01T01:10:52
1.445506,-8.673204,2023-01-01T01:10:53
1.556698,-8.673204,2023-01-01T01:10:54
1.556698,-8.673204,2023-01-01T01:10:55
1.556698,-8.673204,2023-01-01T01:10:56
1.556698,-8.673204,2023-01-01T01:10:57
1.556698,-8.673204,2023-01-01T01:10:58
1.556698,-8.673204,2023-01-01T01:10:59
1.556698,-8.673204,2023-01-01T01:11:00
1.556698,-8.673204,2023-01-01T01:11:01
1.556698,-8.673204,2023-01-01T01:11:02
1.556698,-8.673204,2023-01-01T01:11:03
1.556698,-8.673204,2023-01-01T01:11:04
1.556698,-8.673204,2023-01-01T01:11:05
1.556698,-8.673204,2023-01-01T01:11:06
1.556698,-8.673204,2023-01-01T01:11:07
1.556698,-8.673204,2023-01-01T01:11:08
1.556698,-8.673204,2023-01-01T01:11:09
1.556698,-8.673204,2023-01-01T01:11:10
1.556698,-8.673204,2023-01-01T01:11:11
1.556698,-8.673204,2023-01-01T01:11:12
1.556698,-8.673204,2023-01-01T01:11:13
1.556698,-8.673204,2023-01-01T01:11:14
1.556698,-8.673204,2023-01-01T01:11:15
1.556698,-8.562009,2023-01-01T01:11:16
1.556698,-8.562009,2023-01-01T01:11:17
1.556698,-8.450814,2023-01-01T01:11:18
1.556698,-8.450814,2023-01-01T01:11:19
1.556698,-8.339619,2023-01-01T01:11:20
1.556698,-8.339619,2023-01-01T01:11:21
1.556698,-8.228425,2023-01-01T01:11:22
1.556698,-8.228425,2023-01-01T01:11:23
1.556698,-8.117230,2023-01-01T01:11:24
1.667891,-8.117230,2023-01-01T01:11:25
1.667891,-8.006035,2023-01-01T01:11:26
1.667891,-8.006035,2023-01-01T01:11:27
1.667891,-7.894840,2023-01-01T01:11:28
1.667891,-7.783645,2023-01-01T01:11:29
1.667891,-7.783645,2023-01-01T01:11:30
1.667891,-7.672450,2023-01-01T01:11:31
1.667891,-7.672450,2023-01-01T01:11:32
1.667891,-7.561255,2023-01-01T01:11:33
1.779084,-7.561255,2023-01-01T01:11:34
1.779084,-7.450060,2023-01-01T01:11:35
1.779084,-7.338865,2023-01-01T01:11:36
1.779084,-7.338865,2023-01-01T01:11:37
1.779084,-7.227670,2023-01-01T01:11:38
1.890277,-7.227670,2023-01-01T01:11:39
1.890277,-7.116475,2023-01-01T01:11:40
1.890277,-7.005280,2023-01-01T01:11:41
1.890277,-6.894085,2023-01-01T01:11:42
1.890277,-6.894085,2023-01-01T01:11:43
2.001469,-6.782891,2023-01-01T01:11:44
2.001469,-6.894085,2023-01-01T01:11:45
2.001469,-6.894085,2023-01-01T01:11:46
2.001469,-6.894085,2023-01-01T01:11:47
2.001469,-7.005280,2023-01-01T01:11:48
2.001469,-7.005280,2023-01-01T01:11:49
2.001469,-7.005280,2023-01-01T01:11:50
2.001469,-7.116475,2023-01-01T01:11:51
2.001469,-7.116475,2023-01-01T01:11:52
2.001469,-7.116475,2023-01-01T01:11:53
2.001469,-7.227670,2023-01-01T01:11:54
2.001469,-7.227670,2023-01-01T01:11:55
2.001469,-7.227670,2023-01-01T01:11:56
2.001469,-7.227670,2023-01-01T01:11:57
2.001469,-7.227670,2023-01-01T01:11:58
2.001469,-7.227670,2023-01-01T01:11:59
2.001469,-7.338865,2023-01-01T01:12:00
2.001469,-7.338865,2023-01-01T01:12:01
2.001469,-7.338865,2023-01-01T01:12:02
2.001469,-7.338865,2023-01-01T01:12:03
2.001469,-7.338865,2023-01-01T01:12:04
2.001469,-7.338865,2023-01-01T01:12:05
2.001469,-7.450060,2023-01-01T01:12:06
2.001469,-7.450060,2023-01-01T01:12:07
2.001469,-7.450060,2023-01-01T01:12:08
2.112662,-7.450060,2023-01-01T01:12:09
2.112662,-7.450060,2023-01-01T01:12:10
2.112662,-7.450060,2023-01-01T01:12:11
2.112662,-7.561255,2023-01-01T01:12:12
2.112662,-7.561255,2023-01-01T01:12:13
2.112662,-7.561255,2023-01-01T01:12:14
2.112662,-7.561255,2023-01-01T01:12:15
2.112662,-7.561255,2023-01-01T01:12:16
2.112662,-7.561255,2023-01-01T01:12:17
2.112662,-7.561255,2023-01-01T01:12:18
2.112662,-7.561255,2023-01-01T01:12:19
2.112662,-7.561255,2023-01-01T01:12:20
2.112662,-7.561255,2023-01-01T01:12:21
2.112662,-7.561255,2023-01-01T01:12:22
2.112662,-7.672450,2023-01-01T01:12:23
2.112662,-7.672450,2023-01-01T01:12:24
2.112662,-7.672450,2023-01-01T01:12:25
2.112662,-7.672450,2023-01-01T01:12:26
2.112662,-7.672450,2023-01-01T01:12:27
2.112662,-7.672450,2023-01-01T01:12:28
2.112662,-7.672450,2023-01-01T01:12:29
2.112662,-7.783645,2023-01-01T01:12:30
2.112662,-7.783645,2023-01-01T01:12:31
2.112662,-7.894840,2023-01-01T01:12:32
2.112662,-7.894840,2023-01-01T01:12:33
2.112662,-8.006035,2023-01-01T01:12:34
2.112662,-8.006035,2023-01-01T01:12:35
2.112662,-8.117230,2023-01-01T01:12:36
2.112662,-8.117230,2023-01-01T01:12:37
2.001469,-8.228425,2023-01-01T01:12:38
2.001469,-8.228425,2023-01-01T01:12:39
2.001469,-8.339619,2023-01-01T01:12:40
2.001469,-8.450814,2023-01-01T01:12:41
2.001469,-8.450814,2023-01-01T01:12:42
2.001469,-8.562009,2023-01-01T01:12:43
2.001469,-8.562009,2023-01-01T01:12:44
2.001469,-8.673204,2023-01-01T01:12:45
2.001469,-8.673204,2023-01-01T01:12:46
2.001469,-8.673204,2023-01-01T01:12:47
2.001469,-8.673204,2023-01-01T01:12:48
2.001469,-8.673204,2023-01-01T01:12:49
2.001469,-8.784399,2023-01-01T01:12:50
2.001469,-8.784399,2023-01-01T01:12:51
2.001469,-8.784399,2023-01-01T01:12:52
2.001469,-8.784399,2023-01-01T01:12:53
2.001469,-8.895594,2023-01-01T01:12:54
2.001469,-8.895594,2023-01-01T01:12:55
2.001469,-8.895594,2023-01-01T01:12:56
2.001469,-8.895594,2023-01-01T01:12:57
2.001469,-8.895594,2023-01-01T01:12:58
2.001469,-9.006789,2023-01-01T01:12:59
2.001469,-9.006789,2023-01-01T01:13:00
2.001469,-9.006789,2023-01-01T01:13:01
2.001469,-9.006789,2023-01-01T01:13:02
2.001469,-9.006789,2023-01-01T01:13:03
2.001469,-9.117984,2023-01-01T01:13:04
2.001469,-9.117984,2023-01-01T01:13:05
2.001469,-9.117984,2023-01-01T01:13:06
2.001469,-9.117984,2023-01-01T01:13:07
2.001469,-9.117984,2023-01-01T01:13:08
2.001469,-9.229179,2023-01-01T01:13:09
2.001469,-9.229179,2023-01-01T01:13:10
2.001469,-9.229179,2023-01-01T01:13:11
2.001469,-9.229179,2023-01-01T01:13:12
1.890277,-9.229179,2023-01-01T01:13:13
1.890277,-9.229179,2023-01-01T01:13:14
1.890277,-9.229179,2023-01-01T01:13:15
2.001469,-9.229179,2023-01-01T01:13:16
2.001469,-9.117984,2023-01-01T01:13:17
2.001469,-9.117984,2023-01-01T01:13:18
2.001469,-9.117984,2023-01-01T01:13:19
2.001469,-9.006789,2023-01-01T01:13:20
2.001469,-9.006789,2023-01-01T01:13:21
2.001469,-8.895594,2023-01-01T01:13:22
2.001469,-8.895594,2023-01-01T01:13:23
2.112662,-8.895594,2023-01-01T01:13:24
2.112662,-8.784399,2023-01-01T01:13:25
2.112662,-8.784399,2023-01-01T01:13:26
2.112662,-8.673204,2023-01-01T01:13:27
2.112662,-8.673204,2023-01-01T01:13:28
2.223855,-8.673204,2023-01-01T01:13:29
2.223855,-8.562009,2023-01-01T01:13:30
2.223855,-8.562009,2023-01-01T01:13:31
2.223855,-8.450814,2023-01-01T01:13:32
2.335048,-8.450814,2023-01-01T01:13:33
2.335048,-8.339619,2023-01-01T01:13:34
2.335048,-8.339619,2023-01-01T01:13:35
2.335048,-8.339619,2023-01-01T01:13:36
2.446240,-8.228425,2023-01-01T01:13:37
2.446240,-8.228425,2023-01-01T01:13:38
2.446240,-8.117230,2023-01-01T01:13:39
2.446240,-8.117230,2023-01-01T01:13:40
2.557433,-8.006035,2023-01-01T01:13:41
2.557433,-7.894840,2023-01-01T01:13:42
2.557433,-7.894840,2023-01-01T01:13:43
2.668626,-7.783645,2023-01-01T01:13:44
2.668626,-7.894840,2023-01-01T01:13:45
2.668626,-7.894840,2023-01-01T01:13:46
2.668626,-8.006035,2023-01-01T01:13:47
2.668626,-8.006035,2023-01-01T01:13:48
2.668626,-8.006035,2023-01-01T01:13:49
2.668626,-8.006035,2023-01-01T01:13:50
2.668626,-8.117230,2023-01-01T01:13:51
2.668626,-8.117230,2023-01-01T01:13:52
2.668626,-8.117230,2023-01-01T01:13:53
2.668626,-8.117230,2023-01-01T01:13:54
2.668626,-8.117230,2023-01-01T01:13:55
2.668626,-8.117230,2023-01-01T01:13:56
2.668626,-8.117230,2023-01-01T01:13:57
2.668626,-8.117230,2023-01-01T01:13:58
2.668626,-8.117230,2023-01-01T01:13:59
2.668626,-8.117230,2023-01-01T01:14:00
2.779819,-8.117230,2023-01-01T01:14:01
2.779819,-8.117230,2023-01-01T01:14:02
2.779819,-8.117230,2023-01-01T01:14:03
2.779819,-8.117230,2023-01-01T01:14:04
2.779819,-8.117230,2023-01-01T01:14:05
2.779819,-8.117230,2023-01-01T01:14:06
2.891011,-8.117230,2023-01-01T01:14:07
2.891011,-8.006035,2023-01-01T01:14:08
2.891011,-8.006035,2023-01-01T01:14:09
2.891011,-8.006035,2023-01-01T01:14:10
2.891011,-8.006035,2023-01-01T01:14:11
2.891011,-8.006035,2023-01-01T01:14:12
3.002204,-8.006035,2023-01-01T01:14:13
3.002204,-8.006035,2023-01-01T01:14:14
3.002204,-8.006035,2023-01-01T01:14:15
3.002204,-8.006035,2023-01-01T01:14:16
3.002204,-8.006035,2023-01-01T01:14:17
3.002204,-8.006035,2023-01-01T01:14:18
3.002204,-8.117230,2023-01-01T01:14:19
3.002204,-8.117230,2023-01-01T01:14:20
3.002204,-8.117230,2023-01-01T01:14:21
3.002204,-8.228425,2023-01-01T01:14:22
3.002204,-8.228425,2023-01-01T01:14:23
2.891011,-8.339619,2023-01-01T01:14:24
2.891011,-8.339619,2023-01-01T01:14:25
2.891011,-8.339619,2023-01-01T01:14:26
2.891011,-8.450814,2023-01-01T01:14:27
2.891011,-8.450814,2023-01-01T01:14:28
2.891011,-8.562009,2023-01-01T01:14:29
2.891011,-8.562009,2023-01-01T01:14:30
2.891011,-8.673204,2023-01-01T01:14:31
2.779819,-8.673204,2023-01-01T01:14:32
2.779819,-8.784399,2023-01-01T01:14:33
2.779819,-8.784399,2023-01-01T01:14:34
2.779819,-8.895594,2023-01-01T01:14:35
2.779819,-8.895594,2023-01-01T01:14:36
2.779819,-9.006789,2023-01-01T01:14:37
2.779819,-9.006789,2023-01-01T01:14:38
2.668626,-9.117984,2023-01-01T01:14:39
2.668626,-9.117984,2023-01-01T01:14:40
2.668626,-9.229179,2023-01-01T01:14:41
2.668626,-9.229179,2023-01-01T01:14:42
2.668626,-9.340374,2023-01-01T01:14:43
2.668626,-9.340374,2023-01-01T01:14:44
2.668626,-9.340374,2023-01-01T01:14:45
2.668626,-9.340374,2023-01-01T01:14:46
2.668626,-9.229179,2023-01-01T01:14:47
2.668626,-9.229179,2023-01-01T01:14:48
2.668626,-9.229179,2023-01-01T01:14:49
2.668626,-9.117984,2023-01-01T01:14:50
2.779819,-9.117984,2023-01-01T01:14:51
2.779819,-9.117984,2023-01-01T01:14:52
2.779819,-9.006789,2023-01-01T01:14:53
2.779819,-9.006789,2023-01-01T01:14:54
2.779819,-9.006789,2023-01-01T01:14:55
2.779819,-9.006789,2023-01-01T01:14:56
2.779819,-8.895594,2023-01-01T01:14:57
2.779819,-8.895594,2023-01-01T01:14:58
2.891011,-8.895594,2023-01-01T01:14:59
2.891011,-8.895594,2023-01-01T01:15:00
2.891011,-8.784399,2023-01-01T01:15:01
2.891011,-8.784399,2023-01-01T01:15:02
2.891011,-8.784399,2023-01-01T01:15:03
2.891011,-8.784399,2023-01-01T01:15:04
2.891011,-8.673204,2023-01-01T01:15:05
2.891011,-8.673204,2023-01-01T01:15:06
2.891011,-8.673204,2023-01-01T01:15:07
2.891011,-8.673204,2023-01-01T01:15:08
2.891011,-8.562009,2023-01-01T01:15:09
2.891011,-8.562009,2023-01-01T01:15:10
2.891011,-8.562009,2023-01-01T01:15:11
2.891011,-8.562009,2023-01-01T01:15:12
2.891011,-8.562009,2023-01-01T01:15:13
3.002204,-8.450814,2023-01-01T01:15:14
3.002204,-8.450814,2023-01-01T01:15:15
3.002204,-8.450814,2023-01-01T01:15:16
3.002204,-8.339619,2023-01-01T01:15:17
3.002204,-8.339619,2023-01-01T01:15:18
3.002204,-8.339619,2023-01-01T01:15:19
3.002204,-8.339619,2023-01-01T01:15:20
3.002204,-8.228425,2023-01-01T01:15:21
3.113397,-8.228425,2023-01-01T01:15:22
3.113397,-8.228425,2023-01-01T01:15:23
3.113397,-8.117230,2023-01-01T01:15:24
3.113397,-8.117230,2023-01-01T01:15:25
3.113397,-8.117230,2023-01-01T01:15:26
3.113397,-8.006035,2023-01-01T01:15:27
3.224590,-8.006035,2023-01-01T01:15:28
3.224590,-8.006035,2023-01-01T01:15:29
3.224590,-7.894840,2023-01-01T01:15:30
3.224590,-7.894840,2023-01-01T01:15:31
3.224590,-7.894840,2023-01-01T01:15:32
3.335782,-7.783645,2023-01-01T01:15:33
3.335782,-7.783645,2023-01-01T01:15:34
3.335782,-7.783645,2023-01-01T01:15:35
3.335782,-7.672450,2023-01-01T01:15:36
3.446975,-7.672450,2023-01-01T01:15:37
3.446975,-7.561255,2023-01-01T01:15:38
3.446975,-7.561255,2023-01-01T01:15:39
3.446975,-7.561255,2023-01-01T01:15:40
3.558168,-7.450060,2023-01-01T01:15:41
3.558168,-7.450060,2023-01-01T01:15:42
3.558168,-7.338865,2023-01-01T01:15:43
3.558168,-7.338865,2023-01-01T01:15:44
3.558168,-7.338865,2023-01-01T01:15:45
3.558168,-7.450060,2023-01-01T01:15:46
3.558168,-7.450060,2023-01-01T01:15:47
3.558168,-7.450060,2023-01-01T01:15:48
3.558168,-7.561255,2023-01-01T01:15:49
3.558168,-7.561255,2023-01-01T01:15:50
3.446975,-7.561255,2023-01-01T01:15:51
3.446975,-7.561255,2023-01-01T01:15:52
3.446975,-7.672450,2023-01-01T01:15:53
3.446975,-7.672450,2023-01-01T01:15:54
3.446975,-7.783645,2023-01-01T01:15:55
3.335782,-7.783645,2023-01-01T01:15:56
3.335782,-7.894840,2023-01-01T01:15:57
3.335782,-8.006035,2023-01-01T01:15:58
3.224590,-8.117230,2023-01-01T01:15:59
3.224590,-8.228425,2023-01-01T01:16:00
3.113397,-8.339619,2023-01-01T01:16:01
3.113397,-8.450814,2023-01-01T01:16:02
3.002204,-8.562009,2023-01-01T01:16:03
3.002204,-8.673204,2023-01-01T01:16:04
2.891011,-8.784399,2023-01-01T01:16:05
2.891011,-8.895594,2023-01-01T01:16:06
2.891011,-9.006789,2023-01-01T01:16:07
2.779819,-9.117984,2023-01-01T01:16:08
2.779819,-9.229179,2023-01-01T01:16:09
2.668626,-9.340374,2023-01-01T01:16:10
2.557433,-9.562764,2023-01-01T01:16:11
2.557433,-9.673959,2023-01-01T01:16:12
2.446240,-9.785154,2023-01-01T01:16:13
2.446240,-9.896348,2023-01-01T01:16:14
2.446240,-9.896348,2023-01-01T01:16:15
2.446240,-10.007543,2023-01-01T01:16:16
2.446240,-10.007543,2023-01-01T01:16:17
2.446240,-10.007543,2023-01-01T01:16:18
2.446240,-10.007543,2023-01-01T01:16:19
2.335048,-10.007543,2023-01-01T01:16:20
2.335048,-10.118738,2023-01-01T01:16:21
2.335048,-10.118738,2023-01-01T01:16:22
2.335048,-10.118738,2023-01-01T01:16:23
2.335048,-10.118738,2023-01-01T01:16:24
2.335048,-10.118738,2023-01-01T01:16:25
2.335048,-10.118738,2023-01-01T01:16:26
2.335048,-10.229933,2023-01-01T01:16:27
2.335048,-10.229933,2023-01-01T01:16:28
2.335048,-10.229933,2023-01-01T01:16:29
2.335048,-10.229933,2023-01-01T01:16:30
2.335048,-10.229933,2023-01-01T01:16:31
2.335048,-10.229933,2023-01-01T01:16:32
2.335048,-10.341128,2023-01-01T01:16:33
2.335048,-10.341128,2023-01-01T01:16:34
2.335048,-10.341128,2023-01-01T01:16:35
2.335048,-10.341128,2023-01-01T01:16:36
2.335048,-10.341128,2023-01-01T01:16:37
2.335048,-10.341128,2023-01-01T01:16:38
2.335048,-10.452323,2023-01-01T01:16:39
2.335048,-10.452323,2023-01-01T01:16:40
2.335048,-10.452323,2023-01-01T01:16:41
2.335048,-10.452323,2023-01-01T01:16:42
2.335048,-10.452323,2023-01-01T01:16:43
2.335048,-10.452323,2023-01-01T01:16:44
2.335048,-10.452323,2023-01-01T01:16:45
2.335048,-10.341128,2023-01-01T01:16:46
2.446240,-10.341128,2023-01-01T01:16:47
2.446240,-10.229933,2023-01-01T01:16:48
2.446240,-10.118738,2023-01-01T01:16:49
2.557433,-10.118738,2023-01-01T01:16:50
2.557433,-10.007543,2023-01-01T01:16:51
2.668626,-10.007543,2023-01-01T01:16:52
2.668626,-9.896348,2023-01-01T01:16:53
2.668626,-9.896348,2023-01-01T01:16:54
2.779819,-9.785154,2023-01-01T01:16:55
2.779819,-9.785154,2023-01-01T01:16:56
2.779819,-9.673959,2023-01-01T01:16:57
2.891011,-9.673959,2023-01-01T01:16:58
2.891011,-9.562764,2023-01-01T01:16:59
2.891011,-9.562764,2023-01-01T01:17:00
2.891011,-9.451569,2023-01-01T01:17:01
3.002204,-9.451569,2023-01-01T01:17:02
3.002204,-9.340374,2023-01-01T01:17:03
3.002204,-9.340374,2023-01-01T01:17:04
3.002204,-9.229179,2023-01-01T01:17:05
3.113397,-9.229179,2023-01-01T01:17:06
3.113397,-9.229179,2023-01-01T01:17:07
3.113397,-9.117984,2023-01-01T01:17:08
3.113397,-9.117984,2023-01-01T01:17:09
3.224590,-9.006789,2023-01-01T01:17:10
3.224590,-9.006789,2023-01-01T01:17:11
3.224590,-9.006789,2023-01-01T01:17:12
3.224590,-8.895594,2023-01-01T01:17:13
3.335782,-8.895594,2023-01-01T01:17:14
3.335782,-8.895594,2023-01-01T01:17:15
3.335782,-8.784399,2023-01-01T01:17:16
3.335782,-8.784399,2023-01-01T01:17:17
3.335782,-8.784399,2023-01-01T01:17:18
3.335782,-8.784399,2023-01-01T01:17:19
3.446975,-8.784399,2023-01-01T01:17:20
3.446975,-8.784399,2023-01-01T01:17:21
3.446975,-8.784399,2023-01-01T01:17:22
3.446975,-8.784399,2023-01-01T01:17:23
3.446975,-8.673204,2023-01-01T01:17:24
3.558168,-8.673204,2023-01-01T01:17:25
3.558168,-8.673204,2023-01-01T01:17:26
3.558168,-8.673204,2023-01-01T01:17:27
3.558168,-8.673204,2023-01-01T01:17:28
3.558168,-8.673204,2023-01-01T01:17:29
3.669361,-8.673204,2023-01-01T01:17:30
3.669361,-8.562009,2023-01-01T01:17:31
3.669361,-8.562009,2023-01-01T01:17:32
3.669361,-8.562009,2023-01-01T01:17:33
3.780553,-8.562009,2023-01-01T01:17:34
3.780553,-8.562009,2023-01-01T01:17:35
3.780553,-8.450814,2023-01-01T01:17:36
3.780553,-8.450814,2023-01-01T01:17:37
3.891746,-8.450814,2023-01-01T01:17:38
3.891746,-8.450814,2023-01-01T01:17:39
3.891746,-8.450814,2023-01-01T01:17:40
3.891746,-8.339619,2023-01-01T01:17:41
4.002939,-8.339619,2023-01-01T01:17:42
4.002939,-8.339619,2023-01-01T01:17:43
4.002939,-8.339619,2023-01-01T01:17:44
4.002939,-8.339619,2023-01-01T01:17:45
4.002939,-8.339619,2023-01-01T01:17:46
4.002939,-8.339619,2023-01-01T01:17:47
4.002939,-8.450814,2023-01-01T01:17:48
4.002939,-8.450814,2023-01-01T01:17:49
4.002939,-8.450814,2023-01-01T01:17:50
4.002939,-8.450814,2023-01-01T01:17:51
4.002939,-8.450814,2023-01-01T01:17:52
4.002939,-8.450814,2023-01-01T01:17:53
4.002939,-8.562009,2023-01-01T01:17:54
4.002939,-8.562009,2023-01-01T01:17:55
4.002939,-8.562009,2023-01-01T01:17:56
4.002939,-8.562009,2023-01-01T01:17:57
4.002939,-8.562009,2023-01-01T01:17:58
4.002939,-8.562009,2023-01-01T01:17:59
4.114132,-8.562009,2023-01-01T01:18:00
4.114132,-8.562009,2023-01-01T01:18:01
4.114132,-8.562009,2023-01-01T01:18:02
4.114132,-8.562009,2023-01-01T01:18:03
4.114132,-8.562009,2023-01-01T01:18:04
4.114132,-8.562009,2023-01-01T01:18:05
4.114132,-8.562009,2023-01-01T01:18:06
4.114132,-8.562009,2023-01-01T01:18:07
4.225324,-8.562009,2023-01-01T01:18:08
4.225324,-8.562009,2023-01-01T01:18:09
4.225324,-8.562009,2023-01-01T01:18:10
4.225324,-8.562009,2023-01-01T01:18:11
4.225324,-8.562009,2023-01-01T01:18:12
4.336517,-8.450814,2023-01-01T01:18:13
4.336517,-8.450814,2023-01-01T01:18:14
4.336517,-8.450814,2023-01-01T01:18:15
4.336517,-8.450814,2023-01-01T01:18:16
4.336517,-8.450814,2023-01-01T01:18:17
4.336517,-8.450814,2023-01-01T01:18:18
4.447710,-8.450814,2023-01-01T01:18:19
4.447710,-8.450814,2023-01-01T01:18:20
4.447710,-8.339619,2023-01-01T01:18:21
4.447710,-8.339619,2023-01-01T01:18:22
4.447710,-8.339619,2023-01-01T01:18:23
4.558903,-8.339619,2023-01-01T01:18:24
4.558903,-8.339619,2023-01-01T01:18:25
4.558903,-8.228425,2023-01-01T01:18:26
4.558903,-8.228425,2023-01-01T01:18:27
4.558903,-8.228425,2023-01-01T01:18:28
4.670095,-8.228425,2023-01-01T01:18:29
4.670095,-8.228425,2023-01-01T01:18:30
4.670095,-8.117230,2023-01-01T01:18:31
4.670095,-8.117230,2023-01-01T01:18:32
4.781288,-8.117230,2023-01-01T01:18:33
4.781288,-8.117230,2023-01-01T01:18:34
4.781288,-8.006035,2023-01-01T01:18:35
4.781288,-8.006035,2023-01-01T01:18:36
4.781288,-8.006035,2023-01-01T01:18:37
4.892481,-8.006035,2023-01-01T01:18:38
4.892481,-7.894840,2023-01-01T01:18:39
4.892481,-7.894840,2023-01-01T01:18:40
4.892481,-7.894840,2023-01-01T01:18:41
5.003674,-7.894840,2023-01-01T01:18:42
5.003674,-7.783645,2023-01-01T01:18:43
5.003674,-7.783645,2023-01-01T01:18:44
5.003674,-7.783645,2023-01-01T01:18:45
5.003674,-7.783645,2023-01-01T01:18:46
5.003674,-7.783645,2023-01-01T01:18:47
5.003674,-7.783645,2023-01-01T01:18:48
5.114866,-7.672450,2023-01-01T01:18:49
5.114866,-7.672450,2023-01-01T01:18:50
5.114866,-7.672450,2023-01-01T01:18:51
5.114866,-7.672450,2023-01-01T01:18:52
5.114866,-7.672450,2023-01-01T01:18:53
5.114866,-7.672450,2023-01-01T01:18:54
5.114866,-7.672450,2023-01-01T01:18:55
5.114866,-7.672450,2023-01-01T01:18:56
5.114866,-7.783645,2023-01-01T01:18:57
5.003674,-7.783645,2023-01-01T01:18:58
5.003674,-7.783645,2023-01-01T01:18:59
5.003674,-7.783645,2023-01-01T01:19:00
5.003674,-7.783645,2023-01-01T01:19:01
5.003674,-7.783645,2023-01-01T01:19:02
5.003674,-7.894840,2023-01-01T01:19:03
5.003674,-7.894840,2023-01-01T01:19:04
5.003674,-7.894840,2023-01-01T01:19:05
5.003674,-7.894840,2023-01-01T01:19:06
5.003674,-7.894840,2023-01-01T01:19:07
5.003674,-7.894840,2023-01-01T01:19:08
4.892481,-8.006035,2023-01-01T01:19:09
4.892481,-8.006035,2023-01-01T01:19:10
4.892481,-8.006035,2023-01-01T01:19:11
4.892481,-8.006035,2023-01-01T01:19:12
4.892481,-8.006035,2023-01-01T01:19:13
4.892481,-8.117230,2023-01-01T01:19:14
4.892481,-8.117230,2023-01-01T01:19:15
4.892481,-8.228425,2023-01-01T01:19:16
4.781288,-8.228425,2023-01-01T01:19:17
4.781288,-8.339619,2023-01-01T01:19:18
4.670095,-8.450814,2023-01-01T01:19:19
4.670095,-8.562009,2023-01-01T01:19:20
4.558903,-8.673204,2023-01-01T01:19:21
4.447710,-8.784399,2023-01-01T01:19:22
4.447710,-8.895594,2023-01-01T01:19:23
4.336517,-9.006789,2023-01-01T01:19:24
4.336517,-9.117984,2023-01-01T01:19:25
4.225324,-9.229179,2023-01-01T01:19:26
4.114132,-9.340374,2023-01-01T01:19:27
4.114132,-9.340374,2023-01-01T01:19:28
4.002939,-9.451569,2023-01-01T01:19:29
4.002939,-9.562764,2023-01-01T01:19:30
3.891746,-9.673959,2023-01-01T01:19:31
3.891746,-9.785154,2023-01-01T01:19:32
3.780553,-9.896348,2023-01-01T01:19:33
3.780553,-10.007543,2023-01-01T01:19:34
3.669361,-10.007543,2023-01-01T01:19:35
3.669361,-10.118738,2023-01-01T01:19:36
3.558168,-10.229933,2023-01-01T01:19:37
3.558168,-10.341128,2023-01-01T01:19:38
3.446975,-10.341128,2023-01-01T01:19:39
3.446975,-10.452323,2023-01-01T01:19:40
3.335782,-10.563518,2023-01-01T01:19:41
3.335782,-10.674713,2023-01-01T01:19:42
3.335782,-10.674713,2023-01-01T01:19:43
3.224590,-10.785908,2023-01-01T01:19:44
3.335782,-10.674713,2023-01-01T01:19:45
3.335782,-10.674713,2023-01-01T01:19:46
3.335782,-10.674713,2023-01-01T01:19:47
3.446975,-10.563518,2023-01-01T01:19:48
3.446975,-10.563518,2023-01-01T01:19:49
3.558168,-10.452323,2023-01-01T01:19:50
3.558168,-10.452323,2023-01-01T01:19:51
3.558168,-10.452323,2023-01-01T01:19:52
3.669361,-10.341128,2023-01-01T01:19:53
3.669361,-10.341128,2023-01-01T01:19:54
3.780553,-10.341128,2023-01-01T01:19:55
3.780553,-10.229933,2023-01-01T01:19:56
3.780553,-10.229933,2023-01-01T01:19:57
3.891746,-10.229933,2023-01-01T01:19:58
3.891746,-10.118738,2023-01-01T01:19:59
3.891746,-10.118738,2023-01-01T01:20:00
3.891746,-10.118738,2023-01-01T01:20:01
4.002939,-10.007543,2023-01-01T01:20:02
4.002939,-10.007543,2023-01-01T01:20:03
4.002939,-10.007543,2023-01-01T01:20:04
4.002939,-9.896348,2023-01-01T01:20:05
4.114132,-9.896348,2023-01-01T01:20:06
4.114132,-9.896348,2023-01-01T01:20:07
4.114132,-9.785154,2023-01-01T01:20:08
4.225324,-9.785154,2023-01-01T01:20:09
4.225324,-9.785154,2023-01-01T01:20:10
4.225324,-9.785154,2023-01-01T01:20:11
4.225324,-9.673959,2023-01-01T01:20:12
4.336517,-9.673959,2023-01-01T01:20:13
4.336517,-9.673959,2023-01-01T01:20:14
4.336517,-9.673959,2023-01-01T01:20:15
4.336517,-9.562764,2023-01-01T01:20:16
4.336517,-9.562764,2023-01-01T01:20:17
4.447710,-9.562764,2023-01-01T01:20:18
4.447710,-9.562764,2023-01-01T01:20:19
4.447710,-9.562764,2023-01-01T01:20:20
4.447710,-9.451569,2023-01-01T01:20:21
4.447710,-9.451569,2023-01-01T01:20:22
4.558903,-9.451569,2023-01-01T01:20:23
4.558903,-9.451569,2023-01-01T01:20:24
4.558903,-9.340374,2023-01-01T01:20:25
4.558903,-9.340374,2023-01-01T01:20:26
4.558903,-9.340374,2023-01-01T01:20:27
4.670095,-9.340374,2023-01-01T01:20:28
4.670095,-9.340374,2023-01-01T01:20:29
4.670095,-9.229179,2023-01-01T01:20:30
4.670095,-9.229179,2023-01-01T01:20:31
4.781288,-9.229179,2023-01-01T01:20:32
4.781288,-9.229179,2023-01-01T01:20:33
4.781288,-9.229179,2023-01-01T01:20:34
4.781288,-9.117984,2023-01-01T01:20:35
4.892481,-9.117984,2023-01-01T01:20:36
4.892481,-9.117984,2023-01-01T01:20:37
4.892481,-9.117984,2023-01-01T01:20:38
5.003674,-9.117984,2023-01-01T01:20:39
5.003674,-9.117984,2023-01-01T01:20:40
5.003674,-9.006789,2023-01-01T01:20:41
5.114866,-9.006789,2023-01-01T01:20:42
5.114866,-9.006789,2023-01-01T01:20:43
5.114866,-9.006789,2023-01-01T01:20:44
5.114866,-9.006789,2023-01-01T01:20:45
5.114866,-9.006789,2023-01-01T01:20:46
5.114866,-9.006789,2023-01-01T01:20:47
5.226059,-9.006789,2023-01-01T01:20:48
5.226059,-9.006789,2023-01-01T01:20:49
5.226059,-9.117984,2023-01-01T01:20:50
5.226059,-9.117984,2023-01-01T01:20:51
5.226059,-9.117984,2023-01-01T01:20:52
5.337252,-9.117984,2023-01-01T01:20:53
5.337252,-9.117984,2023-01-01T01:20:54
5.337252,-9.117984,2023-01-01T01:20:55
5.337252,-9.117984,2023-01-01T01:20:56
5.337252,-9.117984,2023-01-01T01:20:57
5.448445,-9.117984,2023-01-01T01:20:58
5.448445,-9.117984,2023-01-01T01:20:59
5.448445,-9.117984,2023-01-01T01:21:00
5.448445,-9.117984,2023-01-01T01:21:01
5.559637,-9.117984,2023-01-01T01:21:02
5.559637,-9.006789,2023-01-01T01:21:03
5.559637,-9.006789,2023-01-01T01:21:04
5.559637,-9.006789,2023-01-01T01:21:05
5.670830,-9.006789,2023-01-01T01:21:06
5.670830,-9.006789,2023-01-01T01:21:07
5.670830,-9.006789,2023-01-01T01:21:08
5.782023,-9.006789,2023-01-01T01:21:09
5.782023,-9.006789,2023-01-01T01:21:10
5.782023,-9.006789,2023-01-01T01:21:11
5.893216,-9.006789,2023-01-01T01:21:12
5.893216,-9.006789,2023-01-01T01:21:13
5.893216,-9.006789,2023-01-01T01:21:14
5.893216,-9.006789,2023-01-01T01:21:15
6.004408,-9.006789,2023-01-01T01:21:16
6.004408,-9.006789,2023-01-01T01:21:17
6.004408,-9.006789,2023-01-01T01:21:18
6.115601,-9.006789,2023-01-01T01:21:19
6.115601,-9.006789,2023-01-01T01:21:20
6.115601,-9.006789,2023-01-01T01:21:21
6.115601,-9.006789,2023-01-01T01:21:22
6.226794,-9.006789,2023-01-01T01:21:23
6.226794,-8.895594,2023-01-01T01:21:24
6.226794,-8.895594,2023-01-01T01:21:25
6.337987,-8.895594,2023-01-01T01:21:26
6.337987,-8.895594,2023-01-01T01:21:27
6.337987,-8.895594,2023-01-01T01:21:28
6.449179,-8.895594,2023-01-01T01:21:29
6.449179,-8.895594,2023-01-01T01:21:30
6.560372,-8.895594,2023-01-01T01:21:31
6.560372,-8.895594,2023-01-01T01:21:32
6.560372,-8.895594,2023-01-01T01:21:33
6.671565,-8.895594,2023-01-01T01:21:34
6.671565,-8.895594,2023-01-01T01:21:35
6.782758,-8.895594,2023-01-01T01:21:36
6.782758,-8.895594,2023-01-01T01:21:37
6.782758,-8.895594,2023-01-01T01:21:38
6.893950,-8.895594,2023-01-01T01:21:39
6.893950,-8.784399,2023-01-01T01:21:40
6.893950,-8.784399,2023-01-01T01:21:41
7.005143,-8.784399,2023-01-01T01:21:42
7.005143,-8.784399,2023-01-01T01:21:43
7.005143,-8.784399,2023-01-01T01:21:44
7.005143,-8.784399,2023-01-01T01:21:45
7.116336,-8.784399,2023-01-01T01:21:46
7.116336,-8.784399,2023-01-01T01:21:47
7.116336,-8.895594,2023-01-01T01:21:48
7.116336,-8.895594,2023-01-01T01:21:49
7.116336,-8.895594,2023-01-01T01:21:50
7.116336,-8.895594,2023-01-01T01:21:51
7.227529,-8.895594,2023-01-01T01:21:52
7.227529,-8.895594,2023-01-01T01:21:53
7.227529,-8.895594,2023-01-01T01:21:54
7.227529,-8.895594,2023-01-01T01:21:55
7.227529,-8.895594,2023-01-01T01:21:56
7.227529,-8.895594,2023-01-01T01:21:57
7.338721,-8.895594,2023-01-01T01:21:58
7.338721,-8.895594,2023-01-01T01:21:59
7.338721,-8.895594,2023-01-01T01:22:00
7.338721,-8.895594,2023-01-01T01:22:01
7.338721,-8.895594,2023-01-01T01:22:02
7.338721,-8.895594,2023-01-01T01:22:03
7.338721,-9.006789,2023-01-01T01:22:04
7.449914,-9.006789,2023-01-01T01:22:05
7.449914,-9.006789,2023-01-01T01:22:06
7.449914,-9.006789,2023-01-01T01:22:07
7.449914,-9.006789,2023-01-01T01:22:08
7.449914,-9.006789,2023-01-01T01:22:09
7.449914,-9.006789,2023-01-01T01:22:10
7.561107,-9.006789,2023-01-01T01:22:11
7.561107,-9.006789,2023-01-01T01:22:12
7.561107,-9.006789,2023-01-01T01:22:13
7.561107,-9.006789,2023-01-01T01:22:14
7.561107,-9.006789,2023-01-01T01:22:15
7.561107,-9.117984,2023-01-01T01:22:16
7.561107,-9.117984,2023-01-01T01:22:17
7.561107,-9.117984,2023-01-01T01:22:18
7.561107,-9.117984,2023-01-01T01:22:19
7.561107,-9.117984,2023-01-01T01:22:20
7.561107,-9.117984,2023-01-01T01:22:21
7.561107,-9.229179,2023-01-01T01:22:22
7.561107,-9.229179,2023-01-01T01:22:23
7.561107,-9.229179,2023-01-01T01:22:24
7.561107,-9.229179,2023-01-01T01:22:25
7.672300,-9.229179,2023-01-01T01:22:26
7.672300,-9.229179,2023-01-01T01:22:27
7.672300,-9.229179,2023-01-01T01:22:28
7.672300,-9.340374,2023-01-01T01:22:29
7.672300,-9.340374,2023-01-01T01:22:30
7.672300,-9.340374,2023-01-01T01:22:31
7.672300,-9.340374,2023-01-01T01:22:32
7.672300,-9.340374,2023-01-01T01:22:33
7.672300,-9.340374,2023-01-01T01:22:34
7.672300,-9.340374,2023-01-01T01:22:35
7.672300,-9.340374,2023-01-01T01:22:36
7.672300,-9.451569,2023-01-01T01:22:37
7.783492,-9.451569,2023-01-01T01:22:38
7.783492,-9.451569,2023-01-01T01:22:39
7.783492,-9.451569,2023-01-01T01:22:40
7.783492,-9.451569,2023-01-01T01:22:41
7.783492,-9.451569,2023-01-01T01:22:42
7.783492,-9.451569,2023-01-01T01:22:43
7.783492,-9.451569,2023-01-01T01:22:44
7.783492,-9.451569,2023-01-01T01:22:45
7.783492,-9.451569,2023-01-01T01:22:46
7.783492,-9.562764,2023-01-01T01:22:47
7.783492,-9.562764,2023-01-01T01:22:48
7.783492,-9.562764,2023-01-01T01:22:49
7.783492,-9.562764,2023-01-01T01:22:50
7.783492,-9.562764,2023-01-01T01:22:51
7.783492,-9.562764,2023-01-01T01:22:52
7.783492,-9.562764,2023-01-01T01:22:53
7.894685,-9.562764,2023-01-01T01:22:54
7.894685,-9.673959,2023-01-01T01:22:55
7.894685,-9.673959,2023-01-01T01:22:56
7.894685,-9.673959,2023-01-01T01:22:57
7.894685,-9.673959,2023-01-01T01:22:58
7.894685,-9.673959,2023-01-01T01:22:59
7.894685,-9.673959,2023-01-01T01:23:00
7.894685,-9.673959,2023-01-01T01:23:01
7.894685,-9.673959,2023-01-01T01:23:02
7.894685,-9.785154,2023-01-01T01:23:03
7.894685,-9.785154,2023-01-01T01:23:04
7.894685,-9.785154,2023-01-01T01:23:05
8.005878,-9.785154,2023-01-01T01:23:06
8.005878,-9.785154,2023-01-01T01:23:07
8.005878,-9.785154,2023-01-01T01:23:08
8.005878,-9.785154,2023-01-01T01:23:09
8.005878,-9.785154,2023-01-01T01:23:10
8.005878,-9.785154,2023-01-01T01:23:11
8.005878,-9.785154,2023-01-01T01:23:12
8.005878,-9.785154,2023-01-01T01:23:13
8.005878,-9.896348,2023-01-01T01:23:14
8.005878,-9.896348,2023-01-01T01:23:15
8.005878,-9.896348,2023-01-01T01:23:16
8.005878,-9.896348,2023-01-01T01:23:17
8.005878,-9.896348,2023-01-01T01:23:18
8.005878,-9.896348,2023-01-01T01:23:19
8.117071,-9.896348,2023-01-01T01:23:20
8.117071,-9.896348,2023-01-01T01:23:21
8.117071,-9.896348,2023-01-01T01:23:22
8.117071,-9.896348,2023-01-01T01:23:23
8.117071,-9.896348,2023-01-01T01:23:24
8.117071,-9.896348,2023-01-01T01:23:25
8.117071,-9.896348,2023-01-01T01:23:26
8.117071,-9.896348,2023-01-01T01:23:27
8.117071,-9.896348,2023-01-01T01:23:28
8.117071,-9.896348,2023-01-01T01:23:29
8.117071,-9.896348,2023-01-01T01:23:30
8.117071,-9.896348,2023-01-01T01:23:31
8.228263,-9.896348,2023-01-01T01:23:32
8.228263,-9.896348,2023-01-01T01:23:33
8.228263,-9.896348,2023-01-01T01:23:34
8.228263,-9.896348,2023-01-01T01:23:35
8.228263,-10.007543,2023-01-01T01:23:36
8.228263,-10.007543,2023-01-01T01:23:37
8.228263,-10.007543,2023-01-01T01:23:38
8.228263,-10.007543,2023-01-01T01:23:39
8.228263,-10.007543,2023-01-01T01:23:40
8.228263,-10.007543,2023-01-01T01:23:41
8.228263,-10.007543,2023-01-01T01:23:42
8.339456,-10.007543,2023-01-01T01:23:43
8.339456,-10.007543,2023-01-01T01:23:44
8.339456,-10.007543,2023-01-01T01:23:45
8.339456,-10.007543,2023-01-01T01:23:46
8.339456,-10.007543,2023-01-01T01:23:47
8.339456,-10.007543,2023-01-01T01:23:48
8.339456,-10.007543,2023-01-01T01:23:49
8.339456,-10.007543,2023-01-01T01:23:50
8.339456,-10.007543,2023-01-01T01:23:51
8.450649,-10.007543,2023-01-01T01:23:52
8.450649,-10.007543,2023-01-01T01:23:53
8.450649,-10.007543,2023-01-01T01:23:54
8.450649,-10.007543,2023-01-01T01:23:55
8.450649,-10.007543,2023-01-01T01:23:56
8.450649,-10.007543,2023-01-01T01:23:57
8.450649,-10.007543,2023-01-01T01:23:58
8.450649,-10.007543,2023-01-01T01:23:59
8.450649,-10.007543,2023-01-01T01:24:00
8.450649,-10.007543,2023-01-01T01:24:01
8.450649,-10.007543,2023-01-01T01:24:02
8.561842,-10.007543,2023-01-01T01:24:03
8.561842,-10.007543,2023-01-01T01:24:04
8.561842,-10.007543,2023-01-01T01:24:05
8.561842,-10.007543,2023-01-01T01:24:06
8.561842,-10.007543,2023-01-01T01:24:07
8.561842,-10.007543,2023-01-01T01:24:08
8.561842,-10.007543,2023-01-01T01:24:09
8.561842,-10.007543,2023-01-01T01:24:10
8.673034,-10.007543,2023-01-01T01:24:11
8.673034,-10.007543,2023-01-01T01:24:12
8.673034,-10.007543,2023-01-01T01:24:13
8.673034,-10.007543,2023-01-01T01:24:14
8.673034,-10.007543,2023-01-01T01:24:15
8.673034,-10.007543,2023-01-01T01:24:16
8.673034,-10.007543,2023-01-01T01:24:17
8.673034,-10.007543,2023-01-01T01:24:18
8.673034,-10.007543,2023-01-01T01:24:19
8.673034,-10.007543,2023-01-01T01:24:20
8.784227,-10.007543,2023-01-01T01:24:21
8.784227,-10.007543,2023-01-01T01:24:22
8.784227,-10.007543,2023-01-01T01:24:23
8.784227,-10.007543,2023-01-01T01:24:24
8.784227,-10.007543,2023-01-01T01:24:25
8.784227,-10.007543,2023-01-01T01:24:26
8.784227,-10.007543,2023-01-01T01:24:27
8.784227,-10.007543,2023-01-01T01:24:28
8.784227,-10.007543,2023-01-01T01:24:29
8.895420,-10.007543,2023-01-01T01:24:30
8.895420,-10.007543,2023-01-01T01:24:31
8.895420,-10.007543,2023-01-01T01:24:32
8.895420,-10.007543,2023-01-01T01:24:33
8.895420,-10.007543,2023-01-01T01:24:34
8.895420,-10.007543,2023-01-01T01:24:35
8.895420,-10.007543,2023-01-01T01:24:36
9.006613,-10.007543,2023-01-01T01:24:37
9.006613,-10.007543,2023-01-01T01:24:38
9.006613,-10.007543,2023-01-01T01:24:39
9.006613,-10.007543,2023-01-01T01:24:40
9.006613,-10.007543,2023-01-01T01:24:41
9.006613,-10.007543,2023-01-01T01:24:42
9.006613,-10.007543,2023-01-01T01:24:43
9.006613,-10.007543,2023-01-01T01:24:44
8.895420,-10.118738,2023-01-01T01:24:45
8.895420,-10.118738,2023-01-01T01:24:46
8.895420,-10.118738,2023-01-01T01:24:47
8.784227,-10.229933,2023-01-01T01:24:48
8.784227,-10.229933,2023-01-01T01:24:49
8.673034,-10.341128,2023-01-01T01:24:50
8.673034,-10.341128,2023-01-01T01:24:51
8.561842,-10.452323,2023-01-01T01:24:52
8.561842,-10.452323,2023-01-01T01:24:53
8.561842,-10.563518,2023-01-01T01:24:54
8.450649,-10.563518,2023-01-01T01:24:55
8.450649,-10.674713,2023-01-01T01:24:56
8.339456,-10.674713,2023-01-01T01:24:57
8.339456,-10.674713,2023-01-01T01:24:58
8.228263,-10.785908,2023-01-01T01:24:59
8.228263,-10.785908,2023-01-01T01:25:00
8.117071,-10.897103,2023-01-01T01:25:01
8.117071,-10.897103,2023-01-01T01:25:02
8.005878,-11.008298,2023-01-01T01:25:03
8.005878,-11.008298,2023-01-01T01:25:04
7.894685,-11.119493,2023-01-01T01:25:05
7.894685,-11.119493,2023-01-01T01:25:06
7.783492,-11.230688,2023-01-01T01:25:07
7.783492,-11.230688,2023-01-01T01:25:08
7.783492,-11.341883,2023-01-01T01:25:09
7.672300,-11.341883,2023-01-01T01:25:10
7.672300,-11.453077,2023-01-01T01:25:11
7.561107,-11.453077,2023-01-01T01:25:12
7.561107,-11.453077,2023-01-01T01:25:13
7.561107,-11.453077,2023-01-01T01:25:14
7.561107,-11.453077,2023-01-01T01:25:15
7.672300,-11.453077,2023-01-01T01:25:16
7.672300,-11.453077,2023-01-01T01:25:17
7.672300,-11.453077,2023-01-01T01:25:18
7.672300,-11.341883,2023-01-01T01:25:19
7.783492,-11.341883,2023-01-01T01:25:20
7.783492,-11.341883,2023-01-01T01:25:21
7.783492,-11.341883,2023-01-01T01:25:22
7.783492,-11.341883,2023-01-01T01:25:23
7.783492,-11.341883,2023-01-01T01:25:24
7.894685,-11.341883,2023-01-01T01:25:25
7.894685,-11.341883,2023-01-01T01:25:26
7.894685,-11.230688,2023-01-01T01:25:27
7.894685,-11.230688,2023-01-01T01:25:28
7.894685,-11.230688,2023-01-01T01:25:29
8.005878,-11.230688,2023-01-01T01:25:30
8.005878,-11.230688,2023-01-01T01:25:31
8.005878,-11.230688,2023-01-01T01:25:32
8.005878,-11.230688,2023-01-01T01:25:33
8.005878,-11.119493,2023-01-01T01:25:34
8.005878,-11.119493,2023-01-01T01:25:35
8.117071,-11.119493,2023-01-01T01:25:36
8.117071,-11.119493,2023-01-01T01:25:37
8.117071,-11.119493,2023-01-01T01:25:38
8.117071,-11.119493,2023-01-01T01:25:39
8.117071,-11.008298,2023-01-01T01:25:40
8.117071,-11.008298,2023-01-01T01:25:41
8.228263,-11.008298,2023-01-01T01:25:42
8.228263,-11.008298,2023-01-01T01:25:43
8.228263,-11.008298,2023-01-01T01:25:44
8.339456,-11.008298,2023-01-01T01:25:45
8.339456,-11.008298,2023-01-01T01:25:46
8.339456,-11.008298,2023-01-01T01:25:47
8.339456,-10.897103,2023-01-01T01:25:48
8.450649,-10.897103,2023-01-01T01:25:49
8.450649,-10.897103,2023-01-01T01:25:50
8.450649,-10.897103,2023-01-01T01:25:51
8.561842,-10.897103,2023-01-01T01:25:52
8.561842,-10.897103,2023-01-01T01:25:53
8.561842,-10.897103,2023-01-01T01:25:54
8.673034,-10.785908,2023-01-01T01:25:55
8.673034,-10.785908,2023-01-01T01:25:56
8.784227,-10.785908,2023-01-01T01:25:57
8.784227,-10.785908,2023-01-01T01:25:58
8.784227,-10.785908,2023-01-01T01:25:59
8.895420,-10.785908,2023-01-01T01:26:00
8.895420,-10.674713,2023-01-01T01:26:01
9.006613,-10.674713,2023-01-01T01:26:02
9.006613,-10.674713,2023-01-01T01:26:03
9.117805,-10.674713,2023-01-01T01:26:04
9.117805,-10.563518,2023-01-01T01:26:05
9.228998,-10.563518,2023-01-01T01:26:06
9.228998,-10.563518,2023-01-01T01:26:07
9.340191,-10.563518,2023-01-01T01:26:08
9.340191,-10.563518,2023-01-01T01:26:09
9.451384,-10.452323,2023-01-01T01:26:10
9.451384,-10.452323,2023-01-01T01:26:11
9.562576,-10.452323,2023-01-01T01:26:12
9.673769,-10.452323,2023-01-01T01:26:13
9.673769,-10.452323,2023-01-01T01:26:14
9.562576,-10.452323,2023-01-01T01:26:15
9.562576,-10.452323,2023-01-01T01:26:16
9.562576,-10.452323,2023-01-01T01:26:17
9.562576,-10.452323,2023-01-01T01:26:18
9.562576,-10.563518,2023-01-01T01:26:19
9.562576,-10.563518,2023-01-01T01:26:20
9.562576,-10.563518,2023-01-01T01:26:21
9.562576,-10.563518,2023-01-01T01:26:22
9.562576,-10.563518,2023-01-01T01:26:23
9.673769,-10.563518,2023-01-01T01:26:24
9.673769,-10.563518,2023-01-01T01:26:25
9.673769,-10.563518,2023-01-01T01:26:26
9.673769,-10.674713,2023-01-01T01:26:27
9.673769,-10.674713,2023-01-01T01:26:28
9.673769,-10.674713,2023-01-01T01:26:29
9.673769,-10.674713,2023-01-01T01:26:30
9.673769,-10.674713,2023-01-01T01:26:31
9.673769,-10.674713,2023-01-01T01:26:32
9.784962,-10.674713,2023-01-01T01:26:33
9.784962,-10.674713,2023-01-01T01:26:34
9.784962,-10.674713,2023-01-01T01:26:35
9.784962,-10.674713,2023-01-01T01:26:36
9.784962,-10.674713,2023-01-01T01:26:37
9.784962,-10.674713,2023-01-01T01:26:38
9.784962,-10.674713,2023-01-01T01:26:39
9.896155,-10.674713,2023-01-01T01:26:40
9.896155,-10.674713,2023-01-01T01:26:41
9.896155,-10.674713,2023-01-01T01:26:42
9.896155,-10.674713,2023-01-01T01:26:43
9.896155,-10.674713,2023-01-01T01:26:44
10.007347,-10.674713,2023-01-01T01:26:45
10.007347,-10.674713,2023-01-01T01:26:46
10.007347,-10.563518,2023-01-01T01:26:47
10.118540,-10.563518,2023-01-01T01:26:48
10.118540,-10.563518,2023-01-01T01:26:49
10.118540,-10.563518,2023-01-01T01:26:50
10.229733,-10.563518,2023-01-01T01:26:51
10.229733,-10.563518,2023-01-01T01:26:52
10.229733,-10.452323,2023-01-01T01:26:53
10.340926,-10.452323,2023-01-01T01:26:54
10.340926,-10.452323,2023-01-01T01:26:55
10.340926,-10.452323,2023-01-01T01:26:56
10.452118,-10.452323,2023-01-01T01:26:57
10.452118,-10.452323,2023-01-01T01:26:58
10.452118,-10.452323,2023-01-01T01:26:59
10.452118,-10.341128,2023-01-01T01:27:00
10.563311,-10.341128,2023-01-01T01:27:01
10.563311,-10.341128,2023-01-01T01:27:02
10.563311,-10.341128,2023-01-01T01:27:03
10.674504,-10.341128,2023-01-01T01:27:04
10.674504,-10.341128,2023-01-01T01:27:05
10.674504,-10.341128,2023-01-01T01:27:06
10.674504,-10.341128,2023-01-01T01:27:07
10.785697,-10.341128,2023-01-01T01:27:08
10.785697,-10.341128,2023-01-01T01:27:09
10.785697,-10.229933,2023-01-01T01:27:10
10.785697,-10.229933,2023-01-01T01:27:11
10.896889,-10.229933,2023-01-01T01:27:12
10.896889,-10.229933,2023-01-01T01:27:13
10.896889,-10.229933,2023-01-01T01:27:14
10.896889,-10.229933,2023-01-01T01:27:15
10.896889,-10.341128,2023-01-01T01:27:16
10.896889,-10.341128,2023-01-01T01:27:17
10.785697,-10.341128,2023-01-01T01:27:18
10.785697,-10.341128,2023-01-01T01:27:19
10.785697,-10.341128,2023-01-01T01:27:20
10.785697,-10.341128,2023-01-01T01:27:21
10.785697,-10.341128,2023-01-01T01:27:22
10.785697,-10.341128,2023-01-01T01:27:23
10.785697,-10.452323,2023-01-01T01:27:24
10.785697,-10.452323,2023-01-01T01:27:25
10.785697,-10.452323,2023-01-01T01:27:26
10.785697,-10.452323,2023-01-01T01:27:27
10.785697,-10.452323,2023-01-01T01:27:28
10.785697,-10.452323,2023-01-01T01:27:29
10.674504,-10.452323,2023-01-01T01:27:30
10.674504,-10.452323,2023-01-01T01:27:31
10.674504,-10.452323,2023-01-01T01:27:32
10.674504,-10.452323,2023-01-01T01:27:33
10.674504,-10.452323,2023-01-01T01:27:34
10.674504,-10.452323,2023-01-01T01:27:35
10.674504,-10.452323,2023-01-01T01:27:36
10.674504,-10.452323,2023-01-01T01:27:37
10.674504,-10.452323,2023-01-01T01:27:38
10.674504,-10.563518,2023-01-01T01:27:39
10.674504,-10.563518,2023-01-01T01:27:40
10.674504,-10.563518,2023-01-01T01:27:41
10.563311,-10.563518,2023-01-01T01:27:42
10.563311,-10.563518,2023-01-01T01:27:43
10.563311,-10.563518,2023-01-01T01:27:44
10.563311,-10.563518,2023-01-01T01:27:45
10.563311,-10.563518,2023-01-01T01:27:46
10.563311,-10.563518,2023-01-01T01:27:47
10.563311,-10.563518,2023-01-01T01:27:48
10.563311,-10.563518,2023-01-01T01:27:49
10.563311,-10.563518,2023-01-01T01:27:50
10.563311,-10.674713,2023-01-01T01:27:51
10.563311,-10.674713,2023-01-01T01:27:52
10.563311,-10.674713,2023-01-01T01:27:53
10.563311,-10.674713,2023-01-01T01:27:54
10.563311,-10.674713,2023-01-01T01:27:55
10.563311,-10.674713,2023-01-01T01:27:56
10.563311,-10.674713,2023-01-01T01:27:57
10.563311,-10.674713,2023-01-01T01:27:58
10.563311,-10.674713,2023-01-01T01:27:59
10.563311,-10.674713,2023-01-01T01:28:00
10.563311,-10.674713,2023-01-01T01:28:01
10.563311,-10.674713,2023-01-01T01:28:02
10.563311,-10.674713,2023-01-01T01:28:03
10.563311,-10.674713,2023-01-01T01:28:04
10.563311,-10.674713,2023-01-01T01:28:05
10.563311,-10.674713,2023-01-01T01:28:06
10.563311,-10.674713,2023-01-01T01:28:07
10.563311,-10.674713,2023-01-01T01:28:08
10.563311,-10.674713,2023-01-01T01:28:09
10.563311,-10.674713,2023-01-01T01:28:10
10.563311,-10.785908,2023-01-01T01:28:11
10.563311,-10.785908,2023-01-01T01:28:12
10.563311,-10.785908,2023-01-01T01:28:13
10.563311,-10.785908,2023-01-01T01:28:14
10.563311,-10.785908,2023-01-01T01:28:15
10.563311,-10.785908,2023-01-01T01:28:16
10.563311,-10.785908,2023-01-01T01:28:17
10.563311,-10.785908,2023-01-01T01:28:18
10.563311,-10.785908,2023-01-01T01:28:19
10.563311,-10.785908,2023-01-01T01:28:20
10.563311,-10.785908,2023-01-01T01:28:21
10.563311,-10.785908,2023-01-01T01:28:22
10.674504,-10.785908,2023-01-01T01:28:23
10.674504,-10.785908,2023-01-01T01:28:24
10.674504,-10.785908,2023-01-01T01:28:25
10.674504,-10.785908,2023-01-01T01:28:26
10.674504,-10.785908,2023-01-01T01:28:27
10.674504,-10.785908,2023-01-01T01:28:28
10.785697,-10.785908,2023-01-01T01:28:29
10.785697,-10.785908,2023-01-01T01:28:30
10.785697,-10.785908,2023-01-01T01:28:31
10.785697,-10.785908,2023-01-01T01:28:32
10.785697,-10.785908,2023-01-01T01:28:33
10.896889,-10.785908,2023-01-01T01:28:34
10.896889,-10.674713,2023-01-01T01:28:35
10.896889,-10.674713,2023-01-01T01:28:36
11.008082,-10.674713,2023-01-01T01:28:37
11.008082,-10.674713,2023-01-01T01:28:38
11.008082,-10.674713,2023-01-01T01:28:39
11.119275,-10.674713,2023-01-01T01:28:40
11.119275,-10.674713,2023-01-01T01:28:41
11.119275,-10.674713,2023-01-01T01:28:42
11.230468,-10.674713,2023-01-01T01:28:43
11.119275,-10.674713,2023-01-01T01:28:44
11.119275,-10.674713,2023-01-01T01:28:45
11.119275,-10.785908,2023-01-01T01:28:46
11.008082,-10.785908,2023-01-01T01:28:47
11.008082,-10.785908,2023-01-01T01:28:48
11.008082,-10.785908,2023-01-01T01:28:49
11.008082,-10.785908,2023-01-01T01:28:50
10.896889,-10.897103,2023-01-01T01:28:51
10.896889,-10.897103,2023-01-01T01:28:52
10.896889,-10.897103,2023-01-01T01:28:53
10.896889,-10.897103,2023-01-01T01:28:54
10.785697,-10.897103,2023-01-01T01:28:55
10.785697,-10.897103,2023-01-01T01:28:56
10.785697,-11.008298,2023-01-01T01:28:57
10.785697,-11.008298,2023-01-01T01:28:58
10.785697,-11.008298,2023-01-01T01:28:59
10.674504,-11.008298,2023-01-01T01:29:00
10.674504,-11.008298,2023-01-01T01:29:01
10.674504,-11.008298,2023-01-01T01:29:02
10.563311,-11.119493,2023-01-01T01:29:03
10.563311,-11.119493,2023-01-01T01:29:04
10.452118,-11.119493,2023-01-01T01:29:05
10.452118,-11.230688,2023-01-01T01:29:06
10.340926,-11.230688,2023-01-01T01:29:07
10.340926,-11.230688,2023-01-01T01:29:08
10.229733,-11.341883,2023-01-01T01:29:09
10.229733,-11.341883,2023-01-01T01:29:10
10.118540,-11.341883,2023-01-01T01:29:11
10.118540,-11.341883,2023-01-01T01:29:12
10.007347,-11.453077,2023-01-01T01:29:13
10.007347,-11.453077,2023-01-01T01:29:14
10.007347,-11.453077,2023-01-01T01:29:15
10.007347,-11.453077,2023-01-01T01:29:16
9.896155,-11.453077,2023-01-01T01:29:17
9.896155,-11.564272,2023-01-01T01:29:18
9.896155,-11.564272,2023-01-01T01:29:19
9.896155,-11.564272,2023-01-01T01:29:20
9.784962,-11.564272,2023-01-01T01:29:21
9.784962,-11.564272,2023-01-01T01:29:22
9.784962,-11.564272,2023-01-01T01:29:23
9.784962,-11.675467,2023-01-01T01:29:24
9.673769,-11.675467,2023-01-01T01:29:25
9.673769,-11.675467,2023-01-01T01:29:26
9.673769,-11.675467,2023-01-01T01:29:27
9.673769,-11.675467,2023-01-01T01:29:28
9.562576,-11.675467,2023-01-01T01:29:29
9.562576,-11.786662,2023-01-01T01:29:30
9.562576,-11.786662,2023-01-01T01:29:31
9.562576,-11.786662,2023-01-01T01:29:32
9.451384,-11.786662,2023-01-01T01:29:33
9.451384,-11.786662,2023-01-01T01:29:34
9.451384,-11.897857,2023-01-01T01:29:35
9.340191,-11.897857,2023-01-01T01:29:36
9.340191,-11.897857,2023-01-01T01:29:37
9.340191,-11.897857,2023-01-01T01:29:38
9.228998,-12.009052,2023-01-01T01:29:39
9.228998,-12.009052,2023-01-01T01:29:40
9.228998,-12.009052,2023-01-01T01:29:41
9.228998,-12.009052,2023-01-01T01:29:42
9.117805,-12.009052,2023-01-01T01:29:43
9.117805,-12.009052,2023-01-01T01:29:44
9.228998,-12.009052,2023-01-01T01:29:45
9.228998,-12.009052,2023-01-01T01:29:46
9.228998,-12.009052,2023-01-01T01:29:47
9.228998,-12.120247,2023-01-01T01:29:48
9.228998,-12.120247,2023-01-01T01:29:49
9.228998,-12.120247,2023-01-01T01:29:50
9.228998,-12.120247,2023-01-01T01:29:51
9.228998,-12.120247,2023-01-01T01:29:52
9.228998,-12.120247,2023-01-01T01:29:53
9.117805,-12.120247,2023-01-01T01:29:54
9.117805,-12.120247,2023-01-01T01:29:55
9.117805,-12.120247,2023-01-01T01:29:56
9.117805,-12.231442,2023-01-01T01:29:57
9.117805,-12.231442,2023-01-01T01:29:58
9.117805,-12.231442,2023-01-01T01:29:59
9.117805,-12.231442,2023-01-01T01:30:00
9.117805,-12.231442,2023-01-01T01:30:01
9.117805,-12.231442,2023-01-01T01:30:02
9.117805,-12.231442,2023-01-01T01:30:03
9.117805,-12.231442,2023-01-01T01:30:04
9.117805,-12.231442,2023-01-01T01:30:05
9.117805,-12.231442,2023-01-01T01:30:06
9.117805,-12.342637,2023-01-01T01:30:07
9.117805,-12.342637,2023-01-01T01:30:08
9.006613,-12.342637,2023-01-01T01:30:09
9.006613,-12.342637,2023-01-01T01:30:10
9.006613,-12.342637,2023-01-01T01:30:11
9.006613,-12.342637,2023-01-01T01:30:12
9.006613,-12.342637,2023-01-01T01:30:13
9.117805,-12.342637,2023-01-01T01:30:14
9.117805,-12.342637,2023-01-01T01:30:15
9.117805,-12.342637,2023-01-01T01:30:16
9.228998,-12.342637,2023-01-01T01:30:17
9.228998,-12.231442,2023-01-01T01:30:18
9.340191,-12.231442,2023-01-01T01:30:19
9.340191,-12.231442,2023-01-01T01:30:20
9.340191,-12.231442,2023-01-01T01:30:21
9.340191,-12.231442,2023-01-01T01:30:22
9.451384,-12.231442,2023-01-01T01:30:23
9.451384,-12.231442,2023-01-01T01:30:24
9.451384,-12.231442,2023-01-01T01:30:25
9.451384,-12.231442,2023-01-01T01:30:26
9.451384,-12.231442,2023-01-01T01:30:27
9.451384,-12.231442,2023-01-01T01:30:28
9.562576,-12.231442,2023-01-01T01:30:29
9.562576,-12.231442,2023-01-01T01:30:30
9.562576,-12.231442,2023-01-01T01:30:31
9.562576,-12.231442,2023-01-01T01:30:32
9.562576,-12.231442,2023-01-01T01:30:33
9.562576,-12.231442,2023-01-01T01:30:34
9.562576,-12.231442,2023-01-01T01:30:35
9.562576,-12.231442,2023-01-01T01:30:36
9.673769,-12.231442,2023-01-01T01:30:37
9.673769,-12.231442,2023-01-01T01:30:38
9.673769,-12.231442,2023-01-01T01:30:39
9.673769,-12.231442,2023-01-01T01:30:40
9.673769,-12.231442,2023-01-01T01:30:41
9.673769,-12.231442,2023-01-01T01:30:42
9.673769,-12.231442,2023-01-01T01:30:43
9.784962,-12.120247,2023-01-01T01:30:44
9.784962,-12.120247,2023-01-01T01:30:45
9.784962,-12.120247,2023-01-01T01:30:46
9.896155,-12.120247,2023-01-01T01:30:47
9.896155,-12.120247,2023-01-01T01:30:48
9.896155,-12.120247,2023-01-01T01:30:49
9.896155,-12.009052,2023-01-01T01:30:50
10.007347,-12.009052,2023-01-01T01:30:51
10.007347,-12.009052,2023-01-01T01:30:52
10.007347,-12.009052,2023-01-01T01:30:53
10.007347,-12.009052,2023-01-01T01:30:54
10.118540,-12.009052,2023-01-01T01:30:55
10.118540,-12.009052,2023-01-01T01:30:56
10.118540,-11.897857,2023-01-01T01:30:57
10.229733,-11.897857,2023-01-01T01:30:58
10.229733,-11.897857,2023-01-01T01:30:59
10.229733,-11.897857,2023-01-01T01:31:00
10.229733,-11.897857,2023-01-01T01:31:01
10.340926,-11.897857,2023-01-01T01:31:02
10.340926,-11.897857,2023-01-01T01:31:03
10.340926,-11.786662,2023-01-01T01:31:04
10.340926,-11.786662,2023-01-01T01:31:05
10.452118,-11.786662,2023-01-01T01:31:06
10.452118,-11.786662,2023-01-01T01:31:07
10.452118,-11.786662,2023-01-01T01:31:08
10.563311,-11.786662,2023-01-01T01:31:09
10.563311,-11.786662,2023-01-01T01:31:10
10.563311,-11.675467,2023-01-01T01:31:11
10.674504,-11.675467,2023-01-01T01:31:12
10.674504,-11.675467,2023-01-01T01:31:13
10.674504,-11.675467,2023-01-01T01:31:14
10.674504,-11.675467,2023-01-01T01:31:15
10.674504,-11.675467,2023-01-01T01:31:16
10.785697,-11.675467,2023-01-01T01:31:17
10.785697,-11.675467,2023-01-01T01:31:18
10.785697,-11.675467,2023-01-01T01:31:19
10.785697,-11.675467,2023-01-01T01:31:20
10.896889,-11.564272,2023-01-01T01:31:21
10.896889,-11.564272,2023-01-01T01:31:22
10.896889,-11.564272,2023-01-01T01:31:23
10.896889,-11.564272,2023-01-01T01:31:24
11.008082,-11.564272,2023-01-01T01:31:25
11.008082,-11.564272,2023-01-01T01:31:26
11.008082,-11.564272,2023-01-01T01:31:27
11.119275,-11.564272,2023-01-01T01:31:28
11.119275,-11.564272,2023-01-01T01:31:29
11.119275,-11.564272,2023-01-01T01:31:30
11.230468,-11.453077,2023-01-01T01:31:31
11.230468,-11.453077,2023-01-01T01:31:32
11.341660,-11.453077,2023-01-01T01:31:33
11.341660,-11.453077,2023-01-01T01:31:34
11.452853,-11.453077,2023-01-01T01:31:35
11.452853,-11.341883,2023-01-01T01:31:36
11.452853,-11.341883,2023-01-01T01:31:37
11.564046,-11.341883,2023-01-01T01:31:38
11.564046,-11.341883,2023-01-01T01:31:39
11.564046,-11.341883,2023-01-01T01:31:40
11.675239,-11.341883,2023-01-01T01:31:41
11.675239,-11.341883,2023-01-01T01:31:42
11.675239,-11.230688,2023-01-01T01:31:43
11.675239,-11.341883,2023-01-01T01:31:44
11.564046,-11.341883,2023-01-01T01:31:45
11.564046,-11.341883,2023-01-01T01:31:46
11.452853,-11.341883,2023-01-01T01:31:47
11.452853,-11.453077,2023-01-01T01:31:48
11.341660,-11.453077,2023-01-01T01:31:49
11.341660,-11.453077,2023-01-01T01:31:50
11.230468,-11.453077,2023-01-01T01:31:51
11.230468,-11.453077,2023-01-01T01:31:52
11.119275,-11.564272,2023-01-01T01:31:53
11.119275,-11.564272,2023-01-01T01:31:54
11.008082,-11.564272,2023-01-01T01:31:55
11.008082,-11.564272,2023-01-01T01:31:56
11.008082,-11.564272,2023-01-01T01:31:57
10.896889,-11.675467,2023-01-01T01:31:58
10.896889,-11.675467,2023-01-01T01:31:59
10.896889,-11.675467,2023-01-01T01:32:00
10.785697,-11.675467,2023-01-01T01:32:01
10.785697,-11.675467,2023-01-01T01:32:02
10.674504,-11.786662,2023-01-01T01:32:03
10.674504,-11.786662,2023-01-01T01:32:04
10.674504,-11.786662,2023-01-01T01:32:05
10.563311,-11.786662,2023-01-01T01:32:06
10.563311,-11.786662,2023-01-01T01:32:07
10.452118,-11.897857,2023-01-01T01:32:08
10.452118,-11.897857,2023-01-01T01:32:09
10.340926,-11.897857,2023-01-01T01:32:10
10.229733,-12.009052,2023-01-01T01:32:11
10.229733,-12.009052,2023-01-01T01:32:12
10.118540,-12.009052,2023-01-01T01:32:13
10.118540,-12.009052,2023-01-01T01:32:14
10.118540,-12.120247,2023-01-01T01:32:15
10.118540,-12.120247,2023-01-01T01:32:16
10.007347,-12.120247,2023-01-01T01:32:17
10.007347,-12.120247,2023-01-01T01:32:18
10.007347,-12.120247,2023-01-01T01:32:19
10.007347,-12.120247,2023-01-01T01:32:20
10.007347,-12.120247,2023-01-01T01:32:21
9.896155,-12.120247,2023-01-01T01:32:22
9.896155,-12.231442,2023-01-01T01:32:23
9.896155,-12.231442,2023-01-01T01:32:24
9.896155,-12.231442,2023-01-01T01:32:25
9.784962,-12.231442,2023-01-01T01:32:26
9.784962,-12.231442,2023-01-01T01:32:27
9.784962,-12.231442,2023-01-01T01:32:28
9.784962,-12.231442,2023-01-01T01:32:29
9.673769,-12.231442,2023-01-01T01:32:30
9.673769,-12.342637,2023-01-01T01:32:31
9.673769,-12.342637,2023-01-01T01:32:32
9.673769,-12.342637,2023-01-01T01:32:33
9.562576,-12.342637,2023-01-01T01:32:34
9.562576,-12.342637,2023-01-01T01:32:35
9.562576,-12.342637,2023-01-01T01:32:36
9.562576,-12.342637,2023-01-01T01:32:37
9.451384,-12.342637,2023-01-01T01:32:38
9.451384,-12.342637,2023-01-01T01:32:39
9.451384,-12.342637,2023-01-01T01:32:40
9.451384,-12.342637,2023-01-01T01:32:41
9.451384,-12.342637,2023-01-01T01:32:42
9.451384,-12.342637,2023-01-01T01:32:43
9.451384,-12.342637,2023-01-01T01:32:44
9.562576,-12.342637,2023-01-01T01:32:45
9.562576,-12.231442,2023-01-01T01:32:46
9.673769,-12.231442,2023-01-01T01:32:47
9.673769,-12.231442,2023-01-01T01:32:48
9.784962,-12.231442,2023-01-01T01:32:49
9.784962,-12.120247,2023-01-01T01:32:50
9.896155,-12.120247,2023-01-01T01:32:51
9.896155,-12.120247,2023-01-01T01:32:52
10.007347,-12.120247,2023-01-01T01:32:53
10.007347,-12.120247,2023-01-01T01:32:54
10.118540,-12.009052,2023-01-01T01:32:55
10.118540,-12.009052,2023-01-01T01:32:56
10.229733,-12.009052,2023-01-01T01:32:57
10.229733,-12.009052,2023-01-01T01:32:58
10.340926,-12.009052,2023-01-01T01:32:59
10.340926,-12.009052,2023-01-01T01:33:00
10.340926,-12.009052,2023-01-01T01:33:01
10.452118,-11.897857,2023-01-01T01:33:02
10.452118,-11.897857,2023-01-01T01:33:03
10.563311,-11.897857,2023-01-01T01:33:04
10.563311,-11.897857,2023-01-01T01:33:05
10.674504,-11.897857,2023-01-01T01:33:06
10.674504,-11.897857,2023-01-01T01:33:07
10.785697,-11.897857,2023-01-01T01:33:08
10.785697,-11.897857,2023-01-01T01:33:09
10.896889,-11.786662,2023-01-01T01:33:10
10.896889,-11.786662,2023-01-01T01:33:11
11.008082,-11.786662,2023-01-01T01:33:12
11.008082,-11.786662,2023-01-01T01:33:13
11.008082,-11.786662,2023-01-01T01:33:14
11.119275,-11.786662,2023-01-01T01:33:15
11.119275,-11.786662,2023-01-01T01:33:16
11.119275,-11.786662,2023-01-01T01:33:17
11.119275,-11.786662,2023-01-01T01:33:18
11.230468,-11.786662,2023-01-01T01:33:19
11.230468,-11.786662,2023-01-01T01:33:20
11.230468,-11.786662,2023-01-01T01:33:21
11.341660,-11.786662,2023-01-01T01:33:22
11.341660,-11.786662,2023-01-01T01:33:23
11.452853,-11.786662,2023-01-01T01:33:24
11.452853,-11.786662,2023-01-01T01:33:25
11.452853,-11.786662,2023-01-01T01:33:26
11.564046,-11.675467,2023-01-01T01:33:27
11.564046,-11.675467,2023-01-01T01:33:28
11.675239,-11.675467,2023-01-01T01:33:29
11.675239,-11.675467,2023-01-01T01:33:30
11.786431,-11.675467,2023-01-01T01:33:31
11.786431,-11.675467,2023-01-01T01:33:32
11.897624,-11.675467,2023-01-01T01:33:33
11.897624,-11.675467,2023-01-01T01:33:34
12.008817,-11.675467,2023-01-01T01:33:35
12.008817,-11.675467,2023-01-01T01:33:36
12.120010,-11.675467,2023-01-01T01:33:37
12.120010,-11.675467,2023-01-01T01:33:38
12.231202,-11.564272,2023-01-01T01:33:39
12.342395,-11.564272,2023-01-01T01:33:40
12.342395,-11.564272,2023-01-01T01:33:41
12.453588,-11.564272,2023-01-01T01:33:42
12.453588,-11.564272,2023-01-01T01:33:43
12.453588,-11.564272,2023-01-01T01:33:44
12.453588,-11.564272,2023-01-01T01:33:45
12.453588,-11.564272,2023-01-01T01:33:46
12.453588,-11.564272,2023-01-01T01:33:47
12.564781,-11.564272,2023-01-01T01:33:48
12.564781,-11.564272,2023-01-01T01:33:49
12.564781,-11.564272,2023-01-01T01:33:50
12.564781,-11.564272,2023-01-01T01:33:51
12.564781,-11.564272,2023-01-01T01:33:52
12.564781,-11.564272,2023-01-01T01:33:53
12.564781,-11.564272,2023-01-01T01:33:54
12.564781,-11.564272,2023-01-01T01:33:55
12.675973,-11.564272,2023-01-01T01:33:56
12.675973,-11.564272,2023-01-01T01:33:57
12.675973,-11.564272,2023-01-01T01:33:58
12.675973,-11.564272,2023-01-01T01:33:59
12.675973,-11.564272,2023-01-01T01:34:00
12.675973,-11.564272,2023-01-01T01:34:01
12.675973,-11.564272,2023-01-01T01:34:02
12.675973,-11.564272,2023-01-01T01:34:03
12.675973,-11.564272,2023-01-01T01:34:04
12.675973,-11.564272,2023-01-01T01:34:05
12.787166,-11.564272,2023-01-01T01:34:06
12.787166,-11.564272,2023-01-01T01:34:07
12.787166,-11.564272,2023-01-01T01:34:08
12.787166,-11.564272,2023-01-01T01:34:09
12.787166,-11.564272,2023-01-01T01:34:10
12.787166,-11.564272,2023-01-01T01:34:11
12.787166,-11.564272,2023-01-01T01:34:12
12.787166,-11.564272,2023-01-01T01:34:13
12.675973,-11.564272,2023-01-01T01:34:14
12.675973,-11.564272,2023-01-01T01:34:15
12.675973,-11.675467,2023-01-01T01:34:16
12.564781,-11.675467,2023-01-01T01:34:17
12.564781,-11.675467,2023-01-01T01:34:18
12.564781,-11.675467,2023-01-01T01:34:19
12.453588,-11.675467,2023-01-01T01:34:20
12.453588,-11.675467,2023-01-01T01:34:21
12.453588,-11.675467,2023-01-01T01:34:22
12.453588,-11.675467,2023-01-01T01:34:23
12.342395,-11.675467,2023-01-01T01:34:24
12.342395,-11.675467,2023-01-01T01:34:25
12.342395,-11.786662,2023-01-01T01:34:26
12.231202,-11.786662,2023-01-01T01:34:27
12.231202,-11.786662,2023-01-01T01:34:28
12.120010,-11.786662,2023-01-01T01:34:29
12.120010,-11.786662,2023-01-01T01:34:30
12.008817,-11.786662,2023-01-01T01:34:31
12.008817,-11.786662,2023-01-01T01:34:32
12.008817,-11.786662,2023-01-01T01:34:33
11.897624,-11.897857,2023-01-01T01:34:34
11.897624,-11.897857,2023-01-01T01:34:35
11.786431,-11.897857,2023-01-01T01:34:36
11.786431,-11.897857,2023-01-01T01:34:37
11.675239,-11.897857,2023-01-01T01:34:38
11.675239,-11.897857,2023-01-01T01:34:39
11.675239,-11.897857,2023-01-01T01:34:40
11.564046,-11.897857,2023-01-01T01:34:41
11.564046,-11.897857,2023-01-01T01:34:42
11.452853,-12.009052,2023-01-01T01:34:43
11.452853,-11.897857,2023-01-01T01:34:44
11.452853,-11.897857,2023-01-01T01:34:45
11.564046,-11.897857,2023-01-01T01:34:46
11.564046,-11.897857,2023-01-01T01:34:47
11.564046,-11.897857,2023-01-01T01:34:48
11.564046,-11.897857,2023-01-01T01:34:49
11.564046,-11.897857,2023-01-01T01:34:50
11.564046,-11.897857,2023-01-01T01:34:51
11.564046,-11.897857,2023-01-01T01:34:52
11.564046,-11.897857,2023-01-01T01:34:53
11.564046,-11.897857,2023-01-01T01:34:54
11.564046,-11.897857,2023-01-01T01:34:55
11.564046,-11.897857,2023-01-01T01:34:56
11.564046,-11.897857,2023-01-01T01:34:57
11.564046,-11.897857,2023-01-01T01:34:58
11.564046,-11.897857,2023-01-01T01:34:59
11.564046,-11.897857,2023-01-01T01:35:00
11.564046,-11.897857,2023-01-01T01:35:01
11.564046,-11.897857,2023-01-01T01:35:02
11.564046,-11.897857,2023-01-01T01:35:03
11.675239,-11.897857,2023-01-01T01:35:04
11.675239,-11.897857,2023-01-01T01:35:05
11.675239,-11.897857,2023-01-01T01:35:06
11.675239,-11.897857,2023-01-01T01:35:07
11.675239,-11.897857,2023-01-01T01:35:08
11.675239,-11.897857,2023-01-01T01:35:09
11.675239,-11.897857,2023-01-01T01:35:10
11.675239,-11.897857,2023-01-01T01:35:11
11.675239,-11.897857,2023-01-01T01:35:12
11.675239,-11.897857,2023-01-01T01:35:13
11.675239,-11.786662,2023-01-01T01:35:14
11.786431,-11.786662,2023-01-01T01:35:15
11.786431,-11.786662,2023-01-01T01:35:16
11.786431,-11.786662,2023-01-01T01:35:17
11.897624,-11.786662,2023-01-01T01:35:18
11.897624,-11.786662,2023-01-01T01:35:19
11.897624,-11.786662,2023-01-01T01:35:20
11.897624,-11.786662,2023-01-01T01:35:21
12.008817,-11.786662,2023-01-01T01:35:22
12.008817,-11.786662,2023-01-01T01:35:23
12.008817,-11.786662,2023-01-01T01:35:24
12.008817,-11.786662,2023-01-01T01:35:25
12.120010,-11.786662,2023-01-01T01:35:26
12.120010,-11.786662,2023-01-01T01:35:27
12.120010,-11.786662,2023-01-01T01:35:28
12.120010,-11.786662,2023-01-01T01:35:29
12.231202,-11.786662,2023-01-01T01:35:30
12.231202,-11.675467,2023-01-01T01:35:31
12.231202,-11.675467,2023-01-01T01:35:32
12.231202,-11.675467,2023-01-01T01:35:33
12.231202,-11.675467,2023-01-01T01:35:34
12.342395,-11.675467,2023-01-01T01:35:35
12.342395,-11.675467,2023-01-01T01:35:36
12.342395,-11.675467,2023-01-01T01:35:37
12.342395,-11.675467,2023-01-01T01:35:38
12.342395,-11.675467,2023-01-01T01:35:39
12.453588,-11.675467,2023-01-01T01:35:40
12.453588,-11.675467,2023-01-01T01:35:41
12.453588,-11.675467,2023-01-01T01:35:42
12.453588,-11.675467,2023-01-01T01:35:43
12.453588,-11.675467,2023-01-01T01:35:44
12.564781,-11.675467,2023-01-01T01:35:45
12.564781,-11.675467,2023-01-01T01:35:46
12.564781,-11.675467,2023-01-01T01:35:47
12.564781,-11.675467,2023-01-01T01:35:48
12.564781,-11.675467,2023-01-01T01:35:49
12.675973,-11.675467,2023-01-01T01:35:50
12.675973,-11.675467,2023-01-01T01:35:51
12.675973,-11.675467,2023-01-01T01:35:52
12.675973,-11.675467,2023-01-01T01:35:53
12.675973,-11.564272,2023-01-01T01:35:54
12.787166,-11.564272,2023-01-01T01:35:55
12.787166,-11.564272,2023-01-01T01:35:56
12.787166,-11.564272,2023-01-01T01:35:57
12.787166,-11.564272,2023-01-01T01:35:58
12.787166,-11.564272,2023-01-01T01:35:59
12.898359,-11.564272,2023-01-01T01:36:00
12.898359,-11.564272,2023-01-01T01:36:01
12.898359,-11.564272,2023-01-01T01:36:02
12.898359,-11.564272,2023-01-01T01:36:03
12.898359,-11.564272,2023-01-01T01:36:04
13.009552,-11.564272,2023-01-01T01:36:05
13.009552,-11.564272,2023-01-01T01:36:06
13.009552,-11.564272,2023-01-01T01:36:07
13.009552,-11.564272,2023-01-01T01:36:08
13.120744,-11.564272,2023-01-01T01:36:09
13.120744,-11.564272,2023-01-01T01:36:10
13.120744,-11.564272,2023-01-01T01:36:11
13.120744,-11.564272,2023-01-01T01:36:12
13.231937,-11.564272,2023-01-01T01:36:13
13.231937,-11.564272,2023-01-01T01:36:14
13.120744,-11.564272,2023-01-01T01:36:15
13.120744,-11.564272,2023-01-01T01:36:16
13.120744,-11.675467,2023-01-01T01:36:17
13.120744,-11.675467,2023-01-01T01:36:18
13.120744,-11.675467,2023-01-01T01:36:19
13.120744,-11.675467,2023-01-01T01:36:20
13.120744,-11.675467,2023-01-01T01:36:21
13.120744,-11.675467,2023-01-01T01:36:22
13.120744,-11.675467,2023-01-01T01:36:23
13.120744,-11.675467,2023-01-01T01:36:24
13.120744,-11.675467,2023-01-01T01:36:25
13.120744,-11.675467,2023-01-01T01:36:26
13.120744,-11.675467,2023-01-01T01:36:27
13.120744,-11.675467,2023-01-01T01:36:28
13.120744,-11.675467,2023-01-01T01:36:29
13.120744,-11.675467,2023-01-01T01:36:30
13.120744,-11.675467,2023-01-01T01:36:31
13.120744,-11.675467,2023-01-01T01:36:32
13.120744,-11.675467,2023-01-01T01:36:33
13.231937,-11.675467,2023-01-01T01:36:34
13.231937,-11.675467,2023-01-01T01:36:35
13.231937,-11.675467,2023-01-01T01:36:36
13.231937,-11.675467,2023-01-01T01:36:37
13.231937,-11.675467,2023-01-01T01:36:38
13.231937,-11.675467,2023-01-01T01:36:39
13.343130,-11.675467,2023-01-01T01:36:40
13.343130,-11.675467,2023-01-01T01:36:41
13.343130,-11.675467,2023-01-01T01:36:42
13.343130,-11.675467,2023-01-01T01:36:43
13.343130,-11.675467,2023-01-01T01:36:44
13.343130,-11.675467,2023-01-01T01:36:45
13.343130,-11.675467,2023-01-01T01:36:46
13.231937,-11.675467,2023-01-01T01:36:47
13.231937,-11.675467,2023-01-01T01:36:48
13.231937,-11.786662,2023-01-01T01:36:49
13.231937,-11.786662,2023-01-01T01:36:50
13.231937,-11.786662,2023-01-01T01:36:51
13.231937,-11.786662,2023-01-01T01:36:52
13.120744,-11.786662,2023-01-01T01:36:53
13.120744,-11.786662,2023-01-01T01:36:54
13.120744,-11.786662,2023-01-01T01:36:55
13.120744,-11.786662,2023-01-01T01:36:56
13.120744,-11.786662,2023-01-01T01:36:57
13.120744,-11.786662,2023-01-01T01:36:58
13.120744,-11.786662,2023-01-01T01:36:59
13.120744,-11.786662,2023-01-01T01:37:00
13.009552,-11.786662,2023-01-01T01:37:01
13.009552,-11.786662,2023-01-01T01:37:02
13.009552,-11.786662,2023-01-01T01:37:03
13.009552,-11.786662,2023-01-01T01:37:04
13.009552,-11.786662,2023-01-01T01:37:05
13.009552,-11.786662,2023-01-01T01:37:06
12.898359,-11.786662,2023-01-01T01:37:07
12.898359,-11.786662,2023-01-01T01:37:08
12.898359,-11.786662,2023-01-01T01:37:09
12.787166,-11.786662,2023-01-01T01:37:10
12.787166,-11.786662,2023-01-01T01:37:11
12.675973,-11.786662,2023-01-01T01:37:12
12.675973,-11.786662,2023-01-01T01:37:13
12.675973,-11.786662,2023-01-01T01:37:14
12.564781,-11.786662,2023-01-01T01:37:15
12.564781,-11.786662,2023-01-01T01:37:16
12.564781,-11.786662,2023-01-01T01:37:17
12.453588,-11.786662,2023-01-01T01:37:18
12.453588,-11.786662,2023-01-01T01:37:19
12.453588,-11.786662,2023-01-01T01:37:20
12.342395,-11.786662,2023-01-01T01:37:21
12.342395,-11.786662,2023-01-01T01:37:22
12.342395,-11.786662,2023-01-01T01:37:23
12.231202,-11.786662,2023-01-01T01:37:24
12.231202,-11.786662,2023-01-01T01:37:25
12.120010,-11.786662,2023-01-01T01:37:26
12.120010,-11.786662,2023-01-01T01:37:27
12.120010,-11.786662,2023-01-01T01:37:28
12.008817,-11.786662,2023-01-01T01:37:29
12.008817,-11.786662,2023-01-01T01:37:30
12.008817,-11.786662,2023-01-01T01:37:31
11.897624,-11.897857,2023-01-01T01:37:32
11.897624,-11.897857,2023-01-01T01:37:33
11.897624,-11.897857,2023-01-01T01:37:34
11.786431,-11.897857,2023-01-01T01:37:35
11.786431,-11.897857,2023-01-01T01:37:36
11.786431,-11.897857,2023-01-01T01:37:37
11.675239,-11.897857,2023-01-01T01:37:38
11.675239,-11.897857,2023-01-01T01:37:39
11.675239,-11.897857,2023-01-01T01:37:40
11.675239,-11.897857,2023-01-01T01:37:41
11.564046,-11.897857,2023-01-01T01:37:42
11.564046,-11.897857,2023-01-01T01:37:43
11.564046,-11.897857,2023-01-01T01:37:44
11.675239,-11.897857,2023-01-01T01:37:45
11.675239,-11.897857,2023-01-01T01:37:46
11.786431,-11.897857,2023-01-01T01:37:47
11.786431,-11.897857,2023-01-01T01:37:48
11.786431,-11.897857,2023-01-01T01:37:49
11.897624,-11.786662,2023-01-01T01:37:50
11.897624,-11.786662,2023-01-01T01:37:51
12.008817,-11.786662,2023-01-01T01:37:52
12.008817,-11.786662,2023-01-01T01:37:53
12.008817,-11.786662,2023-01-01T01:37:54
12.120010,-11.786662,2023-01-01T01:37:55
12.120010,-11.786662,2023-01-01T01:37:56
12.120010,-11.786662,2023-01-01T01:37:57
12.231202,-11.786662,2023-01-01T01:37:58
12.231202,-11.786662,2023-01-01T01:37:59
12.231202,-11.786662,2023-01-01T01:38:00
12.342395,-11.786662,2023-01-01T01:38:01
12.342395,-11.786662,2023-01-01T01:38:02
12.453588,-11.786662,2023-01-01T01:38:03
12.453588,-11.786662,2023-01-01T01:38:04
12.453588,-11.786662,2023-01-01T01:38:05
12.564781,-11.786662,2023-01-01T01:38:06
12.564781,-11.786662,2023-01-01T01:38:07
12.564781,-11.675467,2023-01-01T01:38:08
12.675973,-11.675467,2023-01-01T01:38:09
12.675973,-11.675467,2023-01-01T01:38:10
12.675973,-11.675467,2023-01-01T01:38:11
12.787166,-11.675467,2023-01-01T01:38:12
12.787166,-11.675467,2023-01-01T01:38:13
12.787166,-11.675467,2023-01-01T01:38:14
12.787166,-11.675467,2023-01-01T01:38:15
12.787166,-11.675467,2023-01-01T01:38:16
12.898359,-11.675467,2023-01-01T01:38:17
12.898359,-11.675467,2023-01-01T01:38:18
12.898359,-11.675467,2023-01-01T01:38:19
12.898359,-11.675467,2023-01-01T01:38:20
12.898359,-11.786662,2023-01-01T01:38:21
12.898359,-11.786662,2023-01-01T01:38:22
13.009552,-11.786662,2023-01-01T01:38:23
13.009552,-11.786662,2023-01-01T01:38:24
13.009552,-11.786662,2023-01-01T01:38:25
13.009552,-11.786662,2023-01-01T01:38:26
13.009552,-11.786662,2023-01-01T01:38:27
13.120744,-11.786662,2023-01-01T01:38:28
13.120744,-11.786662,2023-01-01T01:38:29
13.120744,-11.786662,2023-01-01T01:38:30
13.120744,-11.786662,2023-01-01T01:38:31
13.231937,-11.786662,2023-01-01T01:38:32
13.231937,-11.786662,2023-01-01T01:38:33
13.231937,-11.786662,2023-01-01T01:38:34
13.231937,-11.786662,2023-01-01T01:38:35
13.343130,-11.786662,2023-01-01T01:38:36
13.343130,-11.786662,2023-01-01T01:38:37
13.343130,-11.786662,2023-01-01T01:38:38
13.454323,-11.786662,2023-01-01T01:38:39
13.454323,-11.786662,2023-01-01T01:38:40
13.454323,-11.786662,2023-01-01T01:38:41
13.565515,-11.786662,2023-01-01T01:38:42
13.565515,-11.786662,2023-01-01T01:38:43
13.565515,-11.786662,2023-01-01T01:38:44
13.454323,-11.786662,2023-01-01T01:38:45
13.454323,-11.786662,2023-01-01T01:38:46
13.454323,-11.786662,2023-01-01T01:38:47
13.454323,-11.786662,2023-01-01T01:38:48
13.565515,-11.786662,2023-01-01T01:38:49
13.565515,-11.786662,2023-01-01T01:38:50
13.565515,-11.786662,2023-01-01T01:38:51
13.565515,-11.786662,2023-01-01T01:38:52
13.565515,-11.786662,2023-01-01T01:38:53
13.565515,-11.786662,2023-01-01T01:38:54
13.565515,-11.786662,2023-01-01T01:38:55
13.565515,-11.786662,2023-01-01T01:38:56
13.565515,-11.786662,2023-01-01T01:38:57
13.565515,-11.786662,2023-01-01T01:38:58
13.565515,-11.786662,2023-01-01T01:38:59
13.676708,-11.786662,2023-01-01T01:39:00
13.676708,-11.786662,2023-01-01T01:39:01
13.676708,-11.786662,2023-01-01T01:39:02
13.676708,-11.786662,2023-01-01T01:39:03
13.676708,-11.786662,2023-01-01T01:39:04
13.676708,-11.786662,2023-01-01T01:39:05
13.676708,-11.786662,2023-01-01T01:39:06
13.787901,-11.675467,2023-01-01T01:39:07
13.787901,-11.675467,2023-01-01T01:39:08
13.787901,-11.675467,2023-01-01T01:39:09
13.787901,-11.675467,2023-01-01T01:39:10
13.787901,-11.675467,2023-01-01T01:39:11
13.787901,-11.675467,2023-01-01T01:39:12
13.899094,-11.675467,2023-01-01T01:39:13
13.899094,-11.675467,2023-01-01T01:39:14
13.899094,-11.675467,2023-01-01T01:39:15
13.899094,-11.675467,2023-01-01T01:39:16
13.899094,-11.675467,2023-01-01T01:39:17
13.899094,-11.675467,2023-01-01T01:39:18
14.010286,-11.675467,2023-01-01T01:39:19
14.010286,-11.675467,2023-01-01T01:39:20
14.010286,-11.675467,2023-01-01T01:39:21
14.010286,-11.675467,2023-01-01T01:39:22
14.010286,-11.675467,2023-01-01T01:39:23
14.010286,-11.675467,2023-01-01T01:39:24
14.121479,-11.675467,2023-01-01T01:39:25
14.121479,-11.675467,2023-01-01T01:39:26
14.121479,-11.675467,2023-01-01T01:39:27
14.121479,-11.675467,2023-01-01T01:39:28
14.121479,-11.675467,2023-01-01T01:39:29
14.121479,-11.675467,2023-01-01T01:39:30
14.232672,-11.675467,2023-01-01T01:39:31
14.232672,-11.675467,2023-01-01T01:39:32
14.232672,-11.675467,2023-01-01T01:39:33
14.232672,-11.675467,2023-01-01T01:39:34
14.232672,-11.675467,2023-01-01T01:39:35
14.232672,-11.675467,2023-01-01T01:39:36
14.232672,-11.675467,2023-01-01T01:39:37
14.232672,-11.675467,2023-01-01T01:39:38
14.343865,-11.675467,2023-01-01T01:39:39
14.343865,-11.675467,2023-01-01T01:39:40
14.343865,-11.675467,2023-01-01T01:39:41
14.343865,-11.675467,2023-01-01T01:39:42
14.343865,-11.675467,2023-01-01T01:39:43
14.343865,-11.675467,2023-01-01T01:39:44
14.343865,-11.675467,2023-01-01T01:39:45
14.343865,-11.675467,2023-01-01T01:39:46
14.343865,-11.675467,2023-01-01T01:39:47
14.343865,-11.675467,2023-01-01T01:39:48
14.343865,-11.675467,2023-01-01T01:39:49
14.343865,-11.786662,2023-01-01T01:39:50
14.343865,-11.786662,2023-01-01T01:39:51
14.343865,-11.786662,2023-01-01T01:39:52
14.455057,-11.786662,2023-01-01T01:39:53
14.455057,-11.786662,2023-01-01T01:39:54
14.455057,-11.786662,2023-01-01T01:39:55
14.455057,-11.786662,2023-01-01T01:39:56
14.455057,-11.786662,2023-01-01T01:39:57
14.455057,-11.786662,2023-01-01T01:39:58
14.455057,-11.786662,2023-01-01T01:39:59
14.455057,-11.786662,2023-01-01T01:40:00
14.455057,-11.786662,2023-01-01T01:40:01
14.455057,-11.786662,2023-01-01T01:40:02
14.455057,-11.786662,2023-01-01T01:40:03
14.455057,-11.786662,2023-01-01T01:40:04
14.455057,-11.786662,2023-01-01T01:40:05
14.455057,-11.786662,2023-01-01T01:40:06
14.455057,-11.786662,2023-01-01T01:40:07
14.455057,-11.786662,2023-01-01T01:40:08
14.455057,-11.786662,2023-01-01T01:40:09
14.455057,-11.786662,2023-01-01T01:40:10
14.455057,-11.786662,2023-01-01T01:40:11
14.566250,-11.786662,2023-01-01T01:40:12
14.566250,-11.786662,2023-01-01T01:40:13
14.566250,-11.786662,2023-01-01T01:40:14
14.566250,-11.786662,2023-01-01T01:40:15
14.566250,-11.786662,2023-01-01T01:40:16
14.566250,-11.786662,2023-01-01T01:40:17
14.566250,-11.786662,2023-01-01T01:40:18
14.566250,-11.786662,2023-01-01T01:40:19
14.566250,-11.786662,2023-01-01T01:40:20
14.566250,-11.786662,2023-01-01T01:40:21
14.566250,-11.786662,2023-01-01T01:40:22
14.566250,-11.786662,2023-01-01T01:40:23
14.566250,-11.786662,2023-01-01T01:40:24
14.566250,-11.786662,2023-01-01T01:40:25
14.566250,-11.786662,2023-01-01T01:40:26
14.566250,-11.786662,2023-01-01T01:40:27
14.677443,-11.786662,2023-01-01T01:40:28
14.677443,-11.786662,2023-01-01T01:40:29
14.677443,-11.786662,2023-01-01T01:40:30
14.677443,-11.786662,2023-01-01T01:40:31
14.677443,-11.786662,2023-01-01T01:40:32
14.677443,-11.786662,2023-01-01T01:40:33
14.677443,-11.786662,2023-01-01T01:40:34
14.677443,-11.786662,2023-01-01T01:40:35
14.677443,-11.786662,2023-01-01T01:40:36
14.677443,-11.786662,2023-01-01T01:40:37
14.677443,-11.786662,2023-01-01T01:40:38
14.788636,-11.786662,2023-01-01T01:40:39
14.788636,-11.786662,2023-01-01T01:40:40
14.788636,-11.786662,2023-01-01T01:40:41
14.788636,-11.786662,2023-01-01T01:40:42
14.788636,-11.786662,2023-01-01T01:40:43
14.788636,-11.786662,2023-01-01T01:40:44
14.788636,-11.786662,2023-01-01T01:40:45
14.788636,-11.786662,2023-01-01T01:40:46
14.677443,-11.786662,2023-01-01T01:40:47
14.677443,-11.786662,2023-01-01T01:40:48
14.677443,-11.786662,2023-01-01T01:40:49
14.677443,-11.786662,2023-01-01T01:40:50
14.677443,-11.786662,2023-01-01T01:40:51
14.677443,-11.786662,2023-01-01T01:40:52
14.677443,-11.786662,2023-01-01T01:40:53
14.677443,-11.786662,2023-01-01T01:40:54
14.677443,-11.786662,2023-01-01T01:40:55
14.677443,-11.786662,2023-01-01T01:40:56
14.677443,-11.786662,2023-01-01T01:40:57
14.677443,-11.786662,2023-01-01T01:40:58
14.677443,-11.786662,2023-01-01T01:40:59
14.677443,-11.786662,2023-01-01T01:41:00
14.677443,-11.786662,2023-01-01T01:41:01
14.677443,-11.786662,2023-01-01T01:41:02
14.677443,-11.786662,2023-01-01T01:41:03
14.677443,-11.786662,2023-01-01T01:41:04
14.677443,-11.786662,2023-01-01T01:41:05
14.677443,-11.786662,2023-01-01T01:41:06
14.677443,-11.786662,2023-01-01T01:41:07
14.677443,-11.786662,2023-01-01T01:41:08
14.677443,-11.786662,2023-01-01T01:41:09
14.677443,-11.786662,2023-01-01T01:41:10
14.677443,-11.786662,2023-01-01T01:41:11
14.677443,-11.786662,2023-01-01T01:41:12
14.677443,-11.786662,2023-01-01T01:41:13
14.677443,-11.786662,2023-01-01T01:41:14
14.677443,-11.786662,2023-01-01T01:41:15
14.677443,-11.786662,2023-01-01T01:41:16
14.677443,-11.786662,2023-01-01T01:41:17
14.677443,-11.786662,2023-01-01T01:41:18
14.677443,-11.786662,2023-01-01T01:41:19
14.677443,-11.786662,2023-01-01T01:41:20
14.677443,-11.786662,2023-01-01T01:41:21
14.677443,-11.786662,2023-01-01T01:41:22
14.677443,-11.786662,2023-01-01T01:41:23
14.677443,-11.786662,2023-01-01T01:41:24
14.677443,-11.786662,2023-01-01T01:41:25
14.677443,-11.786662,2023-01-01T01:41:26
14.677443,-11.786662,2023-01-01T01:41:27
14.677443,-11.786662,2023-01-01T01:41:28
14.788636,-11.786662,2023-01-01T01:41:29
14.788636,-11.786662,2023-01-01T01:41:30
14.788636,-11.786662,2023-01-01T01:41:31
14.788636,-11.786662,2023-01-01T01:41:32
14.788636,-11.786662,2023-01-01T01:41:33
14.788636,-11.786662,2023-01-01T01:41:34
14.788636,-11.786662,2023-01-01T01:41:35
14.788636,-11.786662,2023-01-01T01:41:36
14.788636,-11.786662,2023-01-01T01:41:37
14.788636,-11.786662,2023-01-01T01:41:38
14.788636,-11.786662,2023-01-01T01:41:39
14.788636,-11.786662,2023-01-01T01:41:40
14.788636,-11.786662,2023-01-01T01:41:41
14.788636,-11.786662,2023-01-01T01:41:42
14.788636,-11.786662,2023-01-01T01:41:43
14.788636,-11.786662,2023-01-01T01:41:44
14.788636,-11.786662,2023-01-01T01:41:45
14.788636,-11.786662,2023-01-01T01:41:46
14.788636,-11.786662,2023-01-01T01:41:47
14.788636,-11.786662,2023-01-01T01:41:48
14.788636,-11.786662,2023-01-01T01:41:49
14.899828,-11.786662,2023-01-01T01:41:50
14.899828,-11.786662,2023-01-01T01:41:51
14.899828,-11.786662,2023-01-01T01:41:52
14.899828,-11.786662,2023-01-01T01:41:53
14.899828,-11.786662,2023-01-01T01:41:54
14.899828,-11.786662,2023-01-01T01:41:55
14.899828,-11.786662,2023-01-01T01:41:56
14.899828,-11.786662,2023-01-01T01:41:57
14.899828,-11.786662,2023-01-01T01:41:58
14.899828,-11.786662,2023-01-01T01:41:59
14.899828,-11.786662,2023-01-01T01:42:00
14.899828,-11.786662,2023-01-01T01:42:01
14.899828,-11.786662,2023-01-01T01:42:02
14.899828,-11.786662,2023-01-01T01:42:03
14.899828,-11.786662,2023-01-01T01:42:04
14.899828,-11.786662,2023-01-01T01:42:05
15.011021,-11.786662,2023-01-01T01:42:06
15.011021,-11.786662,2023-01-01T01:42:07
15.011021,-11.786662,2023-01-01T01:42:08
15.011021,-11.786662,2023-01-01T01:42:09
15.011021,-11.786662,2023-01-01T01:42:10
15.011021,-11.786662,2023-01-01T01:42:11
15.011021,-11.786662,2023-01-01T01:42:12
15.011021,-11.786662,2023-01-01T01:42:13
15.011021,-11.786662,2023-01-01T01:42:14
15.011021,-11.786662,2023-01-01T01:42:15
15.011021,-11.786662,2023-01-01T01:42:16
15.011021,-11.786662,2023-01-01T01:42:17
15.011021,-11.786662,2023-01-01T01:42:18
15.011021,-11.786662,2023-01-01T01:42:19
15.011021,-11.786662,2023-01-01T01:42:20
15.011021,-11.786662,2023-01-01T01:42:21
15.011021,-11.786662,2023-01-01T01:42:22
15.011021,-11.786662,2023-01-01T01:42:23
15.011021,-11.786662,2023-01-01T01:42:24
15.011021,-11.786662,2023-01-01T01:42:25
15.011021,-11.786662,2023-01-01T01:42:26
15.011021,-11.786662,2023-01-01T01:42:27
15.011021,-11.786662,2023-01-01T01:42:28
15.011021,-11.786662,2023-01-01T01:42:29
15.122214,-11.786662,2023-01-01T01:42:30
15.122214,-11.786662,2023-01-01T01:42:31
15.122214,-11.786662,2023-01-01T01:42:32
15.122214,-11.786662,2023-01-01T01:42:33
15.122214,-11.786662,2023-01-01T01:42:34
15.122214,-11.786662,2023-01-01T01:42:35
15.122214,-11.786662,2023-01-01T01:42:36
15.122214,-11.786662,2023-01-01T01:42:37
15.122214,-11.786662,2023-01-01T01:42:38
15.122214,-11.786662,2023-01-01T01:42:39
15.122214,-11.786662,2023-01-01T01:42:40
15.122214,-11.786662,2023-01-01T01:42:41
15.122214,-11.786662,2023-01-01T01:42:42
15.122214,-11.786662,2023-01-01T01:42:43
15.122214,-11.786662,2023-01-01T01:42:44
15.122214,-11.786662,2023-01-01T01:42:45
15.122214,-11.786662,2023-01-01T01:42:46
15.122214,-11.786662,2023-01-01T01:42:47
15.122214,-11.786662,2023-01-01T01:42:48
15.122214,-11.786662,2023-01-01T01:42:49
15.122214,-11.786662,2023-01-01T01:42:50
15.122214,-11.786662,2023-01-01T01:42:51
15.122214,-11.786662,2023-01-01T01:42:52
15.122214,-11.786662,2023-01-01T01:42:53
15.122214,-11.786662,2023-01-01T01:42:54
15.122214,-11.786662,2023-01-01T01:42:55
15.122214,-11.786662,2023-01-01T01:42:56
15.233407,-11.786662,2023-01-01T01:42:57
15.233407,-11.786662,2023-01-01T01:42:58
15.233407,-11.786662,2023-01-01T01:42:59
15.233407,-11.786662,2023-01-01T01:43:00
15.233407,-11.786662,2023-01-01T01:43:01
15.233407,-11.786662,2023-01-01T01:43:02
15.233407,-11.786662,2023-01-01T01:43:03
15.233407,-11.786662,2023-01-01T01:43:04
15.233407,-11.786662,2023-01-01T01:43:05
15.233407,-11.786662,2023-01-01T01:43:06
15.233407,-11.786662,2023-01-01T01:43:07
15.233407,-11.786662,2023-01-01T01:43:08
15.233407,-11.786662,2023-01-01T01:43:09
15.233407,-11.786662,2023-01-01T01:43:10
15.233407,-11.786662,2023-01-01T01:43:11
15.233407,-11.786662,2023-01-01T01:43:12
15.233407,-11.786662,2023-01-01T01:43:13
15.233407,-11.786662,2023-01-01T01:43:14
15.233407,-11.786662,2023-01-01T01:43:15
15.233407,-11.786662,2023-01-01T01:43:16
15.233407,-11.786662,2023-01-01T01:43:17
15.233407,-11.786662,2023-01-01T01:43:18
15.233407,-11.786662,2023-01-01T01:43:19
15.233407,-11.786662,2023-01-01T01:43:20
15.233407,-11.786662,2023-01-01T01:43:21
15.233407,-11.786662,2023-01-01T01:43:22
15.233407,-11.786662,2023-01-01T01:43:23
15.233407,-11.786662,2023-01-01T01:43:24
15.233407,-11.786662,2023-01-01T01:43:25
15.233407,-11.786662,2023-01-01T01:43:26
15.233407,-11.786662,2023-01-01T01:43:27
15.233407,-11.786662,2023-01-01T01:43:28
15.233407,-11.786662,2023-01-01T01:43:29
15.233407,-11.786662,2023-01-01T01:43:30
15.233407,-11.786662,2023-01-01T01:43:31
15.233407,-11.786662,2023-01-01T01:43:32
15.233407,-11.786662,2023-01-01T01:43:33
15.233407,-11.786662,2023-01-01T01:43:34
15.233407,-11.786662,2023-01-01T01:43:35
15.233407,-11.786662,2023-01-01T01:43:36
15.233407,-11.786662,2023-01-01T01:43:37
15.233407,-11.786662,2023-01-01T01:43:38
15.233407,-11.786662,2023-01-01T01:43:39
15.233407,-11.786662,2023-01-01T01:43:40
15.233407,-11.786662,2023-01-01T01:43:41
15.233407,-11.786662,2023-01-01T01:43:42
15.233407,-11.786662,2023-01-01T01:43:43
15.233407,-11.786662,2023-01-01T01:43:44
15.233407,-11.786662,2023-01-01T01:43:45
15.344599,-11.786662,2023-01-01T01:43:46
15.344599,-11.786662,2023-01-01T01:43:47
15.344599,-11.786662,2023-01-01T01:43:48
15.344599,-11.786662,2023-01-01T01:43:49
15.344599,-11.786662,2023-01-01T01:43:50
15.344599,-11.786662,2023-01-01T01:43:51
15.344599,-11.786662,2023-01-01T01:43:52
15.344599,-11.786662,2023-01-01T01:43:53
15.344599,-11.786662,2023-01-01T01:43:54
15.344599,-11.786662,2023-01-01T01:43:55
15.344599,-11.786662,2023-01-01T01:43:56
15.344599,-11.786662,2023-01-01T01:43:57
15.344599,-11.786662,2023-01-01T01:43:58
15.344599,-11.786662,2023-01-01T01:43:59
15.344599,-11.786662,2023-01-01T01:44:00
15.344599,-11.786662,2023-01-01T01:44:01
15.344599,-11.786662,2023-01-01T01:44:02
15.344599,-11.786662,2023-01-01T01:44:03
15.344599,-11.786662,2023-01-01T01:44:04
15.455792,-11.786662,2023-01-01T01:44:05
15.455792,-11.786662,2023-01-01T01:44:06
15.455792,-11.786662,2023-01-01T01:44:07
15.455792,-11.786662,2023-01-01T01:44:08
15.455792,-11.786662,2023-01-01T01:44:09
15.455792,-11.786662,2023-01-01T01:44:10
15.455792,-11.786662,2023-01-01T01:44:11
15.455792,-11.786662,2023-01-01T01:44:12
15.455792,-11.786662,2023-01-01T01:44:13
15.455792,-11.786662,2023-01-01T01:44:14
15.455792,-11.786662,2023-01-01T01:44:15
15.455792,-11.786662,2023-01-01T01:44:16
15.455792,-11.786662,2023-01-01T01:44:17
15.455792,-11.786662,2023-01-01T01:44:18
15.455792,-11.786662,2023-01-01T01:44:19
15.455792,-11.786662,2023-01-01T01:44:20
15.455792,-11.786662,2023-01-01T01:44:21
15.455792,-11.786662,2023-01-01T01:44:22
15.455792,-11.786662,2023-01-01T01:44:23
15.455792,-11.786662,2023-01-01T01:44:24
15.455792,-11.786662,2023-01-01T01:44:25
15.455792,-11.786662,2023-01-01T01:44:26
15.455792,-11.786662,2023-01-01T01:44:27
15.455792,-11.897857,2023-01-01T01:44:28
15.455792,-11.897857,2023-01-01T01:44:29
15.455792,-11.897857,2023-01-01T01:44:30
15.455792,-11.897857,2023-01-01T01:44:31
15.455792,-11.897857,2023-01-01T01:44:32
15.455792,-11.897857,2023-01-01T01:44:33
15.455792,-11.897857,2023-01-01T01:44:34
15.455792,-11.897857,2023-01-01T01:44:35
15.566985,-11.897857,2023-01-01T01:44:36
15.566985,-11.897857,2023-01-01T01:44:37
15.566985,-11.897857,2023-01-01T01:44:38
15.566985,-11.897857,2023-01-01T01:44:39
15.566985,-11.897857,2023-01-01T01:44:40
15.566985,-11.897857,2023-01-01T01:44:41
15.566985,-11.897857,2023-01-01T01:44:42
15.566985,-11.897857,2023-01-01T01:44:43
15.566985,-11.897857,2023-01-01T01:44:44
15.566985,-11.897857,2023-01-01T01:44:45
15.566985,-11.897857,2023-01-01T01:44:46
15.566985,-11.897857,2023-01-01T01:44:47
15.566985,-11.897857,2023-01-01T01:44:48
15.566985,-11.897857,2023-01-01T01:44:49
15.566985,-11.897857,2023-01-01T01:44:50
15.566985,-11.897857,2023-01-01T01:44:51
15.566985,-11.897857,2023-01-01T01:44:52
15.566985,-11.897857,2023-01-01T01:44:53
15.566985,-11.897857,2023-01-01T01:44:54
15.566985,-11.897857,2023-01-01T01:44:55
15.566985,-11.897857,2023-01-01T01:44:56
15.566985,-11.897857,2023-01-01T01:44:57
15.678178,-11.897857,2023-01-01T01:44:58
15.678178,-11.897857,2023-01-01T01:44:59
15.678178,-11.897857,2023-01-01T01:45:00
15.678178,-11.897857,2023-01-01T01:45:01
15.678178,-11.897857,2023-01-01T01:45:02
15.678178,-11.897857,2023-01-01T01:45:03
15.678178,-12.009052,2023-01-01T01:45:04
15.678178,-12.009052,2023-01-01T01:45:05
15.678178,-12.009052,2023-01-01T01:45:06
15.678178,-12.009052,2023-01-01T01:45:07
15.678178,-12.009052,2023-01-01T01:45:08
15.678178,-12.009052,2023-01-01T01:45:09
15.678178,-12.009052,2023-01-01T01:45:10
15.678178,-12.009052,2023-01-01T01:45:11
15.678178,-12.009052,2023-01-01T01:45:12
15.678178,-12.009052,2023-01-01T01:45:13
15.678178,-12.009052,2023-01-01T01:45:14
15.678178,-12.009052,2023-01-01T01:45:15
15.678178,-12.009052,2023-01-01T01:45:16
15.789370,-12.009052,2023-01-01T01:45:17
15.789370,-12.009052,2023-01-01T01:45:18
15.789370,-12.009052,2023-01-01T01:45:19
15.789370,-12.009052,2023-01-01T01:45:20
15.789370,-12.009052,2023-01-01T01:45:21
15.789370,-12.009052,2023-01-01T01:45:22
15.789370,-12.009052,2023-01-01T01:45:23
15.789370,-12.009052,2023-01-01T01:45:24
15.789370,-12.009052,2023-01-01T01:45:25
15.789370,-12.009052,2023-01-01T01:45:26
15.789370,-12.009052,2023-01-01T01:45:27
15.789370,-12.009052,2023-01-01T01:45:28
15.789370,-12.009052,2023-01-01T01:45:29
15.789370,-12.009052,2023-01-01T01:45:30
15.789370,-12.009052,2023-01-01T01:45:31
15.789370,-12.009052,2023-01-01T01:45:32
15.789370,-12.009052,2023-01-01T01:45:33
15.900563,-12.009052,2023-01-01T01:45:34
15.900563,-12.009052,2023-01-01T01:45:35
15.900563,-12.009052,2023-01-01T01:45:36
15.900563,-12.009052,2023-01-01T01:45:37
15.900563,-12.009052,2023-01-01T01:45:38
15.900563,-12.009052,2023-01-01T01:45:39
15.900563,-12.009052,2023-01-01T01:45:40
15.900563,-12.009052,2023-01-01T01:45:41
15.900563,-12.009052,2023-01-01T01:45:42
15.900563,-12.009052,2023-01-01T01:45:43
15.900563,-12.009052,2023-01-01T01:45:44
15.900563,-12.009052,2023-01-01T01:45:45
15.900563,-12.009052,2023-01-01T01:45:46
15.900563,-12.009052,2023-01-01T01:45:47
16.011756,-12.009052,2023-01-01T01:45:48
16.011756,-12.009052,2023-01-01T01:45:49
16.011756,-12.009052,2023-01-01T01:45:50
16.011756,-12.009052,2023-01-01T01:45:51
16.011756,-12.009052,2023-01-01T01:45:52
16.011756,-12.009052,2023-01-01T01:45:53
16.011756,-12.009052,2023-01-01T01:45:54
16.011756,-12.009052,2023-01-01T01:45:55
16.011756,-12.009052,2023-01-01T01:45:56
16.011756,-12.009052,2023-01-01T01:45:57
16.122949,-12.009052,2023-01-01T01:45:58
16.122949,-12.009052,2023-01-01T01:45:59
16.122949,-12.120247,2023-01-01T01:46:00
16.122949,-12.120247,2023-01-01T01:46:01
16.122949,-12.120247,2023-01-01T01:46:02
16.122949,-12.120247,2023-01-01T01:46:03
16.122949,-12.120247,2023-01-01T01:46:04
16.234141,-12.120247,2023-01-01T01:46:05
16.234141,-12.120247,2023-01-01T01:46:06
16.234141,-12.120247,2023-01-01T01:46:07
16.234141,-12.120247,2023-01-01T01:46:08
16.234141,-12.120247,2023-01-01T01:46:09
16.234141,-12.120247,2023-01-01T01:46:10
16.234141,-12.120247,2023-01-01T01:46:11
16.234141,-12.120247,2023-01-01T01:46:12
16.234141,-12.120247,2023-01-01T01:46:13
16.122949,-12.120247,2023-01-01T01:46:14
16.122949,-12.120247,2023-01-01T01:46:15
16.011756,-12.120247,2023-01-01T01:46:16
16.011756,-12.120247,2023-01-01T01:46:17
15.900563,-12.009052,2023-01-01T01:46:18
15.900563,-12.009052,2023-01-01T01:46:19
15.900563,-12.009052,2023-01-01T01:46:20
15.789370,-12.009052,2023-01-01T01:46:21
15.789370,-12.009052,2023-01-01T01:46:22
15.678178,-12.009052,2023-01-01T01:46:23
15.678178,-12.009052,2023-01-01T01:46:24
15.678178,-12.009052,2023-01-01T01:46:25
15.566985,-12.009052,2023-01-01T01:46:26
15.566985,-12.009052,2023-01-01T01:46:27
15.566985,-12.009052,2023-01-01T01:46:28
15.455792,-12.009052,2023-01-01T01:46:29
15.455792,-12.009052,2023-01-01T01:46:30
15.455792,-12.009052,2023-01-01T01:46:31
15.344599,-12.009052,2023-01-01T01:46:32
15.344599,-12.009052,2023-01-01T01:46:33
15.344599,-12.009052,2023-01-01T01:46:34
15.233407,-12.009052,2023-01-01T01:46:35
15.233407,-12.009052,2023-01-01T01:46:36
15.122214,-12.009052,2023-01-01T01:46:37
15.122214,-12.009052,2023-01-01T01:46:38
15.122214,-12.009052,2023-01-01T01:46:39
15.011021,-12.009052,2023-01-01T01:46:40
15.011021,-11.897857,2023-01-01T01:46:41
14.899828,-11.897857,2023-01-01T01:46:42
14.899828,-11.897857,2023-01-01T01:46:43
14.899828,-11.897857,2023-01-01T01:46:44
14.899828,-12.009052,2023-01-01T01:46:45
14.899828,-12.009052,2023-01-01T01:46:46
14.899828,-12.009052,2023-01-01T01:46:47
15.011021,-12.009052,2023-01-01T01:46:48
15.011021,-12.009052,2023-01-01T01:46:49
15.011021,-12.009052,2023-01-01T01:46:50
15.011021,-12.009052,2023-01-01T01:46:51
15.011021,-12.009052,2023-01-01T01:46:52
15.011021,-12.009052,2023-01-01T01:46:53
15.011021,-12.009052,2023-01-01T01:46:54
15.011021,-12.009052,2023-01-01T01:46:55
15.011021,-12.009052,2023-01-01T01:46:56
15.011021,-12.009052,2023-01-01T01:46:57
15.011021,-12.009052,2023-01-01T01:46:58
15.011021,-12.009052,2023-01-01T01:46:59
15.011021,-12.009052,2023-01-01T01:47:00
15.011021,-12.009052,2023-01-01T01:47:01
15.011021,-12.009052,2023-01-01T01:47:02
15.011021,-11.897857,2023-01-01T01:47:03
15.011021,-11.897857,2023-01-01T01:47:04
15.011021,-11.897857,2023-01-01T01:47:05
15.011021,-11.897857,2023-01-01T01:47:06
15.011021,-11.897857,2023-01-01T01:47:07
15.011021,-11.897857,2023-01-01T01:47:08
15.011021,-11.897857,2023-01-01T01:47:09
15.011021,-11.897857,2023-01-01T01:47:10
15.011021,-11.897857,2023-01-01T01:47:11
15.011021,-11.897857,2023-01-01T01:47:12
15.122214,-11.897857,2023-01-01T01:47:13
15.122214,-11.897857,2023-01-01T01:47:14
15.122214,-11.897857,2023-01-01T01:47:15
15.233407,-11.897857,2023-01-01T01:47:16
15.233407,-11.786662,2023-01-01T01:47:17
15.344599,-11.786662,2023-01-01T01:47:18
15.344599,-11.786662,2023-01-01T01:47:19
15.455792,-11.786662,2023-01-01T01:47:20
15.455792,-11.786662,2023-01-01T01:47:21
15.455792,-11.786662,2023-01-01T01:47:22
15.566985,-11.786662,2023-01-01T01:47:23
15.566985,-11.786662,2023-01-01T01:47:24
15.566985,-11.786662,2023-01-01T01:47:25
15.678178,-11.786662,2023-01-01T01:47:26
15.678178,-11.786662,2023-01-01T01:47:27
15.789370,-11.786662,2023-01-01T01:47:28
15.789370,-11.675467,2023-01-01T01:47:29
15.789370,-11.675467,2023-01-01T01:47:30
15.900563,-11.675467,2023-01-01T01:47:31
15.900563,-11.675467,2023-01-01T01:47:32
15.900563,-11.564272,2023-01-01T01:47:33
16.011756,-11.564272,2023-01-01T01:47:34
16.011756,-11.564272,2023-01-01T01:47:35
16.122949,-11.564272,2023-01-01T01:47:36
16.122949,-11.564272,2023-01-01T01:47:37
16.122949,-11.453077,2023-01-01T01:47:38
16.234141,-11.453077,2023-01-01T01:47:39
16.234141,-11.453077,2023-01-01T01:47:40
16.234141,-11.453077,2023-01-01T01:47:41
16.345334,-11.341883,2023-01-01T01:47:42
16.345334,-11.341883,2023-01-01T01:47:43
16.345334,-11.341883,2023-01-01T01:47:44
16.456527,-11.341883,2023-01-01T01:47:45
16.456527,-11.341883,2023-01-01T01:47:46
16.567720,-11.230688,2023-01-01T01:47:47
16.567720,-11.230688,2023-01-01T01:47:48
16.567720,-11.230688,2023-01-01T01:47:49
16.678912,-11.230688,2023-01-01T01:47:50
16.678912,-11.230688,2023-01-01T01:47:51
16.678912,-11.230688,2023-01-01T01:47:52
16.790105,-11.230688,2023-01-01T01:47:53
16.790105,-11.119493,2023-01-01T01:47:54
16.790105,-11.119493,2023-01-01T01:47:55
16.901298,-11.119493,2023-01-01T01:47:56
16.901298,-11.119493,2023-01-01T01:47:57
16.901298,-11.119493,2023-01-01T01:47:58
17.012491,-11.119493,2023-01-01T01:47:59
17.012491,-11.008298,2023-01-01T01:48:00
17.012491,-11.008298,2023-01-01T01:48:01
17.123683,-11.008298,2023-01-01T01:48:02
17.123683,-10.897103,2023-01-01T01:48:03
17.123683,-10.897103,2023-01-01T01:48:04
17.234876,-10.897103,2023-01-01T01:48:05
17.234876,-10.897103,2023-01-01T01:48:06
17.234876,-10.785908,2023-01-01T01:48:07
17.346069,-10.785908,2023-01-01T01:48:08
17.346069,-10.785908,2023-01-01T01:48:09
17.346069,-10.785908,2023-01-01T01:48:10
17.457262,-10.674713,2023-01-01T01:48:11
17.457262,-10.674713,2023-01-01T01:48:12
17.457262,-10.674713,2023-01-01T01:48:13
17.568454,-10.674713,2023-01-01T01:48:14
17.568454,-10.674713,2023-01-01T01:48:15
17.568454,-10.563518,2023-01-01T01:48:16
17.679647,-10.563518,2023-01-01T01:48:17
17.679647,-10.563518,2023-01-01T01:48:18
17.679647,-10.563518,2023-01-01T01:48:19
17.790840,-10.563518,2023-01-01T01:48:20
17.790840,-10.452323,2023-01-01T01:48:21
17.790840,-10.452323,2023-01-01T01:48:22
17.902033,-10.452323,2023-01-01T01:48:23
17.902033,-10.452323,2023-01-01T01:48:24
17.902033,-10.341128,2023-01-01T01:48:25
18.013225,-10.341128,2023-01-01T01:48:26
18.013225,-10.341128,2023-01-01T01:48:27
18.013225,-10.341128,2023-01-01T01:48:28
18.124418,-10.229933,2023-01-01T01:48:29
18.124418,-10.229933,2023-01-01T01:48:30
18.124418,-10.229933,2023-01-01T01:48:31
18.235611,-10.229933,2023-01-01T01:48:32
18.235611,-10.118738,2023-01-01T01:48:33
18.235611,-10.118738,2023-01-01T01:48:34
18.346804,-10.118738,2023-01-01T01:48:35
18.346804,-10.118738,2023-01-01T01:48:36
18.346804,-10.118738,2023-01-01T01:48:37
18.457996,-10.007543,2023-01-01T01:48:38
18.457996,-10.007543,2023-01-01T01:48:39
18.457996,-10.007543,2023-01-01T01:48:40
18.569189,-10.007543,2023-01-01T01:48:41
18.569189,-10.007543,2023-01-01T01:48:42
18.569189,-9.896348,2023-01-01T01:48:43
18.569189,-9.896348,2023-01-01T01:48:44
18.680382,-9.896348,2023-01-01T01:48:45
18.680382,-9.896348,2023-01-01T01:48:46
18.680382,-9.896348,2023-01-01T01:48:47
18.680382,-9.785154,2023-01-01T01:48:48
18.680382,-9.785154,2023-01-01T01:48:49
18.791575,-9.785154,2023-01-01T01:48:50
18.791575,-9.785154,2023-01-01T01:48:51
18.791575,-9.673959,2023-01-01T01:48:52
18.791575,-9.673959,2023-01-01T01:48:53
18.902767,-9.673959,2023-01-01T01:48:54
18.902767,-9.673959,2023-01-01T01:48:55
18.902767,-9.562764,2023-01-01T01:48:56
18.902767,-9.562764,2023-01-01T01:48:57
18.902767,-9.562764,2023-01-01T01:48:58
18.902767,-9.562764,2023-01-01T01:48:59
19.013960,-9.562764,2023-01-01T01:49:00
19.013960,-9.451569,2023-01-01T01:49:01
19.013960,-9.451569,2023-01-01T01:49:02
19.013960,-9.451569,2023-01-01T01:49:03
19.013960,-9.451569,2023-01-01T01:49:04
19.013960,-9.340374,2023-01-01T01:49:05
19.013960,-9.340374,2023-01-01T01:49:06
19.125153,-9.340374,2023-01-01T01:49:07
19.125153,-9.340374,2023-01-01T01:49:08
19.125153,-9.229179,2023-01-01T01:49:09
19.125153,-9.229179,2023-01-01T01:49:10
19.125153,-9.229179,2023-01-01T01:49:11
19.125153,-9.229179,2023-01-01T01:49:12
19.125153,-9.117984,2023-01-01T01:49:13
19.125153,-9.117984,2023-01-01T01:49:14
19.125153,-9.117984,2023-01-01T01:49:15
19.125153,-9.117984,2023-01-01T01:49:16
19.236346,-9.006789,2023-01-01T01:49:17
19.236346,-9.006789,2023-01-01T01:49:18
19.236346,-9.006789,2023-01-01T01:49:19
19.236346,-9.006789,2023-01-01T01:49:20
19.236346,-8.895594,2023-01-01T01:49:21
19.236346,-8.895594,2023-01-01T01:49:22
19.236346,-8.895594,2023-01-01T01:49:23
19.236346,-8.895594,2023-01-01T01:49:24
19.236346,-8.895594,2023-01-01T01:49:25
19.236346,-8.784399,2023-01-01T01:49:26
19.236346,-8.784399,2023-01-01T01:49:27
19.236346,-8.784399,2023-01-01T01:49:28
19.236346,-8.784399,2023-01-01T01:49:29
19.236346,-8.673204,2023-01-01T01:49:30
19.125153,-8.673204,2023-01-01T01:49:31
19.125153,-8.673204,2023-01-01T01:49:32
19.125153,-8.673204,2023-01-01T01:49:33
19.125153,-8.562009,2023-01-01T01:49:34
19.125153,-8.562009,2023-01-01T01:49:35
19.125153,-8.562009,2023-01-01T01:49:36
19.125153,-8.562009,2023-01-01T01:49:37
19.125153,-8.562009,2023-01-01T01:49:38
19.125153,-8.450814,2023-01-01T01:49:39
19.125153,-8.450814,2023-01-01T01:49:40
19.013960,-8.450814,2023-01-01T01:49:41
19.013960,-8.450814,2023-01-01T01:49:42
19.125153,-8.339619,2023-01-01T01:49:43
19.125153,-8.339619,2023-01-01T01:49:44
19.125153,-8.339619,2023-01-01T01:49:45
19.125153,-8.339619,2023-01-01T01:49:46
19.125153,-8.339619,2023-01-01T01:49:47
19.236346,-8.228425,2023-01-01T01:49:48
19.236346,-8.228425,2023-01-01T01:49:49
19.236346,-8.228425,2023-01-01T01:49:50
19.236346,-8.228425,2023-01-01T01:49:51
19.236346,-8.228425,2023-01-01T01:49:52
19.236346,-8.117230,2023-01-01T01:49:53
19.347538,-8.117230,2023-01-01T01:49:54
19.347538,-8.117230,2023-01-01T01:49:55
19.347538,-8.117230,2023-01-01T01:49:56
19.347538,-8.117230,2023-01-01T01:49:57
19.347538,-8.117230,2023-01-01T01:49:58
19.347538,-8.006035,2023-01-01T01:49:59
19.347538,-8.006035,2023-01-01T01:50:00
19.347538,-8.006035,2023-01-01T01:50:01
19.347538,-8.006035,2023-01-01T01:50:02
19.347538,-8.006035,2023-01-01T01:50:03
19.347538,-7.894840,2023-01-01T01:50:04
19.347538,-7.894840,2023-01-01T01:50:05
19.347538,-7.894840,2023-01-01T01:50:06
19.347538,-7.894840,2023-01-01T01:50:07
19.347538,-7.894840,2023-01-01T01:50:08
19.347538,-7.894840,2023-01-01T01:50:09
19.347538,-7.783645,2023-01-01T01:50:10
19.347538,-7.783645,2023-01-01T01:50:11
19.347538,-7.783645,2023-01-01T01:50:12
19.458731,-7.783645,2023-01-01T01:50:13
19.458731,-7.783645,2023-01-01T01:50:14
19.458731,-7.672450,2023-01-01T01:50:15
19.458731,-7.672450,2023-01-01T01:50:16
19.569924,-7.672450,2023-01-01T01:50:17
19.569924,-7.672450,2023-01-01T01:50:18
19.569924,-7.672450,2023-01-01T01:50:19
19.569924,-7.672450,2023-01-01T01:50:20
19.569924,-7.561255,2023-01-01T01:50:21
19.681117,-7.561255,2023-01-01T01:50:22
19.681117,-7.561255,2023-01-01T01:50:23
19.681117,-7.561255,2023-01-01T01:50:24
19.681117,-7.561255,2023-01-01T01:50:25
19.681117,-7.450060,2023-01-01T01:50:26
19.792309,-7.450060,2023-01-01T01:50:27
19.792309,-7.450060,2023-01-01T01:50:28
19.792309,-7.450060,2023-01-01T01:50:29
19.792309,-7.450060,2023-01-01T01:50:30
19.792309,-7.450060,2023-01-01T01:50:31
19.903502,-7.338865,2023-01-01T01:50:32
19.903502,-7.338865,2023-01-01T01:50:33
19.903502,-7.338865,2023-01-01T01:50:34
19.903502,-7.338865,2023-01-01T01:50:35
19.903502,-7.227670,2023-01-01T01:50:36
20.014695,-7.227670,2023-01-01T01:50:37
20.014695,-7.227670,2023-01-01T01:50:38
20.014695,-7.227670,2023-01-01T01:50:39
20.014695,-7.227670,2023-01-01T01:50:40
20.125888,-7.116475,2023-01-01T01:50:41
20.125888,-7.116475,2023-01-01T01:50:42
20.125888,-7.116475,2023-01-01T01:50:43
20.125888,-7.116475,2023-01-01T01:50:44
20.125888,-7.116475,2023-01-01T01:50:45
20.237080,-7.005280,2023-01-01T01:50:46
20.237080,-7.005280,2023-01-01T01:50:47
20.237080,-7.005280,2023-01-01T01:50:48
20.237080,-7.005280,2023-01-01T01:50:49
20.237080,-6.894085,2023-01-01T01:50:50
20.348273,-6.894085,2023-01-01T01:50:51
20.348273,-6.894085,2023-01-01T01:50:52
20.348273,-6.894085,2023-01-01T01:50:53
20.348273,-6.894085,2023-01-01T01:50:54
20.348273,-6.782891,2023-01-01T01:50:55
20.459466,-6.782891,2023-01-01T01:50:56
20.459466,-6.782891,2023-01-01T01:50:57
20.459466,-6.782891,2023-01-01T01:50:58
20.459466,-6.782891,2023-01-01T01:50:59
20.459466,-6.782891,2023-01-01T01:51:00
20.570659,-6.671696,2023-01-01T01:51:01
20.570659,-6.671696,2023-01-01T01:51:02
20.570659,-6.671696,2023-01-01T01:51:03
20.570659,-6.671696,2023-01-01T01:51:04
20.681851,-6.671696,2023-01-01T01:51:05
20.681851,-6.671696,2023-01-01T01:51:06
20.793044,-6.671696,2023-01-01T01:51:07
20.793044,-6.671696,2023-01-01T01:51:08
20.904237,-6.671696,2023-01-01T01:51:09
20.904237,-6.671696,2023-01-01T01:51:10
21.015430,-6.671696,2023-01-01T01:51:11
21.015430,-6.671696,2023-01-01T01:51:12
21.126622,-6.671696,2023-01-01T01:51:13
21.237815,-6.671696,2023-01-01T01:51:14
21.349008,-6.671696,2023-01-01T01:51:15
21.460201,-6.671696,2023-01-01T01:51:16
21.460201,-6.782891,2023-01-01T01:51:17
21.571393,-6.782891,2023-01-01T01:51:18
21.682586,-6.782891,2023-01-01T01:51:19
21.793779,-6.782891,2023-01-01T01:51:20
21.793779,-6.782891,2023-01-01T01:51:21
21.904972,-6.782891,2023-01-01T01:51:22
22.016164,-6.782891,2023-01-01T01:51:23
22.016164,-6.782891,2023-01-01T01:51:24
22.127357,-6.782891,2023-01-01T01:51:25
22.238550,-6.782891,2023-01-01T01:51:26
22.238550,-6.782891,2023-01-01T01:51:27
22.349743,-6.782891,2023-01-01T01:51:28
22.460935,-6.782891,2023-01-01T01:51:29
22.460935,-6.782891,2023-01-01T01:51:30
22.572128,-6.782891,2023-01-01T01:51:31
22.683321,-6.782891,2023-01-01T01:51:32
22.683321,-6.782891,2023-01-01T01:51:33
22.794514,-6.782891,2023-01-01T01:51:34
22.794514,-6.782891,2023-01-01T01:51:35
22.905706,-6.782891,2023-01-01T01:51:36
22.905706,-6.782891,2023-01-01T01:51:37
23.016899,-6.782891,2023-01-01T01:51:38
23.016899,-6.782891,2023-01-01T01:51:39
23.128092,-6.782891,2023-01-01T01:51:40
23.128092,-6.782891,2023-01-01T01:51:41
23.239285,-6.782891,2023-01-01T01:51:42
23.239285,-6.782891,2023-01-01T01:51:43
23.239285,-6.782891,2023-01-01T01:51:44
23.239285,-6.782891,2023-01-01T01:51:45
23.239285,-6.782891,2023-01-01T01:51:46
23.239285,-6.782891,2023-01-01T01:51:47
23.239285,-6.782891,2023-01-01T01:51:48
23.239285,-6.782891,2023-01-01T01:51:49
23.239285,-6.671696,2023-01-01T01:51:50
23.239285,-6.671696,2023-01-01T01:51:51
23.239285,-6.671696,2023-01-01T01:51:52
23.239285,-6.671696,2023-01-01T01:51:53
23.239285,-6.671696,2023-01-01T01:51:54
23.239285,-6.671696,2023-01-01T01:51:55
23.239285,-6.671696,2023-01-01T01:51:56
23.239285,-6.671696,2023-01-01T01:51:57
23.239285,-6.671696,2023-01-01T01:51:58
23.239285,-6.671696,2023-01-01T01:51:59
23.239285,-6.671696,2023-01-01T01:52:00
23.239285,-6.671696,2023-01-01T01:52:01
23.239285,-6.560501,2023-01-01T01:52:02
23.239285,-6.560501,2023-01-01T01:52:03
23.239285,-6.560501,2023-01-01T01:52:04
23.128092,-6.560501,2023-01-01T01:52:05
23.128092,-6.560501,2023-01-01T01:52:06
23.128092,-6.560501,2023-01-01T01:52:07
23.128092,-6.560501,2023-01-01T01:52:08
23.128092,-6.560501,2023-01-01T01:52:09
23.128092,-6.560501,2023-01-01T01:52:10
23.128092,-6.560501,2023-01-01T01:52:11
23.016899,-6.560501,2023-01-01T01:52:12
23.016899,-6.449306,2023-01-01T01:52:13
23.016899,-6.449306,2023-01-01T01:52:14
23.016899,-6.449306,2023-01-01T01:52:15
23.016899,-6.449306,2023-01-01T01:52:16
22.905706,-6.449306,2023-01-01T01:52:17
22.905706,-6.449306,2023-01-01T01:52:18
22.905706,-6.449306,2023-01-01T01:52:19
22.905706,-6.449306,2023-01-01T01:52:20
22.794514,-6.449306,2023-01-01T01:52:21
22.794514,-6.449306,2023-01-01T01:52:22
22.794514,-6.338111,2023-01-01T01:52:23
22.683321,-6.338111,2023-01-01T01:52:24
22.683321,-6.338111,2023-01-01T01:52:25
22.683321,-6.338111,2023-01-01T01:52:26
22.572128,-6.338111,2023-01-01T01:52:27
22.572128,-6.338111,2023-01-01T01:52:28
22.572128,-6.338111,2023-01-01T01:52:29
22.460935,-6.338111,2023-01-01T01:52:30
22.460935,-6.338111,2023-01-01T01:52:31
22.349743,-6.338111,2023-01-01T01:52:32
22.349743,-6.338111,2023-01-01T01:52:33
22.238550,-6.226916,2023-01-01T01:52:34
22.238550,-6.226916,2023-01-01T01:52:35
22.127357,-6.226916,2023-01-01T01:52:36
22.127357,-6.226916,2023-01-01T01:52:37
22.016164,-6.226916,2023-01-01T01:52:38
21.904972,-6.226916,2023-01-01T01:52:39
21.904972,-6.226916,2023-01-01T01:52:40
21.793779,-6.226916,2023-01-01T01:52:41
21.793779,-6.226916,2023-01-01T01:52:42
21.682586,-6.226916,2023-01-01T01:52:43
21.682586,-6.226916,2023-01-01T01:52:44
21.682586,-6.226916,2023-01-01T01:52:45
21.571393,-6.226916,2023-01-01T01:52:46
21.571393,-6.226916,2023-01-01T01:52:47
21.571393,-6.115721,2023-01-01T01:52:48
21.460201,-6.115721,2023-01-01T01:52:49
21.460201,-6.115721,2023-01-01T01:52:50
21.349008,-6.115721,2023-01-01T01:52:51
21.349008,-6.115721,2023-01-01T01:52:52
21.237815,-6.115721,2023-01-01T01:52:53
21.237815,-6.115721,2023-01-01T01:52:54
21.126622,-6.115721,2023-01-01T01:52:55
21.126622,-6.115721,2023-01-01T01:52:56
21.015430,-6.115721,2023-01-01T01:52:57
21.015430,-6.115721,2023-01-01T01:52:58
20.904237,-6.115721,2023-01-01T01:52:59
20.793044,-6.004526,2023-01-01T01:53:00
20.793044,-6.004526,2023-01-01T01:53:01
20.681851,-6.004526,2023-01-01T01:53:02
20.570659,-6.004526,2023-01-01T01:53:03
20.570659,-6.004526,2023-01-01T01:53:04
20.459466,-6.004526,2023-01-01T01:53:05
20.348273,-6.004526,2023-01-01T01:53:06
20.348273,-6.004526,2023-01-01T01:53:07
20.237080,-6.115721,2023-01-01T01:53:08
20.125888,-6.115721,2023-01-01T01:53:09
20.125888,-6.115721,2023-01-01T01:53:10
20.014695,-6.115721,2023-01-01T01:53:11
19.903502,-6.115721,2023-01-01T01:53:12
19.903502,-6.004526,2023-01-01T01:53:13
20.014695,-6.004526,2023-01-01T01:53:14
20.014695,-6.004526,2023-01-01T01:53:15
20.014695,-6.004526,2023-01-01T01:53:16
20.125888,-6.004526,2023-01-01T01:53:17
20.125888,-6.004526,2023-01-01T01:53:18
20.125888,-6.004526,2023-01-01T01:53:19
20.125888,-6.004526,2023-01-01T01:53:20
20.125888,-6.004526,2023-01-01T01:53:21
20.237080,-6.004526,2023-01-01T01:53:22
20.237080,-6.004526,2023-01-01T01:53:23
20.237080,-6.004526,2023-01-01T01:53:24
20.237080,-6.004526,2023-01-01T01:53:25
20.237080,-6.004526,2023-01-01T01:53:26
20.348273,-6.004526,2023-01-01T01:53:27
20.348273,-5.893331,2023-01-01T01:53:28
20.348273,-5.893331,2023-01-01T01:53:29
20.348273,-5.893331,2023-01-01T01:53:30
20.348273,-5.893331,2023-01-01T01:53:31
20.348273,-5.893331,2023-01-01T01:53:32
20.348273,-5.893331,2023-01-01T01:53:33
20.459466,-5.893331,2023-01-01T01:53:34
20.459466,-5.893331,2023-01-01T01:53:35
20.459466,-5.893331,2023-01-01T01:53:36
20.459466,-5.893331,2023-01-01T01:53:37
20.459466,-5.782136,2023-01-01T01:53:38
20.459466,-5.782136,2023-01-01T01:53:39
20.459466,-5.782136,2023-01-01T01:53:40
20.570659,-5.782136,2023-01-01T01:53:41
20.570659,-5.782136,2023-01-01T01:53:42
20.570659,-5.782136,2023-01-01T01:53:43
20.459466,-5.670941,2023-01-01T01:53:44
20.459466,-5.670941,2023-01-01T01:53:45
20.459466,-5.670941,2023-01-01T01:53:46
20.459466,-5.670941,2023-01-01T01:53:47
20.459466,-5.559746,2023-01-01T01:53:48
20.459466,-5.559746,2023-01-01T01:53:49
20.459466,-5.559746,2023-01-01T01:53:50
20.570659,-5.559746,2023-01-01T01:53:51
20.570659,-5.559746,2023-01-01T01:53:52
20.570659,-5.448551,2023-01-01T01:53:53
20.570659,-5.448551,2023-01-01T01:53:54
20.570659,-5.448551,2023-01-01T01:53:55
20.570659,-5.448551,2023-01-01T01:53:56
20.570659,-5.448551,2023-01-01T01:53:57
20.570659,-5.337356,2023-01-01T01:53:58
20.570659,-5.337356,2023-01-01T01:53:59
20.570659,-5.337356,2023-01-01T01:54:00
20.570659,-5.337356,2023-01-01T01:54:01
20.681851,-5.337356,2023-01-01T01:54:02
20.681851,-5.226162,2023-01-01T01:54:03
20.681851,-5.226162,2023-01-01T01:54:04
20.681851,-5.226162,2023-01-01T01:54:05
20.681851,-5.226162,2023-01-01T01:54:06
20.681851,-5.226162,2023-01-01T01:54:07
20.681851,-5.114967,2023-01-01T01:54:08
20.681851,-5.114967,2023-01-01T01:54:09
20.681851,-5.114967,2023-01-01T01:54:10
20.681851,-5.114967,2023-01-01T01:54:11
20.681851,-5.114967,2023-01-01T01:54:12
20.793044,-5.114967,2023-01-01T01:54:13
20.904237,-5.003772,2023-01-01T01:54:14
20.904237,-5.003772,2023-01-01T01:54:15
21.015430,-5.003772,2023-01-01T01:54:16
21.126622,-5.114967,2023-01-01T01:54:17
21.126622,-5.114967,2023-01-01T01:54:18
21.237815,-5.114967,2023-01-01T01:54:19
21.349008,-5.114967,2023-01-01T01:54:20
21.349008,-5.114967,2023-01-01T01:54:21
21.460201,-5.114967,2023-01-01T01:54:22
21.571393,-5.114967,2023-01-01T01:54:23
21.571393,-5.114967,2023-01-01T01:54:24
21.682586,-5.114967,2023-01-01T01:54:25
21.682586,-5.114967,2023-01-01T01:54:26
21.793779,-5.114967,2023-01-01T01:54:27
21.904972,-5.114967,2023-01-01T01:54:28
21.904972,-5.226162,2023-01-01T01:54:29
22.016164,-5.226162,2023-01-01T01:54:30
22.016164,-5.226162,2023-01-01T01:54:31
22.127357,-5.226162,2023-01-01T01:54:32
22.127357,-5.226162,2023-01-01T01:54:33
22.238550,-5.226162,2023-01-01T01:54:34
22.238550,-5.226162,2023-01-01T01:54:35
22.349743,-5.226162,2023-01-01T01:54:36
22.349743,-5.226162,2023-01-01T01:54:37
22.460935,-5.226162,2023-01-01T01:54:38
22.460935,-5.226162,2023-01-01T01:54:39
22.572128,-5.226162,2023-01-01T01:54:40
22.572128,-5.226162,2023-01-01T01:54:41
22.572128,-5.226162,2023-01-01T01:54:42
22.683321,-5.226162,2023-01-01T01:54:43
22.683321,-5.226162,2023-01-01T01:54:44
22.683321,-5.226162,2023-01-01T01:54:45
22.794514,-5.226162,2023-01-01T01:54:46
22.794514,-5.226162,2023-01-01T01:54:47
22.794514,-5.226162,2023-01-01T01:54:48
22.905706,-5.337356,2023-01-01T01:54:49
22.905706,-5.337356,2023-01-01T01:54:50
22.905706,-5.337356,2023-01-01T01:54:51
23.016899,-5.337356,2023-01-01T01:54:52
23.016899,-5.337356,2023-01-01T01:54:53
23.016899,-5.337356,2023-01-01T01:54:54
23.016899,-5.337356,2023-01-01T01:54:55
23.128092,-5.337356,2023-01-01T01:54:56
23.128092,-5.337356,2023-01-01T01:54:57
23.128092,-5.337356,2023-01-01T01:54:58
23.128092,-5.337356,2023-01-01T01:54:59
23.239285,-5.337356,2023-01-01T01:55:00
23.239285,-5.337356,2023-01-01T01:55:01
23.239285,-5.337356,2023-01-01T01:55:02
23.239285,-5.337356,2023-01-01T01:55:03
23.350477,-5.337356,2023-01-01T01:55:04
23.350477,-5.337356,2023-01-01T01:55:05
23.350477,-5.337356,2023-01-01T01:55:06
23.350477,-5.337356,2023-01-01T01:55:07
23.350477,-5.337356,2023-01-01T01:55:08
23.461670,-5.337356,2023-01-01T01:55:09
23.461670,-5.337356,2023-01-01T01:55:10
23.461670,-5.337356,2023-01-01T01:55:11
23.461670,-5.337356,2023-01-01T01:55:12
23.461670,-5.337356,2023-01-01T01:55:13
23.572863,-5.337356,2023-01-01T01:55:14
23.572863,-5.337356,2023-01-01T01:55:15
23.572863,-5.337356,2023-01-01T01:55:16
23.572863,-5.337356,2023-01-01T01:55:17
23.572863,-5.448551,2023-01-01T01:55:18
23.572863,-5.448551,2023-01-01T01:55:19
23.572863,-5.448551,2023-01-01T01:55:20
23.684056,-5.448551,2023-01-01T01:55:21
23.684056,-5.448551,2023-01-01T01:55:22
23.684056,-5.448551,2023-01-01T01:55:23
23.684056,-5.448551,2023-01-01T01:55:24
23.684056,-5.448551,2023-01-01T01:55:25
23.684056,-5.448551,2023-01-01T01:55:26
23.684056,-5.448551,2023-01-01T01:55:27
23.684056,-5.448551,2023-01-01T01:55:28
23.795248,-5.448551,2023-01-01T01:55:29
23.795248,-5.448551,2023-01-01T01:55:30
23.795248,-5.448551,2023-01-01T01:55:31
23.795248,-5.448551,2023-01-01T01:55:32
23.795248,-5.448551,2023-01-01T01:55:33
23.795248,-5.448551,2023-01-01T01:55:34
23.795248,-5.448551,2023-01-01T01:55:35
23.795248,-5.448551,2023-01-01T01:55:36
23.906441,-5.448551,2023-01-01T01:55:37
23.906441,-5.448551,2023-01-01T01:55:38
23.906441,-5.448551,2023-01-01T01:55:39
23.906441,-5.448551,2023-01-01T01:55:40
23.906441,-5.448551,2023-01-01T01:55:41
23.906441,-5.448551,2023-01-01T01:55:42
23.906441,-5.448551,2023-01-01T01:55:43
23.906441,-5.448551,2023-01-01T01:55:44
23.906441,-5.448551,2023-01-01T01:55:45
23.906441,-5.448551,2023-01-01T01:55:46
23.906441,-5.448551,2023-01-01T01:55:47
24.017634,-5.448551,2023-01-01T01:55:48
24.017634,-5.448551,2023-01-01T01:55:49
24.017634,-5.448551,2023-01-01T01:55:50
24.017634,-5.448551,2023-01-01T01:55:51
24.017634,-5.448551,2023-01-01T01:55:52
24.017634,-5.448551,2023-01-01T01:55:53
24.017634,-5.448551,2023-01-01T01:55:54
24.017634,-5.448551,2023-01-01T01:55:55
24.017634,-5.448551,2023-01-01T01:55:56
24.017634,-5.448551,2023-01-01T01:55:57
24.017634,-5.337356,2023-01-01T01:55:58
24.017634,-5.337356,2023-01-01T01:55:59
24.128827,-5.337356,2023-01-01T01:56:00
24.128827,-5.337356,2023-01-01T01:56:01
24.128827,-5.337356,2023-01-01T01:56:02
24.128827,-5.337356,2023-01-01T01:56:03
24.128827,-5.337356,2023-01-01T01:56:04
24.128827,-5.337356,2023-01-01T01:56:05
24.128827,-5.337356,2023-01-01T01:56:06
24.128827,-5.337356,2023-01-01T01:56:07
24.128827,-5.337356,2023-01-01T01:56:08
24.128827,-5.337356,2023-01-01T01:56:09
24.128827,-5.337356,2023-01-01T01:56:10
24.128827,-5.226162,2023-01-01T01:56:11
24.128827,-5.226162,2023-01-01T01:56:12
24.240019,-5.226162,2023-01-01T01:56:13
24.240019,-5.226162,2023-01-01T01:56:14
24.240019,-5.226162,2023-01-01T01:56:15
24.240019,-5.226162,2023-01-01T01:56:16
24.240019,-5.226162,2023-01-01T01:56:17
24.351212,-5.114967,2023-01-01T01:56:18
24.351212,-5.114967,2023-01-01T01:56:19
24.351212,-5.114967,2023-01-01T01:56:20
24.351212,-5.114967,2023-01-01T01:56:21
24.351212,-5.114967,2023-01-01T01:56:22
24.462405,-5.003772,2023-01-01T01:56:23
24.462405,-5.003772,2023-01-01T01:56:24
24.462405,-5.003772,2023-01-01T01:56:25
24.462405,-5.003772,2023-01-01T01:56:26
24.462405,-4.892577,2023-01-01T01:56:27
24.462405,-4.892577,2023-01-01T01:56:28
24.573598,-4.892577,2023-01-01T01:56:29
24.573598,-4.781382,2023-01-01T01:56:30
24.573598,-4.781382,2023-01-01T01:56:31
24.573598,-4.781382,2023-01-01T01:56:32
24.573598,-4.670187,2023-01-01T01:56:33
24.573598,-4.670187,2023-01-01T01:56:34
24.573598,-4.670187,2023-01-01T01:56:35
24.684790,-4.558992,2023-01-01T01:56:36
24.684790,-4.558992,2023-01-01T01:56:37
24.684790,-4.447797,2023-01-01T01:56:38
24.684790,-4.447797,2023-01-01T01:56:39
24.684790,-4.447797,2023-01-01T01:56:40
24.684790,-4.336602,2023-01-01T01:56:41
24.684790,-4.336602,2023-01-01T01:56:42
24.795983,-4.336602,2023-01-01T01:56:43
24.795983,-4.336602,2023-01-01T01:56:44
24.795983,-4.225407,2023-01-01T01:56:45
24.795983,-4.225407,2023-01-01T01:56:46
24.795983,-4.225407,2023-01-01T01:56:47
24.795983,-4.225407,2023-01-01T01:56:48
24.907176,-4.225407,2023-01-01T01:56:49
24.907176,-4.225407,2023-01-01T01:56:50
24.907176,-4.114212,2023-01-01T01:56:51
24.907176,-4.114212,2023-01-01T01:56:52
24.907176,-4.114212,2023-01-01T01:56:53
24.907176,-4.114212,2023-01-01T01:56:54
24.907176,-4.114212,2023-01-01T01:56:55
24.907176,-4.114212,2023-01-01T01:56:56
25.018369,-4.114212,2023-01-01T01:56:57
25.018369,-4.114212,2023-01-01T01:56:58
25.018369,-4.003017,2023-01-01T01:56:59
25.018369,-4.003017,2023-01-01T01:57:00
25.018369,-4.003017,2023-01-01T01:57:01
25.018369,-4.003017,2023-01-01T01:57:02
25.018369,-4.003017,2023-01-01T01:57:03
25.018369,-4.003017,2023-01-01T01:57:04
25.129561,-4.003017,2023-01-01T01:57:05
25.129561,-3.891822,2023-01-01T01:57:06
25.129561,-3.891822,2023-01-01T01:57:07
25.129561,-3.891822,2023-01-01T01:57:08
25.129561,-3.891822,2023-01-01T01:57:09
25.129561,-3.891822,2023-01-01T01:57:10
25.129561,-3.891822,2023-01-01T01:57:11
25.129561,-3.891822,2023-01-01T01:57:12
25.129561,-3.891822,2023-01-01T01:57:13
25.129561,-3.891822,2023-01-01T01:57:14
25.018369,-3.891822,2023-01-01T01:57:15
25.018369,-3.891822,2023-01-01T01:57:16
25.018369,-3.891822,2023-01-01T01:57:17
25.018369,-3.891822,2023-01-01T01:57:18
25.018369,-3.891822,2023-01-01T01:57:19
24.907176,-3.891822,2023-01-01T01:57:20
24.907176,-4.003017,2023-01-01T01:57:21
24.907176,-3.891822,2023-01-01T01:57:22
24.907176,-4.003017,2023-01-01T01:57:23
24.795983,-4.003017,2023-01-01T01:57:24
24.795983,-4.003017,2023-01-01T01:57:25
24.795983,-4.003017,2023-01-01T01:57:26
24.795983,-4.003017,2023-01-01T01:57:27
24.795983,-4.003017,2023-01-01T01:57:28
24.684790,-4.003017,2023-01-01T01:57:29
24.684790,-4.003017,2023-01-01T01:57:30
24.684790,-3.891822,2023-01-01T01:57:31
24.684790,-3.891822,2023-01-01T01:57:32
24.684790,-3.891822,2023-01-01T01:57:33
24.684790,-3.891822,2023-01-01T01:57:34
24.573598,-3.891822,2023-01-01T01:57:35
24.573598,-3.891822,2023-01-01T01:57:36
24.573598,-3.891822,2023-01-01T01:57:37
24.573598,-3.891822,2023-01-01T01:57:38
24.573598,-3.891822,2023-01-01T01:57:39
24.573598,-3.891822,2023-01-01T01:57:40
24.573598,-3.891822,2023-01-01T01:57:41
24.573598,-3.891822,2023-01-01T01:57:42
24.573598,-3.891822,2023-01-01T01:57:43
24.573598,-3.891822,2023-01-01T01:57:44
24.573598,-3.891822,2023-01-01T01:57:45
24.684790,-3.891822,2023-01-01T01:57:46
24.684790,-3.891822,2023-01-01T01:57:47
24.684790,-3.891822,2023-01-01T01:57:48
24.684790,-3.891822,2023-01-01T01:57:49
24.684790,-3.891822,2023-01-01T01:57:50
24.684790,-4.003017,2023-01-01T01:57:51
24.795983,-4.003017,2023-01-01T01:57:52
24.795983,-4.003017,2023-01-01T01:57:53
24.795983,-4.003017,2023-01-01T01:57:54
24.795983,-4.003017,2023-01-01T01:57:55
24.795983,-4.003017,2023-01-01T01:57:56
24.795983,-4.003017,2023-01-01T01:57:57
24.795983,-4.003017,2023-01-01T01:57:58
24.795983,-4.003017,2023-01-01T01:57:59
24.907176,-4.003017,2023-01-01T01:58:00
24.907176,-4.003017,2023-01-01T01:58:01
24.907176,-4.003017,2023-01-01T01:58:02
24.907176,-4.003017,2023-01-01T01:58:03
24.907176,-4.003017,2023-01-01T01:58:04
24.907176,-4.003017,2023-01-01T01:58:05
24.907176,-4.003017,2023-01-01T01:58:06
24.907176,-4.003017,2023-01-01T01:58:07
24.907176,-4.003017,2023-01-01T01:58:08
24.907176,-4.114212,2023-01-01T01:58:09
24.907176,-4.114212,2023-01-01T01:58:10
24.907176,-4.114212,2023-01-01T01:58:11
24.907176,-4.114212,2023-01-01T01:58:12
25.018369,-4.114212,2023-01-01T01:58:13
25.018369,-4.114212,2023-01-01T01:58:14
25.018369,-4.114212,2023-01-01T01:58:15
25.018369,-4.114212,2023-01-01T01:58:16
25.018369,-4.114212,2023-01-01T01:58:17
25.018369,-4.114212,2023-01-01T01:58:18
25.018369,-4.114212,2023-01-01T01:58:19
25.129561,-4.114212,2023-01-01T01:58:20
25.129561,-4.114212,2023-01-01T01:58:21
25.129561,-4.114212,2023-01-01T01:58:22
25.129561,-4.114212,2023-01-01T01:58:23
25.129561,-4.114212,2023-01-01T01:58:24
25.129561,-4.114212,2023-01-01T01:58:25
25.129561,-4.114212,2023-01-01T01:58:26
25.129561,-4.114212,2023-01-01T01:58:27
25.129561,-4.114212,2023-01-01T01:58:28
25.240754,-4.114212,2023-01-01T01:58:29
25.240754,-4.114212,2023-01-01T01:58:30
25.240754,-4.114212,2023-01-01T01:58:31
25.240754,-4.114212,2023-01-01T01:58:32
25.240754,-4.114212,2023-01-01T01:58:33
25.240754,-4.114212,2023-01-01T01:58:34
25.240754,-4.114212,2023-01-01T01:58:35
25.240754,-4.114212,2023-01-01T01:58:36
25.240754,-4.114212,2023-01-01T01:58:37
25.240754,-4.114212,2023-01-01T01:58:38
25.240754,-4.114212,2023-01-01T01:58:39
25.240754,-4.114212,2023-01-01T01:58:40
25.240754,-4.114212,2023-01-01T01:58:41
25.240754,-4.114212,2023-01-01T01:58:42
25.240754,-4.114212,2023-01-01T01:58:43
25.240754,-4.114212,2023-01-01T01:58:44
25.240754,-4.114212,2023-01-01T01:58:45
25.240754,-4.114212,2023-01-01T01:58:46
25.240754,-4.114212,2023-01-01T01:58:47
25.240754,-4.114212,2023-01-01T01:58:48
25.240754,-4.114212,2023-01-01T01:58:49
25.240754,-4.114212,2023-01-01T01:58:50
25.240754,-4.114212,2023-01-01T01:58:51
25.240754,-4.114212,2023-01-01T01:58:52
25.240754,-4.114212,2023-01-01T01:58:53
25.240754,-4.114212,2023-01-01T01:58:54
25.240754,-4.114212,2023-01-01T01:58:55
25.240754,-4.003017,2023-01-01T01:58:56
25.240754,-4.003017,2023-01-01T01:58:57
25.240754,-4.003017,2023-01-01T01:58:58
25.240754,-4.003017,2023-01-01T01:58:59
25.240754,-4.003017,2023-01-01T01:59:00
25.240754,-4.003017,2023-01-01T01:59:01
25.129561,-4.003017,2023-01-01T01:59:02
25.129561,-4.003017,2023-01-01T01:59:03
25.129561,-4.003017,2023-01-01T01:59:04
25.129561,-4.003017,2023-01-01T01:59:05
25.129561,-4.003017,2023-01-01T01:59:06
25.129561,-4.003017,2023-01-01T01:59:07
25.018369,-4.003017,2023-01-01T01:59:08
25.018369,-4.003017,2023-01-01T01:59:09
25.018369,-4.003017,2023-01-01T01:59:10
25.018369,-4.003017,2023-01-01T01:59:11
25.018369,-4.003017,2023-01-01T01:59:12
25.018369,-4.003017,2023-01-01T01:59:13
25.018369,-4.003017,2023-01-01T01:59:14
25.018369,-4.003017,2023-01-01T01:59:15
24.907176,-4.003017,2023-01-01T01:59:16
24.907176,-4.003017,2023-01-01T01:59:17
24.907176,-4.003017,2023-01-01T01:59:18
24.907176,-4.003017,2023-01-01T01:59:19
24.907176,-4.003017,2023-01-01T01:59:20
24.907176,-4.003017,2023-01-01T01:59:21
24.907176,-4.003017,2023-01-01T01:59:22
24.907176,-4.003017,2023-01-01T01:59:23
24.907176,-4.003017,2023-01-01T01:59:24
24.795983,-4.003017,2023-01-01T01:59:25
24.795983,-4.003017,2023-01-01T01:59:26
24.795983,-3.891822,2023-01-01T01:59:27
24.795983,-3.891822,2023-01-01T01:59:28
24.795983,-3.891822,2023-01-01T01:59:29
24.795983,-3.891822,2023-01-01T01:59:30
24.684790,-3.891822,2023-01-01T01:59:31
24.684790,-3.891822,2023-01-01T01:59:32
24.684790,-3.891822,2023-01-01T01:59:33
24.684790,-3.891822,2023-01-01T01:59:34
24.684790,-3.891822,2023-01-01T01:59:35
24.573598,-3.891822,2023-01-01T01:59:36
24.573598,-3.891822,2023-01-01T01:59:37
24.573598,-3.891822,2023-01-01T01:59:38
24.573598,-3.891822,2023-01-01T01:59:39
24.462405,-3.891822,2023-01-01T01:59:40
24.462405,-3.891822,2023-01-01T01:59:41
24.462405,-3.891822,2023-01-01T01:59:42
24.462405,-3.891822,2023-01-01T01:59:43
24.462405,-3.891822,2023-01-01T01:59:44
24.462405,-3.891822,2023-01-01T01:59:45
24.462405,-3.891822,2023-01-01T01:59:46
24.462405,-3.891822,2023-01-01T01:59:47
24.462405,-3.891822,2023-01-01T01:59:48
24.462405,-3.780628,2023-01-01T01:59:49
24.462405,-3.780628,2023-01-01T01:59:50
24.462405,-3.780628,2023-01-01T01:59:51
24.462405,-3.780628,2023-01-01T01:59:52
24.462405,-3.780628,2023-01-01T01:59:53
24.462405,-3.780628,2023-01-01T01:59:54
24.462405,-3.780628,2023-01-01T01:59:55
24.351212,-3.780628,2023-01-01T01:59:56
24.351212,-3.780628,2023-01-01T01:59:57
24.351212,-3.780628,2023-01-01T01:59:58
24.351212,-3.780628,2023-01-01T01:59:59
24.351212,-3.780628,2023-01-01T02:00:00
24.351212,-3.780628,2023-01-01T02:00:01
24.351212,-3.780628,2023-01-01T02:00:02
24.240019,-3.780628,2023-01-01T02:00:03
24.240019,-3.780628,2023-01-01T02:00:04
24.240019,-3.780628,2023-01-01T02:00:05
24.240019,-3.780628,2023-01-01T02:00:06
24.240019,-3.780628,2023-01-01T02:00:07
24.128827,-3.780628,2023-01-01T02:00:08
24.128827,-3.780628,2023-01-01T02:00:09
24.128827,-3.780628,2023-01-01T02:00:10
24.128827,-3.780628,2023-01-01T02:00:11
24.128827,-3.780628,2023-01-01T02:00:12
24.128827,-3.780628,2023-01-01T02:00:13
24.128827,-3.780628,2023-01-01T02:00:14
24.128827,-3.780628,2023-01-01T02:00:15
24.128827,-3.780628,2023-01-01T02:00:16
24.128827,-3.780628,2023-01-01T02:00:17
24.128827,-3.780628,2023-01-01T02:00:18
24.128827,-3.780628,2023-01-01T02:00:19
24.128827,-3.780628,2023-01-01T02:00:20
24.128827,-3.780628,2023-01-01T02:00:21
24.128827,-3.780628,2023-01-01T02:00:22
24.128827,-3.780628,2023-01-01T02:00:23
24.128827,-3.780628,2023-01-01T02:00:24
24.128827,-3.780628,2023-01-01T02:00:25
24.128827,-3.780628,2023-01-01T02:00:26
24.128827,-3.780628,2023-01-01T02:00:27
24.128827,-3.780628,2023-01-01T02:00:28
24.128827,-3.780628,2023-01-01T02:00:29
24.128827,-3.780628,2023-01-01T02:00:30
24.128827,-3.780628,2023-01-01T02:00:31
24.128827,-3.780628,2023-01-01T02:00:32
24.128827,-3.780628,2023-01-01T02:00:33
24.128827,-3.780628,2023-01-01T02:00:34
24.128827,-3.780628,2023-01-01T02:00:35
24.128827,-3.780628,2023-01-01T02:00:36
24.128827,-3.780628,2023-01-01T02:00:37
24.128827,-3.780628,2023-01-01T02:00:38
24.128827,-3.780628,2023-01-01T02:00:39
24.128827,-3.780628,2023-01-01T02:00:40
24.128827,-3.780628,2023-01-01T02:00:41
24.128827,-3.780628,2023-01-01T02:00:42
24.017634,-3.780628,2023-01-01T02:00:43
24.017634,-3.780628,2023-01-01T02:00:44
23.906441,-3.780628,2023-01-01T02:00:45
23.906441,-3.780628,2023-01-01T02:00:46
23.795248,-3.780628,2023-01-01T02:00:47
23.795248,-3.780628,2023-01-01T02:00:48
23.684056,-3.780628,2023-01-01T02:00:49
23.684056,-3.780628,2023-01-01T02:00:50
23.572863,-3.891822,2023-01-01T02:00:51
23.572863,-3.891822,2023-01-01T02:00:52
23.461670,-3.891822,2023-01-01T02:00:53
23.461670,-3.891822,2023-01-01T02:00:54
23.350477,-3.891822,2023-01-01T02:00:55
23.350477,-3.891822,2023-01-01T02:00:56
23.350477,-3.891822,2023-01-01T02:00:57
23.239285,-3.891822,2023-01-01T02:00:58
23.239285,-3.891822,2023-01-01T02:00:59
23.128092,-3.891822,2023-01-01T02:01:00
23.128092,-3.891822,2023-01-01T02:01:01
23.128092,-3.891822,2023-01-01T02:01:02
23.016899,-3.891822,2023-01-01T02:01:03
23.016899,-3.891822,2023-01-01T02:01:04
23.016899,-3.891822,2023-01-01T02:01:05
22.905706,-3.891822,2023-01-01T02:01:06
22.905706,-4.003017,2023-01-01T02:01:07
22.905706,-4.003017,2023-01-01T02:01:08
22.794514,-4.003017,2023-01-01T02:01:09
22.794514,-4.003017,2023-01-01T02:01:10
22.794514,-4.003017,2023-01-01T02:01:11
22.794514,-4.003017,2023-01-01T02:01:12
22.905706,-4.003017,2023-01-01T02:01:13
22.905706,-4.003017,2023-01-01T02:01:14
23.016899,-4.003017,2023-01-01T02:01:15
23.016899,-4.003017,2023-01-01T02:01:16
23.128092,-4.003017,2023-01-01T02:01:17
23.128092,-4.003017,2023-01-01T02:01:18
23.239285,-4.003017,2023-01-01T02:01:19
23.239285,-4.003017,2023-01-01T02:01:20
23.350477,-4.003017,2023-01-01T02:01:21
23.350477,-4.003017,2023-01-01T02:01:22
23.461670,-4.003017,2023-01-01T02:01:23
23.461670,-4.003017,2023-01-01T02:01:24
23.572863,-4.003017,2023-01-01T02:01:25
23.572863,-4.003017,2023-01-01T02:01:26
23.572863,-4.003017,2023-01-01T02:01:27
23.684056,-3.891822,2023-01-01T02:01:28
23.684056,-3.891822,2023-01-01T02:01:29
23.795248,-3.891822,2023-01-01T02:01:30
23.795248,-3.891822,2023-01-01T02:01:31
23.795248,-3.891822,2023-01-01T02:01:32
23.906441,-3.891822,2023-01-01T02:01:33
23.906441,-3.891822,2023-01-01T02:01:34
24.017634,-3.891822,2023-01-01T02:01:35
24.017634,-3.891822,2023-01-01T02:01:36
24.017634,-3.891822,2023-01-01T02:01:37
24.017634,-3.891822,2023-01-01T02:01:38
24.128827,-3.891822,2023-01-01T02:01:39
24.128827,-3.891822,2023-01-01T02:01:40
24.128827,-3.891822,2023-01-01T02:01:41
24.240019,-3.891822,2023-01-01T02:01:42
24.240019,-3.891822,2023-01-01T02:01:43
24.240019,-3.891822,2023-01-01T02:01:44
24.240019,-3.780628,2023-01-01T02:01:45
24.351212,-3.780628,2023-01-01T02:01:46
24.351212,-3.780628,2023-01-01T02:01:47
24.351212,-3.780628,2023-01-01T02:01:48
24.462405,-3.780628,2023-01-01T02:01:49
24.462405,-3.780628,2023-01-01T02:01:50
24.462405,-3.780628,2023-01-01T02:01:51
24.462405,-3.780628,2023-01-01T02:01:52
24.573598,-3.780628,2023-01-01T02:01:53
24.573598,-3.780628,2023-01-01T02:01:54
24.573598,-3.780628,2023-01-01T02:01:55
24.573598,-3.669433,2023-01-01T02:01:56
24.573598,-3.669433,2023-01-01T02:01:57
24.684790,-3.669433,2023-01-01T02:01:58
24.684790,-3.669433,2023-01-01T02:01:59
24.684790,-3.669433,2023-01-01T02:02:00
24.684790,-3.669433,2023-01-01T02:02:01
24.684790,-3.669433,2023-01-01T02:02:02
24.795983,-3.669433,2023-01-01T02:02:03
24.795983,-3.669433,2023-01-01T02:02:04
24.795983,-3.669433,2023-01-01T02:02:05
24.795983,-3.669433,2023-01-01T02:02:06
24.795983,-3.669433,2023-01-01T02:02:07
24.795983,-3.669433,2023-01-01T02:02:08
24.795983,-3.669433,2023-01-01T02:02:09
24.795983,-3.669433,2023-01-01T02:02:10
24.795983,-3.669433,2023-01-01T02:02:11
24.795983,-3.669433,2023-01-01T02:02:12
24.795983,-3.669433,2023-01-01T02:02:13
24.795983,-3.669433,2023-01-01T02:02:14
24.684790,-3.669433,2023-01-01T02:02:15
24.684790,-3.669433,2023-01-01T02:02:16
24.684790,-3.669433,2023-01-01T02:02:17
24.684790,-3.669433,2023-01-01T02:02:18
24.684790,-3.669433,2023-01-01T02:02:19
24.573598,-3.669433,2023-01-01T02:02:20
24.573598,-3.669433,2023-01-01T02:02:21
24.462405,-3.669433,2023-01-01T02:02:22
24.462405,-3.669433,2023-01-01T02:02:23
24.351212,-3.780628,2023-01-01T02:02:24
24.240019,-3.780628,2023-01-01T02:02:25
24.128827,-3.780628,2023-01-01T02:02:26
24.128827,-3.780628,2023-01-01T02:02:27
24.017634,-3.780628,2023-01-01T02:02:28
23.906441,-3.891822,2023-01-01T02:02:29
23.684056,-3.891822,2023-01-01T02:02:30
23.572863,-3.891822,2023-01-01T02:02:31
23.461670,-3.891822,2023-01-01T02:02:32
23.350477,-3.891822,2023-01-01T02:02:33
23.239285,-3.780628,2023-01-01T02:02:34
23.016899,-3.780628,2023-01-01T02:02:35
22.905706,-3.780628,2023-01-01T02:02:36
22.683321,-3.780628,2023-01-01T02:02:37
22.572128,-3.780628,2023-01-01T02:02:38
22.349743,-3.669433,2023-01-01T02:02:39
22.238550,-3.669433,2023-01-01T02:02:40
22.016164,-3.669433,2023-01-01T02:02:41
22.016164,-3.669433,2023-01-01T02:02:42
21.904972,-3.669433,2023-01-01T02:02:43
21.904972,-3.558238,2023-01-01T02:02:44
21.793779,-3.558238,2023-01-01T02:02:45
21.682586,-3.558238,2023-01-01T02:02:46
21.682586,-3.558238,2023-01-01T02:02:47
21.571393,-3.447043,2023-01-01T02:02:48
21.571393,-3.447043,2023-01-01T02:02:49
21.460201,-3.447043,2023-01-01T02:02:50
21.349008,-3.447043,2023-01-01T02:02:51
21.349008,-3.335848,2023-01-01T02:02:52
21.237815,-3.335848,2023-01-01T02:02:53
21.237815,-3.335848,2023-01-01T02:02:54
21.126622,-3.335848,2023-01-01T02:02:55
21.126622,-3.335848,2023-01-01T02:02:56
21.015430,-3.224653,2023-01-01T02:02:57
21.015430,-3.224653,2023-01-01T02:02:58
20.904237,-3.224653,2023-01-01T02:02:59
20.904237,-3.224653,2023-01-01T02:03:00
20.904237,-3.224653,2023-01-01T02:03:01
20.793044,-3.224653,2023-01-01T02:03:02
20.793044,-3.113458,2023-01-01T02:03:03
20.681851,-3.113458,2023-01-01T02:03:04
20.681851,-3.113458,2023-01-01T02:03:05
20.681851,-3.113458,2023-01-01T02:03:06
20.570659,-3.113458,2023-01-01T02:03:07
20.570659,-3.002263,2023-01-01T02:03:08
20.570659,-3.002263,2023-01-01T02:03:09
20.459466,-3.002263,2023-01-01T02:03:10
20.459466,-3.002263,2023-01-01T02:03:11
20.570659,-2.891068,2023-01-01T02:03:12
20.681851,-2.891068,2023-01-01T02:03:13
20.793044,-2.779873,2023-01-01T02:03:14
20.904237,-2.779873,2023-01-01T02:03:15
20.904237,-2.668678,2023-01-01T02:03:16
21.015430,-2.668678,2023-01-01T02:03:17
21.126622,-2.668678,2023-01-01T02:03:18
21.126622,-2.557483,2023-01-01T02:03:19
21.237815,-2.557483,2023-01-01T02:03:20
21.237815,-2.557483,2023-01-01T02:03:21
21.237815,-2.446288,2023-01-01T02:03:22
21.349008,-2.446288,2023-01-01T02:03:23
21.349008,-2.446288,2023-01-01T02:03:24
21.349008,-2.335093,2023-01-01T02:03:25
21.349008,-2.335093,2023-01-01T02:03:26
21.349008,-2.335093,2023-01-01T02:03:27
21.237815,-2.335093,2023-01-01T02:03:28
21.237815,-2.335093,2023-01-01T02:03:29
21.237815,-2.335093,2023-01-01T02:03:30
21.126622,-2.335093,2023-01-01T02:03:31
21.126622,-2.335093,2023-01-01T02:03:32
21.015430,-2.335093,2023-01-01T02:03:33
21.015430,-2.335093,2023-01-01T02:03:34
20.904237,-2.335093,2023-01-01T02:03:35
20.793044,-2.335093,2023-01-01T02:03:36
20.793044,-2.335093,2023-01-01T02:03:37
20.681851,-2.335093,2023-01-01T02:03:38
20.681851,-2.335093,2023-01-01T02:03:39
20.570659,-2.335093,2023-01-01T02:03:40
20.459466,-2.335093,2023-01-01T02:03:41
20.570659,-2.335093,2023-01-01T02:03:42
20.570659,-2.335093,2023-01-01T02:03:43
20.570659,-2.335093,2023-01-01T02:03:44
20.570659,-2.335093,2023-01-01T02:03:45
20.681851,-2.335093,2023-01-01T02:03:46
20.681851,-2.335093,2023-01-01T02:03:47
20.681851,-2.335093,2023-01-01T02:03:48
20.681851,-2.223899,2023-01-01T02:03:49
20.793044,-2.223899,2023-01-01T02:03:50
20.793044,-2.223899,2023-01-01T02:03:51
20.793044,-2.223899,2023-01-01T02:03:52
20.793044,-2.223899,2023-01-01T02:03:53
20.904237,-2.223899,2023-01-01T02:03:54
20.904237,-2.223899,2023-01-01T02:03:55
20.904237,-2.223899,2023-01-01T02:03:56
21.015430,-2.112704,2023-01-01T02:03:57
21.015430,-2.112704,2023-01-01T02:03:58
21.015430,-2.112704,2023-01-01T02:03:59
21.015430,-2.112704,2023-01-01T02:04:00
21.126622,-2.112704,2023-01-01T02:04:01
21.126622,-2.112704,2023-01-01T02:04:02
21.126622,-2.112704,2023-01-01T02:04:03
21.126622,-2.001509,2023-01-01T02:04:04
21.237815,-2.001509,2023-01-01T02:04:05
21.237815,-2.001509,2023-01-01T02:04:06
21.237815,-2.001509,2023-01-01T02:04:07
21.237815,-2.001509,2023-01-01T02:04:08
21.349008,-2.001509,2023-01-01T02:04:09
21.349008,-2.001509,2023-01-01T02:04:10
21.349008,-2.001509,2023-01-01T02:04:11
21.460201,-1.890314,2023-01-01T02:04:12
21.571393,-1.890314,2023-01-01T02:04:13
21.793779,-1.890314,2023-01-01T02:04:14
21.904972,-1.779119,2023-01-01T02:04:15
22.016164,-1.779119,2023-01-01T02:04:16
22.127357,-1.779119,2023-01-01T02:04:17
22.238550,-1.779119,2023-01-01T02:04:18
22.349743,-1.779119,2023-01-01T02:04:19
22.460935,-1.667924,2023-01-01T02:04:20
22.572128,-1.667924,2023-01-01T02:04:21
22.683321,-1.667924,2023-01-01T02:04:22
22.794514,-1.667924,2023-01-01T02:04:23
22.905706,-1.556729,2023-01-01T02:04:24
23.016899,-1.556729,2023-01-01T02:04:25
23.128092,-1.556729,2023-01-01T02:04:26
23.239285,-1.556729,2023-01-01T02:04:27
23.350477,-1.556729,2023-01-01T02:04:28
23.461670,-1.556729,2023-01-01T02:04:29
23.461670,-1.445534,2023-01-01T02:04:30
23.572863,-1.445534,2023-01-01T02:04:31
23.684056,-1.445534,2023-01-01T02:04:32
23.795248,-1.445534,2023-01-01T02:04:33
23.795248,-1.445534,2023-01-01T02:04:34
23.906441,-1.445534,2023-01-01T02:04:35
24.017634,-1.334339,2023-01-01T02:04:36
24.017634,-1.334339,2023-01-01T02:04:37
24.128827,-1.334339,2023-01-01T02:04:38
24.240019,-1.334339,2023-01-01T02:04:39
24.240019,-1.334339,2023-01-01T02:04:40
24.351212,-1.334339,2023-01-01T02:04:41
24.462405,-1.334339,2023-01-01T02:04:42
24.573598,-1.334339,2023-01-01T02:04:43
24.684790,-1.334339,2023-01-01T02:04:44
24.684790,-1.334339,2023-01-01T02:04:45
24.795983,-1.334339,2023-01-01T02:04:46
24.907176,-1.223144,2023-01-01T02:04:47
25.018369,-1.223144,2023-01-01T02:04:48
25.018369,-1.223144,2023-01-01T02:04:49
25.129561,-1.223144,2023-01-01T02:04:50
25.240754,-1.223144,2023-01-01T02:04:51
25.240754,-1.223144,2023-01-01T02:04:52
25.351947,-1.223144,2023-01-01T02:04:53
25.463140,-1.223144,2023-01-01T02:04:54
25.574332,-1.223144,2023-01-01T02:04:55
25.574332,-1.223144,2023-01-01T02:04:56
25.685525,-1.223144,2023-01-01T02:04:57
25.796718,-1.223144,2023-01-01T02:04:58
25.796718,-1.223144,2023-01-01T02:04:59
25.907911,-1.111949,2023-01-01T02:05:00
26.019103,-1.111949,2023-01-01T02:05:01
26.019103,-1.111949,2023-01-01T02:05:02
26.130296,-1.111949,2023-01-01T02:05:03
26.130296,-1.111949,2023-01-01T02:05:04
26.241489,-1.111949,2023-01-01T02:05:05
26.352682,-1.111949,2023-01-01T02:05:06
26.352682,-1.111949,2023-01-01T02:05:07
26.463874,-1.111949,2023-01-01T02:05:08
26.463874,-1.111949,2023-01-01T02:05:09
26.575067,-1.111949,2023-01-01T02:05:10
26.686260,-1.111949,2023-01-01T02:05:11
26.686260,-1.111949,2023-01-01T02:05:12
26.797453,-1.111949,2023-01-01T02:05:13
26.797453,-1.111949,2023-01-01T02:05:14
26.908645,-1.111949,2023-01-01T02:05:15
26.908645,-1.111949,2023-01-01T02:05:16
27.019838,-1.111949,2023-01-01T02:05:17
27.131031,-1.111949,2023-01-01T02:05:18
27.131031,-1.111949,2023-01-01T02:05:19
27.242223,-1.111949,2023-01-01T02:05:20
27.242223,-1.111949,2023-01-01T02:05:21
27.353416,-1.111949,2023-01-01T02:05:22
27.353416,-1.111949,2023-01-01T02:05:23
27.464609,-1.223144,2023-01-01T02:05:24
27.464609,-1.223144,2023-01-01T02:05:25
27.575802,-1.223144,2023-01-01T02:05:26
27.575802,-1.223144,2023-01-01T02:05:27
27.686994,-1.223144,2023-01-01T02:05:28
27.686994,-1.223144,2023-01-01T02:05:29
27.798187,-1.223144,2023-01-01T02:05:30
27.798187,-1.223144,2023-01-01T02:05:31
27.909380,-1.334339,2023-01-01T02:05:32
27.909380,-1.334339,2023-01-01T02:05:33
28.020573,-1.334339,2023-01-01T02:05:34
28.020573,-1.334339,2023-01-01T02:05:35
28.131765,-1.334339,2023-01-01T02:05:36
28.131765,-1.334339,2023-01-01T02:05:37
28.242958,-1.334339,2023-01-01T02:05:38
28.242958,-1.334339,2023-01-01T02:05:39
28.354151,-1.334339,2023-01-01T02:05:40
28.354151,-1.334339,2023-01-01T02:05:41
28.354151,-1.334339,2023-01-01T02:05:42
28.465344,-1.334339,2023-01-01T02:05:43
28.465344,-1.334339,2023-01-01T02:05:44
28.465344,-1.334339,2023-01-01T02:05:45
28.576536,-1.334339,2023-01-01T02:05:46
28.576536,-1.334339,2023-01-01T02:05:47
28.576536,-1.334339,2023-01-01T02:05:48
28.687729,-1.334339,2023-01-01T02:05:49
28.687729,-1.334339,2023-01-01T02:05:50
28.687729,-1.445534,2023-01-01T02:05:51
28.798922,-1.445534,2023-01-01T02:05:52
28.798922,-1.445534,2023-01-01T02:05:53
28.798922,-1.445534,2023-01-01T02:05:54
28.910115,-1.445534,2023-01-01T02:05:55
28.910115,-1.445534,2023-01-01T02:05:56
28.910115,-1.445534,2023-01-01T02:05:57
28.910115,-1.445534,2023-01-01T02:05:58
29.021307,-1.445534,2023-01-01T02:05:59
29.021307,-1.445534,2023-01-01T02:06:00
29.021307,-1.445534,2023-01-01T02:06:01
29.132500,-1.445534,2023-01-01T02:06:02
29.132500,-1.556729,2023-01-01T02:06:03
29.132500,-1.556729,2023-01-01T02:06:04
29.132500,-1.556729,2023-01-01T02:06:05
29.243693,-1.556729,2023-01-01T02:06:06
29.243693,-1.556729,2023-01-01T02:06:07
29.243693,-1.556729,2023-01-01T02:06:08
29.354886,-1.556729,2023-01-01T02:06:09
29.354886,-1.556729,2023-01-01T02:06:10
29.354886,-1.667924,2023-01-01T02:06:11
29.354886,-1.667924,2023-01-01T02:06:12
29.354886,-1.667924,2023-01-01T02:06:13
29.466078,-1.667924,2023-01-01T02:06:14
29.466078,-1.667924,2023-01-01T02:06:15
29.466078,-1.667924,2023-01-01T02:06:16
29.466078,-1.667924,2023-01-01T02:06:17
29.577271,-1.667924,2023-01-01T02:06:18
29.577271,-1.667924,2023-01-01T02:06:19
29.577271,-1.667924,2023-01-01T02:06:20
29.577271,-1.667924,2023-01-01T02:06:21
29.577271,-1.667924,2023-01-01T02:06:22
29.688464,-1.667924,2023-01-01T02:06:23
29.688464,-1.779119,2023-01-01T02:06:24
29.688464,-1.779119,2023-01-01T02:06:25
29.688464,-1.779119,2023-01-01T02:06:26
29.688464,-1.779119,2023-01-01T02:06:27
29.799657,-1.779119,2023-01-01T02:06:28
29.799657,-1.779119,2023-01-01T02:06:29
29.799657,-1.779119,2023-01-01T02:06:30
29.799657,-1.779119,2023-01-01T02:06:31
29.799657,-1.779119,2023-01-01T02:06:32
29.799657,-1.779119,2023-01-01T02:06:33
29.910849,-1.779119,2023-01-01T02:06:34
29.910849,-1.779119,2023-01-01T02:06:35
29.910849,-1.779119,2023-01-01T02:06:36
29.910849,-1.779119,2023-01-01T02:06:37
29.910849,-1.779119,2023-01-01T02:06:38
29.910849,-1.779119,2023-01-01T02:06:39
30.022042,-1.779119,2023-01-01T02:06:40
30.022042,-1.779119,2023-01-01T02:06:41
30.022042,-1.779119,2023-01-01T02:06:42
30.022042,-1.890314,2023-01-01T02:06:43
30.022042,-1.890314,2023-01-01T02:06:44
30.022042,-1.890314,2023-01-01T02:06:45
30.022042,-1.890314,2023-01-01T02:06:46
30.022042,-1.890314,2023-01-01T02:06:47
30.022042,-1.890314,2023-01-01T02:06:48
30.022042,-1.890314,2023-01-01T02:06:49
30.022042,-1.890314,2023-01-01T02:06:50
30.022042,-1.890314,2023-01-01T02:06:51
30.022042,-1.890314,2023-01-01T02:06:52
30.022042,-1.890314,2023-01-01T02:06:53
