x,y,timestamp
0.000000,0.000000,2023-01-01T01:19:18
0.000000,0.000000,2023-01-01T01:19:19
0.000000,0.000000,2023-01-01T01:19:20
-0.111193,-0.111195,2023-01-01T01:19:21
-0.111193,-0.111195,2023-01-01T01:19:22
-0.111193,-0.111195,2023-01-01T01:19:23
-0.222386,-0.222390,2023-01-01T01:19:24
-0.222386,-0.222390,2023-01-01T01:19:25
-0.222386,-0.333585,2023-01-01T01:19:26
-0.333578,-0.333585,2023-01-01T01:19:27
-0.333578,-0.444780,2023-01-01T01:19:28
-0.333578,-0.444780,2023-01-01T01:19:29
-0.444771,-0.444780,2023-01-01T01:19:30
-0.444771,-0.555975,2023-01-01T01:19:31
-0.444771,-0.555975,2023-01-01T01:19:32
-0.444771,-0.667170,2023-01-01T01:19:33
-0.555964,-0.667170,2023-01-01T01:19:34
-0.555964,-0.667170,2023-01-01T01:19:35
-0.555964,-0.778364,2023-01-01T01:19:36
-0.667157,-0.778364,2023-01-01T01:19:37
-0.667157,-0.778364,2023-01-01T01:19:38
-0.667157,-0.889559,2023-01-01T01:19:39
-0.667157,-0.889559,2023-01-01T01:19:40
-0.667157,-0.889559,2023-01-01T01:19:41
-0.778349,-1.000754,2023-01-01T01:19:42
-0.778349,-1.000754,2023-01-01T01:19:43
-0.778349,-1.000754,2023-01-01T01:19:44
-0.778349,-0.889559,2023-01-01T01:19:45
-0.778349,-0.778364,2023-01-01T01:19:46
-0.778349,-0.667170,2023-01-01T01:19:47
-0.667157,-0.555975,2023-01-01T01:19:48
-0.667157,-0.555975,2023-01-01T01:19:49
-0.667157,-0.444780,2023-01-01T01:19:50
-0.667157,-0.333585,2023-01-01T01:19:51
-0.667157,-0.222390,2023-01-01T01:19:52
-0.555964,-0.111195,2023-01-01T01:19:53
-0.555964,-0.111195,2023-01-01T01:19:54
-0.555964,0.000000,2023-01-01T01:19:55
-0.555964,0.111195,2023-01-01T01:19:56
-0.444771,0.222390,2023-01-01T01:19:57
-0.444771,0.222390,2023-01-01T01:19:58
-0.444771,0.333585,2023-01-01T01:19:59
-0.444771,0.444780,2023-01-01T01:20:00
-0.444771,0.444780,2023-01-01T01:20:01
-0.444771,0.555975,2023-01-01T01:20:02
-0.333578,0.667170,2023-01-01T01:20:03
-0.333578,0.667170,2023-01-01T01:20:04
-0.333578,0.778364,2023-01-01T01:20:05
-0.333578,0.889559,2023-01-01T01:20:06
-0.333578,0.889559,2023-01-01T01:20:07
-0.222386,1.000754,2023-01-01T01:20:08
-0.222386,1.111949,2023-01-01T01:20:09
-0.222386,1.111949,2023-01-01T01:20:10
-0.222386,1.223144,2023-01-01T01:20:11
-0.222386,1.223144,2023-01-01T01:20:12
-0.111193,1.334339,2023-01-01T01:20:13
-0.111193,1.334339,2023-01-01T01:20:14
-0.111193,1.445534,2023-01-01T01:20:15
-0.111193,1.445534,2023-01-01T01:20:16
-0.111193,1.556729,2023-01-01T01:20:17
0.000000,1.556729,2023-01-01T01:20:18
0.000000,1.667924,2023-01-01T01:20:19
0.000000,1.667924,2023-01-01T01:20:20
0.000000,1.779119,2023-01-01T01:20:21
0.000000,1.779119,2023-01-01T01:20:22
0.111193,1.890314,2023-01-01T01:20:23
0.111193,1.890314,2023-01-01T01:20:24
0.111193,2.001509,2023-01-01T01:20:25
0.111193,2.001509,2023-01-01T01:20:26
0.111193,2.112704,2023-01-01T01:20:27
0.222386,2.112704,2023-01-01T01:20:28
0.222386,2.223899,2023-01-01T01:20:29
0.222386,2.223899,2023-01-01T01:20:30
0.333578,2.223899,2023-01-01T01:20:31
0.333578,2.335093,2023-01-01T01:20:32
0.333578,2.335093,2023-01-01T01:20:33
0.333578,2.446288,2023-01-01T01:20:34
0.444771,2.446288,2023-01-01T01:20:35
0.444771,2.557483,2023-01-01T01:20:36
0.444771,2.557483,2023-01-01T01:20:37
0.555964,2.557483,2023-01-01T01:20:38
0.555964,2.668678,2023-01-01T01:20:39
0.667157,2.668678,2023-01-01T01:20:40
0.667157,2.779873,2023-01-01T01:20:41
0.667157,2.779873,2023-01-01T01:20:42
0.778349,2.779873,2023-01-01T01:20:43
0.778349,2.891068,2023-01-01T01:20:44
0.778349,2.891068,2023-01-01T01:20:45
0.778349,2.891068,2023-01-01T01:20:46
0.778349,2.891068,2023-01-01T01:20:47
0.889542,2.891068,2023-01-01T01:20:48
0.889542,2.891068,2023-01-01T01:20:49
0.889542,3.002263,2023-01-01T01:20:50
0.889542,3.002263,2023-01-01T01:20:51
1.000735,3.002263,2023-01-01T01:20:52
1.000735,3.002263,2023-01-01T01:20:53
1.000735,3.002263,2023-01-01T01:20:54
1.000735,3.113458,2023-01-01T01:20:55
1.111928,3.113458,2023-01-01T01:20:56
1.111928,3.113458,2023-01-01T01:20:57
1.111928,3.113458,2023-01-01T01:20:58
1.111928,3.224653,2023-01-01T01:20:59
1.223120,3.224653,2023-01-01T01:21:00
1.223120,3.224653,2023-01-01T01:21:01
1.223120,3.224653,2023-01-01T01:21:02
1.223120,3.335848,2023-01-01T01:21:03
1.334313,3.335848,2023-01-01T01:21:04
1.334313,3.335848,2023-01-01T01:21:05
1.334313,3.335848,2023-01-01T01:21:06
1.445506,3.447043,2023-01-01T01:21:07
1.445506,3.447043,2023-01-01T01:21:08
1.445506,3.447043,2023-01-01T01:21:09
1.556699,3.447043,2023-01-01T01:21:10
1.556699,3.558238,2023-01-01T01:21:11
1.556699,3.558238,2023-01-01T01:21:12
1.667891,3.558238,2023-01-01T01:21:13
1.667891,3.558238,2023-01-01T01:21:14
1.667891,3.669433,2023-01-01T01:21:15
1.667891,3.669433,2023-01-01T01:21:16
1.779084,3.669433,2023-01-01T01:21:17
1.779084,3.669433,2023-01-01T01:21:18
1.779084,3.780628,2023-01-01T01:21:19
1.779084,3.780628,2023-01-01T01:21:20
1.890277,3.780628,2023-01-01T01:21:21
1.890277,3.891822,2023-01-01T01:21:22
1.890277,3.891822,2023-01-01T01:21:23
1.890277,3.891822,2023-01-01T01:21:24
2.001470,3.891822,2023-01-01T01:21:25
2.001470,4.003017,2023-01-01T01:21:26
2.001470,4.003017,2023-01-01T01:21:27
2.112662,4.003017,2023-01-01T01:21:28
2.112662,4.003017,2023-01-01T01:21:29
2.112662,4.114212,2023-01-01T01:21:30
2.112662,4.114212,2023-01-01T01:21:31
2.223855,4.114212,2023-01-01T01:21:32
2.223855,4.225407,2023-01-01T01:21:33
2.223855,4.225407,2023-01-01T01:21:34
2.335048,4.225407,2023-01-01T01:21:35
2.335048,4.336602,2023-01-01T01:21:36
2.335048,4.336602,2023-01-01T01:21:37
2.335048,4.336602,2023-01-01T01:21:38
2.446241,4.447797,2023-01-01T01:21:39
2.446241,4.447797,2023-01-01T01:21:40
2.446241,4.447797,2023-01-01T01:21:41
2.446241,4.447797,2023-01-01T01:21:42
2.557433,4.558992,2023-01-01T01:21:43
2.557433,4.558992,2023-01-01T01:21:44
2.557433,4.558992,2023-01-01T01:21:45
2.557433,4.558992,2023-01-01T01:21:46
2.557433,4.558992,2023-01-01T01:21:47
2.557433,4.558992,2023-01-01T01:21:48
2.557433,4.558992,2023-01-01T01:21:49
2.557433,4.670187,2023-01-01T01:21:50
2.557433,4.670187,2023-01-01T01:21:51
2.557433,4.670187,2023-01-01T01:21:52
2.557433,4.670187,2023-01-01T01:21:53
2.557433,4.670187,2023-01-01T01:21:54
2.668626,4.670187,2023-01-01T01:21:55
2.668626,4.670187,2023-01-01T01:21:56
2.668626,4.670187,2023-01-01T01:21:57
2.668626,4.670187,2023-01-01T01:21:58
2.668626,4.781382,2023-01-01T01:21:59
2.668626,4.781382,2023-01-01T01:22:00
2.668626,4.781382,2023-01-01T01:22:01
2.668626,4.781382,2023-01-01T01:22:02
2.668626,4.781382,2023-01-01T01:22:03
2.668626,4.781382,2023-01-01T01:22:04
2.668626,4.781382,2023-01-01T01:22:05
2.668626,4.781382,2023-01-01T01:22:06
2.668626,4.781382,2023-01-01T01:22:07
2.779819,4.781382,2023-01-01T01:22:08
2.779819,4.781382,2023-01-01T01:22:09
2.779819,4.781382,2023-01-01T01:22:10
2.779819,4.892577,2023-01-01T01:22:11
2.779819,4.892577,2023-01-01T01:22:12
2.779819,4.892577,2023-01-01T01:22:13
2.779819,4.892577,2023-01-01T01:22:14
2.779819,4.892577,2023-01-01T01:22:15
2.779819,4.892577,2023-01-01T01:22:16
2.779819,4.892577,2023-01-01T01:22:17
2.668626,4.892577,2023-01-01T01:22:18
2.668626,4.781382,2023-01-01T01:22:19
2.668626,4.781382,2023-01-01T01:22:20
2.668626,4.781382,2023-01-01T01:22:21
2.668626,4.781382,2023-01-01T01:22:22
2.668626,4.781382,2023-01-01T01:22:23
2.668626,4.781382,2023-01-01T01:22:24
2.668626,4.781382,2023-01-01T01:22:25
2.668626,4.781382,2023-01-01T01:22:26
2.668626,4.781382,2023-01-01T01:22:27
2.668626,4.781382,2023-01-01T01:22:28
2.668626,4.781382,2023-01-01T01:22:29
2.668626,4.781382,2023-01-01T01:22:30
2.668626,4.781382,2023-01-01T01:22:31
2.668626,4.781382,2023-01-01T01:22:32
2.668626,4.781382,2023-01-01T01:22:33
2.668626,4.781382,2023-01-01T01:22:34
2.668626,4.781382,2023-01-01T01:22:35
2.668626,4.781382,2023-01-01T01:22:36
2.668626,4.781382,2023-01-01T01:22:37
2.668626,4.781382,2023-01-01T01:22:38
2.668626,4.781382,2023-01-01T01:22:39
2.557433,4.781382,2023-01-01T01:22:40
2.557433,4.781382,2023-01-01T01:22:41
2.557433,4.781382,2023-01-01T01:22:42
2.557433,4.781382,2023-01-01T01:22:43
2.557433,4.781382,2023-01-01T01:22:44
2.557433,4.781382,2023-01-01T01:22:45
2.557433,4.670187,2023-01-01T01:22:46
2.557433,4.670187,2023-01-01T01:22:47
2.557433,4.670187,2023-01-01T01:22:48
2.557433,4.670187,2023-01-01T01:22:49
2.557433,4.670187,2023-01-01T01:22:50
2.557433,4.670187,2023-01-01T01:22:51
2.557433,4.670187,2023-01-01T01:22:52
2.557433,4.670187,2023-01-01T01:22:53
2.557433,4.670187,2023-01-01T01:22:54
2.557433,4.670187,2023-01-01T01:22:55
2.557433,4.670187,2023-01-01T01:22:56
2.557433,4.670187,2023-01-01T01:22:57
2.557433,4.670187,2023-01-01T01:22:58
2.446241,4.670187,2023-01-01T01:22:59
2.446241,4.670187,2023-01-01T01:23:00
2.446241,4.670187,2023-01-01T01:23:01
2.446241,4.558992,2023-01-01T01:23:02
2.446241,4.558992,2023-01-01T01:23:03
2.446241,4.558992,2023-01-01T01:23:04
2.446241,4.558992,2023-01-01T01:23:05
2.446241,4.558992,2023-01-01T01:23:06
2.446241,4.558992,2023-01-01T01:23:07
2.446241,4.558992,2023-01-01T01:23:08
2.446241,4.558992,2023-01-01T01:23:09
2.446241,4.558992,2023-01-01T01:23:10
2.446241,4.558992,2023-01-01T01:23:11
2.446241,4.558992,2023-01-01T01:23:12
2.446241,4.558992,2023-01-01T01:23:13
2.446241,4.558992,2023-01-01T01:23:14
2.446241,4.558992,2023-01-01T01:23:15
2.446241,4.558992,2023-01-01T01:23:16
2.446241,4.558992,2023-01-01T01:23:17
2.446241,4.558992,2023-01-01T01:23:18
2.446241,4.558992,2023-01-01T01:23:19
2.446241,4.558992,2023-01-01T01:23:20
2.446241,4.558992,2023-01-01T01:23:21
2.446241,4.558992,2023-01-01T01:23:22
2.446241,4.558992,2023-01-01T01:23:23
2.446241,4.558992,2023-01-01T01:23:24
2.446241,4.558992,2023-01-01T01:23:25
2.446241,4.558992,2023-01-01T01:23:26
2.446241,4.558992,2023-01-01T01:23:27
2.446241,4.558992,2023-01-01T01:23:28
2.446241,4.558992,2023-01-01T01:23:29
2.446241,4.558992,2023-01-01T01:23:30
2.446241,4.558992,2023-01-01T01:23:31
2.446241,4.558992,2023-01-01T01:23:32
2.446241,4.558992,2023-01-01T01:23:33
2.446241,4.558992,2023-01-01T01:23:34
2.446241,4.558992,2023-01-01T01:23:35
2.446241,4.558992,2023-01-01T01:23:36
2.446241,4.558992,2023-01-01T01:23:37
2.446241,4.558992,2023-01-01T01:23:38
2.446241,4.558992,2023-01-01T01:23:39
2.335048,4.558992,2023-01-01T01:23:40
2.335048,4.558992,2023-01-01T01:23:41
2.335048,4.558992,2023-01-01T01:23:42
2.335048,4.558992,2023-01-01T01:23:43
2.335048,4.558992,2023-01-01T01:23:44
2.335048,4.558992,2023-01-01T01:23:45
2.446241,4.558992,2023-01-01T01:23:46
2.446241,4.558992,2023-01-01T01:23:47
2.446241,4.558992,2023-01-01T01:23:48
2.446241,4.558992,2023-01-01T01:23:49
2.446241,4.558992,2023-01-01T01:23:50
2.446241,4.558992,2023-01-01T01:23:51
2.446241,4.558992,2023-01-01T01:23:52
2.446241,4.558992,2023-01-01T01:23:53
2.446241,4.558992,2023-01-01T01:23:54
2.446241,4.558992,2023-01-01T01:23:55
2.446241,4.558992,2023-01-01T01:23:56
2.446241,4.558992,2023-01-01T01:23:57
2.446241,4.558992,2023-01-01T01:23:58
2.446241,4.558992,2023-01-01T01:23:59
2.446241,4.558992,2023-01-01T01:24:00
2.446241,4.558992,2023-01-01T01:24:01
2.446241,4.558992,2023-01-01T01:24:02
2.446241,4.558992,2023-01-01T01:24:03
2.446241,4.558992,2023-01-01T01:24:04
2.446241,4.558992,2023-01-01T01:24:05
2.446241,4.558992,2023-01-01T01:24:06
2.446241,4.558992,2023-01-01T01:24:07
2.446241,4.558992,2023-01-01T01:24:08
2.446241,4.558992,2023-01-01T01:24:09
2.446241,4.558992,2023-01-01T01:24:10
2.446241,4.558992,2023-01-01T01:24:11
2.446241,4.558992,2023-01-01T01:24:12
2.446241,4.558992,2023-01-01T01:24:13
2.446241,4.558992,2023-01-01T01:24:14
2.446241,4.558992,2023-01-01T01:24:15
2.446241,4.670187,2023-01-01T01:24:16
2.446241,4.670187,2023-01-01T01:24:17
2.446241,4.670187,2023-01-01T01:24:18
2.446241,4.670187,2023-01-01T01:24:19
2.446241,4.670187,2023-01-01T01:24:20
2.446241,4.670187,2023-01-01T01:24:21
2.446241,4.670187,2023-01-01T01:24:22
2.446241,4.670187,2023-01-01T01:24:23
2.446241,4.670187,2023-01-01T01:24:24
2.446241,4.670187,2023-01-01T01:24:25
2.446241,4.670187,2023-01-01T01:24:26
2.446241,4.670187,2023-01-01T01:24:27
2.446241,4.670187,2023-01-01T01:24:28
2.557433,4.670187,2023-01-01T01:24:29
2.557433,4.670187,2023-01-01T01:24:30
2.557433,4.670187,2023-01-01T01:24:31
2.557433,4.670187,2023-01-01T01:24:32
2.557433,4.670187,2023-01-01T01:24:33
2.557433,4.670187,2023-01-01T01:24:34
2.557433,4.670187,2023-01-01T01:24:35
2.557433,4.670187,2023-01-01T01:24:36
2.557433,4.670187,2023-01-01T01:24:37
2.557433,4.670187,2023-01-01T01:24:38
2.668626,4.670187,2023-01-01T01:24:39
2.668626,4.781382,2023-01-01T01:24:40
2.668626,4.781382,2023-01-01T01:24:41
2.668626,4.781382,2023-01-01T01:24:42
2.668626,4.781382,2023-01-01T01:24:43
2.557433,4.670187,2023-01-01T01:24:44
2.557433,4.670187,2023-01-01T01:24:45
2.557433,4.558992,2023-01-01T01:24:46
2.446241,4.447797,2023-01-01T01:24:47
2.446241,4.447797,2023-01-01T01:24:48
2.446241,4.336602,2023-01-01T01:24:49
2.335048,4.336602,2023-01-01T01:24:50
2.335048,4.225407,2023-01-01T01:24:51
2.335048,4.225407,2023-01-01T01:24:52
2.223855,4.114212,2023-01-01T01:24:53
2.223855,4.114212,2023-01-01T01:24:54
2.223855,4.003017,2023-01-01T01:24:55
2.112662,4.003017,2023-01-01T01:24:56
2.112662,3.891822,2023-01-01T01:24:57
2.112662,3.780628,2023-01-01T01:24:58
2.001470,3.780628,2023-01-01T01:24:59
2.001470,3.669433,2023-01-01T01:25:00
2.001470,3.669433,2023-01-01T01:25:01
1.890277,3.558238,2023-01-01T01:25:02
1.890277,3.447043,2023-01-01T01:25:03
1.890277,3.447043,2023-01-01T01:25:04
1.779084,3.335848,2023-01-01T01:25:05
1.779084,3.335848,2023-01-01T01:25:06
1.779084,3.224653,2023-01-01T01:25:07
1.667891,3.224653,2023-01-01T01:25:08
1.667891,3.113458,2023-01-01T01:25:09
1.667891,3.002263,2023-01-01T01:25:10
1.556699,3.002263,2023-01-01T01:25:11
1.556699,2.891068,2023-01-01T01:25:12
1.556699,2.891068,2023-01-01T01:25:13
1.556699,2.891068,2023-01-01T01:25:14
1.556699,2.891068,2023-01-01T01:25:15
1.556699,3.002263,2023-01-01T01:25:16
1.556699,3.002263,2023-01-01T01:25:17
1.556699,3.002263,2023-01-01T01:25:18
1.556699,3.002263,2023-01-01T01:25:19
1.667891,3.002263,2023-01-01T01:25:20
1.667891,3.113458,2023-01-01T01:25:21
1.667891,3.113458,2023-01-01T01:25:22
1.667891,3.113458,2023-01-01T01:25:23
1.667891,3.113458,2023-01-01T01:25:24
1.667891,3.113458,2023-01-01T01:25:25
1.667891,3.224653,2023-01-01T01:25:26
1.667891,3.224653,2023-01-01T01:25:27
1.667891,3.224653,2023-01-01T01:25:28
1.779084,3.224653,2023-01-01T01:25:29
1.779084,3.224653,2023-01-01T01:25:30
1.779084,3.224653,2023-01-01T01:25:31
1.779084,3.335848,2023-01-01T01:25:32
1.779084,3.335848,2023-01-01T01:25:33
1.779084,3.335848,2023-01-01T01:25:34
1.779084,3.335848,2023-01-01T01:25:35
1.779084,3.335848,2023-01-01T01:25:36
1.779084,3.447043,2023-01-01T01:25:37
1.779084,3.447043,2023-01-01T01:25:38
1.779084,3.447043,2023-01-01T01:25:39
1.779084,3.447043,2023-01-01T01:25:40
1.890277,3.447043,2023-01-01T01:25:41
1.890277,3.447043,2023-01-01T01:25:42
1.890277,3.558238,2023-01-01T01:25:43
1.890277,3.558238,2023-01-01T01:25:44
1.890277,3.558238,2023-01-01T01:25:45
2.001470,3.558238,2023-01-01T01:25:46
2.001470,3.558238,2023-01-01T01:25:47
2.001470,3.669433,2023-01-01T01:25:48
2.001470,3.669433,2023-01-01T01:25:49
2.112662,3.669433,2023-01-01T01:25:50
2.112662,3.669433,2023-01-01T01:25:51
2.112662,3.669433,2023-01-01T01:25:52
2.223855,3.780628,2023-01-01T01:25:53
2.223855,3.780628,2023-01-01T01:25:54
2.223855,3.780628,2023-01-01T01:25:55
2.223855,3.780628,2023-01-01T01:25:56
2.335048,3.891822,2023-01-01T01:25:57
2.335048,3.891822,2023-01-01T01:25:58
2.446241,3.891822,2023-01-01T01:25:59
2.446241,3.891822,2023-01-01T01:26:00
2.446241,4.003017,2023-01-01T01:26:01
2.557433,4.003017,2023-01-01T01:26:02
2.557433,4.003017,2023-01-01T01:26:03
2.668626,4.003017,2023-01-01T01:26:04
2.668626,4.114212,2023-01-01T01:26:05
2.668626,4.114212,2023-01-01T01:26:06
2.779819,4.114212,2023-01-01T01:26:07
2.779819,4.225407,2023-01-01T01:26:08
2.891012,4.225407,2023-01-01T01:26:09
2.891012,4.225407,2023-01-01T01:26:10
3.002204,4.225407,2023-01-01T01:26:11
3.002204,4.336602,2023-01-01T01:26:12
3.113397,4.336602,2023-01-01T01:26:13
3.113397,4.336602,2023-01-01T01:26:14
3.113397,4.336602,2023-01-01T01:26:15
3.113397,4.225407,2023-01-01T01:26:16
3.113397,4.225407,2023-01-01T01:26:17
3.113397,4.225407,2023-01-01T01:26:18
3.113397,4.225407,2023-01-01T01:26:19
3.113397,4.225407,2023-01-01T01:26:20
3.224590,4.114212,2023-01-01T01:26:21
3.224590,4.114212,2023-01-01T01:26:22
3.224590,4.114212,2023-01-01T01:26:23
3.224590,4.114212,2023-01-01T01:26:24
3.224590,4.114212,2023-01-01T01:26:25
3.224590,4.114212,2023-01-01T01:26:26
3.224590,4.114212,2023-01-01T01:26:27
3.335783,4.114212,2023-01-01T01:26:28
3.335783,4.003017,2023-01-01T01:26:29
3.335783,4.003017,2023-01-01T01:26:30
3.335783,4.003017,2023-01-01T01:26:31
3.335783,4.003017,2023-01-01T01:26:32
3.446975,4.003017,2023-01-01T01:26:33
3.446975,4.003017,2023-01-01T01:26:34
3.446975,4.003017,2023-01-01T01:26:35
3.446975,4.003017,2023-01-01T01:26:36
3.558168,4.003017,2023-01-01T01:26:37
3.558168,4.003017,2023-01-01T01:26:38
3.558168,4.003017,2023-01-01T01:26:39
3.558168,4.003017,2023-01-01T01:26:40
3.558168,4.003017,2023-01-01T01:26:41
3.669361,4.003017,2023-01-01T01:26:42
3.669361,4.003017,2023-01-01T01:26:43
3.669361,4.003017,2023-01-01T01:26:44
3.669361,4.003017,2023-01-01T01:26:45
3.669361,4.114212,2023-01-01T01:26:46
3.780554,4.114212,2023-01-01T01:26:47
3.780554,4.114212,2023-01-01T01:26:48
3.780554,4.114212,2023-01-01T01:26:49
3.780554,4.225407,2023-01-01T01:26:50
3.780554,4.225407,2023-01-01T01:26:51
3.780554,4.225407,2023-01-01T01:26:52
3.891746,4.225407,2023-01-01T01:26:53
3.891746,4.336602,2023-01-01T01:26:54
3.891746,4.336602,2023-01-01T01:26:55
3.891746,4.336602,2023-01-01T01:26:56
3.891746,4.336602,2023-01-01T01:26:57
3.891746,4.447797,2023-01-01T01:26:58
4.002939,4.447797,2023-01-01T01:26:59
4.002939,4.447797,2023-01-01T01:27:00
4.002939,4.447797,2023-01-01T01:27:01
4.002939,4.447797,2023-01-01T01:27:02
4.002939,4.558992,2023-01-01T01:27:03
4.002939,4.558992,2023-01-01T01:27:04
4.114132,4.558992,2023-01-01T01:27:05
4.114132,4.558992,2023-01-01T01:27:06
4.114132,4.558992,2023-01-01T01:27:07
4.114132,4.558992,2023-01-01T01:27:08
4.114132,4.670187,2023-01-01T01:27:09
4.114132,4.670187,2023-01-01T01:27:10
4.114132,4.670187,2023-01-01T01:27:11
4.225325,4.670187,2023-01-01T01:27:12
4.225325,4.670187,2023-01-01T01:27:13
4.225325,4.670187,2023-01-01T01:27:14
4.114132,4.670187,2023-01-01T01:27:15
4.114132,4.670187,2023-01-01T01:27:16
4.114132,4.670187,2023-01-01T01:27:17
4.114132,4.670187,2023-01-01T01:27:18
4.114132,4.670187,2023-01-01T01:27:19
4.114132,4.670187,2023-01-01T01:27:20
4.002939,4.670187,2023-01-01T01:27:21
4.002939,4.670187,2023-01-01T01:27:22
4.002939,4.670187,2023-01-01T01:27:23
4.002939,4.670187,2023-01-01T01:27:24
4.002939,4.558992,2023-01-01T01:27:25
4.002939,4.558992,2023-01-01T01:27:26
4.002939,4.558992,2023-01-01T01:27:27
3.891746,4.558992,2023-01-01T01:27:28
3.891746,4.558992,2023-01-01T01:27:29
3.891746,4.558992,2023-01-01T01:27:30
3.891746,4.558992,2023-01-01T01:27:31
3.891746,4.558992,2023-01-01T01:27:32
3.891746,4.558992,2023-01-01T01:27:33
3.891746,4.558992,2023-01-01T01:27:34
3.780554,4.558992,2023-01-01T01:27:35
3.780554,4.558992,2023-01-01T01:27:36
3.780554,4.558992,2023-01-01T01:27:37
3.780554,4.558992,2023-01-01T01:27:38
3.780554,4.558992,2023-01-01T01:27:39
3.780554,4.558992,2023-01-01T01:27:40
3.780554,4.558992,2023-01-01T01:27:41
3.669361,4.558992,2023-01-01T01:27:42
3.669361,4.558992,2023-01-01T01:27:43
3.669361,4.558992,2023-01-01T01:27:44
3.669361,4.558992,2023-01-01T01:27:45
3.669361,4.558992,2023-01-01T01:27:46
3.669361,4.558992,2023-01-01T01:27:47
3.669361,4.558992,2023-01-01T01:27:48
3.669361,4.558992,2023-01-01T01:27:49
3.669361,4.558992,2023-01-01T01:27:50
3.669361,4.558992,2023-01-01T01:27:51
3.669361,4.558992,2023-01-01T01:27:52
3.669361,4.447797,2023-01-01T01:27:53
3.669361,4.447797,2023-01-01T01:27:54
3.558168,4.447797,2023-01-01T01:27:55
3.558168,4.447797,2023-01-01T01:27:56
3.558168,4.447797,2023-01-01T01:27:57
3.558168,4.447797,2023-01-01T01:27:58
3.558168,4.447797,2023-01-01T01:27:59
3.558168,4.447797,2023-01-01T01:28:00
3.558168,4.447797,2023-01-01T01:28:01
3.558168,4.447797,2023-01-01T01:28:02
3.558168,4.447797,2023-01-01T01:28:03
3.558168,4.447797,2023-01-01T01:28:04
3.558168,4.447797,2023-01-01T01:28:05
3.558168,4.447797,2023-01-01T01:28:06
3.558168,4.447797,2023-01-01T01:28:07
3.558168,4.447797,2023-01-01T01:28:08
3.558168,4.447797,2023-01-01T01:28:09
3.446975,4.447797,2023-01-01T01:28:10
3.446975,4.447797,2023-01-01T01:28:11
3.446975,4.447797,2023-01-01T01:28:12
3.446975,4.447797,2023-01-01T01:28:13
3.446975,4.447797,2023-01-01T01:28:14
3.446975,4.447797,2023-01-01T01:28:15
3.446975,4.447797,2023-01-01T01:28:16
3.558168,4.447797,2023-01-01T01:28:17
3.558168,4.447797,2023-01-01T01:28:18
3.558168,4.447797,2023-01-01T01:28:19
3.558168,4.447797,2023-01-01T01:28:20
3.558168,4.447797,2023-01-01T01:28:21
3.558168,4.447797,2023-01-01T01:28:22
3.558168,4.447797,2023-01-01T01:28:23
3.558168,4.447797,2023-01-01T01:28:24
3.558168,4.447797,2023-01-01T01:28:25
3.558168,4.447797,2023-01-01T01:28:26
3.558168,4.447797,2023-01-01T01:28:27
3.669361,4.447797,2023-01-01T01:28:28
3.669361,4.447797,2023-01-01T01:28:29
3.669361,4.447797,2023-01-01T01:28:30
3.669361,4.447797,2023-01-01T01:28:31
3.669361,4.558992,2023-01-01T01:28:32
3.780554,4.558992,2023-01-01T01:28:33
3.780554,4.558992,2023-01-01T01:28:34
3.780554,4.558992,2023-01-01T01:28:35
3.780554,4.558992,2023-01-01T01:28:36
3.891746,4.558992,2023-01-01T01:28:37
3.891746,4.558992,2023-01-01T01:28:38
3.891746,4.558992,2023-01-01T01:28:39
4.002939,4.558992,2023-01-01T01:28:40
4.002939,4.558992,2023-01-01T01:28:41
4.002939,4.670187,2023-01-01T01:28:42
4.114132,4.670187,2023-01-01T01:28:43
4.002939,4.558992,2023-01-01T01:28:44
4.002939,4.558992,2023-01-01T01:28:45
4.002939,4.558992,2023-01-01T01:28:46
4.002939,4.447797,2023-01-01T01:28:47
4.002939,4.447797,2023-01-01T01:28:48
3.891746,4.447797,2023-01-01T01:28:49
3.891746,4.336602,2023-01-01T01:28:50
3.891746,4.336602,2023-01-01T01:28:51
3.891746,4.336602,2023-01-01T01:28:52
3.891746,4.336602,2023-01-01T01:28:53
3.891746,4.225407,2023-01-01T01:28:54
3.891746,4.225407,2023-01-01T01:28:55
3.891746,4.225407,2023-01-01T01:28:56
3.891746,4.225407,2023-01-01T01:28:57
3.780554,4.114212,2023-01-01T01:28:58
3.780554,4.114212,2023-01-01T01:28:59
3.780554,4.114212,2023-01-01T01:29:00
3.780554,4.003017,2023-01-01T01:29:01
3.780554,4.003017,2023-01-01T01:29:02
3.669361,4.003017,2023-01-01T01:29:03
3.669361,3.891822,2023-01-01T01:29:04
3.669361,3.891822,2023-01-01T01:29:05
3.669361,3.780628,2023-01-01T01:29:06
3.558168,3.780628,2023-01-01T01:29:07
3.558168,3.780628,2023-01-01T01:29:08
3.558168,3.669433,2023-01-01T01:29:09
3.446975,3.669433,2023-01-01T01:29:10
3.446975,3.558238,2023-01-01T01:29:11
3.446975,3.558238,2023-01-01T01:29:12
3.335783,3.447043,2023-01-01T01:29:13
3.335783,3.447043,2023-01-01T01:29:14
3.335783,3.447043,2023-01-01T01:29:15
3.335783,3.447043,2023-01-01T01:29:16
3.224590,3.335848,2023-01-01T01:29:17
3.224590,3.335848,2023-01-01T01:29:18
3.224590,3.335848,2023-01-01T01:29:19
3.224590,3.335848,2023-01-01T01:29:20
3.224590,3.335848,2023-01-01T01:29:21
3.113397,3.224653,2023-01-01T01:29:22
3.113397,3.224653,2023-01-01T01:29:23
3.113397,3.224653,2023-01-01T01:29:24
3.113397,3.224653,2023-01-01T01:29:25
3.002204,3.113458,2023-01-01T01:29:26
3.002204,3.113458,2023-01-01T01:29:27
3.002204,3.113458,2023-01-01T01:29:28
3.002204,3.113458,2023-01-01T01:29:29
3.002204,3.113458,2023-01-01T01:29:30
2.891012,3.002263,2023-01-01T01:29:31
2.891012,3.002263,2023-01-01T01:29:32
2.891012,3.002263,2023-01-01T01:29:33
2.891012,3.002263,2023-01-01T01:29:34
2.779819,2.891068,2023-01-01T01:29:35
2.779819,2.891068,2023-01-01T01:29:36
2.779819,2.891068,2023-01-01T01:29:37
2.779819,2.891068,2023-01-01T01:29:38
2.668626,2.779873,2023-01-01T01:29:39
2.668626,2.779873,2023-01-01T01:29:40
2.668626,2.779873,2023-01-01T01:29:41
2.668626,2.668678,2023-01-01T01:29:42
2.557433,2.668678,2023-01-01T01:29:43
2.557433,2.668678,2023-01-01T01:29:44
2.557433,2.668678,2023-01-01T01:29:45
2.557433,2.668678,2023-01-01T01:29:46
2.557433,2.668678,2023-01-01T01:29:47
2.557433,2.668678,2023-01-01T01:29:48
2.557433,2.668678,2023-01-01T01:29:49
2.557433,2.668678,2023-01-01T01:29:50
2.557433,2.668678,2023-01-01T01:29:51
2.557433,2.668678,2023-01-01T01:29:52
2.557433,2.668678,2023-01-01T01:29:53
2.557433,2.668678,2023-01-01T01:29:54
2.557433,2.668678,2023-01-01T01:29:55
2.557433,2.557483,2023-01-01T01:29:56
2.446241,2.557483,2023-01-01T01:29:57
2.446241,2.557483,2023-01-01T01:29:58
2.446241,2.557483,2023-01-01T01:29:59
2.446241,2.557483,2023-01-01T01:30:00
2.446241,2.557483,2023-01-01T01:30:01
2.446241,2.557483,2023-01-01T01:30:02
2.446241,2.557483,2023-01-01T01:30:03
2.446241,2.446288,2023-01-01T01:30:04
2.446241,2.446288,2023-01-01T01:30:05
2.335048,2.446288,2023-01-01T01:30:06
2.335048,2.446288,2023-01-01T01:30:07
2.335048,2.446288,2023-01-01T01:30:08
2.335048,2.446288,2023-01-01T01:30:09
2.335048,2.446288,2023-01-01T01:30:10
2.335048,2.446288,2023-01-01T01:30:11
2.335048,2.446288,2023-01-01T01:30:12
2.335048,2.446288,2023-01-01T01:30:13
2.335048,2.446288,2023-01-01T01:30:14
2.335048,2.446288,2023-01-01T01:30:15
2.335048,2.446288,2023-01-01T01:30:16
2.446241,2.446288,2023-01-01T01:30:17
2.446241,2.557483,2023-01-01T01:30:18
2.446241,2.557483,2023-01-01T01:30:19
2.446241,2.557483,2023-01-01T01:30:20
2.446241,2.557483,2023-01-01T01:30:21
2.446241,2.557483,2023-01-01T01:30:22
2.557433,2.557483,2023-01-01T01:30:23
2.557433,2.557483,2023-01-01T01:30:24
2.557433,2.557483,2023-01-01T01:30:25
2.557433,2.557483,2023-01-01T01:30:26
2.557433,2.557483,2023-01-01T01:30:27
2.557433,2.557483,2023-01-01T01:30:28
2.557433,2.557483,2023-01-01T01:30:29
2.557433,2.557483,2023-01-01T01:30:30
2.557433,2.557483,2023-01-01T01:30:31
2.557433,2.557483,2023-01-01T01:30:32
2.557433,2.557483,2023-01-01T01:30:33
2.557433,2.557483,2023-01-01T01:30:34
2.557433,2.557483,2023-01-01T01:30:35
2.557433,2.557483,2023-01-01T01:30:36
2.557433,2.557483,2023-01-01T01:30:37
2.557433,2.557483,2023-01-01T01:30:38
2.557433,2.557483,2023-01-01T01:30:39
2.557433,2.557483,2023-01-01T01:30:40
2.557433,2.557483,2023-01-01T01:30:41
2.668626,2.557483,2023-01-01T01:30:42
2.668626,2.557483,2023-01-01T01:30:43
2.668626,2.557483,2023-01-01T01:30:44
2.668626,2.668678,2023-01-01T01:30:45
2.668626,2.668678,2023-01-01T01:30:46
2.668626,2.668678,2023-01-01T01:30:47
2.668626,2.668678,2023-01-01T01:30:48
2.779819,2.668678,2023-01-01T01:30:49
2.779819,2.668678,2023-01-01T01:30:50
2.779819,2.779873,2023-01-01T01:30:51
2.779819,2.779873,2023-01-01T01:30:52
2.779819,2.779873,2023-01-01T01:30:53
2.779819,2.779873,2023-01-01T01:30:54
2.779819,2.779873,2023-01-01T01:30:55
2.891012,2.779873,2023-01-01T01:30:56
2.891012,2.891068,2023-01-01T01:30:57
2.891012,2.891068,2023-01-01T01:30:58
2.891012,2.891068,2023-01-01T01:30:59
2.891012,2.891068,2023-01-01T01:31:00
2.891012,2.891068,2023-01-01T01:31:01
3.002204,2.891068,2023-01-01T01:31:02
3.002204,2.891068,2023-01-01T01:31:03
3.002204,3.002263,2023-01-01T01:31:04
3.002204,3.002263,2023-01-01T01:31:05
3.002204,3.002263,2023-01-01T01:31:06
3.002204,3.002263,2023-01-01T01:31:07
3.113397,3.002263,2023-01-01T01:31:08
3.113397,3.002263,2023-01-01T01:31:09
3.113397,3.113458,2023-01-01T01:31:10
3.113397,3.113458,2023-01-01T01:31:11
3.224590,3.113458,2023-01-01T01:31:12
3.224590,3.113458,2023-01-01T01:31:13
3.224590,3.113458,2023-01-01T01:31:14
3.224590,3.113458,2023-01-01T01:31:15
3.224590,3.113458,2023-01-01T01:31:16
3.224590,3.113458,2023-01-01T01:31:17
3.335783,3.113458,2023-01-01T01:31:18
3.335783,3.113458,2023-01-01T01:31:19
3.335783,3.113458,2023-01-01T01:31:20
3.335783,3.113458,2023-01-01T01:31:21
3.335783,3.224653,2023-01-01T01:31:22
3.446975,3.224653,2023-01-01T01:31:23
3.446975,3.224653,2023-01-01T01:31:24
3.446975,3.224653,2023-01-01T01:31:25
3.558168,3.224653,2023-01-01T01:31:26
3.558168,3.224653,2023-01-01T01:31:27
3.558168,3.224653,2023-01-01T01:31:28
3.669361,3.224653,2023-01-01T01:31:29
3.669361,3.224653,2023-01-01T01:31:30
3.669361,3.335848,2023-01-01T01:31:31
3.780554,3.335848,2023-01-01T01:31:32
3.780554,3.335848,2023-01-01T01:31:33
3.891746,3.335848,2023-01-01T01:31:34
3.891746,3.335848,2023-01-01T01:31:35
3.891746,3.335848,2023-01-01T01:31:36
4.002939,3.447043,2023-01-01T01:31:37
4.002939,3.447043,2023-01-01T01:31:38
4.114132,3.447043,2023-01-01T01:31:39
4.114132,3.447043,2023-01-01T01:31:40
4.114132,3.447043,2023-01-01T01:31:41
4.114132,3.447043,2023-01-01T01:31:42
4.225325,3.447043,2023-01-01T01:31:43
4.114132,3.447043,2023-01-01T01:31:44
4.114132,3.335848,2023-01-01T01:31:45
4.114132,3.335848,2023-01-01T01:31:46
4.002939,3.335848,2023-01-01T01:31:47
4.002939,3.224653,2023-01-01T01:31:48
4.002939,3.224653,2023-01-01T01:31:49
3.891746,3.224653,2023-01-01T01:31:50
3.891746,3.113458,2023-01-01T01:31:51
3.891746,3.113458,2023-01-01T01:31:52
3.780554,3.113458,2023-01-01T01:31:53
3.780554,3.002263,2023-01-01T01:31:54
3.780554,3.002263,2023-01-01T01:31:55
3.780554,3.002263,2023-01-01T01:31:56
3.669361,2.891068,2023-01-01T01:31:57
3.669361,2.891068,2023-01-01T01:31:58
3.669361,2.891068,2023-01-01T01:31:59
3.669361,2.891068,2023-01-01T01:32:00
3.558168,2.779873,2023-01-01T01:32:01
3.558168,2.779873,2023-01-01T01:32:02
3.558168,2.779873,2023-01-01T01:32:03
3.558168,2.779873,2023-01-01T01:32:04
3.446975,2.668678,2023-01-01T01:32:05
3.446975,2.668678,2023-01-01T01:32:06
3.446975,2.668678,2023-01-01T01:32:07
3.335783,2.557483,2023-01-01T01:32:08
3.335783,2.557483,2023-01-01T01:32:09
3.335783,2.446288,2023-01-01T01:32:10
3.224590,2.446288,2023-01-01T01:32:11
3.224590,2.335093,2023-01-01T01:32:12
3.113397,2.335093,2023-01-01T01:32:13
3.113397,2.335093,2023-01-01T01:32:14
3.113397,2.335093,2023-01-01T01:32:15
3.113397,2.223899,2023-01-01T01:32:16
3.002204,2.223899,2023-01-01T01:32:17
3.002204,2.223899,2023-01-01T01:32:18
3.002204,2.223899,2023-01-01T01:32:19
3.002204,2.223899,2023-01-01T01:32:20
2.891012,2.223899,2023-01-01T01:32:21
2.891012,2.223899,2023-01-01T01:32:22
2.891012,2.112704,2023-01-01T01:32:23
2.891012,2.112704,2023-01-01T01:32:24
2.779819,2.112704,2023-01-01T01:32:25
2.779819,2.112704,2023-01-01T01:32:26
2.779819,2.112704,2023-01-01T01:32:27
2.779819,2.001509,2023-01-01T01:32:28
2.668626,2.001509,2023-01-01T01:32:29
2.668626,2.001509,2023-01-01T01:32:30
2.668626,2.001509,2023-01-01T01:32:31
2.668626,2.001509,2023-01-01T01:32:32
2.557433,2.001509,2023-01-01T01:32:33
2.557433,2.001509,2023-01-01T01:32:34
2.557433,2.001509,2023-01-01T01:32:35
2.557433,1.890314,2023-01-01T01:32:36
2.446241,1.890314,2023-01-01T01:32:37
2.446241,1.890314,2023-01-01T01:32:38
2.446241,1.890314,2023-01-01T01:32:39
2.446241,1.890314,2023-01-01T01:32:40
2.335048,1.890314,2023-01-01T01:32:41
2.335048,1.890314,2023-01-01T01:32:42
2.335048,1.890314,2023-01-01T01:32:43
2.335048,1.890314,2023-01-01T01:32:44
2.446241,2.001509,2023-01-01T01:32:45
2.446241,2.001509,2023-01-01T01:32:46
2.446241,2.001509,2023-01-01T01:32:47
2.557433,2.112704,2023-01-01T01:32:48
2.557433,2.112704,2023-01-01T01:32:49
2.557433,2.112704,2023-01-01T01:32:50
2.557433,2.223899,2023-01-01T01:32:51
2.668626,2.223899,2023-01-01T01:32:52
2.668626,2.223899,2023-01-01T01:32:53
2.668626,2.335093,2023-01-01T01:32:54
2.779819,2.335093,2023-01-01T01:32:55
2.779819,2.335093,2023-01-01T01:32:56
2.779819,2.446288,2023-01-01T01:32:57
2.779819,2.446288,2023-01-01T01:32:58
2.891012,2.446288,2023-01-01T01:32:59
2.891012,2.446288,2023-01-01T01:33:00
2.891012,2.557483,2023-01-01T01:33:01
3.002204,2.557483,2023-01-01T01:33:02
3.002204,2.557483,2023-01-01T01:33:03
3.002204,2.557483,2023-01-01T01:33:04
3.113397,2.668678,2023-01-01T01:33:05
3.113397,2.668678,2023-01-01T01:33:06
3.113397,2.668678,2023-01-01T01:33:07
3.224590,2.668678,2023-01-01T01:33:08
3.224590,2.668678,2023-01-01T01:33:09
3.224590,2.779873,2023-01-01T01:33:10
3.335783,2.779873,2023-01-01T01:33:11
3.335783,2.779873,2023-01-01T01:33:12
3.446975,2.779873,2023-01-01T01:33:13
3.446975,2.779873,2023-01-01T01:33:14
3.446975,2.891068,2023-01-01T01:33:15
3.446975,2.891068,2023-01-01T01:33:16
3.446975,2.891068,2023-01-01T01:33:17
3.558168,2.891068,2023-01-01T01:33:18
3.558168,2.891068,2023-01-01T01:33:19
3.558168,2.891068,2023-01-01T01:33:20
3.669361,2.891068,2023-01-01T01:33:21
3.669361,2.891068,2023-01-01T01:33:22
3.669361,2.891068,2023-01-01T01:33:23
3.780554,2.891068,2023-01-01T01:33:24
3.780554,2.891068,2023-01-01T01:33:25
3.891746,3.002263,2023-01-01T01:33:26
3.891746,3.002263,2023-01-01T01:33:27
3.891746,3.002263,2023-01-01T01:33:28
4.002939,3.002263,2023-01-01T01:33:29
4.002939,3.002263,2023-01-01T01:33:30
4.114132,3.002263,2023-01-01T01:33:31
4.114132,3.002263,2023-01-01T01:33:32
4.225325,3.002263,2023-01-01T01:33:33
4.225325,3.113458,2023-01-01T01:33:34
4.336517,3.113458,2023-01-01T01:33:35
4.336517,3.113458,2023-01-01T01:33:36
4.447710,3.113458,2023-01-01T01:33:37
4.558903,3.113458,2023-01-01T01:33:38
4.558903,3.113458,2023-01-01T01:33:39
4.670096,3.224653,2023-01-01T01:33:40
4.670096,3.224653,2023-01-01T01:33:41
4.781288,3.224653,2023-01-01T01:33:42
4.892481,3.224653,2023-01-01T01:33:43
4.892481,3.224653,2023-01-01T01:33:44
4.892481,3.224653,2023-01-01T01:33:45
4.892481,3.224653,2023-01-01T01:33:46
4.892481,3.224653,2023-01-01T01:33:47
4.892481,3.224653,2023-01-01T01:33:48
4.892481,3.224653,2023-01-01T01:33:49
5.003674,3.224653,2023-01-01T01:33:50
5.003674,3.224653,2023-01-01T01:33:51
5.003674,3.224653,2023-01-01T01:33:52
5.003674,3.224653,2023-01-01T01:33:53
5.114867,3.224653,2023-01-01T01:33:54
5.114867,3.224653,2023-01-01T01:33:55
5.114867,3.224653,2023-01-01T01:33:56
5.226059,3.224653,2023-01-01T01:33:57
5.226059,3.224653,2023-01-01T01:33:58
5.226059,3.224653,2023-01-01T01:33:59
5.226059,3.113458,2023-01-01T01:34:00
5.226059,3.113458,2023-01-01T01:34:01
5.337252,3.113458,2023-01-01T01:34:02
5.337252,3.113458,2023-01-01T01:34:03
5.337252,3.113458,2023-01-01T01:34:04
5.337252,3.113458,2023-01-01T01:34:05
5.337252,3.113458,2023-01-01T01:34:06
5.448445,3.113458,2023-01-01T01:34:07
5.448445,3.113458,2023-01-01T01:34:08
5.448445,3.113458,2023-01-01T01:34:09
5.448445,3.113458,2023-01-01T01:34:10
5.448445,3.113458,2023-01-01T01:34:11
5.448445,3.113458,2023-01-01T01:34:12
5.448445,3.113458,2023-01-01T01:34:13
5.448445,3.113458,2023-01-01T01:34:14
5.448445,3.002263,2023-01-01T01:34:15
5.448445,3.002263,2023-01-01T01:34:16
5.337252,3.002263,2023-01-01T01:34:17
5.337252,3.002263,2023-01-01T01:34:18
5.337252,3.002263,2023-01-01T01:34:19
5.337252,3.002263,2023-01-01T01:34:20
5.226059,3.002263,2023-01-01T01:34:21
5.226059,3.002263,2023-01-01T01:34:22
5.226059,3.002263,2023-01-01T01:34:23
5.114867,2.891068,2023-01-01T01:34:24
5.114867,2.891068,2023-01-01T01:34:25
5.114867,2.891068,2023-01-01T01:34:26
5.114867,2.891068,2023-01-01T01:34:27
5.003674,2.891068,2023-01-01T01:34:28
5.003674,2.891068,2023-01-01T01:34:29
5.003674,2.891068,2023-01-01T01:34:30
4.892481,2.779873,2023-01-01T01:34:31
4.892481,2.779873,2023-01-01T01:34:32
4.781288,2.779873,2023-01-01T01:34:33
4.781288,2.779873,2023-01-01T01:34:34
4.781288,2.779873,2023-01-01T01:34:35
4.670096,2.779873,2023-01-01T01:34:36
4.670096,2.668678,2023-01-01T01:34:37
4.670096,2.668678,2023-01-01T01:34:38
4.558903,2.668678,2023-01-01T01:34:39
4.558903,2.668678,2023-01-01T01:34:40
4.558903,2.668678,2023-01-01T01:34:41
4.447710,2.668678,2023-01-01T01:34:42
4.447710,2.668678,2023-01-01T01:34:43
4.447710,2.668678,2023-01-01T01:34:44
4.447710,2.668678,2023-01-01T01:34:45
4.447710,2.668678,2023-01-01T01:34:46
4.447710,2.668678,2023-01-01T01:34:47
4.447710,2.668678,2023-01-01T01:34:48
4.447710,2.779873,2023-01-01T01:34:49
4.447710,2.779873,2023-01-01T01:34:50
4.447710,2.779873,2023-01-01T01:34:51
4.447710,2.779873,2023-01-01T01:34:52
4.447710,2.779873,2023-01-01T01:34:53
4.447710,2.779873,2023-01-01T01:34:54
4.447710,2.779873,2023-01-01T01:34:55
4.336517,2.779873,2023-01-01T01:34:56
4.336517,2.779873,2023-01-01T01:34:57
4.336517,2.891068,2023-01-01T01:34:58
4.336517,2.891068,2023-01-01T01:34:59
4.336517,2.891068,2023-01-01T01:35:00
4.336517,2.891068,2023-01-01T01:35:01
4.336517,2.891068,2023-01-01T01:35:02
4.336517,2.891068,2023-01-01T01:35:03
4.336517,2.891068,2023-01-01T01:35:04
4.336517,2.891068,2023-01-01T01:35:05
4.336517,2.891068,2023-01-01T01:35:06
4.336517,3.002263,2023-01-01T01:35:07
4.336517,3.002263,2023-01-01T01:35:08
4.336517,3.002263,2023-01-01T01:35:09
4.336517,3.002263,2023-01-01T01:35:10
4.336517,3.002263,2023-01-01T01:35:11
4.336517,3.002263,2023-01-01T01:35:12
4.336517,3.002263,2023-01-01T01:35:13
4.447710,3.002263,2023-01-01T01:35:14
4.447710,3.113458,2023-01-01T01:35:15
4.447710,3.113458,2023-01-01T01:35:16
4.447710,3.113458,2023-01-01T01:35:17
4.447710,3.113458,2023-01-01T01:35:18
4.558903,3.113458,2023-01-01T01:35:19
4.558903,3.113458,2023-01-01T01:35:20
4.558903,3.224653,2023-01-01T01:35:21
4.558903,3.224653,2023-01-01T01:35:22
4.558903,3.224653,2023-01-01T01:35:23
4.558903,3.224653,2023-01-01T01:35:24
4.670096,3.224653,2023-01-01T01:35:25
4.670096,3.224653,2023-01-01T01:35:26
4.670096,3.224653,2023-01-01T01:35:27
4.670096,3.335848,2023-01-01T01:35:28
4.670096,3.335848,2023-01-01T01:35:29
4.781288,3.335848,2023-01-01T01:35:30
4.781288,3.335848,2023-01-01T01:35:31
4.781288,3.335848,2023-01-01T01:35:32
4.781288,3.335848,2023-01-01T01:35:33
4.781288,3.335848,2023-01-01T01:35:34
4.781288,3.447043,2023-01-01T01:35:35
4.781288,3.447043,2023-01-01T01:35:36
4.892481,3.447043,2023-01-01T01:35:37
4.892481,3.447043,2023-01-01T01:35:38
4.892481,3.447043,2023-01-01T01:35:39
4.892481,3.447043,2023-01-01T01:35:40
4.892481,3.447043,2023-01-01T01:35:41
4.892481,3.447043,2023-01-01T01:35:42
4.892481,3.447043,2023-01-01T01:35:43
5.003674,3.447043,2023-01-01T01:35:44
5.003674,3.558238,2023-01-01T01:35:45
5.003674,3.558238,2023-01-01T01:35:46
5.003674,3.558238,2023-01-01T01:35:47
5.003674,3.558238,2023-01-01T01:35:48
5.003674,3.558238,2023-01-01T01:35:49
5.114867,3.558238,2023-01-01T01:35:50
5.114867,3.558238,2023-01-01T01:35:51
5.114867,3.558238,2023-01-01T01:35:52
5.114867,3.558238,2023-01-01T01:35:53
5.114867,3.558238,2023-01-01T01:35:54
5.114867,3.669433,2023-01-01T01:35:55
5.114867,3.669433,2023-01-01T01:35:56
5.226059,3.669433,2023-01-01T01:35:57
5.226059,3.669433,2023-01-01T01:35:58
5.226059,3.669433,2023-01-01T01:35:59
5.226059,3.669433,2023-01-01T01:36:00
5.226059,3.669433,2023-01-01T01:36:01
5.226059,3.669433,2023-01-01T01:36:02
5.337252,3.669433,2023-01-01T01:36:03
5.337252,3.669433,2023-01-01T01:36:04
5.337252,3.669433,2023-01-01T01:36:05
5.337252,3.669433,2023-01-01T01:36:06
5.448445,3.669433,2023-01-01T01:36:07
5.448445,3.669433,2023-01-01T01:36:08
5.448445,3.669433,2023-01-01T01:36:09
5.448445,3.669433,2023-01-01T01:36:10
5.448445,3.669433,2023-01-01T01:36:11
5.559638,3.669433,2023-01-01T01:36:12
5.559638,3.669433,2023-01-01T01:36:13
5.559638,3.669433,2023-01-01T01:36:14
5.559638,3.669433,2023-01-01T01:36:15
5.559638,3.669433,2023-01-01T01:36:16
5.559638,3.669433,2023-01-01T01:36:17
5.559638,3.669433,2023-01-01T01:36:18
5.559638,3.669433,2023-01-01T01:36:19
5.559638,3.669433,2023-01-01T01:36:20
5.559638,3.669433,2023-01-01T01:36:21
5.559638,3.558238,2023-01-01T01:36:22
5.559638,3.558238,2023-01-01T01:36:23
5.559638,3.558238,2023-01-01T01:36:24
5.559638,3.558238,2023-01-01T01:36:25
5.559638,3.558238,2023-01-01T01:36:26
5.559638,3.558238,2023-01-01T01:36:27
5.559638,3.558238,2023-01-01T01:36:28
5.559638,3.558238,2023-01-01T01:36:29
5.559638,3.558238,2023-01-01T01:36:30
5.670830,3.558238,2023-01-01T01:36:31
5.670830,3.558238,2023-01-01T01:36:32
5.670830,3.558238,2023-01-01T01:36:33
5.670830,3.558238,2023-01-01T01:36:34
5.670830,3.558238,2023-01-01T01:36:35
5.782023,3.558238,2023-01-01T01:36:36
5.782023,3.558238,2023-01-01T01:36:37
5.782023,3.558238,2023-01-01T01:36:38
5.782023,3.558238,2023-01-01T01:36:39
5.782023,3.558238,2023-01-01T01:36:40
5.893216,3.558238,2023-01-01T01:36:41
5.893216,3.558238,2023-01-01T01:36:42
5.893216,3.558238,2023-01-01T01:36:43
5.893216,3.558238,2023-01-01T01:36:44
5.893216,3.447043,2023-01-01T01:36:45
5.893216,3.447043,2023-01-01T01:36:46
5.893216,3.447043,2023-01-01T01:36:47
5.782023,3.447043,2023-01-01T01:36:48
5.782023,3.447043,2023-01-01T01:36:49
5.782023,3.447043,2023-01-01T01:36:50
5.782023,3.447043,2023-01-01T01:36:51
5.782023,3.447043,2023-01-01T01:36:52
5.782023,3.447043,2023-01-01T01:36:53
5.782023,3.447043,2023-01-01T01:36:54
5.782023,3.447043,2023-01-01T01:36:55
5.782023,3.447043,2023-01-01T01:36:56
5.782023,3.447043,2023-01-01T01:36:57
5.782023,3.447043,2023-01-01T01:36:58
5.782023,3.447043,2023-01-01T01:36:59
5.782023,3.335848,2023-01-01T01:37:00
5.782023,3.335848,2023-01-01T01:37:01
5.782023,3.335848,2023-01-01T01:37:02
5.670830,3.335848,2023-01-01T01:37:03
5.670830,3.335848,2023-01-01T01:37:04
5.670830,3.335848,2023-01-01T01:37:05
5.670830,3.335848,2023-01-01T01:37:06
5.670830,3.335848,2023-01-01T01:37:07
5.559638,3.335848,2023-01-01T01:37:08
5.559638,3.335848,2023-01-01T01:37:09
5.559638,3.335848,2023-01-01T01:37:10
5.559638,3.224653,2023-01-01T01:37:11
5.448445,3.224653,2023-01-01T01:37:12
5.448445,3.224653,2023-01-01T01:37:13
5.448445,3.224653,2023-01-01T01:37:14
5.337252,3.224653,2023-01-01T01:37:15
5.337252,3.224653,2023-01-01T01:37:16
5.337252,3.224653,2023-01-01T01:37:17
5.226059,3.224653,2023-01-01T01:37:18
5.226059,3.224653,2023-01-01T01:37:19
5.226059,3.224653,2023-01-01T01:37:20
5.114867,3.113458,2023-01-01T01:37:21
5.114867,3.113458,2023-01-01T01:37:22
5.114867,3.113458,2023-01-01T01:37:23
5.003674,3.113458,2023-01-01T01:37:24
5.003674,3.113458,2023-01-01T01:37:25
4.892481,3.113458,2023-01-01T01:37:26
4.892481,3.113458,2023-01-01T01:37:27
4.892481,3.113458,2023-01-01T01:37:28
4.781288,3.113458,2023-01-01T01:37:29
4.781288,3.113458,2023-01-01T01:37:30
4.781288,3.113458,2023-01-01T01:37:31
4.670096,3.002263,2023-01-01T01:37:32
4.670096,3.002263,2023-01-01T01:37:33
4.670096,3.002263,2023-01-01T01:37:34
4.558903,3.002263,2023-01-01T01:37:35
4.558903,3.002263,2023-01-01T01:37:36
4.558903,3.002263,2023-01-01T01:37:37
4.558903,3.002263,2023-01-01T01:37:38
4.447710,3.002263,2023-01-01T01:37:39
4.447710,3.002263,2023-01-01T01:37:40
4.447710,3.002263,2023-01-01T01:37:41
4.336517,3.002263,2023-01-01T01:37:42
4.336517,3.002263,2023-01-01T01:37:43
4.336517,3.002263,2023-01-01T01:37:44
4.447710,3.002263,2023-01-01T01:37:45
4.447710,3.002263,2023-01-01T01:37:46
4.447710,3.002263,2023-01-01T01:37:47
4.447710,3.002263,2023-01-01T01:37:48
4.558903,3.002263,2023-01-01T01:37:49
4.558903,3.002263,2023-01-01T01:37:50
4.558903,3.002263,2023-01-01T01:37:51
4.558903,3.113458,2023-01-01T01:37:52
4.670096,3.113458,2023-01-01T01:37:53
4.670096,3.113458,2023-01-01T01:37:54
4.670096,3.113458,2023-01-01T01:37:55
4.670096,3.113458,2023-01-01T01:37:56
4.670096,3.113458,2023-01-01T01:37:57
4.781288,3.113458,2023-01-01T01:37:58
4.781288,3.113458,2023-01-01T01:37:59
4.781288,3.113458,2023-01-01T01:38:00
4.781288,3.113458,2023-01-01T01:38:01
4.892481,3.113458,2023-01-01T01:38:02
4.892481,3.224653,2023-01-01T01:38:03
4.892481,3.224653,2023-01-01T01:38:04
4.892481,3.224653,2023-01-01T01:38:05
4.892481,3.224653,2023-01-01T01:38:06
5.003674,3.224653,2023-01-01T01:38:07
5.003674,3.224653,2023-01-01T01:38:08
5.003674,3.224653,2023-01-01T01:38:09
5.003674,3.224653,2023-01-01T01:38:10
5.114867,3.224653,2023-01-01T01:38:11
5.114867,3.224653,2023-01-01T01:38:12
5.114867,3.224653,2023-01-01T01:38:13
5.114867,3.224653,2023-01-01T01:38:14
5.114867,3.224653,2023-01-01T01:38:15
5.114867,3.224653,2023-01-01T01:38:16
5.114867,3.224653,2023-01-01T01:38:17
5.114867,3.224653,2023-01-01T01:38:18
5.226059,3.224653,2023-01-01T01:38:19
5.226059,3.224653,2023-01-01T01:38:20
5.226059,3.224653,2023-01-01T01:38:21
5.226059,3.224653,2023-01-01T01:38:22
5.226059,3.224653,2023-01-01T01:38:23
5.226059,3.224653,2023-01-01T01:38:24
5.226059,3.224653,2023-01-01T01:38:25
5.337252,3.224653,2023-01-01T01:38:26
5.337252,3.224653,2023-01-01T01:38:27
5.337252,3.224653,2023-01-01T01:38:28
5.337252,3.224653,2023-01-01T01:38:29
5.337252,3.224653,2023-01-01T01:38:30
5.448445,3.224653,2023-01-01T01:38:31
5.448445,3.224653,2023-01-01T01:38:32
5.448445,3.224653,2023-01-01T01:38:33
5.448445,3.224653,2023-01-01T01:38:34
5.559638,3.224653,2023-01-01T01:38:35
5.559638,3.224653,2023-01-01T01:38:36
5.559638,3.224653,2023-01-01T01:38:37
5.559638,3.224653,2023-01-01T01:38:38
5.670830,3.113458,2023-01-01T01:38:39
5.670830,3.113458,2023-01-01T01:38:40
5.670830,3.113458,2023-01-01T01:38:41
5.670830,3.113458,2023-01-01T01:38:42
5.670830,3.113458,2023-01-01T01:38:43
5.670830,3.113458,2023-01-01T01:38:44
5.670830,3.113458,2023-01-01T01:38:45
5.670830,3.113458,2023-01-01T01:38:46
5.670830,3.113458,2023-01-01T01:38:47
5.670830,3.113458,2023-01-01T01:38:48
5.670830,3.113458,2023-01-01T01:38:49
5.670830,3.113458,2023-01-01T01:38:50
5.670830,3.113458,2023-01-01T01:38:51
5.782023,3.113458,2023-01-01T01:38:52
5.782023,3.113458,2023-01-01T01:38:53
5.782023,3.113458,2023-01-01T01:38:54
5.782023,3.113458,2023-01-01T01:38:55
5.782023,3.113458,2023-01-01T01:38:56
5.782023,3.113458,2023-01-01T01:38:57
5.782023,3.113458,2023-01-01T01:38:58
5.782023,3.113458,2023-01-01T01:38:59
5.782023,3.113458,2023-01-01T01:39:00
5.893216,3.113458,2023-01-01T01:39:01
5.893216,3.113458,2023-01-01T01:39:02
5.893216,3.113458,2023-01-01T01:39:03
5.893216,3.113458,2023-01-01T01:39:04
5.893216,3.113458,2023-01-01T01:39:05
5.893216,3.113458,2023-01-01T01:39:06
6.004409,3.113458,2023-01-01T01:39:07
6.004409,3.113458,2023-01-01T01:39:08
6.004409,3.113458,2023-01-01T01:39:09
6.004409,3.113458,2023-01-01T01:39:10
6.004409,3.113458,2023-01-01T01:39:11
6.004409,3.113458,2023-01-01T01:39:12
6.115601,3.113458,2023-01-01T01:39:13
6.115601,3.113458,2023-01-01T01:39:14
6.115601,3.113458,2023-01-01T01:39:15
6.115601,3.113458,2023-01-01T01:39:16
6.115601,3.113458,2023-01-01T01:39:17
6.115601,3.113458,2023-01-01T01:39:18
6.115601,3.113458,2023-01-01T01:39:19
6.115601,3.113458,2023-01-01T01:39:20
6.115601,3.113458,2023-01-01T01:39:21
6.226794,3.113458,2023-01-01T01:39:22
6.226794,3.113458,2023-01-01T01:39:23
6.226794,3.113458,2023-01-01T01:39:24
6.226794,3.224653,2023-01-01T01:39:25
6.226794,3.224653,2023-01-01T01:39:26
6.226794,3.224653,2023-01-01T01:39:27
6.226794,3.224653,2023-01-01T01:39:28
6.226794,3.224653,2023-01-01T01:39:29
6.226794,3.224653,2023-01-01T01:39:30
6.337987,3.224653,2023-01-01T01:39:31
6.337987,3.224653,2023-01-01T01:39:32
6.337987,3.224653,2023-01-01T01:39:33
6.337987,3.224653,2023-01-01T01:39:34
6.337987,3.224653,2023-01-01T01:39:35
6.337987,3.224653,2023-01-01T01:39:36
6.337987,3.224653,2023-01-01T01:39:37
6.337987,3.335848,2023-01-01T01:39:38
6.337987,3.335848,2023-01-01T01:39:39
6.337987,3.335848,2023-01-01T01:39:40
6.449180,3.335848,2023-01-01T01:39:41
6.449180,3.335848,2023-01-01T01:39:42
6.449180,3.335848,2023-01-01T01:39:43
6.449180,3.335848,2023-01-01T01:39:44
6.449180,3.335848,2023-01-01T01:39:45
6.449180,3.335848,2023-01-01T01:39:46
6.449180,3.335848,2023-01-01T01:39:47
6.449180,3.447043,2023-01-01T01:39:48
6.449180,3.447043,2023-01-01T01:39:49
6.449180,3.447043,2023-01-01T01:39:50
6.449180,3.447043,2023-01-01T01:39:51
6.449180,3.447043,2023-01-01T01:39:52
6.449180,3.447043,2023-01-01T01:39:53
6.449180,3.447043,2023-01-01T01:39:54
6.449180,3.447043,2023-01-01T01:39:55
6.449180,3.447043,2023-01-01T01:39:56
6.449180,3.447043,2023-01-01T01:39:57
6.449180,3.558238,2023-01-01T01:39:58
6.449180,3.558238,2023-01-01T01:39:59
6.449180,3.558238,2023-01-01T01:40:00
6.449180,3.558238,2023-01-01T01:40:01
6.560372,3.558238,2023-01-01T01:40:02
6.560372,3.558238,2023-01-01T01:40:03
6.560372,3.558238,2023-01-01T01:40:04
6.560372,3.558238,2023-01-01T01:40:05
6.560372,3.558238,2023-01-01T01:40:06
6.560372,3.558238,2023-01-01T01:40:07
6.560372,3.558238,2023-01-01T01:40:08
6.560372,3.669433,2023-01-01T01:40:09
6.560372,3.669433,2023-01-01T01:40:10
6.560372,3.669433,2023-01-01T01:40:11
6.560372,3.669433,2023-01-01T01:40:12
6.560372,3.669433,2023-01-01T01:40:13
6.560372,3.669433,2023-01-01T01:40:14
6.671565,3.669433,2023-01-01T01:40:15
6.671565,3.780628,2023-01-01T01:40:16
6.671565,3.780628,2023-01-01T01:40:17
6.671565,3.780628,2023-01-01T01:40:18
6.671565,3.780628,2023-01-01T01:40:19
6.671565,3.780628,2023-01-01T01:40:20
6.671565,3.780628,2023-01-01T01:40:21
6.671565,3.780628,2023-01-01T01:40:22
6.671565,3.891822,2023-01-01T01:40:23
6.782758,3.891822,2023-01-01T01:40:24
6.782758,3.891822,2023-01-01T01:40:25
6.782758,3.891822,2023-01-01T01:40:26
6.782758,3.891822,2023-01-01T01:40:27
6.782758,3.891822,2023-01-01T01:40:28
6.782758,3.891822,2023-01-01T01:40:29
6.782758,3.891822,2023-01-01T01:40:30
6.782758,4.003017,2023-01-01T01:40:31
6.893951,4.003017,2023-01-01T01:40:32
6.893951,4.003017,2023-01-01T01:40:33
6.893951,4.003017,2023-01-01T01:40:34
6.893951,4.003017,2023-01-01T01:40:35
6.893951,4.003017,2023-01-01T01:40:36
6.893951,4.003017,2023-01-01T01:40:37
6.893951,4.114212,2023-01-01T01:40:38
7.005143,4.114212,2023-01-01T01:40:39
7.005143,4.114212,2023-01-01T01:40:40
7.005143,4.114212,2023-01-01T01:40:41
7.005143,4.114212,2023-01-01T01:40:42
7.005143,4.114212,2023-01-01T01:40:43
7.005143,4.114212,2023-01-01T01:40:44
7.005143,4.225407,2023-01-01T01:40:45
7.005143,4.225407,2023-01-01T01:40:46
7.005143,4.225407,2023-01-01T01:40:47
7.005143,4.225407,2023-01-01T01:40:48
7.005143,4.225407,2023-01-01T01:40:49
7.005143,4.225407,2023-01-01T01:40:50
7.005143,4.225407,2023-01-01T01:40:51
7.005143,4.336602,2023-01-01T01:40:52
7.005143,4.336602,2023-01-01T01:40:53
7.005143,4.336602,2023-01-01T01:40:54
7.005143,4.336602,2023-01-01T01:40:55
7.005143,4.336602,2023-01-01T01:40:56
7.116336,4.447797,2023-01-01T01:40:57
7.116336,4.447797,2023-01-01T01:40:58
7.116336,4.447797,2023-01-01T01:40:59
7.116336,4.447797,2023-01-01T01:41:00
7.116336,4.447797,2023-01-01T01:41:01
7.116336,4.447797,2023-01-01T01:41:02
7.116336,4.558992,2023-01-01T01:41:03
7.116336,4.558992,2023-01-01T01:41:04
7.116336,4.558992,2023-01-01T01:41:05
7.116336,4.558992,2023-01-01T01:41:06
7.116336,4.558992,2023-01-01T01:41:07
7.116336,4.670187,2023-01-01T01:41:08
7.116336,4.670187,2023-01-01T01:41:09
7.116336,4.670187,2023-01-01T01:41:10
7.116336,4.670187,2023-01-01T01:41:11
7.227529,4.670187,2023-01-01T01:41:12
7.227529,4.781382,2023-01-01T01:41:13
7.227529,4.781382,2023-01-01T01:41:14
7.227529,4.781382,2023-01-01T01:41:15
7.227529,4.781382,2023-01-01T01:41:16
7.227529,4.892577,2023-01-01T01:41:17
7.227529,4.892577,2023-01-01T01:41:18
7.227529,4.892577,2023-01-01T01:41:19
7.227529,4.892577,2023-01-01T01:41:20
7.227529,4.892577,2023-01-01T01:41:21
7.227529,5.003772,2023-01-01T01:41:22
7.338722,5.003772,2023-01-01T01:41:23
7.338722,5.003772,2023-01-01T01:41:24
7.338722,5.003772,2023-01-01T01:41:25
7.338722,5.003772,2023-01-01T01:41:26
7.338722,5.114967,2023-01-01T01:41:27
7.338722,5.114967,2023-01-01T01:41:28
7.338722,5.114967,2023-01-01T01:41:29
7.338722,5.114967,2023-01-01T01:41:30
7.338722,5.226162,2023-01-01T01:41:31
7.338722,5.226162,2023-01-01T01:41:32
7.338722,5.226162,2023-01-01T01:41:33
7.449914,5.226162,2023-01-01T01:41:34
7.449914,5.337356,2023-01-01T01:41:35
7.449914,5.337356,2023-01-01T01:41:36
7.449914,5.337356,2023-01-01T01:41:37
7.449914,5.337356,2023-01-01T01:41:38
7.449914,5.448551,2023-01-01T01:41:39
7.449914,5.448551,2023-01-01T01:41:40
7.449914,5.448551,2023-01-01T01:41:41
7.449914,5.559746,2023-01-01T01:41:42
7.449914,5.559746,2023-01-01T01:41:43
7.449914,5.559746,2023-01-01T01:41:44
7.561107,5.559746,2023-01-01T01:41:45
7.561107,5.670941,2023-01-01T01:41:46
7.561107,5.670941,2023-01-01T01:41:47
7.561107,5.670941,2023-01-01T01:41:48
7.561107,5.670941,2023-01-01T01:41:49
7.561107,5.782136,2023-01-01T01:41:50
7.561107,5.782136,2023-01-01T01:41:51
7.561107,5.782136,2023-01-01T01:41:52
7.561107,5.782136,2023-01-01T01:41:53
7.672300,5.893331,2023-01-01T01:41:54
7.672300,5.893331,2023-01-01T01:41:55
7.672300,5.893331,2023-01-01T01:41:56
7.672300,5.893331,2023-01-01T01:41:57
7.672300,6.004526,2023-01-01T01:41:58
7.672300,6.004526,2023-01-01T01:41:59
7.672300,6.004526,2023-01-01T01:42:00
7.672300,6.115721,2023-01-01T01:42:01
7.672300,6.115721,2023-01-01T01:42:02
7.783493,6.115721,2023-01-01T01:42:03
7.783493,6.115721,2023-01-01T01:42:04
7.783493,6.226916,2023-01-01T01:42:05
7.783493,6.226916,2023-01-01T01:42:06
7.783493,6.226916,2023-01-01T01:42:07
7.783493,6.226916,2023-01-01T01:42:08
7.783493,6.338111,2023-01-01T01:42:09
7.783493,6.338111,2023-01-01T01:42:10
7.783493,6.338111,2023-01-01T01:42:11
7.783493,6.338111,2023-01-01T01:42:12
7.783493,6.449306,2023-01-01T01:42:13
7.894685,6.449306,2023-01-01T01:42:14
7.894685,6.449306,2023-01-01T01:42:15
7.894685,6.560501,2023-01-01T01:42:16
7.894685,6.560501,2023-01-01T01:42:17
7.894685,6.560501,2023-01-01T01:42:18
7.894685,6.560501,2023-01-01T01:42:19
7.894685,6.671696,2023-01-01T01:42:20
7.894685,6.671696,2023-01-01T01:42:21
7.894685,6.671696,2023-01-01T01:42:22
7.894685,6.671696,2023-01-01T01:42:23
7.894685,6.782891,2023-01-01T01:42:24
7.894685,6.782891,2023-01-01T01:42:25
8.005878,6.782891,2023-01-01T01:42:26
8.005878,6.782891,2023-01-01T01:42:27
8.005878,6.894085,2023-01-01T01:42:28
8.005878,6.894085,2023-01-01T01:42:29
8.005878,6.894085,2023-01-01T01:42:30
8.005878,7.005280,2023-01-01T01:42:31
8.005878,7.005280,2023-01-01T01:42:32
8.005878,7.005280,2023-01-01T01:42:33
8.005878,7.116475,2023-01-01T01:42:34
8.005878,7.116475,2023-01-01T01:42:35
8.005878,7.116475,2023-01-01T01:42:36
8.005878,7.116475,2023-01-01T01:42:37
8.117071,7.227670,2023-01-01T01:42:38
8.117071,7.227670,2023-01-01T01:42:39
8.117071,7.227670,2023-01-01T01:42:40
8.117071,7.338865,2023-01-01T01:42:41
8.117071,7.338865,2023-01-01T01:42:42
8.117071,7.338865,2023-01-01T01:42:43
8.117071,7.338865,2023-01-01T01:42:44
8.117071,7.450060,2023-01-01T01:42:45
8.117071,7.450060,2023-01-01T01:42:46
8.117071,7.450060,2023-01-01T01:42:47
8.117071,7.561255,2023-01-01T01:42:48
8.117071,7.561255,2023-01-01T01:42:49
8.117071,7.561255,2023-01-01T01:42:50
8.117071,7.672450,2023-01-01T01:42:51
8.117071,7.672450,2023-01-01T01:42:52
8.117071,7.672450,2023-01-01T01:42:53
8.117071,7.672450,2023-01-01T01:42:54
8.117071,7.783645,2023-01-01T01:42:55
8.228264,7.783645,2023-01-01T01:42:56
8.228264,7.783645,2023-01-01T01:42:57
8.228264,7.894840,2023-01-01T01:42:58
8.228264,7.894840,2023-01-01T01:42:59
8.228264,7.894840,2023-01-01T01:43:00
8.228264,7.894840,2023-01-01T01:43:01
8.228264,8.006035,2023-01-01T01:43:02
8.228264,8.006035,2023-01-01T01:43:03
8.228264,8.006035,2023-01-01T01:43:04
8.228264,8.117230,2023-01-01T01:43:05
8.228264,8.117230,2023-01-01T01:43:06
8.228264,8.117230,2023-01-01T01:43:07
8.228264,8.117230,2023-01-01T01:43:08
8.228264,8.228425,2023-01-01T01:43:09
8.228264,8.228425,2023-01-01T01:43:10
8.228264,8.228425,2023-01-01T01:43:11
8.228264,8.339619,2023-01-01T01:43:12
8.228264,8.339619,2023-01-01T01:43:13
8.228264,8.339619,2023-01-01T01:43:14
8.228264,8.450814,2023-01-01T01:43:15
8.228264,8.450814,2023-01-01T01:43:16
8.228264,8.450814,2023-01-01T01:43:17
8.228264,8.562009,2023-01-01T01:43:18
8.228264,8.562009,2023-01-01T01:43:19
8.339456,8.562009,2023-01-01T01:43:20
8.339456,8.562009,2023-01-01T01:43:21
8.339456,8.673204,2023-01-01T01:43:22
8.339456,8.673204,2023-01-01T01:43:23
8.339456,8.673204,2023-01-01T01:43:24
8.339456,8.784399,2023-01-01T01:43:25
8.339456,8.784399,2023-01-01T01:43:26
8.339456,8.784399,2023-01-01T01:43:27
8.339456,8.895594,2023-01-01T01:43:28
8.339456,8.895594,2023-01-01T01:43:29
8.339456,8.895594,2023-01-01T01:43:30
8.339456,8.895594,2023-01-01T01:43:31
8.339456,9.006789,2023-01-01T01:43:32
8.339456,9.006789,2023-01-01T01:43:33
8.339456,9.006789,2023-01-01T01:43:34
8.339456,9.117984,2023-01-01T01:43:35
8.339456,9.117984,2023-01-01T01:43:36
8.339456,9.117984,2023-01-01T01:43:37
8.339456,9.117984,2023-01-01T01:43:38
8.339456,9.229179,2023-01-01T01:43:39
8.450649,9.229179,2023-01-01T01:43:40
8.450649,9.229179,2023-01-01T01:43:41
8.450649,9.229179,2023-01-01T01:43:42
8.450649,9.340374,2023-01-01T01:43:43
8.450649,9.340374,2023-01-01T01:43:44
8.450649,9.340374,2023-01-01T01:43:45
8.450649,9.451569,2023-01-01T01:43:46
8.450649,9.451569,2023-01-01T01:43:47
8.450649,9.451569,2023-01-01T01:43:48
8.450649,9.562764,2023-01-01T01:43:49
8.561842,9.562764,2023-01-01T01:43:50
8.561842,9.562764,2023-01-01T01:43:51
8.561842,9.562764,2023-01-01T01:43:52
8.561842,9.673959,2023-01-01T01:43:53
8.561842,9.673959,2023-01-01T01:43:54
8.561842,9.673959,2023-01-01T01:43:55
8.561842,9.673959,2023-01-01T01:43:56
8.561842,9.785154,2023-01-01T01:43:57
8.561842,9.785154,2023-01-01T01:43:58
8.673035,9.785154,2023-01-01T01:43:59
8.673035,9.785154,2023-01-01T01:44:00
8.673035,9.896348,2023-01-01T01:44:01
8.673035,9.896348,2023-01-01T01:44:02
8.673035,9.896348,2023-01-01T01:44:03
8.673035,10.007543,2023-01-01T01:44:04
8.673035,10.007543,2023-01-01T01:44:05
8.673035,10.007543,2023-01-01T01:44:06
8.784227,10.007543,2023-01-01T01:44:07
8.784227,10.118738,2023-01-01T01:44:08
8.784227,10.118738,2023-01-01T01:44:09
8.784227,10.118738,2023-01-01T01:44:10
8.784227,10.118738,2023-01-01T01:44:11
8.784227,10.229933,2023-01-01T01:44:12
8.784227,10.229933,2023-01-01T01:44:13
8.784227,10.229933,2023-01-01T01:44:14
8.895420,10.229933,2023-01-01T01:44:15
8.895420,10.341128,2023-01-01T01:44:16
8.895420,10.341128,2023-01-01T01:44:17
8.895420,10.341128,2023-01-01T01:44:18
8.895420,10.341128,2023-01-01T01:44:19
8.895420,10.341128,2023-01-01T01:44:20
8.895420,10.452323,2023-01-01T01:44:21
8.895420,10.452323,2023-01-01T01:44:22
9.006613,10.452323,2023-01-01T01:44:23
9.006613,10.452323,2023-01-01T01:44:24
9.006613,10.563518,2023-01-01T01:44:25
9.006613,10.563518,2023-01-01T01:44:26
9.006613,10.563518,2023-01-01T01:44:27
9.006613,10.563518,2023-01-01T01:44:28
9.006613,10.563518,2023-01-01T01:44:29
9.006613,10.674713,2023-01-01T01:44:30
9.117806,10.674713,2023-01-01T01:44:31
9.117806,10.674713,2023-01-01T01:44:32
9.117806,10.674713,2023-01-01T01:44:33
9.117806,10.674713,2023-01-01T01:44:34
9.117806,10.785908,2023-01-01T01:44:35
9.117806,10.785908,2023-01-01T01:44:36
9.228998,10.785908,2023-01-01T01:44:37
9.228998,10.785908,2023-01-01T01:44:38
9.228998,10.785908,2023-01-01T01:44:39
9.228998,10.785908,2023-01-01T01:44:40
9.228998,10.897103,2023-01-01T01:44:41
9.228998,10.897103,2023-01-01T01:44:42
9.340191,10.897103,2023-01-01T01:44:43
9.340191,10.897103,2023-01-01T01:44:44
9.340191,10.897103,2023-01-01T01:44:45
9.340191,11.008298,2023-01-01T01:44:46
9.340191,11.008298,2023-01-01T01:44:47
9.340191,11.008298,2023-01-01T01:44:48
9.451384,11.008298,2023-01-01T01:44:49
9.451384,11.119493,2023-01-01T01:44:50
9.451384,11.119493,2023-01-01T01:44:51
9.451384,11.119493,2023-01-01T01:44:52
9.451384,11.119493,2023-01-01T01:44:53
9.451384,11.119493,2023-01-01T01:44:54
9.562577,11.119493,2023-01-01T01:44:55
9.562577,11.230688,2023-01-01T01:44:56
9.562577,11.230688,2023-01-01T01:44:57
9.562577,11.230688,2023-01-01T01:44:58
9.562577,11.230688,2023-01-01T01:44:59
9.673769,11.230688,2023-01-01T01:45:00
9.673769,11.341883,2023-01-01T01:45:01
9.673769,11.341883,2023-01-01T01:45:02
9.673769,11.341883,2023-01-01T01:45:03
9.673769,11.341883,2023-01-01T01:45:04
9.784962,11.341883,2023-01-01T01:45:05
9.784962,11.341883,2023-01-01T01:45:06
9.784962,11.453077,2023-01-01T01:45:07
9.784962,11.453077,2023-01-01T01:45:08
9.784962,11.453077,2023-01-01T01:45:09
9.896155,11.453077,2023-01-01T01:45:10
9.896155,11.453077,2023-01-01T01:45:11
9.896155,11.453077,2023-01-01T01:45:12
9.896155,11.564272,2023-01-01T01:45:13
9.896155,11.564272,2023-01-01T01:45:14
10.007348,11.564272,2023-01-01T01:45:15
10.007348,11.564272,2023-01-01T01:45:16
10.007348,11.564272,2023-01-01T01:45:17
10.007348,11.675467,2023-01-01T01:45:18
10.007348,11.675467,2023-01-01T01:45:19
10.118540,11.675467,2023-01-01T01:45:20
10.118540,11.675467,2023-01-01T01:45:21
10.118540,11.675467,2023-01-01T01:45:22
10.118540,11.675467,2023-01-01T01:45:23
10.118540,11.786662,2023-01-01T01:45:24
10.229733,11.786662,2023-01-01T01:45:25
10.229733,11.786662,2023-01-01T01:45:26
10.229733,11.786662,2023-01-01T01:45:27
10.229733,11.786662,2023-01-01T01:45:28
10.340926,11.897857,2023-01-01T01:45:29
10.340926,11.897857,2023-01-01T01:45:30
10.340926,11.897857,2023-01-01T01:45:31
10.340926,11.897857,2023-01-01T01:45:32
10.340926,11.897857,2023-01-01T01:45:33
10.452119,11.897857,2023-01-01T01:45:34
10.452119,11.897857,2023-01-01T01:45:35
10.452119,12.009052,2023-01-01T01:45:36
10.452119,12.009052,2023-01-01T01:45:37
10.563311,12.009052,2023-01-01T01:45:38
10.563311,12.009052,2023-01-01T01:45:39
10.563311,12.009052,2023-01-01T01:45:40
10.674504,12.009052,2023-01-01T01:45:41
10.674504,12.009052,2023-01-01T01:45:42
10.674504,12.120247,2023-01-01T01:45:43
10.674504,12.120247,2023-01-01T01:45:44
10.674504,12.120247,2023-01-01T01:45:45
10.785697,12.120247,2023-01-01T01:45:46
10.785697,12.120247,2023-01-01T01:45:47
10.785697,12.120247,2023-01-01T01:45:48
10.785697,12.120247,2023-01-01T01:45:49
10.896890,12.120247,2023-01-01T01:45:50
10.896890,12.231442,2023-01-01T01:45:51
10.896890,12.231442,2023-01-01T01:45:52
11.008082,12.231442,2023-01-01T01:45:53
11.008082,12.231442,2023-01-01T01:45:54
11.008082,12.231442,2023-01-01T01:45:55
11.008082,12.231442,2023-01-01T01:45:56
11.119275,12.231442,2023-01-01T01:45:57
11.119275,12.231442,2023-01-01T01:45:58
11.119275,12.231442,2023-01-01T01:45:59
11.230468,12.231442,2023-01-01T01:46:00
11.230468,12.231442,2023-01-01T01:46:01
11.341661,12.342637,2023-01-01T01:46:02
11.341661,12.342637,2023-01-01T01:46:03
11.341661,12.342637,2023-01-01T01:46:04
11.452853,12.342637,2023-01-01T01:46:05
11.452853,12.342637,2023-01-01T01:46:06
11.452853,12.342637,2023-01-01T01:46:07
11.452853,12.342637,2023-01-01T01:46:08
11.564046,12.453832,2023-01-01T01:46:09
11.564046,12.453832,2023-01-01T01:46:10
11.564046,12.453832,2023-01-01T01:46:11
11.675239,12.453832,2023-01-01T01:46:12
11.564046,12.453832,2023-01-01T01:46:13
11.564046,12.453832,2023-01-01T01:46:14
11.564046,12.453832,2023-01-01T01:46:15
11.452853,12.453832,2023-01-01T01:46:16
11.452853,12.565027,2023-01-01T01:46:17
11.452853,12.565027,2023-01-01T01:46:18
11.452853,12.565027,2023-01-01T01:46:19
11.341661,12.565027,2023-01-01T01:46:20
11.341661,12.565027,2023-01-01T01:46:21
11.341661,12.565027,2023-01-01T01:46:22
11.341661,12.676222,2023-01-01T01:46:23
11.230468,12.676222,2023-01-01T01:46:24
11.230468,12.676222,2023-01-01T01:46:25
11.230468,12.676222,2023-01-01T01:46:26
11.230468,12.676222,2023-01-01T01:46:27
11.230468,12.676222,2023-01-01T01:46:28
11.230468,12.676222,2023-01-01T01:46:29
11.119275,12.787417,2023-01-01T01:46:30
11.119275,12.787417,2023-01-01T01:46:31
11.119275,12.787417,2023-01-01T01:46:32
11.119275,12.787417,2023-01-01T01:46:33
11.119275,12.787417,2023-01-01T01:46:34
11.008082,12.787417,2023-01-01T01:46:35
11.008082,12.787417,2023-01-01T01:46:36
11.008082,12.898611,2023-01-01T01:46:37
11.008082,12.898611,2023-01-01T01:46:38
11.008082,12.898611,2023-01-01T01:46:39
10.896890,12.898611,2023-01-01T01:46:40
10.896890,13.009806,2023-01-01T01:46:41
10.896890,13.009806,2023-01-01T01:46:42
10.896890,13.009806,2023-01-01T01:46:43
10.896890,13.009806,2023-01-01T01:46:44
10.896890,13.121001,2023-01-01T01:46:45
11.008082,13.121001,2023-01-01T01:46:46
11.008082,13.121001,2023-01-01T01:46:47
11.008082,13.121001,2023-01-01T01:46:48
11.008082,13.232196,2023-01-01T01:46:49
11.008082,13.232196,2023-01-01T01:46:50
11.008082,13.232196,2023-01-01T01:46:51
11.008082,13.232196,2023-01-01T01:46:52
11.008082,13.232196,2023-01-01T01:46:53
11.119275,13.343391,2023-01-01T01:46:54
11.119275,13.343391,2023-01-01T01:46:55
11.119275,13.343391,2023-01-01T01:46:56
11.119275,13.343391,2023-01-01T01:46:57
11.119275,13.343391,2023-01-01T01:46:58
11.119275,13.343391,2023-01-01T01:46:59
11.119275,13.454586,2023-01-01T01:47:00
11.230468,13.454586,2023-01-01T01:47:01
11.230468,13.454586,2023-01-01T01:47:02
11.230468,13.454586,2023-01-01T01:47:03
11.230468,13.454586,2023-01-01T01:47:04
11.230468,13.454586,2023-01-01T01:47:05
11.230468,13.565781,2023-01-01T01:47:06
11.341661,13.565781,2023-01-01T01:47:07
11.341661,13.565781,2023-01-01T01:47:08
11.341661,13.565781,2023-01-01T01:47:09
11.341661,13.565781,2023-01-01T01:47:10
11.341661,13.565781,2023-01-01T01:47:11
11.341661,13.565781,2023-01-01T01:47:12
11.452853,13.565781,2023-01-01T01:47:13
11.452853,13.565781,2023-01-01T01:47:14
11.564046,13.565781,2023-01-01T01:47:15
11.564046,13.565781,2023-01-01T01:47:16
11.675239,13.565781,2023-01-01T01:47:17
11.675239,13.565781,2023-01-01T01:47:18
11.786432,13.565781,2023-01-01T01:47:19
11.786432,13.565781,2023-01-01T01:47:20
11.897624,13.565781,2023-01-01T01:47:21
11.897624,13.565781,2023-01-01T01:47:22
11.897624,13.565781,2023-01-01T01:47:23
12.008817,13.565781,2023-01-01T01:47:24
12.008817,13.565781,2023-01-01T01:47:25
12.120010,13.454586,2023-01-01T01:47:26
12.120010,13.454586,2023-01-01T01:47:27
12.231203,13.454586,2023-01-01T01:47:28
12.231203,13.454586,2023-01-01T01:47:29
12.231203,13.454586,2023-01-01T01:47:30
12.342395,13.454586,2023-01-01T01:47:31
12.342395,13.454586,2023-01-01T01:47:32
12.453588,13.454586,2023-01-01T01:47:33
12.453588,13.454586,2023-01-01T01:47:34
12.564781,13.343391,2023-01-01T01:47:35
12.564781,13.343391,2023-01-01T01:47:36
12.564781,13.343391,2023-01-01T01:47:37
12.675974,13.343391,2023-01-01T01:47:38
12.675974,13.343391,2023-01-01T01:47:39
12.675974,13.343391,2023-01-01T01:47:40
12.787166,13.343391,2023-01-01T01:47:41
12.787166,13.343391,2023-01-01T01:47:42
12.898359,13.343391,2023-01-01T01:47:43
12.898359,13.343391,2023-01-01T01:47:44
12.898359,13.343391,2023-01-01T01:47:45
13.009552,13.343391,2023-01-01T01:47:46
13.009552,13.343391,2023-01-01T01:47:47
13.120745,13.343391,2023-01-01T01:47:48
13.120745,13.232196,2023-01-01T01:47:49
13.120745,13.232196,2023-01-01T01:47:50
13.231937,13.232196,2023-01-01T01:47:51
13.231937,13.232196,2023-01-01T01:47:52
13.343130,13.232196,2023-01-01T01:47:53
13.343130,13.232196,2023-01-01T01:47:54
13.343130,13.232196,2023-01-01T01:47:55
13.454323,13.232196,2023-01-01T01:47:56
13.454323,13.232196,2023-01-01T01:47:57
13.565516,13.232196,2023-01-01T01:47:58
13.565516,13.232196,2023-01-01T01:47:59
13.565516,13.121001,2023-01-01T01:48:00
13.676708,13.121001,2023-01-01T01:48:01
13.676708,13.121001,2023-01-01T01:48:02
13.676708,13.121001,2023-01-01T01:48:03
13.787901,13.121001,2023-01-01T01:48:04
13.787901,13.121001,2023-01-01T01:48:05
13.787901,13.121001,2023-01-01T01:48:06
13.899094,13.121001,2023-01-01T01:48:07
13.899094,13.121001,2023-01-01T01:48:08
14.010287,13.121001,2023-01-01T01:48:09
14.010287,13.009806,2023-01-01T01:48:10
14.010287,13.009806,2023-01-01T01:48:11
14.121479,13.009806,2023-01-01T01:48:12
14.121479,13.009806,2023-01-01T01:48:13
14.121479,13.009806,2023-01-01T01:48:14
14.232672,13.009806,2023-01-01T01:48:15
14.232672,13.009806,2023-01-01T01:48:16
14.343865,13.009806,2023-01-01T01:48:17
14.343865,13.009806,2023-01-01T01:48:18
14.343865,13.009806,2023-01-01T01:48:19
14.455058,13.009806,2023-01-01T01:48:20
14.455058,13.009806,2023-01-01T01:48:21
14.566250,12.898611,2023-01-01T01:48:22
14.566250,12.898611,2023-01-01T01:48:23
14.566250,12.898611,2023-01-01T01:48:24
14.677443,12.898611,2023-01-01T01:48:25
14.677443,12.898611,2023-01-01T01:48:26
14.677443,12.898611,2023-01-01T01:48:27
14.788636,12.898611,2023-01-01T01:48:28
14.788636,12.898611,2023-01-01T01:48:29
14.899829,12.898611,2023-01-01T01:48:30
14.899829,12.898611,2023-01-01T01:48:31
14.899829,12.898611,2023-01-01T01:48:32
15.011021,12.898611,2023-01-01T01:48:33
15.011021,12.787417,2023-01-01T01:48:34
15.011021,12.787417,2023-01-01T01:48:35
15.122214,12.787417,2023-01-01T01:48:36
15.122214,12.787417,2023-01-01T01:48:37
15.122214,12.787417,2023-01-01T01:48:38
15.233407,12.787417,2023-01-01T01:48:39
15.233407,12.787417,2023-01-01T01:48:40
15.233407,12.787417,2023-01-01T01:48:41
15.344600,12.787417,2023-01-01T01:48:42
15.344600,12.787417,2023-01-01T01:48:43
15.344600,12.787417,2023-01-01T01:48:44
15.344600,12.787417,2023-01-01T01:48:45
15.455792,12.676222,2023-01-01T01:48:46
15.455792,12.676222,2023-01-01T01:48:47
15.455792,12.676222,2023-01-01T01:48:48
15.566985,12.676222,2023-01-01T01:48:49
15.566985,12.676222,2023-01-01T01:48:50
15.566985,12.676222,2023-01-01T01:48:51
15.566985,12.676222,2023-01-01T01:48:52
15.678178,12.676222,2023-01-01T01:48:53
15.678178,12.676222,2023-01-01T01:48:54
15.678178,12.676222,2023-01-01T01:48:55
15.678178,12.676222,2023-01-01T01:48:56
15.678178,12.676222,2023-01-01T01:48:57
15.789371,12.676222,2023-01-01T01:48:58
15.789371,12.676222,2023-01-01T01:48:59
15.789371,12.676222,2023-01-01T01:49:00
15.789371,12.676222,2023-01-01T01:49:01
15.900563,12.676222,2023-01-01T01:49:02
15.900563,12.676222,2023-01-01T01:49:03
15.900563,12.676222,2023-01-01T01:49:04
15.900563,12.676222,2023-01-01T01:49:05
15.900563,12.565027,2023-01-01T01:49:06
15.900563,12.565027,2023-01-01T01:49:07
16.011756,12.565027,2023-01-01T01:49:08
16.011756,12.565027,2023-01-01T01:49:09
16.011756,12.565027,2023-01-01T01:49:10
16.011756,12.565027,2023-01-01T01:49:11
16.011756,12.565027,2023-01-01T01:49:12
16.011756,12.565027,2023-01-01T01:49:13
16.011756,12.565027,2023-01-01T01:49:14
16.011756,12.565027,2023-01-01T01:49:15
16.011756,12.565027,2023-01-01T01:49:16
16.122949,12.565027,2023-01-01T01:49:17
16.122949,12.565027,2023-01-01T01:49:18
16.122949,12.565027,2023-01-01T01:49:19
16.122949,12.565027,2023-01-01T01:49:20
16.122949,12.565027,2023-01-01T01:49:21
16.122949,12.565027,2023-01-01T01:49:22
16.122949,12.565027,2023-01-01T01:49:23
16.122949,12.565027,2023-01-01T01:49:24
16.122949,12.565027,2023-01-01T01:49:25
16.122949,12.565027,2023-01-01T01:49:26
16.122949,12.565027,2023-01-01T01:49:27
16.122949,12.565027,2023-01-01T01:49:28
16.122949,12.565027,2023-01-01T01:49:29
16.122949,12.565027,2023-01-01T01:49:30
16.122949,12.565027,2023-01-01T01:49:31
16.122949,12.565027,2023-01-01T01:49:32
16.122949,12.565027,2023-01-01T01:49:33
16.122949,12.565027,2023-01-01T01:49:34
16.122949,12.565027,2023-01-01T01:49:35
16.122949,12.565027,2023-01-01T01:49:36
16.122949,12.565027,2023-01-01T01:49:37
16.122949,12.565027,2023-01-01T01:49:38
16.122949,12.565027,2023-01-01T01:49:39
16.122949,12.565027,2023-01-01T01:49:40
16.122949,12.565027,2023-01-01T01:49:41
16.122949,12.565027,2023-01-01T01:49:42
16.122949,12.565027,2023-01-01T01:49:43
16.122949,12.565027,2023-01-01T01:49:44
16.234142,12.565027,2023-01-01T01:49:45
16.234142,12.565027,2023-01-01T01:49:46
16.234142,12.565027,2023-01-01T01:49:47
16.234142,12.565027,2023-01-01T01:49:48
16.234142,12.453832,2023-01-01T01:49:49
16.345334,12.453832,2023-01-01T01:49:50
16.345334,12.453832,2023-01-01T01:49:51
16.345334,12.453832,2023-01-01T01:49:52
16.345334,12.453832,2023-01-01T01:49:53
16.345334,12.453832,2023-01-01T01:49:54
16.345334,12.453832,2023-01-01T01:49:55
16.456527,12.453832,2023-01-01T01:49:56
16.456527,12.453832,2023-01-01T01:49:57
16.456527,12.453832,2023-01-01T01:49:58
16.456527,12.453832,2023-01-01T01:49:59
16.456527,12.342637,2023-01-01T01:50:00
16.456527,12.342637,2023-01-01T01:50:01
16.456527,12.342637,2023-01-01T01:50:02
16.456527,12.342637,2023-01-01T01:50:03
16.456527,12.342637,2023-01-01T01:50:04
16.456527,12.342637,2023-01-01T01:50:05
16.567720,12.342637,2023-01-01T01:50:06
16.567720,12.342637,2023-01-01T01:50:07
16.567720,12.342637,2023-01-01T01:50:08
16.567720,12.342637,2023-01-01T01:50:09
16.567720,12.231442,2023-01-01T01:50:10
16.567720,12.231442,2023-01-01T01:50:11
16.567720,12.231442,2023-01-01T01:50:12
16.567720,12.231442,2023-01-01T01:50:13
16.567720,12.231442,2023-01-01T01:50:14
16.678913,12.231442,2023-01-01T01:50:15
16.678913,12.231442,2023-01-01T01:50:16
16.678913,12.231442,2023-01-01T01:50:17
16.790106,12.231442,2023-01-01T01:50:18
16.790106,12.231442,2023-01-01T01:50:19
16.790106,12.120247,2023-01-01T01:50:20
16.790106,12.120247,2023-01-01T01:50:21
16.901298,12.120247,2023-01-01T01:50:22
16.901298,12.120247,2023-01-01T01:50:23
16.901298,12.120247,2023-01-01T01:50:24
16.901298,12.120247,2023-01-01T01:50:25
17.012491,12.120247,2023-01-01T01:50:26
17.012491,12.120247,2023-01-01T01:50:27
17.012491,12.120247,2023-01-01T01:50:28
17.012491,12.120247,2023-01-01T01:50:29
17.123684,12.120247,2023-01-01T01:50:30
17.123684,12.120247,2023-01-01T01:50:31
17.123684,12.009052,2023-01-01T01:50:32
17.234877,12.009052,2023-01-01T01:50:33
17.234877,12.009052,2023-01-01T01:50:34
17.234877,12.009052,2023-01-01T01:50:35
17.234877,12.009052,2023-01-01T01:50:36
17.346069,12.009052,2023-01-01T01:50:37
17.346069,12.009052,2023-01-01T01:50:38
17.346069,12.009052,2023-01-01T01:50:39
17.346069,12.009052,2023-01-01T01:50:40
17.457262,12.009052,2023-01-01T01:50:41
17.457262,11.897857,2023-01-01T01:50:42
17.457262,11.897857,2023-01-01T01:50:43
17.568455,11.897857,2023-01-01T01:50:44
17.568455,11.897857,2023-01-01T01:50:45
17.568455,11.897857,2023-01-01T01:50:46
17.568455,11.897857,2023-01-01T01:50:47
17.679648,11.897857,2023-01-01T01:50:48
17.679648,11.897857,2023-01-01T01:50:49
17.679648,11.897857,2023-01-01T01:50:50
17.790840,11.897857,2023-01-01T01:50:51
17.790840,11.897857,2023-01-01T01:50:52
17.790840,11.897857,2023-01-01T01:50:53
17.902033,11.897857,2023-01-01T01:50:54
17.902033,11.897857,2023-01-01T01:50:55
17.902033,11.897857,2023-01-01T01:50:56
17.902033,11.897857,2023-01-01T01:50:57
18.013226,11.897857,2023-01-01T01:50:58
18.013226,11.786662,2023-01-01T01:50:59
18.013226,11.786662,2023-01-01T01:51:00
18.124419,11.786662,2023-01-01T01:51:01
18.124419,11.786662,2023-01-01T01:51:02
18.235611,11.786662,2023-01-01T01:51:03
18.235611,11.786662,2023-01-01T01:51:04
18.346804,11.786662,2023-01-01T01:51:05
18.346804,11.786662,2023-01-01T01:51:06
18.457997,11.786662,2023-01-01T01:51:07
18.457997,11.786662,2023-01-01T01:51:08
18.569190,11.675467,2023-01-01T01:51:09
18.680382,11.675467,2023-01-01T01:51:10
18.680382,11.675467,2023-01-01T01:51:11
18.791575,11.675467,2023-01-01T01:51:12
18.902768,11.675467,2023-01-01T01:51:13
19.013961,11.675467,2023-01-01T01:51:14
19.125153,11.675467,2023-01-01T01:51:15
19.125153,11.564272,2023-01-01T01:51:16
19.236346,11.564272,2023-01-01T01:51:17
19.347539,11.564272,2023-01-01T01:51:18
19.458732,11.564272,2023-01-01T01:51:19
19.569924,11.564272,2023-01-01T01:51:20
19.681117,11.564272,2023-01-01T01:51:21
19.681117,11.564272,2023-01-01T01:51:22
19.792310,11.564272,2023-01-01T01:51:23
19.903503,11.453077,2023-01-01T01:51:24
20.014695,11.453077,2023-01-01T01:51:25
20.125888,11.453077,2023-01-01T01:51:26
20.125888,11.453077,2023-01-01T01:51:27
20.237081,11.453077,2023-01-01T01:51:28
20.348274,11.453077,2023-01-01T01:51:29
20.348274,11.453077,2023-01-01T01:51:30
20.459466,11.341883,2023-01-01T01:51:31
20.570659,11.341883,2023-01-01T01:51:32
20.681852,11.341883,2023-01-01T01:51:33
20.681852,11.341883,2023-01-01T01:51:34
20.793045,11.341883,2023-01-01T01:51:35
20.904237,11.341883,2023-01-01T01:51:36
20.904237,11.341883,2023-01-01T01:51:37
21.015430,11.341883,2023-01-01T01:51:38
21.126623,11.230688,2023-01-01T01:51:39
21.126623,11.230688,2023-01-01T01:51:40
21.237816,11.230688,2023-01-01T01:51:41
21.349008,11.230688,2023-01-01T01:51:42
21.349008,11.230688,2023-01-01T01:51:43
21.349008,11.230688,2023-01-01T01:51:44
21.349008,11.230688,2023-01-01T01:51:45
21.349008,11.230688,2023-01-01T01:51:46
21.460201,11.230688,2023-01-01T01:51:47
21.460201,11.230688,2023-01-01T01:51:48
21.460201,11.230688,2023-01-01T01:51:49
21.460201,11.119493,2023-01-01T01:51:50
21.460201,11.119493,2023-01-01T01:51:51
21.571394,11.119493,2023-01-01T01:51:52
21.571394,11.119493,2023-01-01T01:51:53
21.571394,11.119493,2023-01-01T01:51:54
21.571394,11.119493,2023-01-01T01:51:55
21.571394,11.119493,2023-01-01T01:51:56
21.571394,11.119493,2023-01-01T01:51:57
21.571394,11.119493,2023-01-01T01:51:58
21.682587,11.119493,2023-01-01T01:51:59
21.682587,11.119493,2023-01-01T01:52:00
21.682587,11.119493,2023-01-01T01:52:01
21.682587,11.119493,2023-01-01T01:52:02
21.682587,11.119493,2023-01-01T01:52:03
21.682587,11.119493,2023-01-01T01:52:04
21.682587,11.008298,2023-01-01T01:52:05
21.682587,11.008298,2023-01-01T01:52:06
21.682587,11.008298,2023-01-01T01:52:07
21.793779,11.008298,2023-01-01T01:52:08
21.793779,11.008298,2023-01-01T01:52:09
21.793779,11.008298,2023-01-01T01:52:10
21.793779,11.008298,2023-01-01T01:52:11
21.793779,11.008298,2023-01-01T01:52:12
21.793779,11.008298,2023-01-01T01:52:13
21.793779,11.008298,2023-01-01T01:52:14
21.793779,11.008298,2023-01-01T01:52:15
21.793779,11.008298,2023-01-01T01:52:16
21.793779,11.008298,2023-01-01T01:52:17
21.793779,11.008298,2023-01-01T01:52:18
21.793779,11.008298,2023-01-01T01:52:19
21.793779,11.008298,2023-01-01T01:52:20
21.793779,11.008298,2023-01-01T01:52:21
21.682587,11.008298,2023-01-01T01:52:22
21.682587,11.008298,2023-01-01T01:52:23
21.682587,11.008298,2023-01-01T01:52:24
21.682587,11.008298,2023-01-01T01:52:25
21.682587,10.897103,2023-01-01T01:52:26
21.682587,10.897103,2023-01-01T01:52:27
21.571394,10.897103,2023-01-01T01:52:28
21.571394,10.897103,2023-01-01T01:52:29
21.571394,10.897103,2023-01-01T01:52:30
21.571394,10.897103,2023-01-01T01:52:31
21.571394,10.897103,2023-01-01T01:52:32
21.460201,10.897103,2023-01-01T01:52:33
21.460201,10.897103,2023-01-01T01:52:34
21.460201,10.897103,2023-01-01T01:52:35
21.349008,10.897103,2023-01-01T01:52:36
21.349008,10.897103,2023-01-01T01:52:37
21.349008,10.897103,2023-01-01T01:52:38
21.237816,10.897103,2023-01-01T01:52:39
21.237816,10.897103,2023-01-01T01:52:40
21.126623,10.785908,2023-01-01T01:52:41
21.126623,10.785908,2023-01-01T01:52:42
21.126623,10.785908,2023-01-01T01:52:43
21.126623,10.785908,2023-01-01T01:52:44
21.126623,10.785908,2023-01-01T01:52:45
21.126623,10.785908,2023-01-01T01:52:46
21.126623,10.785908,2023-01-01T01:52:47
21.015430,10.785908,2023-01-01T01:52:48
21.015430,10.785908,2023-01-01T01:52:49
21.015430,10.785908,2023-01-01T01:52:50
21.015430,10.785908,2023-01-01T01:52:51
21.015430,10.785908,2023-01-01T01:52:52
20.904237,10.785908,2023-01-01T01:52:53
20.904237,10.785908,2023-01-01T01:52:54
20.904237,10.785908,2023-01-01T01:52:55
20.793045,10.785908,2023-01-01T01:52:56
20.793045,10.785908,2023-01-01T01:52:57
20.793045,10.785908,2023-01-01T01:52:58
20.681852,10.785908,2023-01-01T01:52:59
20.681852,10.785908,2023-01-01T01:53:00
20.570659,10.785908,2023-01-01T01:53:01
20.570659,10.785908,2023-01-01T01:53:02
20.570659,10.785908,2023-01-01T01:53:03
20.459466,10.785908,2023-01-01T01:53:04
20.459466,10.785908,2023-01-01T01:53:05
20.348274,10.674713,2023-01-01T01:53:06
20.348274,10.674713,2023-01-01T01:53:07
20.237081,10.674713,2023-01-01T01:53:08
20.237081,10.674713,2023-01-01T01:53:09
20.125888,10.674713,2023-01-01T01:53:10
20.125888,10.674713,2023-01-01T01:53:11
20.014695,10.674713,2023-01-01T01:53:12
20.125888,10.674713,2023-01-01T01:53:13
20.125888,10.674713,2023-01-01T01:53:14
20.237081,10.674713,2023-01-01T01:53:15
20.237081,10.674713,2023-01-01T01:53:16
20.348274,10.563518,2023-01-01T01:53:17
20.348274,10.563518,2023-01-01T01:53:18
20.459466,10.563518,2023-01-01T01:53:19
20.459466,10.563518,2023-01-01T01:53:20
20.570659,10.563518,2023-01-01T01:53:21
20.570659,10.563518,2023-01-01T01:53:22
20.570659,10.563518,2023-01-01T01:53:23
20.681852,10.563518,2023-01-01T01:53:24
20.681852,10.563518,2023-01-01T01:53:25
20.793045,10.563518,2023-01-01T01:53:26
20.793045,10.563518,2023-01-01T01:53:27
20.793045,10.563518,2023-01-01T01:53:28
20.904237,10.563518,2023-01-01T01:53:29
20.904237,10.563518,2023-01-01T01:53:30
21.015430,10.563518,2023-01-01T01:53:31
21.015430,10.563518,2023-01-01T01:53:32
21.015430,10.563518,2023-01-01T01:53:33
21.126623,10.563518,2023-01-01T01:53:34
21.126623,10.563518,2023-01-01T01:53:35
21.126623,10.563518,2023-01-01T01:53:36
21.237816,10.563518,2023-01-01T01:53:37
21.237816,10.563518,2023-01-01T01:53:38
21.237816,10.452323,2023-01-01T01:53:39
21.349008,10.452323,2023-01-01T01:53:40
21.349008,10.452323,2023-01-01T01:53:41
21.460201,10.452323,2023-01-01T01:53:42
21.460201,10.452323,2023-01-01T01:53:43
21.460201,10.452323,2023-01-01T01:53:44
21.460201,10.452323,2023-01-01T01:53:45
21.571394,10.452323,2023-01-01T01:53:46
21.571394,10.452323,2023-01-01T01:53:47
21.571394,10.452323,2023-01-01T01:53:48
21.682587,10.452323,2023-01-01T01:53:49
21.682587,10.452323,2023-01-01T01:53:50
21.682587,10.452323,2023-01-01T01:53:51
21.793779,10.452323,2023-01-01T01:53:52
21.793779,10.452323,2023-01-01T01:53:53
21.904972,10.452323,2023-01-01T01:53:54
21.904972,10.452323,2023-01-01T01:53:55
21.904972,10.452323,2023-01-01T01:53:56
22.016165,10.452323,2023-01-01T01:53:57
22.016165,10.452323,2023-01-01T01:53:58
22.127358,10.452323,2023-01-01T01:53:59
22.127358,10.452323,2023-01-01T01:54:00
22.127358,10.452323,2023-01-01T01:54:01
22.238550,10.452323,2023-01-01T01:54:02
22.238550,10.452323,2023-01-01T01:54:03
22.349743,10.452323,2023-01-01T01:54:04
22.349743,10.452323,2023-01-01T01:54:05
22.349743,10.452323,2023-01-01T01:54:06
22.460936,10.452323,2023-01-01T01:54:07
22.460936,10.452323,2023-01-01T01:54:08
22.460936,10.452323,2023-01-01T01:54:09
22.572129,10.452323,2023-01-01T01:54:10
22.572129,10.452323,2023-01-01T01:54:11
22.683321,10.452323,2023-01-01T01:54:12
22.794514,10.341128,2023-01-01T01:54:13
22.794514,10.341128,2023-01-01T01:54:14
22.905707,10.341128,2023-01-01T01:54:15
23.016900,10.341128,2023-01-01T01:54:16
23.128092,10.341128,2023-01-01T01:54:17
23.239285,10.341128,2023-01-01T01:54:18
23.350478,10.341128,2023-01-01T01:54:19
23.461671,10.341128,2023-01-01T01:54:20
23.572863,10.341128,2023-01-01T01:54:21
23.684056,10.341128,2023-01-01T01:54:22
23.684056,10.341128,2023-01-01T01:54:23
23.795249,10.341128,2023-01-01T01:54:24
23.906442,10.341128,2023-01-01T01:54:25
24.017634,10.341128,2023-01-01T01:54:26
24.128827,10.341128,2023-01-01T01:54:27
24.128827,10.341128,2023-01-01T01:54:28
24.240020,10.229933,2023-01-01T01:54:29
24.351213,10.229933,2023-01-01T01:54:30
24.462405,10.229933,2023-01-01T01:54:31
24.573598,10.229933,2023-01-01T01:54:32
24.573598,10.229933,2023-01-01T01:54:33
24.684791,10.229933,2023-01-01T01:54:34
24.795984,10.229933,2023-01-01T01:54:35
24.795984,10.229933,2023-01-01T01:54:36
24.907176,10.229933,2023-01-01T01:54:37
25.018369,10.229933,2023-01-01T01:54:38
25.129562,10.229933,2023-01-01T01:54:39
25.129562,10.229933,2023-01-01T01:54:40
25.240755,10.229933,2023-01-01T01:54:41
25.351947,10.229933,2023-01-01T01:54:42
25.351947,10.229933,2023-01-01T01:54:43
25.463140,10.229933,2023-01-01T01:54:44
25.463140,10.229933,2023-01-01T01:54:45
25.574333,10.229933,2023-01-01T01:54:46
25.574333,10.229933,2023-01-01T01:54:47
25.685526,10.229933,2023-01-01T01:54:48
25.685526,10.229933,2023-01-01T01:54:49
25.796718,10.229933,2023-01-01T01:54:50
25.907911,10.229933,2023-01-01T01:54:51
25.907911,10.118738,2023-01-01T01:54:52
26.019104,10.118738,2023-01-01T01:54:53
26.019104,10.118738,2023-01-01T01:54:54
26.130297,10.118738,2023-01-01T01:54:55
26.130297,10.118738,2023-01-01T01:54:56
26.241489,10.118738,2023-01-01T01:54:57
26.241489,10.118738,2023-01-01T01:54:58
26.352682,10.118738,2023-01-01T01:54:59
26.352682,10.118738,2023-01-01T01:55:00
26.463875,10.118738,2023-01-01T01:55:01
26.463875,10.118738,2023-01-01T01:55:02
26.463875,10.118738,2023-01-01T01:55:03
26.575068,10.118738,2023-01-01T01:55:04
26.575068,10.118738,2023-01-01T01:55:05
26.686260,10.118738,2023-01-01T01:55:06
26.686260,10.118738,2023-01-01T01:55:07
26.797453,10.118738,2023-01-01T01:55:08
26.797453,10.118738,2023-01-01T01:55:09
26.908646,10.118738,2023-01-01T01:55:10
26.908646,10.118738,2023-01-01T01:55:11
27.019839,10.118738,2023-01-01T01:55:12
27.019839,10.118738,2023-01-01T01:55:13
27.019839,10.118738,2023-01-01T01:55:14
27.131031,10.118738,2023-01-01T01:55:15
27.131031,10.118738,2023-01-01T01:55:16
27.131031,10.118738,2023-01-01T01:55:17
27.242224,10.118738,2023-01-01T01:55:18
27.242224,10.118738,2023-01-01T01:55:19
27.353417,10.118738,2023-01-01T01:55:20
27.353417,10.118738,2023-01-01T01:55:21
27.353417,10.118738,2023-01-01T01:55:22
27.464610,10.118738,2023-01-01T01:55:23
27.464610,10.118738,2023-01-01T01:55:24
27.575802,10.118738,2023-01-01T01:55:25
27.575802,10.118738,2023-01-01T01:55:26
27.575802,10.118738,2023-01-01T01:55:27
27.686995,10.118738,2023-01-01T01:55:28
27.686995,10.118738,2023-01-01T01:55:29
27.686995,10.118738,2023-01-01T01:55:30
27.798188,10.118738,2023-01-01T01:55:31
27.798188,10.118738,2023-01-01T01:55:32
27.798188,10.118738,2023-01-01T01:55:33
27.909381,10.118738,2023-01-01T01:55:34
27.909381,10.118738,2023-01-01T01:55:35
27.909381,10.118738,2023-01-01T01:55:36
28.020573,10.118738,2023-01-01T01:55:37
28.020573,10.118738,2023-01-01T01:55:38
28.020573,10.007543,2023-01-01T01:55:39
28.131766,10.007543,2023-01-01T01:55:40
28.131766,10.007543,2023-01-01T01:55:41
28.131766,10.007543,2023-01-01T01:55:42
28.242959,10.007543,2023-01-01T01:55:43
28.242959,10.007543,2023-01-01T01:55:44
28.242959,10.007543,2023-01-01T01:55:45
28.354152,10.007543,2023-01-01T01:55:46
28.354152,10.007543,2023-01-01T01:55:47
28.354152,10.007543,2023-01-01T01:55:48
28.465344,10.007543,2023-01-01T01:55:49
28.465344,10.007543,2023-01-01T01:55:50
28.465344,10.007543,2023-01-01T01:55:51
28.576537,10.007543,2023-01-01T01:55:52
28.576537,10.007543,2023-01-01T01:55:53
28.576537,10.007543,2023-01-01T01:55:54
28.576537,10.007543,2023-01-01T01:55:55
28.687730,10.007543,2023-01-01T01:55:56
28.687730,10.007543,2023-01-01T01:55:57
28.687730,10.007543,2023-01-01T01:55:58
28.798923,10.007543,2023-01-01T01:55:59
28.798923,10.007543,2023-01-01T01:56:00
28.798923,10.007543,2023-01-01T01:56:01
28.798923,10.007543,2023-01-01T01:56:02
28.910115,10.007543,2023-01-01T01:56:03
28.910115,10.007543,2023-01-01T01:56:04
28.910115,10.007543,2023-01-01T01:56:05
28.910115,10.007543,2023-01-01T01:56:06
29.021308,10.007543,2023-01-01T01:56:07
29.021308,10.007543,2023-01-01T01:56:08
29.021308,10.118738,2023-01-01T01:56:09
29.132501,10.118738,2023-01-01T01:56:10
29.132501,10.118738,2023-01-01T01:56:11
29.132501,10.118738,2023-01-01T01:56:12
29.243694,10.118738,2023-01-01T01:56:13
29.243694,10.118738,2023-01-01T01:56:14
29.243694,10.118738,2023-01-01T01:56:15
29.354886,10.118738,2023-01-01T01:56:16
29.354886,10.118738,2023-01-01T01:56:17
29.354886,10.118738,2023-01-01T01:56:18
29.466079,10.118738,2023-01-01T01:56:19
29.466079,10.118738,2023-01-01T01:56:20
29.466079,10.118738,2023-01-01T01:56:21
29.577272,10.118738,2023-01-01T01:56:22
29.577272,10.229933,2023-01-01T01:56:23
29.577272,10.229933,2023-01-01T01:56:24
29.688465,10.229933,2023-01-01T01:56:25
29.688465,10.229933,2023-01-01T01:56:26
29.688465,10.229933,2023-01-01T01:56:27
29.799657,10.229933,2023-01-01T01:56:28
29.799657,10.341128,2023-01-01T01:56:29
29.799657,10.341128,2023-01-01T01:56:30
29.910850,10.341128,2023-01-01T01:56:31
29.910850,10.341128,2023-01-01T01:56:32
29.910850,10.341128,2023-01-01T01:56:33
29.910850,10.452323,2023-01-01T01:56:34
30.022043,10.452323,2023-01-01T01:56:35
30.022043,10.452323,2023-01-01T01:56:36
30.022043,10.452323,2023-01-01T01:56:37
30.133236,10.563518,2023-01-01T01:56:38
30.133236,10.563518,2023-01-01T01:56:39
30.133236,10.563518,2023-01-01T01:56:40
30.133236,10.563518,2023-01-01T01:56:41
30.244428,10.563518,2023-01-01T01:56:42
30.244428,10.563518,2023-01-01T01:56:43
30.244428,10.563518,2023-01-01T01:56:44
30.244428,10.563518,2023-01-01T01:56:45
30.355621,10.563518,2023-01-01T01:56:46
30.355621,10.563518,2023-01-01T01:56:47
30.355621,10.563518,2023-01-01T01:56:48
30.466814,10.674713,2023-01-01T01:56:49
30.466814,10.563518,2023-01-01T01:56:50
30.466814,10.563518,2023-01-01T01:56:51
30.466814,10.563518,2023-01-01T01:56:52
30.578007,10.563518,2023-01-01T01:56:53
30.578007,10.563518,2023-01-01T01:56:54
30.578007,10.563518,2023-01-01T01:56:55
30.578007,10.563518,2023-01-01T01:56:56
30.689199,10.563518,2023-01-01T01:56:57
30.689199,10.563518,2023-01-01T01:56:58
30.689199,10.563518,2023-01-01T01:56:59
30.689199,10.563518,2023-01-01T01:57:00
30.800392,10.563518,2023-01-01T01:57:01
30.800392,10.563518,2023-01-01T01:57:02
30.800392,10.563518,2023-01-01T01:57:03
30.800392,10.563518,2023-01-01T01:57:04
30.911585,10.563518,2023-01-01T01:57:05
30.911585,10.563518,2023-01-01T01:57:06
30.911585,10.563518,2023-01-01T01:57:07
30.911585,10.563518,2023-01-01T01:57:08
31.022778,10.563518,2023-01-01T01:57:09
31.022778,10.563518,2023-01-01T01:57:10
31.022778,10.563518,2023-01-01T01:57:11
31.022778,10.563518,2023-01-01T01:57:12
31.022778,10.563518,2023-01-01T01:57:13
31.022778,10.452323,2023-01-01T01:57:14
31.022778,10.452323,2023-01-01T01:57:15
31.022778,10.452323,2023-01-01T01:57:16
31.022778,10.452323,2023-01-01T01:57:17
31.022778,10.452323,2023-01-01T01:57:18
31.022778,10.341128,2023-01-01T01:57:19
31.022778,10.341128,2023-01-01T01:57:20
30.911585,10.341128,2023-01-01T01:57:21
30.911585,10.341128,2023-01-01T01:57:22
30.911585,10.341128,2023-01-01T01:57:23
30.911585,10.341128,2023-01-01T01:57:24
30.911585,10.341128,2023-01-01T01:57:25
30.911585,10.229933,2023-01-01T01:57:26
30.911585,10.229933,2023-01-01T01:57:27
30.911585,10.229933,2023-01-01T01:57:28
30.911585,10.229933,2023-01-01T01:57:29
31.022778,10.229933,2023-01-01T01:57:30
31.022778,10.229933,2023-01-01T01:57:31
31.022778,10.118738,2023-01-01T01:57:32
31.022778,10.118738,2023-01-01T01:57:33
31.022778,10.118738,2023-01-01T01:57:34
31.022778,10.118738,2023-01-01T01:57:35
31.022778,10.118738,2023-01-01T01:57:36
31.022778,10.118738,2023-01-01T01:57:37
31.022778,10.118738,2023-01-01T01:57:38
31.022778,10.118738,2023-01-01T01:57:39
31.022778,10.007543,2023-01-01T01:57:40
31.022778,10.007543,2023-01-01T01:57:41
31.022778,10.007543,2023-01-01T01:57:42
31.133970,10.007543,2023-01-01T01:57:43
31.133970,10.007543,2023-01-01T01:57:44
31.133970,9.896348,2023-01-01T01:57:45
31.245163,9.896348,2023-01-01T01:57:46
31.245163,9.896348,2023-01-01T01:57:47
31.245163,9.896348,2023-01-01T01:57:48
31.356356,9.785154,2023-01-01T01:57:49
31.356356,9.785154,2023-01-01T01:57:50
31.356356,9.785154,2023-01-01T01:57:51
31.467549,9.785154,2023-01-01T01:57:52
31.467549,9.785154,2023-01-01T01:57:53
31.467549,9.673959,2023-01-01T01:57:54
31.578741,9.673959,2023-01-01T01:57:55
31.578741,9.673959,2023-01-01T01:57:56
31.578741,9.673959,2023-01-01T01:57:57
31.578741,9.562764,2023-01-01T01:57:58
31.689934,9.562764,2023-01-01T01:57:59
31.689934,9.562764,2023-01-01T01:58:00
31.689934,9.451569,2023-01-01T01:58:01
31.801127,9.451569,2023-01-01T01:58:02
31.801127,9.451569,2023-01-01T01:58:03
31.801127,9.451569,2023-01-01T01:58:04
31.801127,9.451569,2023-01-01T01:58:05
31.912320,9.340374,2023-01-01T01:58:06
31.912320,9.340374,2023-01-01T01:58:07
31.912320,9.340374,2023-01-01T01:58:08
32.023512,9.340374,2023-01-01T01:58:09
32.023512,9.229179,2023-01-01T01:58:10
32.023512,9.229179,2023-01-01T01:58:11
32.134705,9.229179,2023-01-01T01:58:12
32.134705,9.229179,2023-01-01T01:58:13
32.134705,9.229179,2023-01-01T01:58:14
32.134705,9.117984,2023-01-01T01:58:15
32.245898,9.117984,2023-01-01T01:58:16
32.245898,9.117984,2023-01-01T01:58:17
32.245898,9.117984,2023-01-01T01:58:18
32.357091,9.006789,2023-01-01T01:58:19
32.357091,9.006789,2023-01-01T01:58:20
32.357091,9.006789,2023-01-01T01:58:21
32.468283,9.006789,2023-01-01T01:58:22
32.468283,9.006789,2023-01-01T01:58:23
32.468283,9.006789,2023-01-01T01:58:24
32.468283,8.895594,2023-01-01T01:58:25
32.579476,8.895594,2023-01-01T01:58:26
32.579476,8.895594,2023-01-01T01:58:27
32.579476,8.895594,2023-01-01T01:58:28
32.690669,8.895594,2023-01-01T01:58:29
32.690669,8.895594,2023-01-01T01:58:30
32.690669,8.784399,2023-01-01T01:58:31
32.690669,8.784399,2023-01-01T01:58:32
32.801862,8.784399,2023-01-01T01:58:33
32.801862,8.784399,2023-01-01T01:58:34
32.801862,8.784399,2023-01-01T01:58:35
32.913054,8.784399,2023-01-01T01:58:36
32.913054,8.673204,2023-01-01T01:58:37
32.913054,8.673204,2023-01-01T01:58:38
32.913054,8.673204,2023-01-01T01:58:39
33.024247,8.673204,2023-01-01T01:58:40
33.024247,8.673204,2023-01-01T01:58:41
33.024247,8.673204,2023-01-01T01:58:42
33.024247,8.562009,2023-01-01T01:58:43
33.024247,8.562009,2023-01-01T01:58:44
33.135440,8.562009,2023-01-01T01:58:45
33.135440,8.562009,2023-01-01T01:58:46
33.135440,8.562009,2023-01-01T01:58:47
33.135440,8.562009,2023-01-01T01:58:48
33.135440,8.562009,2023-01-01T01:58:49
33.246633,8.450814,2023-01-01T01:58:50
33.246633,8.450814,2023-01-01T01:58:51
33.246633,8.450814,2023-01-01T01:58:52
33.246633,8.450814,2023-01-01T01:58:53
33.246633,8.450814,2023-01-01T01:58:54
33.246633,8.450814,2023-01-01T01:58:55
33.357826,8.450814,2023-01-01T01:58:56
33.357826,8.450814,2023-01-01T01:58:57
33.357826,8.339619,2023-01-01T01:58:58
33.357826,8.339619,2023-01-01T01:58:59
33.357826,8.339619,2023-01-01T01:59:00
33.357826,8.339619,2023-01-01T01:59:01
33.357826,8.339619,2023-01-01T01:59:02
33.469018,8.339619,2023-01-01T01:59:03
33.469018,8.339619,2023-01-01T01:59:04
33.469018,8.339619,2023-01-01T01:59:05
33.469018,8.339619,2023-01-01T01:59:06
33.469018,8.339619,2023-01-01T01:59:07
33.469018,8.339619,2023-01-01T01:59:08
33.469018,8.228425,2023-01-01T01:59:09
33.469018,8.228425,2023-01-01T01:59:10
33.469018,8.228425,2023-01-01T01:59:11
33.469018,8.228425,2023-01-01T01:59:12
33.580211,8.228425,2023-01-01T01:59:13
33.580211,8.228425,2023-01-01T01:59:14
33.580211,8.228425,2023-01-01T01:59:15
33.580211,8.228425,2023-01-01T01:59:16
33.580211,8.228425,2023-01-01T01:59:17
33.580211,8.228425,2023-01-01T01:59:18
33.691404,8.228425,2023-01-01T01:59:19
33.691404,8.117230,2023-01-01T01:59:20
33.691404,8.117230,2023-01-01T01:59:21
33.691404,8.117230,2023-01-01T01:59:22
33.691404,8.117230,2023-01-01T01:59:23
33.691404,8.117230,2023-01-01T01:59:24
33.691404,8.117230,2023-01-01T01:59:25
33.691404,8.117230,2023-01-01T01:59:26
33.691404,8.117230,2023-01-01T01:59:27
33.691404,8.117230,2023-01-01T01:59:28
33.691404,8.117230,2023-01-01T01:59:29
33.691404,8.117230,2023-01-01T01:59:30
33.691404,8.117230,2023-01-01T01:59:31
33.691404,8.117230,2023-01-01T01:59:32
33.691404,8.117230,2023-01-01T01:59:33
33.691404,8.117230,2023-01-01T01:59:34
33.691404,8.117230,2023-01-01T01:59:35
33.691404,8.006035,2023-01-01T01:59:36
33.691404,8.006035,2023-01-01T01:59:37
33.691404,8.006035,2023-01-01T01:59:38
33.691404,8.006035,2023-01-01T01:59:39
33.691404,8.006035,2023-01-01T01:59:40
33.691404,8.006035,2023-01-01T01:59:41
33.802597,8.006035,2023-01-01T01:59:42
33.802597,8.006035,2023-01-01T01:59:43
33.802597,8.006035,2023-01-01T01:59:44
33.802597,8.006035,2023-01-01T01:59:45
33.913789,8.006035,2023-01-01T01:59:46
33.913789,8.006035,2023-01-01T01:59:47
33.913789,8.006035,2023-01-01T01:59:48
33.913789,8.006035,2023-01-01T01:59:49
33.913789,8.006035,2023-01-01T01:59:50
33.913789,8.006035,2023-01-01T01:59:51
34.024982,8.006035,2023-01-01T01:59:52
34.024982,8.006035,2023-01-01T01:59:53
34.024982,8.006035,2023-01-01T01:59:54
34.024982,8.006035,2023-01-01T01:59:55
34.024982,8.006035,2023-01-01T01:59:56
34.024982,8.006035,2023-01-01T01:59:57
34.024982,8.006035,2023-01-01T01:59:58
34.024982,8.006035,2023-01-01T01:59:59
34.136175,8.006035,2023-01-01T02:00:00
34.136175,8.006035,2023-01-01T02:00:01
34.136175,8.006035,2023-01-01T02:00:02
34.136175,8.006035,2023-01-01T02:00:03
34.136175,8.006035,2023-01-01T02:00:04
34.136175,8.006035,2023-01-01T02:00:05
34.136175,8.006035,2023-01-01T02:00:06
34.136175,8.006035,2023-01-01T02:00:07
34.136175,7.894840,2023-01-01T02:00:08
34.136175,7.894840,2023-01-01T02:00:09
34.136175,7.894840,2023-01-01T02:00:10
34.136175,7.894840,2023-01-01T02:00:11
34.136175,7.894840,2023-01-01T02:00:12
34.247368,7.894840,2023-01-01T02:00:13
34.247368,7.894840,2023-01-01T02:00:14
34.247368,7.894840,2023-01-01T02:00:15
34.358560,7.894840,2023-01-01T02:00:16
34.358560,7.894840,2023-01-01T02:00:17
34.358560,7.894840,2023-01-01T02:00:18
34.469753,7.894840,2023-01-01T02:00:19
34.469753,7.894840,2023-01-01T02:00:20
34.469753,7.894840,2023-01-01T02:00:21
34.580946,7.894840,2023-01-01T02:00:22
34.580946,7.894840,2023-01-01T02:00:23
34.580946,7.894840,2023-01-01T02:00:24
34.580946,7.894840,2023-01-01T02:00:25
34.692139,7.783645,2023-01-01T02:00:26
34.692139,7.783645,2023-01-01T02:00:27
34.692139,7.783645,2023-01-01T02:00:28
34.803331,7.783645,2023-01-01T02:00:29
34.803331,7.783645,2023-01-01T02:00:30
34.803331,7.783645,2023-01-01T02:00:31
34.803331,7.783645,2023-01-01T02:00:32
34.914524,7.783645,2023-01-01T02:00:33
34.914524,7.783645,2023-01-01T02:00:34
34.914524,7.783645,2023-01-01T02:00:35
34.914524,7.783645,2023-01-01T02:00:36
34.914524,7.672450,2023-01-01T02:00:37
35.025717,7.672450,2023-01-01T02:00:38
35.025717,7.672450,2023-01-01T02:00:39
35.025717,7.672450,2023-01-01T02:00:40
35.025717,7.672450,2023-01-01T02:00:41
35.025717,7.672450,2023-01-01T02:00:42
35.025717,7.672450,2023-01-01T02:00:43
35.025717,7.672450,2023-01-01T02:00:44
35.025717,7.672450,2023-01-01T02:00:45
35.025717,7.672450,2023-01-01T02:00:46
35.025717,7.672450,2023-01-01T02:00:47
35.025717,7.672450,2023-01-01T02:00:48
35.025717,7.672450,2023-01-01T02:00:49
35.025717,7.672450,2023-01-01T02:00:50
35.025717,7.672450,2023-01-01T02:00:51
35.025717,7.672450,2023-01-01T02:00:52
35.025717,7.672450,2023-01-01T02:00:53
35.025717,7.672450,2023-01-01T02:00:54
35.025717,7.672450,2023-01-01T02:00:55
35.025717,7.672450,2023-01-01T02:00:56
35.025717,7.561255,2023-01-01T02:00:57
35.025717,7.561255,2023-01-01T02:00:58
35.025717,7.561255,2023-01-01T02:00:59
35.025717,7.561255,2023-01-01T02:01:00
35.025717,7.561255,2023-01-01T02:01:01
35.025717,7.561255,2023-01-01T02:01:02
35.025717,7.561255,2023-01-01T02:01:03
35.025717,7.561255,2023-01-01T02:01:04
35.025717,7.561255,2023-01-01T02:01:05
35.025717,7.561255,2023-01-01T02:01:06
35.025717,7.561255,2023-01-01T02:01:07
35.025717,7.561255,2023-01-01T02:01:08
35.025717,7.561255,2023-01-01T02:01:09
35.025717,7.561255,2023-01-01T02:01:10
35.025717,7.561255,2023-01-01T02:01:11
35.136910,7.450060,2023-01-01T02:01:12
35.248102,7.450060,2023-01-01T02:01:13
35.248102,7.450060,2023-01-01T02:01:14
35.359295,7.450060,2023-01-01T02:01:15
35.470488,7.450060,2023-01-01T02:01:16
35.470488,7.450060,2023-01-01T02:01:17
35.581681,7.338865,2023-01-01T02:01:18
35.692873,7.338865,2023-01-01T02:01:19
35.692873,7.338865,2023-01-01T02:01:20
35.804066,7.338865,2023-01-01T02:01:21
35.915259,7.338865,2023-01-01T02:01:22
35.915259,7.338865,2023-01-01T02:01:23
36.026452,7.338865,2023-01-01T02:01:24
36.137644,7.227670,2023-01-01T02:01:25
36.137644,7.227670,2023-01-01T02:01:26
36.248837,7.227670,2023-01-01T02:01:27
36.248837,7.227670,2023-01-01T02:01:28
36.360030,7.227670,2023-01-01T02:01:29
36.471223,7.227670,2023-01-01T02:01:30
36.471223,7.116475,2023-01-01T02:01:31
36.582415,7.116475,2023-01-01T02:01:32
36.582415,7.116475,2023-01-01T02:01:33
36.693608,7.116475,2023-01-01T02:01:34
36.693608,7.116475,2023-01-01T02:01:35
36.804801,7.116475,2023-01-01T02:01:36
36.915994,7.116475,2023-01-01T02:01:37
36.915994,7.116475,2023-01-01T02:01:38
37.027186,7.116475,2023-01-01T02:01:39
37.027186,7.116475,2023-01-01T02:01:40
37.138379,7.116475,2023-01-01T02:01:41
37.138379,7.005280,2023-01-01T02:01:42
37.249572,7.005280,2023-01-01T02:01:43
37.249572,7.005280,2023-01-01T02:01:44
37.360765,7.005280,2023-01-01T02:01:45
37.471957,7.005280,2023-01-01T02:01:46
37.471957,7.005280,2023-01-01T02:01:47
37.583150,7.005280,2023-01-01T02:01:48
37.583150,7.005280,2023-01-01T02:01:49
37.694343,7.005280,2023-01-01T02:01:50
37.694343,7.005280,2023-01-01T02:01:51
37.805536,7.005280,2023-01-01T02:01:52
37.805536,6.894085,2023-01-01T02:01:53
37.916728,6.894085,2023-01-01T02:01:54
37.916728,6.894085,2023-01-01T02:01:55
38.027921,6.894085,2023-01-01T02:01:56
38.027921,6.894085,2023-01-01T02:01:57
38.139114,6.894085,2023-01-01T02:01:58
38.139114,6.894085,2023-01-01T02:01:59
38.250307,6.894085,2023-01-01T02:02:00
38.250307,6.894085,2023-01-01T02:02:01
38.361499,6.894085,2023-01-01T02:02:02
38.361499,6.894085,2023-01-01T02:02:03
38.361499,6.894085,2023-01-01T02:02:04
38.472692,6.894085,2023-01-01T02:02:05
38.472692,6.782891,2023-01-01T02:02:06
38.472692,6.782891,2023-01-01T02:02:07
38.583885,6.782891,2023-01-01T02:02:08
38.583885,6.782891,2023-01-01T02:02:09
38.583885,6.782891,2023-01-01T02:02:10
38.695078,6.782891,2023-01-01T02:02:11
38.695078,6.782891,2023-01-01T02:02:12
38.695078,6.782891,2023-01-01T02:02:13
38.695078,6.782891,2023-01-01T02:02:14
38.695078,6.782891,2023-01-01T02:02:15
38.806270,6.782891,2023-01-01T02:02:16
38.806270,6.782891,2023-01-01T02:02:17
38.806270,6.782891,2023-01-01T02:02:18
38.806270,6.782891,2023-01-01T02:02:19
38.806270,6.782891,2023-01-01T02:02:20
38.806270,6.782891,2023-01-01T02:02:21
38.806270,6.782891,2023-01-01T02:02:22
38.806270,6.782891,2023-01-01T02:02:23
38.695078,6.782891,2023-01-01T02:02:24
38.695078,6.782891,2023-01-01T02:02:25
38.695078,6.782891,2023-01-01T02:02:26
38.583885,6.782891,2023-01-01T02:02:27
38.583885,6.782891,2023-01-01T02:02:28
38.472692,6.782891,2023-01-01T02:02:29
38.472692,6.782891,2023-01-01T02:02:30
38.361499,6.782891,2023-01-01T02:02:31
38.361499,6.782891,2023-01-01T02:02:32
38.250307,6.894085,2023-01-01T02:02:33
38.139114,6.894085,2023-01-01T02:02:34
38.139114,6.894085,2023-01-01T02:02:35
38.027921,6.894085,2023-01-01T02:02:36
37.916728,6.894085,2023-01-01T02:02:37
37.805536,6.894085,2023-01-01T02:02:38
37.805536,6.894085,2023-01-01T02:02:39
37.694343,6.894085,2023-01-01T02:02:40
37.583150,6.894085,2023-01-01T02:02:41
37.583150,6.894085,2023-01-01T02:02:42
37.583150,6.894085,2023-01-01T02:02:43
37.583150,6.894085,2023-01-01T02:02:44
37.583150,6.894085,2023-01-01T02:02:45
37.471957,6.894085,2023-01-01T02:02:46
37.471957,6.894085,2023-01-01T02:02:47
37.471957,6.894085,2023-01-01T02:02:48
37.471957,6.894085,2023-01-01T02:02:49
37.471957,6.894085,2023-01-01T02:02:50
37.471957,6.894085,2023-01-01T02:02:51
37.471957,6.894085,2023-01-01T02:02:52
37.471957,6.894085,2023-01-01T02:02:53
37.471957,6.894085,2023-01-01T02:02:54
37.471957,6.894085,2023-01-01T02:02:55
37.471957,6.894085,2023-01-01T02:02:56
37.471957,6.894085,2023-01-01T02:02:57
37.471957,6.894085,2023-01-01T02:02:58
37.471957,6.894085,2023-01-01T02:02:59
37.471957,6.894085,2023-01-01T02:03:00
37.471957,6.894085,2023-01-01T02:03:01
37.471957,6.894085,2023-01-01T02:03:02
37.471957,6.894085,2023-01-01T02:03:03
37.471957,6.894085,2023-01-01T02:03:04
37.471957,6.894085,2023-01-01T02:03:05
37.471957,6.894085,2023-01-01T02:03:06
37.471957,6.894085,2023-01-01T02:03:07
37.471957,6.894085,2023-01-01T02:03:08
37.471957,6.894085,2023-01-01T02:03:09
37.471957,6.894085,2023-01-01T02:03:10
37.471957,6.894085,2023-01-01T02:03:11
37.583150,6.894085,2023-01-01T02:03:12
37.694343,6.894085,2023-01-01T02:03:13
37.805536,6.782891,2023-01-01T02:03:14
37.916728,6.782891,2023-01-01T02:03:15
37.916728,6.782891,2023-01-01T02:03:16
38.027921,6.782891,2023-01-01T02:03:17
38.139114,6.782891,2023-01-01T02:03:18
38.250307,6.782891,2023-01-01T02:03:19
38.250307,6.671696,2023-01-01T02:03:20
38.361499,6.671696,2023-01-01T02:03:21
38.361499,6.671696,2023-01-01T02:03:22
38.472692,6.671696,2023-01-01T02:03:23
38.472692,6.671696,2023-01-01T02:03:24
38.472692,6.671696,2023-01-01T02:03:25
38.583885,6.671696,2023-01-01T02:03:26
38.583885,6.671696,2023-01-01T02:03:27
38.583885,6.671696,2023-01-01T02:03:28
38.583885,6.671696,2023-01-01T02:03:29
38.583885,6.671696,2023-01-01T02:03:30
38.583885,6.671696,2023-01-01T02:03:31
38.583885,6.671696,2023-01-01T02:03:32
38.583885,6.671696,2023-01-01T02:03:33
38.583885,6.671696,2023-01-01T02:03:34
38.583885,6.671696,2023-01-01T02:03:35
38.583885,6.671696,2023-01-01T02:03:36
38.472692,6.671696,2023-01-01T02:03:37
38.472692,6.671696,2023-01-01T02:03:38
38.472692,6.671696,2023-01-01T02:03:39
38.472692,6.671696,2023-01-01T02:03:40
38.472692,6.560501,2023-01-01T02:03:41
38.472692,6.560501,2023-01-01T02:03:42
38.583885,6.560501,2023-01-01T02:03:43
38.583885,6.560501,2023-01-01T02:03:44
38.695078,6.560501,2023-01-01T02:03:45
38.695078,6.560501,2023-01-01T02:03:46
38.806270,6.560501,2023-01-01T02:03:47
38.806270,6.560501,2023-01-01T02:03:48
38.917463,6.560501,2023-01-01T02:03:49
38.917463,6.560501,2023-01-01T02:03:50
39.028656,6.560501,2023-01-01T02:03:51
39.028656,6.449306,2023-01-01T02:03:52
39.028656,6.449306,2023-01-01T02:03:53
39.139849,6.449306,2023-01-01T02:03:54
39.139849,6.449306,2023-01-01T02:03:55
39.251041,6.449306,2023-01-01T02:03:56
39.251041,6.449306,2023-01-01T02:03:57
39.362234,6.449306,2023-01-01T02:03:58
39.362234,6.449306,2023-01-01T02:03:59
39.362234,6.449306,2023-01-01T02:04:00
39.473427,6.449306,2023-01-01T02:04:01
39.473427,6.449306,2023-01-01T02:04:02
39.584620,6.338111,2023-01-01T02:04:03
39.584620,6.338111,2023-01-01T02:04:04
39.695812,6.338111,2023-01-01T02:04:05
39.695812,6.338111,2023-01-01T02:04:06
39.695812,6.338111,2023-01-01T02:04:07
39.807005,6.338111,2023-01-01T02:04:08
39.807005,6.338111,2023-01-01T02:04:09
39.918198,6.338111,2023-01-01T02:04:10
39.918198,6.338111,2023-01-01T02:04:11
40.029391,6.338111,2023-01-01T02:04:12
40.140583,6.226916,2023-01-01T02:04:13
40.251776,6.226916,2023-01-01T02:04:14
40.362969,6.226916,2023-01-01T02:04:15
40.474162,6.226916,2023-01-01T02:04:16
40.585354,6.226916,2023-01-01T02:04:17
40.696547,6.115721,2023-01-01T02:04:18
40.807740,6.115721,2023-01-01T02:04:19
40.918933,6.115721,2023-01-01T02:04:20
41.030125,6.115721,2023-01-01T02:04:21
41.141318,6.115721,2023-01-01T02:04:22
41.141318,6.004526,2023-01-01T02:04:23
41.252511,6.004526,2023-01-01T02:04:24
41.363704,6.004526,2023-01-01T02:04:25
41.474896,6.004526,2023-01-01T02:04:26
41.586089,6.004526,2023-01-01T02:04:27
41.697282,5.893331,2023-01-01T02:04:28
41.697282,5.893331,2023-01-01T02:04:29
41.808475,5.893331,2023-01-01T02:04:30
41.919667,5.893331,2023-01-01T02:04:31
42.030860,5.893331,2023-01-01T02:04:32
42.030860,5.782136,2023-01-01T02:04:33
42.142053,5.782136,2023-01-01T02:04:34
42.142053,5.782136,2023-01-01T02:04:35
42.253246,5.782136,2023-01-01T02:04:36
42.364438,5.782136,2023-01-01T02:04:37
42.364438,5.782136,2023-01-01T02:04:38
42.475631,5.670941,2023-01-01T02:04:39
42.475631,5.670941,2023-01-01T02:04:40
42.586824,5.670941,2023-01-01T02:04:41
42.698017,5.670941,2023-01-01T02:04:42
42.698017,5.670941,2023-01-01T02:04:43
42.809209,5.559746,2023-01-01T02:04:44
42.920402,5.559746,2023-01-01T02:04:45
42.920402,5.559746,2023-01-01T02:04:46
43.031595,5.559746,2023-01-01T02:04:47
43.142788,5.448551,2023-01-01T02:04:48
43.142788,5.448551,2023-01-01T02:04:49
43.253980,5.448551,2023-01-01T02:04:50
43.365173,5.448551,2023-01-01T02:04:51
43.365173,5.448551,2023-01-01T02:04:52
43.476366,5.337356,2023-01-01T02:04:53
43.476366,5.337356,2023-01-01T02:04:54
43.587559,5.337356,2023-01-01T02:04:55
43.587559,5.337356,2023-01-01T02:04:56
43.698751,5.337356,2023-01-01T02:04:57
43.809944,5.226162,2023-01-01T02:04:58
43.809944,5.226162,2023-01-01T02:04:59
43.921137,5.226162,2023-01-01T02:05:00
43.921137,5.226162,2023-01-01T02:05:01
44.032330,5.226162,2023-01-01T02:05:02
44.032330,5.226162,2023-01-01T02:05:03
44.143522,5.114967,2023-01-01T02:05:04
44.143522,5.114967,2023-01-01T02:05:05
44.254715,5.114967,2023-01-01T02:05:06
44.254715,5.114967,2023-01-01T02:05:07
44.365908,5.114967,2023-01-01T02:05:08
44.365908,5.003772,2023-01-01T02:05:09
44.477101,5.003772,2023-01-01T02:05:10
44.477101,5.003772,2023-01-01T02:05:11
44.588293,5.003772,2023-01-01T02:05:12
44.588293,5.003772,2023-01-01T02:05:13
44.699486,4.892577,2023-01-01T02:05:14
44.699486,4.892577,2023-01-01T02:05:15
44.810679,4.892577,2023-01-01T02:05:16
44.810679,4.892577,2023-01-01T02:05:17
44.921872,4.892577,2023-01-01T02:05:18
44.921872,4.892577,2023-01-01T02:05:19
45.033064,4.781382,2023-01-01T02:05:20
45.033064,4.781382,2023-01-01T02:05:21
45.144257,4.781382,2023-01-01T02:05:22
45.144257,4.781382,2023-01-01T02:05:23
45.255450,4.670187,2023-01-01T02:05:24
45.255450,4.670187,2023-01-01T02:05:25
45.255450,4.670187,2023-01-01T02:05:26
45.366643,4.670187,2023-01-01T02:05:27
45.366643,4.558992,2023-01-01T02:05:28
45.477835,4.558992,2023-01-01T02:05:29
45.477835,4.558992,2023-01-01T02:05:30
45.477835,4.558992,2023-01-01T02:05:31
45.589028,4.558992,2023-01-01T02:05:32
45.589028,4.447797,2023-01-01T02:05:33
45.589028,4.447797,2023-01-01T02:05:34
45.700221,4.447797,2023-01-01T02:05:35
45.700221,4.447797,2023-01-01T02:05:36
45.811414,4.447797,2023-01-01T02:05:37
45.811414,4.336602,2023-01-01T02:05:38
45.811414,4.336602,2023-01-01T02:05:39
45.922606,4.336602,2023-01-01T02:05:40
45.922606,4.336602,2023-01-01T02:05:41
45.922606,4.336602,2023-01-01T02:05:42
46.033799,4.336602,2023-01-01T02:05:43
46.033799,4.336602,2023-01-01T02:05:44
46.033799,4.225407,2023-01-01T02:05:45
46.144992,4.225407,2023-01-01T02:05:46
46.144992,4.225407,2023-01-01T02:05:47
46.144992,4.225407,2023-01-01T02:05:48
46.256185,4.225407,2023-01-01T02:05:49
46.256185,4.225407,2023-01-01T02:05:50
46.256185,4.114212,2023-01-01T02:05:51
46.367377,4.114212,2023-01-01T02:05:52
46.367377,4.114212,2023-01-01T02:05:53
46.367377,4.114212,2023-01-01T02:05:54
46.478570,4.114212,2023-01-01T02:05:55
46.478570,4.114212,2023-01-01T02:05:56
46.478570,4.114212,2023-01-01T02:05:57
46.478570,4.003017,2023-01-01T02:05:58
46.589763,4.003017,2023-01-01T02:05:59
46.589763,4.003017,2023-01-01T02:06:00
46.589763,4.003017,2023-01-01T02:06:01
46.700956,4.003017,2023-01-01T02:06:02
46.700956,4.003017,2023-01-01T02:06:03
46.700956,3.891822,2023-01-01T02:06:04
46.812148,3.891822,2023-01-01T02:06:05
46.812148,3.891822,2023-01-01T02:06:06
46.812148,3.891822,2023-01-01T02:06:07
46.812148,3.891822,2023-01-01T02:06:08
46.923341,3.780628,2023-01-01T02:06:09
46.923341,3.780628,2023-01-01T02:06:10
46.923341,3.780628,2023-01-01T02:06:11
47.034534,3.780628,2023-01-01T02:06:12
47.034534,3.780628,2023-01-01T02:06:13
47.034534,3.780628,2023-01-01T02:06:14
47.034534,3.780628,2023-01-01T02:06:15
47.145727,3.669433,2023-01-01T02:06:16
47.145727,3.669433,2023-01-01T02:06:17
47.145727,3.669433,2023-01-01T02:06:18
47.145727,3.669433,2023-01-01T02:06:19
47.256919,3.669433,2023-01-01T02:06:20
47.256919,3.669433,2023-01-01T02:06:21
47.256919,3.558238,2023-01-01T02:06:22
47.368112,3.558238,2023-01-01T02:06:23
47.368112,3.558238,2023-01-01T02:06:24
47.368112,3.558238,2023-01-01T02:06:25
47.368112,3.558238,2023-01-01T02:06:26
47.479305,3.558238,2023-01-01T02:06:27
47.479305,3.558238,2023-01-01T02:06:28
47.479305,3.447043,2023-01-01T02:06:29
47.479305,3.447043,2023-01-01T02:06:30
47.590498,3.447043,2023-01-01T02:06:31
47.590498,3.447043,2023-01-01T02:06:32
47.590498,3.447043,2023-01-01T02:06:33
47.590498,3.447043,2023-01-01T02:06:34
47.701690,3.447043,2023-01-01T02:06:35
47.701690,3.335848,2023-01-01T02:06:36
47.701690,3.335848,2023-01-01T02:06:37
47.812883,3.335848,2023-01-01T02:06:38
47.812883,3.335848,2023-01-01T02:06:39
47.812883,3.335848,2023-01-01T02:06:40
47.812883,3.335848,2023-01-01T02:06:41
47.812883,3.335848,2023-01-01T02:06:42
47.924076,3.224653,2023-01-01T02:06:43
47.924076,3.224653,2023-01-01T02:06:44
47.924076,3.224653,2023-01-01T02:06:45
47.924076,3.224653,2023-01-01T02:06:46
47.924076,3.224653,2023-01-01T02:06:47
48.035269,3.224653,2023-01-01T02:06:48
48.035269,3.224653,2023-01-01T02:06:49
48.035269,3.113458,2023-01-01T02:06:50
48.035269,3.113458,2023-01-01T02:06:51
48.035269,3.113458,2023-01-01T02:06:52
48.035269,3.113458,2023-01-01T02:06:53
