x,y,timestamp
0.000000,0.000000,2023-01-01T07:38:51
-0.111192,0.000000,2023-01-01T07:38:52
-0.111192,0.000000,2023-01-01T07:38:53
-0.111192,0.000000,2023-01-01T07:38:54
-0.222385,0.000000,2023-01-01T07:38:55
-0.222385,0.000000,2023-01-01T07:38:56
-0.222385,0.000000,2023-01-01T07:38:57
-0.333577,0.000000,2023-01-01T07:38:58
-0.333577,0.000000,2023-01-01T07:38:59
-0.333577,0.000000,2023-01-01T07:39:00
-0.333577,0.111195,2023-01-01T07:39:01
-0.444769,0.111195,2023-01-01T07:39:02
-0.444769,0.111195,2023-01-01T07:39:03
-0.444769,0.111195,2023-01-01T07:39:04
-0.444769,0.111195,2023-01-01T07:39:05
-0.555961,0.111195,2023-01-01T07:39:06
-0.555961,0.111195,2023-01-01T07:39:07
-0.555961,0.111195,2023-01-01T07:39:08
-0.555961,0.111195,2023-01-01T07:39:09
-0.667154,0.111195,2023-01-01T07:39:10
-0.667154,0.111195,2023-01-01T07:39:11
-0.667154,0.000000,2023-01-01T07:39:12
-0.667154,0.000000,2023-01-01T07:39:13
-0.778346,0.000000,2023-01-01T07:39:14
-0.778346,0.000000,2023-01-01T07:39:15
-0.778346,0.000000,2023-01-01T07:39:16
-0.778346,0.000000,2023-01-01T07:39:17
-0.778346,0.000000,2023-01-01T07:39:18
-0.889538,0.000000,2023-01-01T07:39:19
-0.889538,0.000000,2023-01-01T07:39:20
-0.889538,0.000000,2023-01-01T07:39:21
-0.889538,0.000000,2023-01-01T07:39:22
-0.889538,0.000000,2023-01-01T07:39:23
-1.000731,0.000000,2023-01-01T07:39:24
-1.000731,0.000000,2023-01-01T07:39:25
-1.000731,0.000000,2023-01-01T07:39:26
-1.000731,0.000000,2023-01-01T07:39:27
-1.000731,0.000000,2023-01-01T07:39:28
-1.000731,0.000000,2023-01-01T07:39:29
-1.000731,0.000000,2023-01-01T07:39:30
-1.111923,0.000000,2023-01-01T07:39:31
-1.111923,0.000000,2023-01-01T07:39:32
-1.111923,0.000000,2023-01-01T07:39:33
-1.111923,0.000000,2023-01-01T07:39:34
-1.111923,0.000000,2023-01-01T07:39:35
-1.111923,0.000000,2023-01-01T07:39:36
-1.111923,0.000000,2023-01-01T07:39:37
-1.111923,0.000000,2023-01-01T07:39:38
-1.111923,0.000000,2023-01-01T07:39:39
-1.223115,0.000000,2023-01-01T07:39:40
-1.223115,0.000000,2023-01-01T07:39:41
-1.223115,0.000000,2023-01-01T07:39:42
-1.223115,0.000000,2023-01-01T07:39:43
-1.223115,0.000000,2023-01-01T07:39:44
-1.223115,0.000000,2023-01-01T07:39:45
-1.223115,0.000000,2023-01-01T07:39:46
-1.223115,0.000000,2023-01-01T07:39:47
-1.223115,0.000000,2023-01-01T07:39:48
-1.334307,-0.111195,2023-01-01T07:39:49
-1.334307,-0.111195,2023-01-01T07:39:50
-1.334307,-0.111195,2023-01-01T07:39:51
-1.334307,-0.111195,2023-01-01T07:39:52
-1.334307,-0.111195,2023-01-01T07:39:53
-1.334307,-0.111195,2023-01-01T07:39:54
-1.334307,-0.111195,2023-01-01T07:39:55
-1.334307,-0.111195,2023-01-01T07:39:56
-1.334307,-0.111195,2023-01-01T07:39:57
-1.334307,-0.111195,2023-01-01T07:39:58
-1.334307,-0.111195,2023-01-01T07:39:59
-1.334307,-0.111195,2023-01-01T07:40:00
-1.445500,-0.111195,2023-01-01T07:40:01
-1.445500,-0.111195,2023-01-01T07:40:02
-1.445500,-0.111195,2023-01-01T07:40:03
-1.445500,-0.111195,2023-01-01T07:40:04
-1.445500,-0.111195,2023-01-01T07:40:05
-1.445500,-0.111195,2023-01-01T07:40:06
-1.445500,-0.111195,2023-01-01T07:40:07
-1.445500,-0.222390,2023-01-01T07:40:08
-1.445500,-0.222390,2023-01-01T07:40:09
-1.445500,-0.222390,2023-01-01T07:40:10
-1.445500,-0.222390,2023-01-01T07:40:11
-1.445500,-0.222390,2023-01-01T07:40:12
-1.556692,-0.222390,2023-01-01T07:40:13
-1.556692,-0.222390,2023-01-01T07:40:14
-1.556692,-0.222390,2023-01-01T07:40:15
-1.556692,-0.222390,2023-01-01T07:40:16
-1.556692,-0.222390,2023-01-01T07:40:17
-1.556692,-0.222390,2023-01-01T07:40:18
-1.556692,-0.222390,2023-01-01T07:40:19
-1.556692,-0.222390,2023-01-01T07:40:20
-1.556692,-0.222390,2023-01-01T07:40:21
-1.556692,-0.222390,2023-01-01T07:40:22
-1.667884,-0.222390,2023-01-01T07:40:23
-1.667884,-0.222390,2023-01-01T07:40:24
-1.667884,-0.222390,2023-01-01T07:40:25
-1.667884,-0.222390,2023-01-01T07:40:26
-1.667884,-0.222390,2023-01-01T07:40:27
-1.667884,-0.333585,2023-01-01T07:40:28
-1.667884,-0.333585,2023-01-01T07:40:29
-1.667884,-0.333585,2023-01-01T07:40:30
-1.667884,-0.333585,2023-01-01T07:40:31
-1.667884,-0.333585,2023-01-01T07:40:32
-1.779077,-0.333585,2023-01-01T07:40:33
-1.779077,-0.333585,2023-01-01T07:40:34
-1.779077,-0.333585,2023-01-01T07:40:35
-1.779077,-0.333585,2023-01-01T07:40:36
-1.779077,-0.333585,2023-01-01T07:40:37
-1.779077,-0.333585,2023-01-01T07:40:38
-1.779077,-0.333585,2023-01-01T07:40:39
-1.779077,-0.333585,2023-01-01T07:40:40
-1.779077,-0.333585,2023-01-01T07:40:41
-1.779077,-0.333585,2023-01-01T07:40:42
-1.890269,-0.333585,2023-01-01T07:40:43
-1.890269,-0.333585,2023-01-01T07:40:44
-1.890269,-0.444780,2023-01-01T07:40:45
-1.890269,-0.444780,2023-01-01T07:40:46
-1.890269,-0.444780,2023-01-01T07:40:47
-1.890269,-0.444780,2023-01-01T07:40:48
-1.890269,-0.444780,2023-01-01T07:40:49
-1.890269,-0.444780,2023-01-01T07:40:50
-1.890269,-0.444780,2023-01-01T07:40:51
-1.890269,-0.444780,2023-01-01T07:40:52
-2.001461,-0.444780,2023-01-01T07:40:53
-2.001461,-0.444780,2023-01-01T07:40:54
-2.001461,-0.444780,2023-01-01T07:40:55
-2.001461,-0.444780,2023-01-01T07:40:56
-2.001461,-0.444780,2023-01-01T07:40:57
-2.001461,-0.444780,2023-01-01T07:40:58
-2.001461,-0.444780,2023-01-01T07:40:59
-2.001461,-0.444780,2023-01-01T07:41:00
-2.001461,-0.555975,2023-01-01T07:41:01
-2.001461,-0.555975,2023-01-01T07:41:02
-2.112653,-0.555975,2023-01-01T07:41:03
-2.112653,-0.555975,2023-01-01T07:41:04
-2.112653,-0.555975,2023-01-01T07:41:05
-2.112653,-0.555975,2023-01-01T07:41:06
-2.112653,-0.555975,2023-01-01T07:41:07
-2.112653,-0.555975,2023-01-01T07:41:08
-2.112653,-0.555975,2023-01-01T07:41:09
-2.112653,-0.555975,2023-01-01T07:41:10
-2.112653,-0.555975,2023-01-01T07:41:11
-2.112653,-0.555975,2023-01-01T07:41:12
-2.223846,-0.667170,2023-01-01T07:41:13
-2.223846,-0.667170,2023-01-01T07:41:14
-2.223846,-0.667170,2023-01-01T07:41:15
-2.223846,-0.667170,2023-01-01T07:41:16
-2.223846,-0.667170,2023-01-01T07:41:17
-2.223846,-0.667170,2023-01-01T07:41:18
-2.223846,-0.778364,2023-01-01T07:41:19
-2.223846,-0.778364,2023-01-01T07:41:20
-2.223846,-0.778364,2023-01-01T07:41:21
-2.223846,-0.778364,2023-01-01T07:41:22
-2.223846,-0.778364,2023-01-01T07:41:23
-2.223846,-0.778364,2023-01-01T07:41:24
-2.335038,-0.778364,2023-01-01T07:41:25
-2.335038,-0.778364,2023-01-01T07:41:26
-2.335038,-0.778364,2023-01-01T07:41:27
-2.335038,-0.889559,2023-01-01T07:41:28
-2.335038,-0.889559,2023-01-01T07:41:29
-2.335038,-0.889559,2023-01-01T07:41:30
-2.335038,-0.889559,2023-01-01T07:41:31
-2.446230,-0.889559,2023-01-01T07:41:32
-2.446230,-0.889559,2023-01-01T07:41:33
-2.446230,-0.889559,2023-01-01T07:41:34
-2.446230,-0.889559,2023-01-01T07:41:35
-2.446230,-0.889559,2023-01-01T07:41:36
-2.446230,-0.889559,2023-01-01T07:41:37
-2.446230,-0.889559,2023-01-01T07:41:38
-2.557423,-0.889559,2023-01-01T07:41:39
-2.557423,-0.889559,2023-01-01T07:41:40
-2.557423,-0.889559,2023-01-01T07:41:41
-2.557423,-0.889559,2023-01-01T07:41:42
-2.557423,-0.889559,2023-01-01T07:41:43
-2.557423,-0.889559,2023-01-01T07:41:44
-2.557423,-0.889559,2023-01-01T07:41:45
-2.668615,-0.889559,2023-01-01T07:41:46
-2.668615,-1.000754,2023-01-01T07:41:47
-2.668615,-1.000754,2023-01-01T07:41:48
-2.668615,-1.000754,2023-01-01T07:41:49
-2.668615,-1.000754,2023-01-01T07:41:50
-2.668615,-1.000754,2023-01-01T07:41:51
-2.668615,-1.000754,2023-01-01T07:41:52
-2.779807,-1.000754,2023-01-01T07:41:53
-2.779807,-1.000754,2023-01-01T07:41:54
-2.779807,-1.000754,2023-01-01T07:41:55
-2.779807,-1.000754,2023-01-01T07:41:56
-2.779807,-1.000754,2023-01-01T07:41:57
-2.779807,-1.111949,2023-01-01T07:41:58
-2.779807,-1.111949,2023-01-01T07:41:59
-2.890999,-1.111949,2023-01-01T07:42:00
-2.890999,-1.111949,2023-01-01T07:42:01
-2.890999,-1.111949,2023-01-01T07:42:02
-2.890999,-1.111949,2023-01-01T07:42:03
-2.890999,-1.111949,2023-01-01T07:42:04
-2.890999,-1.111949,2023-01-01T07:42:05
-2.890999,-1.111949,2023-01-01T07:42:06
-3.002192,-1.111949,2023-01-01T07:42:07
-3.002192,-1.223144,2023-01-01T07:42:08
-3.002192,-1.223144,2023-01-01T07:42:09
-3.002192,-1.223144,2023-01-01T07:42:10
-3.002192,-1.223144,2023-01-01T07:42:11
-3.002192,-1.223144,2023-01-01T07:42:12
-3.002192,-1.223144,2023-01-01T07:42:13
-3.113384,-1.223144,2023-01-01T07:42:14
-3.113384,-1.223144,2023-01-01T07:42:15
-3.113384,-1.223144,2023-01-01T07:42:16
-3.113384,-1.223144,2023-01-01T07:42:17
-3.113384,-1.223144,2023-01-01T07:42:18
-3.113384,-1.223144,2023-01-01T07:42:19
-3.113384,-1.223144,2023-01-01T07:42:20
-3.224576,-1.334339,2023-01-01T07:42:21
-3.224576,-1.334339,2023-01-01T07:42:22
-3.224576,-1.334339,2023-01-01T07:42:23
-3.224576,-1.334339,2023-01-01T07:42:24
-3.224576,-1.334339,2023-01-01T07:42:25
-3.224576,-1.334339,2023-01-01T07:42:26
-3.335769,-1.334339,2023-01-01T07:42:27
-3.335769,-1.334339,2023-01-01T07:42:28
-3.335769,-1.334339,2023-01-01T07:42:29
-3.335769,-1.334339,2023-01-01T07:42:30
-3.335769,-1.334339,2023-01-01T07:42:31
-3.335769,-1.334339,2023-01-01T07:42:32
-3.335769,-1.334339,2023-01-01T07:42:33
-3.446961,-1.334339,2023-01-01T07:42:34
-3.446961,-1.334339,2023-01-01T07:42:35
-3.446961,-1.445534,2023-01-01T07:42:36
-3.446961,-1.445534,2023-01-01T07:42:37
-3.446961,-1.445534,2023-01-01T07:42:38
-3.446961,-1.445534,2023-01-01T07:42:39
-3.446961,-1.445534,2023-01-01T07:42:40
-3.558153,-1.445534,2023-01-01T07:42:41
-3.558153,-1.445534,2023-01-01T07:42:42
-3.558153,-1.445534,2023-01-01T07:42:43
-3.558153,-1.445534,2023-01-01T07:42:44
-3.558153,-1.445534,2023-01-01T07:42:45
-3.558153,-1.445534,2023-01-01T07:42:46
-3.669345,-1.445534,2023-01-01T07:42:47
-3.669345,-1.445534,2023-01-01T07:42:48
-3.669345,-1.445534,2023-01-01T07:42:49
-3.669345,-1.445534,2023-01-01T07:42:50
-3.669345,-1.445534,2023-01-01T07:42:51
-3.669345,-1.445534,2023-01-01T07:42:52
-3.669345,-1.445534,2023-01-01T07:42:53
-3.780538,-1.445534,2023-01-01T07:42:54
-3.780538,-1.445534,2023-01-01T07:42:55
-3.780538,-1.445534,2023-01-01T07:42:56
-3.780538,-1.445534,2023-01-01T07:42:57
-3.780538,-1.445534,2023-01-01T07:42:58
-3.780538,-1.445534,2023-01-01T07:42:59
-3.891730,-1.445534,2023-01-01T07:43:00
-3.891730,-1.556729,2023-01-01T07:43:01
-3.891730,-1.556729,2023-01-01T07:43:02
-3.891730,-1.556729,2023-01-01T07:43:03
-3.891730,-1.556729,2023-01-01T07:43:04
-3.891730,-1.556729,2023-01-01T07:43:05
-4.002922,-1.556729,2023-01-01T07:43:06
-4.002922,-1.556729,2023-01-01T07:43:07
-4.002922,-1.556729,2023-01-01T07:43:08
-4.002922,-1.556729,2023-01-01T07:43:09
-4.002922,-1.556729,2023-01-01T07:43:10
-4.002922,-1.556729,2023-01-01T07:43:11
-4.002922,-1.556729,2023-01-01T07:43:12
-4.114115,-1.556729,2023-01-01T07:43:13
-4.114115,-1.667924,2023-01-01T07:43:14
-4.114115,-1.667924,2023-01-01T07:43:15
-4.114115,-1.667924,2023-01-01T07:43:16
-4.114115,-1.667924,2023-01-01T07:43:17
-4.114115,-1.667924,2023-01-01T07:43:18
-4.114115,-1.667924,2023-01-01T07:43:19
-4.225307,-1.779119,2023-01-01T07:43:20
-4.225307,-1.779119,2023-01-01T07:43:21
-4.225307,-1.779119,2023-01-01T07:43:22
-4.225307,-1.779119,2023-01-01T07:43:23
-4.225307,-1.779119,2023-01-01T07:43:24
-4.225307,-1.779119,2023-01-01T07:43:25
-4.336499,-1.890314,2023-01-01T07:43:26
-4.336499,-1.890314,2023-01-01T07:43:27
-4.336499,-1.890314,2023-01-01T07:43:28
-4.336499,-1.890314,2023-01-01T07:43:29
-4.336499,-1.890314,2023-01-01T07:43:30
-4.336499,-1.890314,2023-01-01T07:43:31
-4.447691,-2.001509,2023-01-01T07:43:32
-4.447691,-2.001509,2023-01-01T07:43:33
-4.447691,-2.001509,2023-01-01T07:43:34
-4.447691,-2.001509,2023-01-01T07:43:35
-4.447691,-2.001509,2023-01-01T07:43:36
-4.447691,-2.001509,2023-01-01T07:43:37
-4.558884,-2.001509,2023-01-01T07:43:38
-4.558884,-2.001509,2023-01-01T07:43:39
-4.558884,-2.112704,2023-01-01T07:43:40
-4.558884,-2.112704,2023-01-01T07:43:41
-4.558884,-2.112704,2023-01-01T07:43:42
-4.558884,-2.112704,2023-01-01T07:43:43
-4.670076,-2.112704,2023-01-01T07:43:44
-4.670076,-2.112704,2023-01-01T07:43:45
-4.670076,-2.112704,2023-01-01T07:43:46
-4.670076,-2.112704,2023-01-01T07:43:47
-4.670076,-2.112704,2023-01-01T07:43:48
-4.670076,-2.112704,2023-01-01T07:43:49
-4.781268,-2.112704,2023-01-01T07:43:50
-4.781268,-2.112704,2023-01-01T07:43:51
-4.781268,-2.112704,2023-01-01T07:43:52
-4.781268,-2.112704,2023-01-01T07:43:53
-4.781268,-2.112704,2023-01-01T07:43:54
-4.892460,-2.112704,2023-01-01T07:43:55
-4.892460,-2.112704,2023-01-01T07:43:56
-4.892460,-2.112704,2023-01-01T07:43:57
-4.892460,-2.112704,2023-01-01T07:43:58
-4.892460,-2.112704,2023-01-01T07:43:59
-4.892460,-2.112704,2023-01-01T07:44:00
-5.003653,-2.112704,2023-01-01T07:44:01
-5.003653,-2.112704,2023-01-01T07:44:02
-5.003653,-2.112704,2023-01-01T07:44:03
-5.003653,-2.223899,2023-01-01T07:44:04
-5.003653,-2.223899,2023-01-01T07:44:05
-5.114845,-2.223899,2023-01-01T07:44:06
-5.114845,-2.223899,2023-01-01T07:44:07
-5.114845,-2.223899,2023-01-01T07:44:08
-5.114845,-2.223899,2023-01-01T07:44:09
-5.114845,-2.223899,2023-01-01T07:44:10
-5.114845,-2.223899,2023-01-01T07:44:11
-5.226037,-2.223899,2023-01-01T07:44:12
-5.226037,-2.223899,2023-01-01T07:44:13
-5.226037,-2.223899,2023-01-01T07:44:14
-5.226037,-2.223899,2023-01-01T07:44:15
-5.226037,-2.223899,2023-01-01T07:44:16
-5.337230,-2.223899,2023-01-01T07:44:17
-5.337230,-2.223899,2023-01-01T07:44:18
-5.337230,-2.223899,2023-01-01T07:44:19
-5.337230,-2.223899,2023-01-01T07:44:20
-5.337230,-2.223899,2023-01-01T07:44:21
-5.337230,-2.223899,2023-01-01T07:44:22
-5.448422,-2.223899,2023-01-01T07:44:23
-5.448422,-2.223899,2023-01-01T07:44:24
-5.448422,-2.223899,2023-01-01T07:44:25
-5.448422,-2.223899,2023-01-01T07:44:26
-5.448422,-2.223899,2023-01-01T07:44:27
-5.448422,-2.223899,2023-01-01T07:44:28
-5.559614,-2.223899,2023-01-01T07:44:29
-5.559614,-2.223899,2023-01-01T07:44:30
-5.559614,-2.223899,2023-01-01T07:44:31
-5.559614,-2.223899,2023-01-01T07:44:32
-5.559614,-2.223899,2023-01-01T07:44:33
-5.559614,-2.223899,2023-01-01T07:44:34
-5.670806,-2.223899,2023-01-01T07:44:35
-5.670806,-2.223899,2023-01-01T07:44:36
-5.670806,-2.223899,2023-01-01T07:44:37
-5.670806,-2.223899,2023-01-01T07:44:38
-5.670806,-2.223899,2023-01-01T07:44:39
-5.670806,-2.223899,2023-01-01T07:44:40
-5.781999,-2.223899,2023-01-01T07:44:41
-5.781999,-2.223899,2023-01-01T07:44:42
-5.781999,-2.335093,2023-01-01T07:44:43
-5.781999,-2.335093,2023-01-01T07:44:44
-5.781999,-2.335093,2023-01-01T07:44:45
-5.781999,-2.335093,2023-01-01T07:44:46
-5.893191,-2.335093,2023-01-01T07:44:47
-5.893191,-2.335093,2023-01-01T07:44:48
-5.893191,-2.335093,2023-01-01T07:44:49
-5.893191,-2.335093,2023-01-01T07:44:50
-5.893191,-2.335093,2023-01-01T07:44:51
-6.004383,-2.335093,2023-01-01T07:44:52
-6.004383,-2.335093,2023-01-01T07:44:53
-6.004383,-2.335093,2023-01-01T07:44:54
-6.004383,-2.335093,2023-01-01T07:44:55
-6.004383,-2.335093,2023-01-01T07:44:56
-6.004383,-2.335093,2023-01-01T07:44:57
-6.115576,-2.446288,2023-01-01T07:44:58
-6.115576,-2.446288,2023-01-01T07:44:59
-6.115576,-2.446288,2023-01-01T07:45:00
-6.115576,-2.446288,2023-01-01T07:45:01
-6.115576,-2.446288,2023-01-01T07:45:02
-6.226768,-2.446288,2023-01-01T07:45:03
-6.226768,-2.446288,2023-01-01T07:45:04
-6.226768,-2.446288,2023-01-01T07:45:05
-6.226768,-2.446288,2023-01-01T07:45:06
-6.226768,-2.446288,2023-01-01T07:45:07
-6.226768,-2.446288,2023-01-01T07:45:08
-6.337960,-2.446288,2023-01-01T07:45:09
-6.337960,-2.557483,2023-01-01T07:45:10
-6.337960,-2.557483,2023-01-01T07:45:11
-6.337960,-2.557483,2023-01-01T07:45:12
-6.337960,-2.557483,2023-01-01T07:45:13
-6.337960,-2.557483,2023-01-01T07:45:14
-6.449152,-2.557483,2023-01-01T07:45:15
-6.449152,-2.557483,2023-01-01T07:45:16
-6.449152,-2.557483,2023-01-01T07:45:17
-6.449152,-2.557483,2023-01-01T07:45:18
-6.449152,-2.668678,2023-01-01T07:45:19
-6.560345,-2.668678,2023-01-01T07:45:20
-6.560345,-2.668678,2023-01-01T07:45:21
-6.560345,-2.668678,2023-01-01T07:45:22
-6.560345,-2.668678,2023-01-01T07:45:23
-6.560345,-2.668678,2023-01-01T07:45:24
-6.560345,-2.668678,2023-01-01T07:45:25
-6.671537,-2.668678,2023-01-01T07:45:26
-6.671537,-2.668678,2023-01-01T07:45:27
-6.671537,-2.779873,2023-01-01T07:45:28
-6.671537,-2.779873,2023-01-01T07:45:29
-6.671537,-2.779873,2023-01-01T07:45:30
-6.782729,-2.779873,2023-01-01T07:45:31
-6.782729,-2.779873,2023-01-01T07:45:32
-6.782729,-2.779873,2023-01-01T07:45:33
-6.782729,-2.779873,2023-01-01T07:45:34
-6.782729,-2.779873,2023-01-01T07:45:35
-6.782729,-2.779873,2023-01-01T07:45:36
-6.893922,-2.891068,2023-01-01T07:45:37
-6.893922,-2.891068,2023-01-01T07:45:38
-6.893922,-2.891068,2023-01-01T07:45:39
-6.893922,-2.891068,2023-01-01T07:45:40
-6.893922,-2.891068,2023-01-01T07:45:41
-7.005114,-2.891068,2023-01-01T07:45:42
-7.005114,-2.891068,2023-01-01T07:45:43
-7.005114,-3.002263,2023-01-01T07:45:44
-7.005114,-3.002263,2023-01-01T07:45:45
-7.005114,-3.002263,2023-01-01T07:45:46
-7.116306,-3.002263,2023-01-01T07:45:47
-7.116306,-3.002263,2023-01-01T07:45:48
-7.116306,-3.002263,2023-01-01T07:45:49
-7.116306,-3.002263,2023-01-01T07:45:50
-7.116306,-3.002263,2023-01-01T07:45:51
-7.227498,-3.002263,2023-01-01T07:45:52
-7.227498,-3.113458,2023-01-01T07:45:53
-7.227498,-3.113458,2023-01-01T07:45:54
-7.227498,-3.113458,2023-01-01T07:45:55
-7.227498,-3.113458,2023-01-01T07:45:56
-7.338691,-3.113458,2023-01-01T07:45:57
-7.338691,-3.113458,2023-01-01T07:45:58
-7.338691,-3.113458,2023-01-01T07:45:59
-7.338691,-3.113458,2023-01-01T07:46:00
-7.338691,-3.224653,2023-01-01T07:46:01
-7.449883,-3.224653,2023-01-01T07:46:02
-7.449883,-3.224653,2023-01-01T07:46:03
-7.449883,-3.224653,2023-01-01T07:46:04
-7.449883,-3.224653,2023-01-01T07:46:05
-7.449883,-3.224653,2023-01-01T07:46:06
-7.449883,-3.224653,2023-01-01T07:46:07
-7.561075,-3.224653,2023-01-01T07:46:08
-7.561075,-3.224653,2023-01-01T07:46:09
-7.561075,-3.335848,2023-01-01T07:46:10
-7.561075,-3.335848,2023-01-01T07:46:11
-7.561075,-3.335848,2023-01-01T07:46:12
-7.561075,-3.335848,2023-01-01T07:46:13
-7.672268,-3.335848,2023-01-01T07:46:14
-7.672268,-3.335848,2023-01-01T07:46:15
-7.672268,-3.335848,2023-01-01T07:46:16
-7.672268,-3.335848,2023-01-01T07:46:17
-7.672268,-3.335848,2023-01-01T07:46:18
-7.783460,-3.447043,2023-01-01T07:46:19
-7.783460,-3.447043,2023-01-01T07:46:20
-7.783460,-3.447043,2023-01-01T07:46:21
-7.783460,-3.447043,2023-01-01T07:46:22
-7.783460,-3.447043,2023-01-01T07:46:23
-7.783460,-3.447043,2023-01-01T07:46:24
-7.894652,-3.447043,2023-01-01T07:46:25
-7.894652,-3.447043,2023-01-01T07:46:26
-7.894652,-3.558238,2023-01-01T07:46:27
-7.894652,-3.558238,2023-01-01T07:46:28
-7.894652,-3.558238,2023-01-01T07:46:29
-7.894652,-3.558238,2023-01-01T07:46:30
-8.005844,-3.558238,2023-01-01T07:46:31
-8.005844,-3.558238,2023-01-01T07:46:32
-8.005844,-3.558238,2023-01-01T07:46:33
-8.005844,-3.558238,2023-01-01T07:46:34
-8.005844,-3.669433,2023-01-01T07:46:35
-8.005844,-3.669433,2023-01-01T07:46:36
-8.005844,-3.669433,2023-01-01T07:46:37
-8.005844,-3.669433,2023-01-01T07:46:38
-8.117037,-3.669433,2023-01-01T07:46:39
-8.117037,-3.669433,2023-01-01T07:46:40
-8.117037,-3.669433,2023-01-01T07:46:41
-8.117037,-3.780628,2023-01-01T07:46:42
-8.117037,-3.780628,2023-01-01T07:46:43
-8.117037,-3.780628,2023-01-01T07:46:44
-8.228229,-3.780628,2023-01-01T07:46:45
-8.228229,-3.780628,2023-01-01T07:46:46
-8.228229,-3.780628,2023-01-01T07:46:47
-8.228229,-3.780628,2023-01-01T07:46:48
-8.228229,-3.891822,2023-01-01T07:46:49
-8.228229,-3.891822,2023-01-01T07:46:50
-8.228229,-3.891822,2023-01-01T07:46:51
-8.339421,-3.891822,2023-01-01T07:46:52
-8.339421,-3.891822,2023-01-01T07:46:53
-8.339421,-3.891822,2023-01-01T07:46:54
-8.339421,-3.891822,2023-01-01T07:46:55
-8.339421,-4.003017,2023-01-01T07:46:56
-8.339421,-4.003017,2023-01-01T07:46:57
-8.339421,-4.003017,2023-01-01T07:46:58
-8.450614,-4.003017,2023-01-01T07:46:59
-8.450614,-4.003017,2023-01-01T07:47:00
-8.450614,-4.003017,2023-01-01T07:47:01
-8.450614,-4.003017,2023-01-01T07:47:02
-8.450614,-4.114212,2023-01-01T07:47:03
-8.450614,-4.114212,2023-01-01T07:47:04
-8.561806,-4.114212,2023-01-01T07:47:05
-8.561806,-4.114212,2023-01-01T07:47:06
-8.561806,-4.114212,2023-01-01T07:47:07
-8.561806,-4.114212,2023-01-01T07:47:08
-8.561806,-4.114212,2023-01-01T07:47:09
-8.561806,-4.225407,2023-01-01T07:47:10
-8.561806,-4.225407,2023-01-01T07:47:11
-8.672998,-4.225407,2023-01-01T07:47:12
-8.672998,-4.225407,2023-01-01T07:47:13
-8.672998,-4.225407,2023-01-01T07:47:14
-8.672998,-4.225407,2023-01-01T07:47:15
-8.672998,-4.336602,2023-01-01T07:47:16
-8.672998,-4.336602,2023-01-01T07:47:17
-8.784190,-4.336602,2023-01-01T07:47:18
-8.784190,-4.336602,2023-01-01T07:47:19
-8.784190,-4.336602,2023-01-01T07:47:20
-8.784190,-4.336602,2023-01-01T07:47:21
-8.784190,-4.336602,2023-01-01T07:47:22
-8.784190,-4.447797,2023-01-01T07:47:23
-8.784190,-4.447797,2023-01-01T07:47:24
-8.895383,-4.447797,2023-01-01T07:47:25
-8.895383,-4.447797,2023-01-01T07:47:26
-8.895383,-4.447797,2023-01-01T07:47:27
-8.895383,-4.447797,2023-01-01T07:47:28
-8.895383,-4.447797,2023-01-01T07:47:29
-8.895383,-4.558992,2023-01-01T07:47:30
-9.006575,-4.558992,2023-01-01T07:47:31
-9.006575,-4.558992,2023-01-01T07:47:32
-9.006575,-4.558992,2023-01-01T07:47:33
-9.006575,-4.558992,2023-01-01T07:47:34
-9.006575,-4.558992,2023-01-01T07:47:35
-9.006575,-4.558992,2023-01-01T07:47:36
-9.117767,-4.670187,2023-01-01T07:47:37
-9.117767,-4.670187,2023-01-01T07:47:38
-9.117767,-4.670187,2023-01-01T07:47:39
-9.117767,-4.670187,2023-01-01T07:47:40
-9.117767,-4.670187,2023-01-01T07:47:41
-9.117767,-4.670187,2023-01-01T07:47:42
-9.117767,-4.670187,2023-01-01T07:47:43
-9.228960,-4.781382,2023-01-01T07:47:44
-9.228960,-4.781382,2023-01-01T07:47:45
-9.228960,-4.781382,2023-01-01T07:47:46
-9.228960,-4.781382,2023-01-01T07:47:47
-9.228960,-4.781382,2023-01-01T07:47:48
-9.228960,-4.781382,2023-01-01T07:47:49
-9.340152,-4.781382,2023-01-01T07:47:50
-9.340152,-4.892577,2023-01-01T07:47:51
-9.340152,-4.892577,2023-01-01T07:47:52
-9.340152,-4.892577,2023-01-01T07:47:53
-9.340152,-4.892577,2023-01-01T07:47:54
-9.340152,-4.892577,2023-01-01T07:47:55
-9.451344,-4.892577,2023-01-01T07:47:56
-9.451344,-4.892577,2023-01-01T07:47:57
-9.451344,-5.003772,2023-01-01T07:47:58
-9.451344,-5.003772,2023-01-01T07:47:59
-9.451344,-5.003772,2023-01-01T07:48:00
-9.451344,-5.003772,2023-01-01T07:48:01
-9.562536,-5.003772,2023-01-01T07:48:02
-9.562536,-5.003772,2023-01-01T07:48:03
-9.562536,-5.003772,2023-01-01T07:48:04
-9.562536,-5.114967,2023-01-01T07:48:05
-9.562536,-5.114967,2023-01-01T07:48:06
-9.562536,-5.114967,2023-01-01T07:48:07
-9.673729,-5.114967,2023-01-01T07:48:08
-9.673729,-5.114967,2023-01-01T07:48:09
-9.673729,-5.114967,2023-01-01T07:48:10
-9.673729,-5.114967,2023-01-01T07:48:11
-9.673729,-5.226162,2023-01-01T07:48:12
-9.673729,-5.226162,2023-01-01T07:48:13
-9.784921,-5.226162,2023-01-01T07:48:14
-9.784921,-5.226162,2023-01-01T07:48:15
-9.784921,-5.226162,2023-01-01T07:48:16
-9.784921,-5.226162,2023-01-01T07:48:17
-9.784921,-5.226162,2023-01-01T07:48:18
-9.784921,-5.226162,2023-01-01T07:48:19
-9.896113,-5.226162,2023-01-01T07:48:20
-9.896113,-5.226162,2023-01-01T07:48:21
-9.896113,-5.337356,2023-01-01T07:48:22
-9.896113,-5.337356,2023-01-01T07:48:23
-9.896113,-5.337356,2023-01-01T07:48:24
-9.896113,-5.337356,2023-01-01T07:48:25
-10.007306,-5.337356,2023-01-01T07:48:26
-10.007306,-5.337356,2023-01-01T07:48:27
-10.007306,-5.337356,2023-01-01T07:48:28
-10.007306,-5.337356,2023-01-01T07:48:29
-10.007306,-5.337356,2023-01-01T07:48:30
-10.007306,-5.448551,2023-01-01T07:48:31
-10.118498,-5.448551,2023-01-01T07:48:32
-10.118498,-5.448551,2023-01-01T07:48:33
-10.118498,-5.448551,2023-01-01T07:48:34
-10.118498,-5.448551,2023-01-01T07:48:35
-10.118498,-5.448551,2023-01-01T07:48:36
-10.118498,-5.448551,2023-01-01T07:48:37
-10.229690,-5.448551,2023-01-01T07:48:38
-10.229690,-5.448551,2023-01-01T07:48:39
-10.229690,-5.559746,2023-01-01T07:48:40
-10.229690,-5.559746,2023-01-01T07:48:41
-10.229690,-5.559746,2023-01-01T07:48:42
-10.229690,-5.559746,2023-01-01T07:48:43
-10.340882,-5.559746,2023-01-01T07:48:44
-10.340882,-5.559746,2023-01-01T07:48:45
-10.340882,-5.559746,2023-01-01T07:48:46
-10.340882,-5.670941,2023-01-01T07:48:47
-10.340882,-5.670941,2023-01-01T07:48:48
-10.340882,-5.670941,2023-01-01T07:48:49
-10.452075,-5.670941,2023-01-01T07:48:50
-10.452075,-5.670941,2023-01-01T07:48:51
-10.452075,-5.670941,2023-01-01T07:48:52
-10.452075,-5.670941,2023-01-01T07:48:53
-10.452075,-5.782136,2023-01-01T07:48:54
-10.563267,-5.782136,2023-01-01T07:48:55
-10.563267,-5.782136,2023-01-01T07:48:56
-10.563267,-5.782136,2023-01-01T07:48:57
-10.563267,-5.782136,2023-01-01T07:48:58
-10.563267,-5.782136,2023-01-01T07:48:59
-10.563267,-5.782136,2023-01-01T07:49:00
-10.674459,-5.893331,2023-01-01T07:49:01
-10.674459,-5.893331,2023-01-01T07:49:02
-10.674459,-5.893331,2023-01-01T07:49:03
-10.674459,-5.893331,2023-01-01T07:49:04
-10.674459,-5.893331,2023-01-01T07:49:05
-10.674459,-5.893331,2023-01-01T07:49:06
-10.785652,-5.893331,2023-01-01T07:49:07
-10.785652,-6.004526,2023-01-01T07:49:08
-10.785652,-6.004526,2023-01-01T07:49:09
-10.785652,-6.004526,2023-01-01T07:49:10
-10.785652,-6.004526,2023-01-01T07:49:11
-10.785652,-6.004526,2023-01-01T07:49:12
-10.896844,-6.004526,2023-01-01T07:49:13
-10.896844,-6.004526,2023-01-01T07:49:14
-10.896844,-6.004526,2023-01-01T07:49:15
-10.896844,-6.004526,2023-01-01T07:49:16
-10.896844,-6.004526,2023-01-01T07:49:17
-10.896844,-6.004526,2023-01-01T07:49:18
-11.008036,-6.115721,2023-01-01T07:49:19
-11.008036,-6.115721,2023-01-01T07:49:20
-11.008036,-6.115721,2023-01-01T07:49:21
-11.008036,-6.115721,2023-01-01T07:49:22
-11.008036,-6.115721,2023-01-01T07:49:23
-11.008036,-6.115721,2023-01-01T07:49:24
-11.119228,-6.115721,2023-01-01T07:49:25
-11.119228,-6.115721,2023-01-01T07:49:26
-11.119228,-6.115721,2023-01-01T07:49:27
-11.119228,-6.115721,2023-01-01T07:49:28
-11.119228,-6.115721,2023-01-01T07:49:29
-11.119228,-6.115721,2023-01-01T07:49:30
-11.230421,-6.226916,2023-01-01T07:49:31
-11.230421,-6.226916,2023-01-01T07:49:32
-11.230421,-6.226916,2023-01-01T07:49:33
-11.230421,-6.226916,2023-01-01T07:49:34
-11.230421,-6.226916,2023-01-01T07:49:35
-11.230421,-6.226916,2023-01-01T07:49:36
-11.341613,-6.226916,2023-01-01T07:49:37
-11.341613,-6.226916,2023-01-01T07:49:38
-11.341613,-6.226916,2023-01-01T07:49:39
-11.341613,-6.226916,2023-01-01T07:49:40
-11.341613,-6.226916,2023-01-01T07:49:41
-11.341613,-6.226916,2023-01-01T07:49:42
-11.452805,-6.226916,2023-01-01T07:49:43
-11.452805,-6.226916,2023-01-01T07:49:44
-11.452805,-6.338111,2023-01-01T07:49:45
-11.452805,-6.338111,2023-01-01T07:49:46
-11.452805,-6.338111,2023-01-01T07:49:47
-11.452805,-6.338111,2023-01-01T07:49:48
-11.452805,-6.338111,2023-01-01T07:49:49
-11.563998,-6.338111,2023-01-01T07:49:50
-11.563998,-6.338111,2023-01-01T07:49:51
-11.563998,-6.338111,2023-01-01T07:49:52
-11.563998,-6.338111,2023-01-01T07:49:53
-11.563998,-6.338111,2023-01-01T07:49:54
-11.563998,-6.338111,2023-01-01T07:49:55
-11.563998,-6.338111,2023-01-01T07:49:56
-11.563998,-6.338111,2023-01-01T07:49:57
-11.563998,-6.338111,2023-01-01T07:49:58
-11.563998,-6.338111,2023-01-01T07:49:59
-11.675190,-6.449306,2023-01-01T07:50:00
-11.675190,-6.449306,2023-01-01T07:50:01
-11.675190,-6.449306,2023-01-01T07:50:02
-11.675190,-6.449306,2023-01-01T07:50:03
-11.675190,-6.449306,2023-01-01T07:50:04
-11.675190,-6.449306,2023-01-01T07:50:05
-11.675190,-6.449306,2023-01-01T07:50:06
-11.675190,-6.449306,2023-01-01T07:50:07
-11.675190,-6.449306,2023-01-01T07:50:08
-11.675190,-6.449306,2023-01-01T07:50:09
-11.786382,-6.449306,2023-01-01T07:50:10
-11.786382,-6.449306,2023-01-01T07:50:11
-11.786382,-6.449306,2023-01-01T07:50:12
-11.786382,-6.449306,2023-01-01T07:50:13
-11.786382,-6.449306,2023-01-01T07:50:14
-11.786382,-6.449306,2023-01-01T07:50:15
-11.786382,-6.449306,2023-01-01T07:50:16
-11.786382,-6.449306,2023-01-01T07:50:17
-11.786382,-6.449306,2023-01-01T07:50:18
-11.786382,-6.560501,2023-01-01T07:50:19
-11.786382,-6.560501,2023-01-01T07:50:20
-11.897574,-6.560501,2023-01-01T07:50:21
-11.897574,-6.560501,2023-01-01T07:50:22
-11.897574,-6.560501,2023-01-01T07:50:23
-11.897574,-6.560501,2023-01-01T07:50:24
-11.897574,-6.560501,2023-01-01T07:50:25
-11.897574,-6.560501,2023-01-01T07:50:26
-11.897574,-6.560501,2023-01-01T07:50:27
-11.897574,-6.560501,2023-01-01T07:50:28
-11.897574,-6.560501,2023-01-01T07:50:29
-11.897574,-6.560501,2023-01-01T07:50:30
-11.897574,-6.560501,2023-01-01T07:50:31
-11.897574,-6.560501,2023-01-01T07:50:32
-11.897574,-6.560501,2023-01-01T07:50:33
-11.897574,-6.560501,2023-01-01T07:50:34
-11.897574,-6.560501,2023-01-01T07:50:35
-12.008767,-6.560501,2023-01-01T07:50:36
-12.008767,-6.560501,2023-01-01T07:50:37
-12.008767,-6.560501,2023-01-01T07:50:38
-12.008767,-6.560501,2023-01-01T07:50:39
-12.008767,-6.671696,2023-01-01T07:50:40
-12.008767,-6.671696,2023-01-01T07:50:41
-12.008767,-6.671696,2023-01-01T07:50:42
-12.008767,-6.671696,2023-01-01T07:50:43
-12.008767,-6.671696,2023-01-01T07:50:44
-12.008767,-6.671696,2023-01-01T07:50:45
-12.008767,-6.671696,2023-01-01T07:50:46
-12.008767,-6.671696,2023-01-01T07:50:47
-12.008767,-6.671696,2023-01-01T07:50:48
-12.008767,-6.671696,2023-01-01T07:50:49
-12.008767,-6.671696,2023-01-01T07:50:50
-12.008767,-6.671696,2023-01-01T07:50:51
-12.008767,-6.671696,2023-01-01T07:50:52
-12.008767,-6.671696,2023-01-01T07:50:53
-12.008767,-6.671696,2023-01-01T07:50:54
-12.008767,-6.671696,2023-01-01T07:50:55
-12.008767,-6.671696,2023-01-01T07:50:56
-12.008767,-6.671696,2023-01-01T07:50:57
-12.008767,-6.671696,2023-01-01T07:50:58
-12.119959,-6.671696,2023-01-01T07:50:59
-12.119959,-6.671696,2023-01-01T07:51:00
-12.119959,-6.671696,2023-01-01T07:51:01
-12.119959,-6.671696,2023-01-01T07:51:02
-12.119959,-6.671696,2023-01-01T07:51:03
-12.119959,-6.671696,2023-01-01T07:51:04
-12.119959,-6.671696,2023-01-01T07:51:05
-12.119959,-6.671696,2023-01-01T07:51:06
-12.119959,-6.671696,2023-01-01T07:51:07
-12.119959,-6.671696,2023-01-01T07:51:08
-12.119959,-6.671696,2023-01-01T07:51:09
-12.119959,-6.671696,2023-01-01T07:51:10
-12.119959,-6.671696,2023-01-01T07:51:11
-12.119959,-6.671696,2023-01-01T07:51:12
-12.119959,-6.671696,2023-01-01T07:51:13
-12.119959,-6.671696,2023-01-01T07:51:14
-12.119959,-6.671696,2023-01-01T07:51:15
-12.119959,-6.671696,2023-01-01T07:51:16
-12.119959,-6.671696,2023-01-01T07:51:17
-12.119959,-6.671696,2023-01-01T07:51:18
-12.119959,-6.671696,2023-01-01T07:51:19
-12.119959,-6.671696,2023-01-01T07:51:20
-12.119959,-6.671696,2023-01-01T07:51:21
-12.119959,-6.671696,2023-01-01T07:51:22
-12.119959,-6.671696,2023-01-01T07:51:23
-12.119959,-6.671696,2023-01-01T07:51:24
-12.119959,-6.671696,2023-01-01T07:51:25
-12.119959,-6.671696,2023-01-01T07:51:26
-12.119959,-6.671696,2023-01-01T07:51:27
-12.119959,-6.671696,2023-01-01T07:51:28
-12.119959,-6.671696,2023-01-01T07:51:29
-12.119959,-6.560501,2023-01-01T07:51:30
-12.119959,-6.560501,2023-01-01T07:51:31
-12.119959,-6.560501,2023-01-01T07:51:32
-12.119959,-6.560501,2023-01-01T07:51:33
-12.119959,-6.560501,2023-01-01T07:51:34
-12.119959,-6.560501,2023-01-01T07:51:35
-12.119959,-6.560501,2023-01-01T07:51:36
-12.119959,-6.560501,2023-01-01T07:51:37
-12.119959,-6.560501,2023-01-01T07:51:38
-12.119959,-6.560501,2023-01-01T07:51:39
-12.119959,-6.560501,2023-01-01T07:51:40
-12.119959,-6.560501,2023-01-01T07:51:41
-12.119959,-6.560501,2023-01-01T07:51:42
-12.119959,-6.560501,2023-01-01T07:51:43
-12.119959,-6.560501,2023-01-01T07:51:44
-12.119959,-6.671696,2023-01-01T07:51:45
-12.119959,-6.671696,2023-01-01T07:51:46
-12.119959,-6.671696,2023-01-01T07:51:47
-12.119959,-6.671696,2023-01-01T07:51:48
-12.119959,-6.671696,2023-01-01T07:51:49
-12.119959,-6.671696,2023-01-01T07:51:50
-12.119959,-6.671696,2023-01-01T07:51:51
-12.119959,-6.671696,2023-01-01T07:51:52
-12.119959,-6.671696,2023-01-01T07:51:53
-12.119959,-6.671696,2023-01-01T07:51:54
-12.119959,-6.671696,2023-01-01T07:51:55
-12.119959,-6.671696,2023-01-01T07:51:56
-12.119959,-6.671696,2023-01-01T07:51:57
-12.119959,-6.671696,2023-01-01T07:51:58
-12.119959,-6.671696,2023-01-01T07:51:59
-12.119959,-6.671696,2023-01-01T07:52:00
-12.119959,-6.671696,2023-01-01T07:52:01
-12.119959,-6.671696,2023-01-01T07:52:02
-12.119959,-6.671696,2023-01-01T07:52:03
-12.119959,-6.671696,2023-01-01T07:52:04
-12.119959,-6.671696,2023-01-01T07:52:05
-12.119959,-6.671696,2023-01-01T07:52:06
-12.119959,-6.671696,2023-01-01T07:52:07
-12.119959,-6.671696,2023-01-01T07:52:08
-12.119959,-6.671696,2023-01-01T07:52:09
-12.119959,-6.671696,2023-01-01T07:52:10
-12.119959,-6.671696,2023-01-01T07:52:11
-12.119959,-6.671696,2023-01-01T07:52:12
-12.119959,-6.671696,2023-01-01T07:52:13
-12.119959,-6.671696,2023-01-01T07:52:14
-12.119959,-6.671696,2023-01-01T07:52:15
-12.119959,-6.671696,2023-01-01T07:52:16
-12.119959,-6.671696,2023-01-01T07:52:17
-12.119959,-6.671696,2023-01-01T07:52:18
-12.119959,-6.671696,2023-01-01T07:52:19
-12.119959,-6.671696,2023-01-01T07:52:20
-12.119959,-6.671696,2023-01-01T07:52:21
-12.119959,-6.671696,2023-01-01T07:52:22
-12.119959,-6.671696,2023-01-01T07:52:23
-12.119959,-6.671696,2023-01-01T07:52:24
-12.119959,-6.671696,2023-01-01T07:52:25
-12.119959,-6.671696,2023-01-01T07:52:26
-12.119959,-6.671696,2023-01-01T07:52:27
-12.119959,-6.671696,2023-01-01T07:52:28
-12.119959,-6.671696,2023-01-01T07:52:29
-12.119959,-6.671696,2023-01-01T07:52:30
-12.119959,-6.671696,2023-01-01T07:52:31
-12.119959,-6.671696,2023-01-01T07:52:32
-12.119959,-6.671696,2023-01-01T07:52:33
-12.119959,-6.671696,2023-01-01T07:52:34
-12.119959,-6.671696,2023-01-01T07:52:35
-12.119959,-6.671696,2023-01-01T07:52:36
-12.119959,-6.671696,2023-01-01T07:52:37
-12.119959,-6.671696,2023-01-01T07:52:38
-12.119959,-6.671696,2023-01-01T07:52:39
-12.119959,-6.782891,2023-01-01T07:52:40
-12.119959,-6.782891,2023-01-01T07:52:41
-12.119959,-6.782891,2023-01-01T07:52:42
-12.119959,-6.782891,2023-01-01T07:52:43
-12.119959,-6.782891,2023-01-01T07:52:44
-12.119959,-6.782891,2023-01-01T07:52:45
-12.119959,-6.782891,2023-01-01T07:52:46
-12.119959,-6.782891,2023-01-01T07:52:47
-12.119959,-6.782891,2023-01-01T07:52:48
-12.119959,-6.782891,2023-01-01T07:52:49
-12.119959,-6.782891,2023-01-01T07:52:50
-12.119959,-6.782891,2023-01-01T07:52:51
-12.119959,-6.782891,2023-01-01T07:52:52
-12.119959,-6.782891,2023-01-01T07:52:53
-12.008767,-6.782891,2023-01-01T07:52:54
-12.008767,-6.782891,2023-01-01T07:52:55
-12.008767,-6.782891,2023-01-01T07:52:56
-12.008767,-6.782891,2023-01-01T07:52:57
-12.008767,-6.782891,2023-01-01T07:52:58
-12.008767,-6.782891,2023-01-01T07:52:59
-12.008767,-6.782891,2023-01-01T07:53:00
-12.008767,-6.782891,2023-01-01T07:53:01
-12.008767,-6.782891,2023-01-01T07:53:02
-12.008767,-6.782891,2023-01-01T07:53:03
-12.008767,-6.782891,2023-01-01T07:53:04
-12.008767,-6.782891,2023-01-01T07:53:05
-12.008767,-6.894085,2023-01-01T07:53:06
-12.008767,-6.894085,2023-01-01T07:53:07
-12.008767,-6.894085,2023-01-01T07:53:08
-12.008767,-6.894085,2023-01-01T07:53:09
-12.008767,-6.894085,2023-01-01T07:53:10
-12.008767,-6.894085,2023-01-01T07:53:11
-12.008767,-6.894085,2023-01-01T07:53:12
-12.008767,-6.894085,2023-01-01T07:53:13
-11.897574,-6.894085,2023-01-01T07:53:14
-11.897574,-6.894085,2023-01-01T07:53:15
-11.897574,-6.894085,2023-01-01T07:53:16
-11.897574,-6.894085,2023-01-01T07:53:17
-11.897574,-6.894085,2023-01-01T07:53:18
-11.897574,-6.894085,2023-01-01T07:53:19
-11.897574,-6.894085,2023-01-01T07:53:20
-11.897574,-6.894085,2023-01-01T07:53:21
-11.897574,-6.894085,2023-01-01T07:53:22
-11.897574,-6.894085,2023-01-01T07:53:23
-11.897574,-6.894085,2023-01-01T07:53:24
-11.897574,-6.894085,2023-01-01T07:53:25
-11.897574,-6.894085,2023-01-01T07:53:26
-11.897574,-6.894085,2023-01-01T07:53:27
-11.897574,-6.894085,2023-01-01T07:53:28
-11.786382,-6.894085,2023-01-01T07:53:29
-11.786382,-6.894085,2023-01-01T07:53:30
-11.786382,-6.894085,2023-01-01T07:53:31
-11.786382,-6.894085,2023-01-01T07:53:32
-11.786382,-6.894085,2023-01-01T07:53:33
-11.786382,-6.894085,2023-01-01T07:53:34
-11.786382,-6.894085,2023-01-01T07:53:35
-11.786382,-6.894085,2023-01-01T07:53:36
-11.786382,-6.894085,2023-01-01T07:53:37
-11.786382,-6.894085,2023-01-01T07:53:38
-11.786382,-6.894085,2023-01-01T07:53:39
-11.786382,-6.894085,2023-01-01T07:53:40
-11.786382,-6.894085,2023-01-01T07:53:41
-11.786382,-6.894085,2023-01-01T07:53:42
-11.786382,-6.894085,2023-01-01T07:53:43
-11.786382,-6.894085,2023-01-01T07:53:44
-11.786382,-6.782891,2023-01-01T07:53:45
-11.786382,-6.782891,2023-01-01T07:53:46
-11.675190,-6.782891,2023-01-01T07:53:47
-11.675190,-6.782891,2023-01-01T07:53:48
-11.675190,-6.782891,2023-01-01T07:53:49
-11.675190,-6.782891,2023-01-01T07:53:50
-11.675190,-6.782891,2023-01-01T07:53:51
-11.675190,-6.782891,2023-01-01T07:53:52
-11.675190,-6.782891,2023-01-01T07:53:53
-11.675190,-6.782891,2023-01-01T07:53:54
-11.675190,-6.782891,2023-01-01T07:53:55
-11.675190,-6.782891,2023-01-01T07:53:56
-11.675190,-6.782891,2023-01-01T07:53:57
-11.675190,-6.782891,2023-01-01T07:53:58
-11.675190,-6.782891,2023-01-01T07:53:59
-11.675190,-6.782891,2023-01-01T07:54:00
-11.675190,-6.782891,2023-01-01T07:54:01
-11.675190,-6.782891,2023-01-01T07:54:02
-11.675190,-6.782891,2023-01-01T07:54:03
-11.675190,-6.782891,2023-01-01T07:54:04
-11.675190,-6.782891,2023-01-01T07:54:05
-11.675190,-6.782891,2023-01-01T07:54:06
-11.675190,-6.782891,2023-01-01T07:54:07
-11.675190,-6.782891,2023-01-01T07:54:08
-11.675190,-6.782891,2023-01-01T07:54:09
-11.675190,-6.782891,2023-01-01T07:54:10
-11.675190,-6.782891,2023-01-01T07:54:11
-11.675190,-6.782891,2023-01-01T07:54:12
-11.675190,-6.782891,2023-01-01T07:54:13
-11.675190,-6.782891,2023-01-01T07:54:14
-11.786382,-6.782891,2023-01-01T07:54:15
-11.786382,-6.782891,2023-01-01T07:54:16
-11.786382,-6.782891,2023-01-01T07:54:17
-11.786382,-6.782891,2023-01-01T07:54:18
-11.786382,-6.782891,2023-01-01T07:54:19
-11.786382,-6.782891,2023-01-01T07:54:20
-11.786382,-6.782891,2023-01-01T07:54:21
-11.786382,-6.782891,2023-01-01T07:54:22
-11.786382,-6.782891,2023-01-01T07:54:23
-11.786382,-6.782891,2023-01-01T07:54:24
-11.786382,-6.782891,2023-01-01T07:54:25
-11.786382,-6.782891,2023-01-01T07:54:26
-11.786382,-6.782891,2023-01-01T07:54:27
-11.786382,-6.782891,2023-01-01T07:54:28
-11.786382,-6.782891,2023-01-01T07:54:29
-11.786382,-6.782891,2023-01-01T07:54:30
-11.786382,-6.782891,2023-01-01T07:54:31
-11.786382,-6.782891,2023-01-01T07:54:32
-11.786382,-6.782891,2023-01-01T07:54:33
-11.786382,-6.782891,2023-01-01T07:54:34
-11.786382,-6.782891,2023-01-01T07:54:35
-11.786382,-6.782891,2023-01-01T07:54:36
-11.786382,-6.782891,2023-01-01T07:54:37
-11.786382,-6.782891,2023-01-01T07:54:38
-11.786382,-6.782891,2023-01-01T07:54:39
-11.786382,-6.782891,2023-01-01T07:54:40
-11.786382,-6.782891,2023-01-01T07:54:41
-11.786382,-6.782891,2023-01-01T07:54:42
-11.786382,-6.782891,2023-01-01T07:54:43
-11.786382,-6.782891,2023-01-01T07:54:44
-11.786382,-6.782891,2023-01-01T07:54:45
-11.786382,-6.782891,2023-01-01T07:54:46
-11.786382,-6.782891,2023-01-01T07:54:47
-11.786382,-6.671696,2023-01-01T07:54:48
-11.786382,-6.671696,2023-01-01T07:54:49
-11.786382,-6.671696,2023-01-01T07:54:50
-11.786382,-6.671696,2023-01-01T07:54:51
-11.786382,-6.671696,2023-01-01T07:54:52
-11.897574,-6.671696,2023-01-01T07:54:53
-11.897574,-6.671696,2023-01-01T07:54:54
-11.897574,-6.671696,2023-01-01T07:54:55
-11.897574,-6.671696,2023-01-01T07:54:56
-11.897574,-6.671696,2023-01-01T07:54:57
-11.897574,-6.671696,2023-01-01T07:54:58
-11.897574,-6.671696,2023-01-01T07:54:59
-11.897574,-6.671696,2023-01-01T07:55:00
-11.897574,-6.671696,2023-01-01T07:55:01
-11.897574,-6.671696,2023-01-01T07:55:02
-11.897574,-6.671696,2023-01-01T07:55:03
-11.897574,-6.671696,2023-01-01T07:55:04
-11.897574,-6.671696,2023-01-01T07:55:05
-11.897574,-6.560501,2023-01-01T07:55:06
-11.897574,-6.560501,2023-01-01T07:55:07
-11.897574,-6.560501,2023-01-01T07:55:08
-11.897574,-6.560501,2023-01-01T07:55:09
-11.897574,-6.560501,2023-01-01T07:55:10
-11.897574,-6.560501,2023-01-01T07:55:11
-11.897574,-6.560501,2023-01-01T07:55:12
-11.897574,-6.560501,2023-01-01T07:55:13
-11.897574,-6.560501,2023-01-01T07:55:14
-11.897574,-6.560501,2023-01-01T07:55:15
-11.897574,-6.560501,2023-01-01T07:55:16
-11.897574,-6.560501,2023-01-01T07:55:17
-11.897574,-6.560501,2023-01-01T07:55:18
-11.897574,-6.560501,2023-01-01T07:55:19
-11.897574,-6.560501,2023-01-01T07:55:20
-11.897574,-6.560501,2023-01-01T07:55:21
-11.897574,-6.560501,2023-01-01T07:55:22
-12.008767,-6.560501,2023-01-01T07:55:23
-12.008767,-6.560501,2023-01-01T07:55:24
-12.008767,-6.560501,2023-01-01T07:55:25
-12.008767,-6.560501,2023-01-01T07:55:26
-12.008767,-6.560501,2023-01-01T07:55:27
-12.008767,-6.560501,2023-01-01T07:55:28
-12.008767,-6.560501,2023-01-01T07:55:29
-12.008767,-6.560501,2023-01-01T07:55:30
-12.008767,-6.560501,2023-01-01T07:55:31
-12.008767,-6.560501,2023-01-01T07:55:32
-12.008767,-6.560501,2023-01-01T07:55:33
-12.008767,-6.560501,2023-01-01T07:55:34
-12.008767,-6.560501,2023-01-01T07:55:35
-12.008767,-6.560501,2023-01-01T07:55:36
-12.008767,-6.560501,2023-01-01T07:55:37
-12.008767,-6.560501,2023-01-01T07:55:38
-12.008767,-6.560501,2023-01-01T07:55:39
-12.008767,-6.560501,2023-01-01T07:55:40
-12.008767,-6.560501,2023-01-01T07:55:41
-12.119959,-6.560501,2023-01-01T07:55:42
-12.119959,-6.560501,2023-01-01T07:55:43
-12.119959,-6.560501,2023-01-01T07:55:44
-12.119959,-6.560501,2023-01-01T07:55:45
-12.119959,-6.560501,2023-01-01T07:55:46
-12.119959,-6.560501,2023-01-01T07:55:47
-12.119959,-6.560501,2023-01-01T07:55:48
-12.119959,-6.560501,2023-01-01T07:55:49
-12.119959,-6.560501,2023-01-01T07:55:50
-12.119959,-6.560501,2023-01-01T07:55:51
-12.119959,-6.560501,2023-01-01T07:55:52
-12.119959,-6.560501,2023-01-01T07:55:53
-12.119959,-6.560501,2023-01-01T07:55:54
-12.119959,-6.560501,2023-01-01T07:55:55
-12.119959,-6.560501,2023-01-01T07:55:56
-12.119959,-6.560501,2023-01-01T07:55:57
-12.119959,-6.560501,2023-01-01T07:55:58
-12.119959,-6.560501,2023-01-01T07:55:59
-12.119959,-6.560501,2023-01-01T07:56:00
-12.119959,-6.560501,2023-01-01T07:56:01
-12.231151,-6.560501,2023-01-01T07:56:02
-12.231151,-6.560501,2023-01-01T07:56:03
-12.231151,-6.560501,2023-01-01T07:56:04
-12.231151,-6.560501,2023-01-01T07:56:05
-12.231151,-6.560501,2023-01-01T07:56:06
-12.231151,-6.560501,2023-01-01T07:56:07
-12.231151,-6.560501,2023-01-01T07:56:08
-12.231151,-6.560501,2023-01-01T07:56:09
-12.231151,-6.560501,2023-01-01T07:56:10
-12.231151,-6.560501,2023-01-01T07:56:11
-12.231151,-6.560501,2023-01-01T07:56:12
-12.231151,-6.560501,2023-01-01T07:56:13
-12.231151,-6.560501,2023-01-01T07:56:14
-12.231151,-6.560501,2023-01-01T07:56:15
-12.231151,-6.560501,2023-01-01T07:56:16
-12.342344,-6.560501,2023-01-01T07:56:17
-12.342344,-6.560501,2023-01-01T07:56:18
-12.342344,-6.560501,2023-01-01T07:56:19
-12.342344,-6.560501,2023-01-01T07:56:20
-12.342344,-6.560501,2023-01-01T07:56:21
-12.342344,-6.560501,2023-01-01T07:56:22
-12.342344,-6.560501,2023-01-01T07:56:23
-12.342344,-6.560501,2023-01-01T07:56:24
-12.342344,-6.560501,2023-01-01T07:56:25
-12.342344,-6.560501,2023-01-01T07:56:26
-12.342344,-6.560501,2023-01-01T07:56:27
-12.342344,-6.560501,2023-01-01T07:56:28
-12.342344,-6.560501,2023-01-01T07:56:29
-12.453536,-6.560501,2023-01-01T07:56:30
-12.453536,-6.560501,2023-01-01T07:56:31
-12.453536,-6.560501,2023-01-01T07:56:32
-12.453536,-6.560501,2023-01-01T07:56:33
-12.453536,-6.560501,2023-01-01T07:56:34
-12.453536,-6.560501,2023-01-01T07:56:35
-12.453536,-6.560501,2023-01-01T07:56:36
-12.453536,-6.560501,2023-01-01T07:56:37
-12.453536,-6.560501,2023-01-01T07:56:38
-12.453536,-6.560501,2023-01-01T07:56:39
-12.453536,-6.560501,2023-01-01T07:56:40
-12.564728,-6.560501,2023-01-01T07:56:41
-12.564728,-6.560501,2023-01-01T07:56:42
-12.564728,-6.560501,2023-01-01T07:56:43
-12.564728,-6.560501,2023-01-01T07:56:44
-12.564728,-6.560501,2023-01-01T07:56:45
-12.564728,-6.560501,2023-01-01T07:56:46
-12.564728,-6.560501,2023-01-01T07:56:47
-12.564728,-6.560501,2023-01-01T07:56:48
-12.564728,-6.560501,2023-01-01T07:56:49
-12.564728,-6.560501,2023-01-01T07:56:50
-12.675920,-6.560501,2023-01-01T07:56:51
-12.675920,-6.560501,2023-01-01T07:56:52
-12.675920,-6.560501,2023-01-01T07:56:53
-12.675920,-6.560501,2023-01-01T07:56:54
-12.675920,-6.560501,2023-01-01T07:56:55
-12.675920,-6.560501,2023-01-01T07:56:56
-12.675920,-6.560501,2023-01-01T07:56:57
-12.675920,-6.560501,2023-01-01T07:56:58
-12.675920,-6.560501,2023-01-01T07:56:59
-12.675920,-6.560501,2023-01-01T07:57:00
-12.675920,-6.560501,2023-01-01T07:57:01
-12.675920,-6.560501,2023-01-01T07:57:02
-12.675920,-6.560501,2023-01-01T07:57:03
-12.787113,-6.560501,2023-01-01T07:57:04
-12.787113,-6.560501,2023-01-01T07:57:05
-12.787113,-6.560501,2023-01-01T07:57:06
-12.787113,-6.560501,2023-01-01T07:57:07
-12.787113,-6.560501,2023-01-01T07:57:08
-12.787113,-6.560501,2023-01-01T07:57:09
-12.787113,-6.560501,2023-01-01T07:57:10
-12.787113,-6.449306,2023-01-01T07:57:11
-12.787113,-6.449306,2023-01-01T07:57:12
-12.787113,-6.449306,2023-01-01T07:57:13
-12.787113,-6.449306,2023-01-01T07:57:14
-12.787113,-6.449306,2023-01-01T07:57:15
-12.787113,-6.449306,2023-01-01T07:57:16
-12.787113,-6.449306,2023-01-01T07:57:17
-12.898305,-6.449306,2023-01-01T07:57:18
-12.898305,-6.449306,2023-01-01T07:57:19
-12.898305,-6.449306,2023-01-01T07:57:20
-12.898305,-6.449306,2023-01-01T07:57:21
-12.898305,-6.449306,2023-01-01T07:57:22
-12.898305,-6.449306,2023-01-01T07:57:23
-12.898305,-6.338111,2023-01-01T07:57:24
-12.898305,-6.338111,2023-01-01T07:57:25
-12.898305,-6.338111,2023-01-01T07:57:26
-12.898305,-6.338111,2023-01-01T07:57:27
-12.898305,-6.338111,2023-01-01T07:57:28
-12.898305,-6.338111,2023-01-01T07:57:29
-12.898305,-6.338111,2023-01-01T07:57:30
-12.898305,-6.338111,2023-01-01T07:57:31
-12.898305,-6.338111,2023-01-01T07:57:32
-12.898305,-6.338111,2023-01-01T07:57:33
-12.898305,-6.338111,2023-01-01T07:57:34
-12.898305,-6.226916,2023-01-01T07:57:35
-12.898305,-6.226916,2023-01-01T07:57:36
-12.898305,-6.226916,2023-01-01T07:57:37
-12.898305,-6.226916,2023-01-01T07:57:38
-12.898305,-6.226916,2023-01-01T07:57:39
-12.898305,-6.226916,2023-01-01T07:57:40
-12.898305,-6.226916,2023-01-01T07:57:41
-12.898305,-6.115721,2023-01-01T07:57:42
-12.898305,-6.115721,2023-01-01T07:57:43
-12.898305,-6.115721,2023-01-01T07:57:44
-12.898305,-6.115721,2023-01-01T07:57:45
-12.898305,-6.115721,2023-01-01T07:57:46
-12.898305,-6.115721,2023-01-01T07:57:47
-13.009497,-6.115721,2023-01-01T07:57:48
-13.009497,-6.115721,2023-01-01T07:57:49
-13.009497,-6.115721,2023-01-01T07:57:50
-13.009497,-6.115721,2023-01-01T07:57:51
-13.009497,-6.115721,2023-01-01T07:57:52
-13.009497,-6.004526,2023-01-01T07:57:53
-13.009497,-6.004526,2023-01-01T07:57:54
-13.009497,-6.004526,2023-01-01T07:57:55
-13.009497,-6.004526,2023-01-01T07:57:56
-13.009497,-6.004526,2023-01-01T07:57:57
-13.009497,-6.004526,2023-01-01T07:57:58
-13.009497,-6.004526,2023-01-01T07:57:59
-13.009497,-6.004526,2023-01-01T07:58:00
-13.009497,-6.004526,2023-01-01T07:58:01
-13.009497,-6.004526,2023-01-01T07:58:02
-13.009497,-6.004526,2023-01-01T07:58:03
-13.009497,-5.893331,2023-01-01T07:58:04
-13.009497,-5.893331,2023-01-01T07:58:05
-13.009497,-5.893331,2023-01-01T07:58:06
-13.009497,-5.893331,2023-01-01T07:58:07
-13.009497,-5.893331,2023-01-01T07:58:08
-13.009497,-5.893331,2023-01-01T07:58:09
-13.009497,-5.893331,2023-01-01T07:58:10
-13.009497,-5.893331,2023-01-01T07:58:11
-13.009497,-5.893331,2023-01-01T07:58:12
-13.009497,-5.893331,2023-01-01T07:58:13
-13.009497,-5.893331,2023-01-01T07:58:14
-13.009497,-5.893331,2023-01-01T07:58:15
-13.009497,-5.893331,2023-01-01T07:58:16
-12.898305,-5.893331,2023-01-01T07:58:17
-12.898305,-5.893331,2023-01-01T07:58:18
-12.898305,-5.893331,2023-01-01T07:58:19
-12.898305,-5.893331,2023-01-01T07:58:20
-12.898305,-5.893331,2023-01-01T07:58:21
-12.898305,-5.893331,2023-01-01T07:58:22
-12.898305,-5.893331,2023-01-01T07:58:23
-12.898305,-5.893331,2023-01-01T07:58:24
-12.898305,-5.893331,2023-01-01T07:58:25
-12.898305,-5.893331,2023-01-01T07:58:26
-12.898305,-5.893331,2023-01-01T07:58:27
-12.898305,-5.893331,2023-01-01T07:58:28
-12.898305,-5.893331,2023-01-01T07:58:29
-12.898305,-5.893331,2023-01-01T07:58:30
-12.898305,-5.893331,2023-01-01T07:58:31
-12.898305,-5.893331,2023-01-01T07:58:32
-12.898305,-5.893331,2023-01-01T07:58:33
-12.898305,-5.893331,2023-01-01T07:58:34
-12.898305,-5.893331,2023-01-01T07:58:35
-12.898305,-5.893331,2023-01-01T07:58:36
-12.898305,-5.893331,2023-01-01T07:58:37
-12.898305,-5.893331,2023-01-01T07:58:38
-12.898305,-5.893331,2023-01-01T07:58:39
-12.898305,-5.893331,2023-01-01T07:58:40
-12.898305,-5.893331,2023-01-01T07:58:41
-12.898305,-5.893331,2023-01-01T07:58:42
-12.898305,-5.893331,2023-01-01T07:58:43
-12.898305,-5.893331,2023-01-01T07:58:44
-12.898305,-5.893331,2023-01-01T07:58:45
-12.898305,-5.893331,2023-01-01T07:58:46
-12.898305,-5.893331,2023-01-01T07:58:47
-12.898305,-5.893331,2023-01-01T07:58:48
-12.898305,-5.893331,2023-01-01T07:58:49
-12.898305,-5.893331,2023-01-01T07:58:50
-12.898305,-5.893331,2023-01-01T07:58:51
-12.898305,-5.893331,2023-01-01T07:58:52
-12.898305,-5.893331,2023-01-01T07:58:53
-12.898305,-5.893331,2023-01-01T07:58:54
-12.898305,-5.893331,2023-01-01T07:58:55
-12.898305,-5.893331,2023-01-01T07:58:56
-12.898305,-5.893331,2023-01-01T07:58:57
-12.898305,-5.893331,2023-01-01T07:58:58
-12.898305,-5.893331,2023-01-01T07:58:59
-12.898305,-5.893331,2023-01-01T07:59:00
-13.009497,-5.893331,2023-01-01T07:59:01
-13.009497,-5.893331,2023-01-01T07:59:02
-13.009497,-5.893331,2023-01-01T07:59:03
-13.009497,-5.893331,2023-01-01T07:59:04
-13.009497,-5.893331,2023-01-01T07:59:05
-13.009497,-5.893331,2023-01-01T07:59:06
-13.009497,-5.893331,2023-01-01T07:59:07
-13.009497,-5.893331,2023-01-01T07:59:08
-13.009497,-5.893331,2023-01-01T07:59:09
-13.009497,-5.893331,2023-01-01T07:59:10
-13.009497,-5.893331,2023-01-01T07:59:11
-13.009497,-5.893331,2023-01-01T07:59:12
-13.009497,-5.893331,2023-01-01T07:59:13
-13.009497,-6.004526,2023-01-01T07:59:14
-13.009497,-6.004526,2023-01-01T07:59:15
-13.009497,-6.004526,2023-01-01T07:59:16
-13.009497,-6.004526,2023-01-01T07:59:17
-13.009497,-6.004526,2023-01-01T07:59:18
-13.009497,-6.004526,2023-01-01T07:59:19
-13.009497,-6.004526,2023-01-01T07:59:20
-13.009497,-6.004526,2023-01-01T07:59:21
-13.009497,-6.004526,2023-01-01T07:59:22
-13.009497,-6.004526,2023-01-01T07:59:23
-13.009497,-6.004526,2023-01-01T07:59:24
-13.009497,-6.004526,2023-01-01T07:59:25
-13.009497,-6.004526,2023-01-01T07:59:26
-13.009497,-6.004526,2023-01-01T07:59:27
-13.009497,-6.004526,2023-01-01T07:59:28
-13.009497,-6.004526,2023-01-01T07:59:29
-13.009497,-6.004526,2023-01-01T07:59:30
-13.009497,-6.004526,2023-01-01T07:59:31
-13.009497,-6.004526,2023-01-01T07:59:32
-13.009497,-6.004526,2023-01-01T07:59:33
-13.009497,-6.004526,2023-01-01T07:59:34
-13.009497,-6.004526,2023-01-01T07:59:35
-13.009497,-6.004526,2023-01-01T07:59:36
-13.009497,-6.004526,2023-01-01T07:59:37
-13.009497,-6.004526,2023-01-01T07:59:38
-13.009497,-6.004526,2023-01-01T07:59:39
-13.009497,-6.004526,2023-01-01T07:59:40
-13.009497,-6.004526,2023-01-01T07:59:41
-13.009497,-6.004526,2023-01-01T07:59:42
-13.009497,-6.004526,2023-01-01T07:59:43
-13.009497,-6.004526,2023-01-01T07:59:44
-13.009497,-6.004526,2023-01-01T07:59:45
-13.009497,-6.004526,2023-01-01T07:59:46
-13.009497,-6.004526,2023-01-01T07:59:47
-13.009497,-6.004526,2023-01-01T07:59:48
-13.009497,-6.004526,2023-01-01T07:59:49
-13.009497,-6.004526,2023-01-01T07:59:50
-13.009497,-6.004526,2023-01-01T07:59:51
-13.120689,-6.004526,2023-01-01T07:59:52
-13.120689,-6.004526,2023-01-01T07:59:53
-13.120689,-6.004526,2023-01-01T07:59:54
-13.120689,-6.115721,2023-01-01T07:59:55
-13.120689,-6.115721,2023-01-01T07:59:56
-13.120689,-6.115721,2023-01-01T07:59:57
-13.120689,-6.115721,2023-01-01T07:59:58
-13.120689,-6.115721,2023-01-01T07:59:59
-13.120689,-6.115721,2023-01-01T08:00:00
-13.120689,-6.115721,2023-01-01T08:00:01
-13.120689,-6.115721,2023-01-01T08:00:02
-13.120689,-6.115721,2023-01-01T08:00:03
-13.120689,-6.115721,2023-01-01T08:00:04
-13.120689,-6.115721,2023-01-01T08:00:05
-13.120689,-6.115721,2023-01-01T08:00:06
-13.120689,-6.115721,2023-01-01T08:00:07
-13.120689,-6.226916,2023-01-01T08:00:08
-13.120689,-6.226916,2023-01-01T08:00:09
-13.120689,-6.226916,2023-01-01T08:00:10
-13.120689,-6.338111,2023-01-01T08:00:11
-13.120689,-6.338111,2023-01-01T08:00:12
-13.120689,-6.338111,2023-01-01T08:00:13
-13.120689,-6.338111,2023-01-01T08:00:14
-13.120689,-6.449306,2023-01-01T08:00:15
-13.120689,-6.449306,2023-01-01T08:00:16
-13.120689,-6.449306,2023-01-01T08:00:17
-13.120689,-6.560501,2023-01-01T08:00:18
-13.120689,-6.560501,2023-01-01T08:00:19
-13.120689,-6.560501,2023-01-01T08:00:20
-13.120689,-6.671696,2023-01-01T08:00:21
-13.120689,-6.671696,2023-01-01T08:00:22
-13.120689,-6.671696,2023-01-01T08:00:23
-13.120689,-6.782891,2023-01-01T08:00:24
-13.120689,-6.782891,2023-01-01T08:00:25
-13.120689,-6.894085,2023-01-01T08:00:26
-13.120689,-6.894085,2023-01-01T08:00:27
-13.120689,-6.894085,2023-01-01T08:00:28
-13.120689,-7.005280,2023-01-01T08:00:29
-13.120689,-7.005280,2023-01-01T08:00:30
-13.120689,-7.005280,2023-01-01T08:00:31
-13.120689,-7.005280,2023-01-01T08:00:32
-13.120689,-7.116475,2023-01-01T08:00:33
-13.120689,-7.116475,2023-01-01T08:00:34
-13.120689,-7.116475,2023-01-01T08:00:35
-13.120689,-7.227670,2023-01-01T08:00:36
-13.120689,-7.227670,2023-01-01T08:00:37
-13.120689,-7.227670,2023-01-01T08:00:38
-13.120689,-7.227670,2023-01-01T08:00:39
-13.120689,-7.338865,2023-01-01T08:00:40
-13.120689,-7.338865,2023-01-01T08:00:41
-13.120689,-7.338865,2023-01-01T08:00:42
-13.120689,-7.338865,2023-01-01T08:00:43
-13.009497,-7.338865,2023-01-01T08:00:44
-13.009497,-7.338865,2023-01-01T08:00:45
-13.009497,-7.338865,2023-01-01T08:00:46
-13.009497,-7.338865,2023-01-01T08:00:47
-13.009497,-7.338865,2023-01-01T08:00:48
-13.009497,-7.338865,2023-01-01T08:00:49
-13.009497,-7.450060,2023-01-01T08:00:50
-13.009497,-7.450060,2023-01-01T08:00:51
-13.009497,-7.450060,2023-01-01T08:00:52
-13.009497,-7.450060,2023-01-01T08:00:53
-13.009497,-7.450060,2023-01-01T08:00:54
-13.009497,-7.450060,2023-01-01T08:00:55
-13.009497,-7.450060,2023-01-01T08:00:56
-13.009497,-7.450060,2023-01-01T08:00:57
-13.009497,-7.450060,2023-01-01T08:00:58
-13.009497,-7.450060,2023-01-01T08:00:59
-13.009497,-7.450060,2023-01-01T08:01:00
-13.009497,-7.450060,2023-01-01T08:01:01
-13.009497,-7.561255,2023-01-01T08:01:02
-12.898305,-7.561255,2023-01-01T08:01:03
-12.898305,-7.561255,2023-01-01T08:01:04
-12.898305,-7.561255,2023-01-01T08:01:05
-12.898305,-7.561255,2023-01-01T08:01:06
-12.898305,-7.561255,2023-01-01T08:01:07
-12.898305,-7.561255,2023-01-01T08:01:08
-12.898305,-7.561255,2023-01-01T08:01:09
-12.898305,-7.561255,2023-01-01T08:01:10
-12.898305,-7.561255,2023-01-01T08:01:11
-12.898305,-7.561255,2023-01-01T08:01:12
-12.898305,-7.561255,2023-01-01T08:01:13
-12.898305,-7.561255,2023-01-01T08:01:14
-12.898305,-7.561255,2023-01-01T08:01:15
-12.898305,-7.561255,2023-01-01T08:01:16
-12.898305,-7.561255,2023-01-01T08:01:17
-12.898305,-7.561255,2023-01-01T08:01:18
-12.787113,-7.450060,2023-01-01T08:01:19
-12.787113,-7.450060,2023-01-01T08:01:20
-12.787113,-7.450060,2023-01-01T08:01:21
-12.787113,-7.450060,2023-01-01T08:01:22
-12.787113,-7.450060,2023-01-01T08:01:23
-12.787113,-7.450060,2023-01-01T08:01:24
-12.787113,-7.450060,2023-01-01T08:01:25
-12.787113,-7.450060,2023-01-01T08:01:26
-12.787113,-7.450060,2023-01-01T08:01:27
-12.787113,-7.450060,2023-01-01T08:01:28
-12.675920,-7.338865,2023-01-01T08:01:29
-12.675920,-7.338865,2023-01-01T08:01:30
-12.675920,-7.338865,2023-01-01T08:01:31
-12.675920,-7.338865,2023-01-01T08:01:32
-12.675920,-7.338865,2023-01-01T08:01:33
-12.675920,-7.338865,2023-01-01T08:01:34
-12.675920,-7.338865,2023-01-01T08:01:35
-12.675920,-7.338865,2023-01-01T08:01:36
-12.564728,-7.227670,2023-01-01T08:01:37
-12.564728,-7.227670,2023-01-01T08:01:38
-12.564728,-7.227670,2023-01-01T08:01:39
-12.564728,-7.227670,2023-01-01T08:01:40
-12.564728,-7.227670,2023-01-01T08:01:41
-12.564728,-7.227670,2023-01-01T08:01:42
-12.564728,-7.227670,2023-01-01T08:01:43
-12.564728,-7.227670,2023-01-01T08:01:44
-12.564728,-7.116475,2023-01-01T08:01:45
-12.564728,-7.116475,2023-01-01T08:01:46
-12.453536,-7.116475,2023-01-01T08:01:47
-12.453536,-7.116475,2023-01-01T08:01:48
-12.453536,-7.116475,2023-01-01T08:01:49
-12.453536,-7.116475,2023-01-01T08:01:50
-12.453536,-7.116475,2023-01-01T08:01:51
-12.453536,-7.116475,2023-01-01T08:01:52
-12.453536,-7.005280,2023-01-01T08:01:53
-12.453536,-7.005280,2023-01-01T08:01:54
-12.342344,-7.005280,2023-01-01T08:01:55
-12.342344,-7.005280,2023-01-01T08:01:56
-12.342344,-7.005280,2023-01-01T08:01:57
-12.342344,-7.005280,2023-01-01T08:01:58
-12.342344,-7.005280,2023-01-01T08:01:59
-12.342344,-7.005280,2023-01-01T08:02:00
-12.342344,-6.894085,2023-01-01T08:02:01
-12.342344,-6.894085,2023-01-01T08:02:02
-12.231151,-6.894085,2023-01-01T08:02:03
-12.231151,-6.894085,2023-01-01T08:02:04
-12.231151,-6.894085,2023-01-01T08:02:05
-12.231151,-6.894085,2023-01-01T08:02:06
-12.231151,-6.894085,2023-01-01T08:02:07
-12.231151,-6.782891,2023-01-01T08:02:08
-12.231151,-6.782891,2023-01-01T08:02:09
-12.231151,-6.782891,2023-01-01T08:02:10
-12.119959,-6.782891,2023-01-01T08:02:11
-12.119959,-6.782891,2023-01-01T08:02:12
-12.119959,-6.782891,2023-01-01T08:02:13
-12.119959,-6.782891,2023-01-01T08:02:14
-12.119959,-6.782891,2023-01-01T08:02:15
-12.119959,-6.782891,2023-01-01T08:02:16
-12.119959,-6.782891,2023-01-01T08:02:17
-12.119959,-6.782891,2023-01-01T08:02:18
-12.119959,-6.671696,2023-01-01T08:02:19
-12.119959,-6.671696,2023-01-01T08:02:20
-12.119959,-6.671696,2023-01-01T08:02:21
-12.119959,-6.671696,2023-01-01T08:02:22
-12.008767,-6.671696,2023-01-01T08:02:23
-12.008767,-6.671696,2023-01-01T08:02:24
-12.008767,-6.671696,2023-01-01T08:02:25
-12.008767,-6.671696,2023-01-01T08:02:26
-12.008767,-6.671696,2023-01-01T08:02:27
-12.008767,-6.671696,2023-01-01T08:02:28
-12.008767,-6.671696,2023-01-01T08:02:29
-12.008767,-6.671696,2023-01-01T08:02:30
-12.008767,-6.560501,2023-01-01T08:02:31
-12.008767,-6.560501,2023-01-01T08:02:32
-12.008767,-6.560501,2023-01-01T08:02:33
-12.008767,-6.560501,2023-01-01T08:02:34
-11.897574,-6.560501,2023-01-01T08:02:35
-11.897574,-6.560501,2023-01-01T08:02:36
-11.897574,-6.560501,2023-01-01T08:02:37
-11.897574,-6.560501,2023-01-01T08:02:38
-11.897574,-6.560501,2023-01-01T08:02:39
-11.897574,-6.560501,2023-01-01T08:02:40
-11.897574,-6.560501,2023-01-01T08:02:41
-11.897574,-6.449306,2023-01-01T08:02:42
-11.897574,-6.449306,2023-01-01T08:02:43
-11.897574,-6.449306,2023-01-01T08:02:44
-11.786382,-6.449306,2023-01-01T08:02:45
-11.786382,-6.449306,2023-01-01T08:02:46
-11.786382,-6.449306,2023-01-01T08:02:47
-11.786382,-6.449306,2023-01-01T08:02:48
-11.786382,-6.449306,2023-01-01T08:02:49
-11.786382,-6.449306,2023-01-01T08:02:50
-11.786382,-6.338111,2023-01-01T08:02:51
-11.786382,-6.338111,2023-01-01T08:02:52
-11.786382,-6.338111,2023-01-01T08:02:53
-11.675190,-6.338111,2023-01-01T08:02:54
-11.675190,-6.338111,2023-01-01T08:02:55
-11.675190,-6.338111,2023-01-01T08:02:56
-11.675190,-6.338111,2023-01-01T08:02:57
-11.675190,-6.338111,2023-01-01T08:02:58
-11.675190,-6.226916,2023-01-01T08:02:59
-11.675190,-6.226916,2023-01-01T08:03:00
-11.675190,-6.226916,2023-01-01T08:03:01
-11.675190,-6.226916,2023-01-01T08:03:02
-11.563998,-6.226916,2023-01-01T08:03:03
-11.563998,-6.226916,2023-01-01T08:03:04
-11.563998,-6.226916,2023-01-01T08:03:05
-11.563998,-6.115721,2023-01-01T08:03:06
-11.563998,-6.115721,2023-01-01T08:03:07
-11.563998,-6.115721,2023-01-01T08:03:08
-11.563998,-6.115721,2023-01-01T08:03:09
-11.563998,-6.115721,2023-01-01T08:03:10
-11.452805,-6.115721,2023-01-01T08:03:11
-11.452805,-6.115721,2023-01-01T08:03:12
-11.452805,-6.004526,2023-01-01T08:03:13
-11.452805,-6.004526,2023-01-01T08:03:14
-11.452805,-6.004526,2023-01-01T08:03:15
-11.452805,-6.004526,2023-01-01T08:03:16
-11.452805,-6.004526,2023-01-01T08:03:17
-11.452805,-6.004526,2023-01-01T08:03:18
-11.452805,-6.004526,2023-01-01T08:03:19
-11.341613,-5.893331,2023-01-01T08:03:20
-11.341613,-5.893331,2023-01-01T08:03:21
-11.341613,-5.893331,2023-01-01T08:03:22
-11.341613,-5.893331,2023-01-01T08:03:23
-11.341613,-5.893331,2023-01-01T08:03:24
-11.341613,-5.893331,2023-01-01T08:03:25
-11.341613,-5.893331,2023-01-01T08:03:26
-11.230421,-5.782136,2023-01-01T08:03:27
-11.230421,-5.782136,2023-01-01T08:03:28
-11.230421,-5.782136,2023-01-01T08:03:29
-11.230421,-5.782136,2023-01-01T08:03:30
-11.230421,-5.782136,2023-01-01T08:03:31
-11.230421,-5.782136,2023-01-01T08:03:32
-11.119228,-5.782136,2023-01-01T08:03:33
-11.119228,-5.670941,2023-01-01T08:03:34
-11.119228,-5.670941,2023-01-01T08:03:35
-11.119228,-5.670941,2023-01-01T08:03:36
-11.119228,-5.670941,2023-01-01T08:03:37
-11.008036,-5.670941,2023-01-01T08:03:38
-11.008036,-5.670941,2023-01-01T08:03:39
-11.008036,-5.670941,2023-01-01T08:03:40
-11.008036,-5.559746,2023-01-01T08:03:41
-11.008036,-5.559746,2023-01-01T08:03:42
-11.008036,-5.559746,2023-01-01T08:03:43
-10.896844,-5.559746,2023-01-01T08:03:44
-10.896844,-5.559746,2023-01-01T08:03:45
-10.896844,-5.559746,2023-01-01T08:03:46
-10.896844,-5.559746,2023-01-01T08:03:47
-10.896844,-5.448551,2023-01-01T08:03:48
-10.785652,-5.448551,2023-01-01T08:03:49
-10.785652,-5.448551,2023-01-01T08:03:50
-10.785652,-5.448551,2023-01-01T08:03:51
-10.785652,-5.448551,2023-01-01T08:03:52
-10.785652,-5.448551,2023-01-01T08:03:53
-10.785652,-5.448551,2023-01-01T08:03:54
-10.785652,-5.448551,2023-01-01T08:03:55
-10.785652,-5.337356,2023-01-01T08:03:56
-10.785652,-5.337356,2023-01-01T08:03:57
-10.785652,-5.337356,2023-01-01T08:03:58
-10.674459,-5.337356,2023-01-01T08:03:59
-10.674459,-5.337356,2023-01-01T08:04:00
-10.674459,-5.337356,2023-01-01T08:04:01
-10.674459,-5.337356,2023-01-01T08:04:02
-10.674459,-5.337356,2023-01-01T08:04:03
-10.674459,-5.337356,2023-01-01T08:04:04
-10.674459,-5.337356,2023-01-01T08:04:05
-10.674459,-5.226162,2023-01-01T08:04:06
-10.785652,-5.226162,2023-01-01T08:04:07
-10.785652,-5.226162,2023-01-01T08:04:08
-10.785652,-5.226162,2023-01-01T08:04:09
-10.785652,-5.226162,2023-01-01T08:04:10
-10.785652,-5.226162,2023-01-01T08:04:11
-10.785652,-5.226162,2023-01-01T08:04:12
-10.785652,-5.226162,2023-01-01T08:04:13
-10.785652,-5.226162,2023-01-01T08:04:14
-10.785652,-5.226162,2023-01-01T08:04:15
-10.785652,-5.226162,2023-01-01T08:04:16
-10.785652,-5.226162,2023-01-01T08:04:17
-10.896844,-5.114967,2023-01-01T08:04:18
-10.896844,-5.114967,2023-01-01T08:04:19
-10.896844,-5.114967,2023-01-01T08:04:20
-10.896844,-5.114967,2023-01-01T08:04:21
-10.896844,-5.114967,2023-01-01T08:04:22
-10.896844,-5.114967,2023-01-01T08:04:23
-10.896844,-5.114967,2023-01-01T08:04:24
-10.896844,-5.114967,2023-01-01T08:04:25
-10.896844,-5.114967,2023-01-01T08:04:26
-10.896844,-5.114967,2023-01-01T08:04:27
-10.896844,-5.114967,2023-01-01T08:04:28
-10.896844,-5.114967,2023-01-01T08:04:29
-10.896844,-5.114967,2023-01-01T08:04:30
-11.008036,-5.114967,2023-01-01T08:04:31
-11.008036,-5.114967,2023-01-01T08:04:32
-11.008036,-5.003772,2023-01-01T08:04:33
-11.008036,-5.003772,2023-01-01T08:04:34
-11.008036,-5.003772,2023-01-01T08:04:35
-11.008036,-5.003772,2023-01-01T08:04:36
-11.008036,-5.003772,2023-01-01T08:04:37
-11.008036,-5.003772,2023-01-01T08:04:38
-11.008036,-5.003772,2023-01-01T08:04:39
-11.008036,-5.003772,2023-01-01T08:04:40
-11.008036,-5.003772,2023-01-01T08:04:41
-10.896844,-5.003772,2023-01-01T08:04:42
-10.896844,-5.003772,2023-01-01T08:04:43
-10.896844,-5.003772,2023-01-01T08:04:44
-10.785652,-5.003772,2023-01-01T08:04:45
-10.785652,-5.003772,2023-01-01T08:04:46
-10.785652,-5.003772,2023-01-01T08:04:47
-10.785652,-5.003772,2023-01-01T08:04:48
-10.674459,-5.003772,2023-01-01T08:04:49
-10.674459,-5.003772,2023-01-01T08:04:50
-10.674459,-5.003772,2023-01-01T08:04:51
-10.674459,-5.003772,2023-01-01T08:04:52
-10.563267,-5.003772,2023-01-01T08:04:53
-10.563267,-5.003772,2023-01-01T08:04:54
-10.563267,-5.003772,2023-01-01T08:04:55
-10.563267,-5.003772,2023-01-01T08:04:56
-10.452075,-5.003772,2023-01-01T08:04:57
-10.452075,-5.003772,2023-01-01T08:04:58
-10.452075,-5.003772,2023-01-01T08:04:59
-10.452075,-5.003772,2023-01-01T08:05:00
-10.340882,-5.003772,2023-01-01T08:05:01
-10.340882,-5.003772,2023-01-01T08:05:02
-10.340882,-5.003772,2023-01-01T08:05:03
-10.340882,-5.003772,2023-01-01T08:05:04
-10.229690,-5.003772,2023-01-01T08:05:05
-10.229690,-5.003772,2023-01-01T08:05:06
-10.229690,-5.003772,2023-01-01T08:05:07
-10.229690,-5.003772,2023-01-01T08:05:08
-10.118498,-5.003772,2023-01-01T08:05:09
-10.118498,-5.003772,2023-01-01T08:05:10
-10.118498,-5.003772,2023-01-01T08:05:11
-10.118498,-5.003772,2023-01-01T08:05:12
-10.007306,-5.003772,2023-01-01T08:05:13
-10.007306,-5.003772,2023-01-01T08:05:14
-10.007306,-5.003772,2023-01-01T08:05:15
-10.007306,-5.003772,2023-01-01T08:05:16
-10.007306,-5.003772,2023-01-01T08:05:17
-9.896113,-5.003772,2023-01-01T08:05:18
-9.896113,-5.003772,2023-01-01T08:05:19
-9.896113,-5.003772,2023-01-01T08:05:20
-9.896113,-5.003772,2023-01-01T08:05:21
-9.784921,-5.003772,2023-01-01T08:05:22
-9.784921,-5.003772,2023-01-01T08:05:23
-9.784921,-5.114967,2023-01-01T08:05:24
-9.784921,-5.114967,2023-01-01T08:05:25
-9.673729,-5.114967,2023-01-01T08:05:26
-9.673729,-5.114967,2023-01-01T08:05:27
-9.673729,-5.114967,2023-01-01T08:05:28
-9.673729,-5.114967,2023-01-01T08:05:29
-9.562536,-5.114967,2023-01-01T08:05:30
-9.562536,-5.114967,2023-01-01T08:05:31
-9.562536,-5.114967,2023-01-01T08:05:32
-9.562536,-5.114967,2023-01-01T08:05:33
-9.451344,-5.114967,2023-01-01T08:05:34
-9.451344,-5.114967,2023-01-01T08:05:35
-9.451344,-5.114967,2023-01-01T08:05:36
-9.451344,-5.114967,2023-01-01T08:05:37
-9.340152,-5.114967,2023-01-01T08:05:38
-9.340152,-5.114967,2023-01-01T08:05:39
-9.340152,-5.114967,2023-01-01T08:05:40
-9.340152,-5.114967,2023-01-01T08:05:41
-9.340152,-5.114967,2023-01-01T08:05:42
-9.228960,-5.003772,2023-01-01T08:05:43
-9.228960,-5.003772,2023-01-01T08:05:44
-9.228960,-5.003772,2023-01-01T08:05:45
-9.228960,-5.003772,2023-01-01T08:05:46
-9.117767,-4.892577,2023-01-01T08:05:47
-9.117767,-4.892577,2023-01-01T08:05:48
-9.117767,-4.892577,2023-01-01T08:05:49
-9.117767,-4.892577,2023-01-01T08:05:50
-9.117767,-4.781382,2023-01-01T08:05:51
-9.006575,-4.781382,2023-01-01T08:05:52
-9.006575,-4.781382,2023-01-01T08:05:53
-9.006575,-4.781382,2023-01-01T08:05:54
-9.006575,-4.781382,2023-01-01T08:05:55
-9.006575,-4.670187,2023-01-01T08:05:56
-8.895383,-4.670187,2023-01-01T08:05:57
-8.895383,-4.670187,2023-01-01T08:05:58
-8.895383,-4.670187,2023-01-01T08:05:59
-8.895383,-4.558992,2023-01-01T08:06:00
-8.895383,-4.558992,2023-01-01T08:06:01
-8.784190,-4.558992,2023-01-01T08:06:02
-8.784190,-4.558992,2023-01-01T08:06:03
-8.784190,-4.558992,2023-01-01T08:06:04
-8.784190,-4.447797,2023-01-01T08:06:05
-8.784190,-4.447797,2023-01-01T08:06:06
-8.672998,-4.447797,2023-01-01T08:06:07
-8.672998,-4.447797,2023-01-01T08:06:08
-8.672998,-4.447797,2023-01-01T08:06:09
-8.672998,-4.336602,2023-01-01T08:06:10
-8.672998,-4.336602,2023-01-01T08:06:11
-8.672998,-4.336602,2023-01-01T08:06:12
-8.561806,-4.336602,2023-01-01T08:06:13
-8.561806,-4.336602,2023-01-01T08:06:14
-8.561806,-4.336602,2023-01-01T08:06:15
-8.561806,-4.225407,2023-01-01T08:06:16
-8.561806,-4.225407,2023-01-01T08:06:17
-8.450614,-4.225407,2023-01-01T08:06:18
-8.450614,-4.225407,2023-01-01T08:06:19
-8.450614,-4.225407,2023-01-01T08:06:20
-8.450614,-4.225407,2023-01-01T08:06:21
-8.450614,-4.114212,2023-01-01T08:06:22
-8.339421,-4.114212,2023-01-01T08:06:23
-8.339421,-4.114212,2023-01-01T08:06:24
-8.339421,-4.114212,2023-01-01T08:06:25
-8.339421,-4.114212,2023-01-01T08:06:26
-8.339421,-4.114212,2023-01-01T08:06:27
-8.339421,-4.114212,2023-01-01T08:06:28
-8.228229,-4.003017,2023-01-01T08:06:29
-8.228229,-4.003017,2023-01-01T08:06:30
-8.228229,-4.003017,2023-01-01T08:06:31
-8.228229,-4.003017,2023-01-01T08:06:32
-8.228229,-4.003017,2023-01-01T08:06:33
-8.228229,-4.003017,2023-01-01T08:06:34
-8.117037,-4.003017,2023-01-01T08:06:35
-8.117037,-4.003017,2023-01-01T08:06:36
-8.117037,-3.891822,2023-01-01T08:06:37
-8.117037,-3.891822,2023-01-01T08:06:38
-8.117037,-3.891822,2023-01-01T08:06:39
-8.005844,-3.891822,2023-01-01T08:06:40
-8.005844,-3.891822,2023-01-01T08:06:41
-8.005844,-3.891822,2023-01-01T08:06:42
-8.005844,-3.891822,2023-01-01T08:06:43
-8.005844,-3.780628,2023-01-01T08:06:44
-8.005844,-3.780628,2023-01-01T08:06:45
-7.894652,-3.780628,2023-01-01T08:06:46
-7.894652,-3.780628,2023-01-01T08:06:47
-7.894652,-3.780628,2023-01-01T08:06:48
-7.894652,-3.780628,2023-01-01T08:06:49
-7.894652,-3.780628,2023-01-01T08:06:50
-7.783460,-3.780628,2023-01-01T08:06:51
-7.783460,-3.669433,2023-01-01T08:06:52
-7.783460,-3.669433,2023-01-01T08:06:53
-7.783460,-3.669433,2023-01-01T08:06:54
-7.783460,-3.669433,2023-01-01T08:06:55
-7.783460,-3.669433,2023-01-01T08:06:56
-7.672268,-3.669433,2023-01-01T08:06:57
-7.672268,-3.669433,2023-01-01T08:06:58
-7.672268,-3.669433,2023-01-01T08:06:59
-7.672268,-3.558238,2023-01-01T08:07:00
-7.672268,-3.558238,2023-01-01T08:07:01
-7.561075,-3.558238,2023-01-01T08:07:02
-7.561075,-3.558238,2023-01-01T08:07:03
-7.561075,-3.558238,2023-01-01T08:07:04
-7.561075,-3.558238,2023-01-01T08:07:05
-7.561075,-3.558238,2023-01-01T08:07:06
-7.561075,-3.558238,2023-01-01T08:07:07
-7.449883,-3.558238,2023-01-01T08:07:08
-7.449883,-3.558238,2023-01-01T08:07:09
-7.449883,-3.447043,2023-01-01T08:07:10
-7.449883,-3.447043,2023-01-01T08:07:11
-7.449883,-3.447043,2023-01-01T08:07:12
-7.338691,-3.447043,2023-01-01T08:07:13
-7.338691,-3.447043,2023-01-01T08:07:14
-7.338691,-3.447043,2023-01-01T08:07:15
-7.338691,-3.447043,2023-01-01T08:07:16
-7.338691,-3.447043,2023-01-01T08:07:17
-7.227498,-3.447043,2023-01-01T08:07:18
-7.227498,-3.335848,2023-01-01T08:07:19
-7.227498,-3.335848,2023-01-01T08:07:20
-7.227498,-3.335848,2023-01-01T08:07:21
-7.227498,-3.335848,2023-01-01T08:07:22
-7.227498,-3.335848,2023-01-01T08:07:23
-7.116306,-3.335848,2023-01-01T08:07:24
-7.116306,-3.335848,2023-01-01T08:07:25
-7.116306,-3.335848,2023-01-01T08:07:26
-7.116306,-3.335848,2023-01-01T08:07:27
-7.116306,-3.335848,2023-01-01T08:07:28
-7.005114,-3.224653,2023-01-01T08:07:29
-7.005114,-3.224653,2023-01-01T08:07:30
-7.005114,-3.224653,2023-01-01T08:07:31
-7.005114,-3.224653,2023-01-01T08:07:32
-7.005114,-3.224653,2023-01-01T08:07:33
-6.893922,-3.224653,2023-01-01T08:07:34
-6.893922,-3.224653,2023-01-01T08:07:35
-6.893922,-3.224653,2023-01-01T08:07:36
-6.893922,-3.224653,2023-01-01T08:07:37
-6.893922,-3.113458,2023-01-01T08:07:38
-6.782729,-3.113458,2023-01-01T08:07:39
-6.782729,-3.113458,2023-01-01T08:07:40
-6.782729,-3.113458,2023-01-01T08:07:41
-6.782729,-3.113458,2023-01-01T08:07:42
-6.782729,-3.113458,2023-01-01T08:07:43
-6.782729,-3.113458,2023-01-01T08:07:44
-6.671537,-3.113458,2023-01-01T08:07:45
-6.671537,-3.113458,2023-01-01T08:07:46
-6.671537,-3.113458,2023-01-01T08:07:47
-6.671537,-3.002263,2023-01-01T08:07:48
-6.671537,-3.002263,2023-01-01T08:07:49
-6.671537,-3.002263,2023-01-01T08:07:50
-6.560345,-3.002263,2023-01-01T08:07:51
-6.560345,-3.002263,2023-01-01T08:07:52
-6.560345,-3.002263,2023-01-01T08:07:53
-6.560345,-3.002263,2023-01-01T08:07:54
-6.560345,-3.002263,2023-01-01T08:07:55
-6.449152,-3.002263,2023-01-01T08:07:56
-6.449152,-3.002263,2023-01-01T08:07:57
-6.449152,-3.002263,2023-01-01T08:07:58
-6.449152,-3.002263,2023-01-01T08:07:59
-6.449152,-2.891068,2023-01-01T08:08:00
-6.337960,-2.891068,2023-01-01T08:08:01
-6.337960,-2.891068,2023-01-01T08:08:02
-6.337960,-2.891068,2023-01-01T08:08:03
-6.337960,-2.891068,2023-01-01T08:08:04
-6.337960,-2.891068,2023-01-01T08:08:05
-6.337960,-2.891068,2023-01-01T08:08:06
-6.226768,-2.891068,2023-01-01T08:08:07
-6.226768,-2.891068,2023-01-01T08:08:08
-6.226768,-2.891068,2023-01-01T08:08:09
-6.226768,-2.891068,2023-01-01T08:08:10
-6.115576,-2.891068,2023-01-01T08:08:11
-6.115576,-2.779873,2023-01-01T08:08:12
-6.115576,-2.779873,2023-01-01T08:08:13
-6.115576,-2.779873,2023-01-01T08:08:14
-6.115576,-2.779873,2023-01-01T08:08:15
-6.004383,-2.779873,2023-01-01T08:08:16
-6.004383,-2.779873,2023-01-01T08:08:17
-6.004383,-2.779873,2023-01-01T08:08:18
-6.004383,-2.779873,2023-01-01T08:08:19
-6.004383,-2.779873,2023-01-01T08:08:20
-5.893191,-2.779873,2023-01-01T08:08:21
-5.893191,-2.779873,2023-01-01T08:08:22
-5.893191,-2.779873,2023-01-01T08:08:23
-5.893191,-2.668678,2023-01-01T08:08:24
-5.781999,-2.668678,2023-01-01T08:08:25
-5.781999,-2.668678,2023-01-01T08:08:26
-5.781999,-2.668678,2023-01-01T08:08:27
-5.781999,-2.668678,2023-01-01T08:08:28
-5.781999,-2.668678,2023-01-01T08:08:29
-5.670806,-2.668678,2023-01-01T08:08:30
-5.670806,-2.668678,2023-01-01T08:08:31
-5.670806,-2.668678,2023-01-01T08:08:32
-5.670806,-2.668678,2023-01-01T08:08:33
-5.670806,-2.668678,2023-01-01T08:08:34
-5.559614,-2.668678,2023-01-01T08:08:35
-5.559614,-2.668678,2023-01-01T08:08:36
-5.559614,-2.668678,2023-01-01T08:08:37
-5.559614,-2.668678,2023-01-01T08:08:38
-5.559614,-2.557483,2023-01-01T08:08:39
-5.448422,-2.557483,2023-01-01T08:08:40
-5.448422,-2.557483,2023-01-01T08:08:41
-5.448422,-2.557483,2023-01-01T08:08:42
-5.448422,-2.557483,2023-01-01T08:08:43
-5.337230,-2.557483,2023-01-01T08:08:44
-5.337230,-2.557483,2023-01-01T08:08:45
-5.337230,-2.557483,2023-01-01T08:08:46
-5.337230,-2.557483,2023-01-01T08:08:47
-5.337230,-2.557483,2023-01-01T08:08:48
-5.226037,-2.557483,2023-01-01T08:08:49
-5.226037,-2.557483,2023-01-01T08:08:50
-5.226037,-2.557483,2023-01-01T08:08:51
-5.226037,-2.557483,2023-01-01T08:08:52
-5.114845,-2.557483,2023-01-01T08:08:53
-5.114845,-2.557483,2023-01-01T08:08:54
-5.114845,-2.557483,2023-01-01T08:08:55
-5.114845,-2.557483,2023-01-01T08:08:56
-5.114845,-2.557483,2023-01-01T08:08:57
-5.003653,-2.557483,2023-01-01T08:08:58
-5.003653,-2.557483,2023-01-01T08:08:59
-5.003653,-2.557483,2023-01-01T08:09:00
-5.003653,-2.557483,2023-01-01T08:09:01
-4.892460,-2.446288,2023-01-01T08:09:02
-4.892460,-2.446288,2023-01-01T08:09:03
-4.892460,-2.446288,2023-01-01T08:09:04
-4.892460,-2.446288,2023-01-01T08:09:05
-4.892460,-2.446288,2023-01-01T08:09:06
-4.781268,-2.446288,2023-01-01T08:09:07
-4.781268,-2.446288,2023-01-01T08:09:08
-4.781268,-2.446288,2023-01-01T08:09:09
-4.781268,-2.446288,2023-01-01T08:09:10
-4.781268,-2.446288,2023-01-01T08:09:11
-4.670076,-2.446288,2023-01-01T08:09:12
-4.670076,-2.446288,2023-01-01T08:09:13
-4.670076,-2.446288,2023-01-01T08:09:14
-4.670076,-2.446288,2023-01-01T08:09:15
-4.670076,-2.446288,2023-01-01T08:09:16
-4.558884,-2.446288,2023-01-01T08:09:17
-4.558884,-2.335093,2023-01-01T08:09:18
-4.558884,-2.335093,2023-01-01T08:09:19
-4.558884,-2.335093,2023-01-01T08:09:20
-4.558884,-2.335093,2023-01-01T08:09:21
-4.447691,-2.335093,2023-01-01T08:09:22
-4.447691,-2.335093,2023-01-01T08:09:23
-4.447691,-2.335093,2023-01-01T08:09:24
-4.447691,-2.335093,2023-01-01T08:09:25
-4.447691,-2.335093,2023-01-01T08:09:26
-4.336499,-2.335093,2023-01-01T08:09:27
-4.336499,-2.335093,2023-01-01T08:09:28
-4.336499,-2.335093,2023-01-01T08:09:29
-4.336499,-2.223899,2023-01-01T08:09:30
-4.225307,-2.223899,2023-01-01T08:09:31
-4.225307,-2.223899,2023-01-01T08:09:32
-4.225307,-2.223899,2023-01-01T08:09:33
-4.225307,-2.223899,2023-01-01T08:09:34
-4.225307,-2.223899,2023-01-01T08:09:35
-4.114115,-2.223899,2023-01-01T08:09:36
-4.114115,-2.223899,2023-01-01T08:09:37
-4.114115,-2.223899,2023-01-01T08:09:38
-4.114115,-2.223899,2023-01-01T08:09:39
-4.114115,-2.223899,2023-01-01T08:09:40
-4.114115,-2.223899,2023-01-01T08:09:41
-4.002922,-2.223899,2023-01-01T08:09:42
-4.002922,-2.223899,2023-01-01T08:09:43
-4.002922,-2.112704,2023-01-01T08:09:44
-4.002922,-2.112704,2023-01-01T08:09:45
-4.002922,-2.112704,2023-01-01T08:09:46
-4.002922,-2.112704,2023-01-01T08:09:47
-3.891730,-2.112704,2023-01-01T08:09:48
-3.891730,-2.112704,2023-01-01T08:09:49
-3.891730,-2.112704,2023-01-01T08:09:50
-3.891730,-2.112704,2023-01-01T08:09:51
-3.891730,-2.112704,2023-01-01T08:09:52
-3.891730,-2.112704,2023-01-01T08:09:53
-3.780538,-2.112704,2023-01-01T08:09:54
-3.780538,-2.112704,2023-01-01T08:09:55
-3.780538,-2.112704,2023-01-01T08:09:56
-3.780538,-2.112704,2023-01-01T08:09:57
-3.780538,-2.112704,2023-01-01T08:09:58
-3.669345,-2.112704,2023-01-01T08:09:59
-3.669345,-2.112704,2023-01-01T08:10:00
-3.669345,-2.112704,2023-01-01T08:10:01
-3.669345,-2.112704,2023-01-01T08:10:02
-3.669345,-2.112704,2023-01-01T08:10:03
-3.669345,-2.112704,2023-01-01T08:10:04
-3.669345,-2.112704,2023-01-01T08:10:05
-3.558153,-2.112704,2023-01-01T08:10:06
-3.558153,-2.112704,2023-01-01T08:10:07
-3.558153,-2.112704,2023-01-01T08:10:08
-3.558153,-2.112704,2023-01-01T08:10:09
-3.558153,-2.112704,2023-01-01T08:10:10
-3.558153,-2.112704,2023-01-01T08:10:11
-3.558153,-2.112704,2023-01-01T08:10:12
-3.446961,-2.001509,2023-01-01T08:10:13
-3.446961,-2.001509,2023-01-01T08:10:14
-3.446961,-2.001509,2023-01-01T08:10:15
-3.446961,-2.001509,2023-01-01T08:10:16
-3.446961,-2.001509,2023-01-01T08:10:17
-3.446961,-2.001509,2023-01-01T08:10:18
-3.446961,-2.001509,2023-01-01T08:10:19
-3.446961,-2.001509,2023-01-01T08:10:20
-3.335769,-2.001509,2023-01-01T08:10:21
-3.335769,-2.001509,2023-01-01T08:10:22
-3.335769,-2.001509,2023-01-01T08:10:23
-3.335769,-2.001509,2023-01-01T08:10:24
-3.335769,-2.001509,2023-01-01T08:10:25
-3.335769,-2.001509,2023-01-01T08:10:26
-3.335769,-2.001509,2023-01-01T08:10:27
-3.335769,-2.001509,2023-01-01T08:10:28
-3.224576,-2.001509,2023-01-01T08:10:29
-3.224576,-2.001509,2023-01-01T08:10:30
-3.224576,-2.001509,2023-01-01T08:10:31
-3.224576,-2.001509,2023-01-01T08:10:32
-3.224576,-2.001509,2023-01-01T08:10:33
-3.224576,-2.001509,2023-01-01T08:10:34
-3.224576,-2.001509,2023-01-01T08:10:35
-3.224576,-2.001509,2023-01-01T08:10:36
-3.113384,-2.001509,2023-01-01T08:10:37
-3.113384,-2.001509,2023-01-01T08:10:38
-3.113384,-2.001509,2023-01-01T08:10:39
-3.113384,-2.001509,2023-01-01T08:10:40
-3.113384,-2.001509,2023-01-01T08:10:41
-3.113384,-2.001509,2023-01-01T08:10:42
-3.113384,-1.890314,2023-01-01T08:10:43
-3.113384,-1.890314,2023-01-01T08:10:44
-3.113384,-1.890314,2023-01-01T08:10:45
-3.113384,-1.890314,2023-01-01T08:10:46
-3.113384,-1.890314,2023-01-01T08:10:47
-3.002192,-1.890314,2023-01-01T08:10:48
-3.002192,-1.890314,2023-01-01T08:10:49
-3.002192,-1.890314,2023-01-01T08:10:50
-3.002192,-1.890314,2023-01-01T08:10:51
-3.002192,-1.890314,2023-01-01T08:10:52
-3.002192,-1.890314,2023-01-01T08:10:53
-3.002192,-1.890314,2023-01-01T08:10:54
-3.002192,-1.890314,2023-01-01T08:10:55
-3.002192,-1.890314,2023-01-01T08:10:56
-3.002192,-1.890314,2023-01-01T08:10:57
-3.002192,-1.890314,2023-01-01T08:10:58
-3.002192,-1.890314,2023-01-01T08:10:59
-2.890999,-1.890314,2023-01-01T08:11:00
-2.890999,-1.890314,2023-01-01T08:11:01
-2.890999,-1.890314,2023-01-01T08:11:02
-2.890999,-1.890314,2023-01-01T08:11:03
-2.890999,-1.890314,2023-01-01T08:11:04
-2.890999,-1.890314,2023-01-01T08:11:05
-2.890999,-1.779119,2023-01-01T08:11:06
-2.890999,-1.779119,2023-01-01T08:11:07
-2.890999,-1.779119,2023-01-01T08:11:08
-2.890999,-1.779119,2023-01-01T08:11:09
-2.890999,-1.779119,2023-01-01T08:11:10
-2.890999,-1.779119,2023-01-01T08:11:11
-2.890999,-1.779119,2023-01-01T08:11:12
-2.890999,-1.779119,2023-01-01T08:11:13
-2.890999,-1.779119,2023-01-01T08:11:14
-2.779807,-1.779119,2023-01-01T08:11:15
-2.779807,-1.779119,2023-01-01T08:11:16
-2.779807,-1.779119,2023-01-01T08:11:17
-2.779807,-1.779119,2023-01-01T08:11:18
-2.779807,-1.779119,2023-01-01T08:11:19
-2.779807,-1.779119,2023-01-01T08:11:20
-2.779807,-1.779119,2023-01-01T08:11:21
-2.779807,-1.779119,2023-01-01T08:11:22
-2.779807,-1.779119,2023-01-01T08:11:23
-2.779807,-1.779119,2023-01-01T08:11:24
-2.779807,-1.779119,2023-01-01T08:11:25
-2.779807,-1.779119,2023-01-01T08:11:26
-2.779807,-1.779119,2023-01-01T08:11:27
-2.779807,-1.779119,2023-01-01T08:11:28
-2.779807,-1.779119,2023-01-01T08:11:29
-2.779807,-1.779119,2023-01-01T08:11:30
-2.779807,-1.779119,2023-01-01T08:11:31
-2.779807,-1.890314,2023-01-01T08:11:32
-2.779807,-1.890314,2023-01-01T08:11:33
-2.779807,-1.890314,2023-01-01T08:11:34
-2.668615,-1.890314,2023-01-01T08:11:35
-2.668615,-1.890314,2023-01-01T08:11:36
-2.668615,-1.890314,2023-01-01T08:11:37
-2.668615,-1.890314,2023-01-01T08:11:38
-2.668615,-1.890314,2023-01-01T08:11:39
-2.668615,-1.890314,2023-01-01T08:11:40
-2.668615,-1.890314,2023-01-01T08:11:41
-2.668615,-1.890314,2023-01-01T08:11:42
-2.668615,-1.890314,2023-01-01T08:11:43
-2.668615,-1.890314,2023-01-01T08:11:44
-2.668615,-1.890314,2023-01-01T08:11:45
-2.668615,-1.890314,2023-01-01T08:11:46
-2.668615,-1.890314,2023-01-01T08:11:47
-2.668615,-1.890314,2023-01-01T08:11:48
-2.668615,-1.890314,2023-01-01T08:11:49
-2.668615,-1.890314,2023-01-01T08:11:50
-2.668615,-1.890314,2023-01-01T08:11:51
-2.668615,-1.890314,2023-01-01T08:11:52
-2.668615,-1.890314,2023-01-01T08:11:53
-2.668615,-1.890314,2023-01-01T08:11:54
-2.668615,-1.890314,2023-01-01T08:11:55
-2.668615,-1.890314,2023-01-01T08:11:56
-2.668615,-1.890314,2023-01-01T08:11:57
-2.668615,-1.779119,2023-01-01T08:11:58
-2.668615,-1.779119,2023-01-01T08:11:59
-2.668615,-1.779119,2023-01-01T08:12:00
-2.668615,-1.779119,2023-01-01T08:12:01
-2.668615,-1.779119,2023-01-01T08:12:02
-2.668615,-1.779119,2023-01-01T08:12:03
-2.668615,-1.779119,2023-01-01T08:12:04
-2.668615,-1.779119,2023-01-01T08:12:05
-2.668615,-1.779119,2023-01-01T08:12:06
-2.557423,-1.779119,2023-01-01T08:12:07
-2.557423,-1.779119,2023-01-01T08:12:08
-2.557423,-1.779119,2023-01-01T08:12:09
-2.557423,-1.779119,2023-01-01T08:12:10
-2.557423,-1.779119,2023-01-01T08:12:11
-2.557423,-1.779119,2023-01-01T08:12:12
-2.557423,-1.779119,2023-01-01T08:12:13
-2.557423,-1.779119,2023-01-01T08:12:14
-2.557423,-1.779119,2023-01-01T08:12:15
-2.557423,-1.779119,2023-01-01T08:12:16
-2.557423,-1.779119,2023-01-01T08:12:17
-2.557423,-1.779119,2023-01-01T08:12:18
-2.557423,-1.779119,2023-01-01T08:12:19
-2.557423,-1.779119,2023-01-01T08:12:20
-2.557423,-1.779119,2023-01-01T08:12:21
-2.557423,-1.779119,2023-01-01T08:12:22
-2.557423,-1.779119,2023-01-01T08:12:23
-2.557423,-1.779119,2023-01-01T08:12:24
-2.557423,-1.779119,2023-01-01T08:12:25
-2.557423,-1.779119,2023-01-01T08:12:26
-2.557423,-1.779119,2023-01-01T08:12:27
-2.557423,-1.779119,2023-01-01T08:12:28
-2.557423,-1.779119,2023-01-01T08:12:29
-2.557423,-1.779119,2023-01-01T08:12:30
-2.557423,-1.779119,2023-01-01T08:12:31
-2.446230,-1.779119,2023-01-01T08:12:32
-2.446230,-1.779119,2023-01-01T08:12:33
-2.446230,-1.779119,2023-01-01T08:12:34
-2.446230,-1.779119,2023-01-01T08:12:35
-2.446230,-1.779119,2023-01-01T08:12:36
-2.446230,-1.779119,2023-01-01T08:12:37
-2.446230,-1.779119,2023-01-01T08:12:38
-2.446230,-1.779119,2023-01-01T08:12:39
-2.446230,-1.779119,2023-01-01T08:12:40
-2.446230,-1.779119,2023-01-01T08:12:41
-2.446230,-1.779119,2023-01-01T08:12:42
-2.446230,-1.779119,2023-01-01T08:12:43
-2.446230,-1.779119,2023-01-01T08:12:44
-2.446230,-1.779119,2023-01-01T08:12:45
-2.446230,-1.779119,2023-01-01T08:12:46
-2.446230,-1.779119,2023-01-01T08:12:47
-2.446230,-1.779119,2023-01-01T08:12:48
-2.446230,-1.779119,2023-01-01T08:12:49
-2.446230,-1.779119,2023-01-01T08:12:50
-2.446230,-1.779119,2023-01-01T08:12:51
-2.446230,-1.779119,2023-01-01T08:12:52
-2.446230,-1.779119,2023-01-01T08:12:53
-2.446230,-1.779119,2023-01-01T08:12:54
-2.446230,-1.779119,2023-01-01T08:12:55
-2.446230,-1.779119,2023-01-01T08:12:56
-2.446230,-1.779119,2023-01-01T08:12:57
-2.446230,-1.779119,2023-01-01T08:12:58
-2.446230,-1.779119,2023-01-01T08:12:59
-2.446230,-1.779119,2023-01-01T08:13:00
-2.446230,-1.779119,2023-01-01T08:13:01
-2.446230,-1.779119,2023-01-01T08:13:02
-2.446230,-1.779119,2023-01-01T08:13:03
-2.446230,-1.779119,2023-01-01T08:13:04
-2.446230,-1.779119,2023-01-01T08:13:05
-2.446230,-1.779119,2023-01-01T08:13:06
-2.335038,-1.779119,2023-01-01T08:13:07
-2.335038,-1.779119,2023-01-01T08:13:08
-2.335038,-1.779119,2023-01-01T08:13:09
-2.335038,-1.779119,2023-01-01T08:13:10
-2.335038,-1.779119,2023-01-01T08:13:11
-2.335038,-1.779119,2023-01-01T08:13:12
-2.335038,-1.779119,2023-01-01T08:13:13
-2.335038,-1.779119,2023-01-01T08:13:14
-2.335038,-1.779119,2023-01-01T08:13:15
-2.335038,-1.779119,2023-01-01T08:13:16
-2.335038,-1.779119,2023-01-01T08:13:17
-2.335038,-1.779119,2023-01-01T08:13:18
-2.335038,-1.779119,2023-01-01T08:13:19
-2.335038,-1.779119,2023-01-01T08:13:20
-2.335038,-1.779119,2023-01-01T08:13:21
-2.335038,-1.779119,2023-01-01T08:13:22
-2.335038,-1.779119,2023-01-01T08:13:23
-2.335038,-1.779119,2023-01-01T08:13:24
-2.335038,-1.779119,2023-01-01T08:13:25
-2.335038,-1.667924,2023-01-01T08:13:26
-2.335038,-1.667924,2023-01-01T08:13:27
-2.335038,-1.667924,2023-01-01T08:13:28
-2.335038,-1.667924,2023-01-01T08:13:29
-2.335038,-1.667924,2023-01-01T08:13:30
-2.335038,-1.667924,2023-01-01T08:13:31
-2.335038,-1.667924,2023-01-01T08:13:32
-2.335038,-1.667924,2023-01-01T08:13:33
-2.335038,-1.667924,2023-01-01T08:13:34
-2.335038,-1.667924,2023-01-01T08:13:35
-2.335038,-1.667924,2023-01-01T08:13:36
-2.335038,-1.667924,2023-01-01T08:13:37
-2.335038,-1.667924,2023-01-01T08:13:38
-2.335038,-1.667924,2023-01-01T08:13:39
-2.335038,-1.667924,2023-01-01T08:13:40
-2.335038,-1.667924,2023-01-01T08:13:41
-2.335038,-1.667924,2023-01-01T08:13:42
-2.335038,-1.667924,2023-01-01T08:13:43
-2.335038,-1.667924,2023-01-01T08:13:44
-2.335038,-1.667924,2023-01-01T08:13:45
-2.335038,-1.667924,2023-01-01T08:13:46
-2.335038,-1.667924,2023-01-01T08:13:47
-2.335038,-1.667924,2023-01-01T08:13:48
-2.335038,-1.667924,2023-01-01T08:13:49
-2.335038,-1.667924,2023-01-01T08:13:50
-2.335038,-1.667924,2023-01-01T08:13:51
-2.335038,-1.667924,2023-01-01T08:13:52
-2.335038,-1.667924,2023-01-01T08:13:53
-2.335038,-1.667924,2023-01-01T08:13:54
-2.335038,-1.667924,2023-01-01T08:13:55
-2.335038,-1.667924,2023-01-01T08:13:56
-2.335038,-1.667924,2023-01-01T08:13:57
-2.335038,-1.667924,2023-01-01T08:13:58
-2.335038,-1.667924,2023-01-01T08:13:59
-2.335038,-1.667924,2023-01-01T08:14:00
-2.335038,-1.667924,2023-01-01T08:14:01
-2.335038,-1.667924,2023-01-01T08:14:02
-2.335038,-1.667924,2023-01-01T08:14:03
-2.335038,-1.667924,2023-01-01T08:14:04
-2.335038,-1.667924,2023-01-01T08:14:05
-2.335038,-1.667924,2023-01-01T08:14:06
-2.335038,-1.667924,2023-01-01T08:14:07
-2.335038,-1.667924,2023-01-01T08:14:08
-2.335038,-1.667924,2023-01-01T08:14:09
-2.335038,-1.667924,2023-01-01T08:14:10
-2.335038,-1.667924,2023-01-01T08:14:11
-2.335038,-1.667924,2023-01-01T08:14:12
-2.335038,-1.667924,2023-01-01T08:14:13
-2.335038,-1.667924,2023-01-01T08:14:14
-2.335038,-1.667924,2023-01-01T08:14:15
-2.335038,-1.667924,2023-01-01T08:14:16
-2.335038,-1.667924,2023-01-01T08:14:17
-2.335038,-1.667924,2023-01-01T08:14:18
-2.335038,-1.667924,2023-01-01T08:14:19
-2.335038,-1.667924,2023-01-01T08:14:20
-2.335038,-1.667924,2023-01-01T08:14:21
-2.335038,-1.667924,2023-01-01T08:14:22
-2.335038,-1.667924,2023-01-01T08:14:23
-2.335038,-1.667924,2023-01-01T08:14:24
-2.335038,-1.667924,2023-01-01T08:14:25
-2.335038,-1.667924,2023-01-01T08:14:26
-2.335038,-1.667924,2023-01-01T08:14:27
-2.335038,-1.667924,2023-01-01T08:14:28
-2.335038,-1.667924,2023-01-01T08:14:29
-2.335038,-1.667924,2023-01-01T08:14:30
-2.335038,-1.667924,2023-01-01T08:14:31
-2.335038,-1.667924,2023-01-01T08:14:32
-2.335038,-1.667924,2023-01-01T08:14:33
-2.335038,-1.667924,2023-01-01T08:14:34
-2.335038,-1.667924,2023-01-01T08:14:35
-2.335038,-1.667924,2023-01-01T08:14:36
-2.335038,-1.667924,2023-01-01T08:14:37
-2.335038,-1.667924,2023-01-01T08:14:38
-2.335038,-1.667924,2023-01-01T08:14:39
-2.335038,-1.667924,2023-01-01T08:14:40
-2.335038,-1.667924,2023-01-01T08:14:41
-2.335038,-1.667924,2023-01-01T08:14:42
-2.335038,-1.667924,2023-01-01T08:14:43
-2.335038,-1.667924,2023-01-01T08:14:44
-2.335038,-1.667924,2023-01-01T08:14:45
-2.335038,-1.667924,2023-01-01T08:14:46
-2.335038,-1.667924,2023-01-01T08:14:47
-2.335038,-1.667924,2023-01-01T08:14:48
-2.335038,-1.667924,2023-01-01T08:14:49
-2.335038,-1.667924,2023-01-01T08:14:50
-2.335038,-1.667924,2023-01-01T08:14:51
-2.335038,-1.667924,2023-01-01T08:14:52
-2.335038,-1.667924,2023-01-01T08:14:53
-2.335038,-1.667924,2023-01-01T08:14:54
-2.223846,-1.667924,2023-01-01T08:14:55
-2.223846,-1.667924,2023-01-01T08:14:56
-2.223846,-1.667924,2023-01-01T08:14:57
-2.223846,-1.667924,2023-01-01T08:14:58
-2.223846,-1.667924,2023-01-01T08:14:59
-2.223846,-1.667924,2023-01-01T08:15:00
-2.223846,-1.667924,2023-01-01T08:15:01
-2.223846,-1.667924,2023-01-01T08:15:02
-2.223846,-1.667924,2023-01-01T08:15:03
-2.223846,-1.667924,2023-01-01T08:15:04
-2.223846,-1.667924,2023-01-01T08:15:05
-2.223846,-1.667924,2023-01-01T08:15:06
-2.223846,-1.667924,2023-01-01T08:15:07
-2.223846,-1.667924,2023-01-01T08:15:08
-2.223846,-1.667924,2023-01-01T08:15:09
-2.223846,-1.667924,2023-01-01T08:15:10
-2.223846,-1.667924,2023-01-01T08:15:11
-2.223846,-1.667924,2023-01-01T08:15:12
-2.223846,-1.667924,2023-01-01T08:15:13
-2.223846,-1.667924,2023-01-01T08:15:14
-2.223846,-1.556729,2023-01-01T08:15:15
-2.112653,-1.556729,2023-01-01T08:15:16
-2.112653,-1.556729,2023-01-01T08:15:17
-2.112653,-1.556729,2023-01-01T08:15:18
-2.112653,-1.556729,2023-01-01T08:15:19
-2.112653,-1.556729,2023-01-01T08:15:20
-2.112653,-1.556729,2023-01-01T08:15:21
-2.112653,-1.556729,2023-01-01T08:15:22
-2.112653,-1.556729,2023-01-01T08:15:23
-2.112653,-1.556729,2023-01-01T08:15:24
-2.112653,-1.556729,2023-01-01T08:15:25
-2.112653,-1.556729,2023-01-01T08:15:26
-2.112653,-1.556729,2023-01-01T08:15:27
-2.112653,-1.556729,2023-01-01T08:15:28
-2.112653,-1.556729,2023-01-01T08:15:29
-2.112653,-1.556729,2023-01-01T08:15:30
-2.112653,-1.556729,2023-01-01T08:15:31
-2.112653,-1.556729,2023-01-01T08:15:32
-2.112653,-1.556729,2023-01-01T08:15:33
-2.112653,-1.556729,2023-01-01T08:15:34
-2.112653,-1.556729,2023-01-01T08:15:35
-2.112653,-1.556729,2023-01-01T08:15:36
-2.112653,-1.556729,2023-01-01T08:15:37
-2.112653,-1.556729,2023-01-01T08:15:38
-2.112653,-1.556729,2023-01-01T08:15:39
-2.112653,-1.556729,2023-01-01T08:15:40
-2.112653,-1.556729,2023-01-01T08:15:41
-2.112653,-1.445534,2023-01-01T08:15:42
-2.112653,-1.445534,2023-01-01T08:15:43
-2.112653,-1.445534,2023-01-01T08:15:44
-2.112653,-1.445534,2023-01-01T08:15:45
-2.112653,-1.445534,2023-01-01T08:15:46
-2.001461,-1.445534,2023-01-01T08:15:47
-2.001461,-1.445534,2023-01-01T08:15:48
-2.001461,-1.445534,2023-01-01T08:15:49
-2.001461,-1.445534,2023-01-01T08:15:50
-2.001461,-1.445534,2023-01-01T08:15:51
-2.001461,-1.445534,2023-01-01T08:15:52
-2.001461,-1.445534,2023-01-01T08:15:53
-2.001461,-1.445534,2023-01-01T08:15:54
-2.001461,-1.445534,2023-01-01T08:15:55
-2.001461,-1.445534,2023-01-01T08:15:56
-2.001461,-1.445534,2023-01-01T08:15:57
-2.001461,-1.445534,2023-01-01T08:15:58
-2.001461,-1.445534,2023-01-01T08:15:59
-2.001461,-1.445534,2023-01-01T08:16:00
-2.001461,-1.445534,2023-01-01T08:16:01
-2.001461,-1.445534,2023-01-01T08:16:02
-2.001461,-1.445534,2023-01-01T08:16:03
-2.001461,-1.445534,2023-01-01T08:16:04
-2.001461,-1.445534,2023-01-01T08:16:05
-2.001461,-1.445534,2023-01-01T08:16:06
-2.001461,-1.445534,2023-01-01T08:16:07
-2.001461,-1.445534,2023-01-01T08:16:08
-2.001461,-1.445534,2023-01-01T08:16:09
-2.001461,-1.445534,2023-01-01T08:16:10
-2.001461,-1.445534,2023-01-01T08:16:11
-2.001461,-1.445534,2023-01-01T08:16:12
-2.001461,-1.445534,2023-01-01T08:16:13
-2.001461,-1.445534,2023-01-01T08:16:14
-2.001461,-1.445534,2023-01-01T08:16:15
-2.001461,-1.445534,2023-01-01T08:16:16
-2.001461,-1.445534,2023-01-01T08:16:17
-2.001461,-1.445534,2023-01-01T08:16:18
-2.001461,-1.445534,2023-01-01T08:16:19
-2.001461,-1.445534,2023-01-01T08:16:20
-2.001461,-1.445534,2023-01-01T08:16:21
-1.890269,-1.445534,2023-01-01T08:16:22
-1.890269,-1.445534,2023-01-01T08:16:23
-1.890269,-1.445534,2023-01-01T08:16:24
-1.890269,-1.445534,2023-01-01T08:16:25
-1.890269,-1.445534,2023-01-01T08:16:26
-1.890269,-1.445534,2023-01-01T08:16:27
-1.890269,-1.445534,2023-01-01T08:16:28
-1.890269,-1.445534,2023-01-01T08:16:29
-1.890269,-1.445534,2023-01-01T08:16:30
-1.890269,-1.445534,2023-01-01T08:16:31
-1.890269,-1.445534,2023-01-01T08:16:32
-1.890269,-1.445534,2023-01-01T08:16:33
-1.890269,-1.445534,2023-01-01T08:16:34
-1.890269,-1.445534,2023-01-01T08:16:35
-1.890269,-1.334339,2023-01-01T08:16:36
-1.890269,-1.334339,2023-01-01T08:16:37
-1.890269,-1.334339,2023-01-01T08:16:38
-1.890269,-1.334339,2023-01-01T08:16:39
-1.890269,-1.334339,2023-01-01T08:16:40
-1.890269,-1.334339,2023-01-01T08:16:41
-1.890269,-1.334339,2023-01-01T08:16:42
-1.890269,-1.334339,2023-01-01T08:16:43
-1.890269,-1.334339,2023-01-01T08:16:44
-1.890269,-1.334339,2023-01-01T08:16:45
-1.890269,-1.334339,2023-01-01T08:16:46
-1.890269,-1.334339,2023-01-01T08:16:47
-1.890269,-1.334339,2023-01-01T08:16:48
-1.890269,-1.334339,2023-01-01T08:16:49
-1.890269,-1.334339,2023-01-01T08:16:50
-1.890269,-1.334339,2023-01-01T08:16:51
-1.890269,-1.334339,2023-01-01T08:16:52
-1.890269,-1.334339,2023-01-01T08:16:53
-1.890269,-1.334339,2023-01-01T08:16:54
-1.779077,-1.334339,2023-01-01T08:16:55
-1.779077,-1.334339,2023-01-01T08:16:56
-1.779077,-1.334339,2023-01-01T08:16:57
-1.779077,-1.334339,2023-01-01T08:16:58
-1.779077,-1.334339,2023-01-01T08:16:59
-1.779077,-1.334339,2023-01-01T08:17:00
-1.779077,-1.334339,2023-01-01T08:17:01
-1.779077,-1.334339,2023-01-01T08:17:02
-1.779077,-1.334339,2023-01-01T08:17:03
-1.779077,-1.334339,2023-01-01T08:17:04
-1.779077,-1.334339,2023-01-01T08:17:05
-1.779077,-1.334339,2023-01-01T08:17:06
-1.779077,-1.334339,2023-01-01T08:17:07
-1.779077,-1.223144,2023-01-01T08:17:08
-1.779077,-1.223144,2023-01-01T08:17:09
-1.779077,-1.223144,2023-01-01T08:17:10
-1.779077,-1.223144,2023-01-01T08:17:11
-1.779077,-1.223144,2023-01-01T08:17:12
-1.779077,-1.223144,2023-01-01T08:17:13
-1.779077,-1.223144,2023-01-01T08:17:14
-1.779077,-1.223144,2023-01-01T08:17:15
-1.779077,-1.111949,2023-01-01T08:17:16
-1.667884,-1.111949,2023-01-01T08:17:17
-1.667884,-1.111949,2023-01-01T08:17:18
-1.667884,-1.111949,2023-01-01T08:17:19
-1.667884,-1.111949,2023-01-01T08:17:20
-1.667884,-1.111949,2023-01-01T08:17:21
-1.667884,-1.111949,2023-01-01T08:17:22
-1.667884,-1.000754,2023-01-01T08:17:23
-1.667884,-1.000754,2023-01-01T08:17:24
-1.667884,-1.000754,2023-01-01T08:17:25
-1.667884,-1.000754,2023-01-01T08:17:26
-1.667884,-1.000754,2023-01-01T08:17:27
-1.667884,-1.000754,2023-01-01T08:17:28
-1.667884,-1.000754,2023-01-01T08:17:29
-1.556692,-1.000754,2023-01-01T08:17:30
-1.556692,-0.889559,2023-01-01T08:17:31
-1.556692,-0.889559,2023-01-01T08:17:32
-1.556692,-0.889559,2023-01-01T08:17:33
-1.556692,-0.889559,2023-01-01T08:17:34
-1.556692,-0.889559,2023-01-01T08:17:35
-1.556692,-0.889559,2023-01-01T08:17:36
-1.556692,-0.889559,2023-01-01T08:17:37
-1.556692,-0.889559,2023-01-01T08:17:38
-1.556692,-0.889559,2023-01-01T08:17:39
-1.556692,-0.889559,2023-01-01T08:17:40
-1.556692,-0.889559,2023-01-01T08:17:41
-1.667884,-0.889559,2023-01-01T08:17:42
-1.667884,-1.000754,2023-01-01T08:17:43
-1.667884,-1.000754,2023-01-01T08:17:44
-1.667884,-1.000754,2023-01-01T08:17:45
-1.667884,-1.000754,2023-01-01T08:17:46
-1.667884,-1.000754,2023-01-01T08:17:47
-1.667884,-1.000754,2023-01-01T08:17:48
-1.667884,-1.111949,2023-01-01T08:17:49
-1.667884,-1.111949,2023-01-01T08:17:50
-1.779077,-1.111949,2023-01-01T08:17:51
-1.779077,-1.111949,2023-01-01T08:17:52
-1.779077,-1.111949,2023-01-01T08:17:53
-1.779077,-1.223144,2023-01-01T08:17:54
-1.779077,-1.223144,2023-01-01T08:17:55
-1.779077,-1.223144,2023-01-01T08:17:56
-1.779077,-1.223144,2023-01-01T08:17:57
-1.779077,-1.334339,2023-01-01T08:17:58
-1.890269,-1.334339,2023-01-01T08:17:59
-1.890269,-1.334339,2023-01-01T08:18:00
-1.890269,-1.334339,2023-01-01T08:18:01
-1.890269,-1.334339,2023-01-01T08:18:02
-1.890269,-1.445534,2023-01-01T08:18:03
-1.890269,-1.445534,2023-01-01T08:18:04
-1.890269,-1.445534,2023-01-01T08:18:05
-1.890269,-1.445534,2023-01-01T08:18:06
-2.001461,-1.556729,2023-01-01T08:18:07
-2.001461,-1.556729,2023-01-01T08:18:08
-2.001461,-1.556729,2023-01-01T08:18:09
-2.001461,-1.556729,2023-01-01T08:18:10
-2.001461,-1.556729,2023-01-01T08:18:11
-2.001461,-1.556729,2023-01-01T08:18:12
-2.001461,-1.556729,2023-01-01T08:18:13
-1.890269,-1.556729,2023-01-01T08:18:14
-1.890269,-1.667924,2023-01-01T08:18:15
-1.890269,-1.667924,2023-01-01T08:18:16
-1.890269,-1.667924,2023-01-01T08:18:17
-1.890269,-1.667924,2023-01-01T08:18:18
-1.890269,-1.667924,2023-01-01T08:18:19
-1.890269,-1.667924,2023-01-01T08:18:20
-1.890269,-1.667924,2023-01-01T08:18:21
-1.890269,-1.667924,2023-01-01T08:18:22
-1.890269,-1.667924,2023-01-01T08:18:23
-1.890269,-1.667924,2023-01-01T08:18:24
-1.890269,-1.667924,2023-01-01T08:18:25
-1.890269,-1.667924,2023-01-01T08:18:26
-1.890269,-1.667924,2023-01-01T08:18:27
-1.890269,-1.779119,2023-01-01T08:18:28
-1.890269,-1.779119,2023-01-01T08:18:29
-1.890269,-1.779119,2023-01-01T08:18:30
-1.890269,-1.779119,2023-01-01T08:18:31
-1.890269,-1.779119,2023-01-01T08:18:32
-1.890269,-1.779119,2023-01-01T08:18:33
-1.890269,-1.779119,2023-01-01T08:18:34
-1.890269,-1.779119,2023-01-01T08:18:35
-1.779077,-1.890314,2023-01-01T08:18:36
-1.779077,-1.890314,2023-01-01T08:18:37
-1.779077,-1.890314,2023-01-01T08:18:38
-1.779077,-1.890314,2023-01-01T08:18:39
-1.779077,-1.890314,2023-01-01T08:18:40
-1.779077,-1.890314,2023-01-01T08:18:41
-1.779077,-1.890314,2023-01-01T08:18:42
-1.667884,-1.779119,2023-01-01T08:18:43
-1.667884,-1.779119,2023-01-01T08:18:44
-1.667884,-1.779119,2023-01-01T08:18:45
-1.667884,-1.779119,2023-01-01T08:18:46
-1.667884,-1.779119,2023-01-01T08:18:47
-1.556692,-1.779119,2023-01-01T08:18:48
-1.556692,-1.779119,2023-01-01T08:18:49
-1.556692,-1.779119,2023-01-01T08:18:50
-1.556692,-1.779119,2023-01-01T08:18:51
-1.556692,-1.779119,2023-01-01T08:18:52
-1.445500,-1.779119,2023-01-01T08:18:53
-1.445500,-1.667924,2023-01-01T08:18:54
-1.445500,-1.667924,2023-01-01T08:18:55
-1.445500,-1.667924,2023-01-01T08:18:56
-1.334307,-1.667924,2023-01-01T08:18:57
-1.334307,-1.667924,2023-01-01T08:18:58
-1.334307,-1.667924,2023-01-01T08:18:59
-1.334307,-1.667924,2023-01-01T08:19:00
-1.334307,-1.667924,2023-01-01T08:19:01
-1.223115,-1.667924,2023-01-01T08:19:02
-1.223115,-1.667924,2023-01-01T08:19:03
-1.223115,-1.667924,2023-01-01T08:19:04
-1.223115,-1.667924,2023-01-01T08:19:05
-1.223115,-1.556729,2023-01-01T08:19:06
-1.111923,-1.556729,2023-01-01T08:19:07
-1.111923,-1.556729,2023-01-01T08:19:08
-1.111923,-1.556729,2023-01-01T08:19:09
-1.111923,-1.556729,2023-01-01T08:19:10
-1.111923,-1.556729,2023-01-01T08:19:11
-1.000731,-1.556729,2023-01-01T08:19:12
-1.000731,-1.556729,2023-01-01T08:19:13
-1.000731,-1.556729,2023-01-01T08:19:14
-1.000731,-1.556729,2023-01-01T08:19:15
-1.000731,-1.556729,2023-01-01T08:19:16
-0.889538,-1.556729,2023-01-01T08:19:17
-0.889538,-1.445534,2023-01-01T08:19:18
-0.889538,-1.445534,2023-01-01T08:19:19
-0.889538,-1.445534,2023-01-01T08:19:20
-0.889538,-1.445534,2023-01-01T08:19:21
-0.889538,-1.445534,2023-01-01T08:19:22
-0.778346,-1.445534,2023-01-01T08:19:23
-0.778346,-1.445534,2023-01-01T08:19:24
-0.778346,-1.445534,2023-01-01T08:19:25
-0.778346,-1.445534,2023-01-01T08:19:26
-0.778346,-1.445534,2023-01-01T08:19:27
-0.778346,-1.445534,2023-01-01T08:19:28
-0.667154,-1.445534,2023-01-01T08:19:29
-0.667154,-1.445534,2023-01-01T08:19:30
-0.667154,-1.445534,2023-01-01T08:19:31
-0.667154,-1.445534,2023-01-01T08:19:32
-0.667154,-1.445534,2023-01-01T08:19:33
-0.667154,-1.445534,2023-01-01T08:19:34
-0.555961,-1.445534,2023-01-01T08:19:35
-0.555961,-1.445534,2023-01-01T08:19:36
-0.555961,-1.445534,2023-01-01T08:19:37
-0.555961,-1.445534,2023-01-01T08:19:38
-0.444769,-1.445534,2023-01-01T08:19:39
-0.444769,-1.445534,2023-01-01T08:19:40
-0.444769,-1.445534,2023-01-01T08:19:41
-0.444769,-1.445534,2023-01-01T08:19:42
-0.444769,-1.445534,2023-01-01T08:19:43
-0.333577,-1.445534,2023-01-01T08:19:44
-0.333577,-1.445534,2023-01-01T08:19:45
-0.333577,-1.445534,2023-01-01T08:19:46
-0.333577,-1.445534,2023-01-01T08:19:47
-0.222385,-1.445534,2023-01-01T08:19:48
-0.222385,-1.445534,2023-01-01T08:19:49
-0.222385,-1.445534,2023-01-01T08:19:50
-0.222385,-1.556729,2023-01-01T08:19:51
-0.222385,-1.556729,2023-01-01T08:19:52
-0.111192,-1.556729,2023-01-01T08:19:53
-0.111192,-1.556729,2023-01-01T08:19:54
-0.111192,-1.556729,2023-01-01T08:19:55
-0.111192,-1.556729,2023-01-01T08:19:56
-0.111192,-1.556729,2023-01-01T08:19:57
0.000000,-1.556729,2023-01-01T08:19:58
0.000000,-1.556729,2023-01-01T08:19:59
0.000000,-1.556729,2023-01-01T08:20:00
0.000000,-1.667924,2023-01-01T08:20:01
0.000000,-1.667924,2023-01-01T08:20:02
0.111192,-1.667924,2023-01-01T08:20:03
0.111192,-1.667924,2023-01-01T08:20:04
0.111192,-1.667924,2023-01-01T08:20:05
0.111192,-1.667924,2023-01-01T08:20:06
0.111192,-1.667924,2023-01-01T08:20:07
0.111192,-1.667924,2023-01-01T08:20:08
0.222385,-1.667924,2023-01-01T08:20:09
0.222385,-1.667924,2023-01-01T08:20:10
0.222385,-1.667924,2023-01-01T08:20:11
0.222385,-1.667924,2023-01-01T08:20:12
0.222385,-1.667924,2023-01-01T08:20:13
0.222385,-1.779119,2023-01-01T08:20:14
0.222385,-1.779119,2023-01-01T08:20:15
0.222385,-1.779119,2023-01-01T08:20:16
0.222385,-1.779119,2023-01-01T08:20:17
0.333577,-1.779119,2023-01-01T08:20:18
0.333577,-1.779119,2023-01-01T08:20:19
0.333577,-1.779119,2023-01-01T08:20:20
0.333577,-1.779119,2023-01-01T08:20:21
0.333577,-1.779119,2023-01-01T08:20:22
0.333577,-1.779119,2023-01-01T08:20:23
0.333577,-1.779119,2023-01-01T08:20:24
0.333577,-1.779119,2023-01-01T08:20:25
0.333577,-1.779119,2023-01-01T08:20:26
0.333577,-1.779119,2023-01-01T08:20:27
0.444769,-1.779119,2023-01-01T08:20:28
0.444769,-1.779119,2023-01-01T08:20:29
0.444769,-1.779119,2023-01-01T08:20:30
0.444769,-1.779119,2023-01-01T08:20:31
0.444769,-1.779119,2023-01-01T08:20:32
0.444769,-1.779119,2023-01-01T08:20:33
0.444769,-1.779119,2023-01-01T08:20:34
0.444769,-1.779119,2023-01-01T08:20:35
0.444769,-1.779119,2023-01-01T08:20:36
0.444769,-1.779119,2023-01-01T08:20:37
0.555961,-1.779119,2023-01-01T08:20:38
0.555961,-1.779119,2023-01-01T08:20:39
0.555961,-1.779119,2023-01-01T08:20:40
0.555961,-1.779119,2023-01-01T08:20:41
0.555961,-1.779119,2023-01-01T08:20:42
0.555961,-1.779119,2023-01-01T08:20:43
0.555961,-1.779119,2023-01-01T08:20:44
0.555961,-1.779119,2023-01-01T08:20:45
0.555961,-1.779119,2023-01-01T08:20:46
0.555961,-1.779119,2023-01-01T08:20:47
0.555961,-1.890314,2023-01-01T08:20:48
0.667154,-1.890314,2023-01-01T08:20:49
0.667154,-1.890314,2023-01-01T08:20:50
0.667154,-1.890314,2023-01-01T08:20:51
0.667154,-1.890314,2023-01-01T08:20:52
0.667154,-1.890314,2023-01-01T08:20:53
0.667154,-1.890314,2023-01-01T08:20:54
0.667154,-1.890314,2023-01-01T08:20:55
0.667154,-1.890314,2023-01-01T08:20:56
0.667154,-1.890314,2023-01-01T08:20:57
0.667154,-1.890314,2023-01-01T08:20:58
0.667154,-1.890314,2023-01-01T08:20:59
0.667154,-1.890314,2023-01-01T08:21:00
0.667154,-1.890314,2023-01-01T08:21:01
0.667154,-1.890314,2023-01-01T08:21:02
0.667154,-1.890314,2023-01-01T08:21:03
0.778346,-1.890314,2023-01-01T08:21:04
0.778346,-1.890314,2023-01-01T08:21:05
0.778346,-1.890314,2023-01-01T08:21:06
0.778346,-1.890314,2023-01-01T08:21:07
0.778346,-1.890314,2023-01-01T08:21:08
0.778346,-1.890314,2023-01-01T08:21:09
0.778346,-1.890314,2023-01-01T08:21:10
0.778346,-1.890314,2023-01-01T08:21:11
0.778346,-1.890314,2023-01-01T08:21:12
0.778346,-1.890314,2023-01-01T08:21:13
0.778346,-1.890314,2023-01-01T08:21:14
0.778346,-1.890314,2023-01-01T08:21:15
0.778346,-1.890314,2023-01-01T08:21:16
0.778346,-1.890314,2023-01-01T08:21:17
0.778346,-1.890314,2023-01-01T08:21:18
0.778346,-1.890314,2023-01-01T08:21:19
0.778346,-1.890314,2023-01-01T08:21:20
0.778346,-1.890314,2023-01-01T08:21:21
0.778346,-1.890314,2023-01-01T08:21:22
0.778346,-1.890314,2023-01-01T08:21:23
0.778346,-1.890314,2023-01-01T08:21:24
0.778346,-1.890314,2023-01-01T08:21:25
0.778346,-1.890314,2023-01-01T08:21:26
0.778346,-1.890314,2023-01-01T08:21:27
0.778346,-1.890314,2023-01-01T08:21:28
0.778346,-2.001509,2023-01-01T08:21:29
0.778346,-2.001509,2023-01-01T08:21:30
0.778346,-2.001509,2023-01-01T08:21:31
0.889538,-2.001509,2023-01-01T08:21:32
0.889538,-2.001509,2023-01-01T08:21:33
0.889538,-2.001509,2023-01-01T08:21:34
0.889538,-2.001509,2023-01-01T08:21:35
0.889538,-2.001509,2023-01-01T08:21:36
0.889538,-2.001509,2023-01-01T08:21:37
0.889538,-2.001509,2023-01-01T08:21:38
0.889538,-2.001509,2023-01-01T08:21:39
0.889538,-2.001509,2023-01-01T08:21:40
0.889538,-2.001509,2023-01-01T08:21:41
0.889538,-2.001509,2023-01-01T08:21:42
0.889538,-2.001509,2023-01-01T08:21:43
0.889538,-2.001509,2023-01-01T08:21:44
0.889538,-2.001509,2023-01-01T08:21:45
0.889538,-2.001509,2023-01-01T08:21:46
0.889538,-2.001509,2023-01-01T08:21:47
0.889538,-2.001509,2023-01-01T08:21:48
0.889538,-2.001509,2023-01-01T08:21:49
0.889538,-2.001509,2023-01-01T08:21:50
0.889538,-2.001509,2023-01-01T08:21:51
0.889538,-2.001509,2023-01-01T08:21:52
0.889538,-2.001509,2023-01-01T08:21:53
0.889538,-2.001509,2023-01-01T08:21:54
0.889538,-2.001509,2023-01-01T08:21:55
0.889538,-2.001509,2023-01-01T08:21:56
0.889538,-2.001509,2023-01-01T08:21:57
0.889538,-2.001509,2023-01-01T08:21:58
0.889538,-2.001509,2023-01-01T08:21:59
0.889538,-2.001509,2023-01-01T08:22:00
0.889538,-2.001509,2023-01-01T08:22:01
0.889538,-2.001509,2023-01-01T08:22:02
0.889538,-2.001509,2023-01-01T08:22:03
0.889538,-2.001509,2023-01-01T08:22:04
0.889538,-2.001509,2023-01-01T08:22:05
0.889538,-2.001509,2023-01-01T08:22:06
0.889538,-2.001509,2023-01-01T08:22:07
0.889538,-2.001509,2023-01-01T08:22:08
0.889538,-2.001509,2023-01-01T08:22:09
0.889538,-2.001509,2023-01-01T08:22:10
0.889538,-2.001509,2023-01-01T08:22:11
0.889538,-2.001509,2023-01-01T08:22:12
0.889538,-2.001509,2023-01-01T08:22:13
