x,y,timestamp
0.000000,0.000000,2023-01-01T02:11:28
0.000000,0.000000,2023-01-01T02:11:29
0.000000,0.111195,2023-01-01T02:11:30
0.111192,0.111195,2023-01-01T02:11:31
0.111192,0.111195,2023-01-01T02:11:32
0.222385,0.222390,2023-01-01T02:11:33
0.222385,0.222390,2023-01-01T02:11:34
0.333577,0.222390,2023-01-01T02:11:35
0.333577,0.333585,2023-01-01T02:11:36
0.333577,0.333585,2023-01-01T02:11:37
0.444769,0.444780,2023-01-01T02:11:38
0.444769,0.444780,2023-01-01T02:11:39
0.444769,0.555975,2023-01-01T02:11:40
0.555961,0.555975,2023-01-01T02:11:41
0.555961,0.555975,2023-01-01T02:11:42
0.555961,0.667170,2023-01-01T02:11:43
0.667154,0.667170,2023-01-01T02:11:44
0.667154,0.778364,2023-01-01T02:11:45
0.667154,0.778364,2023-01-01T02:11:46
0.667154,0.778364,2023-01-01T02:11:47
0.778346,0.889559,2023-01-01T02:11:48
0.778346,0.889559,2023-01-01T02:11:49
0.778346,1.000754,2023-01-01T02:11:50
0.778346,1.000754,2023-01-01T02:11:51
0.778346,1.000754,2023-01-01T02:11:52
0.889538,1.111949,2023-01-01T02:11:53
0.889538,1.111949,2023-01-01T02:11:54
0.889538,1.223144,2023-01-01T02:11:55
0.889538,1.223144,2023-01-01T02:11:56
0.889538,1.334339,2023-01-01T02:11:57
0.889538,1.334339,2023-01-01T02:11:58
0.889538,1.334339,2023-01-01T02:11:59
0.889538,1.445534,2023-01-01T02:12:00
0.889538,1.445534,2023-01-01T02:12:01
0.889538,1.556729,2023-01-01T02:12:02
1.000731,1.556729,2023-01-01T02:12:03
1.000731,1.556729,2023-01-01T02:12:04
1.000731,1.667924,2023-01-01T02:12:05
1.000731,1.667924,2023-01-01T02:12:06
1.000731,1.667924,2023-01-01T02:12:07
1.000731,1.779119,2023-01-01T02:12:08
1.000731,1.779119,2023-01-01T02:12:09
1.000731,1.779119,2023-01-01T02:12:10
1.000731,1.890314,2023-01-01T02:12:11
1.000731,1.890314,2023-01-01T02:12:12
1.000731,1.890314,2023-01-01T02:12:13
1.000731,1.890314,2023-01-01T02:12:14
1.000731,2.001509,2023-01-01T02:12:15
1.111923,2.001509,2023-01-01T02:12:16
1.111923,2.001509,2023-01-01T02:12:17
1.111923,2.112704,2023-01-01T02:12:18
1.111923,2.112704,2023-01-01T02:12:19
1.111923,2.112704,2023-01-01T02:12:20
1.111923,2.223899,2023-01-01T02:12:21
1.111923,2.223899,2023-01-01T02:12:22
1.111923,2.223899,2023-01-01T02:12:23
1.000731,2.335093,2023-01-01T02:12:24
1.000731,2.335093,2023-01-01T02:12:25
1.000731,2.335093,2023-01-01T02:12:26
1.000731,2.446288,2023-01-01T02:12:27
1.000731,2.446288,2023-01-01T02:12:28
1.000731,2.446288,2023-01-01T02:12:29
1.000731,2.557483,2023-01-01T02:12:30
1.000731,2.557483,2023-01-01T02:12:31
1.000731,2.557483,2023-01-01T02:12:32
1.000731,2.557483,2023-01-01T02:12:33
1.000731,2.557483,2023-01-01T02:12:34
1.111923,2.668678,2023-01-01T02:12:35
1.111923,2.668678,2023-01-01T02:12:36
1.111923,2.668678,2023-01-01T02:12:37
1.111923,2.668678,2023-01-01T02:12:38
1.111923,2.668678,2023-01-01T02:12:39
1.111923,2.668678,2023-01-01T02:12:40
1.111923,2.668678,2023-01-01T02:12:41
1.111923,2.668678,2023-01-01T02:12:42
1.111923,2.668678,2023-01-01T02:12:43
1.223115,2.668678,2023-01-01T02:12:44
1.223115,2.668678,2023-01-01T02:12:45
1.223115,2.668678,2023-01-01T02:12:46
1.223115,2.668678,2023-01-01T02:12:47
1.223115,2.668678,2023-01-01T02:12:48
1.223115,2.668678,2023-01-01T02:12:49
1.223115,2.668678,2023-01-01T02:12:50
1.223115,2.668678,2023-01-01T02:12:51
1.223115,2.668678,2023-01-01T02:12:52
1.223115,2.668678,2023-01-01T02:12:53
1.223115,2.668678,2023-01-01T02:12:54
1.223115,2.668678,2023-01-01T02:12:55
1.223115,2.668678,2023-01-01T02:12:56
1.334307,2.668678,2023-01-01T02:12:57
1.334307,2.668678,2023-01-01T02:12:58
1.334307,2.668678,2023-01-01T02:12:59
1.334307,2.668678,2023-01-01T02:13:00
1.334307,2.668678,2023-01-01T02:13:01
1.334307,2.668678,2023-01-01T02:13:02
1.334307,2.668678,2023-01-01T02:13:03
1.334307,2.668678,2023-01-01T02:13:04
1.334307,2.668678,2023-01-01T02:13:05
1.334307,2.557483,2023-01-01T02:13:06
1.334307,2.557483,2023-01-01T02:13:07
1.445500,2.557483,2023-01-01T02:13:08
1.445500,2.557483,2023-01-01T02:13:09
1.445500,2.557483,2023-01-01T02:13:10
1.445500,2.557483,2023-01-01T02:13:11
1.445500,2.557483,2023-01-01T02:13:12
1.445500,2.446288,2023-01-01T02:13:13
1.445500,2.446288,2023-01-01T02:13:14
1.445500,2.446288,2023-01-01T02:13:15
1.556692,2.446288,2023-01-01T02:13:16
1.556692,2.446288,2023-01-01T02:13:17
1.556692,2.446288,2023-01-01T02:13:18
1.556692,2.446288,2023-01-01T02:13:19
1.556692,2.446288,2023-01-01T02:13:20
1.556692,2.446288,2023-01-01T02:13:21
1.556692,2.446288,2023-01-01T02:13:22
1.556692,2.446288,2023-01-01T02:13:23
1.667884,2.446288,2023-01-01T02:13:24
1.667884,2.446288,2023-01-01T02:13:25
1.667884,2.446288,2023-01-01T02:13:26
1.667884,2.335093,2023-01-01T02:13:27
1.667884,2.335093,2023-01-01T02:13:28
1.667884,2.335093,2023-01-01T02:13:29
1.667884,2.335093,2023-01-01T02:13:30
1.667884,2.335093,2023-01-01T02:13:31
1.667884,2.335093,2023-01-01T02:13:32
1.667884,2.335093,2023-01-01T02:13:33
1.667884,2.335093,2023-01-01T02:13:34
1.667884,2.335093,2023-01-01T02:13:35
1.667884,2.335093,2023-01-01T02:13:36
1.667884,2.335093,2023-01-01T02:13:37
1.667884,2.335093,2023-01-01T02:13:38
1.667884,2.223899,2023-01-01T02:13:39
1.667884,2.223899,2023-01-01T02:13:40
1.667884,2.223899,2023-01-01T02:13:41
1.667884,2.223899,2023-01-01T02:13:42
1.667884,2.223899,2023-01-01T02:13:43
1.667884,2.223899,2023-01-01T02:13:44
1.667884,2.223899,2023-01-01T02:13:45
1.667884,2.223899,2023-01-01T02:13:46
1.667884,2.223899,2023-01-01T02:13:47
1.667884,2.223899,2023-01-01T02:13:48
1.667884,2.223899,2023-01-01T02:13:49
1.779077,2.223899,2023-01-01T02:13:50
1.779077,2.223899,2023-01-01T02:13:51
1.779077,2.223899,2023-01-01T02:13:52
1.779077,2.223899,2023-01-01T02:13:53
1.779077,2.223899,2023-01-01T02:13:54
1.779077,2.223899,2023-01-01T02:13:55
1.779077,2.223899,2023-01-01T02:13:56
1.779077,2.223899,2023-01-01T02:13:57
1.779077,2.223899,2023-01-01T02:13:58
1.779077,2.223899,2023-01-01T02:13:59
1.779077,2.223899,2023-01-01T02:14:00
1.779077,2.223899,2023-01-01T02:14:01
1.779077,2.112704,2023-01-01T02:14:02
1.779077,2.112704,2023-01-01T02:14:03
1.779077,2.112704,2023-01-01T02:14:04
1.779077,2.112704,2023-01-01T02:14:05
1.779077,2.112704,2023-01-01T02:14:06
1.890269,2.112704,2023-01-01T02:14:07
1.890269,2.001509,2023-01-01T02:14:08
1.890269,2.001509,2023-01-01T02:14:09
1.890269,2.001509,2023-01-01T02:14:10
1.890269,2.001509,2023-01-01T02:14:11
1.890269,2.001509,2023-01-01T02:14:12
1.890269,2.001509,2023-01-01T02:14:13
1.890269,1.890314,2023-01-01T02:14:14
2.001461,1.890314,2023-01-01T02:14:15
2.001461,1.890314,2023-01-01T02:14:16
2.001461,1.890314,2023-01-01T02:14:17
2.001461,1.890314,2023-01-01T02:14:18
2.001461,1.890314,2023-01-01T02:14:19
2.001461,1.890314,2023-01-01T02:14:20
2.001461,1.890314,2023-01-01T02:14:21
2.001461,1.890314,2023-01-01T02:14:22
2.001461,1.890314,2023-01-01T02:14:23
2.001461,1.890314,2023-01-01T02:14:24
2.001461,1.779119,2023-01-01T02:14:25
2.001461,1.779119,2023-01-01T02:14:26
2.001461,1.779119,2023-01-01T02:14:27
2.112653,1.779119,2023-01-01T02:14:28
2.112653,1.779119,2023-01-01T02:14:29
2.112653,1.779119,2023-01-01T02:14:30
2.112653,1.779119,2023-01-01T02:14:31
2.112653,1.779119,2023-01-01T02:14:32
2.112653,1.779119,2023-01-01T02:14:33
2.112653,1.890314,2023-01-01T02:14:34
2.112653,1.890314,2023-01-01T02:14:35
2.112653,1.890314,2023-01-01T02:14:36
2.112653,1.890314,2023-01-01T02:14:37
2.001461,1.890314,2023-01-01T02:14:38
2.001461,1.890314,2023-01-01T02:14:39
2.001461,1.890314,2023-01-01T02:14:40
2.001461,1.890314,2023-01-01T02:14:41
2.001461,1.890314,2023-01-01T02:14:42
2.001461,1.890314,2023-01-01T02:14:43
2.001461,2.001509,2023-01-01T02:14:44
2.001461,2.001509,2023-01-01T02:14:45
2.001461,2.001509,2023-01-01T02:14:46
2.001461,2.001509,2023-01-01T02:14:47
2.001461,2.001509,2023-01-01T02:14:48
2.001461,2.001509,2023-01-01T02:14:49
2.001461,2.001509,2023-01-01T02:14:50
2.001461,2.001509,2023-01-01T02:14:51
2.001461,2.001509,2023-01-01T02:14:52
2.001461,2.001509,2023-01-01T02:14:53
2.001461,2.112704,2023-01-01T02:14:54
2.001461,2.112704,2023-01-01T02:14:55
2.001461,2.112704,2023-01-01T02:14:56
2.001461,2.112704,2023-01-01T02:14:57
2.001461,2.112704,2023-01-01T02:14:58
2.001461,2.112704,2023-01-01T02:14:59
2.001461,2.112704,2023-01-01T02:15:00
2.001461,2.112704,2023-01-01T02:15:01
2.001461,2.112704,2023-01-01T02:15:02
2.001461,2.112704,2023-01-01T02:15:03
2.001461,2.112704,2023-01-01T02:15:04
2.001461,2.112704,2023-01-01T02:15:05
2.001461,2.112704,2023-01-01T02:15:06
2.001461,2.112704,2023-01-01T02:15:07
2.001461,2.112704,2023-01-01T02:15:08
2.001461,2.112704,2023-01-01T02:15:09
2.001461,2.112704,2023-01-01T02:15:10
2.001461,2.112704,2023-01-01T02:15:11
2.001461,2.112704,2023-01-01T02:15:12
2.112653,2.112704,2023-01-01T02:15:13
2.112653,2.112704,2023-01-01T02:15:14
2.112653,2.112704,2023-01-01T02:15:15
2.112653,2.112704,2023-01-01T02:15:16
2.112653,2.112704,2023-01-01T02:15:17
2.112653,2.112704,2023-01-01T02:15:18
2.112653,2.112704,2023-01-01T02:15:19
2.112653,2.112704,2023-01-01T02:15:20
2.112653,2.112704,2023-01-01T02:15:21
2.112653,2.112704,2023-01-01T02:15:22
2.112653,2.112704,2023-01-01T02:15:23
2.112653,2.112704,2023-01-01T02:15:24
2.112653,2.112704,2023-01-01T02:15:25
2.112653,2.112704,2023-01-01T02:15:26
2.112653,2.112704,2023-01-01T02:15:27
2.112653,2.112704,2023-01-01T02:15:28
2.112653,2.112704,2023-01-01T02:15:29
2.112653,2.112704,2023-01-01T02:15:30
2.112653,2.112704,2023-01-01T02:15:31
2.112653,2.112704,2023-01-01T02:15:32
2.112653,2.112704,2023-01-01T02:15:33
2.112653,2.112704,2023-01-01T02:15:34
2.112653,2.112704,2023-01-01T02:15:35
2.112653,2.112704,2023-01-01T02:15:36
2.112653,2.112704,2023-01-01T02:15:37
2.112653,2.112704,2023-01-01T02:15:38
2.112653,2.112704,2023-01-01T02:15:39
2.112653,2.112704,2023-01-01T02:15:40
2.112653,2.112704,2023-01-01T02:15:41
2.112653,2.112704,2023-01-01T02:15:42
2.112653,2.112704,2023-01-01T02:15:43
2.112653,2.112704,2023-01-01T02:15:44
2.112653,2.112704,2023-01-01T02:15:45
2.112653,2.112704,2023-01-01T02:15:46
2.112653,2.112704,2023-01-01T02:15:47
2.112653,2.112704,2023-01-01T02:15:48
2.112653,2.112704,2023-01-01T02:15:49
2.112653,2.112704,2023-01-01T02:15:50
2.112653,2.112704,2023-01-01T02:15:51
2.112653,2.112704,2023-01-01T02:15:52
2.112653,2.112704,2023-01-01T02:15:53
2.112653,2.112704,2023-01-01T02:15:54
2.112653,2.112704,2023-01-01T02:15:55
2.112653,2.112704,2023-01-01T02:15:56
2.112653,2.112704,2023-01-01T02:15:57
2.112653,2.112704,2023-01-01T02:15:58
2.112653,2.112704,2023-01-01T02:15:59
2.112653,2.112704,2023-01-01T02:16:00
2.112653,2.112704,2023-01-01T02:16:01
2.112653,2.112704,2023-01-01T02:16:02
2.112653,2.112704,2023-01-01T02:16:03
2.112653,2.112704,2023-01-01T02:16:04
2.112653,2.112704,2023-01-01T02:16:05
2.112653,2.112704,2023-01-01T02:16:06
2.112653,2.112704,2023-01-01T02:16:07
2.112653,2.112704,2023-01-01T02:16:08
2.112653,2.112704,2023-01-01T02:16:09
2.112653,2.112704,2023-01-01T02:16:10
2.112653,2.112704,2023-01-01T02:16:11
2.112653,2.112704,2023-01-01T02:16:12
2.112653,2.112704,2023-01-01T02:16:13
2.112653,2.112704,2023-01-01T02:16:14
2.112653,2.112704,2023-01-01T02:16:15
2.112653,2.112704,2023-01-01T02:16:16
2.112653,2.112704,2023-01-01T02:16:17
2.112653,2.112704,2023-01-01T02:16:18
2.112653,2.112704,2023-01-01T02:16:19
2.112653,2.112704,2023-01-01T02:16:20
2.112653,2.112704,2023-01-01T02:16:21
2.112653,2.112704,2023-01-01T02:16:22
2.112653,2.112704,2023-01-01T02:16:23
2.112653,2.112704,2023-01-01T02:16:24
2.112653,2.112704,2023-01-01T02:16:25
2.112653,2.112704,2023-01-01T02:16:26
2.112653,2.112704,2023-01-01T02:16:27
2.112653,2.112704,2023-01-01T02:16:28
2.112653,2.112704,2023-01-01T02:16:29
2.112653,2.001509,2023-01-01T02:16:30
2.112653,2.001509,2023-01-01T02:16:31
2.112653,2.001509,2023-01-01T02:16:32
2.112653,2.001509,2023-01-01T02:16:33
2.112653,2.001509,2023-01-01T02:16:34
2.112653,2.001509,2023-01-01T02:16:35
2.112653,2.001509,2023-01-01T02:16:36
2.112653,2.001509,2023-01-01T02:16:37
2.112653,2.001509,2023-01-01T02:16:38
2.112653,2.001509,2023-01-01T02:16:39
2.112653,2.001509,2023-01-01T02:16:40
2.112653,2.001509,2023-01-01T02:16:41
2.112653,2.001509,2023-01-01T02:16:42
2.112653,2.001509,2023-01-01T02:16:43
2.112653,2.001509,2023-01-01T02:16:44
2.112653,2.001509,2023-01-01T02:16:45
2.112653,2.001509,2023-01-01T02:16:46
2.112653,2.001509,2023-01-01T02:16:47
2.112653,2.001509,2023-01-01T02:16:48
2.112653,2.001509,2023-01-01T02:16:49
2.112653,2.001509,2023-01-01T02:16:50
2.112653,2.001509,2023-01-01T02:16:51
2.112653,2.001509,2023-01-01T02:16:52
2.112653,2.001509,2023-01-01T02:16:53
2.112653,2.001509,2023-01-01T02:16:54
2.112653,2.001509,2023-01-01T02:16:55
2.112653,2.001509,2023-01-01T02:16:56
2.112653,2.001509,2023-01-01T02:16:57
2.112653,2.001509,2023-01-01T02:16:58
2.112653,2.001509,2023-01-01T02:16:59
2.112653,2.001509,2023-01-01T02:17:00
2.112653,2.001509,2023-01-01T02:17:01
2.112653,2.001509,2023-01-01T02:17:02
2.112653,2.001509,2023-01-01T02:17:03
2.112653,2.001509,2023-01-01T02:17:04
2.112653,2.001509,2023-01-01T02:17:05
2.112653,2.001509,2023-01-01T02:17:06
2.001461,2.001509,2023-01-01T02:17:07
2.001461,2.001509,2023-01-01T02:17:08
2.001461,2.001509,2023-01-01T02:17:09
2.001461,2.001509,2023-01-01T02:17:10
2.001461,2.001509,2023-01-01T02:17:11
2.001461,2.001509,2023-01-01T02:17:12
2.001461,2.001509,2023-01-01T02:17:13
2.001461,2.001509,2023-01-01T02:17:14
2.001461,2.001509,2023-01-01T02:17:15
2.001461,2.001509,2023-01-01T02:17:16
2.001461,2.001509,2023-01-01T02:17:17
2.001461,2.001509,2023-01-01T02:17:18
2.001461,2.001509,2023-01-01T02:17:19
2.001461,2.001509,2023-01-01T02:17:20
2.001461,2.001509,2023-01-01T02:17:21
2.001461,2.001509,2023-01-01T02:17:22
2.001461,2.001509,2023-01-01T02:17:23
2.001461,2.001509,2023-01-01T02:17:24
1.890269,2.001509,2023-01-01T02:17:25
1.890269,2.001509,2023-01-01T02:17:26
1.890269,2.001509,2023-01-01T02:17:27
1.890269,2.112704,2023-01-01T02:17:28
1.890269,2.112704,2023-01-01T02:17:29
1.890269,2.112704,2023-01-01T02:17:30
1.890269,2.112704,2023-01-01T02:17:31
1.890269,2.112704,2023-01-01T02:17:32
1.890269,2.112704,2023-01-01T02:17:33
1.890269,2.112704,2023-01-01T02:17:34
1.890269,2.112704,2023-01-01T02:17:35
1.890269,2.112704,2023-01-01T02:17:36
1.890269,2.112704,2023-01-01T02:17:37
1.890269,2.112704,2023-01-01T02:17:38
1.890269,2.112704,2023-01-01T02:17:39
1.779077,2.112704,2023-01-01T02:17:40
1.779077,2.112704,2023-01-01T02:17:41
1.779077,2.112704,2023-01-01T02:17:42
1.779077,2.112704,2023-01-01T02:17:43
1.779077,2.112704,2023-01-01T02:17:44
1.779077,2.112704,2023-01-01T02:17:45
1.779077,2.112704,2023-01-01T02:17:46
1.779077,2.112704,2023-01-01T02:17:47
1.779077,2.112704,2023-01-01T02:17:48
1.779077,2.112704,2023-01-01T02:17:49
1.779077,2.112704,2023-01-01T02:17:50
1.779077,2.112704,2023-01-01T02:17:51
1.779077,2.112704,2023-01-01T02:17:52
1.779077,2.112704,2023-01-01T02:17:53
1.779077,2.112704,2023-01-01T02:17:54
1.779077,2.223899,2023-01-01T02:17:55
1.779077,2.223899,2023-01-01T02:17:56
1.779077,2.223899,2023-01-01T02:17:57
1.667884,2.223899,2023-01-01T02:17:58
1.667884,2.223899,2023-01-01T02:17:59
1.667884,2.223899,2023-01-01T02:18:00
1.667884,2.223899,2023-01-01T02:18:01
1.667884,2.335093,2023-01-01T02:18:02
1.667884,2.335093,2023-01-01T02:18:03
1.667884,2.223899,2023-01-01T02:18:04
1.667884,2.223899,2023-01-01T02:18:05
1.667884,2.223899,2023-01-01T02:18:06
1.667884,2.223899,2023-01-01T02:18:07
1.667884,2.223899,2023-01-01T02:18:08
1.667884,2.223899,2023-01-01T02:18:09
1.667884,2.223899,2023-01-01T02:18:10
1.667884,2.223899,2023-01-01T02:18:11
1.779077,2.223899,2023-01-01T02:18:12
1.779077,2.223899,2023-01-01T02:18:13
1.779077,2.223899,2023-01-01T02:18:14
1.779077,2.223899,2023-01-01T02:18:15
1.779077,2.223899,2023-01-01T02:18:16
1.779077,2.223899,2023-01-01T02:18:17
1.779077,2.223899,2023-01-01T02:18:18
1.779077,2.223899,2023-01-01T02:18:19
1.779077,2.223899,2023-01-01T02:18:20
1.779077,2.223899,2023-01-01T02:18:21
1.779077,2.223899,2023-01-01T02:18:22
1.779077,2.223899,2023-01-01T02:18:23
1.779077,2.223899,2023-01-01T02:18:24
1.779077,2.223899,2023-01-01T02:18:25
1.779077,2.223899,2023-01-01T02:18:26
1.779077,2.223899,2023-01-01T02:18:27
1.779077,2.223899,2023-01-01T02:18:28
1.779077,2.223899,2023-01-01T02:18:29
1.779077,2.223899,2023-01-01T02:18:30
1.779077,2.223899,2023-01-01T02:18:31
1.779077,2.223899,2023-01-01T02:18:32
1.779077,2.223899,2023-01-01T02:18:33
1.779077,2.223899,2023-01-01T02:18:34
1.779077,2.223899,2023-01-01T02:18:35
1.779077,2.223899,2023-01-01T02:18:36
1.779077,2.223899,2023-01-01T02:18:37
1.779077,2.223899,2023-01-01T02:18:38
1.779077,2.223899,2023-01-01T02:18:39
1.779077,2.223899,2023-01-01T02:18:40
1.779077,2.223899,2023-01-01T02:18:41
1.779077,2.223899,2023-01-01T02:18:42
1.779077,2.223899,2023-01-01T02:18:43
1.890269,2.223899,2023-01-01T02:18:44
1.890269,2.223899,2023-01-01T02:18:45
1.890269,2.223899,2023-01-01T02:18:46
1.890269,2.223899,2023-01-01T02:18:47
1.890269,2.223899,2023-01-01T02:18:48
1.890269,2.223899,2023-01-01T02:18:49
1.890269,2.223899,2023-01-01T02:18:50
1.890269,2.223899,2023-01-01T02:18:51
1.890269,2.223899,2023-01-01T02:18:52
1.890269,2.223899,2023-01-01T02:18:53
1.890269,2.223899,2023-01-01T02:18:54
1.890269,2.223899,2023-01-01T02:18:55
1.890269,2.223899,2023-01-01T02:18:56
1.890269,2.223899,2023-01-01T02:18:57
1.890269,2.223899,2023-01-01T02:18:58
1.890269,2.223899,2023-01-01T02:18:59
1.890269,2.112704,2023-01-01T02:19:00
1.890269,2.112704,2023-01-01T02:19:01
1.890269,2.112704,2023-01-01T02:19:02
1.890269,2.112704,2023-01-01T02:19:03
1.890269,2.112704,2023-01-01T02:19:04
1.890269,2.112704,2023-01-01T02:19:05
1.890269,2.112704,2023-01-01T02:19:06
1.890269,2.112704,2023-01-01T02:19:07
1.890269,2.112704,2023-01-01T02:19:08
1.890269,2.112704,2023-01-01T02:19:09
1.890269,2.112704,2023-01-01T02:19:10
1.890269,2.112704,2023-01-01T02:19:11
1.890269,2.112704,2023-01-01T02:19:12
1.890269,2.112704,2023-01-01T02:19:13
1.890269,2.112704,2023-01-01T02:19:14
1.890269,2.112704,2023-01-01T02:19:15
1.890269,2.112704,2023-01-01T02:19:16
1.890269,2.112704,2023-01-01T02:19:17
2.001461,2.112704,2023-01-01T02:19:18
2.001461,2.112704,2023-01-01T02:19:19
2.001461,2.112704,2023-01-01T02:19:20
2.001461,2.112704,2023-01-01T02:19:21
2.001461,2.112704,2023-01-01T02:19:22
2.001461,2.223899,2023-01-01T02:19:23
2.001461,2.223899,2023-01-01T02:19:24
2.001461,2.223899,2023-01-01T02:19:25
2.001461,2.223899,2023-01-01T02:19:26
2.001461,2.223899,2023-01-01T02:19:27
2.001461,2.223899,2023-01-01T02:19:28
2.001461,2.223899,2023-01-01T02:19:29
2.001461,2.223899,2023-01-01T02:19:30
2.001461,2.223899,2023-01-01T02:19:31
2.001461,2.223899,2023-01-01T02:19:32
2.001461,2.223899,2023-01-01T02:19:33
2.001461,2.223899,2023-01-01T02:19:34
2.001461,2.223899,2023-01-01T02:19:35
2.001461,2.223899,2023-01-01T02:19:36
2.001461,2.223899,2023-01-01T02:19:37
2.001461,2.223899,2023-01-01T02:19:38
2.001461,2.223899,2023-01-01T02:19:39
2.001461,2.223899,2023-01-01T02:19:40
2.001461,2.223899,2023-01-01T02:19:41
2.001461,2.223899,2023-01-01T02:19:42
2.001461,2.223899,2023-01-01T02:19:43
2.001461,2.223899,2023-01-01T02:19:44
2.001461,2.223899,2023-01-01T02:19:45
2.001461,2.223899,2023-01-01T02:19:46
2.001461,2.223899,2023-01-01T02:19:47
2.001461,2.223899,2023-01-01T02:19:48
2.001461,2.223899,2023-01-01T02:19:49
2.112653,2.223899,2023-01-01T02:19:50
2.112653,2.223899,2023-01-01T02:19:51
2.112653,2.223899,2023-01-01T02:19:52
2.112653,2.223899,2023-01-01T02:19:53
2.112653,2.223899,2023-01-01T02:19:54
2.112653,2.223899,2023-01-01T02:19:55
2.112653,2.223899,2023-01-01T02:19:56
2.112653,2.223899,2023-01-01T02:19:57
2.112653,2.223899,2023-01-01T02:19:58
2.112653,2.223899,2023-01-01T02:19:59
2.112653,2.223899,2023-01-01T02:20:00
2.112653,2.223899,2023-01-01T02:20:01
2.112653,2.223899,2023-01-01T02:20:02
2.112653,2.223899,2023-01-01T02:20:03
2.112653,2.223899,2023-01-01T02:20:04
2.112653,2.223899,2023-01-01T02:20:05
2.112653,2.223899,2023-01-01T02:20:06
2.112653,2.223899,2023-01-01T02:20:07
2.112653,2.223899,2023-01-01T02:20:08
2.112653,2.223899,2023-01-01T02:20:09
2.112653,2.223899,2023-01-01T02:20:10
2.112653,2.223899,2023-01-01T02:20:11
2.112653,2.223899,2023-01-01T02:20:12
2.112653,2.223899,2023-01-01T02:20:13
2.112653,2.223899,2023-01-01T02:20:14
2.112653,2.223899,2023-01-01T02:20:15
2.112653,2.223899,2023-01-01T02:20:16
2.112653,2.223899,2023-01-01T02:20:17
2.112653,2.223899,2023-01-01T02:20:18
2.112653,2.223899,2023-01-01T02:20:19
2.112653,2.223899,2023-01-01T02:20:20
2.112653,2.223899,2023-01-01T02:20:21
2.112653,2.223899,2023-01-01T02:20:22
2.112653,2.223899,2023-01-01T02:20:23
2.112653,2.223899,2023-01-01T02:20:24
2.112653,2.223899,2023-01-01T02:20:25
2.112653,2.223899,2023-01-01T02:20:26
2.112653,2.223899,2023-01-01T02:20:27
2.112653,2.223899,2023-01-01T02:20:28
2.112653,2.223899,2023-01-01T02:20:29
2.112653,2.223899,2023-01-01T02:20:30
2.112653,2.223899,2023-01-01T02:20:31
2.112653,2.223899,2023-01-01T02:20:32
2.112653,2.223899,2023-01-01T02:20:33
2.112653,2.223899,2023-01-01T02:20:34
2.112653,2.223899,2023-01-01T02:20:35
2.112653,2.223899,2023-01-01T02:20:36
2.112653,2.223899,2023-01-01T02:20:37
2.112653,2.335093,2023-01-01T02:20:38
2.112653,2.335093,2023-01-01T02:20:39
2.112653,2.335093,2023-01-01T02:20:40
2.112653,2.335093,2023-01-01T02:20:41
2.112653,2.335093,2023-01-01T02:20:42
2.112653,2.335093,2023-01-01T02:20:43
2.112653,2.335093,2023-01-01T02:20:44
2.112653,2.335093,2023-01-01T02:20:45
2.112653,2.335093,2023-01-01T02:20:46
2.112653,2.335093,2023-01-01T02:20:47
2.112653,2.335093,2023-01-01T02:20:48
2.112653,2.335093,2023-01-01T02:20:49
2.112653,2.335093,2023-01-01T02:20:50
2.112653,2.335093,2023-01-01T02:20:51
2.112653,2.335093,2023-01-01T02:20:52
2.112653,2.335093,2023-01-01T02:20:53
2.112653,2.335093,2023-01-01T02:20:54
2.112653,2.335093,2023-01-01T02:20:55
2.112653,2.335093,2023-01-01T02:20:56
2.112653,2.335093,2023-01-01T02:20:57
2.112653,2.335093,2023-01-01T02:20:58
2.112653,2.335093,2023-01-01T02:20:59
2.112653,2.335093,2023-01-01T02:21:00
2.112653,2.335093,2023-01-01T02:21:01
2.112653,2.335093,2023-01-01T02:21:02
2.112653,2.335093,2023-01-01T02:21:03
2.112653,2.335093,2023-01-01T02:21:04
2.112653,2.335093,2023-01-01T02:21:05
2.112653,2.335093,2023-01-01T02:21:06
2.112653,2.335093,2023-01-01T02:21:07
2.112653,2.335093,2023-01-01T02:21:08
2.112653,2.335093,2023-01-01T02:21:09
2.112653,2.335093,2023-01-01T02:21:10
2.112653,2.335093,2023-01-01T02:21:11
2.112653,2.446288,2023-01-01T02:21:12
2.112653,2.446288,2023-01-01T02:21:13
2.112653,2.446288,2023-01-01T02:21:14
2.112653,2.446288,2023-01-01T02:21:15
2.112653,2.446288,2023-01-01T02:21:16
2.112653,2.446288,2023-01-01T02:21:17
2.112653,2.446288,2023-01-01T02:21:18
2.112653,2.446288,2023-01-01T02:21:19
2.112653,2.446288,2023-01-01T02:21:20
2.112653,2.446288,2023-01-01T02:21:21
2.112653,2.446288,2023-01-01T02:21:22
2.112653,2.446288,2023-01-01T02:21:23
2.112653,2.446288,2023-01-01T02:21:24
2.112653,2.446288,2023-01-01T02:21:25
2.112653,2.446288,2023-01-01T02:21:26
2.112653,2.446288,2023-01-01T02:21:27
2.112653,2.446288,2023-01-01T02:21:28
2.112653,2.446288,2023-01-01T02:21:29
2.112653,2.446288,2023-01-01T02:21:30
2.112653,2.446288,2023-01-01T02:21:31
2.112653,2.446288,2023-01-01T02:21:32
2.112653,2.446288,2023-01-01T02:21:33
2.112653,2.446288,2023-01-01T02:21:34
2.112653,2.446288,2023-01-01T02:21:35
2.112653,2.446288,2023-01-01T02:21:36
2.223846,2.446288,2023-01-01T02:21:37
2.223846,2.446288,2023-01-01T02:21:38
2.223846,2.446288,2023-01-01T02:21:39
2.223846,2.446288,2023-01-01T02:21:40
2.223846,2.446288,2023-01-01T02:21:41
2.223846,2.446288,2023-01-01T02:21:42
2.223846,2.446288,2023-01-01T02:21:43
2.223846,2.446288,2023-01-01T02:21:44
2.223846,2.557483,2023-01-01T02:21:45
2.223846,2.557483,2023-01-01T02:21:46
2.223846,2.557483,2023-01-01T02:21:47
2.223846,2.557483,2023-01-01T02:21:48
2.223846,2.557483,2023-01-01T02:21:49
2.223846,2.557483,2023-01-01T02:21:50
2.223846,2.557483,2023-01-01T02:21:51
2.223846,2.557483,2023-01-01T02:21:52
2.223846,2.557483,2023-01-01T02:21:53
2.223846,2.557483,2023-01-01T02:21:54
2.223846,2.557483,2023-01-01T02:21:55
2.223846,2.557483,2023-01-01T02:21:56
2.223846,2.557483,2023-01-01T02:21:57
2.223846,2.557483,2023-01-01T02:21:58
2.223846,2.557483,2023-01-01T02:21:59
2.223846,2.557483,2023-01-01T02:22:00
2.223846,2.557483,2023-01-01T02:22:01
2.223846,2.557483,2023-01-01T02:22:02
2.223846,2.557483,2023-01-01T02:22:03
2.223846,2.557483,2023-01-01T02:22:04
2.223846,2.557483,2023-01-01T02:22:05
2.223846,2.557483,2023-01-01T02:22:06
2.223846,2.557483,2023-01-01T02:22:07
2.223846,2.557483,2023-01-01T02:22:08
2.223846,2.557483,2023-01-01T02:22:09
2.223846,2.557483,2023-01-01T02:22:10
2.335038,2.557483,2023-01-01T02:22:11
2.335038,2.557483,2023-01-01T02:22:12
2.335038,2.557483,2023-01-01T02:22:13
2.335038,2.557483,2023-01-01T02:22:14
2.335038,2.557483,2023-01-01T02:22:15
2.335038,2.557483,2023-01-01T02:22:16
2.335038,2.557483,2023-01-01T02:22:17
2.335038,2.557483,2023-01-01T02:22:18
2.335038,2.557483,2023-01-01T02:22:19
2.335038,2.557483,2023-01-01T02:22:20
2.335038,2.557483,2023-01-01T02:22:21
2.335038,2.557483,2023-01-01T02:22:22
2.335038,2.557483,2023-01-01T02:22:23
2.335038,2.557483,2023-01-01T02:22:24
2.335038,2.557483,2023-01-01T02:22:25
2.335038,2.557483,2023-01-01T02:22:26
2.446230,2.557483,2023-01-01T02:22:27
2.446230,2.557483,2023-01-01T02:22:28
2.446230,2.557483,2023-01-01T02:22:29
2.446230,2.557483,2023-01-01T02:22:30
2.446230,2.557483,2023-01-01T02:22:31
2.446230,2.557483,2023-01-01T02:22:32
2.446230,2.557483,2023-01-01T02:22:33
2.446230,2.557483,2023-01-01T02:22:34
2.446230,2.557483,2023-01-01T02:22:35
2.446230,2.557483,2023-01-01T02:22:36
2.446230,2.557483,2023-01-01T02:22:37
2.446230,2.557483,2023-01-01T02:22:38
2.446230,2.557483,2023-01-01T02:22:39
2.446230,2.557483,2023-01-01T02:22:40
2.446230,2.557483,2023-01-01T02:22:41
2.446230,2.557483,2023-01-01T02:22:42
2.446230,2.557483,2023-01-01T02:22:43
2.557423,2.557483,2023-01-01T02:22:44
2.557423,2.557483,2023-01-01T02:22:45
2.557423,2.557483,2023-01-01T02:22:46
2.557423,2.557483,2023-01-01T02:22:47
2.557423,2.557483,2023-01-01T02:22:48
2.557423,2.557483,2023-01-01T02:22:49
2.557423,2.557483,2023-01-01T02:22:50
2.557423,2.446288,2023-01-01T02:22:51
2.557423,2.446288,2023-01-01T02:22:52
2.557423,2.446288,2023-01-01T02:22:53
2.557423,2.446288,2023-01-01T02:22:54
2.557423,2.446288,2023-01-01T02:22:55
2.668615,2.446288,2023-01-01T02:22:56
2.668615,2.446288,2023-01-01T02:22:57
2.668615,2.446288,2023-01-01T02:22:58
2.668615,2.446288,2023-01-01T02:22:59
2.668615,2.446288,2023-01-01T02:23:00
2.668615,2.446288,2023-01-01T02:23:01
2.668615,2.446288,2023-01-01T02:23:02
2.668615,2.446288,2023-01-01T02:23:03
2.668615,2.446288,2023-01-01T02:23:04
2.668615,2.446288,2023-01-01T02:23:05
2.668615,2.446288,2023-01-01T02:23:06
2.668615,2.446288,2023-01-01T02:23:07
2.779807,2.446288,2023-01-01T02:23:08
2.779807,2.446288,2023-01-01T02:23:09
2.779807,2.446288,2023-01-01T02:23:10
2.779807,2.446288,2023-01-01T02:23:11
2.779807,2.446288,2023-01-01T02:23:12
2.779807,2.446288,2023-01-01T02:23:13
2.779807,2.335093,2023-01-01T02:23:14
2.779807,2.335093,2023-01-01T02:23:15
2.779807,2.335093,2023-01-01T02:23:16
2.779807,2.335093,2023-01-01T02:23:17
2.779807,2.335093,2023-01-01T02:23:18
2.779807,2.335093,2023-01-01T02:23:19
2.890999,2.335093,2023-01-01T02:23:20
2.890999,2.335093,2023-01-01T02:23:21
2.890999,2.335093,2023-01-01T02:23:22
2.890999,2.335093,2023-01-01T02:23:23
2.890999,2.335093,2023-01-01T02:23:24
2.890999,2.223899,2023-01-01T02:23:25
2.890999,2.223899,2023-01-01T02:23:26
2.890999,2.223899,2023-01-01T02:23:27
2.890999,2.223899,2023-01-01T02:23:28
3.002192,2.223899,2023-01-01T02:23:29
3.002192,2.223899,2023-01-01T02:23:30
3.002192,2.112704,2023-01-01T02:23:31
3.002192,2.112704,2023-01-01T02:23:32
3.002192,2.112704,2023-01-01T02:23:33
3.002192,2.112704,2023-01-01T02:23:34
3.002192,2.112704,2023-01-01T02:23:35
3.002192,2.112704,2023-01-01T02:23:36
3.002192,2.112704,2023-01-01T02:23:37
3.002192,2.001509,2023-01-01T02:23:38
3.002192,2.001509,2023-01-01T02:23:39
3.002192,2.001509,2023-01-01T02:23:40
3.113384,2.001509,2023-01-01T02:23:41
3.113384,2.001509,2023-01-01T02:23:42
3.113384,2.001509,2023-01-01T02:23:43
3.113384,1.890314,2023-01-01T02:23:44
3.113384,1.890314,2023-01-01T02:23:45
3.113384,1.890314,2023-01-01T02:23:46
3.113384,1.890314,2023-01-01T02:23:47
3.113384,1.890314,2023-01-01T02:23:48
3.113384,1.779119,2023-01-01T02:23:49
3.113384,1.779119,2023-01-01T02:23:50
3.113384,1.779119,2023-01-01T02:23:51
3.113384,1.779119,2023-01-01T02:23:52
3.224576,1.779119,2023-01-01T02:23:53
3.224576,1.667924,2023-01-01T02:23:54
3.224576,1.667924,2023-01-01T02:23:55
3.224576,1.667924,2023-01-01T02:23:56
3.224576,1.667924,2023-01-01T02:23:57
3.224576,1.556729,2023-01-01T02:23:58
3.224576,1.556729,2023-01-01T02:23:59
3.224576,1.556729,2023-01-01T02:24:00
3.224576,1.556729,2023-01-01T02:24:01
3.224576,1.445534,2023-01-01T02:24:02
3.224576,1.445534,2023-01-01T02:24:03
3.224576,1.445534,2023-01-01T02:24:04
3.224576,1.445534,2023-01-01T02:24:05
3.224576,1.445534,2023-01-01T02:24:06
3.224576,1.445534,2023-01-01T02:24:07
3.224576,1.445534,2023-01-01T02:24:08
3.224576,1.445534,2023-01-01T02:24:09
3.224576,1.445534,2023-01-01T02:24:10
3.224576,1.445534,2023-01-01T02:24:11
3.224576,1.445534,2023-01-01T02:24:12
3.224576,1.445534,2023-01-01T02:24:13
3.224576,1.445534,2023-01-01T02:24:14
3.224576,1.445534,2023-01-01T02:24:15
3.224576,1.445534,2023-01-01T02:24:16
3.224576,1.445534,2023-01-01T02:24:17
3.224576,1.445534,2023-01-01T02:24:18
3.224576,1.445534,2023-01-01T02:24:19
3.224576,1.445534,2023-01-01T02:24:20
3.224576,1.445534,2023-01-01T02:24:21
3.224576,1.445534,2023-01-01T02:24:22
3.224576,1.445534,2023-01-01T02:24:23
3.224576,1.445534,2023-01-01T02:24:24
3.224576,1.445534,2023-01-01T02:24:25
3.224576,1.445534,2023-01-01T02:24:26
3.224576,1.445534,2023-01-01T02:24:27
3.224576,1.445534,2023-01-01T02:24:28
3.224576,1.445534,2023-01-01T02:24:29
3.224576,1.445534,2023-01-01T02:24:30
3.224576,1.445534,2023-01-01T02:24:31
3.224576,1.445534,2023-01-01T02:24:32
3.224576,1.445534,2023-01-01T02:24:33
3.224576,1.445534,2023-01-01T02:24:34
3.224576,1.445534,2023-01-01T02:24:35
3.224576,1.445534,2023-01-01T02:24:36
3.224576,1.445534,2023-01-01T02:24:37
3.113384,1.445534,2023-01-01T02:24:38
3.113384,1.445534,2023-01-01T02:24:39
3.113384,1.445534,2023-01-01T02:24:40
3.113384,1.445534,2023-01-01T02:24:41
3.113384,1.445534,2023-01-01T02:24:42
3.113384,1.445534,2023-01-01T02:24:43
3.113384,1.445534,2023-01-01T02:24:44
3.113384,1.445534,2023-01-01T02:24:45
3.113384,1.445534,2023-01-01T02:24:46
3.113384,1.445534,2023-01-01T02:24:47
3.113384,1.556729,2023-01-01T02:24:48
3.113384,1.556729,2023-01-01T02:24:49
3.113384,1.556729,2023-01-01T02:24:50
3.113384,1.556729,2023-01-01T02:24:51
3.113384,1.556729,2023-01-01T02:24:52
3.113384,1.556729,2023-01-01T02:24:53
3.002192,1.556729,2023-01-01T02:24:54
3.002192,1.556729,2023-01-01T02:24:55
3.002192,1.556729,2023-01-01T02:24:56
3.002192,1.556729,2023-01-01T02:24:57
3.002192,1.556729,2023-01-01T02:24:58
3.002192,1.556729,2023-01-01T02:24:59
3.002192,1.556729,2023-01-01T02:25:00
3.002192,1.556729,2023-01-01T02:25:01
3.002192,1.556729,2023-01-01T02:25:02
3.002192,1.556729,2023-01-01T02:25:03
3.002192,1.556729,2023-01-01T02:25:04
3.002192,1.556729,2023-01-01T02:25:05
3.002192,1.556729,2023-01-01T02:25:06
2.890999,1.556729,2023-01-01T02:25:07
2.890999,1.556729,2023-01-01T02:25:08
2.890999,1.556729,2023-01-01T02:25:09
2.890999,1.556729,2023-01-01T02:25:10
2.890999,1.556729,2023-01-01T02:25:11
2.890999,1.556729,2023-01-01T02:25:12
2.890999,1.556729,2023-01-01T02:25:13
2.890999,1.556729,2023-01-01T02:25:14
2.890999,1.556729,2023-01-01T02:25:15
2.890999,1.556729,2023-01-01T02:25:16
2.890999,1.556729,2023-01-01T02:25:17
2.890999,1.556729,2023-01-01T02:25:18
2.890999,1.556729,2023-01-01T02:25:19
2.890999,1.556729,2023-01-01T02:25:20
2.890999,1.556729,2023-01-01T02:25:21
2.779807,1.556729,2023-01-01T02:25:22
2.779807,1.556729,2023-01-01T02:25:23
2.779807,1.556729,2023-01-01T02:25:24
2.779807,1.556729,2023-01-01T02:25:25
2.779807,1.556729,2023-01-01T02:25:26
2.779807,1.556729,2023-01-01T02:25:27
2.779807,1.556729,2023-01-01T02:25:28
2.779807,1.556729,2023-01-01T02:25:29
2.779807,1.556729,2023-01-01T02:25:30
2.779807,1.556729,2023-01-01T02:25:31
2.779807,1.556729,2023-01-01T02:25:32
2.779807,1.556729,2023-01-01T02:25:33
2.779807,1.556729,2023-01-01T02:25:34
2.779807,1.556729,2023-01-01T02:25:35
2.779807,1.556729,2023-01-01T02:25:36
2.779807,1.556729,2023-01-01T02:25:37
2.779807,1.556729,2023-01-01T02:25:38
2.779807,1.556729,2023-01-01T02:25:39
2.779807,1.445534,2023-01-01T02:25:40
2.779807,1.445534,2023-01-01T02:25:41
2.779807,1.445534,2023-01-01T02:25:42
2.779807,1.445534,2023-01-01T02:25:43
2.668615,1.445534,2023-01-01T02:25:44
2.668615,1.445534,2023-01-01T02:25:45
2.668615,1.445534,2023-01-01T02:25:46
2.668615,1.445534,2023-01-01T02:25:47
2.668615,1.445534,2023-01-01T02:25:48
2.668615,1.445534,2023-01-01T02:25:49
2.668615,1.445534,2023-01-01T02:25:50
2.668615,1.445534,2023-01-01T02:25:51
2.668615,1.445534,2023-01-01T02:25:52
2.668615,1.445534,2023-01-01T02:25:53
2.668615,1.445534,2023-01-01T02:25:54
2.668615,1.445534,2023-01-01T02:25:55
2.668615,1.445534,2023-01-01T02:25:56
2.668615,1.445534,2023-01-01T02:25:57
2.668615,1.445534,2023-01-01T02:25:58
2.668615,1.445534,2023-01-01T02:25:59
2.668615,1.445534,2023-01-01T02:26:00
2.668615,1.445534,2023-01-01T02:26:01
2.668615,1.445534,2023-01-01T02:26:02
2.668615,1.445534,2023-01-01T02:26:03
2.668615,1.445534,2023-01-01T02:26:04
2.668615,1.445534,2023-01-01T02:26:05
2.668615,1.445534,2023-01-01T02:26:06
2.668615,1.445534,2023-01-01T02:26:07
2.668615,1.445534,2023-01-01T02:26:08
2.668615,1.445534,2023-01-01T02:26:09
2.668615,1.445534,2023-01-01T02:26:10
2.668615,1.445534,2023-01-01T02:26:11
2.668615,1.445534,2023-01-01T02:26:12
2.668615,1.445534,2023-01-01T02:26:13
2.668615,1.445534,2023-01-01T02:26:14
2.668615,1.445534,2023-01-01T02:26:15
2.668615,1.445534,2023-01-01T02:26:16
2.668615,1.445534,2023-01-01T02:26:17
2.668615,1.445534,2023-01-01T02:26:18
2.668615,1.445534,2023-01-01T02:26:19
2.668615,1.445534,2023-01-01T02:26:20
2.668615,1.445534,2023-01-01T02:26:21
2.668615,1.445534,2023-01-01T02:26:22
2.668615,1.445534,2023-01-01T02:26:23
2.668615,1.445534,2023-01-01T02:26:24
2.668615,1.445534,2023-01-01T02:26:25
2.668615,1.445534,2023-01-01T02:26:26
2.668615,1.445534,2023-01-01T02:26:27
2.668615,1.445534,2023-01-01T02:26:28
2.668615,1.445534,2023-01-01T02:26:29
2.668615,1.445534,2023-01-01T02:26:30
2.668615,1.445534,2023-01-01T02:26:31
2.668615,1.445534,2023-01-01T02:26:32
2.668615,1.445534,2023-01-01T02:26:33
2.668615,1.334339,2023-01-01T02:26:34
2.668615,1.334339,2023-01-01T02:26:35
2.668615,1.334339,2023-01-01T02:26:36
2.668615,1.334339,2023-01-01T02:26:37
2.668615,1.334339,2023-01-01T02:26:38
2.668615,1.334339,2023-01-01T02:26:39
2.668615,1.334339,2023-01-01T02:26:40
2.668615,1.334339,2023-01-01T02:26:41
2.668615,1.334339,2023-01-01T02:26:42
2.668615,1.334339,2023-01-01T02:26:43
2.668615,1.334339,2023-01-01T02:26:44
2.668615,1.334339,2023-01-01T02:26:45
2.668615,1.334339,2023-01-01T02:26:46
2.668615,1.334339,2023-01-01T02:26:47
2.668615,1.334339,2023-01-01T02:26:48
2.668615,1.334339,2023-01-01T02:26:49
2.668615,1.334339,2023-01-01T02:26:50
2.668615,1.334339,2023-01-01T02:26:51
2.668615,1.334339,2023-01-01T02:26:52
2.668615,1.334339,2023-01-01T02:26:53
2.668615,1.334339,2023-01-01T02:26:54
2.668615,1.334339,2023-01-01T02:26:55
2.668615,1.334339,2023-01-01T02:26:56
2.668615,1.334339,2023-01-01T02:26:57
2.668615,1.334339,2023-01-01T02:26:58
2.668615,1.334339,2023-01-01T02:26:59
2.668615,1.334339,2023-01-01T02:27:00
2.668615,1.334339,2023-01-01T02:27:01
2.668615,1.334339,2023-01-01T02:27:02
2.668615,1.334339,2023-01-01T02:27:03
2.668615,1.334339,2023-01-01T02:27:04
2.668615,1.334339,2023-01-01T02:27:05
2.668615,1.334339,2023-01-01T02:27:06
2.668615,1.334339,2023-01-01T02:27:07
2.668615,1.223144,2023-01-01T02:27:08
2.668615,1.223144,2023-01-01T02:27:09
2.668615,1.223144,2023-01-01T02:27:10
2.668615,1.223144,2023-01-01T02:27:11
2.668615,1.223144,2023-01-01T02:27:12
2.668615,1.223144,2023-01-01T02:27:13
2.668615,1.223144,2023-01-01T02:27:14
2.668615,1.223144,2023-01-01T02:27:15
2.668615,1.223144,2023-01-01T02:27:16
2.668615,1.223144,2023-01-01T02:27:17
2.668615,1.223144,2023-01-01T02:27:18
2.668615,1.223144,2023-01-01T02:27:19
2.668615,1.223144,2023-01-01T02:27:20
2.668615,1.223144,2023-01-01T02:27:21
2.668615,1.223144,2023-01-01T02:27:22
2.668615,1.223144,2023-01-01T02:27:23
2.668615,1.223144,2023-01-01T02:27:24
2.668615,1.223144,2023-01-01T02:27:25
2.668615,1.223144,2023-01-01T02:27:26
2.668615,1.223144,2023-01-01T02:27:27
2.668615,1.223144,2023-01-01T02:27:28
2.668615,1.223144,2023-01-01T02:27:29
2.668615,1.223144,2023-01-01T02:27:30
2.668615,1.223144,2023-01-01T02:27:31
2.668615,1.223144,2023-01-01T02:27:32
2.668615,1.223144,2023-01-01T02:27:33
2.668615,1.223144,2023-01-01T02:27:34
2.668615,1.223144,2023-01-01T02:27:35
2.668615,1.223144,2023-01-01T02:27:36
2.668615,1.223144,2023-01-01T02:27:37
2.668615,1.223144,2023-01-01T02:27:38
2.668615,1.223144,2023-01-01T02:27:39
2.668615,1.223144,2023-01-01T02:27:40
2.668615,1.223144,2023-01-01T02:27:41
2.668615,1.223144,2023-01-01T02:27:42
2.668615,1.223144,2023-01-01T02:27:43
2.668615,1.223144,2023-01-01T02:27:44
2.668615,1.223144,2023-01-01T02:27:45
2.668615,1.223144,2023-01-01T02:27:46
2.668615,1.223144,2023-01-01T02:27:47
2.668615,1.223144,2023-01-01T02:27:48
2.668615,1.223144,2023-01-01T02:27:49
2.668615,1.223144,2023-01-01T02:27:50
2.668615,1.223144,2023-01-01T02:27:51
2.668615,1.223144,2023-01-01T02:27:52
2.668615,1.223144,2023-01-01T02:27:53
2.668615,1.223144,2023-01-01T02:27:54
2.668615,1.223144,2023-01-01T02:27:55
2.668615,1.223144,2023-01-01T02:27:56
2.668615,1.223144,2023-01-01T02:27:57
2.668615,1.111949,2023-01-01T02:27:58
2.668615,1.111949,2023-01-01T02:27:59
2.668615,1.111949,2023-01-01T02:28:00
2.668615,1.111949,2023-01-01T02:28:01
2.668615,1.111949,2023-01-01T02:28:02
2.668615,1.111949,2023-01-01T02:28:03
2.668615,1.111949,2023-01-01T02:28:04
2.668615,1.111949,2023-01-01T02:28:05
2.668615,1.111949,2023-01-01T02:28:06
2.668615,1.111949,2023-01-01T02:28:07
2.668615,1.111949,2023-01-01T02:28:08
2.668615,1.111949,2023-01-01T02:28:09
2.668615,1.111949,2023-01-01T02:28:10
2.668615,1.111949,2023-01-01T02:28:11
2.668615,1.111949,2023-01-01T02:28:12
2.668615,1.111949,2023-01-01T02:28:13
2.668615,1.111949,2023-01-01T02:28:14
2.668615,1.111949,2023-01-01T02:28:15
2.668615,1.111949,2023-01-01T02:28:16
2.668615,1.111949,2023-01-01T02:28:17
2.668615,1.111949,2023-01-01T02:28:18
2.668615,1.111949,2023-01-01T02:28:19
2.668615,1.111949,2023-01-01T02:28:20
2.668615,1.111949,2023-01-01T02:28:21
2.668615,1.111949,2023-01-01T02:28:22
2.668615,1.111949,2023-01-01T02:28:23
2.668615,1.111949,2023-01-01T02:28:24
2.668615,1.111949,2023-01-01T02:28:25
2.668615,1.111949,2023-01-01T02:28:26
2.668615,1.111949,2023-01-01T02:28:27
2.668615,1.111949,2023-01-01T02:28:28
2.668615,1.111949,2023-01-01T02:28:29
2.668615,1.111949,2023-01-01T02:28:30
2.668615,1.111949,2023-01-01T02:28:31
2.668615,1.111949,2023-01-01T02:28:32
2.668615,1.111949,2023-01-01T02:28:33
2.668615,1.111949,2023-01-01T02:28:34
2.668615,1.111949,2023-01-01T02:28:35
2.668615,1.111949,2023-01-01T02:28:36
2.668615,1.111949,2023-01-01T02:28:37
2.668615,1.111949,2023-01-01T02:28:38
2.668615,1.111949,2023-01-01T02:28:39
2.668615,1.111949,2023-01-01T02:28:40
2.668615,1.111949,2023-01-01T02:28:41
2.668615,1.111949,2023-01-01T02:28:42
2.668615,1.111949,2023-01-01T02:28:43
2.668615,1.111949,2023-01-01T02:28:44
2.668615,1.111949,2023-01-01T02:28:45
2.668615,1.111949,2023-01-01T02:28:46
2.668615,1.111949,2023-01-01T02:28:47
2.668615,1.111949,2023-01-01T02:28:48
2.668615,1.111949,2023-01-01T02:28:49
2.668615,1.111949,2023-01-01T02:28:50
2.668615,1.111949,2023-01-01T02:28:51
2.668615,1.111949,2023-01-01T02:28:52
2.668615,1.111949,2023-01-01T02:28:53
2.668615,1.111949,2023-01-01T02:28:54
2.668615,1.111949,2023-01-01T02:28:55
2.668615,1.111949,2023-01-01T02:28:56
2.668615,1.111949,2023-01-01T02:28:57
2.668615,1.111949,2023-01-01T02:28:58
2.668615,1.111949,2023-01-01T02:28:59
2.668615,1.111949,2023-01-01T02:29:00
2.668615,1.111949,2023-01-01T02:29:01
2.668615,1.111949,2023-01-01T02:29:02
2.668615,1.111949,2023-01-01T02:29:03
2.668615,1.111949,2023-01-01T02:29:04
2.668615,1.111949,2023-01-01T02:29:05
2.668615,1.111949,2023-01-01T02:29:06
2.668615,1.111949,2023-01-01T02:29:07
2.668615,1.111949,2023-01-01T02:29:08
2.668615,1.111949,2023-01-01T02:29:09
2.668615,1.111949,2023-01-01T02:29:10
2.668615,1.111949,2023-01-01T02:29:11
2.668615,1.111949,2023-01-01T02:29:12
2.668615,1.111949,2023-01-01T02:29:13
2.668615,1.111949,2023-01-01T02:29:14
2.668615,1.111949,2023-01-01T02:29:15
2.668615,1.000754,2023-01-01T02:29:16
2.668615,1.000754,2023-01-01T02:29:17
2.668615,1.000754,2023-01-01T02:29:18
2.668615,1.000754,2023-01-01T02:29:19
2.668615,1.000754,2023-01-01T02:29:20
2.668615,1.000754,2023-01-01T02:29:21
2.668615,1.000754,2023-01-01T02:29:22
2.668615,1.000754,2023-01-01T02:29:23
2.668615,1.000754,2023-01-01T02:29:24
2.668615,1.000754,2023-01-01T02:29:25
2.668615,1.000754,2023-01-01T02:29:26
2.668615,1.000754,2023-01-01T02:29:27
2.668615,1.000754,2023-01-01T02:29:28
2.668615,1.000754,2023-01-01T02:29:29
2.668615,1.000754,2023-01-01T02:29:30
2.668615,1.000754,2023-01-01T02:29:31
2.668615,1.000754,2023-01-01T02:29:32
2.668615,1.000754,2023-01-01T02:29:33
2.668615,1.000754,2023-01-01T02:29:34
2.668615,1.000754,2023-01-01T02:29:35
2.668615,1.000754,2023-01-01T02:29:36
2.668615,1.000754,2023-01-01T02:29:37
2.668615,1.000754,2023-01-01T02:29:38
2.668615,1.000754,2023-01-01T02:29:39
2.668615,1.000754,2023-01-01T02:29:40
2.668615,1.000754,2023-01-01T02:29:41
2.668615,1.000754,2023-01-01T02:29:42
2.668615,1.000754,2023-01-01T02:29:43
2.668615,1.000754,2023-01-01T02:29:44
2.668615,1.000754,2023-01-01T02:29:45
2.668615,1.000754,2023-01-01T02:29:46
2.668615,1.000754,2023-01-01T02:29:47
2.668615,1.000754,2023-01-01T02:29:48
2.668615,1.000754,2023-01-01T02:29:49
2.668615,1.000754,2023-01-01T02:29:50
2.668615,1.000754,2023-01-01T02:29:51
2.668615,1.000754,2023-01-01T02:29:52
2.668615,1.000754,2023-01-01T02:29:53
2.668615,1.000754,2023-01-01T02:29:54
2.668615,1.000754,2023-01-01T02:29:55
2.668615,1.000754,2023-01-01T02:29:56
2.668615,1.000754,2023-01-01T02:29:57
2.668615,1.000754,2023-01-01T02:29:58
2.668615,1.000754,2023-01-01T02:29:59
2.668615,1.000754,2023-01-01T02:30:00
2.668615,1.000754,2023-01-01T02:30:01
2.668615,1.000754,2023-01-01T02:30:02
2.668615,1.000754,2023-01-01T02:30:03
2.668615,1.000754,2023-01-01T02:30:04
2.668615,1.000754,2023-01-01T02:30:05
2.668615,1.000754,2023-01-01T02:30:06
2.668615,1.000754,2023-01-01T02:30:07
2.668615,1.000754,2023-01-01T02:30:08
2.668615,1.000754,2023-01-01T02:30:09
2.668615,1.000754,2023-01-01T02:30:10
2.668615,1.000754,2023-01-01T02:30:11
2.668615,1.000754,2023-01-01T02:30:12
2.668615,1.000754,2023-01-01T02:30:13
2.668615,1.000754,2023-01-01T02:30:14
2.668615,1.000754,2023-01-01T02:30:15
2.668615,1.000754,2023-01-01T02:30:16
2.668615,1.000754,2023-01-01T02:30:17
2.668615,1.000754,2023-01-01T02:30:18
2.668615,1.000754,2023-01-01T02:30:19
2.668615,1.000754,2023-01-01T02:30:20
2.668615,1.000754,2023-01-01T02:30:21
2.668615,1.000754,2023-01-01T02:30:22
2.668615,1.000754,2023-01-01T02:30:23
2.668615,1.000754,2023-01-01T02:30:24
2.668615,1.000754,2023-01-01T02:30:25
2.668615,1.000754,2023-01-01T02:30:26
2.668615,1.000754,2023-01-01T02:30:27
2.668615,1.000754,2023-01-01T02:30:28
2.668615,1.000754,2023-01-01T02:30:29
2.668615,1.000754,2023-01-01T02:30:30
2.668615,1.000754,2023-01-01T02:30:31
2.668615,1.000754,2023-01-01T02:30:32
2.668615,1.000754,2023-01-01T02:30:33
2.668615,1.000754,2023-01-01T02:30:34
2.668615,1.000754,2023-01-01T02:30:35
2.668615,1.000754,2023-01-01T02:30:36
2.668615,1.000754,2023-01-01T02:30:37
2.668615,1.000754,2023-01-01T02:30:38
2.668615,1.000754,2023-01-01T02:30:39
2.668615,1.000754,2023-01-01T02:30:40
2.668615,1.000754,2023-01-01T02:30:41
2.668615,1.000754,2023-01-01T02:30:42
2.668615,1.000754,2023-01-01T02:30:43
2.668615,1.000754,2023-01-01T02:30:44
2.668615,1.000754,2023-01-01T02:30:45
2.668615,1.000754,2023-01-01T02:30:46
2.668615,1.000754,2023-01-01T02:30:47
2.668615,1.000754,2023-01-01T02:30:48
2.668615,1.000754,2023-01-01T02:30:49
2.668615,1.000754,2023-01-01T02:30:50
2.668615,1.000754,2023-01-01T02:30:51
2.668615,1.000754,2023-01-01T02:30:52
2.668615,1.000754,2023-01-01T02:30:53
2.668615,1.000754,2023-01-01T02:30:54
2.668615,1.000754,2023-01-01T02:30:55
2.668615,1.000754,2023-01-01T02:30:56
2.668615,1.000754,2023-01-01T02:30:57
2.668615,1.000754,2023-01-01T02:30:58
2.668615,1.000754,2023-01-01T02:30:59
2.668615,1.000754,2023-01-01T02:31:00
2.668615,1.000754,2023-01-01T02:31:01
2.668615,1.000754,2023-01-01T02:31:02
2.668615,1.000754,2023-01-01T02:31:03
2.668615,1.000754,2023-01-01T02:31:04
2.668615,1.000754,2023-01-01T02:31:05
2.668615,1.000754,2023-01-01T02:31:06
2.668615,1.000754,2023-01-01T02:31:07
2.668615,1.000754,2023-01-01T02:31:08
2.668615,1.000754,2023-01-01T02:31:09
2.668615,1.000754,2023-01-01T02:31:10
2.668615,1.000754,2023-01-01T02:31:11
2.668615,1.000754,2023-01-01T02:31:12
2.668615,1.000754,2023-01-01T02:31:13
2.668615,1.000754,2023-01-01T02:31:14
2.779807,1.000754,2023-01-01T02:31:15
2.779807,1.000754,2023-01-01T02:31:16
2.779807,1.000754,2023-01-01T02:31:17
2.779807,1.000754,2023-01-01T02:31:18
2.779807,1.000754,2023-01-01T02:31:19
2.779807,1.000754,2023-01-01T02:31:20
2.779807,1.000754,2023-01-01T02:31:21
2.779807,1.000754,2023-01-01T02:31:22
2.779807,1.000754,2023-01-01T02:31:23
2.779807,1.000754,2023-01-01T02:31:24
2.779807,1.000754,2023-01-01T02:31:25
2.779807,1.000754,2023-01-01T02:31:26
2.779807,1.000754,2023-01-01T02:31:27
2.779807,1.000754,2023-01-01T02:31:28
2.779807,1.000754,2023-01-01T02:31:29
2.779807,1.000754,2023-01-01T02:31:30
2.779807,1.000754,2023-01-01T02:31:31
2.779807,1.000754,2023-01-01T02:31:32
2.779807,1.000754,2023-01-01T02:31:33
2.779807,1.000754,2023-01-01T02:31:34
2.779807,1.000754,2023-01-01T02:31:35
2.779807,1.000754,2023-01-01T02:31:36
2.779807,1.000754,2023-01-01T02:31:37
2.779807,1.000754,2023-01-01T02:31:38
2.779807,1.000754,2023-01-01T02:31:39
2.779807,1.000754,2023-01-01T02:31:40
2.779807,1.000754,2023-01-01T02:31:41
2.779807,1.000754,2023-01-01T02:31:42
2.779807,1.000754,2023-01-01T02:31:43
2.779807,1.000754,2023-01-01T02:31:44
2.779807,1.000754,2023-01-01T02:31:45
2.779807,1.000754,2023-01-01T02:31:46
2.779807,1.000754,2023-01-01T02:31:47
2.779807,1.000754,2023-01-01T02:31:48
2.779807,1.000754,2023-01-01T02:31:49
2.779807,1.000754,2023-01-01T02:31:50
2.779807,1.000754,2023-01-01T02:31:51
2.779807,1.000754,2023-01-01T02:31:52
2.779807,1.000754,2023-01-01T02:31:53
2.779807,0.889559,2023-01-01T02:31:54
2.779807,0.889559,2023-01-01T02:31:55
2.779807,0.889559,2023-01-01T02:31:56
2.779807,0.889559,2023-01-01T02:31:57
2.779807,0.889559,2023-01-01T02:31:58
2.779807,0.889559,2023-01-01T02:31:59
2.779807,0.889559,2023-01-01T02:32:00
2.779807,0.889559,2023-01-01T02:32:01
2.779807,0.889559,2023-01-01T02:32:02
2.779807,0.889559,2023-01-01T02:32:03
2.779807,0.889559,2023-01-01T02:32:04
2.779807,0.889559,2023-01-01T02:32:05
2.779807,0.889559,2023-01-01T02:32:06
2.779807,0.889559,2023-01-01T02:32:07
2.779807,0.889559,2023-01-01T02:32:08
2.779807,0.889559,2023-01-01T02:32:09
2.779807,0.889559,2023-01-01T02:32:10
2.779807,0.889559,2023-01-01T02:32:11
2.779807,0.889559,2023-01-01T02:32:12
2.779807,0.889559,2023-01-01T02:32:13
2.779807,0.889559,2023-01-01T02:32:14
2.779807,0.889559,2023-01-01T02:32:15
2.779807,0.889559,2023-01-01T02:32:16
2.779807,0.889559,2023-01-01T02:32:17
2.779807,0.889559,2023-01-01T02:32:18
2.779807,0.889559,2023-01-01T02:32:19
2.779807,0.889559,2023-01-01T02:32:20
2.779807,0.889559,2023-01-01T02:32:21
2.779807,0.889559,2023-01-01T02:32:22
2.779807,0.889559,2023-01-01T02:32:23
2.779807,0.889559,2023-01-01T02:32:24
2.779807,0.889559,2023-01-01T02:32:25
2.779807,0.889559,2023-01-01T02:32:26
2.779807,0.889559,2023-01-01T02:32:27
2.779807,0.889559,2023-01-01T02:32:28
2.779807,0.889559,2023-01-01T02:32:29
2.779807,0.889559,2023-01-01T02:32:30
2.779807,0.889559,2023-01-01T02:32:31
2.779807,0.889559,2023-01-01T02:32:32
2.779807,0.889559,2023-01-01T02:32:33
2.779807,0.889559,2023-01-01T02:32:34
2.779807,0.889559,2023-01-01T02:32:35
2.779807,0.889559,2023-01-01T02:32:36
2.779807,0.889559,2023-01-01T02:32:37
2.779807,0.889559,2023-01-01T02:32:38
2.890999,0.889559,2023-01-01T02:32:39
2.890999,0.889559,2023-01-01T02:32:40
2.890999,0.889559,2023-01-01T02:32:41
2.890999,0.889559,2023-01-01T02:32:42
2.890999,0.889559,2023-01-01T02:32:43
2.890999,0.889559,2023-01-01T02:32:44
2.890999,0.889559,2023-01-01T02:32:45
2.890999,0.889559,2023-01-01T02:32:46
2.890999,0.889559,2023-01-01T02:32:47
2.890999,0.889559,2023-01-01T02:32:48
2.890999,0.889559,2023-01-01T02:32:49
2.890999,0.889559,2023-01-01T02:32:50
2.890999,0.889559,2023-01-01T02:32:51
2.890999,0.889559,2023-01-01T02:32:52
2.890999,0.889559,2023-01-01T02:32:53
2.890999,0.889559,2023-01-01T02:32:54
2.890999,0.889559,2023-01-01T02:32:55
2.890999,0.889559,2023-01-01T02:32:56
2.890999,0.889559,2023-01-01T02:32:57
2.890999,0.889559,2023-01-01T02:32:58
2.890999,0.889559,2023-01-01T02:32:59
2.890999,0.889559,2023-01-01T02:33:00
2.890999,0.889559,2023-01-01T02:33:01
2.890999,0.889559,2023-01-01T02:33:02
2.890999,0.889559,2023-01-01T02:33:03
2.890999,0.889559,2023-01-01T02:33:04
2.890999,0.889559,2023-01-01T02:33:05
2.890999,0.889559,2023-01-01T02:33:06
2.890999,0.889559,2023-01-01T02:33:07
2.890999,0.889559,2023-01-01T02:33:08
2.890999,0.889559,2023-01-01T02:33:09
2.890999,0.889559,2023-01-01T02:33:10
2.890999,0.889559,2023-01-01T02:33:11
2.890999,0.889559,2023-01-01T02:33:12
2.890999,0.889559,2023-01-01T02:33:13
2.890999,0.889559,2023-01-01T02:33:14
2.890999,0.778364,2023-01-01T02:33:15
2.890999,0.778364,2023-01-01T02:33:16
2.890999,0.778364,2023-01-01T02:33:17
2.890999,0.778364,2023-01-01T02:33:18
2.890999,0.778364,2023-01-01T02:33:19
2.890999,0.778364,2023-01-01T02:33:20
2.890999,0.778364,2023-01-01T02:33:21
2.890999,0.778364,2023-01-01T02:33:22
2.890999,0.778364,2023-01-01T02:33:23
2.890999,0.778364,2023-01-01T02:33:24
2.890999,0.778364,2023-01-01T02:33:25
2.890999,0.778364,2023-01-01T02:33:26
2.890999,0.778364,2023-01-01T02:33:27
2.890999,0.778364,2023-01-01T02:33:28
2.890999,0.778364,2023-01-01T02:33:29
2.890999,0.778364,2023-01-01T02:33:30
2.890999,0.778364,2023-01-01T02:33:31
2.890999,0.778364,2023-01-01T02:33:32
2.890999,0.778364,2023-01-01T02:33:33
2.890999,0.778364,2023-01-01T02:33:34
2.890999,0.778364,2023-01-01T02:33:35
2.890999,0.778364,2023-01-01T02:33:36
2.890999,0.778364,2023-01-01T02:33:37
2.890999,0.778364,2023-01-01T02:33:38
2.890999,0.778364,2023-01-01T02:33:39
2.890999,0.778364,2023-01-01T02:33:40
2.890999,0.778364,2023-01-01T02:33:41
2.890999,0.778364,2023-01-01T02:33:42
2.890999,0.778364,2023-01-01T02:33:43
2.890999,0.778364,2023-01-01T02:33:44
2.890999,0.778364,2023-01-01T02:33:45
2.890999,0.778364,2023-01-01T02:33:46
2.890999,0.778364,2023-01-01T02:33:47
2.890999,0.778364,2023-01-01T02:33:48
2.890999,0.778364,2023-01-01T02:33:49
2.890999,0.778364,2023-01-01T02:33:50
2.890999,0.778364,2023-01-01T02:33:51
2.890999,0.778364,2023-01-01T02:33:52
2.890999,0.778364,2023-01-01T02:33:53
2.890999,0.778364,2023-01-01T02:33:54
2.890999,0.778364,2023-01-01T02:33:55
2.890999,0.778364,2023-01-01T02:33:56
2.890999,0.778364,2023-01-01T02:33:57
2.890999,0.778364,2023-01-01T02:33:58
2.890999,0.778364,2023-01-01T02:33:59
2.890999,0.778364,2023-01-01T02:34:00
2.890999,0.778364,2023-01-01T02:34:01
2.890999,0.778364,2023-01-01T02:34:02
2.890999,0.778364,2023-01-01T02:34:03
2.890999,0.778364,2023-01-01T02:34:04
2.890999,0.778364,2023-01-01T02:34:05
2.890999,0.778364,2023-01-01T02:34:06
3.002192,0.778364,2023-01-01T02:34:07
3.002192,0.778364,2023-01-01T02:34:08
3.002192,0.778364,2023-01-01T02:34:09
3.002192,0.778364,2023-01-01T02:34:10
3.002192,0.778364,2023-01-01T02:34:11
3.002192,0.778364,2023-01-01T02:34:12
3.002192,0.778364,2023-01-01T02:34:13
3.002192,0.778364,2023-01-01T02:34:14
3.002192,0.778364,2023-01-01T02:34:15
3.002192,0.778364,2023-01-01T02:34:16
3.002192,0.778364,2023-01-01T02:34:17
3.002192,0.778364,2023-01-01T02:34:18
3.002192,0.778364,2023-01-01T02:34:19
3.002192,0.778364,2023-01-01T02:34:20
3.002192,0.778364,2023-01-01T02:34:21
3.002192,0.778364,2023-01-01T02:34:22
3.002192,0.778364,2023-01-01T02:34:23
3.002192,0.778364,2023-01-01T02:34:24
3.002192,0.778364,2023-01-01T02:34:25
3.002192,0.778364,2023-01-01T02:34:26
3.002192,0.778364,2023-01-01T02:34:27
3.002192,0.778364,2023-01-01T02:34:28
3.002192,0.778364,2023-01-01T02:34:29
3.002192,0.778364,2023-01-01T02:34:30
3.002192,0.667170,2023-01-01T02:34:31
3.002192,0.667170,2023-01-01T02:34:32
3.002192,0.667170,2023-01-01T02:34:33
3.002192,0.667170,2023-01-01T02:34:34
3.002192,0.667170,2023-01-01T02:34:35
3.002192,0.667170,2023-01-01T02:34:36
3.002192,0.667170,2023-01-01T02:34:37
3.002192,0.667170,2023-01-01T02:34:38
3.002192,0.667170,2023-01-01T02:34:39
3.002192,0.667170,2023-01-01T02:34:40
3.002192,0.667170,2023-01-01T02:34:41
3.002192,0.667170,2023-01-01T02:34:42
3.002192,0.667170,2023-01-01T02:34:43
3.002192,0.667170,2023-01-01T02:34:44
3.002192,0.667170,2023-01-01T02:34:45
3.002192,0.667170,2023-01-01T02:34:46
3.002192,0.667170,2023-01-01T02:34:47
3.002192,0.667170,2023-01-01T02:34:48
3.002192,0.667170,2023-01-01T02:34:49
3.002192,0.667170,2023-01-01T02:34:50
3.002192,0.667170,2023-01-01T02:34:51
3.002192,0.667170,2023-01-01T02:34:52
3.002192,0.667170,2023-01-01T02:34:53
3.002192,0.667170,2023-01-01T02:34:54
3.002192,0.667170,2023-01-01T02:34:55
3.002192,0.667170,2023-01-01T02:34:56
3.002192,0.667170,2023-01-01T02:34:57
3.002192,0.667170,2023-01-01T02:34:58
3.002192,0.667170,2023-01-01T02:34:59
3.002192,0.667170,2023-01-01T02:35:00
3.002192,0.667170,2023-01-01T02:35:01
3.002192,0.667170,2023-01-01T02:35:02
3.002192,0.667170,2023-01-01T02:35:03
3.002192,0.667170,2023-01-01T02:35:04
3.002192,0.667170,2023-01-01T02:35:05
3.002192,0.667170,2023-01-01T02:35:06
3.002192,0.667170,2023-01-01T02:35:07
3.002192,0.667170,2023-01-01T02:35:08
3.002192,0.667170,2023-01-01T02:35:09
3.002192,0.667170,2023-01-01T02:35:10
3.002192,0.667170,2023-01-01T02:35:11
3.002192,0.667170,2023-01-01T02:35:12
3.002192,0.667170,2023-01-01T02:35:13
3.002192,0.667170,2023-01-01T02:35:14
3.002192,0.667170,2023-01-01T02:35:15
3.002192,0.667170,2023-01-01T02:35:16
3.002192,0.667170,2023-01-01T02:35:17
3.002192,0.667170,2023-01-01T02:35:18
3.002192,0.667170,2023-01-01T02:35:19
3.002192,0.667170,2023-01-01T02:35:20
3.002192,0.667170,2023-01-01T02:35:21
3.002192,0.667170,2023-01-01T02:35:22
3.002192,0.667170,2023-01-01T02:35:23
3.002192,0.667170,2023-01-01T02:35:24
3.002192,0.667170,2023-01-01T02:35:25
3.002192,0.667170,2023-01-01T02:35:26
3.113384,0.667170,2023-01-01T02:35:27
3.113384,0.667170,2023-01-01T02:35:28
3.113384,0.667170,2023-01-01T02:35:29
3.113384,0.667170,2023-01-01T02:35:30
3.113384,0.667170,2023-01-01T02:35:31
3.113384,0.667170,2023-01-01T02:35:32
3.113384,0.667170,2023-01-01T02:35:33
3.113384,0.667170,2023-01-01T02:35:34
3.113384,0.667170,2023-01-01T02:35:35
3.113384,0.667170,2023-01-01T02:35:36
3.113384,0.667170,2023-01-01T02:35:37
3.113384,0.667170,2023-01-01T02:35:38
3.113384,0.667170,2023-01-01T02:35:39
3.113384,0.667170,2023-01-01T02:35:40
3.113384,0.667170,2023-01-01T02:35:41
3.113384,0.667170,2023-01-01T02:35:42
3.113384,0.667170,2023-01-01T02:35:43
3.113384,0.667170,2023-01-01T02:35:44
3.113384,0.667170,2023-01-01T02:35:45
3.113384,0.667170,2023-01-01T02:35:46
3.113384,0.667170,2023-01-01T02:35:47
3.113384,0.667170,2023-01-01T02:35:48
3.113384,0.667170,2023-01-01T02:35:49
3.113384,0.667170,2023-01-01T02:35:50
3.113384,0.667170,2023-01-01T02:35:51
3.113384,0.667170,2023-01-01T02:35:52
3.113384,0.667170,2023-01-01T02:35:53
3.113384,0.667170,2023-01-01T02:35:54
3.113384,0.667170,2023-01-01T02:35:55
3.113384,0.667170,2023-01-01T02:35:56
3.113384,0.667170,2023-01-01T02:35:57
3.113384,0.667170,2023-01-01T02:35:58
3.113384,0.667170,2023-01-01T02:35:59
3.113384,0.667170,2023-01-01T02:36:00
3.113384,0.667170,2023-01-01T02:36:01
3.113384,0.667170,2023-01-01T02:36:02
3.113384,0.667170,2023-01-01T02:36:03
3.113384,0.667170,2023-01-01T02:36:04
3.113384,0.667170,2023-01-01T02:36:05
3.113384,0.667170,2023-01-01T02:36:06
3.113384,0.667170,2023-01-01T02:36:07
3.113384,0.667170,2023-01-01T02:36:08
3.113384,0.667170,2023-01-01T02:36:09
3.113384,0.667170,2023-01-01T02:36:10
3.113384,0.667170,2023-01-01T02:36:11
3.113384,0.667170,2023-01-01T02:36:12
3.113384,0.667170,2023-01-01T02:36:13
3.113384,0.667170,2023-01-01T02:36:14
3.113384,0.667170,2023-01-01T02:36:15
3.113384,0.667170,2023-01-01T02:36:16
3.113384,0.667170,2023-01-01T02:36:17
3.113384,0.667170,2023-01-01T02:36:18
3.113384,0.667170,2023-01-01T02:36:19
3.113384,0.667170,2023-01-01T02:36:20
3.113384,0.667170,2023-01-01T02:36:21
3.113384,0.667170,2023-01-01T02:36:22
3.113384,0.667170,2023-01-01T02:36:23
3.113384,0.667170,2023-01-01T02:36:24
3.113384,0.667170,2023-01-01T02:36:25
3.113384,0.667170,2023-01-01T02:36:26
3.113384,0.667170,2023-01-01T02:36:27
3.113384,0.667170,2023-01-01T02:36:28
3.113384,0.667170,2023-01-01T02:36:29
3.113384,0.667170,2023-01-01T02:36:30
3.113384,0.667170,2023-01-01T02:36:31
3.113384,0.667170,2023-01-01T02:36:32
3.113384,0.667170,2023-01-01T02:36:33
3.113384,0.667170,2023-01-01T02:36:34
3.113384,0.667170,2023-01-01T02:36:35
3.113384,0.667170,2023-01-01T02:36:36
3.113384,0.667170,2023-01-01T02:36:37
3.113384,0.667170,2023-01-01T02:36:38
3.113384,0.667170,2023-01-01T02:36:39
3.113384,0.667170,2023-01-01T02:36:40
3.113384,0.667170,2023-01-01T02:36:41
3.113384,0.667170,2023-01-01T02:36:42
3.113384,0.667170,2023-01-01T02:36:43
3.113384,0.667170,2023-01-01T02:36:44
3.113384,0.667170,2023-01-01T02:36:45
3.113384,0.667170,2023-01-01T02:36:46
3.113384,0.667170,2023-01-01T02:36:47
3.113384,0.667170,2023-01-01T02:36:48
3.113384,0.667170,2023-01-01T02:36:49
3.113384,0.667170,2023-01-01T02:36:50
3.113384,0.667170,2023-01-01T02:36:51
3.113384,0.667170,2023-01-01T02:36:52
3.113384,0.667170,2023-01-01T02:36:53
3.113384,0.667170,2023-01-01T02:36:54
3.113384,0.667170,2023-01-01T02:36:55
3.113384,0.667170,2023-01-01T02:36:56
3.113384,0.667170,2023-01-01T02:36:57
3.113384,0.667170,2023-01-01T02:36:58
3.113384,0.667170,2023-01-01T02:36:59
3.113384,0.667170,2023-01-01T02:37:00
3.113384,0.667170,2023-01-01T02:37:01
3.113384,0.667170,2023-01-01T02:37:02
3.113384,0.667170,2023-01-01T02:37:03
3.113384,0.667170,2023-01-01T02:37:04
3.113384,0.667170,2023-01-01T02:37:05
3.113384,0.667170,2023-01-01T02:37:06
3.113384,0.667170,2023-01-01T02:37:07
3.113384,0.667170,2023-01-01T02:37:08
3.113384,0.667170,2023-01-01T02:37:09
3.113384,0.667170,2023-01-01T02:37:10
3.113384,0.667170,2023-01-01T02:37:11
3.113384,0.667170,2023-01-01T02:37:12
3.113384,0.667170,2023-01-01T02:37:13
3.113384,0.667170,2023-01-01T02:37:14
3.113384,0.667170,2023-01-01T02:37:15
3.113384,0.667170,2023-01-01T02:37:16
3.113384,0.667170,2023-01-01T02:37:17
3.113384,0.667170,2023-01-01T02:37:18
3.113384,0.667170,2023-01-01T02:37:19
3.113384,0.667170,2023-01-01T02:37:20
3.113384,0.667170,2023-01-01T02:37:21
3.113384,0.667170,2023-01-01T02:37:22
3.113384,0.667170,2023-01-01T02:37:23
3.113384,0.667170,2023-01-01T02:37:24
3.113384,0.667170,2023-01-01T02:37:25
3.113384,0.667170,2023-01-01T02:37:26
3.113384,0.667170,2023-01-01T02:37:27
3.113384,0.667170,2023-01-01T02:37:28
3.113384,0.667170,2023-01-01T02:37:29
3.113384,0.667170,2023-01-01T02:37:30
3.113384,0.667170,2023-01-01T02:37:31
3.113384,0.667170,2023-01-01T02:37:32
3.113384,0.667170,2023-01-01T02:37:33
3.113384,0.667170,2023-01-01T02:37:34
3.113384,0.667170,2023-01-01T02:37:35
3.113384,0.667170,2023-01-01T02:37:36
3.113384,0.667170,2023-01-01T02:37:37
3.113384,0.667170,2023-01-01T02:37:38
3.113384,0.667170,2023-01-01T02:37:39
3.113384,0.667170,2023-01-01T02:37:40
3.113384,0.667170,2023-01-01T02:37:41
3.113384,0.667170,2023-01-01T02:37:42
3.113384,0.667170,2023-01-01T02:37:43
3.113384,0.667170,2023-01-01T02:37:44
3.113384,0.667170,2023-01-01T02:37:45
3.113384,0.667170,2023-01-01T02:37:46
3.113384,0.667170,2023-01-01T02:37:47
3.113384,0.667170,2023-01-01T02:37:48
3.113384,0.667170,2023-01-01T02:37:49
3.113384,0.667170,2023-01-01T02:37:50
3.113384,0.667170,2023-01-01T02:37:51
3.113384,0.667170,2023-01-01T02:37:52
3.113384,0.667170,2023-01-01T02:37:53
3.113384,0.667170,2023-01-01T02:37:54
3.113384,0.667170,2023-01-01T02:37:55
3.113384,0.667170,2023-01-01T02:37:56
3.113384,0.667170,2023-01-01T02:37:57
3.113384,0.667170,2023-01-01T02:37:58
3.113384,0.667170,2023-01-01T02:37:59
3.113384,0.667170,2023-01-01T02:38:00
3.113384,0.667170,2023-01-01T02:38:01
3.113384,0.667170,2023-01-01T02:38:02
3.224576,0.667170,2023-01-01T02:38:03
3.224576,0.667170,2023-01-01T02:38:04
3.224576,0.667170,2023-01-01T02:38:05
3.224576,0.667170,2023-01-01T02:38:06
3.224576,0.667170,2023-01-01T02:38:07
3.224576,0.667170,2023-01-01T02:38:08
3.224576,0.667170,2023-01-01T02:38:09
3.224576,0.667170,2023-01-01T02:38:10
3.224576,0.667170,2023-01-01T02:38:11
3.224576,0.667170,2023-01-01T02:38:12
3.224576,0.667170,2023-01-01T02:38:13
3.224576,0.667170,2023-01-01T02:38:14
3.224576,0.667170,2023-01-01T02:38:15
3.224576,0.667170,2023-01-01T02:38:16
3.224576,0.667170,2023-01-01T02:38:17
3.224576,0.667170,2023-01-01T02:38:18
3.224576,0.667170,2023-01-01T02:38:19
3.224576,0.667170,2023-01-01T02:38:20
3.224576,0.667170,2023-01-01T02:38:21
3.224576,0.667170,2023-01-01T02:38:22
3.224576,0.667170,2023-01-01T02:38:23
3.224576,0.667170,2023-01-01T02:38:24
3.224576,0.667170,2023-01-01T02:38:25
3.224576,0.667170,2023-01-01T02:38:26
3.224576,0.667170,2023-01-01T02:38:27
3.224576,0.667170,2023-01-01T02:38:28
3.224576,0.667170,2023-01-01T02:38:29
3.224576,0.667170,2023-01-01T02:38:30
3.224576,0.667170,2023-01-01T02:38:31
3.224576,0.667170,2023-01-01T02:38:32
3.224576,0.667170,2023-01-01T02:38:33
3.224576,0.667170,2023-01-01T02:38:34
3.224576,0.667170,2023-01-01T02:38:35
3.224576,0.667170,2023-01-01T02:38:36
3.224576,0.667170,2023-01-01T02:38:37
3.224576,0.667170,2023-01-01T02:38:38
3.224576,0.667170,2023-01-01T02:38:39
3.224576,0.667170,2023-01-01T02:38:40
3.224576,0.667170,2023-01-01T02:38:41
3.224576,0.667170,2023-01-01T02:38:42
3.224576,0.667170,2023-01-01T02:38:43
3.224576,0.667170,2023-01-01T02:38:44
3.224576,0.667170,2023-01-01T02:38:45
3.224576,0.667170,2023-01-01T02:38:46
3.224576,0.667170,2023-01-01T02:38:47
3.224576,0.667170,2023-01-01T02:38:48
3.224576,0.667170,2023-01-01T02:38:49
3.224576,0.667170,2023-01-01T02:38:50
3.224576,0.667170,2023-01-01T02:38:51
3.224576,0.667170,2023-01-01T02:38:52
3.224576,0.667170,2023-01-01T02:38:53
3.224576,0.667170,2023-01-01T02:38:54
3.224576,0.667170,2023-01-01T02:38:55
3.224576,0.667170,2023-01-01T02:38:56
3.224576,0.667170,2023-01-01T02:38:57
3.224576,0.667170,2023-01-01T02:38:58
3.224576,0.667170,2023-01-01T02:38:59
3.224576,0.667170,2023-01-01T02:39:00
3.224576,0.667170,2023-01-01T02:39:01
3.224576,0.667170,2023-01-01T02:39:02
3.224576,0.667170,2023-01-01T02:39:03
3.224576,0.667170,2023-01-01T02:39:04
3.224576,0.667170,2023-01-01T02:39:05
3.224576,0.667170,2023-01-01T02:39:06
3.224576,0.667170,2023-01-01T02:39:07
3.224576,0.667170,2023-01-01T02:39:08
3.224576,0.667170,2023-01-01T02:39:09
3.224576,0.667170,2023-01-01T02:39:10
3.224576,0.667170,2023-01-01T02:39:11
3.224576,0.667170,2023-01-01T02:39:12
3.224576,0.667170,2023-01-01T02:39:13
3.224576,0.667170,2023-01-01T02:39:14
3.224576,0.667170,2023-01-01T02:39:15
3.224576,0.667170,2023-01-01T02:39:16
3.224576,0.667170,2023-01-01T02:39:17
3.224576,0.667170,2023-01-01T02:39:18
3.224576,0.667170,2023-01-01T02:39:19
3.224576,0.667170,2023-01-01T02:39:20
3.224576,0.667170,2023-01-01T02:39:21
3.224576,0.667170,2023-01-01T02:39:22
3.224576,0.667170,2023-01-01T02:39:23
3.224576,0.667170,2023-01-01T02:39:24
3.224576,0.667170,2023-01-01T02:39:25
3.224576,0.667170,2023-01-01T02:39:26
3.224576,0.667170,2023-01-01T02:39:27
3.224576,0.667170,2023-01-01T02:39:28
3.224576,0.667170,2023-01-01T02:39:29
3.224576,0.667170,2023-01-01T02:39:30
3.224576,0.667170,2023-01-01T02:39:31
3.224576,0.667170,2023-01-01T02:39:32
3.224576,0.667170,2023-01-01T02:39:33
3.224576,0.667170,2023-01-01T02:39:34
3.224576,0.667170,2023-01-01T02:39:35
3.224576,0.667170,2023-01-01T02:39:36
3.224576,0.667170,2023-01-01T02:39:37
3.224576,0.667170,2023-01-01T02:39:38
3.224576,0.667170,2023-01-01T02:39:39
3.224576,0.667170,2023-01-01T02:39:40
3.224576,0.667170,2023-01-01T02:39:41
3.224576,0.667170,2023-01-01T02:39:42
3.224576,0.667170,2023-01-01T02:39:43
3.224576,0.667170,2023-01-01T02:39:44
3.224576,0.667170,2023-01-01T02:39:45
3.224576,0.667170,2023-01-01T02:39:46
3.224576,0.667170,2023-01-01T02:39:47
3.224576,0.667170,2023-01-01T02:39:48
3.224576,0.667170,2023-01-01T02:39:49
3.224576,0.667170,2023-01-01T02:39:50
3.224576,0.667170,2023-01-01T02:39:51
3.224576,0.667170,2023-01-01T02:39:52
3.224576,0.667170,2023-01-01T02:39:53
3.224576,0.667170,2023-01-01T02:39:54
3.224576,0.667170,2023-01-01T02:39:55
3.224576,0.667170,2023-01-01T02:39:56
3.224576,0.667170,2023-01-01T02:39:57
3.224576,0.667170,2023-01-01T02:39:58
3.224576,0.667170,2023-01-01T02:39:59
3.224576,0.667170,2023-01-01T02:40:00
3.224576,0.667170,2023-01-01T02:40:01
3.224576,0.667170,2023-01-01T02:40:02
3.224576,0.667170,2023-01-01T02:40:03
3.224576,0.667170,2023-01-01T02:40:04
3.224576,0.667170,2023-01-01T02:40:05
3.224576,0.667170,2023-01-01T02:40:06
3.224576,0.667170,2023-01-01T02:40:07
3.224576,0.667170,2023-01-01T02:40:08
3.224576,0.667170,2023-01-01T02:40:09
3.224576,0.667170,2023-01-01T02:40:10
3.224576,0.667170,2023-01-01T02:40:11
3.224576,0.667170,2023-01-01T02:40:12
3.224576,0.667170,2023-01-01T02:40:13
3.224576,0.667170,2023-01-01T02:40:14
3.224576,0.667170,2023-01-01T02:40:15
3.224576,0.667170,2023-01-01T02:40:16
3.224576,0.667170,2023-01-01T02:40:17
3.224576,0.667170,2023-01-01T02:40:18
3.224576,0.667170,2023-01-01T02:40:19
3.224576,0.667170,2023-01-01T02:40:20
3.224576,0.667170,2023-01-01T02:40:21
3.224576,0.667170,2023-01-01T02:40:22
3.224576,0.667170,2023-01-01T02:40:23
3.224576,0.667170,2023-01-01T02:40:24
3.224576,0.667170,2023-01-01T02:40:25
3.224576,0.667170,2023-01-01T02:40:26
3.224576,0.667170,2023-01-01T02:40:27
3.224576,0.667170,2023-01-01T02:40:28
3.224576,0.667170,2023-01-01T02:40:29
3.224576,0.667170,2023-01-01T02:40:30
3.224576,0.667170,2023-01-01T02:40:31
3.224576,0.667170,2023-01-01T02:40:32
3.224576,0.667170,2023-01-01T02:40:33
3.224576,0.667170,2023-01-01T02:40:34
3.224576,0.667170,2023-01-01T02:40:35
3.224576,0.667170,2023-01-01T02:40:36
3.224576,0.667170,2023-01-01T02:40:37
3.224576,0.667170,2023-01-01T02:40:38
3.224576,0.667170,2023-01-01T02:40:39
3.224576,0.667170,2023-01-01T02:40:40
3.224576,0.667170,2023-01-01T02:40:41
3.224576,0.667170,2023-01-01T02:40:42
3.224576,0.667170,2023-01-01T02:40:43
3.224576,0.667170,2023-01-01T02:40:44
3.224576,0.667170,2023-01-01T02:40:45
3.224576,0.667170,2023-01-01T02:40:46
3.224576,0.667170,2023-01-01T02:40:47
3.224576,0.667170,2023-01-01T02:40:48
3.224576,0.667170,2023-01-01T02:40:49
3.224576,0.667170,2023-01-01T02:40:50
3.224576,0.667170,2023-01-01T02:40:51
3.224576,0.667170,2023-01-01T02:40:52
3.224576,0.667170,2023-01-01T02:40:53
3.224576,0.667170,2023-01-01T02:40:54
3.224576,0.667170,2023-01-01T02:40:55
3.224576,0.667170,2023-01-01T02:40:56
3.224576,0.667170,2023-01-01T02:40:57
3.224576,0.667170,2023-01-01T02:40:58
3.224576,0.667170,2023-01-01T02:40:59
3.224576,0.667170,2023-01-01T02:41:00
3.224576,0.667170,2023-01-01T02:41:01
3.224576,0.667170,2023-01-01T02:41:02
3.224576,0.667170,2023-01-01T02:41:03
3.224576,0.667170,2023-01-01T02:41:04
3.224576,0.667170,2023-01-01T02:41:05
3.224576,0.667170,2023-01-01T02:41:06
3.224576,0.667170,2023-01-01T02:41:07
3.224576,0.667170,2023-01-01T02:41:08
3.224576,0.667170,2023-01-01T02:41:09
3.224576,0.667170,2023-01-01T02:41:10
3.224576,0.667170,2023-01-01T02:41:11
3.224576,0.667170,2023-01-01T02:41:12
3.224576,0.667170,2023-01-01T02:41:13
3.224576,0.667170,2023-01-01T02:41:14
3.224576,0.667170,2023-01-01T02:41:15
3.224576,0.667170,2023-01-01T02:41:16
3.224576,0.667170,2023-01-01T02:41:17
3.224576,0.667170,2023-01-01T02:41:18
3.224576,0.667170,2023-01-01T02:41:19
3.224576,0.667170,2023-01-01T02:41:20
3.224576,0.667170,2023-01-01T02:41:21
3.224576,0.667170,2023-01-01T02:41:22
3.224576,0.667170,2023-01-01T02:41:23
3.224576,0.667170,2023-01-01T02:41:24
3.224576,0.667170,2023-01-01T02:41:25
3.224576,0.667170,2023-01-01T02:41:26
3.224576,0.667170,2023-01-01T02:41:27
3.224576,0.667170,2023-01-01T02:41:28
3.224576,0.667170,2023-01-01T02:41:29
3.224576,0.667170,2023-01-01T02:41:30
3.224576,0.667170,2023-01-01T02:41:31
3.224576,0.667170,2023-01-01T02:41:32
3.224576,0.667170,2023-01-01T02:41:33
3.224576,0.667170,2023-01-01T02:41:34
3.224576,0.667170,2023-01-01T02:41:35
3.224576,0.667170,2023-01-01T02:41:36
3.224576,0.667170,2023-01-01T02:41:37
3.224576,0.667170,2023-01-01T02:41:38
3.224576,0.667170,2023-01-01T02:41:39
3.224576,0.667170,2023-01-01T02:41:40
3.224576,0.667170,2023-01-01T02:41:41
3.224576,0.667170,2023-01-01T02:41:42
3.224576,0.667170,2023-01-01T02:41:43
3.224576,0.667170,2023-01-01T02:41:44
3.224576,0.667170,2023-01-01T02:41:45
3.224576,0.667170,2023-01-01T02:41:46
3.224576,0.667170,2023-01-01T02:41:47
3.224576,0.667170,2023-01-01T02:41:48
3.224576,0.667170,2023-01-01T02:41:49
3.224576,0.667170,2023-01-01T02:41:50
3.224576,0.667170,2023-01-01T02:41:51
3.224576,0.667170,2023-01-01T02:41:52
3.224576,0.667170,2023-01-01T02:41:53
3.224576,0.667170,2023-01-01T02:41:54
3.224576,0.667170,2023-01-01T02:41:55
3.224576,0.667170,2023-01-01T02:41:56
3.224576,0.667170,2023-01-01T02:41:57
3.224576,0.667170,2023-01-01T02:41:58
3.224576,0.667170,2023-01-01T02:41:59
3.224576,0.667170,2023-01-01T02:42:00
3.224576,0.667170,2023-01-01T02:42:01
3.224576,0.667170,2023-01-01T02:42:02
3.224576,0.667170,2023-01-01T02:42:03
3.224576,0.667170,2023-01-01T02:42:04
3.224576,0.667170,2023-01-01T02:42:05
3.224576,0.667170,2023-01-01T02:42:06
3.224576,0.667170,2023-01-01T02:42:07
3.335769,0.667170,2023-01-01T02:42:08
3.335769,0.667170,2023-01-01T02:42:09
3.335769,0.667170,2023-01-01T02:42:10
3.335769,0.667170,2023-01-01T02:42:11
3.335769,0.667170,2023-01-01T02:42:12
3.335769,0.667170,2023-01-01T02:42:13
3.335769,0.667170,2023-01-01T02:42:14
3.335769,0.667170,2023-01-01T02:42:15
3.335769,0.555975,2023-01-01T02:42:16
3.335769,0.555975,2023-01-01T02:42:17
3.335769,0.555975,2023-01-01T02:42:18
3.335769,0.555975,2023-01-01T02:42:19
3.335769,0.555975,2023-01-01T02:42:20
3.335769,0.555975,2023-01-01T02:42:21
3.335769,0.555975,2023-01-01T02:42:22
3.335769,0.444780,2023-01-01T02:42:23
3.446961,0.444780,2023-01-01T02:42:24
3.446961,0.444780,2023-01-01T02:42:25
3.446961,0.444780,2023-01-01T02:42:26
3.446961,0.444780,2023-01-01T02:42:27
3.446961,0.444780,2023-01-01T02:42:28
3.446961,0.444780,2023-01-01T02:42:29
3.446961,0.444780,2023-01-01T02:42:30
3.446961,0.444780,2023-01-01T02:42:31
3.446961,0.444780,2023-01-01T02:42:32
3.446961,0.333585,2023-01-01T02:42:33
3.446961,0.333585,2023-01-01T02:42:34
3.446961,0.333585,2023-01-01T02:42:35
3.446961,0.333585,2023-01-01T02:42:36
3.446961,0.333585,2023-01-01T02:42:37
3.446961,0.333585,2023-01-01T02:42:38
3.446961,0.333585,2023-01-01T02:42:39
3.446961,0.333585,2023-01-01T02:42:40
3.446961,0.333585,2023-01-01T02:42:41
3.446961,0.333585,2023-01-01T02:42:42
3.446961,0.333585,2023-01-01T02:42:43
3.446961,0.333585,2023-01-01T02:42:44
3.446961,0.333585,2023-01-01T02:42:45
3.446961,0.333585,2023-01-01T02:42:46
3.446961,0.333585,2023-01-01T02:42:47
3.446961,0.333585,2023-01-01T02:42:48
3.446961,0.333585,2023-01-01T02:42:49
3.446961,0.333585,2023-01-01T02:42:50
3.446961,0.333585,2023-01-01T02:42:51
3.446961,0.333585,2023-01-01T02:42:52
3.446961,0.333585,2023-01-01T02:42:53
3.446961,0.333585,2023-01-01T02:42:54
3.446961,0.333585,2023-01-01T02:42:55
3.446961,0.333585,2023-01-01T02:42:56
3.446961,0.333585,2023-01-01T02:42:57
3.446961,0.333585,2023-01-01T02:42:58
3.446961,0.333585,2023-01-01T02:42:59
3.558153,0.333585,2023-01-01T02:43:00
3.558153,0.333585,2023-01-01T02:43:01
3.446961,0.333585,2023-01-01T02:43:02
3.446961,0.333585,2023-01-01T02:43:03
3.446961,0.333585,2023-01-01T02:43:04
3.446961,0.333585,2023-01-01T02:43:05
3.446961,0.333585,2023-01-01T02:43:06
3.446961,0.333585,2023-01-01T02:43:07
3.446961,0.333585,2023-01-01T02:43:08
3.446961,0.333585,2023-01-01T02:43:09
3.446961,0.333585,2023-01-01T02:43:10
3.446961,0.444780,2023-01-01T02:43:11
3.446961,0.444780,2023-01-01T02:43:12
3.446961,0.444780,2023-01-01T02:43:13
3.446961,0.444780,2023-01-01T02:43:14
3.446961,0.444780,2023-01-01T02:43:15
3.446961,0.444780,2023-01-01T02:43:16
3.446961,0.444780,2023-01-01T02:43:17
3.446961,0.444780,2023-01-01T02:43:18
3.446961,0.444780,2023-01-01T02:43:19
3.446961,0.444780,2023-01-01T02:43:20
3.446961,0.444780,2023-01-01T02:43:21
3.446961,0.444780,2023-01-01T02:43:22
3.446961,0.444780,2023-01-01T02:43:23
3.446961,0.444780,2023-01-01T02:43:24
3.446961,0.444780,2023-01-01T02:43:25
3.446961,0.444780,2023-01-01T02:43:26
3.446961,0.444780,2023-01-01T02:43:27
3.446961,0.444780,2023-01-01T02:43:28
3.446961,0.444780,2023-01-01T02:43:29
3.446961,0.444780,2023-01-01T02:43:30
3.446961,0.444780,2023-01-01T02:43:31
3.446961,0.444780,2023-01-01T02:43:32
3.446961,0.444780,2023-01-01T02:43:33
3.446961,0.444780,2023-01-01T02:43:34
3.446961,0.444780,2023-01-01T02:43:35
3.446961,0.444780,2023-01-01T02:43:36
3.446961,0.444780,2023-01-01T02:43:37
3.446961,0.444780,2023-01-01T02:43:38
3.446961,0.444780,2023-01-01T02:43:39
3.446961,0.444780,2023-01-01T02:43:40
3.446961,0.444780,2023-01-01T02:43:41
3.446961,0.444780,2023-01-01T02:43:42
3.446961,0.444780,2023-01-01T02:43:43
3.446961,0.444780,2023-01-01T02:43:44
3.558153,0.444780,2023-01-01T02:43:45
3.558153,0.444780,2023-01-01T02:43:46
3.558153,0.444780,2023-01-01T02:43:47
3.558153,0.444780,2023-01-01T02:43:48
3.558153,0.444780,2023-01-01T02:43:49
3.558153,0.444780,2023-01-01T02:43:50
3.558153,0.444780,2023-01-01T02:43:51
3.558153,0.444780,2023-01-01T02:43:52
3.558153,0.444780,2023-01-01T02:43:53
3.558153,0.555975,2023-01-01T02:43:54
3.558153,0.555975,2023-01-01T02:43:55
3.558153,0.555975,2023-01-01T02:43:56
3.558153,0.555975,2023-01-01T02:43:57
3.558153,0.555975,2023-01-01T02:43:58
3.558153,0.555975,2023-01-01T02:43:59
3.558153,0.555975,2023-01-01T02:44:00
3.558153,0.555975,2023-01-01T02:44:01
3.558153,0.555975,2023-01-01T02:44:02
3.558153,0.555975,2023-01-01T02:44:03
3.558153,0.555975,2023-01-01T02:44:04
3.558153,0.555975,2023-01-01T02:44:05
3.558153,0.555975,2023-01-01T02:44:06
3.446961,0.555975,2023-01-01T02:44:07
3.446961,0.555975,2023-01-01T02:44:08
3.446961,0.555975,2023-01-01T02:44:09
3.446961,0.555975,2023-01-01T02:44:10
3.446961,0.555975,2023-01-01T02:44:11
3.446961,0.555975,2023-01-01T02:44:12
3.446961,0.555975,2023-01-01T02:44:13
3.446961,0.555975,2023-01-01T02:44:14
3.446961,0.555975,2023-01-01T02:44:15
3.446961,0.555975,2023-01-01T02:44:16
3.446961,0.555975,2023-01-01T02:44:17
3.446961,0.555975,2023-01-01T02:44:18
3.446961,0.555975,2023-01-01T02:44:19
3.446961,0.555975,2023-01-01T02:44:20
3.446961,0.555975,2023-01-01T02:44:21
3.446961,0.555975,2023-01-01T02:44:22
3.446961,0.555975,2023-01-01T02:44:23
3.446961,0.555975,2023-01-01T02:44:24
3.446961,0.555975,2023-01-01T02:44:25
3.446961,0.555975,2023-01-01T02:44:26
3.446961,0.555975,2023-01-01T02:44:27
3.446961,0.555975,2023-01-01T02:44:28
3.446961,0.555975,2023-01-01T02:44:29
3.446961,0.555975,2023-01-01T02:44:30
3.446961,0.555975,2023-01-01T02:44:31
3.446961,0.555975,2023-01-01T02:44:32
3.446961,0.555975,2023-01-01T02:44:33
3.446961,0.555975,2023-01-01T02:44:34
3.446961,0.555975,2023-01-01T02:44:35
3.446961,0.555975,2023-01-01T02:44:36
3.446961,0.555975,2023-01-01T02:44:37
3.446961,0.555975,2023-01-01T02:44:38
3.446961,0.555975,2023-01-01T02:44:39
3.446961,0.555975,2023-01-01T02:44:40
3.446961,0.555975,2023-01-01T02:44:41
3.446961,0.555975,2023-01-01T02:44:42
3.446961,0.555975,2023-01-01T02:44:43
3.446961,0.555975,2023-01-01T02:44:44
3.446961,0.555975,2023-01-01T02:44:45
3.446961,0.555975,2023-01-01T02:44:46
3.446961,0.555975,2023-01-01T02:44:47
3.446961,0.555975,2023-01-01T02:44:48
3.446961,0.555975,2023-01-01T02:44:49
3.446961,0.555975,2023-01-01T02:44:50
3.446961,0.555975,2023-01-01T02:44:51
3.446961,0.555975,2023-01-01T02:44:52
3.446961,0.555975,2023-01-01T02:44:53
3.446961,0.555975,2023-01-01T02:44:54
3.446961,0.555975,2023-01-01T02:44:55
3.446961,0.555975,2023-01-01T02:44:56
3.446961,0.555975,2023-01-01T02:44:57
3.446961,0.555975,2023-01-01T02:44:58
3.446961,0.555975,2023-01-01T02:44:59
3.446961,0.555975,2023-01-01T02:45:00
3.446961,0.555975,2023-01-01T02:45:01
3.446961,0.555975,2023-01-01T02:45:02
3.446961,0.555975,2023-01-01T02:45:03
3.446961,0.555975,2023-01-01T02:45:04
3.446961,0.555975,2023-01-01T02:45:05
3.446961,0.555975,2023-01-01T02:45:06
3.446961,0.555975,2023-01-01T02:45:07
3.446961,0.555975,2023-01-01T02:45:08
3.446961,0.555975,2023-01-01T02:45:09
3.446961,0.555975,2023-01-01T02:45:10
3.446961,0.555975,2023-01-01T02:45:11
3.446961,0.555975,2023-01-01T02:45:12
3.446961,0.555975,2023-01-01T02:45:13
3.446961,0.555975,2023-01-01T02:45:14
3.446961,0.555975,2023-01-01T02:45:15
3.446961,0.555975,2023-01-01T02:45:16
3.446961,0.555975,2023-01-01T02:45:17
3.446961,0.555975,2023-01-01T02:45:18
3.446961,0.555975,2023-01-01T02:45:19
3.446961,0.555975,2023-01-01T02:45:20
3.446961,0.555975,2023-01-01T02:45:21
3.446961,0.555975,2023-01-01T02:45:22
3.446961,0.555975,2023-01-01T02:45:23
3.446961,0.555975,2023-01-01T02:45:24
3.446961,0.555975,2023-01-01T02:45:25
3.446961,0.555975,2023-01-01T02:45:26
3.446961,0.555975,2023-01-01T02:45:27
3.446961,0.555975,2023-01-01T02:45:28
3.446961,0.555975,2023-01-01T02:45:29
3.446961,0.555975,2023-01-01T02:45:30
3.446961,0.555975,2023-01-01T02:45:31
3.446961,0.555975,2023-01-01T02:45:32
3.446961,0.667170,2023-01-01T02:45:33
3.446961,0.667170,2023-01-01T02:45:34
3.446961,0.667170,2023-01-01T02:45:35
3.446961,0.667170,2023-01-01T02:45:36
3.446961,0.667170,2023-01-01T02:45:37
3.446961,0.667170,2023-01-01T02:45:38
3.446961,0.667170,2023-01-01T02:45:39
3.446961,0.667170,2023-01-01T02:45:40
3.446961,0.667170,2023-01-01T02:45:41
3.446961,0.667170,2023-01-01T02:45:42
3.446961,0.667170,2023-01-01T02:45:43
3.446961,0.667170,2023-01-01T02:45:44
3.335769,0.667170,2023-01-01T02:45:45
3.335769,0.778364,2023-01-01T02:45:46
3.335769,0.778364,2023-01-01T02:45:47
3.335769,0.778364,2023-01-01T02:45:48
3.335769,0.778364,2023-01-01T02:45:49
3.335769,0.778364,2023-01-01T02:45:50
3.335769,0.778364,2023-01-01T02:45:51
3.335769,0.778364,2023-01-01T02:45:52
3.335769,0.778364,2023-01-01T02:45:53
3.335769,0.778364,2023-01-01T02:45:54
3.335769,0.778364,2023-01-01T02:45:55
3.335769,0.778364,2023-01-01T02:45:56
3.335769,0.778364,2023-01-01T02:45:57
3.335769,0.889559,2023-01-01T02:45:58
3.335769,0.889559,2023-01-01T02:45:59
3.335769,0.889559,2023-01-01T02:46:00
3.335769,0.889559,2023-01-01T02:46:01
3.335769,0.889559,2023-01-01T02:46:02
3.335769,0.889559,2023-01-01T02:46:03
3.335769,0.889559,2023-01-01T02:46:04
3.335769,0.889559,2023-01-01T02:46:05
3.335769,0.889559,2023-01-01T02:46:06
3.335769,0.889559,2023-01-01T02:46:07
3.335769,0.889559,2023-01-01T02:46:08
3.335769,0.889559,2023-01-01T02:46:09
3.224576,0.889559,2023-01-01T02:46:10
3.224576,0.889559,2023-01-01T02:46:11
3.224576,0.889559,2023-01-01T02:46:12
3.224576,0.889559,2023-01-01T02:46:13
3.224576,0.889559,2023-01-01T02:46:14
3.224576,0.889559,2023-01-01T02:46:15
3.224576,0.889559,2023-01-01T02:46:16
3.224576,0.889559,2023-01-01T02:46:17
3.224576,1.000754,2023-01-01T02:46:18
3.224576,1.000754,2023-01-01T02:46:19
3.224576,1.000754,2023-01-01T02:46:20
3.224576,1.000754,2023-01-01T02:46:21
3.224576,1.000754,2023-01-01T02:46:22
3.224576,1.000754,2023-01-01T02:46:23
3.224576,1.000754,2023-01-01T02:46:24
3.224576,1.000754,2023-01-01T02:46:25
3.224576,1.000754,2023-01-01T02:46:26
3.224576,1.000754,2023-01-01T02:46:27
3.224576,1.000754,2023-01-01T02:46:28
3.224576,1.000754,2023-01-01T02:46:29
3.224576,1.000754,2023-01-01T02:46:30
3.224576,1.000754,2023-01-01T02:46:31
3.224576,1.000754,2023-01-01T02:46:32
3.224576,1.000754,2023-01-01T02:46:33
3.224576,1.000754,2023-01-01T02:46:34
3.224576,1.000754,2023-01-01T02:46:35
3.224576,1.000754,2023-01-01T02:46:36
3.224576,1.000754,2023-01-01T02:46:37
3.224576,1.000754,2023-01-01T02:46:38
3.224576,1.000754,2023-01-01T02:46:39
3.224576,1.000754,2023-01-01T02:46:40
3.224576,1.000754,2023-01-01T02:46:41
3.224576,1.000754,2023-01-01T02:46:42
3.224576,0.889559,2023-01-01T02:46:43
3.224576,0.889559,2023-01-01T02:46:44
3.224576,0.889559,2023-01-01T02:46:45
3.224576,0.889559,2023-01-01T02:46:46
3.224576,0.889559,2023-01-01T02:46:47
3.224576,0.889559,2023-01-01T02:46:48
3.224576,0.889559,2023-01-01T02:46:49
3.224576,0.889559,2023-01-01T02:46:50
3.224576,0.889559,2023-01-01T02:46:51
3.224576,0.889559,2023-01-01T02:46:52
3.224576,0.889559,2023-01-01T02:46:53
3.224576,0.889559,2023-01-01T02:46:54
3.224576,0.889559,2023-01-01T02:46:55
3.224576,0.889559,2023-01-01T02:46:56
3.224576,0.889559,2023-01-01T02:46:57
3.224576,0.889559,2023-01-01T02:46:58
3.224576,0.889559,2023-01-01T02:46:59
3.224576,0.889559,2023-01-01T02:47:00
3.224576,0.889559,2023-01-01T02:47:01
3.224576,0.889559,2023-01-01T02:47:02
3.224576,0.889559,2023-01-01T02:47:03
3.224576,0.889559,2023-01-01T02:47:04
3.224576,0.889559,2023-01-01T02:47:05
3.224576,0.889559,2023-01-01T02:47:06
3.224576,0.889559,2023-01-01T02:47:07
3.224576,0.889559,2023-01-01T02:47:08
3.224576,0.889559,2023-01-01T02:47:09
3.224576,0.889559,2023-01-01T02:47:10
3.224576,0.889559,2023-01-01T02:47:11
3.224576,0.889559,2023-01-01T02:47:12
3.224576,0.889559,2023-01-01T02:47:13
3.224576,0.889559,2023-01-01T02:47:14
3.335769,0.889559,2023-01-01T02:47:15
3.335769,0.889559,2023-01-01T02:47:16
3.335769,0.889559,2023-01-01T02:47:17
3.335769,0.889559,2023-01-01T02:47:18
3.335769,0.889559,2023-01-01T02:47:19
3.335769,0.889559,2023-01-01T02:47:20
3.335769,0.889559,2023-01-01T02:47:21
3.335769,0.778364,2023-01-01T02:47:22
3.335769,0.778364,2023-01-01T02:47:23
3.335769,0.778364,2023-01-01T02:47:24
3.335769,0.778364,2023-01-01T02:47:25
3.335769,0.778364,2023-01-01T02:47:26
3.335769,0.778364,2023-01-01T02:47:27
3.335769,0.778364,2023-01-01T02:47:28
3.335769,0.778364,2023-01-01T02:47:29
3.335769,0.778364,2023-01-01T02:47:30
3.335769,0.778364,2023-01-01T02:47:31
3.335769,0.778364,2023-01-01T02:47:32
3.335769,0.778364,2023-01-01T02:47:33
3.335769,0.778364,2023-01-01T02:47:34
3.335769,0.778364,2023-01-01T02:47:35
3.335769,0.778364,2023-01-01T02:47:36
3.335769,0.778364,2023-01-01T02:47:37
3.335769,0.778364,2023-01-01T02:47:38
3.335769,0.778364,2023-01-01T02:47:39
3.335769,0.778364,2023-01-01T02:47:40
3.335769,0.778364,2023-01-01T02:47:41
3.335769,0.778364,2023-01-01T02:47:42
3.335769,0.778364,2023-01-01T02:47:43
3.335769,0.778364,2023-01-01T02:47:44
3.335769,0.778364,2023-01-01T02:47:45
3.335769,0.778364,2023-01-01T02:47:46
3.335769,0.778364,2023-01-01T02:47:47
3.335769,0.778364,2023-01-01T02:47:48
3.335769,0.778364,2023-01-01T02:47:49
3.335769,0.778364,2023-01-01T02:47:50
3.335769,0.778364,2023-01-01T02:47:51
3.335769,0.778364,2023-01-01T02:47:52
3.335769,0.778364,2023-01-01T02:47:53
3.335769,0.778364,2023-01-01T02:47:54
3.335769,0.778364,2023-01-01T02:47:55
3.335769,0.778364,2023-01-01T02:47:56
3.335769,0.778364,2023-01-01T02:47:57
3.335769,0.778364,2023-01-01T02:47:58
3.335769,0.778364,2023-01-01T02:47:59
3.335769,0.778364,2023-01-01T02:48:00
3.335769,0.778364,2023-01-01T02:48:01
3.335769,0.778364,2023-01-01T02:48:02
3.335769,0.778364,2023-01-01T02:48:03
3.335769,0.778364,2023-01-01T02:48:04
3.335769,0.778364,2023-01-01T02:48:05
3.335769,0.778364,2023-01-01T02:48:06
3.335769,0.778364,2023-01-01T02:48:07
3.335769,0.778364,2023-01-01T02:48:08
3.335769,0.778364,2023-01-01T02:48:09
3.335769,0.778364,2023-01-01T02:48:10
3.335769,0.778364,2023-01-01T02:48:11
3.335769,0.778364,2023-01-01T02:48:12
3.335769,0.778364,2023-01-01T02:48:13
3.335769,0.778364,2023-01-01T02:48:14
3.335769,0.778364,2023-01-01T02:48:15
3.335769,0.778364,2023-01-01T02:48:16
3.335769,0.778364,2023-01-01T02:48:17
3.335769,0.778364,2023-01-01T02:48:18
3.335769,0.778364,2023-01-01T02:48:19
3.335769,0.778364,2023-01-01T02:48:20
3.335769,0.778364,2023-01-01T02:48:21
3.335769,0.778364,2023-01-01T02:48:22
3.335769,0.778364,2023-01-01T02:48:23
3.335769,0.778364,2023-01-01T02:48:24
3.335769,0.778364,2023-01-01T02:48:25
3.335769,0.778364,2023-01-01T02:48:26
3.335769,0.778364,2023-01-01T02:48:27
3.335769,0.778364,2023-01-01T02:48:28
3.335769,0.778364,2023-01-01T02:48:29
3.335769,0.778364,2023-01-01T02:48:30
3.335769,0.778364,2023-01-01T02:48:31
3.335769,0.778364,2023-01-01T02:48:32
3.335769,0.778364,2023-01-01T02:48:33
3.335769,0.778364,2023-01-01T02:48:34
3.335769,0.778364,2023-01-01T02:48:35
3.335769,0.778364,2023-01-01T02:48:36
3.335769,0.778364,2023-01-01T02:48:37
3.335769,0.778364,2023-01-01T02:48:38
3.335769,0.778364,2023-01-01T02:48:39
3.335769,0.778364,2023-01-01T02:48:40
3.335769,0.778364,2023-01-01T02:48:41
3.335769,0.778364,2023-01-01T02:48:42
3.335769,0.778364,2023-01-01T02:48:43
3.335769,0.778364,2023-01-01T02:48:44
3.335769,0.778364,2023-01-01T02:48:45
3.335769,0.778364,2023-01-01T02:48:46
3.335769,0.778364,2023-01-01T02:48:47
3.335769,0.778364,2023-01-01T02:48:48
3.335769,0.778364,2023-01-01T02:48:49
3.335769,0.778364,2023-01-01T02:48:50
3.335769,0.778364,2023-01-01T02:48:51
3.335769,0.778364,2023-01-01T02:48:52
3.335769,0.778364,2023-01-01T02:48:53
3.335769,0.778364,2023-01-01T02:48:54
3.335769,0.778364,2023-01-01T02:48:55
3.335769,0.778364,2023-01-01T02:48:56
3.335769,0.778364,2023-01-01T02:48:57
3.335769,0.778364,2023-01-01T02:48:58
3.335769,0.778364,2023-01-01T02:48:59
3.335769,0.778364,2023-01-01T02:49:00
3.335769,0.778364,2023-01-01T02:49:01
3.335769,0.778364,2023-01-01T02:49:02
3.335769,0.778364,2023-01-01T02:49:03
3.335769,0.778364,2023-01-01T02:49:04
3.335769,0.778364,2023-01-01T02:49:05
3.335769,0.778364,2023-01-01T02:49:06
3.335769,0.778364,2023-01-01T02:49:07
3.335769,0.778364,2023-01-01T02:49:08
3.335769,0.778364,2023-01-01T02:49:09
3.335769,0.778364,2023-01-01T02:49:10
3.335769,0.778364,2023-01-01T02:49:11
3.335769,0.778364,2023-01-01T02:49:12
3.335769,0.778364,2023-01-01T02:49:13
3.335769,0.778364,2023-01-01T02:49:14
3.335769,0.778364,2023-01-01T02:49:15
3.335769,0.778364,2023-01-01T02:49:16
3.335769,0.778364,2023-01-01T02:49:17
3.335769,0.778364,2023-01-01T02:49:18
3.335769,0.778364,2023-01-01T02:49:19
3.335769,0.778364,2023-01-01T02:49:20
3.335769,0.778364,2023-01-01T02:49:21
3.335769,0.778364,2023-01-01T02:49:22
3.335769,0.778364,2023-01-01T02:49:23
3.335769,0.778364,2023-01-01T02:49:24
3.335769,0.778364,2023-01-01T02:49:25
3.335769,0.778364,2023-01-01T02:49:26
3.335769,0.778364,2023-01-01T02:49:27
3.335769,0.778364,2023-01-01T02:49:28
3.335769,0.778364,2023-01-01T02:49:29
3.335769,0.778364,2023-01-01T02:49:30
3.335769,0.778364,2023-01-01T02:49:31
3.335769,0.778364,2023-01-01T02:49:32
3.335769,0.778364,2023-01-01T02:49:33
3.335769,0.778364,2023-01-01T02:49:34
3.335769,0.778364,2023-01-01T02:49:35
3.335769,0.778364,2023-01-01T02:49:36
3.335769,0.778364,2023-01-01T02:49:37
3.335769,0.778364,2023-01-01T02:49:38
3.335769,0.778364,2023-01-01T02:49:39
3.335769,0.778364,2023-01-01T02:49:40
3.335769,0.778364,2023-01-01T02:49:41
3.335769,0.778364,2023-01-01T02:49:42
3.335769,0.778364,2023-01-01T02:49:43
3.335769,0.778364,2023-01-01T02:49:44
3.335769,0.778364,2023-01-01T02:49:45
3.335769,0.778364,2023-01-01T02:49:46
3.335769,0.778364,2023-01-01T02:49:47
3.335769,0.778364,2023-01-01T02:49:48
3.335769,0.778364,2023-01-01T02:49:49
3.335769,0.778364,2023-01-01T02:49:50
3.335769,0.778364,2023-01-01T02:49:51
3.335769,0.778364,2023-01-01T02:49:52
3.335769,0.778364,2023-01-01T02:49:53
3.335769,0.778364,2023-01-01T02:49:54
3.335769,0.778364,2023-01-01T02:49:55
3.335769,0.778364,2023-01-01T02:49:56
3.335769,0.778364,2023-01-01T02:49:57
3.335769,0.778364,2023-01-01T02:49:58
3.335769,0.778364,2023-01-01T02:49:59
3.335769,0.778364,2023-01-01T02:50:00
3.335769,0.778364,2023-01-01T02:50:01
3.335769,0.778364,2023-01-01T02:50:02
3.335769,0.778364,2023-01-01T02:50:03
3.335769,0.778364,2023-01-01T02:50:04
3.335769,0.778364,2023-01-01T02:50:05
3.335769,0.778364,2023-01-01T02:50:06
3.335769,0.778364,2023-01-01T02:50:07
3.335769,0.778364,2023-01-01T02:50:08
3.335769,0.778364,2023-01-01T02:50:09
3.335769,0.778364,2023-01-01T02:50:10
3.335769,0.778364,2023-01-01T02:50:11
3.335769,0.778364,2023-01-01T02:50:12
3.335769,0.778364,2023-01-01T02:50:13
3.335769,0.778364,2023-01-01T02:50:14
3.335769,0.778364,2023-01-01T02:50:15
3.335769,0.778364,2023-01-01T02:50:16
3.335769,0.778364,2023-01-01T02:50:17
3.335769,0.778364,2023-01-01T02:50:18
3.335769,0.778364,2023-01-01T02:50:19
3.335769,0.778364,2023-01-01T02:50:20
3.335769,0.778364,2023-01-01T02:50:21
3.335769,0.778364,2023-01-01T02:50:22
3.335769,0.778364,2023-01-01T02:50:23
3.335769,0.778364,2023-01-01T02:50:24
3.335769,0.778364,2023-01-01T02:50:25
3.335769,0.778364,2023-01-01T02:50:26
3.335769,0.778364,2023-01-01T02:50:27
3.335769,0.778364,2023-01-01T02:50:28
3.335769,0.778364,2023-01-01T02:50:29
3.335769,0.778364,2023-01-01T02:50:30
3.335769,0.778364,2023-01-01T02:50:31
3.335769,0.778364,2023-01-01T02:50:32
3.335769,0.778364,2023-01-01T02:50:33
3.335769,0.778364,2023-01-01T02:50:34
3.335769,0.778364,2023-01-01T02:50:35
3.335769,0.778364,2023-01-01T02:50:36
3.335769,0.778364,2023-01-01T02:50:37
3.335769,0.778364,2023-01-01T02:50:38
3.335769,0.778364,2023-01-01T02:50:39
3.335769,0.778364,2023-01-01T02:50:40
3.335769,0.778364,2023-01-01T02:50:41
3.335769,0.778364,2023-01-01T02:50:42
3.335769,0.778364,2023-01-01T02:50:43
3.335769,0.778364,2023-01-01T02:50:44
3.335769,0.778364,2023-01-01T02:50:45
3.335769,0.778364,2023-01-01T02:50:46
3.335769,0.778364,2023-01-01T02:50:47
3.335769,0.778364,2023-01-01T02:50:48
3.335769,0.778364,2023-01-01T02:50:49
3.335769,0.778364,2023-01-01T02:50:50
3.335769,0.778364,2023-01-01T02:50:51
3.335769,0.778364,2023-01-01T02:50:52
3.335769,0.778364,2023-01-01T02:50:53
3.335769,0.778364,2023-01-01T02:50:54
3.335769,0.778364,2023-01-01T02:50:55
3.335769,0.778364,2023-01-01T02:50:56
3.335769,0.778364,2023-01-01T02:50:57
3.335769,0.778364,2023-01-01T02:50:58
3.335769,0.778364,2023-01-01T02:50:59
3.335769,0.778364,2023-01-01T02:51:00
3.335769,0.778364,2023-01-01T02:51:01
3.335769,0.778364,2023-01-01T02:51:02
3.335769,0.778364,2023-01-01T02:51:03
3.335769,0.778364,2023-01-01T02:51:04
3.335769,0.778364,2023-01-01T02:51:05
3.335769,0.778364,2023-01-01T02:51:06
3.335769,0.778364,2023-01-01T02:51:07
3.335769,0.778364,2023-01-01T02:51:08
3.335769,0.778364,2023-01-01T02:51:09
3.335769,0.778364,2023-01-01T02:51:10
3.335769,0.778364,2023-01-01T02:51:11
3.335769,0.778364,2023-01-01T02:51:12
3.335769,0.778364,2023-01-01T02:51:13
3.335769,0.778364,2023-01-01T02:51:14
3.335769,0.778364,2023-01-01T02:51:15
3.335769,0.778364,2023-01-01T02:51:16
3.335769,0.778364,2023-01-01T02:51:17
3.335769,0.778364,2023-01-01T02:51:18
3.335769,0.778364,2023-01-01T02:51:19
3.335769,0.778364,2023-01-01T02:51:20
3.335769,0.778364,2023-01-01T02:51:21
3.335769,0.778364,2023-01-01T02:51:22
3.335769,0.778364,2023-01-01T02:51:23
3.335769,0.778364,2023-01-01T02:51:24
3.335769,0.778364,2023-01-01T02:51:25
3.335769,0.778364,2023-01-01T02:51:26
3.335769,0.778364,2023-01-01T02:51:27
3.335769,0.778364,2023-01-01T02:51:28
3.335769,0.778364,2023-01-01T02:51:29
3.335769,0.778364,2023-01-01T02:51:30
3.335769,0.778364,2023-01-01T02:51:31
3.335769,0.778364,2023-01-01T02:51:32
3.335769,0.778364,2023-01-01T02:51:33
3.335769,0.778364,2023-01-01T02:51:34
3.335769,0.778364,2023-01-01T02:51:35
3.335769,0.778364,2023-01-01T02:51:36
3.335769,0.778364,2023-01-01T02:51:37
3.335769,0.778364,2023-01-01T02:51:38
3.335769,0.778364,2023-01-01T02:51:39
3.335769,0.778364,2023-01-01T02:51:40
3.335769,0.778364,2023-01-01T02:51:41
3.335769,0.778364,2023-01-01T02:51:42
3.335769,0.778364,2023-01-01T02:51:43
3.335769,0.778364,2023-01-01T02:51:44
3.335769,0.778364,2023-01-01T02:51:45
3.335769,0.778364,2023-01-01T02:51:46
3.335769,0.778364,2023-01-01T02:51:47
3.335769,0.778364,2023-01-01T02:51:48
3.335769,0.778364,2023-01-01T02:51:49
3.335769,0.778364,2023-01-01T02:51:50
3.335769,0.778364,2023-01-01T02:51:51
3.335769,0.778364,2023-01-01T02:51:52
3.335769,0.778364,2023-01-01T02:51:53
3.335769,0.778364,2023-01-01T02:51:54
3.335769,0.778364,2023-01-01T02:51:55
3.335769,0.778364,2023-01-01T02:51:56
3.335769,0.778364,2023-01-01T02:51:57
3.335769,0.778364,2023-01-01T02:51:58
3.335769,0.778364,2023-01-01T02:51:59
3.335769,0.778364,2023-01-01T02:52:00
3.335769,0.778364,2023-01-01T02:52:01
3.335769,0.778364,2023-01-01T02:52:02
3.335769,0.778364,2023-01-01T02:52:03
3.335769,0.778364,2023-01-01T02:52:04
3.335769,0.778364,2023-01-01T02:52:05
3.335769,0.778364,2023-01-01T02:52:06
3.335769,0.778364,2023-01-01T02:52:07
3.335769,0.778364,2023-01-01T02:52:08
3.335769,0.778364,2023-01-01T02:52:09
3.335769,0.778364,2023-01-01T02:52:10
3.335769,0.778364,2023-01-01T02:52:11
3.335769,0.778364,2023-01-01T02:52:12
3.335769,0.778364,2023-01-01T02:52:13
3.335769,0.778364,2023-01-01T02:52:14
3.335769,0.778364,2023-01-01T02:52:15
3.335769,0.778364,2023-01-01T02:52:16
3.335769,0.778364,2023-01-01T02:52:17
3.335769,0.778364,2023-01-01T02:52:18
3.335769,0.778364,2023-01-01T02:52:19
3.335769,0.778364,2023-01-01T02:52:20
3.335769,0.778364,2023-01-01T02:52:21
3.335769,0.778364,2023-01-01T02:52:22
3.335769,0.778364,2023-01-01T02:52:23
3.335769,0.778364,2023-01-01T02:52:24
3.335769,0.778364,2023-01-01T02:52:25
3.335769,0.778364,2023-01-01T02:52:26
3.335769,0.778364,2023-01-01T02:52:27
3.335769,0.778364,2023-01-01T02:52:28
3.335769,0.778364,2023-01-01T02:52:29
3.335769,0.778364,2023-01-01T02:52:30
3.335769,0.778364,2023-01-01T02:52:31
3.335769,0.778364,2023-01-01T02:52:32
3.335769,0.778364,2023-01-01T02:52:33
3.335769,0.778364,2023-01-01T02:52:34
3.335769,0.778364,2023-01-01T02:52:35
3.335769,0.778364,2023-01-01T02:52:36
3.335769,0.778364,2023-01-01T02:52:37
3.335769,0.778364,2023-01-01T02:52:38
3.335769,0.778364,2023-01-01T02:52:39
3.335769,0.778364,2023-01-01T02:52:40
3.335769,0.778364,2023-01-01T02:52:41
3.335769,0.778364,2023-01-01T02:52:42
3.335769,0.778364,2023-01-01T02:52:43
3.335769,0.778364,2023-01-01T02:52:44
3.335769,0.778364,2023-01-01T02:52:45
3.335769,0.778364,2023-01-01T02:52:46
3.335769,0.778364,2023-01-01T02:52:47
3.335769,0.778364,2023-01-01T02:52:48
3.335769,0.778364,2023-01-01T02:52:49
3.335769,0.778364,2023-01-01T02:52:50
3.335769,0.778364,2023-01-01T02:52:51
3.335769,0.778364,2023-01-01T02:52:52
3.335769,0.778364,2023-01-01T02:52:53
3.335769,0.778364,2023-01-01T02:52:54
3.335769,0.778364,2023-01-01T02:52:55
3.335769,0.778364,2023-01-01T02:52:56
3.335769,0.778364,2023-01-01T02:52:57
3.335769,0.778364,2023-01-01T02:52:58
3.335769,0.778364,2023-01-01T02:52:59
3.335769,0.778364,2023-01-01T02:53:00
3.335769,0.778364,2023-01-01T02:53:01
3.335769,0.778364,2023-01-01T02:53:02
3.335769,0.778364,2023-01-01T02:53:03
3.335769,0.778364,2023-01-01T02:53:04
3.335769,0.667170,2023-01-01T02:53:05
3.335769,0.667170,2023-01-01T02:53:06
3.335769,0.667170,2023-01-01T02:53:07
3.335769,0.667170,2023-01-01T02:53:08
3.335769,0.667170,2023-01-01T02:53:09
3.335769,0.667170,2023-01-01T02:53:10
3.335769,0.667170,2023-01-01T02:53:11
3.335769,0.667170,2023-01-01T02:53:12
3.335769,0.667170,2023-01-01T02:53:13
3.335769,0.667170,2023-01-01T02:53:14
3.335769,0.667170,2023-01-01T02:53:15
3.335769,0.667170,2023-01-01T02:53:16
3.335769,0.667170,2023-01-01T02:53:17
3.335769,0.667170,2023-01-01T02:53:18
3.335769,0.667170,2023-01-01T02:53:19
3.335769,0.667170,2023-01-01T02:53:20
3.335769,0.667170,2023-01-01T02:53:21
3.335769,0.667170,2023-01-01T02:53:22
3.335769,0.667170,2023-01-01T02:53:23
3.335769,0.667170,2023-01-01T02:53:24
3.335769,0.667170,2023-01-01T02:53:25
3.335769,0.667170,2023-01-01T02:53:26
3.335769,0.667170,2023-01-01T02:53:27
3.335769,0.667170,2023-01-01T02:53:28
3.335769,0.667170,2023-01-01T02:53:29
3.335769,0.667170,2023-01-01T02:53:30
3.335769,0.667170,2023-01-01T02:53:31
3.335769,0.667170,2023-01-01T02:53:32
3.335769,0.667170,2023-01-01T02:53:33
3.335769,0.667170,2023-01-01T02:53:34
3.335769,0.667170,2023-01-01T02:53:35
3.335769,0.667170,2023-01-01T02:53:36
3.335769,0.667170,2023-01-01T02:53:37
3.335769,0.667170,2023-01-01T02:53:38
3.335769,0.667170,2023-01-01T02:53:39
3.335769,0.667170,2023-01-01T02:53:40
3.335769,0.667170,2023-01-01T02:53:41
3.335769,0.667170,2023-01-01T02:53:42
3.335769,0.667170,2023-01-01T02:53:43
3.335769,0.667170,2023-01-01T02:53:44
3.335769,0.667170,2023-01-01T02:53:45
3.335769,0.667170,2023-01-01T02:53:46
3.335769,0.667170,2023-01-01T02:53:47
3.335769,0.667170,2023-01-01T02:53:48
3.335769,0.667170,2023-01-01T02:53:49
3.335769,0.667170,2023-01-01T02:53:50
3.335769,0.667170,2023-01-01T02:53:51
3.335769,0.667170,2023-01-01T02:53:52
3.335769,0.667170,2023-01-01T02:53:53
3.335769,0.667170,2023-01-01T02:53:54
3.335769,0.667170,2023-01-01T02:53:55
3.335769,0.667170,2023-01-01T02:53:56
3.335769,0.667170,2023-01-01T02:53:57
3.335769,0.667170,2023-01-01T02:53:58
3.335769,0.667170,2023-01-01T02:53:59
3.335769,0.667170,2023-01-01T02:54:00
3.335769,0.667170,2023-01-01T02:54:01
3.335769,0.667170,2023-01-01T02:54:02
3.335769,0.667170,2023-01-01T02:54:03
3.335769,0.667170,2023-01-01T02:54:04
3.335769,0.667170,2023-01-01T02:54:05
3.335769,0.667170,2023-01-01T02:54:06
3.335769,0.667170,2023-01-01T02:54:07
3.335769,0.667170,2023-01-01T02:54:08
3.335769,0.667170,2023-01-01T02:54:09
3.335769,0.667170,2023-01-01T02:54:10
3.335769,0.667170,2023-01-01T02:54:11
3.335769,0.667170,2023-01-01T02:54:12
3.335769,0.667170,2023-01-01T02:54:13
3.335769,0.667170,2023-01-01T02:54:14
3.335769,0.667170,2023-01-01T02:54:15
3.335769,0.667170,2023-01-01T02:54:16
3.335769,0.667170,2023-01-01T02:54:17
3.335769,0.667170,2023-01-01T02:54:18
3.335769,0.667170,2023-01-01T02:54:19
3.335769,0.667170,2023-01-01T02:54:20
3.335769,0.667170,2023-01-01T02:54:21
3.335769,0.667170,2023-01-01T02:54:22
3.335769,0.667170,2023-01-01T02:54:23
3.335769,0.667170,2023-01-01T02:54:24
3.335769,0.667170,2023-01-01T02:54:25
3.335769,0.667170,2023-01-01T02:54:26
3.335769,0.667170,2023-01-01T02:54:27
3.335769,0.667170,2023-01-01T02:54:28
3.335769,0.667170,2023-01-01T02:54:29
3.335769,0.667170,2023-01-01T02:54:30
3.335769,0.667170,2023-01-01T02:54:31
3.335769,0.667170,2023-01-01T02:54:32
3.335769,0.667170,2023-01-01T02:54:33
3.335769,0.667170,2023-01-01T02:54:34
3.335769,0.667170,2023-01-01T02:54:35
3.335769,0.667170,2023-01-01T02:54:36
3.335769,0.667170,2023-01-01T02:54:37
3.335769,0.667170,2023-01-01T02:54:38
3.335769,0.667170,2023-01-01T02:54:39
3.335769,0.667170,2023-01-01T02:54:40
3.335769,0.667170,2023-01-01T02:54:41
3.335769,0.667170,2023-01-01T02:54:42
3.335769,0.667170,2023-01-01T02:54:43
3.335769,0.667170,2023-01-01T02:54:44
3.335769,0.667170,2023-01-01T02:54:45
3.335769,0.667170,2023-01-01T02:54:46
3.446961,0.667170,2023-01-01T02:54:47
3.446961,0.667170,2023-01-01T02:54:48
3.446961,0.667170,2023-01-01T02:54:49
3.446961,0.667170,2023-01-01T02:54:50
3.446961,0.667170,2023-01-01T02:54:51
3.446961,0.667170,2023-01-01T02:54:52
3.446961,0.667170,2023-01-01T02:54:53
3.446961,0.667170,2023-01-01T02:54:54
3.446961,0.667170,2023-01-01T02:54:55
3.446961,0.667170,2023-01-01T02:54:56
3.446961,0.667170,2023-01-01T02:54:57
3.446961,0.667170,2023-01-01T02:54:58
3.446961,0.667170,2023-01-01T02:54:59
3.446961,0.667170,2023-01-01T02:55:00
3.446961,0.667170,2023-01-01T02:55:01
3.446961,0.667170,2023-01-01T02:55:02
3.446961,0.667170,2023-01-01T02:55:03
3.446961,0.667170,2023-01-01T02:55:04
3.446961,0.667170,2023-01-01T02:55:05
3.446961,0.667170,2023-01-01T02:55:06
3.446961,0.667170,2023-01-01T02:55:07
3.446961,0.667170,2023-01-01T02:55:08
3.446961,0.667170,2023-01-01T02:55:09
3.446961,0.667170,2023-01-01T02:55:10
3.446961,0.667170,2023-01-01T02:55:11
3.446961,0.667170,2023-01-01T02:55:12
3.446961,0.667170,2023-01-01T02:55:13
3.446961,0.667170,2023-01-01T02:55:14
3.446961,0.667170,2023-01-01T02:55:15
3.446961,0.667170,2023-01-01T02:55:16
3.446961,0.667170,2023-01-01T02:55:17
3.446961,0.667170,2023-01-01T02:55:18
3.446961,0.667170,2023-01-01T02:55:19
3.446961,0.667170,2023-01-01T02:55:20
3.446961,0.667170,2023-01-01T02:55:21
3.446961,0.667170,2023-01-01T02:55:22
3.446961,0.667170,2023-01-01T02:55:23
3.446961,0.667170,2023-01-01T02:55:24
3.446961,0.667170,2023-01-01T02:55:25
3.446961,0.667170,2023-01-01T02:55:26
3.446961,0.667170,2023-01-01T02:55:27
3.446961,0.667170,2023-01-01T02:55:28
3.446961,0.667170,2023-01-01T02:55:29
3.446961,0.667170,2023-01-01T02:55:30
3.446961,0.667170,2023-01-01T02:55:31
3.446961,0.667170,2023-01-01T02:55:32
3.446961,0.667170,2023-01-01T02:55:33
3.446961,0.667170,2023-01-01T02:55:34
3.446961,0.667170,2023-01-01T02:55:35
3.446961,0.667170,2023-01-01T02:55:36
3.446961,0.667170,2023-01-01T02:55:37
3.446961,0.667170,2023-01-01T02:55:38
3.446961,0.667170,2023-01-01T02:55:39
3.446961,0.667170,2023-01-01T02:55:40
3.446961,0.667170,2023-01-01T02:55:41
3.446961,0.667170,2023-01-01T02:55:42
3.446961,0.667170,2023-01-01T02:55:43
3.446961,0.667170,2023-01-01T02:55:44
3.446961,0.667170,2023-01-01T02:55:45
3.446961,0.667170,2023-01-01T02:55:46
3.446961,0.667170,2023-01-01T02:55:47
3.446961,0.667170,2023-01-01T02:55:48
3.446961,0.667170,2023-01-01T02:55:49
3.446961,0.667170,2023-01-01T02:55:50
3.446961,0.667170,2023-01-01T02:55:51
3.446961,0.667170,2023-01-01T02:55:52
3.446961,0.667170,2023-01-01T02:55:53
3.446961,0.667170,2023-01-01T02:55:54
3.446961,0.667170,2023-01-01T02:55:55
3.446961,0.667170,2023-01-01T02:55:56
3.446961,0.667170,2023-01-01T02:55:57
3.446961,0.667170,2023-01-01T02:55:58
3.446961,0.667170,2023-01-01T02:55:59
3.446961,0.667170,2023-01-01T02:56:00
3.446961,0.667170,2023-01-01T02:56:01
3.446961,0.667170,2023-01-01T02:56:02
3.446961,0.667170,2023-01-01T02:56:03
3.446961,0.667170,2023-01-01T02:56:04
3.446961,0.667170,2023-01-01T02:56:05
3.446961,0.667170,2023-01-01T02:56:06
3.446961,0.667170,2023-01-01T02:56:07
3.446961,0.667170,2023-01-01T02:56:08
3.446961,0.667170,2023-01-01T02:56:09
3.446961,0.667170,2023-01-01T02:56:10
3.446961,0.667170,2023-01-01T02:56:11
3.446961,0.667170,2023-01-01T02:56:12
3.446961,0.667170,2023-01-01T02:56:13
3.446961,0.667170,2023-01-01T02:56:14
3.446961,0.667170,2023-01-01T02:56:15
3.446961,0.667170,2023-01-01T02:56:16
3.446961,0.667170,2023-01-01T02:56:17
3.446961,0.667170,2023-01-01T02:56:18
3.446961,0.667170,2023-01-01T02:56:19
3.446961,0.667170,2023-01-01T02:56:20
3.446961,0.667170,2023-01-01T02:56:21
3.446961,0.667170,2023-01-01T02:56:22
3.446961,0.667170,2023-01-01T02:56:23
3.446961,0.667170,2023-01-01T02:56:24
3.446961,0.667170,2023-01-01T02:56:25
3.446961,0.667170,2023-01-01T02:56:26
3.446961,0.667170,2023-01-01T02:56:27
3.446961,0.667170,2023-01-01T02:56:28
3.446961,0.667170,2023-01-01T02:56:29
3.446961,0.667170,2023-01-01T02:56:30
3.446961,0.667170,2023-01-01T02:56:31
3.446961,0.667170,2023-01-01T02:56:32
3.446961,0.667170,2023-01-01T02:56:33
3.446961,0.667170,2023-01-01T02:56:34
3.446961,0.667170,2023-01-01T02:56:35
3.446961,0.667170,2023-01-01T02:56:36
3.446961,0.667170,2023-01-01T02:56:37
3.446961,0.667170,2023-01-01T02:56:38
3.446961,0.667170,2023-01-01T02:56:39
3.446961,0.667170,2023-01-01T02:56:40
3.446961,0.667170,2023-01-01T02:56:41
3.446961,0.667170,2023-01-01T02:56:42
3.446961,0.667170,2023-01-01T02:56:43
3.446961,0.667170,2023-01-01T02:56:44
3.446961,0.667170,2023-01-01T02:56:45
3.446961,0.667170,2023-01-01T02:56:46
3.446961,0.667170,2023-01-01T02:56:47
3.446961,0.667170,2023-01-01T02:56:48
3.446961,0.667170,2023-01-01T02:56:49
3.446961,0.667170,2023-01-01T02:56:50
3.446961,0.667170,2023-01-01T02:56:51
3.446961,0.667170,2023-01-01T02:56:52
3.446961,0.667170,2023-01-01T02:56:53
3.446961,0.667170,2023-01-01T02:56:54
3.446961,0.667170,2023-01-01T02:56:55
3.446961,0.667170,2023-01-01T02:56:56
3.446961,0.667170,2023-01-01T02:56:57
3.446961,0.667170,2023-01-01T02:56:58
3.446961,0.667170,2023-01-01T02:56:59
3.446961,0.667170,2023-01-01T02:57:00
3.446961,0.667170,2023-01-01T02:57:01
3.446961,0.667170,2023-01-01T02:57:02
3.446961,0.667170,2023-01-01T02:57:03
3.446961,0.667170,2023-01-01T02:57:04
3.446961,0.667170,2023-01-01T02:57:05
3.446961,0.667170,2023-01-01T02:57:06
3.446961,0.667170,2023-01-01T02:57:07
3.446961,0.667170,2023-01-01T02:57:08
3.446961,0.667170,2023-01-01T02:57:09
3.446961,0.667170,2023-01-01T02:57:10
3.446961,0.667170,2023-01-01T02:57:11
3.446961,0.667170,2023-01-01T02:57:12
3.446961,0.667170,2023-01-01T02:57:13
3.446961,0.667170,2023-01-01T02:57:14
3.446961,0.667170,2023-01-01T02:57:15
3.446961,0.667170,2023-01-01T02:57:16
3.446961,0.667170,2023-01-01T02:57:17
3.446961,0.667170,2023-01-01T02:57:18
3.446961,0.667170,2023-01-01T02:57:19
3.446961,0.667170,2023-01-01T02:57:20
3.446961,0.667170,2023-01-01T02:57:21
3.446961,0.667170,2023-01-01T02:57:22
3.446961,0.667170,2023-01-01T02:57:23
3.446961,0.667170,2023-01-01T02:57:24
3.446961,0.667170,2023-01-01T02:57:25
3.446961,0.667170,2023-01-01T02:57:26
3.446961,0.667170,2023-01-01T02:57:27
3.446961,0.667170,2023-01-01T02:57:28
3.446961,0.667170,2023-01-01T02:57:29
3.446961,0.667170,2023-01-01T02:57:30
3.446961,0.667170,2023-01-01T02:57:31
3.446961,0.667170,2023-01-01T02:57:32
3.446961,0.667170,2023-01-01T02:57:33
3.446961,0.667170,2023-01-01T02:57:34
3.446961,0.667170,2023-01-01T02:57:35
3.446961,0.667170,2023-01-01T02:57:36
3.446961,0.667170,2023-01-01T02:57:37
3.446961,0.667170,2023-01-01T02:57:38
3.446961,0.667170,2023-01-01T02:57:39
3.446961,0.667170,2023-01-01T02:57:40
3.446961,0.667170,2023-01-01T02:57:41
3.446961,0.667170,2023-01-01T02:57:42
3.446961,0.667170,2023-01-01T02:57:43
3.446961,0.667170,2023-01-01T02:57:44
3.446961,0.667170,2023-01-01T02:57:45
3.446961,0.667170,2023-01-01T02:57:46
3.446961,0.667170,2023-01-01T02:57:47
3.446961,0.667170,2023-01-01T02:57:48
3.446961,0.667170,2023-01-01T02:57:49
3.446961,0.667170,2023-01-01T02:57:50
3.446961,0.667170,2023-01-01T02:57:51
3.446961,0.667170,2023-01-01T02:57:52
3.446961,0.667170,2023-01-01T02:57:53
3.446961,0.667170,2023-01-01T02:57:54
3.446961,0.667170,2023-01-01T02:57:55
3.446961,0.667170,2023-01-01T02:57:56
3.446961,0.667170,2023-01-01T02:57:57
3.446961,0.667170,2023-01-01T02:57:58
3.446961,0.667170,2023-01-01T02:57:59
3.446961,0.667170,2023-01-01T02:58:00
3.446961,0.667170,2023-01-01T02:58:01
3.446961,0.667170,2023-01-01T02:58:02
3.446961,0.667170,2023-01-01T02:58:03
3.446961,0.667170,2023-01-01T02:58:04
3.446961,0.667170,2023-01-01T02:58:05
3.446961,0.667170,2023-01-01T02:58:06
3.446961,0.667170,2023-01-01T02:58:07
3.446961,0.667170,2023-01-01T02:58:08
3.446961,0.667170,2023-01-01T02:58:09
3.446961,0.667170,2023-01-01T02:58:10
3.446961,0.667170,2023-01-01T02:58:11
3.446961,0.667170,2023-01-01T02:58:12
3.446961,0.667170,2023-01-01T02:58:13
3.446961,0.667170,2023-01-01T02:58:14
3.446961,0.667170,2023-01-01T02:58:15
3.446961,0.667170,2023-01-01T02:58:16
3.446961,0.667170,2023-01-01T02:58:17
3.446961,0.667170,2023-01-01T02:58:18
3.446961,0.667170,2023-01-01T02:58:19
3.446961,0.667170,2023-01-01T02:58:20
3.446961,0.667170,2023-01-01T02:58:21
3.446961,0.667170,2023-01-01T02:58:22
3.446961,0.667170,2023-01-01T02:58:23
3.446961,0.667170,2023-01-01T02:58:24
3.446961,0.667170,2023-01-01T02:58:25
3.446961,0.667170,2023-01-01T02:58:26
3.446961,0.667170,2023-01-01T02:58:27
3.446961,0.667170,2023-01-01T02:58:28
3.446961,0.667170,2023-01-01T02:58:29
3.446961,0.667170,2023-01-01T02:58:30
3.446961,0.667170,2023-01-01T02:58:31
3.446961,0.667170,2023-01-01T02:58:32
3.446961,0.667170,2023-01-01T02:58:33
3.446961,0.667170,2023-01-01T02:58:34
3.446961,0.667170,2023-01-01T02:58:35
3.446961,0.667170,2023-01-01T02:58:36
3.446961,0.667170,2023-01-01T02:58:37
3.446961,0.667170,2023-01-01T02:58:38
3.446961,0.667170,2023-01-01T02:58:39
3.446961,0.667170,2023-01-01T02:58:40
3.446961,0.667170,2023-01-01T02:58:41
3.446961,0.667170,2023-01-01T02:58:42
3.446961,0.667170,2023-01-01T02:58:43
3.446961,0.667170,2023-01-01T02:58:44
3.446961,0.667170,2023-01-01T02:58:45
3.446961,0.667170,2023-01-01T02:58:46
3.446961,0.667170,2023-01-01T02:58:47
3.446961,0.667170,2023-01-01T02:58:48
3.446961,0.667170,2023-01-01T02:58:49
3.446961,0.667170,2023-01-01T02:58:50
3.446961,0.667170,2023-01-01T02:58:51
3.446961,0.667170,2023-01-01T02:58:52
3.446961,0.667170,2023-01-01T02:58:53
3.446961,0.667170,2023-01-01T02:58:54
3.446961,0.667170,2023-01-01T02:58:55
3.446961,0.667170,2023-01-01T02:58:56
3.446961,0.667170,2023-01-01T02:58:57
3.446961,0.667170,2023-01-01T02:58:58
3.446961,0.667170,2023-01-01T02:58:59
3.446961,0.667170,2023-01-01T02:59:00
3.446961,0.667170,2023-01-01T02:59:01
3.446961,0.667170,2023-01-01T02:59:02
3.446961,0.667170,2023-01-01T02:59:03
3.446961,0.667170,2023-01-01T02:59:04
3.446961,0.667170,2023-01-01T02:59:05
3.446961,0.667170,2023-01-01T02:59:06
3.446961,0.667170,2023-01-01T02:59:07
3.446961,0.667170,2023-01-01T02:59:08
3.446961,0.667170,2023-01-01T02:59:09
3.446961,0.667170,2023-01-01T02:59:10
3.446961,0.667170,2023-01-01T02:59:11
3.446961,0.667170,2023-01-01T02:59:12
3.446961,0.667170,2023-01-01T02:59:13
3.446961,0.667170,2023-01-01T02:59:14
3.446961,0.667170,2023-01-01T02:59:15
3.446961,0.667170,2023-01-01T02:59:16
3.446961,0.667170,2023-01-01T02:59:17
3.446961,0.667170,2023-01-01T02:59:18
3.446961,0.667170,2023-01-01T02:59:19
3.446961,0.667170,2023-01-01T02:59:20
3.446961,0.667170,2023-01-01T02:59:21
3.446961,0.667170,2023-01-01T02:59:22
3.446961,0.667170,2023-01-01T02:59:23
3.446961,0.667170,2023-01-01T02:59:24
3.446961,0.667170,2023-01-01T02:59:25
3.446961,0.667170,2023-01-01T02:59:26
3.446961,0.667170,2023-01-01T02:59:27
3.446961,0.667170,2023-01-01T02:59:28
3.446961,0.667170,2023-01-01T02:59:29
3.446961,0.667170,2023-01-01T02:59:30
3.446961,0.667170,2023-01-01T02:59:31
3.446961,0.667170,2023-01-01T02:59:32
3.446961,0.667170,2023-01-01T02:59:33
3.446961,0.667170,2023-01-01T02:59:34
3.446961,0.667170,2023-01-01T02:59:35
3.446961,0.667170,2023-01-01T02:59:36
3.446961,0.667170,2023-01-01T02:59:37
3.446961,0.667170,2023-01-01T02:59:38
3.446961,0.667170,2023-01-01T02:59:39
3.446961,0.667170,2023-01-01T02:59:40
3.446961,0.667170,2023-01-01T02:59:41
3.446961,0.667170,2023-01-01T02:59:42
3.446961,0.667170,2023-01-01T02:59:43
3.446961,0.667170,2023-01-01T02:59:44
3.446961,0.667170,2023-01-01T02:59:45
3.446961,0.667170,2023-01-01T02:59:46
3.446961,0.667170,2023-01-01T02:59:47
3.446961,0.667170,2023-01-01T02:59:48
3.446961,0.667170,2023-01-01T02:59:49
3.446961,0.667170,2023-01-01T02:59:50
3.446961,0.667170,2023-01-01T02:59:51
3.446961,0.667170,2023-01-01T02:59:52
3.446961,0.667170,2023-01-01T02:59:53
3.446961,0.667170,2023-01-01T02:59:54
3.446961,0.667170,2023-01-01T02:59:55
3.446961,0.667170,2023-01-01T02:59:56
3.446961,0.667170,2023-01-01T02:59:57
3.446961,0.667170,2023-01-01T02:59:58
3.446961,0.667170,2023-01-01T02:59:59
3.446961,0.667170,2023-01-01T03:00:00
3.446961,0.667170,2023-01-01T03:00:01
3.446961,0.667170,2023-01-01T03:00:02
3.446961,0.667170,2023-01-01T03:00:03
3.446961,0.667170,2023-01-01T03:00:04
3.446961,0.667170,2023-01-01T03:00:05
3.446961,0.667170,2023-01-01T03:00:06
3.446961,0.667170,2023-01-01T03:00:07
3.446961,0.667170,2023-01-01T03:00:08
3.446961,0.667170,2023-01-01T03:00:09
3.446961,0.667170,2023-01-01T03:00:10
3.446961,0.667170,2023-01-01T03:00:11
3.446961,0.667170,2023-01-01T03:00:12
3.446961,0.667170,2023-01-01T03:00:13
3.446961,0.667170,2023-01-01T03:00:14
3.446961,0.667170,2023-01-01T03:00:15
3.446961,0.667170,2023-01-01T03:00:16
3.446961,0.667170,2023-01-01T03:00:17
3.446961,0.667170,2023-01-01T03:00:18
3.446961,0.667170,2023-01-01T03:00:19
3.446961,0.667170,2023-01-01T03:00:20
3.446961,0.667170,2023-01-01T03:00:21
3.446961,0.667170,2023-01-01T03:00:22
3.446961,0.667170,2023-01-01T03:00:23
3.446961,0.667170,2023-01-01T03:00:24
3.446961,0.667170,2023-01-01T03:00:25
3.446961,0.667170,2023-01-01T03:00:26
3.446961,0.667170,2023-01-01T03:00:27
3.446961,0.667170,2023-01-01T03:00:28
3.446961,0.667170,2023-01-01T03:00:29
3.446961,0.667170,2023-01-01T03:00:30
3.446961,0.667170,2023-01-01T03:00:31
3.446961,0.667170,2023-01-01T03:00:32
3.446961,0.667170,2023-01-01T03:00:33
3.446961,0.667170,2023-01-01T03:00:34
3.446961,0.667170,2023-01-01T03:00:35
3.446961,0.667170,2023-01-01T03:00:36
3.446961,0.667170,2023-01-01T03:00:37
3.446961,0.667170,2023-01-01T03:00:38
3.446961,0.667170,2023-01-01T03:00:39
3.446961,0.667170,2023-01-01T03:00:40
3.446961,0.667170,2023-01-01T03:00:41
3.446961,0.667170,2023-01-01T03:00:42
3.446961,0.667170,2023-01-01T03:00:43
3.446961,0.667170,2023-01-01T03:00:44
3.446961,0.667170,2023-01-01T03:00:45
3.446961,0.667170,2023-01-01T03:00:46
3.446961,0.667170,2023-01-01T03:00:47
3.446961,0.667170,2023-01-01T03:00:48
3.446961,0.667170,2023-01-01T03:00:49
3.446961,0.667170,2023-01-01T03:00:50
3.446961,0.667170,2023-01-01T03:00:51
3.446961,0.667170,2023-01-01T03:00:52
3.446961,0.667170,2023-01-01T03:00:53
3.446961,0.667170,2023-01-01T03:00:54
3.446961,0.667170,2023-01-01T03:00:55
3.446961,0.667170,2023-01-01T03:00:56
3.446961,0.667170,2023-01-01T03:00:57
3.446961,0.667170,2023-01-01T03:00:58
3.446961,0.667170,2023-01-01T03:00:59
3.446961,0.667170,2023-01-01T03:01:00
3.446961,0.667170,2023-01-01T03:01:01
3.446961,0.667170,2023-01-01T03:01:02
3.446961,0.667170,2023-01-01T03:01:03
3.446961,0.667170,2023-01-01T03:01:04
3.446961,0.667170,2023-01-01T03:01:05
3.446961,0.667170,2023-01-01T03:01:06
3.446961,0.667170,2023-01-01T03:01:07
3.446961,0.667170,2023-01-01T03:01:08
3.446961,0.667170,2023-01-01T03:01:09
3.446961,0.667170,2023-01-01T03:01:10
3.446961,0.667170,2023-01-01T03:01:11
3.446961,0.667170,2023-01-01T03:01:12
3.446961,0.778364,2023-01-01T03:01:13
3.446961,0.778364,2023-01-01T03:01:14
3.446961,0.778364,2023-01-01T03:01:15
3.446961,0.778364,2023-01-01T03:01:16
3.446961,0.778364,2023-01-01T03:01:17
3.446961,0.778364,2023-01-01T03:01:18
3.446961,0.778364,2023-01-01T03:01:19
3.446961,0.778364,2023-01-01T03:01:20
3.446961,0.778364,2023-01-01T03:01:21
3.446961,0.778364,2023-01-01T03:01:22
3.446961,0.778364,2023-01-01T03:01:23
3.446961,0.778364,2023-01-01T03:01:24
3.446961,0.778364,2023-01-01T03:01:25
3.446961,0.778364,2023-01-01T03:01:26
3.446961,0.778364,2023-01-01T03:01:27
3.446961,0.778364,2023-01-01T03:01:28
3.446961,0.778364,2023-01-01T03:01:29
3.446961,0.778364,2023-01-01T03:01:30
3.446961,0.778364,2023-01-01T03:01:31
3.446961,0.778364,2023-01-01T03:01:32
3.446961,0.778364,2023-01-01T03:01:33
3.446961,0.778364,2023-01-01T03:01:34
3.446961,0.778364,2023-01-01T03:01:35
3.446961,0.778364,2023-01-01T03:01:36
3.446961,0.778364,2023-01-01T03:01:37
3.446961,0.778364,2023-01-01T03:01:38
3.446961,0.778364,2023-01-01T03:01:39
3.446961,0.778364,2023-01-01T03:01:40
3.446961,0.778364,2023-01-01T03:01:41
3.446961,0.778364,2023-01-01T03:01:42
3.446961,0.778364,2023-01-01T03:01:43
3.446961,0.778364,2023-01-01T03:01:44
3.446961,0.778364,2023-01-01T03:01:45
3.446961,0.778364,2023-01-01T03:01:46
3.446961,0.778364,2023-01-01T03:01:47
3.446961,0.778364,2023-01-01T03:01:48
3.446961,0.778364,2023-01-01T03:01:49
3.446961,0.778364,2023-01-01T03:01:50
3.446961,0.778364,2023-01-01T03:01:51
3.446961,0.778364,2023-01-01T03:01:52
3.446961,0.778364,2023-01-01T03:01:53
3.446961,0.778364,2023-01-01T03:01:54
3.446961,0.778364,2023-01-01T03:01:55
3.446961,0.778364,2023-01-01T03:01:56
3.446961,0.778364,2023-01-01T03:01:57
3.446961,0.778364,2023-01-01T03:01:58
3.446961,0.778364,2023-01-01T03:01:59
3.446961,0.778364,2023-01-01T03:02:00
3.446961,0.778364,2023-01-01T03:02:01
3.446961,0.778364,2023-01-01T03:02:02
3.446961,0.778364,2023-01-01T03:02:03
3.446961,0.778364,2023-01-01T03:02:04
3.446961,0.778364,2023-01-01T03:02:05
3.446961,0.778364,2023-01-01T03:02:06
3.446961,0.778364,2023-01-01T03:02:07
3.446961,0.778364,2023-01-01T03:02:08
3.446961,0.778364,2023-01-01T03:02:09
3.446961,0.778364,2023-01-01T03:02:10
3.446961,0.778364,2023-01-01T03:02:11
3.446961,0.778364,2023-01-01T03:02:12
3.446961,0.778364,2023-01-01T03:02:13
3.446961,0.778364,2023-01-01T03:02:14
3.446961,0.778364,2023-01-01T03:02:15
3.446961,0.778364,2023-01-01T03:02:16
3.446961,0.778364,2023-01-01T03:02:17
3.446961,0.778364,2023-01-01T03:02:18
3.446961,0.778364,2023-01-01T03:02:19
3.446961,0.778364,2023-01-01T03:02:20
3.446961,0.778364,2023-01-01T03:02:21
3.446961,0.778364,2023-01-01T03:02:22
3.558153,0.778364,2023-01-01T03:02:23
3.558153,0.778364,2023-01-01T03:02:24
3.558153,0.778364,2023-01-01T03:02:25
3.558153,0.778364,2023-01-01T03:02:26
3.558153,0.778364,2023-01-01T03:02:27
3.558153,0.778364,2023-01-01T03:02:28
3.558153,0.778364,2023-01-01T03:02:29
3.558153,0.778364,2023-01-01T03:02:30
3.558153,0.778364,2023-01-01T03:02:31
3.558153,0.778364,2023-01-01T03:02:32
3.558153,0.778364,2023-01-01T03:02:33
3.558153,0.778364,2023-01-01T03:02:34
3.558153,0.778364,2023-01-01T03:02:35
3.558153,0.778364,2023-01-01T03:02:36
3.558153,0.778364,2023-01-01T03:02:37
3.558153,0.778364,2023-01-01T03:02:38
3.558153,0.778364,2023-01-01T03:02:39
3.558153,0.778364,2023-01-01T03:02:40
3.558153,0.778364,2023-01-01T03:02:41
3.558153,0.778364,2023-01-01T03:02:42
3.558153,0.778364,2023-01-01T03:02:43
3.558153,0.778364,2023-01-01T03:02:44
3.558153,0.778364,2023-01-01T03:02:45
3.558153,0.778364,2023-01-01T03:02:46
3.558153,0.778364,2023-01-01T03:02:47
3.558153,0.778364,2023-01-01T03:02:48
3.558153,0.778364,2023-01-01T03:02:49
3.558153,0.778364,2023-01-01T03:02:50
3.558153,0.778364,2023-01-01T03:02:51
3.558153,0.778364,2023-01-01T03:02:52
3.558153,0.778364,2023-01-01T03:02:53
3.558153,0.778364,2023-01-01T03:02:54
3.558153,0.778364,2023-01-01T03:02:55
3.558153,0.778364,2023-01-01T03:02:56
3.558153,0.778364,2023-01-01T03:02:57
3.446961,0.778364,2023-01-01T03:02:58
3.446961,0.778364,2023-01-01T03:02:59
3.446961,0.667170,2023-01-01T03:03:00
3.446961,0.667170,2023-01-01T03:03:01
3.446961,0.667170,2023-01-01T03:03:02
3.446961,0.667170,2023-01-01T03:03:03
3.446961,0.667170,2023-01-01T03:03:04
3.335769,0.667170,2023-01-01T03:03:05
3.335769,0.667170,2023-01-01T03:03:06
3.335769,0.667170,2023-01-01T03:03:07
3.335769,0.667170,2023-01-01T03:03:08
3.335769,0.667170,2023-01-01T03:03:09
3.335769,0.667170,2023-01-01T03:03:10
3.335769,0.667170,2023-01-01T03:03:11
3.335769,0.667170,2023-01-01T03:03:12
3.224576,0.667170,2023-01-01T03:03:13
3.224576,0.667170,2023-01-01T03:03:14
3.224576,0.667170,2023-01-01T03:03:15
3.224576,0.667170,2023-01-01T03:03:16
3.224576,0.667170,2023-01-01T03:03:17
3.113384,0.667170,2023-01-01T03:03:18
3.113384,0.667170,2023-01-01T03:03:19
3.113384,0.667170,2023-01-01T03:03:20
3.113384,0.555975,2023-01-01T03:03:21
3.002192,0.555975,2023-01-01T03:03:22
3.002192,0.555975,2023-01-01T03:03:23
3.002192,0.555975,2023-01-01T03:03:24
3.002192,0.555975,2023-01-01T03:03:25
3.002192,0.555975,2023-01-01T03:03:26
2.890999,0.555975,2023-01-01T03:03:27
2.890999,0.555975,2023-01-01T03:03:28
2.890999,0.555975,2023-01-01T03:03:29
2.890999,0.555975,2023-01-01T03:03:30
2.890999,0.555975,2023-01-01T03:03:31
2.890999,0.555975,2023-01-01T03:03:32
2.890999,0.555975,2023-01-01T03:03:33
2.890999,0.555975,2023-01-01T03:03:34
2.890999,0.555975,2023-01-01T03:03:35
2.890999,0.555975,2023-01-01T03:03:36
2.779807,0.555975,2023-01-01T03:03:37
2.779807,0.555975,2023-01-01T03:03:38
2.779807,0.555975,2023-01-01T03:03:39
2.779807,0.555975,2023-01-01T03:03:40
2.779807,0.555975,2023-01-01T03:03:41
2.779807,0.555975,2023-01-01T03:03:42
2.779807,0.555975,2023-01-01T03:03:43
2.779807,0.555975,2023-01-01T03:03:44
2.779807,0.444780,2023-01-01T03:03:45
2.779807,0.444780,2023-01-01T03:03:46
2.779807,0.444780,2023-01-01T03:03:47
2.779807,0.444780,2023-01-01T03:03:48
2.779807,0.444780,2023-01-01T03:03:49
2.779807,0.444780,2023-01-01T03:03:50
2.668615,0.444780,2023-01-01T03:03:51
2.668615,0.444780,2023-01-01T03:03:52
2.668615,0.444780,2023-01-01T03:03:53
2.668615,0.444780,2023-01-01T03:03:54
2.668615,0.444780,2023-01-01T03:03:55
2.668615,0.444780,2023-01-01T03:03:56
2.668615,0.444780,2023-01-01T03:03:57
2.668615,0.444780,2023-01-01T03:03:58
2.668615,0.444780,2023-01-01T03:03:59
2.668615,0.444780,2023-01-01T03:04:00
2.668615,0.444780,2023-01-01T03:04:01
2.668615,0.444780,2023-01-01T03:04:02
2.668615,0.444780,2023-01-01T03:04:03
2.668615,0.444780,2023-01-01T03:04:04
2.668615,0.444780,2023-01-01T03:04:05
2.668615,0.444780,2023-01-01T03:04:06
2.668615,0.444780,2023-01-01T03:04:07
2.668615,0.444780,2023-01-01T03:04:08
2.668615,0.444780,2023-01-01T03:04:09
2.668615,0.444780,2023-01-01T03:04:10
2.668615,0.444780,2023-01-01T03:04:11
2.668615,0.444780,2023-01-01T03:04:12
2.668615,0.444780,2023-01-01T03:04:13
2.668615,0.444780,2023-01-01T03:04:14
2.668615,0.444780,2023-01-01T03:04:15
2.668615,0.444780,2023-01-01T03:04:16
2.668615,0.444780,2023-01-01T03:04:17
2.668615,0.444780,2023-01-01T03:04:18
2.668615,0.444780,2023-01-01T03:04:19
2.668615,0.444780,2023-01-01T03:04:20
2.668615,0.444780,2023-01-01T03:04:21
2.668615,0.444780,2023-01-01T03:04:22
2.668615,0.444780,2023-01-01T03:04:23
2.668615,0.444780,2023-01-01T03:04:24
2.668615,0.444780,2023-01-01T03:04:25
2.668615,0.444780,2023-01-01T03:04:26
2.668615,0.444780,2023-01-01T03:04:27
2.668615,0.444780,2023-01-01T03:04:28
2.668615,0.444780,2023-01-01T03:04:29
2.668615,0.444780,2023-01-01T03:04:30
2.668615,0.444780,2023-01-01T03:04:31
2.779807,0.444780,2023-01-01T03:04:32
2.779807,0.444780,2023-01-01T03:04:33
2.779807,0.444780,2023-01-01T03:04:34
2.779807,0.555975,2023-01-01T03:04:35
2.779807,0.555975,2023-01-01T03:04:36
2.779807,0.555975,2023-01-01T03:04:37
2.890999,0.555975,2023-01-01T03:04:38
2.890999,0.555975,2023-01-01T03:04:39
2.890999,0.555975,2023-01-01T03:04:40
2.890999,0.555975,2023-01-01T03:04:41
2.890999,0.555975,2023-01-01T03:04:42
2.890999,0.555975,2023-01-01T03:04:43
2.890999,0.555975,2023-01-01T03:04:44
2.890999,0.555975,2023-01-01T03:04:45
3.002192,0.555975,2023-01-01T03:04:46
3.002192,0.555975,2023-01-01T03:04:47
3.002192,0.555975,2023-01-01T03:04:48
3.002192,0.555975,2023-01-01T03:04:49
3.002192,0.555975,2023-01-01T03:04:50
3.002192,0.555975,2023-01-01T03:04:51
3.002192,0.555975,2023-01-01T03:04:52
3.002192,0.555975,2023-01-01T03:04:53
3.113384,0.555975,2023-01-01T03:04:54
3.113384,0.555975,2023-01-01T03:04:55
3.113384,0.555975,2023-01-01T03:04:56
3.113384,0.555975,2023-01-01T03:04:57
3.113384,0.555975,2023-01-01T03:04:58
3.113384,0.555975,2023-01-01T03:04:59
3.113384,0.555975,2023-01-01T03:05:00
3.113384,0.555975,2023-01-01T03:05:01
3.113384,0.555975,2023-01-01T03:05:02
3.113384,0.555975,2023-01-01T03:05:03
3.224576,0.555975,2023-01-01T03:05:04
3.224576,0.555975,2023-01-01T03:05:05
3.224576,0.555975,2023-01-01T03:05:06
3.224576,0.667170,2023-01-01T03:05:07
3.224576,0.667170,2023-01-01T03:05:08
3.224576,0.667170,2023-01-01T03:05:09
3.224576,0.667170,2023-01-01T03:05:10
3.224576,0.667170,2023-01-01T03:05:11
3.224576,0.667170,2023-01-01T03:05:12
3.224576,0.667170,2023-01-01T03:05:13
3.224576,0.667170,2023-01-01T03:05:14
3.335769,0.667170,2023-01-01T03:05:15
3.335769,0.667170,2023-01-01T03:05:16
3.335769,0.667170,2023-01-01T03:05:17
3.335769,0.667170,2023-01-01T03:05:18
3.335769,0.667170,2023-01-01T03:05:19
3.335769,0.667170,2023-01-01T03:05:20
3.335769,0.667170,2023-01-01T03:05:21
3.335769,0.667170,2023-01-01T03:05:22
3.335769,0.667170,2023-01-01T03:05:23
3.335769,0.667170,2023-01-01T03:05:24
3.335769,0.667170,2023-01-01T03:05:25
3.335769,0.667170,2023-01-01T03:05:26
3.335769,0.667170,2023-01-01T03:05:27
3.446961,0.667170,2023-01-01T03:05:28
3.446961,0.667170,2023-01-01T03:05:29
3.446961,0.667170,2023-01-01T03:05:30
3.446961,0.667170,2023-01-01T03:05:31
3.446961,0.667170,2023-01-01T03:05:32
3.446961,0.667170,2023-01-01T03:05:33
3.446961,0.667170,2023-01-01T03:05:34
3.446961,0.667170,2023-01-01T03:05:35
3.446961,0.667170,2023-01-01T03:05:36
3.446961,0.667170,2023-01-01T03:05:37
3.446961,0.667170,2023-01-01T03:05:38
3.446961,0.667170,2023-01-01T03:05:39
3.446961,0.667170,2023-01-01T03:05:40
3.446961,0.667170,2023-01-01T03:05:41
3.446961,0.667170,2023-01-01T03:05:42
3.558153,0.667170,2023-01-01T03:05:43
3.558153,0.667170,2023-01-01T03:05:44
3.558153,0.667170,2023-01-01T03:05:45
3.558153,0.667170,2023-01-01T03:05:46
3.558153,0.667170,2023-01-01T03:05:47
3.558153,0.667170,2023-01-01T03:05:48
3.558153,0.667170,2023-01-01T03:05:49
3.558153,0.667170,2023-01-01T03:05:50
3.558153,0.667170,2023-01-01T03:05:51
3.558153,0.667170,2023-01-01T03:05:52
3.558153,0.667170,2023-01-01T03:05:53
3.558153,0.667170,2023-01-01T03:05:54
3.558153,0.667170,2023-01-01T03:05:55
3.558153,0.667170,2023-01-01T03:05:56
3.558153,0.667170,2023-01-01T03:05:57
3.558153,0.667170,2023-01-01T03:05:58
3.558153,0.667170,2023-01-01T03:05:59
3.558153,0.667170,2023-01-01T03:06:00
3.558153,0.667170,2023-01-01T03:06:01
3.558153,0.667170,2023-01-01T03:06:02
3.558153,0.667170,2023-01-01T03:06:03
3.558153,0.778364,2023-01-01T03:06:04
3.558153,0.778364,2023-01-01T03:06:05
3.558153,0.778364,2023-01-01T03:06:06
3.558153,0.778364,2023-01-01T03:06:07
3.558153,0.778364,2023-01-01T03:06:08
3.558153,0.778364,2023-01-01T03:06:09
3.558153,0.778364,2023-01-01T03:06:10
3.558153,0.778364,2023-01-01T03:06:11
3.558153,0.778364,2023-01-01T03:06:12
3.558153,0.778364,2023-01-01T03:06:13
3.558153,0.778364,2023-01-01T03:06:14
3.558153,0.778364,2023-01-01T03:06:15
3.669345,0.778364,2023-01-01T03:06:16
3.669345,0.778364,2023-01-01T03:06:17
3.669345,0.778364,2023-01-01T03:06:18
3.669345,0.778364,2023-01-01T03:06:19
3.669345,0.778364,2023-01-01T03:06:20
3.669345,0.778364,2023-01-01T03:06:21
3.669345,0.778364,2023-01-01T03:06:22
3.669345,0.778364,2023-01-01T03:06:23
3.669345,0.778364,2023-01-01T03:06:24
3.669345,0.778364,2023-01-01T03:06:25
3.669345,0.778364,2023-01-01T03:06:26
3.669345,0.778364,2023-01-01T03:06:27
3.669345,0.778364,2023-01-01T03:06:28
3.669345,0.778364,2023-01-01T03:06:29
3.669345,0.778364,2023-01-01T03:06:30
3.669345,0.778364,2023-01-01T03:06:31
3.669345,0.778364,2023-01-01T03:06:32
3.669345,0.778364,2023-01-01T03:06:33
3.669345,0.778364,2023-01-01T03:06:34
3.669345,0.778364,2023-01-01T03:06:35
3.669345,0.778364,2023-01-01T03:06:36
3.669345,0.778364,2023-01-01T03:06:37
3.669345,0.778364,2023-01-01T03:06:38
3.669345,0.778364,2023-01-01T03:06:39
3.669345,0.778364,2023-01-01T03:06:40
3.669345,0.778364,2023-01-01T03:06:41
3.669345,0.778364,2023-01-01T03:06:42
3.669345,0.778364,2023-01-01T03:06:43
3.669345,0.778364,2023-01-01T03:06:44
3.669345,0.778364,2023-01-01T03:06:45
3.669345,0.778364,2023-01-01T03:06:46
3.669345,0.778364,2023-01-01T03:06:47
3.669345,0.778364,2023-01-01T03:06:48
3.669345,0.778364,2023-01-01T03:06:49
3.669345,0.778364,2023-01-01T03:06:50
3.669345,0.778364,2023-01-01T03:06:51
3.669345,0.778364,2023-01-01T03:06:52
3.669345,0.778364,2023-01-01T03:06:53
3.669345,0.778364,2023-01-01T03:06:54
3.669345,0.778364,2023-01-01T03:06:55
3.669345,0.778364,2023-01-01T03:06:56
3.669345,0.778364,2023-01-01T03:06:57
3.669345,0.778364,2023-01-01T03:06:58
3.780538,0.778364,2023-01-01T03:06:59
3.780538,0.778364,2023-01-01T03:07:00
3.780538,0.778364,2023-01-01T03:07:01
3.780538,0.778364,2023-01-01T03:07:02
3.780538,0.778364,2023-01-01T03:07:03
3.780538,0.778364,2023-01-01T03:07:04
3.780538,0.778364,2023-01-01T03:07:05
3.780538,0.778364,2023-01-01T03:07:06
3.780538,0.778364,2023-01-01T03:07:07
3.780538,0.778364,2023-01-01T03:07:08
3.780538,0.778364,2023-01-01T03:07:09
3.780538,0.778364,2023-01-01T03:07:10
3.780538,0.778364,2023-01-01T03:07:11
3.780538,0.778364,2023-01-01T03:07:12
3.780538,0.778364,2023-01-01T03:07:13
3.780538,0.778364,2023-01-01T03:07:14
3.780538,0.778364,2023-01-01T03:07:15
3.780538,0.778364,2023-01-01T03:07:16
3.780538,0.778364,2023-01-01T03:07:17
3.780538,0.778364,2023-01-01T03:07:18
3.780538,0.778364,2023-01-01T03:07:19
3.780538,0.778364,2023-01-01T03:07:20
3.780538,0.778364,2023-01-01T03:07:21
3.780538,0.778364,2023-01-01T03:07:22
3.780538,0.778364,2023-01-01T03:07:23
3.780538,0.778364,2023-01-01T03:07:24
3.780538,0.778364,2023-01-01T03:07:25
3.780538,0.778364,2023-01-01T03:07:26
3.780538,0.778364,2023-01-01T03:07:27
3.780538,0.778364,2023-01-01T03:07:28
3.780538,0.778364,2023-01-01T03:07:29
3.780538,0.778364,2023-01-01T03:07:30
3.780538,0.778364,2023-01-01T03:07:31
3.780538,0.778364,2023-01-01T03:07:32
3.780538,0.778364,2023-01-01T03:07:33
3.780538,0.778364,2023-01-01T03:07:34
3.891730,0.778364,2023-01-01T03:07:35
3.891730,0.778364,2023-01-01T03:07:36
3.891730,0.778364,2023-01-01T03:07:37
3.891730,0.778364,2023-01-01T03:07:38
3.891730,0.778364,2023-01-01T03:07:39
3.891730,0.778364,2023-01-01T03:07:40
3.891730,0.778364,2023-01-01T03:07:41
3.891730,0.778364,2023-01-01T03:07:42
3.891730,0.778364,2023-01-01T03:07:43
3.891730,0.778364,2023-01-01T03:07:44
3.891730,0.778364,2023-01-01T03:07:45
3.891730,0.778364,2023-01-01T03:07:46
3.891730,0.778364,2023-01-01T03:07:47
3.891730,0.778364,2023-01-01T03:07:48
3.891730,0.778364,2023-01-01T03:07:49
3.891730,0.778364,2023-01-01T03:07:50
3.891730,0.778364,2023-01-01T03:07:51
3.891730,0.778364,2023-01-01T03:07:52
3.891730,0.778364,2023-01-01T03:07:53
3.891730,0.778364,2023-01-01T03:07:54
3.891730,0.778364,2023-01-01T03:07:55
3.891730,0.778364,2023-01-01T03:07:56
3.891730,0.778364,2023-01-01T03:07:57
3.891730,0.778364,2023-01-01T03:07:58
3.891730,0.778364,2023-01-01T03:07:59
3.891730,0.778364,2023-01-01T03:08:00
3.891730,0.778364,2023-01-01T03:08:01
3.891730,0.778364,2023-01-01T03:08:02
3.891730,0.778364,2023-01-01T03:08:03
3.891730,0.778364,2023-01-01T03:08:04
3.891730,0.778364,2023-01-01T03:08:05
3.891730,0.778364,2023-01-01T03:08:06
3.891730,0.778364,2023-01-01T03:08:07
3.891730,0.778364,2023-01-01T03:08:08
3.891730,0.778364,2023-01-01T03:08:09
3.891730,0.778364,2023-01-01T03:08:10
3.891730,0.778364,2023-01-01T03:08:11
3.891730,0.778364,2023-01-01T03:08:12
3.891730,0.778364,2023-01-01T03:08:13
3.891730,0.778364,2023-01-01T03:08:14
3.891730,0.778364,2023-01-01T03:08:15
3.891730,0.778364,2023-01-01T03:08:16
3.891730,0.778364,2023-01-01T03:08:17
3.891730,0.778364,2023-01-01T03:08:18
3.891730,0.778364,2023-01-01T03:08:19
3.891730,0.778364,2023-01-01T03:08:20
3.891730,0.778364,2023-01-01T03:08:21
3.891730,0.778364,2023-01-01T03:08:22
3.891730,0.778364,2023-01-01T03:08:23
3.891730,0.778364,2023-01-01T03:08:24
4.002922,0.778364,2023-01-01T03:08:25
4.002922,0.778364,2023-01-01T03:08:26
4.002922,0.778364,2023-01-01T03:08:27
4.002922,0.778364,2023-01-01T03:08:28
4.002922,0.778364,2023-01-01T03:08:29
4.002922,0.778364,2023-01-01T03:08:30
4.002922,0.778364,2023-01-01T03:08:31
4.002922,0.778364,2023-01-01T03:08:32
4.002922,0.778364,2023-01-01T03:08:33
4.002922,0.778364,2023-01-01T03:08:34
4.002922,0.778364,2023-01-01T03:08:35
4.002922,0.778364,2023-01-01T03:08:36
4.002922,0.778364,2023-01-01T03:08:37
4.002922,0.778364,2023-01-01T03:08:38
4.002922,0.778364,2023-01-01T03:08:39
4.002922,0.778364,2023-01-01T03:08:40
4.002922,0.778364,2023-01-01T03:08:41
4.002922,0.778364,2023-01-01T03:08:42
4.002922,0.778364,2023-01-01T03:08:43
4.002922,0.778364,2023-01-01T03:08:44
4.002922,0.778364,2023-01-01T03:08:45
4.002922,0.778364,2023-01-01T03:08:46
4.002922,0.778364,2023-01-01T03:08:47
4.002922,0.778364,2023-01-01T03:08:48
4.002922,0.778364,2023-01-01T03:08:49
4.002922,0.778364,2023-01-01T03:08:50
4.002922,0.778364,2023-01-01T03:08:51
4.002922,0.778364,2023-01-01T03:08:52
4.002922,0.778364,2023-01-01T03:08:53
4.002922,0.778364,2023-01-01T03:08:54
4.002922,0.778364,2023-01-01T03:08:55
4.002922,0.778364,2023-01-01T03:08:56
4.002922,0.778364,2023-01-01T03:08:57
4.002922,0.778364,2023-01-01T03:08:58
4.002922,0.778364,2023-01-01T03:08:59
4.002922,0.778364,2023-01-01T03:09:00
4.002922,0.778364,2023-01-01T03:09:01
4.002922,0.778364,2023-01-01T03:09:02
4.002922,0.778364,2023-01-01T03:09:03
4.002922,0.778364,2023-01-01T03:09:04
4.002922,0.778364,2023-01-01T03:09:05
4.002922,0.778364,2023-01-01T03:09:06
4.002922,0.778364,2023-01-01T03:09:07
4.002922,0.778364,2023-01-01T03:09:08
4.002922,0.778364,2023-01-01T03:09:09
4.002922,0.778364,2023-01-01T03:09:10
4.002922,0.778364,2023-01-01T03:09:11
4.002922,0.778364,2023-01-01T03:09:12
4.002922,0.778364,2023-01-01T03:09:13
4.002922,0.778364,2023-01-01T03:09:14
4.002922,0.778364,2023-01-01T03:09:15
4.002922,0.778364,2023-01-01T03:09:16
4.002922,0.778364,2023-01-01T03:09:17
4.114114,0.778364,2023-01-01T03:09:18
4.114114,0.778364,2023-01-01T03:09:19
4.114114,0.778364,2023-01-01T03:09:20
4.114114,0.778364,2023-01-01T03:09:21
4.114114,0.778364,2023-01-01T03:09:22
4.114114,0.778364,2023-01-01T03:09:23
4.114114,0.778364,2023-01-01T03:09:24
4.114114,0.778364,2023-01-01T03:09:25
4.114114,0.778364,2023-01-01T03:09:26
4.114114,0.778364,2023-01-01T03:09:27
4.114114,0.778364,2023-01-01T03:09:28
4.114114,0.778364,2023-01-01T03:09:29
4.114114,0.778364,2023-01-01T03:09:30
4.114114,0.778364,2023-01-01T03:09:31
4.114114,0.778364,2023-01-01T03:09:32
4.114114,0.778364,2023-01-01T03:09:33
4.114114,0.778364,2023-01-01T03:09:34
4.114114,0.778364,2023-01-01T03:09:35
4.114114,0.778364,2023-01-01T03:09:36
4.114114,0.778364,2023-01-01T03:09:37
4.114114,0.889559,2023-01-01T03:09:38
4.114114,0.889559,2023-01-01T03:09:39
4.114114,0.889559,2023-01-01T03:09:40
4.114114,0.889559,2023-01-01T03:09:41
4.114114,0.889559,2023-01-01T03:09:42
4.114114,0.889559,2023-01-01T03:09:43
4.114114,0.889559,2023-01-01T03:09:44
4.114114,0.889559,2023-01-01T03:09:45
4.114114,0.889559,2023-01-01T03:09:46
4.114114,0.889559,2023-01-01T03:09:47
4.114114,0.889559,2023-01-01T03:09:48
4.114114,0.889559,2023-01-01T03:09:49
4.114114,0.889559,2023-01-01T03:09:50
4.114114,0.889559,2023-01-01T03:09:51
4.114114,0.889559,2023-01-01T03:09:52
4.114114,0.889559,2023-01-01T03:09:53
4.114114,0.889559,2023-01-01T03:09:54
4.114114,0.889559,2023-01-01T03:09:55
4.114114,0.889559,2023-01-01T03:09:56
4.114114,0.889559,2023-01-01T03:09:57
4.114114,0.889559,2023-01-01T03:09:58
4.114114,0.889559,2023-01-01T03:09:59
4.114114,0.889559,2023-01-01T03:10:00
4.002922,0.889559,2023-01-01T03:10:01
4.002922,0.889559,2023-01-01T03:10:02
4.002922,0.889559,2023-01-01T03:10:03
4.002922,0.889559,2023-01-01T03:10:04
4.002922,0.889559,2023-01-01T03:10:05
4.002922,0.889559,2023-01-01T03:10:06
4.002922,0.889559,2023-01-01T03:10:07
4.002922,0.889559,2023-01-01T03:10:08
4.002922,0.889559,2023-01-01T03:10:09
4.002922,0.889559,2023-01-01T03:10:10
4.002922,0.889559,2023-01-01T03:10:11
4.002922,0.889559,2023-01-01T03:10:12
4.002922,0.889559,2023-01-01T03:10:13
4.002922,0.889559,2023-01-01T03:10:14
4.002922,0.889559,2023-01-01T03:10:15
4.002922,0.889559,2023-01-01T03:10:16
4.002922,0.889559,2023-01-01T03:10:17
4.002922,0.889559,2023-01-01T03:10:18
4.002922,0.889559,2023-01-01T03:10:19
4.002922,0.889559,2023-01-01T03:10:20
4.002922,0.889559,2023-01-01T03:10:21
4.002922,0.889559,2023-01-01T03:10:22
4.002922,0.889559,2023-01-01T03:10:23
4.002922,0.889559,2023-01-01T03:10:24
4.002922,0.889559,2023-01-01T03:10:25
4.002922,0.889559,2023-01-01T03:10:26
4.002922,0.889559,2023-01-01T03:10:27
4.002922,0.889559,2023-01-01T03:10:28
4.002922,0.889559,2023-01-01T03:10:29
4.002922,0.889559,2023-01-01T03:10:30
4.002922,0.889559,2023-01-01T03:10:31
4.002922,0.889559,2023-01-01T03:10:32
4.002922,0.889559,2023-01-01T03:10:33
4.002922,0.889559,2023-01-01T03:10:34
4.002922,0.889559,2023-01-01T03:10:35
4.002922,0.889559,2023-01-01T03:10:36
4.002922,0.889559,2023-01-01T03:10:37
4.002922,0.889559,2023-01-01T03:10:38
4.002922,0.889559,2023-01-01T03:10:39
4.002922,0.889559,2023-01-01T03:10:40
4.002922,0.889559,2023-01-01T03:10:41
4.002922,0.889559,2023-01-01T03:10:42
4.002922,0.889559,2023-01-01T03:10:43
4.002922,0.889559,2023-01-01T03:10:44
4.002922,0.889559,2023-01-01T03:10:45
4.002922,0.889559,2023-01-01T03:10:46
4.002922,0.889559,2023-01-01T03:10:47
4.002922,0.889559,2023-01-01T03:10:48
4.002922,0.889559,2023-01-01T03:10:49
4.002922,0.889559,2023-01-01T03:10:50
4.002922,0.889559,2023-01-01T03:10:51
4.002922,0.889559,2023-01-01T03:10:52
4.002922,0.889559,2023-01-01T03:10:53
4.002922,0.889559,2023-01-01T03:10:54
4.002922,0.889559,2023-01-01T03:10:55
4.002922,0.889559,2023-01-01T03:10:56
4.002922,0.889559,2023-01-01T03:10:57
4.002922,0.889559,2023-01-01T03:10:58
4.002922,0.889559,2023-01-01T03:10:59
4.002922,0.889559,2023-01-01T03:11:00
4.002922,0.889559,2023-01-01T03:11:01
4.002922,0.889559,2023-01-01T03:11:02
4.002922,0.889559,2023-01-01T03:11:03
4.002922,0.889559,2023-01-01T03:11:04
4.002922,0.889559,2023-01-01T03:11:05
4.002922,0.889559,2023-01-01T03:11:06
4.002922,0.889559,2023-01-01T03:11:07
4.002922,0.889559,2023-01-01T03:11:08
4.002922,0.889559,2023-01-01T03:11:09
4.002922,0.889559,2023-01-01T03:11:10
4.002922,0.889559,2023-01-01T03:11:11
4.002922,0.889559,2023-01-01T03:11:12
4.002922,0.889559,2023-01-01T03:11:13
4.002922,0.889559,2023-01-01T03:11:14
4.114114,0.889559,2023-01-01T03:11:15
4.114114,0.889559,2023-01-01T03:11:16
4.114114,0.889559,2023-01-01T03:11:17
4.114114,0.889559,2023-01-01T03:11:18
4.114114,0.889559,2023-01-01T03:11:19
4.114114,0.889559,2023-01-01T03:11:20
4.114114,0.889559,2023-01-01T03:11:21
4.114114,0.889559,2023-01-01T03:11:22
4.114114,0.889559,2023-01-01T03:11:23
4.114114,0.889559,2023-01-01T03:11:24
4.114114,0.889559,2023-01-01T03:11:25
4.114114,0.889559,2023-01-01T03:11:26
4.114114,0.889559,2023-01-01T03:11:27
4.114114,0.889559,2023-01-01T03:11:28
4.114114,0.889559,2023-01-01T03:11:29
4.114114,0.889559,2023-01-01T03:11:30
4.114114,0.889559,2023-01-01T03:11:31
4.114114,0.889559,2023-01-01T03:11:32
4.114114,0.889559,2023-01-01T03:11:33
4.114114,0.889559,2023-01-01T03:11:34
4.114114,0.889559,2023-01-01T03:11:35
4.114114,0.889559,2023-01-01T03:11:36
4.114114,0.889559,2023-01-01T03:11:37
4.114114,0.889559,2023-01-01T03:11:38
4.114114,0.889559,2023-01-01T03:11:39
4.114114,0.889559,2023-01-01T03:11:40
4.114114,0.889559,2023-01-01T03:11:41
4.114114,0.889559,2023-01-01T03:11:42
4.114114,0.889559,2023-01-01T03:11:43
4.114114,0.889559,2023-01-01T03:11:44
4.114114,0.889559,2023-01-01T03:11:45
4.114114,0.889559,2023-01-01T03:11:46
4.114114,0.889559,2023-01-01T03:11:47
4.225307,0.889559,2023-01-01T03:11:48
4.225307,0.889559,2023-01-01T03:11:49
4.225307,0.889559,2023-01-01T03:11:50
4.225307,0.889559,2023-01-01T03:11:51
4.225307,0.889559,2023-01-01T03:11:52
4.225307,0.889559,2023-01-01T03:11:53
4.225307,0.889559,2023-01-01T03:11:54
4.225307,0.889559,2023-01-01T03:11:55
4.225307,0.889559,2023-01-01T03:11:56
4.225307,0.889559,2023-01-01T03:11:57
4.225307,0.889559,2023-01-01T03:11:58
4.225307,0.889559,2023-01-01T03:11:59
4.225307,0.889559,2023-01-01T03:12:00
4.225307,0.889559,2023-01-01T03:12:01
4.225307,0.889559,2023-01-01T03:12:02
4.225307,0.889559,2023-01-01T03:12:03
4.225307,0.889559,2023-01-01T03:12:04
4.336499,0.889559,2023-01-01T03:12:05
4.336499,0.889559,2023-01-01T03:12:06
4.336499,0.889559,2023-01-01T03:12:07
4.336499,0.889559,2023-01-01T03:12:08
4.336499,1.000754,2023-01-01T03:12:09
4.336499,1.000754,2023-01-01T03:12:10
4.336499,1.000754,2023-01-01T03:12:11
4.336499,1.000754,2023-01-01T03:12:12
4.336499,1.000754,2023-01-01T03:12:13
4.336499,1.000754,2023-01-01T03:12:14
4.336499,1.000754,2023-01-01T03:12:15
4.336499,1.000754,2023-01-01T03:12:16
4.336499,1.000754,2023-01-01T03:12:17
4.336499,1.000754,2023-01-01T03:12:18
4.336499,1.000754,2023-01-01T03:12:19
4.336499,1.000754,2023-01-01T03:12:20
4.336499,1.000754,2023-01-01T03:12:21
4.336499,1.000754,2023-01-01T03:12:22
4.336499,1.000754,2023-01-01T03:12:23
4.336499,1.000754,2023-01-01T03:12:24
4.336499,1.000754,2023-01-01T03:12:25
4.336499,1.000754,2023-01-01T03:12:26
4.336499,1.000754,2023-01-01T03:12:27
4.336499,1.000754,2023-01-01T03:12:28
4.336499,1.000754,2023-01-01T03:12:29
4.336499,1.000754,2023-01-01T03:12:30
4.336499,1.000754,2023-01-01T03:12:31
4.447691,1.000754,2023-01-01T03:12:32
4.447691,1.000754,2023-01-01T03:12:33
4.447691,1.000754,2023-01-01T03:12:34
4.447691,1.000754,2023-01-01T03:12:35
4.447691,1.000754,2023-01-01T03:12:36
4.447691,1.000754,2023-01-01T03:12:37
4.447691,1.000754,2023-01-01T03:12:38
4.447691,1.000754,2023-01-01T03:12:39
4.447691,1.000754,2023-01-01T03:12:40
4.447691,1.000754,2023-01-01T03:12:41
4.447691,1.000754,2023-01-01T03:12:42
4.447691,1.000754,2023-01-01T03:12:43
4.447691,1.000754,2023-01-01T03:12:44
4.447691,1.000754,2023-01-01T03:12:45
4.447691,1.000754,2023-01-01T03:12:46
4.447691,1.000754,2023-01-01T03:12:47
4.447691,1.000754,2023-01-01T03:12:48
4.447691,1.000754,2023-01-01T03:12:49
4.447691,1.000754,2023-01-01T03:12:50
4.447691,1.000754,2023-01-01T03:12:51
4.447691,1.000754,2023-01-01T03:12:52
4.447691,1.000754,2023-01-01T03:12:53
4.447691,1.000754,2023-01-01T03:12:54
4.447691,1.000754,2023-01-01T03:12:55
4.447691,1.000754,2023-01-01T03:12:56
4.447691,1.000754,2023-01-01T03:12:57
4.447691,1.000754,2023-01-01T03:12:58
4.447691,1.000754,2023-01-01T03:12:59
4.447691,1.000754,2023-01-01T03:13:00
4.447691,1.000754,2023-01-01T03:13:01
4.447691,1.000754,2023-01-01T03:13:02
4.447691,1.000754,2023-01-01T03:13:03
4.447691,1.000754,2023-01-01T03:13:04
4.447691,1.000754,2023-01-01T03:13:05
4.447691,1.000754,2023-01-01T03:13:06
4.447691,1.000754,2023-01-01T03:13:07
4.447691,1.000754,2023-01-01T03:13:08
4.447691,1.000754,2023-01-01T03:13:09
4.447691,1.000754,2023-01-01T03:13:10
4.447691,1.000754,2023-01-01T03:13:11
4.447691,1.000754,2023-01-01T03:13:12
4.447691,1.000754,2023-01-01T03:13:13
4.447691,1.000754,2023-01-01T03:13:14
4.447691,1.000754,2023-01-01T03:13:15
4.447691,1.000754,2023-01-01T03:13:16
4.447691,1.111949,2023-01-01T03:13:17
4.447691,1.111949,2023-01-01T03:13:18
4.447691,1.111949,2023-01-01T03:13:19
4.447691,1.111949,2023-01-01T03:13:20
4.447691,1.111949,2023-01-01T03:13:21
4.447691,1.111949,2023-01-01T03:13:22
4.447691,1.111949,2023-01-01T03:13:23
4.447691,1.111949,2023-01-01T03:13:24
4.447691,1.111949,2023-01-01T03:13:25
4.447691,1.111949,2023-01-01T03:13:26
4.447691,1.111949,2023-01-01T03:13:27
4.447691,1.111949,2023-01-01T03:13:28
4.447691,1.111949,2023-01-01T03:13:29
4.447691,1.111949,2023-01-01T03:13:30
4.447691,1.111949,2023-01-01T03:13:31
4.447691,1.111949,2023-01-01T03:13:32
4.336499,1.111949,2023-01-01T03:13:33
4.336499,1.111949,2023-01-01T03:13:34
4.336499,1.111949,2023-01-01T03:13:35
4.447691,1.111949,2023-01-01T03:13:36
4.447691,1.111949,2023-01-01T03:13:37
4.447691,1.111949,2023-01-01T03:13:38
4.447691,1.111949,2023-01-01T03:13:39
4.447691,1.111949,2023-01-01T03:13:40
4.447691,1.111949,2023-01-01T03:13:41
4.447691,1.111949,2023-01-01T03:13:42
4.336499,1.000754,2023-01-01T03:13:43
4.447691,1.000754,2023-01-01T03:13:44
4.336499,1.000754,2023-01-01T03:13:45
4.447691,1.000754,2023-01-01T03:13:46
4.447691,1.000754,2023-01-01T03:13:47
4.447691,1.000754,2023-01-01T03:13:48
4.447691,1.000754,2023-01-01T03:13:49
4.447691,1.000754,2023-01-01T03:13:50
4.447691,1.000754,2023-01-01T03:13:51
4.447691,1.000754,2023-01-01T03:13:52
4.447691,1.000754,2023-01-01T03:13:53
4.447691,1.000754,2023-01-01T03:13:54
4.447691,1.000754,2023-01-01T03:13:55
4.447691,1.000754,2023-01-01T03:13:56
4.447691,1.000754,2023-01-01T03:13:57
4.447691,1.000754,2023-01-01T03:13:58
4.447691,1.000754,2023-01-01T03:13:59
4.447691,1.000754,2023-01-01T03:14:00
4.447691,1.000754,2023-01-01T03:14:01
4.447691,1.000754,2023-01-01T03:14:02
4.447691,1.000754,2023-01-01T03:14:03
4.447691,1.000754,2023-01-01T03:14:04
4.447691,1.000754,2023-01-01T03:14:05
4.447691,1.000754,2023-01-01T03:14:06
4.447691,1.000754,2023-01-01T03:14:07
4.447691,1.000754,2023-01-01T03:14:08
4.447691,1.000754,2023-01-01T03:14:09
4.447691,1.000754,2023-01-01T03:14:10
4.447691,1.000754,2023-01-01T03:14:11
4.447691,1.000754,2023-01-01T03:14:12
4.447691,1.000754,2023-01-01T03:14:13
4.447691,1.000754,2023-01-01T03:14:14
4.447691,1.000754,2023-01-01T03:14:15
4.447691,1.000754,2023-01-01T03:14:16
4.447691,1.000754,2023-01-01T03:14:17
4.447691,1.000754,2023-01-01T03:14:18
4.447691,1.000754,2023-01-01T03:14:19
4.447691,1.000754,2023-01-01T03:14:20
4.447691,1.000754,2023-01-01T03:14:21
4.447691,1.000754,2023-01-01T03:14:22
4.447691,1.000754,2023-01-01T03:14:23
4.447691,1.000754,2023-01-01T03:14:24
4.447691,1.000754,2023-01-01T03:14:25
4.447691,1.000754,2023-01-01T03:14:26
4.447691,1.000754,2023-01-01T03:14:27
4.447691,1.000754,2023-01-01T03:14:28
4.447691,1.000754,2023-01-01T03:14:29
4.447691,1.000754,2023-01-01T03:14:30
4.447691,1.000754,2023-01-01T03:14:31
4.447691,1.000754,2023-01-01T03:14:32
4.447691,1.000754,2023-01-01T03:14:33
4.447691,1.000754,2023-01-01T03:14:34
4.447691,1.000754,2023-01-01T03:14:35
4.447691,1.000754,2023-01-01T03:14:36
4.447691,1.000754,2023-01-01T03:14:37
4.447691,1.000754,2023-01-01T03:14:38
4.447691,1.000754,2023-01-01T03:14:39
4.447691,1.000754,2023-01-01T03:14:40
4.447691,1.000754,2023-01-01T03:14:41
4.447691,1.000754,2023-01-01T03:14:42
4.447691,1.000754,2023-01-01T03:14:43
4.447691,1.000754,2023-01-01T03:14:44
4.447691,1.000754,2023-01-01T03:14:45
4.447691,1.000754,2023-01-01T03:14:46
4.447691,1.000754,2023-01-01T03:14:47
4.447691,1.000754,2023-01-01T03:14:48
4.447691,1.000754,2023-01-01T03:14:49
4.447691,1.000754,2023-01-01T03:14:50
4.447691,1.000754,2023-01-01T03:14:51
4.447691,1.000754,2023-01-01T03:14:52
4.447691,1.000754,2023-01-01T03:14:53
4.447691,1.000754,2023-01-01T03:14:54
4.447691,1.000754,2023-01-01T03:14:55
4.447691,1.000754,2023-01-01T03:14:56
4.447691,1.000754,2023-01-01T03:14:57
4.447691,1.000754,2023-01-01T03:14:58
4.447691,1.000754,2023-01-01T03:14:59
4.447691,1.000754,2023-01-01T03:15:00
4.447691,1.000754,2023-01-01T03:15:01
4.447691,1.000754,2023-01-01T03:15:02
4.447691,1.000754,2023-01-01T03:15:03
4.447691,1.000754,2023-01-01T03:15:04
4.447691,1.000754,2023-01-01T03:15:05
4.447691,1.000754,2023-01-01T03:15:06
4.447691,1.000754,2023-01-01T03:15:07
4.447691,1.000754,2023-01-01T03:15:08
4.447691,1.000754,2023-01-01T03:15:09
4.447691,1.000754,2023-01-01T03:15:10
4.447691,1.000754,2023-01-01T03:15:11
4.447691,1.000754,2023-01-01T03:15:12
4.447691,1.000754,2023-01-01T03:15:13
4.447691,1.000754,2023-01-01T03:15:14
4.447691,1.000754,2023-01-01T03:15:15
4.447691,1.000754,2023-01-01T03:15:16
4.447691,1.000754,2023-01-01T03:15:17
4.447691,1.000754,2023-01-01T03:15:18
4.447691,1.000754,2023-01-01T03:15:19
4.447691,1.000754,2023-01-01T03:15:20
4.447691,1.000754,2023-01-01T03:15:21
4.447691,1.000754,2023-01-01T03:15:22
4.447691,1.000754,2023-01-01T03:15:23
4.447691,1.000754,2023-01-01T03:15:24
4.447691,1.000754,2023-01-01T03:15:25
4.447691,1.000754,2023-01-01T03:15:26
4.447691,1.000754,2023-01-01T03:15:27
4.447691,0.889559,2023-01-01T03:15:28
4.447691,0.889559,2023-01-01T03:15:29
4.447691,0.889559,2023-01-01T03:15:30
4.447691,0.889559,2023-01-01T03:15:31
4.447691,0.889559,2023-01-01T03:15:32
4.447691,0.889559,2023-01-01T03:15:33
4.447691,0.889559,2023-01-01T03:15:34
4.447691,0.889559,2023-01-01T03:15:35
4.447691,0.889559,2023-01-01T03:15:36
4.447691,0.889559,2023-01-01T03:15:37
4.447691,0.889559,2023-01-01T03:15:38
4.447691,0.889559,2023-01-01T03:15:39
4.447691,0.889559,2023-01-01T03:15:40
4.447691,0.889559,2023-01-01T03:15:41
4.447691,0.889559,2023-01-01T03:15:42
4.447691,0.889559,2023-01-01T03:15:43
4.447691,0.889559,2023-01-01T03:15:44
4.447691,0.889559,2023-01-01T03:15:45
4.447691,0.889559,2023-01-01T03:15:46
4.447691,0.889559,2023-01-01T03:15:47
4.447691,0.889559,2023-01-01T03:15:48
4.447691,0.889559,2023-01-01T03:15:49
4.447691,0.889559,2023-01-01T03:15:50
4.447691,0.889559,2023-01-01T03:15:51
4.447691,0.889559,2023-01-01T03:15:52
4.447691,0.889559,2023-01-01T03:15:53
4.447691,0.889559,2023-01-01T03:15:54
4.447691,0.889559,2023-01-01T03:15:55
4.447691,0.889559,2023-01-01T03:15:56
4.447691,0.889559,2023-01-01T03:15:57
4.447691,0.889559,2023-01-01T03:15:58
4.447691,0.889559,2023-01-01T03:15:59
4.447691,0.889559,2023-01-01T03:16:00
4.447691,0.889559,2023-01-01T03:16:01
4.447691,0.889559,2023-01-01T03:16:02
4.447691,0.889559,2023-01-01T03:16:03
4.447691,0.889559,2023-01-01T03:16:04
4.447691,0.889559,2023-01-01T03:16:05
4.447691,0.889559,2023-01-01T03:16:06
4.447691,0.889559,2023-01-01T03:16:07
4.447691,0.889559,2023-01-01T03:16:08
4.447691,0.889559,2023-01-01T03:16:09
4.447691,0.889559,2023-01-01T03:16:10
4.447691,0.889559,2023-01-01T03:16:11
4.447691,0.889559,2023-01-01T03:16:12
4.447691,0.889559,2023-01-01T03:16:13
4.447691,0.889559,2023-01-01T03:16:14
4.447691,0.889559,2023-01-01T03:16:15
4.447691,0.889559,2023-01-01T03:16:16
4.447691,0.889559,2023-01-01T03:16:17
4.447691,0.889559,2023-01-01T03:16:18
4.447691,0.889559,2023-01-01T03:16:19
4.447691,0.889559,2023-01-01T03:16:20
4.447691,0.889559,2023-01-01T03:16:21
4.447691,0.889559,2023-01-01T03:16:22
4.447691,0.889559,2023-01-01T03:16:23
4.447691,0.889559,2023-01-01T03:16:24
4.447691,0.889559,2023-01-01T03:16:25
4.447691,0.889559,2023-01-01T03:16:26
4.447691,0.889559,2023-01-01T03:16:27
4.447691,0.889559,2023-01-01T03:16:28
4.447691,0.889559,2023-01-01T03:16:29
4.447691,0.889559,2023-01-01T03:16:30
4.447691,0.889559,2023-01-01T03:16:31
4.447691,0.889559,2023-01-01T03:16:32
4.447691,0.889559,2023-01-01T03:16:33
4.447691,0.889559,2023-01-01T03:16:34
4.447691,0.889559,2023-01-01T03:16:35
4.447691,0.889559,2023-01-01T03:16:36
4.447691,0.889559,2023-01-01T03:16:37
4.447691,0.889559,2023-01-01T03:16:38
4.447691,0.889559,2023-01-01T03:16:39
4.447691,0.889559,2023-01-01T03:16:40
4.447691,0.889559,2023-01-01T03:16:41
4.447691,0.889559,2023-01-01T03:16:42
4.447691,0.889559,2023-01-01T03:16:43
4.447691,0.889559,2023-01-01T03:16:44
4.447691,0.889559,2023-01-01T03:16:45
4.447691,0.889559,2023-01-01T03:16:46
4.447691,0.889559,2023-01-01T03:16:47
4.447691,0.889559,2023-01-01T03:16:48
4.447691,0.889559,2023-01-01T03:16:49
4.447691,0.889559,2023-01-01T03:16:50
4.447691,0.889559,2023-01-01T03:16:51
4.447691,0.889559,2023-01-01T03:16:52
4.447691,0.889559,2023-01-01T03:16:53
4.447691,0.889559,2023-01-01T03:16:54
4.447691,0.889559,2023-01-01T03:16:55
4.447691,0.889559,2023-01-01T03:16:56
4.447691,0.889559,2023-01-01T03:16:57
4.447691,0.889559,2023-01-01T03:16:58
4.447691,0.889559,2023-01-01T03:16:59
4.447691,0.889559,2023-01-01T03:17:00
4.447691,0.889559,2023-01-01T03:17:01
4.447691,0.889559,2023-01-01T03:17:02
4.447691,0.889559,2023-01-01T03:17:03
4.447691,0.889559,2023-01-01T03:17:04
4.447691,0.889559,2023-01-01T03:17:05
4.447691,0.889559,2023-01-01T03:17:06
4.447691,0.889559,2023-01-01T03:17:07
4.447691,0.889559,2023-01-01T03:17:08
4.447691,0.889559,2023-01-01T03:17:09
4.447691,0.889559,2023-01-01T03:17:10
4.447691,0.889559,2023-01-01T03:17:11
4.447691,0.889559,2023-01-01T03:17:12
4.447691,0.889559,2023-01-01T03:17:13
4.447691,0.889559,2023-01-01T03:17:14
4.447691,0.889559,2023-01-01T03:17:15
4.447691,0.889559,2023-01-01T03:17:16
4.447691,0.889559,2023-01-01T03:17:17
4.447691,0.889559,2023-01-01T03:17:18
4.447691,0.889559,2023-01-01T03:17:19
4.447691,0.889559,2023-01-01T03:17:20
4.447691,0.889559,2023-01-01T03:17:21
4.447691,0.889559,2023-01-01T03:17:22
4.447691,0.889559,2023-01-01T03:17:23
4.447691,1.000754,2023-01-01T03:17:24
4.447691,1.000754,2023-01-01T03:17:25
4.447691,1.000754,2023-01-01T03:17:26
4.447691,1.000754,2023-01-01T03:17:27
4.447691,1.000754,2023-01-01T03:17:28
4.447691,1.000754,2023-01-01T03:17:29
4.447691,1.000754,2023-01-01T03:17:30
4.447691,1.000754,2023-01-01T03:17:31
4.447691,1.000754,2023-01-01T03:17:32
4.447691,1.000754,2023-01-01T03:17:33
4.447691,1.000754,2023-01-01T03:17:34
4.447691,1.000754,2023-01-01T03:17:35
4.447691,1.000754,2023-01-01T03:17:36
4.447691,1.000754,2023-01-01T03:17:37
4.447691,1.000754,2023-01-01T03:17:38
4.447691,1.000754,2023-01-01T03:17:39
4.447691,1.000754,2023-01-01T03:17:40
4.447691,1.000754,2023-01-01T03:17:41
4.447691,1.000754,2023-01-01T03:17:42
4.447691,1.000754,2023-01-01T03:17:43
4.447691,1.000754,2023-01-01T03:17:44
4.447691,1.000754,2023-01-01T03:17:45
4.447691,1.000754,2023-01-01T03:17:46
4.447691,1.000754,2023-01-01T03:17:47
4.447691,1.000754,2023-01-01T03:17:48
4.447691,1.000754,2023-01-01T03:17:49
4.447691,1.000754,2023-01-01T03:17:50
4.447691,1.000754,2023-01-01T03:17:51
4.447691,1.000754,2023-01-01T03:17:52
4.447691,1.000754,2023-01-01T03:17:53
4.447691,1.000754,2023-01-01T03:17:54
4.447691,1.000754,2023-01-01T03:17:55
4.447691,1.000754,2023-01-01T03:17:56
4.447691,1.000754,2023-01-01T03:17:57
4.447691,1.000754,2023-01-01T03:17:58
4.447691,1.000754,2023-01-01T03:17:59
4.447691,1.000754,2023-01-01T03:18:00
4.447691,1.000754,2023-01-01T03:18:01
4.447691,1.000754,2023-01-01T03:18:02
4.447691,1.000754,2023-01-01T03:18:03
4.447691,1.000754,2023-01-01T03:18:04
4.447691,1.000754,2023-01-01T03:18:05
4.447691,1.000754,2023-01-01T03:18:06
4.447691,1.000754,2023-01-01T03:18:07
4.447691,1.000754,2023-01-01T03:18:08
4.447691,1.000754,2023-01-01T03:18:09
4.447691,1.000754,2023-01-01T03:18:10
4.447691,1.000754,2023-01-01T03:18:11
4.447691,1.000754,2023-01-01T03:18:12
4.447691,1.000754,2023-01-01T03:18:13
4.447691,1.000754,2023-01-01T03:18:14
4.447691,1.000754,2023-01-01T03:18:15
4.447691,1.000754,2023-01-01T03:18:16
4.447691,1.000754,2023-01-01T03:18:17
4.447691,1.000754,2023-01-01T03:18:18
4.447691,1.000754,2023-01-01T03:18:19
4.447691,1.000754,2023-01-01T03:18:20
4.447691,1.000754,2023-01-01T03:18:21
4.447691,1.000754,2023-01-01T03:18:22
4.447691,1.000754,2023-01-01T03:18:23
4.447691,1.000754,2023-01-01T03:18:24
4.447691,1.000754,2023-01-01T03:18:25
4.447691,1.000754,2023-01-01T03:18:26
4.447691,1.000754,2023-01-01T03:18:27
4.447691,1.000754,2023-01-01T03:18:28
4.447691,1.000754,2023-01-01T03:18:29
4.447691,1.000754,2023-01-01T03:18:30
4.447691,1.000754,2023-01-01T03:18:31
4.447691,1.000754,2023-01-01T03:18:32
4.447691,1.000754,2023-01-01T03:18:33
4.447691,1.000754,2023-01-01T03:18:34
4.447691,1.000754,2023-01-01T03:18:35
4.447691,1.000754,2023-01-01T03:18:36
4.447691,1.000754,2023-01-01T03:18:37
4.447691,1.000754,2023-01-01T03:18:38
4.447691,1.000754,2023-01-01T03:18:39
4.447691,1.000754,2023-01-01T03:18:40
4.447691,1.000754,2023-01-01T03:18:41
4.447691,1.000754,2023-01-01T03:18:42
4.447691,1.000754,2023-01-01T03:18:43
4.447691,1.000754,2023-01-01T03:18:44
4.447691,1.000754,2023-01-01T03:18:45
4.447691,1.000754,2023-01-01T03:18:46
4.447691,1.000754,2023-01-01T03:18:47
4.447691,1.000754,2023-01-01T03:18:48
4.447691,1.000754,2023-01-01T03:18:49
4.447691,1.000754,2023-01-01T03:18:50
4.447691,1.000754,2023-01-01T03:18:51
4.447691,1.000754,2023-01-01T03:18:52
4.447691,1.000754,2023-01-01T03:18:53
4.447691,1.000754,2023-01-01T03:18:54
4.447691,1.000754,2023-01-01T03:18:55
4.447691,1.000754,2023-01-01T03:18:56
4.447691,1.000754,2023-01-01T03:18:57
4.447691,1.000754,2023-01-01T03:18:58
4.447691,1.000754,2023-01-01T03:18:59
4.447691,1.000754,2023-01-01T03:19:00
4.447691,1.000754,2023-01-01T03:19:01
4.447691,1.000754,2023-01-01T03:19:02
4.447691,1.000754,2023-01-01T03:19:03
4.447691,1.000754,2023-01-01T03:19:04
4.447691,1.000754,2023-01-01T03:19:05
4.447691,1.000754,2023-01-01T03:19:06
4.447691,1.000754,2023-01-01T03:19:07
4.447691,1.000754,2023-01-01T03:19:08
4.447691,1.000754,2023-01-01T03:19:09
4.447691,1.000754,2023-01-01T03:19:10
4.447691,1.000754,2023-01-01T03:19:11
4.447691,1.000754,2023-01-01T03:19:12
4.447691,1.000754,2023-01-01T03:19:13
4.447691,1.000754,2023-01-01T03:19:14
4.447691,1.000754,2023-01-01T03:19:15
4.447691,1.000754,2023-01-01T03:19:16
4.447691,1.000754,2023-01-01T03:19:17
4.447691,1.000754,2023-01-01T03:19:18
4.447691,1.000754,2023-01-01T03:19:19
4.447691,1.000754,2023-01-01T03:19:20
4.447691,1.000754,2023-01-01T03:19:21
4.447691,1.000754,2023-01-01T03:19:22
4.447691,1.000754,2023-01-01T03:19:23
4.447691,1.000754,2023-01-01T03:19:24
4.447691,1.000754,2023-01-01T03:19:25
4.447691,1.000754,2023-01-01T03:19:26
4.447691,1.000754,2023-01-01T03:19:27
4.447691,1.000754,2023-01-01T03:19:28
4.447691,1.000754,2023-01-01T03:19:29
4.447691,1.000754,2023-01-01T03:19:30
4.447691,1.000754,2023-01-01T03:19:31
4.447691,1.000754,2023-01-01T03:19:32
4.447691,1.000754,2023-01-01T03:19:33
4.447691,1.000754,2023-01-01T03:19:34
4.447691,1.000754,2023-01-01T03:19:35
4.447691,1.000754,2023-01-01T03:19:36
4.447691,1.000754,2023-01-01T03:19:37
4.447691,1.000754,2023-01-01T03:19:38
4.447691,1.000754,2023-01-01T03:19:39
4.447691,1.000754,2023-01-01T03:19:40
4.447691,1.000754,2023-01-01T03:19:41
4.447691,1.000754,2023-01-01T03:19:42
4.447691,1.000754,2023-01-01T03:19:43
4.447691,1.000754,2023-01-01T03:19:44
4.447691,1.000754,2023-01-01T03:19:45
4.447691,1.000754,2023-01-01T03:19:46
4.447691,1.000754,2023-01-01T03:19:47
4.447691,1.000754,2023-01-01T03:19:48
4.447691,1.000754,2023-01-01T03:19:49
4.447691,0.889559,2023-01-01T03:19:50
4.447691,0.889559,2023-01-01T03:19:51
4.447691,0.889559,2023-01-01T03:19:52
4.447691,0.889559,2023-01-01T03:19:53
4.447691,0.889559,2023-01-01T03:19:54
4.447691,0.889559,2023-01-01T03:19:55
4.447691,0.889559,2023-01-01T03:19:56
4.447691,0.889559,2023-01-01T03:19:57
4.447691,0.889559,2023-01-01T03:19:58
4.447691,0.889559,2023-01-01T03:19:59
4.447691,0.889559,2023-01-01T03:20:00
4.447691,0.889559,2023-01-01T03:20:01
4.447691,0.889559,2023-01-01T03:20:02
4.447691,0.889559,2023-01-01T03:20:03
4.447691,0.889559,2023-01-01T03:20:04
4.447691,0.889559,2023-01-01T03:20:05
4.447691,0.889559,2023-01-01T03:20:06
4.447691,0.889559,2023-01-01T03:20:07
4.447691,0.889559,2023-01-01T03:20:08
4.447691,0.889559,2023-01-01T03:20:09
4.447691,0.889559,2023-01-01T03:20:10
4.447691,0.889559,2023-01-01T03:20:11
4.447691,0.889559,2023-01-01T03:20:12
4.447691,0.889559,2023-01-01T03:20:13
4.447691,0.889559,2023-01-01T03:20:14
4.447691,0.889559,2023-01-01T03:20:15
4.447691,0.889559,2023-01-01T03:20:16
4.447691,0.889559,2023-01-01T03:20:17
4.447691,0.889559,2023-01-01T03:20:18
4.447691,0.889559,2023-01-01T03:20:19
4.447691,0.889559,2023-01-01T03:20:20
4.447691,0.889559,2023-01-01T03:20:21
4.447691,0.889559,2023-01-01T03:20:22
4.447691,0.889559,2023-01-01T03:20:23
4.447691,0.889559,2023-01-01T03:20:24
4.447691,0.889559,2023-01-01T03:20:25
4.447691,0.889559,2023-01-01T03:20:26
4.447691,0.889559,2023-01-01T03:20:27
4.447691,0.889559,2023-01-01T03:20:28
4.447691,0.889559,2023-01-01T03:20:29
4.447691,0.889559,2023-01-01T03:20:30
4.447691,0.889559,2023-01-01T03:20:31
4.447691,0.889559,2023-01-01T03:20:32
4.447691,0.889559,2023-01-01T03:20:33
4.447691,0.889559,2023-01-01T03:20:34
4.447691,0.889559,2023-01-01T03:20:35
4.447691,0.889559,2023-01-01T03:20:36
4.447691,0.889559,2023-01-01T03:20:37
4.447691,0.889559,2023-01-01T03:20:38
4.447691,0.889559,2023-01-01T03:20:39
4.447691,0.889559,2023-01-01T03:20:40
4.447691,0.889559,2023-01-01T03:20:41
4.447691,0.889559,2023-01-01T03:20:42
4.447691,0.889559,2023-01-01T03:20:43
4.447691,0.889559,2023-01-01T03:20:44
4.447691,0.889559,2023-01-01T03:20:45
4.447691,0.889559,2023-01-01T03:20:46
4.447691,0.889559,2023-01-01T03:20:47
4.447691,0.889559,2023-01-01T03:20:48
4.447691,0.889559,2023-01-01T03:20:49
4.447691,0.889559,2023-01-01T03:20:50
4.447691,0.889559,2023-01-01T03:20:51
4.447691,0.889559,2023-01-01T03:20:52
4.447691,0.889559,2023-01-01T03:20:53
4.447691,0.889559,2023-01-01T03:20:54
4.447691,0.889559,2023-01-01T03:20:55
4.447691,0.889559,2023-01-01T03:20:56
4.447691,0.889559,2023-01-01T03:20:57
4.447691,0.889559,2023-01-01T03:20:58
4.447691,0.889559,2023-01-01T03:20:59
4.447691,0.889559,2023-01-01T03:21:00
4.447691,0.889559,2023-01-01T03:21:01
4.447691,0.889559,2023-01-01T03:21:02
4.447691,0.889559,2023-01-01T03:21:03
4.447691,0.889559,2023-01-01T03:21:04
4.447691,0.889559,2023-01-01T03:21:05
4.447691,0.889559,2023-01-01T03:21:06
4.447691,0.889559,2023-01-01T03:21:07
4.447691,0.889559,2023-01-01T03:21:08
4.447691,0.889559,2023-01-01T03:21:09
4.447691,0.889559,2023-01-01T03:21:10
4.447691,0.889559,2023-01-01T03:21:11
4.447691,0.889559,2023-01-01T03:21:12
4.447691,0.889559,2023-01-01T03:21:13
4.447691,0.889559,2023-01-01T03:21:14
4.447691,0.889559,2023-01-01T03:21:15
4.447691,0.889559,2023-01-01T03:21:16
4.447691,0.889559,2023-01-01T03:21:17
4.447691,0.889559,2023-01-01T03:21:18
4.447691,0.889559,2023-01-01T03:21:19
4.447691,0.889559,2023-01-01T03:21:20
4.447691,0.889559,2023-01-01T03:21:21
4.447691,0.889559,2023-01-01T03:21:22
4.447691,0.889559,2023-01-01T03:21:23
4.447691,0.889559,2023-01-01T03:21:24
4.447691,0.889559,2023-01-01T03:21:25
4.558884,0.778364,2023-01-01T03:21:26
4.558884,0.778364,2023-01-01T03:21:27
4.558884,0.778364,2023-01-01T03:21:28
4.558884,0.778364,2023-01-01T03:21:29
4.558884,0.778364,2023-01-01T03:21:30
4.558884,0.778364,2023-01-01T03:21:31
4.558884,0.778364,2023-01-01T03:21:32
4.558884,0.778364,2023-01-01T03:21:33
4.558884,0.778364,2023-01-01T03:21:34
4.558884,0.778364,2023-01-01T03:21:35
4.558884,0.778364,2023-01-01T03:21:36
4.558884,0.778364,2023-01-01T03:21:37
4.558884,0.778364,2023-01-01T03:21:38
4.558884,0.778364,2023-01-01T03:21:39
4.558884,0.778364,2023-01-01T03:21:40
4.558884,0.778364,2023-01-01T03:21:41
4.558884,0.778364,2023-01-01T03:21:42
4.558884,0.778364,2023-01-01T03:21:43
4.558884,0.778364,2023-01-01T03:21:44
4.558884,0.778364,2023-01-01T03:21:45
4.558884,0.778364,2023-01-01T03:21:46
4.558884,0.778364,2023-01-01T03:21:47
4.558884,0.778364,2023-01-01T03:21:48
4.558884,0.778364,2023-01-01T03:21:49
4.558884,0.778364,2023-01-01T03:21:50
4.558884,0.778364,2023-01-01T03:21:51
4.558884,0.778364,2023-01-01T03:21:52
4.558884,0.778364,2023-01-01T03:21:53
4.558884,0.778364,2023-01-01T03:21:54
4.558884,0.778364,2023-01-01T03:21:55
4.558884,0.778364,2023-01-01T03:21:56
4.558884,0.778364,2023-01-01T03:21:57
4.558884,0.778364,2023-01-01T03:21:58
4.558884,0.778364,2023-01-01T03:21:59
4.558884,0.778364,2023-01-01T03:22:00
4.558884,0.778364,2023-01-01T03:22:01
4.558884,0.778364,2023-01-01T03:22:02
4.558884,0.778364,2023-01-01T03:22:03
4.558884,0.778364,2023-01-01T03:22:04
4.558884,0.778364,2023-01-01T03:22:05
4.558884,0.778364,2023-01-01T03:22:06
4.558884,0.778364,2023-01-01T03:22:07
4.558884,0.778364,2023-01-01T03:22:08
4.558884,0.778364,2023-01-01T03:22:09
4.558884,0.778364,2023-01-01T03:22:10
4.558884,0.778364,2023-01-01T03:22:11
4.558884,0.778364,2023-01-01T03:22:12
4.558884,0.778364,2023-01-01T03:22:13
4.558884,0.778364,2023-01-01T03:22:14
4.558884,0.778364,2023-01-01T03:22:15
4.558884,0.778364,2023-01-01T03:22:16
4.558884,0.778364,2023-01-01T03:22:17
4.558884,0.778364,2023-01-01T03:22:18
4.558884,0.778364,2023-01-01T03:22:19
4.558884,0.778364,2023-01-01T03:22:20
4.558884,0.778364,2023-01-01T03:22:21
4.558884,0.778364,2023-01-01T03:22:22
4.558884,0.778364,2023-01-01T03:22:23
4.558884,0.778364,2023-01-01T03:22:24
4.558884,0.778364,2023-01-01T03:22:25
4.558884,0.778364,2023-01-01T03:22:26
4.558884,0.778364,2023-01-01T03:22:27
4.558884,0.778364,2023-01-01T03:22:28
4.558884,0.778364,2023-01-01T03:22:29
4.558884,0.778364,2023-01-01T03:22:30
4.558884,0.778364,2023-01-01T03:22:31
4.558884,0.778364,2023-01-01T03:22:32
4.558884,0.778364,2023-01-01T03:22:33
4.558884,0.778364,2023-01-01T03:22:34
4.558884,0.778364,2023-01-01T03:22:35
4.558884,0.778364,2023-01-01T03:22:36
4.558884,0.778364,2023-01-01T03:22:37
4.558884,0.778364,2023-01-01T03:22:38
4.558884,0.778364,2023-01-01T03:22:39
4.558884,0.778364,2023-01-01T03:22:40
4.558884,0.778364,2023-01-01T03:22:41
4.558884,0.778364,2023-01-01T03:22:42
4.558884,0.778364,2023-01-01T03:22:43
4.558884,0.778364,2023-01-01T03:22:44
4.558884,0.778364,2023-01-01T03:22:45
4.558884,0.778364,2023-01-01T03:22:46
4.558884,0.778364,2023-01-01T03:22:47
4.558884,0.778364,2023-01-01T03:22:48
4.558884,0.778364,2023-01-01T03:22:49
4.558884,0.778364,2023-01-01T03:22:50
4.558884,0.778364,2023-01-01T03:22:51
4.558884,0.778364,2023-01-01T03:22:52
4.558884,0.778364,2023-01-01T03:22:53
4.558884,0.778364,2023-01-01T03:22:54
4.558884,0.778364,2023-01-01T03:22:55
4.558884,0.778364,2023-01-01T03:22:56
4.558884,0.778364,2023-01-01T03:22:57
4.558884,0.778364,2023-01-01T03:22:58
4.558884,0.778364,2023-01-01T03:22:59
4.558884,0.778364,2023-01-01T03:23:00
4.558884,0.778364,2023-01-01T03:23:01
4.558884,0.778364,2023-01-01T03:23:02
4.558884,0.778364,2023-01-01T03:23:03
4.558884,0.778364,2023-01-01T03:23:04
4.558884,0.778364,2023-01-01T03:23:05
4.670076,0.778364,2023-01-01T03:23:06
4.670076,0.778364,2023-01-01T03:23:07
4.670076,0.778364,2023-01-01T03:23:08
4.670076,0.778364,2023-01-01T03:23:09
4.670076,0.778364,2023-01-01T03:23:10
4.670076,0.778364,2023-01-01T03:23:11
4.670076,0.778364,2023-01-01T03:23:12
4.670076,0.778364,2023-01-01T03:23:13
4.670076,0.778364,2023-01-01T03:23:14
4.670076,0.778364,2023-01-01T03:23:15
4.670076,0.778364,2023-01-01T03:23:16
4.670076,0.778364,2023-01-01T03:23:17
4.670076,0.778364,2023-01-01T03:23:18
4.670076,0.778364,2023-01-01T03:23:19
4.670076,0.778364,2023-01-01T03:23:20
4.670076,0.778364,2023-01-01T03:23:21
4.670076,0.778364,2023-01-01T03:23:22
4.670076,0.778364,2023-01-01T03:23:23
4.670076,0.778364,2023-01-01T03:23:24
4.670076,0.778364,2023-01-01T03:23:25
4.670076,0.778364,2023-01-01T03:23:26
4.670076,0.778364,2023-01-01T03:23:27
4.670076,0.778364,2023-01-01T03:23:28
4.670076,0.778364,2023-01-01T03:23:29
4.670076,0.778364,2023-01-01T03:23:30
4.670076,0.778364,2023-01-01T03:23:31
4.670076,0.778364,2023-01-01T03:23:32
4.670076,0.778364,2023-01-01T03:23:33
4.670076,0.778364,2023-01-01T03:23:34
4.670076,0.778364,2023-01-01T03:23:35
4.670076,0.778364,2023-01-01T03:23:36
4.670076,0.778364,2023-01-01T03:23:37
4.670076,0.778364,2023-01-01T03:23:38
4.670076,0.778364,2023-01-01T03:23:39
4.670076,0.778364,2023-01-01T03:23:40
4.670076,0.778364,2023-01-01T03:23:41
4.670076,0.667170,2023-01-01T03:23:42
4.670076,0.667170,2023-01-01T03:23:43
4.781268,0.667170,2023-01-01T03:23:44
4.781268,0.667170,2023-01-01T03:23:45
4.781268,0.667170,2023-01-01T03:23:46
4.781268,0.667170,2023-01-01T03:23:47
4.781268,0.667170,2023-01-01T03:23:48
4.781268,0.667170,2023-01-01T03:23:49
4.781268,0.667170,2023-01-01T03:23:50
4.781268,0.667170,2023-01-01T03:23:51
4.781268,0.667170,2023-01-01T03:23:52
4.781268,0.667170,2023-01-01T03:23:53
4.781268,0.667170,2023-01-01T03:23:54
4.781268,0.667170,2023-01-01T03:23:55
4.781268,0.667170,2023-01-01T03:23:56
4.781268,0.667170,2023-01-01T03:23:57
4.781268,0.667170,2023-01-01T03:23:58
4.781268,0.667170,2023-01-01T03:23:59
4.781268,0.667170,2023-01-01T03:24:00
4.781268,0.667170,2023-01-01T03:24:01
4.781268,0.667170,2023-01-01T03:24:02
4.781268,0.667170,2023-01-01T03:24:03
4.781268,0.667170,2023-01-01T03:24:04
4.781268,0.667170,2023-01-01T03:24:05
4.781268,0.667170,2023-01-01T03:24:06
4.781268,0.667170,2023-01-01T03:24:07
4.781268,0.667170,2023-01-01T03:24:08
4.781268,0.667170,2023-01-01T03:24:09
4.781268,0.555975,2023-01-01T03:24:10
4.781268,0.555975,2023-01-01T03:24:11
4.781268,0.555975,2023-01-01T03:24:12
4.781268,0.555975,2023-01-01T03:24:13
4.781268,0.555975,2023-01-01T03:24:14
4.781268,0.555975,2023-01-01T03:24:15
4.781268,0.555975,2023-01-01T03:24:16
4.781268,0.555975,2023-01-01T03:24:17
4.781268,0.555975,2023-01-01T03:24:18
4.781268,0.555975,2023-01-01T03:24:19
4.781268,0.555975,2023-01-01T03:24:20
4.781268,0.555975,2023-01-01T03:24:21
4.781268,0.555975,2023-01-01T03:24:22
4.781268,0.555975,2023-01-01T03:24:23
4.781268,0.555975,2023-01-01T03:24:24
4.781268,0.555975,2023-01-01T03:24:25
4.781268,0.555975,2023-01-01T03:24:26
4.781268,0.555975,2023-01-01T03:24:27
4.781268,0.555975,2023-01-01T03:24:28
4.781268,0.555975,2023-01-01T03:24:29
4.781268,0.555975,2023-01-01T03:24:30
4.781268,0.555975,2023-01-01T03:24:31
4.781268,0.555975,2023-01-01T03:24:32
4.781268,0.555975,2023-01-01T03:24:33
4.781268,0.555975,2023-01-01T03:24:34
4.781268,0.555975,2023-01-01T03:24:35
4.781268,0.555975,2023-01-01T03:24:36
4.892460,0.555975,2023-01-01T03:24:37
4.892460,0.555975,2023-01-01T03:24:38
4.892460,0.555975,2023-01-01T03:24:39
4.892460,0.555975,2023-01-01T03:24:40
4.892460,0.444780,2023-01-01T03:24:41
4.892460,0.444780,2023-01-01T03:24:42
4.892460,0.444780,2023-01-01T03:24:43
4.892460,0.444780,2023-01-01T03:24:44
4.892460,0.444780,2023-01-01T03:24:45
4.892460,0.444780,2023-01-01T03:24:46
4.892460,0.444780,2023-01-01T03:24:47
4.892460,0.444780,2023-01-01T03:24:48
4.892460,0.444780,2023-01-01T03:24:49
4.892460,0.444780,2023-01-01T03:24:50
4.892460,0.444780,2023-01-01T03:24:51
4.892460,0.444780,2023-01-01T03:24:52
4.892460,0.444780,2023-01-01T03:24:53
4.892460,0.444780,2023-01-01T03:24:54
4.892460,0.444780,2023-01-01T03:24:55
4.892460,0.444780,2023-01-01T03:24:56
4.892460,0.444780,2023-01-01T03:24:57
4.892460,0.444780,2023-01-01T03:24:58
4.892460,0.444780,2023-01-01T03:24:59
4.892460,0.444780,2023-01-01T03:25:00
4.892460,0.444780,2023-01-01T03:25:01
4.892460,0.444780,2023-01-01T03:25:02
4.892460,0.444780,2023-01-01T03:25:03
4.892460,0.444780,2023-01-01T03:25:04
4.892460,0.444780,2023-01-01T03:25:05
4.892460,0.444780,2023-01-01T03:25:06
4.892460,0.444780,2023-01-01T03:25:07
4.892460,0.444780,2023-01-01T03:25:08
4.892460,0.444780,2023-01-01T03:25:09
4.892460,0.444780,2023-01-01T03:25:10
4.892460,0.444780,2023-01-01T03:25:11
4.892460,0.444780,2023-01-01T03:25:12
4.892460,0.444780,2023-01-01T03:25:13
4.892460,0.444780,2023-01-01T03:25:14
4.892460,0.444780,2023-01-01T03:25:15
4.892460,0.444780,2023-01-01T03:25:16
4.892460,0.444780,2023-01-01T03:25:17
4.892460,0.444780,2023-01-01T03:25:18
4.892460,0.444780,2023-01-01T03:25:19
4.892460,0.444780,2023-01-01T03:25:20
4.892460,0.444780,2023-01-01T03:25:21
4.892460,0.444780,2023-01-01T03:25:22
4.892460,0.444780,2023-01-01T03:25:23
4.892460,0.444780,2023-01-01T03:25:24
4.892460,0.444780,2023-01-01T03:25:25
4.892460,0.444780,2023-01-01T03:25:26
4.892460,0.444780,2023-01-01T03:25:27
4.892460,0.444780,2023-01-01T03:25:28
4.892460,0.444780,2023-01-01T03:25:29
4.892460,0.444780,2023-01-01T03:25:30
4.892460,0.444780,2023-01-01T03:25:31
4.892460,0.444780,2023-01-01T03:25:32
4.892460,0.444780,2023-01-01T03:25:33
4.892460,0.444780,2023-01-01T03:25:34
4.892460,0.444780,2023-01-01T03:25:35
4.892460,0.444780,2023-01-01T03:25:36
4.892460,0.444780,2023-01-01T03:25:37
4.892460,0.444780,2023-01-01T03:25:38
4.892460,0.444780,2023-01-01T03:25:39
4.892460,0.444780,2023-01-01T03:25:40
4.892460,0.444780,2023-01-01T03:25:41
4.892460,0.444780,2023-01-01T03:25:42
4.892460,0.444780,2023-01-01T03:25:43
4.892460,0.444780,2023-01-01T03:25:44
4.892460,0.444780,2023-01-01T03:25:45
4.892460,0.444780,2023-01-01T03:25:46
4.892460,0.444780,2023-01-01T03:25:47
4.892460,0.444780,2023-01-01T03:25:48
4.892460,0.444780,2023-01-01T03:25:49
4.892460,0.444780,2023-01-01T03:25:50
5.003653,0.444780,2023-01-01T03:25:51
5.003653,0.444780,2023-01-01T03:25:52
5.003653,0.444780,2023-01-01T03:25:53
5.003653,0.444780,2023-01-01T03:25:54
5.003653,0.444780,2023-01-01T03:25:55
5.003653,0.444780,2023-01-01T03:25:56
5.003653,0.444780,2023-01-01T03:25:57
5.003653,0.444780,2023-01-01T03:25:58
5.003653,0.444780,2023-01-01T03:25:59
5.003653,0.444780,2023-01-01T03:26:00
5.003653,0.444780,2023-01-01T03:26:01
5.003653,0.444780,2023-01-01T03:26:02
4.892460,0.444780,2023-01-01T03:26:03
4.892460,0.444780,2023-01-01T03:26:04
4.892460,0.444780,2023-01-01T03:26:05
4.892460,0.444780,2023-01-01T03:26:06
4.892460,0.444780,2023-01-01T03:26:07
5.003653,0.444780,2023-01-01T03:26:08
5.003653,0.444780,2023-01-01T03:26:09
5.003653,0.444780,2023-01-01T03:26:10
5.003653,0.444780,2023-01-01T03:26:11
5.003653,0.444780,2023-01-01T03:26:12
5.003653,0.444780,2023-01-01T03:26:13
5.003653,0.444780,2023-01-01T03:26:14
5.003653,0.444780,2023-01-01T03:26:15
5.003653,0.444780,2023-01-01T03:26:16
5.003653,0.444780,2023-01-01T03:26:17
5.003653,0.444780,2023-01-01T03:26:18
5.003653,0.444780,2023-01-01T03:26:19
5.003653,0.444780,2023-01-01T03:26:20
5.003653,0.444780,2023-01-01T03:26:21
5.003653,0.444780,2023-01-01T03:26:22
5.003653,0.444780,2023-01-01T03:26:23
5.003653,0.444780,2023-01-01T03:26:24
5.003653,0.444780,2023-01-01T03:26:25
5.003653,0.444780,2023-01-01T03:26:26
5.003653,0.444780,2023-01-01T03:26:27
5.003653,0.444780,2023-01-01T03:26:28
5.003653,0.333585,2023-01-01T03:26:29
5.003653,0.333585,2023-01-01T03:26:30
5.003653,0.333585,2023-01-01T03:26:31
5.003653,0.333585,2023-01-01T03:26:32
5.003653,0.333585,2023-01-01T03:26:33
5.003653,0.333585,2023-01-01T03:26:34
5.003653,0.333585,2023-01-01T03:26:35
5.003653,0.333585,2023-01-01T03:26:36
5.003653,0.333585,2023-01-01T03:26:37
5.003653,0.333585,2023-01-01T03:26:38
5.003653,0.333585,2023-01-01T03:26:39
5.003653,0.333585,2023-01-01T03:26:40
5.003653,0.333585,2023-01-01T03:26:41
5.003653,0.333585,2023-01-01T03:26:42
5.003653,0.333585,2023-01-01T03:26:43
5.003653,0.333585,2023-01-01T03:26:44
5.003653,0.333585,2023-01-01T03:26:45
5.003653,0.333585,2023-01-01T03:26:46
5.003653,0.333585,2023-01-01T03:26:47
5.003653,0.333585,2023-01-01T03:26:48
5.003653,0.222390,2023-01-01T03:26:49
5.003653,0.222390,2023-01-01T03:26:50
5.003653,0.222390,2023-01-01T03:26:51
5.003653,0.222390,2023-01-01T03:26:52
5.003653,0.222390,2023-01-01T03:26:53
5.003653,0.222390,2023-01-01T03:26:54
5.003653,0.222390,2023-01-01T03:26:55
5.003653,0.222390,2023-01-01T03:26:56
5.003653,0.222390,2023-01-01T03:26:57
5.003653,0.222390,2023-01-01T03:26:58
5.003653,0.222390,2023-01-01T03:26:59
5.003653,0.222390,2023-01-01T03:27:00
5.003653,0.222390,2023-01-01T03:27:01
5.003653,0.222390,2023-01-01T03:27:02
5.003653,0.222390,2023-01-01T03:27:03
5.003653,0.222390,2023-01-01T03:27:04
5.003653,0.222390,2023-01-01T03:27:05
5.003653,0.222390,2023-01-01T03:27:06
5.003653,0.222390,2023-01-01T03:27:07
5.003653,0.111195,2023-01-01T03:27:08
5.003653,0.111195,2023-01-01T03:27:09
5.003653,0.111195,2023-01-01T03:27:10
5.003653,0.111195,2023-01-01T03:27:11
5.003653,0.111195,2023-01-01T03:27:12
5.003653,0.111195,2023-01-01T03:27:13
5.003653,0.111195,2023-01-01T03:27:14
5.003653,0.111195,2023-01-01T03:27:15
5.003653,0.111195,2023-01-01T03:27:16
5.003653,0.111195,2023-01-01T03:27:17
5.003653,0.111195,2023-01-01T03:27:18
5.003653,0.111195,2023-01-01T03:27:19
5.003653,0.111195,2023-01-01T03:27:20
5.003653,0.111195,2023-01-01T03:27:21
5.003653,0.111195,2023-01-01T03:27:22
5.003653,0.111195,2023-01-01T03:27:23
5.003653,0.111195,2023-01-01T03:27:24
5.003653,0.111195,2023-01-01T03:27:25
5.003653,0.111195,2023-01-01T03:27:26
5.003653,0.111195,2023-01-01T03:27:27
5.003653,0.111195,2023-01-01T03:27:28
5.003653,0.111195,2023-01-01T03:27:29
5.003653,0.111195,2023-01-01T03:27:30
5.003653,0.111195,2023-01-01T03:27:31
5.003653,0.111195,2023-01-01T03:27:32
5.003653,0.111195,2023-01-01T03:27:33
5.114845,0.111195,2023-01-01T03:27:34
5.114845,0.000000,2023-01-01T03:27:35
5.114845,0.000000,2023-01-01T03:27:36
5.114845,0.000000,2023-01-01T03:27:37
5.114845,0.000000,2023-01-01T03:27:38
5.114845,0.000000,2023-01-01T03:27:39
5.114845,0.000000,2023-01-01T03:27:40
5.114845,0.000000,2023-01-01T03:27:41
5.114845,0.000000,2023-01-01T03:27:42
5.114845,0.000000,2023-01-01T03:27:43
5.114845,0.000000,2023-01-01T03:27:44
5.114845,0.000000,2023-01-01T03:27:45
5.114845,0.000000,2023-01-01T03:27:46
5.114845,0.000000,2023-01-01T03:27:47
5.114845,0.000000,2023-01-01T03:27:48
5.114845,0.000000,2023-01-01T03:27:49
5.114845,0.000000,2023-01-01T03:27:50
5.114845,0.000000,2023-01-01T03:27:51
5.114845,0.000000,2023-01-01T03:27:52
5.114845,0.000000,2023-01-01T03:27:53
5.114845,0.000000,2023-01-01T03:27:54
5.114845,0.000000,2023-01-01T03:27:55
5.114845,0.000000,2023-01-01T03:27:56
5.114845,0.000000,2023-01-01T03:27:57
5.114845,0.000000,2023-01-01T03:27:58
5.114845,0.000000,2023-01-01T03:27:59
5.114845,0.000000,2023-01-01T03:28:00
5.114845,0.000000,2023-01-01T03:28:01
5.114845,0.000000,2023-01-01T03:28:02
5.114845,0.000000,2023-01-01T03:28:03
5.114845,0.000000,2023-01-01T03:28:04
5.114845,0.000000,2023-01-01T03:28:05
5.114845,0.000000,2023-01-01T03:28:06
5.114845,0.000000,2023-01-01T03:28:07
5.114845,0.000000,2023-01-01T03:28:08
5.114845,0.000000,2023-01-01T03:28:09
5.114845,0.000000,2023-01-01T03:28:10
5.114845,0.000000,2023-01-01T03:28:11
5.114845,0.000000,2023-01-01T03:28:12
5.114845,0.000000,2023-01-01T03:28:13
5.114845,0.000000,2023-01-01T03:28:14
5.114845,0.000000,2023-01-01T03:28:15
5.114845,0.000000,2023-01-01T03:28:16
5.114845,0.000000,2023-01-01T03:28:17
5.114845,0.000000,2023-01-01T03:28:18
5.114845,0.000000,2023-01-01T03:28:19
5.114845,0.000000,2023-01-01T03:28:20
5.114845,0.000000,2023-01-01T03:28:21
5.114845,0.000000,2023-01-01T03:28:22
5.114845,0.000000,2023-01-01T03:28:23
5.114845,0.000000,2023-01-01T03:28:24
5.114845,0.000000,2023-01-01T03:28:25
5.114845,0.000000,2023-01-01T03:28:26
5.114845,0.000000,2023-01-01T03:28:27
5.114845,0.000000,2023-01-01T03:28:28
5.114845,0.000000,2023-01-01T03:28:29
5.114845,0.000000,2023-01-01T03:28:30
5.114845,0.000000,2023-01-01T03:28:31
5.114845,0.000000,2023-01-01T03:28:32
5.114845,0.000000,2023-01-01T03:28:33
5.114845,0.000000,2023-01-01T03:28:34
5.114845,0.000000,2023-01-01T03:28:35
5.114845,0.000000,2023-01-01T03:28:36
5.114845,0.000000,2023-01-01T03:28:37
5.114845,0.000000,2023-01-01T03:28:38
5.114845,0.000000,2023-01-01T03:28:39
5.114845,0.000000,2023-01-01T03:28:40
5.114845,0.000000,2023-01-01T03:28:41
5.114845,0.000000,2023-01-01T03:28:42
5.114845,0.000000,2023-01-01T03:28:43
5.114845,0.000000,2023-01-01T03:28:44
5.114845,0.000000,2023-01-01T03:28:45
5.114845,0.000000,2023-01-01T03:28:46
5.114845,0.000000,2023-01-01T03:28:47
5.114845,0.000000,2023-01-01T03:28:48
5.114845,0.000000,2023-01-01T03:28:49
5.114845,0.000000,2023-01-01T03:28:50
5.114845,0.000000,2023-01-01T03:28:51
5.114845,0.000000,2023-01-01T03:28:52
5.114845,0.000000,2023-01-01T03:28:53
5.114845,0.000000,2023-01-01T03:28:54
5.114845,0.000000,2023-01-01T03:28:55
5.114845,-0.111195,2023-01-01T03:28:56
5.114845,-0.111195,2023-01-01T03:28:57
5.114845,-0.111195,2023-01-01T03:28:58
5.114845,-0.111195,2023-01-01T03:28:59
5.114845,-0.111195,2023-01-01T03:29:00
5.114845,-0.111195,2023-01-01T03:29:01
5.114845,-0.111195,2023-01-01T03:29:02
5.114845,-0.111195,2023-01-01T03:29:03
5.114845,-0.111195,2023-01-01T03:29:04
5.226037,-0.111195,2023-01-01T03:29:05
5.226037,-0.111195,2023-01-01T03:29:06
5.226037,-0.111195,2023-01-01T03:29:07
5.226037,-0.111195,2023-01-01T03:29:08
5.226037,-0.111195,2023-01-01T03:29:09
5.226037,-0.111195,2023-01-01T03:29:10
5.226037,-0.111195,2023-01-01T03:29:11
5.226037,-0.111195,2023-01-01T03:29:12
5.226037,-0.111195,2023-01-01T03:29:13
5.226037,-0.111195,2023-01-01T03:29:14
5.226037,-0.111195,2023-01-01T03:29:15
5.226037,-0.111195,2023-01-01T03:29:16
5.226037,-0.111195,2023-01-01T03:29:17
5.226037,-0.111195,2023-01-01T03:29:18
5.226037,-0.111195,2023-01-01T03:29:19
5.226037,-0.111195,2023-01-01T03:29:20
5.226037,-0.111195,2023-01-01T03:29:21
5.226037,-0.111195,2023-01-01T03:29:22
5.226037,-0.111195,2023-01-01T03:29:23
5.226037,-0.111195,2023-01-01T03:29:24
5.226037,-0.111195,2023-01-01T03:29:25
5.226037,-0.111195,2023-01-01T03:29:26
5.226037,-0.111195,2023-01-01T03:29:27
5.226037,-0.111195,2023-01-01T03:29:28
5.226037,-0.111195,2023-01-01T03:29:29
5.226037,-0.111195,2023-01-01T03:29:30
5.226037,-0.111195,2023-01-01T03:29:31
5.226037,-0.111195,2023-01-01T03:29:32
5.226037,-0.111195,2023-01-01T03:29:33
5.226037,-0.111195,2023-01-01T03:29:34
5.226037,-0.111195,2023-01-01T03:29:35
5.226037,-0.111195,2023-01-01T03:29:36
5.226037,-0.111195,2023-01-01T03:29:37
5.226037,-0.111195,2023-01-01T03:29:38
5.226037,-0.111195,2023-01-01T03:29:39
5.226037,-0.111195,2023-01-01T03:29:40
5.226037,-0.111195,2023-01-01T03:29:41
5.226037,-0.111195,2023-01-01T03:29:42
5.226037,-0.222390,2023-01-01T03:29:43
5.226037,-0.222390,2023-01-01T03:29:44
5.226037,-0.222390,2023-01-01T03:29:45
5.226037,-0.222390,2023-01-01T03:29:46
5.226037,-0.222390,2023-01-01T03:29:47
5.226037,-0.222390,2023-01-01T03:29:48
5.226037,-0.222390,2023-01-01T03:29:49
5.226037,-0.222390,2023-01-01T03:29:50
5.226037,-0.222390,2023-01-01T03:29:51
5.226037,-0.222390,2023-01-01T03:29:52
5.226037,-0.222390,2023-01-01T03:29:53
5.226037,-0.222390,2023-01-01T03:29:54
5.226037,-0.222390,2023-01-01T03:29:55
5.226037,-0.222390,2023-01-01T03:29:56
5.226037,-0.222390,2023-01-01T03:29:57
5.226037,-0.222390,2023-01-01T03:29:58
5.226037,-0.222390,2023-01-01T03:29:59
5.226037,-0.222390,2023-01-01T03:30:00
5.226037,-0.222390,2023-01-01T03:30:01
5.226037,-0.222390,2023-01-01T03:30:02
5.226037,-0.222390,2023-01-01T03:30:03
5.226037,-0.222390,2023-01-01T03:30:04
5.226037,-0.222390,2023-01-01T03:30:05
5.226037,-0.222390,2023-01-01T03:30:06
5.226037,-0.222390,2023-01-01T03:30:07
5.226037,-0.222390,2023-01-01T03:30:08
5.226037,-0.222390,2023-01-01T03:30:09
5.226037,-0.222390,2023-01-01T03:30:10
5.226037,-0.222390,2023-01-01T03:30:11
5.226037,-0.222390,2023-01-01T03:30:12
5.226037,-0.222390,2023-01-01T03:30:13
5.226037,-0.222390,2023-01-01T03:30:14
5.226037,-0.222390,2023-01-01T03:30:15
5.226037,-0.222390,2023-01-01T03:30:16
5.226037,-0.222390,2023-01-01T03:30:17
5.226037,-0.222390,2023-01-01T03:30:18
5.226037,-0.111195,2023-01-01T03:30:19
5.226037,-0.111195,2023-01-01T03:30:20
5.226037,-0.111195,2023-01-01T03:30:21
5.226037,-0.111195,2023-01-01T03:30:22
5.226037,-0.111195,2023-01-01T03:30:23
5.226037,-0.111195,2023-01-01T03:30:24
5.226037,-0.111195,2023-01-01T03:30:25
5.226037,-0.111195,2023-01-01T03:30:26
5.226037,-0.111195,2023-01-01T03:30:27
5.226037,-0.111195,2023-01-01T03:30:28
5.226037,-0.111195,2023-01-01T03:30:29
5.226037,-0.111195,2023-01-01T03:30:30
5.226037,-0.111195,2023-01-01T03:30:31
5.226037,-0.111195,2023-01-01T03:30:32
5.226037,-0.111195,2023-01-01T03:30:33
5.226037,-0.111195,2023-01-01T03:30:34
5.226037,-0.111195,2023-01-01T03:30:35
5.226037,-0.111195,2023-01-01T03:30:36
5.226037,-0.111195,2023-01-01T03:30:37
5.226037,-0.111195,2023-01-01T03:30:38
5.226037,-0.111195,2023-01-01T03:30:39
5.226037,-0.111195,2023-01-01T03:30:40
5.226037,-0.111195,2023-01-01T03:30:41
5.226037,-0.111195,2023-01-01T03:30:42
5.226037,-0.111195,2023-01-01T03:30:43
5.226037,-0.111195,2023-01-01T03:30:44
5.226037,-0.111195,2023-01-01T03:30:45
5.226037,-0.111195,2023-01-01T03:30:46
5.226037,-0.111195,2023-01-01T03:30:47
5.226037,-0.111195,2023-01-01T03:30:48
5.226037,-0.111195,2023-01-01T03:30:49
5.226037,-0.111195,2023-01-01T03:30:50
5.226037,-0.111195,2023-01-01T03:30:51
5.226037,-0.111195,2023-01-01T03:30:52
5.226037,-0.111195,2023-01-01T03:30:53
5.226037,-0.111195,2023-01-01T03:30:54
5.226037,-0.111195,2023-01-01T03:30:55
5.226037,-0.111195,2023-01-01T03:30:56
5.226037,-0.111195,2023-01-01T03:30:57
5.226037,-0.111195,2023-01-01T03:30:58
5.226037,-0.111195,2023-01-01T03:30:59
5.226037,-0.111195,2023-01-01T03:31:00
5.226037,-0.111195,2023-01-01T03:31:01
5.226037,-0.111195,2023-01-01T03:31:02
5.226037,-0.111195,2023-01-01T03:31:03
5.226037,-0.111195,2023-01-01T03:31:04
5.226037,-0.111195,2023-01-01T03:31:05
5.226037,-0.111195,2023-01-01T03:31:06
5.226037,-0.111195,2023-01-01T03:31:07
5.226037,-0.111195,2023-01-01T03:31:08
5.226037,-0.111195,2023-01-01T03:31:09
5.226037,-0.111195,2023-01-01T03:31:10
5.226037,-0.111195,2023-01-01T03:31:11
5.226037,-0.111195,2023-01-01T03:31:12
5.226037,-0.111195,2023-01-01T03:31:13
5.226037,-0.111195,2023-01-01T03:31:14
5.226037,-0.111195,2023-01-01T03:31:15
5.226037,-0.111195,2023-01-01T03:31:16
5.226037,-0.111195,2023-01-01T03:31:17
5.226037,-0.111195,2023-01-01T03:31:18
5.226037,-0.111195,2023-01-01T03:31:19
5.226037,-0.111195,2023-01-01T03:31:20
5.226037,-0.111195,2023-01-01T03:31:21
5.226037,-0.111195,2023-01-01T03:31:22
5.226037,-0.111195,2023-01-01T03:31:23
5.226037,-0.111195,2023-01-01T03:31:24
5.226037,-0.111195,2023-01-01T03:31:25
5.226037,-0.111195,2023-01-01T03:31:26
5.226037,-0.111195,2023-01-01T03:31:27
5.226037,-0.111195,2023-01-01T03:31:28
5.226037,-0.111195,2023-01-01T03:31:29
5.226037,-0.111195,2023-01-01T03:31:30
5.226037,-0.222390,2023-01-01T03:31:31
5.226037,-0.222390,2023-01-01T03:31:32
5.226037,-0.222390,2023-01-01T03:31:33
5.226037,-0.222390,2023-01-01T03:31:34
5.226037,-0.222390,2023-01-01T03:31:35
5.226037,-0.222390,2023-01-01T03:31:36
5.226037,-0.222390,2023-01-01T03:31:37
5.226037,-0.222390,2023-01-01T03:31:38
5.226037,-0.222390,2023-01-01T03:31:39
5.226037,-0.222390,2023-01-01T03:31:40
5.226037,-0.222390,2023-01-01T03:31:41
5.226037,-0.222390,2023-01-01T03:31:42
5.226037,-0.222390,2023-01-01T03:31:43
5.226037,-0.222390,2023-01-01T03:31:44
5.226037,-0.222390,2023-01-01T03:31:45
5.226037,-0.222390,2023-01-01T03:31:46
5.226037,-0.222390,2023-01-01T03:31:47
5.226037,-0.222390,2023-01-01T03:31:48
5.226037,-0.222390,2023-01-01T03:31:49
5.226037,-0.222390,2023-01-01T03:31:50
5.337230,-0.222390,2023-01-01T03:31:51
5.337230,-0.222390,2023-01-01T03:31:52
5.337230,-0.222390,2023-01-01T03:31:53
5.337230,-0.222390,2023-01-01T03:31:54
5.337230,-0.222390,2023-01-01T03:31:55
5.337230,-0.222390,2023-01-01T03:31:56
5.337230,-0.222390,2023-01-01T03:31:57
5.337230,-0.222390,2023-01-01T03:31:58
5.337230,-0.222390,2023-01-01T03:31:59
5.337230,-0.222390,2023-01-01T03:32:00
5.337230,-0.222390,2023-01-01T03:32:01
5.337230,-0.222390,2023-01-01T03:32:02
5.337230,-0.222390,2023-01-01T03:32:03
5.337230,-0.222390,2023-01-01T03:32:04
5.337230,-0.222390,2023-01-01T03:32:05
5.337230,-0.222390,2023-01-01T03:32:06
5.337230,-0.222390,2023-01-01T03:32:07
5.337230,-0.222390,2023-01-01T03:32:08
5.337230,-0.222390,2023-01-01T03:32:09
5.337230,-0.222390,2023-01-01T03:32:10
5.337230,-0.222390,2023-01-01T03:32:11
5.337230,-0.222390,2023-01-01T03:32:12
5.337230,-0.222390,2023-01-01T03:32:13
5.337230,-0.111195,2023-01-01T03:32:14
5.337230,-0.111195,2023-01-01T03:32:15
5.337230,-0.111195,2023-01-01T03:32:16
5.337230,-0.111195,2023-01-01T03:32:17
5.337230,-0.111195,2023-01-01T03:32:18
5.226037,-0.111195,2023-01-01T03:32:19
5.226037,-0.111195,2023-01-01T03:32:20
5.226037,-0.111195,2023-01-01T03:32:21
5.226037,-0.111195,2023-01-01T03:32:22
5.226037,-0.111195,2023-01-01T03:32:23
5.226037,-0.111195,2023-01-01T03:32:24
5.226037,-0.111195,2023-01-01T03:32:25
5.226037,-0.111195,2023-01-01T03:32:26
5.226037,-0.111195,2023-01-01T03:32:27
5.226037,-0.111195,2023-01-01T03:32:28
5.226037,-0.111195,2023-01-01T03:32:29
5.226037,-0.111195,2023-01-01T03:32:30
5.226037,-0.111195,2023-01-01T03:32:31
5.226037,-0.111195,2023-01-01T03:32:32
5.226037,-0.111195,2023-01-01T03:32:33
5.226037,-0.111195,2023-01-01T03:32:34
5.226037,-0.111195,2023-01-01T03:32:35
5.226037,-0.111195,2023-01-01T03:32:36
5.226037,-0.111195,2023-01-01T03:32:37
5.226037,-0.111195,2023-01-01T03:32:38
5.226037,-0.111195,2023-01-01T03:32:39
5.226037,-0.111195,2023-01-01T03:32:40
5.226037,-0.111195,2023-01-01T03:32:41
5.226037,-0.111195,2023-01-01T03:32:42
5.226037,-0.111195,2023-01-01T03:32:43
5.226037,-0.111195,2023-01-01T03:32:44
5.226037,-0.111195,2023-01-01T03:32:45
5.226037,-0.111195,2023-01-01T03:32:46
5.226037,-0.111195,2023-01-01T03:32:47
5.226037,-0.111195,2023-01-01T03:32:48
5.226037,-0.111195,2023-01-01T03:32:49
5.226037,-0.111195,2023-01-01T03:32:50
5.226037,-0.111195,2023-01-01T03:32:51
5.226037,-0.111195,2023-01-01T03:32:52
5.226037,-0.111195,2023-01-01T03:32:53
5.226037,-0.111195,2023-01-01T03:32:54
5.226037,-0.111195,2023-01-01T03:32:55
5.226037,-0.111195,2023-01-01T03:32:56
5.226037,-0.111195,2023-01-01T03:32:57
5.226037,-0.111195,2023-01-01T03:32:58
5.226037,-0.111195,2023-01-01T03:32:59
5.337230,-0.111195,2023-01-01T03:33:00
5.337230,-0.111195,2023-01-01T03:33:01
5.337230,-0.111195,2023-01-01T03:33:02
5.337230,-0.111195,2023-01-01T03:33:03
5.337230,-0.111195,2023-01-01T03:33:04
5.337230,-0.111195,2023-01-01T03:33:05
5.337230,-0.111195,2023-01-01T03:33:06
5.337230,-0.111195,2023-01-01T03:33:07
5.337230,-0.111195,2023-01-01T03:33:08
5.337230,-0.111195,2023-01-01T03:33:09
5.337230,-0.111195,2023-01-01T03:33:10
5.337230,-0.111195,2023-01-01T03:33:11
5.337230,-0.111195,2023-01-01T03:33:12
5.337230,-0.111195,2023-01-01T03:33:13
5.337230,-0.111195,2023-01-01T03:33:14
5.337230,-0.111195,2023-01-01T03:33:15
5.337230,-0.111195,2023-01-01T03:33:16
5.337230,-0.111195,2023-01-01T03:33:17
5.337230,-0.222390,2023-01-01T03:33:18
5.337230,-0.222390,2023-01-01T03:33:19
5.337230,-0.222390,2023-01-01T03:33:20
5.337230,-0.222390,2023-01-01T03:33:21
5.337230,-0.222390,2023-01-01T03:33:22
5.337230,-0.222390,2023-01-01T03:33:23
5.337230,-0.222390,2023-01-01T03:33:24
5.337230,-0.222390,2023-01-01T03:33:25
5.337230,-0.222390,2023-01-01T03:33:26
5.337230,-0.222390,2023-01-01T03:33:27
5.337230,-0.222390,2023-01-01T03:33:28
5.337230,-0.222390,2023-01-01T03:33:29
5.337230,-0.222390,2023-01-01T03:33:30
5.337230,-0.222390,2023-01-01T03:33:31
5.337230,-0.222390,2023-01-01T03:33:32
5.337230,-0.222390,2023-01-01T03:33:33
5.337230,-0.222390,2023-01-01T03:33:34
5.337230,-0.222390,2023-01-01T03:33:35
5.337230,-0.222390,2023-01-01T03:33:36
5.337230,-0.222390,2023-01-01T03:33:37
5.337230,-0.222390,2023-01-01T03:33:38
5.337230,-0.222390,2023-01-01T03:33:39
5.337230,-0.222390,2023-01-01T03:33:40
5.337230,-0.222390,2023-01-01T03:33:41
5.448422,-0.222390,2023-01-01T03:33:42
5.448422,-0.222390,2023-01-01T03:33:43
5.448422,-0.222390,2023-01-01T03:33:44
5.448422,-0.222390,2023-01-01T03:33:45
5.448422,-0.222390,2023-01-01T03:33:46
5.448422,-0.222390,2023-01-01T03:33:47
5.448422,-0.222390,2023-01-01T03:33:48
5.448422,-0.222390,2023-01-01T03:33:49
5.448422,-0.222390,2023-01-01T03:33:50
5.448422,-0.333585,2023-01-01T03:33:51
5.448422,-0.333585,2023-01-01T03:33:52
5.448422,-0.333585,2023-01-01T03:33:53
5.448422,-0.333585,2023-01-01T03:33:54
5.448422,-0.333585,2023-01-01T03:33:55
5.448422,-0.333585,2023-01-01T03:33:56
5.448422,-0.333585,2023-01-01T03:33:57
5.448422,-0.333585,2023-01-01T03:33:58
5.448422,-0.333585,2023-01-01T03:33:59
5.448422,-0.333585,2023-01-01T03:34:00
5.448422,-0.333585,2023-01-01T03:34:01
5.448422,-0.333585,2023-01-01T03:34:02
5.448422,-0.333585,2023-01-01T03:34:03
5.448422,-0.333585,2023-01-01T03:34:04
5.448422,-0.333585,2023-01-01T03:34:05
5.448422,-0.333585,2023-01-01T03:34:06
5.448422,-0.333585,2023-01-01T03:34:07
5.448422,-0.333585,2023-01-01T03:34:08
5.448422,-0.333585,2023-01-01T03:34:09
5.448422,-0.333585,2023-01-01T03:34:10
5.448422,-0.333585,2023-01-01T03:34:11
5.448422,-0.333585,2023-01-01T03:34:12
5.448422,-0.333585,2023-01-01T03:34:13
5.448422,-0.333585,2023-01-01T03:34:14
5.448422,-0.333585,2023-01-01T03:34:15
5.448422,-0.333585,2023-01-01T03:34:16
5.448422,-0.333585,2023-01-01T03:34:17
5.448422,-0.333585,2023-01-01T03:34:18
5.448422,-0.333585,2023-01-01T03:34:19
5.448422,-0.333585,2023-01-01T03:34:20
5.448422,-0.333585,2023-01-01T03:34:21
5.448422,-0.333585,2023-01-01T03:34:22
5.448422,-0.333585,2023-01-01T03:34:23
5.448422,-0.333585,2023-01-01T03:34:24
5.448422,-0.333585,2023-01-01T03:34:25
5.448422,-0.333585,2023-01-01T03:34:26
5.448422,-0.333585,2023-01-01T03:34:27
5.448422,-0.333585,2023-01-01T03:34:28
5.448422,-0.333585,2023-01-01T03:34:29
5.448422,-0.333585,2023-01-01T03:34:30
5.448422,-0.333585,2023-01-01T03:34:31
5.448422,-0.333585,2023-01-01T03:34:32
5.448422,-0.333585,2023-01-01T03:34:33
5.448422,-0.333585,2023-01-01T03:34:34
5.448422,-0.333585,2023-01-01T03:34:35
5.448422,-0.333585,2023-01-01T03:34:36
5.448422,-0.333585,2023-01-01T03:34:37
5.448422,-0.333585,2023-01-01T03:34:38
5.559614,-0.333585,2023-01-01T03:34:39
5.559614,-0.333585,2023-01-01T03:34:40
5.559614,-0.333585,2023-01-01T03:34:41
5.559614,-0.333585,2023-01-01T03:34:42
5.559614,-0.333585,2023-01-01T03:34:43
5.559614,-0.333585,2023-01-01T03:34:44
5.559614,-0.333585,2023-01-01T03:34:45
5.559614,-0.333585,2023-01-01T03:34:46
5.559614,-0.333585,2023-01-01T03:34:47
5.559614,-0.333585,2023-01-01T03:34:48
5.559614,-0.333585,2023-01-01T03:34:49
5.559614,-0.333585,2023-01-01T03:34:50
5.559614,-0.333585,2023-01-01T03:34:51
5.559614,-0.333585,2023-01-01T03:34:52
5.559614,-0.333585,2023-01-01T03:34:53
5.559614,-0.333585,2023-01-01T03:34:54
5.559614,-0.333585,2023-01-01T03:34:55
5.559614,-0.333585,2023-01-01T03:34:56
5.559614,-0.333585,2023-01-01T03:34:57
5.559614,-0.333585,2023-01-01T03:34:58
5.559614,-0.333585,2023-01-01T03:34:59
5.559614,-0.333585,2023-01-01T03:35:00
5.559614,-0.333585,2023-01-01T03:35:01
5.559614,-0.333585,2023-01-01T03:35:02
5.559614,-0.333585,2023-01-01T03:35:03
5.559614,-0.333585,2023-01-01T03:35:04
5.559614,-0.333585,2023-01-01T03:35:05
5.559614,-0.333585,2023-01-01T03:35:06
5.559614,-0.333585,2023-01-01T03:35:07
5.559614,-0.333585,2023-01-01T03:35:08
5.559614,-0.333585,2023-01-01T03:35:09
5.559614,-0.333585,2023-01-01T03:35:10
5.559614,-0.333585,2023-01-01T03:35:11
5.559614,-0.333585,2023-01-01T03:35:12
5.559614,-0.333585,2023-01-01T03:35:13
5.559614,-0.333585,2023-01-01T03:35:14
5.559614,-0.333585,2023-01-01T03:35:15
5.559614,-0.333585,2023-01-01T03:35:16
5.559614,-0.333585,2023-01-01T03:35:17
5.559614,-0.333585,2023-01-01T03:35:18
5.559614,-0.333585,2023-01-01T03:35:19
5.559614,-0.333585,2023-01-01T03:35:20
5.559614,-0.333585,2023-01-01T03:35:21
5.559614,-0.333585,2023-01-01T03:35:22
5.559614,-0.333585,2023-01-01T03:35:23
5.559614,-0.333585,2023-01-01T03:35:24
5.559614,-0.333585,2023-01-01T03:35:25
5.559614,-0.333585,2023-01-01T03:35:26
5.559614,-0.333585,2023-01-01T03:35:27
5.670806,-0.333585,2023-01-01T03:35:28
5.670806,-0.333585,2023-01-01T03:35:29
5.670806,-0.333585,2023-01-01T03:35:30
5.670806,-0.333585,2023-01-01T03:35:31
5.670806,-0.333585,2023-01-01T03:35:32
5.670806,-0.333585,2023-01-01T03:35:33
5.670806,-0.333585,2023-01-01T03:35:34
5.670806,-0.333585,2023-01-01T03:35:35
5.670806,-0.333585,2023-01-01T03:35:36
5.670806,-0.333585,2023-01-01T03:35:37
5.670806,-0.333585,2023-01-01T03:35:38
5.670806,-0.333585,2023-01-01T03:35:39
5.670806,-0.333585,2023-01-01T03:35:40
5.670806,-0.222390,2023-01-01T03:35:41
5.670806,-0.222390,2023-01-01T03:35:42
5.670806,-0.222390,2023-01-01T03:35:43
5.670806,-0.222390,2023-01-01T03:35:44
5.670806,-0.222390,2023-01-01T03:35:45
5.670806,-0.222390,2023-01-01T03:35:46
5.670806,-0.222390,2023-01-01T03:35:47
5.670806,-0.222390,2023-01-01T03:35:48
5.670806,-0.222390,2023-01-01T03:35:49
5.670806,-0.222390,2023-01-01T03:35:50
5.670806,-0.111195,2023-01-01T03:35:51
5.670806,-0.111195,2023-01-01T03:35:52
5.670806,-0.111195,2023-01-01T03:35:53
5.670806,-0.111195,2023-01-01T03:35:54
5.670806,-0.111195,2023-01-01T03:35:55
5.670806,-0.111195,2023-01-01T03:35:56
5.670806,-0.111195,2023-01-01T03:35:57
5.670806,-0.111195,2023-01-01T03:35:58
5.670806,-0.111195,2023-01-01T03:35:59
5.670806,-0.111195,2023-01-01T03:36:00
5.670806,-0.111195,2023-01-01T03:36:01
5.670806,-0.111195,2023-01-01T03:36:02
5.670806,-0.111195,2023-01-01T03:36:03
5.670806,-0.111195,2023-01-01T03:36:04
5.670806,-0.111195,2023-01-01T03:36:05
5.670806,-0.111195,2023-01-01T03:36:06
5.670806,-0.111195,2023-01-01T03:36:07
5.670806,-0.111195,2023-01-01T03:36:08
5.670806,-0.111195,2023-01-01T03:36:09
5.670806,-0.111195,2023-01-01T03:36:10
5.670806,-0.111195,2023-01-01T03:36:11
5.670806,-0.111195,2023-01-01T03:36:12
5.670806,-0.111195,2023-01-01T03:36:13
5.670806,-0.111195,2023-01-01T03:36:14
5.670806,-0.111195,2023-01-01T03:36:15
5.670806,-0.111195,2023-01-01T03:36:16
5.670806,-0.111195,2023-01-01T03:36:17
5.670806,-0.111195,2023-01-01T03:36:18
5.670806,-0.111195,2023-01-01T03:36:19
5.670806,-0.222390,2023-01-01T03:36:20
5.670806,-0.222390,2023-01-01T03:36:21
5.670806,-0.222390,2023-01-01T03:36:22
5.670806,-0.222390,2023-01-01T03:36:23
5.670806,-0.222390,2023-01-01T03:36:24
5.670806,-0.222390,2023-01-01T03:36:25
5.670806,-0.222390,2023-01-01T03:36:26
5.670806,-0.222390,2023-01-01T03:36:27
5.670806,-0.222390,2023-01-01T03:36:28
5.670806,-0.222390,2023-01-01T03:36:29
5.670806,-0.222390,2023-01-01T03:36:30
5.670806,-0.222390,2023-01-01T03:36:31
5.670806,-0.222390,2023-01-01T03:36:32
5.670806,-0.222390,2023-01-01T03:36:33
5.670806,-0.222390,2023-01-01T03:36:34
5.670806,-0.222390,2023-01-01T03:36:35
5.670806,-0.222390,2023-01-01T03:36:36
5.670806,-0.222390,2023-01-01T03:36:37
5.670806,-0.222390,2023-01-01T03:36:38
5.670806,-0.222390,2023-01-01T03:36:39
5.670806,-0.222390,2023-01-01T03:36:40
5.670806,-0.222390,2023-01-01T03:36:41
5.670806,-0.222390,2023-01-01T03:36:42
5.670806,-0.222390,2023-01-01T03:36:43
5.670806,-0.222390,2023-01-01T03:36:44
5.670806,-0.222390,2023-01-01T03:36:45
5.670806,-0.333585,2023-01-01T03:36:46
5.670806,-0.333585,2023-01-01T03:36:47
5.670806,-0.333585,2023-01-01T03:36:48
5.670806,-0.333585,2023-01-01T03:36:49
5.670806,-0.333585,2023-01-01T03:36:50
5.781999,-0.333585,2023-01-01T03:36:51
5.781999,-0.333585,2023-01-01T03:36:52
5.781999,-0.333585,2023-01-01T03:36:53
5.781999,-0.333585,2023-01-01T03:36:54
5.781999,-0.333585,2023-01-01T03:36:55
5.781999,-0.333585,2023-01-01T03:36:56
5.781999,-0.333585,2023-01-01T03:36:57
5.781999,-0.333585,2023-01-01T03:36:58
5.781999,-0.333585,2023-01-01T03:36:59
5.781999,-0.333585,2023-01-01T03:37:00
5.781999,-0.333585,2023-01-01T03:37:01
5.781999,-0.333585,2023-01-01T03:37:02
5.781999,-0.333585,2023-01-01T03:37:03
5.781999,-0.333585,2023-01-01T03:37:04
5.781999,-0.333585,2023-01-01T03:37:05
5.781999,-0.333585,2023-01-01T03:37:06
5.781999,-0.333585,2023-01-01T03:37:07
5.781999,-0.333585,2023-01-01T03:37:08
5.781999,-0.333585,2023-01-01T03:37:09
5.781999,-0.333585,2023-01-01T03:37:10
5.781999,-0.333585,2023-01-01T03:37:11
5.781999,-0.444780,2023-01-01T03:37:12
5.781999,-0.444780,2023-01-01T03:37:13
5.781999,-0.444780,2023-01-01T03:37:14
5.781999,-0.444780,2023-01-01T03:37:15
5.781999,-0.444780,2023-01-01T03:37:16
5.781999,-0.444780,2023-01-01T03:37:17
5.781999,-0.444780,2023-01-01T03:37:18
5.781999,-0.444780,2023-01-01T03:37:19
5.781999,-0.444780,2023-01-01T03:37:20
5.781999,-0.444780,2023-01-01T03:37:21
5.781999,-0.444780,2023-01-01T03:37:22
5.781999,-0.444780,2023-01-01T03:37:23
5.781999,-0.444780,2023-01-01T03:37:24
5.781999,-0.444780,2023-01-01T03:37:25
5.781999,-0.444780,2023-01-01T03:37:26
5.781999,-0.444780,2023-01-01T03:37:27
5.781999,-0.444780,2023-01-01T03:37:28
5.781999,-0.444780,2023-01-01T03:37:29
5.781999,-0.444780,2023-01-01T03:37:30
5.781999,-0.444780,2023-01-01T03:37:31
5.781999,-0.444780,2023-01-01T03:37:32
5.781999,-0.444780,2023-01-01T03:37:33
5.781999,-0.444780,2023-01-01T03:37:34
5.781999,-0.444780,2023-01-01T03:37:35
5.781999,-0.444780,2023-01-01T03:37:36
5.781999,-0.444780,2023-01-01T03:37:37
5.781999,-0.444780,2023-01-01T03:37:38
5.781999,-0.444780,2023-01-01T03:37:39
5.781999,-0.444780,2023-01-01T03:37:40
5.781999,-0.444780,2023-01-01T03:37:41
5.781999,-0.444780,2023-01-01T03:37:42
5.781999,-0.444780,2023-01-01T03:37:43
5.781999,-0.444780,2023-01-01T03:37:44
5.781999,-0.444780,2023-01-01T03:37:45
5.781999,-0.444780,2023-01-01T03:37:46
5.781999,-0.444780,2023-01-01T03:37:47
5.781999,-0.444780,2023-01-01T03:37:48
5.781999,-0.444780,2023-01-01T03:37:49
5.781999,-0.444780,2023-01-01T03:37:50
5.781999,-0.444780,2023-01-01T03:37:51
5.781999,-0.444780,2023-01-01T03:37:52
5.781999,-0.444780,2023-01-01T03:37:53
5.781999,-0.444780,2023-01-01T03:37:54
5.781999,-0.333585,2023-01-01T03:37:55
5.781999,-0.333585,2023-01-01T03:37:56
5.781999,-0.333585,2023-01-01T03:37:57
5.781999,-0.333585,2023-01-01T03:37:58
5.781999,-0.333585,2023-01-01T03:37:59
5.781999,-0.333585,2023-01-01T03:38:00
5.781999,-0.333585,2023-01-01T03:38:01
5.781999,-0.333585,2023-01-01T03:38:02
5.781999,-0.333585,2023-01-01T03:38:03
5.781999,-0.333585,2023-01-01T03:38:04
5.781999,-0.333585,2023-01-01T03:38:05
5.781999,-0.333585,2023-01-01T03:38:06
5.781999,-0.333585,2023-01-01T03:38:07
5.781999,-0.333585,2023-01-01T03:38:08
5.781999,-0.333585,2023-01-01T03:38:09
5.781999,-0.333585,2023-01-01T03:38:10
5.781999,-0.333585,2023-01-01T03:38:11
5.781999,-0.333585,2023-01-01T03:38:12
5.781999,-0.333585,2023-01-01T03:38:13
5.781999,-0.333585,2023-01-01T03:38:14
5.781999,-0.333585,2023-01-01T03:38:15
5.781999,-0.333585,2023-01-01T03:38:16
5.781999,-0.333585,2023-01-01T03:38:17
5.781999,-0.333585,2023-01-01T03:38:18
5.781999,-0.333585,2023-01-01T03:38:19
5.781999,-0.333585,2023-01-01T03:38:20
5.781999,-0.333585,2023-01-01T03:38:21
5.781999,-0.333585,2023-01-01T03:38:22
5.781999,-0.333585,2023-01-01T03:38:23
5.781999,-0.333585,2023-01-01T03:38:24
5.781999,-0.333585,2023-01-01T03:38:25
5.781999,-0.333585,2023-01-01T03:38:26
5.781999,-0.333585,2023-01-01T03:38:27
5.781999,-0.333585,2023-01-01T03:38:28
5.781999,-0.333585,2023-01-01T03:38:29
5.781999,-0.333585,2023-01-01T03:38:30
5.781999,-0.333585,2023-01-01T03:38:31
5.781999,-0.333585,2023-01-01T03:38:32
5.781999,-0.333585,2023-01-01T03:38:33
5.781999,-0.333585,2023-01-01T03:38:34
5.781999,-0.222390,2023-01-01T03:38:35
5.781999,-0.222390,2023-01-01T03:38:36
5.781999,-0.222390,2023-01-01T03:38:37
5.781999,-0.222390,2023-01-01T03:38:38
5.781999,-0.222390,2023-01-01T03:38:39
5.781999,-0.222390,2023-01-01T03:38:40
5.781999,-0.222390,2023-01-01T03:38:41
5.781999,-0.222390,2023-01-01T03:38:42
5.781999,-0.222390,2023-01-01T03:38:43
5.781999,-0.222390,2023-01-01T03:38:44
5.781999,-0.222390,2023-01-01T03:38:45
5.781999,-0.222390,2023-01-01T03:38:46
5.781999,-0.222390,2023-01-01T03:38:47
5.781999,-0.222390,2023-01-01T03:38:48
5.781999,-0.222390,2023-01-01T03:38:49
5.781999,-0.222390,2023-01-01T03:38:50
5.781999,-0.222390,2023-01-01T03:38:51
5.781999,-0.222390,2023-01-01T03:38:52
5.781999,-0.222390,2023-01-01T03:38:53
5.781999,-0.222390,2023-01-01T03:38:54
5.781999,-0.222390,2023-01-01T03:38:55
5.781999,-0.222390,2023-01-01T03:38:56
5.781999,-0.222390,2023-01-01T03:38:57
5.781999,-0.222390,2023-01-01T03:38:58
5.781999,-0.222390,2023-01-01T03:38:59
5.781999,-0.222390,2023-01-01T03:39:00
5.781999,-0.222390,2023-01-01T03:39:01
5.781999,-0.222390,2023-01-01T03:39:02
5.781999,-0.222390,2023-01-01T03:39:03
5.781999,-0.222390,2023-01-01T03:39:04
5.781999,-0.111195,2023-01-01T03:39:05
5.781999,-0.111195,2023-01-01T03:39:06
5.781999,-0.111195,2023-01-01T03:39:07
5.781999,-0.111195,2023-01-01T03:39:08
5.781999,-0.111195,2023-01-01T03:39:09
5.781999,-0.111195,2023-01-01T03:39:10
5.781999,-0.111195,2023-01-01T03:39:11
5.781999,-0.111195,2023-01-01T03:39:12
5.781999,-0.111195,2023-01-01T03:39:13
5.781999,-0.111195,2023-01-01T03:39:14
5.781999,-0.111195,2023-01-01T03:39:15
5.781999,-0.111195,2023-01-01T03:39:16
5.781999,-0.111195,2023-01-01T03:39:17
5.781999,-0.111195,2023-01-01T03:39:18
5.781999,-0.111195,2023-01-01T03:39:19
5.781999,-0.111195,2023-01-01T03:39:20
5.781999,-0.111195,2023-01-01T03:39:21
5.781999,-0.111195,2023-01-01T03:39:22
5.781999,-0.111195,2023-01-01T03:39:23
5.781999,-0.111195,2023-01-01T03:39:24
5.781999,-0.111195,2023-01-01T03:39:25
5.781999,-0.111195,2023-01-01T03:39:26
5.781999,-0.111195,2023-01-01T03:39:27
5.781999,-0.111195,2023-01-01T03:39:28
5.781999,-0.111195,2023-01-01T03:39:29
5.781999,-0.111195,2023-01-01T03:39:30
5.781999,-0.111195,2023-01-01T03:39:31
5.781999,-0.111195,2023-01-01T03:39:32
5.781999,-0.111195,2023-01-01T03:39:33
5.781999,-0.111195,2023-01-01T03:39:34
5.781999,0.000000,2023-01-01T03:39:35
5.781999,0.000000,2023-01-01T03:39:36
5.781999,0.000000,2023-01-01T03:39:37
5.781999,0.000000,2023-01-01T03:39:38
5.781999,0.000000,2023-01-01T03:39:39
5.781999,0.000000,2023-01-01T03:39:40
5.781999,0.000000,2023-01-01T03:39:41
5.781999,0.000000,2023-01-01T03:39:42
5.781999,0.000000,2023-01-01T03:39:43
5.781999,0.000000,2023-01-01T03:39:44
5.781999,0.000000,2023-01-01T03:39:45
5.781999,0.000000,2023-01-01T03:39:46
5.781999,0.000000,2023-01-01T03:39:47
5.781999,0.000000,2023-01-01T03:39:48
5.781999,0.000000,2023-01-01T03:39:49
5.781999,0.000000,2023-01-01T03:39:50
5.781999,0.000000,2023-01-01T03:39:51
5.781999,0.000000,2023-01-01T03:39:52
5.781999,0.000000,2023-01-01T03:39:53
5.781999,0.000000,2023-01-01T03:39:54
5.781999,0.000000,2023-01-01T03:39:55
5.781999,0.000000,2023-01-01T03:39:56
5.781999,0.000000,2023-01-01T03:39:57
5.781999,0.000000,2023-01-01T03:39:58
5.781999,0.000000,2023-01-01T03:39:59
5.781999,0.000000,2023-01-01T03:40:00
5.781999,0.000000,2023-01-01T03:40:01
5.781999,0.000000,2023-01-01T03:40:02
5.781999,0.000000,2023-01-01T03:40:03
5.781999,0.000000,2023-01-01T03:40:04
5.781999,0.000000,2023-01-01T03:40:05
5.781999,0.000000,2023-01-01T03:40:06
5.781999,0.000000,2023-01-01T03:40:07
5.781999,0.000000,2023-01-01T03:40:08
5.781999,0.000000,2023-01-01T03:40:09
5.781999,0.000000,2023-01-01T03:40:10
5.781999,0.000000,2023-01-01T03:40:11
5.781999,0.000000,2023-01-01T03:40:12
5.781999,0.000000,2023-01-01T03:40:13
5.781999,0.000000,2023-01-01T03:40:14
5.781999,0.000000,2023-01-01T03:40:15
5.781999,0.000000,2023-01-01T03:40:16
5.781999,0.000000,2023-01-01T03:40:17
5.781999,0.000000,2023-01-01T03:40:18
5.781999,0.000000,2023-01-01T03:40:19
5.781999,0.000000,2023-01-01T03:40:20
5.781999,0.000000,2023-01-01T03:40:21
5.781999,0.000000,2023-01-01T03:40:22
5.781999,0.000000,2023-01-01T03:40:23
5.781999,0.000000,2023-01-01T03:40:24
5.781999,0.000000,2023-01-01T03:40:25
5.781999,0.000000,2023-01-01T03:40:26
5.781999,0.000000,2023-01-01T03:40:27
5.781999,0.000000,2023-01-01T03:40:28
5.781999,0.000000,2023-01-01T03:40:29
5.781999,0.000000,2023-01-01T03:40:30
5.781999,0.000000,2023-01-01T03:40:31
5.781999,0.000000,2023-01-01T03:40:32
5.670806,0.000000,2023-01-01T03:40:33
5.670806,0.000000,2023-01-01T03:40:34
5.670806,0.111195,2023-01-01T03:40:35
5.670806,0.111195,2023-01-01T03:40:36
5.670806,0.111195,2023-01-01T03:40:37
5.670806,0.111195,2023-01-01T03:40:38
5.670806,0.111195,2023-01-01T03:40:39
5.670806,0.111195,2023-01-01T03:40:40
5.670806,0.111195,2023-01-01T03:40:41
5.781999,0.111195,2023-01-01T03:40:42
5.781999,0.111195,2023-01-01T03:40:43
5.781999,0.111195,2023-01-01T03:40:44
5.781999,0.111195,2023-01-01T03:40:45
5.781999,0.111195,2023-01-01T03:40:46
5.781999,0.111195,2023-01-01T03:40:47
5.781999,0.111195,2023-01-01T03:40:48
5.781999,0.111195,2023-01-01T03:40:49
5.781999,0.111195,2023-01-01T03:40:50
5.781999,0.111195,2023-01-01T03:40:51
5.781999,0.111195,2023-01-01T03:40:52
5.781999,0.111195,2023-01-01T03:40:53
5.781999,0.111195,2023-01-01T03:40:54
5.781999,0.111195,2023-01-01T03:40:55
5.781999,0.111195,2023-01-01T03:40:56
5.781999,0.111195,2023-01-01T03:40:57
5.781999,0.111195,2023-01-01T03:40:58
5.781999,0.111195,2023-01-01T03:40:59
5.781999,0.111195,2023-01-01T03:41:00
5.781999,0.111195,2023-01-01T03:41:01
5.781999,0.111195,2023-01-01T03:41:02
5.781999,0.111195,2023-01-01T03:41:03
5.781999,0.111195,2023-01-01T03:41:04
5.781999,0.111195,2023-01-01T03:41:05
5.781999,0.111195,2023-01-01T03:41:06
5.781999,0.111195,2023-01-01T03:41:07
5.781999,0.111195,2023-01-01T03:41:08
5.781999,0.111195,2023-01-01T03:41:09
5.781999,0.111195,2023-01-01T03:41:10
5.781999,0.111195,2023-01-01T03:41:11
5.781999,0.111195,2023-01-01T03:41:12
5.781999,0.111195,2023-01-01T03:41:13
5.781999,0.111195,2023-01-01T03:41:14
5.781999,0.111195,2023-01-01T03:41:15
5.781999,0.111195,2023-01-01T03:41:16
5.781999,0.111195,2023-01-01T03:41:17
5.781999,0.111195,2023-01-01T03:41:18
5.781999,0.111195,2023-01-01T03:41:19
5.781999,0.111195,2023-01-01T03:41:20
5.781999,0.111195,2023-01-01T03:41:21
5.781999,0.111195,2023-01-01T03:41:22
5.781999,0.111195,2023-01-01T03:41:23
5.781999,0.222390,2023-01-01T03:41:24
5.781999,0.222390,2023-01-01T03:41:25
5.893191,0.222390,2023-01-01T03:41:26
5.893191,0.222390,2023-01-01T03:41:27
5.893191,0.222390,2023-01-01T03:41:28
5.893191,0.222390,2023-01-01T03:41:29
5.893191,0.222390,2023-01-01T03:41:30
5.893191,0.222390,2023-01-01T03:41:31
5.893191,0.222390,2023-01-01T03:41:32
5.893191,0.222390,2023-01-01T03:41:33
5.893191,0.111195,2023-01-01T03:41:34
5.893191,0.111195,2023-01-01T03:41:35
5.893191,0.111195,2023-01-01T03:41:36
5.893191,0.111195,2023-01-01T03:41:37
5.893191,0.111195,2023-01-01T03:41:38
5.893191,0.111195,2023-01-01T03:41:39
5.893191,0.111195,2023-01-01T03:41:40
5.893191,0.111195,2023-01-01T03:41:41
5.893191,0.111195,2023-01-01T03:41:42
5.893191,0.111195,2023-01-01T03:41:43
5.893191,0.111195,2023-01-01T03:41:44
5.893191,0.111195,2023-01-01T03:41:45
5.893191,0.111195,2023-01-01T03:41:46
5.893191,0.111195,2023-01-01T03:41:47
5.893191,0.111195,2023-01-01T03:41:48
5.893191,0.111195,2023-01-01T03:41:49
5.893191,0.111195,2023-01-01T03:41:50
5.893191,0.111195,2023-01-01T03:41:51
5.893191,0.111195,2023-01-01T03:41:52
5.893191,0.111195,2023-01-01T03:41:53
5.893191,0.111195,2023-01-01T03:41:54
5.893191,0.111195,2023-01-01T03:41:55
5.893191,0.111195,2023-01-01T03:41:56
5.893191,0.111195,2023-01-01T03:41:57
5.893191,0.111195,2023-01-01T03:41:58
5.893191,0.111195,2023-01-01T03:41:59
5.893191,0.111195,2023-01-01T03:42:00
5.893191,0.111195,2023-01-01T03:42:01
5.893191,0.111195,2023-01-01T03:42:02
5.893191,0.111195,2023-01-01T03:42:03
5.893191,0.111195,2023-01-01T03:42:04
5.893191,0.111195,2023-01-01T03:42:05
5.893191,0.111195,2023-01-01T03:42:06
5.893191,0.111195,2023-01-01T03:42:07
5.893191,0.111195,2023-01-01T03:42:08
5.893191,0.111195,2023-01-01T03:42:09
5.893191,0.111195,2023-01-01T03:42:10
5.893191,0.111195,2023-01-01T03:42:11
5.893191,0.111195,2023-01-01T03:42:12
5.893191,0.111195,2023-01-01T03:42:13
5.893191,0.111195,2023-01-01T03:42:14
5.893191,0.111195,2023-01-01T03:42:15
5.893191,0.111195,2023-01-01T03:42:16
5.893191,0.111195,2023-01-01T03:42:17
5.893191,0.111195,2023-01-01T03:42:18
5.893191,0.111195,2023-01-01T03:42:19
5.893191,0.111195,2023-01-01T03:42:20
5.893191,0.111195,2023-01-01T03:42:21
5.893191,0.111195,2023-01-01T03:42:22
5.893191,0.111195,2023-01-01T03:42:23
5.893191,0.111195,2023-01-01T03:42:24
5.893191,0.111195,2023-01-01T03:42:25
5.893191,0.111195,2023-01-01T03:42:26
5.893191,0.111195,2023-01-01T03:42:27
5.893191,0.111195,2023-01-01T03:42:28
5.893191,0.111195,2023-01-01T03:42:29
5.893191,0.111195,2023-01-01T03:42:30
5.893191,0.111195,2023-01-01T03:42:31
5.893191,0.111195,2023-01-01T03:42:32
5.893191,0.111195,2023-01-01T03:42:33
5.893191,0.111195,2023-01-01T03:42:34
5.893191,0.111195,2023-01-01T03:42:35
5.893191,0.111195,2023-01-01T03:42:36
5.893191,0.111195,2023-01-01T03:42:37
5.893191,0.111195,2023-01-01T03:42:38
5.893191,0.111195,2023-01-01T03:42:39
5.893191,0.111195,2023-01-01T03:42:40
5.893191,0.111195,2023-01-01T03:42:41
5.893191,0.111195,2023-01-01T03:42:42
5.893191,0.111195,2023-01-01T03:42:43
5.893191,0.111195,2023-01-01T03:42:44
6.004383,0.111195,2023-01-01T03:42:45
6.004383,0.111195,2023-01-01T03:42:46
6.004383,0.111195,2023-01-01T03:42:47
6.004383,0.111195,2023-01-01T03:42:48
6.004383,0.111195,2023-01-01T03:42:49
6.004383,0.111195,2023-01-01T03:42:50
6.004383,0.111195,2023-01-01T03:42:51
6.004383,0.111195,2023-01-01T03:42:52
6.004383,0.111195,2023-01-01T03:42:53
6.004383,0.111195,2023-01-01T03:42:54
6.004383,0.111195,2023-01-01T03:42:55
6.004383,0.111195,2023-01-01T03:42:56
6.004383,0.111195,2023-01-01T03:42:57
6.004383,0.111195,2023-01-01T03:42:58
6.004383,0.111195,2023-01-01T03:42:59
6.004383,0.111195,2023-01-01T03:43:00
6.004383,0.111195,2023-01-01T03:43:01
6.004383,0.111195,2023-01-01T03:43:02
6.004383,0.111195,2023-01-01T03:43:03
6.004383,0.111195,2023-01-01T03:43:04
6.004383,0.111195,2023-01-01T03:43:05
6.004383,0.111195,2023-01-01T03:43:06
6.004383,0.111195,2023-01-01T03:43:07
6.004383,0.111195,2023-01-01T03:43:08
6.004383,0.111195,2023-01-01T03:43:09
6.004383,0.111195,2023-01-01T03:43:10
6.004383,0.111195,2023-01-01T03:43:11
6.004383,0.111195,2023-01-01T03:43:12
6.004383,0.111195,2023-01-01T03:43:13
6.004383,0.111195,2023-01-01T03:43:14
6.004383,0.111195,2023-01-01T03:43:15
6.004383,0.111195,2023-01-01T03:43:16
6.004383,0.111195,2023-01-01T03:43:17
6.004383,0.111195,2023-01-01T03:43:18
6.004383,0.111195,2023-01-01T03:43:19
6.004383,0.111195,2023-01-01T03:43:20
6.004383,0.111195,2023-01-01T03:43:21
6.004383,0.111195,2023-01-01T03:43:22
6.004383,0.111195,2023-01-01T03:43:23
6.004383,0.111195,2023-01-01T03:43:24
6.004383,0.111195,2023-01-01T03:43:25
6.004383,0.111195,2023-01-01T03:43:26
6.004383,0.111195,2023-01-01T03:43:27
6.004383,0.111195,2023-01-01T03:43:28
6.004383,0.111195,2023-01-01T03:43:29
6.115576,0.111195,2023-01-01T03:43:30
6.115576,0.111195,2023-01-01T03:43:31
6.115576,0.111195,2023-01-01T03:43:32
6.115576,0.111195,2023-01-01T03:43:33
6.115576,0.111195,2023-01-01T03:43:34
6.115576,0.111195,2023-01-01T03:43:35
6.115576,0.111195,2023-01-01T03:43:36
6.115576,0.111195,2023-01-01T03:43:37
6.115576,0.111195,2023-01-01T03:43:38
6.115576,0.111195,2023-01-01T03:43:39
6.115576,0.111195,2023-01-01T03:43:40
6.115576,0.111195,2023-01-01T03:43:41
6.115576,0.111195,2023-01-01T03:43:42
6.115576,0.111195,2023-01-01T03:43:43
6.115576,0.111195,2023-01-01T03:43:44
6.115576,0.111195,2023-01-01T03:43:45
6.115576,0.111195,2023-01-01T03:43:46
6.115576,0.111195,2023-01-01T03:43:47
6.115576,0.111195,2023-01-01T03:43:48
6.115576,0.111195,2023-01-01T03:43:49
6.115576,0.111195,2023-01-01T03:43:50
6.115576,0.111195,2023-01-01T03:43:51
6.115576,0.111195,2023-01-01T03:43:52
6.115576,0.111195,2023-01-01T03:43:53
6.115576,0.111195,2023-01-01T03:43:54
6.115576,0.111195,2023-01-01T03:43:55
6.115576,0.111195,2023-01-01T03:43:56
6.004383,0.111195,2023-01-01T03:43:57
6.004383,0.111195,2023-01-01T03:43:58
6.004383,0.111195,2023-01-01T03:43:59
6.004383,0.111195,2023-01-01T03:44:00
6.004383,0.111195,2023-01-01T03:44:01
6.004383,0.111195,2023-01-01T03:44:02
6.004383,0.111195,2023-01-01T03:44:03
6.004383,0.111195,2023-01-01T03:44:04
6.004383,0.111195,2023-01-01T03:44:05
6.004383,0.111195,2023-01-01T03:44:06
6.004383,0.111195,2023-01-01T03:44:07
6.004383,0.111195,2023-01-01T03:44:08
6.004383,0.111195,2023-01-01T03:44:09
6.004383,0.111195,2023-01-01T03:44:10
6.004383,0.111195,2023-01-01T03:44:11
6.004383,0.111195,2023-01-01T03:44:12
6.004383,0.111195,2023-01-01T03:44:13
6.004383,0.111195,2023-01-01T03:44:14
6.004383,0.111195,2023-01-01T03:44:15
6.004383,0.111195,2023-01-01T03:44:16
6.004383,0.111195,2023-01-01T03:44:17
6.004383,0.111195,2023-01-01T03:44:18
6.004383,0.111195,2023-01-01T03:44:19
6.004383,0.111195,2023-01-01T03:44:20
6.004383,0.111195,2023-01-01T03:44:21
6.004383,0.111195,2023-01-01T03:44:22
6.004383,0.111195,2023-01-01T03:44:23
6.004383,0.111195,2023-01-01T03:44:24
6.004383,0.222390,2023-01-01T03:44:25
6.004383,0.222390,2023-01-01T03:44:26
6.004383,0.222390,2023-01-01T03:44:27
6.004383,0.222390,2023-01-01T03:44:28
6.004383,0.222390,2023-01-01T03:44:29
6.004383,0.222390,2023-01-01T03:44:30
6.004383,0.222390,2023-01-01T03:44:31
6.004383,0.222390,2023-01-01T03:44:32
6.004383,0.222390,2023-01-01T03:44:33
6.004383,0.222390,2023-01-01T03:44:34
6.004383,0.222390,2023-01-01T03:44:35
6.004383,0.222390,2023-01-01T03:44:36
6.004383,0.222390,2023-01-01T03:44:37
6.004383,0.222390,2023-01-01T03:44:38
6.004383,0.222390,2023-01-01T03:44:39
6.004383,0.222390,2023-01-01T03:44:40
6.004383,0.222390,2023-01-01T03:44:41
6.004383,0.222390,2023-01-01T03:44:42
6.004383,0.222390,2023-01-01T03:44:43
6.004383,0.222390,2023-01-01T03:44:44
6.004383,0.222390,2023-01-01T03:44:45
6.004383,0.222390,2023-01-01T03:44:46
6.004383,0.222390,2023-01-01T03:44:47
6.004383,0.222390,2023-01-01T03:44:48
6.004383,0.222390,2023-01-01T03:44:49
6.004383,0.222390,2023-01-01T03:44:50
6.004383,0.222390,2023-01-01T03:44:51
6.004383,0.222390,2023-01-01T03:44:52
6.004383,0.222390,2023-01-01T03:44:53
6.004383,0.222390,2023-01-01T03:44:54
6.004383,0.222390,2023-01-01T03:44:55
6.004383,0.222390,2023-01-01T03:44:56
6.004383,0.222390,2023-01-01T03:44:57
6.004383,0.222390,2023-01-01T03:44:58
6.004383,0.222390,2023-01-01T03:44:59
6.004383,0.222390,2023-01-01T03:45:00
6.004383,0.222390,2023-01-01T03:45:01
6.004383,0.222390,2023-01-01T03:45:02
6.004383,0.222390,2023-01-01T03:45:03
6.004383,0.222390,2023-01-01T03:45:04
6.004383,0.222390,2023-01-01T03:45:05
6.004383,0.222390,2023-01-01T03:45:06
6.004383,0.222390,2023-01-01T03:45:07
6.004383,0.222390,2023-01-01T03:45:08
6.004383,0.222390,2023-01-01T03:45:09
6.004383,0.222390,2023-01-01T03:45:10
6.004383,0.222390,2023-01-01T03:45:11
6.004383,0.222390,2023-01-01T03:45:12
6.004383,0.222390,2023-01-01T03:45:13
6.004383,0.222390,2023-01-01T03:45:14
6.004383,0.222390,2023-01-01T03:45:15
6.004383,0.222390,2023-01-01T03:45:16
6.004383,0.222390,2023-01-01T03:45:17
6.004383,0.222390,2023-01-01T03:45:18
6.004383,0.222390,2023-01-01T03:45:19
6.004383,0.222390,2023-01-01T03:45:20
6.004383,0.222390,2023-01-01T03:45:21
6.004383,0.222390,2023-01-01T03:45:22
6.004383,0.222390,2023-01-01T03:45:23
6.004383,0.222390,2023-01-01T03:45:24
6.004383,0.222390,2023-01-01T03:45:25
6.004383,0.222390,2023-01-01T03:45:26
6.004383,0.222390,2023-01-01T03:45:27
6.004383,0.222390,2023-01-01T03:45:28
6.004383,0.111195,2023-01-01T03:45:29
6.004383,0.111195,2023-01-01T03:45:30
6.004383,0.111195,2023-01-01T03:45:31
6.004383,0.111195,2023-01-01T03:45:32
6.004383,0.111195,2023-01-01T03:45:33
6.004383,0.111195,2023-01-01T03:45:34
6.004383,0.111195,2023-01-01T03:45:35
6.004383,0.111195,2023-01-01T03:45:36
6.004383,0.111195,2023-01-01T03:45:37
6.004383,0.111195,2023-01-01T03:45:38
6.004383,0.111195,2023-01-01T03:45:39
6.004383,0.111195,2023-01-01T03:45:40
6.004383,0.111195,2023-01-01T03:45:41
6.004383,0.111195,2023-01-01T03:45:42
6.004383,0.111195,2023-01-01T03:45:43
6.004383,0.111195,2023-01-01T03:45:44
6.004383,0.111195,2023-01-01T03:45:45
6.004383,0.111195,2023-01-01T03:45:46
6.004383,0.111195,2023-01-01T03:45:47
6.004383,0.111195,2023-01-01T03:45:48
6.004383,0.111195,2023-01-01T03:45:49
6.004383,0.111195,2023-01-01T03:45:50
6.004383,0.111195,2023-01-01T03:45:51
6.004383,0.111195,2023-01-01T03:45:52
6.004383,0.111195,2023-01-01T03:45:53
6.004383,0.111195,2023-01-01T03:45:54
6.004383,0.111195,2023-01-01T03:45:55
6.004383,0.111195,2023-01-01T03:45:56
6.004383,0.111195,2023-01-01T03:45:57
6.004383,0.111195,2023-01-01T03:45:58
6.004383,0.111195,2023-01-01T03:45:59
6.004383,0.111195,2023-01-01T03:46:00
6.004383,0.111195,2023-01-01T03:46:01
6.004383,0.111195,2023-01-01T03:46:02
6.004383,0.111195,2023-01-01T03:46:03
6.004383,0.111195,2023-01-01T03:46:04
6.004383,0.111195,2023-01-01T03:46:05
6.004383,0.111195,2023-01-01T03:46:06
6.004383,0.111195,2023-01-01T03:46:07
6.004383,0.111195,2023-01-01T03:46:08
6.004383,0.111195,2023-01-01T03:46:09
6.004383,0.111195,2023-01-01T03:46:10
6.004383,0.222390,2023-01-01T03:46:11
6.004383,0.222390,2023-01-01T03:46:12
6.004383,0.222390,2023-01-01T03:46:13
6.004383,0.222390,2023-01-01T03:46:14
6.004383,0.222390,2023-01-01T03:46:15
6.115576,0.222390,2023-01-01T03:46:16
6.115576,0.222390,2023-01-01T03:46:17
6.115576,0.222390,2023-01-01T03:46:18
6.115576,0.222390,2023-01-01T03:46:19
6.115576,0.222390,2023-01-01T03:46:20
6.115576,0.222390,2023-01-01T03:46:21
6.115576,0.222390,2023-01-01T03:46:22
6.115576,0.222390,2023-01-01T03:46:23
6.115576,0.222390,2023-01-01T03:46:24
6.115576,0.222390,2023-01-01T03:46:25
6.115576,0.222390,2023-01-01T03:46:26
6.115576,0.222390,2023-01-01T03:46:27
6.115576,0.222390,2023-01-01T03:46:28
6.115576,0.222390,2023-01-01T03:46:29
6.115576,0.222390,2023-01-01T03:46:30
6.115576,0.222390,2023-01-01T03:46:31
6.115576,0.222390,2023-01-01T03:46:32
6.115576,0.222390,2023-01-01T03:46:33
6.115576,0.222390,2023-01-01T03:46:34
6.115576,0.222390,2023-01-01T03:46:35
6.115576,0.222390,2023-01-01T03:46:36
6.115576,0.222390,2023-01-01T03:46:37
6.115576,0.222390,2023-01-01T03:46:38
6.115576,0.222390,2023-01-01T03:46:39
6.115576,0.222390,2023-01-01T03:46:40
6.115576,0.222390,2023-01-01T03:46:41
6.115576,0.222390,2023-01-01T03:46:42
6.115576,0.222390,2023-01-01T03:46:43
6.226768,0.222390,2023-01-01T03:46:44
6.226768,0.222390,2023-01-01T03:46:45
6.226768,0.222390,2023-01-01T03:46:46
6.226768,0.222390,2023-01-01T03:46:47
6.226768,0.222390,2023-01-01T03:46:48
6.226768,0.222390,2023-01-01T03:46:49
6.226768,0.222390,2023-01-01T03:46:50
6.226768,0.222390,2023-01-01T03:46:51
6.226768,0.222390,2023-01-01T03:46:52
6.226768,0.222390,2023-01-01T03:46:53
6.226768,0.222390,2023-01-01T03:46:54
6.226768,0.222390,2023-01-01T03:46:55
6.226768,0.222390,2023-01-01T03:46:56
6.226768,0.222390,2023-01-01T03:46:57
6.226768,0.222390,2023-01-01T03:46:58
6.226768,0.222390,2023-01-01T03:46:59
6.226768,0.222390,2023-01-01T03:47:00
6.226768,0.222390,2023-01-01T03:47:01
6.226768,0.222390,2023-01-01T03:47:02
6.226768,0.222390,2023-01-01T03:47:03
6.226768,0.222390,2023-01-01T03:47:04
6.226768,0.222390,2023-01-01T03:47:05
6.226768,0.222390,2023-01-01T03:47:06
6.226768,0.222390,2023-01-01T03:47:07
6.226768,0.222390,2023-01-01T03:47:08
6.226768,0.222390,2023-01-01T03:47:09
6.226768,0.222390,2023-01-01T03:47:10
6.226768,0.222390,2023-01-01T03:47:11
6.226768,0.222390,2023-01-01T03:47:12
6.337960,0.222390,2023-01-01T03:47:13
6.337960,0.222390,2023-01-01T03:47:14
6.337960,0.222390,2023-01-01T03:47:15
6.337960,0.222390,2023-01-01T03:47:16
6.337960,0.222390,2023-01-01T03:47:17
6.337960,0.222390,2023-01-01T03:47:18
6.337960,0.222390,2023-01-01T03:47:19
6.337960,0.222390,2023-01-01T03:47:20
6.337960,0.222390,2023-01-01T03:47:21
6.337960,0.222390,2023-01-01T03:47:22
6.337960,0.222390,2023-01-01T03:47:23
6.337960,0.222390,2023-01-01T03:47:24
6.337960,0.222390,2023-01-01T03:47:25
6.337960,0.222390,2023-01-01T03:47:26
6.337960,0.222390,2023-01-01T03:47:27
6.337960,0.222390,2023-01-01T03:47:28
6.337960,0.222390,2023-01-01T03:47:29
6.337960,0.222390,2023-01-01T03:47:30
6.337960,0.222390,2023-01-01T03:47:31
6.337960,0.222390,2023-01-01T03:47:32
6.337960,0.222390,2023-01-01T03:47:33
6.337960,0.222390,2023-01-01T03:47:34
6.337960,0.222390,2023-01-01T03:47:35
6.337960,0.222390,2023-01-01T03:47:36
6.337960,0.222390,2023-01-01T03:47:37
6.337960,0.222390,2023-01-01T03:47:38
6.337960,0.222390,2023-01-01T03:47:39
6.337960,0.222390,2023-01-01T03:47:40
6.337960,0.222390,2023-01-01T03:47:41
6.337960,0.222390,2023-01-01T03:47:42
6.337960,0.222390,2023-01-01T03:47:43
6.337960,0.222390,2023-01-01T03:47:44
6.337960,0.222390,2023-01-01T03:47:45
6.337960,0.222390,2023-01-01T03:47:46
6.337960,0.222390,2023-01-01T03:47:47
6.449152,0.222390,2023-01-01T03:47:48
6.449152,0.222390,2023-01-01T03:47:49
6.449152,0.222390,2023-01-01T03:47:50
6.449152,0.222390,2023-01-01T03:47:51
6.449152,0.222390,2023-01-01T03:47:52
6.449152,0.222390,2023-01-01T03:47:53
6.449152,0.222390,2023-01-01T03:47:54
6.449152,0.111195,2023-01-01T03:47:55
6.449152,0.111195,2023-01-01T03:47:56
6.449152,0.111195,2023-01-01T03:47:57
6.449152,0.111195,2023-01-01T03:47:58
6.449152,0.111195,2023-01-01T03:47:59
6.449152,0.111195,2023-01-01T03:48:00
6.449152,0.111195,2023-01-01T03:48:01
6.449152,0.111195,2023-01-01T03:48:02
6.449152,0.111195,2023-01-01T03:48:03
6.449152,0.111195,2023-01-01T03:48:04
6.449152,0.111195,2023-01-01T03:48:05
6.449152,0.111195,2023-01-01T03:48:06
6.449152,0.111195,2023-01-01T03:48:07
6.449152,0.111195,2023-01-01T03:48:08
6.449152,0.111195,2023-01-01T03:48:09
6.449152,0.111195,2023-01-01T03:48:10
6.449152,0.111195,2023-01-01T03:48:11
6.449152,0.111195,2023-01-01T03:48:12
6.449152,0.111195,2023-01-01T03:48:13
6.449152,0.111195,2023-01-01T03:48:14
6.449152,0.111195,2023-01-01T03:48:15
6.449152,0.111195,2023-01-01T03:48:16
6.449152,0.111195,2023-01-01T03:48:17
6.449152,0.111195,2023-01-01T03:48:18
6.449152,0.111195,2023-01-01T03:48:19
6.449152,0.111195,2023-01-01T03:48:20
6.449152,0.111195,2023-01-01T03:48:21
6.449152,0.111195,2023-01-01T03:48:22
6.449152,0.111195,2023-01-01T03:48:23
6.449152,0.111195,2023-01-01T03:48:24
6.449152,0.111195,2023-01-01T03:48:25
6.449152,0.111195,2023-01-01T03:48:26
6.449152,0.111195,2023-01-01T03:48:27
6.449152,0.111195,2023-01-01T03:48:28
6.449152,0.111195,2023-01-01T03:48:29
6.449152,0.111195,2023-01-01T03:48:30
6.449152,0.111195,2023-01-01T03:48:31
6.449152,0.111195,2023-01-01T03:48:32
6.449152,0.111195,2023-01-01T03:48:33
6.449152,0.111195,2023-01-01T03:48:34
6.449152,0.111195,2023-01-01T03:48:35
6.449152,0.111195,2023-01-01T03:48:36
6.449152,0.111195,2023-01-01T03:48:37
6.449152,0.111195,2023-01-01T03:48:38
6.449152,0.111195,2023-01-01T03:48:39
6.449152,0.111195,2023-01-01T03:48:40
6.449152,0.111195,2023-01-01T03:48:41
6.449152,0.111195,2023-01-01T03:48:42
6.449152,0.111195,2023-01-01T03:48:43
6.449152,0.111195,2023-01-01T03:48:44
6.449152,0.111195,2023-01-01T03:48:45
6.560345,0.111195,2023-01-01T03:48:46
6.560345,0.111195,2023-01-01T03:48:47
6.560345,0.111195,2023-01-01T03:48:48
6.560345,0.111195,2023-01-01T03:48:49
6.560345,0.111195,2023-01-01T03:48:50
6.560345,0.111195,2023-01-01T03:48:51
6.560345,0.111195,2023-01-01T03:48:52
6.560345,0.111195,2023-01-01T03:48:53
6.560345,0.111195,2023-01-01T03:48:54
6.560345,0.111195,2023-01-01T03:48:55
6.560345,0.111195,2023-01-01T03:48:56
6.560345,0.111195,2023-01-01T03:48:57
6.560345,0.111195,2023-01-01T03:48:58
6.560345,0.111195,2023-01-01T03:48:59
6.560345,0.111195,2023-01-01T03:49:00
6.560345,0.111195,2023-01-01T03:49:01
6.560345,0.111195,2023-01-01T03:49:02
6.560345,0.111195,2023-01-01T03:49:03
6.560345,0.111195,2023-01-01T03:49:04
6.560345,0.111195,2023-01-01T03:49:05
6.560345,0.111195,2023-01-01T03:49:06
6.560345,0.111195,2023-01-01T03:49:07
6.560345,0.111195,2023-01-01T03:49:08
6.560345,0.111195,2023-01-01T03:49:09
6.560345,0.111195,2023-01-01T03:49:10
6.560345,0.111195,2023-01-01T03:49:11
6.560345,0.111195,2023-01-01T03:49:12
6.560345,0.111195,2023-01-01T03:49:13
6.560345,0.111195,2023-01-01T03:49:14
6.560345,0.000000,2023-01-01T03:49:15
6.560345,0.000000,2023-01-01T03:49:16
6.560345,0.000000,2023-01-01T03:49:17
6.560345,0.000000,2023-01-01T03:49:18
6.560345,0.000000,2023-01-01T03:49:19
6.560345,0.000000,2023-01-01T03:49:20
6.560345,0.000000,2023-01-01T03:49:21
6.560345,0.000000,2023-01-01T03:49:22
6.560345,0.000000,2023-01-01T03:49:23
6.560345,0.000000,2023-01-01T03:49:24
6.560345,0.000000,2023-01-01T03:49:25
6.560345,0.000000,2023-01-01T03:49:26
6.560345,0.000000,2023-01-01T03:49:27
6.560345,0.000000,2023-01-01T03:49:28
6.560345,0.000000,2023-01-01T03:49:29
6.560345,0.000000,2023-01-01T03:49:30
6.560345,0.000000,2023-01-01T03:49:31
6.560345,0.000000,2023-01-01T03:49:32
6.560345,0.000000,2023-01-01T03:49:33
6.560345,0.000000,2023-01-01T03:49:34
6.560345,0.000000,2023-01-01T03:49:35
6.560345,0.000000,2023-01-01T03:49:36
6.560345,0.000000,2023-01-01T03:49:37
6.560345,0.000000,2023-01-01T03:49:38
6.560345,0.000000,2023-01-01T03:49:39
6.560345,0.000000,2023-01-01T03:49:40
6.560345,0.000000,2023-01-01T03:49:41
6.560345,0.000000,2023-01-01T03:49:42
6.560345,0.000000,2023-01-01T03:49:43
6.560345,0.000000,2023-01-01T03:49:44
6.560345,0.000000,2023-01-01T03:49:45
6.560345,0.000000,2023-01-01T03:49:46
6.560345,0.000000,2023-01-01T03:49:47
6.560345,0.000000,2023-01-01T03:49:48
6.560345,0.000000,2023-01-01T03:49:49
6.560345,0.000000,2023-01-01T03:49:50
6.560345,0.111195,2023-01-01T03:49:51
6.560345,0.111195,2023-01-01T03:49:52
6.560345,0.111195,2023-01-01T03:49:53
6.560345,0.111195,2023-01-01T03:49:54
6.560345,0.111195,2023-01-01T03:49:55
6.560345,0.111195,2023-01-01T03:49:56
6.560345,0.111195,2023-01-01T03:49:57
6.560345,0.111195,2023-01-01T03:49:58
6.560345,0.111195,2023-01-01T03:49:59
6.560345,0.111195,2023-01-01T03:50:00
6.560345,0.111195,2023-01-01T03:50:01
6.560345,0.111195,2023-01-01T03:50:02
6.560345,0.111195,2023-01-01T03:50:03
6.560345,0.111195,2023-01-01T03:50:04
6.560345,0.111195,2023-01-01T03:50:05
6.560345,0.111195,2023-01-01T03:50:06
6.560345,0.111195,2023-01-01T03:50:07
6.560345,0.111195,2023-01-01T03:50:08
6.560345,0.111195,2023-01-01T03:50:09
6.560345,0.111195,2023-01-01T03:50:10
6.560345,0.111195,2023-01-01T03:50:11
6.560345,0.111195,2023-01-01T03:50:12
6.560345,0.111195,2023-01-01T03:50:13
6.560345,0.111195,2023-01-01T03:50:14
6.560345,0.111195,2023-01-01T03:50:15
6.560345,0.111195,2023-01-01T03:50:16
6.560345,0.111195,2023-01-01T03:50:17
6.560345,0.111195,2023-01-01T03:50:18
6.560345,0.111195,2023-01-01T03:50:19
6.560345,0.111195,2023-01-01T03:50:20
6.560345,0.111195,2023-01-01T03:50:21
6.560345,0.111195,2023-01-01T03:50:22
6.560345,0.111195,2023-01-01T03:50:23
6.560345,0.111195,2023-01-01T03:50:24
6.560345,0.111195,2023-01-01T03:50:25
6.560345,0.222390,2023-01-01T03:50:26
6.560345,0.222390,2023-01-01T03:50:27
6.560345,0.222390,2023-01-01T03:50:28
6.560345,0.222390,2023-01-01T03:50:29
6.560345,0.222390,2023-01-01T03:50:30
6.560345,0.222390,2023-01-01T03:50:31
6.560345,0.222390,2023-01-01T03:50:32
6.560345,0.222390,2023-01-01T03:50:33
6.560345,0.222390,2023-01-01T03:50:34
6.560345,0.222390,2023-01-01T03:50:35
6.560345,0.222390,2023-01-01T03:50:36
6.560345,0.222390,2023-01-01T03:50:37
6.560345,0.222390,2023-01-01T03:50:38
6.560345,0.222390,2023-01-01T03:50:39
6.560345,0.222390,2023-01-01T03:50:40
6.560345,0.222390,2023-01-01T03:50:41
6.671537,0.333585,2023-01-01T03:50:42
6.671537,0.333585,2023-01-01T03:50:43
6.671537,0.333585,2023-01-01T03:50:44
6.671537,0.333585,2023-01-01T03:50:45
6.671537,0.333585,2023-01-01T03:50:46
6.671537,0.333585,2023-01-01T03:50:47
6.671537,0.333585,2023-01-01T03:50:48
6.671537,0.333585,2023-01-01T03:50:49
6.671537,0.333585,2023-01-01T03:50:50
6.671537,0.333585,2023-01-01T03:50:51
6.671537,0.333585,2023-01-01T03:50:52
6.671537,0.333585,2023-01-01T03:50:53
6.671537,0.333585,2023-01-01T03:50:54
6.671537,0.333585,2023-01-01T03:50:55
6.671537,0.333585,2023-01-01T03:50:56
6.671537,0.333585,2023-01-01T03:50:57
6.671537,0.333585,2023-01-01T03:50:58
6.671537,0.333585,2023-01-01T03:50:59
6.671537,0.333585,2023-01-01T03:51:00
6.671537,0.333585,2023-01-01T03:51:01
6.671537,0.333585,2023-01-01T03:51:02
6.671537,0.333585,2023-01-01T03:51:03
6.671537,0.333585,2023-01-01T03:51:04
6.671537,0.333585,2023-01-01T03:51:05
6.671537,0.444780,2023-01-01T03:51:06
6.671537,0.444780,2023-01-01T03:51:07
6.671537,0.444780,2023-01-01T03:51:08
6.671537,0.444780,2023-01-01T03:51:09
6.671537,0.444780,2023-01-01T03:51:10
6.782729,0.444780,2023-01-01T03:51:11
6.782729,0.444780,2023-01-01T03:51:12
6.782729,0.444780,2023-01-01T03:51:13
6.782729,0.444780,2023-01-01T03:51:14
6.782729,0.444780,2023-01-01T03:51:15
6.782729,0.444780,2023-01-01T03:51:16
6.782729,0.444780,2023-01-01T03:51:17
6.782729,0.333585,2023-01-01T03:51:18
6.782729,0.333585,2023-01-01T03:51:19
6.893922,0.333585,2023-01-01T03:51:20
6.893922,0.333585,2023-01-01T03:51:21
6.893922,0.333585,2023-01-01T03:51:22
6.893922,0.333585,2023-01-01T03:51:23
6.893922,0.333585,2023-01-01T03:51:24
6.893922,0.333585,2023-01-01T03:51:25
6.893922,0.333585,2023-01-01T03:51:26
6.893922,0.333585,2023-01-01T03:51:27
6.893922,0.333585,2023-01-01T03:51:28
7.005114,0.333585,2023-01-01T03:51:29
7.005114,0.333585,2023-01-01T03:51:30
7.005114,0.333585,2023-01-01T03:51:31
7.005114,0.333585,2023-01-01T03:51:32
7.005114,0.333585,2023-01-01T03:51:33
7.005114,0.333585,2023-01-01T03:51:34
7.005114,0.333585,2023-01-01T03:51:35
7.116306,0.333585,2023-01-01T03:51:36
7.116306,0.333585,2023-01-01T03:51:37
7.116306,0.333585,2023-01-01T03:51:38
7.116306,0.333585,2023-01-01T03:51:39
7.116306,0.333585,2023-01-01T03:51:40
7.116306,0.333585,2023-01-01T03:51:41
7.116306,0.333585,2023-01-01T03:51:42
7.227498,0.333585,2023-01-01T03:51:43
7.227498,0.333585,2023-01-01T03:51:44
7.227498,0.333585,2023-01-01T03:51:45
7.227498,0.333585,2023-01-01T03:51:46
7.227498,0.333585,2023-01-01T03:51:47
7.227498,0.333585,2023-01-01T03:51:48
7.338691,0.333585,2023-01-01T03:51:49
7.338691,0.333585,2023-01-01T03:51:50
7.338691,0.333585,2023-01-01T03:51:51
7.338691,0.333585,2023-01-01T03:51:52
7.338691,0.333585,2023-01-01T03:51:53
7.338691,0.333585,2023-01-01T03:51:54
7.338691,0.333585,2023-01-01T03:51:55
7.449883,0.333585,2023-01-01T03:51:56
7.449883,0.333585,2023-01-01T03:51:57
7.449883,0.333585,2023-01-01T03:51:58
7.449883,0.333585,2023-01-01T03:51:59
7.449883,0.333585,2023-01-01T03:52:00
7.449883,0.333585,2023-01-01T03:52:01
7.449883,0.333585,2023-01-01T03:52:02
7.561075,0.333585,2023-01-01T03:52:03
7.561075,0.333585,2023-01-01T03:52:04
7.561075,0.333585,2023-01-01T03:52:05
7.561075,0.333585,2023-01-01T03:52:06
7.561075,0.333585,2023-01-01T03:52:07
7.561075,0.333585,2023-01-01T03:52:08
7.561075,0.333585,2023-01-01T03:52:09
7.672268,0.444780,2023-01-01T03:52:10
7.672268,0.444780,2023-01-01T03:52:11
7.672268,0.444780,2023-01-01T03:52:12
7.672268,0.444780,2023-01-01T03:52:13
7.672268,0.444780,2023-01-01T03:52:14
7.672268,0.444780,2023-01-01T03:52:15
7.672268,0.444780,2023-01-01T03:52:16
7.783460,0.444780,2023-01-01T03:52:17
7.783460,0.444780,2023-01-01T03:52:18
7.783460,0.444780,2023-01-01T03:52:19
7.783460,0.444780,2023-01-01T03:52:20
7.783460,0.444780,2023-01-01T03:52:21
7.783460,0.444780,2023-01-01T03:52:22
7.783460,0.444780,2023-01-01T03:52:23
7.894652,0.444780,2023-01-01T03:52:24
7.894652,0.444780,2023-01-01T03:52:25
7.894652,0.444780,2023-01-01T03:52:26
7.894652,0.444780,2023-01-01T03:52:27
7.894652,0.444780,2023-01-01T03:52:28
7.894652,0.444780,2023-01-01T03:52:29
7.894652,0.444780,2023-01-01T03:52:30
8.005844,0.444780,2023-01-01T03:52:31
8.005844,0.444780,2023-01-01T03:52:32
8.005844,0.444780,2023-01-01T03:52:33
8.005844,0.444780,2023-01-01T03:52:34
8.005844,0.444780,2023-01-01T03:52:35
8.005844,0.444780,2023-01-01T03:52:36
8.005844,0.444780,2023-01-01T03:52:37
8.005844,0.555975,2023-01-01T03:52:38
8.117037,0.555975,2023-01-01T03:52:39
8.117037,0.555975,2023-01-01T03:52:40
8.117037,0.555975,2023-01-01T03:52:41
8.117037,0.555975,2023-01-01T03:52:42
8.117037,0.555975,2023-01-01T03:52:43
8.117037,0.555975,2023-01-01T03:52:44
8.117037,0.555975,2023-01-01T03:52:45
8.117037,0.555975,2023-01-01T03:52:46
8.117037,0.555975,2023-01-01T03:52:47
8.117037,0.555975,2023-01-01T03:52:48
8.228229,0.555975,2023-01-01T03:52:49
8.228229,0.555975,2023-01-01T03:52:50
8.228229,0.555975,2023-01-01T03:52:51
8.228229,0.555975,2023-01-01T03:52:52
8.228229,0.555975,2023-01-01T03:52:53
8.228229,0.555975,2023-01-01T03:52:54
8.228229,0.555975,2023-01-01T03:52:55
8.228229,0.667170,2023-01-01T03:52:56
8.228229,0.667170,2023-01-01T03:52:57
8.228229,0.667170,2023-01-01T03:52:58
8.228229,0.667170,2023-01-01T03:52:59
8.228229,0.667170,2023-01-01T03:53:00
8.228229,0.667170,2023-01-01T03:53:01
8.339421,0.667170,2023-01-01T03:53:02
8.339421,0.667170,2023-01-01T03:53:03
8.339421,0.667170,2023-01-01T03:53:04
8.339421,0.667170,2023-01-01T03:53:05
8.339421,0.667170,2023-01-01T03:53:06
8.339421,0.667170,2023-01-01T03:53:07
8.339421,0.667170,2023-01-01T03:53:08
8.339421,0.667170,2023-01-01T03:53:09
8.339421,0.667170,2023-01-01T03:53:10
8.339421,0.667170,2023-01-01T03:53:11
8.339421,0.667170,2023-01-01T03:53:12
8.339421,0.667170,2023-01-01T03:53:13
8.339421,0.667170,2023-01-01T03:53:14
8.339421,0.667170,2023-01-01T03:53:15
8.339421,0.667170,2023-01-01T03:53:16
8.339421,0.667170,2023-01-01T03:53:17
8.339421,0.667170,2023-01-01T03:53:18
8.450614,0.667170,2023-01-01T03:53:19
8.450614,0.778364,2023-01-01T03:53:20
8.450614,0.778364,2023-01-01T03:53:21
8.450614,0.778364,2023-01-01T03:53:22
8.450614,0.778364,2023-01-01T03:53:23
8.450614,0.778364,2023-01-01T03:53:24
8.450614,0.778364,2023-01-01T03:53:25
8.450614,0.778364,2023-01-01T03:53:26
8.450614,0.778364,2023-01-01T03:53:27
8.450614,0.778364,2023-01-01T03:53:28
8.450614,0.778364,2023-01-01T03:53:29
8.450614,0.778364,2023-01-01T03:53:30
8.450614,0.778364,2023-01-01T03:53:31
8.450614,0.778364,2023-01-01T03:53:32
8.450614,0.778364,2023-01-01T03:53:33
8.450614,0.778364,2023-01-01T03:53:34
8.450614,0.778364,2023-01-01T03:53:35
8.450614,0.778364,2023-01-01T03:53:36
8.450614,0.778364,2023-01-01T03:53:37
8.450614,0.778364,2023-01-01T03:53:38
8.450614,0.778364,2023-01-01T03:53:39
8.561806,0.778364,2023-01-01T03:53:40
8.561806,0.778364,2023-01-01T03:53:41
8.561806,0.778364,2023-01-01T03:53:42
8.561806,0.778364,2023-01-01T03:53:43
8.561806,0.778364,2023-01-01T03:53:44
8.561806,0.778364,2023-01-01T03:53:45
8.561806,0.778364,2023-01-01T03:53:46
8.561806,0.778364,2023-01-01T03:53:47
8.561806,0.778364,2023-01-01T03:53:48
8.561806,0.778364,2023-01-01T03:53:49
8.561806,0.778364,2023-01-01T03:53:50
8.561806,0.778364,2023-01-01T03:53:51
8.561806,0.778364,2023-01-01T03:53:52
8.561806,0.778364,2023-01-01T03:53:53
8.561806,0.778364,2023-01-01T03:53:54
8.561806,0.778364,2023-01-01T03:53:55
8.561806,0.778364,2023-01-01T03:53:56
8.561806,0.778364,2023-01-01T03:53:57
8.561806,0.778364,2023-01-01T03:53:58
8.561806,0.778364,2023-01-01T03:53:59
8.561806,0.778364,2023-01-01T03:54:00
8.561806,0.889559,2023-01-01T03:54:01
8.561806,0.889559,2023-01-01T03:54:02
8.561806,0.889559,2023-01-01T03:54:03
8.561806,0.889559,2023-01-01T03:54:04
8.561806,0.889559,2023-01-01T03:54:05
8.561806,0.889559,2023-01-01T03:54:06
8.561806,0.889559,2023-01-01T03:54:07
8.561806,0.889559,2023-01-01T03:54:08
8.561806,0.889559,2023-01-01T03:54:09
8.561806,0.889559,2023-01-01T03:54:10
8.561806,0.889559,2023-01-01T03:54:11
8.561806,0.889559,2023-01-01T03:54:12
8.561806,0.889559,2023-01-01T03:54:13
8.561806,0.889559,2023-01-01T03:54:14
8.561806,0.889559,2023-01-01T03:54:15
8.561806,0.889559,2023-01-01T03:54:16
8.561806,0.889559,2023-01-01T03:54:17
8.561806,0.889559,2023-01-01T03:54:18
8.561806,0.889559,2023-01-01T03:54:19
8.561806,0.889559,2023-01-01T03:54:20
8.561806,0.889559,2023-01-01T03:54:21
8.561806,0.889559,2023-01-01T03:54:22
8.561806,0.889559,2023-01-01T03:54:23
8.561806,0.889559,2023-01-01T03:54:24
8.561806,0.889559,2023-01-01T03:54:25
8.672998,0.889559,2023-01-01T03:54:26
8.672998,0.889559,2023-01-01T03:54:27
8.672998,0.889559,2023-01-01T03:54:28
8.672998,0.889559,2023-01-01T03:54:29
8.672998,0.889559,2023-01-01T03:54:30
8.672998,0.889559,2023-01-01T03:54:31
8.672998,0.889559,2023-01-01T03:54:32
8.672998,0.889559,2023-01-01T03:54:33
8.672998,0.889559,2023-01-01T03:54:34
8.672998,0.889559,2023-01-01T03:54:35
8.672998,0.889559,2023-01-01T03:54:36
8.672998,0.889559,2023-01-01T03:54:37
8.672998,0.889559,2023-01-01T03:54:38
8.672998,0.889559,2023-01-01T03:54:39
8.672998,0.889559,2023-01-01T03:54:40
8.672998,0.889559,2023-01-01T03:54:41
8.672998,0.889559,2023-01-01T03:54:42
8.672998,0.889559,2023-01-01T03:54:43
8.672998,0.889559,2023-01-01T03:54:44
8.672998,0.889559,2023-01-01T03:54:45
8.672998,0.889559,2023-01-01T03:54:46
8.672998,0.889559,2023-01-01T03:54:47
8.672998,0.889559,2023-01-01T03:54:48
8.672998,0.889559,2023-01-01T03:54:49
8.672998,0.889559,2023-01-01T03:54:50
8.672998,0.889559,2023-01-01T03:54:51
8.672998,0.889559,2023-01-01T03:54:52
8.672998,0.889559,2023-01-01T03:54:53
8.672998,0.889559,2023-01-01T03:54:54
8.672998,0.889559,2023-01-01T03:54:55
8.672998,0.889559,2023-01-01T03:54:56
8.672998,0.889559,2023-01-01T03:54:57
8.672998,0.889559,2023-01-01T03:54:58
8.672998,0.889559,2023-01-01T03:54:59
8.672998,0.889559,2023-01-01T03:55:00
8.672998,0.889559,2023-01-01T03:55:01
8.672998,0.889559,2023-01-01T03:55:02
8.672998,0.889559,2023-01-01T03:55:03
8.672998,0.889559,2023-01-01T03:55:04
8.672998,0.889559,2023-01-01T03:55:05
8.672998,0.889559,2023-01-01T03:55:06
8.672998,0.889559,2023-01-01T03:55:07
8.672998,0.889559,2023-01-01T03:55:08
8.672998,0.889559,2023-01-01T03:55:09
8.672998,0.889559,2023-01-01T03:55:10
8.672998,0.889559,2023-01-01T03:55:11
8.672998,0.889559,2023-01-01T03:55:12
8.672998,0.889559,2023-01-01T03:55:13
8.672998,0.889559,2023-01-01T03:55:14
8.672998,0.889559,2023-01-01T03:55:15
8.672998,0.889559,2023-01-01T03:55:16
8.672998,0.889559,2023-01-01T03:55:17
8.672998,0.889559,2023-01-01T03:55:18
8.672998,0.889559,2023-01-01T03:55:19
8.672998,0.889559,2023-01-01T03:55:20
8.672998,0.889559,2023-01-01T03:55:21
8.672998,0.889559,2023-01-01T03:55:22
8.672998,0.889559,2023-01-01T03:55:23
8.672998,0.889559,2023-01-01T03:55:24
8.672998,0.889559,2023-01-01T03:55:25
8.672998,0.889559,2023-01-01T03:55:26
8.672998,0.889559,2023-01-01T03:55:27
8.784190,0.889559,2023-01-01T03:55:28
8.784190,0.889559,2023-01-01T03:55:29
8.784190,0.889559,2023-01-01T03:55:30
8.784190,0.889559,2023-01-01T03:55:31
8.784190,0.889559,2023-01-01T03:55:32
8.784190,0.889559,2023-01-01T03:55:33
8.784190,0.889559,2023-01-01T03:55:34
8.784190,0.889559,2023-01-01T03:55:35
8.784190,0.889559,2023-01-01T03:55:36
8.784190,0.889559,2023-01-01T03:55:37
8.784190,0.889559,2023-01-01T03:55:38
8.784190,0.889559,2023-01-01T03:55:39
8.784190,0.889559,2023-01-01T03:55:40
8.784190,0.889559,2023-01-01T03:55:41
8.784190,0.889559,2023-01-01T03:55:42
8.784190,0.889559,2023-01-01T03:55:43
8.784190,0.889559,2023-01-01T03:55:44
8.784190,0.889559,2023-01-01T03:55:45
8.784190,0.889559,2023-01-01T03:55:46
8.784190,0.889559,2023-01-01T03:55:47
8.784190,0.889559,2023-01-01T03:55:48
8.784190,0.889559,2023-01-01T03:55:49
8.784190,0.889559,2023-01-01T03:55:50
8.784190,0.889559,2023-01-01T03:55:51
8.784190,0.889559,2023-01-01T03:55:52
8.784190,0.889559,2023-01-01T03:55:53
8.784190,0.889559,2023-01-01T03:55:54
8.784190,0.889559,2023-01-01T03:55:55
8.784190,0.889559,2023-01-01T03:55:56
8.784190,0.889559,2023-01-01T03:55:57
8.784190,0.889559,2023-01-01T03:55:58
8.784190,0.889559,2023-01-01T03:55:59
8.784190,0.889559,2023-01-01T03:56:00
8.784190,0.889559,2023-01-01T03:56:01
8.784190,0.889559,2023-01-01T03:56:02
8.784190,0.889559,2023-01-01T03:56:03
8.784190,0.889559,2023-01-01T03:56:04
8.784190,0.889559,2023-01-01T03:56:05
8.784190,0.889559,2023-01-01T03:56:06
8.784190,0.889559,2023-01-01T03:56:07
8.784190,0.889559,2023-01-01T03:56:08
8.784190,0.889559,2023-01-01T03:56:09
8.784190,0.889559,2023-01-01T03:56:10
8.784190,0.889559,2023-01-01T03:56:11
8.784190,0.889559,2023-01-01T03:56:12
8.784190,0.889559,2023-01-01T03:56:13
8.784190,0.889559,2023-01-01T03:56:14
8.784190,0.889559,2023-01-01T03:56:15
8.784190,0.889559,2023-01-01T03:56:16
8.784190,0.889559,2023-01-01T03:56:17
8.784190,0.889559,2023-01-01T03:56:18
8.784190,0.889559,2023-01-01T03:56:19
8.784190,0.889559,2023-01-01T03:56:20
8.784190,0.889559,2023-01-01T03:56:21
8.784190,0.889559,2023-01-01T03:56:22
8.784190,0.889559,2023-01-01T03:56:23
8.784190,0.889559,2023-01-01T03:56:24
8.784190,0.889559,2023-01-01T03:56:25
8.784190,0.889559,2023-01-01T03:56:26
8.784190,0.889559,2023-01-01T03:56:27
8.784190,0.889559,2023-01-01T03:56:28
8.784190,0.889559,2023-01-01T03:56:29
8.784190,0.889559,2023-01-01T03:56:30
8.784190,0.889559,2023-01-01T03:56:31
8.784190,0.889559,2023-01-01T03:56:32
8.784190,0.889559,2023-01-01T03:56:33
8.784190,0.889559,2023-01-01T03:56:34
8.784190,0.889559,2023-01-01T03:56:35
8.784190,0.889559,2023-01-01T03:56:36
8.784190,0.889559,2023-01-01T03:56:37
8.784190,0.889559,2023-01-01T03:56:38
8.784190,0.889559,2023-01-01T03:56:39
8.784190,0.889559,2023-01-01T03:56:40
8.784190,0.889559,2023-01-01T03:56:41
8.784190,0.889559,2023-01-01T03:56:42
8.784190,0.889559,2023-01-01T03:56:43
8.784190,0.889559,2023-01-01T03:56:44
8.784190,0.889559,2023-01-01T03:56:45
8.784190,0.889559,2023-01-01T03:56:46
8.784190,0.889559,2023-01-01T03:56:47
8.784190,0.889559,2023-01-01T03:56:48
8.784190,0.889559,2023-01-01T03:56:49
8.784190,0.889559,2023-01-01T03:56:50
8.784190,0.889559,2023-01-01T03:56:51
8.784190,0.889559,2023-01-01T03:56:52
8.784190,0.889559,2023-01-01T03:56:53
8.784190,0.889559,2023-01-01T03:56:54
8.784190,0.889559,2023-01-01T03:56:55
8.784190,0.889559,2023-01-01T03:56:56
8.784190,0.889559,2023-01-01T03:56:57
8.784190,0.889559,2023-01-01T03:56:58
8.784190,0.889559,2023-01-01T03:56:59
8.784190,0.889559,2023-01-01T03:57:00
8.784190,0.889559,2023-01-01T03:57:01
8.784190,0.889559,2023-01-01T03:57:02
8.784190,0.889559,2023-01-01T03:57:03
8.784190,0.889559,2023-01-01T03:57:04
8.784190,0.889559,2023-01-01T03:57:05
8.784190,0.889559,2023-01-01T03:57:06
8.784190,0.889559,2023-01-01T03:57:07
8.784190,0.889559,2023-01-01T03:57:08
8.784190,0.889559,2023-01-01T03:57:09
8.784190,0.889559,2023-01-01T03:57:10
8.784190,0.889559,2023-01-01T03:57:11
8.784190,0.889559,2023-01-01T03:57:12
8.895383,0.889559,2023-01-01T03:57:13
8.895383,0.889559,2023-01-01T03:57:14
8.895383,0.889559,2023-01-01T03:57:15
8.895383,0.889559,2023-01-01T03:57:16
8.895383,1.000754,2023-01-01T03:57:17
8.895383,1.000754,2023-01-01T03:57:18
8.895383,1.000754,2023-01-01T03:57:19
8.895383,1.000754,2023-01-01T03:57:20
8.895383,1.000754,2023-01-01T03:57:21
8.895383,1.000754,2023-01-01T03:57:22
8.895383,1.000754,2023-01-01T03:57:23
8.895383,1.000754,2023-01-01T03:57:24
8.895383,1.000754,2023-01-01T03:57:25
8.895383,1.000754,2023-01-01T03:57:26
8.895383,1.000754,2023-01-01T03:57:27
8.895383,1.000754,2023-01-01T03:57:28
8.895383,1.000754,2023-01-01T03:57:29
8.895383,1.000754,2023-01-01T03:57:30
8.895383,1.000754,2023-01-01T03:57:31
8.895383,1.000754,2023-01-01T03:57:32
8.895383,1.000754,2023-01-01T03:57:33
8.895383,1.000754,2023-01-01T03:57:34
8.895383,1.000754,2023-01-01T03:57:35
8.895383,1.000754,2023-01-01T03:57:36
8.895383,1.000754,2023-01-01T03:57:37
8.895383,1.000754,2023-01-01T03:57:38
8.895383,1.000754,2023-01-01T03:57:39
8.895383,1.000754,2023-01-01T03:57:40
8.895383,1.000754,2023-01-01T03:57:41
8.895383,1.000754,2023-01-01T03:57:42
8.895383,1.000754,2023-01-01T03:57:43
8.895383,1.000754,2023-01-01T03:57:44
8.895383,1.000754,2023-01-01T03:57:45
8.895383,1.000754,2023-01-01T03:57:46
8.895383,1.000754,2023-01-01T03:57:47
8.895383,1.000754,2023-01-01T03:57:48
8.895383,1.000754,2023-01-01T03:57:49
8.895383,1.000754,2023-01-01T03:57:50
8.895383,1.000754,2023-01-01T03:57:51
8.895383,1.000754,2023-01-01T03:57:52
8.895383,1.000754,2023-01-01T03:57:53
8.895383,1.000754,2023-01-01T03:57:54
8.895383,1.000754,2023-01-01T03:57:55
8.895383,1.000754,2023-01-01T03:57:56
8.895383,1.000754,2023-01-01T03:57:57
8.895383,1.000754,2023-01-01T03:57:58
8.895383,1.000754,2023-01-01T03:57:59
8.895383,1.000754,2023-01-01T03:58:00
8.895383,1.000754,2023-01-01T03:58:01
8.895383,1.000754,2023-01-01T03:58:02
8.895383,1.000754,2023-01-01T03:58:03
8.895383,1.000754,2023-01-01T03:58:04
8.895383,1.000754,2023-01-01T03:58:05
8.895383,1.000754,2023-01-01T03:58:06
8.895383,1.000754,2023-01-01T03:58:07
8.895383,1.000754,2023-01-01T03:58:08
8.895383,1.000754,2023-01-01T03:58:09
8.895383,1.000754,2023-01-01T03:58:10
8.895383,1.000754,2023-01-01T03:58:11
8.895383,1.000754,2023-01-01T03:58:12
8.895383,1.000754,2023-01-01T03:58:13
8.895383,1.000754,2023-01-01T03:58:14
8.895383,1.000754,2023-01-01T03:58:15
8.895383,1.000754,2023-01-01T03:58:16
8.895383,1.000754,2023-01-01T03:58:17
8.895383,1.000754,2023-01-01T03:58:18
8.895383,1.000754,2023-01-01T03:58:19
8.895383,1.000754,2023-01-01T03:58:20
8.895383,1.000754,2023-01-01T03:58:21
8.895383,1.000754,2023-01-01T03:58:22
8.895383,1.000754,2023-01-01T03:58:23
8.895383,1.000754,2023-01-01T03:58:24
8.895383,1.000754,2023-01-01T03:58:25
8.895383,1.000754,2023-01-01T03:58:26
8.895383,1.000754,2023-01-01T03:58:27
8.895383,1.000754,2023-01-01T03:58:28
8.895383,1.000754,2023-01-01T03:58:29
8.895383,1.000754,2023-01-01T03:58:30
8.895383,1.000754,2023-01-01T03:58:31
8.895383,1.000754,2023-01-01T03:58:32
8.895383,1.000754,2023-01-01T03:58:33
8.895383,1.000754,2023-01-01T03:58:34
8.895383,1.000754,2023-01-01T03:58:35
8.895383,1.000754,2023-01-01T03:58:36
8.895383,1.000754,2023-01-01T03:58:37
8.895383,1.000754,2023-01-01T03:58:38
8.895383,1.000754,2023-01-01T03:58:39
8.895383,1.000754,2023-01-01T03:58:40
8.895383,1.000754,2023-01-01T03:58:41
8.895383,1.000754,2023-01-01T03:58:42
8.895383,1.000754,2023-01-01T03:58:43
8.895383,1.000754,2023-01-01T03:58:44
8.895383,1.000754,2023-01-01T03:58:45
8.895383,1.000754,2023-01-01T03:58:46
8.895383,1.000754,2023-01-01T03:58:47
8.895383,1.000754,2023-01-01T03:58:48
8.895383,1.000754,2023-01-01T03:58:49
8.895383,1.000754,2023-01-01T03:58:50
8.895383,1.000754,2023-01-01T03:58:51
8.895383,1.000754,2023-01-01T03:58:52
8.895383,1.000754,2023-01-01T03:58:53
8.895383,1.000754,2023-01-01T03:58:54
8.895383,1.000754,2023-01-01T03:58:55
8.895383,1.000754,2023-01-01T03:58:56
8.895383,1.000754,2023-01-01T03:58:57
8.895383,1.000754,2023-01-01T03:58:58
8.895383,1.000754,2023-01-01T03:58:59
8.895383,1.000754,2023-01-01T03:59:00
8.895383,1.000754,2023-01-01T03:59:01
8.895383,1.000754,2023-01-01T03:59:02
8.895383,1.000754,2023-01-01T03:59:03
8.895383,1.000754,2023-01-01T03:59:04
8.895383,1.000754,2023-01-01T03:59:05
8.895383,1.000754,2023-01-01T03:59:06
8.895383,1.000754,2023-01-01T03:59:07
8.895383,1.000754,2023-01-01T03:59:08
8.895383,1.000754,2023-01-01T03:59:09
8.895383,1.000754,2023-01-01T03:59:10
8.895383,1.000754,2023-01-01T03:59:11
8.895383,1.000754,2023-01-01T03:59:12
8.895383,1.000754,2023-01-01T03:59:13
8.895383,1.000754,2023-01-01T03:59:14
8.895383,1.000754,2023-01-01T03:59:15
8.895383,1.000754,2023-01-01T03:59:16
8.895383,1.000754,2023-01-01T03:59:17
8.895383,1.000754,2023-01-01T03:59:18
8.895383,1.000754,2023-01-01T03:59:19
8.895383,1.000754,2023-01-01T03:59:20
8.895383,1.000754,2023-01-01T03:59:21
8.895383,1.000754,2023-01-01T03:59:22
8.895383,1.000754,2023-01-01T03:59:23
8.895383,1.000754,2023-01-01T03:59:24
8.895383,1.000754,2023-01-01T03:59:25
8.895383,1.000754,2023-01-01T03:59:26
8.895383,1.000754,2023-01-01T03:59:27
8.895383,1.000754,2023-01-01T03:59:28
8.895383,1.000754,2023-01-01T03:59:29
8.895383,1.000754,2023-01-01T03:59:30
8.895383,1.000754,2023-01-01T03:59:31
8.895383,1.000754,2023-01-01T03:59:32
8.895383,1.000754,2023-01-01T03:59:33
8.895383,1.000754,2023-01-01T03:59:34
8.895383,1.000754,2023-01-01T03:59:35
8.895383,1.000754,2023-01-01T03:59:36
8.895383,1.000754,2023-01-01T03:59:37
8.895383,1.000754,2023-01-01T03:59:38
8.895383,1.000754,2023-01-01T03:59:39
8.895383,1.000754,2023-01-01T03:59:40
8.895383,1.000754,2023-01-01T03:59:41
8.895383,1.000754,2023-01-01T03:59:42
8.895383,1.000754,2023-01-01T03:59:43
8.895383,1.000754,2023-01-01T03:59:44
9.006575,1.000754,2023-01-01T03:59:45
9.006575,1.000754,2023-01-01T03:59:46
8.895383,1.000754,2023-01-01T03:59:47
8.895383,1.000754,2023-01-01T03:59:48
8.895383,1.000754,2023-01-01T03:59:49
8.895383,1.000754,2023-01-01T03:59:50
8.895383,1.000754,2023-01-01T03:59:51
8.895383,1.000754,2023-01-01T03:59:52
8.895383,1.000754,2023-01-01T03:59:53
8.895383,1.000754,2023-01-01T03:59:54
8.895383,1.000754,2023-01-01T03:59:55
8.895383,1.000754,2023-01-01T03:59:56
8.895383,1.000754,2023-01-01T03:59:57
8.895383,1.000754,2023-01-01T03:59:58
8.895383,1.000754,2023-01-01T03:59:59
8.895383,1.000754,2023-01-01T04:00:00
8.895383,1.000754,2023-01-01T04:00:01
8.895383,1.000754,2023-01-01T04:00:02
8.895383,1.000754,2023-01-01T04:00:03
8.895383,1.000754,2023-01-01T04:00:04
8.895383,1.000754,2023-01-01T04:00:05
8.895383,1.000754,2023-01-01T04:00:06
8.895383,1.000754,2023-01-01T04:00:07
8.895383,1.111949,2023-01-01T04:00:08
8.895383,1.111949,2023-01-01T04:00:09
8.895383,1.111949,2023-01-01T04:00:10
8.895383,1.111949,2023-01-01T04:00:11
8.895383,1.111949,2023-01-01T04:00:12
8.895383,1.111949,2023-01-01T04:00:13
8.895383,1.111949,2023-01-01T04:00:14
8.895383,1.111949,2023-01-01T04:00:15
8.895383,1.111949,2023-01-01T04:00:16
8.895383,1.111949,2023-01-01T04:00:17
8.895383,1.111949,2023-01-01T04:00:18
8.895383,1.111949,2023-01-01T04:00:19
8.895383,1.111949,2023-01-01T04:00:20
8.895383,1.111949,2023-01-01T04:00:21
8.895383,1.111949,2023-01-01T04:00:22
8.895383,1.111949,2023-01-01T04:00:23
8.895383,1.111949,2023-01-01T04:00:24
8.895383,1.111949,2023-01-01T04:00:25
8.895383,1.111949,2023-01-01T04:00:26
8.895383,1.223144,2023-01-01T04:00:27
8.895383,1.223144,2023-01-01T04:00:28
8.895383,1.223144,2023-01-01T04:00:29
8.895383,1.223144,2023-01-01T04:00:30
8.895383,1.223144,2023-01-01T04:00:31
8.895383,1.223144,2023-01-01T04:00:32
8.895383,1.223144,2023-01-01T04:00:33
8.895383,1.223144,2023-01-01T04:00:34
8.895383,1.334339,2023-01-01T04:00:35
8.895383,1.334339,2023-01-01T04:00:36
8.895383,1.334339,2023-01-01T04:00:37
8.784190,1.334339,2023-01-01T04:00:38
8.784190,1.334339,2023-01-01T04:00:39
8.784190,1.334339,2023-01-01T04:00:40
8.784190,1.445534,2023-01-01T04:00:41
8.784190,1.445534,2023-01-01T04:00:42
8.784190,1.445534,2023-01-01T04:00:43
8.784190,1.445534,2023-01-01T04:00:44
8.784190,1.556729,2023-01-01T04:00:45
8.784190,1.556729,2023-01-01T04:00:46
8.784190,1.556729,2023-01-01T04:00:47
8.784190,1.556729,2023-01-01T04:00:48
8.784190,1.667924,2023-01-01T04:00:49
8.784190,1.667924,2023-01-01T04:00:50
8.784190,1.667924,2023-01-01T04:00:51
8.784190,1.779119,2023-01-01T04:00:52
8.784190,1.779119,2023-01-01T04:00:53
8.672998,1.779119,2023-01-01T04:00:54
8.672998,1.779119,2023-01-01T04:00:55
8.672998,1.890314,2023-01-01T04:00:56
8.672998,1.890314,2023-01-01T04:00:57
8.672998,1.890314,2023-01-01T04:00:58
8.672998,1.890314,2023-01-01T04:00:59
8.784190,1.890314,2023-01-01T04:01:00
8.784190,1.890314,2023-01-01T04:01:01
8.784190,1.890314,2023-01-01T04:01:02
8.784190,1.890314,2023-01-01T04:01:03
8.784190,1.890314,2023-01-01T04:01:04
8.784190,1.890314,2023-01-01T04:01:05
8.784190,1.890314,2023-01-01T04:01:06
8.784190,1.890314,2023-01-01T04:01:07
8.784190,1.890314,2023-01-01T04:01:08
8.784190,2.001509,2023-01-01T04:01:09
8.784190,2.001509,2023-01-01T04:01:10
8.784190,2.001509,2023-01-01T04:01:11
8.784190,2.001509,2023-01-01T04:01:12
8.784190,2.001509,2023-01-01T04:01:13
8.784190,2.001509,2023-01-01T04:01:14
8.784190,2.001509,2023-01-01T04:01:15
8.784190,2.001509,2023-01-01T04:01:16
8.784190,2.001509,2023-01-01T04:01:17
8.784190,2.001509,2023-01-01T04:01:18
8.784190,2.001509,2023-01-01T04:01:19
8.784190,2.001509,2023-01-01T04:01:20
8.784190,2.001509,2023-01-01T04:01:21
8.784190,2.001509,2023-01-01T04:01:22
8.784190,2.001509,2023-01-01T04:01:23
8.784190,2.001509,2023-01-01T04:01:24
8.784190,2.001509,2023-01-01T04:01:25
8.784190,2.001509,2023-01-01T04:01:26
8.784190,2.001509,2023-01-01T04:01:27
8.784190,2.001509,2023-01-01T04:01:28
8.784190,2.001509,2023-01-01T04:01:29
8.784190,2.001509,2023-01-01T04:01:30
8.784190,1.890314,2023-01-01T04:01:31
8.784190,1.890314,2023-01-01T04:01:32
8.895383,1.890314,2023-01-01T04:01:33
8.895383,1.890314,2023-01-01T04:01:34
8.895383,1.890314,2023-01-01T04:01:35
8.895383,1.890314,2023-01-01T04:01:36
8.895383,1.779119,2023-01-01T04:01:37
8.895383,1.779119,2023-01-01T04:01:38
8.895383,1.779119,2023-01-01T04:01:39
8.895383,1.779119,2023-01-01T04:01:40
8.895383,1.779119,2023-01-01T04:01:41
8.895383,1.779119,2023-01-01T04:01:42
8.895383,1.779119,2023-01-01T04:01:43
8.895383,1.779119,2023-01-01T04:01:44
8.895383,1.667924,2023-01-01T04:01:45
8.895383,1.667924,2023-01-01T04:01:46
9.006575,1.667924,2023-01-01T04:01:47
9.006575,1.667924,2023-01-01T04:01:48
9.006575,1.667924,2023-01-01T04:01:49
9.006575,1.667924,2023-01-01T04:01:50
9.006575,1.667924,2023-01-01T04:01:51
9.006575,1.667924,2023-01-01T04:01:52
9.006575,1.667924,2023-01-01T04:01:53
9.006575,1.556729,2023-01-01T04:01:54
9.006575,1.556729,2023-01-01T04:01:55
9.006575,1.556729,2023-01-01T04:01:56
9.006575,1.556729,2023-01-01T04:01:57
9.006575,1.556729,2023-01-01T04:01:58
9.006575,1.556729,2023-01-01T04:01:59
9.006575,1.556729,2023-01-01T04:02:00
9.006575,1.556729,2023-01-01T04:02:01
9.006575,1.556729,2023-01-01T04:02:02
9.006575,1.556729,2023-01-01T04:02:03
9.006575,1.556729,2023-01-01T04:02:04
9.006575,1.556729,2023-01-01T04:02:05
9.006575,1.556729,2023-01-01T04:02:06
9.006575,1.556729,2023-01-01T04:02:07
9.006575,1.556729,2023-01-01T04:02:08
9.006575,1.556729,2023-01-01T04:02:09
9.006575,1.556729,2023-01-01T04:02:10
9.006575,1.556729,2023-01-01T04:02:11
9.006575,1.556729,2023-01-01T04:02:12
9.006575,1.556729,2023-01-01T04:02:13
9.006575,1.556729,2023-01-01T04:02:14
9.006575,1.556729,2023-01-01T04:02:15
9.006575,1.556729,2023-01-01T04:02:16
9.006575,1.445534,2023-01-01T04:02:17
9.006575,1.445534,2023-01-01T04:02:18
9.006575,1.445534,2023-01-01T04:02:19
9.117767,1.445534,2023-01-01T04:02:20
9.117767,1.445534,2023-01-01T04:02:21
9.117767,1.445534,2023-01-01T04:02:22
9.117767,1.445534,2023-01-01T04:02:23
9.117767,1.445534,2023-01-01T04:02:24
9.117767,1.445534,2023-01-01T04:02:25
9.117767,1.445534,2023-01-01T04:02:26
9.117767,1.445534,2023-01-01T04:02:27
9.117767,1.445534,2023-01-01T04:02:28
9.117767,1.445534,2023-01-01T04:02:29
9.117767,1.445534,2023-01-01T04:02:30
9.117767,1.445534,2023-01-01T04:02:31
9.117767,1.445534,2023-01-01T04:02:32
9.117767,1.445534,2023-01-01T04:02:33
9.117767,1.445534,2023-01-01T04:02:34
9.117767,1.445534,2023-01-01T04:02:35
9.117767,1.445534,2023-01-01T04:02:36
9.117767,1.445534,2023-01-01T04:02:37
9.117767,1.445534,2023-01-01T04:02:38
9.006575,1.445534,2023-01-01T04:02:39
9.006575,1.445534,2023-01-01T04:02:40
9.006575,1.445534,2023-01-01T04:02:41
9.006575,1.445534,2023-01-01T04:02:42
9.006575,1.445534,2023-01-01T04:02:43
9.006575,1.445534,2023-01-01T04:02:44
9.006575,1.445534,2023-01-01T04:02:45
9.006575,1.445534,2023-01-01T04:02:46
9.006575,1.445534,2023-01-01T04:02:47
9.006575,1.445534,2023-01-01T04:02:48
9.006575,1.445534,2023-01-01T04:02:49
9.006575,1.445534,2023-01-01T04:02:50
9.006575,1.445534,2023-01-01T04:02:51
9.006575,1.445534,2023-01-01T04:02:52
9.006575,1.445534,2023-01-01T04:02:53
9.006575,1.445534,2023-01-01T04:02:54
9.006575,1.445534,2023-01-01T04:02:55
9.006575,1.445534,2023-01-01T04:02:56
9.006575,1.445534,2023-01-01T04:02:57
9.006575,1.445534,2023-01-01T04:02:58
9.006575,1.445534,2023-01-01T04:02:59
9.006575,1.445534,2023-01-01T04:03:00
9.006575,1.445534,2023-01-01T04:03:01
9.006575,1.445534,2023-01-01T04:03:02
9.006575,1.445534,2023-01-01T04:03:03
9.006575,1.445534,2023-01-01T04:03:04
9.006575,1.445534,2023-01-01T04:03:05
8.895383,1.445534,2023-01-01T04:03:06
8.895383,1.445534,2023-01-01T04:03:07
8.895383,1.445534,2023-01-01T04:03:08
8.895383,1.445534,2023-01-01T04:03:09
8.895383,1.445534,2023-01-01T04:03:10
8.895383,1.445534,2023-01-01T04:03:11
8.895383,1.556729,2023-01-01T04:03:12
8.895383,1.556729,2023-01-01T04:03:13
8.895383,1.556729,2023-01-01T04:03:14
8.895383,1.556729,2023-01-01T04:03:15
8.895383,1.556729,2023-01-01T04:03:16
8.895383,1.556729,2023-01-01T04:03:17
8.895383,1.556729,2023-01-01T04:03:18
8.895383,1.556729,2023-01-01T04:03:19
8.895383,1.556729,2023-01-01T04:03:20
8.895383,1.556729,2023-01-01T04:03:21
8.895383,1.556729,2023-01-01T04:03:22
8.895383,1.556729,2023-01-01T04:03:23
8.895383,1.556729,2023-01-01T04:03:24
8.895383,1.667924,2023-01-01T04:03:25
8.895383,1.667924,2023-01-01T04:03:26
8.895383,1.667924,2023-01-01T04:03:27
8.895383,1.667924,2023-01-01T04:03:28
8.895383,1.667924,2023-01-01T04:03:29
8.895383,1.667924,2023-01-01T04:03:30
8.895383,1.667924,2023-01-01T04:03:31
8.895383,1.667924,2023-01-01T04:03:32
8.895383,1.667924,2023-01-01T04:03:33
8.895383,1.667924,2023-01-01T04:03:34
8.895383,1.667924,2023-01-01T04:03:35
8.895383,1.667924,2023-01-01T04:03:36
8.895383,1.667924,2023-01-01T04:03:37
8.895383,1.667924,2023-01-01T04:03:38
8.784190,1.667924,2023-01-01T04:03:39
8.784190,1.667924,2023-01-01T04:03:40
8.784190,1.667924,2023-01-01T04:03:41
8.784190,1.667924,2023-01-01T04:03:42
8.784190,1.667924,2023-01-01T04:03:43
8.784190,1.667924,2023-01-01T04:03:44
8.784190,1.667924,2023-01-01T04:03:45
8.784190,1.667924,2023-01-01T04:03:46
8.784190,1.667924,2023-01-01T04:03:47
8.784190,1.667924,2023-01-01T04:03:48
8.784190,1.667924,2023-01-01T04:03:49
8.784190,1.667924,2023-01-01T04:03:50
8.784190,1.667924,2023-01-01T04:03:51
8.784190,1.667924,2023-01-01T04:03:52
8.784190,1.667924,2023-01-01T04:03:53
8.784190,1.779119,2023-01-01T04:03:54
8.784190,1.779119,2023-01-01T04:03:55
8.784190,1.779119,2023-01-01T04:03:56
8.784190,1.779119,2023-01-01T04:03:57
8.784190,1.779119,2023-01-01T04:03:58
8.784190,1.779119,2023-01-01T04:03:59
8.784190,1.779119,2023-01-01T04:04:00
8.784190,1.890314,2023-01-01T04:04:01
8.672998,1.890314,2023-01-01T04:04:02
8.672998,1.890314,2023-01-01T04:04:03
8.672998,1.890314,2023-01-01T04:04:04
8.672998,1.890314,2023-01-01T04:04:05
8.672998,1.890314,2023-01-01T04:04:06
8.672998,1.890314,2023-01-01T04:04:07
8.672998,2.001509,2023-01-01T04:04:08
8.672998,2.001509,2023-01-01T04:04:09
8.672998,2.001509,2023-01-01T04:04:10
8.672998,2.001509,2023-01-01T04:04:11
8.672998,2.001509,2023-01-01T04:04:12
8.672998,2.001509,2023-01-01T04:04:13
8.672998,2.001509,2023-01-01T04:04:14
8.672998,2.001509,2023-01-01T04:04:15
8.672998,2.112704,2023-01-01T04:04:16
8.672998,2.112704,2023-01-01T04:04:17
8.672998,2.112704,2023-01-01T04:04:18
8.672998,2.112704,2023-01-01T04:04:19
8.561806,2.112704,2023-01-01T04:04:20
8.561806,2.112704,2023-01-01T04:04:21
8.561806,2.112704,2023-01-01T04:04:22
8.561806,2.223899,2023-01-01T04:04:23
8.561806,2.223899,2023-01-01T04:04:24
8.561806,2.223899,2023-01-01T04:04:25
8.561806,2.223899,2023-01-01T04:04:26
8.561806,2.223899,2023-01-01T04:04:27
8.561806,2.223899,2023-01-01T04:04:28
8.561806,2.223899,2023-01-01T04:04:29
8.561806,2.223899,2023-01-01T04:04:30
8.561806,2.335093,2023-01-01T04:04:31
8.561806,2.335093,2023-01-01T04:04:32
8.561806,2.335093,2023-01-01T04:04:33
8.561806,2.335093,2023-01-01T04:04:34
8.561806,2.335093,2023-01-01T04:04:35
8.561806,2.335093,2023-01-01T04:04:36
8.561806,2.335093,2023-01-01T04:04:37
8.561806,2.335093,2023-01-01T04:04:38
8.561806,2.446288,2023-01-01T04:04:39
8.561806,2.446288,2023-01-01T04:04:40
8.561806,2.446288,2023-01-01T04:04:41
8.450614,2.446288,2023-01-01T04:04:42
8.450614,2.446288,2023-01-01T04:04:43
8.450614,2.446288,2023-01-01T04:04:44
8.450614,2.446288,2023-01-01T04:04:45
8.450614,2.557483,2023-01-01T04:04:46
8.450614,2.557483,2023-01-01T04:04:47
8.450614,2.557483,2023-01-01T04:04:48
8.450614,2.557483,2023-01-01T04:04:49
8.450614,2.557483,2023-01-01T04:04:50
8.450614,2.557483,2023-01-01T04:04:51
8.450614,2.557483,2023-01-01T04:04:52
8.450614,2.557483,2023-01-01T04:04:53
8.450614,2.557483,2023-01-01T04:04:54
8.450614,2.557483,2023-01-01T04:04:55
8.450614,2.557483,2023-01-01T04:04:56
8.450614,2.557483,2023-01-01T04:04:57
8.450614,2.557483,2023-01-01T04:04:58
8.450614,2.557483,2023-01-01T04:04:59
8.450614,2.557483,2023-01-01T04:05:00
8.450614,2.557483,2023-01-01T04:05:01
8.450614,2.557483,2023-01-01T04:05:02
8.450614,2.557483,2023-01-01T04:05:03
8.450614,2.557483,2023-01-01T04:05:04
8.450614,2.557483,2023-01-01T04:05:05
8.450614,2.557483,2023-01-01T04:05:06
8.450614,2.668678,2023-01-01T04:05:07
8.450614,2.668678,2023-01-01T04:05:08
8.450614,2.668678,2023-01-01T04:05:09
8.450614,2.668678,2023-01-01T04:05:10
8.450614,2.668678,2023-01-01T04:05:11
8.450614,2.668678,2023-01-01T04:05:12
8.450614,2.668678,2023-01-01T04:05:13
8.450614,2.668678,2023-01-01T04:05:14
8.450614,2.668678,2023-01-01T04:05:15
8.450614,2.668678,2023-01-01T04:05:16
8.450614,2.668678,2023-01-01T04:05:17
8.450614,2.668678,2023-01-01T04:05:18
8.450614,2.668678,2023-01-01T04:05:19
8.450614,2.668678,2023-01-01T04:05:20
8.450614,2.668678,2023-01-01T04:05:21
8.450614,2.668678,2023-01-01T04:05:22
8.450614,2.668678,2023-01-01T04:05:23
8.450614,2.668678,2023-01-01T04:05:24
8.450614,2.668678,2023-01-01T04:05:25
8.450614,2.668678,2023-01-01T04:05:26
8.450614,2.668678,2023-01-01T04:05:27
8.450614,2.668678,2023-01-01T04:05:28
8.450614,2.668678,2023-01-01T04:05:29
8.450614,2.668678,2023-01-01T04:05:30
8.450614,2.668678,2023-01-01T04:05:31
8.450614,2.668678,2023-01-01T04:05:32
8.450614,2.668678,2023-01-01T04:05:33
8.450614,2.668678,2023-01-01T04:05:34
8.450614,2.668678,2023-01-01T04:05:35
8.450614,2.668678,2023-01-01T04:05:36
8.450614,2.668678,2023-01-01T04:05:37
8.450614,2.668678,2023-01-01T04:05:38
8.450614,2.668678,2023-01-01T04:05:39
8.450614,2.668678,2023-01-01T04:05:40
8.450614,2.668678,2023-01-01T04:05:41
8.450614,2.668678,2023-01-01T04:05:42
8.450614,2.668678,2023-01-01T04:05:43
8.450614,2.668678,2023-01-01T04:05:44
8.450614,2.557483,2023-01-01T04:05:45
8.450614,2.557483,2023-01-01T04:05:46
8.561806,2.557483,2023-01-01T04:05:47
8.561806,2.557483,2023-01-01T04:05:48
8.561806,2.557483,2023-01-01T04:05:49
8.561806,2.557483,2023-01-01T04:05:50
8.561806,2.557483,2023-01-01T04:05:51
8.561806,2.557483,2023-01-01T04:05:52
8.561806,2.557483,2023-01-01T04:05:53
8.561806,2.557483,2023-01-01T04:05:54
8.561806,2.557483,2023-01-01T04:05:55
8.561806,2.557483,2023-01-01T04:05:56
8.672998,2.557483,2023-01-01T04:05:57
8.672998,2.557483,2023-01-01T04:05:58
8.672998,2.557483,2023-01-01T04:05:59
8.672998,2.557483,2023-01-01T04:06:00
8.672998,2.557483,2023-01-01T04:06:01
8.672998,2.557483,2023-01-01T04:06:02
8.672998,2.557483,2023-01-01T04:06:03
8.672998,2.557483,2023-01-01T04:06:04
8.672998,2.557483,2023-01-01T04:06:05
8.672998,2.557483,2023-01-01T04:06:06
8.672998,2.557483,2023-01-01T04:06:07
8.672998,2.557483,2023-01-01T04:06:08
8.672998,2.557483,2023-01-01T04:06:09
8.672998,2.557483,2023-01-01T04:06:10
8.672998,2.557483,2023-01-01T04:06:11
8.672998,2.557483,2023-01-01T04:06:12
8.672998,2.557483,2023-01-01T04:06:13
8.672998,2.557483,2023-01-01T04:06:14
8.784190,2.557483,2023-01-01T04:06:15
8.784190,2.557483,2023-01-01T04:06:16
8.784190,2.557483,2023-01-01T04:06:17
8.784190,2.557483,2023-01-01T04:06:18
8.784190,2.557483,2023-01-01T04:06:19
8.784190,2.668678,2023-01-01T04:06:20
8.784190,2.668678,2023-01-01T04:06:21
8.784190,2.668678,2023-01-01T04:06:22
8.784190,2.668678,2023-01-01T04:06:23
8.784190,2.668678,2023-01-01T04:06:24
8.784190,2.668678,2023-01-01T04:06:25
8.784190,2.668678,2023-01-01T04:06:26
8.784190,2.668678,2023-01-01T04:06:27
8.784190,2.668678,2023-01-01T04:06:28
8.784190,2.668678,2023-01-01T04:06:29
8.895383,2.668678,2023-01-01T04:06:30
8.895383,2.668678,2023-01-01T04:06:31
8.895383,2.668678,2023-01-01T04:06:32
8.895383,2.668678,2023-01-01T04:06:33
8.895383,2.668678,2023-01-01T04:06:34
8.895383,2.668678,2023-01-01T04:06:35
8.895383,2.668678,2023-01-01T04:06:36
8.895383,2.668678,2023-01-01T04:06:37
8.895383,2.668678,2023-01-01T04:06:38
8.895383,2.668678,2023-01-01T04:06:39
8.895383,2.668678,2023-01-01T04:06:40
8.895383,2.668678,2023-01-01T04:06:41
8.895383,2.668678,2023-01-01T04:06:42
8.895383,2.668678,2023-01-01T04:06:43
8.895383,2.668678,2023-01-01T04:06:44
8.895383,2.779873,2023-01-01T04:06:45
8.895383,2.779873,2023-01-01T04:06:46
8.895383,2.779873,2023-01-01T04:06:47
8.895383,2.779873,2023-01-01T04:06:48
8.895383,2.779873,2023-01-01T04:06:49
8.895383,2.779873,2023-01-01T04:06:50
8.895383,2.779873,2023-01-01T04:06:51
8.895383,2.779873,2023-01-01T04:06:52
8.895383,2.779873,2023-01-01T04:06:53
8.895383,2.779873,2023-01-01T04:06:54
8.895383,2.779873,2023-01-01T04:06:55
8.895383,2.779873,2023-01-01T04:06:56
8.895383,2.779873,2023-01-01T04:06:57
8.895383,2.891068,2023-01-01T04:06:58
8.895383,2.891068,2023-01-01T04:06:59
8.895383,2.891068,2023-01-01T04:07:00
8.895383,2.891068,2023-01-01T04:07:01
8.895383,2.891068,2023-01-01T04:07:02
8.895383,2.891068,2023-01-01T04:07:03
8.895383,2.891068,2023-01-01T04:07:04
8.895383,2.891068,2023-01-01T04:07:05
8.895383,2.891068,2023-01-01T04:07:06
8.895383,2.891068,2023-01-01T04:07:07
8.895383,2.891068,2023-01-01T04:07:08
8.895383,2.891068,2023-01-01T04:07:09
8.895383,3.002263,2023-01-01T04:07:10
8.895383,3.002263,2023-01-01T04:07:11
8.895383,3.002263,2023-01-01T04:07:12
8.895383,3.002263,2023-01-01T04:07:13
8.895383,3.002263,2023-01-01T04:07:14
8.895383,3.002263,2023-01-01T04:07:15
8.895383,3.002263,2023-01-01T04:07:16
8.895383,3.002263,2023-01-01T04:07:17
8.895383,3.002263,2023-01-01T04:07:18
8.895383,3.002263,2023-01-01T04:07:19
8.895383,3.002263,2023-01-01T04:07:20
8.895383,3.002263,2023-01-01T04:07:21
8.895383,3.002263,2023-01-01T04:07:22
8.895383,3.002263,2023-01-01T04:07:23
8.895383,3.113458,2023-01-01T04:07:24
9.006575,3.113458,2023-01-01T04:07:25
9.006575,3.113458,2023-01-01T04:07:26
9.006575,3.113458,2023-01-01T04:07:27
9.006575,3.113458,2023-01-01T04:07:28
9.006575,3.113458,2023-01-01T04:07:29
9.006575,3.113458,2023-01-01T04:07:30
9.006575,3.113458,2023-01-01T04:07:31
9.006575,3.113458,2023-01-01T04:07:32
9.006575,3.113458,2023-01-01T04:07:33
9.006575,3.113458,2023-01-01T04:07:34
9.006575,3.113458,2023-01-01T04:07:35
9.006575,3.113458,2023-01-01T04:07:36
9.006575,3.113458,2023-01-01T04:07:37
9.006575,3.113458,2023-01-01T04:07:38
9.006575,3.113458,2023-01-01T04:07:39
9.006575,3.224653,2023-01-01T04:07:40
9.006575,3.224653,2023-01-01T04:07:41
9.006575,3.224653,2023-01-01T04:07:42
9.006575,3.224653,2023-01-01T04:07:43
9.006575,3.224653,2023-01-01T04:07:44
9.006575,3.224653,2023-01-01T04:07:45
9.006575,3.224653,2023-01-01T04:07:46
9.006575,3.224653,2023-01-01T04:07:47
9.006575,3.224653,2023-01-01T04:07:48
9.117767,3.224653,2023-01-01T04:07:49
9.117767,3.224653,2023-01-01T04:07:50
9.117767,3.224653,2023-01-01T04:07:51
9.117767,3.224653,2023-01-01T04:07:52
9.117767,3.224653,2023-01-01T04:07:53
9.117767,3.224653,2023-01-01T04:07:54
9.117767,3.224653,2023-01-01T04:07:55
9.117767,3.224653,2023-01-01T04:07:56
9.117767,3.224653,2023-01-01T04:07:57
9.117767,3.224653,2023-01-01T04:07:58
9.117767,3.224653,2023-01-01T04:07:59
9.117767,3.224653,2023-01-01T04:08:00
9.117767,3.335848,2023-01-01T04:08:01
9.117767,3.335848,2023-01-01T04:08:02
9.117767,3.335848,2023-01-01T04:08:03
9.117767,3.335848,2023-01-01T04:08:04
9.117767,3.335848,2023-01-01T04:08:05
9.117767,3.335848,2023-01-01T04:08:06
9.117767,3.335848,2023-01-01T04:08:07
9.228960,3.335848,2023-01-01T04:08:08
9.228960,3.335848,2023-01-01T04:08:09
9.228960,3.335848,2023-01-01T04:08:10
9.228960,3.335848,2023-01-01T04:08:11
9.228960,3.335848,2023-01-01T04:08:12
9.228960,3.335848,2023-01-01T04:08:13
9.228960,3.335848,2023-01-01T04:08:14
9.228960,3.335848,2023-01-01T04:08:15
9.228960,3.335848,2023-01-01T04:08:16
9.228960,3.447043,2023-01-01T04:08:17
9.228960,3.447043,2023-01-01T04:08:18
9.228960,3.447043,2023-01-01T04:08:19
9.228960,3.447043,2023-01-01T04:08:20
9.228960,3.447043,2023-01-01T04:08:21
9.228960,3.447043,2023-01-01T04:08:22
9.228960,3.447043,2023-01-01T04:08:23
9.228960,3.447043,2023-01-01T04:08:24
9.228960,3.447043,2023-01-01T04:08:25
9.228960,3.447043,2023-01-01T04:08:26
9.228960,3.447043,2023-01-01T04:08:27
9.228960,3.447043,2023-01-01T04:08:28
9.228960,3.558238,2023-01-01T04:08:29
9.228960,3.558238,2023-01-01T04:08:30
9.228960,3.558238,2023-01-01T04:08:31
9.228960,3.558238,2023-01-01T04:08:32
9.228960,3.558238,2023-01-01T04:08:33
9.228960,3.558238,2023-01-01T04:08:34
9.228960,3.558238,2023-01-01T04:08:35
9.340152,3.669433,2023-01-01T04:08:36
9.340152,3.669433,2023-01-01T04:08:37
9.340152,3.669433,2023-01-01T04:08:38
9.340152,3.669433,2023-01-01T04:08:39
9.340152,3.669433,2023-01-01T04:08:40
9.340152,3.669433,2023-01-01T04:08:41
9.340152,3.780628,2023-01-01T04:08:42
9.340152,3.780628,2023-01-01T04:08:43
9.340152,3.780628,2023-01-01T04:08:44
9.340152,3.780628,2023-01-01T04:08:45
9.340152,3.780628,2023-01-01T04:08:46
9.340152,3.780628,2023-01-01T04:08:47
9.340152,3.780628,2023-01-01T04:08:48
9.340152,3.780628,2023-01-01T04:08:49
9.340152,3.891822,2023-01-01T04:08:50
9.340152,3.891822,2023-01-01T04:08:51
9.340152,3.891822,2023-01-01T04:08:52
9.340152,3.891822,2023-01-01T04:08:53
9.340152,3.891822,2023-01-01T04:08:54
9.340152,3.891822,2023-01-01T04:08:55
9.340152,3.891822,2023-01-01T04:08:56
9.340152,3.891822,2023-01-01T04:08:57
9.340152,3.891822,2023-01-01T04:08:58
9.451344,3.891822,2023-01-01T04:08:59
9.451344,3.891822,2023-01-01T04:09:00
9.451344,3.891822,2023-01-01T04:09:01
9.451344,3.891822,2023-01-01T04:09:02
9.451344,3.891822,2023-01-01T04:09:03
9.451344,3.891822,2023-01-01T04:09:04
9.451344,3.891822,2023-01-01T04:09:05
9.451344,3.891822,2023-01-01T04:09:06
9.451344,3.891822,2023-01-01T04:09:07
9.451344,4.003017,2023-01-01T04:09:08
9.451344,4.003017,2023-01-01T04:09:09
9.451344,4.003017,2023-01-01T04:09:10
9.451344,4.003017,2023-01-01T04:09:11
9.451344,4.003017,2023-01-01T04:09:12
9.562536,4.003017,2023-01-01T04:09:13
9.562536,4.003017,2023-01-01T04:09:14
9.562536,4.003017,2023-01-01T04:09:15
9.562536,4.003017,2023-01-01T04:09:16
9.562536,4.003017,2023-01-01T04:09:17
9.562536,4.003017,2023-01-01T04:09:18
9.562536,4.003017,2023-01-01T04:09:19
9.562536,4.003017,2023-01-01T04:09:20
9.562536,4.003017,2023-01-01T04:09:21
9.562536,4.003017,2023-01-01T04:09:22
9.562536,4.003017,2023-01-01T04:09:23
9.562536,4.003017,2023-01-01T04:09:24
9.562536,4.003017,2023-01-01T04:09:25
9.562536,4.003017,2023-01-01T04:09:26
9.562536,4.003017,2023-01-01T04:09:27
9.673729,4.003017,2023-01-01T04:09:28
9.673729,4.003017,2023-01-01T04:09:29
9.673729,4.003017,2023-01-01T04:09:30
9.673729,4.003017,2023-01-01T04:09:31
9.673729,4.003017,2023-01-01T04:09:32
9.673729,4.003017,2023-01-01T04:09:33
9.673729,4.003017,2023-01-01T04:09:34
9.673729,4.003017,2023-01-01T04:09:35
9.673729,4.003017,2023-01-01T04:09:36
9.673729,4.003017,2023-01-01T04:09:37
9.673729,4.003017,2023-01-01T04:09:38
9.673729,4.003017,2023-01-01T04:09:39
9.673729,4.003017,2023-01-01T04:09:40
9.673729,4.003017,2023-01-01T04:09:41
9.673729,4.003017,2023-01-01T04:09:42
9.673729,4.003017,2023-01-01T04:09:43
9.673729,4.114212,2023-01-01T04:09:44
9.784921,4.114212,2023-01-01T04:09:45
9.784921,4.114212,2023-01-01T04:09:46
9.784921,4.114212,2023-01-01T04:09:47
9.784921,4.114212,2023-01-01T04:09:48
9.784921,4.114212,2023-01-01T04:09:49
9.784921,4.114212,2023-01-01T04:09:50
9.784921,4.114212,2023-01-01T04:09:51
9.784921,4.114212,2023-01-01T04:09:52
9.784921,4.114212,2023-01-01T04:09:53
9.784921,4.114212,2023-01-01T04:09:54
9.784921,4.114212,2023-01-01T04:09:55
9.784921,4.114212,2023-01-01T04:09:56
9.784921,4.114212,2023-01-01T04:09:57
9.784921,4.114212,2023-01-01T04:09:58
9.784921,4.114212,2023-01-01T04:09:59
9.896113,4.114212,2023-01-01T04:10:00
9.896113,4.114212,2023-01-01T04:10:01
9.896113,4.114212,2023-01-01T04:10:02
9.896113,4.114212,2023-01-01T04:10:03
9.896113,4.114212,2023-01-01T04:10:04
9.896113,4.114212,2023-01-01T04:10:05
9.896113,4.114212,2023-01-01T04:10:06
9.896113,4.114212,2023-01-01T04:10:07
9.896113,4.114212,2023-01-01T04:10:08
9.896113,4.114212,2023-01-01T04:10:09
9.896113,4.114212,2023-01-01T04:10:10
9.896113,4.225407,2023-01-01T04:10:11
9.896113,4.225407,2023-01-01T04:10:12
9.896113,4.225407,2023-01-01T04:10:13
10.007306,4.225407,2023-01-01T04:10:14
10.007306,4.225407,2023-01-01T04:10:15
10.007306,4.225407,2023-01-01T04:10:16
10.007306,4.225407,2023-01-01T04:10:17
10.007306,4.225407,2023-01-01T04:10:18
10.007306,4.225407,2023-01-01T04:10:19
10.007306,4.225407,2023-01-01T04:10:20
10.007306,4.225407,2023-01-01T04:10:21
10.007306,4.225407,2023-01-01T04:10:22
10.007306,4.225407,2023-01-01T04:10:23
10.007306,4.225407,2023-01-01T04:10:24
10.007306,4.225407,2023-01-01T04:10:25
10.007306,4.225407,2023-01-01T04:10:26
10.007306,4.225407,2023-01-01T04:10:27
10.007306,4.225407,2023-01-01T04:10:28
10.118498,4.225407,2023-01-01T04:10:29
10.118498,4.225407,2023-01-01T04:10:30
10.118498,4.225407,2023-01-01T04:10:31
10.118498,4.225407,2023-01-01T04:10:32
10.118498,4.225407,2023-01-01T04:10:33
10.118498,4.225407,2023-01-01T04:10:34
10.118498,4.225407,2023-01-01T04:10:35
10.118498,4.225407,2023-01-01T04:10:36
10.118498,4.225407,2023-01-01T04:10:37
10.118498,4.225407,2023-01-01T04:10:38
10.118498,4.225407,2023-01-01T04:10:39
10.118498,4.225407,2023-01-01T04:10:40
10.118498,4.336602,2023-01-01T04:10:41
10.118498,4.336602,2023-01-01T04:10:42
10.118498,4.336602,2023-01-01T04:10:43
10.118498,4.336602,2023-01-01T04:10:44
10.229690,4.336602,2023-01-01T04:10:45
10.229690,4.336602,2023-01-01T04:10:46
10.229690,4.336602,2023-01-01T04:10:47
10.229690,4.336602,2023-01-01T04:10:48
10.229690,4.336602,2023-01-01T04:10:49
10.229690,4.336602,2023-01-01T04:10:50
10.229690,4.336602,2023-01-01T04:10:51
10.229690,4.336602,2023-01-01T04:10:52
10.229690,4.336602,2023-01-01T04:10:53
10.229690,4.336602,2023-01-01T04:10:54
10.229690,4.336602,2023-01-01T04:10:55
10.229690,4.336602,2023-01-01T04:10:56
10.229690,4.336602,2023-01-01T04:10:57
10.229690,4.336602,2023-01-01T04:10:58
10.229690,4.336602,2023-01-01T04:10:59
10.229690,4.336602,2023-01-01T04:11:00
10.340882,4.336602,2023-01-01T04:11:01
10.340882,4.336602,2023-01-01T04:11:02
10.340882,4.336602,2023-01-01T04:11:03
10.340882,4.336602,2023-01-01T04:11:04
10.340882,4.336602,2023-01-01T04:11:05
10.340882,4.336602,2023-01-01T04:11:06
10.340882,4.336602,2023-01-01T04:11:07
10.340882,4.336602,2023-01-01T04:11:08
10.340882,4.336602,2023-01-01T04:11:09
10.340882,4.336602,2023-01-01T04:11:10
10.340882,4.336602,2023-01-01T04:11:11
10.340882,4.336602,2023-01-01T04:11:12
10.340882,4.336602,2023-01-01T04:11:13
10.340882,4.336602,2023-01-01T04:11:14
10.340882,4.336602,2023-01-01T04:11:15
10.452075,4.447797,2023-01-01T04:11:16
10.452075,4.447797,2023-01-01T04:11:17
10.452075,4.447797,2023-01-01T04:11:18
10.452075,4.447797,2023-01-01T04:11:19
10.452075,4.447797,2023-01-01T04:11:20
10.452075,4.447797,2023-01-01T04:11:21
10.452075,4.447797,2023-01-01T04:11:22
10.452075,4.447797,2023-01-01T04:11:23
10.452075,4.447797,2023-01-01T04:11:24
10.452075,4.447797,2023-01-01T04:11:25
10.452075,4.447797,2023-01-01T04:11:26
10.452075,4.447797,2023-01-01T04:11:27
10.452075,4.447797,2023-01-01T04:11:28
10.452075,4.447797,2023-01-01T04:11:29
10.452075,4.447797,2023-01-01T04:11:30
10.452075,4.447797,2023-01-01T04:11:31
10.563267,4.447797,2023-01-01T04:11:32
10.563267,4.447797,2023-01-01T04:11:33
10.563267,4.447797,2023-01-01T04:11:34
10.563267,4.447797,2023-01-01T04:11:35
10.563267,4.447797,2023-01-01T04:11:36
10.563267,4.447797,2023-01-01T04:11:37
10.563267,4.447797,2023-01-01T04:11:38
10.563267,4.447797,2023-01-01T04:11:39
10.563267,4.447797,2023-01-01T04:11:40
10.563267,4.447797,2023-01-01T04:11:41
10.563267,4.447797,2023-01-01T04:11:42
10.563267,4.447797,2023-01-01T04:11:43
10.563267,4.447797,2023-01-01T04:11:44
10.563267,4.447797,2023-01-01T04:11:45
10.563267,4.447797,2023-01-01T04:11:46
10.674459,4.447797,2023-01-01T04:11:47
10.674459,4.447797,2023-01-01T04:11:48
10.674459,4.447797,2023-01-01T04:11:49
10.674459,4.447797,2023-01-01T04:11:50
10.674459,4.447797,2023-01-01T04:11:51
10.674459,4.558992,2023-01-01T04:11:52
10.674459,4.558992,2023-01-01T04:11:53
10.674459,4.558992,2023-01-01T04:11:54
10.674459,4.558992,2023-01-01T04:11:55
10.674459,4.558992,2023-01-01T04:11:56
10.674459,4.558992,2023-01-01T04:11:57
10.674459,4.558992,2023-01-01T04:11:58
10.674459,4.558992,2023-01-01T04:11:59
10.674459,4.558992,2023-01-01T04:12:00
10.674459,4.558992,2023-01-01T04:12:01
10.674459,4.558992,2023-01-01T04:12:02
10.674459,4.558992,2023-01-01T04:12:03
10.674459,4.558992,2023-01-01T04:12:04
10.674459,4.558992,2023-01-01T04:12:05
10.785652,4.558992,2023-01-01T04:12:06
10.785652,4.558992,2023-01-01T04:12:07
10.785652,4.558992,2023-01-01T04:12:08
10.785652,4.558992,2023-01-01T04:12:09
10.785652,4.558992,2023-01-01T04:12:10
10.785652,4.558992,2023-01-01T04:12:11
10.785652,4.670187,2023-01-01T04:12:12
10.785652,4.670187,2023-01-01T04:12:13
10.785652,4.670187,2023-01-01T04:12:14
10.785652,4.670187,2023-01-01T04:12:15
10.785652,4.670187,2023-01-01T04:12:16
10.785652,4.670187,2023-01-01T04:12:17
10.785652,4.670187,2023-01-01T04:12:18
10.785652,4.670187,2023-01-01T04:12:19
10.785652,4.670187,2023-01-01T04:12:20
10.785652,4.670187,2023-01-01T04:12:21
10.785652,4.670187,2023-01-01T04:12:22
10.785652,4.670187,2023-01-01T04:12:23
10.785652,4.670187,2023-01-01T04:12:24
10.785652,4.670187,2023-01-01T04:12:25
10.785652,4.670187,2023-01-01T04:12:26
10.785652,4.670187,2023-01-01T04:12:27
10.896844,4.670187,2023-01-01T04:12:28
10.896844,4.670187,2023-01-01T04:12:29
10.896844,4.670187,2023-01-01T04:12:30
10.896844,4.670187,2023-01-01T04:12:31
10.896844,4.670187,2023-01-01T04:12:32
10.896844,4.670187,2023-01-01T04:12:33
10.896844,4.781382,2023-01-01T04:12:34
10.896844,4.781382,2023-01-01T04:12:35
10.896844,4.781382,2023-01-01T04:12:36
10.896844,4.781382,2023-01-01T04:12:37
10.896844,4.781382,2023-01-01T04:12:38
10.896844,4.781382,2023-01-01T04:12:39
10.896844,4.781382,2023-01-01T04:12:40
10.896844,4.781382,2023-01-01T04:12:41
10.896844,4.781382,2023-01-01T04:12:42
10.896844,4.781382,2023-01-01T04:12:43
10.896844,4.781382,2023-01-01T04:12:44
10.896844,4.781382,2023-01-01T04:12:45
10.896844,4.781382,2023-01-01T04:12:46
10.896844,4.781382,2023-01-01T04:12:47
10.896844,4.781382,2023-01-01T04:12:48
10.896844,4.781382,2023-01-01T04:12:49
10.896844,4.781382,2023-01-01T04:12:50
11.008036,4.781382,2023-01-01T04:12:51
11.008036,4.781382,2023-01-01T04:12:52
11.008036,4.781382,2023-01-01T04:12:53
11.008036,4.781382,2023-01-01T04:12:54
11.008036,4.781382,2023-01-01T04:12:55
11.008036,4.781382,2023-01-01T04:12:56
11.008036,4.781382,2023-01-01T04:12:57
11.008036,4.781382,2023-01-01T04:12:58
11.008036,4.781382,2023-01-01T04:12:59
11.008036,4.781382,2023-01-01T04:13:00
11.008036,4.781382,2023-01-01T04:13:01
11.008036,4.781382,2023-01-01T04:13:02
11.008036,4.781382,2023-01-01T04:13:03
11.008036,4.781382,2023-01-01T04:13:04
11.008036,4.781382,2023-01-01T04:13:05
11.008036,4.781382,2023-01-01T04:13:06
11.119228,4.781382,2023-01-01T04:13:07
11.119228,4.781382,2023-01-01T04:13:08
11.119228,4.781382,2023-01-01T04:13:09
11.119228,4.781382,2023-01-01T04:13:10
11.119228,4.781382,2023-01-01T04:13:11
11.119228,4.781382,2023-01-01T04:13:12
11.119228,4.781382,2023-01-01T04:13:13
11.119228,4.781382,2023-01-01T04:13:14
11.119228,4.781382,2023-01-01T04:13:15
11.119228,4.781382,2023-01-01T04:13:16
11.119228,4.781382,2023-01-01T04:13:17
11.119228,4.781382,2023-01-01T04:13:18
11.119228,4.781382,2023-01-01T04:13:19
11.230421,4.892577,2023-01-01T04:13:20
11.230421,4.892577,2023-01-01T04:13:21
11.230421,4.892577,2023-01-01T04:13:22
11.230421,4.892577,2023-01-01T04:13:23
11.230421,4.892577,2023-01-01T04:13:24
11.230421,4.892577,2023-01-01T04:13:25
11.230421,4.892577,2023-01-01T04:13:26
11.230421,4.892577,2023-01-01T04:13:27
11.230421,4.892577,2023-01-01T04:13:28
11.230421,4.892577,2023-01-01T04:13:29
11.230421,4.892577,2023-01-01T04:13:30
11.341613,4.892577,2023-01-01T04:13:31
11.341613,4.892577,2023-01-01T04:13:32
11.341613,4.892577,2023-01-01T04:13:33
11.341613,4.892577,2023-01-01T04:13:34
11.341613,4.892577,2023-01-01T04:13:35
11.341613,4.892577,2023-01-01T04:13:36
11.341613,4.892577,2023-01-01T04:13:37
11.341613,4.892577,2023-01-01T04:13:38
11.341613,4.892577,2023-01-01T04:13:39
11.341613,4.892577,2023-01-01T04:13:40
11.341613,4.892577,2023-01-01T04:13:41
11.452805,4.892577,2023-01-01T04:13:42
11.452805,4.892577,2023-01-01T04:13:43
11.452805,4.892577,2023-01-01T04:13:44
11.452805,4.892577,2023-01-01T04:13:45
11.452805,4.892577,2023-01-01T04:13:46
11.452805,4.892577,2023-01-01T04:13:47
11.452805,4.892577,2023-01-01T04:13:48
11.452805,4.892577,2023-01-01T04:13:49
11.452805,4.892577,2023-01-01T04:13:50
11.452805,4.892577,2023-01-01T04:13:51
11.452805,4.892577,2023-01-01T04:13:52
11.563998,4.892577,2023-01-01T04:13:53
11.563998,4.892577,2023-01-01T04:13:54
11.563998,4.892577,2023-01-01T04:13:55
11.563998,4.892577,2023-01-01T04:13:56
11.563998,4.892577,2023-01-01T04:13:57
11.563998,4.892577,2023-01-01T04:13:58
11.563998,4.892577,2023-01-01T04:13:59
11.563998,4.892577,2023-01-01T04:14:00
11.563998,4.892577,2023-01-01T04:14:01
11.563998,4.892577,2023-01-01T04:14:02
11.563998,4.892577,2023-01-01T04:14:03
11.563998,4.892577,2023-01-01T04:14:04
11.563998,4.892577,2023-01-01T04:14:05
11.563998,4.892577,2023-01-01T04:14:06
11.563998,4.892577,2023-01-01T04:14:07
11.675190,4.892577,2023-01-01T04:14:08
11.675190,5.003772,2023-01-01T04:14:09
11.675190,5.003772,2023-01-01T04:14:10
11.675190,5.003772,2023-01-01T04:14:11
11.675190,5.003772,2023-01-01T04:14:12
11.675190,5.003772,2023-01-01T04:14:13
11.675190,5.003772,2023-01-01T04:14:14
11.675190,5.003772,2023-01-01T04:14:15
11.675190,5.003772,2023-01-01T04:14:16
11.675190,5.003772,2023-01-01T04:14:17
11.675190,5.003772,2023-01-01T04:14:18
11.675190,5.003772,2023-01-01T04:14:19
11.675190,5.003772,2023-01-01T04:14:20
11.675190,5.003772,2023-01-01T04:14:21
11.786382,5.003772,2023-01-01T04:14:22
11.786382,5.003772,2023-01-01T04:14:23
11.786382,5.003772,2023-01-01T04:14:24
11.786382,5.003772,2023-01-01T04:14:25
11.786382,5.003772,2023-01-01T04:14:26
11.786382,5.003772,2023-01-01T04:14:27
11.786382,5.003772,2023-01-01T04:14:28
11.786382,5.003772,2023-01-01T04:14:29
11.786382,5.003772,2023-01-01T04:14:30
11.786382,5.003772,2023-01-01T04:14:31
11.786382,5.003772,2023-01-01T04:14:32
11.786382,5.114967,2023-01-01T04:14:33
11.786382,5.114967,2023-01-01T04:14:34
11.786382,5.114967,2023-01-01T04:14:35
11.786382,5.114967,2023-01-01T04:14:36
11.786382,5.114967,2023-01-01T04:14:37
11.786382,5.114967,2023-01-01T04:14:38
11.786382,5.114967,2023-01-01T04:14:39
11.897574,5.114967,2023-01-01T04:14:40
11.897574,5.114967,2023-01-01T04:14:41
11.897574,5.114967,2023-01-01T04:14:42
11.897574,5.114967,2023-01-01T04:14:43
11.897574,5.114967,2023-01-01T04:14:44
11.897574,5.114967,2023-01-01T04:14:45
11.897574,5.114967,2023-01-01T04:14:46
11.897574,5.114967,2023-01-01T04:14:47
11.897574,5.114967,2023-01-01T04:14:48
11.897574,5.114967,2023-01-01T04:14:49
11.897574,5.114967,2023-01-01T04:14:50
11.897574,5.114967,2023-01-01T04:14:51
11.897574,5.114967,2023-01-01T04:14:52
11.897574,5.114967,2023-01-01T04:14:53
11.897574,5.114967,2023-01-01T04:14:54
11.897574,5.114967,2023-01-01T04:14:55
11.897574,5.114967,2023-01-01T04:14:56
11.897574,5.003772,2023-01-01T04:14:57
11.897574,5.003772,2023-01-01T04:14:58
12.008767,5.003772,2023-01-01T04:14:59
12.008767,5.003772,2023-01-01T04:15:00
12.008767,4.892577,2023-01-01T04:15:01
12.008767,4.892577,2023-01-01T04:15:02
12.008767,4.892577,2023-01-01T04:15:03
12.008767,4.892577,2023-01-01T04:15:04
12.008767,4.781382,2023-01-01T04:15:05
12.008767,4.781382,2023-01-01T04:15:06
12.008767,4.781382,2023-01-01T04:15:07
12.008767,4.781382,2023-01-01T04:15:08
12.008767,4.670187,2023-01-01T04:15:09
12.008767,4.670187,2023-01-01T04:15:10
12.008767,4.670187,2023-01-01T04:15:11
12.008767,4.670187,2023-01-01T04:15:12
12.008767,4.558992,2023-01-01T04:15:13
12.008767,4.558992,2023-01-01T04:15:14
12.008767,4.558992,2023-01-01T04:15:15
12.008767,4.558992,2023-01-01T04:15:16
12.008767,4.447797,2023-01-01T04:15:17
12.008767,4.447797,2023-01-01T04:15:18
12.008767,4.447797,2023-01-01T04:15:19
12.008767,4.447797,2023-01-01T04:15:20
12.008767,4.447797,2023-01-01T04:15:21
12.008767,4.336602,2023-01-01T04:15:22
12.008767,4.336602,2023-01-01T04:15:23
12.008767,4.336602,2023-01-01T04:15:24
12.008767,4.336602,2023-01-01T04:15:25
12.008767,4.336602,2023-01-01T04:15:26
12.008767,4.336602,2023-01-01T04:15:27
12.008767,4.447797,2023-01-01T04:15:28
12.008767,4.447797,2023-01-01T04:15:29
12.008767,4.447797,2023-01-01T04:15:30
12.008767,4.447797,2023-01-01T04:15:31
12.008767,4.447797,2023-01-01T04:15:32
12.008767,4.447797,2023-01-01T04:15:33
12.008767,4.447797,2023-01-01T04:15:34
12.008767,4.447797,2023-01-01T04:15:35
11.897574,4.447797,2023-01-01T04:15:36
11.897574,4.447797,2023-01-01T04:15:37
11.897574,4.558992,2023-01-01T04:15:38
11.897574,4.558992,2023-01-01T04:15:39
11.897574,4.558992,2023-01-01T04:15:40
11.897574,4.558992,2023-01-01T04:15:41
11.897574,4.558992,2023-01-01T04:15:42
11.897574,4.558992,2023-01-01T04:15:43
11.897574,4.558992,2023-01-01T04:15:44
11.897574,4.558992,2023-01-01T04:15:45
11.897574,4.558992,2023-01-01T04:15:46
11.897574,4.558992,2023-01-01T04:15:47
11.897574,4.670187,2023-01-01T04:15:48
11.897574,4.670187,2023-01-01T04:15:49
11.897574,4.670187,2023-01-01T04:15:50
11.786382,4.670187,2023-01-01T04:15:51
11.786382,4.670187,2023-01-01T04:15:52
11.786382,4.670187,2023-01-01T04:15:53
11.786382,4.670187,2023-01-01T04:15:54
11.786382,4.670187,2023-01-01T04:15:55
11.786382,4.670187,2023-01-01T04:15:56
11.786382,4.670187,2023-01-01T04:15:57
11.786382,4.670187,2023-01-01T04:15:58
11.786382,4.781382,2023-01-01T04:15:59
11.786382,4.781382,2023-01-01T04:16:00
11.786382,4.781382,2023-01-01T04:16:01
11.786382,4.781382,2023-01-01T04:16:02
11.786382,4.781382,2023-01-01T04:16:03
11.786382,4.781382,2023-01-01T04:16:04
11.786382,4.781382,2023-01-01T04:16:05
11.786382,4.781382,2023-01-01T04:16:06
11.786382,4.781382,2023-01-01T04:16:07
11.786382,4.781382,2023-01-01T04:16:08
11.786382,4.781382,2023-01-01T04:16:09
11.786382,4.781382,2023-01-01T04:16:10
11.675190,4.781382,2023-01-01T04:16:11
11.675190,4.781382,2023-01-01T04:16:12
11.675190,4.781382,2023-01-01T04:16:13
11.675190,4.781382,2023-01-01T04:16:14
11.675190,4.781382,2023-01-01T04:16:15
11.675190,4.781382,2023-01-01T04:16:16
11.675190,4.781382,2023-01-01T04:16:17
11.675190,4.781382,2023-01-01T04:16:18
11.675190,4.781382,2023-01-01T04:16:19
11.675190,4.781382,2023-01-01T04:16:20
11.675190,4.781382,2023-01-01T04:16:21
11.675190,4.781382,2023-01-01T04:16:22
11.675190,4.781382,2023-01-01T04:16:23
11.563998,4.781382,2023-01-01T04:16:24
11.563998,4.781382,2023-01-01T04:16:25
11.563998,4.781382,2023-01-01T04:16:26
11.563998,4.781382,2023-01-01T04:16:27
11.563998,4.892577,2023-01-01T04:16:28
11.563998,4.892577,2023-01-01T04:16:29
11.563998,4.892577,2023-01-01T04:16:30
11.563998,4.892577,2023-01-01T04:16:31
11.563998,4.892577,2023-01-01T04:16:32
11.563998,4.892577,2023-01-01T04:16:33
11.452805,4.892577,2023-01-01T04:16:34
11.452805,4.892577,2023-01-01T04:16:35
11.452805,4.892577,2023-01-01T04:16:36
11.452805,4.892577,2023-01-01T04:16:37
11.452805,4.892577,2023-01-01T04:16:38
11.452805,4.892577,2023-01-01T04:16:39
11.452805,4.892577,2023-01-01T04:16:40
11.452805,4.892577,2023-01-01T04:16:41
11.452805,4.892577,2023-01-01T04:16:42
11.452805,4.892577,2023-01-01T04:16:43
11.341613,4.892577,2023-01-01T04:16:44
11.341613,4.892577,2023-01-01T04:16:45
11.341613,4.892577,2023-01-01T04:16:46
11.341613,5.003772,2023-01-01T04:16:47
11.341613,5.003772,2023-01-01T04:16:48
11.341613,5.003772,2023-01-01T04:16:49
11.341613,5.003772,2023-01-01T04:16:50
11.341613,5.003772,2023-01-01T04:16:51
11.341613,5.003772,2023-01-01T04:16:52
11.230421,5.003772,2023-01-01T04:16:53
11.230421,5.003772,2023-01-01T04:16:54
11.230421,5.003772,2023-01-01T04:16:55
11.230421,5.003772,2023-01-01T04:16:56
11.230421,5.003772,2023-01-01T04:16:57
11.230421,5.003772,2023-01-01T04:16:58
11.230421,5.003772,2023-01-01T04:16:59
11.119228,5.114967,2023-01-01T04:17:00
11.119228,5.114967,2023-01-01T04:17:01
11.119228,5.114967,2023-01-01T04:17:02
11.119228,5.114967,2023-01-01T04:17:03
11.119228,5.114967,2023-01-01T04:17:04
11.119228,5.114967,2023-01-01T04:17:05
11.008036,5.114967,2023-01-01T04:17:06
11.008036,5.114967,2023-01-01T04:17:07
11.008036,5.114967,2023-01-01T04:17:08
11.008036,5.226162,2023-01-01T04:17:09
11.008036,5.226162,2023-01-01T04:17:10
11.008036,5.226162,2023-01-01T04:17:11
10.896844,5.226162,2023-01-01T04:17:12
10.896844,5.226162,2023-01-01T04:17:13
10.896844,5.226162,2023-01-01T04:17:14
10.896844,5.226162,2023-01-01T04:17:15
10.896844,5.226162,2023-01-01T04:17:16
10.896844,5.226162,2023-01-01T04:17:17
10.785652,5.226162,2023-01-01T04:17:18
10.785652,5.226162,2023-01-01T04:17:19
10.785652,5.337356,2023-01-01T04:17:20
10.785652,5.337356,2023-01-01T04:17:21
10.785652,5.337356,2023-01-01T04:17:22
10.674459,5.337356,2023-01-01T04:17:23
10.674459,5.337356,2023-01-01T04:17:24
10.674459,5.337356,2023-01-01T04:17:25
10.674459,5.337356,2023-01-01T04:17:26
10.674459,5.337356,2023-01-01T04:17:27
10.563267,5.337356,2023-01-01T04:17:28
10.563267,5.337356,2023-01-01T04:17:29
10.563267,5.448551,2023-01-01T04:17:30
10.563267,5.448551,2023-01-01T04:17:31
10.563267,5.448551,2023-01-01T04:17:32
10.452075,5.448551,2023-01-01T04:17:33
10.452075,5.448551,2023-01-01T04:17:34
10.452075,5.448551,2023-01-01T04:17:35
10.452075,5.448551,2023-01-01T04:17:36
10.452075,5.448551,2023-01-01T04:17:37
10.340882,5.448551,2023-01-01T04:17:38
10.340882,5.448551,2023-01-01T04:17:39
10.340882,5.448551,2023-01-01T04:17:40
10.340882,5.448551,2023-01-01T04:17:41
10.340882,5.448551,2023-01-01T04:17:42
10.229690,5.448551,2023-01-01T04:17:43
10.229690,5.448551,2023-01-01T04:17:44
10.229690,5.448551,2023-01-01T04:17:45
10.229690,5.559746,2023-01-01T04:17:46
10.118498,5.559746,2023-01-01T04:17:47
10.118498,5.559746,2023-01-01T04:17:48
10.118498,5.559746,2023-01-01T04:17:49
10.118498,5.559746,2023-01-01T04:17:50
10.007306,5.559746,2023-01-01T04:17:51
10.007306,5.559746,2023-01-01T04:17:52
10.007306,5.559746,2023-01-01T04:17:53
10.007306,5.559746,2023-01-01T04:17:54
10.007306,5.559746,2023-01-01T04:17:55
9.896113,5.559746,2023-01-01T04:17:56
9.896113,5.559746,2023-01-01T04:17:57
9.896113,5.559746,2023-01-01T04:17:58
9.896113,5.559746,2023-01-01T04:17:59
9.784921,5.559746,2023-01-01T04:18:00
9.784921,5.670941,2023-01-01T04:18:01
9.784921,5.670941,2023-01-01T04:18:02
9.784921,5.670941,2023-01-01T04:18:03
9.673729,5.670941,2023-01-01T04:18:04
9.673729,5.670941,2023-01-01T04:18:05
9.673729,5.670941,2023-01-01T04:18:06
9.673729,5.670941,2023-01-01T04:18:07
9.562536,5.670941,2023-01-01T04:18:08
9.562536,5.670941,2023-01-01T04:18:09
9.562536,5.670941,2023-01-01T04:18:10
9.562536,5.670941,2023-01-01T04:18:11
9.451344,5.670941,2023-01-01T04:18:12
9.451344,5.670941,2023-01-01T04:18:13
9.451344,5.670941,2023-01-01T04:18:14
9.451344,5.670941,2023-01-01T04:18:15
9.340152,5.670941,2023-01-01T04:18:16
9.340152,5.670941,2023-01-01T04:18:17
9.340152,5.670941,2023-01-01T04:18:18
9.340152,5.670941,2023-01-01T04:18:19
9.228960,5.670941,2023-01-01T04:18:20
9.228960,5.670941,2023-01-01T04:18:21
9.228960,5.670941,2023-01-01T04:18:22
9.117767,5.670941,2023-01-01T04:18:23
9.117767,5.670941,2023-01-01T04:18:24
9.117767,5.670941,2023-01-01T04:18:25
9.117767,5.670941,2023-01-01T04:18:26
9.006575,5.670941,2023-01-01T04:18:27
9.006575,5.670941,2023-01-01T04:18:28
9.006575,5.670941,2023-01-01T04:18:29
9.006575,5.670941,2023-01-01T04:18:30
8.895383,5.670941,2023-01-01T04:18:31
8.895383,5.670941,2023-01-01T04:18:32
8.895383,5.670941,2023-01-01T04:18:33
8.895383,5.670941,2023-01-01T04:18:34
8.784190,5.670941,2023-01-01T04:18:35
8.784190,5.670941,2023-01-01T04:18:36
8.784190,5.670941,2023-01-01T04:18:37
8.672998,5.670941,2023-01-01T04:18:38
8.672998,5.670941,2023-01-01T04:18:39
8.672998,5.670941,2023-01-01T04:18:40
8.672998,5.670941,2023-01-01T04:18:41
8.561806,5.670941,2023-01-01T04:18:42
8.561806,5.559746,2023-01-01T04:18:43
8.561806,5.559746,2023-01-01T04:18:44
8.561806,5.559746,2023-01-01T04:18:45
8.450614,5.559746,2023-01-01T04:18:46
8.450614,5.559746,2023-01-01T04:18:47
8.450614,5.559746,2023-01-01T04:18:48
8.450614,5.559746,2023-01-01T04:18:49
8.339421,5.559746,2023-01-01T04:18:50
8.339421,5.559746,2023-01-01T04:18:51
8.339421,5.559746,2023-01-01T04:18:52
8.228229,5.559746,2023-01-01T04:18:53
8.228229,5.670941,2023-01-01T04:18:54
8.228229,5.670941,2023-01-01T04:18:55
8.228229,5.670941,2023-01-01T04:18:56
8.117037,5.670941,2023-01-01T04:18:57
8.117037,5.670941,2023-01-01T04:18:58
8.005844,5.670941,2023-01-01T04:18:59
8.005844,5.670941,2023-01-01T04:19:00
8.005844,5.782136,2023-01-01T04:19:01
7.894652,5.782136,2023-01-01T04:19:02
7.894652,5.782136,2023-01-01T04:19:03
7.894652,5.782136,2023-01-01T04:19:04
7.783460,5.782136,2023-01-01T04:19:05
7.783460,5.782136,2023-01-01T04:19:06
7.783460,5.782136,2023-01-01T04:19:07
7.672268,5.893331,2023-01-01T04:19:08
7.672268,5.893331,2023-01-01T04:19:09
7.672268,5.893331,2023-01-01T04:19:10
7.561075,5.893331,2023-01-01T04:19:11
7.561075,5.893331,2023-01-01T04:19:12
7.561075,5.893331,2023-01-01T04:19:13
7.561075,5.893331,2023-01-01T04:19:14
7.449883,6.004526,2023-01-01T04:19:15
7.449883,6.004526,2023-01-01T04:19:16
7.449883,6.004526,2023-01-01T04:19:17
7.338691,6.004526,2023-01-01T04:19:18
7.338691,6.004526,2023-01-01T04:19:19
7.338691,6.004526,2023-01-01T04:19:20
7.227498,6.115721,2023-01-01T04:19:21
7.227498,6.115721,2023-01-01T04:19:22
7.227498,6.115721,2023-01-01T04:19:23
7.116306,6.115721,2023-01-01T04:19:24
7.116306,6.115721,2023-01-01T04:19:25
7.116306,6.115721,2023-01-01T04:19:26
7.116306,6.115721,2023-01-01T04:19:27
7.116306,6.115721,2023-01-01T04:19:28
7.005114,6.115721,2023-01-01T04:19:29
7.005114,6.115721,2023-01-01T04:19:30
7.005114,6.115721,2023-01-01T04:19:31
7.005114,6.004526,2023-01-01T04:19:32
7.005114,6.004526,2023-01-01T04:19:33
7.005114,6.004526,2023-01-01T04:19:34
7.005114,6.004526,2023-01-01T04:19:35
6.893922,6.004526,2023-01-01T04:19:36
6.893922,6.004526,2023-01-01T04:19:37
6.893922,6.004526,2023-01-01T04:19:38
6.893922,5.893331,2023-01-01T04:19:39
6.893922,5.893331,2023-01-01T04:19:40
6.893922,5.893331,2023-01-01T04:19:41
6.893922,5.893331,2023-01-01T04:19:42
6.782729,5.893331,2023-01-01T04:19:43
6.782729,5.782136,2023-01-01T04:19:44
6.782729,5.782136,2023-01-01T04:19:45
6.782729,5.782136,2023-01-01T04:19:46
6.782729,5.782136,2023-01-01T04:19:47
6.782729,5.782136,2023-01-01T04:19:48
6.671537,5.782136,2023-01-01T04:19:49
6.671537,5.670941,2023-01-01T04:19:50
6.671537,5.670941,2023-01-01T04:19:51
6.671537,5.670941,2023-01-01T04:19:52
6.671537,5.670941,2023-01-01T04:19:53
6.560345,5.670941,2023-01-01T04:19:54
6.560345,5.670941,2023-01-01T04:19:55
6.560345,5.559746,2023-01-01T04:19:56
6.560345,5.559746,2023-01-01T04:19:57
6.560345,5.559746,2023-01-01T04:19:58
6.560345,5.559746,2023-01-01T04:19:59
6.560345,5.559746,2023-01-01T04:20:00
6.560345,5.448551,2023-01-01T04:20:01
6.560345,5.448551,2023-01-01T04:20:02
6.449152,5.448551,2023-01-01T04:20:03
6.449152,5.448551,2023-01-01T04:20:04
6.449152,5.448551,2023-01-01T04:20:05
6.449152,5.448551,2023-01-01T04:20:06
6.449152,5.448551,2023-01-01T04:20:07
6.449152,5.448551,2023-01-01T04:20:08
6.337960,5.448551,2023-01-01T04:20:09
6.337960,5.448551,2023-01-01T04:20:10
6.337960,5.448551,2023-01-01T04:20:11
6.337960,5.448551,2023-01-01T04:20:12
6.337960,5.448551,2023-01-01T04:20:13
6.337960,5.448551,2023-01-01T04:20:14
6.226768,5.448551,2023-01-01T04:20:15
6.226768,5.337356,2023-01-01T04:20:16
6.226768,5.337356,2023-01-01T04:20:17
6.226768,5.337356,2023-01-01T04:20:18
6.226768,5.337356,2023-01-01T04:20:19
6.226768,5.337356,2023-01-01T04:20:20
6.115576,5.337356,2023-01-01T04:20:21
6.115576,5.337356,2023-01-01T04:20:22
6.115576,5.337356,2023-01-01T04:20:23
6.115576,5.337356,2023-01-01T04:20:24
6.115576,5.226162,2023-01-01T04:20:25
6.115576,5.226162,2023-01-01T04:20:26
6.115576,5.226162,2023-01-01T04:20:27
6.115576,5.114967,2023-01-01T04:20:28
6.115576,5.114967,2023-01-01T04:20:29
6.115576,5.003772,2023-01-01T04:20:30
6.115576,5.003772,2023-01-01T04:20:31
6.115576,5.003772,2023-01-01T04:20:32
6.004383,4.892577,2023-01-01T04:20:33
6.004383,4.892577,2023-01-01T04:20:34
6.004383,4.892577,2023-01-01T04:20:35
6.004383,4.781382,2023-01-01T04:20:36
6.004383,4.781382,2023-01-01T04:20:37
6.004383,4.781382,2023-01-01T04:20:38
6.004383,4.781382,2023-01-01T04:20:39
6.004383,4.670187,2023-01-01T04:20:40
6.004383,4.670187,2023-01-01T04:20:41
6.004383,4.670187,2023-01-01T04:20:42
6.004383,4.670187,2023-01-01T04:20:43
5.893191,4.670187,2023-01-01T04:20:44
5.893191,4.558992,2023-01-01T04:20:45
5.893191,4.558992,2023-01-01T04:20:46
5.893191,4.558992,2023-01-01T04:20:47
5.893191,4.558992,2023-01-01T04:20:48
5.893191,4.558992,2023-01-01T04:20:49
5.893191,4.558992,2023-01-01T04:20:50
5.893191,4.558992,2023-01-01T04:20:51
5.781999,4.558992,2023-01-01T04:20:52
5.781999,4.447797,2023-01-01T04:20:53
5.781999,4.447797,2023-01-01T04:20:54
5.781999,4.447797,2023-01-01T04:20:55
5.781999,4.447797,2023-01-01T04:20:56
5.781999,4.447797,2023-01-01T04:20:57
5.781999,4.447797,2023-01-01T04:20:58
5.781999,4.447797,2023-01-01T04:20:59
5.781999,4.447797,2023-01-01T04:21:00
5.781999,4.447797,2023-01-01T04:21:01
5.670806,4.447797,2023-01-01T04:21:02
5.670806,4.447797,2023-01-01T04:21:03
5.670806,4.447797,2023-01-01T04:21:04
5.670806,4.336602,2023-01-01T04:21:05
5.670806,4.336602,2023-01-01T04:21:06
5.670806,4.336602,2023-01-01T04:21:07
5.670806,4.336602,2023-01-01T04:21:08
5.670806,4.336602,2023-01-01T04:21:09
5.670806,4.336602,2023-01-01T04:21:10
5.559614,4.336602,2023-01-01T04:21:11
5.559614,4.336602,2023-01-01T04:21:12
5.559614,4.336602,2023-01-01T04:21:13
5.559614,4.336602,2023-01-01T04:21:14
5.559614,4.336602,2023-01-01T04:21:15
5.559614,4.336602,2023-01-01T04:21:16
5.559614,4.336602,2023-01-01T04:21:17
5.448422,4.336602,2023-01-01T04:21:18
5.448422,4.336602,2023-01-01T04:21:19
5.448422,4.225407,2023-01-01T04:21:20
5.448422,4.225407,2023-01-01T04:21:21
5.448422,4.225407,2023-01-01T04:21:22
5.337230,4.225407,2023-01-01T04:21:23
5.337230,4.225407,2023-01-01T04:21:24
5.337230,4.225407,2023-01-01T04:21:25
5.337230,4.225407,2023-01-01T04:21:26
5.337230,4.114212,2023-01-01T04:21:27
5.337230,4.114212,2023-01-01T04:21:28
5.337230,4.003017,2023-01-01T04:21:29
5.337230,4.003017,2023-01-01T04:21:30
5.337230,4.003017,2023-01-01T04:21:31
5.337230,3.891822,2023-01-01T04:21:32
5.337230,3.891822,2023-01-01T04:21:33
5.337230,3.891822,2023-01-01T04:21:34
5.337230,3.780628,2023-01-01T04:21:35
5.337230,3.780628,2023-01-01T04:21:36
5.337230,3.780628,2023-01-01T04:21:37
5.337230,3.669433,2023-01-01T04:21:38
5.337230,3.669433,2023-01-01T04:21:39
5.337230,3.669433,2023-01-01T04:21:40
5.337230,3.558238,2023-01-01T04:21:41
5.337230,3.558238,2023-01-01T04:21:42
5.337230,3.558238,2023-01-01T04:21:43
5.226037,3.558238,2023-01-01T04:21:44
5.226037,3.447043,2023-01-01T04:21:45
5.226037,3.447043,2023-01-01T04:21:46
5.226037,3.447043,2023-01-01T04:21:47
5.226037,3.335848,2023-01-01T04:21:48
5.226037,3.335848,2023-01-01T04:21:49
5.226037,3.335848,2023-01-01T04:21:50
5.226037,3.335848,2023-01-01T04:21:51
5.226037,3.335848,2023-01-01T04:21:52
5.226037,3.224653,2023-01-01T04:21:53
5.114845,3.224653,2023-01-01T04:21:54
5.114845,3.224653,2023-01-01T04:21:55
5.114845,3.224653,2023-01-01T04:21:56
5.114845,3.224653,2023-01-01T04:21:57
5.114845,3.224653,2023-01-01T04:21:58
5.114845,3.113458,2023-01-01T04:21:59
5.114845,3.113458,2023-01-01T04:22:00
5.114845,3.113458,2023-01-01T04:22:01
5.003653,3.113458,2023-01-01T04:22:02
5.003653,3.113458,2023-01-01T04:22:03
5.003653,3.113458,2023-01-01T04:22:04
5.003653,3.113458,2023-01-01T04:22:05
5.003653,3.113458,2023-01-01T04:22:06
5.003653,3.002263,2023-01-01T04:22:07
4.892460,3.002263,2023-01-01T04:22:08
4.892460,3.002263,2023-01-01T04:22:09
4.892460,3.002263,2023-01-01T04:22:10
4.892460,3.002263,2023-01-01T04:22:11
4.892460,3.002263,2023-01-01T04:22:12
4.892460,3.002263,2023-01-01T04:22:13
4.892460,2.891068,2023-01-01T04:22:14
4.781268,2.891068,2023-01-01T04:22:15
4.781268,2.891068,2023-01-01T04:22:16
4.781268,2.891068,2023-01-01T04:22:17
4.781268,2.891068,2023-01-01T04:22:18
4.781268,2.891068,2023-01-01T04:22:19
4.670076,2.891068,2023-01-01T04:22:20
4.670076,2.779873,2023-01-01T04:22:21
4.670076,2.779873,2023-01-01T04:22:22
4.670076,2.779873,2023-01-01T04:22:23
4.670076,2.779873,2023-01-01T04:22:24
4.558884,2.779873,2023-01-01T04:22:25
4.558884,2.668678,2023-01-01T04:22:26
4.558884,2.668678,2023-01-01T04:22:27
4.558884,2.668678,2023-01-01T04:22:28
4.558884,2.668678,2023-01-01T04:22:29
4.558884,2.557483,2023-01-01T04:22:30
4.558884,2.557483,2023-01-01T04:22:31
4.558884,2.557483,2023-01-01T04:22:32
4.447691,2.446288,2023-01-01T04:22:33
4.447691,2.446288,2023-01-01T04:22:34
4.447691,2.446288,2023-01-01T04:22:35
4.447691,2.446288,2023-01-01T04:22:36
4.447691,2.335093,2023-01-01T04:22:37
4.447691,2.335093,2023-01-01T04:22:38
4.336499,2.335093,2023-01-01T04:22:39
4.336499,2.335093,2023-01-01T04:22:40
4.336499,2.335093,2023-01-01T04:22:41
4.336499,2.223899,2023-01-01T04:22:42
4.336499,2.223899,2023-01-01T04:22:43
4.225307,2.223899,2023-01-01T04:22:44
4.225307,2.223899,2023-01-01T04:22:45
4.225307,2.112704,2023-01-01T04:22:46
4.225307,2.112704,2023-01-01T04:22:47
4.225307,2.112704,2023-01-01T04:22:48
4.114114,2.112704,2023-01-01T04:22:49
4.114114,2.112704,2023-01-01T04:22:50
4.114114,2.001509,2023-01-01T04:22:51
4.114114,2.001509,2023-01-01T04:22:52
4.114114,2.001509,2023-01-01T04:22:53
4.002922,2.001509,2023-01-01T04:22:54
4.002922,2.001509,2023-01-01T04:22:55
4.002922,1.890314,2023-01-01T04:22:56
4.002922,1.890314,2023-01-01T04:22:57
4.002922,1.890314,2023-01-01T04:22:58
3.891730,1.890314,2023-01-01T04:22:59
3.891730,1.890314,2023-01-01T04:23:00
3.891730,1.890314,2023-01-01T04:23:01
3.891730,1.779119,2023-01-01T04:23:02
3.780538,1.779119,2023-01-01T04:23:03
3.780538,1.779119,2023-01-01T04:23:04
3.780538,1.779119,2023-01-01T04:23:05
3.780538,1.779119,2023-01-01T04:23:06
3.669345,1.779119,2023-01-01T04:23:07
3.669345,1.667924,2023-01-01T04:23:08
3.669345,1.667924,2023-01-01T04:23:09
3.669345,1.667924,2023-01-01T04:23:10
3.669345,1.667924,2023-01-01T04:23:11
3.558153,1.667924,2023-01-01T04:23:12
3.558153,1.667924,2023-01-01T04:23:13
3.558153,1.556729,2023-01-01T04:23:14
3.558153,1.556729,2023-01-01T04:23:15
3.446961,1.556729,2023-01-01T04:23:16
3.446961,1.556729,2023-01-01T04:23:17
3.446961,1.556729,2023-01-01T04:23:18
3.446961,1.556729,2023-01-01T04:23:19
3.335769,1.556729,2023-01-01T04:23:20
3.335769,1.445534,2023-01-01T04:23:21
3.335769,1.445534,2023-01-01T04:23:22
3.335769,1.445534,2023-01-01T04:23:23
3.224576,1.445534,2023-01-01T04:23:24
3.224576,1.445534,2023-01-01T04:23:25
3.224576,1.445534,2023-01-01T04:23:26
3.224576,1.445534,2023-01-01T04:23:27
3.113384,1.334339,2023-01-01T04:23:28
3.113384,1.334339,2023-01-01T04:23:29
3.113384,1.334339,2023-01-01T04:23:30
3.113384,1.334339,2023-01-01T04:23:31
3.002192,1.334339,2023-01-01T04:23:32
3.002192,1.334339,2023-01-01T04:23:33
3.002192,1.334339,2023-01-01T04:23:34
3.002192,1.334339,2023-01-01T04:23:35
2.890999,1.223144,2023-01-01T04:23:36
2.890999,1.223144,2023-01-01T04:23:37
2.890999,1.223144,2023-01-01T04:23:38
2.890999,1.223144,2023-01-01T04:23:39
2.779807,1.223144,2023-01-01T04:23:40
2.779807,1.223144,2023-01-01T04:23:41
2.779807,1.223144,2023-01-01T04:23:42
2.779807,1.111949,2023-01-01T04:23:43
2.668615,1.111949,2023-01-01T04:23:44
2.668615,1.111949,2023-01-01T04:23:45
2.668615,1.111949,2023-01-01T04:23:46
2.668615,1.111949,2023-01-01T04:23:47
2.668615,1.111949,2023-01-01T04:23:48
2.557423,1.111949,2023-01-01T04:23:49
2.557423,1.000754,2023-01-01T04:23:50
2.557423,1.000754,2023-01-01T04:23:51
2.557423,1.000754,2023-01-01T04:23:52
2.446230,1.000754,2023-01-01T04:23:53
2.446230,1.000754,2023-01-01T04:23:54
2.446230,1.000754,2023-01-01T04:23:55
2.446230,1.000754,2023-01-01T04:23:56
2.446230,0.889559,2023-01-01T04:23:57
2.335038,0.889559,2023-01-01T04:23:58
2.335038,0.889559,2023-01-01T04:23:59
2.335038,0.889559,2023-01-01T04:24:00
2.335038,0.889559,2023-01-01T04:24:01
2.223846,0.889559,2023-01-01T04:24:02
2.223846,0.778364,2023-01-01T04:24:03
2.223846,0.778364,2023-01-01T04:24:04
2.223846,0.778364,2023-01-01T04:24:05
2.223846,0.778364,2023-01-01T04:24:06
2.112653,0.778364,2023-01-01T04:24:07
2.112653,0.778364,2023-01-01T04:24:08
2.112653,0.667170,2023-01-01T04:24:09
2.112653,0.667170,2023-01-01T04:24:10
2.112653,0.667170,2023-01-01T04:24:11
2.001461,0.667170,2023-01-01T04:24:12
2.001461,0.667170,2023-01-01T04:24:13
2.001461,0.667170,2023-01-01T04:24:14
2.001461,0.667170,2023-01-01T04:24:15
1.890269,0.555975,2023-01-01T04:24:16
1.890269,0.555975,2023-01-01T04:24:17
1.890269,0.555975,2023-01-01T04:24:18
1.890269,0.555975,2023-01-01T04:24:19
1.890269,0.555975,2023-01-01T04:24:20
1.779077,0.555975,2023-01-01T04:24:21
1.779077,0.444780,2023-01-01T04:24:22
1.779077,0.444780,2023-01-01T04:24:23
1.779077,0.444780,2023-01-01T04:24:24
1.779077,0.444780,2023-01-01T04:24:25
1.667884,0.444780,2023-01-01T04:24:26
1.667884,0.444780,2023-01-01T04:24:27
1.667884,0.444780,2023-01-01T04:24:28
1.667884,0.333585,2023-01-01T04:24:29
1.667884,0.333585,2023-01-01T04:24:30
1.556692,0.333585,2023-01-01T04:24:31
1.556692,0.333585,2023-01-01T04:24:32
1.556692,0.333585,2023-01-01T04:24:33
1.556692,0.333585,2023-01-01T04:24:34
1.556692,0.333585,2023-01-01T04:24:35
1.445500,0.333585,2023-01-01T04:24:36
1.445500,0.222390,2023-01-01T04:24:37
1.445500,0.222390,2023-01-01T04:24:38
1.445500,0.222390,2023-01-01T04:24:39
1.445500,0.222390,2023-01-01T04:24:40
1.334307,0.222390,2023-01-01T04:24:41
1.334307,0.222390,2023-01-01T04:24:42
1.334307,0.111195,2023-01-01T04:24:43
1.334307,0.111195,2023-01-01T04:24:44
1.334307,0.111195,2023-01-01T04:24:45
1.334307,0.111195,2023-01-01T04:24:46
1.223115,0.111195,2023-01-01T04:24:47
1.223115,0.111195,2023-01-01T04:24:48
1.223115,0.111195,2023-01-01T04:24:49
1.223115,0.000000,2023-01-01T04:24:50
1.223115,0.000000,2023-01-01T04:24:51
1.223115,0.000000,2023-01-01T04:24:52
1.111923,0.000000,2023-01-01T04:24:53
1.111923,0.000000,2023-01-01T04:24:54
1.111923,0.000000,2023-01-01T04:24:55
1.111923,0.000000,2023-01-01T04:24:56
1.111923,-0.111195,2023-01-01T04:24:57
1.111923,-0.111195,2023-01-01T04:24:58
1.000731,-0.111195,2023-01-01T04:24:59
1.000731,-0.111195,2023-01-01T04:25:00
1.000731,-0.111195,2023-01-01T04:25:01
1.000731,-0.111195,2023-01-01T04:25:02
1.000731,-0.111195,2023-01-01T04:25:03
0.889538,-0.222390,2023-01-01T04:25:04
0.889538,-0.222390,2023-01-01T04:25:05
0.889538,-0.222390,2023-01-01T04:25:06
0.889538,-0.222390,2023-01-01T04:25:07
0.889538,-0.222390,2023-01-01T04:25:08
0.889538,-0.222390,2023-01-01T04:25:09
0.778346,-0.222390,2023-01-01T04:25:10
0.778346,-0.333585,2023-01-01T04:25:11
0.778346,-0.333585,2023-01-01T04:25:12
0.778346,-0.333585,2023-01-01T04:25:13
0.778346,-0.333585,2023-01-01T04:25:14
0.778346,-0.333585,2023-01-01T04:25:15
0.667154,-0.333585,2023-01-01T04:25:16
0.667154,-0.333585,2023-01-01T04:25:17
0.667154,-0.444780,2023-01-01T04:25:18
0.667154,-0.444780,2023-01-01T04:25:19
0.667154,-0.444780,2023-01-01T04:25:20
0.667154,-0.444780,2023-01-01T04:25:21
0.667154,-0.444780,2023-01-01T04:25:22
0.555961,-0.555975,2023-01-01T04:25:23
0.555961,-0.555975,2023-01-01T04:25:24
0.555961,-0.555975,2023-01-01T04:25:25
0.555961,-0.555975,2023-01-01T04:25:26
0.555961,-0.555975,2023-01-01T04:25:27
0.555961,-0.667170,2023-01-01T04:25:28
0.555961,-0.667170,2023-01-01T04:25:29
0.444769,-0.667170,2023-01-01T04:25:30
0.444769,-0.667170,2023-01-01T04:25:31
0.444769,-0.667170,2023-01-01T04:25:32
0.444769,-0.778364,2023-01-01T04:25:33
0.444769,-0.778364,2023-01-01T04:25:34
0.444769,-0.778364,2023-01-01T04:25:35
0.333577,-0.778364,2023-01-01T04:25:36
0.333577,-0.889559,2023-01-01T04:25:37
0.333577,-0.889559,2023-01-01T04:25:38
0.333577,-0.889559,2023-01-01T04:25:39
0.333577,-0.889559,2023-01-01T04:25:40
0.333577,-1.000754,2023-01-01T04:25:41
0.222385,-1.000754,2023-01-01T04:25:42
0.222385,-1.000754,2023-01-01T04:25:43
0.222385,-1.000754,2023-01-01T04:25:44
0.222385,-1.000754,2023-01-01T04:25:45
0.222385,-1.111949,2023-01-01T04:25:46
0.222385,-1.111949,2023-01-01T04:25:47
0.222385,-1.111949,2023-01-01T04:25:48
0.111192,-1.111949,2023-01-01T04:25:49
0.111192,-1.223144,2023-01-01T04:25:50
0.111192,-1.223144,2023-01-01T04:25:51
0.111192,-1.223144,2023-01-01T04:25:52
0.111192,-1.223144,2023-01-01T04:25:53
0.111192,-1.334339,2023-01-01T04:25:54
0.000000,-1.334339,2023-01-01T04:25:55
0.000000,-1.334339,2023-01-01T04:25:56
0.000000,-1.334339,2023-01-01T04:25:57
0.000000,-1.334339,2023-01-01T04:25:58
0.000000,-1.445534,2023-01-01T04:25:59
0.000000,-1.445534,2023-01-01T04:26:00
-0.111192,-1.445534,2023-01-01T04:26:01
-0.111192,-1.445534,2023-01-01T04:26:02
-0.111192,-1.556729,2023-01-01T04:26:03
-0.111192,-1.556729,2023-01-01T04:26:04
-0.111192,-1.556729,2023-01-01T04:26:05
-0.111192,-1.556729,2023-01-01T04:26:06
-0.222385,-1.556729,2023-01-01T04:26:07
-0.222385,-1.667924,2023-01-01T04:26:08
-0.222385,-1.667924,2023-01-01T04:26:09
-0.222385,-1.667924,2023-01-01T04:26:10
-0.222385,-1.667924,2023-01-01T04:26:11
-0.222385,-1.667924,2023-01-01T04:26:12
-0.333577,-1.779119,2023-01-01T04:26:13
-0.333577,-1.779119,2023-01-01T04:26:14
-0.333577,-1.779119,2023-01-01T04:26:15
-0.333577,-1.779119,2023-01-01T04:26:16
-0.333577,-1.779119,2023-01-01T04:26:17
-0.444769,-1.890314,2023-01-01T04:26:18
-0.444769,-1.890314,2023-01-01T04:26:19
-0.444769,-1.890314,2023-01-01T04:26:20
-0.444769,-1.890314,2023-01-01T04:26:21
-0.444769,-1.890314,2023-01-01T04:26:22
-0.444769,-2.001509,2023-01-01T04:26:23
-0.555961,-2.001509,2023-01-01T04:26:24
-0.555961,-2.001509,2023-01-01T04:26:25
-0.555961,-2.001509,2023-01-01T04:26:26
-0.555961,-2.001509,2023-01-01T04:26:27
-0.555961,-2.001509,2023-01-01T04:26:28
-0.667154,-2.112704,2023-01-01T04:26:29
-0.667154,-2.112704,2023-01-01T04:26:30
-0.667154,-2.112704,2023-01-01T04:26:31
-0.667154,-2.112704,2023-01-01T04:26:32
-0.667154,-2.112704,2023-01-01T04:26:33
-0.667154,-2.223899,2023-01-01T04:26:34
-0.778346,-2.223899,2023-01-01T04:26:35
-0.778346,-2.223899,2023-01-01T04:26:36
-0.778346,-2.223899,2023-01-01T04:26:37
-0.778346,-2.223899,2023-01-01T04:26:38
-0.778346,-2.223899,2023-01-01T04:26:39
-0.778346,-2.223899,2023-01-01T04:26:40
-0.889538,-2.335093,2023-01-01T04:26:41
-0.889538,-2.335093,2023-01-01T04:26:42
-0.889538,-2.335093,2023-01-01T04:26:43
-0.889538,-2.335093,2023-01-01T04:26:44
-0.889538,-2.335093,2023-01-01T04:26:45
-0.889538,-2.335093,2023-01-01T04:26:46
-0.889538,-2.446288,2023-01-01T04:26:47
-1.000731,-2.446288,2023-01-01T04:26:48
-1.000731,-2.446288,2023-01-01T04:26:49
-1.000731,-2.446288,2023-01-01T04:26:50
-1.000731,-2.446288,2023-01-01T04:26:51
-1.000731,-2.446288,2023-01-01T04:26:52
-1.000731,-2.557483,2023-01-01T04:26:53
-1.111923,-2.557483,2023-01-01T04:26:54
-1.111923,-2.557483,2023-01-01T04:26:55
-1.111923,-2.557483,2023-01-01T04:26:56
-1.111923,-2.557483,2023-01-01T04:26:57
-1.111923,-2.557483,2023-01-01T04:26:58
-1.111923,-2.557483,2023-01-01T04:26:59
-1.111923,-2.668678,2023-01-01T04:27:00
-1.223115,-2.668678,2023-01-01T04:27:01
-1.223115,-2.668678,2023-01-01T04:27:02
-1.223115,-2.668678,2023-01-01T04:27:03
-1.223115,-2.668678,2023-01-01T04:27:04
-1.223115,-2.668678,2023-01-01T04:27:05
-1.223115,-2.668678,2023-01-01T04:27:06
-1.223115,-2.668678,2023-01-01T04:27:07
-1.334307,-2.779873,2023-01-01T04:27:08
-1.334307,-2.779873,2023-01-01T04:27:09
-1.334307,-2.779873,2023-01-01T04:27:10
-1.334307,-2.779873,2023-01-01T04:27:11
-1.334307,-2.779873,2023-01-01T04:27:12
-1.334307,-2.779873,2023-01-01T04:27:13
-1.334307,-2.779873,2023-01-01T04:27:14
-1.445500,-2.891068,2023-01-01T04:27:15
-1.445500,-2.891068,2023-01-01T04:27:16
-1.445500,-2.891068,2023-01-01T04:27:17
-1.445500,-2.891068,2023-01-01T04:27:18
-1.445500,-2.891068,2023-01-01T04:27:19
-1.445500,-2.891068,2023-01-01T04:27:20
-1.445500,-2.891068,2023-01-01T04:27:21
-1.445500,-2.891068,2023-01-01T04:27:22
-1.556692,-2.891068,2023-01-01T04:27:23
-1.556692,-3.002263,2023-01-01T04:27:24
-1.556692,-3.002263,2023-01-01T04:27:25
-1.556692,-3.002263,2023-01-01T04:27:26
-1.556692,-3.002263,2023-01-01T04:27:27
-1.556692,-3.002263,2023-01-01T04:27:28
-1.556692,-3.002263,2023-01-01T04:27:29
-1.556692,-3.002263,2023-01-01T04:27:30
-1.667884,-3.002263,2023-01-01T04:27:31
-1.667884,-3.002263,2023-01-01T04:27:32
-1.667884,-3.002263,2023-01-01T04:27:33
-1.667884,-3.002263,2023-01-01T04:27:34
-1.667884,-3.002263,2023-01-01T04:27:35
-1.667884,-3.113458,2023-01-01T04:27:36
-1.667884,-3.113458,2023-01-01T04:27:37
-1.667884,-3.113458,2023-01-01T04:27:38
-1.667884,-3.113458,2023-01-01T04:27:39
-1.667884,-3.113458,2023-01-01T04:27:40
-1.779077,-3.113458,2023-01-01T04:27:41
-1.779077,-3.113458,2023-01-01T04:27:42
-1.779077,-3.113458,2023-01-01T04:27:43
-1.779077,-3.113458,2023-01-01T04:27:44
-1.779077,-3.113458,2023-01-01T04:27:45
-1.779077,-3.113458,2023-01-01T04:27:46
-1.779077,-3.113458,2023-01-01T04:27:47
-1.779077,-3.113458,2023-01-01T04:27:48
-1.779077,-3.113458,2023-01-01T04:27:49
-1.779077,-3.224653,2023-01-01T04:27:50
-1.779077,-3.224653,2023-01-01T04:27:51
-1.779077,-3.224653,2023-01-01T04:27:52
-1.779077,-3.224653,2023-01-01T04:27:53
-1.890269,-3.224653,2023-01-01T04:27:54
-1.890269,-3.224653,2023-01-01T04:27:55
-1.890269,-3.224653,2023-01-01T04:27:56
-1.890269,-3.224653,2023-01-01T04:27:57
-1.890269,-3.224653,2023-01-01T04:27:58
-1.890269,-3.224653,2023-01-01T04:27:59
-1.890269,-3.224653,2023-01-01T04:28:00
-1.890269,-3.224653,2023-01-01T04:28:01
-1.890269,-3.224653,2023-01-01T04:28:02
-1.890269,-3.224653,2023-01-01T04:28:03
-1.890269,-3.335848,2023-01-01T04:28:04
-1.890269,-3.335848,2023-01-01T04:28:05
-1.890269,-3.335848,2023-01-01T04:28:06
-1.890269,-3.335848,2023-01-01T04:28:07
-1.890269,-3.335848,2023-01-01T04:28:08
-1.890269,-3.335848,2023-01-01T04:28:09
-1.890269,-3.335848,2023-01-01T04:28:10
-1.890269,-3.335848,2023-01-01T04:28:11
-2.001461,-3.335848,2023-01-01T04:28:12
-2.001461,-3.335848,2023-01-01T04:28:13
-2.001461,-3.335848,2023-01-01T04:28:14
-2.001461,-3.447043,2023-01-01T04:28:15
-2.001461,-3.447043,2023-01-01T04:28:16
-2.001461,-3.447043,2023-01-01T04:28:17
-2.001461,-3.447043,2023-01-01T04:28:18
-2.001461,-3.447043,2023-01-01T04:28:19
-2.001461,-3.447043,2023-01-01T04:28:20
-2.001461,-3.447043,2023-01-01T04:28:21
-2.001461,-3.447043,2023-01-01T04:28:22
-2.001461,-3.447043,2023-01-01T04:28:23
-2.001461,-3.447043,2023-01-01T04:28:24
-2.001461,-3.447043,2023-01-01T04:28:25
-2.001461,-3.447043,2023-01-01T04:28:26
-2.001461,-3.447043,2023-01-01T04:28:27
-2.001461,-3.447043,2023-01-01T04:28:28
-2.001461,-3.447043,2023-01-01T04:28:29
-2.001461,-3.558238,2023-01-01T04:28:30
-2.001461,-3.558238,2023-01-01T04:28:31
-2.001461,-3.558238,2023-01-01T04:28:32
-2.001461,-3.558238,2023-01-01T04:28:33
-2.001461,-3.558238,2023-01-01T04:28:34
-2.001461,-3.558238,2023-01-01T04:28:35
-2.001461,-3.558238,2023-01-01T04:28:36
-2.001461,-3.558238,2023-01-01T04:28:37
-2.001461,-3.558238,2023-01-01T04:28:38
-2.001461,-3.558238,2023-01-01T04:28:39
-2.001461,-3.558238,2023-01-01T04:28:40
-2.001461,-3.558238,2023-01-01T04:28:41
-2.001461,-3.558238,2023-01-01T04:28:42
-2.001461,-3.669433,2023-01-01T04:28:43
-2.001461,-3.669433,2023-01-01T04:28:44
-2.001461,-3.669433,2023-01-01T04:28:45
-2.001461,-3.669433,2023-01-01T04:28:46
-2.001461,-3.669433,2023-01-01T04:28:47
-2.001461,-3.669433,2023-01-01T04:28:48
-2.001461,-3.669433,2023-01-01T04:28:49
-2.001461,-3.669433,2023-01-01T04:28:50
-2.001461,-3.669433,2023-01-01T04:28:51
-2.001461,-3.669433,2023-01-01T04:28:52
-2.001461,-3.669433,2023-01-01T04:28:53
-2.001461,-3.669433,2023-01-01T04:28:54
-2.001461,-3.669433,2023-01-01T04:28:55
-2.001461,-3.669433,2023-01-01T04:28:56
-2.001461,-3.669433,2023-01-01T04:28:57
-2.001461,-3.669433,2023-01-01T04:28:58
-2.001461,-3.669433,2023-01-01T04:28:59
-2.001461,-3.669433,2023-01-01T04:29:00
-2.001461,-3.669433,2023-01-01T04:29:01
-2.001461,-3.669433,2023-01-01T04:29:02
-2.001461,-3.669433,2023-01-01T04:29:03
-2.001461,-3.669433,2023-01-01T04:29:04
-2.001461,-3.669433,2023-01-01T04:29:05
-2.001461,-3.669433,2023-01-01T04:29:06
-2.001461,-3.669433,2023-01-01T04:29:07
-2.001461,-3.669433,2023-01-01T04:29:08
-2.001461,-3.669433,2023-01-01T04:29:09
-2.001461,-3.669433,2023-01-01T04:29:10
-2.001461,-3.669433,2023-01-01T04:29:11
-2.001461,-3.669433,2023-01-01T04:29:12
-2.001461,-3.669433,2023-01-01T04:29:13
-2.001461,-3.669433,2023-01-01T04:29:14
-1.890269,-3.669433,2023-01-01T04:29:15
-1.890269,-3.669433,2023-01-01T04:29:16
-1.890269,-3.669433,2023-01-01T04:29:17
-1.890269,-3.669433,2023-01-01T04:29:18
-1.890269,-3.669433,2023-01-01T04:29:19
-1.890269,-3.669433,2023-01-01T04:29:20
-1.890269,-3.669433,2023-01-01T04:29:21
-1.890269,-3.669433,2023-01-01T04:29:22
-1.890269,-3.669433,2023-01-01T04:29:23
-1.890269,-3.669433,2023-01-01T04:29:24
-1.890269,-3.669433,2023-01-01T04:29:25
-1.890269,-3.669433,2023-01-01T04:29:26
-1.890269,-3.669433,2023-01-01T04:29:27
-1.890269,-3.780628,2023-01-01T04:29:28
-1.890269,-3.780628,2023-01-01T04:29:29
-1.890269,-3.780628,2023-01-01T04:29:30
-1.890269,-3.780628,2023-01-01T04:29:31
-1.890269,-3.780628,2023-01-01T04:29:32
-1.890269,-3.780628,2023-01-01T04:29:33
-1.890269,-3.780628,2023-01-01T04:29:34
-1.890269,-3.780628,2023-01-01T04:29:35
-1.890269,-3.780628,2023-01-01T04:29:36
-1.890269,-3.780628,2023-01-01T04:29:37
-1.890269,-3.780628,2023-01-01T04:29:38
-1.779077,-3.780628,2023-01-01T04:29:39
-1.779077,-3.780628,2023-01-01T04:29:40
-1.779077,-3.780628,2023-01-01T04:29:41
-1.779077,-3.780628,2023-01-01T04:29:42
-1.779077,-3.780628,2023-01-01T04:29:43
-1.779077,-3.780628,2023-01-01T04:29:44
-1.779077,-3.780628,2023-01-01T04:29:45
-1.779077,-3.780628,2023-01-01T04:29:46
-1.779077,-3.780628,2023-01-01T04:29:47
-1.779077,-3.780628,2023-01-01T04:29:48
-1.779077,-3.780628,2023-01-01T04:29:49
-1.779077,-3.780628,2023-01-01T04:29:50
-1.779077,-3.780628,2023-01-01T04:29:51
-1.779077,-3.780628,2023-01-01T04:29:52
-1.779077,-3.780628,2023-01-01T04:29:53
-1.779077,-3.780628,2023-01-01T04:29:54
-1.779077,-3.780628,2023-01-01T04:29:55
-1.779077,-3.780628,2023-01-01T04:29:56
-1.779077,-3.780628,2023-01-01T04:29:57
-1.667884,-3.780628,2023-01-01T04:29:58
-1.667884,-3.780628,2023-01-01T04:29:59
-1.667884,-3.669433,2023-01-01T04:30:00
-1.667884,-3.669433,2023-01-01T04:30:01
-1.667884,-3.669433,2023-01-01T04:30:02
-1.667884,-3.669433,2023-01-01T04:30:03
-1.667884,-3.669433,2023-01-01T04:30:04
-1.667884,-3.669433,2023-01-01T04:30:05
-1.667884,-3.669433,2023-01-01T04:30:06
-1.667884,-3.669433,2023-01-01T04:30:07
-1.667884,-3.558238,2023-01-01T04:30:08
-1.667884,-3.558238,2023-01-01T04:30:09
-1.667884,-3.558238,2023-01-01T04:30:10
-1.667884,-3.558238,2023-01-01T04:30:11
-1.667884,-3.558238,2023-01-01T04:30:12
-1.667884,-3.558238,2023-01-01T04:30:13
-1.667884,-3.558238,2023-01-01T04:30:14
-1.667884,-3.558238,2023-01-01T04:30:15
-1.667884,-3.558238,2023-01-01T04:30:16
-1.556692,-3.558238,2023-01-01T04:30:17
-1.556692,-3.447043,2023-01-01T04:30:18
-1.556692,-3.447043,2023-01-01T04:30:19
-1.556692,-3.447043,2023-01-01T04:30:20
-1.556692,-3.447043,2023-01-01T04:30:21
-1.556692,-3.447043,2023-01-01T04:30:22
-1.556692,-3.447043,2023-01-01T04:30:23
-1.556692,-3.447043,2023-01-01T04:30:24
-1.556692,-3.447043,2023-01-01T04:30:25
-1.556692,-3.447043,2023-01-01T04:30:26
-1.556692,-3.447043,2023-01-01T04:30:27
-1.556692,-3.447043,2023-01-01T04:30:28
-1.556692,-3.447043,2023-01-01T04:30:29
-1.556692,-3.447043,2023-01-01T04:30:30
-1.556692,-3.335848,2023-01-01T04:30:31
-1.556692,-3.335848,2023-01-01T04:30:32
-1.445500,-3.335848,2023-01-01T04:30:33
-1.445500,-3.335848,2023-01-01T04:30:34
-1.445500,-3.335848,2023-01-01T04:30:35
-1.445500,-3.335848,2023-01-01T04:30:36
-1.445500,-3.335848,2023-01-01T04:30:37
-1.445500,-3.335848,2023-01-01T04:30:38
-1.445500,-3.335848,2023-01-01T04:30:39
-1.445500,-3.335848,2023-01-01T04:30:40
-1.445500,-3.335848,2023-01-01T04:30:41
-1.445500,-3.335848,2023-01-01T04:30:42
-1.445500,-3.335848,2023-01-01T04:30:43
-1.445500,-3.335848,2023-01-01T04:30:44
-1.445500,-3.224653,2023-01-01T04:30:45
-1.445500,-3.224653,2023-01-01T04:30:46
-1.445500,-3.224653,2023-01-01T04:30:47
-1.445500,-3.224653,2023-01-01T04:30:48
-1.445500,-3.224653,2023-01-01T04:30:49
-1.445500,-3.224653,2023-01-01T04:30:50
-1.445500,-3.224653,2023-01-01T04:30:51
-1.445500,-3.224653,2023-01-01T04:30:52
-1.445500,-3.224653,2023-01-01T04:30:53
-1.334307,-3.224653,2023-01-01T04:30:54
-1.334307,-3.224653,2023-01-01T04:30:55
-1.334307,-3.113458,2023-01-01T04:30:56
-1.334307,-3.113458,2023-01-01T04:30:57
-1.334307,-3.113458,2023-01-01T04:30:58
-1.334307,-3.113458,2023-01-01T04:30:59
-1.334307,-3.113458,2023-01-01T04:31:00
-1.334307,-3.113458,2023-01-01T04:31:01
-1.334307,-3.113458,2023-01-01T04:31:02
-1.334307,-3.113458,2023-01-01T04:31:03
-1.334307,-3.113458,2023-01-01T04:31:04
-1.334307,-3.002263,2023-01-01T04:31:05
-1.334307,-3.002263,2023-01-01T04:31:06
-1.334307,-3.002263,2023-01-01T04:31:07
-1.334307,-3.002263,2023-01-01T04:31:08
-1.334307,-3.002263,2023-01-01T04:31:09
-1.334307,-3.002263,2023-01-01T04:31:10
-1.334307,-3.002263,2023-01-01T04:31:11
-1.334307,-3.002263,2023-01-01T04:31:12
-1.334307,-3.002263,2023-01-01T04:31:13
-1.334307,-2.891068,2023-01-01T04:31:14
-1.334307,-2.891068,2023-01-01T04:31:15
-1.334307,-2.891068,2023-01-01T04:31:16
-1.334307,-2.891068,2023-01-01T04:31:17
-1.334307,-2.891068,2023-01-01T04:31:18
-1.334307,-2.891068,2023-01-01T04:31:19
-1.334307,-2.891068,2023-01-01T04:31:20
-1.334307,-2.891068,2023-01-01T04:31:21
-1.334307,-2.891068,2023-01-01T04:31:22
-1.334307,-2.891068,2023-01-01T04:31:23
-1.223115,-2.891068,2023-01-01T04:31:24
-1.223115,-2.891068,2023-01-01T04:31:25
-1.223115,-2.779873,2023-01-01T04:31:26
-1.223115,-2.779873,2023-01-01T04:31:27
-1.223115,-2.779873,2023-01-01T04:31:28
-1.223115,-2.779873,2023-01-01T04:31:29
-1.223115,-2.779873,2023-01-01T04:31:30
-1.223115,-2.779873,2023-01-01T04:31:31
-1.223115,-2.779873,2023-01-01T04:31:32
-1.223115,-2.779873,2023-01-01T04:31:33
-1.223115,-2.779873,2023-01-01T04:31:34
-1.223115,-2.779873,2023-01-01T04:31:35
-1.223115,-2.779873,2023-01-01T04:31:36
-1.223115,-2.779873,2023-01-01T04:31:37
-1.223115,-2.779873,2023-01-01T04:31:38
-1.223115,-2.779873,2023-01-01T04:31:39
-1.223115,-2.779873,2023-01-01T04:31:40
-1.223115,-2.779873,2023-01-01T04:31:41
-1.111923,-2.891068,2023-01-01T04:31:42
-1.111923,-2.891068,2023-01-01T04:31:43
-1.111923,-2.891068,2023-01-01T04:31:44
-1.111923,-2.891068,2023-01-01T04:31:45
-1.111923,-2.891068,2023-01-01T04:31:46
-1.111923,-2.891068,2023-01-01T04:31:47
-1.111923,-2.891068,2023-01-01T04:31:48
-1.111923,-2.891068,2023-01-01T04:31:49
-1.111923,-2.891068,2023-01-01T04:31:50
-1.111923,-2.891068,2023-01-01T04:31:51
-1.111923,-2.891068,2023-01-01T04:31:52
-1.111923,-3.002263,2023-01-01T04:31:53
-1.000731,-3.002263,2023-01-01T04:31:54
-1.000731,-3.002263,2023-01-01T04:31:55
-1.000731,-3.002263,2023-01-01T04:31:56
-1.000731,-3.002263,2023-01-01T04:31:57
-1.000731,-3.002263,2023-01-01T04:31:58
-1.000731,-3.002263,2023-01-01T04:31:59
-1.000731,-3.002263,2023-01-01T04:32:00
-1.000731,-3.002263,2023-01-01T04:32:01
-1.000731,-3.002263,2023-01-01T04:32:02
-1.000731,-3.002263,2023-01-01T04:32:03
-1.000731,-3.002263,2023-01-01T04:32:04
-0.889538,-3.002263,2023-01-01T04:32:05
-0.889538,-3.002263,2023-01-01T04:32:06
-0.889538,-3.113458,2023-01-01T04:32:07
-0.889538,-3.113458,2023-01-01T04:32:08
-0.889538,-3.113458,2023-01-01T04:32:09
-0.889538,-3.113458,2023-01-01T04:32:10
-0.889538,-3.113458,2023-01-01T04:32:11
-0.889538,-3.113458,2023-01-01T04:32:12
-0.889538,-3.113458,2023-01-01T04:32:13
-0.889538,-3.113458,2023-01-01T04:32:14
-0.889538,-3.113458,2023-01-01T04:32:15
-0.889538,-3.113458,2023-01-01T04:32:16
-0.889538,-3.113458,2023-01-01T04:32:17
-0.778346,-3.113458,2023-01-01T04:32:18
-0.778346,-3.113458,2023-01-01T04:32:19
-0.778346,-3.113458,2023-01-01T04:32:20
-0.778346,-3.113458,2023-01-01T04:32:21
-0.778346,-3.113458,2023-01-01T04:32:22
-0.778346,-3.113458,2023-01-01T04:32:23
-0.778346,-3.113458,2023-01-01T04:32:24
-0.778346,-3.113458,2023-01-01T04:32:25
-0.778346,-3.113458,2023-01-01T04:32:26
-0.778346,-3.113458,2023-01-01T04:32:27
-0.778346,-3.002263,2023-01-01T04:32:28
-0.778346,-3.002263,2023-01-01T04:32:29
-0.778346,-3.002263,2023-01-01T04:32:30
-0.778346,-3.002263,2023-01-01T04:32:31
-0.778346,-3.002263,2023-01-01T04:32:32
-0.778346,-3.002263,2023-01-01T04:32:33
-0.778346,-3.002263,2023-01-01T04:32:34
-0.778346,-2.891068,2023-01-01T04:32:35
-0.778346,-2.891068,2023-01-01T04:32:36
-0.778346,-2.891068,2023-01-01T04:32:37
-0.778346,-2.891068,2023-01-01T04:32:38
-0.667154,-2.891068,2023-01-01T04:32:39
-0.667154,-2.891068,2023-01-01T04:32:40
-0.667154,-2.891068,2023-01-01T04:32:41
-0.667154,-2.891068,2023-01-01T04:32:42
-0.667154,-2.891068,2023-01-01T04:32:43
-0.667154,-2.779873,2023-01-01T04:32:44
-0.667154,-2.779873,2023-01-01T04:32:45
-0.667154,-2.779873,2023-01-01T04:32:46
-0.667154,-2.779873,2023-01-01T04:32:47
-0.667154,-2.779873,2023-01-01T04:32:48
-0.667154,-2.779873,2023-01-01T04:32:49
-0.667154,-2.779873,2023-01-01T04:32:50
-0.667154,-2.779873,2023-01-01T04:32:51
-0.667154,-2.779873,2023-01-01T04:32:52
-0.667154,-2.668678,2023-01-01T04:32:53
-0.667154,-2.668678,2023-01-01T04:32:54
-0.667154,-2.668678,2023-01-01T04:32:55
-0.667154,-2.668678,2023-01-01T04:32:56
-0.667154,-2.668678,2023-01-01T04:32:57
-0.667154,-2.668678,2023-01-01T04:32:58
-0.667154,-2.668678,2023-01-01T04:32:59
-0.667154,-2.668678,2023-01-01T04:33:00
-0.667154,-2.668678,2023-01-01T04:33:01
-0.667154,-2.668678,2023-01-01T04:33:02
-0.667154,-2.668678,2023-01-01T04:33:03
-0.667154,-2.668678,2023-01-01T04:33:04
-0.667154,-2.668678,2023-01-01T04:33:05
-0.667154,-2.668678,2023-01-01T04:33:06
-0.667154,-2.668678,2023-01-01T04:33:07
-0.667154,-2.557483,2023-01-01T04:33:08
-0.667154,-2.557483,2023-01-01T04:33:09
-0.667154,-2.557483,2023-01-01T04:33:10
-0.667154,-2.557483,2023-01-01T04:33:11
-0.555961,-2.557483,2023-01-01T04:33:12
-0.555961,-2.557483,2023-01-01T04:33:13
-0.555961,-2.557483,2023-01-01T04:33:14
-0.555961,-2.557483,2023-01-01T04:33:15
-0.555961,-2.557483,2023-01-01T04:33:16
-0.555961,-2.557483,2023-01-01T04:33:17
-0.555961,-2.557483,2023-01-01T04:33:18
-0.555961,-2.557483,2023-01-01T04:33:19
-0.555961,-2.557483,2023-01-01T04:33:20
-0.555961,-2.557483,2023-01-01T04:33:21
-0.555961,-2.557483,2023-01-01T04:33:22
-0.555961,-2.557483,2023-01-01T04:33:23
-0.555961,-2.557483,2023-01-01T04:33:24
-0.555961,-2.557483,2023-01-01T04:33:25
-0.555961,-2.557483,2023-01-01T04:33:26
-0.555961,-2.557483,2023-01-01T04:33:27
-0.555961,-2.557483,2023-01-01T04:33:28
-0.555961,-2.557483,2023-01-01T04:33:29
-0.555961,-2.557483,2023-01-01T04:33:30
-0.555961,-2.557483,2023-01-01T04:33:31
-0.555961,-2.557483,2023-01-01T04:33:32
-0.555961,-2.557483,2023-01-01T04:33:33
-0.555961,-2.557483,2023-01-01T04:33:34
-0.555961,-2.557483,2023-01-01T04:33:35
-0.444769,-2.557483,2023-01-01T04:33:36
-0.444769,-2.557483,2023-01-01T04:33:37
-0.444769,-2.557483,2023-01-01T04:33:38
-0.444769,-2.557483,2023-01-01T04:33:39
-0.444769,-2.668678,2023-01-01T04:33:40
-0.444769,-2.668678,2023-01-01T04:33:41
-0.444769,-2.668678,2023-01-01T04:33:42
-0.444769,-2.668678,2023-01-01T04:33:43
-0.444769,-2.668678,2023-01-01T04:33:44
-0.444769,-2.668678,2023-01-01T04:33:45
-0.444769,-2.668678,2023-01-01T04:33:46
-0.444769,-2.668678,2023-01-01T04:33:47
-0.444769,-2.668678,2023-01-01T04:33:48
-0.444769,-2.668678,2023-01-01T04:33:49
-0.444769,-2.668678,2023-01-01T04:33:50
-0.333577,-2.779873,2023-01-01T04:33:51
-0.333577,-2.779873,2023-01-01T04:33:52
-0.333577,-2.779873,2023-01-01T04:33:53
-0.333577,-2.779873,2023-01-01T04:33:54
-0.333577,-2.779873,2023-01-01T04:33:55
-0.333577,-2.779873,2023-01-01T04:33:56
-0.333577,-2.779873,2023-01-01T04:33:57
-0.333577,-2.779873,2023-01-01T04:33:58
-0.333577,-2.779873,2023-01-01T04:33:59
-0.333577,-2.779873,2023-01-01T04:34:00
-0.333577,-2.779873,2023-01-01T04:34:01
-0.333577,-2.779873,2023-01-01T04:34:02
-0.333577,-2.779873,2023-01-01T04:34:03
-0.333577,-2.779873,2023-01-01T04:34:04
-0.333577,-2.779873,2023-01-01T04:34:05
-0.333577,-2.779873,2023-01-01T04:34:06
-0.222385,-2.779873,2023-01-01T04:34:07
-0.222385,-2.779873,2023-01-01T04:34:08
-0.222385,-2.779873,2023-01-01T04:34:09
-0.222385,-2.779873,2023-01-01T04:34:10
-0.222385,-2.779873,2023-01-01T04:34:11
-0.222385,-2.891068,2023-01-01T04:34:12
-0.222385,-2.891068,2023-01-01T04:34:13
-0.222385,-2.891068,2023-01-01T04:34:14
-0.222385,-2.891068,2023-01-01T04:34:15
-0.222385,-2.891068,2023-01-01T04:34:16
-0.222385,-2.891068,2023-01-01T04:34:17
-0.222385,-2.891068,2023-01-01T04:34:18
-0.222385,-2.891068,2023-01-01T04:34:19
-0.222385,-2.891068,2023-01-01T04:34:20
-0.222385,-2.891068,2023-01-01T04:34:21
-0.111192,-2.891068,2023-01-01T04:34:22
-0.111192,-2.891068,2023-01-01T04:34:23
-0.111192,-2.891068,2023-01-01T04:34:24
-0.111192,-2.891068,2023-01-01T04:34:25
-0.111192,-2.891068,2023-01-01T04:34:26
-0.111192,-2.891068,2023-01-01T04:34:27
-0.111192,-2.891068,2023-01-01T04:34:28
-0.111192,-2.891068,2023-01-01T04:34:29
-0.111192,-2.891068,2023-01-01T04:34:30
-0.111192,-2.891068,2023-01-01T04:34:31
-0.111192,-2.891068,2023-01-01T04:34:32
-0.111192,-2.891068,2023-01-01T04:34:33
-0.111192,-2.891068,2023-01-01T04:34:34
-0.111192,-3.002263,2023-01-01T04:34:35
-0.111192,-3.002263,2023-01-01T04:34:36
-0.111192,-3.002263,2023-01-01T04:34:37
-0.111192,-3.002263,2023-01-01T04:34:38
-0.111192,-3.002263,2023-01-01T04:34:39
-0.111192,-3.002263,2023-01-01T04:34:40
-0.111192,-3.002263,2023-01-01T04:34:41
-0.111192,-3.002263,2023-01-01T04:34:42
0.000000,-3.002263,2023-01-01T04:34:43
0.000000,-3.002263,2023-01-01T04:34:44
0.000000,-3.002263,2023-01-01T04:34:45
0.000000,-3.002263,2023-01-01T04:34:46
0.000000,-3.002263,2023-01-01T04:34:47
0.000000,-3.002263,2023-01-01T04:34:48
0.000000,-3.002263,2023-01-01T04:34:49
0.000000,-3.002263,2023-01-01T04:34:50
0.000000,-3.002263,2023-01-01T04:34:51
0.000000,-3.002263,2023-01-01T04:34:52
0.000000,-3.002263,2023-01-01T04:34:53
0.000000,-3.002263,2023-01-01T04:34:54
0.000000,-3.002263,2023-01-01T04:34:55
0.000000,-3.002263,2023-01-01T04:34:56
0.000000,-3.002263,2023-01-01T04:34:57
0.000000,-3.002263,2023-01-01T04:34:58
0.000000,-3.002263,2023-01-01T04:34:59
0.000000,-3.002263,2023-01-01T04:35:00
0.000000,-3.002263,2023-01-01T04:35:01
0.000000,-3.002263,2023-01-01T04:35:02
0.000000,-3.002263,2023-01-01T04:35:03
0.000000,-3.002263,2023-01-01T04:35:04
0.000000,-3.002263,2023-01-01T04:35:05
0.000000,-3.002263,2023-01-01T04:35:06
0.000000,-3.002263,2023-01-01T04:35:07
0.000000,-3.002263,2023-01-01T04:35:08
0.000000,-3.002263,2023-01-01T04:35:09
0.000000,-3.002263,2023-01-01T04:35:10
0.000000,-3.002263,2023-01-01T04:35:11
0.000000,-3.002263,2023-01-01T04:35:12
0.000000,-3.002263,2023-01-01T04:35:13
0.000000,-3.002263,2023-01-01T04:35:14
0.000000,-3.002263,2023-01-01T04:35:15
0.000000,-3.002263,2023-01-01T04:35:16
0.000000,-3.002263,2023-01-01T04:35:17
0.000000,-3.002263,2023-01-01T04:35:18
0.000000,-3.002263,2023-01-01T04:35:19
0.000000,-3.002263,2023-01-01T04:35:20
0.000000,-3.002263,2023-01-01T04:35:21
0.000000,-3.002263,2023-01-01T04:35:22
0.000000,-3.002263,2023-01-01T04:35:23
0.000000,-3.002263,2023-01-01T04:35:24
0.000000,-3.002263,2023-01-01T04:35:25
0.000000,-3.002263,2023-01-01T04:35:26
0.000000,-3.002263,2023-01-01T04:35:27
0.000000,-3.002263,2023-01-01T04:35:28
0.000000,-3.002263,2023-01-01T04:35:29
0.000000,-3.002263,2023-01-01T04:35:30
0.000000,-3.002263,2023-01-01T04:35:31
0.000000,-3.002263,2023-01-01T04:35:32
0.000000,-3.002263,2023-01-01T04:35:33
0.000000,-3.002263,2023-01-01T04:35:34
0.000000,-3.002263,2023-01-01T04:35:35
0.000000,-3.002263,2023-01-01T04:35:36
0.000000,-3.002263,2023-01-01T04:35:37
0.000000,-3.002263,2023-01-01T04:35:38
0.000000,-3.002263,2023-01-01T04:35:39
0.000000,-3.002263,2023-01-01T04:35:40
0.000000,-3.002263,2023-01-01T04:35:41
0.000000,-3.002263,2023-01-01T04:35:42
0.000000,-3.113458,2023-01-01T04:35:43
0.000000,-3.113458,2023-01-01T04:35:44
0.000000,-3.113458,2023-01-01T04:35:45
0.000000,-3.113458,2023-01-01T04:35:46
0.000000,-3.113458,2023-01-01T04:35:47
0.000000,-3.113458,2023-01-01T04:35:48
0.000000,-3.113458,2023-01-01T04:35:49
0.000000,-3.113458,2023-01-01T04:35:50
0.000000,-3.113458,2023-01-01T04:35:51
0.000000,-3.113458,2023-01-01T04:35:52
0.000000,-3.113458,2023-01-01T04:35:53
0.000000,-3.113458,2023-01-01T04:35:54
0.000000,-3.113458,2023-01-01T04:35:55
0.000000,-3.113458,2023-01-01T04:35:56
0.000000,-3.113458,2023-01-01T04:35:57
0.000000,-3.113458,2023-01-01T04:35:58
0.000000,-3.002263,2023-01-01T04:35:59
0.000000,-3.002263,2023-01-01T04:36:00
0.000000,-3.002263,2023-01-01T04:36:01
0.000000,-3.002263,2023-01-01T04:36:02
0.000000,-3.002263,2023-01-01T04:36:03
0.000000,-3.002263,2023-01-01T04:36:04
0.111192,-3.002263,2023-01-01T04:36:05
0.111192,-3.002263,2023-01-01T04:36:06
0.111192,-3.002263,2023-01-01T04:36:07
0.111192,-3.002263,2023-01-01T04:36:08
0.111192,-3.002263,2023-01-01T04:36:09
0.111192,-3.002263,2023-01-01T04:36:10
0.111192,-3.002263,2023-01-01T04:36:11
0.111192,-3.002263,2023-01-01T04:36:12
0.111192,-3.002263,2023-01-01T04:36:13
0.111192,-3.002263,2023-01-01T04:36:14
0.111192,-3.002263,2023-01-01T04:36:15
0.111192,-3.002263,2023-01-01T04:36:16
0.111192,-3.002263,2023-01-01T04:36:17
0.111192,-3.002263,2023-01-01T04:36:18
0.111192,-3.002263,2023-01-01T04:36:19
0.111192,-3.002263,2023-01-01T04:36:20
0.111192,-3.002263,2023-01-01T04:36:21
0.111192,-3.002263,2023-01-01T04:36:22
0.111192,-3.002263,2023-01-01T04:36:23
0.111192,-3.002263,2023-01-01T04:36:24
0.111192,-3.002263,2023-01-01T04:36:25
0.111192,-3.002263,2023-01-01T04:36:26
0.111192,-3.002263,2023-01-01T04:36:27
0.111192,-3.002263,2023-01-01T04:36:28
0.111192,-3.002263,2023-01-01T04:36:29
0.111192,-2.891068,2023-01-01T04:36:30
0.111192,-2.891068,2023-01-01T04:36:31
0.111192,-2.891068,2023-01-01T04:36:32
0.111192,-2.891068,2023-01-01T04:36:33
0.111192,-2.891068,2023-01-01T04:36:34
0.111192,-2.891068,2023-01-01T04:36:35
0.111192,-2.891068,2023-01-01T04:36:36
0.111192,-2.891068,2023-01-01T04:36:37
0.111192,-2.891068,2023-01-01T04:36:38
0.111192,-2.891068,2023-01-01T04:36:39
0.111192,-2.891068,2023-01-01T04:36:40
0.111192,-2.891068,2023-01-01T04:36:41
0.111192,-2.891068,2023-01-01T04:36:42
0.111192,-2.891068,2023-01-01T04:36:43
0.111192,-2.891068,2023-01-01T04:36:44
0.111192,-2.891068,2023-01-01T04:36:45
0.111192,-2.891068,2023-01-01T04:36:46
0.111192,-2.891068,2023-01-01T04:36:47
0.111192,-2.891068,2023-01-01T04:36:48
0.111192,-2.891068,2023-01-01T04:36:49
0.111192,-2.891068,2023-01-01T04:36:50
0.111192,-2.891068,2023-01-01T04:36:51
0.111192,-2.891068,2023-01-01T04:36:52
0.111192,-2.891068,2023-01-01T04:36:53
0.111192,-2.891068,2023-01-01T04:36:54
0.111192,-2.779873,2023-01-01T04:36:55
0.111192,-2.779873,2023-01-01T04:36:56
0.111192,-2.779873,2023-01-01T04:36:57
0.111192,-2.779873,2023-01-01T04:36:58
0.111192,-2.779873,2023-01-01T04:36:59
0.111192,-2.779873,2023-01-01T04:37:00
0.111192,-2.779873,2023-01-01T04:37:01
0.111192,-2.779873,2023-01-01T04:37:02
0.111192,-2.779873,2023-01-01T04:37:03
0.111192,-2.779873,2023-01-01T04:37:04
0.111192,-2.779873,2023-01-01T04:37:05
0.222385,-2.779873,2023-01-01T04:37:06
0.222385,-2.779873,2023-01-01T04:37:07
0.222385,-2.779873,2023-01-01T04:37:08
0.222385,-2.779873,2023-01-01T04:37:09
0.222385,-2.779873,2023-01-01T04:37:10
0.222385,-2.779873,2023-01-01T04:37:11
0.222385,-2.779873,2023-01-01T04:37:12
0.222385,-2.779873,2023-01-01T04:37:13
0.222385,-2.779873,2023-01-01T04:37:14
0.222385,-2.779873,2023-01-01T04:37:15
0.222385,-2.779873,2023-01-01T04:37:16
0.222385,-2.779873,2023-01-01T04:37:17
0.222385,-2.779873,2023-01-01T04:37:18
0.222385,-2.668678,2023-01-01T04:37:19
0.222385,-2.668678,2023-01-01T04:37:20
0.222385,-2.668678,2023-01-01T04:37:21
0.222385,-2.668678,2023-01-01T04:37:22
0.222385,-2.668678,2023-01-01T04:37:23
0.222385,-2.668678,2023-01-01T04:37:24
0.222385,-2.668678,2023-01-01T04:37:25
0.222385,-2.668678,2023-01-01T04:37:26
0.222385,-2.668678,2023-01-01T04:37:27
0.222385,-2.668678,2023-01-01T04:37:28
0.222385,-2.668678,2023-01-01T04:37:29
0.222385,-2.668678,2023-01-01T04:37:30
0.222385,-2.557483,2023-01-01T04:37:31
0.222385,-2.557483,2023-01-01T04:37:32
0.222385,-2.557483,2023-01-01T04:37:33
0.222385,-2.557483,2023-01-01T04:37:34
0.222385,-2.557483,2023-01-01T04:37:35
0.222385,-2.557483,2023-01-01T04:37:36
0.222385,-2.557483,2023-01-01T04:37:37
0.333577,-2.557483,2023-01-01T04:37:38
0.333577,-2.557483,2023-01-01T04:37:39
0.333577,-2.446288,2023-01-01T04:37:40
0.333577,-2.446288,2023-01-01T04:37:41
0.333577,-2.446288,2023-01-01T04:37:42
0.333577,-2.446288,2023-01-01T04:37:43
0.333577,-2.446288,2023-01-01T04:37:44
0.333577,-2.446288,2023-01-01T04:37:45
0.333577,-2.446288,2023-01-01T04:37:46
0.333577,-2.446288,2023-01-01T04:37:47
0.333577,-2.446288,2023-01-01T04:37:48
0.333577,-2.446288,2023-01-01T04:37:49
0.333577,-2.335093,2023-01-01T04:37:50
0.333577,-2.335093,2023-01-01T04:37:51
0.333577,-2.335093,2023-01-01T04:37:52
0.333577,-2.335093,2023-01-01T04:37:53
0.333577,-2.335093,2023-01-01T04:37:54
0.333577,-2.335093,2023-01-01T04:37:55
0.333577,-2.335093,2023-01-01T04:37:56
0.333577,-2.335093,2023-01-01T04:37:57
0.333577,-2.335093,2023-01-01T04:37:58
0.333577,-2.335093,2023-01-01T04:37:59
0.333577,-2.335093,2023-01-01T04:38:00
0.444769,-2.223899,2023-01-01T04:38:01
0.444769,-2.223899,2023-01-01T04:38:02
0.444769,-2.223899,2023-01-01T04:38:03
0.444769,-2.223899,2023-01-01T04:38:04
0.444769,-2.223899,2023-01-01T04:38:05
0.444769,-2.223899,2023-01-01T04:38:06
0.444769,-2.223899,2023-01-01T04:38:07
0.444769,-2.223899,2023-01-01T04:38:08
0.444769,-2.223899,2023-01-01T04:38:09
0.444769,-2.223899,2023-01-01T04:38:10
0.444769,-2.112704,2023-01-01T04:38:11
0.444769,-2.112704,2023-01-01T04:38:12
0.444769,-2.112704,2023-01-01T04:38:13
0.444769,-2.112704,2023-01-01T04:38:14
0.444769,-2.112704,2023-01-01T04:38:15
0.444769,-2.112704,2023-01-01T04:38:16
0.444769,-2.112704,2023-01-01T04:38:17
0.444769,-2.112704,2023-01-01T04:38:18
0.444769,-2.112704,2023-01-01T04:38:19
0.444769,-2.112704,2023-01-01T04:38:20
0.444769,-2.112704,2023-01-01T04:38:21
0.444769,-2.001509,2023-01-01T04:38:22
0.444769,-2.001509,2023-01-01T04:38:23
0.444769,-2.001509,2023-01-01T04:38:24
0.444769,-2.001509,2023-01-01T04:38:25
0.444769,-2.001509,2023-01-01T04:38:26
0.555961,-2.001509,2023-01-01T04:38:27
0.555961,-2.001509,2023-01-01T04:38:28
0.555961,-2.001509,2023-01-01T04:38:29
0.555961,-2.001509,2023-01-01T04:38:30
0.555961,-2.001509,2023-01-01T04:38:31
0.555961,-2.001509,2023-01-01T04:38:32
0.555961,-2.001509,2023-01-01T04:38:33
0.555961,-2.001509,2023-01-01T04:38:34
0.555961,-2.001509,2023-01-01T04:38:35
0.555961,-2.001509,2023-01-01T04:38:36
0.555961,-1.890314,2023-01-01T04:38:37
0.555961,-1.890314,2023-01-01T04:38:38
0.555961,-1.890314,2023-01-01T04:38:39
0.555961,-1.890314,2023-01-01T04:38:40
0.555961,-1.890314,2023-01-01T04:38:41
0.555961,-1.890314,2023-01-01T04:38:42
0.555961,-1.890314,2023-01-01T04:38:43
0.555961,-1.890314,2023-01-01T04:38:44
0.555961,-1.890314,2023-01-01T04:38:45
0.555961,-1.890314,2023-01-01T04:38:46
0.555961,-1.890314,2023-01-01T04:38:47
0.555961,-1.890314,2023-01-01T04:38:48
0.555961,-1.890314,2023-01-01T04:38:49
0.555961,-1.890314,2023-01-01T04:38:50
0.555961,-1.890314,2023-01-01T04:38:51
0.555961,-1.890314,2023-01-01T04:38:52
0.667154,-1.890314,2023-01-01T04:38:53
0.667154,-1.890314,2023-01-01T04:38:54
0.667154,-1.890314,2023-01-01T04:38:55
0.667154,-1.890314,2023-01-01T04:38:56
0.667154,-1.890314,2023-01-01T04:38:57
0.667154,-1.779119,2023-01-01T04:38:58
0.667154,-1.779119,2023-01-01T04:38:59
0.667154,-1.779119,2023-01-01T04:39:00
0.667154,-1.779119,2023-01-01T04:39:01
0.667154,-1.779119,2023-01-01T04:39:02
0.667154,-1.779119,2023-01-01T04:39:03
0.667154,-1.779119,2023-01-01T04:39:04
0.667154,-1.779119,2023-01-01T04:39:05
0.667154,-1.779119,2023-01-01T04:39:06
0.667154,-1.779119,2023-01-01T04:39:07
0.667154,-1.779119,2023-01-01T04:39:08
0.667154,-1.779119,2023-01-01T04:39:09
0.667154,-1.779119,2023-01-01T04:39:10
0.667154,-1.779119,2023-01-01T04:39:11
0.667154,-1.779119,2023-01-01T04:39:12
0.667154,-1.779119,2023-01-01T04:39:13
0.667154,-1.779119,2023-01-01T04:39:14
0.667154,-1.779119,2023-01-01T04:39:15
0.667154,-1.779119,2023-01-01T04:39:16
0.667154,-1.779119,2023-01-01T04:39:17
0.667154,-1.779119,2023-01-01T04:39:18
0.667154,-1.779119,2023-01-01T04:39:19
0.667154,-1.779119,2023-01-01T04:39:20
0.667154,-1.779119,2023-01-01T04:39:21
0.667154,-1.779119,2023-01-01T04:39:22
0.667154,-1.779119,2023-01-01T04:39:23
0.667154,-1.779119,2023-01-01T04:39:24
0.667154,-1.779119,2023-01-01T04:39:25
0.667154,-1.779119,2023-01-01T04:39:26
0.667154,-1.779119,2023-01-01T04:39:27
0.667154,-1.779119,2023-01-01T04:39:28
0.667154,-1.779119,2023-01-01T04:39:29
0.667154,-1.779119,2023-01-01T04:39:30
0.667154,-1.779119,2023-01-01T04:39:31
0.667154,-1.779119,2023-01-01T04:39:32
0.667154,-1.779119,2023-01-01T04:39:33
0.667154,-1.779119,2023-01-01T04:39:34
0.667154,-1.779119,2023-01-01T04:39:35
0.667154,-1.779119,2023-01-01T04:39:36
0.667154,-1.779119,2023-01-01T04:39:37
0.667154,-1.779119,2023-01-01T04:39:38
0.667154,-1.667924,2023-01-01T04:39:39
0.667154,-1.667924,2023-01-01T04:39:40
0.667154,-1.667924,2023-01-01T04:39:41
0.667154,-1.667924,2023-01-01T04:39:42
0.667154,-1.667924,2023-01-01T04:39:43
0.667154,-1.667924,2023-01-01T04:39:44
0.667154,-1.667924,2023-01-01T04:39:45
0.778346,-1.667924,2023-01-01T04:39:46
0.778346,-1.667924,2023-01-01T04:39:47
0.778346,-1.667924,2023-01-01T04:39:48
0.778346,-1.667924,2023-01-01T04:39:49
0.778346,-1.667924,2023-01-01T04:39:50
0.778346,-1.667924,2023-01-01T04:39:51
0.778346,-1.667924,2023-01-01T04:39:52
0.778346,-1.667924,2023-01-01T04:39:53
0.778346,-1.667924,2023-01-01T04:39:54
0.778346,-1.667924,2023-01-01T04:39:55
0.778346,-1.667924,2023-01-01T04:39:56
0.778346,-1.667924,2023-01-01T04:39:57
0.778346,-1.667924,2023-01-01T04:39:58
0.778346,-1.667924,2023-01-01T04:39:59
0.778346,-1.667924,2023-01-01T04:40:00
0.778346,-1.667924,2023-01-01T04:40:01
0.778346,-1.667924,2023-01-01T04:40:02
0.778346,-1.667924,2023-01-01T04:40:03
0.778346,-1.667924,2023-01-01T04:40:04
0.778346,-1.667924,2023-01-01T04:40:05
0.778346,-1.667924,2023-01-01T04:40:06
0.778346,-1.667924,2023-01-01T04:40:07
0.778346,-1.667924,2023-01-01T04:40:08
0.778346,-1.667924,2023-01-01T04:40:09
0.778346,-1.667924,2023-01-01T04:40:10
0.778346,-1.667924,2023-01-01T04:40:11
0.778346,-1.667924,2023-01-01T04:40:12
0.778346,-1.667924,2023-01-01T04:40:13
0.778346,-1.667924,2023-01-01T04:40:14
0.778346,-1.667924,2023-01-01T04:40:15
0.778346,-1.667924,2023-01-01T04:40:16
0.778346,-1.667924,2023-01-01T04:40:17
0.778346,-1.667924,2023-01-01T04:40:18
0.778346,-1.667924,2023-01-01T04:40:19
0.778346,-1.667924,2023-01-01T04:40:20
0.778346,-1.667924,2023-01-01T04:40:21
0.778346,-1.667924,2023-01-01T04:40:22
0.778346,-1.667924,2023-01-01T04:40:23
0.778346,-1.556729,2023-01-01T04:40:24
0.778346,-1.556729,2023-01-01T04:40:25
0.778346,-1.556729,2023-01-01T04:40:26
0.778346,-1.556729,2023-01-01T04:40:27
0.778346,-1.556729,2023-01-01T04:40:28
0.778346,-1.556729,2023-01-01T04:40:29
0.778346,-1.556729,2023-01-01T04:40:30
0.778346,-1.556729,2023-01-01T04:40:31
0.778346,-1.556729,2023-01-01T04:40:32
0.778346,-1.556729,2023-01-01T04:40:33
0.778346,-1.556729,2023-01-01T04:40:34
0.778346,-1.556729,2023-01-01T04:40:35
0.778346,-1.556729,2023-01-01T04:40:36
0.778346,-1.556729,2023-01-01T04:40:37
0.778346,-1.556729,2023-01-01T04:40:38
0.778346,-1.556729,2023-01-01T04:40:39
0.778346,-1.556729,2023-01-01T04:40:40
0.778346,-1.556729,2023-01-01T04:40:41
0.778346,-1.556729,2023-01-01T04:40:42
0.778346,-1.556729,2023-01-01T04:40:43
0.778346,-1.556729,2023-01-01T04:40:44
0.778346,-1.556729,2023-01-01T04:40:45
0.778346,-1.556729,2023-01-01T04:40:46
0.778346,-1.556729,2023-01-01T04:40:47
0.778346,-1.556729,2023-01-01T04:40:48
0.778346,-1.556729,2023-01-01T04:40:49
0.778346,-1.556729,2023-01-01T04:40:50
0.778346,-1.556729,2023-01-01T04:40:51
0.778346,-1.556729,2023-01-01T04:40:52
0.778346,-1.556729,2023-01-01T04:40:53
0.778346,-1.556729,2023-01-01T04:40:54
0.778346,-1.556729,2023-01-01T04:40:55
0.778346,-1.556729,2023-01-01T04:40:56
0.778346,-1.556729,2023-01-01T04:40:57
0.778346,-1.556729,2023-01-01T04:40:58
0.778346,-1.556729,2023-01-01T04:40:59
0.778346,-1.556729,2023-01-01T04:41:00
0.778346,-1.556729,2023-01-01T04:41:01
0.778346,-1.556729,2023-01-01T04:41:02
0.778346,-1.556729,2023-01-01T04:41:03
0.778346,-1.556729,2023-01-01T04:41:04
0.778346,-1.556729,2023-01-01T04:41:05
0.778346,-1.556729,2023-01-01T04:41:06
0.778346,-1.556729,2023-01-01T04:41:07
0.778346,-1.556729,2023-01-01T04:41:08
0.778346,-1.556729,2023-01-01T04:41:09
0.778346,-1.556729,2023-01-01T04:41:10
0.778346,-1.556729,2023-01-01T04:41:11
0.778346,-1.556729,2023-01-01T04:41:12
0.778346,-1.556729,2023-01-01T04:41:13
0.778346,-1.445534,2023-01-01T04:41:14
0.778346,-1.445534,2023-01-01T04:41:15
0.778346,-1.445534,2023-01-01T04:41:16
0.778346,-1.445534,2023-01-01T04:41:17
0.778346,-1.445534,2023-01-01T04:41:18
0.778346,-1.445534,2023-01-01T04:41:19
0.778346,-1.445534,2023-01-01T04:41:20
0.778346,-1.445534,2023-01-01T04:41:21
0.778346,-1.445534,2023-01-01T04:41:22
0.778346,-1.445534,2023-01-01T04:41:23
0.778346,-1.445534,2023-01-01T04:41:24
0.778346,-1.445534,2023-01-01T04:41:25
0.778346,-1.445534,2023-01-01T04:41:26
0.778346,-1.445534,2023-01-01T04:41:27
0.778346,-1.445534,2023-01-01T04:41:28
0.778346,-1.445534,2023-01-01T04:41:29
0.778346,-1.445534,2023-01-01T04:41:30
0.778346,-1.445534,2023-01-01T04:41:31
0.778346,-1.445534,2023-01-01T04:41:32
0.778346,-1.445534,2023-01-01T04:41:33
0.778346,-1.445534,2023-01-01T04:41:34
0.778346,-1.445534,2023-01-01T04:41:35
0.778346,-1.445534,2023-01-01T04:41:36
0.778346,-1.445534,2023-01-01T04:41:37
0.778346,-1.445534,2023-01-01T04:41:38
0.778346,-1.445534,2023-01-01T04:41:39
0.778346,-1.445534,2023-01-01T04:41:40
0.778346,-1.445534,2023-01-01T04:41:41
0.778346,-1.445534,2023-01-01T04:41:42
0.778346,-1.445534,2023-01-01T04:41:43
0.778346,-1.445534,2023-01-01T04:41:44
0.778346,-1.445534,2023-01-01T04:41:45
0.778346,-1.445534,2023-01-01T04:41:46
0.778346,-1.445534,2023-01-01T04:41:47
0.778346,-1.445534,2023-01-01T04:41:48
0.778346,-1.445534,2023-01-01T04:41:49
0.778346,-1.445534,2023-01-01T04:41:50
0.778346,-1.445534,2023-01-01T04:41:51
0.778346,-1.445534,2023-01-01T04:41:52
0.778346,-1.445534,2023-01-01T04:41:53
0.778346,-1.445534,2023-01-01T04:41:54
0.778346,-1.445534,2023-01-01T04:41:55
0.778346,-1.445534,2023-01-01T04:41:56
0.778346,-1.445534,2023-01-01T04:41:57
0.778346,-1.445534,2023-01-01T04:41:58
0.778346,-1.445534,2023-01-01T04:41:59
0.778346,-1.445534,2023-01-01T04:42:00
0.778346,-1.334339,2023-01-01T04:42:01
0.778346,-1.334339,2023-01-01T04:42:02
0.778346,-1.334339,2023-01-01T04:42:03
0.778346,-1.334339,2023-01-01T04:42:04
0.778346,-1.334339,2023-01-01T04:42:05
0.778346,-1.334339,2023-01-01T04:42:06
0.778346,-1.334339,2023-01-01T04:42:07
0.778346,-1.334339,2023-01-01T04:42:08
0.778346,-1.334339,2023-01-01T04:42:09
0.778346,-1.334339,2023-01-01T04:42:10
0.778346,-1.334339,2023-01-01T04:42:11
0.778346,-1.334339,2023-01-01T04:42:12
0.778346,-1.334339,2023-01-01T04:42:13
0.778346,-1.334339,2023-01-01T04:42:14
0.778346,-1.334339,2023-01-01T04:42:15
0.778346,-1.334339,2023-01-01T04:42:16
0.778346,-1.334339,2023-01-01T04:42:17
0.778346,-1.334339,2023-01-01T04:42:18
0.778346,-1.334339,2023-01-01T04:42:19
0.778346,-1.334339,2023-01-01T04:42:20
0.778346,-1.334339,2023-01-01T04:42:21
0.778346,-1.334339,2023-01-01T04:42:22
0.778346,-1.334339,2023-01-01T04:42:23
0.778346,-1.334339,2023-01-01T04:42:24
0.778346,-1.334339,2023-01-01T04:42:25
0.778346,-1.334339,2023-01-01T04:42:26
0.778346,-1.334339,2023-01-01T04:42:27
0.778346,-1.334339,2023-01-01T04:42:28
0.778346,-1.334339,2023-01-01T04:42:29
0.778346,-1.334339,2023-01-01T04:42:30
0.778346,-1.334339,2023-01-01T04:42:31
0.778346,-1.334339,2023-01-01T04:42:32
0.778346,-1.334339,2023-01-01T04:42:33
0.778346,-1.334339,2023-01-01T04:42:34
0.778346,-1.334339,2023-01-01T04:42:35
0.778346,-1.334339,2023-01-01T04:42:36
0.778346,-1.334339,2023-01-01T04:42:37
0.778346,-1.334339,2023-01-01T04:42:38
0.778346,-1.334339,2023-01-01T04:42:39
0.778346,-1.334339,2023-01-01T04:42:40
0.778346,-1.334339,2023-01-01T04:42:41
0.778346,-1.334339,2023-01-01T04:42:42
0.778346,-1.334339,2023-01-01T04:42:43
0.889538,-1.334339,2023-01-01T04:42:44
0.889538,-1.334339,2023-01-01T04:42:45
0.889538,-1.334339,2023-01-01T04:42:46
0.889538,-1.334339,2023-01-01T04:42:47
0.889538,-1.334339,2023-01-01T04:42:48
0.889538,-1.334339,2023-01-01T04:42:49
0.889538,-1.334339,2023-01-01T04:42:50
0.778346,-1.334339,2023-01-01T04:42:51
0.778346,-1.334339,2023-01-01T04:42:52
0.778346,-1.334339,2023-01-01T04:42:53
0.778346,-1.334339,2023-01-01T04:42:54
0.778346,-1.334339,2023-01-01T04:42:55
0.778346,-1.334339,2023-01-01T04:42:56
0.778346,-1.334339,2023-01-01T04:42:57
0.778346,-1.334339,2023-01-01T04:42:58
0.778346,-1.334339,2023-01-01T04:42:59
0.778346,-1.334339,2023-01-01T04:43:00
0.778346,-1.334339,2023-01-01T04:43:01
0.778346,-1.223144,2023-01-01T04:43:02
0.778346,-1.223144,2023-01-01T04:43:03
0.778346,-1.223144,2023-01-01T04:43:04
0.778346,-1.223144,2023-01-01T04:43:05
0.778346,-1.223144,2023-01-01T04:43:06
0.778346,-1.223144,2023-01-01T04:43:07
0.778346,-1.223144,2023-01-01T04:43:08
0.778346,-1.223144,2023-01-01T04:43:09
0.778346,-1.223144,2023-01-01T04:43:10
0.778346,-1.223144,2023-01-01T04:43:11
0.778346,-1.223144,2023-01-01T04:43:12
0.778346,-1.223144,2023-01-01T04:43:13
0.778346,-1.223144,2023-01-01T04:43:14
0.778346,-1.223144,2023-01-01T04:43:15
0.778346,-1.223144,2023-01-01T04:43:16
0.778346,-1.223144,2023-01-01T04:43:17
0.778346,-1.223144,2023-01-01T04:43:18
0.778346,-1.223144,2023-01-01T04:43:19
0.778346,-1.223144,2023-01-01T04:43:20
0.778346,-1.223144,2023-01-01T04:43:21
0.778346,-1.223144,2023-01-01T04:43:22
0.778346,-1.223144,2023-01-01T04:43:23
0.778346,-1.223144,2023-01-01T04:43:24
0.778346,-1.223144,2023-01-01T04:43:25
0.778346,-1.223144,2023-01-01T04:43:26
0.778346,-1.223144,2023-01-01T04:43:27
0.778346,-1.223144,2023-01-01T04:43:28
0.778346,-1.223144,2023-01-01T04:43:29
0.778346,-1.111949,2023-01-01T04:43:30
0.778346,-1.111949,2023-01-01T04:43:31
0.778346,-1.111949,2023-01-01T04:43:32
0.778346,-1.111949,2023-01-01T04:43:33
0.778346,-1.111949,2023-01-01T04:43:34
0.778346,-1.111949,2023-01-01T04:43:35
0.778346,-1.111949,2023-01-01T04:43:36
0.778346,-1.111949,2023-01-01T04:43:37
0.778346,-1.111949,2023-01-01T04:43:38
0.778346,-1.111949,2023-01-01T04:43:39
0.778346,-1.111949,2023-01-01T04:43:40
0.778346,-1.111949,2023-01-01T04:43:41
0.667154,-1.111949,2023-01-01T04:43:42
0.667154,-1.111949,2023-01-01T04:43:43
0.667154,-1.111949,2023-01-01T04:43:44
0.667154,-1.111949,2023-01-01T04:43:45
0.667154,-1.111949,2023-01-01T04:43:46
0.667154,-1.111949,2023-01-01T04:43:47
0.667154,-1.111949,2023-01-01T04:43:48
0.667154,-1.111949,2023-01-01T04:43:49
0.667154,-1.000754,2023-01-01T04:43:50
0.667154,-1.000754,2023-01-01T04:43:51
0.667154,-1.000754,2023-01-01T04:43:52
0.667154,-1.000754,2023-01-01T04:43:53
0.667154,-1.000754,2023-01-01T04:43:54
0.667154,-1.000754,2023-01-01T04:43:55
0.667154,-1.000754,2023-01-01T04:43:56
0.667154,-1.000754,2023-01-01T04:43:57
0.667154,-1.000754,2023-01-01T04:43:58
0.667154,-1.000754,2023-01-01T04:43:59
0.667154,-1.000754,2023-01-01T04:44:00
0.555961,-1.000754,2023-01-01T04:44:01
0.555961,-1.000754,2023-01-01T04:44:02
0.555961,-1.000754,2023-01-01T04:44:03
0.555961,-1.000754,2023-01-01T04:44:04
0.555961,-1.000754,2023-01-01T04:44:05
0.555961,-1.000754,2023-01-01T04:44:06
0.555961,-1.000754,2023-01-01T04:44:07
0.555961,-1.000754,2023-01-01T04:44:08
0.555961,-1.000754,2023-01-01T04:44:09
0.555961,-0.889559,2023-01-01T04:44:10
0.555961,-0.889559,2023-01-01T04:44:11
0.555961,-0.889559,2023-01-01T04:44:12
0.555961,-0.889559,2023-01-01T04:44:13
0.555961,-0.889559,2023-01-01T04:44:14
0.555961,-0.889559,2023-01-01T04:44:15
0.555961,-0.889559,2023-01-01T04:44:16
0.555961,-0.889559,2023-01-01T04:44:17
0.555961,-0.889559,2023-01-01T04:44:18
0.555961,-0.889559,2023-01-01T04:44:19
0.555961,-0.889559,2023-01-01T04:44:20
0.555961,-0.889559,2023-01-01T04:44:21
0.555961,-0.889559,2023-01-01T04:44:22
0.555961,-0.889559,2023-01-01T04:44:23
0.555961,-0.889559,2023-01-01T04:44:24
0.555961,-0.889559,2023-01-01T04:44:25
0.555961,-0.889559,2023-01-01T04:44:26
0.555961,-0.889559,2023-01-01T04:44:27
0.555961,-0.889559,2023-01-01T04:44:28
0.555961,-0.889559,2023-01-01T04:44:29
0.555961,-0.889559,2023-01-01T04:44:30
0.555961,-0.889559,2023-01-01T04:44:31
0.555961,-0.889559,2023-01-01T04:44:32
0.555961,-0.889559,2023-01-01T04:44:33
0.555961,-0.889559,2023-01-01T04:44:34
0.555961,-0.889559,2023-01-01T04:44:35
0.555961,-0.889559,2023-01-01T04:44:36
0.555961,-0.889559,2023-01-01T04:44:37
0.555961,-0.889559,2023-01-01T04:44:38
0.555961,-0.889559,2023-01-01T04:44:39
0.555961,-0.889559,2023-01-01T04:44:40
0.555961,-0.889559,2023-01-01T04:44:41
0.555961,-0.889559,2023-01-01T04:44:42
0.555961,-0.889559,2023-01-01T04:44:43
0.555961,-0.889559,2023-01-01T04:44:44
0.555961,-0.889559,2023-01-01T04:44:45
0.555961,-0.889559,2023-01-01T04:44:46
0.555961,-0.889559,2023-01-01T04:44:47
0.555961,-0.889559,2023-01-01T04:44:48
0.555961,-0.889559,2023-01-01T04:44:49
0.555961,-0.889559,2023-01-01T04:44:50
0.555961,-0.889559,2023-01-01T04:44:51
0.555961,-0.889559,2023-01-01T04:44:52
0.555961,-0.889559,2023-01-01T04:44:53
0.555961,-0.889559,2023-01-01T04:44:54
0.555961,-0.889559,2023-01-01T04:44:55
0.555961,-0.889559,2023-01-01T04:44:56
0.555961,-0.889559,2023-01-01T04:44:57
0.555961,-0.889559,2023-01-01T04:44:58
0.555961,-0.889559,2023-01-01T04:44:59
0.555961,-0.889559,2023-01-01T04:45:00
0.555961,-0.889559,2023-01-01T04:45:01
0.555961,-0.889559,2023-01-01T04:45:02
0.555961,-0.889559,2023-01-01T04:45:03
0.555961,-0.889559,2023-01-01T04:45:04
0.555961,-0.889559,2023-01-01T04:45:05
0.555961,-0.778364,2023-01-01T04:45:06
0.555961,-0.778364,2023-01-01T04:45:07
0.555961,-0.778364,2023-01-01T04:45:08
0.555961,-0.778364,2023-01-01T04:45:09
0.555961,-0.778364,2023-01-01T04:45:10
0.555961,-0.778364,2023-01-01T04:45:11
0.555961,-0.778364,2023-01-01T04:45:12
0.555961,-0.778364,2023-01-01T04:45:13
0.555961,-0.778364,2023-01-01T04:45:14
0.555961,-0.778364,2023-01-01T04:45:15
0.555961,-0.778364,2023-01-01T04:45:16
0.555961,-0.778364,2023-01-01T04:45:17
0.555961,-0.778364,2023-01-01T04:45:18
0.555961,-0.778364,2023-01-01T04:45:19
0.555961,-0.778364,2023-01-01T04:45:20
0.555961,-0.778364,2023-01-01T04:45:21
0.555961,-0.778364,2023-01-01T04:45:22
0.555961,-0.778364,2023-01-01T04:45:23
0.555961,-0.778364,2023-01-01T04:45:24
0.555961,-0.778364,2023-01-01T04:45:25
0.555961,-0.778364,2023-01-01T04:45:26
0.555961,-0.778364,2023-01-01T04:45:27
0.555961,-0.778364,2023-01-01T04:45:28
0.555961,-0.778364,2023-01-01T04:45:29
0.555961,-0.778364,2023-01-01T04:45:30
0.555961,-0.778364,2023-01-01T04:45:31
0.555961,-0.778364,2023-01-01T04:45:32
0.555961,-0.778364,2023-01-01T04:45:33
0.555961,-0.778364,2023-01-01T04:45:34
0.555961,-0.778364,2023-01-01T04:45:35
0.555961,-0.778364,2023-01-01T04:45:36
0.555961,-0.778364,2023-01-01T04:45:37
0.555961,-0.778364,2023-01-01T04:45:38
0.555961,-0.778364,2023-01-01T04:45:39
0.555961,-0.778364,2023-01-01T04:45:40
0.555961,-0.778364,2023-01-01T04:45:41
0.555961,-0.778364,2023-01-01T04:45:42
0.555961,-0.778364,2023-01-01T04:45:43
0.555961,-0.778364,2023-01-01T04:45:44
0.555961,-0.778364,2023-01-01T04:45:45
0.555961,-0.778364,2023-01-01T04:45:46
0.555961,-0.778364,2023-01-01T04:45:47
0.555961,-0.778364,2023-01-01T04:45:48
0.555961,-0.778364,2023-01-01T04:45:49
0.555961,-0.778364,2023-01-01T04:45:50
0.555961,-0.778364,2023-01-01T04:45:51
0.555961,-0.778364,2023-01-01T04:45:52
0.555961,-0.778364,2023-01-01T04:45:53
0.555961,-0.778364,2023-01-01T04:45:54
0.555961,-0.778364,2023-01-01T04:45:55
0.555961,-0.778364,2023-01-01T04:45:56
0.555961,-0.778364,2023-01-01T04:45:57
0.555961,-0.778364,2023-01-01T04:45:58
0.555961,-0.778364,2023-01-01T04:45:59
0.555961,-0.778364,2023-01-01T04:46:00
0.555961,-0.778364,2023-01-01T04:46:01
0.555961,-0.778364,2023-01-01T04:46:02
0.555961,-0.778364,2023-01-01T04:46:03
0.555961,-0.778364,2023-01-01T04:46:04
0.555961,-0.778364,2023-01-01T04:46:05
0.555961,-0.778364,2023-01-01T04:46:06
0.555961,-0.778364,2023-01-01T04:46:07
0.555961,-0.778364,2023-01-01T04:46:08
0.555961,-0.778364,2023-01-01T04:46:09
0.555961,-0.778364,2023-01-01T04:46:10
0.555961,-0.778364,2023-01-01T04:46:11
0.555961,-0.778364,2023-01-01T04:46:12
0.555961,-0.778364,2023-01-01T04:46:13
0.555961,-0.778364,2023-01-01T04:46:14
0.555961,-0.778364,2023-01-01T04:46:15
0.555961,-0.778364,2023-01-01T04:46:16
0.555961,-0.778364,2023-01-01T04:46:17
0.555961,-0.778364,2023-01-01T04:46:18
0.555961,-0.778364,2023-01-01T04:46:19
0.555961,-0.778364,2023-01-01T04:46:20
0.555961,-0.778364,2023-01-01T04:46:21
0.555961,-0.778364,2023-01-01T04:46:22
0.555961,-0.778364,2023-01-01T04:46:23
0.555961,-0.778364,2023-01-01T04:46:24
0.555961,-0.778364,2023-01-01T04:46:25
0.555961,-0.778364,2023-01-01T04:46:26
0.555961,-0.778364,2023-01-01T04:46:27
0.555961,-0.778364,2023-01-01T04:46:28
0.555961,-0.778364,2023-01-01T04:46:29
0.555961,-0.778364,2023-01-01T04:46:30
0.555961,-0.778364,2023-01-01T04:46:31
0.555961,-0.778364,2023-01-01T04:46:32
0.555961,-0.778364,2023-01-01T04:46:33
0.555961,-0.778364,2023-01-01T04:46:34
0.555961,-0.778364,2023-01-01T04:46:35
0.555961,-0.778364,2023-01-01T04:46:36
0.555961,-0.778364,2023-01-01T04:46:37
0.555961,-0.778364,2023-01-01T04:46:38
0.555961,-0.667170,2023-01-01T04:46:39
0.555961,-0.667170,2023-01-01T04:46:40
0.667154,-0.667170,2023-01-01T04:46:41
0.667154,-0.667170,2023-01-01T04:46:42
0.667154,-0.667170,2023-01-01T04:46:43
0.667154,-0.667170,2023-01-01T04:46:44
0.667154,-0.667170,2023-01-01T04:46:45
0.667154,-0.667170,2023-01-01T04:46:46
0.667154,-0.667170,2023-01-01T04:46:47
0.667154,-0.667170,2023-01-01T04:46:48
0.667154,-0.667170,2023-01-01T04:46:49
0.667154,-0.667170,2023-01-01T04:46:50
0.667154,-0.667170,2023-01-01T04:46:51
0.667154,-0.667170,2023-01-01T04:46:52
0.667154,-0.667170,2023-01-01T04:46:53
0.667154,-0.667170,2023-01-01T04:46:54
0.667154,-0.667170,2023-01-01T04:46:55
0.667154,-0.667170,2023-01-01T04:46:56
0.667154,-0.667170,2023-01-01T04:46:57
0.667154,-0.667170,2023-01-01T04:46:58
0.667154,-0.667170,2023-01-01T04:46:59
0.667154,-0.667170,2023-01-01T04:47:00
0.667154,-0.667170,2023-01-01T04:47:01
0.667154,-0.667170,2023-01-01T04:47:02
0.667154,-0.667170,2023-01-01T04:47:03
0.667154,-0.667170,2023-01-01T04:47:04
0.667154,-0.667170,2023-01-01T04:47:05
0.667154,-0.667170,2023-01-01T04:47:06
0.667154,-0.667170,2023-01-01T04:47:07
0.667154,-0.667170,2023-01-01T04:47:08
0.667154,-0.667170,2023-01-01T04:47:09
0.667154,-0.667170,2023-01-01T04:47:10
0.667154,-0.667170,2023-01-01T04:47:11
0.667154,-0.667170,2023-01-01T04:47:12
0.667154,-0.667170,2023-01-01T04:47:13
0.667154,-0.667170,2023-01-01T04:47:14
0.667154,-0.667170,2023-01-01T04:47:15
0.667154,-0.667170,2023-01-01T04:47:16
0.667154,-0.667170,2023-01-01T04:47:17
0.667154,-0.667170,2023-01-01T04:47:18
0.667154,-0.667170,2023-01-01T04:47:19
0.667154,-0.667170,2023-01-01T04:47:20
0.667154,-0.667170,2023-01-01T04:47:21
0.667154,-0.667170,2023-01-01T04:47:22
0.667154,-0.667170,2023-01-01T04:47:23
0.667154,-0.667170,2023-01-01T04:47:24
0.667154,-0.555975,2023-01-01T04:47:25
0.667154,-0.555975,2023-01-01T04:47:26
0.667154,-0.555975,2023-01-01T04:47:27
0.667154,-0.555975,2023-01-01T04:47:28
0.667154,-0.555975,2023-01-01T04:47:29
0.667154,-0.555975,2023-01-01T04:47:30
0.667154,-0.555975,2023-01-01T04:47:31
0.667154,-0.555975,2023-01-01T04:47:32
0.778346,-0.555975,2023-01-01T04:47:33
0.667154,-0.555975,2023-01-01T04:47:34
0.667154,-0.555975,2023-01-01T04:47:35
0.667154,-0.555975,2023-01-01T04:47:36
0.667154,-0.555975,2023-01-01T04:47:37
0.667154,-0.555975,2023-01-01T04:47:38
0.667154,-0.555975,2023-01-01T04:47:39
0.667154,-0.444780,2023-01-01T04:47:40
0.667154,-0.444780,2023-01-01T04:47:41
0.667154,-0.444780,2023-01-01T04:47:42
0.667154,-0.444780,2023-01-01T04:47:43
0.667154,-0.444780,2023-01-01T04:47:44
0.667154,-0.444780,2023-01-01T04:47:45
0.667154,-0.444780,2023-01-01T04:47:46
0.667154,-0.444780,2023-01-01T04:47:47
0.667154,-0.444780,2023-01-01T04:47:48
0.667154,-0.444780,2023-01-01T04:47:49
0.667154,-0.444780,2023-01-01T04:47:50
0.667154,-0.333585,2023-01-01T04:47:51
0.667154,-0.333585,2023-01-01T04:47:52
0.667154,-0.333585,2023-01-01T04:47:53
0.667154,-0.333585,2023-01-01T04:47:54
0.667154,-0.333585,2023-01-01T04:47:55
0.667154,-0.333585,2023-01-01T04:47:56
0.667154,-0.333585,2023-01-01T04:47:57
0.667154,-0.333585,2023-01-01T04:47:58
0.667154,-0.333585,2023-01-01T04:47:59
0.667154,-0.333585,2023-01-01T04:48:00
0.667154,-0.333585,2023-01-01T04:48:01
0.667154,-0.222390,2023-01-01T04:48:02
0.667154,-0.222390,2023-01-01T04:48:03
0.667154,-0.222390,2023-01-01T04:48:04
0.667154,-0.222390,2023-01-01T04:48:05
0.667154,-0.222390,2023-01-01T04:48:06
0.667154,-0.222390,2023-01-01T04:48:07
0.667154,-0.222390,2023-01-01T04:48:08
0.667154,-0.111195,2023-01-01T04:48:09
0.667154,-0.111195,2023-01-01T04:48:10
0.667154,-0.111195,2023-01-01T04:48:11
0.667154,-0.111195,2023-01-01T04:48:12
0.667154,-0.111195,2023-01-01T04:48:13
0.667154,-0.111195,2023-01-01T04:48:14
0.555961,0.000000,2023-01-01T04:48:15
0.555961,0.000000,2023-01-01T04:48:16
0.555961,0.000000,2023-01-01T04:48:17
0.555961,0.000000,2023-01-01T04:48:18
0.555961,0.000000,2023-01-01T04:48:19
0.555961,0.000000,2023-01-01T04:48:20
0.555961,0.111195,2023-01-01T04:48:21
0.555961,0.111195,2023-01-01T04:48:22
0.555961,0.111195,2023-01-01T04:48:23
0.555961,0.111195,2023-01-01T04:48:24
0.555961,0.111195,2023-01-01T04:48:25
0.555961,0.111195,2023-01-01T04:48:26
0.555961,0.111195,2023-01-01T04:48:27
0.555961,0.111195,2023-01-01T04:48:28
0.555961,0.111195,2023-01-01T04:48:29
0.555961,0.222390,2023-01-01T04:48:30
0.555961,0.222390,2023-01-01T04:48:31
0.555961,0.222390,2023-01-01T04:48:32
0.555961,0.222390,2023-01-01T04:48:33
0.555961,0.222390,2023-01-01T04:48:34
0.555961,0.222390,2023-01-01T04:48:35
0.555961,0.222390,2023-01-01T04:48:36
0.555961,0.222390,2023-01-01T04:48:37
0.555961,0.333585,2023-01-01T04:48:38
0.555961,0.333585,2023-01-01T04:48:39
0.555961,0.333585,2023-01-01T04:48:40
0.555961,0.333585,2023-01-01T04:48:41
0.444769,0.333585,2023-01-01T04:48:42
0.444769,0.333585,2023-01-01T04:48:43
0.444769,0.333585,2023-01-01T04:48:44
0.444769,0.444780,2023-01-01T04:48:45
0.444769,0.444780,2023-01-01T04:48:46
0.444769,0.444780,2023-01-01T04:48:47
0.444769,0.444780,2023-01-01T04:48:48
0.444769,0.444780,2023-01-01T04:48:49
0.444769,0.444780,2023-01-01T04:48:50
0.444769,0.555975,2023-01-01T04:48:51
0.444769,0.555975,2023-01-01T04:48:52
0.444769,0.555975,2023-01-01T04:48:53
0.444769,0.555975,2023-01-01T04:48:54
0.444769,0.555975,2023-01-01T04:48:55
0.444769,0.555975,2023-01-01T04:48:56
0.444769,0.555975,2023-01-01T04:48:57
0.444769,0.555975,2023-01-01T04:48:58
0.444769,0.555975,2023-01-01T04:48:59
0.444769,0.555975,2023-01-01T04:49:00
0.444769,0.555975,2023-01-01T04:49:01
0.444769,0.555975,2023-01-01T04:49:02
0.444769,0.555975,2023-01-01T04:49:03
0.444769,0.555975,2023-01-01T04:49:04
0.444769,0.555975,2023-01-01T04:49:05
0.444769,0.555975,2023-01-01T04:49:06
0.444769,0.555975,2023-01-01T04:49:07
0.444769,0.555975,2023-01-01T04:49:08
0.444769,0.555975,2023-01-01T04:49:09
0.444769,0.667170,2023-01-01T04:49:10
0.444769,0.667170,2023-01-01T04:49:11
0.444769,0.667170,2023-01-01T04:49:12
0.444769,0.667170,2023-01-01T04:49:13
0.444769,0.667170,2023-01-01T04:49:14
0.444769,0.667170,2023-01-01T04:49:15
0.444769,0.667170,2023-01-01T04:49:16
0.444769,0.667170,2023-01-01T04:49:17
0.444769,0.667170,2023-01-01T04:49:18
0.444769,0.667170,2023-01-01T04:49:19
0.444769,0.667170,2023-01-01T04:49:20
0.444769,0.667170,2023-01-01T04:49:21
0.444769,0.667170,2023-01-01T04:49:22
0.444769,0.667170,2023-01-01T04:49:23
0.444769,0.667170,2023-01-01T04:49:24
0.444769,0.667170,2023-01-01T04:49:25
0.444769,0.667170,2023-01-01T04:49:26
0.444769,0.667170,2023-01-01T04:49:27
0.444769,0.667170,2023-01-01T04:49:28
0.444769,0.667170,2023-01-01T04:49:29
0.444769,0.667170,2023-01-01T04:49:30
0.444769,0.667170,2023-01-01T04:49:31
0.444769,0.667170,2023-01-01T04:49:32
0.444769,0.667170,2023-01-01T04:49:33
0.444769,0.667170,2023-01-01T04:49:34
0.444769,0.667170,2023-01-01T04:49:35
0.444769,0.667170,2023-01-01T04:49:36
0.444769,0.667170,2023-01-01T04:49:37
0.444769,0.667170,2023-01-01T04:49:38
0.444769,0.667170,2023-01-01T04:49:39
0.444769,0.667170,2023-01-01T04:49:40
0.444769,0.667170,2023-01-01T04:49:41
0.444769,0.667170,2023-01-01T04:49:42
0.444769,0.555975,2023-01-01T04:49:43
0.444769,0.555975,2023-01-01T04:49:44
0.444769,0.555975,2023-01-01T04:49:45
0.444769,0.555975,2023-01-01T04:49:46
0.444769,0.555975,2023-01-01T04:49:47
0.444769,0.555975,2023-01-01T04:49:48
0.444769,0.555975,2023-01-01T04:49:49
0.444769,0.555975,2023-01-01T04:49:50
0.444769,0.555975,2023-01-01T04:49:51
0.444769,0.555975,2023-01-01T04:49:52
0.444769,0.555975,2023-01-01T04:49:53
0.444769,0.555975,2023-01-01T04:49:54
0.444769,0.555975,2023-01-01T04:49:55
0.444769,0.555975,2023-01-01T04:49:56
0.444769,0.555975,2023-01-01T04:49:57
0.444769,0.555975,2023-01-01T04:49:58
0.444769,0.555975,2023-01-01T04:49:59
0.444769,0.555975,2023-01-01T04:50:00
0.444769,0.555975,2023-01-01T04:50:01
0.444769,0.555975,2023-01-01T04:50:02
0.444769,0.555975,2023-01-01T04:50:03
0.444769,0.555975,2023-01-01T04:50:04
0.444769,0.555975,2023-01-01T04:50:05
0.444769,0.555975,2023-01-01T04:50:06
0.444769,0.555975,2023-01-01T04:50:07
0.444769,0.555975,2023-01-01T04:50:08
0.444769,0.555975,2023-01-01T04:50:09
0.444769,0.555975,2023-01-01T04:50:10
0.444769,0.555975,2023-01-01T04:50:11
0.444769,0.555975,2023-01-01T04:50:12
0.444769,0.667170,2023-01-01T04:50:13
0.444769,0.667170,2023-01-01T04:50:14
0.444769,0.667170,2023-01-01T04:50:15
0.444769,0.667170,2023-01-01T04:50:16
0.444769,0.667170,2023-01-01T04:50:17
0.444769,0.667170,2023-01-01T04:50:18
0.444769,0.667170,2023-01-01T04:50:19
0.444769,0.667170,2023-01-01T04:50:20
0.444769,0.667170,2023-01-01T04:50:21
0.444769,0.667170,2023-01-01T04:50:22
0.444769,0.667170,2023-01-01T04:50:23
0.444769,0.667170,2023-01-01T04:50:24
0.444769,0.667170,2023-01-01T04:50:25
0.444769,0.667170,2023-01-01T04:50:26
0.444769,0.667170,2023-01-01T04:50:27
0.444769,0.667170,2023-01-01T04:50:28
0.444769,0.667170,2023-01-01T04:50:29
0.444769,0.667170,2023-01-01T04:50:30
0.444769,0.667170,2023-01-01T04:50:31
0.444769,0.778364,2023-01-01T04:50:32
0.444769,0.778364,2023-01-01T04:50:33
0.444769,0.778364,2023-01-01T04:50:34
0.444769,0.778364,2023-01-01T04:50:35
0.444769,0.778364,2023-01-01T04:50:36
0.444769,0.778364,2023-01-01T04:50:37
0.444769,0.778364,2023-01-01T04:50:38
0.444769,0.778364,2023-01-01T04:50:39
0.444769,0.778364,2023-01-01T04:50:40
0.444769,0.778364,2023-01-01T04:50:41
0.444769,0.778364,2023-01-01T04:50:42
0.333577,0.778364,2023-01-01T04:50:43
0.333577,0.778364,2023-01-01T04:50:44
0.333577,0.889559,2023-01-01T04:50:45
0.333577,0.889559,2023-01-01T04:50:46
0.333577,0.889559,2023-01-01T04:50:47
0.333577,0.889559,2023-01-01T04:50:48
0.333577,0.889559,2023-01-01T04:50:49
0.333577,0.889559,2023-01-01T04:50:50
0.333577,0.889559,2023-01-01T04:50:51
0.333577,0.889559,2023-01-01T04:50:52
0.333577,0.889559,2023-01-01T04:50:53
0.333577,0.889559,2023-01-01T04:50:54
0.333577,0.889559,2023-01-01T04:50:55
0.333577,0.889559,2023-01-01T04:50:56
0.333577,0.889559,2023-01-01T04:50:57
0.333577,0.889559,2023-01-01T04:50:58
0.333577,0.889559,2023-01-01T04:50:59
0.333577,0.889559,2023-01-01T04:51:00
0.333577,0.889559,2023-01-01T04:51:01
0.333577,0.889559,2023-01-01T04:51:02
0.333577,0.889559,2023-01-01T04:51:03
0.444769,0.889559,2023-01-01T04:51:04
0.444769,0.889559,2023-01-01T04:51:05
0.444769,0.889559,2023-01-01T04:51:06
0.444769,0.889559,2023-01-01T04:51:07
0.444769,0.889559,2023-01-01T04:51:08
0.444769,0.889559,2023-01-01T04:51:09
0.444769,0.889559,2023-01-01T04:51:10
0.444769,0.889559,2023-01-01T04:51:11
0.444769,0.889559,2023-01-01T04:51:12
0.444769,0.889559,2023-01-01T04:51:13
0.444769,0.889559,2023-01-01T04:51:14
0.444769,0.889559,2023-01-01T04:51:15
0.444769,0.889559,2023-01-01T04:51:16
0.444769,0.889559,2023-01-01T04:51:17
0.444769,0.889559,2023-01-01T04:51:18
0.444769,0.889559,2023-01-01T04:51:19
0.444769,0.889559,2023-01-01T04:51:20
0.444769,0.889559,2023-01-01T04:51:21
0.444769,0.889559,2023-01-01T04:51:22
0.444769,0.889559,2023-01-01T04:51:23
0.444769,0.889559,2023-01-01T04:51:24
0.444769,0.889559,2023-01-01T04:51:25
0.444769,0.778364,2023-01-01T04:51:26
0.444769,0.778364,2023-01-01T04:51:27
0.444769,0.778364,2023-01-01T04:51:28
0.444769,0.778364,2023-01-01T04:51:29
0.444769,0.778364,2023-01-01T04:51:30
0.555961,0.778364,2023-01-01T04:51:31
0.555961,0.778364,2023-01-01T04:51:32
0.555961,0.778364,2023-01-01T04:51:33
0.555961,0.778364,2023-01-01T04:51:34
0.555961,0.778364,2023-01-01T04:51:35
0.555961,0.778364,2023-01-01T04:51:36
0.555961,0.778364,2023-01-01T04:51:37
0.555961,0.667170,2023-01-01T04:51:38
0.555961,0.667170,2023-01-01T04:51:39
0.555961,0.667170,2023-01-01T04:51:40
0.555961,0.667170,2023-01-01T04:51:41
0.555961,0.667170,2023-01-01T04:51:42
0.555961,0.667170,2023-01-01T04:51:43
0.444769,0.667170,2023-01-01T04:51:44
0.444769,0.667170,2023-01-01T04:51:45
0.444769,0.667170,2023-01-01T04:51:46
0.444769,0.667170,2023-01-01T04:51:47
0.444769,0.667170,2023-01-01T04:51:48
0.444769,0.667170,2023-01-01T04:51:49
0.444769,0.667170,2023-01-01T04:51:50
0.444769,0.667170,2023-01-01T04:51:51
0.444769,0.667170,2023-01-01T04:51:52
0.444769,0.667170,2023-01-01T04:51:53
0.444769,0.667170,2023-01-01T04:51:54
0.444769,0.555975,2023-01-01T04:51:55
0.444769,0.555975,2023-01-01T04:51:56
0.444769,0.555975,2023-01-01T04:51:57
0.444769,0.555975,2023-01-01T04:51:58
0.444769,0.555975,2023-01-01T04:51:59
0.444769,0.555975,2023-01-01T04:52:00
0.444769,0.555975,2023-01-01T04:52:01
0.444769,0.444780,2023-01-01T04:52:02
0.444769,0.444780,2023-01-01T04:52:03
0.444769,0.444780,2023-01-01T04:52:04
0.444769,0.444780,2023-01-01T04:52:05
0.444769,0.444780,2023-01-01T04:52:06
0.444769,0.444780,2023-01-01T04:52:07
0.444769,0.444780,2023-01-01T04:52:08
0.444769,0.444780,2023-01-01T04:52:09
0.333577,0.444780,2023-01-01T04:52:10
0.333577,0.333585,2023-01-01T04:52:11
0.333577,0.333585,2023-01-01T04:52:12
0.333577,0.333585,2023-01-01T04:52:13
0.333577,0.333585,2023-01-01T04:52:14
0.333577,0.333585,2023-01-01T04:52:15
0.333577,0.333585,2023-01-01T04:52:16
0.333577,0.333585,2023-01-01T04:52:17
0.333577,0.333585,2023-01-01T04:52:18
0.333577,0.333585,2023-01-01T04:52:19
0.333577,0.333585,2023-01-01T04:52:20
0.333577,0.333585,2023-01-01T04:52:21
0.333577,0.333585,2023-01-01T04:52:22
0.333577,0.333585,2023-01-01T04:52:23
0.333577,0.222390,2023-01-01T04:52:24
0.333577,0.222390,2023-01-01T04:52:25
0.333577,0.222390,2023-01-01T04:52:26
0.222385,0.222390,2023-01-01T04:52:27
0.222385,0.222390,2023-01-01T04:52:28
0.222385,0.111195,2023-01-01T04:52:29
0.222385,0.111195,2023-01-01T04:52:30
0.222385,0.111195,2023-01-01T04:52:31
0.222385,0.111195,2023-01-01T04:52:32
0.222385,0.111195,2023-01-01T04:52:33
0.222385,0.000000,2023-01-01T04:52:34
0.222385,0.000000,2023-01-01T04:52:35
0.222385,0.000000,2023-01-01T04:52:36
0.222385,0.000000,2023-01-01T04:52:37
0.222385,0.000000,2023-01-01T04:52:38
0.222385,0.000000,2023-01-01T04:52:39
0.222385,0.000000,2023-01-01T04:52:40
0.222385,-0.111195,2023-01-01T04:52:41
0.222385,-0.111195,2023-01-01T04:52:42
0.222385,-0.111195,2023-01-01T04:52:43
0.222385,-0.111195,2023-01-01T04:52:44
0.222385,-0.111195,2023-01-01T04:52:45
0.222385,-0.111195,2023-01-01T04:52:46
0.222385,-0.111195,2023-01-01T04:52:47
0.222385,-0.111195,2023-01-01T04:52:48
0.222385,-0.222390,2023-01-01T04:52:49
0.222385,-0.222390,2023-01-01T04:52:50
0.222385,-0.222390,2023-01-01T04:52:51
0.111192,-0.222390,2023-01-01T04:52:52
0.111192,-0.222390,2023-01-01T04:52:53
0.111192,-0.222390,2023-01-01T04:52:54
0.111192,-0.333585,2023-01-01T04:52:55
0.111192,-0.333585,2023-01-01T04:52:56
0.111192,-0.333585,2023-01-01T04:52:57
0.111192,-0.333585,2023-01-01T04:52:58
0.111192,-0.333585,2023-01-01T04:52:59
0.111192,-0.444780,2023-01-01T04:53:00
0.111192,-0.444780,2023-01-01T04:53:01
0.111192,-0.444780,2023-01-01T04:53:02
0.111192,-0.444780,2023-01-01T04:53:03
0.111192,-0.444780,2023-01-01T04:53:04
0.111192,-0.555975,2023-01-01T04:53:05
0.111192,-0.555975,2023-01-01T04:53:06
0.111192,-0.555975,2023-01-01T04:53:07
0.111192,-0.555975,2023-01-01T04:53:08
0.111192,-0.555975,2023-01-01T04:53:09
0.111192,-0.555975,2023-01-01T04:53:10
0.111192,-0.555975,2023-01-01T04:53:11
0.111192,-0.667170,2023-01-01T04:53:12
0.111192,-0.667170,2023-01-01T04:53:13
0.111192,-0.667170,2023-01-01T04:53:14
0.111192,-0.667170,2023-01-01T04:53:15
0.111192,-0.667170,2023-01-01T04:53:16
0.111192,-0.667170,2023-01-01T04:53:17
0.000000,-0.667170,2023-01-01T04:53:18
0.000000,-0.667170,2023-01-01T04:53:19
0.000000,-0.778364,2023-01-01T04:53:20
0.000000,-0.778364,2023-01-01T04:53:21
0.000000,-0.778364,2023-01-01T04:53:22
0.000000,-0.778364,2023-01-01T04:53:23
0.000000,-0.778364,2023-01-01T04:53:24
0.000000,-0.778364,2023-01-01T04:53:25
0.000000,-0.889559,2023-01-01T04:53:26
0.000000,-0.889559,2023-01-01T04:53:27
0.000000,-0.889559,2023-01-01T04:53:28
0.000000,-0.889559,2023-01-01T04:53:29
0.000000,-1.000754,2023-01-01T04:53:30
0.000000,-1.000754,2023-01-01T04:53:31
0.000000,-1.000754,2023-01-01T04:53:32
0.000000,-1.000754,2023-01-01T04:53:33
0.000000,-1.111949,2023-01-01T04:53:34
0.000000,-1.111949,2023-01-01T04:53:35
0.000000,-1.111949,2023-01-01T04:53:36
0.000000,-1.111949,2023-01-01T04:53:37
0.000000,-1.111949,2023-01-01T04:53:38
0.000000,-1.223144,2023-01-01T04:53:39
0.000000,-1.223144,2023-01-01T04:53:40
0.000000,-1.223144,2023-01-01T04:53:41
0.000000,-1.223144,2023-01-01T04:53:42
0.000000,-1.223144,2023-01-01T04:53:43
0.000000,-1.223144,2023-01-01T04:53:44
0.000000,-1.334339,2023-01-01T04:53:45
0.000000,-1.334339,2023-01-01T04:53:46
0.000000,-1.334339,2023-01-01T04:53:47
0.000000,-1.334339,2023-01-01T04:53:48
0.000000,-1.334339,2023-01-01T04:53:49
0.000000,-1.334339,2023-01-01T04:53:50
0.000000,-1.334339,2023-01-01T04:53:51
0.000000,-1.334339,2023-01-01T04:53:52
-0.111192,-1.445534,2023-01-01T04:53:53
-0.111192,-1.445534,2023-01-01T04:53:54
-0.111192,-1.445534,2023-01-01T04:53:55
-0.111192,-1.445534,2023-01-01T04:53:56
-0.111192,-1.556729,2023-01-01T04:53:57
-0.111192,-1.556729,2023-01-01T04:53:58
-0.111192,-1.556729,2023-01-01T04:53:59
-0.111192,-1.556729,2023-01-01T04:54:00
-0.111192,-1.556729,2023-01-01T04:54:01
-0.111192,-1.667924,2023-01-01T04:54:02
-0.111192,-1.667924,2023-01-01T04:54:03
-0.111192,-1.667924,2023-01-01T04:54:04
-0.111192,-1.667924,2023-01-01T04:54:05
-0.111192,-1.667924,2023-01-01T04:54:06
-0.111192,-1.667924,2023-01-01T04:54:07
-0.111192,-1.667924,2023-01-01T04:54:08
-0.111192,-1.667924,2023-01-01T04:54:09
-0.111192,-1.779119,2023-01-01T04:54:10
-0.111192,-1.779119,2023-01-01T04:54:11
-0.111192,-1.779119,2023-01-01T04:54:12
-0.111192,-1.779119,2023-01-01T04:54:13
-0.111192,-1.779119,2023-01-01T04:54:14
-0.111192,-1.779119,2023-01-01T04:54:15
-0.111192,-1.779119,2023-01-01T04:54:16
-0.111192,-1.779119,2023-01-01T04:54:17
-0.111192,-1.779119,2023-01-01T04:54:18
-0.111192,-1.779119,2023-01-01T04:54:19
-0.111192,-1.779119,2023-01-01T04:54:20
-0.111192,-1.779119,2023-01-01T04:54:21
-0.111192,-1.779119,2023-01-01T04:54:22
-0.111192,-1.890314,2023-01-01T04:54:23
-0.111192,-1.890314,2023-01-01T04:54:24
-0.111192,-1.890314,2023-01-01T04:54:25
-0.111192,-1.890314,2023-01-01T04:54:26
-0.111192,-1.890314,2023-01-01T04:54:27
-0.111192,-1.890314,2023-01-01T04:54:28
-0.111192,-2.001509,2023-01-01T04:54:29
-0.111192,-2.001509,2023-01-01T04:54:30
-0.111192,-2.001509,2023-01-01T04:54:31
-0.111192,-2.001509,2023-01-01T04:54:32
-0.111192,-2.001509,2023-01-01T04:54:33
-0.111192,-2.001509,2023-01-01T04:54:34
-0.111192,-2.001509,2023-01-01T04:54:35
-0.111192,-2.001509,2023-01-01T04:54:36
-0.111192,-2.001509,2023-01-01T04:54:37
-0.111192,-2.112704,2023-01-01T04:54:38
-0.111192,-2.112704,2023-01-01T04:54:39
-0.111192,-2.112704,2023-01-01T04:54:40
-0.111192,-2.112704,2023-01-01T04:54:41
-0.111192,-2.112704,2023-01-01T04:54:42
-0.111192,-2.112704,2023-01-01T04:54:43
-0.111192,-2.112704,2023-01-01T04:54:44
-0.111192,-2.112704,2023-01-01T04:54:45
-0.111192,-2.112704,2023-01-01T04:54:46
-0.111192,-2.112704,2023-01-01T04:54:47
-0.222385,-2.112704,2023-01-01T04:54:48
-0.222385,-2.112704,2023-01-01T04:54:49
-0.222385,-2.112704,2023-01-01T04:54:50
-0.222385,-2.112704,2023-01-01T04:54:51
-0.222385,-2.112704,2023-01-01T04:54:52
-0.222385,-2.112704,2023-01-01T04:54:53
-0.222385,-2.112704,2023-01-01T04:54:54
-0.222385,-2.112704,2023-01-01T04:54:55
-0.222385,-2.112704,2023-01-01T04:54:56
-0.222385,-2.112704,2023-01-01T04:54:57
-0.222385,-2.223899,2023-01-01T04:54:58
-0.222385,-2.223899,2023-01-01T04:54:59
-0.222385,-2.223899,2023-01-01T04:55:00
-0.222385,-2.223899,2023-01-01T04:55:01
-0.222385,-2.223899,2023-01-01T04:55:02
-0.222385,-2.223899,2023-01-01T04:55:03
-0.222385,-2.223899,2023-01-01T04:55:04
-0.222385,-2.335093,2023-01-01T04:55:05
-0.222385,-2.335093,2023-01-01T04:55:06
-0.222385,-2.335093,2023-01-01T04:55:07
-0.222385,-2.335093,2023-01-01T04:55:08
-0.222385,-2.335093,2023-01-01T04:55:09
-0.222385,-2.335093,2023-01-01T04:55:10
-0.222385,-2.335093,2023-01-01T04:55:11
-0.222385,-2.335093,2023-01-01T04:55:12
-0.222385,-2.335093,2023-01-01T04:55:13
-0.222385,-2.335093,2023-01-01T04:55:14
-0.222385,-2.335093,2023-01-01T04:55:15
-0.222385,-2.335093,2023-01-01T04:55:16
-0.222385,-2.335093,2023-01-01T04:55:17
-0.222385,-2.446288,2023-01-01T04:55:18
-0.222385,-2.446288,2023-01-01T04:55:19
-0.222385,-2.446288,2023-01-01T04:55:20
-0.222385,-2.446288,2023-01-01T04:55:21
-0.222385,-2.446288,2023-01-01T04:55:22
-0.222385,-2.446288,2023-01-01T04:55:23
-0.222385,-2.446288,2023-01-01T04:55:24
-0.222385,-2.446288,2023-01-01T04:55:25
-0.222385,-2.446288,2023-01-01T04:55:26
-0.222385,-2.557483,2023-01-01T04:55:27
-0.222385,-2.557483,2023-01-01T04:55:28
-0.222385,-2.557483,2023-01-01T04:55:29
-0.222385,-2.557483,2023-01-01T04:55:30
-0.222385,-2.557483,2023-01-01T04:55:31
-0.222385,-2.557483,2023-01-01T04:55:32
-0.222385,-2.557483,2023-01-01T04:55:33
-0.222385,-2.557483,2023-01-01T04:55:34
-0.222385,-2.557483,2023-01-01T04:55:35
-0.222385,-2.557483,2023-01-01T04:55:36
-0.222385,-2.557483,2023-01-01T04:55:37
-0.222385,-2.557483,2023-01-01T04:55:38
-0.222385,-2.557483,2023-01-01T04:55:39
-0.222385,-2.668678,2023-01-01T04:55:40
-0.222385,-2.668678,2023-01-01T04:55:41
-0.222385,-2.668678,2023-01-01T04:55:42
-0.222385,-2.668678,2023-01-01T04:55:43
-0.222385,-2.668678,2023-01-01T04:55:44
-0.222385,-2.668678,2023-01-01T04:55:45
-0.222385,-2.668678,2023-01-01T04:55:46
-0.222385,-2.668678,2023-01-01T04:55:47
-0.222385,-2.668678,2023-01-01T04:55:48
-0.222385,-2.668678,2023-01-01T04:55:49
-0.222385,-2.668678,2023-01-01T04:55:50
-0.222385,-2.668678,2023-01-01T04:55:51
-0.222385,-2.668678,2023-01-01T04:55:52
-0.222385,-2.668678,2023-01-01T04:55:53
-0.222385,-2.668678,2023-01-01T04:55:54
-0.222385,-2.557483,2023-01-01T04:55:55
-0.222385,-2.557483,2023-01-01T04:55:56
-0.222385,-2.557483,2023-01-01T04:55:57
-0.222385,-2.557483,2023-01-01T04:55:58
-0.222385,-2.557483,2023-01-01T04:55:59
-0.222385,-2.557483,2023-01-01T04:56:00
-0.222385,-2.557483,2023-01-01T04:56:01
-0.222385,-2.557483,2023-01-01T04:56:02
-0.222385,-2.557483,2023-01-01T04:56:03
-0.222385,-2.557483,2023-01-01T04:56:04
-0.222385,-2.557483,2023-01-01T04:56:05
-0.222385,-2.557483,2023-01-01T04:56:06
-0.222385,-2.446288,2023-01-01T04:56:07
-0.222385,-2.446288,2023-01-01T04:56:08
-0.222385,-2.446288,2023-01-01T04:56:09
-0.222385,-2.446288,2023-01-01T04:56:10
-0.222385,-2.446288,2023-01-01T04:56:11
-0.222385,-2.446288,2023-01-01T04:56:12
-0.222385,-2.446288,2023-01-01T04:56:13
-0.222385,-2.335093,2023-01-01T04:56:14
-0.222385,-2.335093,2023-01-01T04:56:15
-0.222385,-2.335093,2023-01-01T04:56:16
-0.222385,-2.335093,2023-01-01T04:56:17
-0.222385,-2.335093,2023-01-01T04:56:18
-0.222385,-2.335093,2023-01-01T04:56:19
-0.222385,-2.223899,2023-01-01T04:56:20
-0.222385,-2.223899,2023-01-01T04:56:21
-0.222385,-2.223899,2023-01-01T04:56:22
-0.222385,-2.223899,2023-01-01T04:56:23
-0.222385,-2.223899,2023-01-01T04:56:24
-0.222385,-2.223899,2023-01-01T04:56:25
-0.111192,-2.223899,2023-01-01T04:56:26
-0.111192,-2.223899,2023-01-01T04:56:27
-0.111192,-2.223899,2023-01-01T04:56:28
-0.111192,-2.223899,2023-01-01T04:56:29
-0.111192,-2.223899,2023-01-01T04:56:30
-0.111192,-2.223899,2023-01-01T04:56:31
-0.111192,-2.112704,2023-01-01T04:56:32
-0.111192,-2.112704,2023-01-01T04:56:33
-0.111192,-2.112704,2023-01-01T04:56:34
-0.111192,-2.112704,2023-01-01T04:56:35
-0.111192,-2.112704,2023-01-01T04:56:36
-0.111192,-2.112704,2023-01-01T04:56:37
-0.111192,-2.112704,2023-01-01T04:56:38
-0.111192,-2.112704,2023-01-01T04:56:39
-0.111192,-2.112704,2023-01-01T04:56:40
-0.111192,-2.112704,2023-01-01T04:56:41
-0.111192,-2.112704,2023-01-01T04:56:42
-0.111192,-2.112704,2023-01-01T04:56:43
-0.111192,-2.112704,2023-01-01T04:56:44
-0.111192,-2.001509,2023-01-01T04:56:45
-0.111192,-2.001509,2023-01-01T04:56:46
-0.111192,-2.001509,2023-01-01T04:56:47
-0.111192,-2.001509,2023-01-01T04:56:48
-0.111192,-2.001509,2023-01-01T04:56:49
0.000000,-2.001509,2023-01-01T04:56:50
0.000000,-2.001509,2023-01-01T04:56:51
0.000000,-2.001509,2023-01-01T04:56:52
0.000000,-2.001509,2023-01-01T04:56:53
0.000000,-2.001509,2023-01-01T04:56:54
0.000000,-2.001509,2023-01-01T04:56:55
0.000000,-2.001509,2023-01-01T04:56:56
0.000000,-2.001509,2023-01-01T04:56:57
0.000000,-2.112704,2023-01-01T04:56:58
0.000000,-2.112704,2023-01-01T04:56:59
0.000000,-2.112704,2023-01-01T04:57:00
0.000000,-2.112704,2023-01-01T04:57:01
0.000000,-2.112704,2023-01-01T04:57:02
0.000000,-2.112704,2023-01-01T04:57:03
0.111192,-2.112704,2023-01-01T04:57:04
0.111192,-2.112704,2023-01-01T04:57:05
0.111192,-2.112704,2023-01-01T04:57:06
0.111192,-2.112704,2023-01-01T04:57:07
0.111192,-2.112704,2023-01-01T04:57:08
0.111192,-2.112704,2023-01-01T04:57:09
0.111192,-2.112704,2023-01-01T04:57:10
0.111192,-2.112704,2023-01-01T04:57:11
0.111192,-2.223899,2023-01-01T04:57:12
0.111192,-2.223899,2023-01-01T04:57:13
0.111192,-2.223899,2023-01-01T04:57:14
0.111192,-2.223899,2023-01-01T04:57:15
0.111192,-2.223899,2023-01-01T04:57:16
0.111192,-2.223899,2023-01-01T04:57:17
0.111192,-2.223899,2023-01-01T04:57:18
0.111192,-2.223899,2023-01-01T04:57:19
0.222385,-2.223899,2023-01-01T04:57:20
0.222385,-2.223899,2023-01-01T04:57:21
0.222385,-2.223899,2023-01-01T04:57:22
0.222385,-2.223899,2023-01-01T04:57:23
0.222385,-2.223899,2023-01-01T04:57:24
0.222385,-2.223899,2023-01-01T04:57:25
0.222385,-2.223899,2023-01-01T04:57:26
0.222385,-2.223899,2023-01-01T04:57:27
0.222385,-2.223899,2023-01-01T04:57:28
0.222385,-2.223899,2023-01-01T04:57:29
0.222385,-2.223899,2023-01-01T04:57:30
0.222385,-2.223899,2023-01-01T04:57:31
0.222385,-2.223899,2023-01-01T04:57:32
0.222385,-2.223899,2023-01-01T04:57:33
0.222385,-2.223899,2023-01-01T04:57:34
0.222385,-2.223899,2023-01-01T04:57:35
0.222385,-2.223899,2023-01-01T04:57:36
0.222385,-2.223899,2023-01-01T04:57:37
0.222385,-2.223899,2023-01-01T04:57:38
0.222385,-2.223899,2023-01-01T04:57:39
0.222385,-2.223899,2023-01-01T04:57:40
0.222385,-2.223899,2023-01-01T04:57:41
0.222385,-2.223899,2023-01-01T04:57:42
0.222385,-2.223899,2023-01-01T04:57:43
0.333577,-2.223899,2023-01-01T04:57:44
0.333577,-2.223899,2023-01-01T04:57:45
0.333577,-2.223899,2023-01-01T04:57:46
0.333577,-2.223899,2023-01-01T04:57:47
0.333577,-2.223899,2023-01-01T04:57:48
0.333577,-2.223899,2023-01-01T04:57:49
0.333577,-2.335093,2023-01-01T04:57:50
0.333577,-2.335093,2023-01-01T04:57:51
0.333577,-2.335093,2023-01-01T04:57:52
0.333577,-2.223899,2023-01-01T04:57:53
0.333577,-2.223899,2023-01-01T04:57:54
0.333577,-2.223899,2023-01-01T04:57:55
0.333577,-2.223899,2023-01-01T04:57:56
0.333577,-2.223899,2023-01-01T04:57:57
0.333577,-2.223899,2023-01-01T04:57:58
0.333577,-2.223899,2023-01-01T04:57:59
0.333577,-2.223899,2023-01-01T04:58:00
0.333577,-2.223899,2023-01-01T04:58:01
0.333577,-2.223899,2023-01-01T04:58:02
0.333577,-2.223899,2023-01-01T04:58:03
0.333577,-2.223899,2023-01-01T04:58:04
0.333577,-2.223899,2023-01-01T04:58:05
0.333577,-2.223899,2023-01-01T04:58:06
0.333577,-2.223899,2023-01-01T04:58:07
0.333577,-2.223899,2023-01-01T04:58:08
0.333577,-2.223899,2023-01-01T04:58:09
0.333577,-2.223899,2023-01-01T04:58:10
0.333577,-2.223899,2023-01-01T04:58:11
0.333577,-2.112704,2023-01-01T04:58:12
0.333577,-2.112704,2023-01-01T04:58:13
0.333577,-2.112704,2023-01-01T04:58:14
0.333577,-2.112704,2023-01-01T04:58:15
0.333577,-2.112704,2023-01-01T04:58:16
0.333577,-2.112704,2023-01-01T04:58:17
0.222385,-2.112704,2023-01-01T04:58:18
0.222385,-2.112704,2023-01-01T04:58:19
0.222385,-2.112704,2023-01-01T04:58:20
0.222385,-2.112704,2023-01-01T04:58:21
0.222385,-2.112704,2023-01-01T04:58:22
0.222385,-2.112704,2023-01-01T04:58:23
0.222385,-2.112704,2023-01-01T04:58:24
0.222385,-2.112704,2023-01-01T04:58:25
0.222385,-2.112704,2023-01-01T04:58:26
0.222385,-2.112704,2023-01-01T04:58:27
0.222385,-2.112704,2023-01-01T04:58:28
0.222385,-2.112704,2023-01-01T04:58:29
0.222385,-2.112704,2023-01-01T04:58:30
0.222385,-2.112704,2023-01-01T04:58:31
0.222385,-2.112704,2023-01-01T04:58:32
0.222385,-2.112704,2023-01-01T04:58:33
0.222385,-2.112704,2023-01-01T04:58:34
0.222385,-2.112704,2023-01-01T04:58:35
0.222385,-2.112704,2023-01-01T04:58:36
0.222385,-2.112704,2023-01-01T04:58:37
0.222385,-2.112704,2023-01-01T04:58:38
0.222385,-2.112704,2023-01-01T04:58:39
0.222385,-2.112704,2023-01-01T04:58:40
0.222385,-2.112704,2023-01-01T04:58:41
0.222385,-2.112704,2023-01-01T04:58:42
0.111192,-2.112704,2023-01-01T04:58:43
0.111192,-2.112704,2023-01-01T04:58:44
0.111192,-2.112704,2023-01-01T04:58:45
0.111192,-2.112704,2023-01-01T04:58:46
0.111192,-2.112704,2023-01-01T04:58:47
0.111192,-2.112704,2023-01-01T04:58:48
0.111192,-2.112704,2023-01-01T04:58:49
0.111192,-2.112704,2023-01-01T04:58:50
0.111192,-2.112704,2023-01-01T04:58:51
0.111192,-2.112704,2023-01-01T04:58:52
0.111192,-2.112704,2023-01-01T04:58:53
0.111192,-2.112704,2023-01-01T04:58:54
0.111192,-2.112704,2023-01-01T04:58:55
0.000000,-2.112704,2023-01-01T04:58:56
0.000000,-2.112704,2023-01-01T04:58:57
0.000000,-2.112704,2023-01-01T04:58:58
0.000000,-2.112704,2023-01-01T04:58:59
0.000000,-2.112704,2023-01-01T04:59:00
0.000000,-2.112704,2023-01-01T04:59:01
0.000000,-2.112704,2023-01-01T04:59:02
0.000000,-2.112704,2023-01-01T04:59:03
0.000000,-2.112704,2023-01-01T04:59:04
0.000000,-2.112704,2023-01-01T04:59:05
0.000000,-2.112704,2023-01-01T04:59:06
-0.111192,-2.112704,2023-01-01T04:59:07
-0.111192,-2.112704,2023-01-01T04:59:08
-0.111192,-2.112704,2023-01-01T04:59:09
-0.111192,-2.112704,2023-01-01T04:59:10
-0.111192,-2.112704,2023-01-01T04:59:11
-0.111192,-2.112704,2023-01-01T04:59:12
-0.111192,-2.112704,2023-01-01T04:59:13
-0.111192,-2.112704,2023-01-01T04:59:14
-0.111192,-2.112704,2023-01-01T04:59:15
-0.111192,-2.112704,2023-01-01T04:59:16
-0.111192,-2.112704,2023-01-01T04:59:17
-0.222385,-2.112704,2023-01-01T04:59:18
-0.222385,-2.112704,2023-01-01T04:59:19
-0.222385,-2.112704,2023-01-01T04:59:20
-0.222385,-2.112704,2023-01-01T04:59:21
-0.222385,-2.112704,2023-01-01T04:59:22
-0.222385,-2.112704,2023-01-01T04:59:23
-0.222385,-2.112704,2023-01-01T04:59:24
-0.222385,-2.112704,2023-01-01T04:59:25
-0.222385,-2.112704,2023-01-01T04:59:26
-0.333577,-2.112704,2023-01-01T04:59:27
-0.333577,-2.112704,2023-01-01T04:59:28
-0.333577,-2.112704,2023-01-01T04:59:29
-0.333577,-2.112704,2023-01-01T04:59:30
-0.333577,-2.112704,2023-01-01T04:59:31
-0.333577,-2.112704,2023-01-01T04:59:32
-0.333577,-2.112704,2023-01-01T04:59:33
-0.333577,-2.112704,2023-01-01T04:59:34
-0.444769,-2.112704,2023-01-01T04:59:35
-0.444769,-2.112704,2023-01-01T04:59:36
-0.444769,-2.112704,2023-01-01T04:59:37
-0.444769,-2.112704,2023-01-01T04:59:38
-0.444769,-2.112704,2023-01-01T04:59:39
-0.444769,-2.112704,2023-01-01T04:59:40
-0.444769,-2.112704,2023-01-01T04:59:41
-0.444769,-2.112704,2023-01-01T04:59:42
-0.444769,-2.112704,2023-01-01T04:59:43
-0.444769,-2.112704,2023-01-01T04:59:44
-0.555961,-2.112704,2023-01-01T04:59:45
-0.555961,-2.112704,2023-01-01T04:59:46
-0.555961,-2.112704,2023-01-01T04:59:47
-0.555961,-2.112704,2023-01-01T04:59:48
-0.555961,-2.112704,2023-01-01T04:59:49
-0.555961,-2.112704,2023-01-01T04:59:50
-0.555961,-2.112704,2023-01-01T04:59:51
-0.555961,-2.112704,2023-01-01T04:59:52
-0.555961,-2.112704,2023-01-01T04:59:53
-0.555961,-2.112704,2023-01-01T04:59:54
-0.667154,-2.112704,2023-01-01T04:59:55
-0.667154,-2.112704,2023-01-01T04:59:56
-0.667154,-2.112704,2023-01-01T04:59:57
-0.667154,-2.112704,2023-01-01T04:59:58
-0.667154,-2.112704,2023-01-01T04:59:59
-0.667154,-2.112704,2023-01-01T05:00:00
-0.667154,-2.112704,2023-01-01T05:00:01
-0.667154,-2.112704,2023-01-01T05:00:02
-0.667154,-2.112704,2023-01-01T05:00:03
-0.667154,-2.112704,2023-01-01T05:00:04
-0.667154,-2.112704,2023-01-01T05:00:05
-0.667154,-2.112704,2023-01-01T05:00:06
-0.667154,-2.112704,2023-01-01T05:00:07
-0.667154,-2.112704,2023-01-01T05:00:08
-0.667154,-2.112704,2023-01-01T05:00:09
-0.667154,-2.112704,2023-01-01T05:00:10
-0.667154,-2.112704,2023-01-01T05:00:11
-0.667154,-2.112704,2023-01-01T05:00:12
-0.778346,-2.112704,2023-01-01T05:00:13
-0.778346,-2.112704,2023-01-01T05:00:14
-0.778346,-2.112704,2023-01-01T05:00:15
-0.778346,-2.112704,2023-01-01T05:00:16
-0.778346,-2.112704,2023-01-01T05:00:17
-0.778346,-2.112704,2023-01-01T05:00:18
-0.778346,-2.112704,2023-01-01T05:00:19
-0.778346,-2.112704,2023-01-01T05:00:20
-0.778346,-2.112704,2023-01-01T05:00:21
-0.778346,-2.112704,2023-01-01T05:00:22
-0.778346,-2.112704,2023-01-01T05:00:23
-0.778346,-2.112704,2023-01-01T05:00:24
-0.778346,-2.112704,2023-01-01T05:00:25
-0.778346,-2.223899,2023-01-01T05:00:26
-0.778346,-2.223899,2023-01-01T05:00:27
-0.778346,-2.223899,2023-01-01T05:00:28
-0.778346,-2.223899,2023-01-01T05:00:29
-0.778346,-2.223899,2023-01-01T05:00:30
-0.778346,-2.223899,2023-01-01T05:00:31
-0.778346,-2.223899,2023-01-01T05:00:32
-0.778346,-2.223899,2023-01-01T05:00:33
-0.778346,-2.223899,2023-01-01T05:00:34
-0.778346,-2.223899,2023-01-01T05:00:35
-0.778346,-2.223899,2023-01-01T05:00:36
-0.778346,-2.223899,2023-01-01T05:00:37
-0.778346,-2.223899,2023-01-01T05:00:38
-0.778346,-2.223899,2023-01-01T05:00:39
-0.778346,-2.223899,2023-01-01T05:00:40
-0.778346,-2.223899,2023-01-01T05:00:41
-0.778346,-2.223899,2023-01-01T05:00:42
-0.778346,-2.223899,2023-01-01T05:00:43
-0.778346,-2.223899,2023-01-01T05:00:44
-0.778346,-2.223899,2023-01-01T05:00:45
-0.778346,-2.223899,2023-01-01T05:00:46
-0.778346,-2.223899,2023-01-01T05:00:47
-0.778346,-2.223899,2023-01-01T05:00:48
-0.778346,-2.223899,2023-01-01T05:00:49
-0.778346,-2.223899,2023-01-01T05:00:50
-0.778346,-2.223899,2023-01-01T05:00:51
-0.778346,-2.223899,2023-01-01T05:00:52
-0.778346,-2.223899,2023-01-01T05:00:53
-0.778346,-2.223899,2023-01-01T05:00:54
-0.778346,-2.223899,2023-01-01T05:00:55
-0.778346,-2.223899,2023-01-01T05:00:56
-0.778346,-2.223899,2023-01-01T05:00:57
-0.667154,-2.223899,2023-01-01T05:00:58
-0.667154,-2.223899,2023-01-01T05:00:59
-0.667154,-2.223899,2023-01-01T05:01:00
-0.667154,-2.223899,2023-01-01T05:01:01
-0.667154,-2.223899,2023-01-01T05:01:02
-0.667154,-2.223899,2023-01-01T05:01:03
-0.667154,-2.223899,2023-01-01T05:01:04
-0.667154,-2.223899,2023-01-01T05:01:05
-0.667154,-2.223899,2023-01-01T05:01:06
-0.667154,-2.223899,2023-01-01T05:01:07
-0.667154,-2.223899,2023-01-01T05:01:08
-0.667154,-2.223899,2023-01-01T05:01:09
-0.667154,-2.223899,2023-01-01T05:01:10
-0.667154,-2.223899,2023-01-01T05:01:11
-0.667154,-2.223899,2023-01-01T05:01:12
-0.667154,-2.223899,2023-01-01T05:01:13
-0.667154,-2.223899,2023-01-01T05:01:14
-0.667154,-2.223899,2023-01-01T05:01:15
-0.667154,-2.223899,2023-01-01T05:01:16
-0.667154,-2.223899,2023-01-01T05:01:17
-0.667154,-2.223899,2023-01-01T05:01:18
-0.667154,-2.223899,2023-01-01T05:01:19
-0.667154,-2.223899,2023-01-01T05:01:20
-0.667154,-2.223899,2023-01-01T05:01:21
-0.667154,-2.223899,2023-01-01T05:01:22
-0.667154,-2.223899,2023-01-01T05:01:23
-0.667154,-2.223899,2023-01-01T05:01:24
-0.667154,-2.223899,2023-01-01T05:01:25
-0.667154,-2.223899,2023-01-01T05:01:26
-0.667154,-2.223899,2023-01-01T05:01:27
-0.555961,-2.223899,2023-01-01T05:01:28
-0.555961,-2.223899,2023-01-01T05:01:29
-0.555961,-2.223899,2023-01-01T05:01:30
-0.555961,-2.223899,2023-01-01T05:01:31
-0.555961,-2.223899,2023-01-01T05:01:32
-0.555961,-2.223899,2023-01-01T05:01:33
-0.555961,-2.223899,2023-01-01T05:01:34
-0.555961,-2.223899,2023-01-01T05:01:35
-0.555961,-2.223899,2023-01-01T05:01:36
-0.555961,-2.223899,2023-01-01T05:01:37
-0.555961,-2.223899,2023-01-01T05:01:38
-0.555961,-2.223899,2023-01-01T05:01:39
-0.555961,-2.223899,2023-01-01T05:01:40
-0.555961,-2.223899,2023-01-01T05:01:41
-0.555961,-2.223899,2023-01-01T05:01:42
-0.555961,-2.223899,2023-01-01T05:01:43
-0.555961,-2.223899,2023-01-01T05:01:44
-0.555961,-2.223899,2023-01-01T05:01:45
-0.555961,-2.223899,2023-01-01T05:01:46
-0.444769,-2.223899,2023-01-01T05:01:47
-0.444769,-2.223899,2023-01-01T05:01:48
-0.444769,-2.112704,2023-01-01T05:01:49
-0.444769,-2.112704,2023-01-01T05:01:50
-0.444769,-2.112704,2023-01-01T05:01:51
-0.444769,-2.112704,2023-01-01T05:01:52
-0.444769,-2.112704,2023-01-01T05:01:53
-0.444769,-2.112704,2023-01-01T05:01:54
-0.444769,-2.223899,2023-01-01T05:01:55
-0.444769,-2.223899,2023-01-01T05:01:56
-0.444769,-2.223899,2023-01-01T05:01:57
-0.444769,-2.223899,2023-01-01T05:01:58
-0.444769,-2.223899,2023-01-01T05:01:59
-0.444769,-2.223899,2023-01-01T05:02:00
-0.444769,-2.223899,2023-01-01T05:02:01
-0.444769,-2.223899,2023-01-01T05:02:02
-0.333577,-2.223899,2023-01-01T05:02:03
-0.333577,-2.223899,2023-01-01T05:02:04
-0.333577,-2.223899,2023-01-01T05:02:05
-0.333577,-2.223899,2023-01-01T05:02:06
-0.333577,-2.223899,2023-01-01T05:02:07
-0.333577,-2.223899,2023-01-01T05:02:08
-0.333577,-2.223899,2023-01-01T05:02:09
-0.333577,-2.223899,2023-01-01T05:02:10
-0.333577,-2.223899,2023-01-01T05:02:11
-0.333577,-2.335093,2023-01-01T05:02:12
-0.333577,-2.335093,2023-01-01T05:02:13
-0.333577,-2.335093,2023-01-01T05:02:14
-0.333577,-2.335093,2023-01-01T05:02:15
-0.333577,-2.335093,2023-01-01T05:02:16
-0.333577,-2.335093,2023-01-01T05:02:17
-0.333577,-2.335093,2023-01-01T05:02:18
-0.333577,-2.335093,2023-01-01T05:02:19
-0.222385,-2.335093,2023-01-01T05:02:20
-0.222385,-2.335093,2023-01-01T05:02:21
-0.222385,-2.335093,2023-01-01T05:02:22
-0.222385,-2.335093,2023-01-01T05:02:23
-0.222385,-2.335093,2023-01-01T05:02:24
-0.222385,-2.335093,2023-01-01T05:02:25
-0.222385,-2.335093,2023-01-01T05:02:26
-0.222385,-2.335093,2023-01-01T05:02:27
-0.222385,-2.446288,2023-01-01T05:02:28
-0.222385,-2.446288,2023-01-01T05:02:29
-0.222385,-2.446288,2023-01-01T05:02:30
-0.111192,-2.446288,2023-01-01T05:02:31
-0.111192,-2.446288,2023-01-01T05:02:32
-0.111192,-2.446288,2023-01-01T05:02:33
-0.111192,-2.446288,2023-01-01T05:02:34
-0.111192,-2.446288,2023-01-01T05:02:35
-0.111192,-2.557483,2023-01-01T05:02:36
-0.111192,-2.557483,2023-01-01T05:02:37
-0.111192,-2.557483,2023-01-01T05:02:38
-0.111192,-2.557483,2023-01-01T05:02:39
-0.111192,-2.557483,2023-01-01T05:02:40
-0.111192,-2.557483,2023-01-01T05:02:41
-0.111192,-2.557483,2023-01-01T05:02:42
0.000000,-2.557483,2023-01-01T05:02:43
0.000000,-2.557483,2023-01-01T05:02:44
0.000000,-2.668678,2023-01-01T05:02:45
0.000000,-2.668678,2023-01-01T05:02:46
0.000000,-2.668678,2023-01-01T05:02:47
0.000000,-2.668678,2023-01-01T05:02:48
0.000000,-2.668678,2023-01-01T05:02:49
0.000000,-2.668678,2023-01-01T05:02:50
0.000000,-2.668678,2023-01-01T05:02:51
0.000000,-2.668678,2023-01-01T05:02:52
0.000000,-2.668678,2023-01-01T05:02:53
0.000000,-2.668678,2023-01-01T05:02:54
0.000000,-2.668678,2023-01-01T05:02:55
0.111192,-2.668678,2023-01-01T05:02:56
0.111192,-2.668678,2023-01-01T05:02:57
0.111192,-2.668678,2023-01-01T05:02:58
0.111192,-2.668678,2023-01-01T05:02:59
0.111192,-2.779873,2023-01-01T05:03:00
0.111192,-2.779873,2023-01-01T05:03:01
0.111192,-2.779873,2023-01-01T05:03:02
0.111192,-2.779873,2023-01-01T05:03:03
0.111192,-2.779873,2023-01-01T05:03:04
0.111192,-2.779873,2023-01-01T05:03:05
0.111192,-2.779873,2023-01-01T05:03:06
0.111192,-2.779873,2023-01-01T05:03:07
0.111192,-2.779873,2023-01-01T05:03:08
0.111192,-2.779873,2023-01-01T05:03:09
0.111192,-2.779873,2023-01-01T05:03:10
0.111192,-2.779873,2023-01-01T05:03:11
0.111192,-2.779873,2023-01-01T05:03:12
0.111192,-2.779873,2023-01-01T05:03:13
0.111192,-2.779873,2023-01-01T05:03:14
0.222385,-2.779873,2023-01-01T05:03:15
0.222385,-2.779873,2023-01-01T05:03:16
0.222385,-2.779873,2023-01-01T05:03:17
0.222385,-2.779873,2023-01-01T05:03:18
0.222385,-2.779873,2023-01-01T05:03:19
0.222385,-2.779873,2023-01-01T05:03:20
0.222385,-2.779873,2023-01-01T05:03:21
0.222385,-2.779873,2023-01-01T05:03:22
0.222385,-2.779873,2023-01-01T05:03:23
0.222385,-2.779873,2023-01-01T05:03:24
0.222385,-2.779873,2023-01-01T05:03:25
0.222385,-2.779873,2023-01-01T05:03:26
0.222385,-2.779873,2023-01-01T05:03:27
0.222385,-2.779873,2023-01-01T05:03:28
0.222385,-2.779873,2023-01-01T05:03:29
0.222385,-2.779873,2023-01-01T05:03:30
0.222385,-2.779873,2023-01-01T05:03:31
0.222385,-2.779873,2023-01-01T05:03:32
0.222385,-2.779873,2023-01-01T05:03:33
0.333577,-2.779873,2023-01-01T05:03:34
0.333577,-2.779873,2023-01-01T05:03:35
0.333577,-2.779873,2023-01-01T05:03:36
0.333577,-2.779873,2023-01-01T05:03:37
0.333577,-2.779873,2023-01-01T05:03:38
0.333577,-2.779873,2023-01-01T05:03:39
0.333577,-2.779873,2023-01-01T05:03:40
0.333577,-2.779873,2023-01-01T05:03:41
0.333577,-2.779873,2023-01-01T05:03:42
0.333577,-2.779873,2023-01-01T05:03:43
0.333577,-2.779873,2023-01-01T05:03:44
0.333577,-2.779873,2023-01-01T05:03:45
0.333577,-2.779873,2023-01-01T05:03:46
0.333577,-2.779873,2023-01-01T05:03:47
0.333577,-2.779873,2023-01-01T05:03:48
0.444769,-2.779873,2023-01-01T05:03:49
0.444769,-2.779873,2023-01-01T05:03:50
0.444769,-2.779873,2023-01-01T05:03:51
0.444769,-2.779873,2023-01-01T05:03:52
0.444769,-2.779873,2023-01-01T05:03:53
0.444769,-2.779873,2023-01-01T05:03:54
0.444769,-2.779873,2023-01-01T05:03:55
0.444769,-2.779873,2023-01-01T05:03:56
0.444769,-2.779873,2023-01-01T05:03:57
0.444769,-2.779873,2023-01-01T05:03:58
0.444769,-2.779873,2023-01-01T05:03:59
0.555961,-2.779873,2023-01-01T05:04:00
0.555961,-2.779873,2023-01-01T05:04:01
0.555961,-2.779873,2023-01-01T05:04:02
0.555961,-2.779873,2023-01-01T05:04:03
0.555961,-2.779873,2023-01-01T05:04:04
0.555961,-2.779873,2023-01-01T05:04:05
0.555961,-2.779873,2023-01-01T05:04:06
0.555961,-2.779873,2023-01-01T05:04:07
0.555961,-2.779873,2023-01-01T05:04:08
0.555961,-2.891068,2023-01-01T05:04:09
0.555961,-2.891068,2023-01-01T05:04:10
0.555961,-2.891068,2023-01-01T05:04:11
0.667154,-2.891068,2023-01-01T05:04:12
0.667154,-2.891068,2023-01-01T05:04:13
0.667154,-2.891068,2023-01-01T05:04:14
0.667154,-2.891068,2023-01-01T05:04:15
0.667154,-2.891068,2023-01-01T05:04:16
0.667154,-2.891068,2023-01-01T05:04:17
0.667154,-2.891068,2023-01-01T05:04:18
0.667154,-2.891068,2023-01-01T05:04:19
0.667154,-2.891068,2023-01-01T05:04:20
0.667154,-2.891068,2023-01-01T05:04:21
0.667154,-2.891068,2023-01-01T05:04:22
0.667154,-2.891068,2023-01-01T05:04:23
0.667154,-2.891068,2023-01-01T05:04:24
0.667154,-2.891068,2023-01-01T05:04:25
0.667154,-2.779873,2023-01-01T05:04:26
0.778346,-2.779873,2023-01-01T05:04:27
0.778346,-2.779873,2023-01-01T05:04:28
0.778346,-2.779873,2023-01-01T05:04:29
0.778346,-2.779873,2023-01-01T05:04:30
0.778346,-2.779873,2023-01-01T05:04:31
0.778346,-2.779873,2023-01-01T05:04:32
0.778346,-2.779873,2023-01-01T05:04:33
0.778346,-2.779873,2023-01-01T05:04:34
0.778346,-2.779873,2023-01-01T05:04:35
0.778346,-2.779873,2023-01-01T05:04:36
0.778346,-2.779873,2023-01-01T05:04:37
0.778346,-2.779873,2023-01-01T05:04:38
0.778346,-2.779873,2023-01-01T05:04:39
0.778346,-2.779873,2023-01-01T05:04:40
0.778346,-2.779873,2023-01-01T05:04:41
0.778346,-2.779873,2023-01-01T05:04:42
0.778346,-2.779873,2023-01-01T05:04:43
0.778346,-2.779873,2023-01-01T05:04:44
0.778346,-2.668678,2023-01-01T05:04:45
0.889538,-2.668678,2023-01-01T05:04:46
0.889538,-2.668678,2023-01-01T05:04:47
0.889538,-2.668678,2023-01-01T05:04:48
0.889538,-2.668678,2023-01-01T05:04:49
0.889538,-2.668678,2023-01-01T05:04:50
0.889538,-2.668678,2023-01-01T05:04:51
0.889538,-2.668678,2023-01-01T05:04:52
0.889538,-2.668678,2023-01-01T05:04:53
0.889538,-2.668678,2023-01-01T05:04:54
0.889538,-2.668678,2023-01-01T05:04:55
0.889538,-2.668678,2023-01-01T05:04:56
0.889538,-2.668678,2023-01-01T05:04:57
0.889538,-2.668678,2023-01-01T05:04:58
0.889538,-2.668678,2023-01-01T05:04:59
0.889538,-2.668678,2023-01-01T05:05:00
0.889538,-2.668678,2023-01-01T05:05:01
0.889538,-2.668678,2023-01-01T05:05:02
0.889538,-2.668678,2023-01-01T05:05:03
1.000731,-2.668678,2023-01-01T05:05:04
1.000731,-2.668678,2023-01-01T05:05:05
1.000731,-2.668678,2023-01-01T05:05:06
1.000731,-2.668678,2023-01-01T05:05:07
1.000731,-2.668678,2023-01-01T05:05:08
1.000731,-2.668678,2023-01-01T05:05:09
1.000731,-2.668678,2023-01-01T05:05:10
1.000731,-2.668678,2023-01-01T05:05:11
1.000731,-2.668678,2023-01-01T05:05:12
1.000731,-2.668678,2023-01-01T05:05:13
1.000731,-2.668678,2023-01-01T05:05:14
1.000731,-2.668678,2023-01-01T05:05:15
1.000731,-2.668678,2023-01-01T05:05:16
1.000731,-2.668678,2023-01-01T05:05:17
1.000731,-2.668678,2023-01-01T05:05:18
1.000731,-2.668678,2023-01-01T05:05:19
1.000731,-2.668678,2023-01-01T05:05:20
1.000731,-2.668678,2023-01-01T05:05:21
1.000731,-2.668678,2023-01-01T05:05:22
1.000731,-2.668678,2023-01-01T05:05:23
1.000731,-2.668678,2023-01-01T05:05:24
1.000731,-2.557483,2023-01-01T05:05:25
1.111923,-2.557483,2023-01-01T05:05:26
1.111923,-2.557483,2023-01-01T05:05:27
1.111923,-2.557483,2023-01-01T05:05:28
1.111923,-2.557483,2023-01-01T05:05:29
1.111923,-2.557483,2023-01-01T05:05:30
1.111923,-2.557483,2023-01-01T05:05:31
1.111923,-2.557483,2023-01-01T05:05:32
1.111923,-2.557483,2023-01-01T05:05:33
1.111923,-2.557483,2023-01-01T05:05:34
1.111923,-2.557483,2023-01-01T05:05:35
1.111923,-2.557483,2023-01-01T05:05:36
1.111923,-2.557483,2023-01-01T05:05:37
1.111923,-2.557483,2023-01-01T05:05:38
1.111923,-2.557483,2023-01-01T05:05:39
1.111923,-2.557483,2023-01-01T05:05:40
1.111923,-2.557483,2023-01-01T05:05:41
1.111923,-2.557483,2023-01-01T05:05:42
1.111923,-2.557483,2023-01-01T05:05:43
1.111923,-2.557483,2023-01-01T05:05:44
1.111923,-2.557483,2023-01-01T05:05:45
1.111923,-2.557483,2023-01-01T05:05:46
1.111923,-2.557483,2023-01-01T05:05:47
1.111923,-2.557483,2023-01-01T05:05:48
1.111923,-2.557483,2023-01-01T05:05:49
1.111923,-2.557483,2023-01-01T05:05:50
1.111923,-2.557483,2023-01-01T05:05:51
1.111923,-2.557483,2023-01-01T05:05:52
1.111923,-2.557483,2023-01-01T05:05:53
1.111923,-2.557483,2023-01-01T05:05:54
1.111923,-2.557483,2023-01-01T05:05:55
1.111923,-2.557483,2023-01-01T05:05:56
1.111923,-2.557483,2023-01-01T05:05:57
1.111923,-2.557483,2023-01-01T05:05:58
1.111923,-2.446288,2023-01-01T05:05:59
1.111923,-2.446288,2023-01-01T05:06:00
1.223115,-2.446288,2023-01-01T05:06:01
1.223115,-2.446288,2023-01-01T05:06:02
1.223115,-2.446288,2023-01-01T05:06:03
1.223115,-2.446288,2023-01-01T05:06:04
1.223115,-2.446288,2023-01-01T05:06:05
1.223115,-2.446288,2023-01-01T05:06:06
1.223115,-2.446288,2023-01-01T05:06:07
1.223115,-2.446288,2023-01-01T05:06:08
1.223115,-2.446288,2023-01-01T05:06:09
1.223115,-2.446288,2023-01-01T05:06:10
1.223115,-2.446288,2023-01-01T05:06:11
1.223115,-2.446288,2023-01-01T05:06:12
1.223115,-2.446288,2023-01-01T05:06:13
1.223115,-2.446288,2023-01-01T05:06:14
1.223115,-2.446288,2023-01-01T05:06:15
1.111923,-2.446288,2023-01-01T05:06:16
1.111923,-2.446288,2023-01-01T05:06:17
1.111923,-2.446288,2023-01-01T05:06:18
1.111923,-2.446288,2023-01-01T05:06:19
1.111923,-2.446288,2023-01-01T05:06:20
1.000731,-2.446288,2023-01-01T05:06:21
1.000731,-2.446288,2023-01-01T05:06:22
1.000731,-2.557483,2023-01-01T05:06:23
0.889538,-2.557483,2023-01-01T05:06:24
0.889538,-2.557483,2023-01-01T05:06:25
0.778346,-2.557483,2023-01-01T05:06:26
0.778346,-2.557483,2023-01-01T05:06:27
0.778346,-2.668678,2023-01-01T05:06:28
0.667154,-2.668678,2023-01-01T05:06:29
0.667154,-2.668678,2023-01-01T05:06:30
0.667154,-2.668678,2023-01-01T05:06:31
0.555961,-2.668678,2023-01-01T05:06:32
0.555961,-2.668678,2023-01-01T05:06:33
0.444769,-2.779873,2023-01-01T05:06:34
0.444769,-2.779873,2023-01-01T05:06:35
0.444769,-2.779873,2023-01-01T05:06:36
0.333577,-2.779873,2023-01-01T05:06:37
0.333577,-2.779873,2023-01-01T05:06:38
0.333577,-2.779873,2023-01-01T05:06:39
0.333577,-2.779873,2023-01-01T05:06:40
0.222385,-2.779873,2023-01-01T05:06:41
0.222385,-2.891068,2023-01-01T05:06:42
0.222385,-2.891068,2023-01-01T05:06:43
0.222385,-2.891068,2023-01-01T05:06:44
0.222385,-2.891068,2023-01-01T05:06:45
0.222385,-2.891068,2023-01-01T05:06:46
0.222385,-2.891068,2023-01-01T05:06:47
0.222385,-2.891068,2023-01-01T05:06:48
0.222385,-2.891068,2023-01-01T05:06:49
0.222385,-2.891068,2023-01-01T05:06:50
0.222385,-2.891068,2023-01-01T05:06:51
0.222385,-2.891068,2023-01-01T05:06:52
0.333577,-2.779873,2023-01-01T05:06:53
0.333577,-2.779873,2023-01-01T05:06:54
0.444769,-2.779873,2023-01-01T05:06:55
0.444769,-2.779873,2023-01-01T05:06:56
0.555961,-2.668678,2023-01-01T05:06:57
0.555961,-2.668678,2023-01-01T05:06:58
0.667154,-2.668678,2023-01-01T05:06:59
0.778346,-2.668678,2023-01-01T05:07:00
0.778346,-2.668678,2023-01-01T05:07:01
0.889538,-2.557483,2023-01-01T05:07:02
0.889538,-2.557483,2023-01-01T05:07:03
1.000731,-2.557483,2023-01-01T05:07:04
1.111923,-2.557483,2023-01-01T05:07:05
1.111923,-2.446288,2023-01-01T05:07:06
1.223115,-2.446288,2023-01-01T05:07:07
1.334307,-2.446288,2023-01-01T05:07:08
1.445500,-2.335093,2023-01-01T05:07:09
1.556692,-2.335093,2023-01-01T05:07:10
1.667884,-2.335093,2023-01-01T05:07:11
1.667884,-2.223899,2023-01-01T05:07:12
1.779077,-2.223899,2023-01-01T05:07:13
1.890269,-2.112704,2023-01-01T05:07:14
2.001461,-2.112704,2023-01-01T05:07:15
2.112653,-2.112704,2023-01-01T05:07:16
2.223846,-2.001509,2023-01-01T05:07:17
2.335038,-2.001509,2023-01-01T05:07:18
2.446230,-1.890314,2023-01-01T05:07:19
2.557423,-1.890314,2023-01-01T05:07:20
2.668615,-1.890314,2023-01-01T05:07:21
2.668615,-1.779119,2023-01-01T05:07:22
2.668615,-1.779119,2023-01-01T05:07:23
2.668615,-1.779119,2023-01-01T05:07:24
2.668615,-1.779119,2023-01-01T05:07:25
2.668615,-1.779119,2023-01-01T05:07:26
2.779807,-1.779119,2023-01-01T05:07:27
2.779807,-1.779119,2023-01-01T05:07:28
2.779807,-1.779119,2023-01-01T05:07:29
2.779807,-1.779119,2023-01-01T05:07:30
2.890999,-1.779119,2023-01-01T05:07:31
2.890999,-1.779119,2023-01-01T05:07:32
3.002192,-1.667924,2023-01-01T05:07:33
3.002192,-1.667924,2023-01-01T05:07:34
3.113384,-1.667924,2023-01-01T05:07:35
3.113384,-1.667924,2023-01-01T05:07:36
3.224576,-1.667924,2023-01-01T05:07:37
3.224576,-1.556729,2023-01-01T05:07:38
3.224576,-1.556729,2023-01-01T05:07:39
3.335769,-1.556729,2023-01-01T05:07:40
3.335769,-1.556729,2023-01-01T05:07:41
3.446961,-1.556729,2023-01-01T05:07:42
3.446961,-1.445534,2023-01-01T05:07:43
3.558153,-1.445534,2023-01-01T05:07:44
3.558153,-1.445534,2023-01-01T05:07:45
3.669345,-1.445534,2023-01-01T05:07:46
3.669345,-1.445534,2023-01-01T05:07:47
3.780538,-1.334339,2023-01-01T05:07:48
3.780538,-1.334339,2023-01-01T05:07:49
3.780538,-1.334339,2023-01-01T05:07:50
3.891730,-1.334339,2023-01-01T05:07:51
3.780538,-1.334339,2023-01-01T05:07:52
3.780538,-1.334339,2023-01-01T05:07:53
3.780538,-1.334339,2023-01-01T05:07:54
3.669345,-1.334339,2023-01-01T05:07:55
3.669345,-1.445534,2023-01-01T05:07:56
3.669345,-1.445534,2023-01-01T05:07:57
3.558153,-1.445534,2023-01-01T05:07:58
3.558153,-1.445534,2023-01-01T05:07:59
3.558153,-1.445534,2023-01-01T05:08:00
3.446961,-1.445534,2023-01-01T05:08:01
3.446961,-1.445534,2023-01-01T05:08:02
3.446961,-1.445534,2023-01-01T05:08:03
3.335769,-1.556729,2023-01-01T05:08:04
3.335769,-1.556729,2023-01-01T05:08:05
3.335769,-1.556729,2023-01-01T05:08:06
3.335769,-1.556729,2023-01-01T05:08:07
3.224576,-1.556729,2023-01-01T05:08:08
3.224576,-1.556729,2023-01-01T05:08:09
3.224576,-1.556729,2023-01-01T05:08:10
3.224576,-1.556729,2023-01-01T05:08:11
3.113384,-1.556729,2023-01-01T05:08:12
3.113384,-1.556729,2023-01-01T05:08:13
3.113384,-1.556729,2023-01-01T05:08:14
3.113384,-1.556729,2023-01-01T05:08:15
3.002192,-1.556729,2023-01-01T05:08:16
3.002192,-1.556729,2023-01-01T05:08:17
3.002192,-1.556729,2023-01-01T05:08:18
3.002192,-1.667924,2023-01-01T05:08:19
3.002192,-1.667924,2023-01-01T05:08:20
2.890999,-1.667924,2023-01-01T05:08:21
2.890999,-1.667924,2023-01-01T05:08:22
2.890999,-1.667924,2023-01-01T05:08:23
2.890999,-1.667924,2023-01-01T05:08:24
2.890999,-1.667924,2023-01-01T05:08:25
2.779807,-1.667924,2023-01-01T05:08:26
2.779807,-1.667924,2023-01-01T05:08:27
2.779807,-1.667924,2023-01-01T05:08:28
2.779807,-1.667924,2023-01-01T05:08:29
2.779807,-1.667924,2023-01-01T05:08:30
2.779807,-1.667924,2023-01-01T05:08:31
2.668615,-1.667924,2023-01-01T05:08:32
2.668615,-1.667924,2023-01-01T05:08:33
2.668615,-1.667924,2023-01-01T05:08:34
2.668615,-1.667924,2023-01-01T05:08:35
2.668615,-1.667924,2023-01-01T05:08:36
2.668615,-1.556729,2023-01-01T05:08:37
2.668615,-1.556729,2023-01-01T05:08:38
2.557423,-1.556729,2023-01-01T05:08:39
2.557423,-1.556729,2023-01-01T05:08:40
2.557423,-1.556729,2023-01-01T05:08:41
2.557423,-1.556729,2023-01-01T05:08:42
2.557423,-1.556729,2023-01-01T05:08:43
2.557423,-1.556729,2023-01-01T05:08:44
2.557423,-1.556729,2023-01-01T05:08:45
2.446230,-1.556729,2023-01-01T05:08:46
2.446230,-1.556729,2023-01-01T05:08:47
2.446230,-1.556729,2023-01-01T05:08:48
2.446230,-1.556729,2023-01-01T05:08:49
2.446230,-1.556729,2023-01-01T05:08:50
2.446230,-1.556729,2023-01-01T05:08:51
2.446230,-1.556729,2023-01-01T05:08:52
2.446230,-1.556729,2023-01-01T05:08:53
2.446230,-1.556729,2023-01-01T05:08:54
2.446230,-1.556729,2023-01-01T05:08:55
2.446230,-1.556729,2023-01-01T05:08:56
2.335038,-1.556729,2023-01-01T05:08:57
2.335038,-1.556729,2023-01-01T05:08:58
2.335038,-1.556729,2023-01-01T05:08:59
2.335038,-1.556729,2023-01-01T05:09:00
2.335038,-1.556729,2023-01-01T05:09:01
2.335038,-1.556729,2023-01-01T05:09:02
2.335038,-1.556729,2023-01-01T05:09:03
2.335038,-1.556729,2023-01-01T05:09:04
2.335038,-1.556729,2023-01-01T05:09:05
2.335038,-1.556729,2023-01-01T05:09:06
2.335038,-1.556729,2023-01-01T05:09:07
2.335038,-1.556729,2023-01-01T05:09:08
2.335038,-1.556729,2023-01-01T05:09:09
2.335038,-1.556729,2023-01-01T05:09:10
2.335038,-1.556729,2023-01-01T05:09:11
2.223846,-1.556729,2023-01-01T05:09:12
2.223846,-1.556729,2023-01-01T05:09:13
2.223846,-1.556729,2023-01-01T05:09:14
2.223846,-1.556729,2023-01-01T05:09:15
2.223846,-1.556729,2023-01-01T05:09:16
2.223846,-1.556729,2023-01-01T05:09:17
2.223846,-1.556729,2023-01-01T05:09:18
2.223846,-1.556729,2023-01-01T05:09:19
2.223846,-1.556729,2023-01-01T05:09:20
2.223846,-1.556729,2023-01-01T05:09:21
2.223846,-1.556729,2023-01-01T05:09:22
2.223846,-1.556729,2023-01-01T05:09:23
2.223846,-1.556729,2023-01-01T05:09:24
2.223846,-1.556729,2023-01-01T05:09:25
2.223846,-1.556729,2023-01-01T05:09:26
2.223846,-1.445534,2023-01-01T05:09:27
2.223846,-1.445534,2023-01-01T05:09:28
2.223846,-1.445534,2023-01-01T05:09:29
2.223846,-1.445534,2023-01-01T05:09:30
2.223846,-1.445534,2023-01-01T05:09:31
2.112653,-1.445534,2023-01-01T05:09:32
2.112653,-1.445534,2023-01-01T05:09:33
2.112653,-1.445534,2023-01-01T05:09:34
2.112653,-1.445534,2023-01-01T05:09:35
2.112653,-1.445534,2023-01-01T05:09:36
2.112653,-1.445534,2023-01-01T05:09:37
2.112653,-1.445534,2023-01-01T05:09:38
2.112653,-1.334339,2023-01-01T05:09:39
2.112653,-1.334339,2023-01-01T05:09:40
2.112653,-1.334339,2023-01-01T05:09:41
2.112653,-1.334339,2023-01-01T05:09:42
2.112653,-1.334339,2023-01-01T05:09:43
2.112653,-1.334339,2023-01-01T05:09:44
2.112653,-1.334339,2023-01-01T05:09:45
2.112653,-1.223144,2023-01-01T05:09:46
2.001461,-1.223144,2023-01-01T05:09:47
2.001461,-1.223144,2023-01-01T05:09:48
2.001461,-1.223144,2023-01-01T05:09:49
2.001461,-1.223144,2023-01-01T05:09:50
2.001461,-1.223144,2023-01-01T05:09:51
2.001461,-1.111949,2023-01-01T05:09:52
2.001461,-1.111949,2023-01-01T05:09:53
2.001461,-1.111949,2023-01-01T05:09:54
2.001461,-1.111949,2023-01-01T05:09:55
2.001461,-1.111949,2023-01-01T05:09:56
2.001461,-1.000754,2023-01-01T05:09:57
1.890269,-1.000754,2023-01-01T05:09:58
1.890269,-1.000754,2023-01-01T05:09:59
1.890269,-1.000754,2023-01-01T05:10:00
1.890269,-1.000754,2023-01-01T05:10:01
1.890269,-0.889559,2023-01-01T05:10:02
1.890269,-0.889559,2023-01-01T05:10:03
1.890269,-0.889559,2023-01-01T05:10:04
1.890269,-0.889559,2023-01-01T05:10:05
1.890269,-0.889559,2023-01-01T05:10:06
1.890269,-0.778364,2023-01-01T05:10:07
1.779077,-0.778364,2023-01-01T05:10:08
1.779077,-0.778364,2023-01-01T05:10:09
1.779077,-0.778364,2023-01-01T05:10:10
1.779077,-0.667170,2023-01-01T05:10:11
1.779077,-0.667170,2023-01-01T05:10:12
1.779077,-0.667170,2023-01-01T05:10:13
1.779077,-0.667170,2023-01-01T05:10:14
1.779077,-0.555975,2023-01-01T05:10:15
1.779077,-0.555975,2023-01-01T05:10:16
1.667884,-0.555975,2023-01-01T05:10:17
1.667884,-0.555975,2023-01-01T05:10:18
1.667884,-0.444780,2023-01-01T05:10:19
1.667884,-0.444780,2023-01-01T05:10:20
1.667884,-0.444780,2023-01-01T05:10:21
1.667884,-0.444780,2023-01-01T05:10:22
1.667884,-0.444780,2023-01-01T05:10:23
1.667884,-0.444780,2023-01-01T05:10:24
1.667884,-0.444780,2023-01-01T05:10:25
1.667884,-0.444780,2023-01-01T05:10:26
1.667884,-0.444780,2023-01-01T05:10:27
1.667884,-0.444780,2023-01-01T05:10:28
1.667884,-0.444780,2023-01-01T05:10:29
1.667884,-0.444780,2023-01-01T05:10:30
1.667884,-0.444780,2023-01-01T05:10:31
1.667884,-0.444780,2023-01-01T05:10:32
1.667884,-0.444780,2023-01-01T05:10:33
1.667884,-0.444780,2023-01-01T05:10:34
1.667884,-0.444780,2023-01-01T05:10:35
1.667884,-0.444780,2023-01-01T05:10:36
1.667884,-0.444780,2023-01-01T05:10:37
1.667884,-0.444780,2023-01-01T05:10:38
1.556692,-0.444780,2023-01-01T05:10:39
1.556692,-0.444780,2023-01-01T05:10:40
1.556692,-0.444780,2023-01-01T05:10:41
1.556692,-0.444780,2023-01-01T05:10:42
1.556692,-0.444780,2023-01-01T05:10:43
1.556692,-0.444780,2023-01-01T05:10:44
1.556692,-0.444780,2023-01-01T05:10:45
1.556692,-0.444780,2023-01-01T05:10:46
1.556692,-0.444780,2023-01-01T05:10:47
1.556692,-0.333585,2023-01-01T05:10:48
1.556692,-0.333585,2023-01-01T05:10:49
1.556692,-0.333585,2023-01-01T05:10:50
1.556692,-0.333585,2023-01-01T05:10:51
1.556692,-0.333585,2023-01-01T05:10:52
1.556692,-0.333585,2023-01-01T05:10:53
1.556692,-0.444780,2023-01-01T05:10:54
1.556692,-0.444780,2023-01-01T05:10:55
1.556692,-0.444780,2023-01-01T05:10:56
1.556692,-0.444780,2023-01-01T05:10:57
1.556692,-0.444780,2023-01-01T05:10:58
1.556692,-0.444780,2023-01-01T05:10:59
1.556692,-0.444780,2023-01-01T05:11:00
1.556692,-0.444780,2023-01-01T05:11:01
1.556692,-0.444780,2023-01-01T05:11:02
1.556692,-0.444780,2023-01-01T05:11:03
1.556692,-0.444780,2023-01-01T05:11:04
1.556692,-0.444780,2023-01-01T05:11:05
1.556692,-0.444780,2023-01-01T05:11:06
1.556692,-0.444780,2023-01-01T05:11:07
1.556692,-0.444780,2023-01-01T05:11:08
1.556692,-0.444780,2023-01-01T05:11:09
1.556692,-0.444780,2023-01-01T05:11:10
1.556692,-0.444780,2023-01-01T05:11:11
1.556692,-0.444780,2023-01-01T05:11:12
1.556692,-0.444780,2023-01-01T05:11:13
1.556692,-0.444780,2023-01-01T05:11:14
1.556692,-0.444780,2023-01-01T05:11:15
1.556692,-0.444780,2023-01-01T05:11:16
1.556692,-0.444780,2023-01-01T05:11:17
1.445500,-0.444780,2023-01-01T05:11:18
1.445500,-0.333585,2023-01-01T05:11:19
1.445500,-0.333585,2023-01-01T05:11:20
1.445500,-0.333585,2023-01-01T05:11:21
1.445500,-0.333585,2023-01-01T05:11:22
1.445500,-0.444780,2023-01-01T05:11:23
1.445500,-0.444780,2023-01-01T05:11:24
1.556692,-0.444780,2023-01-01T05:11:25
1.556692,-0.444780,2023-01-01T05:11:26
1.556692,-0.444780,2023-01-01T05:11:27
1.556692,-0.444780,2023-01-01T05:11:28
1.556692,-0.444780,2023-01-01T05:11:29
1.556692,-0.444780,2023-01-01T05:11:30
1.556692,-0.444780,2023-01-01T05:11:31
1.556692,-0.444780,2023-01-01T05:11:32
1.556692,-0.444780,2023-01-01T05:11:33
1.556692,-0.444780,2023-01-01T05:11:34
1.556692,-0.444780,2023-01-01T05:11:35
1.556692,-0.444780,2023-01-01T05:11:36
1.556692,-0.444780,2023-01-01T05:11:37
1.556692,-0.444780,2023-01-01T05:11:38
1.556692,-0.444780,2023-01-01T05:11:39
1.556692,-0.444780,2023-01-01T05:11:40
1.556692,-0.444780,2023-01-01T05:11:41
1.556692,-0.444780,2023-01-01T05:11:42
1.556692,-0.555975,2023-01-01T05:11:43
1.556692,-0.555975,2023-01-01T05:11:44
1.556692,-0.555975,2023-01-01T05:11:45
1.556692,-0.555975,2023-01-01T05:11:46
1.556692,-0.555975,2023-01-01T05:11:47
1.556692,-0.555975,2023-01-01T05:11:48
1.556692,-0.555975,2023-01-01T05:11:49
1.556692,-0.555975,2023-01-01T05:11:50
1.556692,-0.555975,2023-01-01T05:11:51
1.556692,-0.555975,2023-01-01T05:11:52
1.556692,-0.555975,2023-01-01T05:11:53
1.667884,-0.555975,2023-01-01T05:11:54
1.667884,-0.555975,2023-01-01T05:11:55
1.667884,-0.555975,2023-01-01T05:11:56
1.667884,-0.555975,2023-01-01T05:11:57
1.667884,-0.667170,2023-01-01T05:11:58
1.667884,-0.667170,2023-01-01T05:11:59
1.667884,-0.667170,2023-01-01T05:12:00
1.667884,-0.667170,2023-01-01T05:12:01
1.667884,-0.667170,2023-01-01T05:12:02
1.667884,-0.667170,2023-01-01T05:12:03
1.667884,-0.667170,2023-01-01T05:12:04
1.667884,-0.667170,2023-01-01T05:12:05
1.667884,-0.667170,2023-01-01T05:12:06
1.667884,-0.667170,2023-01-01T05:12:07
1.667884,-0.667170,2023-01-01T05:12:08
1.667884,-0.667170,2023-01-01T05:12:09
1.667884,-0.667170,2023-01-01T05:12:10
1.667884,-0.667170,2023-01-01T05:12:11
1.667884,-0.667170,2023-01-01T05:12:12
1.667884,-0.667170,2023-01-01T05:12:13
1.667884,-0.667170,2023-01-01T05:12:14
1.667884,-0.667170,2023-01-01T05:12:15
1.667884,-0.667170,2023-01-01T05:12:16
1.667884,-0.667170,2023-01-01T05:12:17
1.667884,-0.667170,2023-01-01T05:12:18
1.667884,-0.667170,2023-01-01T05:12:19
1.667884,-0.667170,2023-01-01T05:12:20
1.667884,-0.667170,2023-01-01T05:12:21
1.667884,-0.667170,2023-01-01T05:12:22
1.667884,-0.667170,2023-01-01T05:12:23
1.779077,-0.667170,2023-01-01T05:12:24
1.779077,-0.778364,2023-01-01T05:12:25
1.779077,-0.778364,2023-01-01T05:12:26
1.779077,-0.778364,2023-01-01T05:12:27
1.779077,-0.778364,2023-01-01T05:12:28
1.779077,-0.778364,2023-01-01T05:12:29
1.779077,-0.778364,2023-01-01T05:12:30
1.779077,-0.778364,2023-01-01T05:12:31
1.779077,-0.778364,2023-01-01T05:12:32
1.779077,-0.778364,2023-01-01T05:12:33
1.779077,-0.778364,2023-01-01T05:12:34
1.779077,-0.778364,2023-01-01T05:12:35
1.779077,-0.778364,2023-01-01T05:12:36
1.779077,-0.778364,2023-01-01T05:12:37
1.779077,-0.778364,2023-01-01T05:12:38
1.779077,-0.778364,2023-01-01T05:12:39
1.779077,-0.778364,2023-01-01T05:12:40
1.779077,-0.778364,2023-01-01T05:12:41
1.779077,-0.778364,2023-01-01T05:12:42
1.779077,-0.778364,2023-01-01T05:12:43
1.779077,-0.778364,2023-01-01T05:12:44
1.779077,-0.778364,2023-01-01T05:12:45
1.779077,-0.667170,2023-01-01T05:12:46
1.779077,-0.667170,2023-01-01T05:12:47
1.779077,-0.667170,2023-01-01T05:12:48
1.779077,-0.667170,2023-01-01T05:12:49
1.779077,-0.667170,2023-01-01T05:12:50
1.779077,-0.667170,2023-01-01T05:12:51
1.779077,-0.667170,2023-01-01T05:12:52
1.779077,-0.667170,2023-01-01T05:12:53
1.779077,-0.667170,2023-01-01T05:12:54
1.779077,-0.778364,2023-01-01T05:12:55
1.779077,-0.778364,2023-01-01T05:12:56
1.779077,-0.778364,2023-01-01T05:12:57
1.779077,-0.778364,2023-01-01T05:12:58
1.779077,-0.778364,2023-01-01T05:12:59
1.779077,-0.778364,2023-01-01T05:13:00
1.779077,-0.778364,2023-01-01T05:13:01
1.779077,-0.778364,2023-01-01T05:13:02
1.779077,-0.778364,2023-01-01T05:13:03
1.779077,-0.778364,2023-01-01T05:13:04
1.779077,-0.778364,2023-01-01T05:13:05
1.779077,-0.778364,2023-01-01T05:13:06
1.779077,-0.778364,2023-01-01T05:13:07
1.779077,-0.889559,2023-01-01T05:13:08
1.667884,-0.889559,2023-01-01T05:13:09
1.667884,-0.889559,2023-01-01T05:13:10
1.667884,-0.889559,2023-01-01T05:13:11
1.667884,-0.889559,2023-01-01T05:13:12
1.667884,-0.889559,2023-01-01T05:13:13
1.667884,-0.889559,2023-01-01T05:13:14
1.667884,-0.889559,2023-01-01T05:13:15
1.667884,-0.889559,2023-01-01T05:13:16
1.667884,-0.889559,2023-01-01T05:13:17
1.667884,-0.889559,2023-01-01T05:13:18
1.667884,-0.889559,2023-01-01T05:13:19
1.667884,-0.889559,2023-01-01T05:13:20
1.667884,-0.889559,2023-01-01T05:13:21
1.667884,-1.000754,2023-01-01T05:13:22
1.667884,-1.000754,2023-01-01T05:13:23
1.667884,-1.000754,2023-01-01T05:13:24
1.667884,-1.000754,2023-01-01T05:13:25
1.667884,-1.000754,2023-01-01T05:13:26
1.556692,-1.000754,2023-01-01T05:13:27
1.556692,-1.000754,2023-01-01T05:13:28
1.556692,-1.111949,2023-01-01T05:13:29
1.556692,-1.111949,2023-01-01T05:13:30
1.556692,-1.111949,2023-01-01T05:13:31
1.556692,-1.111949,2023-01-01T05:13:32
1.556692,-1.111949,2023-01-01T05:13:33
1.556692,-1.111949,2023-01-01T05:13:34
1.556692,-1.111949,2023-01-01T05:13:35
1.556692,-1.111949,2023-01-01T05:13:36
1.556692,-1.223144,2023-01-01T05:13:37
1.556692,-1.223144,2023-01-01T05:13:38
1.556692,-1.223144,2023-01-01T05:13:39
1.556692,-1.223144,2023-01-01T05:13:40
1.556692,-1.223144,2023-01-01T05:13:41
1.556692,-1.223144,2023-01-01T05:13:42
1.445500,-1.223144,2023-01-01T05:13:43
1.445500,-1.223144,2023-01-01T05:13:44
1.445500,-1.223144,2023-01-01T05:13:45
1.445500,-1.334339,2023-01-01T05:13:46
1.445500,-1.334339,2023-01-01T05:13:47
1.445500,-1.334339,2023-01-01T05:13:48
1.445500,-1.334339,2023-01-01T05:13:49
1.445500,-1.334339,2023-01-01T05:13:50
1.445500,-1.334339,2023-01-01T05:13:51
1.445500,-1.334339,2023-01-01T05:13:52
1.334307,-1.334339,2023-01-01T05:13:53
1.334307,-1.445534,2023-01-01T05:13:54
1.334307,-1.445534,2023-01-01T05:13:55
1.334307,-1.445534,2023-01-01T05:13:56
1.334307,-1.445534,2023-01-01T05:13:57
1.334307,-1.445534,2023-01-01T05:13:58
1.334307,-1.445534,2023-01-01T05:13:59
1.334307,-1.556729,2023-01-01T05:14:00
1.334307,-1.556729,2023-01-01T05:14:01
1.334307,-1.556729,2023-01-01T05:14:02
1.223115,-1.556729,2023-01-01T05:14:03
1.223115,-1.556729,2023-01-01T05:14:04
1.223115,-1.556729,2023-01-01T05:14:05
1.223115,-1.556729,2023-01-01T05:14:06
1.223115,-1.667924,2023-01-01T05:14:07
1.223115,-1.667924,2023-01-01T05:14:08
1.223115,-1.667924,2023-01-01T05:14:09
1.223115,-1.667924,2023-01-01T05:14:10
1.111923,-1.667924,2023-01-01T05:14:11
1.111923,-1.667924,2023-01-01T05:14:12
1.111923,-1.667924,2023-01-01T05:14:13
1.111923,-1.667924,2023-01-01T05:14:14
1.111923,-1.779119,2023-01-01T05:14:15
1.111923,-1.779119,2023-01-01T05:14:16
1.000731,-1.779119,2023-01-01T05:14:17
1.000731,-1.779119,2023-01-01T05:14:18
1.000731,-1.779119,2023-01-01T05:14:19
1.000731,-1.779119,2023-01-01T05:14:20
1.000731,-1.779119,2023-01-01T05:14:21
1.000731,-1.779119,2023-01-01T05:14:22
0.889538,-1.890314,2023-01-01T05:14:23
0.889538,-1.890314,2023-01-01T05:14:24
0.889538,-1.890314,2023-01-01T05:14:25
0.889538,-1.890314,2023-01-01T05:14:26
0.889538,-1.890314,2023-01-01T05:14:27
0.889538,-2.001509,2023-01-01T05:14:28
0.778346,-2.001509,2023-01-01T05:14:29
0.778346,-2.001509,2023-01-01T05:14:30
0.778346,-2.001509,2023-01-01T05:14:31
0.778346,-2.001509,2023-01-01T05:14:32
0.778346,-2.001509,2023-01-01T05:14:33
0.778346,-2.112704,2023-01-01T05:14:34
0.667154,-2.112704,2023-01-01T05:14:35
0.667154,-2.112704,2023-01-01T05:14:36
0.667154,-2.112704,2023-01-01T05:14:37
0.667154,-2.112704,2023-01-01T05:14:38
0.667154,-2.112704,2023-01-01T05:14:39
0.667154,-2.112704,2023-01-01T05:14:40
0.555961,-2.223899,2023-01-01T05:14:41
0.555961,-2.223899,2023-01-01T05:14:42
0.555961,-2.223899,2023-01-01T05:14:43
0.555961,-2.223899,2023-01-01T05:14:44
0.555961,-2.223899,2023-01-01T05:14:45
0.555961,-2.223899,2023-01-01T05:14:46
0.444769,-2.223899,2023-01-01T05:14:47
0.444769,-2.335093,2023-01-01T05:14:48
0.444769,-2.335093,2023-01-01T05:14:49
0.444769,-2.335093,2023-01-01T05:14:50
0.444769,-2.335093,2023-01-01T05:14:51
0.333577,-2.335093,2023-01-01T05:14:52
0.333577,-2.335093,2023-01-01T05:14:53
0.333577,-2.446288,2023-01-01T05:14:54
0.333577,-2.446288,2023-01-01T05:14:55
0.333577,-2.446288,2023-01-01T05:14:56
0.333577,-2.446288,2023-01-01T05:14:57
0.222385,-2.446288,2023-01-01T05:14:58
0.222385,-2.557483,2023-01-01T05:14:59
0.222385,-2.557483,2023-01-01T05:15:00
0.222385,-2.557483,2023-01-01T05:15:01
0.222385,-2.557483,2023-01-01T05:15:02
0.111192,-2.557483,2023-01-01T05:15:03
0.111192,-2.668678,2023-01-01T05:15:04
0.111192,-2.668678,2023-01-01T05:15:05
0.111192,-2.668678,2023-01-01T05:15:06
0.111192,-2.668678,2023-01-01T05:15:07
0.000000,-2.668678,2023-01-01T05:15:08
0.000000,-2.668678,2023-01-01T05:15:09
0.000000,-2.668678,2023-01-01T05:15:10
0.000000,-2.779873,2023-01-01T05:15:11
0.000000,-2.779873,2023-01-01T05:15:12
-0.111192,-2.779873,2023-01-01T05:15:13
-0.111192,-2.779873,2023-01-01T05:15:14
-0.111192,-2.779873,2023-01-01T05:15:15
-0.111192,-2.779873,2023-01-01T05:15:16
-0.222385,-2.891068,2023-01-01T05:15:17
-0.222385,-2.891068,2023-01-01T05:15:18
-0.222385,-2.891068,2023-01-01T05:15:19
-0.222385,-2.891068,2023-01-01T05:15:20
-0.222385,-2.891068,2023-01-01T05:15:21
-0.333577,-2.891068,2023-01-01T05:15:22
-0.333577,-2.891068,2023-01-01T05:15:23
-0.333577,-3.002263,2023-01-01T05:15:24
-0.333577,-3.002263,2023-01-01T05:15:25
-0.333577,-3.002263,2023-01-01T05:15:26
-0.444769,-3.002263,2023-01-01T05:15:27
-0.444769,-3.002263,2023-01-01T05:15:28
-0.444769,-3.113458,2023-01-01T05:15:29
-0.444769,-3.113458,2023-01-01T05:15:30
-0.555961,-3.113458,2023-01-01T05:15:31
-0.555961,-3.113458,2023-01-01T05:15:32
-0.555961,-3.113458,2023-01-01T05:15:33
-0.555961,-3.224653,2023-01-01T05:15:34
-0.555961,-3.224653,2023-01-01T05:15:35
-0.667154,-3.224653,2023-01-01T05:15:36
-0.667154,-3.224653,2023-01-01T05:15:37
-0.667154,-3.224653,2023-01-01T05:15:38
-0.667154,-3.224653,2023-01-01T05:15:39
-0.667154,-3.224653,2023-01-01T05:15:40
-0.778346,-3.335848,2023-01-01T05:15:41
-0.778346,-3.335848,2023-01-01T05:15:42
-0.778346,-3.335848,2023-01-01T05:15:43
-0.778346,-3.335848,2023-01-01T05:15:44
-0.889538,-3.335848,2023-01-01T05:15:45
-0.889538,-3.335848,2023-01-01T05:15:46
-0.889538,-3.335848,2023-01-01T05:15:47
-0.889538,-3.335848,2023-01-01T05:15:48
-0.889538,-3.335848,2023-01-01T05:15:49
-1.000731,-3.335848,2023-01-01T05:15:50
-1.000731,-3.447043,2023-01-01T05:15:51
-1.000731,-3.447043,2023-01-01T05:15:52
-1.000731,-3.447043,2023-01-01T05:15:53
-1.111923,-3.447043,2023-01-01T05:15:54
-1.111923,-3.447043,2023-01-01T05:15:55
-1.111923,-3.558238,2023-01-01T05:15:56
-1.111923,-3.558238,2023-01-01T05:15:57
-1.223115,-3.558238,2023-01-01T05:15:58
-1.223115,-3.558238,2023-01-01T05:15:59
-1.223115,-3.558238,2023-01-01T05:16:00
-1.223115,-3.558238,2023-01-01T05:16:01
-1.223115,-3.558238,2023-01-01T05:16:02
-1.334307,-3.669433,2023-01-01T05:16:03
-1.334307,-3.669433,2023-01-01T05:16:04
-1.334307,-3.669433,2023-01-01T05:16:05
-1.334307,-3.669433,2023-01-01T05:16:06
-1.334307,-3.669433,2023-01-01T05:16:07
-1.445500,-3.669433,2023-01-01T05:16:08
-1.445500,-3.669433,2023-01-01T05:16:09
-1.445500,-3.669433,2023-01-01T05:16:10
-1.445500,-3.780628,2023-01-01T05:16:11
-1.556692,-3.780628,2023-01-01T05:16:12
-1.556692,-3.780628,2023-01-01T05:16:13
-1.556692,-3.780628,2023-01-01T05:16:14
-1.556692,-3.780628,2023-01-01T05:16:15
-1.667884,-3.780628,2023-01-01T05:16:16
-1.667884,-3.780628,2023-01-01T05:16:17
-1.667884,-3.780628,2023-01-01T05:16:18
-1.667884,-3.780628,2023-01-01T05:16:19
-1.667884,-3.891822,2023-01-01T05:16:20
-1.779077,-3.891822,2023-01-01T05:16:21
-1.779077,-3.891822,2023-01-01T05:16:22
-1.779077,-3.891822,2023-01-01T05:16:23
-1.779077,-3.891822,2023-01-01T05:16:24
-1.890269,-3.891822,2023-01-01T05:16:25
-1.890269,-4.003017,2023-01-01T05:16:26
-1.890269,-4.003017,2023-01-01T05:16:27
-1.890269,-4.003017,2023-01-01T05:16:28
-1.890269,-4.003017,2023-01-01T05:16:29
-2.001461,-4.003017,2023-01-01T05:16:30
-2.001461,-4.003017,2023-01-01T05:16:31
-2.001461,-4.114212,2023-01-01T05:16:32
-2.001461,-4.114212,2023-01-01T05:16:33
-2.112653,-4.114212,2023-01-01T05:16:34
-2.112653,-4.114212,2023-01-01T05:16:35
-2.112653,-4.114212,2023-01-01T05:16:36
-2.223846,-4.114212,2023-01-01T05:16:37
-2.223846,-4.225407,2023-01-01T05:16:38
-2.223846,-4.225407,2023-01-01T05:16:39
-2.223846,-4.225407,2023-01-01T05:16:40
-2.223846,-4.225407,2023-01-01T05:16:41
-2.335038,-4.225407,2023-01-01T05:16:42
-2.335038,-4.225407,2023-01-01T05:16:43
-2.335038,-4.336602,2023-01-01T05:16:44
-2.335038,-4.336602,2023-01-01T05:16:45
-2.446230,-4.336602,2023-01-01T05:16:46
-2.446230,-4.336602,2023-01-01T05:16:47
-2.446230,-4.336602,2023-01-01T05:16:48
-2.446230,-4.336602,2023-01-01T05:16:49
-2.446230,-4.336602,2023-01-01T05:16:50
-2.557423,-4.336602,2023-01-01T05:16:51
-2.557423,-4.447797,2023-01-01T05:16:52
-2.557423,-4.447797,2023-01-01T05:16:53
-2.557423,-4.447797,2023-01-01T05:16:54
-2.668615,-4.447797,2023-01-01T05:16:55
-2.668615,-4.447797,2023-01-01T05:16:56
-2.668615,-4.447797,2023-01-01T05:16:57
-2.668615,-4.447797,2023-01-01T05:16:58
-2.668615,-4.558992,2023-01-01T05:16:59
-2.779807,-4.558992,2023-01-01T05:17:00
-2.779807,-4.558992,2023-01-01T05:17:01
-2.779807,-4.558992,2023-01-01T05:17:02
-2.779807,-4.558992,2023-01-01T05:17:03
-2.890999,-4.558992,2023-01-01T05:17:04
-2.890999,-4.558992,2023-01-01T05:17:05
-2.890999,-4.558992,2023-01-01T05:17:06
-2.890999,-4.670187,2023-01-01T05:17:07
-2.890999,-4.670187,2023-01-01T05:17:08
-3.002192,-4.670187,2023-01-01T05:17:09
-3.002192,-4.670187,2023-01-01T05:17:10
-3.002192,-4.670187,2023-01-01T05:17:11
-3.002192,-4.670187,2023-01-01T05:17:12
-3.113384,-4.670187,2023-01-01T05:17:13
-3.113384,-4.781382,2023-01-01T05:17:14
-3.113384,-4.781382,2023-01-01T05:17:15
-3.113384,-4.781382,2023-01-01T05:17:16
-3.224576,-4.781382,2023-01-01T05:17:17
-3.224576,-4.781382,2023-01-01T05:17:18
-3.224576,-4.781382,2023-01-01T05:17:19
-3.224576,-4.781382,2023-01-01T05:17:20
-3.335769,-4.781382,2023-01-01T05:17:21
-3.335769,-4.781382,2023-01-01T05:17:22
-3.335769,-4.892577,2023-01-01T05:17:23
-3.335769,-4.892577,2023-01-01T05:17:24
-3.335769,-4.892577,2023-01-01T05:17:25
-3.446961,-4.892577,2023-01-01T05:17:26
-3.446961,-4.892577,2023-01-01T05:17:27
-3.446961,-4.892577,2023-01-01T05:17:28
-3.446961,-4.892577,2023-01-01T05:17:29
-3.446961,-4.892577,2023-01-01T05:17:30
-3.558153,-4.892577,2023-01-01T05:17:31
-3.558153,-4.892577,2023-01-01T05:17:32
-3.558153,-5.003772,2023-01-01T05:17:33
-3.558153,-5.003772,2023-01-01T05:17:34
-3.669345,-5.003772,2023-01-01T05:17:35
-3.669345,-5.003772,2023-01-01T05:17:36
-3.669345,-5.003772,2023-01-01T05:17:37
-3.669345,-5.003772,2023-01-01T05:17:38
-3.780538,-5.003772,2023-01-01T05:17:39
-3.780538,-5.003772,2023-01-01T05:17:40
-3.780538,-5.003772,2023-01-01T05:17:41
-3.780538,-5.003772,2023-01-01T05:17:42
-3.891730,-5.003772,2023-01-01T05:17:43
-3.891730,-5.003772,2023-01-01T05:17:44
-3.891730,-5.003772,2023-01-01T05:17:45
-3.891730,-5.114967,2023-01-01T05:17:46
-3.891730,-5.114967,2023-01-01T05:17:47
-4.002922,-5.114967,2023-01-01T05:17:48
-4.002922,-5.114967,2023-01-01T05:17:49
-4.002922,-5.114967,2023-01-01T05:17:50
-4.002922,-5.114967,2023-01-01T05:17:51
-4.114114,-5.114967,2023-01-01T05:17:52
-4.114114,-5.114967,2023-01-01T05:17:53
-4.114114,-5.114967,2023-01-01T05:17:54
-4.114114,-5.114967,2023-01-01T05:17:55
-4.225307,-5.114967,2023-01-01T05:17:56
-4.225307,-5.114967,2023-01-01T05:17:57
-4.225307,-5.114967,2023-01-01T05:17:58
-4.225307,-5.114967,2023-01-01T05:17:59
-4.225307,-5.114967,2023-01-01T05:18:00
-4.336499,-5.114967,2023-01-01T05:18:01
-4.336499,-5.114967,2023-01-01T05:18:02
-4.336499,-5.114967,2023-01-01T05:18:03
-4.336499,-5.114967,2023-01-01T05:18:04
-4.336499,-5.114967,2023-01-01T05:18:05
-4.447691,-5.114967,2023-01-01T05:18:06
-4.447691,-5.114967,2023-01-01T05:18:07
-4.447691,-5.114967,2023-01-01T05:18:08
-4.447691,-5.114967,2023-01-01T05:18:09
-4.447691,-5.114967,2023-01-01T05:18:10
-4.558884,-5.114967,2023-01-01T05:18:11
-4.558884,-5.114967,2023-01-01T05:18:12
-4.558884,-5.114967,2023-01-01T05:18:13
-4.558884,-5.114967,2023-01-01T05:18:14
-4.670076,-5.114967,2023-01-01T05:18:15
-4.670076,-5.114967,2023-01-01T05:18:16
-4.670076,-5.114967,2023-01-01T05:18:17
-4.670076,-5.114967,2023-01-01T05:18:18
-4.781268,-5.114967,2023-01-01T05:18:19
-4.781268,-5.114967,2023-01-01T05:18:20
-4.781268,-5.114967,2023-01-01T05:18:21
-4.781268,-5.114967,2023-01-01T05:18:22
-4.781268,-5.226162,2023-01-01T05:18:23
-4.892460,-5.226162,2023-01-01T05:18:24
-4.892460,-5.226162,2023-01-01T05:18:25
-4.892460,-5.226162,2023-01-01T05:18:26
-4.892460,-5.226162,2023-01-01T05:18:27
-5.003653,-5.226162,2023-01-01T05:18:28
-5.003653,-5.226162,2023-01-01T05:18:29
-5.003653,-5.226162,2023-01-01T05:18:30
-5.003653,-5.226162,2023-01-01T05:18:31
-5.003653,-5.226162,2023-01-01T05:18:32
-5.114845,-5.226162,2023-01-01T05:18:33
-5.114845,-5.337356,2023-01-01T05:18:34
-5.114845,-5.337356,2023-01-01T05:18:35
-5.114845,-5.337356,2023-01-01T05:18:36
-5.114845,-5.337356,2023-01-01T05:18:37
-5.226037,-5.337356,2023-01-01T05:18:38
-5.226037,-5.337356,2023-01-01T05:18:39
-5.226037,-5.337356,2023-01-01T05:18:40
-5.226037,-5.337356,2023-01-01T05:18:41
-5.226037,-5.337356,2023-01-01T05:18:42
-5.337230,-5.337356,2023-01-01T05:18:43
-5.337230,-5.337356,2023-01-01T05:18:44
-5.337230,-5.337356,2023-01-01T05:18:45
-5.337230,-5.448551,2023-01-01T05:18:46
-5.337230,-5.448551,2023-01-01T05:18:47
-5.448422,-5.448551,2023-01-01T05:18:48
-5.448422,-5.448551,2023-01-01T05:18:49
-5.448422,-5.448551,2023-01-01T05:18:50
-5.448422,-5.448551,2023-01-01T05:18:51
-5.448422,-5.448551,2023-01-01T05:18:52
-5.559614,-5.448551,2023-01-01T05:18:53
-5.559614,-5.448551,2023-01-01T05:18:54
-5.559614,-5.559746,2023-01-01T05:18:55
-5.559614,-5.559746,2023-01-01T05:18:56
-5.670806,-5.559746,2023-01-01T05:18:57
-5.670806,-5.559746,2023-01-01T05:18:58
-5.670806,-5.559746,2023-01-01T05:18:59
-5.670806,-5.559746,2023-01-01T05:19:00
-5.670806,-5.559746,2023-01-01T05:19:01
-5.781999,-5.670941,2023-01-01T05:19:02
-5.781999,-5.670941,2023-01-01T05:19:03
-5.781999,-5.670941,2023-01-01T05:19:04
-5.781999,-5.670941,2023-01-01T05:19:05
-5.781999,-5.670941,2023-01-01T05:19:06
-5.893191,-5.670941,2023-01-01T05:19:07
-5.893191,-5.670941,2023-01-01T05:19:08
-5.893191,-5.670941,2023-01-01T05:19:09
-5.893191,-5.782136,2023-01-01T05:19:10
-5.893191,-5.782136,2023-01-01T05:19:11
-5.893191,-5.782136,2023-01-01T05:19:12
-6.004383,-5.782136,2023-01-01T05:19:13
-6.004383,-5.782136,2023-01-01T05:19:14
-6.004383,-5.782136,2023-01-01T05:19:15
-6.004383,-5.782136,2023-01-01T05:19:16
-6.004383,-5.782136,2023-01-01T05:19:17
-6.004383,-5.893331,2023-01-01T05:19:18
-6.115576,-5.893331,2023-01-01T05:19:19
-6.115576,-5.893331,2023-01-01T05:19:20
-6.115576,-5.893331,2023-01-01T05:19:21
-6.115576,-5.893331,2023-01-01T05:19:22
-6.115576,-5.893331,2023-01-01T05:19:23
-6.226768,-5.893331,2023-01-01T05:19:24
-6.226768,-6.004526,2023-01-01T05:19:25
-6.226768,-6.004526,2023-01-01T05:19:26
-6.226768,-6.004526,2023-01-01T05:19:27
-6.226768,-6.004526,2023-01-01T05:19:28
-6.226768,-6.004526,2023-01-01T05:19:29
-6.337960,-6.004526,2023-01-01T05:19:30
-6.337960,-6.115721,2023-01-01T05:19:31
-6.337960,-6.115721,2023-01-01T05:19:32
-6.337960,-6.115721,2023-01-01T05:19:33
-6.337960,-6.115721,2023-01-01T05:19:34
-6.449152,-6.115721,2023-01-01T05:19:35
-6.449152,-6.115721,2023-01-01T05:19:36
-6.449152,-6.115721,2023-01-01T05:19:37
-6.449152,-6.226916,2023-01-01T05:19:38
-6.449152,-6.226916,2023-01-01T05:19:39
-6.449152,-6.226916,2023-01-01T05:19:40
-6.560345,-6.226916,2023-01-01T05:19:41
-6.560345,-6.226916,2023-01-01T05:19:42
-6.560345,-6.226916,2023-01-01T05:19:43
-6.560345,-6.226916,2023-01-01T05:19:44
-6.560345,-6.226916,2023-01-01T05:19:45
-6.560345,-6.338111,2023-01-01T05:19:46
-6.671537,-6.338111,2023-01-01T05:19:47
-6.671537,-6.338111,2023-01-01T05:19:48
-6.671537,-6.338111,2023-01-01T05:19:49
-6.671537,-6.338111,2023-01-01T05:19:50
-6.671537,-6.338111,2023-01-01T05:19:51
-6.671537,-6.338111,2023-01-01T05:19:52
-6.782729,-6.338111,2023-01-01T05:19:53
-6.782729,-6.338111,2023-01-01T05:19:54
-6.782729,-6.338111,2023-01-01T05:19:55
-6.782729,-6.338111,2023-01-01T05:19:56
-6.782729,-6.449306,2023-01-01T05:19:57
-6.782729,-6.449306,2023-01-01T05:19:58
-6.893922,-6.449306,2023-01-01T05:19:59
-6.893922,-6.449306,2023-01-01T05:20:00
-6.893922,-6.449306,2023-01-01T05:20:01
-6.893922,-6.449306,2023-01-01T05:20:02
-6.893922,-6.449306,2023-01-01T05:20:03
-6.893922,-6.449306,2023-01-01T05:20:04
-6.893922,-6.449306,2023-01-01T05:20:05
-6.893922,-6.449306,2023-01-01T05:20:06
-6.893922,-6.449306,2023-01-01T05:20:07
-7.005114,-6.449306,2023-01-01T05:20:08
-7.005114,-6.449306,2023-01-01T05:20:09
-7.005114,-6.449306,2023-01-01T05:20:10
-7.005114,-6.449306,2023-01-01T05:20:11
-7.005114,-6.449306,2023-01-01T05:20:12
-7.005114,-6.449306,2023-01-01T05:20:13
-7.005114,-6.449306,2023-01-01T05:20:14
-7.005114,-6.449306,2023-01-01T05:20:15
-7.005114,-6.560501,2023-01-01T05:20:16
-7.005114,-6.560501,2023-01-01T05:20:17
-7.005114,-6.560501,2023-01-01T05:20:18
-7.005114,-6.560501,2023-01-01T05:20:19
-7.116306,-6.560501,2023-01-01T05:20:20
-7.116306,-6.560501,2023-01-01T05:20:21
-7.116306,-6.560501,2023-01-01T05:20:22
-7.116306,-6.560501,2023-01-01T05:20:23
-7.116306,-6.560501,2023-01-01T05:20:24
-7.116306,-6.560501,2023-01-01T05:20:25
-7.116306,-6.560501,2023-01-01T05:20:26
-7.116306,-6.560501,2023-01-01T05:20:27
-7.116306,-6.560501,2023-01-01T05:20:28
-7.116306,-6.560501,2023-01-01T05:20:29
-7.116306,-6.560501,2023-01-01T05:20:30
-7.116306,-6.560501,2023-01-01T05:20:31
-7.116306,-6.560501,2023-01-01T05:20:32
-7.116306,-6.560501,2023-01-01T05:20:33
-7.116306,-6.560501,2023-01-01T05:20:34
-7.116306,-6.560501,2023-01-01T05:20:35
-7.116306,-6.560501,2023-01-01T05:20:36
-7.116306,-6.560501,2023-01-01T05:20:37
-7.116306,-6.560501,2023-01-01T05:20:38
-7.116306,-6.560501,2023-01-01T05:20:39
-7.116306,-6.560501,2023-01-01T05:20:40
-7.116306,-6.560501,2023-01-01T05:20:41
-7.116306,-6.560501,2023-01-01T05:20:42
-7.116306,-6.560501,2023-01-01T05:20:43
-7.116306,-6.560501,2023-01-01T05:20:44
-7.116306,-6.560501,2023-01-01T05:20:45
-7.116306,-6.560501,2023-01-01T05:20:46
-7.116306,-6.560501,2023-01-01T05:20:47
-7.116306,-6.560501,2023-01-01T05:20:48
-7.116306,-6.560501,2023-01-01T05:20:49
-7.116306,-6.560501,2023-01-01T05:20:50
-7.116306,-6.560501,2023-01-01T05:20:51
-7.116306,-6.560501,2023-01-01T05:20:52
-7.116306,-6.560501,2023-01-01T05:20:53
-7.116306,-6.560501,2023-01-01T05:20:54
-7.116306,-6.560501,2023-01-01T05:20:55
-7.116306,-6.560501,2023-01-01T05:20:56
-7.116306,-6.560501,2023-01-01T05:20:57
-7.116306,-6.560501,2023-01-01T05:20:58
-7.116306,-6.560501,2023-01-01T05:20:59
-7.116306,-6.560501,2023-01-01T05:21:00
-7.116306,-6.560501,2023-01-01T05:21:01
-7.116306,-6.560501,2023-01-01T05:21:02
-7.116306,-6.560501,2023-01-01T05:21:03
-7.116306,-6.560501,2023-01-01T05:21:04
-7.116306,-6.560501,2023-01-01T05:21:05
-7.116306,-6.560501,2023-01-01T05:21:06
-7.116306,-6.560501,2023-01-01T05:21:07
-7.116306,-6.560501,2023-01-01T05:21:08
-7.116306,-6.560501,2023-01-01T05:21:09
-7.116306,-6.560501,2023-01-01T05:21:10
-7.116306,-6.560501,2023-01-01T05:21:11
-7.116306,-6.560501,2023-01-01T05:21:12
-7.116306,-6.560501,2023-01-01T05:21:13
-7.116306,-6.560501,2023-01-01T05:21:14
-7.116306,-6.560501,2023-01-01T05:21:15
-7.116306,-6.560501,2023-01-01T05:21:16
-7.116306,-6.560501,2023-01-01T05:21:17
-7.116306,-6.560501,2023-01-01T05:21:18
-7.116306,-6.560501,2023-01-01T05:21:19
-7.116306,-6.671696,2023-01-01T05:21:20
-7.116306,-6.671696,2023-01-01T05:21:21
-7.116306,-6.671696,2023-01-01T05:21:22
-7.116306,-6.671696,2023-01-01T05:21:23
-7.116306,-6.671696,2023-01-01T05:21:24
-7.116306,-6.671696,2023-01-01T05:21:25
-7.116306,-6.671696,2023-01-01T05:21:26
-7.116306,-6.671696,2023-01-01T05:21:27
-7.116306,-6.671696,2023-01-01T05:21:28
-7.116306,-6.671696,2023-01-01T05:21:29
-7.116306,-6.671696,2023-01-01T05:21:30
-7.116306,-6.671696,2023-01-01T05:21:31
-7.116306,-6.671696,2023-01-01T05:21:32
-7.116306,-6.671696,2023-01-01T05:21:33
-7.116306,-6.671696,2023-01-01T05:21:34
-7.116306,-6.671696,2023-01-01T05:21:35
-7.116306,-6.671696,2023-01-01T05:21:36
-7.116306,-6.671696,2023-01-01T05:21:37
-7.116306,-6.671696,2023-01-01T05:21:38
-7.116306,-6.671696,2023-01-01T05:21:39
-7.116306,-6.671696,2023-01-01T05:21:40
-7.116306,-6.671696,2023-01-01T05:21:41
-7.116306,-6.671696,2023-01-01T05:21:42
-7.116306,-6.671696,2023-01-01T05:21:43
-7.116306,-6.671696,2023-01-01T05:21:44
-7.116306,-6.671696,2023-01-01T05:21:45
-7.116306,-6.671696,2023-01-01T05:21:46
-7.116306,-6.671696,2023-01-01T05:21:47
-7.116306,-6.671696,2023-01-01T05:21:48
-7.116306,-6.671696,2023-01-01T05:21:49
-7.116306,-6.671696,2023-01-01T05:21:50
-7.116306,-6.671696,2023-01-01T05:21:51
-7.116306,-6.671696,2023-01-01T05:21:52
-7.116306,-6.671696,2023-01-01T05:21:53
-7.116306,-6.671696,2023-01-01T05:21:54
-7.116306,-6.671696,2023-01-01T05:21:55
-7.116306,-6.671696,2023-01-01T05:21:56
-7.227498,-6.671696,2023-01-01T05:21:57
-7.227498,-6.671696,2023-01-01T05:21:58
-7.227498,-6.671696,2023-01-01T05:21:59
-7.227498,-6.671696,2023-01-01T05:22:00
-7.227498,-6.671696,2023-01-01T05:22:01
-7.227498,-6.671696,2023-01-01T05:22:02
-7.227498,-6.671696,2023-01-01T05:22:03
-7.227498,-6.671696,2023-01-01T05:22:04
-7.227498,-6.671696,2023-01-01T05:22:05
-7.227498,-6.671696,2023-01-01T05:22:06
-7.227498,-6.671696,2023-01-01T05:22:07
-7.227498,-6.782891,2023-01-01T05:22:08
-7.227498,-6.782891,2023-01-01T05:22:09
-7.227498,-6.782891,2023-01-01T05:22:10
-7.227498,-6.782891,2023-01-01T05:22:11
-7.227498,-6.782891,2023-01-01T05:22:12
-7.227498,-6.782891,2023-01-01T05:22:13
-7.227498,-6.782891,2023-01-01T05:22:14
-7.227498,-6.782891,2023-01-01T05:22:15
-7.227498,-6.782891,2023-01-01T05:22:16
-7.227498,-6.782891,2023-01-01T05:22:17
-7.227498,-6.782891,2023-01-01T05:22:18
-7.227498,-6.782891,2023-01-01T05:22:19
-7.227498,-6.782891,2023-01-01T05:22:20
-7.227498,-6.782891,2023-01-01T05:22:21
-7.227498,-6.782891,2023-01-01T05:22:22
-7.227498,-6.782891,2023-01-01T05:22:23
-7.227498,-6.782891,2023-01-01T05:22:24
-7.227498,-6.782891,2023-01-01T05:22:25
-7.227498,-6.782891,2023-01-01T05:22:26
-7.227498,-6.782891,2023-01-01T05:22:27
-7.227498,-6.782891,2023-01-01T05:22:28
-7.227498,-6.782891,2023-01-01T05:22:29
-7.227498,-6.782891,2023-01-01T05:22:30
-7.227498,-6.782891,2023-01-01T05:22:31
-7.227498,-6.782891,2023-01-01T05:22:32
-7.227498,-6.782891,2023-01-01T05:22:33
-7.227498,-6.782891,2023-01-01T05:22:34
-7.227498,-6.782891,2023-01-01T05:22:35
-7.227498,-6.782891,2023-01-01T05:22:36
-7.227498,-6.782891,2023-01-01T05:22:37
-7.227498,-6.782891,2023-01-01T05:22:38
-7.227498,-6.782891,2023-01-01T05:22:39
-7.227498,-6.782891,2023-01-01T05:22:40
-7.227498,-6.782891,2023-01-01T05:22:41
-7.227498,-6.782891,2023-01-01T05:22:42
-7.227498,-6.671696,2023-01-01T05:22:43
-7.227498,-6.671696,2023-01-01T05:22:44
-7.227498,-6.671696,2023-01-01T05:22:45
-7.227498,-6.671696,2023-01-01T05:22:46
-7.227498,-6.671696,2023-01-01T05:22:47
-7.227498,-6.671696,2023-01-01T05:22:48
-7.227498,-6.671696,2023-01-01T05:22:49
-7.227498,-6.671696,2023-01-01T05:22:50
-7.227498,-6.671696,2023-01-01T05:22:51
-7.227498,-6.671696,2023-01-01T05:22:52
-7.227498,-6.671696,2023-01-01T05:22:53
-7.227498,-6.671696,2023-01-01T05:22:54
-7.227498,-6.671696,2023-01-01T05:22:55
-7.227498,-6.671696,2023-01-01T05:22:56
-7.227498,-6.671696,2023-01-01T05:22:57
-7.227498,-6.671696,2023-01-01T05:22:58
-7.227498,-6.671696,2023-01-01T05:22:59
-7.227498,-6.671696,2023-01-01T05:23:00
-7.227498,-6.671696,2023-01-01T05:23:01
-7.227498,-6.671696,2023-01-01T05:23:02
-7.227498,-6.671696,2023-01-01T05:23:03
-7.227498,-6.671696,2023-01-01T05:23:04
-7.227498,-6.671696,2023-01-01T05:23:05
-7.227498,-6.671696,2023-01-01T05:23:06
-7.227498,-6.671696,2023-01-01T05:23:07
-7.227498,-6.671696,2023-01-01T05:23:08
-7.227498,-6.671696,2023-01-01T05:23:09
-7.227498,-6.671696,2023-01-01T05:23:10
-7.227498,-6.671696,2023-01-01T05:23:11
-7.227498,-6.671696,2023-01-01T05:23:12
-7.227498,-6.671696,2023-01-01T05:23:13
-7.227498,-6.671696,2023-01-01T05:23:14
-7.227498,-6.671696,2023-01-01T05:23:15
-7.227498,-6.671696,2023-01-01T05:23:16
-7.227498,-6.671696,2023-01-01T05:23:17
-7.227498,-6.671696,2023-01-01T05:23:18
-7.227498,-6.671696,2023-01-01T05:23:19
-7.227498,-6.671696,2023-01-01T05:23:20
-7.227498,-6.671696,2023-01-01T05:23:21
-7.227498,-6.671696,2023-01-01T05:23:22
-7.227498,-6.671696,2023-01-01T05:23:23
-7.227498,-6.671696,2023-01-01T05:23:24
-7.227498,-6.560501,2023-01-01T05:23:25
-7.227498,-6.560501,2023-01-01T05:23:26
-7.227498,-6.560501,2023-01-01T05:23:27
-7.227498,-6.560501,2023-01-01T05:23:28
-7.227498,-6.560501,2023-01-01T05:23:29
-7.227498,-6.560501,2023-01-01T05:23:30
-7.227498,-6.560501,2023-01-01T05:23:31
-7.227498,-6.560501,2023-01-01T05:23:32
-7.227498,-6.560501,2023-01-01T05:23:33
-7.227498,-6.560501,2023-01-01T05:23:34
-7.227498,-6.560501,2023-01-01T05:23:35
-7.227498,-6.560501,2023-01-01T05:23:36
-7.227498,-6.560501,2023-01-01T05:23:37
-7.227498,-6.560501,2023-01-01T05:23:38
-7.227498,-6.560501,2023-01-01T05:23:39
-7.227498,-6.560501,2023-01-01T05:23:40
-7.227498,-6.560501,2023-01-01T05:23:41
-7.227498,-6.560501,2023-01-01T05:23:42
-7.227498,-6.560501,2023-01-01T05:23:43
-7.227498,-6.560501,2023-01-01T05:23:44
-7.227498,-6.560501,2023-01-01T05:23:45
-7.227498,-6.560501,2023-01-01T05:23:46
-7.227498,-6.560501,2023-01-01T05:23:47
-7.227498,-6.560501,2023-01-01T05:23:48
-7.227498,-6.560501,2023-01-01T05:23:49
-7.227498,-6.560501,2023-01-01T05:23:50
-7.227498,-6.560501,2023-01-01T05:23:51
-7.227498,-6.560501,2023-01-01T05:23:52
-7.338691,-6.671696,2023-01-01T05:23:53
-7.338691,-6.671696,2023-01-01T05:23:54
-7.338691,-6.671696,2023-01-01T05:23:55
-7.338691,-6.671696,2023-01-01T05:23:56
-7.338691,-6.671696,2023-01-01T05:23:57
-7.338691,-6.671696,2023-01-01T05:23:58
-7.338691,-6.671696,2023-01-01T05:23:59
-7.338691,-6.671696,2023-01-01T05:24:00
-7.338691,-6.671696,2023-01-01T05:24:01
-7.338691,-6.671696,2023-01-01T05:24:02
-7.338691,-6.671696,2023-01-01T05:24:03
-7.338691,-6.671696,2023-01-01T05:24:04
-7.338691,-6.671696,2023-01-01T05:24:05
-7.338691,-6.671696,2023-01-01T05:24:06
-7.338691,-6.671696,2023-01-01T05:24:07
-7.338691,-6.671696,2023-01-01T05:24:08
-7.338691,-6.671696,2023-01-01T05:24:09
-7.338691,-6.671696,2023-01-01T05:24:10
-7.338691,-6.671696,2023-01-01T05:24:11
-7.338691,-6.671696,2023-01-01T05:24:12
-7.338691,-6.671696,2023-01-01T05:24:13
-7.338691,-6.671696,2023-01-01T05:24:14
-7.338691,-6.671696,2023-01-01T05:24:15
-7.338691,-6.671696,2023-01-01T05:24:16
-7.338691,-6.671696,2023-01-01T05:24:17
-7.338691,-6.671696,2023-01-01T05:24:18
-7.338691,-6.671696,2023-01-01T05:24:19
-7.338691,-6.671696,2023-01-01T05:24:20
-7.338691,-6.671696,2023-01-01T05:24:21
-7.338691,-6.671696,2023-01-01T05:24:22
-7.338691,-6.671696,2023-01-01T05:24:23
-7.338691,-6.671696,2023-01-01T05:24:24
-7.338691,-6.671696,2023-01-01T05:24:25
-7.338691,-6.671696,2023-01-01T05:24:26
-7.338691,-6.671696,2023-01-01T05:24:27
-7.338691,-6.671696,2023-01-01T05:24:28
-7.338691,-6.671696,2023-01-01T05:24:29
-7.338691,-6.671696,2023-01-01T05:24:30
-7.338691,-6.671696,2023-01-01T05:24:31
-7.338691,-6.671696,2023-01-01T05:24:32
-7.338691,-6.671696,2023-01-01T05:24:33
-7.338691,-6.671696,2023-01-01T05:24:34
-7.338691,-6.671696,2023-01-01T05:24:35
-7.338691,-6.671696,2023-01-01T05:24:36
-7.338691,-6.671696,2023-01-01T05:24:37
-7.338691,-6.671696,2023-01-01T05:24:38
-7.338691,-6.671696,2023-01-01T05:24:39
-7.338691,-6.671696,2023-01-01T05:24:40
-7.338691,-6.671696,2023-01-01T05:24:41
-7.338691,-6.671696,2023-01-01T05:24:42
-7.338691,-6.671696,2023-01-01T05:24:43
-7.338691,-6.671696,2023-01-01T05:24:44
-7.338691,-6.671696,2023-01-01T05:24:45
-7.338691,-6.671696,2023-01-01T05:24:46
-7.338691,-6.671696,2023-01-01T05:24:47
-7.338691,-6.671696,2023-01-01T05:24:48
-7.338691,-6.671696,2023-01-01T05:24:49
-7.338691,-6.671696,2023-01-01T05:24:50
-7.338691,-6.671696,2023-01-01T05:24:51
-7.338691,-6.671696,2023-01-01T05:24:52
-7.338691,-6.671696,2023-01-01T05:24:53
-7.338691,-6.671696,2023-01-01T05:24:54
-7.338691,-6.671696,2023-01-01T05:24:55
-7.338691,-6.671696,2023-01-01T05:24:56
-7.338691,-6.671696,2023-01-01T05:24:57
-7.338691,-6.671696,2023-01-01T05:24:58
-7.338691,-6.671696,2023-01-01T05:24:59
-7.338691,-6.671696,2023-01-01T05:25:00
-7.338691,-6.671696,2023-01-01T05:25:01
-7.338691,-6.671696,2023-01-01T05:25:02
-7.338691,-6.671696,2023-01-01T05:25:03
-7.338691,-6.671696,2023-01-01T05:25:04
-7.338691,-6.671696,2023-01-01T05:25:05
-7.338691,-6.671696,2023-01-01T05:25:06
-7.338691,-6.671696,2023-01-01T05:25:07
-7.338691,-6.671696,2023-01-01T05:25:08
-7.338691,-6.671696,2023-01-01T05:25:09
-7.338691,-6.671696,2023-01-01T05:25:10
-7.338691,-6.671696,2023-01-01T05:25:11
-7.338691,-6.671696,2023-01-01T05:25:12
-7.338691,-6.671696,2023-01-01T05:25:13
-7.338691,-6.671696,2023-01-01T05:25:14
-7.338691,-6.671696,2023-01-01T05:25:15
-7.338691,-6.671696,2023-01-01T05:25:16
-7.338691,-6.671696,2023-01-01T05:25:17
-7.338691,-6.671696,2023-01-01T05:25:18
-7.338691,-6.671696,2023-01-01T05:25:19
-7.338691,-6.671696,2023-01-01T05:25:20
-7.338691,-6.671696,2023-01-01T05:25:21
-7.338691,-6.671696,2023-01-01T05:25:22
-7.338691,-6.671696,2023-01-01T05:25:23
-7.338691,-6.671696,2023-01-01T05:25:24
-7.338691,-6.671696,2023-01-01T05:25:25
-7.338691,-6.671696,2023-01-01T05:25:26
-7.338691,-6.671696,2023-01-01T05:25:27
-7.338691,-6.671696,2023-01-01T05:25:28
-7.338691,-6.671696,2023-01-01T05:25:29
-7.338691,-6.671696,2023-01-01T05:25:30
-7.338691,-6.671696,2023-01-01T05:25:31
-7.338691,-6.671696,2023-01-01T05:25:32
-7.338691,-6.671696,2023-01-01T05:25:33
-7.338691,-6.671696,2023-01-01T05:25:34
-7.338691,-6.671696,2023-01-01T05:25:35
-7.338691,-6.671696,2023-01-01T05:25:36
-7.338691,-6.671696,2023-01-01T05:25:37
-7.338691,-6.671696,2023-01-01T05:25:38
-7.338691,-6.671696,2023-01-01T05:25:39
-7.338691,-6.671696,2023-01-01T05:25:40
-7.338691,-6.671696,2023-01-01T05:25:41
-7.338691,-6.671696,2023-01-01T05:25:42
-7.338691,-6.671696,2023-01-01T05:25:43
-7.338691,-6.671696,2023-01-01T05:25:44
-7.338691,-6.671696,2023-01-01T05:25:45
-7.338691,-6.671696,2023-01-01T05:25:46
-7.338691,-6.671696,2023-01-01T05:25:47
-7.338691,-6.671696,2023-01-01T05:25:48
-7.338691,-6.671696,2023-01-01T05:25:49
-7.338691,-6.671696,2023-01-01T05:25:50
-7.338691,-6.671696,2023-01-01T05:25:51
-7.338691,-6.671696,2023-01-01T05:25:52
-7.338691,-6.671696,2023-01-01T05:25:53
-7.338691,-6.671696,2023-01-01T05:25:54
-7.338691,-6.671696,2023-01-01T05:25:55
-7.338691,-6.671696,2023-01-01T05:25:56
-7.338691,-6.671696,2023-01-01T05:25:57
-7.338691,-6.671696,2023-01-01T05:25:58
-7.338691,-6.560501,2023-01-01T05:25:59
-7.338691,-6.560501,2023-01-01T05:26:00
-7.338691,-6.560501,2023-01-01T05:26:01
-7.338691,-6.560501,2023-01-01T05:26:02
-7.338691,-6.560501,2023-01-01T05:26:03
-7.338691,-6.560501,2023-01-01T05:26:04
-7.338691,-6.560501,2023-01-01T05:26:05
-7.338691,-6.560501,2023-01-01T05:26:06
-7.338691,-6.560501,2023-01-01T05:26:07
-7.338691,-6.560501,2023-01-01T05:26:08
-7.338691,-6.560501,2023-01-01T05:26:09
-7.338691,-6.560501,2023-01-01T05:26:10
-7.338691,-6.560501,2023-01-01T05:26:11
-7.227498,-6.560501,2023-01-01T05:26:12
-7.227498,-6.560501,2023-01-01T05:26:13
-7.227498,-6.560501,2023-01-01T05:26:14
-7.227498,-6.560501,2023-01-01T05:26:15
-7.227498,-6.560501,2023-01-01T05:26:16
-7.227498,-6.560501,2023-01-01T05:26:17
-7.227498,-6.560501,2023-01-01T05:26:18
-7.227498,-6.560501,2023-01-01T05:26:19
-7.227498,-6.560501,2023-01-01T05:26:20
-7.227498,-6.560501,2023-01-01T05:26:21
-7.227498,-6.560501,2023-01-01T05:26:22
-7.227498,-6.560501,2023-01-01T05:26:23
-7.227498,-6.560501,2023-01-01T05:26:24
-7.227498,-6.560501,2023-01-01T05:26:25
-7.227498,-6.560501,2023-01-01T05:26:26
-7.227498,-6.560501,2023-01-01T05:26:27
-7.227498,-6.560501,2023-01-01T05:26:28
-7.227498,-6.560501,2023-01-01T05:26:29
-7.227498,-6.560501,2023-01-01T05:26:30
-7.227498,-6.560501,2023-01-01T05:26:31
-7.227498,-6.560501,2023-01-01T05:26:32
-7.227498,-6.560501,2023-01-01T05:26:33
-7.227498,-6.560501,2023-01-01T05:26:34
-7.227498,-6.560501,2023-01-01T05:26:35
-7.227498,-6.560501,2023-01-01T05:26:36
-7.227498,-6.560501,2023-01-01T05:26:37
-7.227498,-6.449306,2023-01-01T05:26:38
-7.227498,-6.449306,2023-01-01T05:26:39
-7.227498,-6.449306,2023-01-01T05:26:40
-7.227498,-6.449306,2023-01-01T05:26:41
-7.227498,-6.449306,2023-01-01T05:26:42
-7.227498,-6.449306,2023-01-01T05:26:43
-7.227498,-6.449306,2023-01-01T05:26:44
-7.227498,-6.449306,2023-01-01T05:26:45
-7.227498,-6.449306,2023-01-01T05:26:46
-7.227498,-6.449306,2023-01-01T05:26:47
-7.227498,-6.449306,2023-01-01T05:26:48
-7.227498,-6.449306,2023-01-01T05:26:49
-7.227498,-6.449306,2023-01-01T05:26:50
-7.227498,-6.449306,2023-01-01T05:26:51
-7.227498,-6.449306,2023-01-01T05:26:52
-7.227498,-6.449306,2023-01-01T05:26:53
-7.227498,-6.449306,2023-01-01T05:26:54
-7.227498,-6.449306,2023-01-01T05:26:55
-7.227498,-6.449306,2023-01-01T05:26:56
-7.227498,-6.449306,2023-01-01T05:26:57
-7.227498,-6.449306,2023-01-01T05:26:58
-7.227498,-6.449306,2023-01-01T05:26:59
-7.227498,-6.449306,2023-01-01T05:27:00
-7.227498,-6.449306,2023-01-01T05:27:01
-7.227498,-6.449306,2023-01-01T05:27:02
-7.227498,-6.449306,2023-01-01T05:27:03
-7.227498,-6.449306,2023-01-01T05:27:04
-7.227498,-6.449306,2023-01-01T05:27:05
-7.227498,-6.449306,2023-01-01T05:27:06
-7.227498,-6.449306,2023-01-01T05:27:07
-7.227498,-6.449306,2023-01-01T05:27:08
-7.227498,-6.338111,2023-01-01T05:27:09
-7.227498,-6.338111,2023-01-01T05:27:10
-7.116306,-6.338111,2023-01-01T05:27:11
-7.116306,-6.338111,2023-01-01T05:27:12
-7.116306,-6.338111,2023-01-01T05:27:13
-7.116306,-6.338111,2023-01-01T05:27:14
-7.116306,-6.338111,2023-01-01T05:27:15
-7.116306,-6.338111,2023-01-01T05:27:16
-7.116306,-6.338111,2023-01-01T05:27:17
-7.116306,-6.338111,2023-01-01T05:27:18
-7.116306,-6.338111,2023-01-01T05:27:19
-7.116306,-6.338111,2023-01-01T05:27:20
-7.116306,-6.338111,2023-01-01T05:27:21
-7.116306,-6.338111,2023-01-01T05:27:22
-7.116306,-6.338111,2023-01-01T05:27:23
-7.116306,-6.338111,2023-01-01T05:27:24
-7.116306,-6.338111,2023-01-01T05:27:25
-7.116306,-6.338111,2023-01-01T05:27:26
-7.116306,-6.338111,2023-01-01T05:27:27
-7.116306,-6.338111,2023-01-01T05:27:28
-7.116306,-6.338111,2023-01-01T05:27:29
-7.116306,-6.338111,2023-01-01T05:27:30
-7.116306,-6.338111,2023-01-01T05:27:31
-7.116306,-6.338111,2023-01-01T05:27:32
-7.116306,-6.338111,2023-01-01T05:27:33
-7.116306,-6.338111,2023-01-01T05:27:34
-7.116306,-6.338111,2023-01-01T05:27:35
-7.116306,-6.338111,2023-01-01T05:27:36
-7.116306,-6.338111,2023-01-01T05:27:37
-7.116306,-6.338111,2023-01-01T05:27:38
-7.116306,-6.338111,2023-01-01T05:27:39
-7.116306,-6.338111,2023-01-01T05:27:40
-7.116306,-6.338111,2023-01-01T05:27:41
-7.116306,-6.338111,2023-01-01T05:27:42
-7.116306,-6.338111,2023-01-01T05:27:43
-7.116306,-6.338111,2023-01-01T05:27:44
-7.116306,-6.338111,2023-01-01T05:27:45
-7.116306,-6.338111,2023-01-01T05:27:46
-7.116306,-6.338111,2023-01-01T05:27:47
-7.116306,-6.338111,2023-01-01T05:27:48
-7.116306,-6.338111,2023-01-01T05:27:49
-7.116306,-6.226916,2023-01-01T05:27:50
-7.116306,-6.226916,2023-01-01T05:27:51
-7.116306,-6.226916,2023-01-01T05:27:52
-7.116306,-6.226916,2023-01-01T05:27:53
-7.116306,-6.226916,2023-01-01T05:27:54
-7.116306,-6.226916,2023-01-01T05:27:55
-7.116306,-6.226916,2023-01-01T05:27:56
-7.116306,-6.226916,2023-01-01T05:27:57
-7.116306,-6.226916,2023-01-01T05:27:58
-7.227498,-6.226916,2023-01-01T05:27:59
-7.227498,-6.226916,2023-01-01T05:28:00
-7.227498,-6.226916,2023-01-01T05:28:01
-7.227498,-6.226916,2023-01-01T05:28:02
-7.227498,-6.226916,2023-01-01T05:28:03
-7.227498,-6.226916,2023-01-01T05:28:04
-7.227498,-6.226916,2023-01-01T05:28:05
-7.227498,-6.226916,2023-01-01T05:28:06
-7.227498,-6.226916,2023-01-01T05:28:07
-7.227498,-6.226916,2023-01-01T05:28:08
-7.227498,-6.226916,2023-01-01T05:28:09
-7.227498,-6.226916,2023-01-01T05:28:10
-7.227498,-6.226916,2023-01-01T05:28:11
-7.227498,-6.226916,2023-01-01T05:28:12
-7.227498,-6.226916,2023-01-01T05:28:13
-7.227498,-6.226916,2023-01-01T05:28:14
-7.227498,-6.226916,2023-01-01T05:28:15
-7.227498,-6.226916,2023-01-01T05:28:16
-7.227498,-6.226916,2023-01-01T05:28:17
-7.227498,-6.226916,2023-01-01T05:28:18
-7.227498,-6.226916,2023-01-01T05:28:19
-7.227498,-6.226916,2023-01-01T05:28:20
-7.227498,-6.226916,2023-01-01T05:28:21
-7.227498,-6.226916,2023-01-01T05:28:22
-7.227498,-6.226916,2023-01-01T05:28:23
-7.227498,-6.226916,2023-01-01T05:28:24
-7.227498,-6.226916,2023-01-01T05:28:25
-7.227498,-6.226916,2023-01-01T05:28:26
-7.227498,-6.226916,2023-01-01T05:28:27
-7.227498,-6.226916,2023-01-01T05:28:28
-7.227498,-6.226916,2023-01-01T05:28:29
-7.227498,-6.226916,2023-01-01T05:28:30
-7.227498,-6.226916,2023-01-01T05:28:31
-7.227498,-6.226916,2023-01-01T05:28:32
-7.227498,-6.226916,2023-01-01T05:28:33
-7.227498,-6.226916,2023-01-01T05:28:34
-7.227498,-6.226916,2023-01-01T05:28:35
-7.227498,-6.226916,2023-01-01T05:28:36
-7.227498,-6.226916,2023-01-01T05:28:37
-7.227498,-6.226916,2023-01-01T05:28:38
-7.227498,-6.226916,2023-01-01T05:28:39
-7.227498,-6.226916,2023-01-01T05:28:40
-7.227498,-6.226916,2023-01-01T05:28:41
-7.116306,-6.226916,2023-01-01T05:28:42
-7.116306,-6.226916,2023-01-01T05:28:43
-7.116306,-6.226916,2023-01-01T05:28:44
-7.116306,-6.226916,2023-01-01T05:28:45
-7.116306,-6.226916,2023-01-01T05:28:46
-7.116306,-6.115721,2023-01-01T05:28:47
-7.116306,-6.115721,2023-01-01T05:28:48
-7.116306,-6.115721,2023-01-01T05:28:49
-7.116306,-6.115721,2023-01-01T05:28:50
-7.116306,-6.115721,2023-01-01T05:28:51
-7.116306,-6.115721,2023-01-01T05:28:52
-7.116306,-6.115721,2023-01-01T05:28:53
-7.116306,-6.115721,2023-01-01T05:28:54
-7.116306,-6.115721,2023-01-01T05:28:55
-7.116306,-6.115721,2023-01-01T05:28:56
-7.116306,-6.115721,2023-01-01T05:28:57
-7.116306,-6.115721,2023-01-01T05:28:58
-7.116306,-6.115721,2023-01-01T05:28:59
-7.116306,-6.115721,2023-01-01T05:29:00
-7.116306,-6.115721,2023-01-01T05:29:01
-7.116306,-6.115721,2023-01-01T05:29:02
-7.116306,-6.115721,2023-01-01T05:29:03
-7.227498,-6.115721,2023-01-01T05:29:04
-7.227498,-6.115721,2023-01-01T05:29:05
-7.227498,-6.115721,2023-01-01T05:29:06
-7.227498,-6.115721,2023-01-01T05:29:07
-7.227498,-6.115721,2023-01-01T05:29:08
-7.227498,-6.115721,2023-01-01T05:29:09
-7.227498,-6.115721,2023-01-01T05:29:10
-7.227498,-6.115721,2023-01-01T05:29:11
-7.227498,-6.115721,2023-01-01T05:29:12
-7.227498,-6.115721,2023-01-01T05:29:13
-7.227498,-6.115721,2023-01-01T05:29:14
-7.227498,-6.115721,2023-01-01T05:29:15
-7.227498,-6.115721,2023-01-01T05:29:16
-7.227498,-6.115721,2023-01-01T05:29:17
-7.227498,-6.115721,2023-01-01T05:29:18
-7.227498,-6.115721,2023-01-01T05:29:19
-7.227498,-6.115721,2023-01-01T05:29:20
-7.227498,-6.115721,2023-01-01T05:29:21
-7.227498,-6.115721,2023-01-01T05:29:22
-7.227498,-6.115721,2023-01-01T05:29:23
-7.227498,-6.115721,2023-01-01T05:29:24
-7.227498,-6.115721,2023-01-01T05:29:25
-7.227498,-6.226916,2023-01-01T05:29:26
-7.227498,-6.226916,2023-01-01T05:29:27
-7.227498,-6.226916,2023-01-01T05:29:28
-7.227498,-6.226916,2023-01-01T05:29:29
-7.227498,-6.226916,2023-01-01T05:29:30
-7.227498,-6.226916,2023-01-01T05:29:31
-7.227498,-6.226916,2023-01-01T05:29:32
-7.227498,-6.226916,2023-01-01T05:29:33
-7.227498,-6.226916,2023-01-01T05:29:34
-7.227498,-6.226916,2023-01-01T05:29:35
-7.227498,-6.226916,2023-01-01T05:29:36
-7.227498,-6.226916,2023-01-01T05:29:37
-7.227498,-6.226916,2023-01-01T05:29:38
-7.227498,-6.226916,2023-01-01T05:29:39
-7.227498,-6.226916,2023-01-01T05:29:40
-7.227498,-6.226916,2023-01-01T05:29:41
-7.227498,-6.226916,2023-01-01T05:29:42
-7.227498,-6.226916,2023-01-01T05:29:43
-7.227498,-6.226916,2023-01-01T05:29:44
-7.227498,-6.226916,2023-01-01T05:29:45
-7.227498,-6.226916,2023-01-01T05:29:46
-7.227498,-6.226916,2023-01-01T05:29:47
-7.227498,-6.226916,2023-01-01T05:29:48
-7.227498,-6.226916,2023-01-01T05:29:49
-7.227498,-6.226916,2023-01-01T05:29:50
-7.227498,-6.226916,2023-01-01T05:29:51
-7.227498,-6.226916,2023-01-01T05:29:52
-7.227498,-6.226916,2023-01-01T05:29:53
-7.227498,-6.226916,2023-01-01T05:29:54
-7.227498,-6.226916,2023-01-01T05:29:55
-7.227498,-6.226916,2023-01-01T05:29:56
-7.227498,-6.226916,2023-01-01T05:29:57
-7.227498,-6.226916,2023-01-01T05:29:58
-7.227498,-6.226916,2023-01-01T05:29:59
-7.227498,-6.226916,2023-01-01T05:30:00
-7.227498,-6.226916,2023-01-01T05:30:01
-7.227498,-6.226916,2023-01-01T05:30:02
-7.227498,-6.226916,2023-01-01T05:30:03
-7.227498,-6.226916,2023-01-01T05:30:04
-7.338691,-6.226916,2023-01-01T05:30:05
-7.338691,-6.226916,2023-01-01T05:30:06
-7.338691,-6.226916,2023-01-01T05:30:07
-7.338691,-6.226916,2023-01-01T05:30:08
-7.338691,-6.226916,2023-01-01T05:30:09
-7.338691,-6.226916,2023-01-01T05:30:10
-7.338691,-6.226916,2023-01-01T05:30:11
-7.338691,-6.226916,2023-01-01T05:30:12
-7.338691,-6.226916,2023-01-01T05:30:13
-7.338691,-6.226916,2023-01-01T05:30:14
-7.338691,-6.226916,2023-01-01T05:30:15
-7.338691,-6.226916,2023-01-01T05:30:16
-7.338691,-6.226916,2023-01-01T05:30:17
-7.338691,-6.226916,2023-01-01T05:30:18
-7.338691,-6.226916,2023-01-01T05:30:19
-7.338691,-6.226916,2023-01-01T05:30:20
-7.338691,-6.226916,2023-01-01T05:30:21
-7.338691,-6.226916,2023-01-01T05:30:22
-7.338691,-6.226916,2023-01-01T05:30:23
-7.338691,-6.226916,2023-01-01T05:30:24
-7.338691,-6.226916,2023-01-01T05:30:25
-7.338691,-6.226916,2023-01-01T05:30:26
-7.338691,-6.226916,2023-01-01T05:30:27
-7.338691,-6.226916,2023-01-01T05:30:28
-7.338691,-6.226916,2023-01-01T05:30:29
-7.338691,-6.226916,2023-01-01T05:30:30
-7.338691,-6.226916,2023-01-01T05:30:31
-7.338691,-6.226916,2023-01-01T05:30:32
-7.338691,-6.226916,2023-01-01T05:30:33
-7.338691,-6.226916,2023-01-01T05:30:34
-7.338691,-6.226916,2023-01-01T05:30:35
-7.338691,-6.226916,2023-01-01T05:30:36
-7.338691,-6.226916,2023-01-01T05:30:37
-7.338691,-6.226916,2023-01-01T05:30:38
-7.338691,-6.226916,2023-01-01T05:30:39
-7.338691,-6.226916,2023-01-01T05:30:40
-7.338691,-6.226916,2023-01-01T05:30:41
-7.338691,-6.226916,2023-01-01T05:30:42
-7.338691,-6.226916,2023-01-01T05:30:43
-7.338691,-6.226916,2023-01-01T05:30:44
-7.338691,-6.226916,2023-01-01T05:30:45
-7.338691,-6.226916,2023-01-01T05:30:46
-7.338691,-6.226916,2023-01-01T05:30:47
-7.338691,-6.226916,2023-01-01T05:30:48
-7.338691,-6.226916,2023-01-01T05:30:49
-7.338691,-6.226916,2023-01-01T05:30:50
-7.338691,-6.226916,2023-01-01T05:30:51
-7.338691,-6.226916,2023-01-01T05:30:52
-7.338691,-6.226916,2023-01-01T05:30:53
-7.338691,-6.226916,2023-01-01T05:30:54
-7.338691,-6.226916,2023-01-01T05:30:55
-7.338691,-6.226916,2023-01-01T05:30:56
-7.338691,-6.226916,2023-01-01T05:30:57
-7.338691,-6.226916,2023-01-01T05:30:58
-7.338691,-6.226916,2023-01-01T05:30:59
-7.338691,-6.226916,2023-01-01T05:31:00
-7.338691,-6.226916,2023-01-01T05:31:01
-7.338691,-6.226916,2023-01-01T05:31:02
-7.338691,-6.226916,2023-01-01T05:31:03
-7.338691,-6.226916,2023-01-01T05:31:04
-7.338691,-6.226916,2023-01-01T05:31:05
-7.338691,-6.226916,2023-01-01T05:31:06
-7.338691,-6.115721,2023-01-01T05:31:07
-7.338691,-6.115721,2023-01-01T05:31:08
-7.338691,-6.115721,2023-01-01T05:31:09
-7.338691,-6.115721,2023-01-01T05:31:10
-7.338691,-6.226916,2023-01-01T05:31:11
-7.338691,-6.226916,2023-01-01T05:31:12
-7.338691,-6.115721,2023-01-01T05:31:13
-7.338691,-6.115721,2023-01-01T05:31:14
-7.338691,-6.115721,2023-01-01T05:31:15
-7.338691,-6.115721,2023-01-01T05:31:16
-7.338691,-6.115721,2023-01-01T05:31:17
-7.338691,-6.115721,2023-01-01T05:31:18
-7.338691,-6.115721,2023-01-01T05:31:19
-7.338691,-6.115721,2023-01-01T05:31:20
-7.338691,-6.115721,2023-01-01T05:31:21
-7.338691,-6.115721,2023-01-01T05:31:22
-7.338691,-6.115721,2023-01-01T05:31:23
-7.338691,-6.115721,2023-01-01T05:31:24
-7.338691,-6.115721,2023-01-01T05:31:25
-7.338691,-6.115721,2023-01-01T05:31:26
-7.338691,-6.115721,2023-01-01T05:31:27
-7.338691,-6.115721,2023-01-01T05:31:28
-7.338691,-6.115721,2023-01-01T05:31:29
-7.338691,-6.115721,2023-01-01T05:31:30
-7.338691,-6.115721,2023-01-01T05:31:31
-7.338691,-6.115721,2023-01-01T05:31:32
-7.338691,-6.115721,2023-01-01T05:31:33
-7.338691,-6.115721,2023-01-01T05:31:34
-7.338691,-6.115721,2023-01-01T05:31:35
-7.338691,-6.115721,2023-01-01T05:31:36
-7.338691,-6.115721,2023-01-01T05:31:37
-7.338691,-6.115721,2023-01-01T05:31:38
-7.338691,-6.115721,2023-01-01T05:31:39
-7.338691,-6.115721,2023-01-01T05:31:40
-7.338691,-6.115721,2023-01-01T05:31:41
-7.338691,-6.115721,2023-01-01T05:31:42
-7.338691,-6.115721,2023-01-01T05:31:43
-7.338691,-6.115721,2023-01-01T05:31:44
-7.338691,-6.115721,2023-01-01T05:31:45
-7.338691,-6.115721,2023-01-01T05:31:46
-7.338691,-6.115721,2023-01-01T05:31:47
-7.338691,-6.115721,2023-01-01T05:31:48
-7.338691,-6.115721,2023-01-01T05:31:49
-7.338691,-6.115721,2023-01-01T05:31:50
-7.338691,-6.115721,2023-01-01T05:31:51
-7.338691,-6.115721,2023-01-01T05:31:52
-7.338691,-6.004526,2023-01-01T05:31:53
-7.338691,-6.004526,2023-01-01T05:31:54
-7.338691,-6.004526,2023-01-01T05:31:55
-7.338691,-6.004526,2023-01-01T05:31:56
-7.338691,-6.004526,2023-01-01T05:31:57
-7.338691,-6.004526,2023-01-01T05:31:58
-7.338691,-6.004526,2023-01-01T05:31:59
-7.338691,-6.004526,2023-01-01T05:32:00
-7.338691,-6.004526,2023-01-01T05:32:01
-7.338691,-6.004526,2023-01-01T05:32:02
-7.338691,-6.004526,2023-01-01T05:32:03
-7.338691,-6.004526,2023-01-01T05:32:04
-7.338691,-6.004526,2023-01-01T05:32:05
-7.338691,-6.004526,2023-01-01T05:32:06
-7.338691,-6.004526,2023-01-01T05:32:07
-7.338691,-6.004526,2023-01-01T05:32:08
-7.338691,-6.004526,2023-01-01T05:32:09
-7.338691,-6.004526,2023-01-01T05:32:10
-7.338691,-6.004526,2023-01-01T05:32:11
-7.338691,-6.004526,2023-01-01T05:32:12
-7.338691,-6.004526,2023-01-01T05:32:13
-7.338691,-6.004526,2023-01-01T05:32:14
-7.338691,-6.004526,2023-01-01T05:32:15
-7.338691,-6.004526,2023-01-01T05:32:16
-7.338691,-6.004526,2023-01-01T05:32:17
-7.338691,-6.004526,2023-01-01T05:32:18
-7.338691,-6.004526,2023-01-01T05:32:19
-7.338691,-6.004526,2023-01-01T05:32:20
-7.338691,-6.004526,2023-01-01T05:32:21
-7.338691,-6.004526,2023-01-01T05:32:22
-7.338691,-6.004526,2023-01-01T05:32:23
-7.338691,-6.004526,2023-01-01T05:32:24
-7.338691,-6.004526,2023-01-01T05:32:25
-7.338691,-6.004526,2023-01-01T05:32:26
-7.338691,-6.004526,2023-01-01T05:32:27
-7.338691,-6.004526,2023-01-01T05:32:28
-7.338691,-6.004526,2023-01-01T05:32:29
-7.338691,-6.004526,2023-01-01T05:32:30
-7.338691,-6.004526,2023-01-01T05:32:31
-7.338691,-6.004526,2023-01-01T05:32:32
-7.338691,-6.004526,2023-01-01T05:32:33
-7.338691,-6.004526,2023-01-01T05:32:34
-7.338691,-6.004526,2023-01-01T05:32:35
-7.338691,-6.004526,2023-01-01T05:32:36
-7.338691,-6.004526,2023-01-01T05:32:37
-7.338691,-6.004526,2023-01-01T05:32:38
-7.338691,-6.004526,2023-01-01T05:32:39
-7.338691,-6.004526,2023-01-01T05:32:40
-7.338691,-6.004526,2023-01-01T05:32:41
-7.338691,-6.004526,2023-01-01T05:32:42
-7.338691,-6.004526,2023-01-01T05:32:43
-7.338691,-6.004526,2023-01-01T05:32:44
-7.338691,-6.004526,2023-01-01T05:32:45
-7.338691,-6.004526,2023-01-01T05:32:46
-7.338691,-6.004526,2023-01-01T05:32:47
-7.338691,-6.004526,2023-01-01T05:32:48
-7.338691,-6.004526,2023-01-01T05:32:49
-7.338691,-6.004526,2023-01-01T05:32:50
-7.338691,-6.004526,2023-01-01T05:32:51
-7.338691,-6.004526,2023-01-01T05:32:52
-7.338691,-6.004526,2023-01-01T05:32:53
-7.338691,-6.004526,2023-01-01T05:32:54
-7.338691,-6.004526,2023-01-01T05:32:55
-7.338691,-6.004526,2023-01-01T05:32:56
-7.338691,-6.004526,2023-01-01T05:32:57
-7.338691,-6.004526,2023-01-01T05:32:58
-7.338691,-6.004526,2023-01-01T05:32:59
-7.338691,-6.004526,2023-01-01T05:33:00
-7.338691,-6.004526,2023-01-01T05:33:01
-7.338691,-6.004526,2023-01-01T05:33:02
-7.338691,-6.004526,2023-01-01T05:33:03
-7.338691,-6.004526,2023-01-01T05:33:04
-7.338691,-6.004526,2023-01-01T05:33:05
-7.338691,-6.004526,2023-01-01T05:33:06
-7.338691,-6.004526,2023-01-01T05:33:07
-7.338691,-6.004526,2023-01-01T05:33:08
-7.338691,-6.004526,2023-01-01T05:33:09
-7.338691,-6.004526,2023-01-01T05:33:10
-7.338691,-6.004526,2023-01-01T05:33:11
-7.338691,-6.004526,2023-01-01T05:33:12
-7.338691,-6.004526,2023-01-01T05:33:13
-7.338691,-6.004526,2023-01-01T05:33:14
-7.338691,-6.004526,2023-01-01T05:33:15
-7.338691,-6.004526,2023-01-01T05:33:16
-7.338691,-6.004526,2023-01-01T05:33:17
-7.338691,-6.004526,2023-01-01T05:33:18
-7.338691,-6.004526,2023-01-01T05:33:19
-7.338691,-6.004526,2023-01-01T05:33:20
-7.338691,-6.004526,2023-01-01T05:33:21
-7.338691,-6.004526,2023-01-01T05:33:22
-7.338691,-6.004526,2023-01-01T05:33:23
-7.338691,-6.004526,2023-01-01T05:33:24
-7.338691,-6.004526,2023-01-01T05:33:25
-7.338691,-6.004526,2023-01-01T05:33:26
-7.338691,-6.004526,2023-01-01T05:33:27
-7.338691,-6.004526,2023-01-01T05:33:28
-7.338691,-6.004526,2023-01-01T05:33:29
-7.338691,-6.004526,2023-01-01T05:33:30
-7.338691,-6.004526,2023-01-01T05:33:31
-7.338691,-6.004526,2023-01-01T05:33:32
-7.338691,-6.004526,2023-01-01T05:33:33
-7.338691,-6.004526,2023-01-01T05:33:34
-7.338691,-6.004526,2023-01-01T05:33:35
-7.338691,-6.004526,2023-01-01T05:33:36
-7.338691,-6.004526,2023-01-01T05:33:37
-7.338691,-6.004526,2023-01-01T05:33:38
-7.338691,-6.004526,2023-01-01T05:33:39
-7.338691,-6.004526,2023-01-01T05:33:40
-7.338691,-6.004526,2023-01-01T05:33:41
-7.338691,-6.004526,2023-01-01T05:33:42
-7.338691,-6.004526,2023-01-01T05:33:43
-7.338691,-6.004526,2023-01-01T05:33:44
-7.338691,-6.004526,2023-01-01T05:33:45
-7.338691,-6.004526,2023-01-01T05:33:46
-7.338691,-6.004526,2023-01-01T05:33:47
-7.338691,-6.004526,2023-01-01T05:33:48
-7.338691,-6.004526,2023-01-01T05:33:49
-7.338691,-6.004526,2023-01-01T05:33:50
-7.338691,-6.004526,2023-01-01T05:33:51
-7.338691,-6.004526,2023-01-01T05:33:52
-7.338691,-6.004526,2023-01-01T05:33:53
-7.338691,-6.004526,2023-01-01T05:33:54
-7.338691,-6.004526,2023-01-01T05:33:55
-7.338691,-6.004526,2023-01-01T05:33:56
-7.338691,-6.004526,2023-01-01T05:33:57
-7.338691,-6.004526,2023-01-01T05:33:58
-7.338691,-6.004526,2023-01-01T05:33:59
-7.338691,-6.004526,2023-01-01T05:34:00
-7.338691,-6.004526,2023-01-01T05:34:01
-7.338691,-6.004526,2023-01-01T05:34:02
-7.338691,-6.004526,2023-01-01T05:34:03
-7.338691,-6.004526,2023-01-01T05:34:04
-7.338691,-6.004526,2023-01-01T05:34:05
-7.338691,-6.004526,2023-01-01T05:34:06
-7.338691,-6.004526,2023-01-01T05:34:07
-7.338691,-5.893331,2023-01-01T05:34:08
-7.338691,-5.893331,2023-01-01T05:34:09
-7.338691,-5.893331,2023-01-01T05:34:10
-7.338691,-5.893331,2023-01-01T05:34:11
-7.338691,-5.893331,2023-01-01T05:34:12
-7.338691,-5.893331,2023-01-01T05:34:13
-7.338691,-5.893331,2023-01-01T05:34:14
-7.338691,-5.893331,2023-01-01T05:34:15
-7.338691,-5.893331,2023-01-01T05:34:16
-7.338691,-5.893331,2023-01-01T05:34:17
-7.338691,-5.893331,2023-01-01T05:34:18
-7.338691,-5.893331,2023-01-01T05:34:19
-7.338691,-5.893331,2023-01-01T05:34:20
-7.338691,-5.893331,2023-01-01T05:34:21
-7.338691,-5.893331,2023-01-01T05:34:22
-7.338691,-5.893331,2023-01-01T05:34:23
-7.338691,-5.893331,2023-01-01T05:34:24
-7.338691,-5.893331,2023-01-01T05:34:25
-7.338691,-5.893331,2023-01-01T05:34:26
-7.338691,-5.893331,2023-01-01T05:34:27
-7.338691,-5.893331,2023-01-01T05:34:28
-7.338691,-5.893331,2023-01-01T05:34:29
-7.338691,-5.893331,2023-01-01T05:34:30
-7.338691,-5.893331,2023-01-01T05:34:31
-7.338691,-5.893331,2023-01-01T05:34:32
-7.338691,-5.893331,2023-01-01T05:34:33
-7.338691,-5.893331,2023-01-01T05:34:34
-7.338691,-5.893331,2023-01-01T05:34:35
-7.338691,-5.893331,2023-01-01T05:34:36
-7.338691,-5.893331,2023-01-01T05:34:37
-7.338691,-5.893331,2023-01-01T05:34:38
-7.338691,-5.893331,2023-01-01T05:34:39
-7.338691,-5.893331,2023-01-01T05:34:40
-7.338691,-5.893331,2023-01-01T05:34:41
-7.338691,-5.893331,2023-01-01T05:34:42
-7.338691,-5.893331,2023-01-01T05:34:43
-7.338691,-5.893331,2023-01-01T05:34:44
-7.338691,-5.893331,2023-01-01T05:34:45
-7.338691,-5.893331,2023-01-01T05:34:46
-7.338691,-5.893331,2023-01-01T05:34:47
-7.338691,-5.893331,2023-01-01T05:34:48
-7.338691,-5.893331,2023-01-01T05:34:49
-7.338691,-5.893331,2023-01-01T05:34:50
-7.338691,-5.893331,2023-01-01T05:34:51
-7.338691,-5.893331,2023-01-01T05:34:52
-7.338691,-5.893331,2023-01-01T05:34:53
-7.338691,-5.893331,2023-01-01T05:34:54
-7.338691,-5.893331,2023-01-01T05:34:55
-7.338691,-5.893331,2023-01-01T05:34:56
-7.338691,-5.893331,2023-01-01T05:34:57
-7.338691,-5.893331,2023-01-01T05:34:58
-7.338691,-5.893331,2023-01-01T05:34:59
-7.338691,-5.893331,2023-01-01T05:35:00
-7.338691,-5.893331,2023-01-01T05:35:01
-7.338691,-5.893331,2023-01-01T05:35:02
-7.338691,-5.893331,2023-01-01T05:35:03
-7.338691,-5.893331,2023-01-01T05:35:04
-7.338691,-5.893331,2023-01-01T05:35:05
-7.338691,-5.893331,2023-01-01T05:35:06
-7.227498,-5.893331,2023-01-01T05:35:07
-7.227498,-6.004526,2023-01-01T05:35:08
-7.227498,-6.004526,2023-01-01T05:35:09
-7.227498,-6.004526,2023-01-01T05:35:10
-7.227498,-6.004526,2023-01-01T05:35:11
-7.227498,-6.004526,2023-01-01T05:35:12
-7.227498,-6.004526,2023-01-01T05:35:13
-7.227498,-6.004526,2023-01-01T05:35:14
-7.227498,-6.004526,2023-01-01T05:35:15
-7.227498,-6.004526,2023-01-01T05:35:16
-7.227498,-6.004526,2023-01-01T05:35:17
-7.227498,-6.004526,2023-01-01T05:35:18
-7.227498,-6.004526,2023-01-01T05:35:19
-7.227498,-6.004526,2023-01-01T05:35:20
-7.227498,-6.004526,2023-01-01T05:35:21
-7.227498,-6.004526,2023-01-01T05:35:22
-7.227498,-6.004526,2023-01-01T05:35:23
-7.227498,-6.004526,2023-01-01T05:35:24
-7.227498,-6.004526,2023-01-01T05:35:25
-7.227498,-6.004526,2023-01-01T05:35:26
-7.227498,-6.004526,2023-01-01T05:35:27
-7.227498,-6.004526,2023-01-01T05:35:28
-7.227498,-6.004526,2023-01-01T05:35:29
-7.227498,-6.004526,2023-01-01T05:35:30
-7.227498,-6.004526,2023-01-01T05:35:31
-7.227498,-6.004526,2023-01-01T05:35:32
-7.227498,-6.004526,2023-01-01T05:35:33
-7.227498,-6.004526,2023-01-01T05:35:34
-7.227498,-6.004526,2023-01-01T05:35:35
-7.227498,-6.004526,2023-01-01T05:35:36
-7.227498,-6.004526,2023-01-01T05:35:37
-7.227498,-6.004526,2023-01-01T05:35:38
-7.227498,-6.004526,2023-01-01T05:35:39
-7.227498,-6.004526,2023-01-01T05:35:40
-7.227498,-6.004526,2023-01-01T05:35:41
-7.227498,-6.004526,2023-01-01T05:35:42
-7.227498,-6.004526,2023-01-01T05:35:43
-7.227498,-6.004526,2023-01-01T05:35:44
-7.227498,-6.004526,2023-01-01T05:35:45
-7.227498,-6.004526,2023-01-01T05:35:46
-7.227498,-6.004526,2023-01-01T05:35:47
-7.227498,-6.004526,2023-01-01T05:35:48
-7.227498,-6.004526,2023-01-01T05:35:49
-7.227498,-6.004526,2023-01-01T05:35:50
-7.227498,-6.004526,2023-01-01T05:35:51
-7.227498,-6.004526,2023-01-01T05:35:52
-7.227498,-6.004526,2023-01-01T05:35:53
-7.227498,-6.004526,2023-01-01T05:35:54
-7.227498,-6.004526,2023-01-01T05:35:55
-7.227498,-6.004526,2023-01-01T05:35:56
-7.227498,-6.004526,2023-01-01T05:35:57
-7.227498,-6.004526,2023-01-01T05:35:58
-7.227498,-6.004526,2023-01-01T05:35:59
-7.227498,-6.004526,2023-01-01T05:36:00
-7.227498,-6.004526,2023-01-01T05:36:01
-7.227498,-6.004526,2023-01-01T05:36:02
-7.227498,-6.004526,2023-01-01T05:36:03
-7.227498,-6.004526,2023-01-01T05:36:04
-7.227498,-6.004526,2023-01-01T05:36:05
-7.227498,-6.004526,2023-01-01T05:36:06
-7.227498,-6.004526,2023-01-01T05:36:07
-7.227498,-6.004526,2023-01-01T05:36:08
-7.227498,-6.004526,2023-01-01T05:36:09
-7.227498,-6.004526,2023-01-01T05:36:10
-7.227498,-6.004526,2023-01-01T05:36:11
-7.227498,-6.004526,2023-01-01T05:36:12
-7.227498,-6.004526,2023-01-01T05:36:13
-7.227498,-6.004526,2023-01-01T05:36:14
-7.227498,-6.004526,2023-01-01T05:36:15
-7.227498,-6.004526,2023-01-01T05:36:16
-7.227498,-6.004526,2023-01-01T05:36:17
-7.227498,-6.004526,2023-01-01T05:36:18
-7.227498,-6.004526,2023-01-01T05:36:19
-7.227498,-6.004526,2023-01-01T05:36:20
-7.227498,-6.004526,2023-01-01T05:36:21
-7.227498,-6.004526,2023-01-01T05:36:22
-7.227498,-6.004526,2023-01-01T05:36:23
-7.227498,-6.004526,2023-01-01T05:36:24
-7.227498,-6.004526,2023-01-01T05:36:25
-7.227498,-6.004526,2023-01-01T05:36:26
-7.227498,-6.004526,2023-01-01T05:36:27
-7.227498,-6.004526,2023-01-01T05:36:28
-7.227498,-6.004526,2023-01-01T05:36:29
-7.227498,-6.004526,2023-01-01T05:36:30
-7.227498,-6.004526,2023-01-01T05:36:31
-7.227498,-6.004526,2023-01-01T05:36:32
-7.227498,-6.004526,2023-01-01T05:36:33
-7.227498,-6.004526,2023-01-01T05:36:34
-7.227498,-6.004526,2023-01-01T05:36:35
-7.227498,-6.004526,2023-01-01T05:36:36
-7.227498,-6.004526,2023-01-01T05:36:37
-7.227498,-6.004526,2023-01-01T05:36:38
-7.227498,-6.004526,2023-01-01T05:36:39
-7.227498,-6.004526,2023-01-01T05:36:40
-7.227498,-6.004526,2023-01-01T05:36:41
-7.227498,-6.004526,2023-01-01T05:36:42
-7.227498,-6.004526,2023-01-01T05:36:43
-7.227498,-6.004526,2023-01-01T05:36:44
-7.227498,-6.004526,2023-01-01T05:36:45
-7.227498,-6.004526,2023-01-01T05:36:46
-7.227498,-6.004526,2023-01-01T05:36:47
-7.227498,-6.004526,2023-01-01T05:36:48
-7.227498,-6.004526,2023-01-01T05:36:49
-7.227498,-6.004526,2023-01-01T05:36:50
-7.227498,-6.004526,2023-01-01T05:36:51
-7.227498,-6.004526,2023-01-01T05:36:52
-7.227498,-6.004526,2023-01-01T05:36:53
-7.227498,-6.004526,2023-01-01T05:36:54
-7.227498,-6.004526,2023-01-01T05:36:55
-7.227498,-6.004526,2023-01-01T05:36:56
-7.227498,-6.004526,2023-01-01T05:36:57
-7.227498,-6.004526,2023-01-01T05:36:58
-7.227498,-6.004526,2023-01-01T05:36:59
-7.227498,-6.004526,2023-01-01T05:37:00
-7.227498,-6.004526,2023-01-01T05:37:01
-7.227498,-6.004526,2023-01-01T05:37:02
-7.227498,-6.004526,2023-01-01T05:37:03
-7.227498,-6.004526,2023-01-01T05:37:04
-7.227498,-6.004526,2023-01-01T05:37:05
-7.227498,-6.004526,2023-01-01T05:37:06
-7.227498,-6.004526,2023-01-01T05:37:07
-7.227498,-6.004526,2023-01-01T05:37:08
-7.227498,-6.004526,2023-01-01T05:37:09
-7.227498,-6.004526,2023-01-01T05:37:10
-7.227498,-6.004526,2023-01-01T05:37:11
-7.227498,-6.004526,2023-01-01T05:37:12
-7.227498,-6.004526,2023-01-01T05:37:13
-7.227498,-6.004526,2023-01-01T05:37:14
-7.227498,-6.004526,2023-01-01T05:37:15
-7.227498,-6.004526,2023-01-01T05:37:16
-7.227498,-6.004526,2023-01-01T05:37:17
-7.227498,-6.004526,2023-01-01T05:37:18
-7.227498,-6.004526,2023-01-01T05:37:19
-7.227498,-6.004526,2023-01-01T05:37:20
-7.227498,-6.004526,2023-01-01T05:37:21
-7.227498,-6.004526,2023-01-01T05:37:22
-7.227498,-6.004526,2023-01-01T05:37:23
-7.227498,-6.004526,2023-01-01T05:37:24
-7.227498,-6.004526,2023-01-01T05:37:25
-7.227498,-6.004526,2023-01-01T05:37:26
-7.227498,-6.004526,2023-01-01T05:37:27
-7.227498,-6.004526,2023-01-01T05:37:28
-7.227498,-6.004526,2023-01-01T05:37:29
-7.227498,-6.004526,2023-01-01T05:37:30
-7.227498,-6.004526,2023-01-01T05:37:31
-7.227498,-6.004526,2023-01-01T05:37:32
-7.227498,-6.004526,2023-01-01T05:37:33
-7.227498,-6.004526,2023-01-01T05:37:34
-7.227498,-6.004526,2023-01-01T05:37:35
-7.227498,-6.004526,2023-01-01T05:37:36
-7.227498,-6.004526,2023-01-01T05:37:37
-7.227498,-6.004526,2023-01-01T05:37:38
-7.227498,-6.004526,2023-01-01T05:37:39
-7.227498,-6.004526,2023-01-01T05:37:40
-7.227498,-6.004526,2023-01-01T05:37:41
-7.227498,-6.004526,2023-01-01T05:37:42
-7.227498,-6.004526,2023-01-01T05:37:43
-7.227498,-6.004526,2023-01-01T05:37:44
-7.227498,-6.004526,2023-01-01T05:37:45
-7.227498,-6.004526,2023-01-01T05:37:46
-7.227498,-6.004526,2023-01-01T05:37:47
-7.227498,-6.004526,2023-01-01T05:37:48
-7.227498,-6.004526,2023-01-01T05:37:49
-7.227498,-6.004526,2023-01-01T05:37:50
-7.227498,-6.004526,2023-01-01T05:37:51
-7.227498,-6.004526,2023-01-01T05:37:52
-7.227498,-6.004526,2023-01-01T05:37:53
-7.227498,-6.004526,2023-01-01T05:37:54
-7.227498,-6.004526,2023-01-01T05:37:55
-7.227498,-6.004526,2023-01-01T05:37:56
-7.227498,-6.004526,2023-01-01T05:37:57
-7.227498,-6.115721,2023-01-01T05:37:58
-7.227498,-6.115721,2023-01-01T05:37:59
-7.227498,-6.115721,2023-01-01T05:38:00
-7.227498,-6.115721,2023-01-01T05:38:01
-7.227498,-6.115721,2023-01-01T05:38:02
-7.227498,-6.115721,2023-01-01T05:38:03
-7.227498,-6.115721,2023-01-01T05:38:04
-7.227498,-6.115721,2023-01-01T05:38:05
-7.227498,-6.115721,2023-01-01T05:38:06
-7.227498,-6.115721,2023-01-01T05:38:07
-7.227498,-6.115721,2023-01-01T05:38:08
-7.227498,-6.115721,2023-01-01T05:38:09
-7.227498,-6.115721,2023-01-01T05:38:10
-7.227498,-6.115721,2023-01-01T05:38:11
-7.227498,-6.115721,2023-01-01T05:38:12
-7.227498,-6.115721,2023-01-01T05:38:13
-7.227498,-6.115721,2023-01-01T05:38:14
-7.227498,-6.115721,2023-01-01T05:38:15
-7.227498,-6.115721,2023-01-01T05:38:16
-7.227498,-6.115721,2023-01-01T05:38:17
-7.227498,-6.115721,2023-01-01T05:38:18
-7.227498,-6.115721,2023-01-01T05:38:19
-7.227498,-6.115721,2023-01-01T05:38:20
-7.227498,-6.115721,2023-01-01T05:38:21
-7.227498,-6.115721,2023-01-01T05:38:22
-7.227498,-6.115721,2023-01-01T05:38:23
-7.227498,-6.115721,2023-01-01T05:38:24
-7.227498,-6.115721,2023-01-01T05:38:25
-7.227498,-6.115721,2023-01-01T05:38:26
-7.227498,-6.115721,2023-01-01T05:38:27
-7.227498,-6.115721,2023-01-01T05:38:28
-7.227498,-6.115721,2023-01-01T05:38:29
-7.227498,-6.115721,2023-01-01T05:38:30
-7.227498,-6.115721,2023-01-01T05:38:31
-7.227498,-6.115721,2023-01-01T05:38:32
-7.227498,-6.115721,2023-01-01T05:38:33
-7.227498,-6.115721,2023-01-01T05:38:34
-7.227498,-6.115721,2023-01-01T05:38:35
-7.227498,-6.115721,2023-01-01T05:38:36
-7.227498,-6.115721,2023-01-01T05:38:37
-7.227498,-6.115721,2023-01-01T05:38:38
-7.227498,-6.115721,2023-01-01T05:38:39
-7.227498,-6.115721,2023-01-01T05:38:40
-7.227498,-6.115721,2023-01-01T05:38:41
-7.227498,-6.115721,2023-01-01T05:38:42
-7.227498,-6.115721,2023-01-01T05:38:43
-7.227498,-6.115721,2023-01-01T05:38:44
-7.227498,-6.115721,2023-01-01T05:38:45
-7.227498,-6.115721,2023-01-01T05:38:46
-7.227498,-6.115721,2023-01-01T05:38:47
-7.227498,-6.115721,2023-01-01T05:38:48
-7.227498,-6.115721,2023-01-01T05:38:49
-7.227498,-6.115721,2023-01-01T05:38:50
-7.227498,-6.115721,2023-01-01T05:38:51
-7.227498,-6.115721,2023-01-01T05:38:52
-7.227498,-6.115721,2023-01-01T05:38:53
-7.227498,-6.115721,2023-01-01T05:38:54
-7.227498,-6.115721,2023-01-01T05:38:55
-7.227498,-6.115721,2023-01-01T05:38:56
-7.227498,-6.115721,2023-01-01T05:38:57
-7.227498,-6.115721,2023-01-01T05:38:58
-7.227498,-6.115721,2023-01-01T05:38:59
-7.227498,-6.115721,2023-01-01T05:39:00
-7.227498,-6.115721,2023-01-01T05:39:01
-7.227498,-6.115721,2023-01-01T05:39:02
-7.227498,-6.115721,2023-01-01T05:39:03
-7.227498,-6.115721,2023-01-01T05:39:04
-7.227498,-6.115721,2023-01-01T05:39:05
-7.227498,-6.115721,2023-01-01T05:39:06
-7.227498,-6.115721,2023-01-01T05:39:07
-7.227498,-6.115721,2023-01-01T05:39:08
-7.227498,-6.115721,2023-01-01T05:39:09
-7.227498,-6.115721,2023-01-01T05:39:10
-7.227498,-6.115721,2023-01-01T05:39:11
-7.227498,-6.115721,2023-01-01T05:39:12
-7.227498,-6.115721,2023-01-01T05:39:13
-7.227498,-6.115721,2023-01-01T05:39:14
-7.227498,-6.115721,2023-01-01T05:39:15
-7.227498,-6.115721,2023-01-01T05:39:16
-7.227498,-6.115721,2023-01-01T05:39:17
-7.227498,-6.115721,2023-01-01T05:39:18
-7.227498,-6.115721,2023-01-01T05:39:19
-7.227498,-6.115721,2023-01-01T05:39:20
-7.227498,-6.115721,2023-01-01T05:39:21
-7.227498,-6.115721,2023-01-01T05:39:22
-7.227498,-6.115721,2023-01-01T05:39:23
-7.227498,-6.115721,2023-01-01T05:39:24
-7.227498,-6.115721,2023-01-01T05:39:25
-7.227498,-6.115721,2023-01-01T05:39:26
-7.227498,-6.115721,2023-01-01T05:39:27
-7.227498,-6.115721,2023-01-01T05:39:28
-7.227498,-6.115721,2023-01-01T05:39:29
-7.227498,-6.115721,2023-01-01T05:39:30
-7.227498,-6.115721,2023-01-01T05:39:31
-7.227498,-6.115721,2023-01-01T05:39:32
-7.227498,-6.115721,2023-01-01T05:39:33
-7.227498,-6.115721,2023-01-01T05:39:34
-7.227498,-6.115721,2023-01-01T05:39:35
-7.227498,-6.115721,2023-01-01T05:39:36
-7.227498,-6.115721,2023-01-01T05:39:37
-7.227498,-6.115721,2023-01-01T05:39:38
-7.227498,-6.115721,2023-01-01T05:39:39
-7.227498,-6.115721,2023-01-01T05:39:40
-7.227498,-6.115721,2023-01-01T05:39:41
-7.227498,-6.115721,2023-01-01T05:39:42
-7.227498,-6.115721,2023-01-01T05:39:43
-7.227498,-6.115721,2023-01-01T05:39:44
-7.227498,-6.115721,2023-01-01T05:39:45
-7.227498,-6.115721,2023-01-01T05:39:46
-7.227498,-6.115721,2023-01-01T05:39:47
-7.227498,-6.115721,2023-01-01T05:39:48
-7.227498,-6.115721,2023-01-01T05:39:49
-7.227498,-6.115721,2023-01-01T05:39:50
-7.227498,-6.115721,2023-01-01T05:39:51
-7.227498,-6.115721,2023-01-01T05:39:52
-7.227498,-6.115721,2023-01-01T05:39:53
-7.227498,-6.115721,2023-01-01T05:39:54
-7.227498,-6.115721,2023-01-01T05:39:55
-7.227498,-6.115721,2023-01-01T05:39:56
-7.227498,-6.115721,2023-01-01T05:39:57
-7.227498,-6.115721,2023-01-01T05:39:58
-7.227498,-6.115721,2023-01-01T05:39:59
-7.227498,-6.115721,2023-01-01T05:40:00
-7.227498,-6.115721,2023-01-01T05:40:01
-7.227498,-6.115721,2023-01-01T05:40:02
-7.227498,-6.115721,2023-01-01T05:40:03
-7.227498,-6.115721,2023-01-01T05:40:04
-7.227498,-6.115721,2023-01-01T05:40:05
-7.227498,-6.115721,2023-01-01T05:40:06
-7.227498,-6.115721,2023-01-01T05:40:07
-7.227498,-6.115721,2023-01-01T05:40:08
-7.227498,-6.115721,2023-01-01T05:40:09
-7.227498,-6.115721,2023-01-01T05:40:10
-7.227498,-6.115721,2023-01-01T05:40:11
-7.227498,-6.115721,2023-01-01T05:40:12
-7.227498,-6.115721,2023-01-01T05:40:13
-7.227498,-6.115721,2023-01-01T05:40:14
-7.227498,-6.115721,2023-01-01T05:40:15
-7.227498,-6.115721,2023-01-01T05:40:16
-7.227498,-6.115721,2023-01-01T05:40:17
-7.227498,-6.115721,2023-01-01T05:40:18
-7.227498,-6.115721,2023-01-01T05:40:19
-7.227498,-6.115721,2023-01-01T05:40:20
-7.227498,-6.115721,2023-01-01T05:40:21
-7.227498,-6.115721,2023-01-01T05:40:22
-7.227498,-6.115721,2023-01-01T05:40:23
-7.227498,-6.115721,2023-01-01T05:40:24
-7.227498,-6.115721,2023-01-01T05:40:25
-7.227498,-6.115721,2023-01-01T05:40:26
-7.227498,-6.115721,2023-01-01T05:40:27
-7.227498,-6.115721,2023-01-01T05:40:28
-7.227498,-6.115721,2023-01-01T05:40:29
-7.227498,-6.115721,2023-01-01T05:40:30
-7.227498,-6.115721,2023-01-01T05:40:31
-7.227498,-6.115721,2023-01-01T05:40:32
-7.227498,-6.115721,2023-01-01T05:40:33
-7.227498,-6.115721,2023-01-01T05:40:34
-7.227498,-6.115721,2023-01-01T05:40:35
-7.227498,-6.115721,2023-01-01T05:40:36
-7.227498,-6.115721,2023-01-01T05:40:37
-7.227498,-6.115721,2023-01-01T05:40:38
-7.227498,-6.115721,2023-01-01T05:40:39
-7.227498,-6.115721,2023-01-01T05:40:40
-7.227498,-6.115721,2023-01-01T05:40:41
-7.227498,-6.115721,2023-01-01T05:40:42
-7.227498,-6.115721,2023-01-01T05:40:43
-7.227498,-6.115721,2023-01-01T05:40:44
-7.227498,-6.115721,2023-01-01T05:40:45
-7.227498,-6.115721,2023-01-01T05:40:46
-7.227498,-6.115721,2023-01-01T05:40:47
-7.227498,-6.115721,2023-01-01T05:40:48
-7.227498,-6.115721,2023-01-01T05:40:49
-7.227498,-6.115721,2023-01-01T05:40:50
-7.227498,-6.115721,2023-01-01T05:40:51
-7.227498,-6.115721,2023-01-01T05:40:52
-7.227498,-6.115721,2023-01-01T05:40:53
-7.227498,-6.115721,2023-01-01T05:40:54
-7.227498,-6.115721,2023-01-01T05:40:55
-7.227498,-6.115721,2023-01-01T05:40:56
-7.227498,-6.115721,2023-01-01T05:40:57
-7.227498,-6.115721,2023-01-01T05:40:58
-7.227498,-6.115721,2023-01-01T05:40:59
-7.227498,-6.115721,2023-01-01T05:41:00
-7.227498,-6.115721,2023-01-01T05:41:01
-7.227498,-6.115721,2023-01-01T05:41:02
-7.227498,-6.115721,2023-01-01T05:41:03
-7.227498,-6.115721,2023-01-01T05:41:04
-7.227498,-6.115721,2023-01-01T05:41:05
-7.227498,-6.115721,2023-01-01T05:41:06
-7.227498,-6.115721,2023-01-01T05:41:07
-7.227498,-6.115721,2023-01-01T05:41:08
-7.227498,-6.115721,2023-01-01T05:41:09
-7.227498,-6.115721,2023-01-01T05:41:10
-7.227498,-6.115721,2023-01-01T05:41:11
-7.227498,-6.115721,2023-01-01T05:41:12
-7.227498,-6.115721,2023-01-01T05:41:13
-7.227498,-6.115721,2023-01-01T05:41:14
-7.227498,-6.115721,2023-01-01T05:41:15
-7.227498,-6.115721,2023-01-01T05:41:16
-7.227498,-6.115721,2023-01-01T05:41:17
-7.116306,-6.115721,2023-01-01T05:41:18
-7.116306,-6.115721,2023-01-01T05:41:19
-7.116306,-6.115721,2023-01-01T05:41:20
-7.116306,-6.115721,2023-01-01T05:41:21
-7.116306,-6.115721,2023-01-01T05:41:22
-7.116306,-6.115721,2023-01-01T05:41:23
-7.116306,-6.115721,2023-01-01T05:41:24
-7.116306,-6.115721,2023-01-01T05:41:25
-7.116306,-6.115721,2023-01-01T05:41:26
-7.116306,-6.115721,2023-01-01T05:41:27
-7.116306,-6.115721,2023-01-01T05:41:28
-7.116306,-6.115721,2023-01-01T05:41:29
-7.116306,-6.115721,2023-01-01T05:41:30
-7.116306,-6.115721,2023-01-01T05:41:31
-7.116306,-6.115721,2023-01-01T05:41:32
-7.116306,-6.115721,2023-01-01T05:41:33
-7.116306,-6.115721,2023-01-01T05:41:34
-7.116306,-6.115721,2023-01-01T05:41:35
-7.116306,-6.115721,2023-01-01T05:41:36
-7.116306,-6.115721,2023-01-01T05:41:37
-7.116306,-6.115721,2023-01-01T05:41:38
-7.116306,-6.115721,2023-01-01T05:41:39
-7.116306,-6.115721,2023-01-01T05:41:40
-7.116306,-6.115721,2023-01-01T05:41:41
-7.116306,-6.115721,2023-01-01T05:41:42
-7.116306,-6.115721,2023-01-01T05:41:43
-7.116306,-6.115721,2023-01-01T05:41:44
-7.116306,-6.115721,2023-01-01T05:41:45
-7.116306,-6.115721,2023-01-01T05:41:46
-7.116306,-6.115721,2023-01-01T05:41:47
-7.116306,-6.115721,2023-01-01T05:41:48
-7.116306,-6.115721,2023-01-01T05:41:49
-7.116306,-6.115721,2023-01-01T05:41:50
-7.116306,-6.115721,2023-01-01T05:41:51
-7.116306,-6.115721,2023-01-01T05:41:52
-7.116306,-6.115721,2023-01-01T05:41:53
-7.116306,-6.115721,2023-01-01T05:41:54
-7.116306,-6.115721,2023-01-01T05:41:55
-7.116306,-6.115721,2023-01-01T05:41:56
-7.116306,-6.115721,2023-01-01T05:41:57
-7.116306,-6.115721,2023-01-01T05:41:58
-7.116306,-6.115721,2023-01-01T05:41:59
-7.116306,-6.115721,2023-01-01T05:42:00
-7.116306,-6.115721,2023-01-01T05:42:01
-7.116306,-6.226916,2023-01-01T05:42:02
-7.116306,-6.226916,2023-01-01T05:42:03
-7.116306,-6.226916,2023-01-01T05:42:04
-7.116306,-6.226916,2023-01-01T05:42:05
-7.116306,-6.226916,2023-01-01T05:42:06
-7.116306,-6.226916,2023-01-01T05:42:07
-7.116306,-6.226916,2023-01-01T05:42:08
-7.116306,-6.226916,2023-01-01T05:42:09
-7.116306,-6.226916,2023-01-01T05:42:10
-7.116306,-6.226916,2023-01-01T05:42:11
-7.116306,-6.226916,2023-01-01T05:42:12
-7.116306,-6.226916,2023-01-01T05:42:13
-7.116306,-6.226916,2023-01-01T05:42:14
-7.005114,-6.226916,2023-01-01T05:42:15
-7.005114,-6.226916,2023-01-01T05:42:16
-7.005114,-6.226916,2023-01-01T05:42:17
-7.005114,-6.226916,2023-01-01T05:42:18
-7.005114,-6.226916,2023-01-01T05:42:19
-7.005114,-6.226916,2023-01-01T05:42:20
-7.005114,-6.226916,2023-01-01T05:42:21
-7.005114,-6.226916,2023-01-01T05:42:22
-7.005114,-6.226916,2023-01-01T05:42:23
-7.005114,-6.226916,2023-01-01T05:42:24
-7.005114,-6.226916,2023-01-01T05:42:25
-7.005114,-6.226916,2023-01-01T05:42:26
-7.005114,-6.226916,2023-01-01T05:42:27
-7.005114,-6.226916,2023-01-01T05:42:28
-7.005114,-6.226916,2023-01-01T05:42:29
-7.005114,-6.226916,2023-01-01T05:42:30
-7.005114,-6.226916,2023-01-01T05:42:31
-7.005114,-6.226916,2023-01-01T05:42:32
-7.005114,-6.226916,2023-01-01T05:42:33
-7.005114,-6.226916,2023-01-01T05:42:34
-7.005114,-6.226916,2023-01-01T05:42:35
-7.005114,-6.226916,2023-01-01T05:42:36
-7.005114,-6.338111,2023-01-01T05:42:37
-7.005114,-6.338111,2023-01-01T05:42:38
-7.005114,-6.338111,2023-01-01T05:42:39
-7.005114,-6.338111,2023-01-01T05:42:40
-7.005114,-6.338111,2023-01-01T05:42:41
-7.005114,-6.338111,2023-01-01T05:42:42
-7.005114,-6.338111,2023-01-01T05:42:43
-7.005114,-6.338111,2023-01-01T05:42:44
-7.005114,-6.338111,2023-01-01T05:42:45
-7.005114,-6.338111,2023-01-01T05:42:46
-7.005114,-6.338111,2023-01-01T05:42:47
-7.005114,-6.338111,2023-01-01T05:42:48
-6.893922,-6.338111,2023-01-01T05:42:49
-6.893922,-6.338111,2023-01-01T05:42:50
-6.893922,-6.338111,2023-01-01T05:42:51
-6.893922,-6.338111,2023-01-01T05:42:52
-6.893922,-6.338111,2023-01-01T05:42:53
-6.893922,-6.338111,2023-01-01T05:42:54
-6.893922,-6.338111,2023-01-01T05:42:55
-6.893922,-6.338111,2023-01-01T05:42:56
-6.893922,-6.338111,2023-01-01T05:42:57
-6.893922,-6.338111,2023-01-01T05:42:58
-6.893922,-6.338111,2023-01-01T05:42:59
-6.893922,-6.338111,2023-01-01T05:43:00
-6.893922,-6.338111,2023-01-01T05:43:01
-6.893922,-6.338111,2023-01-01T05:43:02
-6.893922,-6.338111,2023-01-01T05:43:03
-6.893922,-6.338111,2023-01-01T05:43:04
-6.893922,-6.338111,2023-01-01T05:43:05
-6.893922,-6.338111,2023-01-01T05:43:06
-6.893922,-6.338111,2023-01-01T05:43:07
-6.893922,-6.338111,2023-01-01T05:43:08
-6.782729,-6.338111,2023-01-01T05:43:09
-6.782729,-6.338111,2023-01-01T05:43:10
-6.782729,-6.338111,2023-01-01T05:43:11
-6.782729,-6.338111,2023-01-01T05:43:12
-6.782729,-6.338111,2023-01-01T05:43:13
-6.782729,-6.338111,2023-01-01T05:43:14
-6.782729,-6.338111,2023-01-01T05:43:15
-6.782729,-6.338111,2023-01-01T05:43:16
-6.782729,-6.338111,2023-01-01T05:43:17
-6.782729,-6.338111,2023-01-01T05:43:18
-6.782729,-6.338111,2023-01-01T05:43:19
-6.782729,-6.338111,2023-01-01T05:43:20
-6.782729,-6.338111,2023-01-01T05:43:21
-6.782729,-6.338111,2023-01-01T05:43:22
-6.782729,-6.338111,2023-01-01T05:43:23
-6.782729,-6.338111,2023-01-01T05:43:24
-6.782729,-6.338111,2023-01-01T05:43:25
-6.782729,-6.338111,2023-01-01T05:43:26
-6.782729,-6.338111,2023-01-01T05:43:27
-6.782729,-6.338111,2023-01-01T05:43:28
-6.782729,-6.338111,2023-01-01T05:43:29
-6.782729,-6.338111,2023-01-01T05:43:30
-6.782729,-6.338111,2023-01-01T05:43:31
-6.782729,-6.338111,2023-01-01T05:43:32
-6.782729,-6.338111,2023-01-01T05:43:33
-6.782729,-6.338111,2023-01-01T05:43:34
-6.782729,-6.338111,2023-01-01T05:43:35
-6.782729,-6.338111,2023-01-01T05:43:36
-6.782729,-6.338111,2023-01-01T05:43:37
-6.782729,-6.338111,2023-01-01T05:43:38
-6.782729,-6.338111,2023-01-01T05:43:39
-6.782729,-6.338111,2023-01-01T05:43:40
-6.782729,-6.338111,2023-01-01T05:43:41
-6.782729,-6.338111,2023-01-01T05:43:42
-6.782729,-6.338111,2023-01-01T05:43:43
-6.782729,-6.338111,2023-01-01T05:43:44
-6.782729,-6.338111,2023-01-01T05:43:45
-6.782729,-6.338111,2023-01-01T05:43:46
-6.782729,-6.338111,2023-01-01T05:43:47
-6.782729,-6.338111,2023-01-01T05:43:48
-6.782729,-6.338111,2023-01-01T05:43:49
-6.782729,-6.338111,2023-01-01T05:43:50
-6.782729,-6.338111,2023-01-01T05:43:51
-6.782729,-6.338111,2023-01-01T05:43:52
-6.782729,-6.338111,2023-01-01T05:43:53
-6.782729,-6.338111,2023-01-01T05:43:54
-6.782729,-6.338111,2023-01-01T05:43:55
-6.782729,-6.338111,2023-01-01T05:43:56
-6.782729,-6.338111,2023-01-01T05:43:57
-6.782729,-6.338111,2023-01-01T05:43:58
-6.782729,-6.338111,2023-01-01T05:43:59
-6.782729,-6.338111,2023-01-01T05:44:00
-6.782729,-6.338111,2023-01-01T05:44:01
-6.782729,-6.338111,2023-01-01T05:44:02
-6.782729,-6.338111,2023-01-01T05:44:03
-6.782729,-6.338111,2023-01-01T05:44:04
-6.782729,-6.338111,2023-01-01T05:44:05
-6.782729,-6.338111,2023-01-01T05:44:06
-6.782729,-6.338111,2023-01-01T05:44:07
-6.782729,-6.338111,2023-01-01T05:44:08
-6.782729,-6.338111,2023-01-01T05:44:09
-6.782729,-6.338111,2023-01-01T05:44:10
-6.782729,-6.338111,2023-01-01T05:44:11
-6.782729,-6.338111,2023-01-01T05:44:12
-6.782729,-6.338111,2023-01-01T05:44:13
-6.782729,-6.338111,2023-01-01T05:44:14
-6.782729,-6.338111,2023-01-01T05:44:15
-6.671537,-6.338111,2023-01-01T05:44:16
-6.671537,-6.338111,2023-01-01T05:44:17
-6.671537,-6.338111,2023-01-01T05:44:18
-6.671537,-6.338111,2023-01-01T05:44:19
-6.671537,-6.338111,2023-01-01T05:44:20
-6.671537,-6.338111,2023-01-01T05:44:21
-6.671537,-6.338111,2023-01-01T05:44:22
-6.671537,-6.338111,2023-01-01T05:44:23
-6.671537,-6.338111,2023-01-01T05:44:24
-6.671537,-6.338111,2023-01-01T05:44:25
-6.671537,-6.338111,2023-01-01T05:44:26
-6.671537,-6.338111,2023-01-01T05:44:27
-6.671537,-6.338111,2023-01-01T05:44:28
-6.671537,-6.338111,2023-01-01T05:44:29
-6.671537,-6.338111,2023-01-01T05:44:30
-6.671537,-6.338111,2023-01-01T05:44:31
-6.671537,-6.338111,2023-01-01T05:44:32
-6.671537,-6.338111,2023-01-01T05:44:33
-6.671537,-6.338111,2023-01-01T05:44:34
-6.671537,-6.338111,2023-01-01T05:44:35
-6.671537,-6.338111,2023-01-01T05:44:36
-6.671537,-6.338111,2023-01-01T05:44:37
-6.671537,-6.338111,2023-01-01T05:44:38
-6.671537,-6.338111,2023-01-01T05:44:39
-6.671537,-6.338111,2023-01-01T05:44:40
-6.671537,-6.338111,2023-01-01T05:44:41
-6.782729,-6.338111,2023-01-01T05:44:42
-6.782729,-6.338111,2023-01-01T05:44:43
-6.782729,-6.338111,2023-01-01T05:44:44
-6.782729,-6.338111,2023-01-01T05:44:45
-6.782729,-6.338111,2023-01-01T05:44:46
-6.782729,-6.338111,2023-01-01T05:44:47
-6.782729,-6.338111,2023-01-01T05:44:48
-6.782729,-6.338111,2023-01-01T05:44:49
-6.782729,-6.338111,2023-01-01T05:44:50
-6.782729,-6.338111,2023-01-01T05:44:51
-6.782729,-6.338111,2023-01-01T05:44:52
-6.782729,-6.338111,2023-01-01T05:44:53
-6.782729,-6.338111,2023-01-01T05:44:54
-6.782729,-6.338111,2023-01-01T05:44:55
-6.782729,-6.338111,2023-01-01T05:44:56
-6.782729,-6.338111,2023-01-01T05:44:57
-6.782729,-6.338111,2023-01-01T05:44:58
-6.782729,-6.338111,2023-01-01T05:44:59
-6.782729,-6.338111,2023-01-01T05:45:00
-6.782729,-6.338111,2023-01-01T05:45:01
-6.782729,-6.338111,2023-01-01T05:45:02
-6.782729,-6.338111,2023-01-01T05:45:03
-6.782729,-6.338111,2023-01-01T05:45:04
-6.782729,-6.338111,2023-01-01T05:45:05
-6.782729,-6.338111,2023-01-01T05:45:06
-6.782729,-6.338111,2023-01-01T05:45:07
-6.782729,-6.338111,2023-01-01T05:45:08
-6.782729,-6.338111,2023-01-01T05:45:09
-6.782729,-6.338111,2023-01-01T05:45:10
-6.782729,-6.338111,2023-01-01T05:45:11
-6.782729,-6.338111,2023-01-01T05:45:12
-6.782729,-6.338111,2023-01-01T05:45:13
-6.782729,-6.338111,2023-01-01T05:45:14
-6.782729,-6.338111,2023-01-01T05:45:15
-6.782729,-6.338111,2023-01-01T05:45:16
-6.782729,-6.338111,2023-01-01T05:45:17
-6.782729,-6.338111,2023-01-01T05:45:18
-6.782729,-6.338111,2023-01-01T05:45:19
-6.782729,-6.338111,2023-01-01T05:45:20
-6.782729,-6.338111,2023-01-01T05:45:21
-6.782729,-6.338111,2023-01-01T05:45:22
-6.782729,-6.338111,2023-01-01T05:45:23
-6.782729,-6.338111,2023-01-01T05:45:24
-6.782729,-6.338111,2023-01-01T05:45:25
-6.782729,-6.338111,2023-01-01T05:45:26
-6.782729,-6.338111,2023-01-01T05:45:27
-6.782729,-6.338111,2023-01-01T05:45:28
-6.782729,-6.338111,2023-01-01T05:45:29
-6.782729,-6.338111,2023-01-01T05:45:30
-6.782729,-6.338111,2023-01-01T05:45:31
-6.782729,-6.338111,2023-01-01T05:45:32
-6.782729,-6.338111,2023-01-01T05:45:33
-6.782729,-6.338111,2023-01-01T05:45:34
-6.782729,-6.338111,2023-01-01T05:45:35
-6.782729,-6.338111,2023-01-01T05:45:36
-6.782729,-6.338111,2023-01-01T05:45:37
-6.782729,-6.338111,2023-01-01T05:45:38
-6.782729,-6.338111,2023-01-01T05:45:39
-6.782729,-6.338111,2023-01-01T05:45:40
-6.782729,-6.338111,2023-01-01T05:45:41
-6.782729,-6.338111,2023-01-01T05:45:42
-6.782729,-6.338111,2023-01-01T05:45:43
-6.782729,-6.338111,2023-01-01T05:45:44
-6.782729,-6.338111,2023-01-01T05:45:45
-6.782729,-6.338111,2023-01-01T05:45:46
-6.782729,-6.338111,2023-01-01T05:45:47
-6.782729,-6.338111,2023-01-01T05:45:48
-6.782729,-6.338111,2023-01-01T05:45:49
-6.782729,-6.338111,2023-01-01T05:45:50
-6.782729,-6.338111,2023-01-01T05:45:51
-6.782729,-6.338111,2023-01-01T05:45:52
-6.782729,-6.338111,2023-01-01T05:45:53
-6.782729,-6.338111,2023-01-01T05:45:54
-6.782729,-6.338111,2023-01-01T05:45:55
-6.782729,-6.338111,2023-01-01T05:45:56
-6.782729,-6.338111,2023-01-01T05:45:57
-6.782729,-6.338111,2023-01-01T05:45:58
-6.782729,-6.338111,2023-01-01T05:45:59
-6.782729,-6.338111,2023-01-01T05:46:00
-6.782729,-6.338111,2023-01-01T05:46:01
-6.782729,-6.338111,2023-01-01T05:46:02
-6.782729,-6.338111,2023-01-01T05:46:03
-6.782729,-6.338111,2023-01-01T05:46:04
-6.671537,-6.338111,2023-01-01T05:46:05
-6.671537,-6.338111,2023-01-01T05:46:06
-6.671537,-6.338111,2023-01-01T05:46:07
-6.671537,-6.338111,2023-01-01T05:46:08
-6.671537,-6.449306,2023-01-01T05:46:09
-6.671537,-6.449306,2023-01-01T05:46:10
-6.671537,-6.449306,2023-01-01T05:46:11
-6.671537,-6.449306,2023-01-01T05:46:12
-6.671537,-6.449306,2023-01-01T05:46:13
-6.671537,-6.449306,2023-01-01T05:46:14
-6.671537,-6.449306,2023-01-01T05:46:15
-6.671537,-6.449306,2023-01-01T05:46:16
-6.671537,-6.449306,2023-01-01T05:46:17
-6.671537,-6.449306,2023-01-01T05:46:18
-6.671537,-6.449306,2023-01-01T05:46:19
-6.671537,-6.449306,2023-01-01T05:46:20
-6.671537,-6.449306,2023-01-01T05:46:21
-6.671537,-6.449306,2023-01-01T05:46:22
-6.671537,-6.449306,2023-01-01T05:46:23
-6.671537,-6.449306,2023-01-01T05:46:24
-6.671537,-6.449306,2023-01-01T05:46:25
-6.671537,-6.449306,2023-01-01T05:46:26
-6.671537,-6.449306,2023-01-01T05:46:27
-6.671537,-6.449306,2023-01-01T05:46:28
-6.671537,-6.449306,2023-01-01T05:46:29
-6.671537,-6.449306,2023-01-01T05:46:30
-6.671537,-6.449306,2023-01-01T05:46:31
-6.671537,-6.449306,2023-01-01T05:46:32
-6.671537,-6.449306,2023-01-01T05:46:33
-6.671537,-6.449306,2023-01-01T05:46:34
-6.671537,-6.449306,2023-01-01T05:46:35
-6.671537,-6.449306,2023-01-01T05:46:36
-6.671537,-6.449306,2023-01-01T05:46:37
-6.671537,-6.449306,2023-01-01T05:46:38
-6.671537,-6.449306,2023-01-01T05:46:39
-6.671537,-6.449306,2023-01-01T05:46:40
-6.671537,-6.449306,2023-01-01T05:46:41
-6.671537,-6.449306,2023-01-01T05:46:42
-6.671537,-6.449306,2023-01-01T05:46:43
-6.671537,-6.449306,2023-01-01T05:46:44
-6.671537,-6.449306,2023-01-01T05:46:45
-6.671537,-6.449306,2023-01-01T05:46:46
-6.671537,-6.449306,2023-01-01T05:46:47
-6.671537,-6.449306,2023-01-01T05:46:48
-6.671537,-6.560501,2023-01-01T05:46:49
-6.671537,-6.560501,2023-01-01T05:46:50
-6.671537,-6.560501,2023-01-01T05:46:51
-6.671537,-6.560501,2023-01-01T05:46:52
-6.671537,-6.560501,2023-01-01T05:46:53
-6.671537,-6.560501,2023-01-01T05:46:54
-6.671537,-6.560501,2023-01-01T05:46:55
-6.671537,-6.560501,2023-01-01T05:46:56
-6.671537,-6.560501,2023-01-01T05:46:57
-6.671537,-6.560501,2023-01-01T05:46:58
-6.671537,-6.560501,2023-01-01T05:46:59
-6.671537,-6.560501,2023-01-01T05:47:00
-6.671537,-6.560501,2023-01-01T05:47:01
-6.671537,-6.560501,2023-01-01T05:47:02
-6.671537,-6.560501,2023-01-01T05:47:03
-6.671537,-6.560501,2023-01-01T05:47:04
-6.671537,-6.560501,2023-01-01T05:47:05
-6.671537,-6.560501,2023-01-01T05:47:06
-6.671537,-6.560501,2023-01-01T05:47:07
-6.671537,-6.560501,2023-01-01T05:47:08
-6.671537,-6.560501,2023-01-01T05:47:09
-6.671537,-6.560501,2023-01-01T05:47:10
-6.671537,-6.560501,2023-01-01T05:47:11
-6.671537,-6.560501,2023-01-01T05:47:12
-6.671537,-6.560501,2023-01-01T05:47:13
-6.671537,-6.560501,2023-01-01T05:47:14
-6.671537,-6.560501,2023-01-01T05:47:15
-6.671537,-6.560501,2023-01-01T05:47:16
-6.671537,-6.560501,2023-01-01T05:47:17
-6.671537,-6.560501,2023-01-01T05:47:18
-6.671537,-6.560501,2023-01-01T05:47:19
-6.671537,-6.560501,2023-01-01T05:47:20
-6.671537,-6.560501,2023-01-01T05:47:21
-6.671537,-6.560501,2023-01-01T05:47:22
-6.671537,-6.560501,2023-01-01T05:47:23
-6.671537,-6.560501,2023-01-01T05:47:24
-6.671537,-6.560501,2023-01-01T05:47:25
-6.671537,-6.560501,2023-01-01T05:47:26
-6.671537,-6.560501,2023-01-01T05:47:27
-6.671537,-6.560501,2023-01-01T05:47:28
-6.671537,-6.560501,2023-01-01T05:47:29
-6.671537,-6.560501,2023-01-01T05:47:30
-6.671537,-6.560501,2023-01-01T05:47:31
-6.671537,-6.560501,2023-01-01T05:47:32
-6.671537,-6.560501,2023-01-01T05:47:33
-6.671537,-6.560501,2023-01-01T05:47:34
-6.671537,-6.560501,2023-01-01T05:47:35
-6.671537,-6.560501,2023-01-01T05:47:36
-6.671537,-6.560501,2023-01-01T05:47:37
-6.671537,-6.560501,2023-01-01T05:47:38
-6.671537,-6.560501,2023-01-01T05:47:39
-6.671537,-6.560501,2023-01-01T05:47:40
-6.671537,-6.560501,2023-01-01T05:47:41
-6.671537,-6.560501,2023-01-01T05:47:42
-6.671537,-6.560501,2023-01-01T05:47:43
-6.671537,-6.560501,2023-01-01T05:47:44
-6.671537,-6.560501,2023-01-01T05:47:45
-6.671537,-6.560501,2023-01-01T05:47:46
-6.671537,-6.560501,2023-01-01T05:47:47
-6.671537,-6.560501,2023-01-01T05:47:48
-6.671537,-6.560501,2023-01-01T05:47:49
-6.671537,-6.560501,2023-01-01T05:47:50
-6.671537,-6.560501,2023-01-01T05:47:51
-6.671537,-6.560501,2023-01-01T05:47:52
-6.671537,-6.560501,2023-01-01T05:47:53
-6.671537,-6.560501,2023-01-01T05:47:54
-6.671537,-6.560501,2023-01-01T05:47:55
-6.671537,-6.560501,2023-01-01T05:47:56
-6.671537,-6.560501,2023-01-01T05:47:57
-6.671537,-6.560501,2023-01-01T05:47:58
-6.671537,-6.560501,2023-01-01T05:47:59
-6.560345,-6.560501,2023-01-01T05:48:00
-6.560345,-6.560501,2023-01-01T05:48:01
-6.560345,-6.560501,2023-01-01T05:48:02
-6.560345,-6.560501,2023-01-01T05:48:03
-6.560345,-6.560501,2023-01-01T05:48:04
-6.560345,-6.560501,2023-01-01T05:48:05
-6.560345,-6.560501,2023-01-01T05:48:06
-6.560345,-6.560501,2023-01-01T05:48:07
-6.560345,-6.560501,2023-01-01T05:48:08
-6.560345,-6.560501,2023-01-01T05:48:09
-6.560345,-6.560501,2023-01-01T05:48:10
-6.560345,-6.560501,2023-01-01T05:48:11
-6.560345,-6.560501,2023-01-01T05:48:12
-6.560345,-6.560501,2023-01-01T05:48:13
-6.560345,-6.560501,2023-01-01T05:48:14
-6.560345,-6.560501,2023-01-01T05:48:15
-6.560345,-6.560501,2023-01-01T05:48:16
-6.560345,-6.560501,2023-01-01T05:48:17
-6.560345,-6.560501,2023-01-01T05:48:18
-6.560345,-6.560501,2023-01-01T05:48:19
-6.560345,-6.560501,2023-01-01T05:48:20
-6.560345,-6.560501,2023-01-01T05:48:21
-6.560345,-6.560501,2023-01-01T05:48:22
-6.560345,-6.560501,2023-01-01T05:48:23
-6.560345,-6.560501,2023-01-01T05:48:24
-6.560345,-6.560501,2023-01-01T05:48:25
-6.560345,-6.560501,2023-01-01T05:48:26
-6.560345,-6.560501,2023-01-01T05:48:27
-6.560345,-6.560501,2023-01-01T05:48:28
-6.560345,-6.560501,2023-01-01T05:48:29
-6.560345,-6.671696,2023-01-01T05:48:30
-6.671537,-6.671696,2023-01-01T05:48:31
-6.671537,-6.671696,2023-01-01T05:48:32
-6.671537,-6.671696,2023-01-01T05:48:33
-6.671537,-6.671696,2023-01-01T05:48:34
-6.671537,-6.671696,2023-01-01T05:48:35
-6.671537,-6.671696,2023-01-01T05:48:36
-6.671537,-6.671696,2023-01-01T05:48:37
-6.671537,-6.671696,2023-01-01T05:48:38
-6.671537,-6.671696,2023-01-01T05:48:39
-6.671537,-6.671696,2023-01-01T05:48:40
-6.671537,-6.671696,2023-01-01T05:48:41
-6.671537,-6.671696,2023-01-01T05:48:42
-6.671537,-6.671696,2023-01-01T05:48:43
-6.671537,-6.671696,2023-01-01T05:48:44
-6.671537,-6.671696,2023-01-01T05:48:45
-6.671537,-6.671696,2023-01-01T05:48:46
-6.671537,-6.671696,2023-01-01T05:48:47
-6.671537,-6.671696,2023-01-01T05:48:48
-6.671537,-6.671696,2023-01-01T05:48:49
-6.671537,-6.671696,2023-01-01T05:48:50
-6.671537,-6.671696,2023-01-01T05:48:51
-6.671537,-6.671696,2023-01-01T05:48:52
-6.671537,-6.671696,2023-01-01T05:48:53
-6.671537,-6.671696,2023-01-01T05:48:54
-6.671537,-6.671696,2023-01-01T05:48:55
-6.671537,-6.671696,2023-01-01T05:48:56
-6.671537,-6.671696,2023-01-01T05:48:57
-6.671537,-6.671696,2023-01-01T05:48:58
-6.671537,-6.671696,2023-01-01T05:48:59
-6.671537,-6.671696,2023-01-01T05:49:00
-6.671537,-6.671696,2023-01-01T05:49:01
-6.671537,-6.671696,2023-01-01T05:49:02
-6.671537,-6.671696,2023-01-01T05:49:03
-6.671537,-6.671696,2023-01-01T05:49:04
-6.671537,-6.671696,2023-01-01T05:49:05
-6.671537,-6.671696,2023-01-01T05:49:06
-6.671537,-6.671696,2023-01-01T05:49:07
-6.671537,-6.671696,2023-01-01T05:49:08
-6.671537,-6.671696,2023-01-01T05:49:09
-6.671537,-6.671696,2023-01-01T05:49:10
-6.671537,-6.671696,2023-01-01T05:49:11
-6.671537,-6.671696,2023-01-01T05:49:12
-6.671537,-6.671696,2023-01-01T05:49:13
-6.671537,-6.671696,2023-01-01T05:49:14
-6.671537,-6.671696,2023-01-01T05:49:15
-6.671537,-6.671696,2023-01-01T05:49:16
-6.671537,-6.671696,2023-01-01T05:49:17
-6.671537,-6.671696,2023-01-01T05:49:18
-6.671537,-6.671696,2023-01-01T05:49:19
-6.671537,-6.671696,2023-01-01T05:49:20
-6.671537,-6.671696,2023-01-01T05:49:21
-6.671537,-6.671696,2023-01-01T05:49:22
-6.671537,-6.671696,2023-01-01T05:49:23
-6.671537,-6.671696,2023-01-01T05:49:24
-6.671537,-6.671696,2023-01-01T05:49:25
-6.671537,-6.671696,2023-01-01T05:49:26
-6.671537,-6.671696,2023-01-01T05:49:27
-6.671537,-6.671696,2023-01-01T05:49:28
-6.671537,-6.671696,2023-01-01T05:49:29
-6.560345,-6.671696,2023-01-01T05:49:30
-6.560345,-6.671696,2023-01-01T05:49:31
-6.560345,-6.671696,2023-01-01T05:49:32
-6.560345,-6.671696,2023-01-01T05:49:33
-6.560345,-6.671696,2023-01-01T05:49:34
-6.560345,-6.671696,2023-01-01T05:49:35
-6.560345,-6.671696,2023-01-01T05:49:36
-6.560345,-6.671696,2023-01-01T05:49:37
-6.560345,-6.671696,2023-01-01T05:49:38
-6.560345,-6.671696,2023-01-01T05:49:39
-6.560345,-6.671696,2023-01-01T05:49:40
-6.560345,-6.671696,2023-01-01T05:49:41
-6.560345,-6.671696,2023-01-01T05:49:42
-6.560345,-6.671696,2023-01-01T05:49:43
-6.560345,-6.671696,2023-01-01T05:49:44
-6.560345,-6.671696,2023-01-01T05:49:45
-6.560345,-6.671696,2023-01-01T05:49:46
-6.560345,-6.671696,2023-01-01T05:49:47
-6.560345,-6.671696,2023-01-01T05:49:48
-6.560345,-6.671696,2023-01-01T05:49:49
-6.560345,-6.671696,2023-01-01T05:49:50
-6.560345,-6.671696,2023-01-01T05:49:51
-6.560345,-6.671696,2023-01-01T05:49:52
-6.560345,-6.671696,2023-01-01T05:49:53
-6.560345,-6.671696,2023-01-01T05:49:54
-6.560345,-6.671696,2023-01-01T05:49:55
-6.560345,-6.671696,2023-01-01T05:49:56
-6.560345,-6.671696,2023-01-01T05:49:57
-6.560345,-6.671696,2023-01-01T05:49:58
-6.671537,-6.671696,2023-01-01T05:49:59
-6.671537,-6.671696,2023-01-01T05:50:00
-6.671537,-6.782891,2023-01-01T05:50:01
-6.671537,-6.782891,2023-01-01T05:50:02
-6.671537,-6.782891,2023-01-01T05:50:03
-6.671537,-6.782891,2023-01-01T05:50:04
-6.671537,-6.782891,2023-01-01T05:50:05
-6.671537,-6.782891,2023-01-01T05:50:06
-6.671537,-6.782891,2023-01-01T05:50:07
-6.671537,-6.782891,2023-01-01T05:50:08
-6.671537,-6.782891,2023-01-01T05:50:09
-6.671537,-6.782891,2023-01-01T05:50:10
-6.671537,-6.782891,2023-01-01T05:50:11
-6.671537,-6.782891,2023-01-01T05:50:12
-6.671537,-6.782891,2023-01-01T05:50:13
-6.671537,-6.782891,2023-01-01T05:50:14
-6.671537,-6.782891,2023-01-01T05:50:15
-6.671537,-6.782891,2023-01-01T05:50:16
-6.671537,-6.782891,2023-01-01T05:50:17
-6.671537,-6.782891,2023-01-01T05:50:18
-6.671537,-6.782891,2023-01-01T05:50:19
-6.671537,-6.782891,2023-01-01T05:50:20
-6.671537,-6.782891,2023-01-01T05:50:21
-6.671537,-6.782891,2023-01-01T05:50:22
-6.671537,-6.782891,2023-01-01T05:50:23
-6.671537,-6.782891,2023-01-01T05:50:24
-6.671537,-6.782891,2023-01-01T05:50:25
-6.671537,-6.782891,2023-01-01T05:50:26
-6.671537,-6.782891,2023-01-01T05:50:27
-6.671537,-6.782891,2023-01-01T05:50:28
-6.671537,-6.782891,2023-01-01T05:50:29
-6.671537,-6.782891,2023-01-01T05:50:30
-6.671537,-6.782891,2023-01-01T05:50:31
-6.671537,-6.782891,2023-01-01T05:50:32
-6.671537,-6.782891,2023-01-01T05:50:33
-6.671537,-6.782891,2023-01-01T05:50:34
-6.671537,-6.782891,2023-01-01T05:50:35
-6.671537,-6.782891,2023-01-01T05:50:36
-6.671537,-6.782891,2023-01-01T05:50:37
-6.671537,-6.894085,2023-01-01T05:50:38
-6.671537,-6.894085,2023-01-01T05:50:39
-6.671537,-6.894085,2023-01-01T05:50:40
-6.671537,-6.894085,2023-01-01T05:50:41
-6.671537,-6.894085,2023-01-01T05:50:42
-6.671537,-6.894085,2023-01-01T05:50:43
-6.671537,-6.894085,2023-01-01T05:50:44
-6.671537,-6.894085,2023-01-01T05:50:45
-6.671537,-6.894085,2023-01-01T05:50:46
-6.671537,-6.894085,2023-01-01T05:50:47
-6.671537,-6.894085,2023-01-01T05:50:48
-6.671537,-6.894085,2023-01-01T05:50:49
-6.671537,-6.894085,2023-01-01T05:50:50
-6.671537,-6.894085,2023-01-01T05:50:51
-6.671537,-6.894085,2023-01-01T05:50:52
-6.671537,-6.894085,2023-01-01T05:50:53
-6.671537,-6.894085,2023-01-01T05:50:54
-6.671537,-6.894085,2023-01-01T05:50:55
-6.671537,-6.894085,2023-01-01T05:50:56
-6.671537,-6.894085,2023-01-01T05:50:57
-6.671537,-6.894085,2023-01-01T05:50:58
-6.671537,-6.894085,2023-01-01T05:50:59
-6.671537,-6.894085,2023-01-01T05:51:00
-6.671537,-6.894085,2023-01-01T05:51:01
-6.671537,-6.894085,2023-01-01T05:51:02
-6.671537,-6.894085,2023-01-01T05:51:03
-6.671537,-6.894085,2023-01-01T05:51:04
-6.671537,-6.894085,2023-01-01T05:51:05
-6.671537,-6.894085,2023-01-01T05:51:06
-6.671537,-6.894085,2023-01-01T05:51:07
-6.671537,-6.894085,2023-01-01T05:51:08
-6.671537,-6.894085,2023-01-01T05:51:09
-6.671537,-6.894085,2023-01-01T05:51:10
-6.671537,-6.894085,2023-01-01T05:51:11
-6.671537,-6.894085,2023-01-01T05:51:12
-6.671537,-6.894085,2023-01-01T05:51:13
-6.671537,-6.894085,2023-01-01T05:51:14
-6.671537,-6.894085,2023-01-01T05:51:15
-6.671537,-6.894085,2023-01-01T05:51:16
-6.560345,-6.894085,2023-01-01T05:51:17
-6.560345,-6.894085,2023-01-01T05:51:18
-6.560345,-6.894085,2023-01-01T05:51:19
-6.560345,-6.894085,2023-01-01T05:51:20
-6.560345,-6.894085,2023-01-01T05:51:21
-6.560345,-6.894085,2023-01-01T05:51:22
-6.560345,-6.894085,2023-01-01T05:51:23
-6.560345,-6.894085,2023-01-01T05:51:24
-6.560345,-6.894085,2023-01-01T05:51:25
-6.560345,-6.894085,2023-01-01T05:51:26
-6.560345,-6.894085,2023-01-01T05:51:27
-6.560345,-6.894085,2023-01-01T05:51:28
-6.560345,-6.894085,2023-01-01T05:51:29
-6.560345,-6.894085,2023-01-01T05:51:30
-6.560345,-6.894085,2023-01-01T05:51:31
-6.560345,-6.894085,2023-01-01T05:51:32
-6.560345,-6.894085,2023-01-01T05:51:33
-6.560345,-6.894085,2023-01-01T05:51:34
-6.560345,-6.894085,2023-01-01T05:51:35
-6.560345,-6.894085,2023-01-01T05:51:36
-6.560345,-6.894085,2023-01-01T05:51:37
-6.560345,-6.894085,2023-01-01T05:51:38
-6.560345,-6.894085,2023-01-01T05:51:39
-6.560345,-6.894085,2023-01-01T05:51:40
-6.560345,-6.894085,2023-01-01T05:51:41
-6.560345,-6.894085,2023-01-01T05:51:42
-6.560345,-6.894085,2023-01-01T05:51:43
-6.560345,-6.894085,2023-01-01T05:51:44
-6.560345,-6.894085,2023-01-01T05:51:45
-6.560345,-6.894085,2023-01-01T05:51:46
-6.560345,-6.894085,2023-01-01T05:51:47
-6.560345,-6.894085,2023-01-01T05:51:48
-6.560345,-6.894085,2023-01-01T05:51:49
-6.560345,-6.894085,2023-01-01T05:51:50
-6.560345,-6.894085,2023-01-01T05:51:51
-6.560345,-6.894085,2023-01-01T05:51:52
-6.560345,-6.894085,2023-01-01T05:51:53
-6.560345,-6.894085,2023-01-01T05:51:54
-6.560345,-6.894085,2023-01-01T05:51:55
-6.560345,-6.894085,2023-01-01T05:51:56
-6.560345,-6.894085,2023-01-01T05:51:57
-6.560345,-6.894085,2023-01-01T05:51:58
-6.560345,-6.894085,2023-01-01T05:51:59
-6.560345,-6.894085,2023-01-01T05:52:00
-6.560345,-6.894085,2023-01-01T05:52:01
-6.560345,-6.894085,2023-01-01T05:52:02
-6.560345,-6.894085,2023-01-01T05:52:03
-6.560345,-6.894085,2023-01-01T05:52:04
-6.449152,-6.894085,2023-01-01T05:52:05
-6.449152,-6.894085,2023-01-01T05:52:06
-6.449152,-6.894085,2023-01-01T05:52:07
-6.449152,-6.894085,2023-01-01T05:52:08
-6.449152,-6.894085,2023-01-01T05:52:09
-6.449152,-6.894085,2023-01-01T05:52:10
-6.449152,-6.894085,2023-01-01T05:52:11
-6.449152,-6.894085,2023-01-01T05:52:12
-6.449152,-6.894085,2023-01-01T05:52:13
-6.449152,-6.894085,2023-01-01T05:52:14
-6.449152,-6.894085,2023-01-01T05:52:15
-6.449152,-6.894085,2023-01-01T05:52:16
-6.449152,-6.894085,2023-01-01T05:52:17
-6.449152,-6.894085,2023-01-01T05:52:18
-6.449152,-6.894085,2023-01-01T05:52:19
-6.449152,-6.894085,2023-01-01T05:52:20
-6.449152,-6.894085,2023-01-01T05:52:21
-6.560345,-6.894085,2023-01-01T05:52:22
-6.560345,-6.894085,2023-01-01T05:52:23
-6.560345,-6.894085,2023-01-01T05:52:24
-6.560345,-6.894085,2023-01-01T05:52:25
-6.560345,-6.894085,2023-01-01T05:52:26
-6.560345,-6.894085,2023-01-01T05:52:27
-6.560345,-6.894085,2023-01-01T05:52:28
-6.560345,-6.894085,2023-01-01T05:52:29
-6.560345,-7.005280,2023-01-01T05:52:30
-6.560345,-7.005280,2023-01-01T05:52:31
-6.560345,-7.005280,2023-01-01T05:52:32
-6.560345,-7.005280,2023-01-01T05:52:33
-6.560345,-7.005280,2023-01-01T05:52:34
-6.560345,-7.005280,2023-01-01T05:52:35
-6.560345,-7.005280,2023-01-01T05:52:36
-6.560345,-7.005280,2023-01-01T05:52:37
-6.560345,-7.005280,2023-01-01T05:52:38
-6.560345,-7.005280,2023-01-01T05:52:39
-6.560345,-7.005280,2023-01-01T05:52:40
-6.560345,-7.005280,2023-01-01T05:52:41
-6.560345,-7.005280,2023-01-01T05:52:42
-6.560345,-7.005280,2023-01-01T05:52:43
-6.560345,-7.005280,2023-01-01T05:52:44
-6.560345,-7.005280,2023-01-01T05:52:45
-6.560345,-7.005280,2023-01-01T05:52:46
-6.560345,-7.005280,2023-01-01T05:52:47
-6.560345,-7.005280,2023-01-01T05:52:48
-6.560345,-7.005280,2023-01-01T05:52:49
-6.560345,-7.005280,2023-01-01T05:52:50
-6.560345,-7.005280,2023-01-01T05:52:51
-6.560345,-7.005280,2023-01-01T05:52:52
-6.560345,-7.005280,2023-01-01T05:52:53
-6.560345,-7.116475,2023-01-01T05:52:54
-6.560345,-7.116475,2023-01-01T05:52:55
-6.560345,-7.116475,2023-01-01T05:52:56
-6.560345,-7.116475,2023-01-01T05:52:57
-6.560345,-7.116475,2023-01-01T05:52:58
-6.560345,-7.116475,2023-01-01T05:52:59
-6.560345,-7.116475,2023-01-01T05:53:00
-6.560345,-7.116475,2023-01-01T05:53:01
-6.560345,-7.116475,2023-01-01T05:53:02
-6.560345,-7.116475,2023-01-01T05:53:03
-6.560345,-7.116475,2023-01-01T05:53:04
-6.560345,-7.116475,2023-01-01T05:53:05
-6.560345,-7.116475,2023-01-01T05:53:06
-6.560345,-7.116475,2023-01-01T05:53:07
-6.560345,-7.116475,2023-01-01T05:53:08
-6.560345,-7.116475,2023-01-01T05:53:09
-6.560345,-7.116475,2023-01-01T05:53:10
-6.671537,-7.116475,2023-01-01T05:53:11
-6.671537,-7.116475,2023-01-01T05:53:12
-6.671537,-7.116475,2023-01-01T05:53:13
-6.671537,-7.227670,2023-01-01T05:53:14
-6.671537,-7.227670,2023-01-01T05:53:15
-6.671537,-7.227670,2023-01-01T05:53:16
-6.671537,-7.227670,2023-01-01T05:53:17
-6.671537,-7.227670,2023-01-01T05:53:18
-6.671537,-7.227670,2023-01-01T05:53:19
-6.671537,-7.227670,2023-01-01T05:53:20
-6.671537,-7.227670,2023-01-01T05:53:21
-6.671537,-7.227670,2023-01-01T05:53:22
-6.671537,-7.227670,2023-01-01T05:53:23
-6.671537,-7.227670,2023-01-01T05:53:24
-6.671537,-7.227670,2023-01-01T05:53:25
-6.671537,-7.227670,2023-01-01T05:53:26
-6.671537,-7.227670,2023-01-01T05:53:27
-6.671537,-7.227670,2023-01-01T05:53:28
-6.671537,-7.227670,2023-01-01T05:53:29
-6.671537,-7.227670,2023-01-01T05:53:30
-6.671537,-7.227670,2023-01-01T05:53:31
-6.671537,-7.227670,2023-01-01T05:53:32
-6.671537,-7.227670,2023-01-01T05:53:33
-6.671537,-7.227670,2023-01-01T05:53:34
-6.671537,-7.227670,2023-01-01T05:53:35
-6.671537,-7.227670,2023-01-01T05:53:36
-6.671537,-7.227670,2023-01-01T05:53:37
-6.671537,-7.227670,2023-01-01T05:53:38
-6.671537,-7.227670,2023-01-01T05:53:39
-6.671537,-7.227670,2023-01-01T05:53:40
-6.671537,-7.227670,2023-01-01T05:53:41
-6.671537,-7.227670,2023-01-01T05:53:42
-6.671537,-7.338865,2023-01-01T05:53:43
-6.671537,-7.338865,2023-01-01T05:53:44
-6.671537,-7.338865,2023-01-01T05:53:45
-6.671537,-7.338865,2023-01-01T05:53:46
-6.671537,-7.338865,2023-01-01T05:53:47
-6.671537,-7.338865,2023-01-01T05:53:48
-6.671537,-7.338865,2023-01-01T05:53:49
-6.671537,-7.338865,2023-01-01T05:53:50
-6.671537,-7.338865,2023-01-01T05:53:51
-6.671537,-7.338865,2023-01-01T05:53:52
-6.671537,-7.338865,2023-01-01T05:53:53
-6.671537,-7.338865,2023-01-01T05:53:54
-6.671537,-7.338865,2023-01-01T05:53:55
-6.671537,-7.338865,2023-01-01T05:53:56
-6.671537,-7.338865,2023-01-01T05:53:57
-6.671537,-7.338865,2023-01-01T05:53:58
-6.671537,-7.338865,2023-01-01T05:53:59
-6.671537,-7.338865,2023-01-01T05:54:00
-6.671537,-7.338865,2023-01-01T05:54:01
-6.671537,-7.338865,2023-01-01T05:54:02
-6.671537,-7.338865,2023-01-01T05:54:03
-6.671537,-7.338865,2023-01-01T05:54:04
-6.671537,-7.338865,2023-01-01T05:54:05
-6.671537,-7.338865,2023-01-01T05:54:06
-6.671537,-7.338865,2023-01-01T05:54:07
-6.671537,-7.338865,2023-01-01T05:54:08
-6.671537,-7.338865,2023-01-01T05:54:09
-6.671537,-7.338865,2023-01-01T05:54:10
-6.671537,-7.338865,2023-01-01T05:54:11
-6.671537,-7.338865,2023-01-01T05:54:12
-6.671537,-7.338865,2023-01-01T05:54:13
-6.671537,-7.338865,2023-01-01T05:54:14
-6.671537,-7.338865,2023-01-01T05:54:15
-6.671537,-7.338865,2023-01-01T05:54:16
-6.671537,-7.338865,2023-01-01T05:54:17
-6.671537,-7.338865,2023-01-01T05:54:18
-6.671537,-7.338865,2023-01-01T05:54:19
-6.671537,-7.338865,2023-01-01T05:54:20
-6.671537,-7.338865,2023-01-01T05:54:21
-6.671537,-7.338865,2023-01-01T05:54:22
-6.560345,-7.338865,2023-01-01T05:54:23
-6.560345,-7.338865,2023-01-01T05:54:24
-6.560345,-7.338865,2023-01-01T05:54:25
-6.560345,-7.338865,2023-01-01T05:54:26
-6.560345,-7.338865,2023-01-01T05:54:27
-6.560345,-7.338865,2023-01-01T05:54:28
-6.560345,-7.338865,2023-01-01T05:54:29
-6.560345,-7.338865,2023-01-01T05:54:30
-6.560345,-7.338865,2023-01-01T05:54:31
-6.560345,-7.338865,2023-01-01T05:54:32
-6.560345,-7.338865,2023-01-01T05:54:33
-6.560345,-7.338865,2023-01-01T05:54:34
-6.560345,-7.338865,2023-01-01T05:54:35
-6.560345,-7.338865,2023-01-01T05:54:36
-6.560345,-7.338865,2023-01-01T05:54:37
-6.560345,-7.338865,2023-01-01T05:54:38
-6.560345,-7.338865,2023-01-01T05:54:39
-6.560345,-7.338865,2023-01-01T05:54:40
-6.560345,-7.338865,2023-01-01T05:54:41
-6.560345,-7.338865,2023-01-01T05:54:42
-6.560345,-7.338865,2023-01-01T05:54:43
-6.560345,-7.338865,2023-01-01T05:54:44
-6.560345,-7.338865,2023-01-01T05:54:45
-6.560345,-7.338865,2023-01-01T05:54:46
-6.560345,-7.338865,2023-01-01T05:54:47
-6.560345,-7.338865,2023-01-01T05:54:48
-6.560345,-7.338865,2023-01-01T05:54:49
-6.560345,-7.338865,2023-01-01T05:54:50
-6.560345,-7.338865,2023-01-01T05:54:51
-6.449152,-7.338865,2023-01-01T05:54:52
-6.449152,-7.338865,2023-01-01T05:54:53
-6.449152,-7.338865,2023-01-01T05:54:54
-6.449152,-7.338865,2023-01-01T05:54:55
-6.449152,-7.338865,2023-01-01T05:54:56
-6.449152,-7.338865,2023-01-01T05:54:57
-6.449152,-7.338865,2023-01-01T05:54:58
-6.449152,-7.338865,2023-01-01T05:54:59
-6.449152,-7.338865,2023-01-01T05:55:00
-6.449152,-7.338865,2023-01-01T05:55:01
-6.449152,-7.338865,2023-01-01T05:55:02
-6.449152,-7.338865,2023-01-01T05:55:03
-6.449152,-7.338865,2023-01-01T05:55:04
-6.449152,-7.338865,2023-01-01T05:55:05
-6.449152,-7.338865,2023-01-01T05:55:06
-6.449152,-7.338865,2023-01-01T05:55:07
-6.449152,-7.227670,2023-01-01T05:55:08
-6.449152,-7.227670,2023-01-01T05:55:09
-6.449152,-7.227670,2023-01-01T05:55:10
-6.449152,-7.227670,2023-01-01T05:55:11
-6.449152,-7.227670,2023-01-01T05:55:12
-6.449152,-7.227670,2023-01-01T05:55:13
-6.449152,-7.227670,2023-01-01T05:55:14
-6.449152,-7.227670,2023-01-01T05:55:15
-6.449152,-7.227670,2023-01-01T05:55:16
-6.449152,-7.227670,2023-01-01T05:55:17
-6.449152,-7.227670,2023-01-01T05:55:18
-6.449152,-7.227670,2023-01-01T05:55:19
-6.449152,-7.227670,2023-01-01T05:55:20
-6.449152,-7.227670,2023-01-01T05:55:21
-6.449152,-7.227670,2023-01-01T05:55:22
-6.449152,-7.227670,2023-01-01T05:55:23
-6.449152,-7.227670,2023-01-01T05:55:24
-6.449152,-7.227670,2023-01-01T05:55:25
-6.449152,-7.227670,2023-01-01T05:55:26
-6.449152,-7.227670,2023-01-01T05:55:27
-6.337960,-7.227670,2023-01-01T05:55:28
-6.337960,-7.227670,2023-01-01T05:55:29
-6.337960,-7.227670,2023-01-01T05:55:30
-6.337960,-7.227670,2023-01-01T05:55:31
-6.337960,-7.227670,2023-01-01T05:55:32
-6.337960,-7.227670,2023-01-01T05:55:33
-6.337960,-7.227670,2023-01-01T05:55:34
-6.337960,-7.227670,2023-01-01T05:55:35
-6.337960,-7.227670,2023-01-01T05:55:36
-6.337960,-7.227670,2023-01-01T05:55:37
-6.337960,-7.227670,2023-01-01T05:55:38
-6.337960,-7.227670,2023-01-01T05:55:39
-6.337960,-7.227670,2023-01-01T05:55:40
-6.337960,-7.227670,2023-01-01T05:55:41
-6.337960,-7.227670,2023-01-01T05:55:42
-6.337960,-7.227670,2023-01-01T05:55:43
-6.337960,-7.227670,2023-01-01T05:55:44
-6.337960,-7.227670,2023-01-01T05:55:45
-6.337960,-7.227670,2023-01-01T05:55:46
-6.337960,-7.227670,2023-01-01T05:55:47
-6.337960,-7.227670,2023-01-01T05:55:48
-6.337960,-7.227670,2023-01-01T05:55:49
-6.337960,-7.227670,2023-01-01T05:55:50
-6.337960,-7.227670,2023-01-01T05:55:51
-6.337960,-7.227670,2023-01-01T05:55:52
-6.337960,-7.227670,2023-01-01T05:55:53
-6.337960,-7.227670,2023-01-01T05:55:54
-6.337960,-7.227670,2023-01-01T05:55:55
-6.337960,-7.227670,2023-01-01T05:55:56
-6.337960,-7.227670,2023-01-01T05:55:57
-6.337960,-7.227670,2023-01-01T05:55:58
-6.337960,-7.227670,2023-01-01T05:55:59
-6.337960,-7.227670,2023-01-01T05:56:00
-6.337960,-7.227670,2023-01-01T05:56:01
-6.337960,-7.227670,2023-01-01T05:56:02
-6.337960,-7.227670,2023-01-01T05:56:03
-6.337960,-7.227670,2023-01-01T05:56:04
-6.337960,-7.227670,2023-01-01T05:56:05
-6.337960,-7.227670,2023-01-01T05:56:06
-6.337960,-7.227670,2023-01-01T05:56:07
-6.337960,-7.227670,2023-01-01T05:56:08
-6.337960,-7.227670,2023-01-01T05:56:09
-6.337960,-7.227670,2023-01-01T05:56:10
-6.337960,-7.227670,2023-01-01T05:56:11
-6.337960,-7.227670,2023-01-01T05:56:12
-6.337960,-7.227670,2023-01-01T05:56:13
-6.337960,-7.227670,2023-01-01T05:56:14
-6.337960,-7.227670,2023-01-01T05:56:15
-6.337960,-7.338865,2023-01-01T05:56:16
-6.337960,-7.338865,2023-01-01T05:56:17
-6.337960,-7.338865,2023-01-01T05:56:18
-6.337960,-7.338865,2023-01-01T05:56:19
-6.337960,-7.338865,2023-01-01T05:56:20
-6.337960,-7.338865,2023-01-01T05:56:21
-6.337960,-7.338865,2023-01-01T05:56:22
-6.337960,-7.338865,2023-01-01T05:56:23
-6.337960,-7.338865,2023-01-01T05:56:24
-6.337960,-7.338865,2023-01-01T05:56:25
-6.337960,-7.338865,2023-01-01T05:56:26
-6.337960,-7.338865,2023-01-01T05:56:27
-6.337960,-7.338865,2023-01-01T05:56:28
-6.337960,-7.338865,2023-01-01T05:56:29
-6.337960,-7.338865,2023-01-01T05:56:30
-6.337960,-7.338865,2023-01-01T05:56:31
-6.337960,-7.338865,2023-01-01T05:56:32
-6.337960,-7.338865,2023-01-01T05:56:33
-6.337960,-7.338865,2023-01-01T05:56:34
-6.337960,-7.338865,2023-01-01T05:56:35
-6.337960,-7.338865,2023-01-01T05:56:36
-6.337960,-7.338865,2023-01-01T05:56:37
-6.337960,-7.338865,2023-01-01T05:56:38
-6.337960,-7.338865,2023-01-01T05:56:39
-6.337960,-7.338865,2023-01-01T05:56:40
-6.337960,-7.338865,2023-01-01T05:56:41
-6.337960,-7.338865,2023-01-01T05:56:42
-6.337960,-7.338865,2023-01-01T05:56:43
-6.337960,-7.338865,2023-01-01T05:56:44
-6.337960,-7.338865,2023-01-01T05:56:45
-6.337960,-7.338865,2023-01-01T05:56:46
-6.337960,-7.338865,2023-01-01T05:56:47
-6.337960,-7.338865,2023-01-01T05:56:48
-6.337960,-7.338865,2023-01-01T05:56:49
-6.226768,-7.338865,2023-01-01T05:56:50
-6.226768,-7.338865,2023-01-01T05:56:51
-6.226768,-7.338865,2023-01-01T05:56:52
-6.226768,-7.338865,2023-01-01T05:56:53
-6.226768,-7.338865,2023-01-01T05:56:54
-6.226768,-7.338865,2023-01-01T05:56:55
-6.226768,-7.338865,2023-01-01T05:56:56
-6.226768,-7.338865,2023-01-01T05:56:57
-6.226768,-7.338865,2023-01-01T05:56:58
-6.226768,-7.338865,2023-01-01T05:56:59
-6.226768,-7.338865,2023-01-01T05:57:00
-6.226768,-7.338865,2023-01-01T05:57:01
-6.226768,-7.338865,2023-01-01T05:57:02
-6.226768,-7.338865,2023-01-01T05:57:03
-6.226768,-7.338865,2023-01-01T05:57:04
-6.226768,-7.338865,2023-01-01T05:57:05
-6.226768,-7.338865,2023-01-01T05:57:06
-6.226768,-7.338865,2023-01-01T05:57:07
-6.226768,-7.338865,2023-01-01T05:57:08
-6.226768,-7.338865,2023-01-01T05:57:09
-6.226768,-7.338865,2023-01-01T05:57:10
-6.226768,-7.338865,2023-01-01T05:57:11
-6.226768,-7.338865,2023-01-01T05:57:12
-6.226768,-7.338865,2023-01-01T05:57:13
-6.226768,-7.338865,2023-01-01T05:57:14
-6.226768,-7.338865,2023-01-01T05:57:15
-6.226768,-7.338865,2023-01-01T05:57:16
-6.226768,-7.338865,2023-01-01T05:57:17
-6.226768,-7.338865,2023-01-01T05:57:18
-6.226768,-7.338865,2023-01-01T05:57:19
-6.226768,-7.338865,2023-01-01T05:57:20
-6.226768,-7.338865,2023-01-01T05:57:21
-6.226768,-7.338865,2023-01-01T05:57:22
-6.226768,-7.338865,2023-01-01T05:57:23
-6.226768,-7.338865,2023-01-01T05:57:24
-6.226768,-7.338865,2023-01-01T05:57:25
-6.226768,-7.338865,2023-01-01T05:57:26
-6.226768,-7.338865,2023-01-01T05:57:27
-6.226768,-7.338865,2023-01-01T05:57:28
-6.226768,-7.338865,2023-01-01T05:57:29
-6.226768,-7.338865,2023-01-01T05:57:30
-6.226768,-7.338865,2023-01-01T05:57:31
-6.226768,-7.338865,2023-01-01T05:57:32
-6.226768,-7.338865,2023-01-01T05:57:33
-6.226768,-7.338865,2023-01-01T05:57:34
-6.226768,-7.338865,2023-01-01T05:57:35
-6.226768,-7.338865,2023-01-01T05:57:36
-6.226768,-7.338865,2023-01-01T05:57:37
-6.226768,-7.338865,2023-01-01T05:57:38
-6.226768,-7.338865,2023-01-01T05:57:39
-6.226768,-7.338865,2023-01-01T05:57:40
-6.226768,-7.338865,2023-01-01T05:57:41
-6.226768,-7.338865,2023-01-01T05:57:42
-6.226768,-7.338865,2023-01-01T05:57:43
-6.115576,-7.338865,2023-01-01T05:57:44
-6.115576,-7.338865,2023-01-01T05:57:45
-6.115576,-7.338865,2023-01-01T05:57:46
-6.115576,-7.338865,2023-01-01T05:57:47
-6.115576,-7.338865,2023-01-01T05:57:48
-6.115576,-7.338865,2023-01-01T05:57:49
-6.115576,-7.338865,2023-01-01T05:57:50
-6.226768,-7.338865,2023-01-01T05:57:51
-6.226768,-7.338865,2023-01-01T05:57:52
-6.226768,-7.338865,2023-01-01T05:57:53
-6.226768,-7.338865,2023-01-01T05:57:54
-6.226768,-7.338865,2023-01-01T05:57:55
-6.226768,-7.338865,2023-01-01T05:57:56
-6.226768,-7.338865,2023-01-01T05:57:57
-6.226768,-7.338865,2023-01-01T05:57:58
-6.226768,-7.338865,2023-01-01T05:57:59
-6.226768,-7.338865,2023-01-01T05:58:00
-6.226768,-7.338865,2023-01-01T05:58:01
-6.226768,-7.338865,2023-01-01T05:58:02
-6.226768,-7.338865,2023-01-01T05:58:03
-6.226768,-7.338865,2023-01-01T05:58:04
-6.226768,-7.338865,2023-01-01T05:58:05
-6.226768,-7.338865,2023-01-01T05:58:06
-6.226768,-7.338865,2023-01-01T05:58:07
-6.226768,-7.338865,2023-01-01T05:58:08
-6.226768,-7.338865,2023-01-01T05:58:09
-6.226768,-7.338865,2023-01-01T05:58:10
-6.226768,-7.338865,2023-01-01T05:58:11
-6.226768,-7.338865,2023-01-01T05:58:12
-6.226768,-7.338865,2023-01-01T05:58:13
-6.226768,-7.338865,2023-01-01T05:58:14
-6.226768,-7.338865,2023-01-01T05:58:15
-6.226768,-7.338865,2023-01-01T05:58:16
-6.226768,-7.338865,2023-01-01T05:58:17
-6.226768,-7.338865,2023-01-01T05:58:18
-6.226768,-7.338865,2023-01-01T05:58:19
-6.226768,-7.338865,2023-01-01T05:58:20
-6.226768,-7.338865,2023-01-01T05:58:21
-6.226768,-7.338865,2023-01-01T05:58:22
-6.226768,-7.338865,2023-01-01T05:58:23
-6.226768,-7.338865,2023-01-01T05:58:24
-6.226768,-7.338865,2023-01-01T05:58:25
-6.226768,-7.338865,2023-01-01T05:58:26
-6.226768,-7.450060,2023-01-01T05:58:27
-6.226768,-7.450060,2023-01-01T05:58:28
-6.226768,-7.450060,2023-01-01T05:58:29
-6.226768,-7.450060,2023-01-01T05:58:30
-6.226768,-7.450060,2023-01-01T05:58:31
-6.226768,-7.450060,2023-01-01T05:58:32
-6.226768,-7.450060,2023-01-01T05:58:33
-6.226768,-7.450060,2023-01-01T05:58:34
-6.226768,-7.450060,2023-01-01T05:58:35
-6.226768,-7.450060,2023-01-01T05:58:36
-6.226768,-7.450060,2023-01-01T05:58:37
-6.226768,-7.450060,2023-01-01T05:58:38
-6.226768,-7.450060,2023-01-01T05:58:39
-6.226768,-7.450060,2023-01-01T05:58:40
-6.226768,-7.450060,2023-01-01T05:58:41
-6.226768,-7.450060,2023-01-01T05:58:42
-6.226768,-7.450060,2023-01-01T05:58:43
-6.226768,-7.450060,2023-01-01T05:58:44
-6.226768,-7.450060,2023-01-01T05:58:45
-6.226768,-7.450060,2023-01-01T05:58:46
-6.226768,-7.450060,2023-01-01T05:58:47
-6.226768,-7.450060,2023-01-01T05:58:48
-6.226768,-7.450060,2023-01-01T05:58:49
-6.226768,-7.450060,2023-01-01T05:58:50
-6.226768,-7.450060,2023-01-01T05:58:51
-6.226768,-7.450060,2023-01-01T05:58:52
-6.226768,-7.450060,2023-01-01T05:58:53
-6.226768,-7.450060,2023-01-01T05:58:54
-6.226768,-7.450060,2023-01-01T05:58:55
-6.226768,-7.450060,2023-01-01T05:58:56
-6.226768,-7.450060,2023-01-01T05:58:57
-6.226768,-7.450060,2023-01-01T05:58:58
-6.226768,-7.450060,2023-01-01T05:58:59
-6.226768,-7.450060,2023-01-01T05:59:00
-6.226768,-7.450060,2023-01-01T05:59:01
-6.226768,-7.450060,2023-01-01T05:59:02
-6.226768,-7.450060,2023-01-01T05:59:03
-6.226768,-7.450060,2023-01-01T05:59:04
-6.226768,-7.450060,2023-01-01T05:59:05
-6.226768,-7.450060,2023-01-01T05:59:06
-6.226768,-7.450060,2023-01-01T05:59:07
-6.226768,-7.450060,2023-01-01T05:59:08
-6.226768,-7.450060,2023-01-01T05:59:09
-6.226768,-7.450060,2023-01-01T05:59:10
-6.226768,-7.450060,2023-01-01T05:59:11
-6.226768,-7.450060,2023-01-01T05:59:12
-6.226768,-7.450060,2023-01-01T05:59:13
-6.226768,-7.450060,2023-01-01T05:59:14
-6.226768,-7.450060,2023-01-01T05:59:15
-6.226768,-7.338865,2023-01-01T05:59:16
-6.226768,-7.338865,2023-01-01T05:59:17
-6.226768,-7.338865,2023-01-01T05:59:18
-6.226768,-7.338865,2023-01-01T05:59:19
-6.226768,-7.338865,2023-01-01T05:59:20
-6.226768,-7.338865,2023-01-01T05:59:21
-6.226768,-7.338865,2023-01-01T05:59:22
-6.226768,-7.338865,2023-01-01T05:59:23
-6.226768,-7.338865,2023-01-01T05:59:24
-6.226768,-7.338865,2023-01-01T05:59:25
-6.226768,-7.338865,2023-01-01T05:59:26
-6.226768,-7.338865,2023-01-01T05:59:27
-6.226768,-7.338865,2023-01-01T05:59:28
-6.226768,-7.338865,2023-01-01T05:59:29
-6.115576,-7.338865,2023-01-01T05:59:30
-6.115576,-7.338865,2023-01-01T05:59:31
-6.115576,-7.338865,2023-01-01T05:59:32
-6.115576,-7.338865,2023-01-01T05:59:33
-6.115576,-7.338865,2023-01-01T05:59:34
-6.115576,-7.338865,2023-01-01T05:59:35
-6.115576,-7.338865,2023-01-01T05:59:36
-6.115576,-7.338865,2023-01-01T05:59:37
-6.115576,-7.338865,2023-01-01T05:59:38
-6.115576,-7.338865,2023-01-01T05:59:39
-6.115576,-7.338865,2023-01-01T05:59:40
-6.115576,-7.338865,2023-01-01T05:59:41
-6.115576,-7.338865,2023-01-01T05:59:42
-6.115576,-7.338865,2023-01-01T05:59:43
-6.115576,-7.338865,2023-01-01T05:59:44
-6.115576,-7.338865,2023-01-01T05:59:45
-6.115576,-7.338865,2023-01-01T05:59:46
-6.115576,-7.338865,2023-01-01T05:59:47
-6.115576,-7.338865,2023-01-01T05:59:48
-6.115576,-7.338865,2023-01-01T05:59:49
-6.115576,-7.338865,2023-01-01T05:59:50
-6.115576,-7.338865,2023-01-01T05:59:51
-6.115576,-7.338865,2023-01-01T05:59:52
-6.115576,-7.338865,2023-01-01T05:59:53
-6.115576,-7.338865,2023-01-01T05:59:54
-6.115576,-7.338865,2023-01-01T05:59:55
-6.115576,-7.338865,2023-01-01T05:59:56
-6.115576,-7.338865,2023-01-01T05:59:57
-6.115576,-7.338865,2023-01-01T05:59:58
-6.115576,-7.338865,2023-01-01T05:59:59
-6.115576,-7.450060,2023-01-01T06:00:00
-6.115576,-7.450060,2023-01-01T06:00:01
-6.115576,-7.450060,2023-01-01T06:00:02
-6.115576,-7.450060,2023-01-01T06:00:03
-6.115576,-7.450060,2023-01-01T06:00:04
-6.115576,-7.450060,2023-01-01T06:00:05
-6.115576,-7.450060,2023-01-01T06:00:06
-6.115576,-7.450060,2023-01-01T06:00:07
-6.115576,-7.450060,2023-01-01T06:00:08
-6.115576,-7.450060,2023-01-01T06:00:09
-6.115576,-7.450060,2023-01-01T06:00:10
-6.226768,-7.450060,2023-01-01T06:00:11
-6.226768,-7.450060,2023-01-01T06:00:12
-6.226768,-7.450060,2023-01-01T06:00:13
-6.226768,-7.450060,2023-01-01T06:00:14
-6.226768,-7.450060,2023-01-01T06:00:15
-6.226768,-7.450060,2023-01-01T06:00:16
-6.226768,-7.450060,2023-01-01T06:00:17
-6.226768,-7.450060,2023-01-01T06:00:18
-6.226768,-7.450060,2023-01-01T06:00:19
-6.226768,-7.450060,2023-01-01T06:00:20
-6.226768,-7.450060,2023-01-01T06:00:21
-6.226768,-7.450060,2023-01-01T06:00:22
-6.226768,-7.450060,2023-01-01T06:00:23
-6.226768,-7.450060,2023-01-01T06:00:24
-6.226768,-7.450060,2023-01-01T06:00:25
-6.226768,-7.450060,2023-01-01T06:00:26
-6.226768,-7.450060,2023-01-01T06:00:27
-6.226768,-7.450060,2023-01-01T06:00:28
-6.226768,-7.450060,2023-01-01T06:00:29
-6.226768,-7.450060,2023-01-01T06:00:30
-6.226768,-7.450060,2023-01-01T06:00:31
-6.226768,-7.450060,2023-01-01T06:00:32
-6.226768,-7.450060,2023-01-01T06:00:33
-6.226768,-7.450060,2023-01-01T06:00:34
-6.226768,-7.450060,2023-01-01T06:00:35
-6.226768,-7.450060,2023-01-01T06:00:36
-6.226768,-7.450060,2023-01-01T06:00:37
-6.226768,-7.450060,2023-01-01T06:00:38
-6.226768,-7.450060,2023-01-01T06:00:39
-6.226768,-7.450060,2023-01-01T06:00:40
-6.226768,-7.450060,2023-01-01T06:00:41
-6.226768,-7.450060,2023-01-01T06:00:42
-6.226768,-7.450060,2023-01-01T06:00:43
-6.226768,-7.450060,2023-01-01T06:00:44
-6.226768,-7.450060,2023-01-01T06:00:45
-6.226768,-7.450060,2023-01-01T06:00:46
-6.226768,-7.450060,2023-01-01T06:00:47
-6.226768,-7.450060,2023-01-01T06:00:48
-6.226768,-7.450060,2023-01-01T06:00:49
-6.226768,-7.450060,2023-01-01T06:00:50
-6.226768,-7.450060,2023-01-01T06:00:51
-6.226768,-7.450060,2023-01-01T06:00:52
-6.226768,-7.450060,2023-01-01T06:00:53
-6.226768,-7.450060,2023-01-01T06:00:54
-6.226768,-7.450060,2023-01-01T06:00:55
-6.226768,-7.450060,2023-01-01T06:00:56
-6.226768,-7.450060,2023-01-01T06:00:57
-6.226768,-7.450060,2023-01-01T06:00:58
-6.226768,-7.450060,2023-01-01T06:00:59
-6.226768,-7.450060,2023-01-01T06:01:00
-6.226768,-7.450060,2023-01-01T06:01:01
-6.226768,-7.450060,2023-01-01T06:01:02
-6.226768,-7.450060,2023-01-01T06:01:03
-6.226768,-7.450060,2023-01-01T06:01:04
-6.115576,-7.450060,2023-01-01T06:01:05
-6.115576,-7.450060,2023-01-01T06:01:06
-6.115576,-7.450060,2023-01-01T06:01:07
-6.115576,-7.450060,2023-01-01T06:01:08
-6.115576,-7.450060,2023-01-01T06:01:09
-6.115576,-7.450060,2023-01-01T06:01:10
-6.115576,-7.450060,2023-01-01T06:01:11
-6.115576,-7.450060,2023-01-01T06:01:12
-6.115576,-7.450060,2023-01-01T06:01:13
-6.115576,-7.450060,2023-01-01T06:01:14
-6.115576,-7.450060,2023-01-01T06:01:15
-6.115576,-7.450060,2023-01-01T06:01:16
-6.115576,-7.450060,2023-01-01T06:01:17
-6.115576,-7.450060,2023-01-01T06:01:18
-6.115576,-7.450060,2023-01-01T06:01:19
-6.115576,-7.450060,2023-01-01T06:01:20
-6.115576,-7.450060,2023-01-01T06:01:21
-6.115576,-7.450060,2023-01-01T06:01:22
-6.115576,-7.450060,2023-01-01T06:01:23
-6.115576,-7.450060,2023-01-01T06:01:24
-6.115576,-7.450060,2023-01-01T06:01:25
-6.226768,-7.450060,2023-01-01T06:01:26
-6.226768,-7.450060,2023-01-01T06:01:27
-6.226768,-7.450060,2023-01-01T06:01:28
-6.226768,-7.450060,2023-01-01T06:01:29
-6.226768,-7.450060,2023-01-01T06:01:30
-6.226768,-7.450060,2023-01-01T06:01:31
-6.226768,-7.450060,2023-01-01T06:01:32
-6.226768,-7.450060,2023-01-01T06:01:33
-6.226768,-7.450060,2023-01-01T06:01:34
-6.226768,-7.450060,2023-01-01T06:01:35
-6.226768,-7.450060,2023-01-01T06:01:36
-6.226768,-7.450060,2023-01-01T06:01:37
-6.226768,-7.450060,2023-01-01T06:01:38
-6.226768,-7.450060,2023-01-01T06:01:39
-6.226768,-7.450060,2023-01-01T06:01:40
-6.226768,-7.450060,2023-01-01T06:01:41
-6.226768,-7.450060,2023-01-01T06:01:42
-6.226768,-7.450060,2023-01-01T06:01:43
-6.226768,-7.561255,2023-01-01T06:01:44
-6.226768,-7.561255,2023-01-01T06:01:45
-6.226768,-7.561255,2023-01-01T06:01:46
-6.226768,-7.561255,2023-01-01T06:01:47
-6.226768,-7.561255,2023-01-01T06:01:48
-6.226768,-7.561255,2023-01-01T06:01:49
-6.226768,-7.561255,2023-01-01T06:01:50
-6.226768,-7.561255,2023-01-01T06:01:51
-6.226768,-7.561255,2023-01-01T06:01:52
-6.226768,-7.561255,2023-01-01T06:01:53
-6.226768,-7.561255,2023-01-01T06:01:54
-6.226768,-7.561255,2023-01-01T06:01:55
-6.226768,-7.561255,2023-01-01T06:01:56
-6.226768,-7.561255,2023-01-01T06:01:57
-6.226768,-7.561255,2023-01-01T06:01:58
-6.226768,-7.561255,2023-01-01T06:01:59
-6.226768,-7.561255,2023-01-01T06:02:00
-6.226768,-7.561255,2023-01-01T06:02:01
-6.226768,-7.561255,2023-01-01T06:02:02
-6.226768,-7.561255,2023-01-01T06:02:03
-6.226768,-7.561255,2023-01-01T06:02:04
-6.226768,-7.561255,2023-01-01T06:02:05
-6.226768,-7.561255,2023-01-01T06:02:06
-6.226768,-7.561255,2023-01-01T06:02:07
-6.226768,-7.561255,2023-01-01T06:02:08
-6.226768,-7.561255,2023-01-01T06:02:09
-6.226768,-7.561255,2023-01-01T06:02:10
-6.226768,-7.561255,2023-01-01T06:02:11
-6.226768,-7.561255,2023-01-01T06:02:12
-6.226768,-7.561255,2023-01-01T06:02:13
-6.226768,-7.561255,2023-01-01T06:02:14
-6.226768,-7.561255,2023-01-01T06:02:15
-6.226768,-7.561255,2023-01-01T06:02:16
-6.226768,-7.561255,2023-01-01T06:02:17
-6.226768,-7.561255,2023-01-01T06:02:18
-6.226768,-7.561255,2023-01-01T06:02:19
-6.226768,-7.561255,2023-01-01T06:02:20
-6.226768,-7.561255,2023-01-01T06:02:21
-6.226768,-7.561255,2023-01-01T06:02:22
-6.226768,-7.561255,2023-01-01T06:02:23
-6.226768,-7.561255,2023-01-01T06:02:24
-6.337960,-7.561255,2023-01-01T06:02:25
-6.337960,-7.561255,2023-01-01T06:02:26
-6.337960,-7.561255,2023-01-01T06:02:27
-6.337960,-7.561255,2023-01-01T06:02:28
-6.337960,-7.561255,2023-01-01T06:02:29
-6.337960,-7.561255,2023-01-01T06:02:30
-6.337960,-7.561255,2023-01-01T06:02:31
-6.337960,-7.561255,2023-01-01T06:02:32
-6.337960,-7.561255,2023-01-01T06:02:33
-6.337960,-7.561255,2023-01-01T06:02:34
-6.337960,-7.561255,2023-01-01T06:02:35
-6.337960,-7.672450,2023-01-01T06:02:36
-6.337960,-7.672450,2023-01-01T06:02:37
-6.337960,-7.672450,2023-01-01T06:02:38
-6.337960,-7.672450,2023-01-01T06:02:39
-6.337960,-7.672450,2023-01-01T06:02:40
-6.337960,-7.672450,2023-01-01T06:02:41
-6.337960,-7.672450,2023-01-01T06:02:42
-6.337960,-7.672450,2023-01-01T06:02:43
-6.337960,-7.672450,2023-01-01T06:02:44
-6.337960,-7.672450,2023-01-01T06:02:45
-6.337960,-7.672450,2023-01-01T06:02:46
-6.337960,-7.672450,2023-01-01T06:02:47
-6.337960,-7.672450,2023-01-01T06:02:48
-6.337960,-7.672450,2023-01-01T06:02:49
-6.337960,-7.672450,2023-01-01T06:02:50
-6.337960,-7.672450,2023-01-01T06:02:51
-6.337960,-7.672450,2023-01-01T06:02:52
-6.337960,-7.672450,2023-01-01T06:02:53
-6.337960,-7.672450,2023-01-01T06:02:54
-6.337960,-7.672450,2023-01-01T06:02:55
-6.337960,-7.672450,2023-01-01T06:02:56
-6.337960,-7.672450,2023-01-01T06:02:57
-6.337960,-7.672450,2023-01-01T06:02:58
-6.337960,-7.672450,2023-01-01T06:02:59
-6.337960,-7.672450,2023-01-01T06:03:00
-6.337960,-7.672450,2023-01-01T06:03:01
-6.337960,-7.672450,2023-01-01T06:03:02
-6.337960,-7.672450,2023-01-01T06:03:03
-6.337960,-7.672450,2023-01-01T06:03:04
-6.337960,-7.672450,2023-01-01T06:03:05
-6.337960,-7.672450,2023-01-01T06:03:06
-6.337960,-7.672450,2023-01-01T06:03:07
-6.337960,-7.672450,2023-01-01T06:03:08
-6.337960,-7.672450,2023-01-01T06:03:09
-6.337960,-7.672450,2023-01-01T06:03:10
-6.337960,-7.672450,2023-01-01T06:03:11
-6.337960,-7.672450,2023-01-01T06:03:12
-6.337960,-7.672450,2023-01-01T06:03:13
-6.337960,-7.672450,2023-01-01T06:03:14
-6.337960,-7.672450,2023-01-01T06:03:15
-6.337960,-7.672450,2023-01-01T06:03:16
-6.337960,-7.672450,2023-01-01T06:03:17
-6.337960,-7.672450,2023-01-01T06:03:18
-6.337960,-7.672450,2023-01-01T06:03:19
-6.337960,-7.672450,2023-01-01T06:03:20
-6.337960,-7.672450,2023-01-01T06:03:21
-6.337960,-7.672450,2023-01-01T06:03:22
-6.337960,-7.672450,2023-01-01T06:03:23
-6.337960,-7.672450,2023-01-01T06:03:24
-6.337960,-7.672450,2023-01-01T06:03:25
-6.337960,-7.672450,2023-01-01T06:03:26
-6.337960,-7.672450,2023-01-01T06:03:27
-6.337960,-7.672450,2023-01-01T06:03:28
-6.337960,-7.672450,2023-01-01T06:03:29
-6.337960,-7.672450,2023-01-01T06:03:30
-6.337960,-7.672450,2023-01-01T06:03:31
-6.337960,-7.672450,2023-01-01T06:03:32
-6.337960,-7.672450,2023-01-01T06:03:33
-6.337960,-7.672450,2023-01-01T06:03:34
-6.337960,-7.672450,2023-01-01T06:03:35
-6.337960,-7.672450,2023-01-01T06:03:36
-6.337960,-7.672450,2023-01-01T06:03:37
-6.337960,-7.672450,2023-01-01T06:03:38
-6.337960,-7.672450,2023-01-01T06:03:39
-6.337960,-7.672450,2023-01-01T06:03:40
-6.337960,-7.672450,2023-01-01T06:03:41
-6.337960,-7.672450,2023-01-01T06:03:42
-6.337960,-7.672450,2023-01-01T06:03:43
-6.337960,-7.672450,2023-01-01T06:03:44
-6.337960,-7.672450,2023-01-01T06:03:45
-6.337960,-7.672450,2023-01-01T06:03:46
-6.337960,-7.672450,2023-01-01T06:03:47
-6.337960,-7.672450,2023-01-01T06:03:48
-6.337960,-7.672450,2023-01-01T06:03:49
-6.337960,-7.672450,2023-01-01T06:03:50
-6.337960,-7.672450,2023-01-01T06:03:51
-6.337960,-7.672450,2023-01-01T06:03:52
-6.337960,-7.672450,2023-01-01T06:03:53
-6.337960,-7.672450,2023-01-01T06:03:54
-6.337960,-7.672450,2023-01-01T06:03:55
-6.337960,-7.672450,2023-01-01T06:03:56
-6.337960,-7.672450,2023-01-01T06:03:57
-6.337960,-7.672450,2023-01-01T06:03:58
-6.337960,-7.672450,2023-01-01T06:03:59
-6.337960,-7.672450,2023-01-01T06:04:00
-6.337960,-7.672450,2023-01-01T06:04:01
-6.337960,-7.672450,2023-01-01T06:04:02
-6.337960,-7.672450,2023-01-01T06:04:03
-6.337960,-7.672450,2023-01-01T06:04:04
-6.337960,-7.672450,2023-01-01T06:04:05
-6.337960,-7.672450,2023-01-01T06:04:06
-6.337960,-7.672450,2023-01-01T06:04:07
-6.337960,-7.672450,2023-01-01T06:04:08
-6.337960,-7.672450,2023-01-01T06:04:09
-6.337960,-7.672450,2023-01-01T06:04:10
-6.337960,-7.672450,2023-01-01T06:04:11
-6.337960,-7.672450,2023-01-01T06:04:12
-6.337960,-7.672450,2023-01-01T06:04:13
-6.337960,-7.672450,2023-01-01T06:04:14
-6.337960,-7.672450,2023-01-01T06:04:15
-6.337960,-7.672450,2023-01-01T06:04:16
-6.337960,-7.672450,2023-01-01T06:04:17
-6.337960,-7.672450,2023-01-01T06:04:18
-6.337960,-7.672450,2023-01-01T06:04:19
-6.337960,-7.672450,2023-01-01T06:04:20
-6.337960,-7.672450,2023-01-01T06:04:21
-6.337960,-7.672450,2023-01-01T06:04:22
-6.337960,-7.672450,2023-01-01T06:04:23
-6.337960,-7.672450,2023-01-01T06:04:24
-6.337960,-7.672450,2023-01-01T06:04:25
-6.337960,-7.672450,2023-01-01T06:04:26
-6.337960,-7.672450,2023-01-01T06:04:27
-6.337960,-7.672450,2023-01-01T06:04:28
-6.337960,-7.672450,2023-01-01T06:04:29
-6.337960,-7.672450,2023-01-01T06:04:30
-6.337960,-7.672450,2023-01-01T06:04:31
-6.337960,-7.672450,2023-01-01T06:04:32
-6.337960,-7.672450,2023-01-01T06:04:33
-6.337960,-7.672450,2023-01-01T06:04:34
-6.337960,-7.672450,2023-01-01T06:04:35
-6.337960,-7.672450,2023-01-01T06:04:36
-6.337960,-7.672450,2023-01-01T06:04:37
-6.337960,-7.672450,2023-01-01T06:04:38
-6.337960,-7.672450,2023-01-01T06:04:39
-6.337960,-7.672450,2023-01-01T06:04:40
-6.337960,-7.672450,2023-01-01T06:04:41
-6.337960,-7.672450,2023-01-01T06:04:42
-6.337960,-7.672450,2023-01-01T06:04:43
-6.337960,-7.672450,2023-01-01T06:04:44
-6.337960,-7.672450,2023-01-01T06:04:45
-6.337960,-7.672450,2023-01-01T06:04:46
-6.337960,-7.672450,2023-01-01T06:04:47
-6.337960,-7.672450,2023-01-01T06:04:48
-6.337960,-7.672450,2023-01-01T06:04:49
-6.337960,-7.672450,2023-01-01T06:04:50
-6.337960,-7.672450,2023-01-01T06:04:51
-6.337960,-7.672450,2023-01-01T06:04:52
-6.337960,-7.672450,2023-01-01T06:04:53
-6.337960,-7.672450,2023-01-01T06:04:54
-6.337960,-7.672450,2023-01-01T06:04:55
-6.337960,-7.672450,2023-01-01T06:04:56
-6.337960,-7.672450,2023-01-01T06:04:57
-6.337960,-7.672450,2023-01-01T06:04:58
-6.337960,-7.672450,2023-01-01T06:04:59
-6.337960,-7.672450,2023-01-01T06:05:00
-6.337960,-7.672450,2023-01-01T06:05:01
-6.337960,-7.672450,2023-01-01T06:05:02
-6.337960,-7.672450,2023-01-01T06:05:03
-6.337960,-7.672450,2023-01-01T06:05:04
-6.337960,-7.672450,2023-01-01T06:05:05
-6.337960,-7.672450,2023-01-01T06:05:06
-6.337960,-7.672450,2023-01-01T06:05:07
-6.337960,-7.672450,2023-01-01T06:05:08
-6.337960,-7.672450,2023-01-01T06:05:09
-6.337960,-7.672450,2023-01-01T06:05:10
-6.337960,-7.672450,2023-01-01T06:05:11
-6.337960,-7.672450,2023-01-01T06:05:12
-6.337960,-7.672450,2023-01-01T06:05:13
-6.337960,-7.672450,2023-01-01T06:05:14
-6.337960,-7.672450,2023-01-01T06:05:15
-6.337960,-7.672450,2023-01-01T06:05:16
-6.337960,-7.672450,2023-01-01T06:05:17
-6.337960,-7.672450,2023-01-01T06:05:18
-6.337960,-7.672450,2023-01-01T06:05:19
-6.337960,-7.672450,2023-01-01T06:05:20
-6.337960,-7.672450,2023-01-01T06:05:21
-6.337960,-7.672450,2023-01-01T06:05:22
-6.337960,-7.672450,2023-01-01T06:05:23
-6.337960,-7.672450,2023-01-01T06:05:24
-6.337960,-7.672450,2023-01-01T06:05:25
-6.337960,-7.672450,2023-01-01T06:05:26
-6.337960,-7.672450,2023-01-01T06:05:27
-6.337960,-7.672450,2023-01-01T06:05:28
-6.337960,-7.672450,2023-01-01T06:05:29
-6.337960,-7.672450,2023-01-01T06:05:30
-6.337960,-7.672450,2023-01-01T06:05:31
-6.337960,-7.672450,2023-01-01T06:05:32
-6.337960,-7.672450,2023-01-01T06:05:33
-6.337960,-7.672450,2023-01-01T06:05:34
-6.337960,-7.672450,2023-01-01T06:05:35
-6.337960,-7.672450,2023-01-01T06:05:36
-6.337960,-7.672450,2023-01-01T06:05:37
-6.337960,-7.672450,2023-01-01T06:05:38
-6.337960,-7.672450,2023-01-01T06:05:39
-6.337960,-7.672450,2023-01-01T06:05:40
-6.337960,-7.672450,2023-01-01T06:05:41
-6.337960,-7.672450,2023-01-01T06:05:42
-6.337960,-7.672450,2023-01-01T06:05:43
-6.337960,-7.672450,2023-01-01T06:05:44
-6.337960,-7.672450,2023-01-01T06:05:45
-6.337960,-7.672450,2023-01-01T06:05:46
-6.337960,-7.672450,2023-01-01T06:05:47
-6.337960,-7.672450,2023-01-01T06:05:48
-6.337960,-7.672450,2023-01-01T06:05:49
-6.337960,-7.672450,2023-01-01T06:05:50
-6.337960,-7.672450,2023-01-01T06:05:51
-6.337960,-7.672450,2023-01-01T06:05:52
-6.337960,-7.672450,2023-01-01T06:05:53
-6.337960,-7.672450,2023-01-01T06:05:54
-6.337960,-7.672450,2023-01-01T06:05:55
-6.337960,-7.672450,2023-01-01T06:05:56
-6.337960,-7.672450,2023-01-01T06:05:57
-6.337960,-7.672450,2023-01-01T06:05:58
-6.337960,-7.672450,2023-01-01T06:05:59
-6.337960,-7.672450,2023-01-01T06:06:00
-6.337960,-7.672450,2023-01-01T06:06:01
-6.337960,-7.672450,2023-01-01T06:06:02
-6.337960,-7.672450,2023-01-01T06:06:03
-6.337960,-7.672450,2023-01-01T06:06:04
-6.337960,-7.672450,2023-01-01T06:06:05
-6.337960,-7.672450,2023-01-01T06:06:06
-6.337960,-7.672450,2023-01-01T06:06:07
-6.337960,-7.672450,2023-01-01T06:06:08
-6.337960,-7.672450,2023-01-01T06:06:09
-6.337960,-7.672450,2023-01-01T06:06:10
-6.337960,-7.672450,2023-01-01T06:06:11
-6.337960,-7.672450,2023-01-01T06:06:12
-6.337960,-7.672450,2023-01-01T06:06:13
-6.337960,-7.672450,2023-01-01T06:06:14
-6.337960,-7.672450,2023-01-01T06:06:15
-6.337960,-7.672450,2023-01-01T06:06:16
-6.337960,-7.672450,2023-01-01T06:06:17
-6.337960,-7.672450,2023-01-01T06:06:18
-6.337960,-7.672450,2023-01-01T06:06:19
-6.337960,-7.561255,2023-01-01T06:06:20
-6.337960,-7.561255,2023-01-01T06:06:21
-6.337960,-7.561255,2023-01-01T06:06:22
-6.337960,-7.561255,2023-01-01T06:06:23
-6.337960,-7.561255,2023-01-01T06:06:24
-6.337960,-7.561255,2023-01-01T06:06:25
-6.337960,-7.561255,2023-01-01T06:06:26
-6.337960,-7.561255,2023-01-01T06:06:27
-6.337960,-7.561255,2023-01-01T06:06:28
-6.337960,-7.561255,2023-01-01T06:06:29
-6.337960,-7.561255,2023-01-01T06:06:30
-6.337960,-7.561255,2023-01-01T06:06:31
-6.337960,-7.561255,2023-01-01T06:06:32
-6.337960,-7.561255,2023-01-01T06:06:33
-6.337960,-7.561255,2023-01-01T06:06:34
-6.337960,-7.561255,2023-01-01T06:06:35
-6.337960,-7.561255,2023-01-01T06:06:36
-6.337960,-7.561255,2023-01-01T06:06:37
-6.337960,-7.561255,2023-01-01T06:06:38
-6.337960,-7.561255,2023-01-01T06:06:39
-6.337960,-7.561255,2023-01-01T06:06:40
-6.337960,-7.561255,2023-01-01T06:06:41
-6.337960,-7.561255,2023-01-01T06:06:42
-6.337960,-7.561255,2023-01-01T06:06:43
-6.337960,-7.561255,2023-01-01T06:06:44
-6.337960,-7.561255,2023-01-01T06:06:45
-6.337960,-7.561255,2023-01-01T06:06:46
-6.337960,-7.561255,2023-01-01T06:06:47
-6.337960,-7.561255,2023-01-01T06:06:48
-6.337960,-7.561255,2023-01-01T06:06:49
-6.337960,-7.561255,2023-01-01T06:06:50
-6.337960,-7.561255,2023-01-01T06:06:51
-6.337960,-7.561255,2023-01-01T06:06:52
-6.337960,-7.561255,2023-01-01T06:06:53
-6.337960,-7.561255,2023-01-01T06:06:54
-6.337960,-7.561255,2023-01-01T06:06:55
-6.337960,-7.561255,2023-01-01T06:06:56
-6.337960,-7.561255,2023-01-01T06:06:57
-6.337960,-7.561255,2023-01-01T06:06:58
-6.337960,-7.561255,2023-01-01T06:06:59
-6.337960,-7.561255,2023-01-01T06:07:00
-6.337960,-7.561255,2023-01-01T06:07:01
-6.337960,-7.561255,2023-01-01T06:07:02
-6.337960,-7.561255,2023-01-01T06:07:03
-6.337960,-7.561255,2023-01-01T06:07:04
-6.337960,-7.561255,2023-01-01T06:07:05
-6.337960,-7.561255,2023-01-01T06:07:06
-6.337960,-7.561255,2023-01-01T06:07:07
-6.337960,-7.561255,2023-01-01T06:07:08
-6.337960,-7.561255,2023-01-01T06:07:09
-6.337960,-7.561255,2023-01-01T06:07:10
-6.337960,-7.561255,2023-01-01T06:07:11
-6.337960,-7.561255,2023-01-01T06:07:12
-6.337960,-7.561255,2023-01-01T06:07:13
-6.337960,-7.561255,2023-01-01T06:07:14
-6.337960,-7.561255,2023-01-01T06:07:15
-6.337960,-7.561255,2023-01-01T06:07:16
-6.337960,-7.561255,2023-01-01T06:07:17
-6.337960,-7.450060,2023-01-01T06:07:18
-6.337960,-7.450060,2023-01-01T06:07:19
-6.337960,-7.450060,2023-01-01T06:07:20
-6.337960,-7.450060,2023-01-01T06:07:21
-6.337960,-7.450060,2023-01-01T06:07:22
-6.337960,-7.450060,2023-01-01T06:07:23
-6.337960,-7.450060,2023-01-01T06:07:24
-6.337960,-7.450060,2023-01-01T06:07:25
-6.337960,-7.450060,2023-01-01T06:07:26
-6.337960,-7.450060,2023-01-01T06:07:27
-6.337960,-7.450060,2023-01-01T06:07:28
-6.337960,-7.450060,2023-01-01T06:07:29
-6.337960,-7.450060,2023-01-01T06:07:30
-6.337960,-7.450060,2023-01-01T06:07:31
-6.337960,-7.450060,2023-01-01T06:07:32
-6.337960,-7.450060,2023-01-01T06:07:33
-6.337960,-7.450060,2023-01-01T06:07:34
-6.337960,-7.450060,2023-01-01T06:07:35
-6.337960,-7.450060,2023-01-01T06:07:36
-6.337960,-7.450060,2023-01-01T06:07:37
-6.337960,-7.450060,2023-01-01T06:07:38
-6.337960,-7.450060,2023-01-01T06:07:39
-6.337960,-7.450060,2023-01-01T06:07:40
-6.337960,-7.450060,2023-01-01T06:07:41
-6.337960,-7.450060,2023-01-01T06:07:42
-6.337960,-7.450060,2023-01-01T06:07:43
-6.337960,-7.450060,2023-01-01T06:07:44
-6.337960,-7.450060,2023-01-01T06:07:45
-6.337960,-7.450060,2023-01-01T06:07:46
-6.337960,-7.450060,2023-01-01T06:07:47
-6.337960,-7.450060,2023-01-01T06:07:48
-6.337960,-7.450060,2023-01-01T06:07:49
-6.337960,-7.450060,2023-01-01T06:07:50
-6.337960,-7.450060,2023-01-01T06:07:51
-6.337960,-7.450060,2023-01-01T06:07:52
-6.337960,-7.450060,2023-01-01T06:07:53
-6.337960,-7.450060,2023-01-01T06:07:54
-6.337960,-7.450060,2023-01-01T06:07:55
-6.337960,-7.450060,2023-01-01T06:07:56
-6.337960,-7.450060,2023-01-01T06:07:57
-6.337960,-7.450060,2023-01-01T06:07:58
-6.449152,-7.450060,2023-01-01T06:07:59
-6.449152,-7.450060,2023-01-01T06:08:00
-6.449152,-7.450060,2023-01-01T06:08:01
-6.449152,-7.450060,2023-01-01T06:08:02
-6.449152,-7.450060,2023-01-01T06:08:03
-6.449152,-7.450060,2023-01-01T06:08:04
-6.449152,-7.450060,2023-01-01T06:08:05
-6.449152,-7.450060,2023-01-01T06:08:06
-6.449152,-7.450060,2023-01-01T06:08:07
-6.449152,-7.450060,2023-01-01T06:08:08
-6.449152,-7.450060,2023-01-01T06:08:09
-6.449152,-7.450060,2023-01-01T06:08:10
-6.449152,-7.450060,2023-01-01T06:08:11
-6.449152,-7.450060,2023-01-01T06:08:12
-6.449152,-7.450060,2023-01-01T06:08:13
-6.449152,-7.450060,2023-01-01T06:08:14
-6.449152,-7.450060,2023-01-01T06:08:15
-6.449152,-7.450060,2023-01-01T06:08:16
-6.449152,-7.450060,2023-01-01T06:08:17
-6.449152,-7.450060,2023-01-01T06:08:18
-6.449152,-7.450060,2023-01-01T06:08:19
-6.449152,-7.450060,2023-01-01T06:08:20
-6.449152,-7.450060,2023-01-01T06:08:21
-6.449152,-7.450060,2023-01-01T06:08:22
-6.449152,-7.450060,2023-01-01T06:08:23
-6.449152,-7.450060,2023-01-01T06:08:24
-6.449152,-7.450060,2023-01-01T06:08:25
-6.449152,-7.450060,2023-01-01T06:08:26
-6.449152,-7.450060,2023-01-01T06:08:27
-6.337960,-7.450060,2023-01-01T06:08:28
-6.337960,-7.450060,2023-01-01T06:08:29
-6.337960,-7.450060,2023-01-01T06:08:30
-6.337960,-7.450060,2023-01-01T06:08:31
-6.337960,-7.450060,2023-01-01T06:08:32
-6.337960,-7.450060,2023-01-01T06:08:33
-6.337960,-7.450060,2023-01-01T06:08:34
-6.337960,-7.450060,2023-01-01T06:08:35
-6.337960,-7.450060,2023-01-01T06:08:36
-6.337960,-7.450060,2023-01-01T06:08:37
-6.337960,-7.450060,2023-01-01T06:08:38
-6.337960,-7.450060,2023-01-01T06:08:39
-6.337960,-7.450060,2023-01-01T06:08:40
-6.337960,-7.450060,2023-01-01T06:08:41
-6.337960,-7.450060,2023-01-01T06:08:42
-6.337960,-7.450060,2023-01-01T06:08:43
-6.337960,-7.450060,2023-01-01T06:08:44
-6.337960,-7.338865,2023-01-01T06:08:45
-6.337960,-7.338865,2023-01-01T06:08:46
-6.337960,-7.338865,2023-01-01T06:08:47
-6.337960,-7.338865,2023-01-01T06:08:48
-6.337960,-7.338865,2023-01-01T06:08:49
-6.337960,-7.338865,2023-01-01T06:08:50
-6.337960,-7.338865,2023-01-01T06:08:51
-6.337960,-7.338865,2023-01-01T06:08:52
-6.337960,-7.338865,2023-01-01T06:08:53
-6.337960,-7.338865,2023-01-01T06:08:54
-6.337960,-7.338865,2023-01-01T06:08:55
-6.337960,-7.338865,2023-01-01T06:08:56
-6.337960,-7.338865,2023-01-01T06:08:57
-6.337960,-7.227670,2023-01-01T06:08:58
-6.337960,-7.227670,2023-01-01T06:08:59
-6.337960,-7.227670,2023-01-01T06:09:00
-6.337960,-7.227670,2023-01-01T06:09:01
-6.337960,-7.227670,2023-01-01T06:09:02
-6.337960,-7.227670,2023-01-01T06:09:03
-6.226768,-7.227670,2023-01-01T06:09:04
-6.226768,-7.227670,2023-01-01T06:09:05
-6.226768,-7.227670,2023-01-01T06:09:06
-6.226768,-7.227670,2023-01-01T06:09:07
-6.226768,-7.227670,2023-01-01T06:09:08
-6.226768,-7.227670,2023-01-01T06:09:09
-6.226768,-7.227670,2023-01-01T06:09:10
-6.226768,-7.116475,2023-01-01T06:09:11
-6.226768,-7.116475,2023-01-01T06:09:12
-6.226768,-7.116475,2023-01-01T06:09:13
-6.226768,-7.116475,2023-01-01T06:09:14
-6.226768,-7.116475,2023-01-01T06:09:15
-6.226768,-7.116475,2023-01-01T06:09:16
-6.226768,-7.116475,2023-01-01T06:09:17
-6.226768,-7.116475,2023-01-01T06:09:18
-6.226768,-7.116475,2023-01-01T06:09:19
-6.226768,-7.116475,2023-01-01T06:09:20
-6.226768,-7.116475,2023-01-01T06:09:21
-6.226768,-7.116475,2023-01-01T06:09:22
-6.226768,-7.116475,2023-01-01T06:09:23
-6.226768,-7.116475,2023-01-01T06:09:24
-6.226768,-7.116475,2023-01-01T06:09:25
-6.226768,-7.116475,2023-01-01T06:09:26
-6.226768,-7.116475,2023-01-01T06:09:27
-6.226768,-7.116475,2023-01-01T06:09:28
-6.226768,-7.116475,2023-01-01T06:09:29
-6.226768,-7.116475,2023-01-01T06:09:30
-6.226768,-7.116475,2023-01-01T06:09:31
-6.226768,-7.116475,2023-01-01T06:09:32
-6.226768,-7.116475,2023-01-01T06:09:33
-6.226768,-7.005280,2023-01-01T06:09:34
-6.226768,-7.005280,2023-01-01T06:09:35
-6.226768,-7.005280,2023-01-01T06:09:36
-6.226768,-7.005280,2023-01-01T06:09:37
-6.226768,-7.005280,2023-01-01T06:09:38
-6.226768,-7.005280,2023-01-01T06:09:39
-6.226768,-7.005280,2023-01-01T06:09:40
-6.226768,-7.005280,2023-01-01T06:09:41
-6.226768,-7.005280,2023-01-01T06:09:42
-6.226768,-7.005280,2023-01-01T06:09:43
-6.226768,-7.005280,2023-01-01T06:09:44
-6.226768,-7.005280,2023-01-01T06:09:45
-6.226768,-7.005280,2023-01-01T06:09:46
-6.226768,-7.005280,2023-01-01T06:09:47
-6.226768,-7.005280,2023-01-01T06:09:48
-6.226768,-7.005280,2023-01-01T06:09:49
-6.226768,-7.005280,2023-01-01T06:09:50
-6.226768,-7.005280,2023-01-01T06:09:51
-6.226768,-7.005280,2023-01-01T06:09:52
-6.226768,-7.005280,2023-01-01T06:09:53
-6.226768,-7.005280,2023-01-01T06:09:54
-6.226768,-7.005280,2023-01-01T06:09:55
-6.226768,-7.005280,2023-01-01T06:09:56
-6.226768,-7.005280,2023-01-01T06:09:57
-6.226768,-7.005280,2023-01-01T06:09:58
-6.226768,-7.005280,2023-01-01T06:09:59
-6.226768,-7.005280,2023-01-01T06:10:00
-6.226768,-7.005280,2023-01-01T06:10:01
-6.226768,-7.005280,2023-01-01T06:10:02
-6.226768,-7.005280,2023-01-01T06:10:03
-6.226768,-7.005280,2023-01-01T06:10:04
-6.226768,-7.005280,2023-01-01T06:10:05
-6.226768,-7.005280,2023-01-01T06:10:06
-6.226768,-7.005280,2023-01-01T06:10:07
-6.226768,-7.005280,2023-01-01T06:10:08
-6.226768,-7.005280,2023-01-01T06:10:09
-6.226768,-7.005280,2023-01-01T06:10:10
-6.226768,-7.005280,2023-01-01T06:10:11
-6.226768,-7.005280,2023-01-01T06:10:12
-6.226768,-7.005280,2023-01-01T06:10:13
-6.226768,-7.005280,2023-01-01T06:10:14
-6.226768,-7.005280,2023-01-01T06:10:15
-6.226768,-7.005280,2023-01-01T06:10:16
-6.226768,-7.005280,2023-01-01T06:10:17
-6.226768,-7.005280,2023-01-01T06:10:18
-6.226768,-7.005280,2023-01-01T06:10:19
-6.226768,-7.005280,2023-01-01T06:10:20
-6.226768,-7.005280,2023-01-01T06:10:21
-6.226768,-7.005280,2023-01-01T06:10:22
-6.226768,-7.005280,2023-01-01T06:10:23
-6.226768,-7.005280,2023-01-01T06:10:24
-6.226768,-7.005280,2023-01-01T06:10:25
-6.226768,-7.005280,2023-01-01T06:10:26
-6.226768,-7.005280,2023-01-01T06:10:27
-6.226768,-6.894085,2023-01-01T06:10:28
-6.226768,-6.894085,2023-01-01T06:10:29
-6.226768,-6.894085,2023-01-01T06:10:30
-6.226768,-6.894085,2023-01-01T06:10:31
-6.226768,-6.894085,2023-01-01T06:10:32
-6.226768,-6.894085,2023-01-01T06:10:33
-6.226768,-6.894085,2023-01-01T06:10:34
-6.115576,-6.894085,2023-01-01T06:10:35
-6.115576,-6.894085,2023-01-01T06:10:36
-6.115576,-6.894085,2023-01-01T06:10:37
-6.115576,-6.894085,2023-01-01T06:10:38
-6.115576,-6.894085,2023-01-01T06:10:39
-6.115576,-6.894085,2023-01-01T06:10:40
-6.115576,-6.894085,2023-01-01T06:10:41
-6.115576,-6.894085,2023-01-01T06:10:42
-6.115576,-6.894085,2023-01-01T06:10:43
-6.115576,-6.894085,2023-01-01T06:10:44
-6.115576,-6.894085,2023-01-01T06:10:45
-6.115576,-6.894085,2023-01-01T06:10:46
-6.115576,-6.894085,2023-01-01T06:10:47
-6.115576,-6.894085,2023-01-01T06:10:48
-6.115576,-6.894085,2023-01-01T06:10:49
-6.115576,-6.894085,2023-01-01T06:10:50
-6.115576,-6.894085,2023-01-01T06:10:51
-6.115576,-6.894085,2023-01-01T06:10:52
-6.115576,-6.894085,2023-01-01T06:10:53
-6.115576,-6.894085,2023-01-01T06:10:54
-6.115576,-6.894085,2023-01-01T06:10:55
-6.115576,-6.894085,2023-01-01T06:10:56
-6.115576,-6.894085,2023-01-01T06:10:57
-6.115576,-6.894085,2023-01-01T06:10:58
-6.115576,-6.894085,2023-01-01T06:10:59
-6.115576,-6.894085,2023-01-01T06:11:00
-6.115576,-6.894085,2023-01-01T06:11:01
-6.115576,-6.894085,2023-01-01T06:11:02
-6.115576,-6.894085,2023-01-01T06:11:03
-6.115576,-6.894085,2023-01-01T06:11:04
-6.115576,-6.894085,2023-01-01T06:11:05
-6.115576,-6.894085,2023-01-01T06:11:06
-6.115576,-6.894085,2023-01-01T06:11:07
-6.115576,-6.894085,2023-01-01T06:11:08
-6.115576,-6.894085,2023-01-01T06:11:09
-6.115576,-6.894085,2023-01-01T06:11:10
-6.115576,-6.894085,2023-01-01T06:11:11
-6.115576,-6.894085,2023-01-01T06:11:12
-6.115576,-6.894085,2023-01-01T06:11:13
-6.115576,-6.894085,2023-01-01T06:11:14
-6.115576,-6.894085,2023-01-01T06:11:15
-6.115576,-6.894085,2023-01-01T06:11:16
-6.115576,-6.894085,2023-01-01T06:11:17
-6.115576,-6.894085,2023-01-01T06:11:18
-6.115576,-6.894085,2023-01-01T06:11:19
-6.115576,-6.894085,2023-01-01T06:11:20
-6.115576,-6.894085,2023-01-01T06:11:21
-6.115576,-6.894085,2023-01-01T06:11:22
-6.115576,-6.894085,2023-01-01T06:11:23
-6.115576,-6.894085,2023-01-01T06:11:24
-6.115576,-6.894085,2023-01-01T06:11:25
-6.226768,-6.894085,2023-01-01T06:11:26
-6.226768,-6.894085,2023-01-01T06:11:27
-6.226768,-6.894085,2023-01-01T06:11:28
-6.226768,-6.894085,2023-01-01T06:11:29
-6.226768,-6.894085,2023-01-01T06:11:30
-6.226768,-6.894085,2023-01-01T06:11:31
-6.226768,-6.894085,2023-01-01T06:11:32
-6.226768,-6.894085,2023-01-01T06:11:33
-6.226768,-6.894085,2023-01-01T06:11:34
-6.226768,-6.894085,2023-01-01T06:11:35
-6.226768,-6.894085,2023-01-01T06:11:36
-6.226768,-6.894085,2023-01-01T06:11:37
-6.226768,-6.894085,2023-01-01T06:11:38
-6.226768,-6.894085,2023-01-01T06:11:39
-6.226768,-6.894085,2023-01-01T06:11:40
-6.226768,-6.894085,2023-01-01T06:11:41
-6.226768,-6.894085,2023-01-01T06:11:42
-6.226768,-6.894085,2023-01-01T06:11:43
-6.226768,-6.894085,2023-01-01T06:11:44
-6.226768,-6.894085,2023-01-01T06:11:45
-6.226768,-6.894085,2023-01-01T06:11:46
-6.226768,-6.894085,2023-01-01T06:11:47
-6.226768,-6.894085,2023-01-01T06:11:48
-6.226768,-6.894085,2023-01-01T06:11:49
-6.226768,-6.894085,2023-01-01T06:11:50
-6.226768,-6.894085,2023-01-01T06:11:51
-6.226768,-6.894085,2023-01-01T06:11:52
-6.226768,-6.894085,2023-01-01T06:11:53
-6.226768,-6.894085,2023-01-01T06:11:54
-6.226768,-6.894085,2023-01-01T06:11:55
-6.226768,-6.894085,2023-01-01T06:11:56
-6.226768,-6.894085,2023-01-01T06:11:57
-6.226768,-6.894085,2023-01-01T06:11:58
-6.226768,-6.894085,2023-01-01T06:11:59
-6.226768,-6.894085,2023-01-01T06:12:00
-6.226768,-6.894085,2023-01-01T06:12:01
-6.226768,-6.894085,2023-01-01T06:12:02
-6.226768,-6.894085,2023-01-01T06:12:03
-6.226768,-6.782891,2023-01-01T06:12:04
-6.115576,-6.782891,2023-01-01T06:12:05
-6.115576,-6.782891,2023-01-01T06:12:06
-6.115576,-6.782891,2023-01-01T06:12:07
-6.115576,-6.782891,2023-01-01T06:12:08
-6.115576,-6.782891,2023-01-01T06:12:09
-6.115576,-6.782891,2023-01-01T06:12:10
-6.115576,-6.782891,2023-01-01T06:12:11
-6.115576,-6.782891,2023-01-01T06:12:12
-6.115576,-6.782891,2023-01-01T06:12:13
-6.115576,-6.782891,2023-01-01T06:12:14
-6.115576,-6.782891,2023-01-01T06:12:15
-6.115576,-6.782891,2023-01-01T06:12:16
-6.115576,-6.782891,2023-01-01T06:12:17
-6.115576,-6.782891,2023-01-01T06:12:18
-6.115576,-6.782891,2023-01-01T06:12:19
-6.115576,-6.782891,2023-01-01T06:12:20
-6.115576,-6.782891,2023-01-01T06:12:21
-6.115576,-6.782891,2023-01-01T06:12:22
-6.115576,-6.782891,2023-01-01T06:12:23
-6.115576,-6.782891,2023-01-01T06:12:24
-6.115576,-6.782891,2023-01-01T06:12:25
-6.115576,-6.782891,2023-01-01T06:12:26
-6.115576,-6.782891,2023-01-01T06:12:27
-6.115576,-6.782891,2023-01-01T06:12:28
-6.115576,-6.782891,2023-01-01T06:12:29
-6.115576,-6.782891,2023-01-01T06:12:30
-6.115576,-6.782891,2023-01-01T06:12:31
-6.115576,-6.782891,2023-01-01T06:12:32
-6.115576,-6.782891,2023-01-01T06:12:33
-6.115576,-6.782891,2023-01-01T06:12:34
-6.115576,-6.782891,2023-01-01T06:12:35
-6.115576,-6.782891,2023-01-01T06:12:36
-6.115576,-6.782891,2023-01-01T06:12:37
-6.115576,-6.782891,2023-01-01T06:12:38
-6.115576,-6.782891,2023-01-01T06:12:39
-6.115576,-6.782891,2023-01-01T06:12:40
-6.115576,-6.782891,2023-01-01T06:12:41
-6.115576,-6.782891,2023-01-01T06:12:42
-6.115576,-6.782891,2023-01-01T06:12:43
-6.115576,-6.782891,2023-01-01T06:12:44
-6.115576,-6.782891,2023-01-01T06:12:45
-6.115576,-6.782891,2023-01-01T06:12:46
-6.115576,-6.671696,2023-01-01T06:12:47
-6.115576,-6.671696,2023-01-01T06:12:48
-6.115576,-6.671696,2023-01-01T06:12:49
-6.115576,-6.671696,2023-01-01T06:12:50
-6.115576,-6.671696,2023-01-01T06:12:51
-6.115576,-6.671696,2023-01-01T06:12:52
-6.115576,-6.671696,2023-01-01T06:12:53
-6.115576,-6.671696,2023-01-01T06:12:54
-6.115576,-6.671696,2023-01-01T06:12:55
-6.115576,-6.671696,2023-01-01T06:12:56
-6.115576,-6.671696,2023-01-01T06:12:57
-6.115576,-6.671696,2023-01-01T06:12:58
-6.115576,-6.671696,2023-01-01T06:12:59
-6.115576,-6.671696,2023-01-01T06:13:00
-6.115576,-6.671696,2023-01-01T06:13:01
-6.115576,-6.671696,2023-01-01T06:13:02
-6.115576,-6.671696,2023-01-01T06:13:03
-6.004383,-6.671696,2023-01-01T06:13:04
-6.004383,-6.671696,2023-01-01T06:13:05
-6.004383,-6.671696,2023-01-01T06:13:06
-6.004383,-6.671696,2023-01-01T06:13:07
-6.004383,-6.671696,2023-01-01T06:13:08
-6.004383,-6.671696,2023-01-01T06:13:09
-6.004383,-6.671696,2023-01-01T06:13:10
-6.004383,-6.671696,2023-01-01T06:13:11
-6.004383,-6.671696,2023-01-01T06:13:12
-6.004383,-6.671696,2023-01-01T06:13:13
-6.004383,-6.671696,2023-01-01T06:13:14
-6.004383,-6.671696,2023-01-01T06:13:15
-6.004383,-6.671696,2023-01-01T06:13:16
-6.004383,-6.671696,2023-01-01T06:13:17
-6.004383,-6.671696,2023-01-01T06:13:18
-6.115576,-6.671696,2023-01-01T06:13:19
-6.115576,-6.671696,2023-01-01T06:13:20
-6.115576,-6.671696,2023-01-01T06:13:21
-6.115576,-6.671696,2023-01-01T06:13:22
-6.115576,-6.782891,2023-01-01T06:13:23
-6.115576,-6.782891,2023-01-01T06:13:24
-6.115576,-6.782891,2023-01-01T06:13:25
-6.115576,-6.782891,2023-01-01T06:13:26
-6.115576,-6.782891,2023-01-01T06:13:27
-6.115576,-6.782891,2023-01-01T06:13:28
-6.115576,-6.782891,2023-01-01T06:13:29
-6.115576,-6.782891,2023-01-01T06:13:30
-6.115576,-6.782891,2023-01-01T06:13:31
-6.115576,-6.782891,2023-01-01T06:13:32
-6.115576,-6.782891,2023-01-01T06:13:33
-6.115576,-6.782891,2023-01-01T06:13:34
-6.115576,-6.782891,2023-01-01T06:13:35
-6.115576,-6.782891,2023-01-01T06:13:36
-6.115576,-6.782891,2023-01-01T06:13:37
-6.115576,-6.782891,2023-01-01T06:13:38
-6.115576,-6.782891,2023-01-01T06:13:39
-6.115576,-6.782891,2023-01-01T06:13:40
-6.115576,-6.782891,2023-01-01T06:13:41
-6.115576,-6.782891,2023-01-01T06:13:42
-6.115576,-6.782891,2023-01-01T06:13:43
-6.115576,-6.782891,2023-01-01T06:13:44
-6.115576,-6.782891,2023-01-01T06:13:45
-6.115576,-6.782891,2023-01-01T06:13:46
-6.115576,-6.782891,2023-01-01T06:13:47
-6.115576,-6.782891,2023-01-01T06:13:48
-6.115576,-6.782891,2023-01-01T06:13:49
-6.115576,-6.894085,2023-01-01T06:13:50
-6.115576,-6.894085,2023-01-01T06:13:51
-6.115576,-6.894085,2023-01-01T06:13:52
-6.115576,-6.894085,2023-01-01T06:13:53
-6.115576,-6.894085,2023-01-01T06:13:54
-6.115576,-6.894085,2023-01-01T06:13:55
-6.115576,-6.894085,2023-01-01T06:13:56
-6.226768,-6.894085,2023-01-01T06:13:57
-6.226768,-6.894085,2023-01-01T06:13:58
-6.226768,-6.894085,2023-01-01T06:13:59
-6.226768,-6.894085,2023-01-01T06:14:00
-6.226768,-6.894085,2023-01-01T06:14:01
-6.226768,-6.894085,2023-01-01T06:14:02
-6.226768,-6.894085,2023-01-01T06:14:03
-6.226768,-6.894085,2023-01-01T06:14:04
-6.226768,-6.894085,2023-01-01T06:14:05
-6.226768,-6.894085,2023-01-01T06:14:06
-6.226768,-6.894085,2023-01-01T06:14:07
-6.226768,-6.894085,2023-01-01T06:14:08
-6.226768,-6.894085,2023-01-01T06:14:09
-6.226768,-6.894085,2023-01-01T06:14:10
-6.226768,-7.005280,2023-01-01T06:14:11
-6.226768,-7.005280,2023-01-01T06:14:12
-6.226768,-7.005280,2023-01-01T06:14:13
-6.226768,-7.005280,2023-01-01T06:14:14
-6.226768,-7.005280,2023-01-01T06:14:15
-6.226768,-7.005280,2023-01-01T06:14:16
-6.226768,-7.005280,2023-01-01T06:14:17
-6.226768,-7.005280,2023-01-01T06:14:18
-6.226768,-7.005280,2023-01-01T06:14:19
-6.226768,-7.005280,2023-01-01T06:14:20
-6.226768,-7.005280,2023-01-01T06:14:21
-6.226768,-7.005280,2023-01-01T06:14:22
-6.226768,-7.005280,2023-01-01T06:14:23
-6.226768,-7.005280,2023-01-01T06:14:24
-6.226768,-7.005280,2023-01-01T06:14:25
-6.226768,-7.005280,2023-01-01T06:14:26
-6.226768,-7.005280,2023-01-01T06:14:27
-6.226768,-7.005280,2023-01-01T06:14:28
-6.226768,-7.005280,2023-01-01T06:14:29
-6.226768,-7.005280,2023-01-01T06:14:30
-6.226768,-7.005280,2023-01-01T06:14:31
-6.226768,-7.005280,2023-01-01T06:14:32
-6.226768,-7.005280,2023-01-01T06:14:33
-6.226768,-7.005280,2023-01-01T06:14:34
-6.226768,-7.005280,2023-01-01T06:14:35
-6.226768,-7.005280,2023-01-01T06:14:36
-6.226768,-7.005280,2023-01-01T06:14:37
-6.337960,-7.005280,2023-01-01T06:14:38
-6.337960,-7.116475,2023-01-01T06:14:39
-6.337960,-7.116475,2023-01-01T06:14:40
-6.337960,-7.116475,2023-01-01T06:14:41
-6.337960,-7.116475,2023-01-01T06:14:42
-6.337960,-7.116475,2023-01-01T06:14:43
-6.337960,-7.116475,2023-01-01T06:14:44
-6.337960,-7.116475,2023-01-01T06:14:45
-6.337960,-7.116475,2023-01-01T06:14:46
-6.337960,-7.116475,2023-01-01T06:14:47
-6.337960,-7.116475,2023-01-01T06:14:48
-6.337960,-7.116475,2023-01-01T06:14:49
-6.337960,-7.116475,2023-01-01T06:14:50
-6.337960,-7.116475,2023-01-01T06:14:51
-6.337960,-7.116475,2023-01-01T06:14:52
-6.337960,-7.116475,2023-01-01T06:14:53
-6.337960,-7.116475,2023-01-01T06:14:54
-6.337960,-7.116475,2023-01-01T06:14:55
-6.337960,-7.116475,2023-01-01T06:14:56
-6.337960,-7.116475,2023-01-01T06:14:57
-6.337960,-7.116475,2023-01-01T06:14:58
-6.337960,-7.116475,2023-01-01T06:14:59
-6.337960,-7.116475,2023-01-01T06:15:00
-6.337960,-7.116475,2023-01-01T06:15:01
-6.337960,-7.116475,2023-01-01T06:15:02
-6.337960,-7.116475,2023-01-01T06:15:03
-6.337960,-7.116475,2023-01-01T06:15:04
-6.337960,-7.116475,2023-01-01T06:15:05
-6.337960,-7.116475,2023-01-01T06:15:06
-6.337960,-7.116475,2023-01-01T06:15:07
-6.337960,-7.116475,2023-01-01T06:15:08
-6.337960,-7.116475,2023-01-01T06:15:09
-6.337960,-7.116475,2023-01-01T06:15:10
-6.337960,-7.116475,2023-01-01T06:15:11
-6.337960,-7.116475,2023-01-01T06:15:12
-6.337960,-7.116475,2023-01-01T06:15:13
-6.337960,-7.116475,2023-01-01T06:15:14
-6.337960,-7.116475,2023-01-01T06:15:15
-6.337960,-7.116475,2023-01-01T06:15:16
-6.337960,-7.116475,2023-01-01T06:15:17
-6.337960,-7.116475,2023-01-01T06:15:18
-6.337960,-7.116475,2023-01-01T06:15:19
-6.337960,-7.116475,2023-01-01T06:15:20
-6.337960,-7.116475,2023-01-01T06:15:21
-6.337960,-7.116475,2023-01-01T06:15:22
-6.337960,-7.116475,2023-01-01T06:15:23
-6.337960,-7.116475,2023-01-01T06:15:24
-6.337960,-7.116475,2023-01-01T06:15:25
-6.337960,-7.116475,2023-01-01T06:15:26
-6.337960,-7.116475,2023-01-01T06:15:27
-6.337960,-7.116475,2023-01-01T06:15:28
-6.337960,-7.116475,2023-01-01T06:15:29
-6.337960,-7.116475,2023-01-01T06:15:30
-6.337960,-7.116475,2023-01-01T06:15:31
-6.337960,-7.116475,2023-01-01T06:15:32
-6.337960,-7.116475,2023-01-01T06:15:33
-6.337960,-7.116475,2023-01-01T06:15:34
-6.337960,-7.116475,2023-01-01T06:15:35
-6.337960,-7.116475,2023-01-01T06:15:36
-6.337960,-7.116475,2023-01-01T06:15:37
-6.337960,-7.116475,2023-01-01T06:15:38
-6.337960,-7.116475,2023-01-01T06:15:39
-6.337960,-7.116475,2023-01-01T06:15:40
-6.337960,-7.116475,2023-01-01T06:15:41
-6.337960,-7.116475,2023-01-01T06:15:42
-6.337960,-7.116475,2023-01-01T06:15:43
-6.337960,-7.116475,2023-01-01T06:15:44
-6.337960,-7.116475,2023-01-01T06:15:45
-6.337960,-7.116475,2023-01-01T06:15:46
-6.337960,-7.116475,2023-01-01T06:15:47
-6.337960,-7.116475,2023-01-01T06:15:48
-6.337960,-7.116475,2023-01-01T06:15:49
-6.337960,-7.116475,2023-01-01T06:15:50
-6.337960,-7.116475,2023-01-01T06:15:51
-6.337960,-7.116475,2023-01-01T06:15:52
-6.337960,-7.116475,2023-01-01T06:15:53
-6.337960,-7.116475,2023-01-01T06:15:54
-6.337960,-7.116475,2023-01-01T06:15:55
-6.337960,-7.116475,2023-01-01T06:15:56
-6.337960,-7.116475,2023-01-01T06:15:57
-6.337960,-7.116475,2023-01-01T06:15:58
-6.337960,-7.116475,2023-01-01T06:15:59
-6.337960,-7.116475,2023-01-01T06:16:00
-6.337960,-7.116475,2023-01-01T06:16:01
-6.337960,-7.116475,2023-01-01T06:16:02
-6.337960,-7.116475,2023-01-01T06:16:03
-6.337960,-7.116475,2023-01-01T06:16:04
-6.337960,-7.116475,2023-01-01T06:16:05
-6.337960,-7.116475,2023-01-01T06:16:06
-6.337960,-7.116475,2023-01-01T06:16:07
-6.337960,-7.116475,2023-01-01T06:16:08
-6.337960,-7.116475,2023-01-01T06:16:09
-6.337960,-7.116475,2023-01-01T06:16:10
-6.337960,-7.116475,2023-01-01T06:16:11
-6.337960,-7.116475,2023-01-01T06:16:12
-6.337960,-7.116475,2023-01-01T06:16:13
-6.337960,-7.116475,2023-01-01T06:16:14
-6.337960,-7.116475,2023-01-01T06:16:15
-6.337960,-7.116475,2023-01-01T06:16:16
-6.337960,-7.116475,2023-01-01T06:16:17
-6.337960,-7.116475,2023-01-01T06:16:18
-6.337960,-7.116475,2023-01-01T06:16:19
-6.337960,-7.116475,2023-01-01T06:16:20
-6.337960,-7.116475,2023-01-01T06:16:21
-6.337960,-7.116475,2023-01-01T06:16:22
-6.337960,-7.116475,2023-01-01T06:16:23
-6.337960,-7.116475,2023-01-01T06:16:24
-6.337960,-7.116475,2023-01-01T06:16:25
-6.337960,-7.116475,2023-01-01T06:16:26
-6.337960,-7.116475,2023-01-01T06:16:27
-6.337960,-7.116475,2023-01-01T06:16:28
-6.337960,-7.116475,2023-01-01T06:16:29
-6.337960,-7.116475,2023-01-01T06:16:30
-6.337960,-7.227670,2023-01-01T06:16:31
-6.337960,-7.227670,2023-01-01T06:16:32
-6.337960,-7.227670,2023-01-01T06:16:33
-6.337960,-7.227670,2023-01-01T06:16:34
-6.337960,-7.227670,2023-01-01T06:16:35
-6.337960,-7.227670,2023-01-01T06:16:36
-6.337960,-7.227670,2023-01-01T06:16:37
-6.337960,-7.227670,2023-01-01T06:16:38
-6.337960,-7.227670,2023-01-01T06:16:39
-6.337960,-7.227670,2023-01-01T06:16:40
-6.337960,-7.227670,2023-01-01T06:16:41
-6.337960,-7.227670,2023-01-01T06:16:42
-6.337960,-7.227670,2023-01-01T06:16:43
-6.337960,-7.227670,2023-01-01T06:16:44
-6.337960,-7.227670,2023-01-01T06:16:45
-6.337960,-7.227670,2023-01-01T06:16:46
-6.337960,-7.227670,2023-01-01T06:16:47
-6.337960,-7.227670,2023-01-01T06:16:48
-6.337960,-7.227670,2023-01-01T06:16:49
-6.337960,-7.227670,2023-01-01T06:16:50
-6.337960,-7.227670,2023-01-01T06:16:51
-6.337960,-7.227670,2023-01-01T06:16:52
-6.337960,-7.227670,2023-01-01T06:16:53
-6.337960,-7.227670,2023-01-01T06:16:54
-6.337960,-7.227670,2023-01-01T06:16:55
-6.337960,-7.227670,2023-01-01T06:16:56
-6.337960,-7.227670,2023-01-01T06:16:57
-6.337960,-7.227670,2023-01-01T06:16:58
-6.337960,-7.227670,2023-01-01T06:16:59
-6.337960,-7.227670,2023-01-01T06:17:00
-6.337960,-7.227670,2023-01-01T06:17:01
-6.337960,-7.227670,2023-01-01T06:17:02
-6.337960,-7.227670,2023-01-01T06:17:03
-6.337960,-7.227670,2023-01-01T06:17:04
-6.337960,-7.227670,2023-01-01T06:17:05
-6.337960,-7.227670,2023-01-01T06:17:06
-6.337960,-7.227670,2023-01-01T06:17:07
-6.337960,-7.227670,2023-01-01T06:17:08
-6.337960,-7.227670,2023-01-01T06:17:09
-6.337960,-7.227670,2023-01-01T06:17:10
-6.337960,-7.227670,2023-01-01T06:17:11
-6.337960,-7.227670,2023-01-01T06:17:12
-6.337960,-7.227670,2023-01-01T06:17:13
-6.337960,-7.227670,2023-01-01T06:17:14
-6.337960,-7.227670,2023-01-01T06:17:15
-6.337960,-7.227670,2023-01-01T06:17:16
-6.337960,-7.227670,2023-01-01T06:17:17
-6.337960,-7.227670,2023-01-01T06:17:18
-6.337960,-7.227670,2023-01-01T06:17:19
-6.337960,-7.227670,2023-01-01T06:17:20
-6.337960,-7.227670,2023-01-01T06:17:21
-6.337960,-7.227670,2023-01-01T06:17:22
-6.337960,-7.227670,2023-01-01T06:17:23
-6.337960,-7.227670,2023-01-01T06:17:24
-6.337960,-7.227670,2023-01-01T06:17:25
-6.337960,-7.227670,2023-01-01T06:17:26
-6.337960,-7.227670,2023-01-01T06:17:27
-6.337960,-7.227670,2023-01-01T06:17:28
-6.337960,-7.227670,2023-01-01T06:17:29
-6.337960,-7.227670,2023-01-01T06:17:30
-6.337960,-7.227670,2023-01-01T06:17:31
-6.337960,-7.227670,2023-01-01T06:17:32
-6.337960,-7.227670,2023-01-01T06:17:33
-6.337960,-7.227670,2023-01-01T06:17:34
-6.337960,-7.227670,2023-01-01T06:17:35
-6.337960,-7.227670,2023-01-01T06:17:36
-6.337960,-7.227670,2023-01-01T06:17:37
-6.337960,-7.227670,2023-01-01T06:17:38
-6.337960,-7.227670,2023-01-01T06:17:39
-6.337960,-7.227670,2023-01-01T06:17:40
-6.337960,-7.227670,2023-01-01T06:17:41
-6.337960,-7.227670,2023-01-01T06:17:42
-6.337960,-7.227670,2023-01-01T06:17:43
-6.337960,-7.227670,2023-01-01T06:17:44
-6.337960,-7.227670,2023-01-01T06:17:45
-6.337960,-7.227670,2023-01-01T06:17:46
-6.337960,-7.227670,2023-01-01T06:17:47
-6.337960,-7.116475,2023-01-01T06:17:48
-6.337960,-7.116475,2023-01-01T06:17:49
-6.337960,-7.116475,2023-01-01T06:17:50
-6.337960,-7.116475,2023-01-01T06:17:51
-6.337960,-7.116475,2023-01-01T06:17:52
-6.337960,-7.116475,2023-01-01T06:17:53
-6.337960,-7.116475,2023-01-01T06:17:54
-6.337960,-7.116475,2023-01-01T06:17:55
-6.337960,-7.116475,2023-01-01T06:17:56
-6.337960,-7.116475,2023-01-01T06:17:57
-6.337960,-7.116475,2023-01-01T06:17:58
-6.337960,-7.116475,2023-01-01T06:17:59
-6.337960,-7.116475,2023-01-01T06:18:00
-6.337960,-7.116475,2023-01-01T06:18:01
-6.337960,-7.116475,2023-01-01T06:18:02
-6.337960,-7.116475,2023-01-01T06:18:03
-6.337960,-7.116475,2023-01-01T06:18:04
-6.337960,-7.116475,2023-01-01T06:18:05
-6.337960,-7.116475,2023-01-01T06:18:06
-6.337960,-7.116475,2023-01-01T06:18:07
-6.337960,-7.116475,2023-01-01T06:18:08
-6.337960,-7.116475,2023-01-01T06:18:09
-6.337960,-7.116475,2023-01-01T06:18:10
-6.337960,-7.116475,2023-01-01T06:18:11
-6.337960,-7.116475,2023-01-01T06:18:12
-6.337960,-7.116475,2023-01-01T06:18:13
-6.337960,-7.116475,2023-01-01T06:18:14
-6.337960,-7.116475,2023-01-01T06:18:15
-6.337960,-7.116475,2023-01-01T06:18:16
-6.337960,-7.116475,2023-01-01T06:18:17
-6.337960,-7.116475,2023-01-01T06:18:18
-6.337960,-7.116475,2023-01-01T06:18:19
-6.337960,-7.116475,2023-01-01T06:18:20
-6.337960,-7.116475,2023-01-01T06:18:21
-6.337960,-7.116475,2023-01-01T06:18:22
-6.226768,-7.116475,2023-01-01T06:18:23
-6.226768,-7.116475,2023-01-01T06:18:24
-6.226768,-7.116475,2023-01-01T06:18:25
-6.226768,-7.116475,2023-01-01T06:18:26
-6.226768,-7.116475,2023-01-01T06:18:27
-6.226768,-7.116475,2023-01-01T06:18:28
-6.226768,-7.116475,2023-01-01T06:18:29
-6.226768,-7.116475,2023-01-01T06:18:30
-6.226768,-7.116475,2023-01-01T06:18:31
-6.226768,-7.116475,2023-01-01T06:18:32
-6.226768,-7.116475,2023-01-01T06:18:33
-6.226768,-7.116475,2023-01-01T06:18:34
-6.226768,-7.116475,2023-01-01T06:18:35
-6.226768,-7.116475,2023-01-01T06:18:36
-6.226768,-7.116475,2023-01-01T06:18:37
-6.226768,-7.116475,2023-01-01T06:18:38
-6.226768,-7.116475,2023-01-01T06:18:39
-6.226768,-7.116475,2023-01-01T06:18:40
-6.226768,-7.116475,2023-01-01T06:18:41
-6.226768,-7.116475,2023-01-01T06:18:42
-6.226768,-7.116475,2023-01-01T06:18:43
-6.226768,-7.116475,2023-01-01T06:18:44
-6.226768,-7.116475,2023-01-01T06:18:45
-6.226768,-7.116475,2023-01-01T06:18:46
-6.226768,-7.116475,2023-01-01T06:18:47
-6.226768,-7.116475,2023-01-01T06:18:48
-6.226768,-7.116475,2023-01-01T06:18:49
-6.226768,-7.116475,2023-01-01T06:18:50
-6.226768,-7.116475,2023-01-01T06:18:51
-6.226768,-7.116475,2023-01-01T06:18:52
-6.226768,-7.116475,2023-01-01T06:18:53
-6.226768,-7.116475,2023-01-01T06:18:54
-6.226768,-7.116475,2023-01-01T06:18:55
-6.226768,-7.116475,2023-01-01T06:18:56
-6.226768,-7.116475,2023-01-01T06:18:57
-6.226768,-7.116475,2023-01-01T06:18:58
-6.226768,-7.116475,2023-01-01T06:18:59
-6.226768,-7.116475,2023-01-01T06:19:00
-6.226768,-7.116475,2023-01-01T06:19:01
-6.226768,-7.116475,2023-01-01T06:19:02
-6.226768,-7.116475,2023-01-01T06:19:03
-6.226768,-7.116475,2023-01-01T06:19:04
-6.226768,-7.116475,2023-01-01T06:19:05
-6.226768,-7.116475,2023-01-01T06:19:06
-6.226768,-7.116475,2023-01-01T06:19:07
-6.226768,-7.116475,2023-01-01T06:19:08
-6.226768,-7.116475,2023-01-01T06:19:09
-6.226768,-7.116475,2023-01-01T06:19:10
-6.226768,-7.116475,2023-01-01T06:19:11
-6.226768,-7.116475,2023-01-01T06:19:12
-6.226768,-7.116475,2023-01-01T06:19:13
-6.226768,-7.116475,2023-01-01T06:19:14
-6.226768,-7.116475,2023-01-01T06:19:15
-6.226768,-7.116475,2023-01-01T06:19:16
-6.226768,-7.116475,2023-01-01T06:19:17
-6.226768,-7.116475,2023-01-01T06:19:18
-6.226768,-7.116475,2023-01-01T06:19:19
-6.226768,-7.005280,2023-01-01T06:19:20
-6.226768,-7.005280,2023-01-01T06:19:21
-6.226768,-7.005280,2023-01-01T06:19:22
-6.226768,-7.005280,2023-01-01T06:19:23
-6.226768,-7.005280,2023-01-01T06:19:24
-6.226768,-7.005280,2023-01-01T06:19:25
-6.226768,-7.005280,2023-01-01T06:19:26
-6.226768,-7.005280,2023-01-01T06:19:27
-6.226768,-7.005280,2023-01-01T06:19:28
-6.226768,-7.005280,2023-01-01T06:19:29
-6.226768,-7.005280,2023-01-01T06:19:30
-6.226768,-7.005280,2023-01-01T06:19:31
-6.226768,-7.005280,2023-01-01T06:19:32
-6.226768,-7.005280,2023-01-01T06:19:33
-6.226768,-7.005280,2023-01-01T06:19:34
-6.226768,-7.005280,2023-01-01T06:19:35
-6.226768,-7.005280,2023-01-01T06:19:36
-6.226768,-7.005280,2023-01-01T06:19:37
-6.226768,-7.005280,2023-01-01T06:19:38
-6.226768,-7.005280,2023-01-01T06:19:39
-6.226768,-7.005280,2023-01-01T06:19:40
-6.226768,-7.005280,2023-01-01T06:19:41
-6.226768,-7.005280,2023-01-01T06:19:42
-6.226768,-7.005280,2023-01-01T06:19:43
-6.226768,-7.005280,2023-01-01T06:19:44
-6.226768,-7.005280,2023-01-01T06:19:45
-6.226768,-7.005280,2023-01-01T06:19:46
-6.226768,-7.005280,2023-01-01T06:19:47
-6.226768,-7.005280,2023-01-01T06:19:48
-6.226768,-7.005280,2023-01-01T06:19:49
-6.226768,-7.005280,2023-01-01T06:19:50
-6.226768,-7.005280,2023-01-01T06:19:51
-6.226768,-7.005280,2023-01-01T06:19:52
-6.226768,-7.005280,2023-01-01T06:19:53
-6.226768,-7.005280,2023-01-01T06:19:54
-6.226768,-7.005280,2023-01-01T06:19:55
-6.226768,-7.005280,2023-01-01T06:19:56
-6.226768,-7.005280,2023-01-01T06:19:57
-6.226768,-7.005280,2023-01-01T06:19:58
-6.226768,-7.005280,2023-01-01T06:19:59
-6.226768,-7.005280,2023-01-01T06:20:00
-6.226768,-7.005280,2023-01-01T06:20:01
-6.226768,-7.005280,2023-01-01T06:20:02
-6.226768,-7.005280,2023-01-01T06:20:03
-6.226768,-7.005280,2023-01-01T06:20:04
-6.226768,-7.005280,2023-01-01T06:20:05
-6.226768,-7.005280,2023-01-01T06:20:06
-6.226768,-7.005280,2023-01-01T06:20:07
-6.226768,-7.005280,2023-01-01T06:20:08
-6.226768,-7.005280,2023-01-01T06:20:09
-6.115576,-7.005280,2023-01-01T06:20:10
-6.115576,-7.005280,2023-01-01T06:20:11
-6.115576,-6.894085,2023-01-01T06:20:12
-6.115576,-6.894085,2023-01-01T06:20:13
-6.115576,-6.894085,2023-01-01T06:20:14
-6.115576,-6.894085,2023-01-01T06:20:15
-6.115576,-6.894085,2023-01-01T06:20:16
-6.115576,-6.894085,2023-01-01T06:20:17
-6.115576,-6.894085,2023-01-01T06:20:18
-6.115576,-6.894085,2023-01-01T06:20:19
-6.115576,-6.894085,2023-01-01T06:20:20
-6.115576,-6.894085,2023-01-01T06:20:21
-6.115576,-6.894085,2023-01-01T06:20:22
-6.115576,-6.894085,2023-01-01T06:20:23
-6.115576,-6.894085,2023-01-01T06:20:24
-6.115576,-6.894085,2023-01-01T06:20:25
-6.115576,-6.894085,2023-01-01T06:20:26
-6.115576,-6.894085,2023-01-01T06:20:27
-6.115576,-6.894085,2023-01-01T06:20:28
-6.115576,-6.894085,2023-01-01T06:20:29
-6.115576,-6.894085,2023-01-01T06:20:30
-6.115576,-6.894085,2023-01-01T06:20:31
-6.115576,-6.894085,2023-01-01T06:20:32
-6.115576,-6.894085,2023-01-01T06:20:33
-6.115576,-6.894085,2023-01-01T06:20:34
-6.115576,-6.894085,2023-01-01T06:20:35
-6.115576,-6.894085,2023-01-01T06:20:36
-6.115576,-6.894085,2023-01-01T06:20:37
-6.004383,-6.782891,2023-01-01T06:20:38
-6.004383,-6.782891,2023-01-01T06:20:39
-6.004383,-6.782891,2023-01-01T06:20:40
-6.004383,-6.782891,2023-01-01T06:20:41
-6.004383,-6.782891,2023-01-01T06:20:42
-6.004383,-6.782891,2023-01-01T06:20:43
-6.004383,-6.782891,2023-01-01T06:20:44
-6.004383,-6.782891,2023-01-01T06:20:45
-6.004383,-6.782891,2023-01-01T06:20:46
-6.004383,-6.782891,2023-01-01T06:20:47
-6.004383,-6.782891,2023-01-01T06:20:48
-6.004383,-6.782891,2023-01-01T06:20:49
-6.004383,-6.782891,2023-01-01T06:20:50
-6.004383,-6.782891,2023-01-01T06:20:51
-6.004383,-6.782891,2023-01-01T06:20:52
-6.004383,-6.671696,2023-01-01T06:20:53
-6.004383,-6.671696,2023-01-01T06:20:54
-5.893191,-6.671696,2023-01-01T06:20:55
-5.893191,-6.671696,2023-01-01T06:20:56
-5.893191,-6.671696,2023-01-01T06:20:57
-5.893191,-6.671696,2023-01-01T06:20:58
-5.893191,-6.671696,2023-01-01T06:20:59
-5.893191,-6.671696,2023-01-01T06:21:00
-5.893191,-6.671696,2023-01-01T06:21:01
-5.893191,-6.671696,2023-01-01T06:21:02
-5.893191,-6.671696,2023-01-01T06:21:03
-5.893191,-6.671696,2023-01-01T06:21:04
-5.893191,-6.671696,2023-01-01T06:21:05
-5.893191,-6.671696,2023-01-01T06:21:06
-5.893191,-6.671696,2023-01-01T06:21:07
-5.893191,-6.671696,2023-01-01T06:21:08
-5.893191,-6.671696,2023-01-01T06:21:09
-5.893191,-6.671696,2023-01-01T06:21:10
-5.893191,-6.671696,2023-01-01T06:21:11
-5.893191,-6.671696,2023-01-01T06:21:12
-5.893191,-6.671696,2023-01-01T06:21:13
-5.893191,-6.671696,2023-01-01T06:21:14
-5.893191,-6.671696,2023-01-01T06:21:15
-5.893191,-6.671696,2023-01-01T06:21:16
-5.893191,-6.671696,2023-01-01T06:21:17
-5.893191,-6.671696,2023-01-01T06:21:18
-5.893191,-6.671696,2023-01-01T06:21:19
-5.893191,-6.671696,2023-01-01T06:21:20
-5.893191,-6.671696,2023-01-01T06:21:21
-5.893191,-6.671696,2023-01-01T06:21:22
-5.893191,-6.671696,2023-01-01T06:21:23
-5.893191,-6.671696,2023-01-01T06:21:24
-5.893191,-6.671696,2023-01-01T06:21:25
-5.893191,-6.671696,2023-01-01T06:21:26
-5.893191,-6.671696,2023-01-01T06:21:27
-5.781999,-6.671696,2023-01-01T06:21:28
-5.781999,-6.671696,2023-01-01T06:21:29
-5.781999,-6.671696,2023-01-01T06:21:30
-5.781999,-6.671696,2023-01-01T06:21:31
-5.781999,-6.560501,2023-01-01T06:21:32
