x,y,timestamp
0.000000,0.000000,2023-01-01T01:48:18
0.000000,0.000000,2023-01-01T01:48:19
0.000000,0.000000,2023-01-01T01:48:20
0.000000,0.000000,2023-01-01T01:48:21
-0.111192,-0.111195,2023-01-01T01:48:22
-0.111192,-0.111195,2023-01-01T01:48:23
-0.111192,-0.111195,2023-01-01T01:48:24
-0.111192,-0.111195,2023-01-01T01:48:25
-0.111192,-0.111195,2023-01-01T01:48:26
-0.111192,-0.111195,2023-01-01T01:48:27
-0.111192,-0.222390,2023-01-01T01:48:28
-0.111192,-0.222390,2023-01-01T01:48:29
-0.222385,-0.222390,2023-01-01T01:48:30
-0.111192,-0.222390,2023-01-01T01:48:31
-0.111192,-0.111195,2023-01-01T01:48:32
-0.111192,-0.111195,2023-01-01T01:48:33
-0.111192,-0.111195,2023-01-01T01:48:34
-0.111192,0.000000,2023-01-01T01:48:35
-0.111192,0.000000,2023-01-01T01:48:36
-0.111192,0.000000,2023-01-01T01:48:37
-0.111192,0.000000,2023-01-01T01:48:38
-0.111192,0.111195,2023-01-01T01:48:39
-0.111192,0.111195,2023-01-01T01:48:40
-0.111192,0.111195,2023-01-01T01:48:41
-0.111192,0.222390,2023-01-01T01:48:42
-0.111192,0.222390,2023-01-01T01:48:43
-0.111192,0.222390,2023-01-01T01:48:44
-0.111192,0.222390,2023-01-01T01:48:45
-0.111192,0.333585,2023-01-01T01:48:46
-0.111192,0.333585,2023-01-01T01:48:47
-0.111192,0.333585,2023-01-01T01:48:48
-0.111192,0.444780,2023-01-01T01:48:49
-0.111192,0.444780,2023-01-01T01:48:50
-0.222385,0.444780,2023-01-01T01:48:51
-0.222385,0.555975,2023-01-01T01:48:52
-0.222385,0.555975,2023-01-01T01:48:53
-0.222385,0.555975,2023-01-01T01:48:54
-0.222385,0.555975,2023-01-01T01:48:55
-0.222385,0.667170,2023-01-01T01:48:56
-0.222385,0.667170,2023-01-01T01:48:57
-0.222385,0.667170,2023-01-01T01:48:58
-0.222385,0.667170,2023-01-01T01:48:59
-0.222385,0.778364,2023-01-01T01:49:00
-0.222385,0.778364,2023-01-01T01:49:01
-0.222385,0.778364,2023-01-01T01:49:02
-0.222385,0.778364,2023-01-01T01:49:03
-0.222385,0.778364,2023-01-01T01:49:04
-0.222385,0.889559,2023-01-01T01:49:05
-0.222385,0.889559,2023-01-01T01:49:06
-0.222385,0.889559,2023-01-01T01:49:07
-0.222385,0.889559,2023-01-01T01:49:08
-0.222385,0.889559,2023-01-01T01:49:09
-0.222385,0.889559,2023-01-01T01:49:10
-0.222385,1.000754,2023-01-01T01:49:11
-0.222385,1.000754,2023-01-01T01:49:12
-0.222385,1.000754,2023-01-01T01:49:13
-0.222385,1.000754,2023-01-01T01:49:14
-0.222385,1.000754,2023-01-01T01:49:15
-0.222385,1.000754,2023-01-01T01:49:16
-0.222385,1.000754,2023-01-01T01:49:17
-0.222385,1.111949,2023-01-01T01:49:18
-0.222385,1.111949,2023-01-01T01:49:19
-0.222385,1.111949,2023-01-01T01:49:20
-0.222385,1.111949,2023-01-01T01:49:21
-0.222385,1.111949,2023-01-01T01:49:22
-0.222385,1.111949,2023-01-01T01:49:23
-0.222385,1.111949,2023-01-01T01:49:24
-0.222385,1.223144,2023-01-01T01:49:25
-0.222385,1.223144,2023-01-01T01:49:26
-0.222385,1.223144,2023-01-01T01:49:27
-0.222385,1.223144,2023-01-01T01:49:28
-0.222385,1.223144,2023-01-01T01:49:29
-0.222385,1.223144,2023-01-01T01:49:30
-0.222385,1.223144,2023-01-01T01:49:31
-0.222385,1.223144,2023-01-01T01:49:32
-0.333577,1.223144,2023-01-01T01:49:33
-0.333577,1.223144,2023-01-01T01:49:34
-0.333577,1.334339,2023-01-01T01:49:35
-0.333577,1.334339,2023-01-01T01:49:36
-0.333577,1.334339,2023-01-01T01:49:37
-0.333577,1.334339,2023-01-01T01:49:38
-0.333577,1.334339,2023-01-01T01:49:39
-0.333577,1.334339,2023-01-01T01:49:40
-0.333577,1.334339,2023-01-01T01:49:41
-0.333577,1.334339,2023-01-01T01:49:42
-0.333577,1.334339,2023-01-01T01:49:43
-0.333577,1.334339,2023-01-01T01:49:44
-0.333577,1.334339,2023-01-01T01:49:45
-0.333577,1.334339,2023-01-01T01:49:46
-0.333577,1.334339,2023-01-01T01:49:47
-0.333577,1.445534,2023-01-01T01:49:48
-0.333577,1.445534,2023-01-01T01:49:49
-0.333577,1.445534,2023-01-01T01:49:50
-0.333577,1.445534,2023-01-01T01:49:51
-0.333577,1.445534,2023-01-01T01:49:52
-0.333577,1.445534,2023-01-01T01:49:53
-0.333577,1.445534,2023-01-01T01:49:54
-0.333577,1.445534,2023-01-01T01:49:55
-0.333577,1.445534,2023-01-01T01:49:56
-0.333577,1.445534,2023-01-01T01:49:57
-0.333577,1.445534,2023-01-01T01:49:58
-0.333577,1.445534,2023-01-01T01:49:59
-0.333577,1.445534,2023-01-01T01:50:00
-0.333577,1.445534,2023-01-01T01:50:01
-0.333577,1.445534,2023-01-01T01:50:02
-0.333577,1.445534,2023-01-01T01:50:03
-0.333577,1.445534,2023-01-01T01:50:04
-0.333577,1.445534,2023-01-01T01:50:05
-0.333577,1.445534,2023-01-01T01:50:06
-0.333577,1.445534,2023-01-01T01:50:07
-0.444769,1.445534,2023-01-01T01:50:08
-0.444769,1.445534,2023-01-01T01:50:09
-0.444769,1.445534,2023-01-01T01:50:10
-0.444769,1.445534,2023-01-01T01:50:11
-0.444769,1.445534,2023-01-01T01:50:12
-0.444769,1.445534,2023-01-01T01:50:13
-0.444769,1.334339,2023-01-01T01:50:14
-0.444769,1.334339,2023-01-01T01:50:15
-0.444769,1.334339,2023-01-01T01:50:16
-0.444769,1.334339,2023-01-01T01:50:17
-0.444769,1.334339,2023-01-01T01:50:18
-0.444769,1.334339,2023-01-01T01:50:19
-0.444769,1.334339,2023-01-01T01:50:20
-0.444769,1.334339,2023-01-01T01:50:21
-0.444769,1.334339,2023-01-01T01:50:22
-0.444769,1.334339,2023-01-01T01:50:23
-0.444769,1.334339,2023-01-01T01:50:24
-0.444769,1.334339,2023-01-01T01:50:25
-0.444769,1.223144,2023-01-01T01:50:26
-0.444769,1.223144,2023-01-01T01:50:27
-0.444769,1.223144,2023-01-01T01:50:28
-0.555961,1.223144,2023-01-01T01:50:29
-0.555961,1.223144,2023-01-01T01:50:30
-0.555961,1.223144,2023-01-01T01:50:31
-0.555961,1.223144,2023-01-01T01:50:32
-0.555961,1.111949,2023-01-01T01:50:33
-0.555961,1.111949,2023-01-01T01:50:34
-0.555961,1.111949,2023-01-01T01:50:35
-0.555961,1.111949,2023-01-01T01:50:36
-0.555961,1.111949,2023-01-01T01:50:37
-0.555961,1.111949,2023-01-01T01:50:38
-0.555961,1.111949,2023-01-01T01:50:39
-0.555961,1.111949,2023-01-01T01:50:40
-0.555961,1.111949,2023-01-01T01:50:41
-0.555961,1.111949,2023-01-01T01:50:42
-0.555961,1.000754,2023-01-01T01:50:43
-0.555961,1.000754,2023-01-01T01:50:44
-0.555961,1.000754,2023-01-01T01:50:45
-0.555961,1.000754,2023-01-01T01:50:46
-0.555961,1.000754,2023-01-01T01:50:47
-0.555961,1.000754,2023-01-01T01:50:48
-0.555961,1.000754,2023-01-01T01:50:49
-0.555961,1.000754,2023-01-01T01:50:50
-0.555961,1.000754,2023-01-01T01:50:51
-0.555961,1.000754,2023-01-01T01:50:52
-0.555961,0.889559,2023-01-01T01:50:53
-0.555961,0.889559,2023-01-01T01:50:54
-0.555961,0.889559,2023-01-01T01:50:55
-0.555961,0.889559,2023-01-01T01:50:56
-0.555961,0.889559,2023-01-01T01:50:57
-0.555961,0.889559,2023-01-01T01:50:58
-0.555961,0.889559,2023-01-01T01:50:59
-0.555961,0.889559,2023-01-01T01:51:00
-0.555961,0.889559,2023-01-01T01:51:01
-0.555961,0.889559,2023-01-01T01:51:02
-0.555961,0.889559,2023-01-01T01:51:03
-0.555961,0.778364,2023-01-01T01:51:04
-0.555961,0.778364,2023-01-01T01:51:05
-0.555961,0.778364,2023-01-01T01:51:06
-0.555961,0.778364,2023-01-01T01:51:07
-0.555961,0.778364,2023-01-01T01:51:08
-0.555961,0.778364,2023-01-01T01:51:09
-0.555961,0.778364,2023-01-01T01:51:10
-0.555961,0.778364,2023-01-01T01:51:11
-0.555961,0.778364,2023-01-01T01:51:12
-0.555961,0.667170,2023-01-01T01:51:13
-0.555961,0.667170,2023-01-01T01:51:14
-0.555961,0.667170,2023-01-01T01:51:15
-0.555961,0.667170,2023-01-01T01:51:16
-0.667154,0.667170,2023-01-01T01:51:17
-0.667154,0.667170,2023-01-01T01:51:18
-0.667154,0.667170,2023-01-01T01:51:19
-0.667154,0.667170,2023-01-01T01:51:20
-0.667154,0.555975,2023-01-01T01:51:21
-0.667154,0.555975,2023-01-01T01:51:22
-0.667154,0.555975,2023-01-01T01:51:23
-0.667154,0.555975,2023-01-01T01:51:24
-0.667154,0.555975,2023-01-01T01:51:25
-0.667154,0.555975,2023-01-01T01:51:26
-0.667154,0.555975,2023-01-01T01:51:27
-0.667154,0.555975,2023-01-01T01:51:28
-0.667154,0.555975,2023-01-01T01:51:29
-0.667154,0.444780,2023-01-01T01:51:30
-0.667154,0.444780,2023-01-01T01:51:31
-0.667154,0.444780,2023-01-01T01:51:32
-0.667154,0.444780,2023-01-01T01:51:33
-0.667154,0.444780,2023-01-01T01:51:34
-0.667154,0.444780,2023-01-01T01:51:35
-0.667154,0.444780,2023-01-01T01:51:36
-0.667154,0.444780,2023-01-01T01:51:37
-0.667154,0.444780,2023-01-01T01:51:38
-0.667154,0.444780,2023-01-01T01:51:39
-0.667154,0.444780,2023-01-01T01:51:40
-0.667154,0.333585,2023-01-01T01:51:41
-0.667154,0.333585,2023-01-01T01:51:42
-0.667154,0.333585,2023-01-01T01:51:43
-0.667154,0.333585,2023-01-01T01:51:44
-0.667154,0.333585,2023-01-01T01:51:45
-0.667154,0.333585,2023-01-01T01:51:46
-0.667154,0.333585,2023-01-01T01:51:47
-0.667154,0.333585,2023-01-01T01:51:48
-0.667154,0.222390,2023-01-01T01:51:49
-0.667154,0.222390,2023-01-01T01:51:50
-0.778346,0.222390,2023-01-01T01:51:51
-0.778346,0.222390,2023-01-01T01:51:52
-0.778346,0.222390,2023-01-01T01:51:53
-0.778346,0.222390,2023-01-01T01:51:54
-0.778346,0.222390,2023-01-01T01:51:55
-0.778346,0.222390,2023-01-01T01:51:56
-0.778346,0.111195,2023-01-01T01:51:57
-0.778346,0.111195,2023-01-01T01:51:58
-0.778346,0.111195,2023-01-01T01:51:59
-0.778346,0.111195,2023-01-01T01:52:00
-0.778346,0.111195,2023-01-01T01:52:01
-0.778346,0.111195,2023-01-01T01:52:02
-0.778346,0.111195,2023-01-01T01:52:03
-0.778346,0.111195,2023-01-01T01:52:04
-0.778346,0.000000,2023-01-01T01:52:05
-0.778346,0.000000,2023-01-01T01:52:06
-0.778346,0.000000,2023-01-01T01:52:07
-0.778346,0.000000,2023-01-01T01:52:08
-0.778346,0.000000,2023-01-01T01:52:09
-0.778346,0.000000,2023-01-01T01:52:10
-0.889538,-0.111195,2023-01-01T01:52:11
-0.889538,-0.111195,2023-01-01T01:52:12
-0.889538,-0.111195,2023-01-01T01:52:13
-0.889538,-0.111195,2023-01-01T01:52:14
-0.889538,-0.111195,2023-01-01T01:52:15
-0.889538,-0.111195,2023-01-01T01:52:16
-0.889538,-0.222390,2023-01-01T01:52:17
-0.889538,-0.222390,2023-01-01T01:52:18
-0.889538,-0.222390,2023-01-01T01:52:19
-0.889538,-0.222390,2023-01-01T01:52:20
-0.889538,-0.222390,2023-01-01T01:52:21
-0.889538,-0.222390,2023-01-01T01:52:22
-0.889538,-0.222390,2023-01-01T01:52:23
-0.889538,-0.222390,2023-01-01T01:52:24
-0.889538,-0.222390,2023-01-01T01:52:25
-0.889538,-0.333585,2023-01-01T01:52:26
-0.889538,-0.333585,2023-01-01T01:52:27
-0.889538,-0.333585,2023-01-01T01:52:28
-0.889538,-0.333585,2023-01-01T01:52:29
-1.000731,-0.333585,2023-01-01T01:52:30
-1.000731,-0.333585,2023-01-01T01:52:31
-1.000731,-0.333585,2023-01-01T01:52:32
-1.000731,-0.333585,2023-01-01T01:52:33
-1.000731,-0.333585,2023-01-01T01:52:34
-1.000731,-0.333585,2023-01-01T01:52:35
-1.000731,-0.444780,2023-01-01T01:52:36
-1.000731,-0.444780,2023-01-01T01:52:37
-1.000731,-0.444780,2023-01-01T01:52:38
-1.000731,-0.444780,2023-01-01T01:52:39
-1.000731,-0.444780,2023-01-01T01:52:40
-1.000731,-0.444780,2023-01-01T01:52:41
-1.000731,-0.444780,2023-01-01T01:52:42
-1.000731,-0.444780,2023-01-01T01:52:43
-1.000731,-0.444780,2023-01-01T01:52:44
-1.000731,-0.444780,2023-01-01T01:52:45
-1.000731,-0.444780,2023-01-01T01:52:46
-1.000731,-0.555975,2023-01-01T01:52:47
-1.000731,-0.555975,2023-01-01T01:52:48
-1.000731,-0.555975,2023-01-01T01:52:49
-1.000731,-0.555975,2023-01-01T01:52:50
-1.000731,-0.555975,2023-01-01T01:52:51
-1.000731,-0.555975,2023-01-01T01:52:52
-1.000731,-0.555975,2023-01-01T01:52:53
-1.000731,-0.555975,2023-01-01T01:52:54
-1.000731,-0.555975,2023-01-01T01:52:55
-1.000731,-0.555975,2023-01-01T01:52:56
-1.000731,-0.555975,2023-01-01T01:52:57
-1.000731,-0.555975,2023-01-01T01:52:58
-1.000731,-0.555975,2023-01-01T01:52:59
-1.000731,-0.555975,2023-01-01T01:53:00
-1.000731,-0.667170,2023-01-01T01:53:01
-1.000731,-0.667170,2023-01-01T01:53:02
-1.000731,-0.667170,2023-01-01T01:53:03
-1.000731,-0.667170,2023-01-01T01:53:04
-1.000731,-0.667170,2023-01-01T01:53:05
-1.000731,-0.667170,2023-01-01T01:53:06
-1.000731,-0.667170,2023-01-01T01:53:07
-1.000731,-0.667170,2023-01-01T01:53:08
-1.000731,-0.667170,2023-01-01T01:53:09
-0.889538,-0.667170,2023-01-01T01:53:10
-0.889538,-0.667170,2023-01-01T01:53:11
-0.889538,-0.667170,2023-01-01T01:53:12
-0.889538,-0.667170,2023-01-01T01:53:13
-0.889538,-0.667170,2023-01-01T01:53:14
-0.889538,-0.667170,2023-01-01T01:53:15
-0.889538,-0.667170,2023-01-01T01:53:16
-0.889538,-0.667170,2023-01-01T01:53:17
-0.889538,-0.667170,2023-01-01T01:53:18
-0.889538,-0.667170,2023-01-01T01:53:19
-0.889538,-0.667170,2023-01-01T01:53:20
-0.889538,-0.667170,2023-01-01T01:53:21
-0.889538,-0.667170,2023-01-01T01:53:22
-0.889538,-0.667170,2023-01-01T01:53:23
-0.889538,-0.667170,2023-01-01T01:53:24
-0.889538,-0.667170,2023-01-01T01:53:25
-0.889538,-0.667170,2023-01-01T01:53:26
-0.889538,-0.778364,2023-01-01T01:53:27
-0.889538,-0.778364,2023-01-01T01:53:28
-0.889538,-0.778364,2023-01-01T01:53:29
-0.889538,-0.778364,2023-01-01T01:53:30
-0.889538,-0.778364,2023-01-01T01:53:31
-0.889538,-0.778364,2023-01-01T01:53:32
-0.889538,-0.778364,2023-01-01T01:53:33
-0.889538,-0.778364,2023-01-01T01:53:34
-0.889538,-0.778364,2023-01-01T01:53:35
-0.889538,-0.778364,2023-01-01T01:53:36
-0.889538,-0.778364,2023-01-01T01:53:37
-0.889538,-0.778364,2023-01-01T01:53:38
-0.889538,-0.778364,2023-01-01T01:53:39
-0.889538,-0.778364,2023-01-01T01:53:40
-0.889538,-0.778364,2023-01-01T01:53:41
-0.889538,-0.778364,2023-01-01T01:53:42
-0.889538,-0.778364,2023-01-01T01:53:43
-0.889538,-0.778364,2023-01-01T01:53:44
-0.889538,-0.778364,2023-01-01T01:53:45
-0.889538,-0.778364,2023-01-01T01:53:46
-0.889538,-0.778364,2023-01-01T01:53:47
-0.889538,-0.778364,2023-01-01T01:53:48
-0.889538,-0.778364,2023-01-01T01:53:49
-0.889538,-0.778364,2023-01-01T01:53:50
-0.889538,-0.778364,2023-01-01T01:53:51
-0.889538,-0.778364,2023-01-01T01:53:52
-0.889538,-0.778364,2023-01-01T01:53:53
-0.889538,-0.778364,2023-01-01T01:53:54
-0.889538,-0.778364,2023-01-01T01:53:55
-0.889538,-0.778364,2023-01-01T01:53:56
-0.889538,-0.778364,2023-01-01T01:53:57
-0.889538,-0.778364,2023-01-01T01:53:58
-0.889538,-0.778364,2023-01-01T01:53:59
-0.889538,-0.778364,2023-01-01T01:54:00
-0.889538,-0.778364,2023-01-01T01:54:01
-0.889538,-0.778364,2023-01-01T01:54:02
-0.889538,-0.778364,2023-01-01T01:54:03
-0.889538,-0.778364,2023-01-01T01:54:04
-0.889538,-0.778364,2023-01-01T01:54:05
-0.889538,-0.778364,2023-01-01T01:54:06
-0.889538,-0.778364,2023-01-01T01:54:07
-0.889538,-0.778364,2023-01-01T01:54:08
-0.889538,-0.778364,2023-01-01T01:54:09
-0.889538,-0.778364,2023-01-01T01:54:10
-0.889538,-0.778364,2023-01-01T01:54:11
-0.889538,-0.778364,2023-01-01T01:54:12
-0.889538,-0.778364,2023-01-01T01:54:13
-0.889538,-0.778364,2023-01-01T01:54:14
-0.889538,-0.778364,2023-01-01T01:54:15
-0.889538,-0.778364,2023-01-01T01:54:16
-0.889538,-0.778364,2023-01-01T01:54:17
-0.889538,-0.778364,2023-01-01T01:54:18
-0.889538,-0.778364,2023-01-01T01:54:19
-0.889538,-0.778364,2023-01-01T01:54:20
-0.889538,-0.778364,2023-01-01T01:54:21
-0.889538,-0.778364,2023-01-01T01:54:22
-0.889538,-0.778364,2023-01-01T01:54:23
-1.000731,-0.778364,2023-01-01T01:54:24
-1.000731,-0.778364,2023-01-01T01:54:25
-1.000731,-0.778364,2023-01-01T01:54:26
-1.000731,-0.778364,2023-01-01T01:54:27
-1.000731,-0.778364,2023-01-01T01:54:28
-1.000731,-0.778364,2023-01-01T01:54:29
-1.000731,-0.778364,2023-01-01T01:54:30
-1.000731,-0.778364,2023-01-01T01:54:31
-1.000731,-0.778364,2023-01-01T01:54:32
-1.000731,-0.778364,2023-01-01T01:54:33
-1.000731,-0.778364,2023-01-01T01:54:34
-1.000731,-0.778364,2023-01-01T01:54:35
-1.000731,-0.778364,2023-01-01T01:54:36
-1.000731,-0.778364,2023-01-01T01:54:37
-1.000731,-0.778364,2023-01-01T01:54:38
-1.000731,-0.778364,2023-01-01T01:54:39
-1.000731,-0.778364,2023-01-01T01:54:40
-1.000731,-0.778364,2023-01-01T01:54:41
-1.000731,-0.778364,2023-01-01T01:54:42
-1.000731,-0.778364,2023-01-01T01:54:43
-1.000731,-0.778364,2023-01-01T01:54:44
-0.889538,-0.778364,2023-01-01T01:54:45
-0.889538,-0.778364,2023-01-01T01:54:46
-0.889538,-0.778364,2023-01-01T01:54:47
-0.889538,-0.778364,2023-01-01T01:54:48
-0.889538,-0.778364,2023-01-01T01:54:49
-0.889538,-0.778364,2023-01-01T01:54:50
-0.889538,-0.778364,2023-01-01T01:54:51
-0.889538,-0.778364,2023-01-01T01:54:52
-0.889538,-0.778364,2023-01-01T01:54:53
-0.889538,-0.778364,2023-01-01T01:54:54
-0.889538,-0.778364,2023-01-01T01:54:55
-0.889538,-0.778364,2023-01-01T01:54:56
-0.889538,-0.778364,2023-01-01T01:54:57
-0.889538,-0.778364,2023-01-01T01:54:58
-0.889538,-0.778364,2023-01-01T01:54:59
-0.889538,-0.778364,2023-01-01T01:55:00
-0.889538,-0.778364,2023-01-01T01:55:01
-0.889538,-0.778364,2023-01-01T01:55:02
-0.889538,-0.778364,2023-01-01T01:55:03
-0.889538,-0.778364,2023-01-01T01:55:04
-0.889538,-0.778364,2023-01-01T01:55:05
-0.889538,-0.778364,2023-01-01T01:55:06
-0.889538,-0.778364,2023-01-01T01:55:07
-0.889538,-0.778364,2023-01-01T01:55:08
-0.889538,-0.778364,2023-01-01T01:55:09
-0.889538,-0.778364,2023-01-01T01:55:10
-0.889538,-0.778364,2023-01-01T01:55:11
-0.889538,-0.778364,2023-01-01T01:55:12
-0.889538,-0.778364,2023-01-01T01:55:13
-0.889538,-0.778364,2023-01-01T01:55:14
-0.889538,-0.778364,2023-01-01T01:55:15
-0.889538,-0.778364,2023-01-01T01:55:16
-0.889538,-0.778364,2023-01-01T01:55:17
-0.889538,-0.778364,2023-01-01T01:55:18
-0.889538,-0.778364,2023-01-01T01:55:19
-0.889538,-0.778364,2023-01-01T01:55:20
-0.778346,-0.778364,2023-01-01T01:55:21
-0.778346,-0.778364,2023-01-01T01:55:22
-0.778346,-0.778364,2023-01-01T01:55:23
-0.778346,-0.667170,2023-01-01T01:55:24
-0.778346,-0.667170,2023-01-01T01:55:25
-0.778346,-0.667170,2023-01-01T01:55:26
-0.778346,-0.667170,2023-01-01T01:55:27
-0.667154,-0.667170,2023-01-01T01:55:28
-0.667154,-0.667170,2023-01-01T01:55:29
-0.667154,-0.555975,2023-01-01T01:55:30
-0.667154,-0.555975,2023-01-01T01:55:31
-0.667154,-0.555975,2023-01-01T01:55:32
-0.555961,-0.555975,2023-01-01T01:55:33
-0.555961,-0.555975,2023-01-01T01:55:34
-0.555961,-0.555975,2023-01-01T01:55:35
-0.555961,-0.555975,2023-01-01T01:55:36
-0.555961,-0.444780,2023-01-01T01:55:37
-0.555961,-0.444780,2023-01-01T01:55:38
-0.555961,-0.444780,2023-01-01T01:55:39
-0.555961,-0.444780,2023-01-01T01:55:40
-0.555961,-0.444780,2023-01-01T01:55:41
-0.555961,-0.444780,2023-01-01T01:55:42
-0.444769,-0.444780,2023-01-01T01:55:43
-0.444769,-0.333585,2023-01-01T01:55:44
-0.444769,-0.333585,2023-01-01T01:55:45
-0.444769,-0.333585,2023-01-01T01:55:46
-0.444769,-0.333585,2023-01-01T01:55:47
-0.444769,-0.333585,2023-01-01T01:55:48
-0.444769,-0.333585,2023-01-01T01:55:49
-0.444769,-0.333585,2023-01-01T01:55:50
-0.444769,-0.222390,2023-01-01T01:55:51
-0.333577,-0.222390,2023-01-01T01:55:52
-0.333577,-0.222390,2023-01-01T01:55:53
-0.333577,-0.222390,2023-01-01T01:55:54
-0.333577,-0.222390,2023-01-01T01:55:55
-0.333577,-0.222390,2023-01-01T01:55:56
-0.333577,-0.222390,2023-01-01T01:55:57
-0.333577,-0.111195,2023-01-01T01:55:58
-0.333577,-0.111195,2023-01-01T01:55:59
-0.333577,-0.111195,2023-01-01T01:56:00
-0.222385,-0.111195,2023-01-01T01:56:01
-0.222385,-0.111195,2023-01-01T01:56:02
-0.222385,-0.111195,2023-01-01T01:56:03
-0.222385,-0.111195,2023-01-01T01:56:04
-0.222385,-0.111195,2023-01-01T01:56:05
-0.333577,-0.111195,2023-01-01T01:56:06
-0.333577,-0.111195,2023-01-01T01:56:07
-0.333577,-0.111195,2023-01-01T01:56:08
-0.333577,-0.111195,2023-01-01T01:56:09
-0.333577,-0.111195,2023-01-01T01:56:10
-0.333577,-0.111195,2023-01-01T01:56:11
-0.333577,-0.111195,2023-01-01T01:56:12
-0.333577,-0.111195,2023-01-01T01:56:13
-0.333577,-0.111195,2023-01-01T01:56:14
-0.333577,-0.111195,2023-01-01T01:56:15
-0.333577,-0.111195,2023-01-01T01:56:16
-0.333577,-0.111195,2023-01-01T01:56:17
-0.333577,-0.111195,2023-01-01T01:56:18
-0.222385,-0.111195,2023-01-01T01:56:19
-0.222385,-0.111195,2023-01-01T01:56:20
-0.222385,0.000000,2023-01-01T01:56:21
-0.222385,0.000000,2023-01-01T01:56:22
-0.222385,0.000000,2023-01-01T01:56:23
-0.111192,0.000000,2023-01-01T01:56:24
-0.111192,0.111195,2023-01-01T01:56:25
-0.111192,0.111195,2023-01-01T01:56:26
-0.111192,0.111195,2023-01-01T01:56:27
0.000000,0.111195,2023-01-01T01:56:28
0.000000,0.222390,2023-01-01T01:56:29
0.000000,0.222390,2023-01-01T01:56:30
0.000000,0.222390,2023-01-01T01:56:31
0.111192,0.333585,2023-01-01T01:56:32
0.111192,0.333585,2023-01-01T01:56:33
0.111192,0.333585,2023-01-01T01:56:34
0.111192,0.333585,2023-01-01T01:56:35
0.000000,0.222390,2023-01-01T01:56:36
0.000000,0.222390,2023-01-01T01:56:37
0.000000,0.222390,2023-01-01T01:56:38
0.000000,0.222390,2023-01-01T01:56:39
0.000000,0.222390,2023-01-01T01:56:40
0.000000,0.222390,2023-01-01T01:56:41
0.000000,0.222390,2023-01-01T01:56:42
0.000000,0.222390,2023-01-01T01:56:43
0.000000,0.222390,2023-01-01T01:56:44
-0.111192,0.222390,2023-01-01T01:56:45
-0.111192,0.222390,2023-01-01T01:56:46
-0.111192,0.111195,2023-01-01T01:56:47
-0.111192,0.111195,2023-01-01T01:56:48
-0.111192,0.111195,2023-01-01T01:56:49
-0.111192,0.111195,2023-01-01T01:56:50
-0.111192,0.111195,2023-01-01T01:56:51
-0.111192,0.111195,2023-01-01T01:56:52
-0.111192,0.111195,2023-01-01T01:56:53
-0.111192,0.111195,2023-01-01T01:56:54
-0.111192,0.111195,2023-01-01T01:56:55
-0.222385,0.000000,2023-01-01T01:56:56
-0.222385,0.000000,2023-01-01T01:56:57
-0.222385,0.000000,2023-01-01T01:56:58
-0.222385,0.000000,2023-01-01T01:56:59
-0.222385,0.000000,2023-01-01T01:57:00
-0.222385,0.000000,2023-01-01T01:57:01
-0.222385,0.000000,2023-01-01T01:57:02
-0.222385,0.000000,2023-01-01T01:57:03
-0.222385,0.000000,2023-01-01T01:57:04
-0.333577,-0.111195,2023-01-01T01:57:05
-0.333577,-0.111195,2023-01-01T01:57:06
-0.333577,-0.111195,2023-01-01T01:57:07
-0.333577,-0.111195,2023-01-01T01:57:08
-0.444769,-0.111195,2023-01-01T01:57:09
-0.444769,-0.222390,2023-01-01T01:57:10
-0.444769,-0.222390,2023-01-01T01:57:11
-0.444769,-0.222390,2023-01-01T01:57:12
-0.444769,-0.222390,2023-01-01T01:57:13
-0.555961,-0.222390,2023-01-01T01:57:14
-0.555961,-0.222390,2023-01-01T01:57:15
-0.555961,-0.333585,2023-01-01T01:57:16
-0.555961,-0.333585,2023-01-01T01:57:17
-0.555961,-0.333585,2023-01-01T01:57:18
-0.555961,-0.333585,2023-01-01T01:57:19
-0.667154,-0.333585,2023-01-01T01:57:20
-0.667154,-0.333585,2023-01-01T01:57:21
-0.667154,-0.333585,2023-01-01T01:57:22
-0.667154,-0.444780,2023-01-01T01:57:23
-0.667154,-0.444780,2023-01-01T01:57:24
-0.667154,-0.444780,2023-01-01T01:57:25
-0.778346,-0.444780,2023-01-01T01:57:26
-0.778346,-0.444780,2023-01-01T01:57:27
-0.778346,-0.444780,2023-01-01T01:57:28
-0.778346,-0.444780,2023-01-01T01:57:29
-0.778346,-0.444780,2023-01-01T01:57:30
-0.778346,-0.555975,2023-01-01T01:57:31
-0.778346,-0.555975,2023-01-01T01:57:32
-0.778346,-0.555975,2023-01-01T01:57:33
-0.889538,-0.555975,2023-01-01T01:57:34
-0.889538,-0.555975,2023-01-01T01:57:35
-0.889538,-0.555975,2023-01-01T01:57:36
-0.889538,-0.555975,2023-01-01T01:57:37
-0.889538,-0.555975,2023-01-01T01:57:38
-0.889538,-0.667170,2023-01-01T01:57:39
-0.889538,-0.667170,2023-01-01T01:57:40
-0.889538,-0.667170,2023-01-01T01:57:41
-0.889538,-0.667170,2023-01-01T01:57:42
-0.889538,-0.667170,2023-01-01T01:57:43
-0.889538,-0.667170,2023-01-01T01:57:44
-0.889538,-0.667170,2023-01-01T01:57:45
-1.000731,-0.667170,2023-01-01T01:57:46
-1.000731,-0.667170,2023-01-01T01:57:47
-1.000731,-0.778364,2023-01-01T01:57:48
-1.000731,-0.778364,2023-01-01T01:57:49
-1.000731,-0.778364,2023-01-01T01:57:50
-1.000731,-0.778364,2023-01-01T01:57:51
-1.000731,-0.778364,2023-01-01T01:57:52
-1.000731,-0.778364,2023-01-01T01:57:53
-1.000731,-0.778364,2023-01-01T01:57:54
-1.000731,-0.778364,2023-01-01T01:57:55
-1.000731,-0.778364,2023-01-01T01:57:56
-1.000731,-0.778364,2023-01-01T01:57:57
-1.000731,-0.778364,2023-01-01T01:57:58
-1.000731,-0.889559,2023-01-01T01:57:59
-1.000731,-0.889559,2023-01-01T01:58:00
-1.111923,-0.889559,2023-01-01T01:58:01
-1.111923,-0.889559,2023-01-01T01:58:02
-1.111923,-0.889559,2023-01-01T01:58:03
-1.111923,-0.889559,2023-01-01T01:58:04
-1.111923,-0.889559,2023-01-01T01:58:05
-1.111923,-0.889559,2023-01-01T01:58:06
-1.111923,-0.889559,2023-01-01T01:58:07
-1.111923,-0.889559,2023-01-01T01:58:08
-1.111923,-0.889559,2023-01-01T01:58:09
-1.111923,-0.889559,2023-01-01T01:58:10
-1.111923,-0.889559,2023-01-01T01:58:11
-1.111923,-0.889559,2023-01-01T01:58:12
-1.111923,-0.889559,2023-01-01T01:58:13
-1.111923,-0.889559,2023-01-01T01:58:14
-1.111923,-0.889559,2023-01-01T01:58:15
-1.111923,-0.889559,2023-01-01T01:58:16
-1.111923,-0.889559,2023-01-01T01:58:17
-1.111923,-0.889559,2023-01-01T01:58:18
-1.111923,-0.889559,2023-01-01T01:58:19
-1.111923,-0.889559,2023-01-01T01:58:20
-1.111923,-0.889559,2023-01-01T01:58:21
-1.111923,-0.889559,2023-01-01T01:58:22
-1.111923,-1.000754,2023-01-01T01:58:23
-1.111923,-1.000754,2023-01-01T01:58:24
-1.111923,-1.000754,2023-01-01T01:58:25
-1.111923,-1.000754,2023-01-01T01:58:26
-1.111923,-1.000754,2023-01-01T01:58:27
-1.111923,-1.000754,2023-01-01T01:58:28
-1.111923,-1.000754,2023-01-01T01:58:29
-1.111923,-1.000754,2023-01-01T01:58:30
-1.111923,-1.000754,2023-01-01T01:58:31
-1.223115,-1.000754,2023-01-01T01:58:32
-1.223115,-1.000754,2023-01-01T01:58:33
-1.223115,-1.000754,2023-01-01T01:58:34
-1.223115,-1.000754,2023-01-01T01:58:35
-1.223115,-1.000754,2023-01-01T01:58:36
-1.223115,-1.000754,2023-01-01T01:58:37
-1.223115,-1.000754,2023-01-01T01:58:38
-1.223115,-1.000754,2023-01-01T01:58:39
-1.223115,-1.000754,2023-01-01T01:58:40
-1.223115,-1.000754,2023-01-01T01:58:41
-1.223115,-1.000754,2023-01-01T01:58:42
-1.223115,-1.000754,2023-01-01T01:58:43
-1.223115,-1.000754,2023-01-01T01:58:44
-1.223115,-1.000754,2023-01-01T01:58:45
-1.223115,-1.000754,2023-01-01T01:58:46
-1.223115,-1.000754,2023-01-01T01:58:47
-1.223115,-1.000754,2023-01-01T01:58:48
-1.223115,-1.000754,2023-01-01T01:58:49
-1.223115,-1.000754,2023-01-01T01:58:50
-1.223115,-1.000754,2023-01-01T01:58:51
-1.223115,-1.000754,2023-01-01T01:58:52
-1.223115,-1.000754,2023-01-01T01:58:53
-1.223115,-1.000754,2023-01-01T01:58:54
-1.223115,-1.000754,2023-01-01T01:58:55
-1.223115,-1.000754,2023-01-01T01:58:56
-1.223115,-1.000754,2023-01-01T01:58:57
-1.223115,-1.000754,2023-01-01T01:58:58
-1.223115,-1.000754,2023-01-01T01:58:59
-1.223115,-1.000754,2023-01-01T01:59:00
-1.223115,-1.000754,2023-01-01T01:59:01
-1.223115,-1.000754,2023-01-01T01:59:02
-1.223115,-1.000754,2023-01-01T01:59:03
-1.223115,-1.000754,2023-01-01T01:59:04
-1.223115,-1.000754,2023-01-01T01:59:05
-1.223115,-1.000754,2023-01-01T01:59:06
-1.223115,-1.000754,2023-01-01T01:59:07
-1.223115,-1.000754,2023-01-01T01:59:08
-1.223115,-1.000754,2023-01-01T01:59:09
-1.223115,-1.000754,2023-01-01T01:59:10
-1.223115,-1.000754,2023-01-01T01:59:11
-1.223115,-1.000754,2023-01-01T01:59:12
-1.223115,-1.000754,2023-01-01T01:59:13
-1.223115,-1.000754,2023-01-01T01:59:14
-1.223115,-1.000754,2023-01-01T01:59:15
-1.223115,-1.000754,2023-01-01T01:59:16
-1.223115,-1.000754,2023-01-01T01:59:17
-1.223115,-1.000754,2023-01-01T01:59:18
-1.223115,-1.000754,2023-01-01T01:59:19
-1.223115,-1.000754,2023-01-01T01:59:20
-1.223115,-1.000754,2023-01-01T01:59:21
-1.223115,-1.000754,2023-01-01T01:59:22
-1.223115,-1.000754,2023-01-01T01:59:23
-1.223115,-1.000754,2023-01-01T01:59:24
-1.223115,-1.000754,2023-01-01T01:59:25
-1.223115,-1.000754,2023-01-01T01:59:26
-1.223115,-1.000754,2023-01-01T01:59:27
-1.223115,-1.000754,2023-01-01T01:59:28
-1.223115,-1.000754,2023-01-01T01:59:29
-1.223115,-1.000754,2023-01-01T01:59:30
-1.223115,-1.000754,2023-01-01T01:59:31
-1.223115,-1.000754,2023-01-01T01:59:32
-1.223115,-1.000754,2023-01-01T01:59:33
-1.223115,-1.000754,2023-01-01T01:59:34
-1.223115,-1.000754,2023-01-01T01:59:35
-1.223115,-1.000754,2023-01-01T01:59:36
-1.223115,-1.000754,2023-01-01T01:59:37
-1.223115,-1.000754,2023-01-01T01:59:38
-1.223115,-1.000754,2023-01-01T01:59:39
-1.223115,-1.000754,2023-01-01T01:59:40
-1.223115,-1.000754,2023-01-01T01:59:41
-1.223115,-1.000754,2023-01-01T01:59:42
-1.223115,-1.000754,2023-01-01T01:59:43
-1.223115,-1.000754,2023-01-01T01:59:44
-1.223115,-1.000754,2023-01-01T01:59:45
-1.223115,-0.889559,2023-01-01T01:59:46
-1.223115,-0.889559,2023-01-01T01:59:47
-1.223115,-0.889559,2023-01-01T01:59:48
-1.223115,-0.889559,2023-01-01T01:59:49
-1.223115,-0.889559,2023-01-01T01:59:50
-1.223115,-0.889559,2023-01-01T01:59:51
-1.223115,-0.889559,2023-01-01T01:59:52
-1.223115,-0.889559,2023-01-01T01:59:53
-1.223115,-0.889559,2023-01-01T01:59:54
-1.223115,-0.889559,2023-01-01T01:59:55
-1.223115,-0.889559,2023-01-01T01:59:56
-1.223115,-0.889559,2023-01-01T01:59:57
-1.223115,-0.889559,2023-01-01T01:59:58
-1.223115,-0.889559,2023-01-01T01:59:59
-1.223115,-0.889559,2023-01-01T02:00:00
-1.223115,-0.889559,2023-01-01T02:00:01
-1.223115,-0.889559,2023-01-01T02:00:02
-1.223115,-0.889559,2023-01-01T02:00:03
-1.223115,-0.889559,2023-01-01T02:00:04
-1.223115,-0.889559,2023-01-01T02:00:05
-1.223115,-0.889559,2023-01-01T02:00:06
-1.223115,-0.889559,2023-01-01T02:00:07
-1.223115,-0.889559,2023-01-01T02:00:08
-1.223115,-0.889559,2023-01-01T02:00:09
-1.223115,-0.889559,2023-01-01T02:00:10
-1.223115,-0.889559,2023-01-01T02:00:11
-1.223115,-0.889559,2023-01-01T02:00:12
-1.223115,-0.889559,2023-01-01T02:00:13
-1.223115,-0.889559,2023-01-01T02:00:14
-1.223115,-0.889559,2023-01-01T02:00:15
-1.223115,-0.889559,2023-01-01T02:00:16
-1.223115,-0.889559,2023-01-01T02:00:17
-1.223115,-0.889559,2023-01-01T02:00:18
-1.223115,-0.889559,2023-01-01T02:00:19
-1.223115,-0.889559,2023-01-01T02:00:20
-1.223115,-0.889559,2023-01-01T02:00:21
-1.223115,-0.889559,2023-01-01T02:00:22
-1.223115,-0.889559,2023-01-01T02:00:23
-1.223115,-0.889559,2023-01-01T02:00:24
-1.223115,-0.889559,2023-01-01T02:00:25
-1.223115,-0.889559,2023-01-01T02:00:26
-1.223115,-0.889559,2023-01-01T02:00:27
-1.223115,-0.889559,2023-01-01T02:00:28
-1.223115,-0.889559,2023-01-01T02:00:29
-1.223115,-0.889559,2023-01-01T02:00:30
-1.223115,-0.889559,2023-01-01T02:00:31
-1.223115,-0.889559,2023-01-01T02:00:32
-1.223115,-0.889559,2023-01-01T02:00:33
-1.223115,-0.889559,2023-01-01T02:00:34
-1.223115,-0.889559,2023-01-01T02:00:35
-1.223115,-0.889559,2023-01-01T02:00:36
-1.223115,-0.889559,2023-01-01T02:00:37
-1.223115,-0.889559,2023-01-01T02:00:38
-1.223115,-0.889559,2023-01-01T02:00:39
-1.223115,-0.889559,2023-01-01T02:00:40
-1.223115,-0.889559,2023-01-01T02:00:41
-1.223115,-0.889559,2023-01-01T02:00:42
-1.223115,-0.889559,2023-01-01T02:00:43
-1.223115,-0.889559,2023-01-01T02:00:44
-1.223115,-0.889559,2023-01-01T02:00:45
-1.223115,-0.889559,2023-01-01T02:00:46
-1.223115,-0.889559,2023-01-01T02:00:47
-1.223115,-0.889559,2023-01-01T02:00:48
-1.223115,-0.889559,2023-01-01T02:00:49
-1.223115,-0.889559,2023-01-01T02:00:50
-1.223115,-0.889559,2023-01-01T02:00:51
-1.223115,-0.889559,2023-01-01T02:00:52
-1.223115,-0.889559,2023-01-01T02:00:53
-1.223115,-0.889559,2023-01-01T02:00:54
-1.223115,-0.889559,2023-01-01T02:00:55
-1.223115,-0.889559,2023-01-01T02:00:56
-1.223115,-0.889559,2023-01-01T02:00:57
-1.223115,-0.889559,2023-01-01T02:00:58
-1.223115,-0.889559,2023-01-01T02:00:59
-1.223115,-0.889559,2023-01-01T02:01:00
-1.223115,-0.889559,2023-01-01T02:01:01
-1.223115,-0.889559,2023-01-01T02:01:02
-1.223115,-0.889559,2023-01-01T02:01:03
-1.223115,-0.889559,2023-01-01T02:01:04
-1.223115,-0.889559,2023-01-01T02:01:05
-1.223115,-0.889559,2023-01-01T02:01:06
-1.223115,-0.889559,2023-01-01T02:01:07
-1.223115,-0.778364,2023-01-01T02:01:08
-1.223115,-0.778364,2023-01-01T02:01:09
-1.223115,-0.778364,2023-01-01T02:01:10
-1.223115,-0.778364,2023-01-01T02:01:11
-1.223115,-0.778364,2023-01-01T02:01:12
-1.223115,-0.778364,2023-01-01T02:01:13
-1.223115,-0.778364,2023-01-01T02:01:14
-1.223115,-0.778364,2023-01-01T02:01:15
-1.223115,-0.778364,2023-01-01T02:01:16
-1.223115,-0.778364,2023-01-01T02:01:17
-1.223115,-0.778364,2023-01-01T02:01:18
-1.223115,-0.778364,2023-01-01T02:01:19
-1.223115,-0.778364,2023-01-01T02:01:20
-1.223115,-0.778364,2023-01-01T02:01:21
-1.223115,-0.778364,2023-01-01T02:01:22
-1.223115,-0.778364,2023-01-01T02:01:23
-1.223115,-0.778364,2023-01-01T02:01:24
-1.223115,-0.778364,2023-01-01T02:01:25
-1.223115,-0.778364,2023-01-01T02:01:26
-1.223115,-0.778364,2023-01-01T02:01:27
-1.223115,-0.778364,2023-01-01T02:01:28
-1.223115,-0.778364,2023-01-01T02:01:29
-1.223115,-0.778364,2023-01-01T02:01:30
-1.223115,-0.778364,2023-01-01T02:01:31
-1.223115,-0.778364,2023-01-01T02:01:32
-1.223115,-0.778364,2023-01-01T02:01:33
-1.223115,-0.778364,2023-01-01T02:01:34
-1.223115,-0.778364,2023-01-01T02:01:35
-1.223115,-0.778364,2023-01-01T02:01:36
-1.223115,-0.778364,2023-01-01T02:01:37
-1.223115,-0.778364,2023-01-01T02:01:38
-1.223115,-0.778364,2023-01-01T02:01:39
-1.223115,-0.778364,2023-01-01T02:01:40
-1.223115,-0.778364,2023-01-01T02:01:41
-1.223115,-0.778364,2023-01-01T02:01:42
-1.334307,-0.778364,2023-01-01T02:01:43
-1.334307,-0.778364,2023-01-01T02:01:44
-1.334307,-0.667170,2023-01-01T02:01:45
-1.334307,-0.667170,2023-01-01T02:01:46
-1.334307,-0.667170,2023-01-01T02:01:47
-1.334307,-0.667170,2023-01-01T02:01:48
-1.334307,-0.667170,2023-01-01T02:01:49
-1.334307,-0.667170,2023-01-01T02:01:50
-1.334307,-0.667170,2023-01-01T02:01:51
-1.334307,-0.667170,2023-01-01T02:01:52
-1.334307,-0.667170,2023-01-01T02:01:53
-1.334307,-0.667170,2023-01-01T02:01:54
-1.334307,-0.667170,2023-01-01T02:01:55
-1.334307,-0.667170,2023-01-01T02:01:56
-1.334307,-0.667170,2023-01-01T02:01:57
-1.334307,-0.667170,2023-01-01T02:01:58
-1.334307,-0.667170,2023-01-01T02:01:59
-1.334307,-0.667170,2023-01-01T02:02:00
-1.334307,-0.667170,2023-01-01T02:02:01
-1.334307,-0.667170,2023-01-01T02:02:02
-1.334307,-0.667170,2023-01-01T02:02:03
-1.334307,-0.667170,2023-01-01T02:02:04
-1.334307,-0.667170,2023-01-01T02:02:05
-1.334307,-0.667170,2023-01-01T02:02:06
-1.334307,-0.667170,2023-01-01T02:02:07
-1.334307,-0.667170,2023-01-01T02:02:08
-1.334307,-0.667170,2023-01-01T02:02:09
-1.334307,-0.667170,2023-01-01T02:02:10
-1.334307,-0.667170,2023-01-01T02:02:11
-1.334307,-0.667170,2023-01-01T02:02:12
-1.334307,-0.667170,2023-01-01T02:02:13
-1.334307,-0.667170,2023-01-01T02:02:14
-1.334307,-0.667170,2023-01-01T02:02:15
-1.334307,-0.667170,2023-01-01T02:02:16
-1.334307,-0.667170,2023-01-01T02:02:17
-1.334307,-0.667170,2023-01-01T02:02:18
-1.334307,-0.667170,2023-01-01T02:02:19
-1.334307,-0.667170,2023-01-01T02:02:20
-1.334307,-0.667170,2023-01-01T02:02:21
-1.334307,-0.667170,2023-01-01T02:02:22
-1.334307,-0.667170,2023-01-01T02:02:23
-1.334307,-0.667170,2023-01-01T02:02:24
-1.334307,-0.667170,2023-01-01T02:02:25
-1.334307,-0.667170,2023-01-01T02:02:26
-1.334307,-0.667170,2023-01-01T02:02:27
-1.334307,-0.667170,2023-01-01T02:02:28
-1.334307,-0.667170,2023-01-01T02:02:29
-1.334307,-0.667170,2023-01-01T02:02:30
-1.334307,-0.667170,2023-01-01T02:02:31
-1.334307,-0.667170,2023-01-01T02:02:32
-1.334307,-0.667170,2023-01-01T02:02:33
-1.334307,-0.667170,2023-01-01T02:02:34
-1.334307,-0.667170,2023-01-01T02:02:35
-1.334307,-0.667170,2023-01-01T02:02:36
-1.334307,-0.667170,2023-01-01T02:02:37
-1.334307,-0.667170,2023-01-01T02:02:38
-1.334307,-0.667170,2023-01-01T02:02:39
-1.334307,-0.667170,2023-01-01T02:02:40
-1.334307,-0.667170,2023-01-01T02:02:41
-1.334307,-0.667170,2023-01-01T02:02:42
-1.334307,-0.667170,2023-01-01T02:02:43
-1.334307,-0.667170,2023-01-01T02:02:44
-1.334307,-0.667170,2023-01-01T02:02:45
-1.334307,-0.667170,2023-01-01T02:02:46
-1.334307,-0.667170,2023-01-01T02:02:47
-1.334307,-0.667170,2023-01-01T02:02:48
-1.334307,-0.667170,2023-01-01T02:02:49
-1.334307,-0.667170,2023-01-01T02:02:50
-1.334307,-0.667170,2023-01-01T02:02:51
-1.334307,-0.667170,2023-01-01T02:02:52
-1.334307,-0.667170,2023-01-01T02:02:53
-1.334307,-0.667170,2023-01-01T02:02:54
-1.334307,-0.667170,2023-01-01T02:02:55
-1.334307,-0.667170,2023-01-01T02:02:56
-1.334307,-0.667170,2023-01-01T02:02:57
-1.334307,-0.667170,2023-01-01T02:02:58
-1.334307,-0.667170,2023-01-01T02:02:59
-1.334307,-0.667170,2023-01-01T02:03:00
-1.445500,-0.667170,2023-01-01T02:03:01
-1.445500,-0.667170,2023-01-01T02:03:02
-1.445500,-0.667170,2023-01-01T02:03:03
-1.445500,-0.667170,2023-01-01T02:03:04
-1.445500,-0.667170,2023-01-01T02:03:05
-1.445500,-0.667170,2023-01-01T02:03:06
-1.445500,-0.667170,2023-01-01T02:03:07
-1.445500,-0.667170,2023-01-01T02:03:08
-1.445500,-0.667170,2023-01-01T02:03:09
-1.445500,-0.667170,2023-01-01T02:03:10
-1.445500,-0.667170,2023-01-01T02:03:11
-1.445500,-0.667170,2023-01-01T02:03:12
-1.445500,-0.667170,2023-01-01T02:03:13
-1.445500,-0.667170,2023-01-01T02:03:14
-1.445500,-0.667170,2023-01-01T02:03:15
-1.445500,-0.667170,2023-01-01T02:03:16
-1.445500,-0.667170,2023-01-01T02:03:17
-1.445500,-0.667170,2023-01-01T02:03:18
-1.445500,-0.667170,2023-01-01T02:03:19
-1.445500,-0.667170,2023-01-01T02:03:20
-1.445500,-0.667170,2023-01-01T02:03:21
-1.445500,-0.667170,2023-01-01T02:03:22
-1.445500,-0.667170,2023-01-01T02:03:23
-1.445500,-0.667170,2023-01-01T02:03:24
-1.445500,-0.667170,2023-01-01T02:03:25
-1.445500,-0.667170,2023-01-01T02:03:26
-1.556692,-0.667170,2023-01-01T02:03:27
-1.556692,-0.667170,2023-01-01T02:03:28
-1.556692,-0.667170,2023-01-01T02:03:29
-1.556692,-0.667170,2023-01-01T02:03:30
-1.556692,-0.667170,2023-01-01T02:03:31
-1.556692,-0.667170,2023-01-01T02:03:32
-1.556692,-0.667170,2023-01-01T02:03:33
-1.556692,-0.667170,2023-01-01T02:03:34
-1.556692,-0.667170,2023-01-01T02:03:35
-1.556692,-0.667170,2023-01-01T02:03:36
-1.556692,-0.667170,2023-01-01T02:03:37
-1.556692,-0.667170,2023-01-01T02:03:38
-1.556692,-0.667170,2023-01-01T02:03:39
-1.556692,-0.667170,2023-01-01T02:03:40
-1.556692,-0.667170,2023-01-01T02:03:41
-1.556692,-0.667170,2023-01-01T02:03:42
-1.556692,-0.667170,2023-01-01T02:03:43
-1.556692,-0.667170,2023-01-01T02:03:44
-1.556692,-0.667170,2023-01-01T02:03:45
-1.556692,-0.667170,2023-01-01T02:03:46
-1.556692,-0.667170,2023-01-01T02:03:47
-1.556692,-0.667170,2023-01-01T02:03:48
-1.556692,-0.667170,2023-01-01T02:03:49
-1.556692,-0.667170,2023-01-01T02:03:50
-1.556692,-0.667170,2023-01-01T02:03:51
-1.556692,-0.667170,2023-01-01T02:03:52
-1.556692,-0.667170,2023-01-01T02:03:53
-1.556692,-0.667170,2023-01-01T02:03:54
-1.556692,-0.667170,2023-01-01T02:03:55
-1.556692,-0.667170,2023-01-01T02:03:56
-1.556692,-0.667170,2023-01-01T02:03:57
-1.556692,-0.667170,2023-01-01T02:03:58
-1.556692,-0.667170,2023-01-01T02:03:59
-1.556692,-0.667170,2023-01-01T02:04:00
-1.556692,-0.667170,2023-01-01T02:04:01
-1.556692,-0.667170,2023-01-01T02:04:02
-1.556692,-0.667170,2023-01-01T02:04:03
-1.556692,-0.667170,2023-01-01T02:04:04
-1.556692,-0.667170,2023-01-01T02:04:05
-1.556692,-0.667170,2023-01-01T02:04:06
-1.556692,-0.667170,2023-01-01T02:04:07
-1.556692,-0.667170,2023-01-01T02:04:08
-1.556692,-0.667170,2023-01-01T02:04:09
-1.556692,-0.667170,2023-01-01T02:04:10
-1.556692,-0.667170,2023-01-01T02:04:11
-1.556692,-0.667170,2023-01-01T02:04:12
-1.556692,-0.667170,2023-01-01T02:04:13
-1.556692,-0.667170,2023-01-01T02:04:14
-1.556692,-0.667170,2023-01-01T02:04:15
-1.556692,-0.667170,2023-01-01T02:04:16
-1.556692,-0.778364,2023-01-01T02:04:17
-1.556692,-0.778364,2023-01-01T02:04:18
-1.556692,-0.778364,2023-01-01T02:04:19
-1.556692,-0.778364,2023-01-01T02:04:20
-1.556692,-0.778364,2023-01-01T02:04:21
-1.556692,-0.778364,2023-01-01T02:04:22
-1.556692,-0.778364,2023-01-01T02:04:23
-1.556692,-0.778364,2023-01-01T02:04:24
-1.556692,-0.778364,2023-01-01T02:04:25
-1.556692,-0.778364,2023-01-01T02:04:26
-1.556692,-0.778364,2023-01-01T02:04:27
-1.556692,-0.778364,2023-01-01T02:04:28
-1.556692,-0.778364,2023-01-01T02:04:29
-1.556692,-0.778364,2023-01-01T02:04:30
-1.556692,-0.778364,2023-01-01T02:04:31
-1.556692,-0.778364,2023-01-01T02:04:32
-1.556692,-0.778364,2023-01-01T02:04:33
-1.556692,-0.778364,2023-01-01T02:04:34
-1.556692,-0.778364,2023-01-01T02:04:35
-1.556692,-0.778364,2023-01-01T02:04:36
-1.556692,-0.778364,2023-01-01T02:04:37
-1.556692,-0.778364,2023-01-01T02:04:38
-1.556692,-0.778364,2023-01-01T02:04:39
-1.556692,-0.778364,2023-01-01T02:04:40
-1.556692,-0.778364,2023-01-01T02:04:41
-1.556692,-0.778364,2023-01-01T02:04:42
-1.556692,-0.778364,2023-01-01T02:04:43
-1.556692,-0.778364,2023-01-01T02:04:44
-1.556692,-0.778364,2023-01-01T02:04:45
-1.556692,-0.778364,2023-01-01T02:04:46
-1.556692,-0.778364,2023-01-01T02:04:47
-1.556692,-0.778364,2023-01-01T02:04:48
-1.556692,-0.778364,2023-01-01T02:04:49
-1.556692,-0.778364,2023-01-01T02:04:50
-1.556692,-0.778364,2023-01-01T02:04:51
-1.556692,-0.778364,2023-01-01T02:04:52
-1.556692,-0.778364,2023-01-01T02:04:53
-1.556692,-0.778364,2023-01-01T02:04:54
-1.556692,-0.778364,2023-01-01T02:04:55
-1.556692,-0.778364,2023-01-01T02:04:56
-1.556692,-0.778364,2023-01-01T02:04:57
-1.556692,-0.778364,2023-01-01T02:04:58
-1.556692,-0.778364,2023-01-01T02:04:59
-1.556692,-0.778364,2023-01-01T02:05:00
-1.556692,-0.778364,2023-01-01T02:05:01
-1.556692,-0.778364,2023-01-01T02:05:02
-1.556692,-0.778364,2023-01-01T02:05:03
-1.556692,-0.778364,2023-01-01T02:05:04
-1.556692,-0.778364,2023-01-01T02:05:05
-1.556692,-0.778364,2023-01-01T02:05:06
-1.556692,-0.778364,2023-01-01T02:05:07
-1.556692,-0.778364,2023-01-01T02:05:08
-1.556692,-0.778364,2023-01-01T02:05:09
-1.556692,-0.778364,2023-01-01T02:05:10
-1.556692,-0.778364,2023-01-01T02:05:11
-1.556692,-0.778364,2023-01-01T02:05:12
-1.556692,-0.778364,2023-01-01T02:05:13
-1.556692,-0.778364,2023-01-01T02:05:14
-1.556692,-0.778364,2023-01-01T02:05:15
-1.556692,-0.778364,2023-01-01T02:05:16
-1.556692,-0.778364,2023-01-01T02:05:17
-1.556692,-0.778364,2023-01-01T02:05:18
-1.556692,-0.778364,2023-01-01T02:05:19
-1.556692,-0.778364,2023-01-01T02:05:20
-1.556692,-0.778364,2023-01-01T02:05:21
-1.667884,-0.778364,2023-01-01T02:05:22
-1.667884,-0.778364,2023-01-01T02:05:23
-1.667884,-0.778364,2023-01-01T02:05:24
-1.667884,-0.778364,2023-01-01T02:05:25
-1.667884,-0.778364,2023-01-01T02:05:26
-1.667884,-0.778364,2023-01-01T02:05:27
-1.667884,-0.778364,2023-01-01T02:05:28
-1.667884,-0.778364,2023-01-01T02:05:29
-1.667884,-0.778364,2023-01-01T02:05:30
-1.667884,-0.778364,2023-01-01T02:05:31
-1.667884,-0.667170,2023-01-01T02:05:32
-1.667884,-0.667170,2023-01-01T02:05:33
-1.667884,-0.667170,2023-01-01T02:05:34
-1.667884,-0.667170,2023-01-01T02:05:35
-1.667884,-0.667170,2023-01-01T02:05:36
-1.667884,-0.667170,2023-01-01T02:05:37
-1.667884,-0.667170,2023-01-01T02:05:38
-1.667884,-0.667170,2023-01-01T02:05:39
-1.667884,-0.667170,2023-01-01T02:05:40
-1.667884,-0.667170,2023-01-01T02:05:41
-1.667884,-0.667170,2023-01-01T02:05:42
-1.779077,-0.667170,2023-01-01T02:05:43
-1.779077,-0.667170,2023-01-01T02:05:44
-1.779077,-0.667170,2023-01-01T02:05:45
-1.779077,-0.667170,2023-01-01T02:05:46
-1.779077,-0.667170,2023-01-01T02:05:47
-1.779077,-0.667170,2023-01-01T02:05:48
-1.779077,-0.667170,2023-01-01T02:05:49
-1.779077,-0.667170,2023-01-01T02:05:50
-1.779077,-0.667170,2023-01-01T02:05:51
-1.779077,-0.667170,2023-01-01T02:05:52
-1.779077,-0.667170,2023-01-01T02:05:53
-1.779077,-0.667170,2023-01-01T02:05:54
-1.779077,-0.667170,2023-01-01T02:05:55
-1.779077,-0.667170,2023-01-01T02:05:56
-1.779077,-0.667170,2023-01-01T02:05:57
-1.779077,-0.667170,2023-01-01T02:05:58
-1.779077,-0.667170,2023-01-01T02:05:59
-1.779077,-0.667170,2023-01-01T02:06:00
-1.890269,-0.667170,2023-01-01T02:06:01
-1.890269,-0.667170,2023-01-01T02:06:02
-1.890269,-0.667170,2023-01-01T02:06:03
-1.890269,-0.667170,2023-01-01T02:06:04
-1.890269,-0.667170,2023-01-01T02:06:05
-1.890269,-0.667170,2023-01-01T02:06:06
-1.890269,-0.667170,2023-01-01T02:06:07
-1.890269,-0.667170,2023-01-01T02:06:08
-1.890269,-0.667170,2023-01-01T02:06:09
-1.890269,-0.667170,2023-01-01T02:06:10
-1.890269,-0.667170,2023-01-01T02:06:11
-1.890269,-0.667170,2023-01-01T02:06:12
-1.890269,-0.667170,2023-01-01T02:06:13
-1.890269,-0.667170,2023-01-01T02:06:14
-1.890269,-0.667170,2023-01-01T02:06:15
-1.890269,-0.667170,2023-01-01T02:06:16
-1.890269,-0.667170,2023-01-01T02:06:17
-1.890269,-0.667170,2023-01-01T02:06:18
-1.779077,-0.667170,2023-01-01T02:06:19
-1.890269,-0.667170,2023-01-01T02:06:20
-1.890269,-0.667170,2023-01-01T02:06:21
-1.890269,-0.667170,2023-01-01T02:06:22
-1.890269,-0.667170,2023-01-01T02:06:23
-1.890269,-0.667170,2023-01-01T02:06:24
-1.890269,-0.667170,2023-01-01T02:06:25
-1.890269,-0.667170,2023-01-01T02:06:26
-1.890269,-0.667170,2023-01-01T02:06:27
-1.890269,-0.667170,2023-01-01T02:06:28
-1.890269,-0.667170,2023-01-01T02:06:29
-1.890269,-0.667170,2023-01-01T02:06:30
-1.890269,-0.667170,2023-01-01T02:06:31
-1.890269,-0.667170,2023-01-01T02:06:32
-1.890269,-0.667170,2023-01-01T02:06:33
-1.779077,-0.667170,2023-01-01T02:06:34
-1.779077,-0.667170,2023-01-01T02:06:35
-1.779077,-0.667170,2023-01-01T02:06:36
-1.779077,-0.667170,2023-01-01T02:06:37
-1.779077,-0.667170,2023-01-01T02:06:38
-1.779077,-0.667170,2023-01-01T02:06:39
-1.779077,-0.667170,2023-01-01T02:06:40
-1.779077,-0.667170,2023-01-01T02:06:41
-1.779077,-0.667170,2023-01-01T02:06:42
-1.779077,-0.667170,2023-01-01T02:06:43
-1.779077,-0.667170,2023-01-01T02:06:44
-1.779077,-0.667170,2023-01-01T02:06:45
-1.779077,-0.667170,2023-01-01T02:06:46
-1.779077,-0.667170,2023-01-01T02:06:47
-1.779077,-0.667170,2023-01-01T02:06:48
-1.779077,-0.667170,2023-01-01T02:06:49
-1.779077,-0.778364,2023-01-01T02:06:50
-1.779077,-0.778364,2023-01-01T02:06:51
-1.779077,-0.778364,2023-01-01T02:06:52
-1.779077,-0.778364,2023-01-01T02:06:53
-1.779077,-0.778364,2023-01-01T02:06:54
-1.779077,-0.778364,2023-01-01T02:06:55
-1.779077,-0.778364,2023-01-01T02:06:56
-1.779077,-0.778364,2023-01-01T02:06:57
-1.779077,-0.778364,2023-01-01T02:06:58
-1.779077,-0.778364,2023-01-01T02:06:59
-1.779077,-0.778364,2023-01-01T02:07:00
-1.779077,-0.778364,2023-01-01T02:07:01
-1.779077,-0.778364,2023-01-01T02:07:02
-1.779077,-0.778364,2023-01-01T02:07:03
-1.779077,-0.778364,2023-01-01T02:07:04
-1.779077,-0.778364,2023-01-01T02:07:05
-1.779077,-0.778364,2023-01-01T02:07:06
-1.779077,-0.778364,2023-01-01T02:07:07
-1.779077,-0.778364,2023-01-01T02:07:08
-1.779077,-0.778364,2023-01-01T02:07:09
-1.779077,-0.778364,2023-01-01T02:07:10
-1.779077,-0.778364,2023-01-01T02:07:11
-1.890269,-0.778364,2023-01-01T02:07:12
-1.890269,-0.778364,2023-01-01T02:07:13
-1.890269,-0.778364,2023-01-01T02:07:14
-1.890269,-0.778364,2023-01-01T02:07:15
-1.890269,-0.667170,2023-01-01T02:07:16
-1.890269,-0.667170,2023-01-01T02:07:17
-1.890269,-0.667170,2023-01-01T02:07:18
-1.890269,-0.667170,2023-01-01T02:07:19
-1.890269,-0.667170,2023-01-01T02:07:20
-1.890269,-0.667170,2023-01-01T02:07:21
-1.890269,-0.667170,2023-01-01T02:07:22
-1.890269,-0.667170,2023-01-01T02:07:23
-1.890269,-0.667170,2023-01-01T02:07:24
-1.890269,-0.667170,2023-01-01T02:07:25
-1.890269,-0.667170,2023-01-01T02:07:26
-1.890269,-0.667170,2023-01-01T02:07:27
-2.001461,-0.667170,2023-01-01T02:07:28
-2.001461,-0.667170,2023-01-01T02:07:29
-2.001461,-0.667170,2023-01-01T02:07:30
-2.001461,-0.667170,2023-01-01T02:07:31
-2.001461,-0.667170,2023-01-01T02:07:32
-2.001461,-0.667170,2023-01-01T02:07:33
-2.001461,-0.667170,2023-01-01T02:07:34
-2.001461,-0.667170,2023-01-01T02:07:35
-2.001461,-0.667170,2023-01-01T02:07:36
-2.112653,-0.667170,2023-01-01T02:07:37
-2.112653,-0.667170,2023-01-01T02:07:38
-2.112653,-0.667170,2023-01-01T02:07:39
-2.112653,-0.667170,2023-01-01T02:07:40
-2.112653,-0.667170,2023-01-01T02:07:41
-2.112653,-0.667170,2023-01-01T02:07:42
-2.223846,-0.555975,2023-01-01T02:07:43
-2.223846,-0.555975,2023-01-01T02:07:44
-2.223846,-0.555975,2023-01-01T02:07:45
-2.223846,-0.555975,2023-01-01T02:07:46
-2.223846,-0.555975,2023-01-01T02:07:47
-2.223846,-0.555975,2023-01-01T02:07:48
-2.335038,-0.555975,2023-01-01T02:07:49
-2.335038,-0.555975,2023-01-01T02:07:50
-2.335038,-0.555975,2023-01-01T02:07:51
-2.335038,-0.555975,2023-01-01T02:07:52
-2.335038,-0.555975,2023-01-01T02:07:53
-2.335038,-0.555975,2023-01-01T02:07:54
-2.446230,-0.555975,2023-01-01T02:07:55
-2.446230,-0.444780,2023-01-01T02:07:56
-2.446230,-0.444780,2023-01-01T02:07:57
-2.446230,-0.444780,2023-01-01T02:07:58
-2.446230,-0.444780,2023-01-01T02:07:59
-2.446230,-0.444780,2023-01-01T02:08:00
-2.557423,-0.444780,2023-01-01T02:08:01
-2.557423,-0.444780,2023-01-01T02:08:02
-2.557423,-0.444780,2023-01-01T02:08:03
-2.557423,-0.444780,2023-01-01T02:08:04
-2.557423,-0.444780,2023-01-01T02:08:05
-2.557423,-0.444780,2023-01-01T02:08:06
-2.557423,-0.444780,2023-01-01T02:08:07
-2.557423,-0.444780,2023-01-01T02:08:08
-2.668615,-0.444780,2023-01-01T02:08:09
-2.668615,-0.444780,2023-01-01T02:08:10
-2.668615,-0.444780,2023-01-01T02:08:11
-2.668615,-0.444780,2023-01-01T02:08:12
-2.668615,-0.444780,2023-01-01T02:08:13
-2.668615,-0.444780,2023-01-01T02:08:14
-2.668615,-0.444780,2023-01-01T02:08:15
-2.779807,-0.444780,2023-01-01T02:08:16
-2.779807,-0.444780,2023-01-01T02:08:17
-2.779807,-0.444780,2023-01-01T02:08:18
-2.779807,-0.444780,2023-01-01T02:08:19
-2.779807,-0.444780,2023-01-01T02:08:20
-2.779807,-0.444780,2023-01-01T02:08:21
-2.779807,-0.333585,2023-01-01T02:08:22
-2.890999,-0.333585,2023-01-01T02:08:23
-2.890999,-0.333585,2023-01-01T02:08:24
-2.890999,-0.333585,2023-01-01T02:08:25
-2.890999,-0.333585,2023-01-01T02:08:26
-2.890999,-0.333585,2023-01-01T02:08:27
-2.890999,-0.333585,2023-01-01T02:08:28
-2.890999,-0.333585,2023-01-01T02:08:29
-3.002192,-0.333585,2023-01-01T02:08:30
-3.002192,-0.333585,2023-01-01T02:08:31
-3.002192,-0.333585,2023-01-01T02:08:32
-3.002192,-0.333585,2023-01-01T02:08:33
-3.002192,-0.333585,2023-01-01T02:08:34
-3.002192,-0.333585,2023-01-01T02:08:35
-3.002192,-0.333585,2023-01-01T02:08:36
-3.002192,-0.333585,2023-01-01T02:08:37
-3.002192,-0.333585,2023-01-01T02:08:38
-3.002192,-0.333585,2023-01-01T02:08:39
-3.002192,-0.333585,2023-01-01T02:08:40
-3.002192,-0.333585,2023-01-01T02:08:41
-3.002192,-0.333585,2023-01-01T02:08:42
-3.002192,-0.333585,2023-01-01T02:08:43
-3.113384,-0.333585,2023-01-01T02:08:44
-3.113384,-0.333585,2023-01-01T02:08:45
-3.113384,-0.333585,2023-01-01T02:08:46
-3.113384,-0.333585,2023-01-01T02:08:47
-3.113384,-0.333585,2023-01-01T02:08:48
-3.113384,-0.333585,2023-01-01T02:08:49
-3.113384,-0.333585,2023-01-01T02:08:50
-3.113384,-0.333585,2023-01-01T02:08:51
-3.113384,-0.333585,2023-01-01T02:08:52
-3.113384,-0.333585,2023-01-01T02:08:53
-3.113384,-0.333585,2023-01-01T02:08:54
-3.113384,-0.333585,2023-01-01T02:08:55
-3.113384,-0.333585,2023-01-01T02:08:56
-3.113384,-0.333585,2023-01-01T02:08:57
-3.224576,-0.333585,2023-01-01T02:08:58
-3.224576,-0.333585,2023-01-01T02:08:59
-3.224576,-0.333585,2023-01-01T02:09:00
-3.224576,-0.333585,2023-01-01T02:09:01
-3.224576,-0.333585,2023-01-01T02:09:02
-3.224576,-0.333585,2023-01-01T02:09:03
-3.224576,-0.333585,2023-01-01T02:09:04
-3.224576,-0.333585,2023-01-01T02:09:05
-3.224576,-0.333585,2023-01-01T02:09:06
-3.224576,-0.333585,2023-01-01T02:09:07
-3.224576,-0.333585,2023-01-01T02:09:08
-3.224576,-0.333585,2023-01-01T02:09:09
-3.224576,-0.333585,2023-01-01T02:09:10
-3.224576,-0.333585,2023-01-01T02:09:11
-3.224576,-0.333585,2023-01-01T02:09:12
-3.224576,-0.333585,2023-01-01T02:09:13
-3.224576,-0.333585,2023-01-01T02:09:14
-3.224576,-0.222390,2023-01-01T02:09:15
-3.224576,-0.222390,2023-01-01T02:09:16
-3.224576,-0.222390,2023-01-01T02:09:17
-3.224576,-0.222390,2023-01-01T02:09:18
-3.224576,-0.222390,2023-01-01T02:09:19
-3.224576,-0.222390,2023-01-01T02:09:20
-3.224576,-0.222390,2023-01-01T02:09:21
-3.224576,-0.222390,2023-01-01T02:09:22
-3.224576,-0.222390,2023-01-01T02:09:23
-3.224576,-0.222390,2023-01-01T02:09:24
-3.224576,-0.222390,2023-01-01T02:09:25
-3.224576,-0.222390,2023-01-01T02:09:26
-3.224576,-0.222390,2023-01-01T02:09:27
-3.224576,-0.222390,2023-01-01T02:09:28
-3.224576,-0.222390,2023-01-01T02:09:29
-3.224576,-0.222390,2023-01-01T02:09:30
-3.224576,-0.222390,2023-01-01T02:09:31
-3.224576,-0.222390,2023-01-01T02:09:32
-3.224576,-0.222390,2023-01-01T02:09:33
-3.224576,-0.222390,2023-01-01T02:09:34
-3.224576,-0.222390,2023-01-01T02:09:35
-3.224576,-0.222390,2023-01-01T02:09:36
-3.224576,-0.222390,2023-01-01T02:09:37
-3.224576,-0.222390,2023-01-01T02:09:38
-3.224576,-0.222390,2023-01-01T02:09:39
-3.224576,-0.222390,2023-01-01T02:09:40
-3.224576,-0.222390,2023-01-01T02:09:41
-3.224576,-0.222390,2023-01-01T02:09:42
-3.224576,-0.222390,2023-01-01T02:09:43
-3.224576,-0.222390,2023-01-01T02:09:44
-3.224576,-0.222390,2023-01-01T02:09:45
-3.224576,-0.222390,2023-01-01T02:09:46
-3.224576,-0.222390,2023-01-01T02:09:47
-3.224576,-0.222390,2023-01-01T02:09:48
-3.224576,-0.222390,2023-01-01T02:09:49
-3.224576,-0.222390,2023-01-01T02:09:50
-3.224576,-0.222390,2023-01-01T02:09:51
-3.224576,-0.222390,2023-01-01T02:09:52
-3.224576,-0.222390,2023-01-01T02:09:53
-3.224576,-0.222390,2023-01-01T02:09:54
-3.224576,-0.222390,2023-01-01T02:09:55
-3.224576,-0.222390,2023-01-01T02:09:56
-3.224576,-0.222390,2023-01-01T02:09:57
-3.224576,-0.111195,2023-01-01T02:09:58
-3.224576,-0.111195,2023-01-01T02:09:59
-3.224576,-0.111195,2023-01-01T02:10:00
-3.224576,-0.111195,2023-01-01T02:10:01
-3.224576,-0.111195,2023-01-01T02:10:02
-3.224576,-0.111195,2023-01-01T02:10:03
-3.224576,-0.111195,2023-01-01T02:10:04
-3.224576,-0.111195,2023-01-01T02:10:05
-3.224576,-0.111195,2023-01-01T02:10:06
-3.224576,-0.111195,2023-01-01T02:10:07
-3.224576,-0.111195,2023-01-01T02:10:08
-3.224576,-0.111195,2023-01-01T02:10:09
-3.224576,-0.111195,2023-01-01T02:10:10
-3.224576,-0.111195,2023-01-01T02:10:11
-3.224576,-0.111195,2023-01-01T02:10:12
-3.224576,-0.111195,2023-01-01T02:10:13
-3.224576,-0.111195,2023-01-01T02:10:14
-3.224576,-0.111195,2023-01-01T02:10:15
-3.224576,-0.111195,2023-01-01T02:10:16
-3.224576,-0.111195,2023-01-01T02:10:17
-3.224576,-0.111195,2023-01-01T02:10:18
-3.224576,-0.111195,2023-01-01T02:10:19
-3.224576,-0.111195,2023-01-01T02:10:20
-3.224576,-0.111195,2023-01-01T02:10:21
-3.224576,-0.111195,2023-01-01T02:10:22
-3.224576,-0.111195,2023-01-01T02:10:23
-3.224576,-0.111195,2023-01-01T02:10:24
-3.224576,-0.222390,2023-01-01T02:10:25
-3.224576,-0.222390,2023-01-01T02:10:26
-3.224576,-0.222390,2023-01-01T02:10:27
-3.224576,-0.222390,2023-01-01T02:10:28
-3.224576,-0.222390,2023-01-01T02:10:29
-3.224576,-0.222390,2023-01-01T02:10:30
-3.224576,-0.222390,2023-01-01T02:10:31
-3.224576,-0.222390,2023-01-01T02:10:32
-3.113384,-0.222390,2023-01-01T02:10:33
-3.113384,-0.222390,2023-01-01T02:10:34
-3.113384,-0.222390,2023-01-01T02:10:35
-3.113384,-0.222390,2023-01-01T02:10:36
-3.113384,-0.222390,2023-01-01T02:10:37
-3.113384,-0.222390,2023-01-01T02:10:38
-3.113384,-0.222390,2023-01-01T02:10:39
-3.113384,-0.222390,2023-01-01T02:10:40
-3.113384,-0.222390,2023-01-01T02:10:41
-3.113384,-0.222390,2023-01-01T02:10:42
-3.113384,-0.222390,2023-01-01T02:10:43
-3.113384,-0.222390,2023-01-01T02:10:44
-3.113384,-0.222390,2023-01-01T02:10:45
-3.113384,-0.222390,2023-01-01T02:10:46
-3.113384,-0.222390,2023-01-01T02:10:47
-3.113384,-0.222390,2023-01-01T02:10:48
-3.113384,-0.222390,2023-01-01T02:10:49
-3.113384,-0.222390,2023-01-01T02:10:50
-3.113384,-0.222390,2023-01-01T02:10:51
-3.002192,-0.222390,2023-01-01T02:10:52
-3.002192,-0.222390,2023-01-01T02:10:53
-3.002192,-0.222390,2023-01-01T02:10:54
-3.002192,-0.222390,2023-01-01T02:10:55
-3.002192,-0.222390,2023-01-01T02:10:56
-3.002192,-0.333585,2023-01-01T02:10:57
-3.002192,-0.333585,2023-01-01T02:10:58
-3.002192,-0.333585,2023-01-01T02:10:59
-3.002192,-0.333585,2023-01-01T02:11:00
-3.002192,-0.333585,2023-01-01T02:11:01
-3.002192,-0.333585,2023-01-01T02:11:02
-3.002192,-0.333585,2023-01-01T02:11:03
-3.002192,-0.333585,2023-01-01T02:11:04
-3.002192,-0.333585,2023-01-01T02:11:05
-3.002192,-0.333585,2023-01-01T02:11:06
-3.002192,-0.333585,2023-01-01T02:11:07
-3.002192,-0.333585,2023-01-01T02:11:08
-3.002192,-0.333585,2023-01-01T02:11:09
-3.002192,-0.333585,2023-01-01T02:11:10
-3.002192,-0.333585,2023-01-01T02:11:11
-3.002192,-0.333585,2023-01-01T02:11:12
-3.002192,-0.333585,2023-01-01T02:11:13
-3.002192,-0.333585,2023-01-01T02:11:14
-2.890999,-0.333585,2023-01-01T02:11:15
-2.890999,-0.333585,2023-01-01T02:11:16
-2.890999,-0.333585,2023-01-01T02:11:17
-2.890999,-0.333585,2023-01-01T02:11:18
-2.890999,-0.333585,2023-01-01T02:11:19
-2.890999,-0.333585,2023-01-01T02:11:20
-2.890999,-0.333585,2023-01-01T02:11:21
-2.890999,-0.333585,2023-01-01T02:11:22
-2.890999,-0.333585,2023-01-01T02:11:23
-2.890999,-0.333585,2023-01-01T02:11:24
-2.890999,-0.333585,2023-01-01T02:11:25
-2.890999,-0.333585,2023-01-01T02:11:26
-2.890999,-0.333585,2023-01-01T02:11:27
-2.890999,-0.333585,2023-01-01T02:11:28
-2.890999,-0.333585,2023-01-01T02:11:29
-2.890999,-0.444780,2023-01-01T02:11:30
-2.890999,-0.444780,2023-01-01T02:11:31
-3.002192,-0.444780,2023-01-01T02:11:32
-3.002192,-0.444780,2023-01-01T02:11:33
-3.002192,-0.444780,2023-01-01T02:11:34
-3.002192,-0.555975,2023-01-01T02:11:35
-3.002192,-0.555975,2023-01-01T02:11:36
-3.113384,-0.555975,2023-01-01T02:11:37
-3.113384,-0.555975,2023-01-01T02:11:38
-3.113384,-0.555975,2023-01-01T02:11:39
-3.113384,-0.667170,2023-01-01T02:11:40
-3.113384,-0.667170,2023-01-01T02:11:41
-3.113384,-0.667170,2023-01-01T02:11:42
-3.113384,-0.667170,2023-01-01T02:11:43
-3.224576,-0.667170,2023-01-01T02:11:44
-3.224576,-0.778364,2023-01-01T02:11:45
-3.224576,-0.778364,2023-01-01T02:11:46
-3.224576,-0.778364,2023-01-01T02:11:47
-3.224576,-0.778364,2023-01-01T02:11:48
-3.224576,-0.889559,2023-01-01T02:11:49
-3.224576,-0.889559,2023-01-01T02:11:50
-3.335769,-0.889559,2023-01-01T02:11:51
-3.335769,-0.889559,2023-01-01T02:11:52
-3.335769,-0.889559,2023-01-01T02:11:53
-3.335769,-1.000754,2023-01-01T02:11:54
-3.335769,-1.000754,2023-01-01T02:11:55
-3.335769,-1.000754,2023-01-01T02:11:56
-3.335769,-1.000754,2023-01-01T02:11:57
-3.335769,-1.000754,2023-01-01T02:11:58
-3.335769,-1.111949,2023-01-01T02:11:59
-3.446961,-1.111949,2023-01-01T02:12:00
-3.446961,-1.111949,2023-01-01T02:12:01
-3.446961,-1.111949,2023-01-01T02:12:02
-3.446961,-1.111949,2023-01-01T02:12:03
-3.446961,-1.111949,2023-01-01T02:12:04
-3.446961,-1.223144,2023-01-01T02:12:05
-3.446961,-1.223144,2023-01-01T02:12:06
-3.446961,-1.223144,2023-01-01T02:12:07
-3.446961,-1.223144,2023-01-01T02:12:08
-3.446961,-1.223144,2023-01-01T02:12:09
-3.446961,-1.223144,2023-01-01T02:12:10
-3.446961,-1.334339,2023-01-01T02:12:11
-3.446961,-1.334339,2023-01-01T02:12:12
-3.446961,-1.334339,2023-01-01T02:12:13
-3.558153,-1.334339,2023-01-01T02:12:14
-3.558153,-1.334339,2023-01-01T02:12:15
-3.558153,-1.334339,2023-01-01T02:12:16
-3.558153,-1.334339,2023-01-01T02:12:17
-3.558153,-1.445534,2023-01-01T02:12:18
-3.558153,-1.445534,2023-01-01T02:12:19
-3.558153,-1.445534,2023-01-01T02:12:20
-3.558153,-1.445534,2023-01-01T02:12:21
-3.558153,-1.445534,2023-01-01T02:12:22
-3.558153,-1.445534,2023-01-01T02:12:23
-3.558153,-1.556729,2023-01-01T02:12:24
-3.558153,-1.556729,2023-01-01T02:12:25
-3.558153,-1.556729,2023-01-01T02:12:26
-3.558153,-1.556729,2023-01-01T02:12:27
-3.558153,-1.556729,2023-01-01T02:12:28
-3.558153,-1.556729,2023-01-01T02:12:29
-3.558153,-1.667924,2023-01-01T02:12:30
-3.558153,-1.667924,2023-01-01T02:12:31
-3.558153,-1.667924,2023-01-01T02:12:32
-3.558153,-1.667924,2023-01-01T02:12:33
-3.669345,-1.667924,2023-01-01T02:12:34
-3.669345,-1.667924,2023-01-01T02:12:35
-3.669345,-1.667924,2023-01-01T02:12:36
-3.669345,-1.667924,2023-01-01T02:12:37
-3.669345,-1.667924,2023-01-01T02:12:38
-3.669345,-1.667924,2023-01-01T02:12:39
-3.669345,-1.667924,2023-01-01T02:12:40
-3.669345,-1.667924,2023-01-01T02:12:41
-3.669345,-1.667924,2023-01-01T02:12:42
-3.669345,-1.667924,2023-01-01T02:12:43
-3.669345,-1.667924,2023-01-01T02:12:44
-3.669345,-1.667924,2023-01-01T02:12:45
-3.669345,-1.779119,2023-01-01T02:12:46
-3.669345,-1.779119,2023-01-01T02:12:47
-3.669345,-1.779119,2023-01-01T02:12:48
-3.669345,-1.779119,2023-01-01T02:12:49
-3.669345,-1.779119,2023-01-01T02:12:50
-3.669345,-1.779119,2023-01-01T02:12:51
-3.780538,-1.779119,2023-01-01T02:12:52
-3.780538,-1.779119,2023-01-01T02:12:53
-3.780538,-1.779119,2023-01-01T02:12:54
-3.780538,-1.779119,2023-01-01T02:12:55
-3.780538,-1.779119,2023-01-01T02:12:56
-3.780538,-1.779119,2023-01-01T02:12:57
-3.780538,-1.779119,2023-01-01T02:12:58
-3.780538,-1.779119,2023-01-01T02:12:59
-3.780538,-1.779119,2023-01-01T02:13:00
-3.780538,-1.779119,2023-01-01T02:13:01
-3.780538,-1.779119,2023-01-01T02:13:02
-3.780538,-1.779119,2023-01-01T02:13:03
-3.780538,-1.779119,2023-01-01T02:13:04
-3.780538,-1.779119,2023-01-01T02:13:05
-3.780538,-1.779119,2023-01-01T02:13:06
-3.780538,-1.667924,2023-01-01T02:13:07
-3.780538,-1.667924,2023-01-01T02:13:08
-3.780538,-1.667924,2023-01-01T02:13:09
-3.780538,-1.667924,2023-01-01T02:13:10
-3.780538,-1.667924,2023-01-01T02:13:11
-3.891730,-1.667924,2023-01-01T02:13:12
-3.891730,-1.667924,2023-01-01T02:13:13
-3.891730,-1.667924,2023-01-01T02:13:14
-3.891730,-1.667924,2023-01-01T02:13:15
-3.891730,-1.667924,2023-01-01T02:13:16
-3.891730,-1.667924,2023-01-01T02:13:17
-3.891730,-1.667924,2023-01-01T02:13:18
-3.891730,-1.667924,2023-01-01T02:13:19
-3.891730,-1.667924,2023-01-01T02:13:20
-3.891730,-1.667924,2023-01-01T02:13:21
-3.891730,-1.667924,2023-01-01T02:13:22
-3.891730,-1.667924,2023-01-01T02:13:23
-3.891730,-1.667924,2023-01-01T02:13:24
-3.891730,-1.667924,2023-01-01T02:13:25
-3.891730,-1.667924,2023-01-01T02:13:26
-3.891730,-1.667924,2023-01-01T02:13:27
-3.891730,-1.667924,2023-01-01T02:13:28
-3.891730,-1.667924,2023-01-01T02:13:29
-3.891730,-1.667924,2023-01-01T02:13:30
-3.891730,-1.667924,2023-01-01T02:13:31
-3.891730,-1.667924,2023-01-01T02:13:32
-3.891730,-1.667924,2023-01-01T02:13:33
-3.891730,-1.667924,2023-01-01T02:13:34
-3.891730,-1.667924,2023-01-01T02:13:35
-3.891730,-1.667924,2023-01-01T02:13:36
-3.891730,-1.667924,2023-01-01T02:13:37
-3.891730,-1.667924,2023-01-01T02:13:38
-3.891730,-1.667924,2023-01-01T02:13:39
-3.891730,-1.667924,2023-01-01T02:13:40
-3.891730,-1.667924,2023-01-01T02:13:41
-3.891730,-1.667924,2023-01-01T02:13:42
-3.891730,-1.667924,2023-01-01T02:13:43
-3.891730,-1.667924,2023-01-01T02:13:44
-3.891730,-1.667924,2023-01-01T02:13:45
-3.891730,-1.667924,2023-01-01T02:13:46
-3.891730,-1.667924,2023-01-01T02:13:47
-3.891730,-1.667924,2023-01-01T02:13:48
-3.891730,-1.667924,2023-01-01T02:13:49
-3.891730,-1.667924,2023-01-01T02:13:50
-3.891730,-1.667924,2023-01-01T02:13:51
-3.891730,-1.667924,2023-01-01T02:13:52
-3.891730,-1.667924,2023-01-01T02:13:53
-3.891730,-1.667924,2023-01-01T02:13:54
-3.891730,-1.667924,2023-01-01T02:13:55
-3.891730,-1.667924,2023-01-01T02:13:56
-3.891730,-1.667924,2023-01-01T02:13:57
-3.891730,-1.667924,2023-01-01T02:13:58
-3.891730,-1.667924,2023-01-01T02:13:59
-3.891730,-1.667924,2023-01-01T02:14:00
-3.891730,-1.556729,2023-01-01T02:14:01
-3.891730,-1.556729,2023-01-01T02:14:02
-3.891730,-1.556729,2023-01-01T02:14:03
-3.891730,-1.556729,2023-01-01T02:14:04
-3.891730,-1.556729,2023-01-01T02:14:05
-3.891730,-1.556729,2023-01-01T02:14:06
-3.891730,-1.556729,2023-01-01T02:14:07
-3.891730,-1.556729,2023-01-01T02:14:08
-3.891730,-1.556729,2023-01-01T02:14:09
-4.002922,-1.556729,2023-01-01T02:14:10
-4.002922,-1.556729,2023-01-01T02:14:11
-4.002922,-1.556729,2023-01-01T02:14:12
-4.002922,-1.556729,2023-01-01T02:14:13
-4.002922,-1.556729,2023-01-01T02:14:14
-4.002922,-1.556729,2023-01-01T02:14:15
-4.002922,-1.556729,2023-01-01T02:14:16
-4.002922,-1.556729,2023-01-01T02:14:17
-4.002922,-1.556729,2023-01-01T02:14:18
-4.002922,-1.556729,2023-01-01T02:14:19
-4.002922,-1.556729,2023-01-01T02:14:20
-4.002922,-1.556729,2023-01-01T02:14:21
-4.002922,-1.556729,2023-01-01T02:14:22
-4.002922,-1.445534,2023-01-01T02:14:23
-4.002922,-1.445534,2023-01-01T02:14:24
-4.002922,-1.445534,2023-01-01T02:14:25
-4.002922,-1.445534,2023-01-01T02:14:26
-4.002922,-1.445534,2023-01-01T02:14:27
-4.002922,-1.445534,2023-01-01T02:14:28
-4.002922,-1.445534,2023-01-01T02:14:29
-4.002922,-1.445534,2023-01-01T02:14:30
-4.002922,-1.445534,2023-01-01T02:14:31
-4.002922,-1.445534,2023-01-01T02:14:32
-4.002922,-1.556729,2023-01-01T02:14:33
-4.002922,-1.556729,2023-01-01T02:14:34
-4.002922,-1.556729,2023-01-01T02:14:35
-4.002922,-1.556729,2023-01-01T02:14:36
-4.002922,-1.556729,2023-01-01T02:14:37
-4.002922,-1.556729,2023-01-01T02:14:38
-4.002922,-1.556729,2023-01-01T02:14:39
-4.002922,-1.556729,2023-01-01T02:14:40
-4.002922,-1.556729,2023-01-01T02:14:41
-4.002922,-1.556729,2023-01-01T02:14:42
-4.002922,-1.556729,2023-01-01T02:14:43
-4.002922,-1.556729,2023-01-01T02:14:44
-4.002922,-1.556729,2023-01-01T02:14:45
-4.002922,-1.556729,2023-01-01T02:14:46
-4.002922,-1.556729,2023-01-01T02:14:47
-4.002922,-1.556729,2023-01-01T02:14:48
-4.002922,-1.556729,2023-01-01T02:14:49
-4.002922,-1.556729,2023-01-01T02:14:50
-4.002922,-1.556729,2023-01-01T02:14:51
-4.002922,-1.556729,2023-01-01T02:14:52
-4.002922,-1.556729,2023-01-01T02:14:53
-4.002922,-1.556729,2023-01-01T02:14:54
-4.002922,-1.556729,2023-01-01T02:14:55
-4.002922,-1.556729,2023-01-01T02:14:56
-4.002922,-1.556729,2023-01-01T02:14:57
-4.002922,-1.556729,2023-01-01T02:14:58
-4.002922,-1.556729,2023-01-01T02:14:59
-4.002922,-1.556729,2023-01-01T02:15:00
-4.002922,-1.556729,2023-01-01T02:15:01
-4.002922,-1.667924,2023-01-01T02:15:02
-4.002922,-1.667924,2023-01-01T02:15:03
-4.002922,-1.667924,2023-01-01T02:15:04
-4.114115,-1.667924,2023-01-01T02:15:05
-4.114115,-1.667924,2023-01-01T02:15:06
-4.114115,-1.556729,2023-01-01T02:15:07
-4.114115,-1.556729,2023-01-01T02:15:08
-4.114115,-1.556729,2023-01-01T02:15:09
-4.114115,-1.556729,2023-01-01T02:15:10
-4.114115,-1.556729,2023-01-01T02:15:11
-4.114115,-1.556729,2023-01-01T02:15:12
-4.114115,-1.556729,2023-01-01T02:15:13
-4.114115,-1.556729,2023-01-01T02:15:14
-4.114115,-1.556729,2023-01-01T02:15:15
-4.114115,-1.556729,2023-01-01T02:15:16
-4.114115,-1.556729,2023-01-01T02:15:17
-4.114115,-1.556729,2023-01-01T02:15:18
-4.114115,-1.556729,2023-01-01T02:15:19
-4.114115,-1.556729,2023-01-01T02:15:20
-4.114115,-1.556729,2023-01-01T02:15:21
-4.114115,-1.556729,2023-01-01T02:15:22
-4.114115,-1.556729,2023-01-01T02:15:23
-4.114115,-1.556729,2023-01-01T02:15:24
-4.114115,-1.556729,2023-01-01T02:15:25
-4.114115,-1.556729,2023-01-01T02:15:26
-4.114115,-1.556729,2023-01-01T02:15:27
-4.114115,-1.556729,2023-01-01T02:15:28
-4.114115,-1.556729,2023-01-01T02:15:29
-4.114115,-1.556729,2023-01-01T02:15:30
-4.114115,-1.556729,2023-01-01T02:15:31
-4.114115,-1.556729,2023-01-01T02:15:32
-4.114115,-1.556729,2023-01-01T02:15:33
-4.114115,-1.556729,2023-01-01T02:15:34
-4.114115,-1.556729,2023-01-01T02:15:35
-4.114115,-1.556729,2023-01-01T02:15:36
-4.114115,-1.556729,2023-01-01T02:15:37
-4.114115,-1.556729,2023-01-01T02:15:38
-4.114115,-1.556729,2023-01-01T02:15:39
-4.114115,-1.556729,2023-01-01T02:15:40
-4.114115,-1.556729,2023-01-01T02:15:41
-4.114115,-1.556729,2023-01-01T02:15:42
-4.114115,-1.556729,2023-01-01T02:15:43
-4.114115,-1.556729,2023-01-01T02:15:44
-4.114115,-1.556729,2023-01-01T02:15:45
-4.114115,-1.556729,2023-01-01T02:15:46
-4.114115,-1.556729,2023-01-01T02:15:47
-4.114115,-1.556729,2023-01-01T02:15:48
-4.114115,-1.556729,2023-01-01T02:15:49
-4.114115,-1.556729,2023-01-01T02:15:50
-4.114115,-1.556729,2023-01-01T02:15:51
-4.114115,-1.556729,2023-01-01T02:15:52
-4.114115,-1.556729,2023-01-01T02:15:53
-4.114115,-1.556729,2023-01-01T02:15:54
-4.114115,-1.556729,2023-01-01T02:15:55
-4.114115,-1.556729,2023-01-01T02:15:56
-4.114115,-1.556729,2023-01-01T02:15:57
-4.114115,-1.556729,2023-01-01T02:15:58
-4.114115,-1.556729,2023-01-01T02:15:59
-4.114115,-1.556729,2023-01-01T02:16:00
-4.114115,-1.556729,2023-01-01T02:16:01
-4.114115,-1.556729,2023-01-01T02:16:02
-4.114115,-1.556729,2023-01-01T02:16:03
-4.114115,-1.556729,2023-01-01T02:16:04
-4.114115,-1.556729,2023-01-01T02:16:05
-4.114115,-1.556729,2023-01-01T02:16:06
-4.114115,-1.556729,2023-01-01T02:16:07
-4.114115,-1.556729,2023-01-01T02:16:08
-4.114115,-1.556729,2023-01-01T02:16:09
-4.114115,-1.556729,2023-01-01T02:16:10
-4.114115,-1.556729,2023-01-01T02:16:11
-4.114115,-1.556729,2023-01-01T02:16:12
-4.114115,-1.556729,2023-01-01T02:16:13
-4.114115,-1.556729,2023-01-01T02:16:14
-4.114115,-1.556729,2023-01-01T02:16:15
-4.114115,-1.556729,2023-01-01T02:16:16
-4.114115,-1.556729,2023-01-01T02:16:17
-4.114115,-1.556729,2023-01-01T02:16:18
-4.114115,-1.556729,2023-01-01T02:16:19
-4.114115,-1.556729,2023-01-01T02:16:20
-4.114115,-1.556729,2023-01-01T02:16:21
-4.114115,-1.556729,2023-01-01T02:16:22
-4.114115,-1.556729,2023-01-01T02:16:23
-4.114115,-1.556729,2023-01-01T02:16:24
-4.114115,-1.556729,2023-01-01T02:16:25
-4.114115,-1.556729,2023-01-01T02:16:26
-4.114115,-1.556729,2023-01-01T02:16:27
-4.114115,-1.556729,2023-01-01T02:16:28
-4.114115,-1.556729,2023-01-01T02:16:29
-4.114115,-1.556729,2023-01-01T02:16:30
-4.114115,-1.556729,2023-01-01T02:16:31
-4.114115,-1.556729,2023-01-01T02:16:32
-4.114115,-1.556729,2023-01-01T02:16:33
-4.114115,-1.556729,2023-01-01T02:16:34
-4.114115,-1.556729,2023-01-01T02:16:35
-4.114115,-1.556729,2023-01-01T02:16:36
-4.114115,-1.556729,2023-01-01T02:16:37
-4.114115,-1.556729,2023-01-01T02:16:38
-4.114115,-1.556729,2023-01-01T02:16:39
-4.114115,-1.556729,2023-01-01T02:16:40
-4.114115,-1.556729,2023-01-01T02:16:41
-4.114115,-1.556729,2023-01-01T02:16:42
-4.114115,-1.556729,2023-01-01T02:16:43
-4.114115,-1.556729,2023-01-01T02:16:44
-4.114115,-1.556729,2023-01-01T02:16:45
-4.114115,-1.556729,2023-01-01T02:16:46
-4.114115,-1.556729,2023-01-01T02:16:47
-4.114115,-1.556729,2023-01-01T02:16:48
-4.114115,-1.556729,2023-01-01T02:16:49
-4.114115,-1.556729,2023-01-01T02:16:50
-4.114115,-1.556729,2023-01-01T02:16:51
-4.114115,-1.556729,2023-01-01T02:16:52
-4.114115,-1.556729,2023-01-01T02:16:53
-4.114115,-1.556729,2023-01-01T02:16:54
-4.114115,-1.556729,2023-01-01T02:16:55
-4.114115,-1.556729,2023-01-01T02:16:56
-4.114115,-1.556729,2023-01-01T02:16:57
-4.114115,-1.556729,2023-01-01T02:16:58
-4.114115,-1.556729,2023-01-01T02:16:59
-4.114115,-1.556729,2023-01-01T02:17:00
-4.114115,-1.556729,2023-01-01T02:17:01
-4.114115,-1.556729,2023-01-01T02:17:02
-4.114115,-1.556729,2023-01-01T02:17:03
-4.114115,-1.556729,2023-01-01T02:17:04
-4.114115,-1.556729,2023-01-01T02:17:05
-4.114115,-1.556729,2023-01-01T02:17:06
-4.114115,-1.556729,2023-01-01T02:17:07
-4.114115,-1.556729,2023-01-01T02:17:08
-4.114115,-1.556729,2023-01-01T02:17:09
-4.114115,-1.445534,2023-01-01T02:17:10
-4.114115,-1.445534,2023-01-01T02:17:11
-4.114115,-1.445534,2023-01-01T02:17:12
-4.114115,-1.445534,2023-01-01T02:17:13
-4.114115,-1.445534,2023-01-01T02:17:14
-4.114115,-1.445534,2023-01-01T02:17:15
-4.114115,-1.445534,2023-01-01T02:17:16
-4.114115,-1.445534,2023-01-01T02:17:17
-4.114115,-1.445534,2023-01-01T02:17:18
-4.114115,-1.556729,2023-01-01T02:17:19
-4.114115,-1.556729,2023-01-01T02:17:20
-4.114115,-1.556729,2023-01-01T02:17:21
-4.114115,-1.556729,2023-01-01T02:17:22
-4.114115,-1.556729,2023-01-01T02:17:23
-4.114115,-1.556729,2023-01-01T02:17:24
-4.114115,-1.556729,2023-01-01T02:17:25
-4.114115,-1.556729,2023-01-01T02:17:26
-4.002922,-1.556729,2023-01-01T02:17:27
-4.002922,-1.556729,2023-01-01T02:17:28
-4.002922,-1.556729,2023-01-01T02:17:29
-4.002922,-1.556729,2023-01-01T02:17:30
-4.002922,-1.556729,2023-01-01T02:17:31
-4.002922,-1.556729,2023-01-01T02:17:32
-4.002922,-1.556729,2023-01-01T02:17:33
-4.002922,-1.556729,2023-01-01T02:17:34
-4.002922,-1.556729,2023-01-01T02:17:35
-4.002922,-1.556729,2023-01-01T02:17:36
-4.002922,-1.556729,2023-01-01T02:17:37
-4.002922,-1.556729,2023-01-01T02:17:38
-4.002922,-1.556729,2023-01-01T02:17:39
-4.002922,-1.556729,2023-01-01T02:17:40
-4.002922,-1.556729,2023-01-01T02:17:41
-4.002922,-1.556729,2023-01-01T02:17:42
-4.002922,-1.556729,2023-01-01T02:17:43
-4.002922,-1.556729,2023-01-01T02:17:44
-4.002922,-1.556729,2023-01-01T02:17:45
-4.002922,-1.556729,2023-01-01T02:17:46
-4.002922,-1.556729,2023-01-01T02:17:47
-4.002922,-1.556729,2023-01-01T02:17:48
-4.002922,-1.556729,2023-01-01T02:17:49
-4.002922,-1.556729,2023-01-01T02:17:50
-4.002922,-1.556729,2023-01-01T02:17:51
-4.002922,-1.556729,2023-01-01T02:17:52
-4.002922,-1.556729,2023-01-01T02:17:53
-4.002922,-1.556729,2023-01-01T02:17:54
-4.002922,-1.556729,2023-01-01T02:17:55
-4.002922,-1.556729,2023-01-01T02:17:56
-4.002922,-1.556729,2023-01-01T02:17:57
-4.002922,-1.556729,2023-01-01T02:17:58
-4.002922,-1.556729,2023-01-01T02:17:59
-4.002922,-1.556729,2023-01-01T02:18:00
-4.002922,-1.556729,2023-01-01T02:18:01
-4.002922,-1.556729,2023-01-01T02:18:02
-4.002922,-1.556729,2023-01-01T02:18:03
-4.002922,-1.556729,2023-01-01T02:18:04
-4.002922,-1.556729,2023-01-01T02:18:05
-4.002922,-1.556729,2023-01-01T02:18:06
-4.002922,-1.556729,2023-01-01T02:18:07
-4.002922,-1.556729,2023-01-01T02:18:08
-4.002922,-1.556729,2023-01-01T02:18:09
-4.002922,-1.556729,2023-01-01T02:18:10
-4.002922,-1.556729,2023-01-01T02:18:11
-4.002922,-1.556729,2023-01-01T02:18:12
-4.002922,-1.556729,2023-01-01T02:18:13
-4.002922,-1.556729,2023-01-01T02:18:14
-4.002922,-1.556729,2023-01-01T02:18:15
-4.002922,-1.556729,2023-01-01T02:18:16
-4.002922,-1.556729,2023-01-01T02:18:17
-4.002922,-1.556729,2023-01-01T02:18:18
-4.002922,-1.556729,2023-01-01T02:18:19
-4.002922,-1.556729,2023-01-01T02:18:20
-4.002922,-1.556729,2023-01-01T02:18:21
-4.002922,-1.556729,2023-01-01T02:18:22
-4.002922,-1.556729,2023-01-01T02:18:23
-4.002922,-1.556729,2023-01-01T02:18:24
-4.002922,-1.556729,2023-01-01T02:18:25
-4.002922,-1.556729,2023-01-01T02:18:26
-4.002922,-1.556729,2023-01-01T02:18:27
-4.002922,-1.556729,2023-01-01T02:18:28
-4.002922,-1.556729,2023-01-01T02:18:29
-4.002922,-1.556729,2023-01-01T02:18:30
-4.002922,-1.556729,2023-01-01T02:18:31
-4.002922,-1.556729,2023-01-01T02:18:32
-4.002922,-1.556729,2023-01-01T02:18:33
-4.002922,-1.556729,2023-01-01T02:18:34
-4.002922,-1.556729,2023-01-01T02:18:35
-4.002922,-1.556729,2023-01-01T02:18:36
-4.002922,-1.556729,2023-01-01T02:18:37
-4.002922,-1.556729,2023-01-01T02:18:38
-4.002922,-1.556729,2023-01-01T02:18:39
-4.002922,-1.556729,2023-01-01T02:18:40
-4.002922,-1.556729,2023-01-01T02:18:41
-4.002922,-1.556729,2023-01-01T02:18:42
-4.002922,-1.556729,2023-01-01T02:18:43
-4.002922,-1.556729,2023-01-01T02:18:44
-4.002922,-1.556729,2023-01-01T02:18:45
-4.002922,-1.556729,2023-01-01T02:18:46
-4.002922,-1.556729,2023-01-01T02:18:47
-4.002922,-1.556729,2023-01-01T02:18:48
-4.002922,-1.556729,2023-01-01T02:18:49
-4.002922,-1.556729,2023-01-01T02:18:50
-4.002922,-1.556729,2023-01-01T02:18:51
-4.002922,-1.556729,2023-01-01T02:18:52
-4.002922,-1.556729,2023-01-01T02:18:53
-4.002922,-1.556729,2023-01-01T02:18:54
-4.002922,-1.556729,2023-01-01T02:18:55
-4.002922,-1.556729,2023-01-01T02:18:56
-4.002922,-1.556729,2023-01-01T02:18:57
-4.002922,-1.556729,2023-01-01T02:18:58
-4.002922,-1.556729,2023-01-01T02:18:59
-4.002922,-1.556729,2023-01-01T02:19:00
-4.114115,-1.556729,2023-01-01T02:19:01
-4.114115,-1.556729,2023-01-01T02:19:02
-4.114115,-1.556729,2023-01-01T02:19:03
-4.114115,-1.556729,2023-01-01T02:19:04
-4.114115,-1.556729,2023-01-01T02:19:05
-4.114115,-1.556729,2023-01-01T02:19:06
-4.114115,-1.556729,2023-01-01T02:19:07
-4.114115,-1.556729,2023-01-01T02:19:08
-4.114115,-1.556729,2023-01-01T02:19:09
-4.114115,-1.556729,2023-01-01T02:19:10
-4.114115,-1.556729,2023-01-01T02:19:11
-4.114115,-1.556729,2023-01-01T02:19:12
-4.114115,-1.556729,2023-01-01T02:19:13
-4.114115,-1.556729,2023-01-01T02:19:14
-4.114115,-1.556729,2023-01-01T02:19:15
-4.114115,-1.556729,2023-01-01T02:19:16
-4.114115,-1.556729,2023-01-01T02:19:17
-4.114115,-1.556729,2023-01-01T02:19:18
-4.114115,-1.556729,2023-01-01T02:19:19
-4.114115,-1.556729,2023-01-01T02:19:20
-4.114115,-1.556729,2023-01-01T02:19:21
-4.114115,-1.556729,2023-01-01T02:19:22
-4.114115,-1.556729,2023-01-01T02:19:23
-4.114115,-1.556729,2023-01-01T02:19:24
-4.114115,-1.556729,2023-01-01T02:19:25
-4.114115,-1.667924,2023-01-01T02:19:26
-4.114115,-1.667924,2023-01-01T02:19:27
-4.114115,-1.667924,2023-01-01T02:19:28
-4.114115,-1.667924,2023-01-01T02:19:29
-4.114115,-1.667924,2023-01-01T02:19:30
-4.114115,-1.667924,2023-01-01T02:19:31
-4.114115,-1.667924,2023-01-01T02:19:32
-4.114115,-1.667924,2023-01-01T02:19:33
-4.114115,-1.667924,2023-01-01T02:19:34
-4.114115,-1.667924,2023-01-01T02:19:35
-4.114115,-1.667924,2023-01-01T02:19:36
-4.114115,-1.667924,2023-01-01T02:19:37
-4.114115,-1.667924,2023-01-01T02:19:38
-4.114115,-1.667924,2023-01-01T02:19:39
-4.114115,-1.667924,2023-01-01T02:19:40
-4.114115,-1.667924,2023-01-01T02:19:41
-4.114115,-1.667924,2023-01-01T02:19:42
-4.114115,-1.667924,2023-01-01T02:19:43
-4.114115,-1.667924,2023-01-01T02:19:44
-4.114115,-1.667924,2023-01-01T02:19:45
-4.114115,-1.667924,2023-01-01T02:19:46
-4.114115,-1.667924,2023-01-01T02:19:47
-4.114115,-1.667924,2023-01-01T02:19:48
-4.114115,-1.667924,2023-01-01T02:19:49
-4.114115,-1.667924,2023-01-01T02:19:50
-4.114115,-1.667924,2023-01-01T02:19:51
-4.114115,-1.667924,2023-01-01T02:19:52
-4.114115,-1.667924,2023-01-01T02:19:53
-4.114115,-1.667924,2023-01-01T02:19:54
-4.114115,-1.779119,2023-01-01T02:19:55
-4.114115,-1.779119,2023-01-01T02:19:56
-4.114115,-1.779119,2023-01-01T02:19:57
-4.114115,-1.779119,2023-01-01T02:19:58
-4.114115,-1.779119,2023-01-01T02:19:59
-4.114115,-1.779119,2023-01-01T02:20:00
-4.225307,-1.779119,2023-01-01T02:20:01
-4.225307,-1.779119,2023-01-01T02:20:02
-4.225307,-1.779119,2023-01-01T02:20:03
-4.225307,-1.779119,2023-01-01T02:20:04
-4.225307,-1.779119,2023-01-01T02:20:05
-4.225307,-1.779119,2023-01-01T02:20:06
-4.225307,-1.779119,2023-01-01T02:20:07
-4.225307,-1.779119,2023-01-01T02:20:08
-4.225307,-1.779119,2023-01-01T02:20:09
-4.225307,-1.779119,2023-01-01T02:20:10
-4.225307,-1.779119,2023-01-01T02:20:11
-4.225307,-1.779119,2023-01-01T02:20:12
-4.225307,-1.779119,2023-01-01T02:20:13
-4.225307,-1.779119,2023-01-01T02:20:14
-4.225307,-1.779119,2023-01-01T02:20:15
-4.225307,-1.779119,2023-01-01T02:20:16
-4.336499,-1.779119,2023-01-01T02:20:17
-4.336499,-1.779119,2023-01-01T02:20:18
-4.336499,-1.779119,2023-01-01T02:20:19
-4.336499,-1.779119,2023-01-01T02:20:20
-4.336499,-1.779119,2023-01-01T02:20:21
-4.336499,-1.779119,2023-01-01T02:20:22
-4.336499,-1.779119,2023-01-01T02:20:23
-4.336499,-1.779119,2023-01-01T02:20:24
-4.336499,-1.779119,2023-01-01T02:20:25
-4.336499,-1.779119,2023-01-01T02:20:26
-4.336499,-1.779119,2023-01-01T02:20:27
-4.336499,-1.779119,2023-01-01T02:20:28
-4.336499,-1.779119,2023-01-01T02:20:29
-4.336499,-1.779119,2023-01-01T02:20:30
-4.336499,-1.779119,2023-01-01T02:20:31
-4.336499,-1.779119,2023-01-01T02:20:32
-4.336499,-1.779119,2023-01-01T02:20:33
-4.447691,-1.779119,2023-01-01T02:20:34
-4.447691,-1.890314,2023-01-01T02:20:35
-4.447691,-1.890314,2023-01-01T02:20:36
-4.447691,-1.890314,2023-01-01T02:20:37
-4.447691,-1.890314,2023-01-01T02:20:38
-4.447691,-1.890314,2023-01-01T02:20:39
-4.447691,-1.890314,2023-01-01T02:20:40
-4.447691,-1.890314,2023-01-01T02:20:41
-4.447691,-1.890314,2023-01-01T02:20:42
-4.447691,-1.890314,2023-01-01T02:20:43
-4.447691,-1.890314,2023-01-01T02:20:44
-4.447691,-1.890314,2023-01-01T02:20:45
-4.447691,-1.890314,2023-01-01T02:20:46
-4.447691,-1.890314,2023-01-01T02:20:47
-4.447691,-1.890314,2023-01-01T02:20:48
-4.447691,-1.890314,2023-01-01T02:20:49
-4.447691,-1.890314,2023-01-01T02:20:50
-4.447691,-1.890314,2023-01-01T02:20:51
-4.447691,-1.890314,2023-01-01T02:20:52
-4.447691,-1.890314,2023-01-01T02:20:53
-4.447691,-1.890314,2023-01-01T02:20:54
-4.447691,-1.890314,2023-01-01T02:20:55
-4.447691,-1.890314,2023-01-01T02:20:56
-4.558884,-1.890314,2023-01-01T02:20:57
-4.558884,-1.890314,2023-01-01T02:20:58
-4.558884,-2.001509,2023-01-01T02:20:59
-4.558884,-2.001509,2023-01-01T02:21:00
-4.558884,-2.001509,2023-01-01T02:21:01
-4.558884,-2.001509,2023-01-01T02:21:02
-4.558884,-2.001509,2023-01-01T02:21:03
-4.558884,-2.001509,2023-01-01T02:21:04
-4.558884,-2.001509,2023-01-01T02:21:05
-4.558884,-2.001509,2023-01-01T02:21:06
-4.558884,-2.001509,2023-01-01T02:21:07
-4.558884,-2.001509,2023-01-01T02:21:08
-4.558884,-2.001509,2023-01-01T02:21:09
-4.558884,-2.001509,2023-01-01T02:21:10
-4.558884,-2.001509,2023-01-01T02:21:11
-4.558884,-2.001509,2023-01-01T02:21:12
-4.558884,-2.001509,2023-01-01T02:21:13
-4.558884,-2.001509,2023-01-01T02:21:14
-4.558884,-2.001509,2023-01-01T02:21:15
-4.558884,-2.001509,2023-01-01T02:21:16
-4.558884,-2.112704,2023-01-01T02:21:17
-4.558884,-2.112704,2023-01-01T02:21:18
-4.558884,-2.112704,2023-01-01T02:21:19
-4.558884,-2.112704,2023-01-01T02:21:20
-4.558884,-2.112704,2023-01-01T02:21:21
-4.558884,-2.112704,2023-01-01T02:21:22
-4.558884,-2.112704,2023-01-01T02:21:23
-4.558884,-2.112704,2023-01-01T02:21:24
-4.558884,-2.112704,2023-01-01T02:21:25
-4.558884,-2.112704,2023-01-01T02:21:26
-4.558884,-2.112704,2023-01-01T02:21:27
-4.558884,-2.112704,2023-01-01T02:21:28
-4.558884,-2.112704,2023-01-01T02:21:29
-4.670076,-2.223899,2023-01-01T02:21:30
-4.670076,-2.223899,2023-01-01T02:21:31
-4.670076,-2.223899,2023-01-01T02:21:32
-4.670076,-2.223899,2023-01-01T02:21:33
-4.670076,-2.223899,2023-01-01T02:21:34
-4.670076,-2.223899,2023-01-01T02:21:35
-4.670076,-2.223899,2023-01-01T02:21:36
-4.670076,-2.223899,2023-01-01T02:21:37
-4.670076,-2.223899,2023-01-01T02:21:38
-4.670076,-2.223899,2023-01-01T02:21:39
-4.670076,-2.223899,2023-01-01T02:21:40
-4.670076,-2.223899,2023-01-01T02:21:41
-4.670076,-2.335093,2023-01-01T02:21:42
-4.670076,-2.335093,2023-01-01T02:21:43
-4.670076,-2.335093,2023-01-01T02:21:44
-4.670076,-2.335093,2023-01-01T02:21:45
-4.670076,-2.335093,2023-01-01T02:21:46
-4.670076,-2.335093,2023-01-01T02:21:47
-4.670076,-2.335093,2023-01-01T02:21:48
-4.670076,-2.335093,2023-01-01T02:21:49
-4.670076,-2.335093,2023-01-01T02:21:50
-4.670076,-2.335093,2023-01-01T02:21:51
-4.670076,-2.335093,2023-01-01T02:21:52
-4.670076,-2.446288,2023-01-01T02:21:53
-4.670076,-2.446288,2023-01-01T02:21:54
-4.670076,-2.446288,2023-01-01T02:21:55
-4.781268,-2.446288,2023-01-01T02:21:56
-4.781268,-2.446288,2023-01-01T02:21:57
-4.781268,-2.446288,2023-01-01T02:21:58
-4.781268,-2.446288,2023-01-01T02:21:59
-4.781268,-2.446288,2023-01-01T02:22:00
-4.781268,-2.446288,2023-01-01T02:22:01
-4.781268,-2.446288,2023-01-01T02:22:02
-4.781268,-2.446288,2023-01-01T02:22:03
-4.781268,-2.446288,2023-01-01T02:22:04
-4.781268,-2.557483,2023-01-01T02:22:05
-4.781268,-2.557483,2023-01-01T02:22:06
-4.781268,-2.557483,2023-01-01T02:22:07
-4.781268,-2.557483,2023-01-01T02:22:08
-4.781268,-2.557483,2023-01-01T02:22:09
-4.781268,-2.557483,2023-01-01T02:22:10
-4.781268,-2.557483,2023-01-01T02:22:11
-4.781268,-2.557483,2023-01-01T02:22:12
-4.781268,-2.557483,2023-01-01T02:22:13
-4.781268,-2.557483,2023-01-01T02:22:14
-4.781268,-2.557483,2023-01-01T02:22:15
-4.781268,-2.557483,2023-01-01T02:22:16
-4.892461,-2.668678,2023-01-01T02:22:17
-4.892461,-2.668678,2023-01-01T02:22:18
-4.892461,-2.668678,2023-01-01T02:22:19
-4.892461,-2.668678,2023-01-01T02:22:20
-4.892461,-2.668678,2023-01-01T02:22:21
-4.892461,-2.668678,2023-01-01T02:22:22
-4.892461,-2.668678,2023-01-01T02:22:23
-4.892461,-2.668678,2023-01-01T02:22:24
-4.892461,-2.668678,2023-01-01T02:22:25
-4.892461,-2.668678,2023-01-01T02:22:26
-4.892461,-2.779873,2023-01-01T02:22:27
-4.892461,-2.779873,2023-01-01T02:22:28
-4.892461,-2.779873,2023-01-01T02:22:29
-4.892461,-2.779873,2023-01-01T02:22:30
-4.892461,-2.779873,2023-01-01T02:22:31
-4.892461,-2.779873,2023-01-01T02:22:32
-4.892461,-2.779873,2023-01-01T02:22:33
-4.892461,-2.779873,2023-01-01T02:22:34
-4.892461,-2.779873,2023-01-01T02:22:35
-4.892461,-2.779873,2023-01-01T02:22:36
-4.892461,-2.779873,2023-01-01T02:22:37
-4.892461,-2.779873,2023-01-01T02:22:38
-4.892461,-2.891068,2023-01-01T02:22:39
-5.003653,-2.891068,2023-01-01T02:22:40
-5.003653,-2.891068,2023-01-01T02:22:41
-5.003653,-2.891068,2023-01-01T02:22:42
-5.003653,-2.891068,2023-01-01T02:22:43
-5.003653,-2.891068,2023-01-01T02:22:44
-5.003653,-2.891068,2023-01-01T02:22:45
-5.003653,-2.891068,2023-01-01T02:22:46
-5.003653,-2.891068,2023-01-01T02:22:47
-5.003653,-2.891068,2023-01-01T02:22:48
-5.003653,-2.891068,2023-01-01T02:22:49
-5.003653,-3.002263,2023-01-01T02:22:50
-5.003653,-3.002263,2023-01-01T02:22:51
-5.003653,-3.002263,2023-01-01T02:22:52
-5.003653,-3.002263,2023-01-01T02:22:53
-5.003653,-3.002263,2023-01-01T02:22:54
-5.003653,-3.002263,2023-01-01T02:22:55
-5.003653,-3.002263,2023-01-01T02:22:56
-5.003653,-3.002263,2023-01-01T02:22:57
-5.003653,-3.002263,2023-01-01T02:22:58
-5.003653,-3.002263,2023-01-01T02:22:59
-5.114845,-3.002263,2023-01-01T02:23:00
-5.114845,-3.113458,2023-01-01T02:23:01
-5.114845,-3.113458,2023-01-01T02:23:02
-5.114845,-3.113458,2023-01-01T02:23:03
-5.114845,-3.113458,2023-01-01T02:23:04
-5.114845,-3.113458,2023-01-01T02:23:05
-5.114845,-3.113458,2023-01-01T02:23:06
-5.114845,-3.113458,2023-01-01T02:23:07
-5.114845,-3.113458,2023-01-01T02:23:08
-5.114845,-3.113458,2023-01-01T02:23:09
-5.114845,-3.113458,2023-01-01T02:23:10
-5.114845,-3.113458,2023-01-01T02:23:11
-5.114845,-3.113458,2023-01-01T02:23:12
-5.114845,-3.113458,2023-01-01T02:23:13
-5.114845,-3.113458,2023-01-01T02:23:14
-5.114845,-3.113458,2023-01-01T02:23:15
-5.226037,-3.113458,2023-01-01T02:23:16
-5.226037,-3.113458,2023-01-01T02:23:17
-5.226037,-3.113458,2023-01-01T02:23:18
-5.226037,-3.113458,2023-01-01T02:23:19
-5.226037,-3.113458,2023-01-01T02:23:20
-5.226037,-3.224653,2023-01-01T02:23:21
-5.226037,-3.224653,2023-01-01T02:23:22
-5.226037,-3.224653,2023-01-01T02:23:23
-5.226037,-3.224653,2023-01-01T02:23:24
-5.226037,-3.224653,2023-01-01T02:23:25
-5.226037,-3.224653,2023-01-01T02:23:26
-5.226037,-3.224653,2023-01-01T02:23:27
-5.226037,-3.224653,2023-01-01T02:23:28
-5.226037,-3.224653,2023-01-01T02:23:29
-5.226037,-3.224653,2023-01-01T02:23:30
-5.226037,-3.224653,2023-01-01T02:23:31
-5.226037,-3.224653,2023-01-01T02:23:32
-5.226037,-3.224653,2023-01-01T02:23:33
-5.226037,-3.224653,2023-01-01T02:23:34
-5.337230,-3.224653,2023-01-01T02:23:35
-5.337230,-3.224653,2023-01-01T02:23:36
-5.337230,-3.224653,2023-01-01T02:23:37
-5.337230,-3.224653,2023-01-01T02:23:38
-5.337230,-3.224653,2023-01-01T02:23:39
-5.337230,-3.224653,2023-01-01T02:23:40
-5.337230,-3.224653,2023-01-01T02:23:41
-5.337230,-3.224653,2023-01-01T02:23:42
-5.337230,-3.224653,2023-01-01T02:23:43
-5.337230,-3.224653,2023-01-01T02:23:44
-5.337230,-3.224653,2023-01-01T02:23:45
-5.337230,-3.224653,2023-01-01T02:23:46
-5.337230,-3.224653,2023-01-01T02:23:47
-5.337230,-3.224653,2023-01-01T02:23:48
-5.337230,-3.224653,2023-01-01T02:23:49
-5.337230,-3.224653,2023-01-01T02:23:50
-5.337230,-3.224653,2023-01-01T02:23:51
-5.337230,-3.224653,2023-01-01T02:23:52
-5.337230,-3.113458,2023-01-01T02:23:53
-5.337230,-3.113458,2023-01-01T02:23:54
-5.337230,-3.113458,2023-01-01T02:23:55
-5.337230,-3.113458,2023-01-01T02:23:56
-5.337230,-3.113458,2023-01-01T02:23:57
-5.337230,-3.113458,2023-01-01T02:23:58
-5.337230,-3.113458,2023-01-01T02:23:59
-5.337230,-3.113458,2023-01-01T02:24:00
-5.337230,-3.113458,2023-01-01T02:24:01
-5.337230,-3.113458,2023-01-01T02:24:02
-5.337230,-3.113458,2023-01-01T02:24:03
-5.337230,-3.113458,2023-01-01T02:24:04
-5.337230,-3.113458,2023-01-01T02:24:05
-5.337230,-3.113458,2023-01-01T02:24:06
-5.337230,-3.113458,2023-01-01T02:24:07
-5.337230,-3.113458,2023-01-01T02:24:08
-5.337230,-3.113458,2023-01-01T02:24:09
-5.337230,-3.113458,2023-01-01T02:24:10
-5.337230,-3.113458,2023-01-01T02:24:11
-5.337230,-3.113458,2023-01-01T02:24:12
-5.337230,-3.113458,2023-01-01T02:24:13
-5.337230,-3.113458,2023-01-01T02:24:14
-5.337230,-3.113458,2023-01-01T02:24:15
-5.337230,-3.113458,2023-01-01T02:24:16
-5.337230,-3.113458,2023-01-01T02:24:17
-5.337230,-3.224653,2023-01-01T02:24:18
-5.337230,-3.224653,2023-01-01T02:24:19
-5.337230,-3.224653,2023-01-01T02:24:20
-5.337230,-3.224653,2023-01-01T02:24:21
-5.337230,-3.224653,2023-01-01T02:24:22
-5.337230,-3.224653,2023-01-01T02:24:23
-5.337230,-3.224653,2023-01-01T02:24:24
-5.337230,-3.224653,2023-01-01T02:24:25
-5.337230,-3.224653,2023-01-01T02:24:26
-5.337230,-3.224653,2023-01-01T02:24:27
-5.337230,-3.224653,2023-01-01T02:24:28
-5.337230,-3.224653,2023-01-01T02:24:29
-5.337230,-3.224653,2023-01-01T02:24:30
-5.337230,-3.224653,2023-01-01T02:24:31
-5.337230,-3.224653,2023-01-01T02:24:32
-5.337230,-3.224653,2023-01-01T02:24:33
-5.337230,-3.335848,2023-01-01T02:24:34
-5.337230,-3.335848,2023-01-01T02:24:35
-5.337230,-3.335848,2023-01-01T02:24:36
-5.337230,-3.335848,2023-01-01T02:24:37
-5.337230,-3.335848,2023-01-01T02:24:38
-5.337230,-3.335848,2023-01-01T02:24:39
-5.226037,-3.335848,2023-01-01T02:24:40
-5.226037,-3.335848,2023-01-01T02:24:41
-5.226037,-3.335848,2023-01-01T02:24:42
-5.226037,-3.335848,2023-01-01T02:24:43
-5.226037,-3.335848,2023-01-01T02:24:44
-5.226037,-3.335848,2023-01-01T02:24:45
-5.226037,-3.447043,2023-01-01T02:24:46
-5.226037,-3.447043,2023-01-01T02:24:47
-5.226037,-3.447043,2023-01-01T02:24:48
-5.226037,-3.447043,2023-01-01T02:24:49
-5.226037,-3.447043,2023-01-01T02:24:50
-5.226037,-3.447043,2023-01-01T02:24:51
-5.226037,-3.447043,2023-01-01T02:24:52
-5.226037,-3.447043,2023-01-01T02:24:53
-5.226037,-3.447043,2023-01-01T02:24:54
-5.226037,-3.447043,2023-01-01T02:24:55
-5.226037,-3.447043,2023-01-01T02:24:56
-5.226037,-3.447043,2023-01-01T02:24:57
-5.226037,-3.447043,2023-01-01T02:24:58
-5.226037,-3.447043,2023-01-01T02:24:59
-5.226037,-3.447043,2023-01-01T02:25:00
-5.226037,-3.447043,2023-01-01T02:25:01
-5.226037,-3.558238,2023-01-01T02:25:02
-5.226037,-3.558238,2023-01-01T02:25:03
-5.226037,-3.558238,2023-01-01T02:25:04
-5.226037,-3.558238,2023-01-01T02:25:05
-5.226037,-3.558238,2023-01-01T02:25:06
-5.226037,-3.558238,2023-01-01T02:25:07
-5.226037,-3.558238,2023-01-01T02:25:08
-5.114845,-3.558238,2023-01-01T02:25:09
-5.114845,-3.558238,2023-01-01T02:25:10
-5.114845,-3.558238,2023-01-01T02:25:11
-5.114845,-3.558238,2023-01-01T02:25:12
-5.114845,-3.558238,2023-01-01T02:25:13
-5.114845,-3.558238,2023-01-01T02:25:14
-5.114845,-3.558238,2023-01-01T02:25:15
-5.114845,-3.558238,2023-01-01T02:25:16
-5.114845,-3.558238,2023-01-01T02:25:17
-5.114845,-3.558238,2023-01-01T02:25:18
-5.114845,-3.558238,2023-01-01T02:25:19
-5.114845,-3.669433,2023-01-01T02:25:20
-5.114845,-3.669433,2023-01-01T02:25:21
-5.114845,-3.669433,2023-01-01T02:25:22
-5.114845,-3.669433,2023-01-01T02:25:23
-5.114845,-3.669433,2023-01-01T02:25:24
-5.114845,-3.669433,2023-01-01T02:25:25
-5.114845,-3.669433,2023-01-01T02:25:26
-5.114845,-3.669433,2023-01-01T02:25:27
-5.114845,-3.669433,2023-01-01T02:25:28
-5.114845,-3.669433,2023-01-01T02:25:29
-5.114845,-3.669433,2023-01-01T02:25:30
-5.114845,-3.669433,2023-01-01T02:25:31
-5.114845,-3.669433,2023-01-01T02:25:32
-5.114845,-3.669433,2023-01-01T02:25:33
-5.114845,-3.669433,2023-01-01T02:25:34
-5.114845,-3.669433,2023-01-01T02:25:35
-5.114845,-3.669433,2023-01-01T02:25:36
-5.114845,-3.669433,2023-01-01T02:25:37
-5.114845,-3.669433,2023-01-01T02:25:38
-5.114845,-3.669433,2023-01-01T02:25:39
-5.114845,-3.669433,2023-01-01T02:25:40
-5.114845,-3.669433,2023-01-01T02:25:41
-5.114845,-3.669433,2023-01-01T02:25:42
-5.114845,-3.669433,2023-01-01T02:25:43
-5.114845,-3.669433,2023-01-01T02:25:44
-5.114845,-3.669433,2023-01-01T02:25:45
-5.114845,-3.669433,2023-01-01T02:25:46
-5.114845,-3.669433,2023-01-01T02:25:47
-5.114845,-3.669433,2023-01-01T02:25:48
-5.114845,-3.669433,2023-01-01T02:25:49
-5.114845,-3.669433,2023-01-01T02:25:50
-5.114845,-3.669433,2023-01-01T02:25:51
-5.114845,-3.669433,2023-01-01T02:25:52
-5.114845,-3.669433,2023-01-01T02:25:53
-5.114845,-3.669433,2023-01-01T02:25:54
-5.003653,-3.669433,2023-01-01T02:25:55
-5.003653,-3.669433,2023-01-01T02:25:56
-5.003653,-3.669433,2023-01-01T02:25:57
-5.003653,-3.669433,2023-01-01T02:25:58
-5.003653,-3.669433,2023-01-01T02:25:59
-5.003653,-3.669433,2023-01-01T02:26:00
-5.003653,-3.669433,2023-01-01T02:26:01
-5.003653,-3.669433,2023-01-01T02:26:02
-5.003653,-3.669433,2023-01-01T02:26:03
-5.003653,-3.669433,2023-01-01T02:26:04
-5.003653,-3.669433,2023-01-01T02:26:05
-5.003653,-3.669433,2023-01-01T02:26:06
-5.003653,-3.669433,2023-01-01T02:26:07
-5.003653,-3.669433,2023-01-01T02:26:08
-5.003653,-3.669433,2023-01-01T02:26:09
-5.003653,-3.780628,2023-01-01T02:26:10
-5.003653,-3.780628,2023-01-01T02:26:11
-5.003653,-3.780628,2023-01-01T02:26:12
-5.003653,-3.780628,2023-01-01T02:26:13
-5.003653,-3.780628,2023-01-01T02:26:14
-5.003653,-3.780628,2023-01-01T02:26:15
-5.003653,-3.780628,2023-01-01T02:26:16
-5.003653,-3.780628,2023-01-01T02:26:17
-5.003653,-3.780628,2023-01-01T02:26:18
-5.003653,-3.780628,2023-01-01T02:26:19
-5.003653,-3.780628,2023-01-01T02:26:20
-5.003653,-3.780628,2023-01-01T02:26:21
-5.003653,-3.780628,2023-01-01T02:26:22
-5.003653,-3.780628,2023-01-01T02:26:23
-5.003653,-3.780628,2023-01-01T02:26:24
-5.003653,-3.780628,2023-01-01T02:26:25
-5.003653,-3.780628,2023-01-01T02:26:26
-5.003653,-3.780628,2023-01-01T02:26:27
-5.003653,-3.780628,2023-01-01T02:26:28
-5.003653,-3.780628,2023-01-01T02:26:29
-5.003653,-3.780628,2023-01-01T02:26:30
-5.003653,-3.780628,2023-01-01T02:26:31
-5.003653,-3.780628,2023-01-01T02:26:32
-5.003653,-3.780628,2023-01-01T02:26:33
-5.003653,-3.780628,2023-01-01T02:26:34
-5.003653,-3.780628,2023-01-01T02:26:35
-5.003653,-3.780628,2023-01-01T02:26:36
-4.892461,-3.780628,2023-01-01T02:26:37
-4.892461,-3.780628,2023-01-01T02:26:38
-4.892461,-3.780628,2023-01-01T02:26:39
-4.892461,-3.780628,2023-01-01T02:26:40
-4.892461,-3.780628,2023-01-01T02:26:41
-4.892461,-3.780628,2023-01-01T02:26:42
-4.892461,-3.780628,2023-01-01T02:26:43
-4.892461,-3.780628,2023-01-01T02:26:44
-4.892461,-3.780628,2023-01-01T02:26:45
-4.892461,-3.780628,2023-01-01T02:26:46
-4.892461,-3.780628,2023-01-01T02:26:47
-4.892461,-3.780628,2023-01-01T02:26:48
-4.892461,-3.780628,2023-01-01T02:26:49
-4.892461,-3.780628,2023-01-01T02:26:50
-4.892461,-3.780628,2023-01-01T02:26:51
-4.892461,-3.780628,2023-01-01T02:26:52
-4.892461,-3.780628,2023-01-01T02:26:53
-4.892461,-3.780628,2023-01-01T02:26:54
-4.892461,-3.780628,2023-01-01T02:26:55
-4.892461,-3.780628,2023-01-01T02:26:56
-4.892461,-3.780628,2023-01-01T02:26:57
-4.892461,-3.780628,2023-01-01T02:26:58
-4.892461,-3.780628,2023-01-01T02:26:59
-4.892461,-3.780628,2023-01-01T02:27:00
-4.892461,-3.780628,2023-01-01T02:27:01
-4.892461,-3.780628,2023-01-01T02:27:02
-4.892461,-3.780628,2023-01-01T02:27:03
-4.892461,-3.780628,2023-01-01T02:27:04
-4.892461,-3.780628,2023-01-01T02:27:05
-4.892461,-3.780628,2023-01-01T02:27:06
-4.892461,-3.780628,2023-01-01T02:27:07
-4.892461,-3.780628,2023-01-01T02:27:08
-4.892461,-3.780628,2023-01-01T02:27:09
-4.892461,-3.780628,2023-01-01T02:27:10
-4.892461,-3.780628,2023-01-01T02:27:11
-4.892461,-3.891822,2023-01-01T02:27:12
-4.892461,-3.891822,2023-01-01T02:27:13
-4.892461,-3.891822,2023-01-01T02:27:14
-4.892461,-3.891822,2023-01-01T02:27:15
-4.892461,-3.891822,2023-01-01T02:27:16
-4.892461,-3.891822,2023-01-01T02:27:17
-4.892461,-3.891822,2023-01-01T02:27:18
-4.892461,-3.891822,2023-01-01T02:27:19
-4.892461,-3.891822,2023-01-01T02:27:20
-4.892461,-3.891822,2023-01-01T02:27:21
-4.892461,-3.891822,2023-01-01T02:27:22
-4.781268,-3.891822,2023-01-01T02:27:23
-4.781268,-3.891822,2023-01-01T02:27:24
-4.781268,-3.891822,2023-01-01T02:27:25
-4.781268,-3.891822,2023-01-01T02:27:26
-4.781268,-3.891822,2023-01-01T02:27:27
-4.781268,-3.891822,2023-01-01T02:27:28
-4.781268,-3.891822,2023-01-01T02:27:29
-4.781268,-3.891822,2023-01-01T02:27:30
-4.781268,-3.891822,2023-01-01T02:27:31
-4.781268,-3.891822,2023-01-01T02:27:32
-4.781268,-3.891822,2023-01-01T02:27:33
-4.781268,-3.891822,2023-01-01T02:27:34
-4.781268,-3.891822,2023-01-01T02:27:35
-4.781268,-3.891822,2023-01-01T02:27:36
-4.781268,-3.891822,2023-01-01T02:27:37
-4.781268,-3.891822,2023-01-01T02:27:38
-4.781268,-3.891822,2023-01-01T02:27:39
-4.781268,-3.891822,2023-01-01T02:27:40
-4.781268,-3.891822,2023-01-01T02:27:41
-4.781268,-3.891822,2023-01-01T02:27:42
-4.781268,-3.891822,2023-01-01T02:27:43
-4.781268,-3.891822,2023-01-01T02:27:44
-4.781268,-3.891822,2023-01-01T02:27:45
-4.781268,-3.891822,2023-01-01T02:27:46
-4.781268,-3.891822,2023-01-01T02:27:47
-4.781268,-3.891822,2023-01-01T02:27:48
-4.781268,-3.891822,2023-01-01T02:27:49
-4.781268,-3.891822,2023-01-01T02:27:50
-4.781268,-3.891822,2023-01-01T02:27:51
-4.781268,-3.891822,2023-01-01T02:27:52
-4.781268,-3.891822,2023-01-01T02:27:53
-4.781268,-3.891822,2023-01-01T02:27:54
-4.781268,-3.891822,2023-01-01T02:27:55
-4.781268,-3.891822,2023-01-01T02:27:56
-4.781268,-3.891822,2023-01-01T02:27:57
-4.781268,-3.891822,2023-01-01T02:27:58
-4.781268,-3.891822,2023-01-01T02:27:59
-4.781268,-3.891822,2023-01-01T02:28:00
-4.781268,-3.891822,2023-01-01T02:28:01
-4.781268,-3.891822,2023-01-01T02:28:02
-4.781268,-3.891822,2023-01-01T02:28:03
-4.781268,-3.891822,2023-01-01T02:28:04
-4.781268,-3.891822,2023-01-01T02:28:05
-4.781268,-3.891822,2023-01-01T02:28:06
-4.781268,-3.891822,2023-01-01T02:28:07
-4.781268,-3.891822,2023-01-01T02:28:08
-4.781268,-3.891822,2023-01-01T02:28:09
-4.781268,-3.891822,2023-01-01T02:28:10
-4.781268,-3.891822,2023-01-01T02:28:11
-4.781268,-3.891822,2023-01-01T02:28:12
-4.781268,-3.891822,2023-01-01T02:28:13
-4.781268,-3.891822,2023-01-01T02:28:14
-4.781268,-3.891822,2023-01-01T02:28:15
-4.781268,-4.003017,2023-01-01T02:28:16
-4.781268,-4.003017,2023-01-01T02:28:17
-4.781268,-4.003017,2023-01-01T02:28:18
-4.781268,-4.003017,2023-01-01T02:28:19
-4.781268,-4.003017,2023-01-01T02:28:20
-4.781268,-4.003017,2023-01-01T02:28:21
-4.781268,-4.003017,2023-01-01T02:28:22
-4.781268,-4.003017,2023-01-01T02:28:23
-4.670076,-4.003017,2023-01-01T02:28:24
-4.670076,-4.003017,2023-01-01T02:28:25
-4.670076,-4.003017,2023-01-01T02:28:26
-4.670076,-4.003017,2023-01-01T02:28:27
-4.670076,-4.003017,2023-01-01T02:28:28
-4.670076,-4.003017,2023-01-01T02:28:29
-4.670076,-4.003017,2023-01-01T02:28:30
-4.670076,-4.003017,2023-01-01T02:28:31
-4.670076,-4.003017,2023-01-01T02:28:32
-4.670076,-4.003017,2023-01-01T02:28:33
-4.670076,-4.003017,2023-01-01T02:28:34
-4.670076,-4.003017,2023-01-01T02:28:35
-4.670076,-4.003017,2023-01-01T02:28:36
-4.670076,-4.003017,2023-01-01T02:28:37
-4.670076,-4.003017,2023-01-01T02:28:38
-4.670076,-4.003017,2023-01-01T02:28:39
-4.670076,-4.003017,2023-01-01T02:28:40
-4.670076,-4.003017,2023-01-01T02:28:41
-4.670076,-4.003017,2023-01-01T02:28:42
-4.670076,-4.003017,2023-01-01T02:28:43
-4.670076,-4.003017,2023-01-01T02:28:44
-4.670076,-4.003017,2023-01-01T02:28:45
-4.670076,-4.003017,2023-01-01T02:28:46
-4.670076,-4.003017,2023-01-01T02:28:47
-4.670076,-4.003017,2023-01-01T02:28:48
-4.670076,-4.003017,2023-01-01T02:28:49
-4.670076,-4.003017,2023-01-01T02:28:50
-4.670076,-4.003017,2023-01-01T02:28:51
-4.670076,-4.003017,2023-01-01T02:28:52
-4.670076,-4.003017,2023-01-01T02:28:53
-4.670076,-4.003017,2023-01-01T02:28:54
-4.670076,-4.003017,2023-01-01T02:28:55
-4.670076,-4.003017,2023-01-01T02:28:56
-4.670076,-4.003017,2023-01-01T02:28:57
-4.670076,-4.003017,2023-01-01T02:28:58
-4.670076,-4.003017,2023-01-01T02:28:59
-4.670076,-4.003017,2023-01-01T02:29:00
-4.670076,-4.003017,2023-01-01T02:29:01
-4.670076,-4.003017,2023-01-01T02:29:02
-4.670076,-4.003017,2023-01-01T02:29:03
-4.670076,-4.003017,2023-01-01T02:29:04
-4.670076,-4.003017,2023-01-01T02:29:05
-4.670076,-4.003017,2023-01-01T02:29:06
-4.670076,-4.003017,2023-01-01T02:29:07
-4.670076,-4.003017,2023-01-01T02:29:08
-4.670076,-4.003017,2023-01-01T02:29:09
-4.670076,-4.003017,2023-01-01T02:29:10
-4.670076,-4.003017,2023-01-01T02:29:11
-4.670076,-4.003017,2023-01-01T02:29:12
-4.670076,-4.003017,2023-01-01T02:29:13
-4.670076,-4.003017,2023-01-01T02:29:14
-4.670076,-4.003017,2023-01-01T02:29:15
-4.670076,-4.003017,2023-01-01T02:29:16
-4.670076,-4.003017,2023-01-01T02:29:17
-4.670076,-4.003017,2023-01-01T02:29:18
-4.670076,-4.003017,2023-01-01T02:29:19
-4.670076,-4.003017,2023-01-01T02:29:20
-4.670076,-4.003017,2023-01-01T02:29:21
-4.670076,-4.003017,2023-01-01T02:29:22
-4.670076,-4.003017,2023-01-01T02:29:23
-4.670076,-4.003017,2023-01-01T02:29:24
-4.670076,-4.003017,2023-01-01T02:29:25
-4.670076,-4.003017,2023-01-01T02:29:26
-4.670076,-4.003017,2023-01-01T02:29:27
-4.670076,-4.003017,2023-01-01T02:29:28
-4.670076,-4.003017,2023-01-01T02:29:29
-4.670076,-4.003017,2023-01-01T02:29:30
-4.670076,-4.003017,2023-01-01T02:29:31
-4.670076,-4.003017,2023-01-01T02:29:32
-4.670076,-4.003017,2023-01-01T02:29:33
-4.670076,-4.003017,2023-01-01T02:29:34
-4.670076,-4.003017,2023-01-01T02:29:35
-4.670076,-4.003017,2023-01-01T02:29:36
-4.670076,-4.003017,2023-01-01T02:29:37
-4.670076,-4.003017,2023-01-01T02:29:38
-4.670076,-4.003017,2023-01-01T02:29:39
-4.670076,-4.003017,2023-01-01T02:29:40
-4.670076,-4.003017,2023-01-01T02:29:41
-4.670076,-4.003017,2023-01-01T02:29:42
-4.670076,-4.003017,2023-01-01T02:29:43
-4.670076,-4.003017,2023-01-01T02:29:44
-4.670076,-4.003017,2023-01-01T02:29:45
-4.670076,-4.003017,2023-01-01T02:29:46
-4.670076,-4.003017,2023-01-01T02:29:47
-4.670076,-4.003017,2023-01-01T02:29:48
-4.670076,-4.003017,2023-01-01T02:29:49
-4.670076,-4.003017,2023-01-01T02:29:50
-4.670076,-4.003017,2023-01-01T02:29:51
-4.670076,-4.003017,2023-01-01T02:29:52
-4.670076,-4.003017,2023-01-01T02:29:53
-4.558884,-4.003017,2023-01-01T02:29:54
-4.558884,-4.003017,2023-01-01T02:29:55
-4.558884,-4.003017,2023-01-01T02:29:56
-4.558884,-4.003017,2023-01-01T02:29:57
-4.558884,-4.003017,2023-01-01T02:29:58
-4.558884,-4.003017,2023-01-01T02:29:59
-4.558884,-4.003017,2023-01-01T02:30:00
-4.558884,-4.003017,2023-01-01T02:30:01
-4.558884,-4.003017,2023-01-01T02:30:02
-4.558884,-4.003017,2023-01-01T02:30:03
-4.558884,-4.003017,2023-01-01T02:30:04
-4.558884,-4.003017,2023-01-01T02:30:05
-4.558884,-4.003017,2023-01-01T02:30:06
-4.558884,-4.003017,2023-01-01T02:30:07
-4.558884,-4.003017,2023-01-01T02:30:08
-4.558884,-4.003017,2023-01-01T02:30:09
-4.558884,-4.003017,2023-01-01T02:30:10
-4.558884,-4.003017,2023-01-01T02:30:11
-4.558884,-4.003017,2023-01-01T02:30:12
-4.558884,-3.891822,2023-01-01T02:30:13
-4.558884,-3.891822,2023-01-01T02:30:14
-4.558884,-3.891822,2023-01-01T02:30:15
-4.558884,-3.891822,2023-01-01T02:30:16
-4.558884,-3.891822,2023-01-01T02:30:17
-4.558884,-3.891822,2023-01-01T02:30:18
-4.558884,-3.891822,2023-01-01T02:30:19
-4.558884,-3.891822,2023-01-01T02:30:20
-4.558884,-3.891822,2023-01-01T02:30:21
-4.558884,-3.891822,2023-01-01T02:30:22
-4.558884,-3.891822,2023-01-01T02:30:23
-4.558884,-3.891822,2023-01-01T02:30:24
-4.558884,-3.891822,2023-01-01T02:30:25
-4.558884,-3.891822,2023-01-01T02:30:26
-4.558884,-3.891822,2023-01-01T02:30:27
-4.558884,-3.891822,2023-01-01T02:30:28
-4.558884,-3.891822,2023-01-01T02:30:29
-4.558884,-3.891822,2023-01-01T02:30:30
-4.558884,-3.891822,2023-01-01T02:30:31
-4.558884,-3.891822,2023-01-01T02:30:32
-4.558884,-3.891822,2023-01-01T02:30:33
-4.558884,-3.891822,2023-01-01T02:30:34
-4.558884,-3.891822,2023-01-01T02:30:35
-4.558884,-3.891822,2023-01-01T02:30:36
-4.558884,-3.891822,2023-01-01T02:30:37
-4.558884,-3.891822,2023-01-01T02:30:38
-4.558884,-3.891822,2023-01-01T02:30:39
-4.558884,-3.891822,2023-01-01T02:30:40
-4.558884,-4.003017,2023-01-01T02:30:41
-4.558884,-4.003017,2023-01-01T02:30:42
-4.558884,-4.003017,2023-01-01T02:30:43
-4.558884,-4.003017,2023-01-01T02:30:44
-4.558884,-4.003017,2023-01-01T02:30:45
-4.558884,-4.003017,2023-01-01T02:30:46
-4.558884,-4.003017,2023-01-01T02:30:47
-4.558884,-4.003017,2023-01-01T02:30:48
-4.558884,-4.003017,2023-01-01T02:30:49
-4.558884,-4.003017,2023-01-01T02:30:50
-4.558884,-4.003017,2023-01-01T02:30:51
-4.558884,-4.003017,2023-01-01T02:30:52
-4.558884,-4.003017,2023-01-01T02:30:53
-4.558884,-4.003017,2023-01-01T02:30:54
-4.558884,-4.003017,2023-01-01T02:30:55
-4.558884,-4.003017,2023-01-01T02:30:56
-4.558884,-4.003017,2023-01-01T02:30:57
-4.558884,-4.003017,2023-01-01T02:30:58
-4.558884,-4.003017,2023-01-01T02:30:59
-4.558884,-4.003017,2023-01-01T02:31:00
-4.558884,-4.003017,2023-01-01T02:31:01
-4.558884,-4.003017,2023-01-01T02:31:02
-4.558884,-4.003017,2023-01-01T02:31:03
-4.558884,-4.003017,2023-01-01T02:31:04
-4.558884,-4.003017,2023-01-01T02:31:05
-4.558884,-4.003017,2023-01-01T02:31:06
-4.558884,-4.003017,2023-01-01T02:31:07
-4.558884,-4.003017,2023-01-01T02:31:08
-4.558884,-4.003017,2023-01-01T02:31:09
-4.558884,-4.003017,2023-01-01T02:31:10
-4.558884,-4.003017,2023-01-01T02:31:11
-4.558884,-4.003017,2023-01-01T02:31:12
-4.558884,-4.003017,2023-01-01T02:31:13
-4.558884,-4.003017,2023-01-01T02:31:14
-4.558884,-4.003017,2023-01-01T02:31:15
-4.558884,-4.003017,2023-01-01T02:31:16
-4.558884,-4.003017,2023-01-01T02:31:17
-4.558884,-4.003017,2023-01-01T02:31:18
-4.558884,-4.003017,2023-01-01T02:31:19
-4.558884,-4.003017,2023-01-01T02:31:20
-4.558884,-4.003017,2023-01-01T02:31:21
-4.558884,-4.003017,2023-01-01T02:31:22
-4.558884,-4.003017,2023-01-01T02:31:23
-4.558884,-4.003017,2023-01-01T02:31:24
-4.558884,-4.003017,2023-01-01T02:31:25
-4.558884,-4.003017,2023-01-01T02:31:26
-4.558884,-4.003017,2023-01-01T02:31:27
-4.558884,-4.003017,2023-01-01T02:31:28
-4.558884,-4.003017,2023-01-01T02:31:29
-4.558884,-4.003017,2023-01-01T02:31:30
-4.558884,-4.003017,2023-01-01T02:31:31
-4.558884,-4.003017,2023-01-01T02:31:32
-4.558884,-4.003017,2023-01-01T02:31:33
-4.558884,-4.003017,2023-01-01T02:31:34
-4.558884,-4.003017,2023-01-01T02:31:35
-4.558884,-4.003017,2023-01-01T02:31:36
-4.447691,-4.003017,2023-01-01T02:31:37
-4.447691,-4.003017,2023-01-01T02:31:38
-4.447691,-4.003017,2023-01-01T02:31:39
-4.447691,-4.003017,2023-01-01T02:31:40
-4.447691,-4.003017,2023-01-01T02:31:41
-4.447691,-4.003017,2023-01-01T02:31:42
-4.447691,-4.003017,2023-01-01T02:31:43
-4.447691,-4.003017,2023-01-01T02:31:44
-4.447691,-4.003017,2023-01-01T02:31:45
-4.447691,-4.003017,2023-01-01T02:31:46
-4.447691,-4.003017,2023-01-01T02:31:47
-4.447691,-4.003017,2023-01-01T02:31:48
-4.447691,-4.003017,2023-01-01T02:31:49
-4.447691,-4.003017,2023-01-01T02:31:50
-4.447691,-4.003017,2023-01-01T02:31:51
-4.447691,-4.003017,2023-01-01T02:31:52
-4.447691,-4.003017,2023-01-01T02:31:53
-4.447691,-4.003017,2023-01-01T02:31:54
-4.447691,-4.003017,2023-01-01T02:31:55
-4.447691,-4.003017,2023-01-01T02:31:56
-4.447691,-4.003017,2023-01-01T02:31:57
-4.447691,-4.003017,2023-01-01T02:31:58
-4.447691,-4.003017,2023-01-01T02:31:59
-4.447691,-4.003017,2023-01-01T02:32:00
-4.447691,-4.003017,2023-01-01T02:32:01
-4.447691,-4.003017,2023-01-01T02:32:02
-4.447691,-4.003017,2023-01-01T02:32:03
-4.447691,-4.003017,2023-01-01T02:32:04
-4.447691,-4.003017,2023-01-01T02:32:05
-4.447691,-4.003017,2023-01-01T02:32:06
-4.447691,-4.003017,2023-01-01T02:32:07
-4.447691,-4.003017,2023-01-01T02:32:08
-4.447691,-4.003017,2023-01-01T02:32:09
-4.447691,-4.003017,2023-01-01T02:32:10
-4.447691,-4.003017,2023-01-01T02:32:11
-4.447691,-4.003017,2023-01-01T02:32:12
-4.447691,-4.003017,2023-01-01T02:32:13
-4.447691,-4.003017,2023-01-01T02:32:14
-4.447691,-4.003017,2023-01-01T02:32:15
-4.447691,-4.003017,2023-01-01T02:32:16
-4.447691,-4.003017,2023-01-01T02:32:17
-4.447691,-4.003017,2023-01-01T02:32:18
-4.447691,-4.003017,2023-01-01T02:32:19
-4.447691,-4.003017,2023-01-01T02:32:20
-4.447691,-4.003017,2023-01-01T02:32:21
-4.447691,-4.003017,2023-01-01T02:32:22
-4.447691,-4.003017,2023-01-01T02:32:23
-4.447691,-4.003017,2023-01-01T02:32:24
-4.447691,-4.003017,2023-01-01T02:32:25
-4.447691,-4.003017,2023-01-01T02:32:26
-4.447691,-4.003017,2023-01-01T02:32:27
-4.447691,-4.003017,2023-01-01T02:32:28
-4.447691,-4.003017,2023-01-01T02:32:29
-4.447691,-4.003017,2023-01-01T02:32:30
-4.447691,-4.003017,2023-01-01T02:32:31
-4.447691,-4.003017,2023-01-01T02:32:32
-4.447691,-4.003017,2023-01-01T02:32:33
-4.447691,-4.003017,2023-01-01T02:32:34
-4.336499,-4.003017,2023-01-01T02:32:35
-4.336499,-4.003017,2023-01-01T02:32:36
-4.336499,-4.003017,2023-01-01T02:32:37
-4.336499,-4.003017,2023-01-01T02:32:38
-4.336499,-4.003017,2023-01-01T02:32:39
-4.336499,-4.003017,2023-01-01T02:32:40
-4.336499,-4.003017,2023-01-01T02:32:41
-4.336499,-4.003017,2023-01-01T02:32:42
-4.336499,-4.003017,2023-01-01T02:32:43
-4.336499,-4.003017,2023-01-01T02:32:44
-4.336499,-4.003017,2023-01-01T02:32:45
-4.336499,-4.003017,2023-01-01T02:32:46
-4.336499,-4.003017,2023-01-01T02:32:47
-4.336499,-4.003017,2023-01-01T02:32:48
-4.336499,-4.003017,2023-01-01T02:32:49
-4.336499,-4.003017,2023-01-01T02:32:50
-4.336499,-4.003017,2023-01-01T02:32:51
-4.336499,-4.003017,2023-01-01T02:32:52
-4.336499,-4.003017,2023-01-01T02:32:53
-4.336499,-4.003017,2023-01-01T02:32:54
-4.336499,-4.003017,2023-01-01T02:32:55
-4.336499,-4.003017,2023-01-01T02:32:56
-4.336499,-4.003017,2023-01-01T02:32:57
-4.336499,-4.003017,2023-01-01T02:32:58
-4.336499,-4.003017,2023-01-01T02:32:59
-4.336499,-4.003017,2023-01-01T02:33:00
-4.336499,-4.003017,2023-01-01T02:33:01
-4.336499,-4.003017,2023-01-01T02:33:02
-4.336499,-4.003017,2023-01-01T02:33:03
-4.336499,-4.003017,2023-01-01T02:33:04
-4.336499,-4.003017,2023-01-01T02:33:05
-4.336499,-4.003017,2023-01-01T02:33:06
-4.336499,-4.003017,2023-01-01T02:33:07
-4.336499,-4.003017,2023-01-01T02:33:08
-4.336499,-4.003017,2023-01-01T02:33:09
-4.336499,-4.003017,2023-01-01T02:33:10
-4.336499,-4.003017,2023-01-01T02:33:11
-4.336499,-4.003017,2023-01-01T02:33:12
-4.336499,-4.003017,2023-01-01T02:33:13
-4.336499,-4.003017,2023-01-01T02:33:14
-4.336499,-4.003017,2023-01-01T02:33:15
-4.336499,-4.003017,2023-01-01T02:33:16
-4.336499,-4.003017,2023-01-01T02:33:17
-4.336499,-4.003017,2023-01-01T02:33:18
-4.336499,-4.003017,2023-01-01T02:33:19
-4.336499,-4.003017,2023-01-01T02:33:20
-4.336499,-4.003017,2023-01-01T02:33:21
-4.336499,-4.003017,2023-01-01T02:33:22
-4.336499,-4.003017,2023-01-01T02:33:23
-4.336499,-4.003017,2023-01-01T02:33:24
-4.336499,-4.003017,2023-01-01T02:33:25
-4.336499,-4.114212,2023-01-01T02:33:26
-4.336499,-4.114212,2023-01-01T02:33:27
-4.336499,-4.114212,2023-01-01T02:33:28
-4.336499,-4.114212,2023-01-01T02:33:29
-4.336499,-4.114212,2023-01-01T02:33:30
-4.336499,-4.114212,2023-01-01T02:33:31
-4.336499,-4.114212,2023-01-01T02:33:32
-4.336499,-4.114212,2023-01-01T02:33:33
-4.336499,-4.114212,2023-01-01T02:33:34
-4.336499,-4.114212,2023-01-01T02:33:35
-4.336499,-4.114212,2023-01-01T02:33:36
-4.336499,-4.114212,2023-01-01T02:33:37
-4.336499,-4.114212,2023-01-01T02:33:38
-4.336499,-4.114212,2023-01-01T02:33:39
-4.336499,-4.114212,2023-01-01T02:33:40
-4.225307,-4.114212,2023-01-01T02:33:41
-4.225307,-4.114212,2023-01-01T02:33:42
-4.225307,-4.114212,2023-01-01T02:33:43
-4.225307,-4.114212,2023-01-01T02:33:44
-4.225307,-4.114212,2023-01-01T02:33:45
-4.225307,-4.114212,2023-01-01T02:33:46
-4.225307,-4.114212,2023-01-01T02:33:47
-4.225307,-4.114212,2023-01-01T02:33:48
-4.225307,-4.114212,2023-01-01T02:33:49
-4.225307,-4.114212,2023-01-01T02:33:50
-4.225307,-4.114212,2023-01-01T02:33:51
-4.225307,-4.114212,2023-01-01T02:33:52
-4.225307,-4.114212,2023-01-01T02:33:53
-4.225307,-4.114212,2023-01-01T02:33:54
-4.225307,-4.114212,2023-01-01T02:33:55
-4.225307,-4.114212,2023-01-01T02:33:56
-4.225307,-4.114212,2023-01-01T02:33:57
-4.225307,-4.114212,2023-01-01T02:33:58
-4.225307,-4.114212,2023-01-01T02:33:59
-4.225307,-4.114212,2023-01-01T02:34:00
-4.225307,-4.114212,2023-01-01T02:34:01
-4.225307,-4.114212,2023-01-01T02:34:02
-4.225307,-4.114212,2023-01-01T02:34:03
-4.225307,-4.114212,2023-01-01T02:34:04
-4.225307,-4.114212,2023-01-01T02:34:05
-4.225307,-4.114212,2023-01-01T02:34:06
-4.225307,-4.114212,2023-01-01T02:34:07
-4.225307,-4.114212,2023-01-01T02:34:08
-4.225307,-4.114212,2023-01-01T02:34:09
-4.225307,-4.114212,2023-01-01T02:34:10
-4.225307,-4.114212,2023-01-01T02:34:11
-4.225307,-4.114212,2023-01-01T02:34:12
-4.225307,-4.114212,2023-01-01T02:34:13
-4.225307,-4.114212,2023-01-01T02:34:14
-4.225307,-4.114212,2023-01-01T02:34:15
-4.225307,-4.114212,2023-01-01T02:34:16
-4.225307,-4.114212,2023-01-01T02:34:17
-4.225307,-4.114212,2023-01-01T02:34:18
-4.225307,-4.114212,2023-01-01T02:34:19
-4.225307,-4.114212,2023-01-01T02:34:20
-4.225307,-4.114212,2023-01-01T02:34:21
-4.225307,-4.114212,2023-01-01T02:34:22
-4.225307,-4.114212,2023-01-01T02:34:23
-4.225307,-4.114212,2023-01-01T02:34:24
-4.225307,-4.114212,2023-01-01T02:34:25
-4.225307,-4.114212,2023-01-01T02:34:26
-4.225307,-4.114212,2023-01-01T02:34:27
-4.225307,-4.114212,2023-01-01T02:34:28
-4.225307,-4.114212,2023-01-01T02:34:29
-4.225307,-4.114212,2023-01-01T02:34:30
-4.225307,-4.114212,2023-01-01T02:34:31
-4.225307,-4.114212,2023-01-01T02:34:32
-4.225307,-4.114212,2023-01-01T02:34:33
-4.225307,-4.114212,2023-01-01T02:34:34
-4.225307,-4.114212,2023-01-01T02:34:35
-4.225307,-4.114212,2023-01-01T02:34:36
-4.225307,-4.114212,2023-01-01T02:34:37
-4.225307,-4.114212,2023-01-01T02:34:38
-4.225307,-4.114212,2023-01-01T02:34:39
-4.225307,-4.114212,2023-01-01T02:34:40
-4.225307,-4.114212,2023-01-01T02:34:41
-4.225307,-4.114212,2023-01-01T02:34:42
-4.225307,-4.114212,2023-01-01T02:34:43
-4.225307,-4.114212,2023-01-01T02:34:44
-4.225307,-4.114212,2023-01-01T02:34:45
-4.225307,-4.114212,2023-01-01T02:34:46
-4.225307,-4.114212,2023-01-01T02:34:47
-4.225307,-4.114212,2023-01-01T02:34:48
-4.225307,-4.114212,2023-01-01T02:34:49
-4.225307,-4.114212,2023-01-01T02:34:50
-4.225307,-4.114212,2023-01-01T02:34:51
-4.225307,-4.114212,2023-01-01T02:34:52
-4.225307,-4.114212,2023-01-01T02:34:53
-4.225307,-4.114212,2023-01-01T02:34:54
-4.225307,-4.114212,2023-01-01T02:34:55
-4.225307,-4.114212,2023-01-01T02:34:56
-4.225307,-4.114212,2023-01-01T02:34:57
-4.225307,-4.114212,2023-01-01T02:34:58
-4.225307,-4.114212,2023-01-01T02:34:59
-4.225307,-4.114212,2023-01-01T02:35:00
-4.225307,-4.114212,2023-01-01T02:35:01
-4.225307,-4.114212,2023-01-01T02:35:02
-4.225307,-4.114212,2023-01-01T02:35:03
-4.225307,-4.114212,2023-01-01T02:35:04
-4.225307,-4.114212,2023-01-01T02:35:05
-4.225307,-4.114212,2023-01-01T02:35:06
-4.225307,-4.114212,2023-01-01T02:35:07
-4.225307,-4.114212,2023-01-01T02:35:08
-4.225307,-4.114212,2023-01-01T02:35:09
-4.225307,-4.114212,2023-01-01T02:35:10
-4.225307,-4.114212,2023-01-01T02:35:11
-4.225307,-4.114212,2023-01-01T02:35:12
-4.225307,-4.114212,2023-01-01T02:35:13
-4.225307,-4.114212,2023-01-01T02:35:14
-4.225307,-4.114212,2023-01-01T02:35:15
-4.225307,-4.114212,2023-01-01T02:35:16
-4.225307,-4.114212,2023-01-01T02:35:17
-4.225307,-4.114212,2023-01-01T02:35:18
-4.225307,-4.114212,2023-01-01T02:35:19
-4.225307,-4.114212,2023-01-01T02:35:20
-4.225307,-4.114212,2023-01-01T02:35:21
-4.225307,-4.114212,2023-01-01T02:35:22
-4.225307,-4.114212,2023-01-01T02:35:23
-4.225307,-4.114212,2023-01-01T02:35:24
-4.225307,-4.114212,2023-01-01T02:35:25
-4.225307,-4.114212,2023-01-01T02:35:26
-4.225307,-4.114212,2023-01-01T02:35:27
-4.225307,-4.114212,2023-01-01T02:35:28
-4.225307,-4.114212,2023-01-01T02:35:29
-4.225307,-4.114212,2023-01-01T02:35:30
-4.225307,-4.114212,2023-01-01T02:35:31
-4.225307,-4.114212,2023-01-01T02:35:32
-4.225307,-4.114212,2023-01-01T02:35:33
-4.225307,-4.003017,2023-01-01T02:35:34
-4.225307,-4.003017,2023-01-01T02:35:35
-4.225307,-4.003017,2023-01-01T02:35:36
-4.225307,-4.003017,2023-01-01T02:35:37
-4.225307,-4.003017,2023-01-01T02:35:38
-4.225307,-4.003017,2023-01-01T02:35:39
-4.225307,-4.003017,2023-01-01T02:35:40
-4.225307,-4.003017,2023-01-01T02:35:41
-4.225307,-4.003017,2023-01-01T02:35:42
-4.225307,-4.003017,2023-01-01T02:35:43
-4.225307,-4.003017,2023-01-01T02:35:44
-4.225307,-4.003017,2023-01-01T02:35:45
-4.225307,-4.003017,2023-01-01T02:35:46
-4.225307,-4.003017,2023-01-01T02:35:47
-4.225307,-4.003017,2023-01-01T02:35:48
-4.225307,-4.003017,2023-01-01T02:35:49
-4.225307,-4.003017,2023-01-01T02:35:50
-4.225307,-4.003017,2023-01-01T02:35:51
-4.225307,-4.003017,2023-01-01T02:35:52
-4.225307,-4.003017,2023-01-01T02:35:53
-4.225307,-4.003017,2023-01-01T02:35:54
-4.225307,-4.003017,2023-01-01T02:35:55
-4.225307,-4.003017,2023-01-01T02:35:56
-4.225307,-4.003017,2023-01-01T02:35:57
-4.225307,-4.003017,2023-01-01T02:35:58
-4.225307,-4.003017,2023-01-01T02:35:59
-4.225307,-4.003017,2023-01-01T02:36:00
-4.225307,-4.003017,2023-01-01T02:36:01
-4.225307,-4.003017,2023-01-01T02:36:02
-4.225307,-4.003017,2023-01-01T02:36:03
-4.225307,-4.003017,2023-01-01T02:36:04
-4.225307,-4.003017,2023-01-01T02:36:05
-4.225307,-4.003017,2023-01-01T02:36:06
-4.225307,-4.003017,2023-01-01T02:36:07
-4.225307,-4.003017,2023-01-01T02:36:08
-4.225307,-4.003017,2023-01-01T02:36:09
-4.225307,-4.003017,2023-01-01T02:36:10
-4.225307,-4.003017,2023-01-01T02:36:11
-4.225307,-4.003017,2023-01-01T02:36:12
-4.225307,-4.003017,2023-01-01T02:36:13
-4.225307,-4.003017,2023-01-01T02:36:14
-4.225307,-4.003017,2023-01-01T02:36:15
-4.225307,-4.003017,2023-01-01T02:36:16
-4.225307,-4.003017,2023-01-01T02:36:17
-4.225307,-4.003017,2023-01-01T02:36:18
-4.225307,-4.003017,2023-01-01T02:36:19
-4.225307,-4.003017,2023-01-01T02:36:20
-4.225307,-4.003017,2023-01-01T02:36:21
-4.225307,-4.003017,2023-01-01T02:36:22
-4.225307,-4.003017,2023-01-01T02:36:23
-4.225307,-4.003017,2023-01-01T02:36:24
-4.225307,-4.003017,2023-01-01T02:36:25
-4.225307,-4.003017,2023-01-01T02:36:26
-4.225307,-4.003017,2023-01-01T02:36:27
-4.225307,-4.003017,2023-01-01T02:36:28
-4.225307,-4.003017,2023-01-01T02:36:29
-4.225307,-4.003017,2023-01-01T02:36:30
-4.225307,-4.003017,2023-01-01T02:36:31
-4.225307,-4.003017,2023-01-01T02:36:32
-4.225307,-4.003017,2023-01-01T02:36:33
-4.225307,-4.003017,2023-01-01T02:36:34
-4.225307,-4.003017,2023-01-01T02:36:35
-4.225307,-4.003017,2023-01-01T02:36:36
-4.225307,-4.003017,2023-01-01T02:36:37
-4.225307,-4.003017,2023-01-01T02:36:38
-4.225307,-4.003017,2023-01-01T02:36:39
-4.225307,-4.003017,2023-01-01T02:36:40
-4.225307,-4.003017,2023-01-01T02:36:41
-4.225307,-4.003017,2023-01-01T02:36:42
-4.225307,-4.003017,2023-01-01T02:36:43
-4.225307,-4.003017,2023-01-01T02:36:44
-4.225307,-4.003017,2023-01-01T02:36:45
-4.225307,-4.003017,2023-01-01T02:36:46
-4.225307,-4.003017,2023-01-01T02:36:47
-4.225307,-4.003017,2023-01-01T02:36:48
-4.225307,-4.003017,2023-01-01T02:36:49
-4.225307,-4.003017,2023-01-01T02:36:50
-4.225307,-4.003017,2023-01-01T02:36:51
-4.225307,-4.003017,2023-01-01T02:36:52
-4.225307,-4.003017,2023-01-01T02:36:53
-4.225307,-4.003017,2023-01-01T02:36:54
-4.225307,-4.003017,2023-01-01T02:36:55
-4.225307,-4.003017,2023-01-01T02:36:56
-4.225307,-4.003017,2023-01-01T02:36:57
-4.225307,-4.003017,2023-01-01T02:36:58
-4.225307,-4.003017,2023-01-01T02:36:59
-4.225307,-4.003017,2023-01-01T02:37:00
-4.225307,-4.003017,2023-01-01T02:37:01
-4.225307,-4.003017,2023-01-01T02:37:02
-4.225307,-4.003017,2023-01-01T02:37:03
-4.225307,-4.003017,2023-01-01T02:37:04
-4.225307,-4.003017,2023-01-01T02:37:05
-4.225307,-4.003017,2023-01-01T02:37:06
-4.225307,-4.003017,2023-01-01T02:37:07
-4.225307,-4.003017,2023-01-01T02:37:08
-4.225307,-4.003017,2023-01-01T02:37:09
-4.225307,-4.003017,2023-01-01T02:37:10
-4.225307,-4.003017,2023-01-01T02:37:11
-4.225307,-4.003017,2023-01-01T02:37:12
-4.225307,-4.003017,2023-01-01T02:37:13
-4.225307,-4.003017,2023-01-01T02:37:14
-4.225307,-4.003017,2023-01-01T02:37:15
-4.225307,-4.003017,2023-01-01T02:37:16
-4.225307,-4.003017,2023-01-01T02:37:17
-4.225307,-4.003017,2023-01-01T02:37:18
-4.225307,-4.003017,2023-01-01T02:37:19
-4.225307,-4.003017,2023-01-01T02:37:20
-4.225307,-4.003017,2023-01-01T02:37:21
-4.225307,-4.003017,2023-01-01T02:37:22
-4.225307,-4.003017,2023-01-01T02:37:23
-4.225307,-4.003017,2023-01-01T02:37:24
-4.225307,-4.003017,2023-01-01T02:37:25
-4.225307,-4.003017,2023-01-01T02:37:26
-4.225307,-4.003017,2023-01-01T02:37:27
-4.225307,-4.003017,2023-01-01T02:37:28
-4.225307,-4.003017,2023-01-01T02:37:29
-4.225307,-4.003017,2023-01-01T02:37:30
-4.225307,-4.003017,2023-01-01T02:37:31
-4.225307,-4.003017,2023-01-01T02:37:32
-4.225307,-4.003017,2023-01-01T02:37:33
-4.225307,-4.003017,2023-01-01T02:37:34
-4.225307,-4.003017,2023-01-01T02:37:35
-4.225307,-4.003017,2023-01-01T02:37:36
-4.225307,-4.003017,2023-01-01T02:37:37
-4.225307,-4.003017,2023-01-01T02:37:38
-4.225307,-4.003017,2023-01-01T02:37:39
-4.225307,-4.003017,2023-01-01T02:37:40
-4.225307,-4.003017,2023-01-01T02:37:41
-4.225307,-4.003017,2023-01-01T02:37:42
-4.225307,-4.003017,2023-01-01T02:37:43
-4.225307,-4.003017,2023-01-01T02:37:44
-4.225307,-4.003017,2023-01-01T02:37:45
-4.225307,-4.003017,2023-01-01T02:37:46
-4.225307,-4.003017,2023-01-01T02:37:47
-4.225307,-4.003017,2023-01-01T02:37:48
-4.225307,-4.003017,2023-01-01T02:37:49
-4.225307,-4.003017,2023-01-01T02:37:50
-4.225307,-4.003017,2023-01-01T02:37:51
-4.225307,-4.003017,2023-01-01T02:37:52
-4.225307,-4.003017,2023-01-01T02:37:53
-4.225307,-4.003017,2023-01-01T02:37:54
-4.225307,-4.003017,2023-01-01T02:37:55
-4.225307,-4.003017,2023-01-01T02:37:56
-4.225307,-4.003017,2023-01-01T02:37:57
-4.225307,-4.003017,2023-01-01T02:37:58
-4.225307,-4.003017,2023-01-01T02:37:59
-4.225307,-4.003017,2023-01-01T02:38:00
-4.225307,-4.003017,2023-01-01T02:38:01
-4.225307,-4.003017,2023-01-01T02:38:02
-4.225307,-4.003017,2023-01-01T02:38:03
-4.225307,-4.003017,2023-01-01T02:38:04
-4.225307,-4.003017,2023-01-01T02:38:05
-4.225307,-4.003017,2023-01-01T02:38:06
-4.225307,-4.003017,2023-01-01T02:38:07
-4.225307,-4.003017,2023-01-01T02:38:08
-4.225307,-4.003017,2023-01-01T02:38:09
-4.225307,-4.003017,2023-01-01T02:38:10
-4.225307,-4.003017,2023-01-01T02:38:11
-4.225307,-4.003017,2023-01-01T02:38:12
-4.225307,-4.003017,2023-01-01T02:38:13
-4.225307,-4.003017,2023-01-01T02:38:14
-4.225307,-4.003017,2023-01-01T02:38:15
-4.225307,-4.003017,2023-01-01T02:38:16
-4.225307,-4.003017,2023-01-01T02:38:17
-4.225307,-4.003017,2023-01-01T02:38:18
-4.225307,-4.003017,2023-01-01T02:38:19
-4.225307,-4.003017,2023-01-01T02:38:20
-4.225307,-4.003017,2023-01-01T02:38:21
-4.225307,-4.003017,2023-01-01T02:38:22
-4.225307,-4.003017,2023-01-01T02:38:23
-4.225307,-4.003017,2023-01-01T02:38:24
-4.225307,-4.003017,2023-01-01T02:38:25
-4.225307,-4.003017,2023-01-01T02:38:26
-4.225307,-4.003017,2023-01-01T02:38:27
-4.225307,-4.003017,2023-01-01T02:38:28
-4.225307,-4.003017,2023-01-01T02:38:29
-4.225307,-4.003017,2023-01-01T02:38:30
-4.225307,-4.003017,2023-01-01T02:38:31
-4.225307,-4.003017,2023-01-01T02:38:32
-4.225307,-4.003017,2023-01-01T02:38:33
-4.225307,-4.003017,2023-01-01T02:38:34
-4.225307,-4.003017,2023-01-01T02:38:35
-4.225307,-4.003017,2023-01-01T02:38:36
-4.225307,-4.003017,2023-01-01T02:38:37
-4.225307,-4.003017,2023-01-01T02:38:38
-4.225307,-4.003017,2023-01-01T02:38:39
-4.225307,-4.003017,2023-01-01T02:38:40
-4.225307,-4.003017,2023-01-01T02:38:41
-4.225307,-4.003017,2023-01-01T02:38:42
-4.225307,-4.003017,2023-01-01T02:38:43
-4.225307,-4.003017,2023-01-01T02:38:44
-4.225307,-4.003017,2023-01-01T02:38:45
-4.225307,-4.003017,2023-01-01T02:38:46
-4.225307,-4.003017,2023-01-01T02:38:47
-4.225307,-4.003017,2023-01-01T02:38:48
-4.225307,-4.003017,2023-01-01T02:38:49
-4.225307,-4.003017,2023-01-01T02:38:50
-4.225307,-4.003017,2023-01-01T02:38:51
-4.225307,-4.003017,2023-01-01T02:38:52
-4.225307,-4.003017,2023-01-01T02:38:53
-4.225307,-4.003017,2023-01-01T02:38:54
-4.225307,-4.003017,2023-01-01T02:38:55
-4.225307,-4.003017,2023-01-01T02:38:56
-4.225307,-4.003017,2023-01-01T02:38:57
-4.225307,-4.003017,2023-01-01T02:38:58
-4.225307,-4.003017,2023-01-01T02:38:59
-4.225307,-4.003017,2023-01-01T02:39:00
-4.225307,-4.003017,2023-01-01T02:39:01
-4.225307,-4.003017,2023-01-01T02:39:02
-4.225307,-4.003017,2023-01-01T02:39:03
-4.225307,-4.003017,2023-01-01T02:39:04
-4.225307,-4.003017,2023-01-01T02:39:05
-4.225307,-4.003017,2023-01-01T02:39:06
-4.225307,-4.003017,2023-01-01T02:39:07
-4.225307,-4.003017,2023-01-01T02:39:08
-4.225307,-4.003017,2023-01-01T02:39:09
-4.225307,-4.003017,2023-01-01T02:39:10
-4.225307,-4.003017,2023-01-01T02:39:11
-4.225307,-4.003017,2023-01-01T02:39:12
-4.225307,-4.003017,2023-01-01T02:39:13
-4.225307,-4.003017,2023-01-01T02:39:14
-4.225307,-4.003017,2023-01-01T02:39:15
-4.225307,-4.003017,2023-01-01T02:39:16
-4.225307,-4.003017,2023-01-01T02:39:17
-4.225307,-4.003017,2023-01-01T02:39:18
-4.225307,-4.003017,2023-01-01T02:39:19
-4.225307,-4.003017,2023-01-01T02:39:20
-4.225307,-4.003017,2023-01-01T02:39:21
-4.225307,-4.003017,2023-01-01T02:39:22
-4.225307,-4.003017,2023-01-01T02:39:23
-4.225307,-4.003017,2023-01-01T02:39:24
-4.225307,-4.003017,2023-01-01T02:39:25
-4.225307,-4.003017,2023-01-01T02:39:26
-4.225307,-4.003017,2023-01-01T02:39:27
-4.225307,-4.003017,2023-01-01T02:39:28
-4.225307,-4.003017,2023-01-01T02:39:29
-4.225307,-4.003017,2023-01-01T02:39:30
-4.225307,-4.003017,2023-01-01T02:39:31
-4.225307,-4.003017,2023-01-01T02:39:32
-4.225307,-4.003017,2023-01-01T02:39:33
-4.225307,-4.003017,2023-01-01T02:39:34
-4.225307,-4.003017,2023-01-01T02:39:35
-4.225307,-4.003017,2023-01-01T02:39:36
-4.225307,-4.003017,2023-01-01T02:39:37
-4.225307,-4.003017,2023-01-01T02:39:38
-4.225307,-4.003017,2023-01-01T02:39:39
-4.225307,-4.003017,2023-01-01T02:39:40
-4.225307,-4.114212,2023-01-01T02:39:41
-4.225307,-4.114212,2023-01-01T02:39:42
-4.225307,-4.114212,2023-01-01T02:39:43
-4.225307,-4.114212,2023-01-01T02:39:44
-4.225307,-4.114212,2023-01-01T02:39:45
-4.225307,-4.114212,2023-01-01T02:39:46
-4.225307,-4.114212,2023-01-01T02:39:47
-4.225307,-4.114212,2023-01-01T02:39:48
-4.225307,-4.114212,2023-01-01T02:39:49
-4.225307,-4.114212,2023-01-01T02:39:50
-4.225307,-4.114212,2023-01-01T02:39:51
-4.225307,-4.114212,2023-01-01T02:39:52
-4.225307,-4.114212,2023-01-01T02:39:53
-4.225307,-4.114212,2023-01-01T02:39:54
-4.225307,-4.114212,2023-01-01T02:39:55
-4.225307,-4.114212,2023-01-01T02:39:56
-4.225307,-4.114212,2023-01-01T02:39:57
-4.225307,-4.114212,2023-01-01T02:39:58
-4.225307,-4.114212,2023-01-01T02:39:59
-4.225307,-4.114212,2023-01-01T02:40:00
-4.225307,-4.114212,2023-01-01T02:40:01
-4.225307,-4.114212,2023-01-01T02:40:02
-4.225307,-4.114212,2023-01-01T02:40:03
-4.225307,-4.114212,2023-01-01T02:40:04
-4.225307,-4.114212,2023-01-01T02:40:05
-4.225307,-4.114212,2023-01-01T02:40:06
-4.225307,-4.114212,2023-01-01T02:40:07
-4.225307,-4.114212,2023-01-01T02:40:08
-4.225307,-4.114212,2023-01-01T02:40:09
-4.225307,-4.114212,2023-01-01T02:40:10
-4.225307,-4.114212,2023-01-01T02:40:11
-4.225307,-4.114212,2023-01-01T02:40:12
-4.225307,-4.114212,2023-01-01T02:40:13
-4.225307,-4.114212,2023-01-01T02:40:14
-4.225307,-4.114212,2023-01-01T02:40:15
-4.225307,-4.114212,2023-01-01T02:40:16
-4.225307,-4.114212,2023-01-01T02:40:17
-4.225307,-4.114212,2023-01-01T02:40:18
-4.225307,-4.114212,2023-01-01T02:40:19
-4.225307,-4.114212,2023-01-01T02:40:20
-4.225307,-4.114212,2023-01-01T02:40:21
-4.225307,-4.114212,2023-01-01T02:40:22
-4.225307,-4.114212,2023-01-01T02:40:23
-4.225307,-4.114212,2023-01-01T02:40:24
-4.225307,-4.114212,2023-01-01T02:40:25
-4.225307,-4.114212,2023-01-01T02:40:26
-4.225307,-4.114212,2023-01-01T02:40:27
-4.225307,-4.114212,2023-01-01T02:40:28
-4.225307,-4.114212,2023-01-01T02:40:29
-4.225307,-4.114212,2023-01-01T02:40:30
-4.225307,-4.114212,2023-01-01T02:40:31
-4.225307,-4.114212,2023-01-01T02:40:32
-4.225307,-4.114212,2023-01-01T02:40:33
-4.225307,-4.114212,2023-01-01T02:40:34
-4.225307,-4.114212,2023-01-01T02:40:35
-4.225307,-4.114212,2023-01-01T02:40:36
-4.225307,-4.114212,2023-01-01T02:40:37
-4.225307,-4.114212,2023-01-01T02:40:38
-4.225307,-4.114212,2023-01-01T02:40:39
-4.225307,-4.114212,2023-01-01T02:40:40
-4.225307,-4.114212,2023-01-01T02:40:41
-4.225307,-4.114212,2023-01-01T02:40:42
-4.225307,-4.114212,2023-01-01T02:40:43
-4.225307,-4.114212,2023-01-01T02:40:44
-4.225307,-4.114212,2023-01-01T02:40:45
-4.225307,-4.114212,2023-01-01T02:40:46
-4.225307,-4.114212,2023-01-01T02:40:47
-4.225307,-4.114212,2023-01-01T02:40:48
-4.225307,-4.114212,2023-01-01T02:40:49
-4.225307,-4.114212,2023-01-01T02:40:50
-4.225307,-4.114212,2023-01-01T02:40:51
-4.225307,-4.114212,2023-01-01T02:40:52
-4.225307,-4.114212,2023-01-01T02:40:53
-4.225307,-4.114212,2023-01-01T02:40:54
-4.225307,-4.114212,2023-01-01T02:40:55
-4.225307,-4.114212,2023-01-01T02:40:56
-4.225307,-4.114212,2023-01-01T02:40:57
-4.225307,-4.114212,2023-01-01T02:40:58
-4.225307,-4.114212,2023-01-01T02:40:59
-4.225307,-4.114212,2023-01-01T02:41:00
-4.225307,-4.114212,2023-01-01T02:41:01
-4.225307,-4.114212,2023-01-01T02:41:02
-4.225307,-4.114212,2023-01-01T02:41:03
-4.225307,-4.114212,2023-01-01T02:41:04
-4.225307,-4.114212,2023-01-01T02:41:05
-4.225307,-4.114212,2023-01-01T02:41:06
-4.225307,-4.114212,2023-01-01T02:41:07
-4.225307,-4.114212,2023-01-01T02:41:08
-4.225307,-4.114212,2023-01-01T02:41:09
-4.225307,-4.114212,2023-01-01T02:41:10
-4.225307,-4.114212,2023-01-01T02:41:11
-4.225307,-4.114212,2023-01-01T02:41:12
-4.225307,-4.114212,2023-01-01T02:41:13
-4.225307,-4.114212,2023-01-01T02:41:14
-4.225307,-4.114212,2023-01-01T02:41:15
-4.225307,-4.114212,2023-01-01T02:41:16
-4.225307,-4.114212,2023-01-01T02:41:17
-4.225307,-4.114212,2023-01-01T02:41:18
-4.225307,-4.114212,2023-01-01T02:41:19
-4.225307,-4.114212,2023-01-01T02:41:20
-4.225307,-4.114212,2023-01-01T02:41:21
-4.225307,-4.114212,2023-01-01T02:41:22
-4.225307,-4.114212,2023-01-01T02:41:23
-4.225307,-4.114212,2023-01-01T02:41:24
-4.225307,-4.114212,2023-01-01T02:41:25
-4.225307,-4.114212,2023-01-01T02:41:26
-4.225307,-4.114212,2023-01-01T02:41:27
-4.225307,-4.114212,2023-01-01T02:41:28
-4.225307,-4.114212,2023-01-01T02:41:29
-4.225307,-4.114212,2023-01-01T02:41:30
-4.225307,-4.114212,2023-01-01T02:41:31
-4.225307,-4.114212,2023-01-01T02:41:32
-4.225307,-4.114212,2023-01-01T02:41:33
-4.225307,-4.114212,2023-01-01T02:41:34
-4.225307,-4.114212,2023-01-01T02:41:35
-4.225307,-4.114212,2023-01-01T02:41:36
-4.225307,-4.114212,2023-01-01T02:41:37
-4.225307,-4.114212,2023-01-01T02:41:38
-4.225307,-4.114212,2023-01-01T02:41:39
-4.225307,-4.114212,2023-01-01T02:41:40
-4.225307,-4.114212,2023-01-01T02:41:41
-4.225307,-4.114212,2023-01-01T02:41:42
-4.225307,-4.114212,2023-01-01T02:41:43
-4.225307,-4.114212,2023-01-01T02:41:44
-4.225307,-4.114212,2023-01-01T02:41:45
-4.225307,-4.114212,2023-01-01T02:41:46
-4.225307,-4.114212,2023-01-01T02:41:47
-4.225307,-4.114212,2023-01-01T02:41:48
-4.225307,-4.114212,2023-01-01T02:41:49
-4.225307,-4.114212,2023-01-01T02:41:50
-4.225307,-4.114212,2023-01-01T02:41:51
-4.225307,-4.114212,2023-01-01T02:41:52
-4.225307,-4.114212,2023-01-01T02:41:53
-4.225307,-4.114212,2023-01-01T02:41:54
-4.225307,-4.114212,2023-01-01T02:41:55
-4.225307,-4.114212,2023-01-01T02:41:56
-4.225307,-4.114212,2023-01-01T02:41:57
-4.225307,-4.114212,2023-01-01T02:41:58
-4.225307,-4.114212,2023-01-01T02:41:59
-4.225307,-4.114212,2023-01-01T02:42:00
-4.225307,-4.114212,2023-01-01T02:42:01
-4.225307,-4.114212,2023-01-01T02:42:02
-4.225307,-4.114212,2023-01-01T02:42:03
-4.225307,-4.114212,2023-01-01T02:42:04
-4.225307,-4.114212,2023-01-01T02:42:05
-4.225307,-4.114212,2023-01-01T02:42:06
-4.225307,-4.114212,2023-01-01T02:42:07
-4.225307,-4.114212,2023-01-01T02:42:08
-4.225307,-4.114212,2023-01-01T02:42:09
-4.225307,-4.114212,2023-01-01T02:42:10
-4.225307,-4.114212,2023-01-01T02:42:11
-4.225307,-4.114212,2023-01-01T02:42:12
-4.225307,-4.114212,2023-01-01T02:42:13
-4.225307,-4.114212,2023-01-01T02:42:14
-4.225307,-4.114212,2023-01-01T02:42:15
-4.225307,-4.114212,2023-01-01T02:42:16
-4.225307,-4.114212,2023-01-01T02:42:17
-4.225307,-4.114212,2023-01-01T02:42:18
-4.225307,-4.003017,2023-01-01T02:42:19
-4.225307,-4.003017,2023-01-01T02:42:20
-4.225307,-4.003017,2023-01-01T02:42:21
-4.225307,-4.003017,2023-01-01T02:42:22
-4.225307,-4.003017,2023-01-01T02:42:23
-4.225307,-4.003017,2023-01-01T02:42:24
-4.225307,-4.003017,2023-01-01T02:42:25
-4.225307,-4.003017,2023-01-01T02:42:26
-4.225307,-4.003017,2023-01-01T02:42:27
-4.225307,-4.003017,2023-01-01T02:42:28
-4.225307,-4.003017,2023-01-01T02:42:29
-4.225307,-4.003017,2023-01-01T02:42:30
-4.225307,-4.003017,2023-01-01T02:42:31
-4.225307,-4.003017,2023-01-01T02:42:32
-4.225307,-4.003017,2023-01-01T02:42:33
-4.225307,-4.003017,2023-01-01T02:42:34
-4.225307,-4.003017,2023-01-01T02:42:35
-4.225307,-4.003017,2023-01-01T02:42:36
-4.225307,-4.003017,2023-01-01T02:42:37
-4.225307,-4.003017,2023-01-01T02:42:38
-4.225307,-4.003017,2023-01-01T02:42:39
-4.225307,-4.003017,2023-01-01T02:42:40
-4.225307,-4.003017,2023-01-01T02:42:41
-4.225307,-4.003017,2023-01-01T02:42:42
-4.225307,-4.003017,2023-01-01T02:42:43
-4.225307,-4.003017,2023-01-01T02:42:44
-4.225307,-4.003017,2023-01-01T02:42:45
-4.225307,-4.003017,2023-01-01T02:42:46
-4.225307,-4.003017,2023-01-01T02:42:47
-4.225307,-4.003017,2023-01-01T02:42:48
-4.225307,-4.003017,2023-01-01T02:42:49
-4.225307,-4.003017,2023-01-01T02:42:50
-4.225307,-4.003017,2023-01-01T02:42:51
-4.225307,-4.003017,2023-01-01T02:42:52
-4.225307,-4.003017,2023-01-01T02:42:53
-4.225307,-4.003017,2023-01-01T02:42:54
-4.114115,-4.003017,2023-01-01T02:42:55
-4.114115,-4.003017,2023-01-01T02:42:56
-4.114115,-4.003017,2023-01-01T02:42:57
-4.114115,-4.003017,2023-01-01T02:42:58
-4.114115,-4.003017,2023-01-01T02:42:59
-4.114115,-4.003017,2023-01-01T02:43:00
-4.114115,-4.003017,2023-01-01T02:43:01
-4.114115,-4.003017,2023-01-01T02:43:02
-4.114115,-4.003017,2023-01-01T02:43:03
-4.114115,-4.003017,2023-01-01T02:43:04
-4.114115,-4.003017,2023-01-01T02:43:05
-4.114115,-4.003017,2023-01-01T02:43:06
-4.114115,-4.003017,2023-01-01T02:43:07
-4.114115,-4.003017,2023-01-01T02:43:08
-4.114115,-4.003017,2023-01-01T02:43:09
-4.114115,-4.003017,2023-01-01T02:43:10
-4.114115,-4.003017,2023-01-01T02:43:11
-4.114115,-4.003017,2023-01-01T02:43:12
-4.114115,-4.003017,2023-01-01T02:43:13
-4.114115,-4.003017,2023-01-01T02:43:14
-4.114115,-4.003017,2023-01-01T02:43:15
-4.114115,-4.003017,2023-01-01T02:43:16
-4.114115,-4.003017,2023-01-01T02:43:17
-4.114115,-4.003017,2023-01-01T02:43:18
-4.114115,-4.003017,2023-01-01T02:43:19
-4.114115,-4.003017,2023-01-01T02:43:20
-4.114115,-4.003017,2023-01-01T02:43:21
-4.114115,-4.003017,2023-01-01T02:43:22
-4.114115,-4.003017,2023-01-01T02:43:23
-4.114115,-4.003017,2023-01-01T02:43:24
-4.114115,-4.003017,2023-01-01T02:43:25
-4.114115,-4.003017,2023-01-01T02:43:26
-4.114115,-4.003017,2023-01-01T02:43:27
-4.114115,-4.003017,2023-01-01T02:43:28
-4.114115,-4.003017,2023-01-01T02:43:29
-4.114115,-4.003017,2023-01-01T02:43:30
-4.114115,-4.003017,2023-01-01T02:43:31
-4.114115,-4.003017,2023-01-01T02:43:32
-4.114115,-4.003017,2023-01-01T02:43:33
-4.114115,-4.003017,2023-01-01T02:43:34
-4.114115,-4.003017,2023-01-01T02:43:35
-4.114115,-4.003017,2023-01-01T02:43:36
-4.114115,-4.003017,2023-01-01T02:43:37
-4.114115,-4.003017,2023-01-01T02:43:38
-4.114115,-4.003017,2023-01-01T02:43:39
-4.114115,-4.003017,2023-01-01T02:43:40
-4.114115,-4.003017,2023-01-01T02:43:41
-4.114115,-4.003017,2023-01-01T02:43:42
-4.114115,-4.003017,2023-01-01T02:43:43
-4.114115,-4.003017,2023-01-01T02:43:44
-4.114115,-4.003017,2023-01-01T02:43:45
-4.114115,-4.003017,2023-01-01T02:43:46
-4.114115,-4.003017,2023-01-01T02:43:47
-4.114115,-4.003017,2023-01-01T02:43:48
-4.114115,-4.003017,2023-01-01T02:43:49
-4.114115,-4.003017,2023-01-01T02:43:50
-4.114115,-4.003017,2023-01-01T02:43:51
-4.114115,-4.003017,2023-01-01T02:43:52
-4.114115,-4.003017,2023-01-01T02:43:53
-4.114115,-4.003017,2023-01-01T02:43:54
-4.114115,-4.003017,2023-01-01T02:43:55
-4.114115,-4.003017,2023-01-01T02:43:56
-4.114115,-4.003017,2023-01-01T02:43:57
-4.114115,-4.003017,2023-01-01T02:43:58
-4.114115,-4.003017,2023-01-01T02:43:59
-4.114115,-4.003017,2023-01-01T02:44:00
-4.114115,-4.003017,2023-01-01T02:44:01
-4.114115,-4.003017,2023-01-01T02:44:02
-4.114115,-4.003017,2023-01-01T02:44:03
-4.114115,-4.003017,2023-01-01T02:44:04
-4.002922,-4.003017,2023-01-01T02:44:05
-4.002922,-4.003017,2023-01-01T02:44:06
-4.002922,-4.003017,2023-01-01T02:44:07
-4.002922,-4.003017,2023-01-01T02:44:08
-4.002922,-4.003017,2023-01-01T02:44:09
-4.002922,-4.003017,2023-01-01T02:44:10
-4.002922,-4.003017,2023-01-01T02:44:11
-4.002922,-4.003017,2023-01-01T02:44:12
-4.002922,-4.003017,2023-01-01T02:44:13
-4.002922,-4.003017,2023-01-01T02:44:14
-4.002922,-4.003017,2023-01-01T02:44:15
-4.002922,-4.003017,2023-01-01T02:44:16
-4.002922,-4.003017,2023-01-01T02:44:17
-4.002922,-4.003017,2023-01-01T02:44:18
-4.002922,-4.003017,2023-01-01T02:44:19
-4.002922,-4.003017,2023-01-01T02:44:20
-4.002922,-4.003017,2023-01-01T02:44:21
-4.002922,-4.003017,2023-01-01T02:44:22
-4.002922,-4.003017,2023-01-01T02:44:23
-4.002922,-4.003017,2023-01-01T02:44:24
-4.002922,-4.003017,2023-01-01T02:44:25
-4.002922,-4.003017,2023-01-01T02:44:26
-4.002922,-4.003017,2023-01-01T02:44:27
-4.002922,-4.003017,2023-01-01T02:44:28
-4.002922,-4.003017,2023-01-01T02:44:29
-4.002922,-4.003017,2023-01-01T02:44:30
-4.002922,-4.003017,2023-01-01T02:44:31
-4.002922,-4.003017,2023-01-01T02:44:32
-4.002922,-4.003017,2023-01-01T02:44:33
-4.002922,-4.003017,2023-01-01T02:44:34
-4.002922,-4.003017,2023-01-01T02:44:35
-4.002922,-4.003017,2023-01-01T02:44:36
-4.002922,-4.003017,2023-01-01T02:44:37
-4.002922,-4.003017,2023-01-01T02:44:38
-4.002922,-4.003017,2023-01-01T02:44:39
-4.002922,-4.003017,2023-01-01T02:44:40
-4.002922,-4.003017,2023-01-01T02:44:41
-4.002922,-4.003017,2023-01-01T02:44:42
-4.002922,-4.003017,2023-01-01T02:44:43
-4.002922,-4.003017,2023-01-01T02:44:44
-4.002922,-4.003017,2023-01-01T02:44:45
-4.002922,-4.003017,2023-01-01T02:44:46
-4.002922,-4.003017,2023-01-01T02:44:47
-4.002922,-4.003017,2023-01-01T02:44:48
-4.002922,-4.003017,2023-01-01T02:44:49
-4.002922,-4.003017,2023-01-01T02:44:50
-4.002922,-4.003017,2023-01-01T02:44:51
-4.002922,-4.003017,2023-01-01T02:44:52
-4.002922,-4.003017,2023-01-01T02:44:53
-4.002922,-4.003017,2023-01-01T02:44:54
-4.002922,-4.003017,2023-01-01T02:44:55
-4.002922,-4.003017,2023-01-01T02:44:56
-4.002922,-4.003017,2023-01-01T02:44:57
-4.002922,-4.003017,2023-01-01T02:44:58
-4.002922,-4.003017,2023-01-01T02:44:59
-4.002922,-4.003017,2023-01-01T02:45:00
-4.002922,-4.003017,2023-01-01T02:45:01
-4.002922,-4.003017,2023-01-01T02:45:02
-4.002922,-4.003017,2023-01-01T02:45:03
-4.002922,-4.003017,2023-01-01T02:45:04
-4.002922,-4.003017,2023-01-01T02:45:05
-4.002922,-4.003017,2023-01-01T02:45:06
-4.002922,-4.003017,2023-01-01T02:45:07
-4.002922,-4.003017,2023-01-01T02:45:08
-4.002922,-4.003017,2023-01-01T02:45:09
-4.002922,-4.003017,2023-01-01T02:45:10
-4.002922,-4.003017,2023-01-01T02:45:11
-4.002922,-4.003017,2023-01-01T02:45:12
-4.002922,-4.003017,2023-01-01T02:45:13
-4.002922,-4.003017,2023-01-01T02:45:14
-4.002922,-4.003017,2023-01-01T02:45:15
-4.002922,-4.003017,2023-01-01T02:45:16
-4.002922,-4.003017,2023-01-01T02:45:17
-4.002922,-4.003017,2023-01-01T02:45:18
-4.002922,-4.003017,2023-01-01T02:45:19
-4.002922,-4.003017,2023-01-01T02:45:20
-4.002922,-4.003017,2023-01-01T02:45:21
-4.002922,-4.003017,2023-01-01T02:45:22
-4.002922,-4.003017,2023-01-01T02:45:23
-3.891730,-4.003017,2023-01-01T02:45:24
-3.891730,-4.003017,2023-01-01T02:45:25
-3.891730,-4.003017,2023-01-01T02:45:26
-3.891730,-4.003017,2023-01-01T02:45:27
-3.891730,-4.003017,2023-01-01T02:45:28
-3.891730,-4.003017,2023-01-01T02:45:29
-3.891730,-4.003017,2023-01-01T02:45:30
-3.891730,-4.003017,2023-01-01T02:45:31
-3.891730,-4.003017,2023-01-01T02:45:32
-3.891730,-4.003017,2023-01-01T02:45:33
-3.891730,-4.003017,2023-01-01T02:45:34
-3.891730,-4.003017,2023-01-01T02:45:35
-3.891730,-4.003017,2023-01-01T02:45:36
-3.891730,-4.003017,2023-01-01T02:45:37
-3.891730,-4.003017,2023-01-01T02:45:38
-3.891730,-4.003017,2023-01-01T02:45:39
-3.891730,-4.003017,2023-01-01T02:45:40
-3.891730,-4.003017,2023-01-01T02:45:41
-3.891730,-4.003017,2023-01-01T02:45:42
-3.780538,-4.003017,2023-01-01T02:45:43
-3.780538,-4.114212,2023-01-01T02:45:44
-3.780538,-4.114212,2023-01-01T02:45:45
-3.780538,-4.114212,2023-01-01T02:45:46
-3.780538,-4.114212,2023-01-01T02:45:47
-3.780538,-4.114212,2023-01-01T02:45:48
-3.780538,-4.114212,2023-01-01T02:45:49
-3.780538,-4.114212,2023-01-01T02:45:50
-3.780538,-4.114212,2023-01-01T02:45:51
-3.780538,-4.114212,2023-01-01T02:45:52
-3.780538,-4.114212,2023-01-01T02:45:53
-3.780538,-4.114212,2023-01-01T02:45:54
-3.780538,-4.114212,2023-01-01T02:45:55
-3.780538,-4.114212,2023-01-01T02:45:56
-3.669345,-4.114212,2023-01-01T02:45:57
-3.669345,-4.114212,2023-01-01T02:45:58
-3.669345,-4.114212,2023-01-01T02:45:59
-3.669345,-4.114212,2023-01-01T02:46:00
-3.669345,-4.114212,2023-01-01T02:46:01
-3.669345,-4.114212,2023-01-01T02:46:02
-3.669345,-4.114212,2023-01-01T02:46:03
-3.669345,-4.114212,2023-01-01T02:46:04
-3.669345,-4.114212,2023-01-01T02:46:05
-3.669345,-4.114212,2023-01-01T02:46:06
-3.669345,-4.114212,2023-01-01T02:46:07
-3.669345,-4.114212,2023-01-01T02:46:08
-3.669345,-4.114212,2023-01-01T02:46:09
-3.669345,-4.114212,2023-01-01T02:46:10
-3.669345,-4.114212,2023-01-01T02:46:11
-3.669345,-4.114212,2023-01-01T02:46:12
-3.669345,-4.225407,2023-01-01T02:46:13
-3.669345,-4.225407,2023-01-01T02:46:14
-3.669345,-4.225407,2023-01-01T02:46:15
-3.669345,-4.225407,2023-01-01T02:46:16
-3.669345,-4.225407,2023-01-01T02:46:17
-3.669345,-4.225407,2023-01-01T02:46:18
-3.558153,-4.225407,2023-01-01T02:46:19
-3.558153,-4.225407,2023-01-01T02:46:20
-3.558153,-4.225407,2023-01-01T02:46:21
-3.558153,-4.225407,2023-01-01T02:46:22
-3.558153,-4.225407,2023-01-01T02:46:23
-3.558153,-4.225407,2023-01-01T02:46:24
-3.558153,-4.225407,2023-01-01T02:46:25
-3.558153,-4.225407,2023-01-01T02:46:26
-3.558153,-4.225407,2023-01-01T02:46:27
-3.558153,-4.225407,2023-01-01T02:46:28
-3.558153,-4.225407,2023-01-01T02:46:29
-3.558153,-4.225407,2023-01-01T02:46:30
-3.558153,-4.225407,2023-01-01T02:46:31
-3.558153,-4.225407,2023-01-01T02:46:32
-3.558153,-4.225407,2023-01-01T02:46:33
-3.558153,-4.225407,2023-01-01T02:46:34
-3.558153,-4.225407,2023-01-01T02:46:35
-3.558153,-4.225407,2023-01-01T02:46:36
-3.558153,-4.225407,2023-01-01T02:46:37
-3.558153,-4.225407,2023-01-01T02:46:38
-3.558153,-4.225407,2023-01-01T02:46:39
-3.558153,-4.225407,2023-01-01T02:46:40
-3.558153,-4.225407,2023-01-01T02:46:41
-3.558153,-4.225407,2023-01-01T02:46:42
-3.558153,-4.225407,2023-01-01T02:46:43
-3.558153,-4.225407,2023-01-01T02:46:44
-3.558153,-4.225407,2023-01-01T02:46:45
-3.558153,-4.225407,2023-01-01T02:46:46
-3.558153,-4.114212,2023-01-01T02:46:47
-3.558153,-4.114212,2023-01-01T02:46:48
-3.558153,-4.114212,2023-01-01T02:46:49
-3.558153,-4.114212,2023-01-01T02:46:50
-3.558153,-4.114212,2023-01-01T02:46:51
-3.558153,-4.114212,2023-01-01T02:46:52
-3.558153,-4.114212,2023-01-01T02:46:53
-3.558153,-4.114212,2023-01-01T02:46:54
-3.558153,-4.114212,2023-01-01T02:46:55
-3.558153,-4.114212,2023-01-01T02:46:56
-3.558153,-4.114212,2023-01-01T02:46:57
-3.558153,-4.114212,2023-01-01T02:46:58
-3.558153,-4.114212,2023-01-01T02:46:59
-3.558153,-4.114212,2023-01-01T02:47:00
-3.558153,-4.114212,2023-01-01T02:47:01
-3.558153,-4.114212,2023-01-01T02:47:02
-3.558153,-4.114212,2023-01-01T02:47:03
-3.558153,-4.114212,2023-01-01T02:47:04
-3.558153,-4.114212,2023-01-01T02:47:05
-3.558153,-4.114212,2023-01-01T02:47:06
-3.669345,-4.114212,2023-01-01T02:47:07
-3.669345,-4.114212,2023-01-01T02:47:08
-3.669345,-4.114212,2023-01-01T02:47:09
-3.669345,-4.114212,2023-01-01T02:47:10
-3.669345,-4.114212,2023-01-01T02:47:11
-3.669345,-4.114212,2023-01-01T02:47:12
-3.669345,-4.114212,2023-01-01T02:47:13
-3.669345,-4.114212,2023-01-01T02:47:14
-3.669345,-4.114212,2023-01-01T02:47:15
-3.669345,-4.114212,2023-01-01T02:47:16
-3.669345,-4.003017,2023-01-01T02:47:17
-3.669345,-4.003017,2023-01-01T02:47:18
-3.669345,-4.003017,2023-01-01T02:47:19
-3.669345,-4.003017,2023-01-01T02:47:20
-3.669345,-4.003017,2023-01-01T02:47:21
-3.669345,-4.003017,2023-01-01T02:47:22
-3.669345,-4.003017,2023-01-01T02:47:23
-3.669345,-4.003017,2023-01-01T02:47:24
-3.669345,-4.003017,2023-01-01T02:47:25
-3.669345,-4.003017,2023-01-01T02:47:26
-3.669345,-4.003017,2023-01-01T02:47:27
-3.669345,-4.003017,2023-01-01T02:47:28
-3.669345,-4.003017,2023-01-01T02:47:29
-3.669345,-4.003017,2023-01-01T02:47:30
-3.669345,-4.003017,2023-01-01T02:47:31
-3.669345,-4.003017,2023-01-01T02:47:32
-3.669345,-4.003017,2023-01-01T02:47:33
-3.669345,-4.003017,2023-01-01T02:47:34
-3.669345,-4.003017,2023-01-01T02:47:35
-3.669345,-4.003017,2023-01-01T02:47:36
-3.669345,-4.003017,2023-01-01T02:47:37
-3.669345,-4.003017,2023-01-01T02:47:38
-3.669345,-4.003017,2023-01-01T02:47:39
-3.669345,-4.003017,2023-01-01T02:47:40
-3.669345,-4.003017,2023-01-01T02:47:41
-3.669345,-4.003017,2023-01-01T02:47:42
-3.669345,-4.003017,2023-01-01T02:47:43
-3.669345,-4.003017,2023-01-01T02:47:44
-3.669345,-4.003017,2023-01-01T02:47:45
-3.669345,-3.891822,2023-01-01T02:47:46
-3.669345,-3.891822,2023-01-01T02:47:47
-3.669345,-3.891822,2023-01-01T02:47:48
-3.669345,-3.891822,2023-01-01T02:47:49
-3.669345,-3.891822,2023-01-01T02:47:50
-3.669345,-3.891822,2023-01-01T02:47:51
-3.669345,-3.891822,2023-01-01T02:47:52
-3.669345,-3.891822,2023-01-01T02:47:53
-3.669345,-3.891822,2023-01-01T02:47:54
-3.669345,-3.891822,2023-01-01T02:47:55
-3.669345,-3.891822,2023-01-01T02:47:56
-3.669345,-3.891822,2023-01-01T02:47:57
-3.669345,-3.891822,2023-01-01T02:47:58
-3.669345,-3.891822,2023-01-01T02:47:59
-3.669345,-3.891822,2023-01-01T02:48:00
-3.669345,-3.891822,2023-01-01T02:48:01
-3.669345,-3.891822,2023-01-01T02:48:02
-3.669345,-3.891822,2023-01-01T02:48:03
-3.669345,-3.891822,2023-01-01T02:48:04
-3.669345,-3.891822,2023-01-01T02:48:05
-3.669345,-3.891822,2023-01-01T02:48:06
-3.669345,-3.891822,2023-01-01T02:48:07
-3.669345,-3.891822,2023-01-01T02:48:08
-3.669345,-3.891822,2023-01-01T02:48:09
-3.669345,-3.891822,2023-01-01T02:48:10
-3.669345,-3.891822,2023-01-01T02:48:11
-3.669345,-3.891822,2023-01-01T02:48:12
-3.669345,-3.891822,2023-01-01T02:48:13
-3.669345,-3.891822,2023-01-01T02:48:14
-3.669345,-3.891822,2023-01-01T02:48:15
-3.669345,-3.891822,2023-01-01T02:48:16
-3.669345,-3.891822,2023-01-01T02:48:17
-3.669345,-3.891822,2023-01-01T02:48:18
-3.669345,-3.891822,2023-01-01T02:48:19
-3.669345,-3.891822,2023-01-01T02:48:20
-3.669345,-3.891822,2023-01-01T02:48:21
-3.669345,-3.891822,2023-01-01T02:48:22
-3.669345,-3.891822,2023-01-01T02:48:23
-3.669345,-3.891822,2023-01-01T02:48:24
-3.669345,-3.891822,2023-01-01T02:48:25
-3.669345,-3.891822,2023-01-01T02:48:26
-3.669345,-3.891822,2023-01-01T02:48:27
-3.669345,-3.891822,2023-01-01T02:48:28
-3.669345,-3.891822,2023-01-01T02:48:29
-3.669345,-3.891822,2023-01-01T02:48:30
-3.669345,-3.780628,2023-01-01T02:48:31
-3.669345,-3.780628,2023-01-01T02:48:32
-3.669345,-3.780628,2023-01-01T02:48:33
-3.669345,-3.780628,2023-01-01T02:48:34
-3.669345,-3.780628,2023-01-01T02:48:35
-3.669345,-3.780628,2023-01-01T02:48:36
-3.669345,-3.780628,2023-01-01T02:48:37
-3.669345,-3.780628,2023-01-01T02:48:38
-3.669345,-3.780628,2023-01-01T02:48:39
-3.669345,-3.780628,2023-01-01T02:48:40
-3.669345,-3.780628,2023-01-01T02:48:41
-3.669345,-3.780628,2023-01-01T02:48:42
-3.669345,-3.780628,2023-01-01T02:48:43
-3.669345,-3.780628,2023-01-01T02:48:44
-3.669345,-3.780628,2023-01-01T02:48:45
-3.669345,-3.780628,2023-01-01T02:48:46
-3.669345,-3.780628,2023-01-01T02:48:47
-3.669345,-3.780628,2023-01-01T02:48:48
-3.669345,-3.780628,2023-01-01T02:48:49
-3.669345,-3.780628,2023-01-01T02:48:50
-3.669345,-3.780628,2023-01-01T02:48:51
-3.669345,-3.780628,2023-01-01T02:48:52
-3.669345,-3.780628,2023-01-01T02:48:53
-3.669345,-3.780628,2023-01-01T02:48:54
-3.669345,-3.780628,2023-01-01T02:48:55
-3.669345,-3.780628,2023-01-01T02:48:56
-3.669345,-3.780628,2023-01-01T02:48:57
-3.669345,-3.780628,2023-01-01T02:48:58
-3.669345,-3.780628,2023-01-01T02:48:59
-3.669345,-3.780628,2023-01-01T02:49:00
-3.669345,-3.780628,2023-01-01T02:49:01
-3.669345,-3.780628,2023-01-01T02:49:02
-3.669345,-3.780628,2023-01-01T02:49:03
-3.669345,-3.780628,2023-01-01T02:49:04
-3.669345,-3.780628,2023-01-01T02:49:05
-3.669345,-3.780628,2023-01-01T02:49:06
-3.669345,-3.780628,2023-01-01T02:49:07
-3.669345,-3.780628,2023-01-01T02:49:08
-3.669345,-3.780628,2023-01-01T02:49:09
-3.669345,-3.780628,2023-01-01T02:49:10
-3.669345,-3.780628,2023-01-01T02:49:11
-3.669345,-3.780628,2023-01-01T02:49:12
-3.669345,-3.780628,2023-01-01T02:49:13
-3.669345,-3.780628,2023-01-01T02:49:14
-3.669345,-3.780628,2023-01-01T02:49:15
-3.669345,-3.780628,2023-01-01T02:49:16
-3.669345,-3.780628,2023-01-01T02:49:17
-3.669345,-3.780628,2023-01-01T02:49:18
-3.669345,-3.780628,2023-01-01T02:49:19
-3.669345,-3.780628,2023-01-01T02:49:20
-3.669345,-3.780628,2023-01-01T02:49:21
-3.669345,-3.780628,2023-01-01T02:49:22
-3.669345,-3.780628,2023-01-01T02:49:23
-3.669345,-3.780628,2023-01-01T02:49:24
-3.669345,-3.780628,2023-01-01T02:49:25
-3.669345,-3.780628,2023-01-01T02:49:26
-3.669345,-3.780628,2023-01-01T02:49:27
-3.669345,-3.780628,2023-01-01T02:49:28
-3.669345,-3.780628,2023-01-01T02:49:29
-3.669345,-3.780628,2023-01-01T02:49:30
-3.669345,-3.780628,2023-01-01T02:49:31
-3.669345,-3.780628,2023-01-01T02:49:32
-3.669345,-3.780628,2023-01-01T02:49:33
-3.669345,-3.780628,2023-01-01T02:49:34
-3.669345,-3.780628,2023-01-01T02:49:35
-3.669345,-3.780628,2023-01-01T02:49:36
-3.669345,-3.780628,2023-01-01T02:49:37
-3.669345,-3.780628,2023-01-01T02:49:38
-3.669345,-3.780628,2023-01-01T02:49:39
-3.669345,-3.780628,2023-01-01T02:49:40
-3.669345,-3.780628,2023-01-01T02:49:41
-3.669345,-3.780628,2023-01-01T02:49:42
-3.669345,-3.780628,2023-01-01T02:49:43
-3.669345,-3.780628,2023-01-01T02:49:44
-3.669345,-3.780628,2023-01-01T02:49:45
-3.669345,-3.780628,2023-01-01T02:49:46
-3.669345,-3.780628,2023-01-01T02:49:47
-3.669345,-3.780628,2023-01-01T02:49:48
-3.669345,-3.780628,2023-01-01T02:49:49
-3.669345,-3.780628,2023-01-01T02:49:50
-3.669345,-3.780628,2023-01-01T02:49:51
-3.669345,-3.780628,2023-01-01T02:49:52
-3.669345,-3.780628,2023-01-01T02:49:53
-3.669345,-3.780628,2023-01-01T02:49:54
-3.669345,-3.780628,2023-01-01T02:49:55
-3.669345,-3.780628,2023-01-01T02:49:56
-3.669345,-3.780628,2023-01-01T02:49:57
-3.669345,-3.780628,2023-01-01T02:49:58
-3.669345,-3.780628,2023-01-01T02:49:59
-3.669345,-3.780628,2023-01-01T02:50:00
-3.669345,-3.780628,2023-01-01T02:50:01
-3.669345,-3.780628,2023-01-01T02:50:02
-3.669345,-3.780628,2023-01-01T02:50:03
-3.669345,-3.780628,2023-01-01T02:50:04
-3.669345,-3.780628,2023-01-01T02:50:05
-3.669345,-3.780628,2023-01-01T02:50:06
-3.669345,-3.780628,2023-01-01T02:50:07
-3.669345,-3.780628,2023-01-01T02:50:08
-3.669345,-3.780628,2023-01-01T02:50:09
-3.669345,-3.780628,2023-01-01T02:50:10
-3.669345,-3.780628,2023-01-01T02:50:11
-3.669345,-3.780628,2023-01-01T02:50:12
-3.669345,-3.780628,2023-01-01T02:50:13
-3.669345,-3.780628,2023-01-01T02:50:14
-3.669345,-3.780628,2023-01-01T02:50:15
-3.669345,-3.780628,2023-01-01T02:50:16
-3.669345,-3.780628,2023-01-01T02:50:17
-3.669345,-3.780628,2023-01-01T02:50:18
-3.669345,-3.780628,2023-01-01T02:50:19
-3.669345,-3.780628,2023-01-01T02:50:20
-3.669345,-3.780628,2023-01-01T02:50:21
-3.669345,-3.780628,2023-01-01T02:50:22
-3.669345,-3.780628,2023-01-01T02:50:23
-3.669345,-3.780628,2023-01-01T02:50:24
-3.669345,-3.780628,2023-01-01T02:50:25
-3.669345,-3.780628,2023-01-01T02:50:26
-3.669345,-3.780628,2023-01-01T02:50:27
-3.669345,-3.780628,2023-01-01T02:50:28
-3.669345,-3.780628,2023-01-01T02:50:29
-3.669345,-3.780628,2023-01-01T02:50:30
-3.669345,-3.780628,2023-01-01T02:50:31
-3.669345,-3.780628,2023-01-01T02:50:32
-3.669345,-3.780628,2023-01-01T02:50:33
-3.669345,-3.780628,2023-01-01T02:50:34
-3.669345,-3.780628,2023-01-01T02:50:35
-3.669345,-3.780628,2023-01-01T02:50:36
-3.669345,-3.780628,2023-01-01T02:50:37
-3.669345,-3.780628,2023-01-01T02:50:38
-3.669345,-3.780628,2023-01-01T02:50:39
-3.669345,-3.780628,2023-01-01T02:50:40
-3.669345,-3.780628,2023-01-01T02:50:41
-3.669345,-3.780628,2023-01-01T02:50:42
-3.669345,-3.780628,2023-01-01T02:50:43
-3.669345,-3.780628,2023-01-01T02:50:44
-3.669345,-3.780628,2023-01-01T02:50:45
-3.669345,-3.780628,2023-01-01T02:50:46
-3.669345,-3.780628,2023-01-01T02:50:47
-3.669345,-3.780628,2023-01-01T02:50:48
-3.669345,-3.780628,2023-01-01T02:50:49
-3.669345,-3.780628,2023-01-01T02:50:50
-3.669345,-3.780628,2023-01-01T02:50:51
-3.669345,-3.780628,2023-01-01T02:50:52
-3.669345,-3.780628,2023-01-01T02:50:53
-3.669345,-3.780628,2023-01-01T02:50:54
-3.669345,-3.780628,2023-01-01T02:50:55
-3.669345,-3.780628,2023-01-01T02:50:56
-3.669345,-3.780628,2023-01-01T02:50:57
-3.669345,-3.780628,2023-01-01T02:50:58
-3.669345,-3.780628,2023-01-01T02:50:59
-3.669345,-3.780628,2023-01-01T02:51:00
-3.669345,-3.780628,2023-01-01T02:51:01
-3.669345,-3.780628,2023-01-01T02:51:02
-3.669345,-3.780628,2023-01-01T02:51:03
-3.669345,-3.780628,2023-01-01T02:51:04
-3.669345,-3.780628,2023-01-01T02:51:05
-3.669345,-3.780628,2023-01-01T02:51:06
-3.669345,-3.780628,2023-01-01T02:51:07
-3.669345,-3.780628,2023-01-01T02:51:08
-3.669345,-3.780628,2023-01-01T02:51:09
-3.669345,-3.780628,2023-01-01T02:51:10
-3.669345,-3.780628,2023-01-01T02:51:11
-3.669345,-3.780628,2023-01-01T02:51:12
-3.669345,-3.780628,2023-01-01T02:51:13
-3.669345,-3.780628,2023-01-01T02:51:14
-3.669345,-3.780628,2023-01-01T02:51:15
-3.669345,-3.780628,2023-01-01T02:51:16
-3.669345,-3.780628,2023-01-01T02:51:17
-3.669345,-3.780628,2023-01-01T02:51:18
-3.669345,-3.780628,2023-01-01T02:51:19
-3.669345,-3.780628,2023-01-01T02:51:20
-3.669345,-3.780628,2023-01-01T02:51:21
-3.669345,-3.780628,2023-01-01T02:51:22
-3.669345,-3.780628,2023-01-01T02:51:23
-3.669345,-3.780628,2023-01-01T02:51:24
-3.669345,-3.780628,2023-01-01T02:51:25
-3.669345,-3.780628,2023-01-01T02:51:26
-3.669345,-3.780628,2023-01-01T02:51:27
-3.669345,-3.780628,2023-01-01T02:51:28
-3.669345,-3.780628,2023-01-01T02:51:29
-3.669345,-3.780628,2023-01-01T02:51:30
-3.669345,-3.780628,2023-01-01T02:51:31
-3.669345,-3.780628,2023-01-01T02:51:32
-3.669345,-3.780628,2023-01-01T02:51:33
-3.669345,-3.780628,2023-01-01T02:51:34
-3.669345,-3.780628,2023-01-01T02:51:35
-3.669345,-3.780628,2023-01-01T02:51:36
-3.669345,-3.780628,2023-01-01T02:51:37
-3.669345,-3.780628,2023-01-01T02:51:38
-3.669345,-3.780628,2023-01-01T02:51:39
-3.669345,-3.780628,2023-01-01T02:51:40
-3.669345,-3.780628,2023-01-01T02:51:41
-3.669345,-3.780628,2023-01-01T02:51:42
-3.669345,-3.780628,2023-01-01T02:51:43
-3.669345,-3.780628,2023-01-01T02:51:44
-3.669345,-3.780628,2023-01-01T02:51:45
-3.669345,-3.780628,2023-01-01T02:51:46
-3.669345,-3.780628,2023-01-01T02:51:47
-3.669345,-3.780628,2023-01-01T02:51:48
-3.669345,-3.780628,2023-01-01T02:51:49
-3.669345,-3.780628,2023-01-01T02:51:50
-3.669345,-3.780628,2023-01-01T02:51:51
-3.669345,-3.780628,2023-01-01T02:51:52
-3.669345,-3.780628,2023-01-01T02:51:53
-3.669345,-3.780628,2023-01-01T02:51:54
-3.669345,-3.780628,2023-01-01T02:51:55
-3.669345,-3.780628,2023-01-01T02:51:56
-3.669345,-3.780628,2023-01-01T02:51:57
-3.669345,-3.780628,2023-01-01T02:51:58
-3.669345,-3.780628,2023-01-01T02:51:59
-3.669345,-3.780628,2023-01-01T02:52:00
-3.669345,-3.780628,2023-01-01T02:52:01
-3.669345,-3.780628,2023-01-01T02:52:02
-3.669345,-3.780628,2023-01-01T02:52:03
-3.669345,-3.780628,2023-01-01T02:52:04
-3.669345,-3.780628,2023-01-01T02:52:05
-3.669345,-3.780628,2023-01-01T02:52:06
-3.669345,-3.780628,2023-01-01T02:52:07
-3.669345,-3.780628,2023-01-01T02:52:08
-3.669345,-3.780628,2023-01-01T02:52:09
-3.669345,-3.780628,2023-01-01T02:52:10
-3.669345,-3.780628,2023-01-01T02:52:11
-3.669345,-3.780628,2023-01-01T02:52:12
-3.669345,-3.780628,2023-01-01T02:52:13
-3.669345,-3.780628,2023-01-01T02:52:14
-3.669345,-3.780628,2023-01-01T02:52:15
-3.669345,-3.780628,2023-01-01T02:52:16
-3.669345,-3.780628,2023-01-01T02:52:17
-3.669345,-3.780628,2023-01-01T02:52:18
-3.669345,-3.780628,2023-01-01T02:52:19
-3.669345,-3.780628,2023-01-01T02:52:20
-3.669345,-3.780628,2023-01-01T02:52:21
-3.669345,-3.780628,2023-01-01T02:52:22
-3.669345,-3.780628,2023-01-01T02:52:23
-3.669345,-3.780628,2023-01-01T02:52:24
-3.669345,-3.780628,2023-01-01T02:52:25
-3.669345,-3.780628,2023-01-01T02:52:26
-3.669345,-3.780628,2023-01-01T02:52:27
-3.669345,-3.780628,2023-01-01T02:52:28
-3.669345,-3.780628,2023-01-01T02:52:29
-3.669345,-3.780628,2023-01-01T02:52:30
-3.669345,-3.780628,2023-01-01T02:52:31
-3.669345,-3.780628,2023-01-01T02:52:32
-3.669345,-3.780628,2023-01-01T02:52:33
-3.669345,-3.780628,2023-01-01T02:52:34
-3.669345,-3.780628,2023-01-01T02:52:35
-3.669345,-3.780628,2023-01-01T02:52:36
-3.669345,-3.780628,2023-01-01T02:52:37
-3.669345,-3.780628,2023-01-01T02:52:38
-3.669345,-3.780628,2023-01-01T02:52:39
-3.669345,-3.780628,2023-01-01T02:52:40
-3.669345,-3.780628,2023-01-01T02:52:41
-3.669345,-3.780628,2023-01-01T02:52:42
-3.669345,-3.780628,2023-01-01T02:52:43
-3.669345,-3.780628,2023-01-01T02:52:44
-3.669345,-3.780628,2023-01-01T02:52:45
-3.669345,-3.780628,2023-01-01T02:52:46
-3.669345,-3.780628,2023-01-01T02:52:47
-3.669345,-3.780628,2023-01-01T02:52:48
-3.669345,-3.780628,2023-01-01T02:52:49
-3.669345,-3.780628,2023-01-01T02:52:50
-3.669345,-3.780628,2023-01-01T02:52:51
-3.669345,-3.780628,2023-01-01T02:52:52
-3.669345,-3.780628,2023-01-01T02:52:53
-3.669345,-3.780628,2023-01-01T02:52:54
-3.669345,-3.780628,2023-01-01T02:52:55
-3.669345,-3.780628,2023-01-01T02:52:56
-3.669345,-3.780628,2023-01-01T02:52:57
-3.669345,-3.780628,2023-01-01T02:52:58
-3.669345,-3.780628,2023-01-01T02:52:59
-3.669345,-3.780628,2023-01-01T02:53:00
-3.669345,-3.780628,2023-01-01T02:53:01
-3.669345,-3.780628,2023-01-01T02:53:02
-3.669345,-3.780628,2023-01-01T02:53:03
-3.669345,-3.780628,2023-01-01T02:53:04
-3.669345,-3.780628,2023-01-01T02:53:05
-3.669345,-3.780628,2023-01-01T02:53:06
-3.669345,-3.780628,2023-01-01T02:53:07
-3.669345,-3.780628,2023-01-01T02:53:08
-3.669345,-3.780628,2023-01-01T02:53:09
-3.669345,-3.780628,2023-01-01T02:53:10
-3.669345,-3.780628,2023-01-01T02:53:11
-3.669345,-3.780628,2023-01-01T02:53:12
-3.669345,-3.780628,2023-01-01T02:53:13
-3.669345,-3.780628,2023-01-01T02:53:14
-3.669345,-3.780628,2023-01-01T02:53:15
-3.669345,-3.780628,2023-01-01T02:53:16
-3.669345,-3.780628,2023-01-01T02:53:17
-3.669345,-3.780628,2023-01-01T02:53:18
-3.669345,-3.780628,2023-01-01T02:53:19
-3.669345,-3.780628,2023-01-01T02:53:20
-3.669345,-3.780628,2023-01-01T02:53:21
-3.669345,-3.780628,2023-01-01T02:53:22
-3.669345,-3.780628,2023-01-01T02:53:23
-3.669345,-3.780628,2023-01-01T02:53:24
-3.669345,-3.780628,2023-01-01T02:53:25
-3.669345,-3.780628,2023-01-01T02:53:26
-3.669345,-3.780628,2023-01-01T02:53:27
-3.669345,-3.780628,2023-01-01T02:53:28
-3.669345,-3.780628,2023-01-01T02:53:29
-3.669345,-3.780628,2023-01-01T02:53:30
-3.669345,-3.780628,2023-01-01T02:53:31
-3.669345,-3.780628,2023-01-01T02:53:32
-3.669345,-3.780628,2023-01-01T02:53:33
-3.669345,-3.780628,2023-01-01T02:53:34
-3.669345,-3.780628,2023-01-01T02:53:35
-3.669345,-3.780628,2023-01-01T02:53:36
-3.669345,-3.780628,2023-01-01T02:53:37
-3.669345,-3.780628,2023-01-01T02:53:38
-3.669345,-3.780628,2023-01-01T02:53:39
-3.669345,-3.780628,2023-01-01T02:53:40
-3.669345,-3.780628,2023-01-01T02:53:41
-3.669345,-3.780628,2023-01-01T02:53:42
-3.669345,-3.780628,2023-01-01T02:53:43
-3.669345,-3.780628,2023-01-01T02:53:44
-3.669345,-3.780628,2023-01-01T02:53:45
-3.669345,-3.780628,2023-01-01T02:53:46
-3.669345,-3.780628,2023-01-01T02:53:47
-3.669345,-3.780628,2023-01-01T02:53:48
-3.669345,-3.780628,2023-01-01T02:53:49
-3.669345,-3.780628,2023-01-01T02:53:50
-3.669345,-3.780628,2023-01-01T02:53:51
-3.669345,-3.780628,2023-01-01T02:53:52
-3.669345,-3.780628,2023-01-01T02:53:53
-3.669345,-3.780628,2023-01-01T02:53:54
-3.669345,-3.780628,2023-01-01T02:53:55
-3.669345,-3.780628,2023-01-01T02:53:56
-3.669345,-3.780628,2023-01-01T02:53:57
-3.669345,-3.780628,2023-01-01T02:53:58
-3.669345,-3.780628,2023-01-01T02:53:59
-3.669345,-3.780628,2023-01-01T02:54:00
-3.669345,-3.780628,2023-01-01T02:54:01
-3.669345,-3.780628,2023-01-01T02:54:02
-3.669345,-3.780628,2023-01-01T02:54:03
-3.669345,-3.780628,2023-01-01T02:54:04
-3.669345,-3.780628,2023-01-01T02:54:05
-3.669345,-3.780628,2023-01-01T02:54:06
-3.669345,-3.780628,2023-01-01T02:54:07
-3.669345,-3.780628,2023-01-01T02:54:08
-3.669345,-3.780628,2023-01-01T02:54:09
-3.669345,-3.780628,2023-01-01T02:54:10
-3.669345,-3.780628,2023-01-01T02:54:11
-3.669345,-3.780628,2023-01-01T02:54:12
-3.669345,-3.780628,2023-01-01T02:54:13
-3.558153,-3.780628,2023-01-01T02:54:14
-3.558153,-3.780628,2023-01-01T02:54:15
-3.558153,-3.780628,2023-01-01T02:54:16
-3.558153,-3.780628,2023-01-01T02:54:17
-3.558153,-3.780628,2023-01-01T02:54:18
-3.558153,-3.780628,2023-01-01T02:54:19
-3.558153,-3.780628,2023-01-01T02:54:20
-3.558153,-3.780628,2023-01-01T02:54:21
-3.558153,-3.780628,2023-01-01T02:54:22
-3.558153,-3.780628,2023-01-01T02:54:23
-3.558153,-3.780628,2023-01-01T02:54:24
-3.558153,-3.780628,2023-01-01T02:54:25
-3.558153,-3.780628,2023-01-01T02:54:26
-3.558153,-3.780628,2023-01-01T02:54:27
-3.558153,-3.780628,2023-01-01T02:54:28
-3.558153,-3.780628,2023-01-01T02:54:29
-3.558153,-3.780628,2023-01-01T02:54:30
-3.558153,-3.780628,2023-01-01T02:54:31
-3.558153,-3.780628,2023-01-01T02:54:32
-3.558153,-3.780628,2023-01-01T02:54:33
-3.558153,-3.780628,2023-01-01T02:54:34
-3.558153,-3.780628,2023-01-01T02:54:35
-3.558153,-3.780628,2023-01-01T02:54:36
-3.558153,-3.780628,2023-01-01T02:54:37
-3.558153,-3.780628,2023-01-01T02:54:38
-3.558153,-3.780628,2023-01-01T02:54:39
-3.558153,-3.780628,2023-01-01T02:54:40
-3.558153,-3.780628,2023-01-01T02:54:41
-3.558153,-3.780628,2023-01-01T02:54:42
-3.558153,-3.780628,2023-01-01T02:54:43
-3.558153,-3.780628,2023-01-01T02:54:44
-3.558153,-3.780628,2023-01-01T02:54:45
-3.558153,-3.780628,2023-01-01T02:54:46
-3.558153,-3.780628,2023-01-01T02:54:47
-3.558153,-3.780628,2023-01-01T02:54:48
-3.558153,-3.780628,2023-01-01T02:54:49
-3.558153,-3.780628,2023-01-01T02:54:50
-3.558153,-3.780628,2023-01-01T02:54:51
-3.558153,-3.780628,2023-01-01T02:54:52
-3.558153,-3.780628,2023-01-01T02:54:53
-3.558153,-3.780628,2023-01-01T02:54:54
-3.558153,-3.780628,2023-01-01T02:54:55
-3.558153,-3.780628,2023-01-01T02:54:56
-3.558153,-3.780628,2023-01-01T02:54:57
-3.558153,-3.780628,2023-01-01T02:54:58
-3.558153,-3.780628,2023-01-01T02:54:59
-3.558153,-3.780628,2023-01-01T02:55:00
-3.558153,-3.780628,2023-01-01T02:55:01
-3.558153,-3.780628,2023-01-01T02:55:02
-3.558153,-3.780628,2023-01-01T02:55:03
-3.558153,-3.780628,2023-01-01T02:55:04
-3.558153,-3.780628,2023-01-01T02:55:05
-3.558153,-3.780628,2023-01-01T02:55:06
-3.558153,-3.780628,2023-01-01T02:55:07
-3.558153,-3.780628,2023-01-01T02:55:08
-3.558153,-3.780628,2023-01-01T02:55:09
-3.558153,-3.780628,2023-01-01T02:55:10
-3.558153,-3.780628,2023-01-01T02:55:11
-3.558153,-3.780628,2023-01-01T02:55:12
-3.558153,-3.780628,2023-01-01T02:55:13
-3.558153,-3.780628,2023-01-01T02:55:14
-3.558153,-3.780628,2023-01-01T02:55:15
-3.558153,-3.780628,2023-01-01T02:55:16
-3.558153,-3.780628,2023-01-01T02:55:17
-3.558153,-3.780628,2023-01-01T02:55:18
-3.558153,-3.780628,2023-01-01T02:55:19
-3.558153,-3.780628,2023-01-01T02:55:20
-3.558153,-3.780628,2023-01-01T02:55:21
-3.558153,-3.780628,2023-01-01T02:55:22
-3.558153,-3.780628,2023-01-01T02:55:23
-3.558153,-3.780628,2023-01-01T02:55:24
-3.558153,-3.780628,2023-01-01T02:55:25
-3.558153,-3.780628,2023-01-01T02:55:26
-3.558153,-3.780628,2023-01-01T02:55:27
-3.558153,-3.780628,2023-01-01T02:55:28
-3.558153,-3.780628,2023-01-01T02:55:29
-3.558153,-3.780628,2023-01-01T02:55:30
-3.558153,-3.780628,2023-01-01T02:55:31
-3.558153,-3.780628,2023-01-01T02:55:32
-3.558153,-3.780628,2023-01-01T02:55:33
-3.558153,-3.780628,2023-01-01T02:55:34
-3.558153,-3.780628,2023-01-01T02:55:35
-3.558153,-3.780628,2023-01-01T02:55:36
-3.558153,-3.780628,2023-01-01T02:55:37
-3.558153,-3.780628,2023-01-01T02:55:38
-3.558153,-3.780628,2023-01-01T02:55:39
-3.558153,-3.780628,2023-01-01T02:55:40
-3.558153,-3.780628,2023-01-01T02:55:41
-3.558153,-3.780628,2023-01-01T02:55:42
-3.558153,-3.780628,2023-01-01T02:55:43
-3.558153,-3.780628,2023-01-01T02:55:44
-3.558153,-3.780628,2023-01-01T02:55:45
-3.558153,-3.780628,2023-01-01T02:55:46
-3.558153,-3.780628,2023-01-01T02:55:47
-3.558153,-3.780628,2023-01-01T02:55:48
-3.558153,-3.780628,2023-01-01T02:55:49
-3.558153,-3.780628,2023-01-01T02:55:50
-3.558153,-3.780628,2023-01-01T02:55:51
-3.558153,-3.780628,2023-01-01T02:55:52
-3.558153,-3.780628,2023-01-01T02:55:53
-3.558153,-3.780628,2023-01-01T02:55:54
-3.558153,-3.780628,2023-01-01T02:55:55
-3.558153,-3.780628,2023-01-01T02:55:56
-3.558153,-3.780628,2023-01-01T02:55:57
-3.558153,-3.780628,2023-01-01T02:55:58
-3.558153,-3.780628,2023-01-01T02:55:59
-3.558153,-3.780628,2023-01-01T02:56:00
-3.558153,-3.780628,2023-01-01T02:56:01
-3.558153,-3.780628,2023-01-01T02:56:02
-3.558153,-3.780628,2023-01-01T02:56:03
-3.558153,-3.780628,2023-01-01T02:56:04
-3.558153,-3.780628,2023-01-01T02:56:05
-3.558153,-3.780628,2023-01-01T02:56:06
-3.558153,-3.780628,2023-01-01T02:56:07
-3.558153,-3.780628,2023-01-01T02:56:08
-3.558153,-3.780628,2023-01-01T02:56:09
-3.558153,-3.780628,2023-01-01T02:56:10
-3.558153,-3.780628,2023-01-01T02:56:11
-3.558153,-3.780628,2023-01-01T02:56:12
-3.558153,-3.780628,2023-01-01T02:56:13
-3.558153,-3.780628,2023-01-01T02:56:14
-3.558153,-3.780628,2023-01-01T02:56:15
-3.558153,-3.780628,2023-01-01T02:56:16
-3.558153,-3.780628,2023-01-01T02:56:17
-3.558153,-3.780628,2023-01-01T02:56:18
-3.558153,-3.780628,2023-01-01T02:56:19
-3.558153,-3.780628,2023-01-01T02:56:20
-3.558153,-3.780628,2023-01-01T02:56:21
-3.558153,-3.780628,2023-01-01T02:56:22
-3.558153,-3.780628,2023-01-01T02:56:23
-3.558153,-3.780628,2023-01-01T02:56:24
-3.558153,-3.780628,2023-01-01T02:56:25
-3.558153,-3.780628,2023-01-01T02:56:26
-3.558153,-3.780628,2023-01-01T02:56:27
-3.558153,-3.780628,2023-01-01T02:56:28
-3.558153,-3.780628,2023-01-01T02:56:29
-3.558153,-3.780628,2023-01-01T02:56:30
-3.558153,-3.780628,2023-01-01T02:56:31
-3.558153,-3.780628,2023-01-01T02:56:32
-3.558153,-3.780628,2023-01-01T02:56:33
-3.558153,-3.780628,2023-01-01T02:56:34
-3.558153,-3.780628,2023-01-01T02:56:35
-3.558153,-3.780628,2023-01-01T02:56:36
-3.558153,-3.780628,2023-01-01T02:56:37
-3.558153,-3.780628,2023-01-01T02:56:38
-3.558153,-3.780628,2023-01-01T02:56:39
-3.558153,-3.780628,2023-01-01T02:56:40
-3.558153,-3.780628,2023-01-01T02:56:41
-3.558153,-3.780628,2023-01-01T02:56:42
-3.558153,-3.780628,2023-01-01T02:56:43
-3.558153,-3.780628,2023-01-01T02:56:44
-3.558153,-3.780628,2023-01-01T02:56:45
-3.558153,-3.780628,2023-01-01T02:56:46
-3.558153,-3.780628,2023-01-01T02:56:47
-3.558153,-3.780628,2023-01-01T02:56:48
-3.558153,-3.780628,2023-01-01T02:56:49
-3.558153,-3.780628,2023-01-01T02:56:50
-3.558153,-3.780628,2023-01-01T02:56:51
-3.558153,-3.780628,2023-01-01T02:56:52
-3.558153,-3.780628,2023-01-01T02:56:53
-3.558153,-3.780628,2023-01-01T02:56:54
-3.558153,-3.780628,2023-01-01T02:56:55
-3.558153,-3.780628,2023-01-01T02:56:56
-3.558153,-3.780628,2023-01-01T02:56:57
-3.558153,-3.780628,2023-01-01T02:56:58
-3.558153,-3.780628,2023-01-01T02:56:59
-3.558153,-3.780628,2023-01-01T02:57:00
-3.558153,-3.780628,2023-01-01T02:57:01
-3.558153,-3.780628,2023-01-01T02:57:02
-3.558153,-3.780628,2023-01-01T02:57:03
-3.558153,-3.780628,2023-01-01T02:57:04
-3.558153,-3.780628,2023-01-01T02:57:05
-3.558153,-3.780628,2023-01-01T02:57:06
-3.558153,-3.780628,2023-01-01T02:57:07
-3.558153,-3.780628,2023-01-01T02:57:08
-3.558153,-3.780628,2023-01-01T02:57:09
-3.558153,-3.780628,2023-01-01T02:57:10
-3.558153,-3.891822,2023-01-01T02:57:11
-3.558153,-3.891822,2023-01-01T02:57:12
-3.558153,-3.891822,2023-01-01T02:57:13
-3.558153,-3.891822,2023-01-01T02:57:14
-3.558153,-3.891822,2023-01-01T02:57:15
-3.558153,-3.891822,2023-01-01T02:57:16
-3.558153,-3.891822,2023-01-01T02:57:17
-3.558153,-3.891822,2023-01-01T02:57:18
-3.558153,-3.891822,2023-01-01T02:57:19
-3.558153,-3.891822,2023-01-01T02:57:20
-3.558153,-3.891822,2023-01-01T02:57:21
-3.558153,-3.891822,2023-01-01T02:57:22
-3.558153,-3.891822,2023-01-01T02:57:23
-3.558153,-3.891822,2023-01-01T02:57:24
-3.558153,-3.891822,2023-01-01T02:57:25
-3.558153,-3.891822,2023-01-01T02:57:26
-3.558153,-3.891822,2023-01-01T02:57:27
-3.558153,-3.891822,2023-01-01T02:57:28
-3.558153,-3.891822,2023-01-01T02:57:29
-3.558153,-3.891822,2023-01-01T02:57:30
-3.558153,-3.891822,2023-01-01T02:57:31
-3.558153,-3.891822,2023-01-01T02:57:32
-3.558153,-3.891822,2023-01-01T02:57:33
-3.558153,-3.891822,2023-01-01T02:57:34
-3.558153,-3.891822,2023-01-01T02:57:35
-3.558153,-3.891822,2023-01-01T02:57:36
-3.558153,-3.891822,2023-01-01T02:57:37
-3.558153,-3.891822,2023-01-01T02:57:38
-3.558153,-3.891822,2023-01-01T02:57:39
-3.558153,-3.891822,2023-01-01T02:57:40
-3.558153,-3.891822,2023-01-01T02:57:41
-3.558153,-3.891822,2023-01-01T02:57:42
-3.558153,-3.891822,2023-01-01T02:57:43
-3.558153,-3.891822,2023-01-01T02:57:44
-3.558153,-3.891822,2023-01-01T02:57:45
-3.558153,-3.891822,2023-01-01T02:57:46
-3.558153,-3.891822,2023-01-01T02:57:47
-3.558153,-3.891822,2023-01-01T02:57:48
-3.558153,-3.891822,2023-01-01T02:57:49
-3.558153,-3.891822,2023-01-01T02:57:50
-3.558153,-3.891822,2023-01-01T02:57:51
-3.558153,-3.891822,2023-01-01T02:57:52
-3.558153,-3.891822,2023-01-01T02:57:53
-3.558153,-3.891822,2023-01-01T02:57:54
-3.558153,-3.891822,2023-01-01T02:57:55
-3.558153,-3.891822,2023-01-01T02:57:56
-3.558153,-3.891822,2023-01-01T02:57:57
-3.558153,-3.891822,2023-01-01T02:57:58
-3.558153,-3.891822,2023-01-01T02:57:59
-3.558153,-3.891822,2023-01-01T02:58:00
-3.558153,-3.891822,2023-01-01T02:58:01
-3.558153,-3.891822,2023-01-01T02:58:02
-3.558153,-3.891822,2023-01-01T02:58:03
-3.558153,-3.891822,2023-01-01T02:58:04
-3.558153,-3.891822,2023-01-01T02:58:05
-3.558153,-3.891822,2023-01-01T02:58:06
-3.558153,-3.891822,2023-01-01T02:58:07
-3.558153,-3.891822,2023-01-01T02:58:08
-3.558153,-3.891822,2023-01-01T02:58:09
-3.558153,-3.891822,2023-01-01T02:58:10
-3.558153,-3.891822,2023-01-01T02:58:11
-3.558153,-3.891822,2023-01-01T02:58:12
-3.558153,-3.891822,2023-01-01T02:58:13
-3.558153,-3.891822,2023-01-01T02:58:14
-3.558153,-3.891822,2023-01-01T02:58:15
-3.558153,-3.891822,2023-01-01T02:58:16
-3.558153,-3.891822,2023-01-01T02:58:17
-3.558153,-3.891822,2023-01-01T02:58:18
-3.558153,-3.891822,2023-01-01T02:58:19
-3.558153,-3.891822,2023-01-01T02:58:20
-3.558153,-3.891822,2023-01-01T02:58:21
-3.558153,-3.780628,2023-01-01T02:58:22
-3.558153,-3.780628,2023-01-01T02:58:23
-3.558153,-3.780628,2023-01-01T02:58:24
-3.558153,-3.780628,2023-01-01T02:58:25
-3.558153,-3.780628,2023-01-01T02:58:26
-3.558153,-3.780628,2023-01-01T02:58:27
-3.558153,-3.780628,2023-01-01T02:58:28
-3.558153,-3.780628,2023-01-01T02:58:29
-3.558153,-3.780628,2023-01-01T02:58:30
-3.558153,-3.780628,2023-01-01T02:58:31
-3.558153,-3.780628,2023-01-01T02:58:32
-3.558153,-3.780628,2023-01-01T02:58:33
-3.558153,-3.780628,2023-01-01T02:58:34
-3.558153,-3.780628,2023-01-01T02:58:35
-3.558153,-3.780628,2023-01-01T02:58:36
-3.558153,-3.780628,2023-01-01T02:58:37
-3.558153,-3.780628,2023-01-01T02:58:38
-3.558153,-3.780628,2023-01-01T02:58:39
-3.558153,-3.780628,2023-01-01T02:58:40
-3.558153,-3.780628,2023-01-01T02:58:41
-3.558153,-3.780628,2023-01-01T02:58:42
-3.558153,-3.780628,2023-01-01T02:58:43
-3.558153,-3.780628,2023-01-01T02:58:44
-3.558153,-3.780628,2023-01-01T02:58:45
-3.558153,-3.780628,2023-01-01T02:58:46
-3.558153,-3.780628,2023-01-01T02:58:47
-3.558153,-3.780628,2023-01-01T02:58:48
-3.558153,-3.780628,2023-01-01T02:58:49
-3.558153,-3.780628,2023-01-01T02:58:50
-3.558153,-3.780628,2023-01-01T02:58:51
-3.558153,-3.780628,2023-01-01T02:58:52
-3.558153,-3.780628,2023-01-01T02:58:53
-3.558153,-3.780628,2023-01-01T02:58:54
-3.558153,-3.780628,2023-01-01T02:58:55
-3.558153,-3.780628,2023-01-01T02:58:56
-3.558153,-3.780628,2023-01-01T02:58:57
-3.558153,-3.780628,2023-01-01T02:58:58
-3.558153,-3.780628,2023-01-01T02:58:59
-3.558153,-3.780628,2023-01-01T02:59:00
-3.558153,-3.780628,2023-01-01T02:59:01
-3.558153,-3.780628,2023-01-01T02:59:02
-3.558153,-3.780628,2023-01-01T02:59:03
-3.558153,-3.780628,2023-01-01T02:59:04
-3.558153,-3.780628,2023-01-01T02:59:05
-3.558153,-3.780628,2023-01-01T02:59:06
-3.558153,-3.780628,2023-01-01T02:59:07
-3.558153,-3.780628,2023-01-01T02:59:08
-3.558153,-3.780628,2023-01-01T02:59:09
-3.558153,-3.780628,2023-01-01T02:59:10
-3.558153,-3.780628,2023-01-01T02:59:11
-3.558153,-3.780628,2023-01-01T02:59:12
-3.558153,-3.780628,2023-01-01T02:59:13
-3.558153,-3.780628,2023-01-01T02:59:14
-3.558153,-3.780628,2023-01-01T02:59:15
-3.558153,-3.780628,2023-01-01T02:59:16
-3.558153,-3.780628,2023-01-01T02:59:17
-3.558153,-3.780628,2023-01-01T02:59:18
-3.558153,-3.780628,2023-01-01T02:59:19
-3.558153,-3.780628,2023-01-01T02:59:20
-3.558153,-3.780628,2023-01-01T02:59:21
-3.558153,-3.780628,2023-01-01T02:59:22
-3.558153,-3.780628,2023-01-01T02:59:23
-3.558153,-3.780628,2023-01-01T02:59:24
-3.558153,-3.780628,2023-01-01T02:59:25
-3.558153,-3.780628,2023-01-01T02:59:26
-3.558153,-3.780628,2023-01-01T02:59:27
-3.558153,-3.780628,2023-01-01T02:59:28
-3.558153,-3.780628,2023-01-01T02:59:29
-3.558153,-3.780628,2023-01-01T02:59:30
-3.558153,-3.780628,2023-01-01T02:59:31
-3.558153,-3.780628,2023-01-01T02:59:32
-3.558153,-3.780628,2023-01-01T02:59:33
-3.558153,-3.780628,2023-01-01T02:59:34
-3.558153,-3.780628,2023-01-01T02:59:35
-3.558153,-3.780628,2023-01-01T02:59:36
-3.558153,-3.780628,2023-01-01T02:59:37
-3.558153,-3.780628,2023-01-01T02:59:38
-3.558153,-3.780628,2023-01-01T02:59:39
-3.558153,-3.780628,2023-01-01T02:59:40
-3.558153,-3.780628,2023-01-01T02:59:41
-3.558153,-3.780628,2023-01-01T02:59:42
-3.558153,-3.780628,2023-01-01T02:59:43
-3.558153,-3.780628,2023-01-01T02:59:44
-3.558153,-3.780628,2023-01-01T02:59:45
-3.558153,-3.780628,2023-01-01T02:59:46
-3.558153,-3.780628,2023-01-01T02:59:47
-3.558153,-3.780628,2023-01-01T02:59:48
-3.558153,-3.780628,2023-01-01T02:59:49
-3.558153,-3.780628,2023-01-01T02:59:50
-3.558153,-3.780628,2023-01-01T02:59:51
-3.558153,-3.780628,2023-01-01T02:59:52
-3.558153,-3.780628,2023-01-01T02:59:53
-3.558153,-3.780628,2023-01-01T02:59:54
-3.558153,-3.780628,2023-01-01T02:59:55
-3.558153,-3.780628,2023-01-01T02:59:56
-3.558153,-3.780628,2023-01-01T02:59:57
-3.558153,-3.780628,2023-01-01T02:59:58
-3.558153,-3.780628,2023-01-01T02:59:59
-3.558153,-3.780628,2023-01-01T03:00:00
-3.558153,-3.780628,2023-01-01T03:00:01
-3.558153,-3.780628,2023-01-01T03:00:02
-3.558153,-3.780628,2023-01-01T03:00:03
-3.558153,-3.780628,2023-01-01T03:00:04
-3.558153,-3.780628,2023-01-01T03:00:05
-3.558153,-3.780628,2023-01-01T03:00:06
-3.558153,-3.780628,2023-01-01T03:00:07
-3.558153,-3.780628,2023-01-01T03:00:08
-3.558153,-3.780628,2023-01-01T03:00:09
-3.558153,-3.780628,2023-01-01T03:00:10
-3.558153,-3.780628,2023-01-01T03:00:11
-3.558153,-3.780628,2023-01-01T03:00:12
-3.558153,-3.780628,2023-01-01T03:00:13
-3.558153,-3.780628,2023-01-01T03:00:14
-3.558153,-3.780628,2023-01-01T03:00:15
-3.558153,-3.780628,2023-01-01T03:00:16
-3.558153,-3.780628,2023-01-01T03:00:17
-3.558153,-3.780628,2023-01-01T03:00:18
-3.558153,-3.780628,2023-01-01T03:00:19
-3.558153,-3.780628,2023-01-01T03:00:20
-3.558153,-3.780628,2023-01-01T03:00:21
-3.558153,-3.780628,2023-01-01T03:00:22
-3.558153,-3.780628,2023-01-01T03:00:23
-3.446961,-3.780628,2023-01-01T03:00:24
-3.446961,-3.780628,2023-01-01T03:00:25
-3.446961,-3.780628,2023-01-01T03:00:26
-3.446961,-3.891822,2023-01-01T03:00:27
-3.446961,-3.891822,2023-01-01T03:00:28
-3.446961,-3.891822,2023-01-01T03:00:29
-3.446961,-3.891822,2023-01-01T03:00:30
-3.446961,-3.891822,2023-01-01T03:00:31
-3.446961,-3.891822,2023-01-01T03:00:32
-3.446961,-3.891822,2023-01-01T03:00:33
-3.446961,-3.891822,2023-01-01T03:00:34
-3.446961,-3.891822,2023-01-01T03:00:35
-3.446961,-3.891822,2023-01-01T03:00:36
-3.446961,-3.891822,2023-01-01T03:00:37
-3.446961,-3.891822,2023-01-01T03:00:38
-3.446961,-3.891822,2023-01-01T03:00:39
-3.446961,-3.891822,2023-01-01T03:00:40
-3.446961,-3.891822,2023-01-01T03:00:41
-3.446961,-3.891822,2023-01-01T03:00:42
-3.446961,-3.891822,2023-01-01T03:00:43
-3.446961,-3.891822,2023-01-01T03:00:44
-3.446961,-3.891822,2023-01-01T03:00:45
-3.446961,-3.891822,2023-01-01T03:00:46
-3.446961,-3.891822,2023-01-01T03:00:47
-3.446961,-3.891822,2023-01-01T03:00:48
-3.446961,-3.891822,2023-01-01T03:00:49
-3.446961,-3.891822,2023-01-01T03:00:50
-3.446961,-3.891822,2023-01-01T03:00:51
-3.446961,-3.891822,2023-01-01T03:00:52
-3.446961,-3.891822,2023-01-01T03:00:53
-3.446961,-3.891822,2023-01-01T03:00:54
-3.446961,-3.891822,2023-01-01T03:00:55
-3.446961,-3.891822,2023-01-01T03:00:56
-3.446961,-3.891822,2023-01-01T03:00:57
-3.446961,-3.891822,2023-01-01T03:00:58
-3.446961,-3.891822,2023-01-01T03:00:59
-3.446961,-3.891822,2023-01-01T03:01:00
-3.446961,-3.891822,2023-01-01T03:01:01
-3.446961,-3.891822,2023-01-01T03:01:02
-3.446961,-3.891822,2023-01-01T03:01:03
-3.446961,-3.891822,2023-01-01T03:01:04
-3.446961,-3.891822,2023-01-01T03:01:05
-3.446961,-3.891822,2023-01-01T03:01:06
-3.446961,-3.891822,2023-01-01T03:01:07
-3.446961,-3.891822,2023-01-01T03:01:08
-3.446961,-3.891822,2023-01-01T03:01:09
-3.446961,-3.891822,2023-01-01T03:01:10
-3.446961,-3.891822,2023-01-01T03:01:11
-3.446961,-3.891822,2023-01-01T03:01:12
-3.446961,-3.891822,2023-01-01T03:01:13
-3.446961,-3.891822,2023-01-01T03:01:14
-3.446961,-3.891822,2023-01-01T03:01:15
-3.446961,-3.891822,2023-01-01T03:01:16
-3.446961,-3.891822,2023-01-01T03:01:17
-3.446961,-3.891822,2023-01-01T03:01:18
-3.446961,-3.891822,2023-01-01T03:01:19
-3.446961,-3.891822,2023-01-01T03:01:20
-3.446961,-3.891822,2023-01-01T03:01:21
-3.446961,-3.891822,2023-01-01T03:01:22
-3.446961,-3.891822,2023-01-01T03:01:23
-3.446961,-3.891822,2023-01-01T03:01:24
-3.446961,-3.891822,2023-01-01T03:01:25
-3.446961,-3.891822,2023-01-01T03:01:26
-3.446961,-3.891822,2023-01-01T03:01:27
-3.446961,-3.891822,2023-01-01T03:01:28
-3.446961,-3.891822,2023-01-01T03:01:29
-3.446961,-3.891822,2023-01-01T03:01:30
-3.446961,-3.891822,2023-01-01T03:01:31
-3.446961,-3.891822,2023-01-01T03:01:32
-3.446961,-3.891822,2023-01-01T03:01:33
-3.446961,-3.891822,2023-01-01T03:01:34
-3.446961,-3.891822,2023-01-01T03:01:35
-3.446961,-3.891822,2023-01-01T03:01:36
-3.446961,-3.891822,2023-01-01T03:01:37
-3.446961,-3.891822,2023-01-01T03:01:38
-3.446961,-3.891822,2023-01-01T03:01:39
-3.446961,-3.891822,2023-01-01T03:01:40
-3.446961,-3.891822,2023-01-01T03:01:41
-3.446961,-3.891822,2023-01-01T03:01:42
-3.446961,-3.891822,2023-01-01T03:01:43
-3.446961,-3.891822,2023-01-01T03:01:44
-3.446961,-3.891822,2023-01-01T03:01:45
-3.446961,-3.891822,2023-01-01T03:01:46
-3.446961,-3.891822,2023-01-01T03:01:47
-3.446961,-3.891822,2023-01-01T03:01:48
-3.446961,-3.891822,2023-01-01T03:01:49
-3.446961,-3.891822,2023-01-01T03:01:50
-3.446961,-3.891822,2023-01-01T03:01:51
-3.446961,-3.891822,2023-01-01T03:01:52
-3.446961,-3.891822,2023-01-01T03:01:53
-3.446961,-3.891822,2023-01-01T03:01:54
-3.446961,-3.891822,2023-01-01T03:01:55
-3.446961,-3.891822,2023-01-01T03:01:56
-3.446961,-3.891822,2023-01-01T03:01:57
-3.446961,-3.891822,2023-01-01T03:01:58
-3.446961,-3.891822,2023-01-01T03:01:59
-3.446961,-3.891822,2023-01-01T03:02:00
-3.446961,-3.891822,2023-01-01T03:02:01
-3.446961,-3.891822,2023-01-01T03:02:02
-3.446961,-3.891822,2023-01-01T03:02:03
-3.446961,-3.891822,2023-01-01T03:02:04
-3.446961,-3.891822,2023-01-01T03:02:05
-3.446961,-3.891822,2023-01-01T03:02:06
-3.446961,-3.891822,2023-01-01T03:02:07
-3.558153,-3.891822,2023-01-01T03:02:08
-3.558153,-3.891822,2023-01-01T03:02:09
-3.558153,-3.891822,2023-01-01T03:02:10
-3.558153,-3.891822,2023-01-01T03:02:11
-3.558153,-3.891822,2023-01-01T03:02:12
-3.558153,-3.891822,2023-01-01T03:02:13
-3.558153,-3.891822,2023-01-01T03:02:14
-3.558153,-3.891822,2023-01-01T03:02:15
-3.558153,-3.891822,2023-01-01T03:02:16
-3.558153,-3.891822,2023-01-01T03:02:17
-3.558153,-3.891822,2023-01-01T03:02:18
-3.558153,-3.891822,2023-01-01T03:02:19
-3.558153,-3.891822,2023-01-01T03:02:20
-3.558153,-3.891822,2023-01-01T03:02:21
-3.558153,-3.891822,2023-01-01T03:02:22
-3.558153,-3.891822,2023-01-01T03:02:23
-3.558153,-3.891822,2023-01-01T03:02:24
-3.558153,-3.891822,2023-01-01T03:02:25
-3.558153,-3.891822,2023-01-01T03:02:26
-3.558153,-3.891822,2023-01-01T03:02:27
-3.558153,-3.891822,2023-01-01T03:02:28
-3.558153,-3.891822,2023-01-01T03:02:29
-3.558153,-3.891822,2023-01-01T03:02:30
-3.558153,-3.891822,2023-01-01T03:02:31
-3.558153,-3.891822,2023-01-01T03:02:32
-3.558153,-3.891822,2023-01-01T03:02:33
-3.558153,-3.891822,2023-01-01T03:02:34
-3.558153,-3.891822,2023-01-01T03:02:35
-3.558153,-3.891822,2023-01-01T03:02:36
-3.558153,-3.891822,2023-01-01T03:02:37
-3.558153,-3.891822,2023-01-01T03:02:38
-3.558153,-3.891822,2023-01-01T03:02:39
-3.558153,-3.891822,2023-01-01T03:02:40
-3.558153,-3.891822,2023-01-01T03:02:41
-3.558153,-3.891822,2023-01-01T03:02:42
-3.558153,-3.891822,2023-01-01T03:02:43
-3.558153,-3.891822,2023-01-01T03:02:44
-3.558153,-3.891822,2023-01-01T03:02:45
-3.558153,-4.003017,2023-01-01T03:02:46
-3.558153,-4.003017,2023-01-01T03:02:47
-3.558153,-4.003017,2023-01-01T03:02:48
-3.558153,-4.003017,2023-01-01T03:02:49
-3.558153,-4.003017,2023-01-01T03:02:50
-3.558153,-4.003017,2023-01-01T03:02:51
-3.558153,-4.003017,2023-01-01T03:02:52
-3.558153,-3.891822,2023-01-01T03:02:53
-3.558153,-3.891822,2023-01-01T03:02:54
-3.558153,-3.891822,2023-01-01T03:02:55
-3.558153,-3.891822,2023-01-01T03:02:56
-3.558153,-3.891822,2023-01-01T03:02:57
-3.558153,-3.891822,2023-01-01T03:02:58
-3.558153,-3.891822,2023-01-01T03:02:59
-3.558153,-3.891822,2023-01-01T03:03:00
-3.558153,-3.891822,2023-01-01T03:03:01
-3.558153,-3.891822,2023-01-01T03:03:02
-3.558153,-3.891822,2023-01-01T03:03:03
-3.558153,-3.891822,2023-01-01T03:03:04
-3.558153,-3.891822,2023-01-01T03:03:05
-3.558153,-3.891822,2023-01-01T03:03:06
-3.446961,-3.891822,2023-01-01T03:03:07
-3.446961,-3.891822,2023-01-01T03:03:08
-3.446961,-3.891822,2023-01-01T03:03:09
-3.446961,-3.891822,2023-01-01T03:03:10
-3.446961,-3.891822,2023-01-01T03:03:11
-3.446961,-3.891822,2023-01-01T03:03:12
-3.446961,-3.891822,2023-01-01T03:03:13
-3.446961,-3.891822,2023-01-01T03:03:14
-3.446961,-3.891822,2023-01-01T03:03:15
-3.446961,-3.891822,2023-01-01T03:03:16
-3.446961,-3.891822,2023-01-01T03:03:17
-3.446961,-3.891822,2023-01-01T03:03:18
-3.446961,-3.891822,2023-01-01T03:03:19
-3.446961,-3.891822,2023-01-01T03:03:20
-3.446961,-3.891822,2023-01-01T03:03:21
-3.446961,-3.891822,2023-01-01T03:03:22
-3.446961,-3.891822,2023-01-01T03:03:23
-3.446961,-3.780628,2023-01-01T03:03:24
-3.335769,-3.780628,2023-01-01T03:03:25
-3.335769,-3.780628,2023-01-01T03:03:26
-3.335769,-3.780628,2023-01-01T03:03:27
-3.335769,-3.780628,2023-01-01T03:03:28
-3.335769,-3.780628,2023-01-01T03:03:29
-3.335769,-3.780628,2023-01-01T03:03:30
-3.335769,-3.780628,2023-01-01T03:03:31
-3.335769,-3.780628,2023-01-01T03:03:32
-3.335769,-3.780628,2023-01-01T03:03:33
-3.335769,-3.780628,2023-01-01T03:03:34
-3.335769,-3.780628,2023-01-01T03:03:35
-3.335769,-3.780628,2023-01-01T03:03:36
-3.335769,-3.780628,2023-01-01T03:03:37
-3.335769,-3.780628,2023-01-01T03:03:38
-3.335769,-3.780628,2023-01-01T03:03:39
-3.335769,-3.780628,2023-01-01T03:03:40
-3.335769,-3.891822,2023-01-01T03:03:41
-3.335769,-3.891822,2023-01-01T03:03:42
-3.335769,-3.891822,2023-01-01T03:03:43
-3.335769,-3.891822,2023-01-01T03:03:44
-3.335769,-3.891822,2023-01-01T03:03:45
-3.335769,-3.891822,2023-01-01T03:03:46
-3.335769,-3.891822,2023-01-01T03:03:47
-3.335769,-3.891822,2023-01-01T03:03:48
-3.335769,-3.891822,2023-01-01T03:03:49
-3.335769,-3.891822,2023-01-01T03:03:50
-3.335769,-3.891822,2023-01-01T03:03:51
-3.335769,-3.891822,2023-01-01T03:03:52
-3.335769,-3.891822,2023-01-01T03:03:53
-3.335769,-3.891822,2023-01-01T03:03:54
-3.335769,-3.891822,2023-01-01T03:03:55
-3.335769,-3.891822,2023-01-01T03:03:56
-3.335769,-3.891822,2023-01-01T03:03:57
-3.335769,-3.891822,2023-01-01T03:03:58
-3.335769,-3.891822,2023-01-01T03:03:59
-3.335769,-3.891822,2023-01-01T03:04:00
-3.335769,-3.891822,2023-01-01T03:04:01
-3.335769,-3.891822,2023-01-01T03:04:02
-3.335769,-3.891822,2023-01-01T03:04:03
-3.335769,-3.891822,2023-01-01T03:04:04
-3.335769,-3.891822,2023-01-01T03:04:05
-3.335769,-3.891822,2023-01-01T03:04:06
-3.335769,-3.891822,2023-01-01T03:04:07
-3.335769,-3.891822,2023-01-01T03:04:08
-3.335769,-3.891822,2023-01-01T03:04:09
-3.335769,-3.891822,2023-01-01T03:04:10
-3.335769,-3.891822,2023-01-01T03:04:11
-3.335769,-3.891822,2023-01-01T03:04:12
-3.335769,-3.891822,2023-01-01T03:04:13
-3.335769,-3.891822,2023-01-01T03:04:14
-3.335769,-3.891822,2023-01-01T03:04:15
-3.335769,-3.891822,2023-01-01T03:04:16
-3.335769,-3.891822,2023-01-01T03:04:17
-3.335769,-3.891822,2023-01-01T03:04:18
-3.335769,-3.891822,2023-01-01T03:04:19
-3.335769,-3.891822,2023-01-01T03:04:20
-3.335769,-3.891822,2023-01-01T03:04:21
-3.335769,-3.891822,2023-01-01T03:04:22
-3.335769,-3.891822,2023-01-01T03:04:23
-3.335769,-3.891822,2023-01-01T03:04:24
-3.335769,-3.891822,2023-01-01T03:04:25
-3.335769,-3.891822,2023-01-01T03:04:26
-3.335769,-3.891822,2023-01-01T03:04:27
-3.335769,-3.891822,2023-01-01T03:04:28
-3.335769,-3.891822,2023-01-01T03:04:29
-3.335769,-3.891822,2023-01-01T03:04:30
-3.335769,-3.891822,2023-01-01T03:04:31
-3.335769,-3.891822,2023-01-01T03:04:32
-3.335769,-3.891822,2023-01-01T03:04:33
-3.335769,-4.003017,2023-01-01T03:04:34
-3.335769,-4.003017,2023-01-01T03:04:35
-3.335769,-4.003017,2023-01-01T03:04:36
-3.335769,-4.003017,2023-01-01T03:04:37
-3.446961,-4.003017,2023-01-01T03:04:38
-3.446961,-4.003017,2023-01-01T03:04:39
-3.446961,-4.003017,2023-01-01T03:04:40
-3.446961,-4.003017,2023-01-01T03:04:41
-3.446961,-4.003017,2023-01-01T03:04:42
-3.446961,-4.003017,2023-01-01T03:04:43
-3.446961,-4.003017,2023-01-01T03:04:44
-3.446961,-4.003017,2023-01-01T03:04:45
-3.446961,-4.003017,2023-01-01T03:04:46
-3.446961,-4.003017,2023-01-01T03:04:47
-3.446961,-4.003017,2023-01-01T03:04:48
-3.446961,-4.003017,2023-01-01T03:04:49
-3.446961,-4.114212,2023-01-01T03:04:50
-3.446961,-4.114212,2023-01-01T03:04:51
-3.446961,-4.114212,2023-01-01T03:04:52
-3.446961,-4.114212,2023-01-01T03:04:53
-3.446961,-4.114212,2023-01-01T03:04:54
-3.446961,-4.114212,2023-01-01T03:04:55
-3.446961,-4.114212,2023-01-01T03:04:56
-3.446961,-4.114212,2023-01-01T03:04:57
-3.446961,-4.114212,2023-01-01T03:04:58
-3.446961,-4.114212,2023-01-01T03:04:59
-3.446961,-4.114212,2023-01-01T03:05:00
-3.446961,-4.114212,2023-01-01T03:05:01
-3.446961,-4.114212,2023-01-01T03:05:02
-3.446961,-4.114212,2023-01-01T03:05:03
-3.446961,-4.114212,2023-01-01T03:05:04
-3.446961,-4.114212,2023-01-01T03:05:05
-3.446961,-4.114212,2023-01-01T03:05:06
-3.446961,-4.114212,2023-01-01T03:05:07
-3.446961,-4.225407,2023-01-01T03:05:08
-3.558153,-4.225407,2023-01-01T03:05:09
-3.558153,-4.225407,2023-01-01T03:05:10
-3.558153,-4.225407,2023-01-01T03:05:11
-3.558153,-4.225407,2023-01-01T03:05:12
-3.558153,-4.225407,2023-01-01T03:05:13
-3.558153,-4.225407,2023-01-01T03:05:14
-3.558153,-4.225407,2023-01-01T03:05:15
-3.558153,-4.225407,2023-01-01T03:05:16
-3.558153,-4.225407,2023-01-01T03:05:17
-3.558153,-4.225407,2023-01-01T03:05:18
-3.558153,-4.225407,2023-01-01T03:05:19
-3.558153,-4.225407,2023-01-01T03:05:20
-3.558153,-4.225407,2023-01-01T03:05:21
-3.558153,-4.225407,2023-01-01T03:05:22
-3.558153,-4.225407,2023-01-01T03:05:23
-3.558153,-4.225407,2023-01-01T03:05:24
-3.558153,-4.225407,2023-01-01T03:05:25
-3.558153,-4.225407,2023-01-01T03:05:26
-3.558153,-4.225407,2023-01-01T03:05:27
-3.558153,-4.225407,2023-01-01T03:05:28
-3.558153,-4.225407,2023-01-01T03:05:29
-3.558153,-4.225407,2023-01-01T03:05:30
-3.558153,-4.225407,2023-01-01T03:05:31
-3.558153,-4.225407,2023-01-01T03:05:32
-3.558153,-4.225407,2023-01-01T03:05:33
-3.558153,-4.225407,2023-01-01T03:05:34
-3.558153,-4.225407,2023-01-01T03:05:35
-3.558153,-4.225407,2023-01-01T03:05:36
-3.558153,-4.225407,2023-01-01T03:05:37
-3.558153,-4.225407,2023-01-01T03:05:38
-3.558153,-4.225407,2023-01-01T03:05:39
-3.558153,-4.336602,2023-01-01T03:05:40
-3.558153,-4.336602,2023-01-01T03:05:41
-3.558153,-4.336602,2023-01-01T03:05:42
-3.558153,-4.336602,2023-01-01T03:05:43
-3.558153,-4.336602,2023-01-01T03:05:44
-3.558153,-4.336602,2023-01-01T03:05:45
-3.558153,-4.336602,2023-01-01T03:05:46
-3.558153,-4.336602,2023-01-01T03:05:47
-3.558153,-4.336602,2023-01-01T03:05:48
-3.558153,-4.336602,2023-01-01T03:05:49
-3.558153,-4.336602,2023-01-01T03:05:50
-3.558153,-4.336602,2023-01-01T03:05:51
-3.558153,-4.336602,2023-01-01T03:05:52
-3.558153,-4.336602,2023-01-01T03:05:53
-3.558153,-4.336602,2023-01-01T03:05:54
-3.558153,-4.336602,2023-01-01T03:05:55
-3.558153,-4.336602,2023-01-01T03:05:56
-3.558153,-4.336602,2023-01-01T03:05:57
-3.558153,-4.336602,2023-01-01T03:05:58
-3.558153,-4.336602,2023-01-01T03:05:59
-3.558153,-4.336602,2023-01-01T03:06:00
-3.558153,-4.336602,2023-01-01T03:06:01
-3.558153,-4.336602,2023-01-01T03:06:02
-3.558153,-4.336602,2023-01-01T03:06:03
-3.558153,-4.336602,2023-01-01T03:06:04
-3.558153,-4.336602,2023-01-01T03:06:05
-3.558153,-4.336602,2023-01-01T03:06:06
-3.558153,-4.336602,2023-01-01T03:06:07
-3.558153,-4.336602,2023-01-01T03:06:08
-3.558153,-4.336602,2023-01-01T03:06:09
-3.558153,-4.336602,2023-01-01T03:06:10
-3.558153,-4.336602,2023-01-01T03:06:11
-3.558153,-4.336602,2023-01-01T03:06:12
-3.558153,-4.336602,2023-01-01T03:06:13
-3.558153,-4.336602,2023-01-01T03:06:14
-3.558153,-4.336602,2023-01-01T03:06:15
-3.558153,-4.336602,2023-01-01T03:06:16
-3.558153,-4.336602,2023-01-01T03:06:17
-3.558153,-4.336602,2023-01-01T03:06:18
-3.558153,-4.336602,2023-01-01T03:06:19
-3.558153,-4.336602,2023-01-01T03:06:20
-3.558153,-4.336602,2023-01-01T03:06:21
-3.558153,-4.336602,2023-01-01T03:06:22
-3.558153,-4.336602,2023-01-01T03:06:23
-3.558153,-4.336602,2023-01-01T03:06:24
-3.558153,-4.336602,2023-01-01T03:06:25
-3.558153,-4.336602,2023-01-01T03:06:26
-3.558153,-4.336602,2023-01-01T03:06:27
-3.558153,-4.336602,2023-01-01T03:06:28
-3.558153,-4.336602,2023-01-01T03:06:29
-3.558153,-4.336602,2023-01-01T03:06:30
-3.558153,-4.336602,2023-01-01T03:06:31
-3.558153,-4.336602,2023-01-01T03:06:32
-3.558153,-4.336602,2023-01-01T03:06:33
-3.558153,-4.336602,2023-01-01T03:06:34
-3.558153,-4.336602,2023-01-01T03:06:35
-3.558153,-4.336602,2023-01-01T03:06:36
-3.558153,-4.336602,2023-01-01T03:06:37
-3.558153,-4.336602,2023-01-01T03:06:38
-3.558153,-4.336602,2023-01-01T03:06:39
-3.558153,-4.336602,2023-01-01T03:06:40
-3.558153,-4.336602,2023-01-01T03:06:41
-3.558153,-4.336602,2023-01-01T03:06:42
-3.558153,-4.336602,2023-01-01T03:06:43
-3.558153,-4.336602,2023-01-01T03:06:44
-3.558153,-4.336602,2023-01-01T03:06:45
-3.558153,-4.336602,2023-01-01T03:06:46
-3.558153,-4.336602,2023-01-01T03:06:47
-3.558153,-4.336602,2023-01-01T03:06:48
-3.558153,-4.336602,2023-01-01T03:06:49
-3.558153,-4.336602,2023-01-01T03:06:50
-3.558153,-4.336602,2023-01-01T03:06:51
-3.558153,-4.336602,2023-01-01T03:06:52
-3.558153,-4.336602,2023-01-01T03:06:53
-3.558153,-4.336602,2023-01-01T03:06:54
-3.558153,-4.336602,2023-01-01T03:06:55
-3.558153,-4.336602,2023-01-01T03:06:56
-3.558153,-4.336602,2023-01-01T03:06:57
-3.558153,-4.336602,2023-01-01T03:06:58
-3.558153,-4.336602,2023-01-01T03:06:59
-3.558153,-4.336602,2023-01-01T03:07:00
-3.558153,-4.336602,2023-01-01T03:07:01
-3.558153,-4.336602,2023-01-01T03:07:02
-3.558153,-4.336602,2023-01-01T03:07:03
-3.558153,-4.336602,2023-01-01T03:07:04
-3.558153,-4.336602,2023-01-01T03:07:05
-3.558153,-4.336602,2023-01-01T03:07:06
-3.558153,-4.336602,2023-01-01T03:07:07
-3.558153,-4.336602,2023-01-01T03:07:08
-3.558153,-4.336602,2023-01-01T03:07:09
-3.558153,-4.336602,2023-01-01T03:07:10
-3.558153,-4.336602,2023-01-01T03:07:11
-3.558153,-4.336602,2023-01-01T03:07:12
-3.558153,-4.336602,2023-01-01T03:07:13
-3.558153,-4.336602,2023-01-01T03:07:14
-3.558153,-4.336602,2023-01-01T03:07:15
-3.558153,-4.336602,2023-01-01T03:07:16
-3.558153,-4.336602,2023-01-01T03:07:17
-3.558153,-4.336602,2023-01-01T03:07:18
-3.558153,-4.336602,2023-01-01T03:07:19
-3.558153,-4.336602,2023-01-01T03:07:20
-3.558153,-4.336602,2023-01-01T03:07:21
-3.558153,-4.336602,2023-01-01T03:07:22
-3.558153,-4.336602,2023-01-01T03:07:23
-3.558153,-4.336602,2023-01-01T03:07:24
-3.558153,-4.336602,2023-01-01T03:07:25
-3.558153,-4.336602,2023-01-01T03:07:26
-3.558153,-4.336602,2023-01-01T03:07:27
-3.558153,-4.336602,2023-01-01T03:07:28
-3.558153,-4.336602,2023-01-01T03:07:29
-3.558153,-4.336602,2023-01-01T03:07:30
-3.558153,-4.336602,2023-01-01T03:07:31
-3.558153,-4.336602,2023-01-01T03:07:32
-3.558153,-4.336602,2023-01-01T03:07:33
-3.558153,-4.336602,2023-01-01T03:07:34
-3.558153,-4.336602,2023-01-01T03:07:35
-3.558153,-4.336602,2023-01-01T03:07:36
-3.558153,-4.336602,2023-01-01T03:07:37
-3.558153,-4.336602,2023-01-01T03:07:38
-3.558153,-4.336602,2023-01-01T03:07:39
-3.558153,-4.336602,2023-01-01T03:07:40
-3.558153,-4.336602,2023-01-01T03:07:41
-3.558153,-4.336602,2023-01-01T03:07:42
-3.558153,-4.336602,2023-01-01T03:07:43
-3.558153,-4.336602,2023-01-01T03:07:44
-3.558153,-4.336602,2023-01-01T03:07:45
-3.558153,-4.336602,2023-01-01T03:07:46
-3.558153,-4.336602,2023-01-01T03:07:47
-3.558153,-4.336602,2023-01-01T03:07:48
-3.558153,-4.336602,2023-01-01T03:07:49
-3.558153,-4.336602,2023-01-01T03:07:50
-3.558153,-4.336602,2023-01-01T03:07:51
-3.558153,-4.336602,2023-01-01T03:07:52
-3.558153,-4.336602,2023-01-01T03:07:53
-3.558153,-4.336602,2023-01-01T03:07:54
-3.558153,-4.336602,2023-01-01T03:07:55
-3.558153,-4.336602,2023-01-01T03:07:56
-3.558153,-4.336602,2023-01-01T03:07:57
-3.558153,-4.336602,2023-01-01T03:07:58
-3.558153,-4.336602,2023-01-01T03:07:59
-3.558153,-4.336602,2023-01-01T03:08:00
-3.558153,-4.336602,2023-01-01T03:08:01
-3.558153,-4.336602,2023-01-01T03:08:02
-3.558153,-4.336602,2023-01-01T03:08:03
-3.558153,-4.336602,2023-01-01T03:08:04
-3.558153,-4.336602,2023-01-01T03:08:05
-3.558153,-4.336602,2023-01-01T03:08:06
-3.558153,-4.336602,2023-01-01T03:08:07
-3.558153,-4.336602,2023-01-01T03:08:08
-3.558153,-4.336602,2023-01-01T03:08:09
-3.558153,-4.336602,2023-01-01T03:08:10
-3.558153,-4.336602,2023-01-01T03:08:11
-3.558153,-4.336602,2023-01-01T03:08:12
-3.558153,-4.336602,2023-01-01T03:08:13
-3.558153,-4.336602,2023-01-01T03:08:14
-3.558153,-4.336602,2023-01-01T03:08:15
-3.558153,-4.336602,2023-01-01T03:08:16
-3.558153,-4.336602,2023-01-01T03:08:17
-3.558153,-4.336602,2023-01-01T03:08:18
-3.558153,-4.336602,2023-01-01T03:08:19
-3.558153,-4.336602,2023-01-01T03:08:20
-3.558153,-4.336602,2023-01-01T03:08:21
-3.558153,-4.336602,2023-01-01T03:08:22
-3.558153,-4.336602,2023-01-01T03:08:23
-3.558153,-4.336602,2023-01-01T03:08:24
-3.558153,-4.336602,2023-01-01T03:08:25
-3.558153,-4.336602,2023-01-01T03:08:26
-3.558153,-4.336602,2023-01-01T03:08:27
-3.558153,-4.336602,2023-01-01T03:08:28
-3.558153,-4.336602,2023-01-01T03:08:29
-3.558153,-4.336602,2023-01-01T03:08:30
-3.558153,-4.336602,2023-01-01T03:08:31
-3.558153,-4.336602,2023-01-01T03:08:32
-3.558153,-4.336602,2023-01-01T03:08:33
-3.558153,-4.336602,2023-01-01T03:08:34
-3.558153,-4.336602,2023-01-01T03:08:35
-3.558153,-4.336602,2023-01-01T03:08:36
-3.558153,-4.336602,2023-01-01T03:08:37
-3.558153,-4.336602,2023-01-01T03:08:38
-3.558153,-4.336602,2023-01-01T03:08:39
-3.558153,-4.336602,2023-01-01T03:08:40
-3.558153,-4.336602,2023-01-01T03:08:41
-3.558153,-4.336602,2023-01-01T03:08:42
-3.558153,-4.336602,2023-01-01T03:08:43
-3.558153,-4.336602,2023-01-01T03:08:44
-3.558153,-4.336602,2023-01-01T03:08:45
-3.558153,-4.336602,2023-01-01T03:08:46
-3.558153,-4.336602,2023-01-01T03:08:47
-3.558153,-4.336602,2023-01-01T03:08:48
-3.558153,-4.336602,2023-01-01T03:08:49
-3.558153,-4.336602,2023-01-01T03:08:50
-3.558153,-4.336602,2023-01-01T03:08:51
-3.558153,-4.336602,2023-01-01T03:08:52
-3.558153,-4.336602,2023-01-01T03:08:53
-3.558153,-4.336602,2023-01-01T03:08:54
-3.558153,-4.336602,2023-01-01T03:08:55
-3.558153,-4.336602,2023-01-01T03:08:56
-3.558153,-4.336602,2023-01-01T03:08:57
-3.558153,-4.336602,2023-01-01T03:08:58
-3.558153,-4.336602,2023-01-01T03:08:59
-3.558153,-4.336602,2023-01-01T03:09:00
-3.558153,-4.336602,2023-01-01T03:09:01
-3.558153,-4.336602,2023-01-01T03:09:02
-3.558153,-4.336602,2023-01-01T03:09:03
-3.558153,-4.336602,2023-01-01T03:09:04
-3.558153,-4.336602,2023-01-01T03:09:05
-3.558153,-4.336602,2023-01-01T03:09:06
-3.558153,-4.336602,2023-01-01T03:09:07
-3.558153,-4.336602,2023-01-01T03:09:08
-3.558153,-4.336602,2023-01-01T03:09:09
-3.558153,-4.336602,2023-01-01T03:09:10
-3.558153,-4.336602,2023-01-01T03:09:11
-3.558153,-4.336602,2023-01-01T03:09:12
-3.558153,-4.336602,2023-01-01T03:09:13
-3.558153,-4.336602,2023-01-01T03:09:14
-3.558153,-4.336602,2023-01-01T03:09:15
-3.558153,-4.336602,2023-01-01T03:09:16
-3.558153,-4.336602,2023-01-01T03:09:17
-3.558153,-4.336602,2023-01-01T03:09:18
-3.558153,-4.336602,2023-01-01T03:09:19
-3.558153,-4.336602,2023-01-01T03:09:20
-3.558153,-4.336602,2023-01-01T03:09:21
-3.558153,-4.336602,2023-01-01T03:09:22
-3.558153,-4.336602,2023-01-01T03:09:23
-3.558153,-4.336602,2023-01-01T03:09:24
-3.558153,-4.336602,2023-01-01T03:09:25
-3.558153,-4.336602,2023-01-01T03:09:26
-3.558153,-4.336602,2023-01-01T03:09:27
-3.558153,-4.336602,2023-01-01T03:09:28
-3.558153,-4.336602,2023-01-01T03:09:29
-3.558153,-4.336602,2023-01-01T03:09:30
-3.558153,-4.336602,2023-01-01T03:09:31
-3.558153,-4.336602,2023-01-01T03:09:32
-3.558153,-4.336602,2023-01-01T03:09:33
-3.558153,-4.336602,2023-01-01T03:09:34
-3.558153,-4.336602,2023-01-01T03:09:35
-3.558153,-4.336602,2023-01-01T03:09:36
-3.558153,-4.336602,2023-01-01T03:09:37
-3.558153,-4.336602,2023-01-01T03:09:38
-3.558153,-4.336602,2023-01-01T03:09:39
-3.558153,-4.336602,2023-01-01T03:09:40
-3.558153,-4.336602,2023-01-01T03:09:41
-3.558153,-4.336602,2023-01-01T03:09:42
-3.558153,-4.336602,2023-01-01T03:09:43
-3.558153,-4.336602,2023-01-01T03:09:44
-3.558153,-4.336602,2023-01-01T03:09:45
-3.558153,-4.336602,2023-01-01T03:09:46
-3.558153,-4.336602,2023-01-01T03:09:47
-3.558153,-4.336602,2023-01-01T03:09:48
-3.558153,-4.336602,2023-01-01T03:09:49
-3.558153,-4.336602,2023-01-01T03:09:50
-3.558153,-4.336602,2023-01-01T03:09:51
-3.558153,-4.336602,2023-01-01T03:09:52
-3.558153,-4.336602,2023-01-01T03:09:53
-3.558153,-4.336602,2023-01-01T03:09:54
-3.558153,-4.336602,2023-01-01T03:09:55
-3.558153,-4.336602,2023-01-01T03:09:56
-3.558153,-4.336602,2023-01-01T03:09:57
-3.558153,-4.336602,2023-01-01T03:09:58
-3.558153,-4.336602,2023-01-01T03:09:59
-3.558153,-4.336602,2023-01-01T03:10:00
-3.558153,-4.336602,2023-01-01T03:10:01
-3.558153,-4.336602,2023-01-01T03:10:02
-3.558153,-4.336602,2023-01-01T03:10:03
-3.558153,-4.336602,2023-01-01T03:10:04
-3.558153,-4.336602,2023-01-01T03:10:05
-3.558153,-4.336602,2023-01-01T03:10:06
-3.558153,-4.336602,2023-01-01T03:10:07
-3.558153,-4.336602,2023-01-01T03:10:08
-3.558153,-4.336602,2023-01-01T03:10:09
-3.558153,-4.336602,2023-01-01T03:10:10
-3.558153,-4.336602,2023-01-01T03:10:11
-3.558153,-4.336602,2023-01-01T03:10:12
-3.558153,-4.336602,2023-01-01T03:10:13
-3.558153,-4.336602,2023-01-01T03:10:14
-3.558153,-4.336602,2023-01-01T03:10:15
-3.558153,-4.447797,2023-01-01T03:10:16
-3.558153,-4.447797,2023-01-01T03:10:17
-3.558153,-4.447797,2023-01-01T03:10:18
-3.558153,-4.447797,2023-01-01T03:10:19
-3.558153,-4.447797,2023-01-01T03:10:20
-3.558153,-4.447797,2023-01-01T03:10:21
-3.558153,-4.447797,2023-01-01T03:10:22
-3.558153,-4.447797,2023-01-01T03:10:23
-3.558153,-4.447797,2023-01-01T03:10:24
-3.558153,-4.447797,2023-01-01T03:10:25
-3.558153,-4.447797,2023-01-01T03:10:26
-3.558153,-4.447797,2023-01-01T03:10:27
-3.558153,-4.447797,2023-01-01T03:10:28
-3.558153,-4.447797,2023-01-01T03:10:29
-3.558153,-4.447797,2023-01-01T03:10:30
-3.558153,-4.447797,2023-01-01T03:10:31
-3.558153,-4.447797,2023-01-01T03:10:32
-3.558153,-4.447797,2023-01-01T03:10:33
-3.558153,-4.447797,2023-01-01T03:10:34
-3.558153,-4.447797,2023-01-01T03:10:35
-3.558153,-4.447797,2023-01-01T03:10:36
-3.558153,-4.447797,2023-01-01T03:10:37
-3.558153,-4.447797,2023-01-01T03:10:38
-3.558153,-4.447797,2023-01-01T03:10:39
-3.558153,-4.447797,2023-01-01T03:10:40
-3.558153,-4.447797,2023-01-01T03:10:41
-3.558153,-4.447797,2023-01-01T03:10:42
-3.558153,-4.447797,2023-01-01T03:10:43
-3.558153,-4.447797,2023-01-01T03:10:44
-3.558153,-4.447797,2023-01-01T03:10:45
-3.558153,-4.447797,2023-01-01T03:10:46
-3.558153,-4.447797,2023-01-01T03:10:47
-3.558153,-4.447797,2023-01-01T03:10:48
-3.558153,-4.447797,2023-01-01T03:10:49
-3.558153,-4.447797,2023-01-01T03:10:50
-3.558153,-4.447797,2023-01-01T03:10:51
-3.558153,-4.447797,2023-01-01T03:10:52
-3.558153,-4.447797,2023-01-01T03:10:53
-3.558153,-4.447797,2023-01-01T03:10:54
-3.558153,-4.447797,2023-01-01T03:10:55
-3.558153,-4.447797,2023-01-01T03:10:56
-3.558153,-4.447797,2023-01-01T03:10:57
-3.558153,-4.447797,2023-01-01T03:10:58
-3.558153,-4.447797,2023-01-01T03:10:59
-3.558153,-4.447797,2023-01-01T03:11:00
-3.558153,-4.336602,2023-01-01T03:11:01
-3.558153,-4.336602,2023-01-01T03:11:02
-3.558153,-4.336602,2023-01-01T03:11:03
-3.558153,-4.336602,2023-01-01T03:11:04
-3.558153,-4.336602,2023-01-01T03:11:05
-3.558153,-4.336602,2023-01-01T03:11:06
-3.558153,-4.336602,2023-01-01T03:11:07
-3.558153,-4.336602,2023-01-01T03:11:08
-3.558153,-4.336602,2023-01-01T03:11:09
-3.558153,-4.336602,2023-01-01T03:11:10
-3.558153,-4.336602,2023-01-01T03:11:11
-3.558153,-4.336602,2023-01-01T03:11:12
-3.558153,-4.336602,2023-01-01T03:11:13
-3.558153,-4.336602,2023-01-01T03:11:14
-3.558153,-4.336602,2023-01-01T03:11:15
-3.558153,-4.336602,2023-01-01T03:11:16
-3.558153,-4.336602,2023-01-01T03:11:17
-3.558153,-4.336602,2023-01-01T03:11:18
-3.558153,-4.336602,2023-01-01T03:11:19
-3.558153,-4.336602,2023-01-01T03:11:20
-3.558153,-4.336602,2023-01-01T03:11:21
-3.558153,-4.336602,2023-01-01T03:11:22
-3.558153,-4.336602,2023-01-01T03:11:23
-3.558153,-4.336602,2023-01-01T03:11:24
-3.558153,-4.336602,2023-01-01T03:11:25
-3.558153,-4.336602,2023-01-01T03:11:26
-3.558153,-4.336602,2023-01-01T03:11:27
-3.558153,-4.336602,2023-01-01T03:11:28
-3.558153,-4.336602,2023-01-01T03:11:29
-3.558153,-4.336602,2023-01-01T03:11:30
-3.558153,-4.336602,2023-01-01T03:11:31
-3.558153,-4.336602,2023-01-01T03:11:32
-3.558153,-4.336602,2023-01-01T03:11:33
-3.558153,-4.336602,2023-01-01T03:11:34
-3.558153,-4.336602,2023-01-01T03:11:35
-3.558153,-4.336602,2023-01-01T03:11:36
-3.558153,-4.336602,2023-01-01T03:11:37
-3.558153,-4.336602,2023-01-01T03:11:38
-3.558153,-4.336602,2023-01-01T03:11:39
-3.558153,-4.336602,2023-01-01T03:11:40
-3.558153,-4.336602,2023-01-01T03:11:41
-3.558153,-4.336602,2023-01-01T03:11:42
-3.558153,-4.336602,2023-01-01T03:11:43
-3.558153,-4.336602,2023-01-01T03:11:44
-3.558153,-4.336602,2023-01-01T03:11:45
-3.558153,-4.336602,2023-01-01T03:11:46
-3.558153,-4.336602,2023-01-01T03:11:47
-3.558153,-4.336602,2023-01-01T03:11:48
-3.558153,-4.336602,2023-01-01T03:11:49
-3.558153,-4.336602,2023-01-01T03:11:50
-3.558153,-4.336602,2023-01-01T03:11:51
-3.558153,-4.336602,2023-01-01T03:11:52
-3.558153,-4.336602,2023-01-01T03:11:53
-3.669345,-4.336602,2023-01-01T03:11:54
-3.669345,-4.336602,2023-01-01T03:11:55
-3.669345,-4.336602,2023-01-01T03:11:56
-3.669345,-4.336602,2023-01-01T03:11:57
-3.669345,-4.336602,2023-01-01T03:11:58
-3.669345,-4.336602,2023-01-01T03:11:59
-3.669345,-4.336602,2023-01-01T03:12:00
-3.669345,-4.336602,2023-01-01T03:12:01
-3.669345,-4.336602,2023-01-01T03:12:02
-3.669345,-4.336602,2023-01-01T03:12:03
-3.669345,-4.336602,2023-01-01T03:12:04
-3.669345,-4.336602,2023-01-01T03:12:05
-3.669345,-4.336602,2023-01-01T03:12:06
-3.669345,-4.336602,2023-01-01T03:12:07
-3.669345,-4.336602,2023-01-01T03:12:08
-3.669345,-4.336602,2023-01-01T03:12:09
-3.669345,-4.336602,2023-01-01T03:12:10
-3.669345,-4.336602,2023-01-01T03:12:11
-3.669345,-4.336602,2023-01-01T03:12:12
-3.669345,-4.336602,2023-01-01T03:12:13
-3.669345,-4.336602,2023-01-01T03:12:14
-3.669345,-4.336602,2023-01-01T03:12:15
-3.669345,-4.336602,2023-01-01T03:12:16
-3.669345,-4.336602,2023-01-01T03:12:17
-3.669345,-4.336602,2023-01-01T03:12:18
-3.669345,-4.336602,2023-01-01T03:12:19
-3.669345,-4.336602,2023-01-01T03:12:20
-3.669345,-4.336602,2023-01-01T03:12:21
-3.669345,-4.336602,2023-01-01T03:12:22
-3.669345,-4.336602,2023-01-01T03:12:23
-3.669345,-4.336602,2023-01-01T03:12:24
-3.669345,-4.336602,2023-01-01T03:12:25
-3.669345,-4.336602,2023-01-01T03:12:26
-3.669345,-4.336602,2023-01-01T03:12:27
-3.669345,-4.336602,2023-01-01T03:12:28
-3.669345,-4.336602,2023-01-01T03:12:29
-3.669345,-4.336602,2023-01-01T03:12:30
-3.669345,-4.336602,2023-01-01T03:12:31
-3.669345,-4.336602,2023-01-01T03:12:32
-3.669345,-4.336602,2023-01-01T03:12:33
-3.669345,-4.336602,2023-01-01T03:12:34
-3.669345,-4.336602,2023-01-01T03:12:35
-3.669345,-4.336602,2023-01-01T03:12:36
-3.669345,-4.336602,2023-01-01T03:12:37
-3.669345,-4.336602,2023-01-01T03:12:38
-3.669345,-4.336602,2023-01-01T03:12:39
-3.669345,-4.336602,2023-01-01T03:12:40
-3.669345,-4.336602,2023-01-01T03:12:41
-3.669345,-4.336602,2023-01-01T03:12:42
-3.669345,-4.336602,2023-01-01T03:12:43
-3.669345,-4.336602,2023-01-01T03:12:44
-3.669345,-4.336602,2023-01-01T03:12:45
-3.669345,-4.336602,2023-01-01T03:12:46
-3.669345,-4.336602,2023-01-01T03:12:47
-3.669345,-4.336602,2023-01-01T03:12:48
-3.669345,-4.336602,2023-01-01T03:12:49
-3.669345,-4.336602,2023-01-01T03:12:50
-3.669345,-4.336602,2023-01-01T03:12:51
-3.669345,-4.336602,2023-01-01T03:12:52
-3.669345,-4.336602,2023-01-01T03:12:53
-3.669345,-4.336602,2023-01-01T03:12:54
-3.669345,-4.336602,2023-01-01T03:12:55
-3.669345,-4.336602,2023-01-01T03:12:56
-3.669345,-4.336602,2023-01-01T03:12:57
-3.669345,-4.336602,2023-01-01T03:12:58
-3.669345,-4.336602,2023-01-01T03:12:59
-3.669345,-4.336602,2023-01-01T03:13:00
-3.669345,-4.336602,2023-01-01T03:13:01
-3.669345,-4.336602,2023-01-01T03:13:02
-3.669345,-4.336602,2023-01-01T03:13:03
-3.669345,-4.336602,2023-01-01T03:13:04
-3.669345,-4.336602,2023-01-01T03:13:05
-3.669345,-4.336602,2023-01-01T03:13:06
-3.669345,-4.336602,2023-01-01T03:13:07
-3.669345,-4.336602,2023-01-01T03:13:08
-3.669345,-4.336602,2023-01-01T03:13:09
-3.669345,-4.336602,2023-01-01T03:13:10
-3.669345,-4.336602,2023-01-01T03:13:11
-3.669345,-4.336602,2023-01-01T03:13:12
-3.669345,-4.336602,2023-01-01T03:13:13
-3.669345,-4.336602,2023-01-01T03:13:14
-3.669345,-4.336602,2023-01-01T03:13:15
-3.669345,-4.336602,2023-01-01T03:13:16
-3.669345,-4.336602,2023-01-01T03:13:17
-3.669345,-4.336602,2023-01-01T03:13:18
-3.669345,-4.336602,2023-01-01T03:13:19
-3.669345,-4.336602,2023-01-01T03:13:20
-3.669345,-4.336602,2023-01-01T03:13:21
-3.669345,-4.336602,2023-01-01T03:13:22
-3.669345,-4.336602,2023-01-01T03:13:23
-3.669345,-4.336602,2023-01-01T03:13:24
-3.669345,-4.336602,2023-01-01T03:13:25
-3.669345,-4.336602,2023-01-01T03:13:26
-3.669345,-4.336602,2023-01-01T03:13:27
-3.669345,-4.336602,2023-01-01T03:13:28
-3.669345,-4.336602,2023-01-01T03:13:29
-3.669345,-4.336602,2023-01-01T03:13:30
-3.669345,-4.336602,2023-01-01T03:13:31
-3.669345,-4.336602,2023-01-01T03:13:32
-3.669345,-4.336602,2023-01-01T03:13:33
-3.669345,-4.336602,2023-01-01T03:13:34
-3.669345,-4.336602,2023-01-01T03:13:35
-3.669345,-4.336602,2023-01-01T03:13:36
-3.669345,-4.336602,2023-01-01T03:13:37
-3.669345,-4.336602,2023-01-01T03:13:38
-3.669345,-4.336602,2023-01-01T03:13:39
-3.669345,-4.336602,2023-01-01T03:13:40
-3.669345,-4.336602,2023-01-01T03:13:41
-3.669345,-4.336602,2023-01-01T03:13:42
-3.669345,-4.336602,2023-01-01T03:13:43
-3.669345,-4.336602,2023-01-01T03:13:44
-3.669345,-4.336602,2023-01-01T03:13:45
-3.669345,-4.336602,2023-01-01T03:13:46
-3.669345,-4.336602,2023-01-01T03:13:47
-3.669345,-4.336602,2023-01-01T03:13:48
-3.669345,-4.336602,2023-01-01T03:13:49
-3.669345,-4.336602,2023-01-01T03:13:50
-3.669345,-4.336602,2023-01-01T03:13:51
-3.669345,-4.336602,2023-01-01T03:13:52
-3.669345,-4.336602,2023-01-01T03:13:53
-3.669345,-4.336602,2023-01-01T03:13:54
-3.669345,-4.336602,2023-01-01T03:13:55
-3.669345,-4.336602,2023-01-01T03:13:56
-3.669345,-4.336602,2023-01-01T03:13:57
-3.669345,-4.336602,2023-01-01T03:13:58
-3.669345,-4.336602,2023-01-01T03:13:59
-3.669345,-4.336602,2023-01-01T03:14:00
-3.669345,-4.336602,2023-01-01T03:14:01
-3.669345,-4.336602,2023-01-01T03:14:02
-3.669345,-4.336602,2023-01-01T03:14:03
-3.669345,-4.336602,2023-01-01T03:14:04
-3.669345,-4.336602,2023-01-01T03:14:05
-3.669345,-4.336602,2023-01-01T03:14:06
-3.669345,-4.336602,2023-01-01T03:14:07
-3.669345,-4.336602,2023-01-01T03:14:08
-3.669345,-4.336602,2023-01-01T03:14:09
-3.669345,-4.336602,2023-01-01T03:14:10
-3.669345,-4.336602,2023-01-01T03:14:11
-3.669345,-4.336602,2023-01-01T03:14:12
-3.669345,-4.336602,2023-01-01T03:14:13
-3.669345,-4.336602,2023-01-01T03:14:14
-3.669345,-4.336602,2023-01-01T03:14:15
-3.669345,-4.336602,2023-01-01T03:14:16
-3.669345,-4.336602,2023-01-01T03:14:17
-3.669345,-4.336602,2023-01-01T03:14:18
-3.669345,-4.336602,2023-01-01T03:14:19
-3.669345,-4.336602,2023-01-01T03:14:20
-3.669345,-4.336602,2023-01-01T03:14:21
-3.669345,-4.336602,2023-01-01T03:14:22
-3.669345,-4.336602,2023-01-01T03:14:23
-3.669345,-4.336602,2023-01-01T03:14:24
-3.669345,-4.336602,2023-01-01T03:14:25
-3.669345,-4.336602,2023-01-01T03:14:26
-3.669345,-4.336602,2023-01-01T03:14:27
-3.669345,-4.336602,2023-01-01T03:14:28
-3.669345,-4.336602,2023-01-01T03:14:29
-3.669345,-4.336602,2023-01-01T03:14:30
-3.669345,-4.336602,2023-01-01T03:14:31
-3.669345,-4.336602,2023-01-01T03:14:32
-3.669345,-4.336602,2023-01-01T03:14:33
-3.669345,-4.336602,2023-01-01T03:14:34
-3.669345,-4.336602,2023-01-01T03:14:35
-3.669345,-4.336602,2023-01-01T03:14:36
-3.669345,-4.336602,2023-01-01T03:14:37
-3.669345,-4.336602,2023-01-01T03:14:38
-3.669345,-4.336602,2023-01-01T03:14:39
-3.669345,-4.336602,2023-01-01T03:14:40
-3.669345,-4.336602,2023-01-01T03:14:41
-3.669345,-4.336602,2023-01-01T03:14:42
-3.669345,-4.336602,2023-01-01T03:14:43
-3.669345,-4.336602,2023-01-01T03:14:44
-3.669345,-4.336602,2023-01-01T03:14:45
-3.669345,-4.336602,2023-01-01T03:14:46
-3.669345,-4.336602,2023-01-01T03:14:47
-3.669345,-4.336602,2023-01-01T03:14:48
-3.669345,-4.336602,2023-01-01T03:14:49
-3.669345,-4.336602,2023-01-01T03:14:50
-3.669345,-4.336602,2023-01-01T03:14:51
-3.669345,-4.336602,2023-01-01T03:14:52
-3.669345,-4.336602,2023-01-01T03:14:53
-3.669345,-4.336602,2023-01-01T03:14:54
-3.669345,-4.336602,2023-01-01T03:14:55
-3.669345,-4.336602,2023-01-01T03:14:56
-3.669345,-4.336602,2023-01-01T03:14:57
-3.669345,-4.336602,2023-01-01T03:14:58
-3.669345,-4.336602,2023-01-01T03:14:59
-3.669345,-4.336602,2023-01-01T03:15:00
-3.669345,-4.336602,2023-01-01T03:15:01
-3.669345,-4.336602,2023-01-01T03:15:02
-3.669345,-4.336602,2023-01-01T03:15:03
-3.669345,-4.336602,2023-01-01T03:15:04
-3.669345,-4.336602,2023-01-01T03:15:05
-3.669345,-4.336602,2023-01-01T03:15:06
-3.669345,-4.336602,2023-01-01T03:15:07
-3.669345,-4.336602,2023-01-01T03:15:08
-3.669345,-4.336602,2023-01-01T03:15:09
-3.669345,-4.336602,2023-01-01T03:15:10
-3.669345,-4.336602,2023-01-01T03:15:11
-3.669345,-4.336602,2023-01-01T03:15:12
-3.669345,-4.336602,2023-01-01T03:15:13
-3.669345,-4.336602,2023-01-01T03:15:14
-3.669345,-4.336602,2023-01-01T03:15:15
-3.669345,-4.336602,2023-01-01T03:15:16
-3.669345,-4.336602,2023-01-01T03:15:17
-3.669345,-4.336602,2023-01-01T03:15:18
-3.669345,-4.336602,2023-01-01T03:15:19
-3.669345,-4.336602,2023-01-01T03:15:20
-3.669345,-4.336602,2023-01-01T03:15:21
-3.669345,-4.336602,2023-01-01T03:15:22
-3.669345,-4.336602,2023-01-01T03:15:23
-3.669345,-4.336602,2023-01-01T03:15:24
-3.669345,-4.336602,2023-01-01T03:15:25
-3.669345,-4.336602,2023-01-01T03:15:26
-3.669345,-4.336602,2023-01-01T03:15:27
-3.669345,-4.336602,2023-01-01T03:15:28
-3.669345,-4.336602,2023-01-01T03:15:29
-3.669345,-4.336602,2023-01-01T03:15:30
-3.669345,-4.336602,2023-01-01T03:15:31
-3.669345,-4.336602,2023-01-01T03:15:32
-3.669345,-4.336602,2023-01-01T03:15:33
-3.669345,-4.336602,2023-01-01T03:15:34
-3.669345,-4.336602,2023-01-01T03:15:35
-3.669345,-4.336602,2023-01-01T03:15:36
-3.669345,-4.336602,2023-01-01T03:15:37
-3.669345,-4.336602,2023-01-01T03:15:38
-3.669345,-4.336602,2023-01-01T03:15:39
-3.669345,-4.336602,2023-01-01T03:15:40
-3.669345,-4.336602,2023-01-01T03:15:41
-3.669345,-4.336602,2023-01-01T03:15:42
-3.669345,-4.336602,2023-01-01T03:15:43
-3.669345,-4.336602,2023-01-01T03:15:44
-3.669345,-4.336602,2023-01-01T03:15:45
-3.669345,-4.336602,2023-01-01T03:15:46
-3.669345,-4.336602,2023-01-01T03:15:47
-3.669345,-4.336602,2023-01-01T03:15:48
-3.669345,-4.336602,2023-01-01T03:15:49
-3.669345,-4.336602,2023-01-01T03:15:50
-3.669345,-4.336602,2023-01-01T03:15:51
-3.669345,-4.336602,2023-01-01T03:15:52
-3.669345,-4.336602,2023-01-01T03:15:53
-3.669345,-4.336602,2023-01-01T03:15:54
-3.669345,-4.336602,2023-01-01T03:15:55
-3.669345,-4.336602,2023-01-01T03:15:56
-3.669345,-4.336602,2023-01-01T03:15:57
-3.669345,-4.336602,2023-01-01T03:15:58
-3.669345,-4.336602,2023-01-01T03:15:59
-3.669345,-4.336602,2023-01-01T03:16:00
-3.669345,-4.336602,2023-01-01T03:16:01
-3.669345,-4.336602,2023-01-01T03:16:02
-3.669345,-4.336602,2023-01-01T03:16:03
-3.669345,-4.336602,2023-01-01T03:16:04
-3.669345,-4.336602,2023-01-01T03:16:05
-3.669345,-4.336602,2023-01-01T03:16:06
-3.669345,-4.336602,2023-01-01T03:16:07
-3.669345,-4.336602,2023-01-01T03:16:08
-3.669345,-4.336602,2023-01-01T03:16:09
-3.669345,-4.336602,2023-01-01T03:16:10
-3.669345,-4.336602,2023-01-01T03:16:11
-3.669345,-4.336602,2023-01-01T03:16:12
-3.669345,-4.336602,2023-01-01T03:16:13
-3.669345,-4.336602,2023-01-01T03:16:14
-3.669345,-4.336602,2023-01-01T03:16:15
-3.669345,-4.336602,2023-01-01T03:16:16
-3.669345,-4.336602,2023-01-01T03:16:17
-3.669345,-4.336602,2023-01-01T03:16:18
-3.669345,-4.336602,2023-01-01T03:16:19
-3.669345,-4.336602,2023-01-01T03:16:20
-3.669345,-4.336602,2023-01-01T03:16:21
-3.669345,-4.336602,2023-01-01T03:16:22
-3.669345,-4.336602,2023-01-01T03:16:23
-3.669345,-4.336602,2023-01-01T03:16:24
-3.669345,-4.336602,2023-01-01T03:16:25
-3.669345,-4.336602,2023-01-01T03:16:26
-3.669345,-4.336602,2023-01-01T03:16:27
-3.669345,-4.336602,2023-01-01T03:16:28
-3.669345,-4.336602,2023-01-01T03:16:29
-3.669345,-4.336602,2023-01-01T03:16:30
-3.669345,-4.336602,2023-01-01T03:16:31
-3.669345,-4.336602,2023-01-01T03:16:32
-3.669345,-4.336602,2023-01-01T03:16:33
-3.669345,-4.336602,2023-01-01T03:16:34
-3.669345,-4.336602,2023-01-01T03:16:35
-3.669345,-4.336602,2023-01-01T03:16:36
-3.669345,-4.336602,2023-01-01T03:16:37
-3.669345,-4.336602,2023-01-01T03:16:38
-3.669345,-4.336602,2023-01-01T03:16:39
-3.669345,-4.336602,2023-01-01T03:16:40
-3.669345,-4.336602,2023-01-01T03:16:41
-3.669345,-4.336602,2023-01-01T03:16:42
-3.669345,-4.336602,2023-01-01T03:16:43
-3.669345,-4.336602,2023-01-01T03:16:44
-3.669345,-4.336602,2023-01-01T03:16:45
-3.669345,-4.336602,2023-01-01T03:16:46
-3.669345,-4.336602,2023-01-01T03:16:47
-3.669345,-4.336602,2023-01-01T03:16:48
-3.669345,-4.336602,2023-01-01T03:16:49
-3.669345,-4.336602,2023-01-01T03:16:50
-3.669345,-4.336602,2023-01-01T03:16:51
-3.669345,-4.336602,2023-01-01T03:16:52
-3.669345,-4.336602,2023-01-01T03:16:53
-3.669345,-4.336602,2023-01-01T03:16:54
-3.669345,-4.336602,2023-01-01T03:16:55
-3.669345,-4.336602,2023-01-01T03:16:56
-3.669345,-4.336602,2023-01-01T03:16:57
-3.669345,-4.336602,2023-01-01T03:16:58
-3.669345,-4.336602,2023-01-01T03:16:59
-3.669345,-4.336602,2023-01-01T03:17:00
-3.669345,-4.336602,2023-01-01T03:17:01
-3.669345,-4.336602,2023-01-01T03:17:02
-3.669345,-4.336602,2023-01-01T03:17:03
-3.669345,-4.336602,2023-01-01T03:17:04
-3.669345,-4.336602,2023-01-01T03:17:05
-3.669345,-4.336602,2023-01-01T03:17:06
-3.669345,-4.336602,2023-01-01T03:17:07
-3.669345,-4.336602,2023-01-01T03:17:08
-3.669345,-4.336602,2023-01-01T03:17:09
-3.669345,-4.336602,2023-01-01T03:17:10
-3.669345,-4.336602,2023-01-01T03:17:11
-3.669345,-4.336602,2023-01-01T03:17:12
-3.669345,-4.336602,2023-01-01T03:17:13
-3.669345,-4.336602,2023-01-01T03:17:14
-3.669345,-4.336602,2023-01-01T03:17:15
-3.669345,-4.336602,2023-01-01T03:17:16
-3.669345,-4.336602,2023-01-01T03:17:17
-3.669345,-4.336602,2023-01-01T03:17:18
-3.669345,-4.336602,2023-01-01T03:17:19
-3.669345,-4.336602,2023-01-01T03:17:20
-3.669345,-4.336602,2023-01-01T03:17:21
-3.669345,-4.336602,2023-01-01T03:17:22
-3.669345,-4.336602,2023-01-01T03:17:23
-3.669345,-4.336602,2023-01-01T03:17:24
-3.669345,-4.336602,2023-01-01T03:17:25
-3.669345,-4.336602,2023-01-01T03:17:26
-3.669345,-4.336602,2023-01-01T03:17:27
-3.669345,-4.336602,2023-01-01T03:17:28
-3.669345,-4.336602,2023-01-01T03:17:29
-3.669345,-4.336602,2023-01-01T03:17:30
-3.669345,-4.336602,2023-01-01T03:17:31
-3.669345,-4.336602,2023-01-01T03:17:32
-3.669345,-4.336602,2023-01-01T03:17:33
-3.669345,-4.336602,2023-01-01T03:17:34
-3.669345,-4.336602,2023-01-01T03:17:35
-3.669345,-4.336602,2023-01-01T03:17:36
-3.669345,-4.336602,2023-01-01T03:17:37
-3.669345,-4.336602,2023-01-01T03:17:38
-3.669345,-4.336602,2023-01-01T03:17:39
-3.669345,-4.336602,2023-01-01T03:17:40
-3.669345,-4.336602,2023-01-01T03:17:41
-3.669345,-4.336602,2023-01-01T03:17:42
-3.669345,-4.336602,2023-01-01T03:17:43
-3.669345,-4.336602,2023-01-01T03:17:44
-3.669345,-4.336602,2023-01-01T03:17:45
-3.669345,-4.336602,2023-01-01T03:17:46
-3.669345,-4.336602,2023-01-01T03:17:47
-3.669345,-4.336602,2023-01-01T03:17:48
-3.669345,-4.336602,2023-01-01T03:17:49
-3.669345,-4.336602,2023-01-01T03:17:50
-3.669345,-4.336602,2023-01-01T03:17:51
-3.669345,-4.336602,2023-01-01T03:17:52
-3.669345,-4.336602,2023-01-01T03:17:53
-3.669345,-4.336602,2023-01-01T03:17:54
-3.669345,-4.336602,2023-01-01T03:17:55
-3.669345,-4.336602,2023-01-01T03:17:56
-3.669345,-4.336602,2023-01-01T03:17:57
-3.669345,-4.336602,2023-01-01T03:17:58
-3.669345,-4.336602,2023-01-01T03:17:59
-3.669345,-4.336602,2023-01-01T03:18:00
-3.669345,-4.336602,2023-01-01T03:18:01
-3.669345,-4.336602,2023-01-01T03:18:02
-3.669345,-4.336602,2023-01-01T03:18:03
-3.669345,-4.336602,2023-01-01T03:18:04
-3.669345,-4.336602,2023-01-01T03:18:05
-3.669345,-4.336602,2023-01-01T03:18:06
-3.669345,-4.336602,2023-01-01T03:18:07
-3.669345,-4.336602,2023-01-01T03:18:08
-3.669345,-4.336602,2023-01-01T03:18:09
-3.669345,-4.336602,2023-01-01T03:18:10
-3.669345,-4.336602,2023-01-01T03:18:11
-3.669345,-4.336602,2023-01-01T03:18:12
-3.669345,-4.336602,2023-01-01T03:18:13
-3.669345,-4.336602,2023-01-01T03:18:14
-3.669345,-4.336602,2023-01-01T03:18:15
-3.669345,-4.336602,2023-01-01T03:18:16
-3.669345,-4.336602,2023-01-01T03:18:17
-3.669345,-4.336602,2023-01-01T03:18:18
-3.669345,-4.336602,2023-01-01T03:18:19
-3.669345,-4.336602,2023-01-01T03:18:20
-3.669345,-4.336602,2023-01-01T03:18:21
-3.669345,-4.336602,2023-01-01T03:18:22
-3.669345,-4.336602,2023-01-01T03:18:23
-3.669345,-4.336602,2023-01-01T03:18:24
-3.669345,-4.336602,2023-01-01T03:18:25
-3.669345,-4.336602,2023-01-01T03:18:26
-3.669345,-4.336602,2023-01-01T03:18:27
-3.669345,-4.336602,2023-01-01T03:18:28
-3.669345,-4.336602,2023-01-01T03:18:29
-3.669345,-4.336602,2023-01-01T03:18:30
-3.669345,-4.336602,2023-01-01T03:18:31
-3.669345,-4.336602,2023-01-01T03:18:32
-3.669345,-4.336602,2023-01-01T03:18:33
-3.669345,-4.336602,2023-01-01T03:18:34
-3.669345,-4.336602,2023-01-01T03:18:35
-3.669345,-4.336602,2023-01-01T03:18:36
-3.669345,-4.336602,2023-01-01T03:18:37
-3.669345,-4.336602,2023-01-01T03:18:38
-3.669345,-4.336602,2023-01-01T03:18:39
-3.669345,-4.336602,2023-01-01T03:18:40
-3.669345,-4.336602,2023-01-01T03:18:41
-3.669345,-4.336602,2023-01-01T03:18:42
-3.669345,-4.336602,2023-01-01T03:18:43
-3.669345,-4.336602,2023-01-01T03:18:44
-3.669345,-4.336602,2023-01-01T03:18:45
-3.669345,-4.336602,2023-01-01T03:18:46
-3.669345,-4.336602,2023-01-01T03:18:47
-3.669345,-4.336602,2023-01-01T03:18:48
-3.669345,-4.336602,2023-01-01T03:18:49
-3.669345,-4.336602,2023-01-01T03:18:50
-3.669345,-4.336602,2023-01-01T03:18:51
-3.669345,-4.336602,2023-01-01T03:18:52
-3.669345,-4.336602,2023-01-01T03:18:53
-3.669345,-4.336602,2023-01-01T03:18:54
-3.669345,-4.336602,2023-01-01T03:18:55
-3.669345,-4.336602,2023-01-01T03:18:56
-3.669345,-4.336602,2023-01-01T03:18:57
-3.669345,-4.336602,2023-01-01T03:18:58
-3.669345,-4.336602,2023-01-01T03:18:59
-3.669345,-4.336602,2023-01-01T03:19:00
-3.669345,-4.336602,2023-01-01T03:19:01
-3.669345,-4.336602,2023-01-01T03:19:02
-3.669345,-4.336602,2023-01-01T03:19:03
-3.669345,-4.336602,2023-01-01T03:19:04
-3.669345,-4.336602,2023-01-01T03:19:05
-3.669345,-4.336602,2023-01-01T03:19:06
-3.669345,-4.336602,2023-01-01T03:19:07
-3.669345,-4.336602,2023-01-01T03:19:08
-3.669345,-4.336602,2023-01-01T03:19:09
-3.669345,-4.336602,2023-01-01T03:19:10
-3.669345,-4.336602,2023-01-01T03:19:11
-3.669345,-4.336602,2023-01-01T03:19:12
-3.669345,-4.336602,2023-01-01T03:19:13
-3.669345,-4.336602,2023-01-01T03:19:14
-3.669345,-4.336602,2023-01-01T03:19:15
-3.669345,-4.336602,2023-01-01T03:19:16
-3.669345,-4.336602,2023-01-01T03:19:17
-3.669345,-4.336602,2023-01-01T03:19:18
-3.669345,-4.336602,2023-01-01T03:19:19
-3.669345,-4.336602,2023-01-01T03:19:20
-3.669345,-4.336602,2023-01-01T03:19:21
-3.669345,-4.336602,2023-01-01T03:19:22
-3.669345,-4.336602,2023-01-01T03:19:23
-3.669345,-4.336602,2023-01-01T03:19:24
-3.669345,-4.336602,2023-01-01T03:19:25
-3.669345,-4.336602,2023-01-01T03:19:26
-3.669345,-4.336602,2023-01-01T03:19:27
-3.669345,-4.336602,2023-01-01T03:19:28
-3.669345,-4.336602,2023-01-01T03:19:29
-3.669345,-4.336602,2023-01-01T03:19:30
-3.669345,-4.336602,2023-01-01T03:19:31
-3.669345,-4.336602,2023-01-01T03:19:32
-3.669345,-4.336602,2023-01-01T03:19:33
-3.669345,-4.336602,2023-01-01T03:19:34
-3.669345,-4.336602,2023-01-01T03:19:35
-3.669345,-4.336602,2023-01-01T03:19:36
-3.669345,-4.336602,2023-01-01T03:19:37
-3.669345,-4.336602,2023-01-01T03:19:38
-3.669345,-4.336602,2023-01-01T03:19:39
-3.669345,-4.336602,2023-01-01T03:19:40
-3.669345,-4.336602,2023-01-01T03:19:41
-3.669345,-4.336602,2023-01-01T03:19:42
-3.669345,-4.336602,2023-01-01T03:19:43
-3.669345,-4.336602,2023-01-01T03:19:44
-3.669345,-4.336602,2023-01-01T03:19:45
-3.669345,-4.336602,2023-01-01T03:19:46
-3.669345,-4.336602,2023-01-01T03:19:47
-3.669345,-4.336602,2023-01-01T03:19:48
-3.669345,-4.336602,2023-01-01T03:19:49
-3.669345,-4.336602,2023-01-01T03:19:50
-3.669345,-4.336602,2023-01-01T03:19:51
-3.669345,-4.336602,2023-01-01T03:19:52
-3.669345,-4.336602,2023-01-01T03:19:53
-3.669345,-4.336602,2023-01-01T03:19:54
-3.669345,-4.336602,2023-01-01T03:19:55
-3.669345,-4.336602,2023-01-01T03:19:56
-3.669345,-4.336602,2023-01-01T03:19:57
-3.669345,-4.336602,2023-01-01T03:19:58
-3.669345,-4.336602,2023-01-01T03:19:59
-3.669345,-4.336602,2023-01-01T03:20:00
-3.669345,-4.336602,2023-01-01T03:20:01
-3.669345,-4.336602,2023-01-01T03:20:02
-3.669345,-4.336602,2023-01-01T03:20:03
-3.669345,-4.336602,2023-01-01T03:20:04
-3.669345,-4.336602,2023-01-01T03:20:05
-3.669345,-4.336602,2023-01-01T03:20:06
-3.669345,-4.336602,2023-01-01T03:20:07
-3.669345,-4.336602,2023-01-01T03:20:08
-3.669345,-4.336602,2023-01-01T03:20:09
-3.669345,-4.336602,2023-01-01T03:20:10
-3.669345,-4.336602,2023-01-01T03:20:11
-3.669345,-4.336602,2023-01-01T03:20:12
-3.669345,-4.336602,2023-01-01T03:20:13
-3.669345,-4.336602,2023-01-01T03:20:14
-3.669345,-4.336602,2023-01-01T03:20:15
-3.669345,-4.336602,2023-01-01T03:20:16
-3.669345,-4.336602,2023-01-01T03:20:17
-3.669345,-4.336602,2023-01-01T03:20:18
-3.669345,-4.336602,2023-01-01T03:20:19
-3.669345,-4.336602,2023-01-01T03:20:20
-3.669345,-4.336602,2023-01-01T03:20:21
-3.669345,-4.336602,2023-01-01T03:20:22
-3.669345,-4.336602,2023-01-01T03:20:23
-3.669345,-4.336602,2023-01-01T03:20:24
-3.669345,-4.336602,2023-01-01T03:20:25
-3.669345,-4.336602,2023-01-01T03:20:26
-3.669345,-4.336602,2023-01-01T03:20:27
-3.669345,-4.336602,2023-01-01T03:20:28
-3.669345,-4.447797,2023-01-01T03:20:29
-3.669345,-4.447797,2023-01-01T03:20:30
-3.669345,-4.447797,2023-01-01T03:20:31
-3.669345,-4.447797,2023-01-01T03:20:32
-3.669345,-4.447797,2023-01-01T03:20:33
-3.669345,-4.447797,2023-01-01T03:20:34
-3.669345,-4.447797,2023-01-01T03:20:35
-3.669345,-4.447797,2023-01-01T03:20:36
-3.669345,-4.447797,2023-01-01T03:20:37
-3.669345,-4.447797,2023-01-01T03:20:38
-3.669345,-4.447797,2023-01-01T03:20:39
-3.669345,-4.447797,2023-01-01T03:20:40
-3.669345,-4.447797,2023-01-01T03:20:41
-3.669345,-4.447797,2023-01-01T03:20:42
-3.669345,-4.447797,2023-01-01T03:20:43
-3.669345,-4.447797,2023-01-01T03:20:44
-3.669345,-4.447797,2023-01-01T03:20:45
-3.558153,-4.447797,2023-01-01T03:20:46
-3.558153,-4.447797,2023-01-01T03:20:47
-3.558153,-4.447797,2023-01-01T03:20:48
-3.558153,-4.447797,2023-01-01T03:20:49
-3.558153,-4.447797,2023-01-01T03:20:50
-3.558153,-4.447797,2023-01-01T03:20:51
-3.558153,-4.447797,2023-01-01T03:20:52
-3.558153,-4.447797,2023-01-01T03:20:53
-3.558153,-4.447797,2023-01-01T03:20:54
-3.558153,-4.447797,2023-01-01T03:20:55
-3.558153,-4.447797,2023-01-01T03:20:56
-3.558153,-4.447797,2023-01-01T03:20:57
-3.558153,-4.447797,2023-01-01T03:20:58
-3.558153,-4.447797,2023-01-01T03:20:59
-3.558153,-4.447797,2023-01-01T03:21:00
-3.558153,-4.447797,2023-01-01T03:21:01
-3.558153,-4.447797,2023-01-01T03:21:02
-3.558153,-4.447797,2023-01-01T03:21:03
-3.558153,-4.447797,2023-01-01T03:21:04
-3.558153,-4.447797,2023-01-01T03:21:05
-3.558153,-4.447797,2023-01-01T03:21:06
-3.558153,-4.447797,2023-01-01T03:21:07
-3.558153,-4.447797,2023-01-01T03:21:08
-3.558153,-4.447797,2023-01-01T03:21:09
-3.558153,-4.447797,2023-01-01T03:21:10
-3.558153,-4.447797,2023-01-01T03:21:11
-3.558153,-4.447797,2023-01-01T03:21:12
-3.558153,-4.447797,2023-01-01T03:21:13
-3.558153,-4.447797,2023-01-01T03:21:14
-3.558153,-4.447797,2023-01-01T03:21:15
-3.558153,-4.447797,2023-01-01T03:21:16
-3.558153,-4.447797,2023-01-01T03:21:17
-3.558153,-4.447797,2023-01-01T03:21:18
-3.558153,-4.447797,2023-01-01T03:21:19
-3.558153,-4.447797,2023-01-01T03:21:20
-3.558153,-4.447797,2023-01-01T03:21:21
-3.558153,-4.447797,2023-01-01T03:21:22
-3.558153,-4.447797,2023-01-01T03:21:23
-3.558153,-4.447797,2023-01-01T03:21:24
-3.558153,-4.447797,2023-01-01T03:21:25
-3.558153,-4.447797,2023-01-01T03:21:26
-3.558153,-4.447797,2023-01-01T03:21:27
-3.558153,-4.447797,2023-01-01T03:21:28
-3.558153,-4.447797,2023-01-01T03:21:29
-3.558153,-4.447797,2023-01-01T03:21:30
-3.558153,-4.447797,2023-01-01T03:21:31
-3.558153,-4.447797,2023-01-01T03:21:32
-3.558153,-4.447797,2023-01-01T03:21:33
-3.558153,-4.447797,2023-01-01T03:21:34
-3.558153,-4.447797,2023-01-01T03:21:35
-3.558153,-4.447797,2023-01-01T03:21:36
-3.558153,-4.447797,2023-01-01T03:21:37
-3.558153,-4.447797,2023-01-01T03:21:38
-3.558153,-4.447797,2023-01-01T03:21:39
-3.558153,-4.447797,2023-01-01T03:21:40
-3.558153,-4.447797,2023-01-01T03:21:41
-3.558153,-4.447797,2023-01-01T03:21:42
-3.558153,-4.447797,2023-01-01T03:21:43
-3.558153,-4.447797,2023-01-01T03:21:44
-3.558153,-4.447797,2023-01-01T03:21:45
-3.558153,-4.447797,2023-01-01T03:21:46
-3.558153,-4.447797,2023-01-01T03:21:47
-3.558153,-4.447797,2023-01-01T03:21:48
-3.558153,-4.447797,2023-01-01T03:21:49
-3.558153,-4.447797,2023-01-01T03:21:50
-3.558153,-4.447797,2023-01-01T03:21:51
-3.558153,-4.447797,2023-01-01T03:21:52
-3.558153,-4.447797,2023-01-01T03:21:53
-3.558153,-4.447797,2023-01-01T03:21:54
-3.558153,-4.447797,2023-01-01T03:21:55
-3.558153,-4.447797,2023-01-01T03:21:56
-3.558153,-4.447797,2023-01-01T03:21:57
-3.558153,-4.447797,2023-01-01T03:21:58
-3.558153,-4.447797,2023-01-01T03:21:59
-3.558153,-4.447797,2023-01-01T03:22:00
-3.558153,-4.447797,2023-01-01T03:22:01
-3.558153,-4.447797,2023-01-01T03:22:02
-3.558153,-4.447797,2023-01-01T03:22:03
-3.558153,-4.447797,2023-01-01T03:22:04
-3.558153,-4.447797,2023-01-01T03:22:05
-3.558153,-4.447797,2023-01-01T03:22:06
-3.558153,-4.447797,2023-01-01T03:22:07
-3.558153,-4.447797,2023-01-01T03:22:08
-3.558153,-4.447797,2023-01-01T03:22:09
-3.558153,-4.447797,2023-01-01T03:22:10
-3.558153,-4.447797,2023-01-01T03:22:11
-3.558153,-4.447797,2023-01-01T03:22:12
-3.558153,-4.447797,2023-01-01T03:22:13
-3.558153,-4.447797,2023-01-01T03:22:14
-3.558153,-4.447797,2023-01-01T03:22:15
-3.558153,-4.447797,2023-01-01T03:22:16
-3.558153,-4.447797,2023-01-01T03:22:17
-3.558153,-4.447797,2023-01-01T03:22:18
-3.558153,-4.447797,2023-01-01T03:22:19
-3.558153,-4.447797,2023-01-01T03:22:20
-3.558153,-4.447797,2023-01-01T03:22:21
-3.558153,-4.447797,2023-01-01T03:22:22
-3.558153,-4.447797,2023-01-01T03:22:23
-3.558153,-4.447797,2023-01-01T03:22:24
-3.558153,-4.447797,2023-01-01T03:22:25
-3.558153,-4.447797,2023-01-01T03:22:26
-3.558153,-4.447797,2023-01-01T03:22:27
-3.558153,-4.447797,2023-01-01T03:22:28
-3.558153,-4.447797,2023-01-01T03:22:29
-3.558153,-4.447797,2023-01-01T03:22:30
-3.558153,-4.447797,2023-01-01T03:22:31
-3.558153,-4.447797,2023-01-01T03:22:32
-3.558153,-4.447797,2023-01-01T03:22:33
-3.558153,-4.447797,2023-01-01T03:22:34
-3.558153,-4.447797,2023-01-01T03:22:35
-3.558153,-4.447797,2023-01-01T03:22:36
-3.558153,-4.447797,2023-01-01T03:22:37
-3.558153,-4.447797,2023-01-01T03:22:38
-3.558153,-4.447797,2023-01-01T03:22:39
-3.558153,-4.447797,2023-01-01T03:22:40
-3.558153,-4.447797,2023-01-01T03:22:41
-3.558153,-4.447797,2023-01-01T03:22:42
-3.558153,-4.447797,2023-01-01T03:22:43
-3.558153,-4.447797,2023-01-01T03:22:44
-3.558153,-4.447797,2023-01-01T03:22:45
-3.558153,-4.447797,2023-01-01T03:22:46
-3.558153,-4.447797,2023-01-01T03:22:47
-3.558153,-4.447797,2023-01-01T03:22:48
-3.558153,-4.447797,2023-01-01T03:22:49
-3.558153,-4.447797,2023-01-01T03:22:50
-3.558153,-4.447797,2023-01-01T03:22:51
-3.558153,-4.447797,2023-01-01T03:22:52
-3.558153,-4.447797,2023-01-01T03:22:53
-3.558153,-4.447797,2023-01-01T03:22:54
-3.558153,-4.447797,2023-01-01T03:22:55
-3.558153,-4.447797,2023-01-01T03:22:56
-3.558153,-4.447797,2023-01-01T03:22:57
-3.558153,-4.447797,2023-01-01T03:22:58
-3.558153,-4.447797,2023-01-01T03:22:59
-3.558153,-4.447797,2023-01-01T03:23:00
-3.558153,-4.447797,2023-01-01T03:23:01
-3.558153,-4.447797,2023-01-01T03:23:02
-3.558153,-4.447797,2023-01-01T03:23:03
-3.558153,-4.447797,2023-01-01T03:23:04
-3.558153,-4.447797,2023-01-01T03:23:05
-3.558153,-4.447797,2023-01-01T03:23:06
-3.558153,-4.447797,2023-01-01T03:23:07
-3.558153,-4.447797,2023-01-01T03:23:08
-3.558153,-4.447797,2023-01-01T03:23:09
-3.558153,-4.447797,2023-01-01T03:23:10
-3.558153,-4.447797,2023-01-01T03:23:11
-3.558153,-4.447797,2023-01-01T03:23:12
-3.558153,-4.447797,2023-01-01T03:23:13
-3.558153,-4.447797,2023-01-01T03:23:14
-3.558153,-4.447797,2023-01-01T03:23:15
-3.558153,-4.447797,2023-01-01T03:23:16
-3.558153,-4.447797,2023-01-01T03:23:17
-3.558153,-4.447797,2023-01-01T03:23:18
-3.558153,-4.447797,2023-01-01T03:23:19
-3.558153,-4.447797,2023-01-01T03:23:20
-3.558153,-4.447797,2023-01-01T03:23:21
-3.558153,-4.447797,2023-01-01T03:23:22
-3.558153,-4.447797,2023-01-01T03:23:23
-3.558153,-4.447797,2023-01-01T03:23:24
-3.558153,-4.447797,2023-01-01T03:23:25
-3.558153,-4.447797,2023-01-01T03:23:26
-3.558153,-4.447797,2023-01-01T03:23:27
-3.558153,-4.447797,2023-01-01T03:23:28
-3.558153,-4.447797,2023-01-01T03:23:29
-3.558153,-4.447797,2023-01-01T03:23:30
-3.558153,-4.447797,2023-01-01T03:23:31
-3.558153,-4.447797,2023-01-01T03:23:32
-3.558153,-4.447797,2023-01-01T03:23:33
-3.558153,-4.447797,2023-01-01T03:23:34
-3.558153,-4.447797,2023-01-01T03:23:35
-3.558153,-4.447797,2023-01-01T03:23:36
-3.558153,-4.447797,2023-01-01T03:23:37
-3.558153,-4.447797,2023-01-01T03:23:38
-3.558153,-4.447797,2023-01-01T03:23:39
-3.558153,-4.447797,2023-01-01T03:23:40
-3.558153,-4.447797,2023-01-01T03:23:41
-3.558153,-4.447797,2023-01-01T03:23:42
-3.558153,-4.447797,2023-01-01T03:23:43
-3.558153,-4.447797,2023-01-01T03:23:44
-3.558153,-4.447797,2023-01-01T03:23:45
-3.558153,-4.447797,2023-01-01T03:23:46
-3.558153,-4.447797,2023-01-01T03:23:47
-3.558153,-4.447797,2023-01-01T03:23:48
-3.558153,-4.447797,2023-01-01T03:23:49
-3.558153,-4.447797,2023-01-01T03:23:50
-3.558153,-4.447797,2023-01-01T03:23:51
-3.558153,-4.447797,2023-01-01T03:23:52
-3.558153,-4.447797,2023-01-01T03:23:53
-3.558153,-4.447797,2023-01-01T03:23:54
-3.558153,-4.447797,2023-01-01T03:23:55
-3.558153,-4.447797,2023-01-01T03:23:56
-3.558153,-4.447797,2023-01-01T03:23:57
-3.558153,-4.447797,2023-01-01T03:23:58
-3.558153,-4.447797,2023-01-01T03:23:59
-3.558153,-4.447797,2023-01-01T03:24:00
-3.558153,-4.447797,2023-01-01T03:24:01
-3.558153,-4.447797,2023-01-01T03:24:02
-3.558153,-4.447797,2023-01-01T03:24:03
-3.558153,-4.447797,2023-01-01T03:24:04
-3.558153,-4.447797,2023-01-01T03:24:05
-3.558153,-4.447797,2023-01-01T03:24:06
-3.558153,-4.447797,2023-01-01T03:24:07
-3.558153,-4.447797,2023-01-01T03:24:08
-3.558153,-4.447797,2023-01-01T03:24:09
-3.558153,-4.447797,2023-01-01T03:24:10
-3.558153,-4.447797,2023-01-01T03:24:11
-3.558153,-4.447797,2023-01-01T03:24:12
-3.558153,-4.447797,2023-01-01T03:24:13
-3.558153,-4.447797,2023-01-01T03:24:14
-3.558153,-4.447797,2023-01-01T03:24:15
-3.558153,-4.447797,2023-01-01T03:24:16
-3.558153,-4.447797,2023-01-01T03:24:17
-3.558153,-4.447797,2023-01-01T03:24:18
-3.558153,-4.447797,2023-01-01T03:24:19
-3.558153,-4.447797,2023-01-01T03:24:20
-3.558153,-4.447797,2023-01-01T03:24:21
-3.558153,-4.447797,2023-01-01T03:24:22
-3.558153,-4.447797,2023-01-01T03:24:23
-3.558153,-4.447797,2023-01-01T03:24:24
-3.558153,-4.447797,2023-01-01T03:24:25
-3.558153,-4.447797,2023-01-01T03:24:26
-3.558153,-4.447797,2023-01-01T03:24:27
-3.558153,-4.447797,2023-01-01T03:24:28
-3.558153,-4.447797,2023-01-01T03:24:29
-3.558153,-4.447797,2023-01-01T03:24:30
-3.558153,-4.447797,2023-01-01T03:24:31
-3.558153,-4.447797,2023-01-01T03:24:32
-3.558153,-4.447797,2023-01-01T03:24:33
-3.558153,-4.447797,2023-01-01T03:24:34
-3.558153,-4.447797,2023-01-01T03:24:35
-3.558153,-4.447797,2023-01-01T03:24:36
-3.558153,-4.447797,2023-01-01T03:24:37
-3.558153,-4.447797,2023-01-01T03:24:38
-3.558153,-4.447797,2023-01-01T03:24:39
-3.558153,-4.447797,2023-01-01T03:24:40
-3.446961,-4.447797,2023-01-01T03:24:41
-3.446961,-4.447797,2023-01-01T03:24:42
-3.446961,-4.447797,2023-01-01T03:24:43
-3.446961,-4.447797,2023-01-01T03:24:44
-3.446961,-4.447797,2023-01-01T03:24:45
-3.446961,-4.447797,2023-01-01T03:24:46
-3.446961,-4.447797,2023-01-01T03:24:47
-3.446961,-4.447797,2023-01-01T03:24:48
-3.446961,-4.447797,2023-01-01T03:24:49
-3.446961,-4.447797,2023-01-01T03:24:50
-3.446961,-4.447797,2023-01-01T03:24:51
-3.446961,-4.447797,2023-01-01T03:24:52
-3.446961,-4.558992,2023-01-01T03:24:53
-3.446961,-4.558992,2023-01-01T03:24:54
-3.446961,-4.558992,2023-01-01T03:24:55
-3.446961,-4.558992,2023-01-01T03:24:56
-3.446961,-4.558992,2023-01-01T03:24:57
-3.446961,-4.558992,2023-01-01T03:24:58
-3.446961,-4.558992,2023-01-01T03:24:59
-3.446961,-4.558992,2023-01-01T03:25:00
-3.446961,-4.558992,2023-01-01T03:25:01
-3.446961,-4.558992,2023-01-01T03:25:02
-3.446961,-4.558992,2023-01-01T03:25:03
-3.446961,-4.558992,2023-01-01T03:25:04
-3.446961,-4.558992,2023-01-01T03:25:05
-3.446961,-4.558992,2023-01-01T03:25:06
-3.446961,-4.558992,2023-01-01T03:25:07
-3.446961,-4.558992,2023-01-01T03:25:08
-3.446961,-4.558992,2023-01-01T03:25:09
-3.446961,-4.558992,2023-01-01T03:25:10
-3.446961,-4.558992,2023-01-01T03:25:11
-3.446961,-4.558992,2023-01-01T03:25:12
-3.446961,-4.558992,2023-01-01T03:25:13
-3.446961,-4.558992,2023-01-01T03:25:14
-3.446961,-4.558992,2023-01-01T03:25:15
-3.446961,-4.558992,2023-01-01T03:25:16
-3.446961,-4.558992,2023-01-01T03:25:17
-3.446961,-4.558992,2023-01-01T03:25:18
-3.446961,-4.558992,2023-01-01T03:25:19
-3.446961,-4.558992,2023-01-01T03:25:20
-3.446961,-4.558992,2023-01-01T03:25:21
-3.446961,-4.558992,2023-01-01T03:25:22
-3.446961,-4.558992,2023-01-01T03:25:23
-3.446961,-4.558992,2023-01-01T03:25:24
-3.446961,-4.558992,2023-01-01T03:25:25
-3.446961,-4.558992,2023-01-01T03:25:26
-3.446961,-4.558992,2023-01-01T03:25:27
-3.446961,-4.558992,2023-01-01T03:25:28
-3.446961,-4.558992,2023-01-01T03:25:29
-3.446961,-4.558992,2023-01-01T03:25:30
-3.446961,-4.558992,2023-01-01T03:25:31
-3.446961,-4.558992,2023-01-01T03:25:32
-3.446961,-4.558992,2023-01-01T03:25:33
-3.446961,-4.558992,2023-01-01T03:25:34
-3.446961,-4.558992,2023-01-01T03:25:35
-3.446961,-4.558992,2023-01-01T03:25:36
-3.446961,-4.558992,2023-01-01T03:25:37
-3.446961,-4.558992,2023-01-01T03:25:38
-3.446961,-4.558992,2023-01-01T03:25:39
-3.446961,-4.558992,2023-01-01T03:25:40
-3.446961,-4.558992,2023-01-01T03:25:41
-3.446961,-4.558992,2023-01-01T03:25:42
-3.446961,-4.558992,2023-01-01T03:25:43
-3.446961,-4.558992,2023-01-01T03:25:44
-3.446961,-4.558992,2023-01-01T03:25:45
-3.446961,-4.558992,2023-01-01T03:25:46
-3.446961,-4.558992,2023-01-01T03:25:47
-3.446961,-4.558992,2023-01-01T03:25:48
-3.446961,-4.558992,2023-01-01T03:25:49
-3.446961,-4.558992,2023-01-01T03:25:50
-3.446961,-4.558992,2023-01-01T03:25:51
-3.446961,-4.558992,2023-01-01T03:25:52
-3.446961,-4.558992,2023-01-01T03:25:53
-3.446961,-4.558992,2023-01-01T03:25:54
-3.446961,-4.558992,2023-01-01T03:25:55
-3.446961,-4.558992,2023-01-01T03:25:56
-3.446961,-4.558992,2023-01-01T03:25:57
-3.446961,-4.558992,2023-01-01T03:25:58
-3.446961,-4.558992,2023-01-01T03:25:59
-3.446961,-4.558992,2023-01-01T03:26:00
-3.446961,-4.558992,2023-01-01T03:26:01
-3.446961,-4.558992,2023-01-01T03:26:02
-3.446961,-4.558992,2023-01-01T03:26:03
-3.446961,-4.558992,2023-01-01T03:26:04
-3.446961,-4.558992,2023-01-01T03:26:05
-3.446961,-4.558992,2023-01-01T03:26:06
-3.446961,-4.558992,2023-01-01T03:26:07
-3.446961,-4.558992,2023-01-01T03:26:08
-3.446961,-4.558992,2023-01-01T03:26:09
-3.446961,-4.558992,2023-01-01T03:26:10
-3.446961,-4.558992,2023-01-01T03:26:11
-3.446961,-4.558992,2023-01-01T03:26:12
-3.446961,-4.558992,2023-01-01T03:26:13
-3.446961,-4.558992,2023-01-01T03:26:14
-3.446961,-4.558992,2023-01-01T03:26:15
-3.446961,-4.558992,2023-01-01T03:26:16
-3.446961,-4.558992,2023-01-01T03:26:17
-3.446961,-4.558992,2023-01-01T03:26:18
-3.446961,-4.558992,2023-01-01T03:26:19
-3.446961,-4.558992,2023-01-01T03:26:20
-3.446961,-4.558992,2023-01-01T03:26:21
-3.446961,-4.558992,2023-01-01T03:26:22
-3.446961,-4.558992,2023-01-01T03:26:23
-3.446961,-4.558992,2023-01-01T03:26:24
-3.446961,-4.558992,2023-01-01T03:26:25
-3.446961,-4.558992,2023-01-01T03:26:26
-3.446961,-4.558992,2023-01-01T03:26:27
-3.446961,-4.558992,2023-01-01T03:26:28
-3.446961,-4.558992,2023-01-01T03:26:29
-3.446961,-4.558992,2023-01-01T03:26:30
-3.446961,-4.558992,2023-01-01T03:26:31
-3.446961,-4.558992,2023-01-01T03:26:32
-3.446961,-4.558992,2023-01-01T03:26:33
-3.446961,-4.558992,2023-01-01T03:26:34
-3.446961,-4.558992,2023-01-01T03:26:35
-3.446961,-4.558992,2023-01-01T03:26:36
-3.446961,-4.558992,2023-01-01T03:26:37
-3.446961,-4.558992,2023-01-01T03:26:38
-3.446961,-4.558992,2023-01-01T03:26:39
-3.446961,-4.558992,2023-01-01T03:26:40
-3.446961,-4.558992,2023-01-01T03:26:41
-3.446961,-4.558992,2023-01-01T03:26:42
-3.446961,-4.558992,2023-01-01T03:26:43
-3.446961,-4.558992,2023-01-01T03:26:44
-3.446961,-4.558992,2023-01-01T03:26:45
-3.446961,-4.558992,2023-01-01T03:26:46
-3.446961,-4.558992,2023-01-01T03:26:47
-3.446961,-4.558992,2023-01-01T03:26:48
-3.446961,-4.558992,2023-01-01T03:26:49
-3.446961,-4.558992,2023-01-01T03:26:50
-3.446961,-4.558992,2023-01-01T03:26:51
-3.446961,-4.558992,2023-01-01T03:26:52
-3.446961,-4.558992,2023-01-01T03:26:53
-3.446961,-4.558992,2023-01-01T03:26:54
-3.446961,-4.558992,2023-01-01T03:26:55
-3.446961,-4.558992,2023-01-01T03:26:56
-3.446961,-4.558992,2023-01-01T03:26:57
-3.446961,-4.558992,2023-01-01T03:26:58
-3.446961,-4.558992,2023-01-01T03:26:59
-3.446961,-4.558992,2023-01-01T03:27:00
-3.446961,-4.558992,2023-01-01T03:27:01
-3.446961,-4.558992,2023-01-01T03:27:02
-3.446961,-4.558992,2023-01-01T03:27:03
-3.446961,-4.558992,2023-01-01T03:27:04
-3.446961,-4.558992,2023-01-01T03:27:05
-3.446961,-4.558992,2023-01-01T03:27:06
-3.446961,-4.558992,2023-01-01T03:27:07
-3.446961,-4.558992,2023-01-01T03:27:08
-3.446961,-4.558992,2023-01-01T03:27:09
-3.446961,-4.558992,2023-01-01T03:27:10
-3.446961,-4.558992,2023-01-01T03:27:11
-3.446961,-4.558992,2023-01-01T03:27:12
-3.446961,-4.558992,2023-01-01T03:27:13
-3.446961,-4.558992,2023-01-01T03:27:14
-3.446961,-4.558992,2023-01-01T03:27:15
-3.446961,-4.558992,2023-01-01T03:27:16
-3.446961,-4.558992,2023-01-01T03:27:17
-3.446961,-4.558992,2023-01-01T03:27:18
-3.446961,-4.558992,2023-01-01T03:27:19
-3.446961,-4.558992,2023-01-01T03:27:20
-3.446961,-4.558992,2023-01-01T03:27:21
-3.446961,-4.558992,2023-01-01T03:27:22
-3.446961,-4.558992,2023-01-01T03:27:23
-3.446961,-4.558992,2023-01-01T03:27:24
-3.446961,-4.558992,2023-01-01T03:27:25
-3.446961,-4.558992,2023-01-01T03:27:26
-3.446961,-4.558992,2023-01-01T03:27:27
-3.446961,-4.558992,2023-01-01T03:27:28
-3.446961,-4.558992,2023-01-01T03:27:29
-3.446961,-4.558992,2023-01-01T03:27:30
-3.446961,-4.558992,2023-01-01T03:27:31
-3.446961,-4.558992,2023-01-01T03:27:32
-3.446961,-4.558992,2023-01-01T03:27:33
-3.446961,-4.558992,2023-01-01T03:27:34
-3.446961,-4.558992,2023-01-01T03:27:35
-3.446961,-4.558992,2023-01-01T03:27:36
-3.446961,-4.558992,2023-01-01T03:27:37
-3.446961,-4.558992,2023-01-01T03:27:38
-3.446961,-4.558992,2023-01-01T03:27:39
-3.446961,-4.558992,2023-01-01T03:27:40
-3.446961,-4.558992,2023-01-01T03:27:41
-3.446961,-4.558992,2023-01-01T03:27:42
-3.446961,-4.558992,2023-01-01T03:27:43
-3.446961,-4.558992,2023-01-01T03:27:44
-3.446961,-4.558992,2023-01-01T03:27:45
-3.446961,-4.447797,2023-01-01T03:27:46
-3.446961,-4.447797,2023-01-01T03:27:47
-3.446961,-4.447797,2023-01-01T03:27:48
-3.446961,-4.447797,2023-01-01T03:27:49
-3.446961,-4.447797,2023-01-01T03:27:50
-3.446961,-4.447797,2023-01-01T03:27:51
-3.446961,-4.447797,2023-01-01T03:27:52
-3.446961,-4.447797,2023-01-01T03:27:53
-3.446961,-4.447797,2023-01-01T03:27:54
-3.446961,-4.447797,2023-01-01T03:27:55
-3.446961,-4.447797,2023-01-01T03:27:56
-3.446961,-4.447797,2023-01-01T03:27:57
-3.446961,-4.447797,2023-01-01T03:27:58
-3.446961,-4.447797,2023-01-01T03:27:59
-3.446961,-4.447797,2023-01-01T03:28:00
-3.446961,-4.447797,2023-01-01T03:28:01
-3.446961,-4.447797,2023-01-01T03:28:02
-3.446961,-4.447797,2023-01-01T03:28:03
-3.446961,-4.447797,2023-01-01T03:28:04
-3.446961,-4.447797,2023-01-01T03:28:05
-3.446961,-4.447797,2023-01-01T03:28:06
-3.446961,-4.447797,2023-01-01T03:28:07
-3.446961,-4.447797,2023-01-01T03:28:08
-3.446961,-4.447797,2023-01-01T03:28:09
-3.446961,-4.447797,2023-01-01T03:28:10
-3.446961,-4.447797,2023-01-01T03:28:11
-3.446961,-4.447797,2023-01-01T03:28:12
-3.446961,-4.447797,2023-01-01T03:28:13
-3.446961,-4.447797,2023-01-01T03:28:14
-3.446961,-4.447797,2023-01-01T03:28:15
-3.446961,-4.447797,2023-01-01T03:28:16
-3.446961,-4.447797,2023-01-01T03:28:17
-3.446961,-4.447797,2023-01-01T03:28:18
-3.446961,-4.447797,2023-01-01T03:28:19
-3.446961,-4.447797,2023-01-01T03:28:20
-3.446961,-4.447797,2023-01-01T03:28:21
-3.446961,-4.447797,2023-01-01T03:28:22
-3.446961,-4.447797,2023-01-01T03:28:23
-3.446961,-4.447797,2023-01-01T03:28:24
-3.446961,-4.447797,2023-01-01T03:28:25
-3.446961,-4.447797,2023-01-01T03:28:26
-3.446961,-4.447797,2023-01-01T03:28:27
-3.446961,-4.447797,2023-01-01T03:28:28
-3.446961,-4.447797,2023-01-01T03:28:29
-3.446961,-4.447797,2023-01-01T03:28:30
-3.446961,-4.447797,2023-01-01T03:28:31
-3.446961,-4.447797,2023-01-01T03:28:32
-3.446961,-4.447797,2023-01-01T03:28:33
-3.446961,-4.447797,2023-01-01T03:28:34
-3.446961,-4.447797,2023-01-01T03:28:35
-3.446961,-4.447797,2023-01-01T03:28:36
-3.446961,-4.447797,2023-01-01T03:28:37
-3.446961,-4.447797,2023-01-01T03:28:38
-3.446961,-4.447797,2023-01-01T03:28:39
-3.446961,-4.447797,2023-01-01T03:28:40
-3.446961,-4.447797,2023-01-01T03:28:41
-3.446961,-4.447797,2023-01-01T03:28:42
-3.446961,-4.447797,2023-01-01T03:28:43
-3.446961,-4.447797,2023-01-01T03:28:44
-3.446961,-4.447797,2023-01-01T03:28:45
-3.446961,-4.447797,2023-01-01T03:28:46
-3.446961,-4.447797,2023-01-01T03:28:47
-3.446961,-4.447797,2023-01-01T03:28:48
-3.446961,-4.447797,2023-01-01T03:28:49
-3.446961,-4.447797,2023-01-01T03:28:50
-3.446961,-4.447797,2023-01-01T03:28:51
-3.446961,-4.447797,2023-01-01T03:28:52
-3.446961,-4.447797,2023-01-01T03:28:53
-3.446961,-4.447797,2023-01-01T03:28:54
-3.446961,-4.447797,2023-01-01T03:28:55
-3.446961,-4.447797,2023-01-01T03:28:56
-3.446961,-4.447797,2023-01-01T03:28:57
-3.446961,-4.447797,2023-01-01T03:28:58
-3.446961,-4.447797,2023-01-01T03:28:59
-3.446961,-4.447797,2023-01-01T03:29:00
-3.446961,-4.447797,2023-01-01T03:29:01
-3.446961,-4.447797,2023-01-01T03:29:02
-3.446961,-4.447797,2023-01-01T03:29:03
-3.446961,-4.447797,2023-01-01T03:29:04
-3.446961,-4.447797,2023-01-01T03:29:05
-3.446961,-4.447797,2023-01-01T03:29:06
-3.446961,-4.447797,2023-01-01T03:29:07
-3.446961,-4.447797,2023-01-01T03:29:08
-3.446961,-4.447797,2023-01-01T03:29:09
-3.446961,-4.447797,2023-01-01T03:29:10
-3.446961,-4.447797,2023-01-01T03:29:11
-3.446961,-4.447797,2023-01-01T03:29:12
-3.446961,-4.447797,2023-01-01T03:29:13
-3.446961,-4.447797,2023-01-01T03:29:14
-3.446961,-4.447797,2023-01-01T03:29:15
-3.446961,-4.447797,2023-01-01T03:29:16
-3.446961,-4.447797,2023-01-01T03:29:17
-3.446961,-4.447797,2023-01-01T03:29:18
-3.446961,-4.447797,2023-01-01T03:29:19
-3.446961,-4.447797,2023-01-01T03:29:20
-3.446961,-4.447797,2023-01-01T03:29:21
-3.446961,-4.447797,2023-01-01T03:29:22
-3.446961,-4.447797,2023-01-01T03:29:23
-3.446961,-4.447797,2023-01-01T03:29:24
-3.446961,-4.447797,2023-01-01T03:29:25
-3.446961,-4.447797,2023-01-01T03:29:26
-3.446961,-4.447797,2023-01-01T03:29:27
-3.446961,-4.447797,2023-01-01T03:29:28
-3.446961,-4.447797,2023-01-01T03:29:29
-3.446961,-4.447797,2023-01-01T03:29:30
-3.446961,-4.447797,2023-01-01T03:29:31
-3.446961,-4.447797,2023-01-01T03:29:32
-3.446961,-4.447797,2023-01-01T03:29:33
-3.446961,-4.447797,2023-01-01T03:29:34
-3.446961,-4.447797,2023-01-01T03:29:35
-3.446961,-4.447797,2023-01-01T03:29:36
-3.558153,-4.447797,2023-01-01T03:29:37
-3.558153,-4.447797,2023-01-01T03:29:38
-3.558153,-4.447797,2023-01-01T03:29:39
-3.558153,-4.447797,2023-01-01T03:29:40
-3.558153,-4.447797,2023-01-01T03:29:41
-3.558153,-4.447797,2023-01-01T03:29:42
-3.558153,-4.447797,2023-01-01T03:29:43
-3.558153,-4.447797,2023-01-01T03:29:44
-3.558153,-4.447797,2023-01-01T03:29:45
-3.558153,-4.447797,2023-01-01T03:29:46
-3.558153,-4.447797,2023-01-01T03:29:47
-3.558153,-4.447797,2023-01-01T03:29:48
-3.558153,-4.447797,2023-01-01T03:29:49
-3.558153,-4.447797,2023-01-01T03:29:50
-3.558153,-4.447797,2023-01-01T03:29:51
-3.558153,-4.447797,2023-01-01T03:29:52
-3.558153,-4.447797,2023-01-01T03:29:53
-3.558153,-4.447797,2023-01-01T03:29:54
-3.558153,-4.447797,2023-01-01T03:29:55
-3.558153,-4.447797,2023-01-01T03:29:56
-3.558153,-4.447797,2023-01-01T03:29:57
-3.558153,-4.447797,2023-01-01T03:29:58
-3.558153,-4.447797,2023-01-01T03:29:59
-3.558153,-4.447797,2023-01-01T03:30:00
-3.558153,-4.447797,2023-01-01T03:30:01
-3.558153,-4.447797,2023-01-01T03:30:02
-3.558153,-4.447797,2023-01-01T03:30:03
-3.558153,-4.447797,2023-01-01T03:30:04
-3.558153,-4.447797,2023-01-01T03:30:05
-3.558153,-4.447797,2023-01-01T03:30:06
-3.558153,-4.447797,2023-01-01T03:30:07
-3.558153,-4.447797,2023-01-01T03:30:08
-3.558153,-4.447797,2023-01-01T03:30:09
-3.558153,-4.447797,2023-01-01T03:30:10
-3.558153,-4.447797,2023-01-01T03:30:11
-3.558153,-4.447797,2023-01-01T03:30:12
-3.558153,-4.447797,2023-01-01T03:30:13
-3.558153,-4.447797,2023-01-01T03:30:14
-3.558153,-4.447797,2023-01-01T03:30:15
-3.558153,-4.447797,2023-01-01T03:30:16
-3.558153,-4.447797,2023-01-01T03:30:17
-3.558153,-4.447797,2023-01-01T03:30:18
-3.558153,-4.447797,2023-01-01T03:30:19
-3.558153,-4.447797,2023-01-01T03:30:20
-3.558153,-4.447797,2023-01-01T03:30:21
-3.558153,-4.447797,2023-01-01T03:30:22
-3.558153,-4.447797,2023-01-01T03:30:23
-3.558153,-4.447797,2023-01-01T03:30:24
-3.558153,-4.447797,2023-01-01T03:30:25
-3.558153,-4.447797,2023-01-01T03:30:26
-3.558153,-4.447797,2023-01-01T03:30:27
-3.558153,-4.447797,2023-01-01T03:30:28
-3.558153,-4.447797,2023-01-01T03:30:29
-3.558153,-4.447797,2023-01-01T03:30:30
-3.558153,-4.447797,2023-01-01T03:30:31
-3.558153,-4.447797,2023-01-01T03:30:32
-3.558153,-4.447797,2023-01-01T03:30:33
-3.558153,-4.447797,2023-01-01T03:30:34
-3.446961,-4.447797,2023-01-01T03:30:35
-3.446961,-4.447797,2023-01-01T03:30:36
-3.446961,-4.447797,2023-01-01T03:30:37
-3.446961,-4.447797,2023-01-01T03:30:38
-3.446961,-4.447797,2023-01-01T03:30:39
-3.446961,-4.447797,2023-01-01T03:30:40
-3.446961,-4.447797,2023-01-01T03:30:41
-3.446961,-4.447797,2023-01-01T03:30:42
-3.446961,-4.447797,2023-01-01T03:30:43
-3.446961,-4.447797,2023-01-01T03:30:44
-3.446961,-4.447797,2023-01-01T03:30:45
-3.446961,-4.447797,2023-01-01T03:30:46
-3.446961,-4.447797,2023-01-01T03:30:47
-3.446961,-4.447797,2023-01-01T03:30:48
-3.446961,-4.447797,2023-01-01T03:30:49
-3.446961,-4.447797,2023-01-01T03:30:50
-3.446961,-4.447797,2023-01-01T03:30:51
-3.446961,-4.447797,2023-01-01T03:30:52
-3.446961,-4.447797,2023-01-01T03:30:53
-3.446961,-4.447797,2023-01-01T03:30:54
-3.446961,-4.447797,2023-01-01T03:30:55
-3.446961,-4.447797,2023-01-01T03:30:56
-3.446961,-4.447797,2023-01-01T03:30:57
-3.446961,-4.447797,2023-01-01T03:30:58
-3.446961,-4.447797,2023-01-01T03:30:59
-3.446961,-4.447797,2023-01-01T03:31:00
-3.446961,-4.447797,2023-01-01T03:31:01
-3.446961,-4.447797,2023-01-01T03:31:02
-3.446961,-4.447797,2023-01-01T03:31:03
-3.446961,-4.447797,2023-01-01T03:31:04
-3.446961,-4.447797,2023-01-01T03:31:05
-3.558153,-4.447797,2023-01-01T03:31:06
-3.558153,-4.447797,2023-01-01T03:31:07
-3.558153,-4.447797,2023-01-01T03:31:08
-3.558153,-4.447797,2023-01-01T03:31:09
-3.558153,-4.447797,2023-01-01T03:31:10
-3.558153,-4.447797,2023-01-01T03:31:11
-3.558153,-4.447797,2023-01-01T03:31:12
-3.558153,-4.447797,2023-01-01T03:31:13
-3.558153,-4.447797,2023-01-01T03:31:14
-3.558153,-4.447797,2023-01-01T03:31:15
-3.558153,-4.447797,2023-01-01T03:31:16
-3.558153,-4.447797,2023-01-01T03:31:17
-3.558153,-4.447797,2023-01-01T03:31:18
-3.558153,-4.447797,2023-01-01T03:31:19
-3.558153,-4.447797,2023-01-01T03:31:20
-3.558153,-4.447797,2023-01-01T03:31:21
-3.558153,-4.447797,2023-01-01T03:31:22
-3.558153,-4.447797,2023-01-01T03:31:23
-3.558153,-4.447797,2023-01-01T03:31:24
-3.558153,-4.447797,2023-01-01T03:31:25
-3.558153,-4.447797,2023-01-01T03:31:26
-3.558153,-4.447797,2023-01-01T03:31:27
-3.558153,-4.447797,2023-01-01T03:31:28
-3.558153,-4.447797,2023-01-01T03:31:29
-3.558153,-4.447797,2023-01-01T03:31:30
-3.558153,-4.447797,2023-01-01T03:31:31
-3.558153,-4.447797,2023-01-01T03:31:32
-3.558153,-4.447797,2023-01-01T03:31:33
-3.558153,-4.447797,2023-01-01T03:31:34
-3.558153,-4.447797,2023-01-01T03:31:35
-3.558153,-4.447797,2023-01-01T03:31:36
-3.558153,-4.447797,2023-01-01T03:31:37
-3.558153,-4.447797,2023-01-01T03:31:38
-3.558153,-4.447797,2023-01-01T03:31:39
-3.558153,-4.447797,2023-01-01T03:31:40
-3.558153,-4.447797,2023-01-01T03:31:41
-3.558153,-4.447797,2023-01-01T03:31:42
-3.558153,-4.558992,2023-01-01T03:31:43
-3.558153,-4.558992,2023-01-01T03:31:44
-3.558153,-4.558992,2023-01-01T03:31:45
-3.558153,-4.558992,2023-01-01T03:31:46
-3.558153,-4.558992,2023-01-01T03:31:47
-3.558153,-4.558992,2023-01-01T03:31:48
-3.558153,-4.558992,2023-01-01T03:31:49
-3.558153,-4.558992,2023-01-01T03:31:50
-3.558153,-4.558992,2023-01-01T03:31:51
-3.558153,-4.558992,2023-01-01T03:31:52
-3.558153,-4.558992,2023-01-01T03:31:53
-3.558153,-4.558992,2023-01-01T03:31:54
-3.558153,-4.558992,2023-01-01T03:31:55
-3.558153,-4.447797,2023-01-01T03:31:56
-3.558153,-4.447797,2023-01-01T03:31:57
-3.558153,-4.558992,2023-01-01T03:31:58
-3.558153,-4.558992,2023-01-01T03:31:59
-3.558153,-4.447797,2023-01-01T03:32:00
-3.558153,-4.447797,2023-01-01T03:32:01
-3.558153,-4.447797,2023-01-01T03:32:02
-3.558153,-4.447797,2023-01-01T03:32:03
-3.558153,-4.447797,2023-01-01T03:32:04
-3.558153,-4.447797,2023-01-01T03:32:05
-3.558153,-4.447797,2023-01-01T03:32:06
-3.558153,-4.447797,2023-01-01T03:32:07
-3.558153,-4.447797,2023-01-01T03:32:08
-3.558153,-4.447797,2023-01-01T03:32:09
-3.558153,-4.558992,2023-01-01T03:32:10
-3.558153,-4.558992,2023-01-01T03:32:11
-3.558153,-4.558992,2023-01-01T03:32:12
-3.558153,-4.558992,2023-01-01T03:32:13
-3.558153,-4.558992,2023-01-01T03:32:14
-3.558153,-4.558992,2023-01-01T03:32:15
-3.558153,-4.558992,2023-01-01T03:32:16
-3.558153,-4.558992,2023-01-01T03:32:17
-3.558153,-4.558992,2023-01-01T03:32:18
-3.558153,-4.558992,2023-01-01T03:32:19
-3.558153,-4.558992,2023-01-01T03:32:20
-3.558153,-4.558992,2023-01-01T03:32:21
-3.558153,-4.558992,2023-01-01T03:32:22
-3.558153,-4.558992,2023-01-01T03:32:23
-3.558153,-4.558992,2023-01-01T03:32:24
-3.558153,-4.558992,2023-01-01T03:32:25
-3.558153,-4.558992,2023-01-01T03:32:26
-3.558153,-4.558992,2023-01-01T03:32:27
-3.558153,-4.558992,2023-01-01T03:32:28
-3.558153,-4.558992,2023-01-01T03:32:29
-3.558153,-4.558992,2023-01-01T03:32:30
-3.558153,-4.558992,2023-01-01T03:32:31
-3.558153,-4.558992,2023-01-01T03:32:32
-3.558153,-4.558992,2023-01-01T03:32:33
-3.558153,-4.558992,2023-01-01T03:32:34
-3.558153,-4.558992,2023-01-01T03:32:35
-3.558153,-4.558992,2023-01-01T03:32:36
-3.558153,-4.558992,2023-01-01T03:32:37
-3.558153,-4.558992,2023-01-01T03:32:38
-3.558153,-4.558992,2023-01-01T03:32:39
-3.558153,-4.558992,2023-01-01T03:32:40
-3.558153,-4.558992,2023-01-01T03:32:41
-3.558153,-4.558992,2023-01-01T03:32:42
-3.558153,-4.558992,2023-01-01T03:32:43
-3.558153,-4.558992,2023-01-01T03:32:44
-3.558153,-4.558992,2023-01-01T03:32:45
-3.558153,-4.558992,2023-01-01T03:32:46
-3.558153,-4.558992,2023-01-01T03:32:47
-3.558153,-4.558992,2023-01-01T03:32:48
-3.558153,-4.558992,2023-01-01T03:32:49
-3.558153,-4.558992,2023-01-01T03:32:50
-3.558153,-4.558992,2023-01-01T03:32:51
-3.558153,-4.558992,2023-01-01T03:32:52
-3.558153,-4.558992,2023-01-01T03:32:53
-3.558153,-4.558992,2023-01-01T03:32:54
-3.558153,-4.558992,2023-01-01T03:32:55
-3.558153,-4.558992,2023-01-01T03:32:56
-3.558153,-4.558992,2023-01-01T03:32:57
-3.558153,-4.558992,2023-01-01T03:32:58
-3.558153,-4.558992,2023-01-01T03:32:59
-3.558153,-4.558992,2023-01-01T03:33:00
-3.558153,-4.558992,2023-01-01T03:33:01
-3.558153,-4.558992,2023-01-01T03:33:02
-3.558153,-4.558992,2023-01-01T03:33:03
-3.558153,-4.558992,2023-01-01T03:33:04
-3.558153,-4.558992,2023-01-01T03:33:05
-3.558153,-4.558992,2023-01-01T03:33:06
-3.558153,-4.558992,2023-01-01T03:33:07
-3.558153,-4.558992,2023-01-01T03:33:08
-3.558153,-4.558992,2023-01-01T03:33:09
-3.558153,-4.558992,2023-01-01T03:33:10
-3.558153,-4.558992,2023-01-01T03:33:11
-3.558153,-4.558992,2023-01-01T03:33:12
-3.558153,-4.558992,2023-01-01T03:33:13
-3.558153,-4.558992,2023-01-01T03:33:14
-3.558153,-4.558992,2023-01-01T03:33:15
-3.558153,-4.558992,2023-01-01T03:33:16
-3.558153,-4.558992,2023-01-01T03:33:17
-3.558153,-4.558992,2023-01-01T03:33:18
-3.558153,-4.558992,2023-01-01T03:33:19
-3.558153,-4.558992,2023-01-01T03:33:20
-3.558153,-4.558992,2023-01-01T03:33:21
-3.558153,-4.558992,2023-01-01T03:33:22
-3.558153,-4.558992,2023-01-01T03:33:23
-3.558153,-4.558992,2023-01-01T03:33:24
-3.558153,-4.558992,2023-01-01T03:33:25
-3.558153,-4.558992,2023-01-01T03:33:26
-3.558153,-4.558992,2023-01-01T03:33:27
-3.558153,-4.558992,2023-01-01T03:33:28
-3.558153,-4.558992,2023-01-01T03:33:29
-3.558153,-4.558992,2023-01-01T03:33:30
-3.558153,-4.558992,2023-01-01T03:33:31
-3.558153,-4.558992,2023-01-01T03:33:32
-3.558153,-4.558992,2023-01-01T03:33:33
-3.558153,-4.558992,2023-01-01T03:33:34
-3.558153,-4.558992,2023-01-01T03:33:35
-3.558153,-4.558992,2023-01-01T03:33:36
-3.558153,-4.558992,2023-01-01T03:33:37
-3.558153,-4.558992,2023-01-01T03:33:38
-3.558153,-4.558992,2023-01-01T03:33:39
-3.558153,-4.558992,2023-01-01T03:33:40
-3.558153,-4.558992,2023-01-01T03:33:41
-3.558153,-4.558992,2023-01-01T03:33:42
-3.558153,-4.558992,2023-01-01T03:33:43
-3.558153,-4.558992,2023-01-01T03:33:44
-3.558153,-4.558992,2023-01-01T03:33:45
-3.558153,-4.558992,2023-01-01T03:33:46
-3.558153,-4.558992,2023-01-01T03:33:47
-3.558153,-4.558992,2023-01-01T03:33:48
-3.558153,-4.558992,2023-01-01T03:33:49
-3.558153,-4.558992,2023-01-01T03:33:50
-3.558153,-4.558992,2023-01-01T03:33:51
-3.558153,-4.558992,2023-01-01T03:33:52
-3.558153,-4.558992,2023-01-01T03:33:53
-3.558153,-4.558992,2023-01-01T03:33:54
-3.558153,-4.558992,2023-01-01T03:33:55
-3.558153,-4.558992,2023-01-01T03:33:56
-3.558153,-4.558992,2023-01-01T03:33:57
-3.558153,-4.558992,2023-01-01T03:33:58
-3.558153,-4.558992,2023-01-01T03:33:59
-3.558153,-4.558992,2023-01-01T03:34:00
-3.558153,-4.558992,2023-01-01T03:34:01
-3.558153,-4.558992,2023-01-01T03:34:02
-3.558153,-4.558992,2023-01-01T03:34:03
-3.558153,-4.558992,2023-01-01T03:34:04
-3.558153,-4.558992,2023-01-01T03:34:05
-3.558153,-4.558992,2023-01-01T03:34:06
-3.558153,-4.558992,2023-01-01T03:34:07
-3.558153,-4.558992,2023-01-01T03:34:08
-3.558153,-4.558992,2023-01-01T03:34:09
-3.558153,-4.558992,2023-01-01T03:34:10
-3.558153,-4.558992,2023-01-01T03:34:11
-3.558153,-4.558992,2023-01-01T03:34:12
-3.558153,-4.558992,2023-01-01T03:34:13
-3.558153,-4.558992,2023-01-01T03:34:14
-3.558153,-4.558992,2023-01-01T03:34:15
-3.558153,-4.558992,2023-01-01T03:34:16
-3.558153,-4.558992,2023-01-01T03:34:17
-3.558153,-4.558992,2023-01-01T03:34:18
-3.558153,-4.558992,2023-01-01T03:34:19
-3.558153,-4.558992,2023-01-01T03:34:20
-3.558153,-4.558992,2023-01-01T03:34:21
-3.558153,-4.558992,2023-01-01T03:34:22
-3.558153,-4.558992,2023-01-01T03:34:23
-3.558153,-4.558992,2023-01-01T03:34:24
-3.558153,-4.558992,2023-01-01T03:34:25
-3.558153,-4.558992,2023-01-01T03:34:26
-3.558153,-4.558992,2023-01-01T03:34:27
-3.558153,-4.558992,2023-01-01T03:34:28
-3.558153,-4.558992,2023-01-01T03:34:29
-3.558153,-4.558992,2023-01-01T03:34:30
-3.558153,-4.558992,2023-01-01T03:34:31
-3.558153,-4.558992,2023-01-01T03:34:32
-3.558153,-4.558992,2023-01-01T03:34:33
-3.558153,-4.558992,2023-01-01T03:34:34
-3.558153,-4.558992,2023-01-01T03:34:35
-3.558153,-4.558992,2023-01-01T03:34:36
-3.558153,-4.558992,2023-01-01T03:34:37
-3.558153,-4.558992,2023-01-01T03:34:38
-3.558153,-4.558992,2023-01-01T03:34:39
-3.558153,-4.558992,2023-01-01T03:34:40
-3.558153,-4.558992,2023-01-01T03:34:41
-3.558153,-4.558992,2023-01-01T03:34:42
-3.558153,-4.558992,2023-01-01T03:34:43
-3.558153,-4.558992,2023-01-01T03:34:44
-3.558153,-4.558992,2023-01-01T03:34:45
-3.558153,-4.558992,2023-01-01T03:34:46
-3.558153,-4.558992,2023-01-01T03:34:47
-3.558153,-4.558992,2023-01-01T03:34:48
-3.558153,-4.558992,2023-01-01T03:34:49
-3.558153,-4.558992,2023-01-01T03:34:50
-3.558153,-4.558992,2023-01-01T03:34:51
-3.558153,-4.558992,2023-01-01T03:34:52
-3.558153,-4.558992,2023-01-01T03:34:53
-3.558153,-4.558992,2023-01-01T03:34:54
-3.558153,-4.558992,2023-01-01T03:34:55
-3.558153,-4.558992,2023-01-01T03:34:56
-3.558153,-4.558992,2023-01-01T03:34:57
-3.558153,-4.558992,2023-01-01T03:34:58
-3.558153,-4.558992,2023-01-01T03:34:59
-3.558153,-4.558992,2023-01-01T03:35:00
-3.558153,-4.558992,2023-01-01T03:35:01
-3.558153,-4.558992,2023-01-01T03:35:02
-3.558153,-4.558992,2023-01-01T03:35:03
-3.558153,-4.558992,2023-01-01T03:35:04
-3.558153,-4.558992,2023-01-01T03:35:05
-3.558153,-4.558992,2023-01-01T03:35:06
-3.558153,-4.558992,2023-01-01T03:35:07
-3.558153,-4.558992,2023-01-01T03:35:08
-3.558153,-4.558992,2023-01-01T03:35:09
-3.558153,-4.558992,2023-01-01T03:35:10
-3.558153,-4.558992,2023-01-01T03:35:11
-3.558153,-4.558992,2023-01-01T03:35:12
-3.558153,-4.558992,2023-01-01T03:35:13
-3.558153,-4.558992,2023-01-01T03:35:14
-3.558153,-4.558992,2023-01-01T03:35:15
-3.558153,-4.558992,2023-01-01T03:35:16
-3.558153,-4.558992,2023-01-01T03:35:17
-3.558153,-4.558992,2023-01-01T03:35:18
-3.558153,-4.558992,2023-01-01T03:35:19
-3.558153,-4.558992,2023-01-01T03:35:20
-3.558153,-4.558992,2023-01-01T03:35:21
-3.446961,-4.558992,2023-01-01T03:35:22
-3.446961,-4.558992,2023-01-01T03:35:23
-3.446961,-4.558992,2023-01-01T03:35:24
-3.446961,-4.558992,2023-01-01T03:35:25
-3.446961,-4.558992,2023-01-01T03:35:26
-3.446961,-4.558992,2023-01-01T03:35:27
-3.446961,-4.558992,2023-01-01T03:35:28
-3.446961,-4.558992,2023-01-01T03:35:29
-3.446961,-4.558992,2023-01-01T03:35:30
-3.446961,-4.558992,2023-01-01T03:35:31
-3.446961,-4.558992,2023-01-01T03:35:32
-3.446961,-4.558992,2023-01-01T03:35:33
-3.446961,-4.558992,2023-01-01T03:35:34
-3.446961,-4.558992,2023-01-01T03:35:35
-3.446961,-4.558992,2023-01-01T03:35:36
-3.446961,-4.558992,2023-01-01T03:35:37
-3.446961,-4.558992,2023-01-01T03:35:38
-3.446961,-4.558992,2023-01-01T03:35:39
-3.446961,-4.558992,2023-01-01T03:35:40
-3.446961,-4.558992,2023-01-01T03:35:41
-3.446961,-4.558992,2023-01-01T03:35:42
-3.446961,-4.558992,2023-01-01T03:35:43
-3.446961,-4.558992,2023-01-01T03:35:44
-3.446961,-4.558992,2023-01-01T03:35:45
-3.446961,-4.558992,2023-01-01T03:35:46
-3.446961,-4.558992,2023-01-01T03:35:47
-3.446961,-4.558992,2023-01-01T03:35:48
-3.446961,-4.558992,2023-01-01T03:35:49
-3.446961,-4.558992,2023-01-01T03:35:50
-3.446961,-4.558992,2023-01-01T03:35:51
-3.446961,-4.558992,2023-01-01T03:35:52
-3.446961,-4.558992,2023-01-01T03:35:53
-3.446961,-4.558992,2023-01-01T03:35:54
-3.446961,-4.558992,2023-01-01T03:35:55
-3.446961,-4.558992,2023-01-01T03:35:56
-3.446961,-4.558992,2023-01-01T03:35:57
-3.446961,-4.558992,2023-01-01T03:35:58
-3.446961,-4.558992,2023-01-01T03:35:59
-3.446961,-4.558992,2023-01-01T03:36:00
-3.446961,-4.558992,2023-01-01T03:36:01
-3.446961,-4.558992,2023-01-01T03:36:02
-3.446961,-4.558992,2023-01-01T03:36:03
-3.446961,-4.558992,2023-01-01T03:36:04
-3.446961,-4.558992,2023-01-01T03:36:05
-3.446961,-4.558992,2023-01-01T03:36:06
-3.446961,-4.558992,2023-01-01T03:36:07
-3.446961,-4.558992,2023-01-01T03:36:08
-3.446961,-4.558992,2023-01-01T03:36:09
-3.446961,-4.558992,2023-01-01T03:36:10
-3.446961,-4.558992,2023-01-01T03:36:11
-3.446961,-4.558992,2023-01-01T03:36:12
-3.446961,-4.558992,2023-01-01T03:36:13
-3.446961,-4.558992,2023-01-01T03:36:14
-3.446961,-4.558992,2023-01-01T03:36:15
-3.446961,-4.558992,2023-01-01T03:36:16
-3.446961,-4.558992,2023-01-01T03:36:17
-3.446961,-4.558992,2023-01-01T03:36:18
-3.446961,-4.558992,2023-01-01T03:36:19
-3.446961,-4.558992,2023-01-01T03:36:20
-3.446961,-4.558992,2023-01-01T03:36:21
-3.446961,-4.558992,2023-01-01T03:36:22
-3.446961,-4.558992,2023-01-01T03:36:23
-3.446961,-4.558992,2023-01-01T03:36:24
-3.446961,-4.558992,2023-01-01T03:36:25
-3.446961,-4.558992,2023-01-01T03:36:26
-3.446961,-4.558992,2023-01-01T03:36:27
-3.446961,-4.558992,2023-01-01T03:36:28
-3.446961,-4.558992,2023-01-01T03:36:29
-3.446961,-4.558992,2023-01-01T03:36:30
-3.446961,-4.558992,2023-01-01T03:36:31
-3.446961,-4.558992,2023-01-01T03:36:32
-3.446961,-4.558992,2023-01-01T03:36:33
-3.446961,-4.558992,2023-01-01T03:36:34
-3.446961,-4.558992,2023-01-01T03:36:35
-3.446961,-4.558992,2023-01-01T03:36:36
-3.446961,-4.447797,2023-01-01T03:36:37
-3.446961,-4.447797,2023-01-01T03:36:38
-3.446961,-4.447797,2023-01-01T03:36:39
-3.446961,-4.447797,2023-01-01T03:36:40
-3.446961,-4.447797,2023-01-01T03:36:41
-3.446961,-4.447797,2023-01-01T03:36:42
-3.446961,-4.447797,2023-01-01T03:36:43
-3.446961,-4.447797,2023-01-01T03:36:44
-3.446961,-4.447797,2023-01-01T03:36:45
-3.446961,-4.447797,2023-01-01T03:36:46
-3.446961,-4.447797,2023-01-01T03:36:47
-3.446961,-4.447797,2023-01-01T03:36:48
-3.446961,-4.447797,2023-01-01T03:36:49
-3.446961,-4.447797,2023-01-01T03:36:50
-3.446961,-4.447797,2023-01-01T03:36:51
-3.335769,-4.447797,2023-01-01T03:36:52
-3.335769,-4.447797,2023-01-01T03:36:53
-3.335769,-4.447797,2023-01-01T03:36:54
-3.335769,-4.447797,2023-01-01T03:36:55
-3.335769,-4.447797,2023-01-01T03:36:56
-3.335769,-4.447797,2023-01-01T03:36:57
-3.335769,-4.447797,2023-01-01T03:36:58
-3.335769,-4.447797,2023-01-01T03:36:59
-3.335769,-4.447797,2023-01-01T03:37:00
-3.335769,-4.447797,2023-01-01T03:37:01
-3.335769,-4.447797,2023-01-01T03:37:02
-3.335769,-4.447797,2023-01-01T03:37:03
-3.335769,-4.447797,2023-01-01T03:37:04
-3.335769,-4.447797,2023-01-01T03:37:05
-3.335769,-4.447797,2023-01-01T03:37:06
-3.335769,-4.447797,2023-01-01T03:37:07
-3.335769,-4.447797,2023-01-01T03:37:08
-3.335769,-4.447797,2023-01-01T03:37:09
-3.335769,-4.447797,2023-01-01T03:37:10
-3.335769,-4.336602,2023-01-01T03:37:11
-3.335769,-4.336602,2023-01-01T03:37:12
-3.335769,-4.336602,2023-01-01T03:37:13
-3.335769,-4.336602,2023-01-01T03:37:14
-3.335769,-4.336602,2023-01-01T03:37:15
-3.335769,-4.336602,2023-01-01T03:37:16
-3.335769,-4.336602,2023-01-01T03:37:17
-3.335769,-4.336602,2023-01-01T03:37:18
-3.335769,-4.336602,2023-01-01T03:37:19
-3.335769,-4.336602,2023-01-01T03:37:20
-3.335769,-4.336602,2023-01-01T03:37:21
-3.335769,-4.336602,2023-01-01T03:37:22
-3.335769,-4.336602,2023-01-01T03:37:23
-3.335769,-4.336602,2023-01-01T03:37:24
-3.335769,-4.336602,2023-01-01T03:37:25
-3.335769,-4.336602,2023-01-01T03:37:26
-3.335769,-4.336602,2023-01-01T03:37:27
-3.335769,-4.336602,2023-01-01T03:37:28
-3.335769,-4.336602,2023-01-01T03:37:29
-3.335769,-4.336602,2023-01-01T03:37:30
-3.335769,-4.336602,2023-01-01T03:37:31
-3.335769,-4.336602,2023-01-01T03:37:32
-3.335769,-4.225407,2023-01-01T03:37:33
-3.335769,-4.225407,2023-01-01T03:37:34
-3.335769,-4.225407,2023-01-01T03:37:35
-3.335769,-4.225407,2023-01-01T03:37:36
-3.335769,-4.225407,2023-01-01T03:37:37
-3.335769,-4.225407,2023-01-01T03:37:38
-3.335769,-4.225407,2023-01-01T03:37:39
-3.335769,-4.225407,2023-01-01T03:37:40
-3.335769,-4.225407,2023-01-01T03:37:41
-3.335769,-4.225407,2023-01-01T03:37:42
-3.335769,-4.225407,2023-01-01T03:37:43
-3.335769,-4.225407,2023-01-01T03:37:44
-3.335769,-4.225407,2023-01-01T03:37:45
-3.335769,-4.225407,2023-01-01T03:37:46
-3.335769,-4.225407,2023-01-01T03:37:47
-3.335769,-4.225407,2023-01-01T03:37:48
-3.335769,-4.225407,2023-01-01T03:37:49
-3.335769,-4.225407,2023-01-01T03:37:50
-3.335769,-4.225407,2023-01-01T03:37:51
-3.335769,-4.225407,2023-01-01T03:37:52
-3.335769,-4.225407,2023-01-01T03:37:53
-3.335769,-4.114212,2023-01-01T03:37:54
-3.335769,-4.114212,2023-01-01T03:37:55
-3.335769,-4.114212,2023-01-01T03:37:56
-3.335769,-4.114212,2023-01-01T03:37:57
-3.335769,-4.114212,2023-01-01T03:37:58
-3.335769,-4.114212,2023-01-01T03:37:59
-3.335769,-4.114212,2023-01-01T03:38:00
-3.335769,-4.114212,2023-01-01T03:38:01
-3.335769,-4.114212,2023-01-01T03:38:02
-3.335769,-4.114212,2023-01-01T03:38:03
-3.335769,-4.114212,2023-01-01T03:38:04
-3.335769,-4.114212,2023-01-01T03:38:05
-3.335769,-4.114212,2023-01-01T03:38:06
-3.335769,-4.114212,2023-01-01T03:38:07
-3.335769,-4.114212,2023-01-01T03:38:08
-3.335769,-4.114212,2023-01-01T03:38:09
-3.335769,-4.114212,2023-01-01T03:38:10
-3.335769,-4.114212,2023-01-01T03:38:11
-3.335769,-4.114212,2023-01-01T03:38:12
-3.335769,-4.114212,2023-01-01T03:38:13
-3.335769,-4.003017,2023-01-01T03:38:14
-3.335769,-4.003017,2023-01-01T03:38:15
-3.335769,-4.003017,2023-01-01T03:38:16
-3.335769,-4.003017,2023-01-01T03:38:17
-3.335769,-4.003017,2023-01-01T03:38:18
-3.335769,-4.003017,2023-01-01T03:38:19
-3.335769,-4.003017,2023-01-01T03:38:20
-3.335769,-4.003017,2023-01-01T03:38:21
-3.335769,-4.003017,2023-01-01T03:38:22
-3.335769,-4.003017,2023-01-01T03:38:23
-3.335769,-4.003017,2023-01-01T03:38:24
-3.335769,-4.003017,2023-01-01T03:38:25
-3.335769,-4.003017,2023-01-01T03:38:26
-3.335769,-4.003017,2023-01-01T03:38:27
-3.335769,-4.003017,2023-01-01T03:38:28
-3.335769,-4.003017,2023-01-01T03:38:29
-3.335769,-4.003017,2023-01-01T03:38:30
-3.335769,-4.003017,2023-01-01T03:38:31
-3.335769,-4.003017,2023-01-01T03:38:32
-3.335769,-3.891822,2023-01-01T03:38:33
-3.335769,-3.891822,2023-01-01T03:38:34
-3.335769,-3.891822,2023-01-01T03:38:35
-3.335769,-3.891822,2023-01-01T03:38:36
-3.335769,-3.891822,2023-01-01T03:38:37
-3.335769,-3.891822,2023-01-01T03:38:38
-3.335769,-3.891822,2023-01-01T03:38:39
-3.335769,-3.891822,2023-01-01T03:38:40
-3.335769,-3.891822,2023-01-01T03:38:41
-3.335769,-3.891822,2023-01-01T03:38:42
-3.335769,-3.891822,2023-01-01T03:38:43
-3.335769,-3.891822,2023-01-01T03:38:44
-3.335769,-3.891822,2023-01-01T03:38:45
-3.335769,-3.891822,2023-01-01T03:38:46
-3.335769,-3.891822,2023-01-01T03:38:47
-3.335769,-3.891822,2023-01-01T03:38:48
-3.335769,-3.891822,2023-01-01T03:38:49
-3.335769,-3.891822,2023-01-01T03:38:50
-3.335769,-3.891822,2023-01-01T03:38:51
-3.335769,-3.891822,2023-01-01T03:38:52
-3.335769,-3.891822,2023-01-01T03:38:53
-3.335769,-3.891822,2023-01-01T03:38:54
-3.335769,-3.891822,2023-01-01T03:38:55
-3.335769,-3.891822,2023-01-01T03:38:56
-3.335769,-3.891822,2023-01-01T03:38:57
-3.335769,-3.891822,2023-01-01T03:38:58
-3.335769,-3.891822,2023-01-01T03:38:59
-3.335769,-3.891822,2023-01-01T03:39:00
-3.335769,-3.891822,2023-01-01T03:39:01
-3.335769,-3.891822,2023-01-01T03:39:02
-3.335769,-3.891822,2023-01-01T03:39:03
-3.335769,-3.891822,2023-01-01T03:39:04
-3.335769,-3.891822,2023-01-01T03:39:05
-3.335769,-3.780628,2023-01-01T03:39:06
-3.335769,-3.780628,2023-01-01T03:39:07
-3.335769,-3.780628,2023-01-01T03:39:08
-3.335769,-3.780628,2023-01-01T03:39:09
-3.335769,-3.780628,2023-01-01T03:39:10
-3.335769,-3.780628,2023-01-01T03:39:11
-3.335769,-3.780628,2023-01-01T03:39:12
-3.335769,-3.780628,2023-01-01T03:39:13
-3.335769,-3.780628,2023-01-01T03:39:14
-3.335769,-3.780628,2023-01-01T03:39:15
-3.335769,-3.780628,2023-01-01T03:39:16
-3.335769,-3.780628,2023-01-01T03:39:17
-3.335769,-3.780628,2023-01-01T03:39:18
-3.335769,-3.780628,2023-01-01T03:39:19
-3.335769,-3.780628,2023-01-01T03:39:20
-3.335769,-3.780628,2023-01-01T03:39:21
-3.335769,-3.780628,2023-01-01T03:39:22
-3.335769,-3.780628,2023-01-01T03:39:23
-3.335769,-3.780628,2023-01-01T03:39:24
-3.335769,-3.780628,2023-01-01T03:39:25
-3.335769,-3.780628,2023-01-01T03:39:26
-3.335769,-3.780628,2023-01-01T03:39:27
-3.335769,-3.780628,2023-01-01T03:39:28
-3.335769,-3.780628,2023-01-01T03:39:29
-3.335769,-3.780628,2023-01-01T03:39:30
-3.335769,-3.780628,2023-01-01T03:39:31
-3.335769,-3.780628,2023-01-01T03:39:32
-3.335769,-3.780628,2023-01-01T03:39:33
-3.335769,-3.780628,2023-01-01T03:39:34
-3.335769,-3.780628,2023-01-01T03:39:35
-3.335769,-3.780628,2023-01-01T03:39:36
-3.335769,-3.780628,2023-01-01T03:39:37
-3.335769,-3.780628,2023-01-01T03:39:38
-3.335769,-3.780628,2023-01-01T03:39:39
-3.335769,-3.669433,2023-01-01T03:39:40
-3.335769,-3.669433,2023-01-01T03:39:41
-3.335769,-3.669433,2023-01-01T03:39:42
-3.335769,-3.669433,2023-01-01T03:39:43
-3.335769,-3.669433,2023-01-01T03:39:44
-3.335769,-3.669433,2023-01-01T03:39:45
-3.335769,-3.669433,2023-01-01T03:39:46
-3.335769,-3.669433,2023-01-01T03:39:47
-3.335769,-3.669433,2023-01-01T03:39:48
-3.335769,-3.669433,2023-01-01T03:39:49
-3.335769,-3.669433,2023-01-01T03:39:50
-3.335769,-3.669433,2023-01-01T03:39:51
-3.335769,-3.669433,2023-01-01T03:39:52
-3.335769,-3.669433,2023-01-01T03:39:53
-3.335769,-3.669433,2023-01-01T03:39:54
-3.335769,-3.669433,2023-01-01T03:39:55
-3.335769,-3.669433,2023-01-01T03:39:56
-3.335769,-3.669433,2023-01-01T03:39:57
-3.335769,-3.669433,2023-01-01T03:39:58
-3.335769,-3.669433,2023-01-01T03:39:59
-3.335769,-3.669433,2023-01-01T03:40:00
-3.335769,-3.669433,2023-01-01T03:40:01
-3.335769,-3.669433,2023-01-01T03:40:02
-3.335769,-3.669433,2023-01-01T03:40:03
-3.335769,-3.669433,2023-01-01T03:40:04
-3.335769,-3.669433,2023-01-01T03:40:05
-3.335769,-3.669433,2023-01-01T03:40:06
-3.335769,-3.669433,2023-01-01T03:40:07
-3.335769,-3.669433,2023-01-01T03:40:08
-3.335769,-3.669433,2023-01-01T03:40:09
-3.335769,-3.669433,2023-01-01T03:40:10
-3.335769,-3.669433,2023-01-01T03:40:11
-3.335769,-3.669433,2023-01-01T03:40:12
-3.335769,-3.669433,2023-01-01T03:40:13
-3.335769,-3.669433,2023-01-01T03:40:14
-3.335769,-3.669433,2023-01-01T03:40:15
-3.335769,-3.669433,2023-01-01T03:40:16
-3.335769,-3.669433,2023-01-01T03:40:17
-3.335769,-3.669433,2023-01-01T03:40:18
-3.335769,-3.669433,2023-01-01T03:40:19
-3.335769,-3.669433,2023-01-01T03:40:20
-3.335769,-3.669433,2023-01-01T03:40:21
-3.335769,-3.669433,2023-01-01T03:40:22
-3.335769,-3.669433,2023-01-01T03:40:23
-3.335769,-3.669433,2023-01-01T03:40:24
-3.335769,-3.669433,2023-01-01T03:40:25
-3.335769,-3.669433,2023-01-01T03:40:26
-3.335769,-3.669433,2023-01-01T03:40:27
-3.335769,-3.669433,2023-01-01T03:40:28
-3.335769,-3.669433,2023-01-01T03:40:29
-3.335769,-3.669433,2023-01-01T03:40:30
-3.335769,-3.669433,2023-01-01T03:40:31
-3.335769,-3.669433,2023-01-01T03:40:32
-3.335769,-3.669433,2023-01-01T03:40:33
-3.335769,-3.669433,2023-01-01T03:40:34
-3.335769,-3.558238,2023-01-01T03:40:35
-3.335769,-3.558238,2023-01-01T03:40:36
-3.335769,-3.558238,2023-01-01T03:40:37
-3.335769,-3.558238,2023-01-01T03:40:38
-3.335769,-3.558238,2023-01-01T03:40:39
-3.335769,-3.558238,2023-01-01T03:40:40
-3.335769,-3.558238,2023-01-01T03:40:41
-3.335769,-3.558238,2023-01-01T03:40:42
-3.335769,-3.558238,2023-01-01T03:40:43
-3.335769,-3.558238,2023-01-01T03:40:44
-3.335769,-3.558238,2023-01-01T03:40:45
-3.335769,-3.558238,2023-01-01T03:40:46
-3.335769,-3.558238,2023-01-01T03:40:47
-3.335769,-3.558238,2023-01-01T03:40:48
-3.335769,-3.558238,2023-01-01T03:40:49
-3.335769,-3.558238,2023-01-01T03:40:50
-3.335769,-3.558238,2023-01-01T03:40:51
-3.335769,-3.558238,2023-01-01T03:40:52
-3.335769,-3.558238,2023-01-01T03:40:53
-3.335769,-3.558238,2023-01-01T03:40:54
-3.335769,-3.558238,2023-01-01T03:40:55
-3.335769,-3.558238,2023-01-01T03:40:56
-3.335769,-3.558238,2023-01-01T03:40:57
-3.224576,-3.558238,2023-01-01T03:40:58
-3.224576,-3.558238,2023-01-01T03:40:59
-3.224576,-3.558238,2023-01-01T03:41:00
-3.224576,-3.558238,2023-01-01T03:41:01
-3.224576,-3.558238,2023-01-01T03:41:02
-3.224576,-3.558238,2023-01-01T03:41:03
-3.224576,-3.558238,2023-01-01T03:41:04
-3.224576,-3.558238,2023-01-01T03:41:05
-3.224576,-3.558238,2023-01-01T03:41:06
-3.224576,-3.558238,2023-01-01T03:41:07
-3.224576,-3.558238,2023-01-01T03:41:08
-3.224576,-3.558238,2023-01-01T03:41:09
-3.224576,-3.558238,2023-01-01T03:41:10
-3.224576,-3.558238,2023-01-01T03:41:11
-3.224576,-3.558238,2023-01-01T03:41:12
-3.224576,-3.558238,2023-01-01T03:41:13
-3.224576,-3.558238,2023-01-01T03:41:14
-3.224576,-3.558238,2023-01-01T03:41:15
-3.224576,-3.558238,2023-01-01T03:41:16
-3.224576,-3.558238,2023-01-01T03:41:17
-3.224576,-3.558238,2023-01-01T03:41:18
-3.224576,-3.558238,2023-01-01T03:41:19
-3.224576,-3.558238,2023-01-01T03:41:20
-3.224576,-3.558238,2023-01-01T03:41:21
-3.224576,-3.558238,2023-01-01T03:41:22
-3.224576,-3.558238,2023-01-01T03:41:23
-3.224576,-3.558238,2023-01-01T03:41:24
-3.224576,-3.558238,2023-01-01T03:41:25
-3.224576,-3.558238,2023-01-01T03:41:26
-3.224576,-3.558238,2023-01-01T03:41:27
-3.224576,-3.558238,2023-01-01T03:41:28
-3.224576,-3.558238,2023-01-01T03:41:29
-3.224576,-3.558238,2023-01-01T03:41:30
-3.224576,-3.558238,2023-01-01T03:41:31
-3.224576,-3.558238,2023-01-01T03:41:32
-3.224576,-3.558238,2023-01-01T03:41:33
-3.224576,-3.558238,2023-01-01T03:41:34
-3.224576,-3.558238,2023-01-01T03:41:35
-3.224576,-3.558238,2023-01-01T03:41:36
-3.224576,-3.558238,2023-01-01T03:41:37
-3.224576,-3.558238,2023-01-01T03:41:38
-3.224576,-3.558238,2023-01-01T03:41:39
-3.224576,-3.558238,2023-01-01T03:41:40
-3.224576,-3.558238,2023-01-01T03:41:41
-3.113384,-3.558238,2023-01-01T03:41:42
-3.113384,-3.558238,2023-01-01T03:41:43
-3.113384,-3.558238,2023-01-01T03:41:44
-3.113384,-3.558238,2023-01-01T03:41:45
-3.113384,-3.558238,2023-01-01T03:41:46
-3.113384,-3.558238,2023-01-01T03:41:47
-3.113384,-3.558238,2023-01-01T03:41:48
-3.113384,-3.558238,2023-01-01T03:41:49
-3.113384,-3.558238,2023-01-01T03:41:50
-3.113384,-3.558238,2023-01-01T03:41:51
-3.113384,-3.558238,2023-01-01T03:41:52
-3.113384,-3.558238,2023-01-01T03:41:53
-3.113384,-3.558238,2023-01-01T03:41:54
-3.113384,-3.558238,2023-01-01T03:41:55
-3.113384,-3.558238,2023-01-01T03:41:56
-3.113384,-3.558238,2023-01-01T03:41:57
-3.113384,-3.558238,2023-01-01T03:41:58
-3.113384,-3.558238,2023-01-01T03:41:59
-3.113384,-3.558238,2023-01-01T03:42:00
-3.113384,-3.558238,2023-01-01T03:42:01
-3.113384,-3.558238,2023-01-01T03:42:02
-3.113384,-3.558238,2023-01-01T03:42:03
-3.113384,-3.558238,2023-01-01T03:42:04
-3.113384,-3.558238,2023-01-01T03:42:05
-3.113384,-3.558238,2023-01-01T03:42:06
-3.113384,-3.558238,2023-01-01T03:42:07
-3.113384,-3.558238,2023-01-01T03:42:08
-3.113384,-3.558238,2023-01-01T03:42:09
-3.113384,-3.558238,2023-01-01T03:42:10
-3.002192,-3.558238,2023-01-01T03:42:11
-3.002192,-3.558238,2023-01-01T03:42:12
-3.002192,-3.558238,2023-01-01T03:42:13
-3.002192,-3.558238,2023-01-01T03:42:14
-3.002192,-3.558238,2023-01-01T03:42:15
-3.002192,-3.558238,2023-01-01T03:42:16
-3.002192,-3.558238,2023-01-01T03:42:17
-3.002192,-3.558238,2023-01-01T03:42:18
-3.002192,-3.558238,2023-01-01T03:42:19
-3.002192,-3.558238,2023-01-01T03:42:20
-3.002192,-3.558238,2023-01-01T03:42:21
-3.002192,-3.558238,2023-01-01T03:42:22
-3.002192,-3.558238,2023-01-01T03:42:23
-3.002192,-3.558238,2023-01-01T03:42:24
-3.002192,-3.558238,2023-01-01T03:42:25
-3.002192,-3.558238,2023-01-01T03:42:26
-3.002192,-3.558238,2023-01-01T03:42:27
-3.002192,-3.558238,2023-01-01T03:42:28
-3.002192,-3.558238,2023-01-01T03:42:29
-3.002192,-3.558238,2023-01-01T03:42:30
-3.002192,-3.558238,2023-01-01T03:42:31
-3.002192,-3.558238,2023-01-01T03:42:32
-3.002192,-3.558238,2023-01-01T03:42:33
-3.002192,-3.558238,2023-01-01T03:42:34
-3.002192,-3.558238,2023-01-01T03:42:35
-3.002192,-3.558238,2023-01-01T03:42:36
-3.002192,-3.558238,2023-01-01T03:42:37
-3.002192,-3.558238,2023-01-01T03:42:38
-3.002192,-3.558238,2023-01-01T03:42:39
-3.002192,-3.558238,2023-01-01T03:42:40
-2.890999,-3.558238,2023-01-01T03:42:41
-2.890999,-3.558238,2023-01-01T03:42:42
-2.890999,-3.558238,2023-01-01T03:42:43
-2.890999,-3.558238,2023-01-01T03:42:44
-2.890999,-3.558238,2023-01-01T03:42:45
-2.890999,-3.558238,2023-01-01T03:42:46
-2.890999,-3.558238,2023-01-01T03:42:47
-2.890999,-3.558238,2023-01-01T03:42:48
-2.890999,-3.558238,2023-01-01T03:42:49
-2.890999,-3.558238,2023-01-01T03:42:50
-2.890999,-3.558238,2023-01-01T03:42:51
-2.890999,-3.558238,2023-01-01T03:42:52
-2.890999,-3.558238,2023-01-01T03:42:53
-2.890999,-3.558238,2023-01-01T03:42:54
-2.890999,-3.558238,2023-01-01T03:42:55
-2.890999,-3.558238,2023-01-01T03:42:56
-2.890999,-3.558238,2023-01-01T03:42:57
-2.890999,-3.558238,2023-01-01T03:42:58
-2.890999,-3.558238,2023-01-01T03:42:59
-2.890999,-3.558238,2023-01-01T03:43:00
-2.890999,-3.558238,2023-01-01T03:43:01
-2.890999,-3.558238,2023-01-01T03:43:02
-2.890999,-3.558238,2023-01-01T03:43:03
-2.890999,-3.558238,2023-01-01T03:43:04
-2.890999,-3.558238,2023-01-01T03:43:05
-2.890999,-3.558238,2023-01-01T03:43:06
-2.890999,-3.558238,2023-01-01T03:43:07
-2.890999,-3.558238,2023-01-01T03:43:08
-2.779807,-3.558238,2023-01-01T03:43:09
-2.779807,-3.558238,2023-01-01T03:43:10
-2.779807,-3.558238,2023-01-01T03:43:11
-2.779807,-3.558238,2023-01-01T03:43:12
-2.779807,-3.558238,2023-01-01T03:43:13
-2.779807,-3.558238,2023-01-01T03:43:14
-2.779807,-3.558238,2023-01-01T03:43:15
-2.779807,-3.558238,2023-01-01T03:43:16
-2.779807,-3.558238,2023-01-01T03:43:17
-2.779807,-3.558238,2023-01-01T03:43:18
-2.779807,-3.558238,2023-01-01T03:43:19
-2.779807,-3.558238,2023-01-01T03:43:20
-2.779807,-3.558238,2023-01-01T03:43:21
-2.779807,-3.558238,2023-01-01T03:43:22
-2.779807,-3.558238,2023-01-01T03:43:23
-2.779807,-3.558238,2023-01-01T03:43:24
-2.779807,-3.558238,2023-01-01T03:43:25
-2.779807,-3.558238,2023-01-01T03:43:26
-2.779807,-3.558238,2023-01-01T03:43:27
-2.779807,-3.558238,2023-01-01T03:43:28
-2.779807,-3.558238,2023-01-01T03:43:29
-2.779807,-3.558238,2023-01-01T03:43:30
-2.779807,-3.669433,2023-01-01T03:43:31
-2.779807,-3.669433,2023-01-01T03:43:32
-2.779807,-3.669433,2023-01-01T03:43:33
-2.779807,-3.669433,2023-01-01T03:43:34
-2.779807,-3.669433,2023-01-01T03:43:35
-2.779807,-3.669433,2023-01-01T03:43:36
-2.779807,-3.669433,2023-01-01T03:43:37
-2.779807,-3.669433,2023-01-01T03:43:38
-2.779807,-3.669433,2023-01-01T03:43:39
-2.779807,-3.669433,2023-01-01T03:43:40
-2.779807,-3.669433,2023-01-01T03:43:41
-2.779807,-3.669433,2023-01-01T03:43:42
-2.779807,-3.669433,2023-01-01T03:43:43
-2.779807,-3.669433,2023-01-01T03:43:44
-2.779807,-3.669433,2023-01-01T03:43:45
-2.779807,-3.669433,2023-01-01T03:43:46
-2.779807,-3.669433,2023-01-01T03:43:47
-2.779807,-3.669433,2023-01-01T03:43:48
-2.779807,-3.669433,2023-01-01T03:43:49
-2.668615,-3.669433,2023-01-01T03:43:50
-2.668615,-3.669433,2023-01-01T03:43:51
-2.668615,-3.669433,2023-01-01T03:43:52
-2.668615,-3.669433,2023-01-01T03:43:53
-2.668615,-3.669433,2023-01-01T03:43:54
-2.668615,-3.669433,2023-01-01T03:43:55
-2.668615,-3.669433,2023-01-01T03:43:56
-2.668615,-3.669433,2023-01-01T03:43:57
-2.668615,-3.669433,2023-01-01T03:43:58
-2.668615,-3.669433,2023-01-01T03:43:59
-2.668615,-3.669433,2023-01-01T03:44:00
-2.668615,-3.669433,2023-01-01T03:44:01
-2.668615,-3.669433,2023-01-01T03:44:02
-2.668615,-3.669433,2023-01-01T03:44:03
-2.668615,-3.669433,2023-01-01T03:44:04
-2.668615,-3.669433,2023-01-01T03:44:05
-2.668615,-3.669433,2023-01-01T03:44:06
-2.668615,-3.669433,2023-01-01T03:44:07
-2.668615,-3.669433,2023-01-01T03:44:08
-2.668615,-3.669433,2023-01-01T03:44:09
-2.668615,-3.669433,2023-01-01T03:44:10
-2.668615,-3.669433,2023-01-01T03:44:11
-2.668615,-3.669433,2023-01-01T03:44:12
-2.668615,-3.669433,2023-01-01T03:44:13
-2.668615,-3.669433,2023-01-01T03:44:14
-2.668615,-3.669433,2023-01-01T03:44:15
-2.668615,-3.669433,2023-01-01T03:44:16
-2.668615,-3.669433,2023-01-01T03:44:17
-2.668615,-3.669433,2023-01-01T03:44:18
-2.668615,-3.669433,2023-01-01T03:44:19
-2.668615,-3.669433,2023-01-01T03:44:20
-2.668615,-3.669433,2023-01-01T03:44:21
-2.668615,-3.669433,2023-01-01T03:44:22
-2.668615,-3.669433,2023-01-01T03:44:23
-2.668615,-3.669433,2023-01-01T03:44:24
-2.668615,-3.669433,2023-01-01T03:44:25
-2.668615,-3.669433,2023-01-01T03:44:26
-2.668615,-3.669433,2023-01-01T03:44:27
-2.668615,-3.669433,2023-01-01T03:44:28
-2.668615,-3.669433,2023-01-01T03:44:29
-2.668615,-3.669433,2023-01-01T03:44:30
-2.668615,-3.669433,2023-01-01T03:44:31
-2.668615,-3.669433,2023-01-01T03:44:32
-2.557423,-3.669433,2023-01-01T03:44:33
-2.557423,-3.669433,2023-01-01T03:44:34
-2.557423,-3.669433,2023-01-01T03:44:35
-2.557423,-3.669433,2023-01-01T03:44:36
-2.557423,-3.669433,2023-01-01T03:44:37
-2.557423,-3.669433,2023-01-01T03:44:38
-2.557423,-3.669433,2023-01-01T03:44:39
-2.557423,-3.669433,2023-01-01T03:44:40
-2.557423,-3.669433,2023-01-01T03:44:41
-2.557423,-3.669433,2023-01-01T03:44:42
-2.557423,-3.669433,2023-01-01T03:44:43
-2.557423,-3.669433,2023-01-01T03:44:44
-2.557423,-3.669433,2023-01-01T03:44:45
-2.557423,-3.669433,2023-01-01T03:44:46
-2.557423,-3.669433,2023-01-01T03:44:47
-2.557423,-3.669433,2023-01-01T03:44:48
-2.557423,-3.669433,2023-01-01T03:44:49
-2.557423,-3.669433,2023-01-01T03:44:50
-2.557423,-3.669433,2023-01-01T03:44:51
-2.557423,-3.669433,2023-01-01T03:44:52
-2.557423,-3.669433,2023-01-01T03:44:53
-2.557423,-3.669433,2023-01-01T03:44:54
-2.557423,-3.669433,2023-01-01T03:44:55
-2.557423,-3.669433,2023-01-01T03:44:56
-2.557423,-3.669433,2023-01-01T03:44:57
-2.557423,-3.669433,2023-01-01T03:44:58
-2.557423,-3.669433,2023-01-01T03:44:59
-2.557423,-3.669433,2023-01-01T03:45:00
-2.557423,-3.669433,2023-01-01T03:45:01
-2.557423,-3.669433,2023-01-01T03:45:02
-2.557423,-3.669433,2023-01-01T03:45:03
-2.557423,-3.669433,2023-01-01T03:45:04
-2.557423,-3.669433,2023-01-01T03:45:05
-2.557423,-3.669433,2023-01-01T03:45:06
-2.557423,-3.669433,2023-01-01T03:45:07
-2.557423,-3.669433,2023-01-01T03:45:08
-2.557423,-3.669433,2023-01-01T03:45:09
-2.557423,-3.669433,2023-01-01T03:45:10
-2.557423,-3.669433,2023-01-01T03:45:11
-2.557423,-3.669433,2023-01-01T03:45:12
-2.557423,-3.669433,2023-01-01T03:45:13
-2.557423,-3.669433,2023-01-01T03:45:14
-2.557423,-3.669433,2023-01-01T03:45:15
-2.557423,-3.669433,2023-01-01T03:45:16
-2.557423,-3.669433,2023-01-01T03:45:17
-2.557423,-3.669433,2023-01-01T03:45:18
-2.557423,-3.669433,2023-01-01T03:45:19
-2.557423,-3.669433,2023-01-01T03:45:20
-2.557423,-3.669433,2023-01-01T03:45:21
-2.557423,-3.669433,2023-01-01T03:45:22
-2.557423,-3.669433,2023-01-01T03:45:23
-2.557423,-3.669433,2023-01-01T03:45:24
-2.557423,-3.669433,2023-01-01T03:45:25
-2.557423,-3.669433,2023-01-01T03:45:26
-2.557423,-3.669433,2023-01-01T03:45:27
-2.557423,-3.669433,2023-01-01T03:45:28
-2.557423,-3.669433,2023-01-01T03:45:29
-2.557423,-3.669433,2023-01-01T03:45:30
-2.557423,-3.558238,2023-01-01T03:45:31
-2.557423,-3.558238,2023-01-01T03:45:32
-2.557423,-3.558238,2023-01-01T03:45:33
-2.557423,-3.558238,2023-01-01T03:45:34
-2.557423,-3.558238,2023-01-01T03:45:35
-2.557423,-3.558238,2023-01-01T03:45:36
-2.557423,-3.558238,2023-01-01T03:45:37
-2.557423,-3.558238,2023-01-01T03:45:38
-2.557423,-3.558238,2023-01-01T03:45:39
-2.557423,-3.558238,2023-01-01T03:45:40
-2.557423,-3.558238,2023-01-01T03:45:41
-2.557423,-3.558238,2023-01-01T03:45:42
-2.557423,-3.558238,2023-01-01T03:45:43
-2.557423,-3.558238,2023-01-01T03:45:44
-2.557423,-3.558238,2023-01-01T03:45:45
-2.557423,-3.558238,2023-01-01T03:45:46
-2.557423,-3.558238,2023-01-01T03:45:47
-2.557423,-3.558238,2023-01-01T03:45:48
-2.557423,-3.558238,2023-01-01T03:45:49
-2.557423,-3.558238,2023-01-01T03:45:50
-2.557423,-3.558238,2023-01-01T03:45:51
-2.557423,-3.558238,2023-01-01T03:45:52
-2.557423,-3.558238,2023-01-01T03:45:53
-2.557423,-3.558238,2023-01-01T03:45:54
-2.557423,-3.558238,2023-01-01T03:45:55
-2.557423,-3.558238,2023-01-01T03:45:56
-2.557423,-3.558238,2023-01-01T03:45:57
-2.557423,-3.558238,2023-01-01T03:45:58
-2.557423,-3.558238,2023-01-01T03:45:59
-2.557423,-3.558238,2023-01-01T03:46:00
-2.557423,-3.558238,2023-01-01T03:46:01
-2.557423,-3.558238,2023-01-01T03:46:02
-2.557423,-3.558238,2023-01-01T03:46:03
-2.557423,-3.558238,2023-01-01T03:46:04
-2.557423,-3.558238,2023-01-01T03:46:05
-2.557423,-3.558238,2023-01-01T03:46:06
-2.557423,-3.558238,2023-01-01T03:46:07
-2.557423,-3.558238,2023-01-01T03:46:08
-2.557423,-3.558238,2023-01-01T03:46:09
-2.557423,-3.558238,2023-01-01T03:46:10
-2.557423,-3.558238,2023-01-01T03:46:11
-2.557423,-3.558238,2023-01-01T03:46:12
-2.557423,-3.558238,2023-01-01T03:46:13
-2.557423,-3.558238,2023-01-01T03:46:14
-2.557423,-3.558238,2023-01-01T03:46:15
-2.557423,-3.558238,2023-01-01T03:46:16
-2.557423,-3.558238,2023-01-01T03:46:17
-2.557423,-3.558238,2023-01-01T03:46:18
-2.557423,-3.558238,2023-01-01T03:46:19
-2.557423,-3.558238,2023-01-01T03:46:20
-2.557423,-3.558238,2023-01-01T03:46:21
-2.557423,-3.558238,2023-01-01T03:46:22
-2.557423,-3.558238,2023-01-01T03:46:23
-2.557423,-3.558238,2023-01-01T03:46:24
-2.557423,-3.558238,2023-01-01T03:46:25
-2.557423,-3.558238,2023-01-01T03:46:26
-2.557423,-3.558238,2023-01-01T03:46:27
-2.557423,-3.558238,2023-01-01T03:46:28
-2.557423,-3.558238,2023-01-01T03:46:29
-2.557423,-3.558238,2023-01-01T03:46:30
-2.557423,-3.558238,2023-01-01T03:46:31
-2.557423,-3.558238,2023-01-01T03:46:32
-2.557423,-3.558238,2023-01-01T03:46:33
-2.557423,-3.558238,2023-01-01T03:46:34
-2.557423,-3.558238,2023-01-01T03:46:35
-2.557423,-3.558238,2023-01-01T03:46:36
-2.557423,-3.558238,2023-01-01T03:46:37
-2.557423,-3.558238,2023-01-01T03:46:38
-2.557423,-3.558238,2023-01-01T03:46:39
-2.557423,-3.558238,2023-01-01T03:46:40
-2.557423,-3.558238,2023-01-01T03:46:41
-2.557423,-3.558238,2023-01-01T03:46:42
-2.557423,-3.558238,2023-01-01T03:46:43
-2.557423,-3.558238,2023-01-01T03:46:44
-2.557423,-3.558238,2023-01-01T03:46:45
-2.557423,-3.558238,2023-01-01T03:46:46
-2.557423,-3.558238,2023-01-01T03:46:47
-2.557423,-3.558238,2023-01-01T03:46:48
-2.557423,-3.558238,2023-01-01T03:46:49
-2.557423,-3.558238,2023-01-01T03:46:50
-2.557423,-3.558238,2023-01-01T03:46:51
-2.557423,-3.558238,2023-01-01T03:46:52
-2.557423,-3.558238,2023-01-01T03:46:53
-2.557423,-3.558238,2023-01-01T03:46:54
-2.557423,-3.558238,2023-01-01T03:46:55
-2.557423,-3.558238,2023-01-01T03:46:56
-2.557423,-3.558238,2023-01-01T03:46:57
-2.557423,-3.558238,2023-01-01T03:46:58
-2.557423,-3.558238,2023-01-01T03:46:59
-2.557423,-3.558238,2023-01-01T03:47:00
-2.557423,-3.558238,2023-01-01T03:47:01
-2.557423,-3.558238,2023-01-01T03:47:02
-2.557423,-3.558238,2023-01-01T03:47:03
-2.557423,-3.558238,2023-01-01T03:47:04
-2.557423,-3.558238,2023-01-01T03:47:05
-2.557423,-3.558238,2023-01-01T03:47:06
-2.557423,-3.558238,2023-01-01T03:47:07
-2.557423,-3.558238,2023-01-01T03:47:08
-2.557423,-3.558238,2023-01-01T03:47:09
-2.557423,-3.558238,2023-01-01T03:47:10
-2.557423,-3.558238,2023-01-01T03:47:11
-2.557423,-3.558238,2023-01-01T03:47:12
-2.557423,-3.558238,2023-01-01T03:47:13
-2.557423,-3.558238,2023-01-01T03:47:14
-2.557423,-3.558238,2023-01-01T03:47:15
-2.557423,-3.558238,2023-01-01T03:47:16
-2.557423,-3.558238,2023-01-01T03:47:17
-2.557423,-3.558238,2023-01-01T03:47:18
-2.557423,-3.558238,2023-01-01T03:47:19
-2.557423,-3.558238,2023-01-01T03:47:20
-2.557423,-3.558238,2023-01-01T03:47:21
-2.557423,-3.558238,2023-01-01T03:47:22
-2.557423,-3.558238,2023-01-01T03:47:23
-2.557423,-3.558238,2023-01-01T03:47:24
-2.557423,-3.558238,2023-01-01T03:47:25
-2.557423,-3.558238,2023-01-01T03:47:26
-2.557423,-3.558238,2023-01-01T03:47:27
-2.557423,-3.558238,2023-01-01T03:47:28
-2.557423,-3.558238,2023-01-01T03:47:29
-2.557423,-3.558238,2023-01-01T03:47:30
-2.557423,-3.669433,2023-01-01T03:47:31
-2.557423,-3.669433,2023-01-01T03:47:32
-2.557423,-3.669433,2023-01-01T03:47:33
-2.557423,-3.669433,2023-01-01T03:47:34
-2.557423,-3.669433,2023-01-01T03:47:35
-2.557423,-3.669433,2023-01-01T03:47:36
-2.557423,-3.669433,2023-01-01T03:47:37
-2.557423,-3.669433,2023-01-01T03:47:38
-2.557423,-3.669433,2023-01-01T03:47:39
-2.557423,-3.669433,2023-01-01T03:47:40
-2.557423,-3.669433,2023-01-01T03:47:41
-2.557423,-3.669433,2023-01-01T03:47:42
-2.557423,-3.669433,2023-01-01T03:47:43
-2.557423,-3.669433,2023-01-01T03:47:44
-2.557423,-3.669433,2023-01-01T03:47:45
-2.557423,-3.669433,2023-01-01T03:47:46
-2.557423,-3.669433,2023-01-01T03:47:47
-2.557423,-3.669433,2023-01-01T03:47:48
-2.557423,-3.669433,2023-01-01T03:47:49
-2.557423,-3.669433,2023-01-01T03:47:50
-2.557423,-3.669433,2023-01-01T03:47:51
-2.557423,-3.669433,2023-01-01T03:47:52
-2.557423,-3.669433,2023-01-01T03:47:53
-2.557423,-3.669433,2023-01-01T03:47:54
-2.557423,-3.669433,2023-01-01T03:47:55
-2.557423,-3.669433,2023-01-01T03:47:56
-2.557423,-3.669433,2023-01-01T03:47:57
-2.557423,-3.669433,2023-01-01T03:47:58
-2.557423,-3.669433,2023-01-01T03:47:59
-2.557423,-3.669433,2023-01-01T03:48:00
-2.557423,-3.669433,2023-01-01T03:48:01
-2.557423,-3.669433,2023-01-01T03:48:02
-2.557423,-3.669433,2023-01-01T03:48:03
-2.557423,-3.669433,2023-01-01T03:48:04
-2.557423,-3.669433,2023-01-01T03:48:05
-2.557423,-3.669433,2023-01-01T03:48:06
-2.557423,-3.669433,2023-01-01T03:48:07
-2.557423,-3.669433,2023-01-01T03:48:08
-2.557423,-3.669433,2023-01-01T03:48:09
-2.557423,-3.669433,2023-01-01T03:48:10
-2.557423,-3.669433,2023-01-01T03:48:11
-2.557423,-3.669433,2023-01-01T03:48:12
-2.557423,-3.669433,2023-01-01T03:48:13
-2.557423,-3.669433,2023-01-01T03:48:14
-2.557423,-3.669433,2023-01-01T03:48:15
-2.557423,-3.669433,2023-01-01T03:48:16
-2.557423,-3.669433,2023-01-01T03:48:17
-2.557423,-3.669433,2023-01-01T03:48:18
-2.557423,-3.669433,2023-01-01T03:48:19
-2.557423,-3.669433,2023-01-01T03:48:20
-2.557423,-3.669433,2023-01-01T03:48:21
-2.557423,-3.669433,2023-01-01T03:48:22
-2.557423,-3.669433,2023-01-01T03:48:23
-2.557423,-3.669433,2023-01-01T03:48:24
-2.557423,-3.669433,2023-01-01T03:48:25
-2.557423,-3.669433,2023-01-01T03:48:26
-2.557423,-3.669433,2023-01-01T03:48:27
-2.557423,-3.669433,2023-01-01T03:48:28
-2.557423,-3.669433,2023-01-01T03:48:29
-2.557423,-3.669433,2023-01-01T03:48:30
-2.557423,-3.669433,2023-01-01T03:48:31
-2.557423,-3.669433,2023-01-01T03:48:32
-2.557423,-3.669433,2023-01-01T03:48:33
-2.557423,-3.669433,2023-01-01T03:48:34
-2.557423,-3.669433,2023-01-01T03:48:35
-2.557423,-3.669433,2023-01-01T03:48:36
-2.557423,-3.669433,2023-01-01T03:48:37
-2.557423,-3.669433,2023-01-01T03:48:38
-2.557423,-3.669433,2023-01-01T03:48:39
-2.557423,-3.669433,2023-01-01T03:48:40
-2.557423,-3.669433,2023-01-01T03:48:41
-2.557423,-3.669433,2023-01-01T03:48:42
-2.557423,-3.669433,2023-01-01T03:48:43
-2.557423,-3.669433,2023-01-01T03:48:44
-2.557423,-3.669433,2023-01-01T03:48:45
-2.557423,-3.669433,2023-01-01T03:48:46
-2.557423,-3.669433,2023-01-01T03:48:47
-2.557423,-3.669433,2023-01-01T03:48:48
-2.557423,-3.669433,2023-01-01T03:48:49
-2.557423,-3.669433,2023-01-01T03:48:50
-2.557423,-3.669433,2023-01-01T03:48:51
-2.557423,-3.669433,2023-01-01T03:48:52
-2.557423,-3.669433,2023-01-01T03:48:53
-2.557423,-3.669433,2023-01-01T03:48:54
-2.557423,-3.669433,2023-01-01T03:48:55
-2.557423,-3.669433,2023-01-01T03:48:56
-2.557423,-3.669433,2023-01-01T03:48:57
-2.557423,-3.669433,2023-01-01T03:48:58
-2.557423,-3.669433,2023-01-01T03:48:59
-2.557423,-3.669433,2023-01-01T03:49:00
-2.557423,-3.669433,2023-01-01T03:49:01
-2.557423,-3.558238,2023-01-01T03:49:02
-2.557423,-3.558238,2023-01-01T03:49:03
-2.557423,-3.558238,2023-01-01T03:49:04
-2.557423,-3.558238,2023-01-01T03:49:05
-2.557423,-3.558238,2023-01-01T03:49:06
-2.557423,-3.558238,2023-01-01T03:49:07
-2.557423,-3.558238,2023-01-01T03:49:08
-2.557423,-3.558238,2023-01-01T03:49:09
-2.557423,-3.558238,2023-01-01T03:49:10
-2.557423,-3.558238,2023-01-01T03:49:11
-2.557423,-3.558238,2023-01-01T03:49:12
-2.557423,-3.558238,2023-01-01T03:49:13
-2.557423,-3.558238,2023-01-01T03:49:14
-2.557423,-3.558238,2023-01-01T03:49:15
-2.557423,-3.558238,2023-01-01T03:49:16
-2.557423,-3.558238,2023-01-01T03:49:17
-2.557423,-3.558238,2023-01-01T03:49:18
-2.557423,-3.558238,2023-01-01T03:49:19
-2.557423,-3.558238,2023-01-01T03:49:20
-2.557423,-3.558238,2023-01-01T03:49:21
-2.557423,-3.558238,2023-01-01T03:49:22
-2.557423,-3.558238,2023-01-01T03:49:23
-2.557423,-3.558238,2023-01-01T03:49:24
-2.557423,-3.558238,2023-01-01T03:49:25
-2.557423,-3.558238,2023-01-01T03:49:26
-2.557423,-3.558238,2023-01-01T03:49:27
-2.557423,-3.558238,2023-01-01T03:49:28
-2.557423,-3.558238,2023-01-01T03:49:29
-2.557423,-3.558238,2023-01-01T03:49:30
-2.557423,-3.558238,2023-01-01T03:49:31
-2.557423,-3.558238,2023-01-01T03:49:32
-2.557423,-3.558238,2023-01-01T03:49:33
-2.557423,-3.558238,2023-01-01T03:49:34
-2.557423,-3.558238,2023-01-01T03:49:35
-2.557423,-3.558238,2023-01-01T03:49:36
-2.557423,-3.558238,2023-01-01T03:49:37
-2.557423,-3.558238,2023-01-01T03:49:38
-2.557423,-3.558238,2023-01-01T03:49:39
-2.557423,-3.558238,2023-01-01T03:49:40
-2.557423,-3.558238,2023-01-01T03:49:41
-2.557423,-3.558238,2023-01-01T03:49:42
-2.557423,-3.558238,2023-01-01T03:49:43
-2.557423,-3.558238,2023-01-01T03:49:44
-2.557423,-3.558238,2023-01-01T03:49:45
-2.557423,-3.558238,2023-01-01T03:49:46
-2.557423,-3.558238,2023-01-01T03:49:47
-2.557423,-3.558238,2023-01-01T03:49:48
-2.557423,-3.558238,2023-01-01T03:49:49
-2.557423,-3.558238,2023-01-01T03:49:50
-2.557423,-3.558238,2023-01-01T03:49:51
-2.557423,-3.558238,2023-01-01T03:49:52
-2.557423,-3.558238,2023-01-01T03:49:53
-2.557423,-3.558238,2023-01-01T03:49:54
-2.557423,-3.558238,2023-01-01T03:49:55
-2.557423,-3.558238,2023-01-01T03:49:56
-2.557423,-3.558238,2023-01-01T03:49:57
-2.557423,-3.558238,2023-01-01T03:49:58
-2.557423,-3.558238,2023-01-01T03:49:59
-2.557423,-3.558238,2023-01-01T03:50:00
-2.557423,-3.558238,2023-01-01T03:50:01
-2.557423,-3.558238,2023-01-01T03:50:02
-2.557423,-3.558238,2023-01-01T03:50:03
-2.557423,-3.558238,2023-01-01T03:50:04
-2.557423,-3.558238,2023-01-01T03:50:05
-2.557423,-3.558238,2023-01-01T03:50:06
-2.557423,-3.558238,2023-01-01T03:50:07
-2.557423,-3.558238,2023-01-01T03:50:08
-2.557423,-3.558238,2023-01-01T03:50:09
-2.557423,-3.558238,2023-01-01T03:50:10
-2.557423,-3.558238,2023-01-01T03:50:11
-2.557423,-3.558238,2023-01-01T03:50:12
-2.557423,-3.558238,2023-01-01T03:50:13
-2.557423,-3.558238,2023-01-01T03:50:14
-2.557423,-3.558238,2023-01-01T03:50:15
-2.557423,-3.558238,2023-01-01T03:50:16
-2.557423,-3.558238,2023-01-01T03:50:17
-2.557423,-3.558238,2023-01-01T03:50:18
-2.557423,-3.558238,2023-01-01T03:50:19
-2.557423,-3.558238,2023-01-01T03:50:20
-2.557423,-3.558238,2023-01-01T03:50:21
-2.557423,-3.558238,2023-01-01T03:50:22
-2.557423,-3.558238,2023-01-01T03:50:23
-2.557423,-3.558238,2023-01-01T03:50:24
-2.557423,-3.558238,2023-01-01T03:50:25
-2.557423,-3.558238,2023-01-01T03:50:26
-2.557423,-3.558238,2023-01-01T03:50:27
-2.557423,-3.558238,2023-01-01T03:50:28
-2.557423,-3.558238,2023-01-01T03:50:29
-2.557423,-3.558238,2023-01-01T03:50:30
-2.557423,-3.558238,2023-01-01T03:50:31
-2.557423,-3.558238,2023-01-01T03:50:32
-2.557423,-3.558238,2023-01-01T03:50:33
-2.557423,-3.558238,2023-01-01T03:50:34
-2.557423,-3.558238,2023-01-01T03:50:35
-2.557423,-3.558238,2023-01-01T03:50:36
-2.557423,-3.558238,2023-01-01T03:50:37
-2.557423,-3.558238,2023-01-01T03:50:38
-2.557423,-3.558238,2023-01-01T03:50:39
-2.557423,-3.558238,2023-01-01T03:50:40
-2.557423,-3.447043,2023-01-01T03:50:41
-2.557423,-3.447043,2023-01-01T03:50:42
-2.557423,-3.447043,2023-01-01T03:50:43
-2.557423,-3.447043,2023-01-01T03:50:44
-2.557423,-3.447043,2023-01-01T03:50:45
-2.557423,-3.447043,2023-01-01T03:50:46
-2.557423,-3.447043,2023-01-01T03:50:47
-2.557423,-3.447043,2023-01-01T03:50:48
-2.557423,-3.447043,2023-01-01T03:50:49
-2.557423,-3.447043,2023-01-01T03:50:50
-2.557423,-3.447043,2023-01-01T03:50:51
-2.557423,-3.447043,2023-01-01T03:50:52
-2.557423,-3.447043,2023-01-01T03:50:53
-2.557423,-3.447043,2023-01-01T03:50:54
-2.557423,-3.447043,2023-01-01T03:50:55
-2.557423,-3.447043,2023-01-01T03:50:56
-2.557423,-3.447043,2023-01-01T03:50:57
-2.557423,-3.447043,2023-01-01T03:50:58
-2.557423,-3.447043,2023-01-01T03:50:59
-2.557423,-3.447043,2023-01-01T03:51:00
-2.557423,-3.447043,2023-01-01T03:51:01
-2.557423,-3.447043,2023-01-01T03:51:02
-2.557423,-3.447043,2023-01-01T03:51:03
-2.557423,-3.447043,2023-01-01T03:51:04
-2.557423,-3.447043,2023-01-01T03:51:05
-2.557423,-3.447043,2023-01-01T03:51:06
-2.557423,-3.447043,2023-01-01T03:51:07
-2.557423,-3.447043,2023-01-01T03:51:08
-2.557423,-3.447043,2023-01-01T03:51:09
-2.557423,-3.447043,2023-01-01T03:51:10
-2.557423,-3.447043,2023-01-01T03:51:11
-2.557423,-3.447043,2023-01-01T03:51:12
-2.557423,-3.447043,2023-01-01T03:51:13
-2.557423,-3.447043,2023-01-01T03:51:14
-2.557423,-3.447043,2023-01-01T03:51:15
-2.557423,-3.447043,2023-01-01T03:51:16
-2.557423,-3.447043,2023-01-01T03:51:17
-2.557423,-3.447043,2023-01-01T03:51:18
-2.557423,-3.447043,2023-01-01T03:51:19
-2.557423,-3.447043,2023-01-01T03:51:20
-2.557423,-3.447043,2023-01-01T03:51:21
-2.557423,-3.447043,2023-01-01T03:51:22
-2.557423,-3.447043,2023-01-01T03:51:23
-2.557423,-3.335848,2023-01-01T03:51:24
-2.557423,-3.335848,2023-01-01T03:51:25
-2.557423,-3.335848,2023-01-01T03:51:26
-2.557423,-3.335848,2023-01-01T03:51:27
-2.557423,-3.335848,2023-01-01T03:51:28
-2.557423,-3.335848,2023-01-01T03:51:29
-2.557423,-3.335848,2023-01-01T03:51:30
-2.557423,-3.335848,2023-01-01T03:51:31
-2.557423,-3.335848,2023-01-01T03:51:32
-2.557423,-3.335848,2023-01-01T03:51:33
-2.557423,-3.335848,2023-01-01T03:51:34
-2.557423,-3.335848,2023-01-01T03:51:35
-2.668615,-3.335848,2023-01-01T03:51:36
-2.668615,-3.335848,2023-01-01T03:51:37
-2.668615,-3.335848,2023-01-01T03:51:38
-2.668615,-3.335848,2023-01-01T03:51:39
-2.668615,-3.335848,2023-01-01T03:51:40
-2.668615,-3.335848,2023-01-01T03:51:41
-2.668615,-3.335848,2023-01-01T03:51:42
-2.668615,-3.335848,2023-01-01T03:51:43
-2.668615,-3.335848,2023-01-01T03:51:44
-2.668615,-3.335848,2023-01-01T03:51:45
-2.668615,-3.335848,2023-01-01T03:51:46
-2.668615,-3.335848,2023-01-01T03:51:47
-2.668615,-3.335848,2023-01-01T03:51:48
-2.668615,-3.335848,2023-01-01T03:51:49
-2.668615,-3.335848,2023-01-01T03:51:50
-2.668615,-3.335848,2023-01-01T03:51:51
-2.668615,-3.335848,2023-01-01T03:51:52
-2.668615,-3.335848,2023-01-01T03:51:53
-2.668615,-3.335848,2023-01-01T03:51:54
-2.668615,-3.335848,2023-01-01T03:51:55
-2.668615,-3.335848,2023-01-01T03:51:56
-2.668615,-3.335848,2023-01-01T03:51:57
-2.668615,-3.335848,2023-01-01T03:51:58
-2.668615,-3.335848,2023-01-01T03:51:59
-2.668615,-3.335848,2023-01-01T03:52:00
-2.668615,-3.335848,2023-01-01T03:52:01
-2.668615,-3.335848,2023-01-01T03:52:02
-2.668615,-3.335848,2023-01-01T03:52:03
-2.668615,-3.335848,2023-01-01T03:52:04
-2.668615,-3.335848,2023-01-01T03:52:05
-2.779807,-3.335848,2023-01-01T03:52:06
-2.779807,-3.335848,2023-01-01T03:52:07
-2.779807,-3.335848,2023-01-01T03:52:08
-2.779807,-3.335848,2023-01-01T03:52:09
-2.779807,-3.335848,2023-01-01T03:52:10
-2.779807,-3.335848,2023-01-01T03:52:11
-2.779807,-3.335848,2023-01-01T03:52:12
-2.779807,-3.335848,2023-01-01T03:52:13
-2.779807,-3.335848,2023-01-01T03:52:14
-2.779807,-3.335848,2023-01-01T03:52:15
-2.779807,-3.335848,2023-01-01T03:52:16
-2.779807,-3.335848,2023-01-01T03:52:17
-2.779807,-3.335848,2023-01-01T03:52:18
-2.779807,-3.335848,2023-01-01T03:52:19
-2.779807,-3.335848,2023-01-01T03:52:20
-2.779807,-3.335848,2023-01-01T03:52:21
-2.779807,-3.335848,2023-01-01T03:52:22
-2.779807,-3.335848,2023-01-01T03:52:23
-2.779807,-3.335848,2023-01-01T03:52:24
-2.779807,-3.335848,2023-01-01T03:52:25
-2.779807,-3.335848,2023-01-01T03:52:26
-2.779807,-3.335848,2023-01-01T03:52:27
-2.779807,-3.335848,2023-01-01T03:52:28
-2.779807,-3.335848,2023-01-01T03:52:29
-2.779807,-3.335848,2023-01-01T03:52:30
-2.779807,-3.335848,2023-01-01T03:52:31
-2.779807,-3.335848,2023-01-01T03:52:32
-2.779807,-3.335848,2023-01-01T03:52:33
-2.779807,-3.335848,2023-01-01T03:52:34
-2.779807,-3.335848,2023-01-01T03:52:35
-2.779807,-3.335848,2023-01-01T03:52:36
-2.779807,-3.335848,2023-01-01T03:52:37
-2.890999,-3.335848,2023-01-01T03:52:38
-2.890999,-3.335848,2023-01-01T03:52:39
-2.890999,-3.335848,2023-01-01T03:52:40
-2.890999,-3.335848,2023-01-01T03:52:41
-2.890999,-3.335848,2023-01-01T03:52:42
-2.890999,-3.335848,2023-01-01T03:52:43
-2.890999,-3.335848,2023-01-01T03:52:44
-2.890999,-3.335848,2023-01-01T03:52:45
-2.890999,-3.335848,2023-01-01T03:52:46
-2.890999,-3.335848,2023-01-01T03:52:47
-2.890999,-3.335848,2023-01-01T03:52:48
-2.890999,-3.335848,2023-01-01T03:52:49
-2.890999,-3.335848,2023-01-01T03:52:50
-2.890999,-3.335848,2023-01-01T03:52:51
-2.890999,-3.335848,2023-01-01T03:52:52
-2.890999,-3.335848,2023-01-01T03:52:53
-2.890999,-3.335848,2023-01-01T03:52:54
-2.890999,-3.335848,2023-01-01T03:52:55
-2.890999,-3.335848,2023-01-01T03:52:56
-2.890999,-3.335848,2023-01-01T03:52:57
-2.890999,-3.335848,2023-01-01T03:52:58
-2.890999,-3.335848,2023-01-01T03:52:59
-2.890999,-3.335848,2023-01-01T03:53:00
-2.890999,-3.335848,2023-01-01T03:53:01
-2.890999,-3.335848,2023-01-01T03:53:02
-2.890999,-3.335848,2023-01-01T03:53:03
-2.890999,-3.335848,2023-01-01T03:53:04
-2.890999,-3.335848,2023-01-01T03:53:05
-2.890999,-3.335848,2023-01-01T03:53:06
-2.890999,-3.335848,2023-01-01T03:53:07
-2.890999,-3.335848,2023-01-01T03:53:08
-2.890999,-3.335848,2023-01-01T03:53:09
-2.890999,-3.335848,2023-01-01T03:53:10
-2.890999,-3.335848,2023-01-01T03:53:11
-2.890999,-3.335848,2023-01-01T03:53:12
-2.890999,-3.335848,2023-01-01T03:53:13
-2.890999,-3.335848,2023-01-01T03:53:14
-2.890999,-3.335848,2023-01-01T03:53:15
-2.890999,-3.335848,2023-01-01T03:53:16
-2.890999,-3.335848,2023-01-01T03:53:17
-2.890999,-3.335848,2023-01-01T03:53:18
-2.890999,-3.335848,2023-01-01T03:53:19
-2.890999,-3.335848,2023-01-01T03:53:20
-2.890999,-3.335848,2023-01-01T03:53:21
-2.890999,-3.335848,2023-01-01T03:53:22
-2.890999,-3.335848,2023-01-01T03:53:23
-2.890999,-3.335848,2023-01-01T03:53:24
-2.890999,-3.335848,2023-01-01T03:53:25
-2.890999,-3.335848,2023-01-01T03:53:26
-2.890999,-3.335848,2023-01-01T03:53:27
-2.890999,-3.335848,2023-01-01T03:53:28
-2.890999,-3.335848,2023-01-01T03:53:29
-2.890999,-3.335848,2023-01-01T03:53:30
-2.890999,-3.335848,2023-01-01T03:53:31
-2.890999,-3.335848,2023-01-01T03:53:32
-2.890999,-3.335848,2023-01-01T03:53:33
-2.890999,-3.335848,2023-01-01T03:53:34
-2.890999,-3.335848,2023-01-01T03:53:35
-2.890999,-3.335848,2023-01-01T03:53:36
-2.890999,-3.335848,2023-01-01T03:53:37
-2.890999,-3.335848,2023-01-01T03:53:38
-2.890999,-3.335848,2023-01-01T03:53:39
-2.890999,-3.335848,2023-01-01T03:53:40
-2.890999,-3.335848,2023-01-01T03:53:41
-2.890999,-3.335848,2023-01-01T03:53:42
-2.890999,-3.335848,2023-01-01T03:53:43
-2.890999,-3.335848,2023-01-01T03:53:44
-3.002192,-3.335848,2023-01-01T03:53:45
-3.002192,-3.335848,2023-01-01T03:53:46
-3.002192,-3.335848,2023-01-01T03:53:47
-3.002192,-3.335848,2023-01-01T03:53:48
-3.002192,-3.335848,2023-01-01T03:53:49
-3.002192,-3.335848,2023-01-01T03:53:50
-3.002192,-3.335848,2023-01-01T03:53:51
-3.002192,-3.335848,2023-01-01T03:53:52
-3.002192,-3.335848,2023-01-01T03:53:53
-3.002192,-3.335848,2023-01-01T03:53:54
-3.002192,-3.335848,2023-01-01T03:53:55
-3.002192,-3.335848,2023-01-01T03:53:56
-3.002192,-3.335848,2023-01-01T03:53:57
-3.002192,-3.335848,2023-01-01T03:53:58
-3.002192,-3.335848,2023-01-01T03:53:59
-3.002192,-3.335848,2023-01-01T03:54:00
-3.002192,-3.335848,2023-01-01T03:54:01
-3.002192,-3.335848,2023-01-01T03:54:02
-3.002192,-3.335848,2023-01-01T03:54:03
-3.002192,-3.335848,2023-01-01T03:54:04
-3.002192,-3.335848,2023-01-01T03:54:05
-3.002192,-3.335848,2023-01-01T03:54:06
-3.002192,-3.335848,2023-01-01T03:54:07
-3.002192,-3.335848,2023-01-01T03:54:08
-3.002192,-3.335848,2023-01-01T03:54:09
-3.002192,-3.335848,2023-01-01T03:54:10
-3.002192,-3.335848,2023-01-01T03:54:11
-3.002192,-3.335848,2023-01-01T03:54:12
-3.002192,-3.335848,2023-01-01T03:54:13
-3.002192,-3.335848,2023-01-01T03:54:14
-3.002192,-3.335848,2023-01-01T03:54:15
-3.002192,-3.335848,2023-01-01T03:54:16
-3.002192,-3.335848,2023-01-01T03:54:17
-3.002192,-3.335848,2023-01-01T03:54:18
-3.002192,-3.335848,2023-01-01T03:54:19
-3.002192,-3.335848,2023-01-01T03:54:20
-3.002192,-3.335848,2023-01-01T03:54:21
-3.002192,-3.335848,2023-01-01T03:54:22
-3.002192,-3.335848,2023-01-01T03:54:23
-3.002192,-3.335848,2023-01-01T03:54:24
-3.002192,-3.335848,2023-01-01T03:54:25
-3.002192,-3.335848,2023-01-01T03:54:26
-3.002192,-3.335848,2023-01-01T03:54:27
-3.002192,-3.335848,2023-01-01T03:54:28
-3.002192,-3.335848,2023-01-01T03:54:29
-3.002192,-3.447043,2023-01-01T03:54:30
-3.002192,-3.447043,2023-01-01T03:54:31
-3.002192,-3.447043,2023-01-01T03:54:32
-3.002192,-3.447043,2023-01-01T03:54:33
-3.002192,-3.447043,2023-01-01T03:54:34
-3.002192,-3.447043,2023-01-01T03:54:35
-3.002192,-3.447043,2023-01-01T03:54:36
-3.002192,-3.447043,2023-01-01T03:54:37
-3.002192,-3.447043,2023-01-01T03:54:38
-3.002192,-3.447043,2023-01-01T03:54:39
-3.002192,-3.447043,2023-01-01T03:54:40
-3.002192,-3.447043,2023-01-01T03:54:41
-3.002192,-3.447043,2023-01-01T03:54:42
-3.002192,-3.447043,2023-01-01T03:54:43
-3.002192,-3.447043,2023-01-01T03:54:44
-3.002192,-3.447043,2023-01-01T03:54:45
-3.002192,-3.447043,2023-01-01T03:54:46
-3.002192,-3.447043,2023-01-01T03:54:47
-3.002192,-3.447043,2023-01-01T03:54:48
-3.002192,-3.447043,2023-01-01T03:54:49
-3.002192,-3.447043,2023-01-01T03:54:50
-3.002192,-3.447043,2023-01-01T03:54:51
-3.002192,-3.447043,2023-01-01T03:54:52
-3.002192,-3.447043,2023-01-01T03:54:53
-3.002192,-3.447043,2023-01-01T03:54:54
-3.002192,-3.447043,2023-01-01T03:54:55
-3.002192,-3.447043,2023-01-01T03:54:56
-3.002192,-3.447043,2023-01-01T03:54:57
-3.002192,-3.447043,2023-01-01T03:54:58
-3.002192,-3.447043,2023-01-01T03:54:59
-3.002192,-3.447043,2023-01-01T03:55:00
-3.002192,-3.447043,2023-01-01T03:55:01
-3.002192,-3.447043,2023-01-01T03:55:02
-3.002192,-3.447043,2023-01-01T03:55:03
-3.002192,-3.447043,2023-01-01T03:55:04
-3.002192,-3.447043,2023-01-01T03:55:05
-3.002192,-3.447043,2023-01-01T03:55:06
-3.002192,-3.447043,2023-01-01T03:55:07
-3.002192,-3.447043,2023-01-01T03:55:08
-3.002192,-3.447043,2023-01-01T03:55:09
-3.002192,-3.447043,2023-01-01T03:55:10
-3.002192,-3.447043,2023-01-01T03:55:11
-3.002192,-3.447043,2023-01-01T03:55:12
-3.002192,-3.447043,2023-01-01T03:55:13
-3.002192,-3.447043,2023-01-01T03:55:14
-3.002192,-3.447043,2023-01-01T03:55:15
-3.002192,-3.447043,2023-01-01T03:55:16
-3.002192,-3.447043,2023-01-01T03:55:17
-3.002192,-3.447043,2023-01-01T03:55:18
-3.002192,-3.447043,2023-01-01T03:55:19
-3.002192,-3.447043,2023-01-01T03:55:20
-3.002192,-3.447043,2023-01-01T03:55:21
-3.002192,-3.447043,2023-01-01T03:55:22
-3.002192,-3.447043,2023-01-01T03:55:23
-3.002192,-3.447043,2023-01-01T03:55:24
-3.002192,-3.447043,2023-01-01T03:55:25
-3.002192,-3.447043,2023-01-01T03:55:26
-3.002192,-3.447043,2023-01-01T03:55:27
-3.002192,-3.447043,2023-01-01T03:55:28
-3.113384,-3.447043,2023-01-01T03:55:29
-3.113384,-3.447043,2023-01-01T03:55:30
-3.113384,-3.447043,2023-01-01T03:55:31
-3.113384,-3.447043,2023-01-01T03:55:32
-3.113384,-3.447043,2023-01-01T03:55:33
-3.113384,-3.447043,2023-01-01T03:55:34
-3.113384,-3.447043,2023-01-01T03:55:35
-3.113384,-3.447043,2023-01-01T03:55:36
-3.113384,-3.447043,2023-01-01T03:55:37
-3.113384,-3.447043,2023-01-01T03:55:38
-3.113384,-3.447043,2023-01-01T03:55:39
-3.113384,-3.447043,2023-01-01T03:55:40
-3.113384,-3.447043,2023-01-01T03:55:41
-3.113384,-3.447043,2023-01-01T03:55:42
-3.113384,-3.447043,2023-01-01T03:55:43
-3.113384,-3.447043,2023-01-01T03:55:44
-3.113384,-3.447043,2023-01-01T03:55:45
-3.113384,-3.447043,2023-01-01T03:55:46
-3.113384,-3.447043,2023-01-01T03:55:47
-3.113384,-3.447043,2023-01-01T03:55:48
-3.113384,-3.447043,2023-01-01T03:55:49
-3.113384,-3.447043,2023-01-01T03:55:50
-3.113384,-3.447043,2023-01-01T03:55:51
-3.113384,-3.447043,2023-01-01T03:55:52
-3.113384,-3.447043,2023-01-01T03:55:53
-3.113384,-3.447043,2023-01-01T03:55:54
-3.113384,-3.447043,2023-01-01T03:55:55
-3.113384,-3.447043,2023-01-01T03:55:56
-3.113384,-3.447043,2023-01-01T03:55:57
-3.113384,-3.447043,2023-01-01T03:55:58
-3.113384,-3.447043,2023-01-01T03:55:59
-3.113384,-3.447043,2023-01-01T03:56:00
-3.113384,-3.558238,2023-01-01T03:56:01
-3.113384,-3.558238,2023-01-01T03:56:02
-3.113384,-3.558238,2023-01-01T03:56:03
-3.113384,-3.558238,2023-01-01T03:56:04
-3.113384,-3.558238,2023-01-01T03:56:05
-3.113384,-3.558238,2023-01-01T03:56:06
-3.113384,-3.558238,2023-01-01T03:56:07
-3.113384,-3.558238,2023-01-01T03:56:08
-3.113384,-3.558238,2023-01-01T03:56:09
-3.113384,-3.558238,2023-01-01T03:56:10
-3.113384,-3.558238,2023-01-01T03:56:11
-3.113384,-3.558238,2023-01-01T03:56:12
-3.113384,-3.558238,2023-01-01T03:56:13
-3.113384,-3.558238,2023-01-01T03:56:14
-3.113384,-3.558238,2023-01-01T03:56:15
-3.113384,-3.558238,2023-01-01T03:56:16
-3.113384,-3.558238,2023-01-01T03:56:17
-3.113384,-3.558238,2023-01-01T03:56:18
-3.113384,-3.558238,2023-01-01T03:56:19
-3.113384,-3.558238,2023-01-01T03:56:20
-3.113384,-3.558238,2023-01-01T03:56:21
-3.113384,-3.558238,2023-01-01T03:56:22
-3.113384,-3.558238,2023-01-01T03:56:23
-3.113384,-3.558238,2023-01-01T03:56:24
-3.113384,-3.558238,2023-01-01T03:56:25
-3.113384,-3.558238,2023-01-01T03:56:26
-3.113384,-3.558238,2023-01-01T03:56:27
-3.113384,-3.558238,2023-01-01T03:56:28
-3.113384,-3.558238,2023-01-01T03:56:29
-3.113384,-3.558238,2023-01-01T03:56:30
-3.113384,-3.558238,2023-01-01T03:56:31
-3.113384,-3.558238,2023-01-01T03:56:32
-3.113384,-3.558238,2023-01-01T03:56:33
-3.113384,-3.558238,2023-01-01T03:56:34
-3.113384,-3.558238,2023-01-01T03:56:35
-3.113384,-3.558238,2023-01-01T03:56:36
-3.113384,-3.558238,2023-01-01T03:56:37
-3.113384,-3.558238,2023-01-01T03:56:38
-3.113384,-3.558238,2023-01-01T03:56:39
-3.113384,-3.558238,2023-01-01T03:56:40
-3.113384,-3.558238,2023-01-01T03:56:41
-3.113384,-3.558238,2023-01-01T03:56:42
-3.113384,-3.558238,2023-01-01T03:56:43
-3.113384,-3.558238,2023-01-01T03:56:44
-3.113384,-3.558238,2023-01-01T03:56:45
-3.113384,-3.558238,2023-01-01T03:56:46
-3.113384,-3.558238,2023-01-01T03:56:47
-3.113384,-3.558238,2023-01-01T03:56:48
-3.113384,-3.558238,2023-01-01T03:56:49
-3.113384,-3.558238,2023-01-01T03:56:50
-3.113384,-3.558238,2023-01-01T03:56:51
-3.113384,-3.558238,2023-01-01T03:56:52
-3.113384,-3.558238,2023-01-01T03:56:53
-3.113384,-3.558238,2023-01-01T03:56:54
-3.113384,-3.558238,2023-01-01T03:56:55
-3.113384,-3.558238,2023-01-01T03:56:56
-3.113384,-3.558238,2023-01-01T03:56:57
-3.113384,-3.558238,2023-01-01T03:56:58
-3.113384,-3.558238,2023-01-01T03:56:59
-3.113384,-3.558238,2023-01-01T03:57:00
-3.113384,-3.558238,2023-01-01T03:57:01
-3.113384,-3.558238,2023-01-01T03:57:02
-3.113384,-3.558238,2023-01-01T03:57:03
-3.113384,-3.558238,2023-01-01T03:57:04
-3.113384,-3.558238,2023-01-01T03:57:05
-3.113384,-3.558238,2023-01-01T03:57:06
-3.113384,-3.558238,2023-01-01T03:57:07
-3.113384,-3.558238,2023-01-01T03:57:08
-3.113384,-3.558238,2023-01-01T03:57:09
-3.113384,-3.558238,2023-01-01T03:57:10
-3.113384,-3.558238,2023-01-01T03:57:11
-3.113384,-3.558238,2023-01-01T03:57:12
-3.113384,-3.558238,2023-01-01T03:57:13
-3.113384,-3.558238,2023-01-01T03:57:14
-3.113384,-3.558238,2023-01-01T03:57:15
-3.113384,-3.558238,2023-01-01T03:57:16
-3.113384,-3.558238,2023-01-01T03:57:17
-3.113384,-3.558238,2023-01-01T03:57:18
-3.113384,-3.558238,2023-01-01T03:57:19
-3.113384,-3.558238,2023-01-01T03:57:20
-3.113384,-3.558238,2023-01-01T03:57:21
-3.113384,-3.558238,2023-01-01T03:57:22
-3.113384,-3.558238,2023-01-01T03:57:23
-3.113384,-3.558238,2023-01-01T03:57:24
-3.113384,-3.558238,2023-01-01T03:57:25
-3.113384,-3.558238,2023-01-01T03:57:26
-3.113384,-3.558238,2023-01-01T03:57:27
-3.113384,-3.558238,2023-01-01T03:57:28
-3.113384,-3.558238,2023-01-01T03:57:29
-3.113384,-3.558238,2023-01-01T03:57:30
-3.113384,-3.558238,2023-01-01T03:57:31
-3.113384,-3.558238,2023-01-01T03:57:32
-3.113384,-3.558238,2023-01-01T03:57:33
-3.113384,-3.558238,2023-01-01T03:57:34
-3.113384,-3.558238,2023-01-01T03:57:35
-3.113384,-3.558238,2023-01-01T03:57:36
-3.113384,-3.558238,2023-01-01T03:57:37
-3.113384,-3.558238,2023-01-01T03:57:38
-3.113384,-3.558238,2023-01-01T03:57:39
-3.113384,-3.558238,2023-01-01T03:57:40
-3.113384,-3.558238,2023-01-01T03:57:41
-3.113384,-3.558238,2023-01-01T03:57:42
-3.113384,-3.558238,2023-01-01T03:57:43
-3.113384,-3.558238,2023-01-01T03:57:44
-3.113384,-3.558238,2023-01-01T03:57:45
-3.113384,-3.558238,2023-01-01T03:57:46
-3.113384,-3.558238,2023-01-01T03:57:47
-3.113384,-3.558238,2023-01-01T03:57:48
-3.113384,-3.558238,2023-01-01T03:57:49
-3.113384,-3.558238,2023-01-01T03:57:50
-3.113384,-3.558238,2023-01-01T03:57:51
-3.113384,-3.558238,2023-01-01T03:57:52
-3.113384,-3.558238,2023-01-01T03:57:53
-3.113384,-3.558238,2023-01-01T03:57:54
-3.113384,-3.558238,2023-01-01T03:57:55
-3.113384,-3.558238,2023-01-01T03:57:56
-3.113384,-3.558238,2023-01-01T03:57:57
-3.113384,-3.558238,2023-01-01T03:57:58
-3.113384,-3.558238,2023-01-01T03:57:59
-3.113384,-3.558238,2023-01-01T03:58:00
-3.113384,-3.558238,2023-01-01T03:58:01
-3.113384,-3.558238,2023-01-01T03:58:02
-3.113384,-3.558238,2023-01-01T03:58:03
-3.113384,-3.558238,2023-01-01T03:58:04
-3.113384,-3.558238,2023-01-01T03:58:05
-3.113384,-3.558238,2023-01-01T03:58:06
-3.113384,-3.558238,2023-01-01T03:58:07
-3.113384,-3.558238,2023-01-01T03:58:08
-3.113384,-3.558238,2023-01-01T03:58:09
-3.113384,-3.558238,2023-01-01T03:58:10
-3.113384,-3.558238,2023-01-01T03:58:11
-3.113384,-3.558238,2023-01-01T03:58:12
-3.113384,-3.558238,2023-01-01T03:58:13
-3.113384,-3.558238,2023-01-01T03:58:14
-3.113384,-3.558238,2023-01-01T03:58:15
-3.113384,-3.558238,2023-01-01T03:58:16
-3.113384,-3.558238,2023-01-01T03:58:17
-3.113384,-3.558238,2023-01-01T03:58:18
-3.113384,-3.558238,2023-01-01T03:58:19
-3.113384,-3.558238,2023-01-01T03:58:20
-3.113384,-3.558238,2023-01-01T03:58:21
-3.113384,-3.558238,2023-01-01T03:58:22
-3.113384,-3.558238,2023-01-01T03:58:23
-3.113384,-3.558238,2023-01-01T03:58:24
-3.113384,-3.558238,2023-01-01T03:58:25
-3.113384,-3.558238,2023-01-01T03:58:26
-3.113384,-3.558238,2023-01-01T03:58:27
-3.113384,-3.558238,2023-01-01T03:58:28
-3.113384,-3.558238,2023-01-01T03:58:29
-3.113384,-3.558238,2023-01-01T03:58:30
-3.113384,-3.558238,2023-01-01T03:58:31
-3.113384,-3.558238,2023-01-01T03:58:32
-3.113384,-3.558238,2023-01-01T03:58:33
-3.113384,-3.558238,2023-01-01T03:58:34
-3.113384,-3.558238,2023-01-01T03:58:35
-3.113384,-3.558238,2023-01-01T03:58:36
-3.113384,-3.558238,2023-01-01T03:58:37
-3.113384,-3.558238,2023-01-01T03:58:38
-3.113384,-3.558238,2023-01-01T03:58:39
-3.113384,-3.558238,2023-01-01T03:58:40
-3.113384,-3.558238,2023-01-01T03:58:41
-3.113384,-3.558238,2023-01-01T03:58:42
-3.113384,-3.558238,2023-01-01T03:58:43
-3.113384,-3.558238,2023-01-01T03:58:44
-3.113384,-3.558238,2023-01-01T03:58:45
-3.113384,-3.558238,2023-01-01T03:58:46
-3.113384,-3.558238,2023-01-01T03:58:47
-3.113384,-3.558238,2023-01-01T03:58:48
-3.113384,-3.558238,2023-01-01T03:58:49
-3.113384,-3.558238,2023-01-01T03:58:50
-3.113384,-3.558238,2023-01-01T03:58:51
-3.113384,-3.558238,2023-01-01T03:58:52
-3.113384,-3.558238,2023-01-01T03:58:53
-3.113384,-3.558238,2023-01-01T03:58:54
-3.113384,-3.558238,2023-01-01T03:58:55
-3.113384,-3.558238,2023-01-01T03:58:56
-3.113384,-3.558238,2023-01-01T03:58:57
-3.113384,-3.558238,2023-01-01T03:58:58
-3.113384,-3.558238,2023-01-01T03:58:59
-3.113384,-3.558238,2023-01-01T03:59:00
-3.113384,-3.558238,2023-01-01T03:59:01
-3.113384,-3.558238,2023-01-01T03:59:02
-3.113384,-3.558238,2023-01-01T03:59:03
-3.113384,-3.558238,2023-01-01T03:59:04
-3.113384,-3.558238,2023-01-01T03:59:05
-3.113384,-3.558238,2023-01-01T03:59:06
-3.113384,-3.558238,2023-01-01T03:59:07
-3.113384,-3.558238,2023-01-01T03:59:08
-3.113384,-3.558238,2023-01-01T03:59:09
-3.113384,-3.558238,2023-01-01T03:59:10
-3.113384,-3.558238,2023-01-01T03:59:11
-3.113384,-3.558238,2023-01-01T03:59:12
-3.113384,-3.558238,2023-01-01T03:59:13
-3.113384,-3.558238,2023-01-01T03:59:14
-3.113384,-3.558238,2023-01-01T03:59:15
-3.113384,-3.558238,2023-01-01T03:59:16
-3.113384,-3.558238,2023-01-01T03:59:17
-3.113384,-3.558238,2023-01-01T03:59:18
-3.113384,-3.558238,2023-01-01T03:59:19
-3.113384,-3.558238,2023-01-01T03:59:20
-3.113384,-3.558238,2023-01-01T03:59:21
-3.113384,-3.558238,2023-01-01T03:59:22
-3.113384,-3.558238,2023-01-01T03:59:23
-3.113384,-3.558238,2023-01-01T03:59:24
-3.113384,-3.558238,2023-01-01T03:59:25
-3.113384,-3.558238,2023-01-01T03:59:26
-3.113384,-3.558238,2023-01-01T03:59:27
-3.113384,-3.558238,2023-01-01T03:59:28
-3.113384,-3.558238,2023-01-01T03:59:29
-3.113384,-3.558238,2023-01-01T03:59:30
-3.113384,-3.558238,2023-01-01T03:59:31
-3.113384,-3.558238,2023-01-01T03:59:32
-3.113384,-3.558238,2023-01-01T03:59:33
-3.113384,-3.558238,2023-01-01T03:59:34
-3.113384,-3.558238,2023-01-01T03:59:35
-3.113384,-3.558238,2023-01-01T03:59:36
-3.113384,-3.558238,2023-01-01T03:59:37
-3.113384,-3.558238,2023-01-01T03:59:38
-3.113384,-3.558238,2023-01-01T03:59:39
-3.113384,-3.558238,2023-01-01T03:59:40
-3.113384,-3.558238,2023-01-01T03:59:41
-3.113384,-3.558238,2023-01-01T03:59:42
-3.113384,-3.558238,2023-01-01T03:59:43
-3.113384,-3.558238,2023-01-01T03:59:44
-3.113384,-3.558238,2023-01-01T03:59:45
-3.113384,-3.558238,2023-01-01T03:59:46
-3.113384,-3.558238,2023-01-01T03:59:47
-3.113384,-3.558238,2023-01-01T03:59:48
-3.113384,-3.558238,2023-01-01T03:59:49
-3.113384,-3.558238,2023-01-01T03:59:50
-3.113384,-3.558238,2023-01-01T03:59:51
-3.113384,-3.558238,2023-01-01T03:59:52
-3.113384,-3.558238,2023-01-01T03:59:53
-3.002192,-3.558238,2023-01-01T03:59:54
-3.002192,-3.558238,2023-01-01T03:59:55
-3.002192,-3.558238,2023-01-01T03:59:56
-3.002192,-3.558238,2023-01-01T03:59:57
-3.002192,-3.558238,2023-01-01T03:59:58
-3.002192,-3.558238,2023-01-01T03:59:59
-3.002192,-3.558238,2023-01-01T04:00:00
-3.002192,-3.558238,2023-01-01T04:00:01
-3.002192,-3.558238,2023-01-01T04:00:02
-3.002192,-3.558238,2023-01-01T04:00:03
-3.002192,-3.558238,2023-01-01T04:00:04
-3.002192,-3.558238,2023-01-01T04:00:05
-3.002192,-3.558238,2023-01-01T04:00:06
-3.002192,-3.558238,2023-01-01T04:00:07
-3.002192,-3.558238,2023-01-01T04:00:08
-3.002192,-3.558238,2023-01-01T04:00:09
-3.002192,-3.558238,2023-01-01T04:00:10
-3.002192,-3.558238,2023-01-01T04:00:11
-3.002192,-3.558238,2023-01-01T04:00:12
-3.002192,-3.558238,2023-01-01T04:00:13
-3.002192,-3.558238,2023-01-01T04:00:14
-3.002192,-3.558238,2023-01-01T04:00:15
-3.002192,-3.558238,2023-01-01T04:00:16
-3.002192,-3.558238,2023-01-01T04:00:17
-3.002192,-3.558238,2023-01-01T04:00:18
-3.002192,-3.558238,2023-01-01T04:00:19
-3.002192,-3.558238,2023-01-01T04:00:20
-3.002192,-3.558238,2023-01-01T04:00:21
-3.002192,-3.558238,2023-01-01T04:00:22
-3.002192,-3.558238,2023-01-01T04:00:23
-3.002192,-3.558238,2023-01-01T04:00:24
-3.002192,-3.558238,2023-01-01T04:00:25
-3.002192,-3.558238,2023-01-01T04:00:26
-3.002192,-3.558238,2023-01-01T04:00:27
-3.002192,-3.558238,2023-01-01T04:00:28
-3.002192,-3.558238,2023-01-01T04:00:29
-3.002192,-3.558238,2023-01-01T04:00:30
-3.002192,-3.558238,2023-01-01T04:00:31
-3.002192,-3.558238,2023-01-01T04:00:32
-3.002192,-3.558238,2023-01-01T04:00:33
-3.002192,-3.558238,2023-01-01T04:00:34
-3.002192,-3.558238,2023-01-01T04:00:35
-3.002192,-3.558238,2023-01-01T04:00:36
-3.002192,-3.558238,2023-01-01T04:00:37
-3.002192,-3.669433,2023-01-01T04:00:38
-3.002192,-3.669433,2023-01-01T04:00:39
-3.002192,-3.669433,2023-01-01T04:00:40
-3.002192,-3.669433,2023-01-01T04:00:41
-3.002192,-3.669433,2023-01-01T04:00:42
-3.002192,-3.669433,2023-01-01T04:00:43
-3.002192,-3.669433,2023-01-01T04:00:44
-3.002192,-3.669433,2023-01-01T04:00:45
-3.002192,-3.669433,2023-01-01T04:00:46
-3.002192,-3.669433,2023-01-01T04:00:47
-3.002192,-3.669433,2023-01-01T04:00:48
-3.002192,-3.669433,2023-01-01T04:00:49
-3.002192,-3.669433,2023-01-01T04:00:50
-3.002192,-3.669433,2023-01-01T04:00:51
-3.002192,-3.780628,2023-01-01T04:00:52
-3.002192,-3.780628,2023-01-01T04:00:53
-3.002192,-3.780628,2023-01-01T04:00:54
-3.002192,-3.780628,2023-01-01T04:00:55
-3.002192,-3.780628,2023-01-01T04:00:56
-3.002192,-3.780628,2023-01-01T04:00:57
-3.002192,-3.780628,2023-01-01T04:00:58
-3.002192,-3.780628,2023-01-01T04:00:59
-3.002192,-3.780628,2023-01-01T04:01:00
-3.002192,-3.780628,2023-01-01T04:01:01
-3.002192,-3.780628,2023-01-01T04:01:02
-3.002192,-3.780628,2023-01-01T04:01:03
-3.002192,-3.780628,2023-01-01T04:01:04
-3.002192,-3.780628,2023-01-01T04:01:05
-3.002192,-3.780628,2023-01-01T04:01:06
-3.002192,-3.780628,2023-01-01T04:01:07
-3.002192,-3.780628,2023-01-01T04:01:08
-3.113384,-3.780628,2023-01-01T04:01:09
-3.113384,-3.780628,2023-01-01T04:01:10
-3.113384,-3.780628,2023-01-01T04:01:11
-3.113384,-3.780628,2023-01-01T04:01:12
-3.113384,-3.780628,2023-01-01T04:01:13
-3.113384,-3.891822,2023-01-01T04:01:14
-3.113384,-3.891822,2023-01-01T04:01:15
-3.113384,-3.891822,2023-01-01T04:01:16
-3.113384,-3.891822,2023-01-01T04:01:17
-3.113384,-3.891822,2023-01-01T04:01:18
-3.113384,-3.891822,2023-01-01T04:01:19
-3.113384,-3.891822,2023-01-01T04:01:20
-3.113384,-3.891822,2023-01-01T04:01:21
-3.113384,-3.891822,2023-01-01T04:01:22
-3.113384,-3.891822,2023-01-01T04:01:23
-3.113384,-3.891822,2023-01-01T04:01:24
-3.113384,-3.891822,2023-01-01T04:01:25
-3.113384,-3.891822,2023-01-01T04:01:26
-3.113384,-3.891822,2023-01-01T04:01:27
-3.113384,-3.891822,2023-01-01T04:01:28
-3.113384,-3.891822,2023-01-01T04:01:29
-3.113384,-3.891822,2023-01-01T04:01:30
-3.113384,-3.891822,2023-01-01T04:01:31
-3.113384,-3.891822,2023-01-01T04:01:32
-3.224576,-3.780628,2023-01-01T04:01:33
-3.224576,-3.780628,2023-01-01T04:01:34
-3.224576,-3.780628,2023-01-01T04:01:35
-3.224576,-3.780628,2023-01-01T04:01:36
-3.224576,-3.780628,2023-01-01T04:01:37
-3.224576,-3.780628,2023-01-01T04:01:38
-3.224576,-3.780628,2023-01-01T04:01:39
-3.224576,-3.780628,2023-01-01T04:01:40
-3.224576,-3.780628,2023-01-01T04:01:41
-3.224576,-3.780628,2023-01-01T04:01:42
-3.224576,-3.780628,2023-01-01T04:01:43
-3.224576,-3.780628,2023-01-01T04:01:44
-3.224576,-3.780628,2023-01-01T04:01:45
-3.224576,-3.780628,2023-01-01T04:01:46
-3.224576,-3.780628,2023-01-01T04:01:47
-3.224576,-3.780628,2023-01-01T04:01:48
-3.224576,-3.780628,2023-01-01T04:01:49
-3.224576,-3.780628,2023-01-01T04:01:50
-3.224576,-3.780628,2023-01-01T04:01:51
-3.224576,-3.780628,2023-01-01T04:01:52
-3.335769,-3.780628,2023-01-01T04:01:53
-3.335769,-3.780628,2023-01-01T04:01:54
-3.335769,-3.780628,2023-01-01T04:01:55
-3.335769,-3.780628,2023-01-01T04:01:56
-3.335769,-3.780628,2023-01-01T04:01:57
-3.335769,-3.780628,2023-01-01T04:01:58
-3.335769,-3.780628,2023-01-01T04:01:59
-3.335769,-3.780628,2023-01-01T04:02:00
-3.335769,-3.780628,2023-01-01T04:02:01
-3.335769,-3.780628,2023-01-01T04:02:02
-3.335769,-3.780628,2023-01-01T04:02:03
-3.335769,-3.780628,2023-01-01T04:02:04
-3.335769,-3.780628,2023-01-01T04:02:05
-3.335769,-3.780628,2023-01-01T04:02:06
-3.335769,-3.780628,2023-01-01T04:02:07
-3.335769,-3.780628,2023-01-01T04:02:08
-3.335769,-3.780628,2023-01-01T04:02:09
-3.335769,-3.780628,2023-01-01T04:02:10
-3.335769,-3.780628,2023-01-01T04:02:11
-3.335769,-3.780628,2023-01-01T04:02:12
-3.335769,-3.780628,2023-01-01T04:02:13
-3.335769,-3.780628,2023-01-01T04:02:14
-3.335769,-3.780628,2023-01-01T04:02:15
-3.335769,-3.780628,2023-01-01T04:02:16
-3.335769,-3.780628,2023-01-01T04:02:17
-3.335769,-3.780628,2023-01-01T04:02:18
-3.335769,-3.780628,2023-01-01T04:02:19
-3.335769,-3.780628,2023-01-01T04:02:20
-3.335769,-3.780628,2023-01-01T04:02:21
-3.335769,-3.780628,2023-01-01T04:02:22
-3.335769,-3.780628,2023-01-01T04:02:23
-3.335769,-3.780628,2023-01-01T04:02:24
-3.335769,-3.780628,2023-01-01T04:02:25
-3.335769,-3.780628,2023-01-01T04:02:26
-3.335769,-3.780628,2023-01-01T04:02:27
-3.335769,-3.780628,2023-01-01T04:02:28
-3.335769,-3.780628,2023-01-01T04:02:29
-3.335769,-3.780628,2023-01-01T04:02:30
-3.335769,-3.780628,2023-01-01T04:02:31
-3.335769,-3.780628,2023-01-01T04:02:32
-3.335769,-3.780628,2023-01-01T04:02:33
-3.335769,-3.780628,2023-01-01T04:02:34
-3.335769,-3.780628,2023-01-01T04:02:35
-3.335769,-3.780628,2023-01-01T04:02:36
-3.335769,-3.780628,2023-01-01T04:02:37
-3.335769,-3.780628,2023-01-01T04:02:38
-3.335769,-3.780628,2023-01-01T04:02:39
-3.335769,-3.780628,2023-01-01T04:02:40
-3.335769,-3.780628,2023-01-01T04:02:41
-3.335769,-3.780628,2023-01-01T04:02:42
-3.335769,-3.780628,2023-01-01T04:02:43
-3.335769,-3.780628,2023-01-01T04:02:44
-3.335769,-3.780628,2023-01-01T04:02:45
-3.335769,-3.780628,2023-01-01T04:02:46
-3.335769,-3.780628,2023-01-01T04:02:47
-3.335769,-3.780628,2023-01-01T04:02:48
-3.335769,-3.780628,2023-01-01T04:02:49
-3.335769,-3.780628,2023-01-01T04:02:50
-3.335769,-3.780628,2023-01-01T04:02:51
-3.335769,-3.780628,2023-01-01T04:02:52
-3.335769,-3.780628,2023-01-01T04:02:53
-3.335769,-3.780628,2023-01-01T04:02:54
-3.335769,-3.780628,2023-01-01T04:02:55
-3.335769,-3.780628,2023-01-01T04:02:56
-3.335769,-3.780628,2023-01-01T04:02:57
-3.335769,-3.780628,2023-01-01T04:02:58
-3.335769,-3.780628,2023-01-01T04:02:59
-3.335769,-3.780628,2023-01-01T04:03:00
-3.335769,-3.780628,2023-01-01T04:03:01
-3.335769,-3.780628,2023-01-01T04:03:02
-3.335769,-3.780628,2023-01-01T04:03:03
-3.335769,-3.780628,2023-01-01T04:03:04
-3.335769,-3.780628,2023-01-01T04:03:05
-3.335769,-3.780628,2023-01-01T04:03:06
-3.335769,-3.780628,2023-01-01T04:03:07
-3.335769,-3.780628,2023-01-01T04:03:08
-3.335769,-3.780628,2023-01-01T04:03:09
-3.335769,-3.780628,2023-01-01T04:03:10
-3.335769,-3.780628,2023-01-01T04:03:11
-3.335769,-3.780628,2023-01-01T04:03:12
-3.335769,-3.780628,2023-01-01T04:03:13
-3.335769,-3.780628,2023-01-01T04:03:14
-3.335769,-3.780628,2023-01-01T04:03:15
-3.335769,-3.780628,2023-01-01T04:03:16
-3.335769,-3.780628,2023-01-01T04:03:17
-3.335769,-3.780628,2023-01-01T04:03:18
-3.335769,-3.780628,2023-01-01T04:03:19
-3.224576,-3.780628,2023-01-01T04:03:20
-3.224576,-3.780628,2023-01-01T04:03:21
-3.224576,-3.780628,2023-01-01T04:03:22
-3.224576,-3.780628,2023-01-01T04:03:23
-3.224576,-3.780628,2023-01-01T04:03:24
-3.224576,-3.780628,2023-01-01T04:03:25
-3.224576,-3.780628,2023-01-01T04:03:26
-3.224576,-3.780628,2023-01-01T04:03:27
-3.224576,-3.780628,2023-01-01T04:03:28
-3.224576,-3.780628,2023-01-01T04:03:29
-3.224576,-3.780628,2023-01-01T04:03:30
-3.224576,-3.780628,2023-01-01T04:03:31
-3.224576,-3.780628,2023-01-01T04:03:32
-3.224576,-3.780628,2023-01-01T04:03:33
-3.335769,-3.780628,2023-01-01T04:03:34
-3.335769,-3.780628,2023-01-01T04:03:35
-3.335769,-3.780628,2023-01-01T04:03:36
-3.335769,-3.780628,2023-01-01T04:03:37
-3.335769,-3.780628,2023-01-01T04:03:38
-3.335769,-3.780628,2023-01-01T04:03:39
-3.224576,-3.780628,2023-01-01T04:03:40
-3.224576,-3.780628,2023-01-01T04:03:41
-3.224576,-3.780628,2023-01-01T04:03:42
-3.224576,-3.780628,2023-01-01T04:03:43
-3.224576,-3.780628,2023-01-01T04:03:44
-3.224576,-3.780628,2023-01-01T04:03:45
-3.224576,-3.780628,2023-01-01T04:03:46
-3.224576,-3.780628,2023-01-01T04:03:47
-3.224576,-3.780628,2023-01-01T04:03:48
-3.224576,-3.780628,2023-01-01T04:03:49
-3.224576,-3.780628,2023-01-01T04:03:50
-3.224576,-3.780628,2023-01-01T04:03:51
-3.224576,-3.780628,2023-01-01T04:03:52
-3.224576,-3.780628,2023-01-01T04:03:53
-3.224576,-3.780628,2023-01-01T04:03:54
-3.224576,-3.780628,2023-01-01T04:03:55
-3.224576,-3.780628,2023-01-01T04:03:56
-3.224576,-3.780628,2023-01-01T04:03:57
-3.224576,-3.780628,2023-01-01T04:03:58
-3.224576,-3.780628,2023-01-01T04:03:59
-3.224576,-3.780628,2023-01-01T04:04:00
-3.224576,-3.780628,2023-01-01T04:04:01
-3.224576,-3.780628,2023-01-01T04:04:02
-3.224576,-3.780628,2023-01-01T04:04:03
-3.224576,-3.780628,2023-01-01T04:04:04
-3.224576,-3.780628,2023-01-01T04:04:05
-3.224576,-3.780628,2023-01-01T04:04:06
-3.224576,-3.780628,2023-01-01T04:04:07
-3.224576,-3.780628,2023-01-01T04:04:08
-3.224576,-3.780628,2023-01-01T04:04:09
-3.224576,-3.780628,2023-01-01T04:04:10
-3.224576,-3.780628,2023-01-01T04:04:11
-3.224576,-3.780628,2023-01-01T04:04:12
-3.224576,-3.780628,2023-01-01T04:04:13
-3.224576,-3.780628,2023-01-01T04:04:14
-3.224576,-3.780628,2023-01-01T04:04:15
-3.224576,-3.780628,2023-01-01T04:04:16
-3.224576,-3.780628,2023-01-01T04:04:17
-3.224576,-3.891822,2023-01-01T04:04:18
-3.224576,-3.891822,2023-01-01T04:04:19
-3.224576,-3.891822,2023-01-01T04:04:20
-3.224576,-3.891822,2023-01-01T04:04:21
-3.224576,-3.891822,2023-01-01T04:04:22
-3.224576,-3.891822,2023-01-01T04:04:23
-3.224576,-3.891822,2023-01-01T04:04:24
-3.224576,-3.891822,2023-01-01T04:04:25
-3.224576,-3.891822,2023-01-01T04:04:26
-3.224576,-3.891822,2023-01-01T04:04:27
-3.224576,-3.891822,2023-01-01T04:04:28
-3.224576,-3.891822,2023-01-01T04:04:29
-3.224576,-3.891822,2023-01-01T04:04:30
-3.224576,-3.891822,2023-01-01T04:04:31
-3.224576,-3.891822,2023-01-01T04:04:32
-3.224576,-3.891822,2023-01-01T04:04:33
-3.224576,-3.891822,2023-01-01T04:04:34
-3.224576,-3.891822,2023-01-01T04:04:35
-3.224576,-3.891822,2023-01-01T04:04:36
-3.224576,-3.891822,2023-01-01T04:04:37
-3.224576,-3.891822,2023-01-01T04:04:38
-3.224576,-3.891822,2023-01-01T04:04:39
-3.224576,-3.891822,2023-01-01T04:04:40
-3.224576,-3.891822,2023-01-01T04:04:41
-3.224576,-3.891822,2023-01-01T04:04:42
-3.224576,-3.891822,2023-01-01T04:04:43
-3.224576,-3.891822,2023-01-01T04:04:44
-3.224576,-3.891822,2023-01-01T04:04:45
-3.224576,-3.891822,2023-01-01T04:04:46
-3.224576,-3.891822,2023-01-01T04:04:47
-3.224576,-3.891822,2023-01-01T04:04:48
-3.224576,-3.891822,2023-01-01T04:04:49
-3.224576,-3.891822,2023-01-01T04:04:50
-3.224576,-3.891822,2023-01-01T04:04:51
-3.224576,-3.891822,2023-01-01T04:04:52
-3.224576,-3.891822,2023-01-01T04:04:53
-3.224576,-3.891822,2023-01-01T04:04:54
-3.224576,-3.891822,2023-01-01T04:04:55
-3.224576,-3.891822,2023-01-01T04:04:56
-3.224576,-3.891822,2023-01-01T04:04:57
-3.224576,-3.891822,2023-01-01T04:04:58
-3.224576,-3.891822,2023-01-01T04:04:59
-3.224576,-3.891822,2023-01-01T04:05:00
-3.224576,-3.891822,2023-01-01T04:05:01
-3.224576,-3.891822,2023-01-01T04:05:02
-3.224576,-3.891822,2023-01-01T04:05:03
-3.224576,-3.891822,2023-01-01T04:05:04
-3.224576,-3.891822,2023-01-01T04:05:05
-3.224576,-3.891822,2023-01-01T04:05:06
-3.224576,-3.891822,2023-01-01T04:05:07
-3.224576,-3.891822,2023-01-01T04:05:08
-3.224576,-3.891822,2023-01-01T04:05:09
-3.224576,-3.891822,2023-01-01T04:05:10
-3.224576,-3.891822,2023-01-01T04:05:11
-3.224576,-3.891822,2023-01-01T04:05:12
-3.224576,-3.891822,2023-01-01T04:05:13
-3.224576,-3.891822,2023-01-01T04:05:14
-3.113384,-3.891822,2023-01-01T04:05:15
-3.113384,-3.891822,2023-01-01T04:05:16
-3.113384,-3.891822,2023-01-01T04:05:17
-3.113384,-3.891822,2023-01-01T04:05:18
-3.113384,-3.891822,2023-01-01T04:05:19
-3.113384,-3.891822,2023-01-01T04:05:20
-3.113384,-3.891822,2023-01-01T04:05:21
-3.113384,-3.891822,2023-01-01T04:05:22
-3.113384,-3.891822,2023-01-01T04:05:23
-3.113384,-3.891822,2023-01-01T04:05:24
-3.113384,-3.891822,2023-01-01T04:05:25
-3.113384,-3.891822,2023-01-01T04:05:26
-3.113384,-3.891822,2023-01-01T04:05:27
-3.113384,-3.891822,2023-01-01T04:05:28
-3.113384,-3.891822,2023-01-01T04:05:29
-3.113384,-3.891822,2023-01-01T04:05:30
-3.113384,-3.891822,2023-01-01T04:05:31
-3.113384,-3.891822,2023-01-01T04:05:32
-3.113384,-3.891822,2023-01-01T04:05:33
-3.113384,-3.891822,2023-01-01T04:05:34
-3.113384,-3.891822,2023-01-01T04:05:35
-3.113384,-3.891822,2023-01-01T04:05:36
-3.113384,-3.891822,2023-01-01T04:05:37
-3.113384,-3.891822,2023-01-01T04:05:38
-3.113384,-3.891822,2023-01-01T04:05:39
-3.113384,-3.891822,2023-01-01T04:05:40
-3.113384,-3.891822,2023-01-01T04:05:41
-3.113384,-3.891822,2023-01-01T04:05:42
-3.113384,-3.891822,2023-01-01T04:05:43
-3.113384,-3.891822,2023-01-01T04:05:44
-3.113384,-3.891822,2023-01-01T04:05:45
-3.113384,-3.891822,2023-01-01T04:05:46
-3.113384,-3.891822,2023-01-01T04:05:47
-3.113384,-3.891822,2023-01-01T04:05:48
-3.113384,-3.891822,2023-01-01T04:05:49
-3.113384,-3.891822,2023-01-01T04:05:50
-3.113384,-3.891822,2023-01-01T04:05:51
-3.113384,-3.891822,2023-01-01T04:05:52
-3.113384,-3.891822,2023-01-01T04:05:53
-3.113384,-3.891822,2023-01-01T04:05:54
-3.113384,-3.780628,2023-01-01T04:05:55
-3.113384,-3.780628,2023-01-01T04:05:56
-3.113384,-3.780628,2023-01-01T04:05:57
-3.113384,-3.780628,2023-01-01T04:05:58
-3.113384,-3.780628,2023-01-01T04:05:59
-3.113384,-3.780628,2023-01-01T04:06:00
-3.002192,-3.780628,2023-01-01T04:06:01
-3.002192,-3.780628,2023-01-01T04:06:02
-3.002192,-3.780628,2023-01-01T04:06:03
-3.002192,-3.780628,2023-01-01T04:06:04
-3.002192,-3.891822,2023-01-01T04:06:05
-3.002192,-3.891822,2023-01-01T04:06:06
-3.002192,-3.891822,2023-01-01T04:06:07
-3.002192,-3.891822,2023-01-01T04:06:08
-3.002192,-3.891822,2023-01-01T04:06:09
-3.002192,-3.891822,2023-01-01T04:06:10
-3.002192,-3.891822,2023-01-01T04:06:11
-3.002192,-3.891822,2023-01-01T04:06:12
-3.002192,-3.891822,2023-01-01T04:06:13
-3.002192,-3.891822,2023-01-01T04:06:14
-3.002192,-3.891822,2023-01-01T04:06:15
-3.002192,-3.891822,2023-01-01T04:06:16
-3.002192,-3.891822,2023-01-01T04:06:17
-2.890999,-3.891822,2023-01-01T04:06:18
-2.890999,-3.891822,2023-01-01T04:06:19
-2.890999,-3.891822,2023-01-01T04:06:20
-2.890999,-3.891822,2023-01-01T04:06:21
-2.890999,-3.891822,2023-01-01T04:06:22
-2.890999,-3.891822,2023-01-01T04:06:23
-2.890999,-3.891822,2023-01-01T04:06:24
-2.890999,-3.891822,2023-01-01T04:06:25
-2.890999,-3.891822,2023-01-01T04:06:26
-2.890999,-3.891822,2023-01-01T04:06:27
-2.890999,-4.003017,2023-01-01T04:06:28
-2.890999,-4.003017,2023-01-01T04:06:29
-2.890999,-4.003017,2023-01-01T04:06:30
-2.890999,-4.003017,2023-01-01T04:06:31
-2.890999,-4.003017,2023-01-01T04:06:32
-2.890999,-4.003017,2023-01-01T04:06:33
-2.779807,-4.003017,2023-01-01T04:06:34
-2.779807,-4.003017,2023-01-01T04:06:35
-2.779807,-4.003017,2023-01-01T04:06:36
-2.779807,-4.003017,2023-01-01T04:06:37
-2.779807,-4.003017,2023-01-01T04:06:38
-2.779807,-4.003017,2023-01-01T04:06:39
-2.779807,-4.003017,2023-01-01T04:06:40
-2.779807,-4.003017,2023-01-01T04:06:41
-2.779807,-4.003017,2023-01-01T04:06:42
-2.779807,-4.003017,2023-01-01T04:06:43
-2.779807,-4.003017,2023-01-01T04:06:44
-2.779807,-4.003017,2023-01-01T04:06:45
-2.779807,-4.003017,2023-01-01T04:06:46
-2.779807,-4.003017,2023-01-01T04:06:47
-2.668615,-4.003017,2023-01-01T04:06:48
-2.668615,-4.003017,2023-01-01T04:06:49
-2.668615,-4.003017,2023-01-01T04:06:50
-2.668615,-4.003017,2023-01-01T04:06:51
-2.668615,-4.003017,2023-01-01T04:06:52
-2.668615,-4.003017,2023-01-01T04:06:53
-2.668615,-4.003017,2023-01-01T04:06:54
-2.668615,-4.003017,2023-01-01T04:06:55
-2.668615,-4.003017,2023-01-01T04:06:56
-2.668615,-4.003017,2023-01-01T04:06:57
-2.668615,-4.003017,2023-01-01T04:06:58
-2.668615,-4.003017,2023-01-01T04:06:59
-2.668615,-4.003017,2023-01-01T04:07:00
-2.668615,-4.003017,2023-01-01T04:07:01
-2.557423,-4.003017,2023-01-01T04:07:02
-2.557423,-4.003017,2023-01-01T04:07:03
-2.557423,-4.003017,2023-01-01T04:07:04
-2.557423,-4.003017,2023-01-01T04:07:05
-2.557423,-4.003017,2023-01-01T04:07:06
-2.557423,-4.003017,2023-01-01T04:07:07
-2.557423,-4.003017,2023-01-01T04:07:08
-2.557423,-4.003017,2023-01-01T04:07:09
-2.557423,-4.003017,2023-01-01T04:07:10
-2.557423,-4.003017,2023-01-01T04:07:11
-2.557423,-4.003017,2023-01-01T04:07:12
-2.557423,-4.114212,2023-01-01T04:07:13
-2.557423,-4.114212,2023-01-01T04:07:14
-2.446230,-4.114212,2023-01-01T04:07:15
-2.446230,-4.114212,2023-01-01T04:07:16
-2.446230,-4.114212,2023-01-01T04:07:17
-2.446230,-4.114212,2023-01-01T04:07:18
-2.446230,-4.114212,2023-01-01T04:07:19
-2.446230,-4.114212,2023-01-01T04:07:20
-2.446230,-4.114212,2023-01-01T04:07:21
-2.446230,-4.114212,2023-01-01T04:07:22
-2.446230,-4.114212,2023-01-01T04:07:23
-2.446230,-4.114212,2023-01-01T04:07:24
-2.446230,-4.114212,2023-01-01T04:07:25
-2.446230,-4.114212,2023-01-01T04:07:26
-2.446230,-4.114212,2023-01-01T04:07:27
-2.446230,-4.114212,2023-01-01T04:07:28
-2.335038,-4.114212,2023-01-01T04:07:29
-2.335038,-4.114212,2023-01-01T04:07:30
-2.335038,-4.114212,2023-01-01T04:07:31
-2.335038,-4.114212,2023-01-01T04:07:32
-2.335038,-4.114212,2023-01-01T04:07:33
-2.335038,-4.114212,2023-01-01T04:07:34
-2.335038,-4.114212,2023-01-01T04:07:35
-2.335038,-4.114212,2023-01-01T04:07:36
-2.335038,-4.114212,2023-01-01T04:07:37
-2.335038,-4.114212,2023-01-01T04:07:38
-2.335038,-4.114212,2023-01-01T04:07:39
-2.335038,-4.114212,2023-01-01T04:07:40
-2.335038,-4.114212,2023-01-01T04:07:41
-2.335038,-4.114212,2023-01-01T04:07:42
-2.223846,-4.114212,2023-01-01T04:07:43
-2.223846,-4.114212,2023-01-01T04:07:44
-2.223846,-4.114212,2023-01-01T04:07:45
-2.223846,-4.114212,2023-01-01T04:07:46
-2.223846,-4.114212,2023-01-01T04:07:47
-2.223846,-4.114212,2023-01-01T04:07:48
-2.223846,-4.114212,2023-01-01T04:07:49
-2.223846,-4.114212,2023-01-01T04:07:50
-2.223846,-4.114212,2023-01-01T04:07:51
-2.223846,-4.114212,2023-01-01T04:07:52
-2.223846,-4.114212,2023-01-01T04:07:53
-2.223846,-4.003017,2023-01-01T04:07:54
-2.223846,-4.003017,2023-01-01T04:07:55
-2.223846,-4.003017,2023-01-01T04:07:56
-2.223846,-4.003017,2023-01-01T04:07:57
-2.223846,-4.003017,2023-01-01T04:07:58
-2.112653,-4.003017,2023-01-01T04:07:59
-2.112653,-4.003017,2023-01-01T04:08:00
-2.112653,-4.003017,2023-01-01T04:08:01
-2.112653,-4.003017,2023-01-01T04:08:02
-2.112653,-4.003017,2023-01-01T04:08:03
-2.112653,-4.003017,2023-01-01T04:08:04
-2.112653,-4.003017,2023-01-01T04:08:05
-2.112653,-4.003017,2023-01-01T04:08:06
-2.112653,-4.003017,2023-01-01T04:08:07
-2.112653,-4.003017,2023-01-01T04:08:08
-2.112653,-4.003017,2023-01-01T04:08:09
-2.112653,-4.003017,2023-01-01T04:08:10
-2.112653,-4.003017,2023-01-01T04:08:11
-2.112653,-4.003017,2023-01-01T04:08:12
-2.112653,-4.003017,2023-01-01T04:08:13
-2.112653,-4.003017,2023-01-01T04:08:14
-2.112653,-4.003017,2023-01-01T04:08:15
-2.112653,-4.003017,2023-01-01T04:08:16
-2.112653,-4.003017,2023-01-01T04:08:17
-2.112653,-4.003017,2023-01-01T04:08:18
-2.001461,-4.003017,2023-01-01T04:08:19
-2.001461,-4.003017,2023-01-01T04:08:20
-2.001461,-4.003017,2023-01-01T04:08:21
-2.001461,-3.891822,2023-01-01T04:08:22
-2.001461,-3.891822,2023-01-01T04:08:23
-2.001461,-3.891822,2023-01-01T04:08:24
-2.001461,-3.891822,2023-01-01T04:08:25
-2.001461,-3.891822,2023-01-01T04:08:26
-2.001461,-3.891822,2023-01-01T04:08:27
-2.001461,-3.891822,2023-01-01T04:08:28
-2.001461,-3.891822,2023-01-01T04:08:29
-2.001461,-3.891822,2023-01-01T04:08:30
-2.001461,-3.891822,2023-01-01T04:08:31
-2.001461,-3.891822,2023-01-01T04:08:32
-2.001461,-3.891822,2023-01-01T04:08:33
-2.001461,-3.891822,2023-01-01T04:08:34
-2.001461,-3.891822,2023-01-01T04:08:35
-2.001461,-3.891822,2023-01-01T04:08:36
-2.001461,-3.891822,2023-01-01T04:08:37
-2.001461,-3.891822,2023-01-01T04:08:38
-2.001461,-3.891822,2023-01-01T04:08:39
-2.001461,-3.891822,2023-01-01T04:08:40
-2.001461,-3.891822,2023-01-01T04:08:41
-1.890269,-3.891822,2023-01-01T04:08:42
-1.890269,-3.891822,2023-01-01T04:08:43
-1.890269,-3.780628,2023-01-01T04:08:44
-1.890269,-3.780628,2023-01-01T04:08:45
-1.890269,-3.780628,2023-01-01T04:08:46
-1.890269,-3.780628,2023-01-01T04:08:47
-1.890269,-3.780628,2023-01-01T04:08:48
-1.890269,-3.780628,2023-01-01T04:08:49
-1.890269,-3.780628,2023-01-01T04:08:50
-1.890269,-3.780628,2023-01-01T04:08:51
-1.890269,-3.780628,2023-01-01T04:08:52
-1.890269,-3.780628,2023-01-01T04:08:53
-1.890269,-3.780628,2023-01-01T04:08:54
-1.890269,-3.780628,2023-01-01T04:08:55
-1.890269,-3.780628,2023-01-01T04:08:56
-1.890269,-3.780628,2023-01-01T04:08:57
-1.890269,-3.780628,2023-01-01T04:08:58
-1.890269,-3.780628,2023-01-01T04:08:59
-1.890269,-3.780628,2023-01-01T04:09:00
-1.890269,-3.780628,2023-01-01T04:09:01
-1.890269,-3.780628,2023-01-01T04:09:02
-1.890269,-3.780628,2023-01-01T04:09:03
-1.890269,-3.780628,2023-01-01T04:09:04
-1.890269,-3.669433,2023-01-01T04:09:05
-1.890269,-3.669433,2023-01-01T04:09:06
-1.890269,-3.669433,2023-01-01T04:09:07
-1.779077,-3.669433,2023-01-01T04:09:08
-1.779077,-3.669433,2023-01-01T04:09:09
-1.779077,-3.669433,2023-01-01T04:09:10
-1.779077,-3.669433,2023-01-01T04:09:11
-1.779077,-3.669433,2023-01-01T04:09:12
-1.779077,-3.669433,2023-01-01T04:09:13
-1.779077,-3.669433,2023-01-01T04:09:14
-1.779077,-3.669433,2023-01-01T04:09:15
-1.779077,-3.669433,2023-01-01T04:09:16
-1.779077,-3.669433,2023-01-01T04:09:17
-1.779077,-3.669433,2023-01-01T04:09:18
-1.779077,-3.558238,2023-01-01T04:09:19
-1.779077,-3.558238,2023-01-01T04:09:20
-1.779077,-3.558238,2023-01-01T04:09:21
-1.779077,-3.558238,2023-01-01T04:09:22
-1.779077,-3.558238,2023-01-01T04:09:23
-1.779077,-3.558238,2023-01-01T04:09:24
-1.779077,-3.558238,2023-01-01T04:09:25
-1.779077,-3.558238,2023-01-01T04:09:26
-1.779077,-3.558238,2023-01-01T04:09:27
-1.779077,-3.558238,2023-01-01T04:09:28
-1.779077,-3.558238,2023-01-01T04:09:29
-1.779077,-3.558238,2023-01-01T04:09:30
-1.779077,-3.558238,2023-01-01T04:09:31
-1.779077,-3.558238,2023-01-01T04:09:32
-1.779077,-3.558238,2023-01-01T04:09:33
-1.779077,-3.558238,2023-01-01T04:09:34
-1.779077,-3.558238,2023-01-01T04:09:35
-1.779077,-3.447043,2023-01-01T04:09:36
-1.779077,-3.447043,2023-01-01T04:09:37
-1.667884,-3.447043,2023-01-01T04:09:38
-1.667884,-3.447043,2023-01-01T04:09:39
-1.667884,-3.447043,2023-01-01T04:09:40
-1.667884,-3.447043,2023-01-01T04:09:41
-1.667884,-3.447043,2023-01-01T04:09:42
-1.667884,-3.447043,2023-01-01T04:09:43
-1.667884,-3.447043,2023-01-01T04:09:44
-1.667884,-3.447043,2023-01-01T04:09:45
-1.667884,-3.447043,2023-01-01T04:09:46
-1.667884,-3.447043,2023-01-01T04:09:47
-1.667884,-3.447043,2023-01-01T04:09:48
-1.667884,-3.447043,2023-01-01T04:09:49
-1.667884,-3.447043,2023-01-01T04:09:50
-1.667884,-3.447043,2023-01-01T04:09:51
-1.667884,-3.447043,2023-01-01T04:09:52
-1.667884,-3.447043,2023-01-01T04:09:53
-1.667884,-3.447043,2023-01-01T04:09:54
-1.667884,-3.447043,2023-01-01T04:09:55
-1.667884,-3.447043,2023-01-01T04:09:56
-1.667884,-3.447043,2023-01-01T04:09:57
-1.667884,-3.447043,2023-01-01T04:09:58
-1.667884,-3.447043,2023-01-01T04:09:59
-1.667884,-3.447043,2023-01-01T04:10:00
-1.667884,-3.447043,2023-01-01T04:10:01
-1.556692,-3.447043,2023-01-01T04:10:02
-1.556692,-3.335848,2023-01-01T04:10:03
-1.556692,-3.335848,2023-01-01T04:10:04
-1.556692,-3.335848,2023-01-01T04:10:05
-1.556692,-3.335848,2023-01-01T04:10:06
-1.556692,-3.335848,2023-01-01T04:10:07
-1.556692,-3.335848,2023-01-01T04:10:08
-1.556692,-3.335848,2023-01-01T04:10:09
-1.556692,-3.335848,2023-01-01T04:10:10
-1.556692,-3.335848,2023-01-01T04:10:11
-1.556692,-3.335848,2023-01-01T04:10:12
-1.556692,-3.335848,2023-01-01T04:10:13
-1.556692,-3.335848,2023-01-01T04:10:14
-1.556692,-3.335848,2023-01-01T04:10:15
-1.556692,-3.335848,2023-01-01T04:10:16
-1.556692,-3.335848,2023-01-01T04:10:17
-1.556692,-3.335848,2023-01-01T04:10:18
-1.556692,-3.335848,2023-01-01T04:10:19
-1.556692,-3.335848,2023-01-01T04:10:20
-1.556692,-3.335848,2023-01-01T04:10:21
-1.556692,-3.335848,2023-01-01T04:10:22
-1.556692,-3.335848,2023-01-01T04:10:23
-1.556692,-3.335848,2023-01-01T04:10:24
-1.556692,-3.335848,2023-01-01T04:10:25
-1.445500,-3.335848,2023-01-01T04:10:26
-1.445500,-3.335848,2023-01-01T04:10:27
-1.445500,-3.335848,2023-01-01T04:10:28
-1.445500,-3.335848,2023-01-01T04:10:29
-1.445500,-3.335848,2023-01-01T04:10:30
-1.445500,-3.224653,2023-01-01T04:10:31
-1.445500,-3.224653,2023-01-01T04:10:32
-1.445500,-3.224653,2023-01-01T04:10:33
-1.445500,-3.224653,2023-01-01T04:10:34
-1.445500,-3.224653,2023-01-01T04:10:35
-1.445500,-3.224653,2023-01-01T04:10:36
-1.445500,-3.224653,2023-01-01T04:10:37
-1.445500,-3.224653,2023-01-01T04:10:38
-1.445500,-3.224653,2023-01-01T04:10:39
-1.445500,-3.224653,2023-01-01T04:10:40
-1.445500,-3.224653,2023-01-01T04:10:41
-1.445500,-3.224653,2023-01-01T04:10:42
-1.445500,-3.224653,2023-01-01T04:10:43
-1.445500,-3.224653,2023-01-01T04:10:44
-1.445500,-3.224653,2023-01-01T04:10:45
-1.445500,-3.224653,2023-01-01T04:10:46
-1.334307,-3.224653,2023-01-01T04:10:47
-1.334307,-3.224653,2023-01-01T04:10:48
-1.334307,-3.224653,2023-01-01T04:10:49
-1.334307,-3.224653,2023-01-01T04:10:50
-1.334307,-3.224653,2023-01-01T04:10:51
-1.334307,-3.224653,2023-01-01T04:10:52
-1.334307,-3.224653,2023-01-01T04:10:53
-1.334307,-3.224653,2023-01-01T04:10:54
-1.334307,-3.224653,2023-01-01T04:10:55
-1.334307,-3.224653,2023-01-01T04:10:56
-1.334307,-3.224653,2023-01-01T04:10:57
-1.334307,-3.224653,2023-01-01T04:10:58
-1.334307,-3.224653,2023-01-01T04:10:59
-1.334307,-3.113458,2023-01-01T04:11:00
-1.334307,-3.113458,2023-01-01T04:11:01
-1.334307,-3.113458,2023-01-01T04:11:02
-1.334307,-3.113458,2023-01-01T04:11:03
-1.334307,-3.113458,2023-01-01T04:11:04
-1.334307,-3.113458,2023-01-01T04:11:05
-1.334307,-3.113458,2023-01-01T04:11:06
-1.223115,-3.113458,2023-01-01T04:11:07
-1.223115,-3.113458,2023-01-01T04:11:08
-1.223115,-3.113458,2023-01-01T04:11:09
-1.223115,-3.113458,2023-01-01T04:11:10
-1.223115,-3.113458,2023-01-01T04:11:11
-1.223115,-3.113458,2023-01-01T04:11:12
-1.223115,-3.113458,2023-01-01T04:11:13
-1.223115,-3.113458,2023-01-01T04:11:14
-1.223115,-3.113458,2023-01-01T04:11:15
-1.223115,-3.113458,2023-01-01T04:11:16
-1.223115,-3.113458,2023-01-01T04:11:17
-1.223115,-3.113458,2023-01-01T04:11:18
-1.223115,-3.113458,2023-01-01T04:11:19
-1.223115,-3.113458,2023-01-01T04:11:20
-1.223115,-3.113458,2023-01-01T04:11:21
-1.223115,-3.002263,2023-01-01T04:11:22
-1.223115,-3.002263,2023-01-01T04:11:23
-1.223115,-3.002263,2023-01-01T04:11:24
-1.223115,-3.002263,2023-01-01T04:11:25
-1.223115,-3.002263,2023-01-01T04:11:26
-1.223115,-3.002263,2023-01-01T04:11:27
-1.223115,-3.002263,2023-01-01T04:11:28
-1.111923,-3.002263,2023-01-01T04:11:29
-1.111923,-3.002263,2023-01-01T04:11:30
-1.111923,-3.002263,2023-01-01T04:11:31
-1.111923,-3.002263,2023-01-01T04:11:32
-1.111923,-3.002263,2023-01-01T04:11:33
-1.111923,-3.002263,2023-01-01T04:11:34
-1.111923,-3.002263,2023-01-01T04:11:35
-1.111923,-3.002263,2023-01-01T04:11:36
-1.111923,-3.002263,2023-01-01T04:11:37
-1.111923,-2.891068,2023-01-01T04:11:38
-1.111923,-2.891068,2023-01-01T04:11:39
-1.111923,-2.891068,2023-01-01T04:11:40
-1.111923,-2.891068,2023-01-01T04:11:41
-1.111923,-2.891068,2023-01-01T04:11:42
-1.111923,-2.891068,2023-01-01T04:11:43
-1.111923,-2.891068,2023-01-01T04:11:44
-1.111923,-2.891068,2023-01-01T04:11:45
-1.111923,-2.891068,2023-01-01T04:11:46
-1.111923,-2.891068,2023-01-01T04:11:47
-1.111923,-2.891068,2023-01-01T04:11:48
-1.111923,-2.891068,2023-01-01T04:11:49
-1.111923,-2.891068,2023-01-01T04:11:50
-1.111923,-2.779873,2023-01-01T04:11:51
-1.111923,-2.779873,2023-01-01T04:11:52
-1.000731,-2.779873,2023-01-01T04:11:53
-1.000731,-2.779873,2023-01-01T04:11:54
-1.000731,-2.779873,2023-01-01T04:11:55
-1.000731,-2.779873,2023-01-01T04:11:56
-1.000731,-2.779873,2023-01-01T04:11:57
-1.000731,-2.779873,2023-01-01T04:11:58
-1.000731,-2.779873,2023-01-01T04:11:59
-1.000731,-2.779873,2023-01-01T04:12:00
-1.000731,-2.779873,2023-01-01T04:12:01
-1.000731,-2.779873,2023-01-01T04:12:02
-1.000731,-2.779873,2023-01-01T04:12:03
-1.000731,-2.779873,2023-01-01T04:12:04
-1.000731,-2.779873,2023-01-01T04:12:05
-1.000731,-2.779873,2023-01-01T04:12:06
-1.000731,-2.779873,2023-01-01T04:12:07
-1.000731,-2.779873,2023-01-01T04:12:08
-1.000731,-2.779873,2023-01-01T04:12:09
-1.000731,-2.779873,2023-01-01T04:12:10
-1.000731,-2.779873,2023-01-01T04:12:11
-0.889538,-2.779873,2023-01-01T04:12:12
-0.889538,-2.779873,2023-01-01T04:12:13
-0.889538,-2.779873,2023-01-01T04:12:14
-0.889538,-2.779873,2023-01-01T04:12:15
-0.889538,-2.779873,2023-01-01T04:12:16
-0.889538,-2.668678,2023-01-01T04:12:17
-0.889538,-2.668678,2023-01-01T04:12:18
-0.889538,-2.668678,2023-01-01T04:12:19
-0.889538,-2.668678,2023-01-01T04:12:20
-0.889538,-2.668678,2023-01-01T04:12:21
-0.889538,-2.668678,2023-01-01T04:12:22
-0.889538,-2.668678,2023-01-01T04:12:23
-0.889538,-2.668678,2023-01-01T04:12:24
-0.889538,-2.668678,2023-01-01T04:12:25
-0.889538,-2.668678,2023-01-01T04:12:26
-0.889538,-2.668678,2023-01-01T04:12:27
-0.889538,-2.668678,2023-01-01T04:12:28
-0.889538,-2.668678,2023-01-01T04:12:29
-0.778346,-2.668678,2023-01-01T04:12:30
-0.778346,-2.668678,2023-01-01T04:12:31
-0.778346,-2.668678,2023-01-01T04:12:32
-0.778346,-2.668678,2023-01-01T04:12:33
-0.778346,-2.668678,2023-01-01T04:12:34
-0.778346,-2.668678,2023-01-01T04:12:35
-0.778346,-2.668678,2023-01-01T04:12:36
-0.778346,-2.668678,2023-01-01T04:12:37
-0.778346,-2.668678,2023-01-01T04:12:38
-0.778346,-2.668678,2023-01-01T04:12:39
-0.778346,-2.668678,2023-01-01T04:12:40
-0.778346,-2.668678,2023-01-01T04:12:41
-0.778346,-2.668678,2023-01-01T04:12:42
-0.778346,-2.668678,2023-01-01T04:12:43
-0.778346,-2.668678,2023-01-01T04:12:44
-0.778346,-2.668678,2023-01-01T04:12:45
-0.667154,-2.668678,2023-01-01T04:12:46
-0.667154,-2.668678,2023-01-01T04:12:47
-0.667154,-2.668678,2023-01-01T04:12:48
-0.667154,-2.668678,2023-01-01T04:12:49
-0.667154,-2.668678,2023-01-01T04:12:50
-0.667154,-2.668678,2023-01-01T04:12:51
-0.667154,-2.668678,2023-01-01T04:12:52
-0.667154,-2.668678,2023-01-01T04:12:53
-0.667154,-2.668678,2023-01-01T04:12:54
-0.667154,-2.668678,2023-01-01T04:12:55
-0.667154,-2.668678,2023-01-01T04:12:56
-0.667154,-2.668678,2023-01-01T04:12:57
-0.667154,-2.668678,2023-01-01T04:12:58
-0.667154,-2.668678,2023-01-01T04:12:59
-0.667154,-2.668678,2023-01-01T04:13:00
-0.667154,-2.668678,2023-01-01T04:13:01
-0.555961,-2.668678,2023-01-01T04:13:02
-0.555961,-2.668678,2023-01-01T04:13:03
-0.555961,-2.668678,2023-01-01T04:13:04
-0.555961,-2.668678,2023-01-01T04:13:05
-0.555961,-2.668678,2023-01-01T04:13:06
-0.555961,-2.668678,2023-01-01T04:13:07
-0.555961,-2.668678,2023-01-01T04:13:08
-0.555961,-2.668678,2023-01-01T04:13:09
-0.555961,-2.668678,2023-01-01T04:13:10
-0.555961,-2.668678,2023-01-01T04:13:11
-0.555961,-2.668678,2023-01-01T04:13:12
-0.555961,-2.668678,2023-01-01T04:13:13
-0.555961,-2.668678,2023-01-01T04:13:14
-0.555961,-2.668678,2023-01-01T04:13:15
-0.555961,-2.668678,2023-01-01T04:13:16
-0.555961,-2.668678,2023-01-01T04:13:17
-0.555961,-2.668678,2023-01-01T04:13:18
-0.555961,-2.668678,2023-01-01T04:13:19
-0.555961,-2.668678,2023-01-01T04:13:20
-0.444769,-2.668678,2023-01-01T04:13:21
-0.444769,-2.668678,2023-01-01T04:13:22
-0.444769,-2.668678,2023-01-01T04:13:23
-0.444769,-2.668678,2023-01-01T04:13:24
-0.444769,-2.668678,2023-01-01T04:13:25
-0.444769,-2.668678,2023-01-01T04:13:26
-0.444769,-2.668678,2023-01-01T04:13:27
-0.444769,-2.668678,2023-01-01T04:13:28
-0.444769,-2.668678,2023-01-01T04:13:29
-0.444769,-2.668678,2023-01-01T04:13:30
-0.444769,-2.668678,2023-01-01T04:13:31
-0.444769,-2.668678,2023-01-01T04:13:32
-0.444769,-2.668678,2023-01-01T04:13:33
-0.444769,-2.668678,2023-01-01T04:13:34
-0.444769,-2.668678,2023-01-01T04:13:35
-0.444769,-2.668678,2023-01-01T04:13:36
-0.444769,-2.668678,2023-01-01T04:13:37
-0.444769,-2.668678,2023-01-01T04:13:38
-0.444769,-2.668678,2023-01-01T04:13:39
-0.333577,-2.668678,2023-01-01T04:13:40
-0.333577,-2.668678,2023-01-01T04:13:41
-0.333577,-2.668678,2023-01-01T04:13:42
-0.333577,-2.668678,2023-01-01T04:13:43
-0.333577,-2.668678,2023-01-01T04:13:44
-0.333577,-2.668678,2023-01-01T04:13:45
-0.333577,-2.668678,2023-01-01T04:13:46
-0.333577,-2.668678,2023-01-01T04:13:47
-0.333577,-2.668678,2023-01-01T04:13:48
-0.333577,-2.668678,2023-01-01T04:13:49
-0.333577,-2.668678,2023-01-01T04:13:50
-0.333577,-2.668678,2023-01-01T04:13:51
-0.333577,-2.668678,2023-01-01T04:13:52
-0.333577,-2.668678,2023-01-01T04:13:53
-0.333577,-2.668678,2023-01-01T04:13:54
-0.333577,-2.668678,2023-01-01T04:13:55
-0.333577,-2.668678,2023-01-01T04:13:56
-0.333577,-2.668678,2023-01-01T04:13:57
-0.333577,-2.668678,2023-01-01T04:13:58
-0.333577,-2.668678,2023-01-01T04:13:59
-0.222385,-2.668678,2023-01-01T04:14:00
-0.222385,-2.668678,2023-01-01T04:14:01
-0.222385,-2.668678,2023-01-01T04:14:02
-0.222385,-2.668678,2023-01-01T04:14:03
-0.222385,-2.668678,2023-01-01T04:14:04
-0.222385,-2.668678,2023-01-01T04:14:05
-0.222385,-2.668678,2023-01-01T04:14:06
-0.222385,-2.668678,2023-01-01T04:14:07
-0.222385,-2.668678,2023-01-01T04:14:08
-0.222385,-2.668678,2023-01-01T04:14:09
-0.222385,-2.668678,2023-01-01T04:14:10
-0.222385,-2.668678,2023-01-01T04:14:11
-0.222385,-2.668678,2023-01-01T04:14:12
-0.222385,-2.668678,2023-01-01T04:14:13
-0.222385,-2.668678,2023-01-01T04:14:14
-0.222385,-2.668678,2023-01-01T04:14:15
-0.222385,-2.668678,2023-01-01T04:14:16
-0.222385,-2.668678,2023-01-01T04:14:17
-0.222385,-2.668678,2023-01-01T04:14:18
-0.111192,-2.668678,2023-01-01T04:14:19
-0.111192,-2.668678,2023-01-01T04:14:20
-0.111192,-2.668678,2023-01-01T04:14:21
-0.111192,-2.668678,2023-01-01T04:14:22
-0.111192,-2.557483,2023-01-01T04:14:23
-0.111192,-2.557483,2023-01-01T04:14:24
-0.111192,-2.557483,2023-01-01T04:14:25
-0.111192,-2.557483,2023-01-01T04:14:26
-0.111192,-2.557483,2023-01-01T04:14:27
-0.111192,-2.557483,2023-01-01T04:14:28
-0.111192,-2.557483,2023-01-01T04:14:29
-0.111192,-2.557483,2023-01-01T04:14:30
-0.111192,-2.557483,2023-01-01T04:14:31
-0.111192,-2.557483,2023-01-01T04:14:32
-0.111192,-2.557483,2023-01-01T04:14:33
-0.111192,-2.557483,2023-01-01T04:14:34
-0.111192,-2.557483,2023-01-01T04:14:35
-0.111192,-2.557483,2023-01-01T04:14:36
-0.111192,-2.557483,2023-01-01T04:14:37
-0.111192,-2.557483,2023-01-01T04:14:38
0.000000,-2.557483,2023-01-01T04:14:39
0.000000,-2.557483,2023-01-01T04:14:40
0.000000,-2.557483,2023-01-01T04:14:41
0.000000,-2.557483,2023-01-01T04:14:42
0.000000,-2.557483,2023-01-01T04:14:43
0.000000,-2.557483,2023-01-01T04:14:44
0.000000,-2.557483,2023-01-01T04:14:45
0.000000,-2.557483,2023-01-01T04:14:46
0.000000,-2.557483,2023-01-01T04:14:47
0.000000,-2.557483,2023-01-01T04:14:48
0.000000,-2.557483,2023-01-01T04:14:49
0.000000,-2.557483,2023-01-01T04:14:50
0.000000,-2.557483,2023-01-01T04:14:51
0.000000,-2.557483,2023-01-01T04:14:52
0.000000,-2.557483,2023-01-01T04:14:53
0.000000,-2.668678,2023-01-01T04:14:54
0.000000,-2.668678,2023-01-01T04:14:55
0.000000,-2.668678,2023-01-01T04:14:56
0.000000,-2.668678,2023-01-01T04:14:57
0.000000,-2.668678,2023-01-01T04:14:58
0.111192,-2.668678,2023-01-01T04:14:59
0.111192,-2.668678,2023-01-01T04:15:00
0.111192,-2.668678,2023-01-01T04:15:01
0.111192,-2.668678,2023-01-01T04:15:02
0.111192,-2.668678,2023-01-01T04:15:03
0.111192,-2.668678,2023-01-01T04:15:04
0.111192,-2.668678,2023-01-01T04:15:05
0.222385,-2.668678,2023-01-01T04:15:06
0.222385,-2.668678,2023-01-01T04:15:07
0.222385,-2.779873,2023-01-01T04:15:08
0.222385,-2.779873,2023-01-01T04:15:09
0.222385,-2.779873,2023-01-01T04:15:10
0.222385,-2.779873,2023-01-01T04:15:11
0.222385,-2.779873,2023-01-01T04:15:12
0.222385,-2.779873,2023-01-01T04:15:13
0.222385,-2.779873,2023-01-01T04:15:14
0.222385,-2.779873,2023-01-01T04:15:15
0.333577,-2.779873,2023-01-01T04:15:16
0.333577,-2.779873,2023-01-01T04:15:17
0.333577,-2.779873,2023-01-01T04:15:18
0.333577,-2.779873,2023-01-01T04:15:19
0.333577,-2.779873,2023-01-01T04:15:20
0.333577,-2.779873,2023-01-01T04:15:21
0.333577,-2.891068,2023-01-01T04:15:22
0.333577,-2.891068,2023-01-01T04:15:23
0.333577,-2.891068,2023-01-01T04:15:24
0.333577,-2.779873,2023-01-01T04:15:25
0.333577,-2.779873,2023-01-01T04:15:26
0.333577,-2.779873,2023-01-01T04:15:27
0.333577,-2.779873,2023-01-01T04:15:28
0.333577,-2.779873,2023-01-01T04:15:29
0.333577,-2.779873,2023-01-01T04:15:30
0.333577,-2.779873,2023-01-01T04:15:31
0.333577,-2.779873,2023-01-01T04:15:32
0.333577,-2.779873,2023-01-01T04:15:33
0.333577,-2.779873,2023-01-01T04:15:34
0.333577,-2.779873,2023-01-01T04:15:35
0.333577,-2.779873,2023-01-01T04:15:36
0.333577,-2.779873,2023-01-01T04:15:37
0.333577,-2.779873,2023-01-01T04:15:38
0.333577,-2.779873,2023-01-01T04:15:39
0.333577,-2.779873,2023-01-01T04:15:40
0.444769,-2.779873,2023-01-01T04:15:41
0.444769,-2.891068,2023-01-01T04:15:42
0.444769,-2.891068,2023-01-01T04:15:43
0.444769,-2.891068,2023-01-01T04:15:44
0.444769,-2.891068,2023-01-01T04:15:45
0.444769,-2.891068,2023-01-01T04:15:46
0.444769,-2.891068,2023-01-01T04:15:47
0.444769,-2.891068,2023-01-01T04:15:48
0.444769,-2.891068,2023-01-01T04:15:49
0.444769,-2.891068,2023-01-01T04:15:50
0.444769,-2.891068,2023-01-01T04:15:51
0.444769,-2.891068,2023-01-01T04:15:52
0.444769,-2.891068,2023-01-01T04:15:53
0.444769,-2.891068,2023-01-01T04:15:54
0.444769,-2.891068,2023-01-01T04:15:55
0.444769,-2.891068,2023-01-01T04:15:56
0.444769,-2.891068,2023-01-01T04:15:57
0.444769,-3.002263,2023-01-01T04:15:58
0.444769,-3.002263,2023-01-01T04:15:59
0.444769,-3.002263,2023-01-01T04:16:00
0.444769,-3.002263,2023-01-01T04:16:01
0.444769,-3.002263,2023-01-01T04:16:02
0.444769,-3.002263,2023-01-01T04:16:03
0.444769,-3.002263,2023-01-01T04:16:04
0.444769,-2.891068,2023-01-01T04:16:05
0.444769,-2.891068,2023-01-01T04:16:06
0.444769,-2.891068,2023-01-01T04:16:07
0.444769,-2.891068,2023-01-01T04:16:08
0.444769,-2.891068,2023-01-01T04:16:09
0.444769,-2.891068,2023-01-01T04:16:10
0.444769,-2.891068,2023-01-01T04:16:11
0.444769,-2.891068,2023-01-01T04:16:12
0.444769,-2.891068,2023-01-01T04:16:13
0.555961,-2.891068,2023-01-01T04:16:14
0.555961,-2.891068,2023-01-01T04:16:15
0.555961,-2.891068,2023-01-01T04:16:16
0.555961,-2.891068,2023-01-01T04:16:17
0.555961,-2.891068,2023-01-01T04:16:18
0.555961,-2.891068,2023-01-01T04:16:19
0.555961,-2.891068,2023-01-01T04:16:20
0.555961,-2.891068,2023-01-01T04:16:21
0.555961,-2.891068,2023-01-01T04:16:22
0.555961,-2.891068,2023-01-01T04:16:23
0.555961,-2.891068,2023-01-01T04:16:24
0.555961,-2.891068,2023-01-01T04:16:25
0.555961,-2.891068,2023-01-01T04:16:26
0.555961,-2.891068,2023-01-01T04:16:27
0.555961,-2.891068,2023-01-01T04:16:28
0.555961,-2.891068,2023-01-01T04:16:29
0.555961,-2.891068,2023-01-01T04:16:30
0.555961,-2.891068,2023-01-01T04:16:31
0.555961,-2.891068,2023-01-01T04:16:32
0.555961,-2.891068,2023-01-01T04:16:33
0.555961,-2.891068,2023-01-01T04:16:34
0.555961,-2.891068,2023-01-01T04:16:35
0.555961,-2.779873,2023-01-01T04:16:36
0.555961,-2.779873,2023-01-01T04:16:37
0.555961,-2.779873,2023-01-01T04:16:38
0.555961,-2.779873,2023-01-01T04:16:39
0.555961,-2.779873,2023-01-01T04:16:40
0.555961,-2.779873,2023-01-01T04:16:41
0.555961,-2.779873,2023-01-01T04:16:42
0.555961,-2.779873,2023-01-01T04:16:43
0.555961,-2.779873,2023-01-01T04:16:44
0.555961,-2.779873,2023-01-01T04:16:45
0.555961,-2.779873,2023-01-01T04:16:46
0.555961,-2.779873,2023-01-01T04:16:47
0.555961,-2.779873,2023-01-01T04:16:48
0.555961,-2.779873,2023-01-01T04:16:49
0.555961,-2.779873,2023-01-01T04:16:50
0.555961,-2.779873,2023-01-01T04:16:51
0.555961,-2.779873,2023-01-01T04:16:52
0.555961,-2.779873,2023-01-01T04:16:53
0.555961,-2.779873,2023-01-01T04:16:54
0.555961,-2.779873,2023-01-01T04:16:55
0.555961,-2.668678,2023-01-01T04:16:56
0.555961,-2.668678,2023-01-01T04:16:57
0.555961,-2.779873,2023-01-01T04:16:58
0.555961,-2.779873,2023-01-01T04:16:59
0.555961,-2.779873,2023-01-01T04:17:00
0.667154,-2.779873,2023-01-01T04:17:01
0.667154,-2.779873,2023-01-01T04:17:02
0.667154,-2.779873,2023-01-01T04:17:03
0.667154,-2.779873,2023-01-01T04:17:04
0.667154,-2.779873,2023-01-01T04:17:05
0.667154,-2.779873,2023-01-01T04:17:06
0.667154,-2.779873,2023-01-01T04:17:07
0.667154,-2.779873,2023-01-01T04:17:08
0.667154,-2.891068,2023-01-01T04:17:09
0.667154,-2.891068,2023-01-01T04:17:10
0.667154,-2.891068,2023-01-01T04:17:11
0.667154,-2.891068,2023-01-01T04:17:12
0.667154,-2.891068,2023-01-01T04:17:13
0.667154,-2.891068,2023-01-01T04:17:14
0.667154,-2.779873,2023-01-01T04:17:15
0.667154,-2.779873,2023-01-01T04:17:16
0.667154,-2.779873,2023-01-01T04:17:17
0.667154,-2.779873,2023-01-01T04:17:18
0.667154,-2.779873,2023-01-01T04:17:19
0.667154,-2.779873,2023-01-01T04:17:20
0.667154,-2.779873,2023-01-01T04:17:21
0.667154,-2.779873,2023-01-01T04:17:22
0.667154,-2.779873,2023-01-01T04:17:23
0.778346,-2.891068,2023-01-01T04:17:24
0.778346,-2.891068,2023-01-01T04:17:25
0.778346,-2.891068,2023-01-01T04:17:26
0.778346,-2.891068,2023-01-01T04:17:27
0.778346,-2.891068,2023-01-01T04:17:28
0.778346,-2.891068,2023-01-01T04:17:29
0.778346,-2.891068,2023-01-01T04:17:30
0.778346,-2.891068,2023-01-01T04:17:31
0.778346,-2.891068,2023-01-01T04:17:32
0.778346,-2.891068,2023-01-01T04:17:33
0.778346,-2.891068,2023-01-01T04:17:34
0.778346,-2.891068,2023-01-01T04:17:35
0.778346,-2.891068,2023-01-01T04:17:36
0.778346,-2.891068,2023-01-01T04:17:37
0.778346,-2.891068,2023-01-01T04:17:38
0.778346,-2.891068,2023-01-01T04:17:39
0.778346,-2.891068,2023-01-01T04:17:40
0.778346,-2.891068,2023-01-01T04:17:41
0.778346,-2.891068,2023-01-01T04:17:42
0.778346,-2.891068,2023-01-01T04:17:43
0.778346,-2.891068,2023-01-01T04:17:44
0.778346,-2.779873,2023-01-01T04:17:45
0.778346,-2.779873,2023-01-01T04:17:46
0.778346,-2.779873,2023-01-01T04:17:47
0.889538,-2.779873,2023-01-01T04:17:48
0.889538,-2.891068,2023-01-01T04:17:49
0.889538,-2.891068,2023-01-01T04:17:50
0.889538,-2.891068,2023-01-01T04:17:51
0.889538,-2.891068,2023-01-01T04:17:52
0.889538,-2.891068,2023-01-01T04:17:53
0.889538,-2.891068,2023-01-01T04:17:54
0.889538,-2.891068,2023-01-01T04:17:55
0.889538,-2.891068,2023-01-01T04:17:56
0.889538,-2.891068,2023-01-01T04:17:57
0.889538,-2.891068,2023-01-01T04:17:58
0.889538,-2.891068,2023-01-01T04:17:59
0.889538,-2.779873,2023-01-01T04:18:00
0.889538,-2.779873,2023-01-01T04:18:01
0.889538,-2.779873,2023-01-01T04:18:02
0.889538,-2.779873,2023-01-01T04:18:03
0.889538,-2.779873,2023-01-01T04:18:04
0.889538,-2.779873,2023-01-01T04:18:05
0.889538,-2.779873,2023-01-01T04:18:06
0.889538,-2.779873,2023-01-01T04:18:07
0.889538,-2.779873,2023-01-01T04:18:08
0.889538,-2.779873,2023-01-01T04:18:09
1.000731,-2.779873,2023-01-01T04:18:10
1.000731,-2.779873,2023-01-01T04:18:11
1.000731,-2.668678,2023-01-01T04:18:12
1.000731,-2.668678,2023-01-01T04:18:13
1.000731,-2.668678,2023-01-01T04:18:14
1.000731,-2.668678,2023-01-01T04:18:15
1.000731,-2.668678,2023-01-01T04:18:16
1.000731,-2.668678,2023-01-01T04:18:17
1.000731,-2.668678,2023-01-01T04:18:18
1.000731,-2.668678,2023-01-01T04:18:19
1.000731,-2.668678,2023-01-01T04:18:20
1.000731,-2.668678,2023-01-01T04:18:21
1.000731,-2.668678,2023-01-01T04:18:22
1.000731,-2.668678,2023-01-01T04:18:23
1.000731,-2.668678,2023-01-01T04:18:24
1.000731,-2.668678,2023-01-01T04:18:25
1.000731,-2.668678,2023-01-01T04:18:26
1.000731,-2.668678,2023-01-01T04:18:27
1.000731,-2.668678,2023-01-01T04:18:28
1.000731,-2.668678,2023-01-01T04:18:29
1.000731,-2.668678,2023-01-01T04:18:30
1.000731,-2.668678,2023-01-01T04:18:31
1.111923,-2.668678,2023-01-01T04:18:32
1.111923,-2.668678,2023-01-01T04:18:33
1.111923,-2.668678,2023-01-01T04:18:34
1.111923,-2.668678,2023-01-01T04:18:35
1.111923,-2.668678,2023-01-01T04:18:36
1.111923,-2.668678,2023-01-01T04:18:37
1.111923,-2.668678,2023-01-01T04:18:38
1.111923,-2.668678,2023-01-01T04:18:39
1.111923,-2.668678,2023-01-01T04:18:40
1.111923,-2.557483,2023-01-01T04:18:41
1.111923,-2.557483,2023-01-01T04:18:42
1.111923,-2.557483,2023-01-01T04:18:43
1.111923,-2.557483,2023-01-01T04:18:44
1.111923,-2.557483,2023-01-01T04:18:45
1.111923,-2.557483,2023-01-01T04:18:46
1.111923,-2.557483,2023-01-01T04:18:47
1.111923,-2.557483,2023-01-01T04:18:48
1.111923,-2.557483,2023-01-01T04:18:49
1.111923,-2.557483,2023-01-01T04:18:50
1.111923,-2.557483,2023-01-01T04:18:51
1.111923,-2.557483,2023-01-01T04:18:52
1.223115,-2.557483,2023-01-01T04:18:53
1.223115,-2.557483,2023-01-01T04:18:54
1.223115,-2.557483,2023-01-01T04:18:55
1.223115,-2.557483,2023-01-01T04:18:56
1.223115,-2.557483,2023-01-01T04:18:57
1.223115,-2.557483,2023-01-01T04:18:58
1.223115,-2.557483,2023-01-01T04:18:59
1.223115,-2.668678,2023-01-01T04:19:00
1.223115,-2.668678,2023-01-01T04:19:01
1.223115,-2.668678,2023-01-01T04:19:02
1.223115,-2.668678,2023-01-01T04:19:03
1.223115,-2.668678,2023-01-01T04:19:04
1.223115,-2.668678,2023-01-01T04:19:05
1.334307,-2.668678,2023-01-01T04:19:06
1.334307,-2.668678,2023-01-01T04:19:07
1.334307,-2.668678,2023-01-01T04:19:08
1.334307,-2.668678,2023-01-01T04:19:09
1.334307,-2.668678,2023-01-01T04:19:10
1.334307,-2.668678,2023-01-01T04:19:11
1.334307,-2.668678,2023-01-01T04:19:12
1.334307,-2.668678,2023-01-01T04:19:13
1.334307,-2.668678,2023-01-01T04:19:14
1.334307,-2.668678,2023-01-01T04:19:15
1.334307,-2.668678,2023-01-01T04:19:16
1.334307,-2.668678,2023-01-01T04:19:17
1.334307,-2.668678,2023-01-01T04:19:18
1.334307,-2.668678,2023-01-01T04:19:19
1.334307,-2.668678,2023-01-01T04:19:20
1.334307,-2.668678,2023-01-01T04:19:21
1.334307,-2.668678,2023-01-01T04:19:22
1.334307,-2.668678,2023-01-01T04:19:23
1.445500,-2.668678,2023-01-01T04:19:24
1.445500,-2.668678,2023-01-01T04:19:25
1.445500,-2.668678,2023-01-01T04:19:26
1.445500,-2.668678,2023-01-01T04:19:27
1.445500,-2.668678,2023-01-01T04:19:28
1.445500,-2.668678,2023-01-01T04:19:29
1.445500,-2.668678,2023-01-01T04:19:30
1.445500,-2.668678,2023-01-01T04:19:31
1.445500,-2.668678,2023-01-01T04:19:32
1.445500,-2.668678,2023-01-01T04:19:33
1.445500,-2.668678,2023-01-01T04:19:34
1.445500,-2.668678,2023-01-01T04:19:35
1.445500,-2.668678,2023-01-01T04:19:36
1.445500,-2.668678,2023-01-01T04:19:37
1.445500,-2.668678,2023-01-01T04:19:38
1.445500,-2.668678,2023-01-01T04:19:39
1.445500,-2.668678,2023-01-01T04:19:40
1.445500,-2.668678,2023-01-01T04:19:41
1.445500,-2.668678,2023-01-01T04:19:42
1.445500,-2.668678,2023-01-01T04:19:43
1.445500,-2.557483,2023-01-01T04:19:44
1.445500,-2.557483,2023-01-01T04:19:45
1.445500,-2.557483,2023-01-01T04:19:46
1.445500,-2.557483,2023-01-01T04:19:47
1.445500,-2.557483,2023-01-01T04:19:48
1.445500,-2.557483,2023-01-01T04:19:49
1.445500,-2.557483,2023-01-01T04:19:50
1.445500,-2.557483,2023-01-01T04:19:51
1.445500,-2.557483,2023-01-01T04:19:52
1.445500,-2.557483,2023-01-01T04:19:53
1.445500,-2.557483,2023-01-01T04:19:54
1.445500,-2.557483,2023-01-01T04:19:55
1.445500,-2.557483,2023-01-01T04:19:56
1.445500,-2.557483,2023-01-01T04:19:57
1.445500,-2.557483,2023-01-01T04:19:58
1.445500,-2.557483,2023-01-01T04:19:59
1.445500,-2.557483,2023-01-01T04:20:00
1.445500,-2.557483,2023-01-01T04:20:01
1.445500,-2.557483,2023-01-01T04:20:02
1.445500,-2.557483,2023-01-01T04:20:03
1.445500,-2.557483,2023-01-01T04:20:04
1.445500,-2.557483,2023-01-01T04:20:05
1.445500,-2.557483,2023-01-01T04:20:06
1.445500,-2.446288,2023-01-01T04:20:07
1.445500,-2.557483,2023-01-01T04:20:08
1.445500,-2.557483,2023-01-01T04:20:09
1.445500,-2.557483,2023-01-01T04:20:10
1.445500,-2.557483,2023-01-01T04:20:11
1.556692,-2.557483,2023-01-01T04:20:12
1.556692,-2.557483,2023-01-01T04:20:13
1.556692,-2.557483,2023-01-01T04:20:14
1.556692,-2.557483,2023-01-01T04:20:15
1.556692,-2.557483,2023-01-01T04:20:16
1.556692,-2.557483,2023-01-01T04:20:17
1.556692,-2.557483,2023-01-01T04:20:18
1.556692,-2.557483,2023-01-01T04:20:19
1.556692,-2.557483,2023-01-01T04:20:20
1.556692,-2.557483,2023-01-01T04:20:21
1.556692,-2.557483,2023-01-01T04:20:22
1.556692,-2.557483,2023-01-01T04:20:23
1.556692,-2.557483,2023-01-01T04:20:24
1.556692,-2.557483,2023-01-01T04:20:25
1.556692,-2.557483,2023-01-01T04:20:26
1.556692,-2.557483,2023-01-01T04:20:27
1.556692,-2.557483,2023-01-01T04:20:28
1.556692,-2.557483,2023-01-01T04:20:29
1.556692,-2.557483,2023-01-01T04:20:30
1.556692,-2.557483,2023-01-01T04:20:31
1.556692,-2.557483,2023-01-01T04:20:32
1.556692,-2.557483,2023-01-01T04:20:33
1.556692,-2.557483,2023-01-01T04:20:34
1.556692,-2.557483,2023-01-01T04:20:35
1.556692,-2.557483,2023-01-01T04:20:36
1.556692,-2.557483,2023-01-01T04:20:37
1.556692,-2.557483,2023-01-01T04:20:38
1.556692,-2.557483,2023-01-01T04:20:39
1.556692,-2.557483,2023-01-01T04:20:40
1.556692,-2.557483,2023-01-01T04:20:41
1.556692,-2.557483,2023-01-01T04:20:42
1.556692,-2.557483,2023-01-01T04:20:43
1.556692,-2.557483,2023-01-01T04:20:44
1.556692,-2.557483,2023-01-01T04:20:45
1.556692,-2.557483,2023-01-01T04:20:46
1.556692,-2.557483,2023-01-01T04:20:47
1.556692,-2.557483,2023-01-01T04:20:48
1.556692,-2.557483,2023-01-01T04:20:49
1.556692,-2.557483,2023-01-01T04:20:50
1.556692,-2.557483,2023-01-01T04:20:51
1.556692,-2.557483,2023-01-01T04:20:52
1.556692,-2.557483,2023-01-01T04:20:53
1.556692,-2.557483,2023-01-01T04:20:54
1.556692,-2.557483,2023-01-01T04:20:55
1.556692,-2.557483,2023-01-01T04:20:56
1.556692,-2.557483,2023-01-01T04:20:57
1.556692,-2.557483,2023-01-01T04:20:58
1.556692,-2.557483,2023-01-01T04:20:59
1.556692,-2.557483,2023-01-01T04:21:00
1.556692,-2.557483,2023-01-01T04:21:01
1.556692,-2.557483,2023-01-01T04:21:02
1.556692,-2.557483,2023-01-01T04:21:03
1.556692,-2.557483,2023-01-01T04:21:04
1.556692,-2.557483,2023-01-01T04:21:05
1.556692,-2.557483,2023-01-01T04:21:06
1.556692,-2.557483,2023-01-01T04:21:07
1.556692,-2.557483,2023-01-01T04:21:08
1.556692,-2.557483,2023-01-01T04:21:09
1.556692,-2.557483,2023-01-01T04:21:10
1.556692,-2.557483,2023-01-01T04:21:11
1.667884,-2.557483,2023-01-01T04:21:12
1.667884,-2.557483,2023-01-01T04:21:13
1.667884,-2.557483,2023-01-01T04:21:14
1.667884,-2.557483,2023-01-01T04:21:15
1.667884,-2.557483,2023-01-01T04:21:16
1.667884,-2.557483,2023-01-01T04:21:17
1.667884,-2.557483,2023-01-01T04:21:18
1.667884,-2.557483,2023-01-01T04:21:19
1.667884,-2.557483,2023-01-01T04:21:20
1.667884,-2.557483,2023-01-01T04:21:21
1.667884,-2.446288,2023-01-01T04:21:22
1.667884,-2.446288,2023-01-01T04:21:23
1.667884,-2.446288,2023-01-01T04:21:24
1.667884,-2.446288,2023-01-01T04:21:25
1.667884,-2.446288,2023-01-01T04:21:26
1.667884,-2.446288,2023-01-01T04:21:27
1.667884,-2.446288,2023-01-01T04:21:28
1.667884,-2.446288,2023-01-01T04:21:29
1.667884,-2.446288,2023-01-01T04:21:30
1.667884,-2.446288,2023-01-01T04:21:31
1.667884,-2.446288,2023-01-01T04:21:32
1.667884,-2.446288,2023-01-01T04:21:33
1.667884,-2.446288,2023-01-01T04:21:34
1.667884,-2.446288,2023-01-01T04:21:35
1.667884,-2.446288,2023-01-01T04:21:36
1.667884,-2.446288,2023-01-01T04:21:37
1.667884,-2.446288,2023-01-01T04:21:38
1.667884,-2.446288,2023-01-01T04:21:39
1.667884,-2.446288,2023-01-01T04:21:40
1.667884,-2.446288,2023-01-01T04:21:41
1.667884,-2.446288,2023-01-01T04:21:42
1.667884,-2.446288,2023-01-01T04:21:43
1.667884,-2.446288,2023-01-01T04:21:44
1.667884,-2.446288,2023-01-01T04:21:45
1.667884,-2.446288,2023-01-01T04:21:46
1.667884,-2.446288,2023-01-01T04:21:47
1.667884,-2.446288,2023-01-01T04:21:48
1.667884,-2.446288,2023-01-01T04:21:49
1.667884,-2.446288,2023-01-01T04:21:50
1.667884,-2.446288,2023-01-01T04:21:51
1.667884,-2.446288,2023-01-01T04:21:52
1.667884,-2.446288,2023-01-01T04:21:53
1.667884,-2.446288,2023-01-01T04:21:54
1.667884,-2.446288,2023-01-01T04:21:55
1.667884,-2.446288,2023-01-01T04:21:56
1.667884,-2.446288,2023-01-01T04:21:57
1.667884,-2.446288,2023-01-01T04:21:58
1.667884,-2.446288,2023-01-01T04:21:59
1.667884,-2.446288,2023-01-01T04:22:00
1.667884,-2.446288,2023-01-01T04:22:01
1.667884,-2.446288,2023-01-01T04:22:02
1.667884,-2.446288,2023-01-01T04:22:03
1.667884,-2.446288,2023-01-01T04:22:04
1.667884,-2.446288,2023-01-01T04:22:05
1.667884,-2.446288,2023-01-01T04:22:06
1.667884,-2.446288,2023-01-01T04:22:07
1.779077,-2.446288,2023-01-01T04:22:08
1.779077,-2.446288,2023-01-01T04:22:09
1.779077,-2.335093,2023-01-01T04:22:10
1.779077,-2.335093,2023-01-01T04:22:11
1.779077,-2.335093,2023-01-01T04:22:12
1.779077,-2.335093,2023-01-01T04:22:13
1.779077,-2.335093,2023-01-01T04:22:14
1.779077,-2.335093,2023-01-01T04:22:15
1.779077,-2.335093,2023-01-01T04:22:16
1.779077,-2.335093,2023-01-01T04:22:17
1.779077,-2.335093,2023-01-01T04:22:18
1.779077,-2.335093,2023-01-01T04:22:19
1.779077,-2.335093,2023-01-01T04:22:20
1.779077,-2.335093,2023-01-01T04:22:21
1.779077,-2.335093,2023-01-01T04:22:22
1.779077,-2.335093,2023-01-01T04:22:23
1.779077,-2.335093,2023-01-01T04:22:24
1.779077,-2.335093,2023-01-01T04:22:25
1.779077,-2.335093,2023-01-01T04:22:26
1.779077,-2.335093,2023-01-01T04:22:27
1.779077,-2.335093,2023-01-01T04:22:28
1.779077,-2.335093,2023-01-01T04:22:29
1.779077,-2.335093,2023-01-01T04:22:30
1.779077,-2.335093,2023-01-01T04:22:31
1.779077,-2.335093,2023-01-01T04:22:32
1.779077,-2.335093,2023-01-01T04:22:33
1.890269,-2.335093,2023-01-01T04:22:34
1.890269,-2.335093,2023-01-01T04:22:35
1.890269,-2.335093,2023-01-01T04:22:36
1.890269,-2.335093,2023-01-01T04:22:37
1.890269,-2.335093,2023-01-01T04:22:38
1.890269,-2.335093,2023-01-01T04:22:39
1.890269,-2.335093,2023-01-01T04:22:40
1.890269,-2.335093,2023-01-01T04:22:41
1.890269,-2.335093,2023-01-01T04:22:42
1.890269,-2.335093,2023-01-01T04:22:43
1.890269,-2.335093,2023-01-01T04:22:44
1.890269,-2.335093,2023-01-01T04:22:45
1.890269,-2.335093,2023-01-01T04:22:46
1.890269,-2.335093,2023-01-01T04:22:47
1.890269,-2.335093,2023-01-01T04:22:48
1.890269,-2.335093,2023-01-01T04:22:49
1.890269,-2.335093,2023-01-01T04:22:50
1.890269,-2.335093,2023-01-01T04:22:51
1.890269,-2.335093,2023-01-01T04:22:52
1.890269,-2.335093,2023-01-01T04:22:53
1.890269,-2.335093,2023-01-01T04:22:54
2.001461,-2.335093,2023-01-01T04:22:55
2.001461,-2.335093,2023-01-01T04:22:56
2.001461,-2.335093,2023-01-01T04:22:57
2.001461,-2.335093,2023-01-01T04:22:58
2.001461,-2.223899,2023-01-01T04:22:59
2.001461,-2.223899,2023-01-01T04:23:00
2.001461,-2.223899,2023-01-01T04:23:01
2.001461,-2.223899,2023-01-01T04:23:02
2.001461,-2.223899,2023-01-01T04:23:03
2.001461,-2.223899,2023-01-01T04:23:04
2.001461,-2.223899,2023-01-01T04:23:05
2.001461,-2.223899,2023-01-01T04:23:06
2.001461,-2.223899,2023-01-01T04:23:07
2.001461,-2.223899,2023-01-01T04:23:08
2.001461,-2.223899,2023-01-01T04:23:09
2.001461,-2.223899,2023-01-01T04:23:10
2.001461,-2.223899,2023-01-01T04:23:11
2.112653,-2.223899,2023-01-01T04:23:12
2.112653,-2.223899,2023-01-01T04:23:13
2.112653,-2.223899,2023-01-01T04:23:14
2.112653,-2.223899,2023-01-01T04:23:15
2.112653,-2.223899,2023-01-01T04:23:16
2.112653,-2.223899,2023-01-01T04:23:17
2.112653,-2.223899,2023-01-01T04:23:18
2.112653,-2.223899,2023-01-01T04:23:19
2.112653,-2.223899,2023-01-01T04:23:20
2.112653,-2.223899,2023-01-01T04:23:21
2.112653,-2.223899,2023-01-01T04:23:22
2.112653,-2.223899,2023-01-01T04:23:23
2.112653,-2.223899,2023-01-01T04:23:24
2.112653,-2.223899,2023-01-01T04:23:25
2.112653,-2.223899,2023-01-01T04:23:26
2.223846,-2.223899,2023-01-01T04:23:27
2.223846,-2.223899,2023-01-01T04:23:28
2.223846,-2.223899,2023-01-01T04:23:29
2.223846,-2.223899,2023-01-01T04:23:30
2.223846,-2.223899,2023-01-01T04:23:31
2.223846,-2.223899,2023-01-01T04:23:32
2.223846,-2.223899,2023-01-01T04:23:33
2.223846,-2.223899,2023-01-01T04:23:34
2.223846,-2.223899,2023-01-01T04:23:35
2.223846,-2.223899,2023-01-01T04:23:36
2.223846,-2.223899,2023-01-01T04:23:37
2.223846,-2.223899,2023-01-01T04:23:38
2.223846,-2.112704,2023-01-01T04:23:39
2.223846,-2.112704,2023-01-01T04:23:40
2.223846,-2.112704,2023-01-01T04:23:41
2.335038,-2.112704,2023-01-01T04:23:42
2.335038,-2.112704,2023-01-01T04:23:43
2.335038,-2.112704,2023-01-01T04:23:44
2.335038,-2.112704,2023-01-01T04:23:45
2.335038,-2.112704,2023-01-01T04:23:46
2.335038,-2.112704,2023-01-01T04:23:47
2.335038,-2.112704,2023-01-01T04:23:48
2.335038,-2.112704,2023-01-01T04:23:49
2.335038,-2.112704,2023-01-01T04:23:50
2.335038,-2.112704,2023-01-01T04:23:51
2.335038,-2.112704,2023-01-01T04:23:52
2.335038,-2.112704,2023-01-01T04:23:53
2.335038,-2.112704,2023-01-01T04:23:54
2.335038,-2.112704,2023-01-01T04:23:55
2.335038,-2.112704,2023-01-01T04:23:56
2.446230,-2.112704,2023-01-01T04:23:57
2.446230,-2.112704,2023-01-01T04:23:58
2.446230,-2.112704,2023-01-01T04:23:59
2.446230,-2.112704,2023-01-01T04:24:00
2.446230,-2.112704,2023-01-01T04:24:01
2.446230,-2.001509,2023-01-01T04:24:02
2.446230,-2.001509,2023-01-01T04:24:03
2.446230,-2.001509,2023-01-01T04:24:04
2.446230,-2.001509,2023-01-01T04:24:05
2.446230,-2.001509,2023-01-01T04:24:06
2.446230,-2.001509,2023-01-01T04:24:07
2.446230,-2.001509,2023-01-01T04:24:08
2.446230,-2.001509,2023-01-01T04:24:09
2.446230,-2.001509,2023-01-01T04:24:10
2.446230,-2.001509,2023-01-01T04:24:11
2.557423,-2.001509,2023-01-01T04:24:12
2.557423,-2.001509,2023-01-01T04:24:13
2.557423,-2.001509,2023-01-01T04:24:14
2.557423,-2.001509,2023-01-01T04:24:15
2.557423,-2.001509,2023-01-01T04:24:16
2.557423,-2.001509,2023-01-01T04:24:17
2.557423,-2.001509,2023-01-01T04:24:18
2.557423,-2.001509,2023-01-01T04:24:19
2.557423,-2.001509,2023-01-01T04:24:20
2.557423,-1.890314,2023-01-01T04:24:21
2.557423,-1.890314,2023-01-01T04:24:22
2.557423,-1.890314,2023-01-01T04:24:23
2.557423,-1.890314,2023-01-01T04:24:24
2.557423,-1.890314,2023-01-01T04:24:25
2.557423,-1.890314,2023-01-01T04:24:26
2.668615,-1.890314,2023-01-01T04:24:27
2.668615,-1.890314,2023-01-01T04:24:28
2.668615,-1.890314,2023-01-01T04:24:29
2.668615,-1.890314,2023-01-01T04:24:30
2.668615,-1.890314,2023-01-01T04:24:31
2.668615,-1.890314,2023-01-01T04:24:32
2.668615,-1.890314,2023-01-01T04:24:33
2.668615,-1.890314,2023-01-01T04:24:34
2.668615,-1.890314,2023-01-01T04:24:35
2.668615,-1.890314,2023-01-01T04:24:36
2.668615,-1.890314,2023-01-01T04:24:37
2.668615,-1.779119,2023-01-01T04:24:38
2.668615,-1.779119,2023-01-01T04:24:39
2.668615,-1.779119,2023-01-01T04:24:40
2.668615,-1.779119,2023-01-01T04:24:41
2.779807,-1.779119,2023-01-01T04:24:42
2.779807,-1.779119,2023-01-01T04:24:43
2.779807,-1.779119,2023-01-01T04:24:44
2.779807,-1.779119,2023-01-01T04:24:45
2.779807,-1.779119,2023-01-01T04:24:46
2.779807,-1.779119,2023-01-01T04:24:47
2.779807,-1.779119,2023-01-01T04:24:48
2.779807,-1.779119,2023-01-01T04:24:49
2.779807,-1.779119,2023-01-01T04:24:50
2.779807,-1.779119,2023-01-01T04:24:51
2.779807,-1.779119,2023-01-01T04:24:52
2.779807,-1.667924,2023-01-01T04:24:53
2.779807,-1.667924,2023-01-01T04:24:54
2.779807,-1.667924,2023-01-01T04:24:55
2.779807,-1.667924,2023-01-01T04:24:56
2.779807,-1.667924,2023-01-01T04:24:57
2.890999,-1.667924,2023-01-01T04:24:58
2.890999,-1.667924,2023-01-01T04:24:59
2.890999,-1.667924,2023-01-01T04:25:00
2.890999,-1.667924,2023-01-01T04:25:01
2.890999,-1.667924,2023-01-01T04:25:02
2.890999,-1.667924,2023-01-01T04:25:03
2.890999,-1.667924,2023-01-01T04:25:04
2.890999,-1.556729,2023-01-01T04:25:05
2.890999,-1.556729,2023-01-01T04:25:06
2.890999,-1.556729,2023-01-01T04:25:07
2.890999,-1.556729,2023-01-01T04:25:08
2.890999,-1.556729,2023-01-01T04:25:09
2.890999,-1.556729,2023-01-01T04:25:10
2.890999,-1.556729,2023-01-01T04:25:11
2.890999,-1.556729,2023-01-01T04:25:12
2.890999,-1.556729,2023-01-01T04:25:13
3.002192,-1.556729,2023-01-01T04:25:14
3.002192,-1.556729,2023-01-01T04:25:15
3.002192,-1.556729,2023-01-01T04:25:16
3.002192,-1.556729,2023-01-01T04:25:17
3.002192,-1.556729,2023-01-01T04:25:18
3.002192,-1.445534,2023-01-01T04:25:19
3.002192,-1.445534,2023-01-01T04:25:20
3.002192,-1.445534,2023-01-01T04:25:21
3.002192,-1.445534,2023-01-01T04:25:22
3.002192,-1.445534,2023-01-01T04:25:23
3.002192,-1.445534,2023-01-01T04:25:24
3.002192,-1.445534,2023-01-01T04:25:25
3.002192,-1.445534,2023-01-01T04:25:26
3.002192,-1.445534,2023-01-01T04:25:27
3.002192,-1.445534,2023-01-01T04:25:28
3.002192,-1.445534,2023-01-01T04:25:29
3.002192,-1.445534,2023-01-01T04:25:30
3.002192,-1.445534,2023-01-01T04:25:31
3.002192,-1.445534,2023-01-01T04:25:32
3.113384,-1.445534,2023-01-01T04:25:33
3.113384,-1.334339,2023-01-01T04:25:34
3.113384,-1.334339,2023-01-01T04:25:35
3.113384,-1.334339,2023-01-01T04:25:36
3.113384,-1.334339,2023-01-01T04:25:37
3.113384,-1.334339,2023-01-01T04:25:38
3.113384,-1.334339,2023-01-01T04:25:39
3.113384,-1.334339,2023-01-01T04:25:40
3.113384,-1.334339,2023-01-01T04:25:41
3.113384,-1.334339,2023-01-01T04:25:42
3.113384,-1.334339,2023-01-01T04:25:43
3.113384,-1.334339,2023-01-01T04:25:44
3.113384,-1.334339,2023-01-01T04:25:45
3.113384,-1.334339,2023-01-01T04:25:46
3.113384,-1.334339,2023-01-01T04:25:47
3.113384,-1.223144,2023-01-01T04:25:48
3.113384,-1.223144,2023-01-01T04:25:49
3.113384,-1.223144,2023-01-01T04:25:50
3.113384,-1.223144,2023-01-01T04:25:51
3.113384,-1.223144,2023-01-01T04:25:52
3.113384,-1.223144,2023-01-01T04:25:53
3.113384,-1.223144,2023-01-01T04:25:54
3.113384,-1.223144,2023-01-01T04:25:55
3.224576,-1.223144,2023-01-01T04:25:56
3.224576,-1.223144,2023-01-01T04:25:57
3.224576,-1.223144,2023-01-01T04:25:58
3.224576,-1.223144,2023-01-01T04:25:59
3.224576,-1.223144,2023-01-01T04:26:00
3.224576,-1.223144,2023-01-01T04:26:01
3.224576,-1.223144,2023-01-01T04:26:02
3.224576,-1.111949,2023-01-01T04:26:03
3.224576,-1.111949,2023-01-01T04:26:04
3.224576,-1.111949,2023-01-01T04:26:05
3.224576,-1.111949,2023-01-01T04:26:06
3.224576,-1.111949,2023-01-01T04:26:07
3.224576,-1.111949,2023-01-01T04:26:08
3.224576,-1.111949,2023-01-01T04:26:09
3.224576,-1.111949,2023-01-01T04:26:10
3.224576,-1.111949,2023-01-01T04:26:11
3.224576,-1.111949,2023-01-01T04:26:12
3.224576,-1.111949,2023-01-01T04:26:13
3.224576,-1.111949,2023-01-01T04:26:14
3.224576,-1.111949,2023-01-01T04:26:15
3.224576,-1.111949,2023-01-01T04:26:16
3.224576,-1.111949,2023-01-01T04:26:17
3.335769,-1.111949,2023-01-01T04:26:18
3.335769,-1.000754,2023-01-01T04:26:19
3.335769,-1.000754,2023-01-01T04:26:20
3.335769,-1.000754,2023-01-01T04:26:21
3.335769,-1.000754,2023-01-01T04:26:22
3.335769,-1.000754,2023-01-01T04:26:23
3.335769,-1.000754,2023-01-01T04:26:24
3.335769,-1.000754,2023-01-01T04:26:25
3.335769,-1.000754,2023-01-01T04:26:26
3.335769,-1.000754,2023-01-01T04:26:27
3.335769,-1.000754,2023-01-01T04:26:28
3.335769,-1.000754,2023-01-01T04:26:29
3.335769,-1.000754,2023-01-01T04:26:30
3.335769,-1.000754,2023-01-01T04:26:31
3.335769,-1.000754,2023-01-01T04:26:32
3.335769,-1.000754,2023-01-01T04:26:33
3.335769,-1.000754,2023-01-01T04:26:34
3.335769,-1.000754,2023-01-01T04:26:35
3.335769,-1.000754,2023-01-01T04:26:36
3.335769,-1.000754,2023-01-01T04:26:37
3.446961,-1.000754,2023-01-01T04:26:38
3.446961,-1.000754,2023-01-01T04:26:39
3.446961,-1.000754,2023-01-01T04:26:40
3.446961,-1.000754,2023-01-01T04:26:41
3.446961,-0.889559,2023-01-01T04:26:42
3.446961,-0.889559,2023-01-01T04:26:43
3.446961,-0.889559,2023-01-01T04:26:44
3.446961,-0.889559,2023-01-01T04:26:45
3.446961,-0.889559,2023-01-01T04:26:46
3.446961,-0.889559,2023-01-01T04:26:47
3.446961,-0.889559,2023-01-01T04:26:48
3.446961,-0.889559,2023-01-01T04:26:49
3.446961,-0.889559,2023-01-01T04:26:50
3.446961,-0.889559,2023-01-01T04:26:51
3.446961,-0.889559,2023-01-01T04:26:52
3.446961,-0.889559,2023-01-01T04:26:53
3.446961,-0.889559,2023-01-01T04:26:54
3.446961,-0.889559,2023-01-01T04:26:55
3.446961,-0.889559,2023-01-01T04:26:56
3.446961,-0.889559,2023-01-01T04:26:57
3.446961,-0.889559,2023-01-01T04:26:58
3.446961,-0.889559,2023-01-01T04:26:59
3.446961,-0.889559,2023-01-01T04:27:00
3.558153,-0.889559,2023-01-01T04:27:01
3.558153,-0.889559,2023-01-01T04:27:02
3.558153,-0.889559,2023-01-01T04:27:03
3.558153,-0.889559,2023-01-01T04:27:04
3.558153,-0.889559,2023-01-01T04:27:05
3.558153,-0.889559,2023-01-01T04:27:06
3.558153,-0.889559,2023-01-01T04:27:07
3.558153,-0.778364,2023-01-01T04:27:08
3.558153,-0.778364,2023-01-01T04:27:09
3.558153,-0.778364,2023-01-01T04:27:10
3.558153,-0.778364,2023-01-01T04:27:11
3.558153,-0.778364,2023-01-01T04:27:12
3.558153,-0.778364,2023-01-01T04:27:13
3.558153,-0.778364,2023-01-01T04:27:14
3.558153,-0.778364,2023-01-01T04:27:15
3.558153,-0.778364,2023-01-01T04:27:16
3.558153,-0.778364,2023-01-01T04:27:17
3.558153,-0.778364,2023-01-01T04:27:18
3.558153,-0.778364,2023-01-01T04:27:19
3.558153,-0.778364,2023-01-01T04:27:20
3.558153,-0.778364,2023-01-01T04:27:21
3.558153,-0.778364,2023-01-01T04:27:22
3.558153,-0.778364,2023-01-01T04:27:23
3.558153,-0.778364,2023-01-01T04:27:24
3.558153,-0.778364,2023-01-01T04:27:25
3.558153,-0.778364,2023-01-01T04:27:26
3.558153,-0.778364,2023-01-01T04:27:27
3.558153,-0.778364,2023-01-01T04:27:28
3.558153,-0.778364,2023-01-01T04:27:29
3.558153,-0.778364,2023-01-01T04:27:30
3.558153,-0.778364,2023-01-01T04:27:31
3.558153,-0.778364,2023-01-01T04:27:32
3.558153,-0.778364,2023-01-01T04:27:33
3.558153,-0.778364,2023-01-01T04:27:34
3.558153,-0.778364,2023-01-01T04:27:35
3.669345,-0.778364,2023-01-01T04:27:36
3.669345,-0.667170,2023-01-01T04:27:37
3.669345,-0.667170,2023-01-01T04:27:38
3.669345,-0.667170,2023-01-01T04:27:39
3.669345,-0.667170,2023-01-01T04:27:40
3.669345,-0.667170,2023-01-01T04:27:41
3.669345,-0.667170,2023-01-01T04:27:42
3.669345,-0.667170,2023-01-01T04:27:43
3.669345,-0.667170,2023-01-01T04:27:44
3.669345,-0.667170,2023-01-01T04:27:45
3.669345,-0.667170,2023-01-01T04:27:46
3.669345,-0.667170,2023-01-01T04:27:47
3.669345,-0.667170,2023-01-01T04:27:48
3.669345,-0.667170,2023-01-01T04:27:49
3.669345,-0.667170,2023-01-01T04:27:50
3.669345,-0.667170,2023-01-01T04:27:51
3.669345,-0.667170,2023-01-01T04:27:52
3.669345,-0.667170,2023-01-01T04:27:53
3.669345,-0.667170,2023-01-01T04:27:54
3.669345,-0.667170,2023-01-01T04:27:55
3.669345,-0.667170,2023-01-01T04:27:56
3.669345,-0.667170,2023-01-01T04:27:57
3.669345,-0.667170,2023-01-01T04:27:58
3.669345,-0.667170,2023-01-01T04:27:59
3.669345,-0.667170,2023-01-01T04:28:00
3.669345,-0.667170,2023-01-01T04:28:01
3.669345,-0.667170,2023-01-01T04:28:02
3.669345,-0.667170,2023-01-01T04:28:03
3.669345,-0.667170,2023-01-01T04:28:04
3.669345,-0.667170,2023-01-01T04:28:05
3.669345,-0.667170,2023-01-01T04:28:06
3.669345,-0.555975,2023-01-01T04:28:07
3.669345,-0.555975,2023-01-01T04:28:08
3.669345,-0.555975,2023-01-01T04:28:09
3.669345,-0.555975,2023-01-01T04:28:10
3.669345,-0.555975,2023-01-01T04:28:11
3.669345,-0.555975,2023-01-01T04:28:12
3.669345,-0.555975,2023-01-01T04:28:13
3.669345,-0.555975,2023-01-01T04:28:14
3.669345,-0.555975,2023-01-01T04:28:15
3.669345,-0.555975,2023-01-01T04:28:16
3.669345,-0.555975,2023-01-01T04:28:17
3.669345,-0.555975,2023-01-01T04:28:18
3.669345,-0.555975,2023-01-01T04:28:19
3.669345,-0.555975,2023-01-01T04:28:20
3.669345,-0.555975,2023-01-01T04:28:21
3.669345,-0.555975,2023-01-01T04:28:22
3.669345,-0.555975,2023-01-01T04:28:23
3.669345,-0.555975,2023-01-01T04:28:24
3.669345,-0.555975,2023-01-01T04:28:25
3.780538,-0.555975,2023-01-01T04:28:26
3.780538,-0.555975,2023-01-01T04:28:27
3.780538,-0.555975,2023-01-01T04:28:28
3.780538,-0.555975,2023-01-01T04:28:29
3.780538,-0.555975,2023-01-01T04:28:30
3.780538,-0.555975,2023-01-01T04:28:31
3.780538,-0.555975,2023-01-01T04:28:32
3.780538,-0.555975,2023-01-01T04:28:33
3.780538,-0.555975,2023-01-01T04:28:34
3.780538,-0.555975,2023-01-01T04:28:35
3.780538,-0.555975,2023-01-01T04:28:36
3.780538,-0.555975,2023-01-01T04:28:37
3.780538,-0.555975,2023-01-01T04:28:38
3.780538,-0.555975,2023-01-01T04:28:39
3.780538,-0.555975,2023-01-01T04:28:40
3.780538,-0.555975,2023-01-01T04:28:41
3.780538,-0.555975,2023-01-01T04:28:42
3.780538,-0.555975,2023-01-01T04:28:43
3.780538,-0.555975,2023-01-01T04:28:44
3.780538,-0.555975,2023-01-01T04:28:45
3.780538,-0.555975,2023-01-01T04:28:46
3.780538,-0.555975,2023-01-01T04:28:47
3.780538,-0.444780,2023-01-01T04:28:48
3.780538,-0.444780,2023-01-01T04:28:49
3.780538,-0.444780,2023-01-01T04:28:50
3.780538,-0.444780,2023-01-01T04:28:51
3.780538,-0.444780,2023-01-01T04:28:52
3.891730,-0.444780,2023-01-01T04:28:53
3.891730,-0.444780,2023-01-01T04:28:54
3.891730,-0.333585,2023-01-01T04:28:55
3.891730,-0.333585,2023-01-01T04:28:56
3.891730,-0.333585,2023-01-01T04:28:57
3.891730,-0.333585,2023-01-01T04:28:58
3.891730,-0.333585,2023-01-01T04:28:59
3.891730,-0.333585,2023-01-01T04:29:00
3.891730,-0.333585,2023-01-01T04:29:01
3.891730,-0.333585,2023-01-01T04:29:02
3.891730,-0.222390,2023-01-01T04:29:03
3.891730,-0.222390,2023-01-01T04:29:04
3.891730,-0.222390,2023-01-01T04:29:05
3.891730,-0.222390,2023-01-01T04:29:06
3.891730,-0.222390,2023-01-01T04:29:07
3.891730,-0.222390,2023-01-01T04:29:08
3.891730,-0.222390,2023-01-01T04:29:09
3.891730,-0.222390,2023-01-01T04:29:10
3.891730,-0.222390,2023-01-01T04:29:11
3.891730,-0.222390,2023-01-01T04:29:12
3.891730,-0.222390,2023-01-01T04:29:13
3.891730,-0.111195,2023-01-01T04:29:14
3.891730,-0.111195,2023-01-01T04:29:15
3.891730,-0.111195,2023-01-01T04:29:16
3.891730,-0.111195,2023-01-01T04:29:17
4.002922,-0.111195,2023-01-01T04:29:18
4.002922,-0.111195,2023-01-01T04:29:19
4.002922,-0.111195,2023-01-01T04:29:20
4.002922,-0.111195,2023-01-01T04:29:21
4.002922,-0.111195,2023-01-01T04:29:22
4.002922,-0.111195,2023-01-01T04:29:23
4.002922,0.000000,2023-01-01T04:29:24
4.002922,0.000000,2023-01-01T04:29:25
4.002922,0.000000,2023-01-01T04:29:26
4.002922,0.000000,2023-01-01T04:29:27
4.002922,0.000000,2023-01-01T04:29:28
4.002922,0.000000,2023-01-01T04:29:29
4.002922,0.000000,2023-01-01T04:29:30
4.002922,0.000000,2023-01-01T04:29:31
4.002922,0.000000,2023-01-01T04:29:32
4.002922,0.000000,2023-01-01T04:29:33
4.002922,0.000000,2023-01-01T04:29:34
4.114115,0.000000,2023-01-01T04:29:35
4.114115,0.000000,2023-01-01T04:29:36
4.114115,0.111195,2023-01-01T04:29:37
4.114115,0.111195,2023-01-01T04:29:38
4.114115,0.111195,2023-01-01T04:29:39
4.114115,0.111195,2023-01-01T04:29:40
4.114115,0.111195,2023-01-01T04:29:41
4.114115,0.111195,2023-01-01T04:29:42
4.114115,0.111195,2023-01-01T04:29:43
4.114115,0.111195,2023-01-01T04:29:44
4.114115,0.111195,2023-01-01T04:29:45
4.114115,0.111195,2023-01-01T04:29:46
4.114115,0.111195,2023-01-01T04:29:47
4.114115,0.111195,2023-01-01T04:29:48
4.114115,0.111195,2023-01-01T04:29:49
4.114115,0.111195,2023-01-01T04:29:50
4.225307,0.222390,2023-01-01T04:29:51
4.225307,0.222390,2023-01-01T04:29:52
4.225307,0.222390,2023-01-01T04:29:53
4.225307,0.222390,2023-01-01T04:29:54
4.225307,0.222390,2023-01-01T04:29:55
4.225307,0.222390,2023-01-01T04:29:56
4.225307,0.222390,2023-01-01T04:29:57
4.225307,0.222390,2023-01-01T04:29:58
4.225307,0.333585,2023-01-01T04:29:59
4.225307,0.333585,2023-01-01T04:30:00
4.225307,0.333585,2023-01-01T04:30:01
4.225307,0.333585,2023-01-01T04:30:02
4.225307,0.333585,2023-01-01T04:30:03
4.225307,0.333585,2023-01-01T04:30:04
4.225307,0.444780,2023-01-01T04:30:05
4.225307,0.444780,2023-01-01T04:30:06
4.225307,0.444780,2023-01-01T04:30:07
4.225307,0.444780,2023-01-01T04:30:08
4.336499,0.444780,2023-01-01T04:30:09
4.336499,0.444780,2023-01-01T04:30:10
4.336499,0.444780,2023-01-01T04:30:11
4.336499,0.555975,2023-01-01T04:30:12
4.336499,0.555975,2023-01-01T04:30:13
4.336499,0.555975,2023-01-01T04:30:14
4.336499,0.555975,2023-01-01T04:30:15
4.336499,0.555975,2023-01-01T04:30:16
4.336499,0.555975,2023-01-01T04:30:17
4.336499,0.555975,2023-01-01T04:30:18
4.336499,0.555975,2023-01-01T04:30:19
4.336499,0.555975,2023-01-01T04:30:20
4.336499,0.667170,2023-01-01T04:30:21
4.336499,0.667170,2023-01-01T04:30:22
4.336499,0.667170,2023-01-01T04:30:23
4.336499,0.667170,2023-01-01T04:30:24
4.336499,0.667170,2023-01-01T04:30:25
4.447691,0.667170,2023-01-01T04:30:26
4.447691,0.667170,2023-01-01T04:30:27
4.447691,0.667170,2023-01-01T04:30:28
4.447691,0.667170,2023-01-01T04:30:29
4.447691,0.667170,2023-01-01T04:30:30
4.447691,0.778364,2023-01-01T04:30:31
4.447691,0.778364,2023-01-01T04:30:32
4.447691,0.778364,2023-01-01T04:30:33
4.447691,0.778364,2023-01-01T04:30:34
4.447691,0.778364,2023-01-01T04:30:35
4.447691,0.778364,2023-01-01T04:30:36
4.447691,0.778364,2023-01-01T04:30:37
4.447691,0.778364,2023-01-01T04:30:38
4.447691,0.778364,2023-01-01T04:30:39
4.447691,0.778364,2023-01-01T04:30:40
4.447691,0.889559,2023-01-01T04:30:41
4.447691,0.889559,2023-01-01T04:30:42
4.558884,0.889559,2023-01-01T04:30:43
4.558884,0.889559,2023-01-01T04:30:44
4.558884,0.889559,2023-01-01T04:30:45
4.558884,0.889559,2023-01-01T04:30:46
4.558884,0.889559,2023-01-01T04:30:47
4.558884,0.889559,2023-01-01T04:30:48
4.558884,0.889559,2023-01-01T04:30:49
4.558884,0.889559,2023-01-01T04:30:50
4.558884,1.000754,2023-01-01T04:30:51
4.558884,1.000754,2023-01-01T04:30:52
4.558884,1.000754,2023-01-01T04:30:53
4.558884,1.000754,2023-01-01T04:30:54
4.558884,1.000754,2023-01-01T04:30:55
4.558884,1.000754,2023-01-01T04:30:56
4.558884,1.000754,2023-01-01T04:30:57
4.558884,1.000754,2023-01-01T04:30:58
4.558884,1.000754,2023-01-01T04:30:59
4.558884,1.111949,2023-01-01T04:31:00
4.558884,1.111949,2023-01-01T04:31:01
4.558884,1.111949,2023-01-01T04:31:02
4.558884,1.111949,2023-01-01T04:31:03
4.558884,1.111949,2023-01-01T04:31:04
4.670076,1.111949,2023-01-01T04:31:05
4.670076,1.111949,2023-01-01T04:31:06
4.670076,1.111949,2023-01-01T04:31:07
4.670076,1.111949,2023-01-01T04:31:08
4.670076,1.223144,2023-01-01T04:31:09
4.670076,1.223144,2023-01-01T04:31:10
4.670076,1.223144,2023-01-01T04:31:11
4.670076,1.223144,2023-01-01T04:31:12
4.670076,1.223144,2023-01-01T04:31:13
4.670076,1.223144,2023-01-01T04:31:14
4.670076,1.223144,2023-01-01T04:31:15
4.670076,1.223144,2023-01-01T04:31:16
4.670076,1.223144,2023-01-01T04:31:17
4.670076,1.223144,2023-01-01T04:31:18
4.670076,1.223144,2023-01-01T04:31:19
4.670076,1.334339,2023-01-01T04:31:20
4.670076,1.334339,2023-01-01T04:31:21
4.670076,1.334339,2023-01-01T04:31:22
4.670076,1.334339,2023-01-01T04:31:23
4.670076,1.334339,2023-01-01T04:31:24
4.670076,1.334339,2023-01-01T04:31:25
4.670076,1.334339,2023-01-01T04:31:26
4.670076,1.334339,2023-01-01T04:31:27
4.781268,1.334339,2023-01-01T04:31:28
4.781268,1.334339,2023-01-01T04:31:29
4.781268,1.334339,2023-01-01T04:31:30
4.781268,1.334339,2023-01-01T04:31:31
4.781268,1.334339,2023-01-01T04:31:32
4.781268,1.334339,2023-01-01T04:31:33
4.781268,1.334339,2023-01-01T04:31:34
4.781268,1.334339,2023-01-01T04:31:35
4.781268,1.334339,2023-01-01T04:31:36
4.781268,1.445534,2023-01-01T04:31:37
4.781268,1.445534,2023-01-01T04:31:38
4.781268,1.445534,2023-01-01T04:31:39
4.781268,1.445534,2023-01-01T04:31:40
4.781268,1.445534,2023-01-01T04:31:41
4.781268,1.445534,2023-01-01T04:31:42
4.892461,1.445534,2023-01-01T04:31:43
4.892461,1.445534,2023-01-01T04:31:44
4.892461,1.445534,2023-01-01T04:31:45
4.892461,1.445534,2023-01-01T04:31:46
4.892461,1.334339,2023-01-01T04:31:47
4.892461,1.334339,2023-01-01T04:31:48
4.892461,1.334339,2023-01-01T04:31:49
4.892461,1.334339,2023-01-01T04:31:50
4.892461,1.334339,2023-01-01T04:31:51
4.892461,1.334339,2023-01-01T04:31:52
4.892461,1.334339,2023-01-01T04:31:53
5.003653,1.334339,2023-01-01T04:31:54
5.003653,1.334339,2023-01-01T04:31:55
5.003653,1.334339,2023-01-01T04:31:56
5.003653,1.334339,2023-01-01T04:31:57
5.003653,1.334339,2023-01-01T04:31:58
5.003653,1.334339,2023-01-01T04:31:59
5.003653,1.334339,2023-01-01T04:32:00
5.003653,1.334339,2023-01-01T04:32:01
5.003653,1.334339,2023-01-01T04:32:02
5.003653,1.334339,2023-01-01T04:32:03
5.114845,1.334339,2023-01-01T04:32:04
5.114845,1.334339,2023-01-01T04:32:05
5.114845,1.334339,2023-01-01T04:32:06
5.114845,1.334339,2023-01-01T04:32:07
5.114845,1.334339,2023-01-01T04:32:08
5.114845,1.334339,2023-01-01T04:32:09
5.114845,1.334339,2023-01-01T04:32:10
5.114845,1.334339,2023-01-01T04:32:11
5.114845,1.334339,2023-01-01T04:32:12
5.114845,1.334339,2023-01-01T04:32:13
5.114845,1.334339,2023-01-01T04:32:14
5.114845,1.334339,2023-01-01T04:32:15
5.114845,1.334339,2023-01-01T04:32:16
5.226037,1.334339,2023-01-01T04:32:17
5.226037,1.334339,2023-01-01T04:32:18
5.226037,1.334339,2023-01-01T04:32:19
5.226037,1.334339,2023-01-01T04:32:20
5.226037,1.334339,2023-01-01T04:32:21
5.226037,1.334339,2023-01-01T04:32:22
5.226037,1.334339,2023-01-01T04:32:23
5.226037,1.334339,2023-01-01T04:32:24
5.226037,1.334339,2023-01-01T04:32:25
5.226037,1.334339,2023-01-01T04:32:26
5.226037,1.445534,2023-01-01T04:32:27
5.226037,1.445534,2023-01-01T04:32:28
5.226037,1.445534,2023-01-01T04:32:29
5.226037,1.445534,2023-01-01T04:32:30
5.226037,1.445534,2023-01-01T04:32:31
5.226037,1.445534,2023-01-01T04:32:32
5.226037,1.445534,2023-01-01T04:32:33
5.226037,1.445534,2023-01-01T04:32:34
5.226037,1.445534,2023-01-01T04:32:35
5.226037,1.556729,2023-01-01T04:32:36
5.226037,1.556729,2023-01-01T04:32:37
5.226037,1.556729,2023-01-01T04:32:38
5.226037,1.556729,2023-01-01T04:32:39
5.226037,1.556729,2023-01-01T04:32:40
5.226037,1.556729,2023-01-01T04:32:41
5.226037,1.556729,2023-01-01T04:32:42
5.337230,1.556729,2023-01-01T04:32:43
5.337230,1.556729,2023-01-01T04:32:44
5.337230,1.556729,2023-01-01T04:32:45
5.337230,1.556729,2023-01-01T04:32:46
5.337230,1.667924,2023-01-01T04:32:47
5.337230,1.667924,2023-01-01T04:32:48
5.337230,1.667924,2023-01-01T04:32:49
5.337230,1.667924,2023-01-01T04:32:50
5.337230,1.667924,2023-01-01T04:32:51
5.337230,1.667924,2023-01-01T04:32:52
5.337230,1.667924,2023-01-01T04:32:53
5.337230,1.667924,2023-01-01T04:32:54
5.337230,1.667924,2023-01-01T04:32:55
5.337230,1.667924,2023-01-01T04:32:56
5.337230,1.667924,2023-01-01T04:32:57
5.337230,1.667924,2023-01-01T04:32:58
5.337230,1.667924,2023-01-01T04:32:59
5.337230,1.779119,2023-01-01T04:33:00
5.337230,1.779119,2023-01-01T04:33:01
5.337230,1.779119,2023-01-01T04:33:02
5.337230,1.779119,2023-01-01T04:33:03
5.337230,1.779119,2023-01-01T04:33:04
5.337230,1.779119,2023-01-01T04:33:05
5.337230,1.779119,2023-01-01T04:33:06
5.337230,1.779119,2023-01-01T04:33:07
5.337230,1.779119,2023-01-01T04:33:08
5.337230,1.779119,2023-01-01T04:33:09
5.337230,1.779119,2023-01-01T04:33:10
5.337230,1.779119,2023-01-01T04:33:11
5.337230,1.779119,2023-01-01T04:33:12
5.337230,1.779119,2023-01-01T04:33:13
5.337230,1.779119,2023-01-01T04:33:14
5.337230,1.779119,2023-01-01T04:33:15
5.448422,1.779119,2023-01-01T04:33:16
5.448422,1.779119,2023-01-01T04:33:17
5.448422,1.779119,2023-01-01T04:33:18
5.448422,1.779119,2023-01-01T04:33:19
5.448422,1.779119,2023-01-01T04:33:20
5.448422,1.779119,2023-01-01T04:33:21
5.448422,1.779119,2023-01-01T04:33:22
5.448422,1.779119,2023-01-01T04:33:23
5.448422,1.779119,2023-01-01T04:33:24
5.448422,1.779119,2023-01-01T04:33:25
5.448422,1.779119,2023-01-01T04:33:26
5.448422,1.779119,2023-01-01T04:33:27
5.448422,1.779119,2023-01-01T04:33:28
5.448422,1.779119,2023-01-01T04:33:29
5.448422,1.779119,2023-01-01T04:33:30
5.448422,1.779119,2023-01-01T04:33:31
5.448422,1.779119,2023-01-01T04:33:32
5.448422,1.779119,2023-01-01T04:33:33
5.448422,1.779119,2023-01-01T04:33:34
5.448422,1.667924,2023-01-01T04:33:35
5.448422,1.667924,2023-01-01T04:33:36
5.559614,1.667924,2023-01-01T04:33:37
5.559614,1.667924,2023-01-01T04:33:38
5.559614,1.667924,2023-01-01T04:33:39
5.559614,1.667924,2023-01-01T04:33:40
5.559614,1.667924,2023-01-01T04:33:41
5.559614,1.667924,2023-01-01T04:33:42
5.559614,1.667924,2023-01-01T04:33:43
5.559614,1.667924,2023-01-01T04:33:44
5.559614,1.667924,2023-01-01T04:33:45
5.559614,1.667924,2023-01-01T04:33:46
5.559614,1.556729,2023-01-01T04:33:47
5.559614,1.556729,2023-01-01T04:33:48
5.559614,1.556729,2023-01-01T04:33:49
5.559614,1.556729,2023-01-01T04:33:50
5.559614,1.556729,2023-01-01T04:33:51
5.670806,1.556729,2023-01-01T04:33:52
5.670806,1.556729,2023-01-01T04:33:53
5.670806,1.556729,2023-01-01T04:33:54
5.670806,1.556729,2023-01-01T04:33:55
5.670806,1.556729,2023-01-01T04:33:56
5.670806,1.556729,2023-01-01T04:33:57
5.670806,1.556729,2023-01-01T04:33:58
5.670806,1.556729,2023-01-01T04:33:59
5.670806,1.556729,2023-01-01T04:34:00
5.670806,1.556729,2023-01-01T04:34:01
5.670806,1.556729,2023-01-01T04:34:02
5.670806,1.556729,2023-01-01T04:34:03
5.670806,1.556729,2023-01-01T04:34:04
5.670806,1.556729,2023-01-01T04:34:05
5.670806,1.556729,2023-01-01T04:34:06
5.670806,1.556729,2023-01-01T04:34:07
5.670806,1.556729,2023-01-01T04:34:08
5.781999,1.556729,2023-01-01T04:34:09
5.781999,1.556729,2023-01-01T04:34:10
5.781999,1.556729,2023-01-01T04:34:11
5.781999,1.556729,2023-01-01T04:34:12
5.781999,1.445534,2023-01-01T04:34:13
5.781999,1.445534,2023-01-01T04:34:14
5.781999,1.445534,2023-01-01T04:34:15
5.781999,1.445534,2023-01-01T04:34:16
5.781999,1.445534,2023-01-01T04:34:17
5.781999,1.445534,2023-01-01T04:34:18
5.781999,1.445534,2023-01-01T04:34:19
5.781999,1.445534,2023-01-01T04:34:20
5.781999,1.445534,2023-01-01T04:34:21
5.781999,1.445534,2023-01-01T04:34:22
5.781999,1.445534,2023-01-01T04:34:23
5.781999,1.445534,2023-01-01T04:34:24
5.781999,1.445534,2023-01-01T04:34:25
5.781999,1.445534,2023-01-01T04:34:26
5.781999,1.445534,2023-01-01T04:34:27
5.893191,1.445534,2023-01-01T04:34:28
5.893191,1.445534,2023-01-01T04:34:29
5.893191,1.445534,2023-01-01T04:34:30
5.893191,1.445534,2023-01-01T04:34:31
5.893191,1.445534,2023-01-01T04:34:32
5.893191,1.445534,2023-01-01T04:34:33
5.893191,1.445534,2023-01-01T04:34:34
5.893191,1.445534,2023-01-01T04:34:35
5.893191,1.445534,2023-01-01T04:34:36
5.893191,1.445534,2023-01-01T04:34:37
5.893191,1.445534,2023-01-01T04:34:38
5.893191,1.445534,2023-01-01T04:34:39
5.893191,1.445534,2023-01-01T04:34:40
5.893191,1.445534,2023-01-01T04:34:41
5.893191,1.445534,2023-01-01T04:34:42
5.893191,1.445534,2023-01-01T04:34:43
5.893191,1.445534,2023-01-01T04:34:44
5.893191,1.445534,2023-01-01T04:34:45
5.893191,1.445534,2023-01-01T04:34:46
5.893191,1.445534,2023-01-01T04:34:47
5.893191,1.445534,2023-01-01T04:34:48
5.893191,1.445534,2023-01-01T04:34:49
5.893191,1.445534,2023-01-01T04:34:50
5.893191,1.445534,2023-01-01T04:34:51
5.893191,1.334339,2023-01-01T04:34:52
6.004383,1.334339,2023-01-01T04:34:53
6.004383,1.334339,2023-01-01T04:34:54
6.004383,1.334339,2023-01-01T04:34:55
6.004383,1.334339,2023-01-01T04:34:56
6.004383,1.334339,2023-01-01T04:34:57
6.004383,1.334339,2023-01-01T04:34:58
6.004383,1.334339,2023-01-01T04:34:59
6.004383,1.334339,2023-01-01T04:35:00
6.004383,1.334339,2023-01-01T04:35:01
6.004383,1.334339,2023-01-01T04:35:02
6.004383,1.334339,2023-01-01T04:35:03
6.004383,1.334339,2023-01-01T04:35:04
6.004383,1.334339,2023-01-01T04:35:05
6.004383,1.334339,2023-01-01T04:35:06
6.004383,1.334339,2023-01-01T04:35:07
6.004383,1.334339,2023-01-01T04:35:08
6.004383,1.334339,2023-01-01T04:35:09
6.004383,1.334339,2023-01-01T04:35:10
6.004383,1.334339,2023-01-01T04:35:11
6.004383,1.334339,2023-01-01T04:35:12
6.004383,1.334339,2023-01-01T04:35:13
6.004383,1.334339,2023-01-01T04:35:14
6.004383,1.334339,2023-01-01T04:35:15
6.004383,1.334339,2023-01-01T04:35:16
6.004383,1.334339,2023-01-01T04:35:17
6.004383,1.334339,2023-01-01T04:35:18
6.004383,1.334339,2023-01-01T04:35:19
6.004383,1.334339,2023-01-01T04:35:20
6.004383,1.334339,2023-01-01T04:35:21
6.004383,1.223144,2023-01-01T04:35:22
6.004383,1.223144,2023-01-01T04:35:23
6.004383,1.223144,2023-01-01T04:35:24
6.004383,1.223144,2023-01-01T04:35:25
6.004383,1.223144,2023-01-01T04:35:26
6.004383,1.223144,2023-01-01T04:35:27
6.004383,1.223144,2023-01-01T04:35:28
6.004383,1.223144,2023-01-01T04:35:29
6.004383,1.223144,2023-01-01T04:35:30
6.004383,1.223144,2023-01-01T04:35:31
6.004383,1.223144,2023-01-01T04:35:32
6.004383,1.223144,2023-01-01T04:35:33
6.004383,1.223144,2023-01-01T04:35:34
6.004383,1.223144,2023-01-01T04:35:35
6.004383,1.223144,2023-01-01T04:35:36
6.004383,1.223144,2023-01-01T04:35:37
6.004383,1.223144,2023-01-01T04:35:38
6.004383,1.223144,2023-01-01T04:35:39
6.004383,1.223144,2023-01-01T04:35:40
6.004383,1.223144,2023-01-01T04:35:41
6.004383,1.223144,2023-01-01T04:35:42
6.004383,1.223144,2023-01-01T04:35:43
6.115576,1.223144,2023-01-01T04:35:44
6.115576,1.111949,2023-01-01T04:35:45
6.115576,1.111949,2023-01-01T04:35:46
6.115576,1.111949,2023-01-01T04:35:47
6.115576,1.111949,2023-01-01T04:35:48
6.115576,1.111949,2023-01-01T04:35:49
6.115576,1.111949,2023-01-01T04:35:50
6.115576,1.111949,2023-01-01T04:35:51
6.115576,1.111949,2023-01-01T04:35:52
6.115576,1.111949,2023-01-01T04:35:53
6.115576,1.111949,2023-01-01T04:35:54
6.115576,1.111949,2023-01-01T04:35:55
6.115576,1.111949,2023-01-01T04:35:56
6.115576,1.111949,2023-01-01T04:35:57
6.115576,1.111949,2023-01-01T04:35:58
6.115576,1.111949,2023-01-01T04:35:59
6.115576,1.111949,2023-01-01T04:36:00
6.115576,1.111949,2023-01-01T04:36:01
6.115576,1.111949,2023-01-01T04:36:02
6.115576,1.000754,2023-01-01T04:36:03
6.115576,1.000754,2023-01-01T04:36:04
6.115576,1.000754,2023-01-01T04:36:05
6.115576,1.000754,2023-01-01T04:36:06
6.115576,1.000754,2023-01-01T04:36:07
6.115576,1.000754,2023-01-01T04:36:08
6.115576,1.000754,2023-01-01T04:36:09
6.115576,1.000754,2023-01-01T04:36:10
6.115576,1.000754,2023-01-01T04:36:11
6.115576,1.000754,2023-01-01T04:36:12
6.115576,1.000754,2023-01-01T04:36:13
6.115576,1.000754,2023-01-01T04:36:14
6.115576,1.000754,2023-01-01T04:36:15
6.115576,1.000754,2023-01-01T04:36:16
6.115576,1.000754,2023-01-01T04:36:17
6.115576,1.000754,2023-01-01T04:36:18
6.115576,0.889559,2023-01-01T04:36:19
6.115576,0.889559,2023-01-01T04:36:20
6.115576,0.889559,2023-01-01T04:36:21
6.115576,0.889559,2023-01-01T04:36:22
6.115576,0.889559,2023-01-01T04:36:23
6.115576,0.889559,2023-01-01T04:36:24
6.115576,0.889559,2023-01-01T04:36:25
6.115576,0.889559,2023-01-01T04:36:26
6.115576,0.889559,2023-01-01T04:36:27
6.115576,0.889559,2023-01-01T04:36:28
6.115576,0.889559,2023-01-01T04:36:29
6.115576,0.889559,2023-01-01T04:36:30
6.115576,0.889559,2023-01-01T04:36:31
6.115576,0.889559,2023-01-01T04:36:32
6.115576,0.889559,2023-01-01T04:36:33
6.115576,0.889559,2023-01-01T04:36:34
6.115576,0.889559,2023-01-01T04:36:35
6.115576,0.889559,2023-01-01T04:36:36
6.115576,0.889559,2023-01-01T04:36:37
6.115576,0.889559,2023-01-01T04:36:38
