x,y,timestamp
0.000000,0.000000,2023-01-01T00:00:00
0.000000,0.000000,2023-01-01T00:00:01
0.000000,0.000000,2023-01-01T00:00:02
0.000000,0.000000,2023-01-01T00:00:03
0.000000,0.000000,2023-01-01T00:00:04
0.000000,0.000000,2023-01-01T00:00:05
0.000000,0.000000,2023-01-01T00:00:06
0.000000,0.000000,2023-01-01T00:00:07
0.000000,0.000000,2023-01-01T00:00:08
0.000000,0.000000,2023-01-01T00:00:09
0.000000,0.000000,2023-01-01T00:00:10
0.000000,0.000000,2023-01-01T00:00:11
0.000000,0.000000,2023-01-01T00:00:12
0.000000,0.000000,2023-01-01T00:00:13
0.000000,0.000000,2023-01-01T00:00:14
-0.111192,0.000000,2023-01-01T00:00:15
-0.111192,0.000000,2023-01-01T00:00:16
-0.111192,0.000000,2023-01-01T00:00:17
-0.111192,0.000000,2023-01-01T00:00:18
-0.111192,0.000000,2023-01-01T00:00:19
-0.111192,0.000000,2023-01-01T00:00:20
-0.111192,0.000000,2023-01-01T00:00:21
-0.111192,0.000000,2023-01-01T00:00:22
-0.111192,0.000000,2023-01-01T00:00:23
0.000000,0.000000,2023-01-01T00:00:24
0.000000,0.000000,2023-01-01T00:00:25
0.000000,0.000000,2023-01-01T00:00:26
0.000000,0.000000,2023-01-01T00:00:27
0.000000,0.000000,2023-01-01T00:00:28
0.000000,0.000000,2023-01-01T00:00:29
0.000000,0.000000,2023-01-01T00:00:30
0.000000,0.000000,2023-01-01T00:00:31
0.000000,0.000000,2023-01-01T00:00:32
0.000000,0.000000,2023-01-01T00:00:33
0.000000,0.000000,2023-01-01T00:00:34
0.000000,0.000000,2023-01-01T00:00:35
0.000000,0.000000,2023-01-01T00:00:36
0.000000,0.000000,2023-01-01T00:00:37
0.000000,0.000000,2023-01-01T00:00:38
0.000000,0.000000,2023-01-01T00:00:39
0.000000,0.000000,2023-01-01T00:00:40
0.000000,0.000000,2023-01-01T00:00:41
0.000000,0.000000,2023-01-01T00:00:42
0.000000,0.000000,2023-01-01T00:00:43
0.000000,0.111195,2023-01-01T00:00:44
0.000000,0.111195,2023-01-01T00:00:45
0.000000,0.111195,2023-01-01T00:00:46
-0.111192,0.111195,2023-01-01T00:00:47
-0.111192,0.111195,2023-01-01T00:00:48
-0.111192,0.111195,2023-01-01T00:00:49
0.000000,0.111195,2023-01-01T00:00:50
0.000000,0.111195,2023-01-01T00:00:51
0.000000,0.111195,2023-01-01T00:00:52
0.000000,0.111195,2023-01-01T00:00:53
0.000000,0.111195,2023-01-01T00:00:54
0.000000,0.111195,2023-01-01T00:00:55
0.000000,0.111195,2023-01-01T00:00:56
0.000000,0.111195,2023-01-01T00:00:57
0.000000,0.111195,2023-01-01T00:00:58
0.000000,0.111195,2023-01-01T00:00:59
0.000000,0.111195,2023-01-01T00:01:00
0.000000,0.111195,2023-01-01T00:01:01
0.000000,0.111195,2023-01-01T00:01:02
0.000000,0.111195,2023-01-01T00:01:03
0.000000,0.111195,2023-01-01T00:01:04
-0.111192,0.222390,2023-01-01T00:01:05
-0.111192,0.222390,2023-01-01T00:01:06
-0.111192,0.222390,2023-01-01T00:01:07
-0.111192,0.222390,2023-01-01T00:01:08
-0.111192,0.222390,2023-01-01T00:01:09
-0.111192,0.222390,2023-01-01T00:01:10
-0.222385,0.222390,2023-01-01T00:01:11
-0.222385,0.222390,2023-01-01T00:01:12
-0.222385,0.333585,2023-01-01T00:01:13
-0.222385,0.333585,2023-01-01T00:01:14
-0.333577,0.333585,2023-01-01T00:01:15
-0.333577,0.333585,2023-01-01T00:01:16
-0.333577,0.333585,2023-01-01T00:01:17
-0.444769,0.444780,2023-01-01T00:01:18
-0.444769,0.444780,2023-01-01T00:01:19
-0.444769,0.444780,2023-01-01T00:01:20
-0.555961,0.444780,2023-01-01T00:01:21
-0.555961,0.444780,2023-01-01T00:01:22
-0.555961,0.444780,2023-01-01T00:01:23
-0.555961,0.555975,2023-01-01T00:01:24
-0.667154,0.555975,2023-01-01T00:01:25
-0.667154,0.555975,2023-01-01T00:01:26
-0.667154,0.555975,2023-01-01T00:01:27
-0.667154,0.555975,2023-01-01T00:01:28
-0.778346,0.555975,2023-01-01T00:01:29
-0.778346,0.667170,2023-01-01T00:01:30
-0.778346,0.667170,2023-01-01T00:01:31
-0.778346,0.667170,2023-01-01T00:01:32
-0.889538,0.667170,2023-01-01T00:01:33
-0.889538,0.667170,2023-01-01T00:01:34
-0.889538,0.667170,2023-01-01T00:01:35
-0.889538,0.667170,2023-01-01T00:01:36
-0.778346,0.667170,2023-01-01T00:01:37
-0.778346,0.667170,2023-01-01T00:01:38
-0.778346,0.667170,2023-01-01T00:01:39
-0.778346,0.667170,2023-01-01T00:01:40
-0.778346,0.667170,2023-01-01T00:01:41
-0.778346,0.667170,2023-01-01T00:01:42
-0.667154,0.667170,2023-01-01T00:01:43
-0.667154,0.667170,2023-01-01T00:01:44
-0.667154,0.667170,2023-01-01T00:01:45
-0.667154,0.667170,2023-01-01T00:01:46
-0.667154,0.667170,2023-01-01T00:01:47
-0.667154,0.667170,2023-01-01T00:01:48
-0.555961,0.667170,2023-01-01T00:01:49
-0.555961,0.667170,2023-01-01T00:01:50
-0.555961,0.667170,2023-01-01T00:01:51
-0.555961,0.667170,2023-01-01T00:01:52
-0.555961,0.667170,2023-01-01T00:01:53
-0.555961,0.555975,2023-01-01T00:01:54
-0.555961,0.555975,2023-01-01T00:01:55
-0.555961,0.555975,2023-01-01T00:01:56
-0.555961,0.555975,2023-01-01T00:01:57
-0.444769,0.555975,2023-01-01T00:01:58
-0.444769,0.555975,2023-01-01T00:01:59
-0.444769,0.555975,2023-01-01T00:02:00
-0.444769,0.555975,2023-01-01T00:02:01
-0.444769,0.555975,2023-01-01T00:02:02
-0.444769,0.555975,2023-01-01T00:02:03
-0.444769,0.555975,2023-01-01T00:02:04
-0.444769,0.667170,2023-01-01T00:02:05
-0.555961,0.667170,2023-01-01T00:02:06
-0.555961,0.667170,2023-01-01T00:02:07
-0.555961,0.667170,2023-01-01T00:02:08
-0.555961,0.667170,2023-01-01T00:02:09
-0.555961,0.667170,2023-01-01T00:02:10
-0.667154,0.667170,2023-01-01T00:02:11
-0.667154,0.667170,2023-01-01T00:02:12
-0.667154,0.667170,2023-01-01T00:02:13
-0.778346,0.667170,2023-01-01T00:02:14
-0.778346,0.667170,2023-01-01T00:02:15
-0.778346,0.778364,2023-01-01T00:02:16
-0.889538,0.778364,2023-01-01T00:02:17
-0.889538,0.778364,2023-01-01T00:02:18
-1.000731,0.778364,2023-01-01T00:02:19
-1.000731,0.778364,2023-01-01T00:02:20
-1.111923,0.778364,2023-01-01T00:02:21
-1.111923,0.778364,2023-01-01T00:02:22
-1.223115,0.778364,2023-01-01T00:02:23
-1.223115,0.889559,2023-01-01T00:02:24
-1.223115,0.889559,2023-01-01T00:02:25
-1.334307,0.889559,2023-01-01T00:02:26
-1.334307,0.889559,2023-01-01T00:02:27
-1.445500,0.889559,2023-01-01T00:02:28
-1.445500,0.889559,2023-01-01T00:02:29
-1.445500,0.889559,2023-01-01T00:02:30
-1.556692,0.889559,2023-01-01T00:02:31
-1.556692,0.889559,2023-01-01T00:02:32
-1.556692,0.889559,2023-01-01T00:02:33
-1.556692,0.889559,2023-01-01T00:02:34
-1.445500,0.889559,2023-01-01T00:02:35
-1.445500,0.889559,2023-01-01T00:02:36
-1.445500,0.889559,2023-01-01T00:02:37
-1.334307,0.889559,2023-01-01T00:02:38
-1.334307,0.889559,2023-01-01T00:02:39
-1.223115,0.778364,2023-01-01T00:02:40
-1.223115,0.778364,2023-01-01T00:02:41
-1.111923,0.778364,2023-01-01T00:02:42
-1.111923,0.778364,2023-01-01T00:02:43
-1.000731,0.778364,2023-01-01T00:02:44
-1.000731,0.778364,2023-01-01T00:02:45
-1.000731,0.667170,2023-01-01T00:02:46
-0.889538,0.667170,2023-01-01T00:02:47
-0.889538,0.667170,2023-01-01T00:02:48
-0.778346,0.667170,2023-01-01T00:02:49
-0.778346,0.667170,2023-01-01T00:02:50
-0.778346,0.667170,2023-01-01T00:02:51
-0.667154,0.667170,2023-01-01T00:02:52
-0.667154,0.555975,2023-01-01T00:02:53
-0.555961,0.555975,2023-01-01T00:02:54
-0.555961,0.555975,2023-01-01T00:02:55
-0.555961,0.555975,2023-01-01T00:02:56
-0.444769,0.555975,2023-01-01T00:02:57
-0.444769,0.555975,2023-01-01T00:02:58
-0.333577,0.555975,2023-01-01T00:02:59
-0.333577,0.444780,2023-01-01T00:03:00
-0.222385,0.444780,2023-01-01T00:03:01
-0.222385,0.444780,2023-01-01T00:03:02
-0.111192,0.333585,2023-01-01T00:03:03
0.000000,0.333585,2023-01-01T00:03:04
0.000000,0.333585,2023-01-01T00:03:05
0.111192,0.333585,2023-01-01T00:03:06
0.222385,0.222390,2023-01-01T00:03:07
0.333577,0.222390,2023-01-01T00:03:08
0.444769,0.111195,2023-01-01T00:03:09
0.444769,0.111195,2023-01-01T00:03:10
0.555961,0.111195,2023-01-01T00:03:11
0.667154,0.000000,2023-01-01T00:03:12
0.778346,0.000000,2023-01-01T00:03:13
0.889538,0.000000,2023-01-01T00:03:14
1.000731,-0.111195,2023-01-01T00:03:15
1.000731,-0.111195,2023-01-01T00:03:16
1.111923,-0.222390,2023-01-01T00:03:17
1.223115,-0.222390,2023-01-01T00:03:18
1.334307,-0.222390,2023-01-01T00:03:19
1.445500,-0.333585,2023-01-01T00:03:20
1.556692,-0.333585,2023-01-01T00:03:21
1.667884,-0.444780,2023-01-01T00:03:22
1.779076,-0.444780,2023-01-01T00:03:23
1.890269,-0.555975,2023-01-01T00:03:24
2.001461,-0.667170,2023-01-01T00:03:25
2.112653,-0.667170,2023-01-01T00:03:26
2.335038,-0.778364,2023-01-01T00:03:27
2.446230,-0.778364,2023-01-01T00:03:28
2.557422,-0.889559,2023-01-01T00:03:29
2.668615,-1.000754,2023-01-01T00:03:30
2.779807,-1.000754,2023-01-01T00:03:31
2.890999,-1.111949,2023-01-01T00:03:32
3.002192,-1.111949,2023-01-01T00:03:33
3.002192,-1.111949,2023-01-01T00:03:34
3.002192,-1.111949,2023-01-01T00:03:35
2.890999,-1.111949,2023-01-01T00:03:36
2.890999,-1.111949,2023-01-01T00:03:37
2.890999,-1.111949,2023-01-01T00:03:38
2.779807,-1.111949,2023-01-01T00:03:39
2.779807,-1.111949,2023-01-01T00:03:40
2.779807,-1.111949,2023-01-01T00:03:41
2.668615,-1.111949,2023-01-01T00:03:42
2.668615,-1.111949,2023-01-01T00:03:43
2.668615,-1.111949,2023-01-01T00:03:44
2.557422,-1.111949,2023-01-01T00:03:45
2.557422,-1.111949,2023-01-01T00:03:46
2.557422,-1.111949,2023-01-01T00:03:47
2.557422,-1.111949,2023-01-01T00:03:48
2.446230,-1.000754,2023-01-01T00:03:49
2.446230,-1.000754,2023-01-01T00:03:50
2.446230,-1.000754,2023-01-01T00:03:51
2.446230,-1.000754,2023-01-01T00:03:52
2.335038,-1.000754,2023-01-01T00:03:53
2.335038,-1.000754,2023-01-01T00:03:54
2.335038,-1.000754,2023-01-01T00:03:55
2.335038,-1.000754,2023-01-01T00:03:56
2.335038,-1.000754,2023-01-01T00:03:57
2.223846,-1.000754,2023-01-01T00:03:58
2.223846,-1.000754,2023-01-01T00:03:59
2.223846,-1.000754,2023-01-01T00:04:00
2.223846,-1.000754,2023-01-01T00:04:01
2.112653,-1.000754,2023-01-01T00:04:02
2.112653,-1.000754,2023-01-01T00:04:03
2.112653,-1.000754,2023-01-01T00:04:04
2.001461,-1.000754,2023-01-01T00:04:05
2.001461,-0.889559,2023-01-01T00:04:06
2.001461,-0.889559,2023-01-01T00:04:07
1.890269,-0.889559,2023-01-01T00:04:08
1.890269,-0.889559,2023-01-01T00:04:09
1.779076,-0.889559,2023-01-01T00:04:10
1.779076,-0.889559,2023-01-01T00:04:11
1.667884,-0.889559,2023-01-01T00:04:12
1.667884,-0.778364,2023-01-01T00:04:13
1.556692,-0.778364,2023-01-01T00:04:14
1.445500,-0.778364,2023-01-01T00:04:15
1.445500,-0.778364,2023-01-01T00:04:16
1.334307,-0.667170,2023-01-01T00:04:17
1.223115,-0.667170,2023-01-01T00:04:18
1.111923,-0.667170,2023-01-01T00:04:19
1.111923,-0.667170,2023-01-01T00:04:20
1.000731,-0.555975,2023-01-01T00:04:21
0.889538,-0.555975,2023-01-01T00:04:22
0.778346,-0.555975,2023-01-01T00:04:23
0.667154,-0.555975,2023-01-01T00:04:24
0.667154,-0.444780,2023-01-01T00:04:25
0.555961,-0.444780,2023-01-01T00:04:26
0.444769,-0.444780,2023-01-01T00:04:27
0.444769,-0.444780,2023-01-01T00:04:28
0.333577,-0.333585,2023-01-01T00:04:29
0.222385,-0.333585,2023-01-01T00:04:30
0.222385,-0.333585,2023-01-01T00:04:31
0.111192,-0.333585,2023-01-01T00:04:32
0.000000,-0.222390,2023-01-01T00:04:33
0.000000,-0.222390,2023-01-01T00:04:34
0.000000,-0.222390,2023-01-01T00:04:35
0.000000,-0.222390,2023-01-01T00:04:36
0.000000,-0.222390,2023-01-01T00:04:37
0.000000,-0.222390,2023-01-01T00:04:38
0.000000,-0.222390,2023-01-01T00:04:39
0.000000,-0.222390,2023-01-01T00:04:40
0.000000,-0.222390,2023-01-01T00:04:41
0.000000,-0.222390,2023-01-01T00:04:42
0.000000,-0.222390,2023-01-01T00:04:43
0.000000,-0.222390,2023-01-01T00:04:44
0.000000,-0.222390,2023-01-01T00:04:45
0.000000,-0.222390,2023-01-01T00:04:46
0.000000,-0.222390,2023-01-01T00:04:47
0.000000,-0.222390,2023-01-01T00:04:48
0.000000,-0.222390,2023-01-01T00:04:49
0.000000,-0.222390,2023-01-01T00:04:50
0.000000,-0.222390,2023-01-01T00:04:51
0.000000,-0.222390,2023-01-01T00:04:52
0.000000,-0.222390,2023-01-01T00:04:53
0.000000,-0.222390,2023-01-01T00:04:54
0.000000,-0.222390,2023-01-01T00:04:55
0.000000,-0.222390,2023-01-01T00:04:56
0.000000,-0.222390,2023-01-01T00:04:57
0.000000,-0.222390,2023-01-01T00:04:58
0.000000,-0.222390,2023-01-01T00:04:59
0.000000,-0.222390,2023-01-01T00:05:00
0.000000,-0.222390,2023-01-01T00:05:01
0.000000,-0.222390,2023-01-01T00:05:02
0.000000,-0.222390,2023-01-01T00:05:03
0.000000,-0.111195,2023-01-01T00:05:04
0.000000,-0.111195,2023-01-01T00:05:05
0.000000,-0.111195,2023-01-01T00:05:06
0.000000,-0.111195,2023-01-01T00:05:07
0.000000,-0.111195,2023-01-01T00:05:08
0.000000,-0.111195,2023-01-01T00:05:09
0.000000,-0.111195,2023-01-01T00:05:10
0.111192,-0.111195,2023-01-01T00:05:11
0.111192,-0.111195,2023-01-01T00:05:12
0.111192,-0.111195,2023-01-01T00:05:13
0.111192,-0.111195,2023-01-01T00:05:14
0.111192,-0.111195,2023-01-01T00:05:15
0.111192,-0.111195,2023-01-01T00:05:16
0.111192,-0.111195,2023-01-01T00:05:17
0.111192,-0.111195,2023-01-01T00:05:18
0.111192,0.000000,2023-01-01T00:05:19
0.111192,0.000000,2023-01-01T00:05:20
0.111192,0.000000,2023-01-01T00:05:21
0.111192,0.000000,2023-01-01T00:05:22
0.111192,0.000000,2023-01-01T00:05:23
0.111192,0.000000,2023-01-01T00:05:24
0.111192,0.000000,2023-01-01T00:05:25
0.111192,0.000000,2023-01-01T00:05:26
0.111192,0.000000,2023-01-01T00:05:27
0.111192,0.000000,2023-01-01T00:05:28
0.111192,0.000000,2023-01-01T00:05:29
0.111192,0.000000,2023-01-01T00:05:30
0.111192,0.000000,2023-01-01T00:05:31
0.111192,0.000000,2023-01-01T00:05:32
0.111192,0.000000,2023-01-01T00:05:33
0.111192,0.000000,2023-01-01T00:05:34
0.111192,0.000000,2023-01-01T00:05:35
0.111192,0.000000,2023-01-01T00:05:36
0.111192,0.000000,2023-01-01T00:05:37
0.111192,0.000000,2023-01-01T00:05:38
0.111192,0.000000,2023-01-01T00:05:39
0.111192,0.000000,2023-01-01T00:05:40
0.111192,0.111195,2023-01-01T00:05:41
0.111192,0.111195,2023-01-01T00:05:42
0.111192,0.111195,2023-01-01T00:05:43
0.111192,0.111195,2023-01-01T00:05:44
0.111192,0.111195,2023-01-01T00:05:45
0.111192,0.111195,2023-01-01T00:05:46
0.111192,0.111195,2023-01-01T00:05:47
0.111192,0.111195,2023-01-01T00:05:48
0.111192,0.111195,2023-01-01T00:05:49
0.111192,0.111195,2023-01-01T00:05:50
0.000000,0.111195,2023-01-01T00:05:51
0.000000,0.111195,2023-01-01T00:05:52
0.000000,0.111195,2023-01-01T00:05:53
0.000000,0.111195,2023-01-01T00:05:54
0.000000,0.111195,2023-01-01T00:05:55
0.000000,0.111195,2023-01-01T00:05:56
0.000000,0.111195,2023-01-01T00:05:57
0.000000,0.111195,2023-01-01T00:05:58
0.000000,0.111195,2023-01-01T00:05:59
0.000000,0.111195,2023-01-01T00:06:00
0.000000,0.111195,2023-01-01T00:06:01
0.000000,0.111195,2023-01-01T00:06:02
0.000000,0.111195,2023-01-01T00:06:03
0.000000,0.111195,2023-01-01T00:06:04
0.000000,0.111195,2023-01-01T00:06:05
0.000000,0.111195,2023-01-01T00:06:06
0.111192,0.111195,2023-01-01T00:06:07
0.111192,0.111195,2023-01-01T00:06:08
0.111192,0.111195,2023-01-01T00:06:09
0.111192,0.111195,2023-01-01T00:06:10
0.111192,0.111195,2023-01-01T00:06:11
0.111192,0.111195,2023-01-01T00:06:12
0.111192,0.111195,2023-01-01T00:06:13
0.111192,0.111195,2023-01-01T00:06:14
0.111192,0.111195,2023-01-01T00:06:15
0.111192,0.111195,2023-01-01T00:06:16
0.111192,0.111195,2023-01-01T00:06:17
0.111192,0.111195,2023-01-01T00:06:18
0.111192,0.111195,2023-01-01T00:06:19
0.111192,0.111195,2023-01-01T00:06:20
0.111192,0.111195,2023-01-01T00:06:21
0.111192,0.111195,2023-01-01T00:06:22
0.111192,0.111195,2023-01-01T00:06:23
0.111192,0.111195,2023-01-01T00:06:24
0.111192,0.111195,2023-01-01T00:06:25
0.222385,0.111195,2023-01-01T00:06:26
0.222385,0.111195,2023-01-01T00:06:27
0.222385,0.111195,2023-01-01T00:06:28
0.222385,0.111195,2023-01-01T00:06:29
0.222385,0.111195,2023-01-01T00:06:30
0.222385,0.111195,2023-01-01T00:06:31
0.222385,0.111195,2023-01-01T00:06:32
0.222385,0.111195,2023-01-01T00:06:33
0.222385,0.111195,2023-01-01T00:06:34
0.222385,0.111195,2023-01-01T00:06:35
0.222385,0.111195,2023-01-01T00:06:36
0.222385,0.111195,2023-01-01T00:06:37
0.222385,0.111195,2023-01-01T00:06:38
0.222385,0.111195,2023-01-01T00:06:39
0.222385,0.111195,2023-01-01T00:06:40
0.222385,0.111195,2023-01-01T00:06:41
0.222385,0.111195,2023-01-01T00:06:42
0.222385,0.111195,2023-01-01T00:06:43
0.222385,0.111195,2023-01-01T00:06:44
0.222385,0.111195,2023-01-01T00:06:45
0.222385,0.111195,2023-01-01T00:06:46
0.222385,0.111195,2023-01-01T00:06:47
0.222385,0.111195,2023-01-01T00:06:48
0.222385,0.111195,2023-01-01T00:06:49
0.222385,0.111195,2023-01-01T00:06:50
0.222385,0.000000,2023-01-01T00:06:51
0.222385,0.000000,2023-01-01T00:06:52
0.222385,0.000000,2023-01-01T00:06:53
0.222385,0.000000,2023-01-01T00:06:54
0.222385,0.000000,2023-01-01T00:06:55
0.222385,0.000000,2023-01-01T00:06:56
0.222385,0.000000,2023-01-01T00:06:57
0.222385,0.000000,2023-01-01T00:06:58
0.222385,0.000000,2023-01-01T00:06:59
0.222385,0.000000,2023-01-01T00:07:00
0.222385,0.000000,2023-01-01T00:07:01
0.222385,0.000000,2023-01-01T00:07:02
0.333577,0.000000,2023-01-01T00:07:03
0.333577,0.000000,2023-01-01T00:07:04
0.333577,0.000000,2023-01-01T00:07:05
0.333577,0.000000,2023-01-01T00:07:06
0.333577,0.000000,2023-01-01T00:07:07
0.333577,0.000000,2023-01-01T00:07:08
0.333577,0.000000,2023-01-01T00:07:09
0.333577,0.000000,2023-01-01T00:07:10
0.333577,0.000000,2023-01-01T00:07:11
0.333577,0.000000,2023-01-01T00:07:12
0.333577,0.000000,2023-01-01T00:07:13
0.333577,0.000000,2023-01-01T00:07:14
0.333577,0.000000,2023-01-01T00:07:15
0.333577,0.000000,2023-01-01T00:07:16
0.333577,0.000000,2023-01-01T00:07:17
0.333577,0.000000,2023-01-01T00:07:18
0.333577,0.000000,2023-01-01T00:07:19
0.333577,0.000000,2023-01-01T00:07:20
0.333577,0.000000,2023-01-01T00:07:21
0.333577,0.000000,2023-01-01T00:07:22
0.333577,0.000000,2023-01-01T00:07:23
0.333577,0.000000,2023-01-01T00:07:24
0.333577,0.000000,2023-01-01T00:07:25
0.333577,0.000000,2023-01-01T00:07:26
0.333577,0.000000,2023-01-01T00:07:27
0.333577,0.000000,2023-01-01T00:07:28
0.333577,0.000000,2023-01-01T00:07:29
0.333577,0.000000,2023-01-01T00:07:30
0.333577,0.000000,2023-01-01T00:07:31
0.333577,0.000000,2023-01-01T00:07:32
0.333577,0.000000,2023-01-01T00:07:33
0.333577,0.000000,2023-01-01T00:07:34
0.333577,0.000000,2023-01-01T00:07:35
0.333577,0.000000,2023-01-01T00:07:36
0.333577,0.000000,2023-01-01T00:07:37
0.333577,0.000000,2023-01-01T00:07:38
0.333577,0.000000,2023-01-01T00:07:39
0.333577,0.000000,2023-01-01T00:07:40
0.333577,0.000000,2023-01-01T00:07:41
0.333577,0.111195,2023-01-01T00:07:42
0.333577,0.111195,2023-01-01T00:07:43
0.333577,0.111195,2023-01-01T00:07:44
0.333577,0.111195,2023-01-01T00:07:45
0.333577,0.111195,2023-01-01T00:07:46
0.444769,0.111195,2023-01-01T00:07:47
0.444769,0.111195,2023-01-01T00:07:48
0.444769,0.111195,2023-01-01T00:07:49
0.444769,0.111195,2023-01-01T00:07:50
0.444769,0.111195,2023-01-01T00:07:51
0.444769,0.000000,2023-01-01T00:07:52
0.555961,0.000000,2023-01-01T00:07:53
0.555961,0.000000,2023-01-01T00:07:54
0.555961,0.000000,2023-01-01T00:07:55
0.555961,0.000000,2023-01-01T00:07:56
0.667154,0.000000,2023-01-01T00:07:57
0.667154,0.000000,2023-01-01T00:07:58
0.778346,0.000000,2023-01-01T00:07:59
0.778346,0.000000,2023-01-01T00:08:00
0.889538,-0.111195,2023-01-01T00:08:01
0.889538,-0.111195,2023-01-01T00:08:02
1.000731,-0.111195,2023-01-01T00:08:03
1.000731,-0.111195,2023-01-01T00:08:04
1.000731,-0.111195,2023-01-01T00:08:05
1.111923,-0.111195,2023-01-01T00:08:06
1.111923,-0.222390,2023-01-01T00:08:07
1.111923,-0.222390,2023-01-01T00:08:08
1.223115,-0.222390,2023-01-01T00:08:09
1.223115,-0.222390,2023-01-01T00:08:10
1.334307,-0.222390,2023-01-01T00:08:11
1.334307,-0.222390,2023-01-01T00:08:12
1.334307,-0.222390,2023-01-01T00:08:13
1.445500,-0.333585,2023-01-01T00:08:14
1.445500,-0.333585,2023-01-01T00:08:15
1.556692,-0.333585,2023-01-01T00:08:16
1.556692,-0.333585,2023-01-01T00:08:17
1.667884,-0.333585,2023-01-01T00:08:18
1.667884,-0.333585,2023-01-01T00:08:19
1.667884,-0.444780,2023-01-01T00:08:20
1.779076,-0.444780,2023-01-01T00:08:21
1.779076,-0.444780,2023-01-01T00:08:22
1.890269,-0.444780,2023-01-01T00:08:23
1.890269,-0.444780,2023-01-01T00:08:24
1.890269,-0.444780,2023-01-01T00:08:25
2.001461,-0.444780,2023-01-01T00:08:26
2.001461,-0.444780,2023-01-01T00:08:27
2.001461,-0.555975,2023-01-01T00:08:28
2.112653,-0.555975,2023-01-01T00:08:29
2.112653,-0.555975,2023-01-01T00:08:30
2.112653,-0.555975,2023-01-01T00:08:31
2.223846,-0.555975,2023-01-01T00:08:32
2.223846,-0.555975,2023-01-01T00:08:33
2.223846,-0.555975,2023-01-01T00:08:34
2.112653,-0.555975,2023-01-01T00:08:35
2.112653,-0.555975,2023-01-01T00:08:36
2.112653,-0.555975,2023-01-01T00:08:37
2.001461,-0.444780,2023-01-01T00:08:38
2.001461,-0.444780,2023-01-01T00:08:39
1.890269,-0.444780,2023-01-01T00:08:40
1.890269,-0.444780,2023-01-01T00:08:41
1.890269,-0.444780,2023-01-01T00:08:42
1.779076,-0.444780,2023-01-01T00:08:43
1.779076,-0.444780,2023-01-01T00:08:44
1.779076,-0.444780,2023-01-01T00:08:45
1.779076,-0.444780,2023-01-01T00:08:46
1.667884,-0.444780,2023-01-01T00:08:47
1.667884,-0.444780,2023-01-01T00:08:48
1.667884,-0.444780,2023-01-01T00:08:49
1.556692,-0.333585,2023-01-01T00:08:50
1.556692,-0.333585,2023-01-01T00:08:51
1.556692,-0.333585,2023-01-01T00:08:52
1.556692,-0.333585,2023-01-01T00:08:53
1.445500,-0.333585,2023-01-01T00:08:54
1.445500,-0.333585,2023-01-01T00:08:55
1.445500,-0.333585,2023-01-01T00:08:56
1.334307,-0.333585,2023-01-01T00:08:57
1.334307,-0.333585,2023-01-01T00:08:58
1.334307,-0.333585,2023-01-01T00:08:59
1.334307,-0.333585,2023-01-01T00:09:00
1.334307,-0.333585,2023-01-01T00:09:01
1.223115,-0.333585,2023-01-01T00:09:02
1.223115,-0.333585,2023-01-01T00:09:03
1.223115,-0.333585,2023-01-01T00:09:04
1.223115,-0.333585,2023-01-01T00:09:05
1.223115,-0.222390,2023-01-01T00:09:06
1.111923,-0.222390,2023-01-01T00:09:07
1.111923,-0.222390,2023-01-01T00:09:08
1.111923,-0.222390,2023-01-01T00:09:09
1.111923,-0.222390,2023-01-01T00:09:10
1.111923,-0.222390,2023-01-01T00:09:11
1.111923,-0.222390,2023-01-01T00:09:12
1.000731,-0.222390,2023-01-01T00:09:13
1.000731,-0.222390,2023-01-01T00:09:14
1.000731,-0.111195,2023-01-01T00:09:15
1.000731,-0.111195,2023-01-01T00:09:16
1.000731,-0.111195,2023-01-01T00:09:17
1.000731,-0.111195,2023-01-01T00:09:18
0.889538,-0.111195,2023-01-01T00:09:19
0.889538,-0.111195,2023-01-01T00:09:20
0.889538,-0.111195,2023-01-01T00:09:21
0.889538,-0.111195,2023-01-01T00:09:22
0.889538,-0.111195,2023-01-01T00:09:23
0.889538,-0.111195,2023-01-01T00:09:24
0.889538,-0.111195,2023-01-01T00:09:25
0.889538,-0.111195,2023-01-01T00:09:26
0.778346,0.000000,2023-01-01T00:09:27
0.778346,0.000000,2023-01-01T00:09:28
0.778346,0.000000,2023-01-01T00:09:29
0.778346,0.000000,2023-01-01T00:09:30
0.778346,0.000000,2023-01-01T00:09:31
0.778346,0.000000,2023-01-01T00:09:32
0.778346,0.000000,2023-01-01T00:09:33
0.778346,0.000000,2023-01-01T00:09:34
0.778346,0.000000,2023-01-01T00:09:35
0.778346,0.000000,2023-01-01T00:09:36
0.778346,0.000000,2023-01-01T00:09:37
0.778346,0.000000,2023-01-01T00:09:38
0.778346,0.000000,2023-01-01T00:09:39
0.667154,0.000000,2023-01-01T00:09:40
0.667154,0.000000,2023-01-01T00:09:41
0.667154,0.000000,2023-01-01T00:09:42
0.667154,0.000000,2023-01-01T00:09:43
0.667154,0.000000,2023-01-01T00:09:44
0.667154,0.000000,2023-01-01T00:09:45
0.667154,0.111195,2023-01-01T00:09:46
0.667154,0.111195,2023-01-01T00:09:47
0.667154,0.111195,2023-01-01T00:09:48
0.667154,0.111195,2023-01-01T00:09:49
0.667154,0.111195,2023-01-01T00:09:50
0.667154,0.111195,2023-01-01T00:09:51
0.667154,0.111195,2023-01-01T00:09:52
0.667154,0.111195,2023-01-01T00:09:53
0.667154,0.111195,2023-01-01T00:09:54
0.667154,0.111195,2023-01-01T00:09:55
0.667154,0.111195,2023-01-01T00:09:56
0.667154,0.111195,2023-01-01T00:09:57
0.667154,0.111195,2023-01-01T00:09:58
0.667154,0.111195,2023-01-01T00:09:59
0.667154,0.111195,2023-01-01T00:10:00
0.667154,0.111195,2023-01-01T00:10:01
0.667154,0.111195,2023-01-01T00:10:02
0.667154,0.111195,2023-01-01T00:10:03
0.667154,0.111195,2023-01-01T00:10:04
0.667154,0.111195,2023-01-01T00:10:05
0.667154,0.222390,2023-01-01T00:10:06
0.667154,0.222390,2023-01-01T00:10:07
0.667154,0.222390,2023-01-01T00:10:08
0.555961,0.222390,2023-01-01T00:10:09
0.555961,0.222390,2023-01-01T00:10:10
0.555961,0.222390,2023-01-01T00:10:11
0.555961,0.222390,2023-01-01T00:10:12
0.555961,0.222390,2023-01-01T00:10:13
0.555961,0.222390,2023-01-01T00:10:14
0.555961,0.222390,2023-01-01T00:10:15
0.555961,0.222390,2023-01-01T00:10:16
0.555961,0.222390,2023-01-01T00:10:17
0.555961,0.222390,2023-01-01T00:10:18
0.555961,0.222390,2023-01-01T00:10:19
0.555961,0.222390,2023-01-01T00:10:20
0.555961,0.333585,2023-01-01T00:10:21
0.555961,0.333585,2023-01-01T00:10:22
0.555961,0.333585,2023-01-01T00:10:23
0.555961,0.333585,2023-01-01T00:10:24
0.555961,0.333585,2023-01-01T00:10:25
0.555961,0.333585,2023-01-01T00:10:26
0.555961,0.333585,2023-01-01T00:10:27
0.555961,0.333585,2023-01-01T00:10:28
0.555961,0.333585,2023-01-01T00:10:29
0.555961,0.333585,2023-01-01T00:10:30
0.555961,0.333585,2023-01-01T00:10:31
0.555961,0.333585,2023-01-01T00:10:32
0.555961,0.333585,2023-01-01T00:10:33
0.444769,0.333585,2023-01-01T00:10:34
0.444769,0.333585,2023-01-01T00:10:35
0.444769,0.333585,2023-01-01T00:10:36
0.444769,0.333585,2023-01-01T00:10:37
0.444769,0.333585,2023-01-01T00:10:38
0.444769,0.333585,2023-01-01T00:10:39
0.444769,0.333585,2023-01-01T00:10:40
0.444769,0.333585,2023-01-01T00:10:41
0.444769,0.333585,2023-01-01T00:10:42
0.444769,0.333585,2023-01-01T00:10:43
0.444769,0.333585,2023-01-01T00:10:44
0.444769,0.333585,2023-01-01T00:10:45
0.444769,0.333585,2023-01-01T00:10:46
0.444769,0.333585,2023-01-01T00:10:47
0.444769,0.333585,2023-01-01T00:10:48
0.444769,0.333585,2023-01-01T00:10:49
0.444769,0.333585,2023-01-01T00:10:50
0.444769,0.333585,2023-01-01T00:10:51
0.444769,0.333585,2023-01-01T00:10:52
0.444769,0.333585,2023-01-01T00:10:53
0.444769,0.333585,2023-01-01T00:10:54
0.444769,0.333585,2023-01-01T00:10:55
0.444769,0.333585,2023-01-01T00:10:56
0.444769,0.333585,2023-01-01T00:10:57
0.444769,0.333585,2023-01-01T00:10:58
0.444769,0.333585,2023-01-01T00:10:59
0.444769,0.333585,2023-01-01T00:11:00
0.444769,0.333585,2023-01-01T00:11:01
0.444769,0.333585,2023-01-01T00:11:02
0.444769,0.333585,2023-01-01T00:11:03
0.444769,0.333585,2023-01-01T00:11:04
0.444769,0.333585,2023-01-01T00:11:05
0.444769,0.333585,2023-01-01T00:11:06
0.444769,0.333585,2023-01-01T00:11:07
0.444769,0.222390,2023-01-01T00:11:08
0.444769,0.222390,2023-01-01T00:11:09
0.444769,0.222390,2023-01-01T00:11:10
0.444769,0.222390,2023-01-01T00:11:11
0.444769,0.222390,2023-01-01T00:11:12
0.444769,0.222390,2023-01-01T00:11:13
0.444769,0.222390,2023-01-01T00:11:14
0.444769,0.222390,2023-01-01T00:11:15
0.444769,0.222390,2023-01-01T00:11:16
0.444769,0.222390,2023-01-01T00:11:17
0.444769,0.222390,2023-01-01T00:11:18
0.444769,0.111195,2023-01-01T00:11:19
0.444769,0.111195,2023-01-01T00:11:20
0.444769,0.111195,2023-01-01T00:11:21
0.444769,0.111195,2023-01-01T00:11:22
0.444769,0.111195,2023-01-01T00:11:23
0.444769,0.111195,2023-01-01T00:11:24
0.444769,0.111195,2023-01-01T00:11:25
0.444769,0.111195,2023-01-01T00:11:26
0.444769,0.111195,2023-01-01T00:11:27
0.444769,0.000000,2023-01-01T00:11:28
0.555961,0.000000,2023-01-01T00:11:29
0.555961,0.000000,2023-01-01T00:11:30
0.555961,0.000000,2023-01-01T00:11:31
0.555961,0.000000,2023-01-01T00:11:32
0.555961,0.000000,2023-01-01T00:11:33
0.555961,0.000000,2023-01-01T00:11:34
0.555961,0.000000,2023-01-01T00:11:35
0.555961,-0.111195,2023-01-01T00:11:36
0.555961,-0.111195,2023-01-01T00:11:37
0.555961,-0.111195,2023-01-01T00:11:38
0.555961,-0.111195,2023-01-01T00:11:39
0.555961,-0.111195,2023-01-01T00:11:40
0.555961,-0.111195,2023-01-01T00:11:41
0.667154,-0.111195,2023-01-01T00:11:42
0.667154,-0.111195,2023-01-01T00:11:43
0.667154,-0.111195,2023-01-01T00:11:44
0.667154,-0.111195,2023-01-01T00:11:45
0.667154,-0.111195,2023-01-01T00:11:46
0.667154,-0.111195,2023-01-01T00:11:47
0.667154,-0.222390,2023-01-01T00:11:48
0.667154,-0.222390,2023-01-01T00:11:49
0.667154,-0.222390,2023-01-01T00:11:50
0.778346,-0.222390,2023-01-01T00:11:51
0.778346,-0.222390,2023-01-01T00:11:52
0.778346,-0.222390,2023-01-01T00:11:53
0.778346,-0.222390,2023-01-01T00:11:54
0.778346,-0.222390,2023-01-01T00:11:55
0.778346,-0.222390,2023-01-01T00:11:56
0.778346,-0.222390,2023-01-01T00:11:57
0.889538,-0.222390,2023-01-01T00:11:58
0.889538,-0.222390,2023-01-01T00:11:59
0.889538,-0.222390,2023-01-01T00:12:00
0.889538,-0.222390,2023-01-01T00:12:01
0.889538,-0.222390,2023-01-01T00:12:02
0.889538,-0.222390,2023-01-01T00:12:03
1.000731,-0.222390,2023-01-01T00:12:04
1.000731,-0.222390,2023-01-01T00:12:05
1.000731,-0.222390,2023-01-01T00:12:06
1.000731,-0.222390,2023-01-01T00:12:07
1.000731,-0.222390,2023-01-01T00:12:08
1.111923,-0.222390,2023-01-01T00:12:09
1.111923,-0.222390,2023-01-01T00:12:10
1.111923,-0.222390,2023-01-01T00:12:11
1.111923,-0.222390,2023-01-01T00:12:12
1.111923,-0.222390,2023-01-01T00:12:13
1.223115,-0.222390,2023-01-01T00:12:14
1.223115,-0.222390,2023-01-01T00:12:15
1.223115,-0.222390,2023-01-01T00:12:16
1.223115,-0.222390,2023-01-01T00:12:17
1.223115,-0.222390,2023-01-01T00:12:18
1.334307,-0.222390,2023-01-01T00:12:19
1.334307,-0.222390,2023-01-01T00:12:20
1.334307,-0.222390,2023-01-01T00:12:21
1.334307,-0.222390,2023-01-01T00:12:22
1.334307,-0.222390,2023-01-01T00:12:23
1.334307,-0.222390,2023-01-01T00:12:24
1.334307,-0.222390,2023-01-01T00:12:25
1.334307,-0.222390,2023-01-01T00:12:26
1.334307,-0.222390,2023-01-01T00:12:27
1.334307,-0.222390,2023-01-01T00:12:28
1.334307,-0.222390,2023-01-01T00:12:29
1.334307,-0.222390,2023-01-01T00:12:30
1.334307,-0.111195,2023-01-01T00:12:31
1.334307,-0.111195,2023-01-01T00:12:32
1.334307,-0.111195,2023-01-01T00:12:33
1.334307,-0.111195,2023-01-01T00:12:34
1.334307,-0.111195,2023-01-01T00:12:35
1.334307,-0.222390,2023-01-01T00:12:36
1.334307,-0.222390,2023-01-01T00:12:37
1.334307,-0.222390,2023-01-01T00:12:38
1.445500,-0.222390,2023-01-01T00:12:39
1.445500,-0.222390,2023-01-01T00:12:40
1.445500,-0.222390,2023-01-01T00:12:41
1.445500,-0.222390,2023-01-01T00:12:42
1.445500,-0.222390,2023-01-01T00:12:43
1.445500,-0.222390,2023-01-01T00:12:44
1.556692,-0.222390,2023-01-01T00:12:45
1.556692,-0.222390,2023-01-01T00:12:46
1.556692,-0.222390,2023-01-01T00:12:47
1.556692,-0.222390,2023-01-01T00:12:48
1.556692,-0.222390,2023-01-01T00:12:49
1.556692,-0.222390,2023-01-01T00:12:50
1.556692,-0.222390,2023-01-01T00:12:51
1.556692,-0.222390,2023-01-01T00:12:52
1.556692,-0.222390,2023-01-01T00:12:53
1.556692,-0.222390,2023-01-01T00:12:54
1.556692,-0.111195,2023-01-01T00:12:55
1.445500,-0.111195,2023-01-01T00:12:56
1.445500,-0.111195,2023-01-01T00:12:57
1.445500,-0.111195,2023-01-01T00:12:58
1.334307,-0.111195,2023-01-01T00:12:59
1.334307,0.000000,2023-01-01T00:13:00
1.223115,0.000000,2023-01-01T00:13:01
1.223115,0.000000,2023-01-01T00:13:02
1.223115,0.000000,2023-01-01T00:13:03
1.223115,0.000000,2023-01-01T00:13:04
1.223115,0.000000,2023-01-01T00:13:05
1.223115,0.000000,2023-01-01T00:13:06
1.223115,0.000000,2023-01-01T00:13:07
1.223115,0.000000,2023-01-01T00:13:08
1.223115,0.000000,2023-01-01T00:13:09
1.223115,0.000000,2023-01-01T00:13:10
1.223115,0.000000,2023-01-01T00:13:11
1.223115,0.111195,2023-01-01T00:13:12
1.223115,0.111195,2023-01-01T00:13:13
1.223115,0.111195,2023-01-01T00:13:14
1.223115,0.111195,2023-01-01T00:13:15
1.223115,0.111195,2023-01-01T00:13:16
1.223115,0.111195,2023-01-01T00:13:17
1.223115,0.111195,2023-01-01T00:13:18
1.223115,0.111195,2023-01-01T00:13:19
1.223115,0.111195,2023-01-01T00:13:20
1.223115,0.111195,2023-01-01T00:13:21
1.223115,0.111195,2023-01-01T00:13:22
1.223115,0.111195,2023-01-01T00:13:23
1.223115,0.111195,2023-01-01T00:13:24
1.223115,0.111195,2023-01-01T00:13:25
1.223115,0.111195,2023-01-01T00:13:26
1.223115,0.111195,2023-01-01T00:13:27
1.223115,0.111195,2023-01-01T00:13:28
1.223115,0.111195,2023-01-01T00:13:29
1.223115,0.111195,2023-01-01T00:13:30
1.223115,0.111195,2023-01-01T00:13:31
1.223115,0.111195,2023-01-01T00:13:32
1.223115,0.111195,2023-01-01T00:13:33
1.334307,0.111195,2023-01-01T00:13:34
1.334307,0.111195,2023-01-01T00:13:35
1.445500,0.111195,2023-01-01T00:13:36
1.445500,0.111195,2023-01-01T00:13:37
1.445500,0.111195,2023-01-01T00:13:38
1.556692,0.111195,2023-01-01T00:13:39
1.556692,0.111195,2023-01-01T00:13:40
1.667884,0.111195,2023-01-01T00:13:41
1.667884,0.111195,2023-01-01T00:13:42
1.667884,0.111195,2023-01-01T00:13:43
1.779076,0.111195,2023-01-01T00:13:44
1.779076,0.111195,2023-01-01T00:13:45
1.779076,0.111195,2023-01-01T00:13:46
1.890269,0.111195,2023-01-01T00:13:47
1.890269,0.111195,2023-01-01T00:13:48
1.890269,0.111195,2023-01-01T00:13:49
2.001461,0.111195,2023-01-01T00:13:50
2.001461,0.111195,2023-01-01T00:13:51
2.001461,0.111195,2023-01-01T00:13:52
2.112653,0.111195,2023-01-01T00:13:53
2.112653,0.111195,2023-01-01T00:13:54
2.112653,0.111195,2023-01-01T00:13:55
2.223846,0.111195,2023-01-01T00:13:56
2.223846,0.111195,2023-01-01T00:13:57
2.223846,0.111195,2023-01-01T00:13:58
2.335038,0.111195,2023-01-01T00:13:59
2.335038,0.111195,2023-01-01T00:14:00
2.335038,0.111195,2023-01-01T00:14:01
2.335038,0.111195,2023-01-01T00:14:02
2.446230,0.111195,2023-01-01T00:14:03
2.446230,0.111195,2023-01-01T00:14:04
2.446230,0.111195,2023-01-01T00:14:05
2.557422,0.111195,2023-01-01T00:14:06
2.557422,0.111195,2023-01-01T00:14:07
2.557422,0.111195,2023-01-01T00:14:08
2.668615,0.111195,2023-01-01T00:14:09
2.668615,0.111195,2023-01-01T00:14:10
2.668615,0.111195,2023-01-01T00:14:11
2.779807,0.000000,2023-01-01T00:14:12
2.779807,0.000000,2023-01-01T00:14:13
2.779807,0.000000,2023-01-01T00:14:14
2.779807,0.000000,2023-01-01T00:14:15
2.890999,0.000000,2023-01-01T00:14:16
2.890999,0.000000,2023-01-01T00:14:17
2.890999,0.000000,2023-01-01T00:14:18
3.002192,0.000000,2023-01-01T00:14:19
3.002192,0.000000,2023-01-01T00:14:20
3.002192,0.000000,2023-01-01T00:14:21
3.002192,0.000000,2023-01-01T00:14:22
3.113384,0.000000,2023-01-01T00:14:23
3.113384,0.000000,2023-01-01T00:14:24
3.113384,0.000000,2023-01-01T00:14:25
3.113384,0.000000,2023-01-01T00:14:26
3.113384,0.000000,2023-01-01T00:14:27
3.224576,0.000000,2023-01-01T00:14:28
3.224576,0.000000,2023-01-01T00:14:29
3.224576,0.000000,2023-01-01T00:14:30
3.224576,0.000000,2023-01-01T00:14:31
3.335768,0.000000,2023-01-01T00:14:32
3.335768,0.000000,2023-01-01T00:14:33
3.335768,0.000000,2023-01-01T00:14:34
3.335768,0.000000,2023-01-01T00:14:35
3.335768,0.000000,2023-01-01T00:14:36
3.335768,0.000000,2023-01-01T00:14:37
3.446961,0.000000,2023-01-01T00:14:38
3.446961,0.000000,2023-01-01T00:14:39
3.446961,0.000000,2023-01-01T00:14:40
3.446961,0.000000,2023-01-01T00:14:41
3.446961,0.000000,2023-01-01T00:14:42
3.446961,0.000000,2023-01-01T00:14:43
3.558153,0.000000,2023-01-01T00:14:44
3.558153,0.000000,2023-01-01T00:14:45
3.558153,0.000000,2023-01-01T00:14:46
3.558153,0.000000,2023-01-01T00:14:47
3.558153,0.000000,2023-01-01T00:14:48
3.558153,0.000000,2023-01-01T00:14:49
3.669345,0.000000,2023-01-01T00:14:50
3.669345,0.000000,2023-01-01T00:14:51
3.669345,0.000000,2023-01-01T00:14:52
3.669345,0.000000,2023-01-01T00:14:53
3.669345,0.000000,2023-01-01T00:14:54
3.669345,0.000000,2023-01-01T00:14:55
3.669345,0.000000,2023-01-01T00:14:56
3.669345,0.000000,2023-01-01T00:14:57
3.780538,0.000000,2023-01-01T00:14:58
3.780538,0.000000,2023-01-01T00:14:59
3.780538,0.000000,2023-01-01T00:15:00
3.780538,0.000000,2023-01-01T00:15:01
3.780538,0.000000,2023-01-01T00:15:02
3.780538,0.000000,2023-01-01T00:15:03
3.780538,0.000000,2023-01-01T00:15:04
3.780538,0.000000,2023-01-01T00:15:05
3.891730,0.000000,2023-01-01T00:15:06
3.891730,0.000000,2023-01-01T00:15:07
3.891730,0.000000,2023-01-01T00:15:08
3.891730,0.000000,2023-01-01T00:15:09
3.891730,0.000000,2023-01-01T00:15:10
3.891730,0.000000,2023-01-01T00:15:11
3.891730,0.000000,2023-01-01T00:15:12
3.891730,0.000000,2023-01-01T00:15:13
3.891730,0.000000,2023-01-01T00:15:14
3.891730,0.000000,2023-01-01T00:15:15
4.002922,0.000000,2023-01-01T00:15:16
4.002922,0.111195,2023-01-01T00:15:17
4.002922,0.111195,2023-01-01T00:15:18
4.002922,0.111195,2023-01-01T00:15:19
4.002922,0.111195,2023-01-01T00:15:20
4.002922,0.111195,2023-01-01T00:15:21
4.002922,0.111195,2023-01-01T00:15:22
4.002922,0.111195,2023-01-01T00:15:23
4.002922,0.111195,2023-01-01T00:15:24
4.002922,0.111195,2023-01-01T00:15:25
4.002922,0.111195,2023-01-01T00:15:26
4.002922,0.111195,2023-01-01T00:15:27
4.114114,0.111195,2023-01-01T00:15:28
4.114114,0.111195,2023-01-01T00:15:29
4.114114,0.111195,2023-01-01T00:15:30
4.114114,0.111195,2023-01-01T00:15:31
4.114114,0.111195,2023-01-01T00:15:32
4.114114,0.111195,2023-01-01T00:15:33
4.114114,0.111195,2023-01-01T00:15:34
4.114114,0.111195,2023-01-01T00:15:35
4.114114,0.111195,2023-01-01T00:15:36
4.114114,0.111195,2023-01-01T00:15:37
4.114114,0.111195,2023-01-01T00:15:38
4.114114,0.111195,2023-01-01T00:15:39
4.114114,0.111195,2023-01-01T00:15:40
4.225307,0.222390,2023-01-01T00:15:41
4.225307,0.222390,2023-01-01T00:15:42
4.225307,0.222390,2023-01-01T00:15:43
4.225307,0.222390,2023-01-01T00:15:44
4.225307,0.222390,2023-01-01T00:15:45
4.225307,0.222390,2023-01-01T00:15:46
4.225307,0.222390,2023-01-01T00:15:47
4.225307,0.222390,2023-01-01T00:15:48
4.225307,0.222390,2023-01-01T00:15:49
4.225307,0.222390,2023-01-01T00:15:50
4.225307,0.222390,2023-01-01T00:15:51
4.225307,0.222390,2023-01-01T00:15:52
4.225307,0.222390,2023-01-01T00:15:53
4.225307,0.222390,2023-01-01T00:15:54
4.336499,0.222390,2023-01-01T00:15:55
4.336499,0.222390,2023-01-01T00:15:56
4.336499,0.222390,2023-01-01T00:15:57
4.336499,0.222390,2023-01-01T00:15:58
4.336499,0.222390,2023-01-01T00:15:59
4.336499,0.222390,2023-01-01T00:16:00
4.336499,0.222390,2023-01-01T00:16:01
4.336499,0.222390,2023-01-01T00:16:02
4.336499,0.333585,2023-01-01T00:16:03
4.336499,0.333585,2023-01-01T00:16:04
4.336499,0.333585,2023-01-01T00:16:05
4.336499,0.333585,2023-01-01T00:16:06
4.336499,0.333585,2023-01-01T00:16:07
4.336499,0.333585,2023-01-01T00:16:08
4.336499,0.333585,2023-01-01T00:16:09
4.336499,0.333585,2023-01-01T00:16:10
4.336499,0.333585,2023-01-01T00:16:11
4.336499,0.333585,2023-01-01T00:16:12
4.336499,0.333585,2023-01-01T00:16:13
4.336499,0.333585,2023-01-01T00:16:14
4.336499,0.333585,2023-01-01T00:16:15
4.447691,0.333585,2023-01-01T00:16:16
4.447691,0.333585,2023-01-01T00:16:17
4.447691,0.333585,2023-01-01T00:16:18
4.447691,0.333585,2023-01-01T00:16:19
4.447691,0.333585,2023-01-01T00:16:20
4.447691,0.333585,2023-01-01T00:16:21
4.447691,0.333585,2023-01-01T00:16:22
4.447691,0.333585,2023-01-01T00:16:23
4.447691,0.333585,2023-01-01T00:16:24
4.447691,0.333585,2023-01-01T00:16:25
4.447691,0.444780,2023-01-01T00:16:26
4.447691,0.444780,2023-01-01T00:16:27
4.447691,0.444780,2023-01-01T00:16:28
4.447691,0.333585,2023-01-01T00:16:29
4.447691,0.333585,2023-01-01T00:16:30
4.447691,0.333585,2023-01-01T00:16:31
4.447691,0.333585,2023-01-01T00:16:32
4.447691,0.333585,2023-01-01T00:16:33
4.447691,0.333585,2023-01-01T00:16:34
4.447691,0.333585,2023-01-01T00:16:35
4.447691,0.333585,2023-01-01T00:16:36
4.447691,0.333585,2023-01-01T00:16:37
4.447691,0.333585,2023-01-01T00:16:38
4.447691,0.333585,2023-01-01T00:16:39
4.447691,0.333585,2023-01-01T00:16:40
4.447691,0.333585,2023-01-01T00:16:41
4.447691,0.333585,2023-01-01T00:16:42
4.447691,0.333585,2023-01-01T00:16:43
4.447691,0.333585,2023-01-01T00:16:44
4.447691,0.333585,2023-01-01T00:16:45
4.447691,0.333585,2023-01-01T00:16:46
4.447691,0.222390,2023-01-01T00:16:47
4.447691,0.222390,2023-01-01T00:16:48
4.447691,0.222390,2023-01-01T00:16:49
4.447691,0.222390,2023-01-01T00:16:50
4.447691,0.222390,2023-01-01T00:16:51
4.447691,0.222390,2023-01-01T00:16:52
4.447691,0.222390,2023-01-01T00:16:53
4.447691,0.222390,2023-01-01T00:16:54
4.447691,0.222390,2023-01-01T00:16:55
4.447691,0.222390,2023-01-01T00:16:56
4.447691,0.222390,2023-01-01T00:16:57
4.447691,0.222390,2023-01-01T00:16:58
4.447691,0.222390,2023-01-01T00:16:59
4.447691,0.222390,2023-01-01T00:17:00
4.447691,0.222390,2023-01-01T00:17:01
4.447691,0.222390,2023-01-01T00:17:02
4.447691,0.222390,2023-01-01T00:17:03
4.447691,0.222390,2023-01-01T00:17:04
4.447691,0.222390,2023-01-01T00:17:05
4.447691,0.222390,2023-01-01T00:17:06
4.447691,0.222390,2023-01-01T00:17:07
4.447691,0.222390,2023-01-01T00:17:08
4.558883,0.222390,2023-01-01T00:17:09
4.558883,0.222390,2023-01-01T00:17:10
4.558883,0.222390,2023-01-01T00:17:11
4.558883,0.222390,2023-01-01T00:17:12
4.558883,0.222390,2023-01-01T00:17:13
4.558883,0.222390,2023-01-01T00:17:14
4.558883,0.222390,2023-01-01T00:17:15
4.558883,0.222390,2023-01-01T00:17:16
4.558883,0.222390,2023-01-01T00:17:17
4.558883,0.222390,2023-01-01T00:17:18
4.558883,0.222390,2023-01-01T00:17:19
4.558883,0.222390,2023-01-01T00:17:20
4.558883,0.222390,2023-01-01T00:17:21
4.558883,0.111195,2023-01-01T00:17:22
4.558883,0.111195,2023-01-01T00:17:23
4.558883,0.111195,2023-01-01T00:17:24
4.558883,0.111195,2023-01-01T00:17:25
4.558883,0.111195,2023-01-01T00:17:26
4.558883,0.111195,2023-01-01T00:17:27
4.558883,0.111195,2023-01-01T00:17:28
4.558883,0.111195,2023-01-01T00:17:29
4.558883,0.111195,2023-01-01T00:17:30
4.558883,0.111195,2023-01-01T00:17:31
4.558883,0.111195,2023-01-01T00:17:32
4.558883,0.111195,2023-01-01T00:17:33
4.558883,0.111195,2023-01-01T00:17:34
4.558883,0.111195,2023-01-01T00:17:35
4.558883,0.111195,2023-01-01T00:17:36
4.558883,0.111195,2023-01-01T00:17:37
4.558883,0.111195,2023-01-01T00:17:38
4.558883,0.111195,2023-01-01T00:17:39
4.558883,0.111195,2023-01-01T00:17:40
4.558883,0.111195,2023-01-01T00:17:41
4.558883,0.111195,2023-01-01T00:17:42
4.558883,0.000000,2023-01-01T00:17:43
4.558883,0.000000,2023-01-01T00:17:44
4.558883,0.000000,2023-01-01T00:17:45
4.558883,0.000000,2023-01-01T00:17:46
4.558883,0.000000,2023-01-01T00:17:47
4.670076,0.000000,2023-01-01T00:17:48
4.670076,0.000000,2023-01-01T00:17:49
4.781268,-0.111195,2023-01-01T00:17:50
4.781268,-0.111195,2023-01-01T00:17:51
4.892460,-0.111195,2023-01-01T00:17:52
4.892460,-0.111195,2023-01-01T00:17:53
5.003653,-0.222390,2023-01-01T00:17:54
5.003653,-0.222390,2023-01-01T00:17:55
5.114845,-0.222390,2023-01-01T00:17:56
5.114845,-0.333585,2023-01-01T00:17:57
5.226037,-0.333585,2023-01-01T00:17:58
5.226037,-0.333585,2023-01-01T00:17:59
5.337229,-0.444780,2023-01-01T00:18:00
5.337229,-0.444780,2023-01-01T00:18:01
5.448422,-0.444780,2023-01-01T00:18:02
5.448422,-0.555975,2023-01-01T00:18:03
5.448422,-0.555975,2023-01-01T00:18:04
5.448422,-0.555975,2023-01-01T00:18:05
5.448422,-0.555975,2023-01-01T00:18:06
5.337229,-0.555975,2023-01-01T00:18:07
5.337229,-0.555975,2023-01-01T00:18:08
5.337229,-0.555975,2023-01-01T00:18:09
5.337229,-0.444780,2023-01-01T00:18:10
5.337229,-0.444780,2023-01-01T00:18:11
5.337229,-0.444780,2023-01-01T00:18:12
5.337229,-0.444780,2023-01-01T00:18:13
5.226037,-0.444780,2023-01-01T00:18:14
5.226037,-0.444780,2023-01-01T00:18:15
5.226037,-0.444780,2023-01-01T00:18:16
5.226037,-0.444780,2023-01-01T00:18:17
5.226037,-0.444780,2023-01-01T00:18:18
5.226037,-0.444780,2023-01-01T00:18:19
5.226037,-0.444780,2023-01-01T00:18:20
5.226037,-0.444780,2023-01-01T00:18:21
5.226037,-0.444780,2023-01-01T00:18:22
5.226037,-0.444780,2023-01-01T00:18:23
5.226037,-0.444780,2023-01-01T00:18:24
5.226037,-0.444780,2023-01-01T00:18:25
5.226037,-0.555975,2023-01-01T00:18:26
5.226037,-0.555975,2023-01-01T00:18:27
5.226037,-0.555975,2023-01-01T00:18:28
5.226037,-0.555975,2023-01-01T00:18:29
5.226037,-0.555975,2023-01-01T00:18:30
5.337229,-0.555975,2023-01-01T00:18:31
5.337229,-0.667170,2023-01-01T00:18:32
5.337229,-0.667170,2023-01-01T00:18:33
5.448422,-0.667170,2023-01-01T00:18:34
5.448422,-0.667170,2023-01-01T00:18:35
5.448422,-0.778364,2023-01-01T00:18:36
5.448422,-0.778364,2023-01-01T00:18:37
5.559614,-0.778364,2023-01-01T00:18:38
5.559614,-0.778364,2023-01-01T00:18:39
5.559614,-0.778364,2023-01-01T00:18:40
5.670806,-0.889559,2023-01-01T00:18:41
5.670806,-0.889559,2023-01-01T00:18:42
5.670806,-0.889559,2023-01-01T00:18:43
5.670806,-0.889559,2023-01-01T00:18:44
5.781999,-0.889559,2023-01-01T00:18:45
5.781999,-1.000754,2023-01-01T00:18:46
5.781999,-1.000754,2023-01-01T00:18:47
5.781999,-1.000754,2023-01-01T00:18:48
5.781999,-1.000754,2023-01-01T00:18:49
5.893191,-1.000754,2023-01-01T00:18:50
5.893191,-1.111949,2023-01-01T00:18:51
5.893191,-1.111949,2023-01-01T00:18:52
5.893191,-1.111949,2023-01-01T00:18:53
6.004383,-1.111949,2023-01-01T00:18:54
6.004383,-1.111949,2023-01-01T00:18:55
6.004383,-1.111949,2023-01-01T00:18:56
6.004383,-1.111949,2023-01-01T00:18:57
6.004383,-1.223144,2023-01-01T00:18:58
6.115575,-1.223144,2023-01-01T00:18:59
6.115575,-1.223144,2023-01-01T00:19:00
6.115575,-1.223144,2023-01-01T00:19:01
6.115575,-1.223144,2023-01-01T00:19:02
6.115575,-1.223144,2023-01-01T00:19:03
6.115575,-1.223144,2023-01-01T00:19:04
6.115575,-1.223144,2023-01-01T00:19:05
6.004383,-1.223144,2023-01-01T00:19:06
6.004383,-1.111949,2023-01-01T00:19:07
6.004383,-1.111949,2023-01-01T00:19:08
5.893191,-1.111949,2023-01-01T00:19:09
5.893191,-1.111949,2023-01-01T00:19:10
5.893191,-1.111949,2023-01-01T00:19:11
5.781999,-1.000754,2023-01-01T00:19:12
5.781999,-1.000754,2023-01-01T00:19:13
5.781999,-1.000754,2023-01-01T00:19:14
5.670806,-1.000754,2023-01-01T00:19:15
5.670806,-1.000754,2023-01-01T00:19:16
5.670806,-1.000754,2023-01-01T00:19:17
5.559614,-0.889559,2023-01-01T00:19:18
5.559614,-0.889559,2023-01-01T00:19:19
5.559614,-0.889559,2023-01-01T00:19:20
5.559614,-0.889559,2023-01-01T00:19:21
5.448422,-0.889559,2023-01-01T00:19:22
5.448422,-0.889559,2023-01-01T00:19:23
5.448422,-0.889559,2023-01-01T00:19:24
5.448422,-0.889559,2023-01-01T00:19:25
5.448422,-0.778364,2023-01-01T00:19:26
5.448422,-0.778364,2023-01-01T00:19:27
5.448422,-0.778364,2023-01-01T00:19:28
5.448422,-0.778364,2023-01-01T00:19:29
5.337229,-0.778364,2023-01-01T00:19:30
5.337229,-0.778364,2023-01-01T00:19:31
5.337229,-0.778364,2023-01-01T00:19:32
5.448422,-0.778364,2023-01-01T00:19:33
5.448422,-0.778364,2023-01-01T00:19:34
5.448422,-0.778364,2023-01-01T00:19:35
5.448422,-0.778364,2023-01-01T00:19:36
5.448422,-0.778364,2023-01-01T00:19:37
5.448422,-0.778364,2023-01-01T00:19:38
5.448422,-0.889559,2023-01-01T00:19:39
5.448422,-0.889559,2023-01-01T00:19:40
5.448422,-0.889559,2023-01-01T00:19:41
5.559614,-0.889559,2023-01-01T00:19:42
5.559614,-0.889559,2023-01-01T00:19:43
5.559614,-0.889559,2023-01-01T00:19:44
5.670806,-0.889559,2023-01-01T00:19:45
5.670806,-0.889559,2023-01-01T00:19:46
5.670806,-1.000754,2023-01-01T00:19:47
5.781999,-1.000754,2023-01-01T00:19:48
5.781999,-1.000754,2023-01-01T00:19:49
5.781999,-1.000754,2023-01-01T00:19:50
5.893191,-1.000754,2023-01-01T00:19:51
5.893191,-1.000754,2023-01-01T00:19:52
5.893191,-1.111949,2023-01-01T00:19:53
6.004383,-1.111949,2023-01-01T00:19:54
6.004383,-1.111949,2023-01-01T00:19:55
6.115575,-1.111949,2023-01-01T00:19:56
6.115575,-1.111949,2023-01-01T00:19:57
6.115575,-1.111949,2023-01-01T00:19:58
6.226768,-1.111949,2023-01-01T00:19:59
6.226768,-1.111949,2023-01-01T00:20:00
6.226768,-1.223144,2023-01-01T00:20:01
6.337960,-1.223144,2023-01-01T00:20:02
6.226768,-1.111949,2023-01-01T00:20:03
6.226768,-1.111949,2023-01-01T00:20:04
6.226768,-1.111949,2023-01-01T00:20:05
6.115575,-1.111949,2023-01-01T00:20:06
6.115575,-1.000754,2023-01-01T00:20:07
6.115575,-1.000754,2023-01-01T00:20:08
6.004383,-1.000754,2023-01-01T00:20:09
6.004383,-1.000754,2023-01-01T00:20:10
6.004383,-0.889559,2023-01-01T00:20:11
5.893191,-0.889559,2023-01-01T00:20:12
5.893191,-0.889559,2023-01-01T00:20:13
5.893191,-0.889559,2023-01-01T00:20:14
5.893191,-0.889559,2023-01-01T00:20:15
5.781999,-0.778364,2023-01-01T00:20:16
5.781999,-0.778364,2023-01-01T00:20:17
5.781999,-0.778364,2023-01-01T00:20:18
5.781999,-0.778364,2023-01-01T00:20:19
5.670806,-0.667170,2023-01-01T00:20:20
5.670806,-0.667170,2023-01-01T00:20:21
5.670806,-0.667170,2023-01-01T00:20:22
5.670806,-0.667170,2023-01-01T00:20:23
5.670806,-0.667170,2023-01-01T00:20:24
5.559614,-0.555975,2023-01-01T00:20:25
5.559614,-0.555975,2023-01-01T00:20:26
5.559614,-0.555975,2023-01-01T00:20:27
5.559614,-0.555975,2023-01-01T00:20:28
5.559614,-0.555975,2023-01-01T00:20:29
5.448422,-0.555975,2023-01-01T00:20:30
5.448422,-0.555975,2023-01-01T00:20:31
5.448422,-0.555975,2023-01-01T00:20:32
5.448422,-0.444780,2023-01-01T00:20:33
5.448422,-0.444780,2023-01-01T00:20:34
5.448422,-0.444780,2023-01-01T00:20:35
5.448422,-0.444780,2023-01-01T00:20:36
5.448422,-0.444780,2023-01-01T00:20:37
5.448422,-0.444780,2023-01-01T00:20:38
5.448422,-0.444780,2023-01-01T00:20:39
5.448422,-0.444780,2023-01-01T00:20:40
5.448422,-0.555975,2023-01-01T00:20:41
5.448422,-0.555975,2023-01-01T00:20:42
5.448422,-0.555975,2023-01-01T00:20:43
5.448422,-0.555975,2023-01-01T00:20:44
5.559614,-0.555975,2023-01-01T00:20:45
5.559614,-0.555975,2023-01-01T00:20:46
5.559614,-0.555975,2023-01-01T00:20:47
5.559614,-0.667170,2023-01-01T00:20:48
5.670806,-0.667170,2023-01-01T00:20:49
5.670806,-0.667170,2023-01-01T00:20:50
5.670806,-0.667170,2023-01-01T00:20:51
5.781999,-0.778364,2023-01-01T00:20:52
5.781999,-0.778364,2023-01-01T00:20:53
5.893191,-0.778364,2023-01-01T00:20:54
5.893191,-0.889559,2023-01-01T00:20:55
6.004383,-0.889559,2023-01-01T00:20:56
6.004383,-0.889559,2023-01-01T00:20:57
6.115575,-1.000754,2023-01-01T00:20:58
6.115575,-1.000754,2023-01-01T00:20:59
6.226768,-1.000754,2023-01-01T00:21:00
6.226768,-1.111949,2023-01-01T00:21:01
6.337960,-1.111949,2023-01-01T00:21:02
6.337960,-1.111949,2023-01-01T00:21:03
6.226768,-1.111949,2023-01-01T00:21:04
6.226768,-1.111949,2023-01-01T00:21:05
6.226768,-1.111949,2023-01-01T00:21:06
6.226768,-1.111949,2023-01-01T00:21:07
6.226768,-1.111949,2023-01-01T00:21:08
6.226768,-1.111949,2023-01-01T00:21:09
6.226768,-1.111949,2023-01-01T00:21:10
6.226768,-1.111949,2023-01-01T00:21:11
6.226768,-1.111949,2023-01-01T00:21:12
6.226768,-1.111949,2023-01-01T00:21:13
6.226768,-1.111949,2023-01-01T00:21:14
6.226768,-1.111949,2023-01-01T00:21:15
6.226768,-1.111949,2023-01-01T00:21:16
6.226768,-1.111949,2023-01-01T00:21:17
6.226768,-1.111949,2023-01-01T00:21:18
6.226768,-1.111949,2023-01-01T00:21:19
6.226768,-1.223144,2023-01-01T00:21:20
6.226768,-1.223144,2023-01-01T00:21:21
6.226768,-1.223144,2023-01-01T00:21:22
6.226768,-1.223144,2023-01-01T00:21:23
6.226768,-1.223144,2023-01-01T00:21:24
6.226768,-1.223144,2023-01-01T00:21:25
6.226768,-1.223144,2023-01-01T00:21:26
6.226768,-1.223144,2023-01-01T00:21:27
6.226768,-1.223144,2023-01-01T00:21:28
6.226768,-1.223144,2023-01-01T00:21:29
6.226768,-1.223144,2023-01-01T00:21:30
6.226768,-1.223144,2023-01-01T00:21:31
6.226768,-1.223144,2023-01-01T00:21:32
6.226768,-1.223144,2023-01-01T00:21:33
6.115575,-1.223144,2023-01-01T00:21:34
6.115575,-1.223144,2023-01-01T00:21:35
6.115575,-1.111949,2023-01-01T00:21:36
6.115575,-1.111949,2023-01-01T00:21:37
6.004383,-1.111949,2023-01-01T00:21:38
6.004383,-1.111949,2023-01-01T00:21:39
6.004383,-1.111949,2023-01-01T00:21:40
5.893191,-1.111949,2023-01-01T00:21:41
5.893191,-1.111949,2023-01-01T00:21:42
5.893191,-1.111949,2023-01-01T00:21:43
5.893191,-1.111949,2023-01-01T00:21:44
5.893191,-1.000754,2023-01-01T00:21:45
5.781999,-1.000754,2023-01-01T00:21:46
5.781999,-1.000754,2023-01-01T00:21:47
5.781999,-1.000754,2023-01-01T00:21:48
5.781999,-1.000754,2023-01-01T00:21:49
5.781999,-1.000754,2023-01-01T00:21:50
5.781999,-1.000754,2023-01-01T00:21:51
5.781999,-1.000754,2023-01-01T00:21:52
5.781999,-1.000754,2023-01-01T00:21:53
5.781999,-1.111949,2023-01-01T00:21:54
5.781999,-1.111949,2023-01-01T00:21:55
5.781999,-1.111949,2023-01-01T00:21:56
5.781999,-1.111949,2023-01-01T00:21:57
5.781999,-1.111949,2023-01-01T00:21:58
5.781999,-1.111949,2023-01-01T00:21:59
5.781999,-1.111949,2023-01-01T00:22:00
5.781999,-1.111949,2023-01-01T00:22:01
5.781999,-1.223144,2023-01-01T00:22:02
5.781999,-1.111949,2023-01-01T00:22:03
5.781999,-1.111949,2023-01-01T00:22:04
5.781999,-1.111949,2023-01-01T00:22:05
5.781999,-1.111949,2023-01-01T00:22:06
5.781999,-1.111949,2023-01-01T00:22:07
5.781999,-1.111949,2023-01-01T00:22:08
5.781999,-1.111949,2023-01-01T00:22:09
5.781999,-1.111949,2023-01-01T00:22:10
5.781999,-1.111949,2023-01-01T00:22:11
5.781999,-1.111949,2023-01-01T00:22:12
5.781999,-1.111949,2023-01-01T00:22:13
5.781999,-1.111949,2023-01-01T00:22:14
5.781999,-1.111949,2023-01-01T00:22:15
5.781999,-1.111949,2023-01-01T00:22:16
5.893191,-1.111949,2023-01-01T00:22:17
5.893191,-1.111949,2023-01-01T00:22:18
5.893191,-1.223144,2023-01-01T00:22:19
5.893191,-1.223144,2023-01-01T00:22:20
5.893191,-1.223144,2023-01-01T00:22:21
6.004383,-1.223144,2023-01-01T00:22:22
6.004383,-1.223144,2023-01-01T00:22:23
6.004383,-1.223144,2023-01-01T00:22:24
6.004383,-1.334339,2023-01-01T00:22:25
6.115575,-1.334339,2023-01-01T00:22:26
6.115575,-1.334339,2023-01-01T00:22:27
6.115575,-1.334339,2023-01-01T00:22:28
6.226768,-1.334339,2023-01-01T00:22:29
6.226768,-1.445534,2023-01-01T00:22:30
6.226768,-1.445534,2023-01-01T00:22:31
6.226768,-1.445534,2023-01-01T00:22:32
6.226768,-1.445534,2023-01-01T00:22:33
6.226768,-1.445534,2023-01-01T00:22:34
6.226768,-1.445534,2023-01-01T00:22:35
6.226768,-1.445534,2023-01-01T00:22:36
6.226768,-1.445534,2023-01-01T00:22:37
6.226768,-1.445534,2023-01-01T00:22:38
6.226768,-1.445534,2023-01-01T00:22:39
6.226768,-1.445534,2023-01-01T00:22:40
6.226768,-1.445534,2023-01-01T00:22:41
6.226768,-1.445534,2023-01-01T00:22:42
6.226768,-1.445534,2023-01-01T00:22:43
6.226768,-1.445534,2023-01-01T00:22:44
6.226768,-1.445534,2023-01-01T00:22:45
6.226768,-1.334339,2023-01-01T00:22:46
6.226768,-1.334339,2023-01-01T00:22:47
6.226768,-1.334339,2023-01-01T00:22:48
6.226768,-1.334339,2023-01-01T00:22:49
6.226768,-1.334339,2023-01-01T00:22:50
6.226768,-1.334339,2023-01-01T00:22:51
6.226768,-1.334339,2023-01-01T00:22:52
6.226768,-1.334339,2023-01-01T00:22:53
6.115575,-1.334339,2023-01-01T00:22:54
6.115575,-1.334339,2023-01-01T00:22:55
6.115575,-1.334339,2023-01-01T00:22:56
6.115575,-1.334339,2023-01-01T00:22:57
6.115575,-1.334339,2023-01-01T00:22:58
6.115575,-1.334339,2023-01-01T00:22:59
6.115575,-1.334339,2023-01-01T00:23:00
6.004383,-1.334339,2023-01-01T00:23:01
6.004383,-1.334339,2023-01-01T00:23:02
6.004383,-1.334339,2023-01-01T00:23:03
6.004383,-1.334339,2023-01-01T00:23:04
5.893191,-1.223144,2023-01-01T00:23:05
5.893191,-1.223144,2023-01-01T00:23:06
5.781999,-1.223144,2023-01-01T00:23:07
5.781999,-1.111949,2023-01-01T00:23:08
5.781999,-1.111949,2023-01-01T00:23:09
5.670806,-1.111949,2023-01-01T00:23:10
5.670806,-1.111949,2023-01-01T00:23:11
5.559614,-1.000754,2023-01-01T00:23:12
5.559614,-1.000754,2023-01-01T00:23:13
5.559614,-1.000754,2023-01-01T00:23:14
5.448422,-1.000754,2023-01-01T00:23:15
5.448422,-1.000754,2023-01-01T00:23:16
5.337229,-0.889559,2023-01-01T00:23:17
5.337229,-0.889559,2023-01-01T00:23:18
5.337229,-0.889559,2023-01-01T00:23:19
5.226037,-0.889559,2023-01-01T00:23:20
5.226037,-0.889559,2023-01-01T00:23:21
5.114845,-0.889559,2023-01-01T00:23:22
5.114845,-0.778364,2023-01-01T00:23:23
5.003653,-0.778364,2023-01-01T00:23:24
5.003653,-0.778364,2023-01-01T00:23:25
5.003653,-0.778364,2023-01-01T00:23:26
4.892460,-0.778364,2023-01-01T00:23:27
4.892460,-0.778364,2023-01-01T00:23:28
4.781268,-0.667170,2023-01-01T00:23:29
4.781268,-0.667170,2023-01-01T00:23:30
4.670076,-0.667170,2023-01-01T00:23:31
4.670076,-0.667170,2023-01-01T00:23:32
4.670076,-0.667170,2023-01-01T00:23:33
4.558883,-0.667170,2023-01-01T00:23:34
4.558883,-0.667170,2023-01-01T00:23:35
4.558883,-0.667170,2023-01-01T00:23:36
4.447691,-0.667170,2023-01-01T00:23:37
4.447691,-0.555975,2023-01-01T00:23:38
4.447691,-0.555975,2023-01-01T00:23:39
4.447691,-0.555975,2023-01-01T00:23:40
4.336499,-0.555975,2023-01-01T00:23:41
4.336499,-0.555975,2023-01-01T00:23:42
4.336499,-0.555975,2023-01-01T00:23:43
4.336499,-0.555975,2023-01-01T00:23:44
4.336499,-0.555975,2023-01-01T00:23:45
4.225307,-0.555975,2023-01-01T00:23:46
4.225307,-0.555975,2023-01-01T00:23:47
4.225307,-0.555975,2023-01-01T00:23:48
4.225307,-0.555975,2023-01-01T00:23:49
4.225307,-0.555975,2023-01-01T00:23:50
4.225307,-0.555975,2023-01-01T00:23:51
4.114114,-0.555975,2023-01-01T00:23:52
4.114114,-0.555975,2023-01-01T00:23:53
4.114114,-0.555975,2023-01-01T00:23:54
4.114114,-0.555975,2023-01-01T00:23:55
4.114114,-0.555975,2023-01-01T00:23:56
4.114114,-0.555975,2023-01-01T00:23:57
4.114114,-0.555975,2023-01-01T00:23:58
4.114114,-0.555975,2023-01-01T00:23:59
4.114114,-0.555975,2023-01-01T00:24:00
4.114114,-0.555975,2023-01-01T00:24:01
4.002922,-0.555975,2023-01-01T00:24:02
4.002922,-0.555975,2023-01-01T00:24:03
4.002922,-0.555975,2023-01-01T00:24:04
4.002922,-0.555975,2023-01-01T00:24:05
4.002922,-0.555975,2023-01-01T00:24:06
4.002922,-0.555975,2023-01-01T00:24:07
4.002922,-0.555975,2023-01-01T00:24:08
4.002922,-0.555975,2023-01-01T00:24:09
4.002922,-0.555975,2023-01-01T00:24:10
4.002922,-0.555975,2023-01-01T00:24:11
4.002922,-0.555975,2023-01-01T00:24:12
4.002922,-0.555975,2023-01-01T00:24:13
4.002922,-0.555975,2023-01-01T00:24:14
4.002922,-0.555975,2023-01-01T00:24:15
4.002922,-0.555975,2023-01-01T00:24:16
4.002922,-0.555975,2023-01-01T00:24:17
4.002922,-0.555975,2023-01-01T00:24:18
4.002922,-0.555975,2023-01-01T00:24:19
4.002922,-0.555975,2023-01-01T00:24:20
4.002922,-0.555975,2023-01-01T00:24:21
4.002922,-0.555975,2023-01-01T00:24:22
4.002922,-0.555975,2023-01-01T00:24:23
4.002922,-0.555975,2023-01-01T00:24:24
4.002922,-0.555975,2023-01-01T00:24:25
4.002922,-0.555975,2023-01-01T00:24:26
4.002922,-0.555975,2023-01-01T00:24:27
4.002922,-0.555975,2023-01-01T00:24:28
4.002922,-0.555975,2023-01-01T00:24:29
4.002922,-0.555975,2023-01-01T00:24:30
4.002922,-0.667170,2023-01-01T00:24:31
4.002922,-0.667170,2023-01-01T00:24:32
4.002922,-0.667170,2023-01-01T00:24:33
4.002922,-0.555975,2023-01-01T00:24:34
4.002922,-0.555975,2023-01-01T00:24:35
4.002922,-0.555975,2023-01-01T00:24:36
3.891730,-0.555975,2023-01-01T00:24:37
3.891730,-0.555975,2023-01-01T00:24:38
3.891730,-0.555975,2023-01-01T00:24:39
3.891730,-0.555975,2023-01-01T00:24:40
3.891730,-0.555975,2023-01-01T00:24:41
3.891730,-0.555975,2023-01-01T00:24:42
3.891730,-0.555975,2023-01-01T00:24:43
3.891730,-0.555975,2023-01-01T00:24:44
3.891730,-0.444780,2023-01-01T00:24:45
3.891730,-0.444780,2023-01-01T00:24:46
3.891730,-0.444780,2023-01-01T00:24:47
3.780538,-0.444780,2023-01-01T00:24:48
3.780538,-0.444780,2023-01-01T00:24:49
3.780538,-0.444780,2023-01-01T00:24:50
3.780538,-0.444780,2023-01-01T00:24:51
3.780538,-0.444780,2023-01-01T00:24:52
3.780538,-0.444780,2023-01-01T00:24:53
3.780538,-0.444780,2023-01-01T00:24:54
3.669345,-0.444780,2023-01-01T00:24:55
3.669345,-0.444780,2023-01-01T00:24:56
3.669345,-0.444780,2023-01-01T00:24:57
3.669345,-0.444780,2023-01-01T00:24:58
3.669345,-0.444780,2023-01-01T00:24:59
3.669345,-0.444780,2023-01-01T00:25:00
3.558153,-0.444780,2023-01-01T00:25:01
3.558153,-0.444780,2023-01-01T00:25:02
3.558153,-0.444780,2023-01-01T00:25:03
3.558153,-0.444780,2023-01-01T00:25:04
3.558153,-0.444780,2023-01-01T00:25:05
3.558153,-0.444780,2023-01-01T00:25:06
3.558153,-0.444780,2023-01-01T00:25:07
3.558153,-0.444780,2023-01-01T00:25:08
3.446961,-0.444780,2023-01-01T00:25:09
3.446961,-0.444780,2023-01-01T00:25:10
3.446961,-0.333585,2023-01-01T00:25:11
3.446961,-0.333585,2023-01-01T00:25:12
3.446961,-0.333585,2023-01-01T00:25:13
3.446961,-0.333585,2023-01-01T00:25:14
3.446961,-0.333585,2023-01-01T00:25:15
3.446961,-0.333585,2023-01-01T00:25:16
3.446961,-0.333585,2023-01-01T00:25:17
3.335768,-0.333585,2023-01-01T00:25:18
3.335768,-0.333585,2023-01-01T00:25:19
3.335768,-0.333585,2023-01-01T00:25:20
3.335768,-0.333585,2023-01-01T00:25:21
3.335768,-0.333585,2023-01-01T00:25:22
3.335768,-0.444780,2023-01-01T00:25:23
3.335768,-0.444780,2023-01-01T00:25:24
3.335768,-0.444780,2023-01-01T00:25:25
3.224576,-0.444780,2023-01-01T00:25:26
3.224576,-0.444780,2023-01-01T00:25:27
3.224576,-0.444780,2023-01-01T00:25:28
3.224576,-0.444780,2023-01-01T00:25:29
3.224576,-0.444780,2023-01-01T00:25:30
3.224576,-0.444780,2023-01-01T00:25:31
3.224576,-0.444780,2023-01-01T00:25:32
3.224576,-0.444780,2023-01-01T00:25:33
3.224576,-0.444780,2023-01-01T00:25:34
3.113384,-0.444780,2023-01-01T00:25:35
3.113384,-0.444780,2023-01-01T00:25:36
3.113384,-0.444780,2023-01-01T00:25:37
3.113384,-0.444780,2023-01-01T00:25:38
3.113384,-0.444780,2023-01-01T00:25:39
3.113384,-0.444780,2023-01-01T00:25:40
3.113384,-0.444780,2023-01-01T00:25:41
3.113384,-0.444780,2023-01-01T00:25:42
3.113384,-0.444780,2023-01-01T00:25:43
3.113384,-0.444780,2023-01-01T00:25:44
3.113384,-0.444780,2023-01-01T00:25:45
3.002192,-0.444780,2023-01-01T00:25:46
3.002192,-0.444780,2023-01-01T00:25:47
3.002192,-0.444780,2023-01-01T00:25:48
3.002192,-0.444780,2023-01-01T00:25:49
3.002192,-0.444780,2023-01-01T00:25:50
3.002192,-0.444780,2023-01-01T00:25:51
3.002192,-0.555975,2023-01-01T00:25:52
3.002192,-0.555975,2023-01-01T00:25:53
3.002192,-0.555975,2023-01-01T00:25:54
3.002192,-0.555975,2023-01-01T00:25:55
2.890999,-0.555975,2023-01-01T00:25:56
2.890999,-0.555975,2023-01-01T00:25:57
2.890999,-0.555975,2023-01-01T00:25:58
2.890999,-0.555975,2023-01-01T00:25:59
2.890999,-0.555975,2023-01-01T00:26:00
2.890999,-0.555975,2023-01-01T00:26:01
2.890999,-0.555975,2023-01-01T00:26:02
2.890999,-0.555975,2023-01-01T00:26:03
2.779807,-0.555975,2023-01-01T00:26:04
2.779807,-0.555975,2023-01-01T00:26:05
2.779807,-0.555975,2023-01-01T00:26:06
2.779807,-0.555975,2023-01-01T00:26:07
2.779807,-0.555975,2023-01-01T00:26:08
2.779807,-0.555975,2023-01-01T00:26:09
2.779807,-0.555975,2023-01-01T00:26:10
2.779807,-0.555975,2023-01-01T00:26:11
2.668615,-0.444780,2023-01-01T00:26:12
2.668615,-0.444780,2023-01-01T00:26:13
2.668615,-0.444780,2023-01-01T00:26:14
2.668615,-0.444780,2023-01-01T00:26:15
2.668615,-0.555975,2023-01-01T00:26:16
2.668615,-0.555975,2023-01-01T00:26:17
2.557422,-0.555975,2023-01-01T00:26:18
2.557422,-0.555975,2023-01-01T00:26:19
2.557422,-0.555975,2023-01-01T00:26:20
2.557422,-0.555975,2023-01-01T00:26:21
2.557422,-0.555975,2023-01-01T00:26:22
2.446230,-0.555975,2023-01-01T00:26:23
2.446230,-0.555975,2023-01-01T00:26:24
2.446230,-0.555975,2023-01-01T00:26:25
2.446230,-0.555975,2023-01-01T00:26:26
2.446230,-0.555975,2023-01-01T00:26:27
2.335038,-0.555975,2023-01-01T00:26:28
2.335038,-0.555975,2023-01-01T00:26:29
2.335038,-0.555975,2023-01-01T00:26:30
2.335038,-0.555975,2023-01-01T00:26:31
2.335038,-0.667170,2023-01-01T00:26:32
2.335038,-0.555975,2023-01-01T00:26:33
2.223846,-0.555975,2023-01-01T00:26:34
2.223846,-0.555975,2023-01-01T00:26:35
2.223846,-0.555975,2023-01-01T00:26:36
2.223846,-0.555975,2023-01-01T00:26:37
2.223846,-0.555975,2023-01-01T00:26:38
2.223846,-0.555975,2023-01-01T00:26:39
2.223846,-0.555975,2023-01-01T00:26:40
2.223846,-0.555975,2023-01-01T00:26:41
2.223846,-0.555975,2023-01-01T00:26:42
2.112653,-0.555975,2023-01-01T00:26:43
2.112653,-0.555975,2023-01-01T00:26:44
2.112653,-0.555975,2023-01-01T00:26:45
2.112653,-0.555975,2023-01-01T00:26:46
2.112653,-0.555975,2023-01-01T00:26:47
2.112653,-0.555975,2023-01-01T00:26:48
2.112653,-0.555975,2023-01-01T00:26:49
2.112653,-0.555975,2023-01-01T00:26:50
2.112653,-0.555975,2023-01-01T00:26:51
2.001461,-0.555975,2023-01-01T00:26:52
2.001461,-0.555975,2023-01-01T00:26:53
2.001461,-0.555975,2023-01-01T00:26:54
2.001461,-0.555975,2023-01-01T00:26:55
2.001461,-0.555975,2023-01-01T00:26:56
2.001461,-0.555975,2023-01-01T00:26:57
2.001461,-0.667170,2023-01-01T00:26:58
2.001461,-0.667170,2023-01-01T00:26:59
2.001461,-0.667170,2023-01-01T00:27:00
2.001461,-0.667170,2023-01-01T00:27:01
1.890269,-0.667170,2023-01-01T00:27:02
1.890269,-0.667170,2023-01-01T00:27:03
1.890269,-0.667170,2023-01-01T00:27:04
1.890269,-0.667170,2023-01-01T00:27:05
1.890269,-0.667170,2023-01-01T00:27:06
1.890269,-0.667170,2023-01-01T00:27:07
1.890269,-0.667170,2023-01-01T00:27:08
1.890269,-0.667170,2023-01-01T00:27:09
1.890269,-0.555975,2023-01-01T00:27:10
1.890269,-0.555975,2023-01-01T00:27:11
1.890269,-0.555975,2023-01-01T00:27:12
1.890269,-0.555975,2023-01-01T00:27:13
1.890269,-0.555975,2023-01-01T00:27:14
1.890269,-0.555975,2023-01-01T00:27:15
1.890269,-0.555975,2023-01-01T00:27:16
1.890269,-0.555975,2023-01-01T00:27:17
1.890269,-0.555975,2023-01-01T00:27:18
1.890269,-0.667170,2023-01-01T00:27:19
1.890269,-0.667170,2023-01-01T00:27:20
1.890269,-0.667170,2023-01-01T00:27:21
1.890269,-0.667170,2023-01-01T00:27:22
1.890269,-0.667170,2023-01-01T00:27:23
1.890269,-0.667170,2023-01-01T00:27:24
1.890269,-0.667170,2023-01-01T00:27:25
1.890269,-0.667170,2023-01-01T00:27:26
1.890269,-0.667170,2023-01-01T00:27:27
1.890269,-0.667170,2023-01-01T00:27:28
1.890269,-0.667170,2023-01-01T00:27:29
1.890269,-0.667170,2023-01-01T00:27:30
2.001461,-0.667170,2023-01-01T00:27:31
2.001461,-0.667170,2023-01-01T00:27:32
2.001461,-0.667170,2023-01-01T00:27:33
1.890269,-0.667170,2023-01-01T00:27:34
1.890269,-0.667170,2023-01-01T00:27:35
1.890269,-0.667170,2023-01-01T00:27:36
1.890269,-0.667170,2023-01-01T00:27:37
1.890269,-0.667170,2023-01-01T00:27:38
1.890269,-0.667170,2023-01-01T00:27:39
1.890269,-0.667170,2023-01-01T00:27:40
1.890269,-0.667170,2023-01-01T00:27:41
1.890269,-0.667170,2023-01-01T00:27:42
1.890269,-0.667170,2023-01-01T00:27:43
1.890269,-0.667170,2023-01-01T00:27:44
1.890269,-0.667170,2023-01-01T00:27:45
1.890269,-0.667170,2023-01-01T00:27:46
1.890269,-0.667170,2023-01-01T00:27:47
1.890269,-0.667170,2023-01-01T00:27:48
2.001461,-0.667170,2023-01-01T00:27:49
2.001461,-0.667170,2023-01-01T00:27:50
2.001461,-0.667170,2023-01-01T00:27:51
2.001461,-0.667170,2023-01-01T00:27:52
2.001461,-0.667170,2023-01-01T00:27:53
2.001461,-0.667170,2023-01-01T00:27:54
2.001461,-0.667170,2023-01-01T00:27:55
2.001461,-0.667170,2023-01-01T00:27:56
2.001461,-0.667170,2023-01-01T00:27:57
2.001461,-0.667170,2023-01-01T00:27:58
2.001461,-0.667170,2023-01-01T00:27:59
2.001461,-0.667170,2023-01-01T00:28:00
2.001461,-0.667170,2023-01-01T00:28:01
2.001461,-0.778364,2023-01-01T00:28:02
2.001461,-0.667170,2023-01-01T00:28:03
2.001461,-0.667170,2023-01-01T00:28:04
2.001461,-0.667170,2023-01-01T00:28:05
2.001461,-0.667170,2023-01-01T00:28:06
2.001461,-0.667170,2023-01-01T00:28:07
2.001461,-0.667170,2023-01-01T00:28:08
2.001461,-0.667170,2023-01-01T00:28:09
2.001461,-0.667170,2023-01-01T00:28:10
1.890269,-0.667170,2023-01-01T00:28:11
1.890269,-0.667170,2023-01-01T00:28:12
1.890269,-0.667170,2023-01-01T00:28:13
1.890269,-0.667170,2023-01-01T00:28:14
1.890269,-0.667170,2023-01-01T00:28:15
1.890269,-0.667170,2023-01-01T00:28:16
1.890269,-0.667170,2023-01-01T00:28:17
1.890269,-0.667170,2023-01-01T00:28:18
1.890269,-0.667170,2023-01-01T00:28:19
1.890269,-0.667170,2023-01-01T00:28:20
1.890269,-0.667170,2023-01-01T00:28:21
1.890269,-0.778364,2023-01-01T00:28:22
1.890269,-0.778364,2023-01-01T00:28:23
1.890269,-0.778364,2023-01-01T00:28:24
1.890269,-0.778364,2023-01-01T00:28:25
1.890269,-0.778364,2023-01-01T00:28:26
1.890269,-0.778364,2023-01-01T00:28:27
1.890269,-0.778364,2023-01-01T00:28:28
1.890269,-0.778364,2023-01-01T00:28:29
1.890269,-0.778364,2023-01-01T00:28:30
1.890269,-0.778364,2023-01-01T00:28:31
1.890269,-0.778364,2023-01-01T00:28:32
1.779076,-0.778364,2023-01-01T00:28:33
1.779076,-0.778364,2023-01-01T00:28:34
1.779076,-0.778364,2023-01-01T00:28:35
1.779076,-0.667170,2023-01-01T00:28:36
1.667884,-0.667170,2023-01-01T00:28:37
1.667884,-0.667170,2023-01-01T00:28:38
1.667884,-0.667170,2023-01-01T00:28:39
1.667884,-0.667170,2023-01-01T00:28:40
1.556692,-0.667170,2023-01-01T00:28:41
1.556692,-0.667170,2023-01-01T00:28:42
1.556692,-0.667170,2023-01-01T00:28:43
1.556692,-0.555975,2023-01-01T00:28:44
1.445500,-0.555975,2023-01-01T00:28:45
1.445500,-0.555975,2023-01-01T00:28:46
1.445500,-0.555975,2023-01-01T00:28:47
1.445500,-0.555975,2023-01-01T00:28:48
1.334307,-0.555975,2023-01-01T00:28:49
1.334307,-0.555975,2023-01-01T00:28:50
1.334307,-0.555975,2023-01-01T00:28:51
1.223115,-0.444780,2023-01-01T00:28:52
1.223115,-0.444780,2023-01-01T00:28:53
1.223115,-0.444780,2023-01-01T00:28:54
1.223115,-0.444780,2023-01-01T00:28:55
1.111923,-0.444780,2023-01-01T00:28:56
1.111923,-0.444780,2023-01-01T00:28:57
1.111923,-0.444780,2023-01-01T00:28:58
1.111923,-0.333585,2023-01-01T00:28:59
1.000731,-0.333585,2023-01-01T00:29:00
1.000731,-0.333585,2023-01-01T00:29:01
1.000731,-0.333585,2023-01-01T00:29:02
1.000731,-0.333585,2023-01-01T00:29:03
0.889538,-0.333585,2023-01-01T00:29:04
0.889538,-0.333585,2023-01-01T00:29:05
0.889538,-0.333585,2023-01-01T00:29:06
0.889538,-0.222390,2023-01-01T00:29:07
0.889538,-0.222390,2023-01-01T00:29:08
0.889538,-0.222390,2023-01-01T00:29:09
0.889538,-0.222390,2023-01-01T00:29:10
0.889538,-0.222390,2023-01-01T00:29:11
0.778346,-0.222390,2023-01-01T00:29:12
0.778346,-0.222390,2023-01-01T00:29:13
0.778346,-0.222390,2023-01-01T00:29:14
0.778346,-0.222390,2023-01-01T00:29:15
0.778346,-0.111195,2023-01-01T00:29:16
0.778346,-0.111195,2023-01-01T00:29:17
0.778346,-0.111195,2023-01-01T00:29:18
0.778346,-0.111195,2023-01-01T00:29:19
0.667154,-0.111195,2023-01-01T00:29:20
0.667154,-0.111195,2023-01-01T00:29:21
0.667154,-0.111195,2023-01-01T00:29:22
0.667154,-0.111195,2023-01-01T00:29:23
0.667154,-0.111195,2023-01-01T00:29:24
0.667154,0.000000,2023-01-01T00:29:25
0.667154,0.000000,2023-01-01T00:29:26
0.667154,0.000000,2023-01-01T00:29:27
0.667154,0.000000,2023-01-01T00:29:28
0.667154,0.000000,2023-01-01T00:29:29
0.667154,0.000000,2023-01-01T00:29:30
0.667154,0.000000,2023-01-01T00:29:31
0.667154,0.000000,2023-01-01T00:29:32
0.667154,0.000000,2023-01-01T00:29:33
0.667154,0.111195,2023-01-01T00:29:34
0.667154,0.111195,2023-01-01T00:29:35
0.778346,0.111195,2023-01-01T00:29:36
0.778346,0.111195,2023-01-01T00:29:37
0.778346,0.111195,2023-01-01T00:29:38
0.778346,0.111195,2023-01-01T00:29:39
0.778346,0.111195,2023-01-01T00:29:40
0.778346,0.111195,2023-01-01T00:29:41
0.778346,0.111195,2023-01-01T00:29:42
0.889538,0.111195,2023-01-01T00:29:43
0.889538,0.111195,2023-01-01T00:29:44
0.889538,0.111195,2023-01-01T00:29:45
0.889538,0.111195,2023-01-01T00:29:46
0.889538,0.111195,2023-01-01T00:29:47
0.889538,0.111195,2023-01-01T00:29:48
1.000731,0.111195,2023-01-01T00:29:49
1.000731,0.111195,2023-01-01T00:29:50
1.000731,0.222390,2023-01-01T00:29:51
1.000731,0.222390,2023-01-01T00:29:52
1.000731,0.222390,2023-01-01T00:29:53
1.000731,0.222390,2023-01-01T00:29:54
1.111923,0.222390,2023-01-01T00:29:55
1.111923,0.222390,2023-01-01T00:29:56
1.111923,0.222390,2023-01-01T00:29:57
1.111923,0.222390,2023-01-01T00:29:58
1.111923,0.222390,2023-01-01T00:29:59
1.111923,0.222390,2023-01-01T00:30:00
1.223115,0.222390,2023-01-01T00:30:01
1.223115,0.222390,2023-01-01T00:30:02
1.223115,0.222390,2023-01-01T00:30:03
1.223115,0.222390,2023-01-01T00:30:04
1.223115,0.222390,2023-01-01T00:30:05
1.223115,0.222390,2023-01-01T00:30:06
1.223115,0.222390,2023-01-01T00:30:07
1.223115,0.222390,2023-01-01T00:30:08
1.334307,0.222390,2023-01-01T00:30:09
1.334307,0.222390,2023-01-01T00:30:10
1.334307,0.222390,2023-01-01T00:30:11
1.334307,0.222390,2023-01-01T00:30:12
1.334307,0.222390,2023-01-01T00:30:13
1.334307,0.222390,2023-01-01T00:30:14
1.334307,0.222390,2023-01-01T00:30:15
1.334307,0.222390,2023-01-01T00:30:16
1.334307,0.222390,2023-01-01T00:30:17
1.334307,0.222390,2023-01-01T00:30:18
1.334307,0.333585,2023-01-01T00:30:19
1.445500,0.333585,2023-01-01T00:30:20
1.445500,0.333585,2023-01-01T00:30:21
1.445500,0.333585,2023-01-01T00:30:22
1.445500,0.333585,2023-01-01T00:30:23
1.445500,0.333585,2023-01-01T00:30:24
1.445500,0.333585,2023-01-01T00:30:25
1.445500,0.333585,2023-01-01T00:30:26
1.445500,0.333585,2023-01-01T00:30:27
1.445500,0.333585,2023-01-01T00:30:28
1.445500,0.333585,2023-01-01T00:30:29
1.445500,0.333585,2023-01-01T00:30:30
1.556692,0.333585,2023-01-01T00:30:31
1.556692,0.333585,2023-01-01T00:30:32
1.556692,0.333585,2023-01-01T00:30:33
1.556692,0.333585,2023-01-01T00:30:34
1.556692,0.333585,2023-01-01T00:30:35
1.556692,0.333585,2023-01-01T00:30:36
1.556692,0.333585,2023-01-01T00:30:37
1.556692,0.333585,2023-01-01T00:30:38
1.556692,0.333585,2023-01-01T00:30:39
1.556692,0.333585,2023-01-01T00:30:40
1.556692,0.333585,2023-01-01T00:30:41
1.556692,0.333585,2023-01-01T00:30:42
1.667884,0.444780,2023-01-01T00:30:43
1.667884,0.444780,2023-01-01T00:30:44
1.667884,0.444780,2023-01-01T00:30:45
1.667884,0.444780,2023-01-01T00:30:46
1.667884,0.444780,2023-01-01T00:30:47
1.667884,0.444780,2023-01-01T00:30:48
1.667884,0.444780,2023-01-01T00:30:49
1.779076,0.444780,2023-01-01T00:30:50
1.779076,0.444780,2023-01-01T00:30:51
1.779076,0.444780,2023-01-01T00:30:52
1.779076,0.444780,2023-01-01T00:30:53
1.779076,0.444780,2023-01-01T00:30:54
1.890269,0.444780,2023-01-01T00:30:55
1.890269,0.444780,2023-01-01T00:30:56
1.890269,0.444780,2023-01-01T00:30:57
1.890269,0.444780,2023-01-01T00:30:58
1.890269,0.444780,2023-01-01T00:30:59
2.001461,0.444780,2023-01-01T00:31:00
2.001461,0.444780,2023-01-01T00:31:01
2.001461,0.444780,2023-01-01T00:31:02
2.001461,0.444780,2023-01-01T00:31:03
2.001461,0.444780,2023-01-01T00:31:04
2.001461,0.444780,2023-01-01T00:31:05
2.001461,0.444780,2023-01-01T00:31:06
2.001461,0.444780,2023-01-01T00:31:07
2.001461,0.444780,2023-01-01T00:31:08
2.001461,0.444780,2023-01-01T00:31:09
2.001461,0.555975,2023-01-01T00:31:10
2.001461,0.555975,2023-01-01T00:31:11
2.001461,0.555975,2023-01-01T00:31:12
2.001461,0.555975,2023-01-01T00:31:13
2.001461,0.555975,2023-01-01T00:31:14
2.001461,0.555975,2023-01-01T00:31:15
2.001461,0.555975,2023-01-01T00:31:16
2.001461,0.555975,2023-01-01T00:31:17
2.001461,0.555975,2023-01-01T00:31:18
2.001461,0.555975,2023-01-01T00:31:19
1.890269,0.555975,2023-01-01T00:31:20
1.890269,0.555975,2023-01-01T00:31:21
1.779076,0.555975,2023-01-01T00:31:22
1.779076,0.555975,2023-01-01T00:31:23
1.667884,0.555975,2023-01-01T00:31:24
1.556692,0.555975,2023-01-01T00:31:25
1.556692,0.555975,2023-01-01T00:31:26
1.445500,0.555975,2023-01-01T00:31:27
1.334307,0.555975,2023-01-01T00:31:28
1.223115,0.555975,2023-01-01T00:31:29
1.000731,0.555975,2023-01-01T00:31:30
0.889538,0.555975,2023-01-01T00:31:31
0.778346,0.555975,2023-01-01T00:31:32
0.667154,0.444780,2023-01-01T00:31:33
0.555961,0.444780,2023-01-01T00:31:34
0.444769,0.444780,2023-01-01T00:31:35
0.333577,0.444780,2023-01-01T00:31:36
0.222385,0.444780,2023-01-01T00:31:37
0.111192,0.333585,2023-01-01T00:31:38
0.000000,0.333585,2023-01-01T00:31:39
-0.111192,0.333585,2023-01-01T00:31:40
-0.222385,0.333585,2023-01-01T00:31:41
-0.333577,0.333585,2023-01-01T00:31:42
-0.333577,0.333585,2023-01-01T00:31:43
-0.444769,0.222390,2023-01-01T00:31:44
-0.555961,0.222390,2023-01-01T00:31:45
-0.667154,0.222390,2023-01-01T00:31:46
-0.778346,0.222390,2023-01-01T00:31:47
-0.889538,0.222390,2023-01-01T00:31:48
-0.889538,0.222390,2023-01-01T00:31:49
-1.000731,0.222390,2023-01-01T00:31:50
-1.111923,0.111195,2023-01-01T00:31:51
-1.223115,0.111195,2023-01-01T00:31:52
-1.223115,0.111195,2023-01-01T00:31:53
-1.334307,0.111195,2023-01-01T00:31:54
-1.445500,0.111195,2023-01-01T00:31:55
-1.445500,0.111195,2023-01-01T00:31:56
-1.556692,0.111195,2023-01-01T00:31:57
-1.667884,0.111195,2023-01-01T00:31:58
-1.667884,0.000000,2023-01-01T00:31:59
-1.779076,0.000000,2023-01-01T00:32:00
-1.890269,0.000000,2023-01-01T00:32:01
-1.890269,0.000000,2023-01-01T00:32:02
-1.890269,0.000000,2023-01-01T00:32:03
-1.779076,0.000000,2023-01-01T00:32:04
-1.779076,0.000000,2023-01-01T00:32:05
-1.667884,0.000000,2023-01-01T00:32:06
-1.667884,0.000000,2023-01-01T00:32:07
-1.556692,0.000000,2023-01-01T00:32:08
-1.556692,0.000000,2023-01-01T00:32:09
-1.556692,0.000000,2023-01-01T00:32:10
-1.445500,-0.111195,2023-01-01T00:32:11
-1.445500,-0.111195,2023-01-01T00:32:12
-1.334307,-0.111195,2023-01-01T00:32:13
-1.334307,-0.111195,2023-01-01T00:32:14
-1.334307,-0.111195,2023-01-01T00:32:15
-1.223115,-0.111195,2023-01-01T00:32:16
-1.223115,-0.111195,2023-01-01T00:32:17
-1.223115,-0.111195,2023-01-01T00:32:18
-1.111923,-0.111195,2023-01-01T00:32:19
-1.111923,-0.111195,2023-01-01T00:32:20
-1.111923,-0.111195,2023-01-01T00:32:21
-1.111923,-0.111195,2023-01-01T00:32:22
-1.000731,-0.111195,2023-01-01T00:32:23
-1.000731,-0.111195,2023-01-01T00:32:24
-1.000731,-0.111195,2023-01-01T00:32:25
-1.000731,-0.111195,2023-01-01T00:32:26
-0.889538,-0.111195,2023-01-01T00:32:27
-0.889538,-0.111195,2023-01-01T00:32:28
-0.889538,-0.222390,2023-01-01T00:32:29
-0.889538,-0.222390,2023-01-01T00:32:30
-0.889538,-0.222390,2023-01-01T00:32:31
-0.778346,-0.222390,2023-01-01T00:32:32
-0.778346,-0.222390,2023-01-01T00:32:33
-0.778346,-0.222390,2023-01-01T00:32:34
-0.778346,-0.222390,2023-01-01T00:32:35
-0.667154,-0.222390,2023-01-01T00:32:36
-0.667154,-0.222390,2023-01-01T00:32:37
-0.667154,-0.222390,2023-01-01T00:32:38
-0.667154,-0.222390,2023-01-01T00:32:39
-0.555961,-0.222390,2023-01-01T00:32:40
-0.555961,-0.222390,2023-01-01T00:32:41
-0.555961,-0.222390,2023-01-01T00:32:42
-0.555961,-0.222390,2023-01-01T00:32:43
-0.555961,-0.222390,2023-01-01T00:32:44
-0.444769,-0.222390,2023-01-01T00:32:45
-0.444769,-0.222390,2023-01-01T00:32:46
-0.444769,-0.222390,2023-01-01T00:32:47
-0.444769,-0.222390,2023-01-01T00:32:48
-0.444769,-0.222390,2023-01-01T00:32:49
-0.444769,-0.333585,2023-01-01T00:32:50
-0.333577,-0.333585,2023-01-01T00:32:51
-0.333577,-0.333585,2023-01-01T00:32:52
-0.333577,-0.333585,2023-01-01T00:32:53
-0.333577,-0.333585,2023-01-01T00:32:54
-0.333577,-0.333585,2023-01-01T00:32:55
-0.333577,-0.333585,2023-01-01T00:32:56
-0.222385,-0.333585,2023-01-01T00:32:57
-0.222385,-0.333585,2023-01-01T00:32:58
-0.222385,-0.333585,2023-01-01T00:32:59
-0.222385,-0.444780,2023-01-01T00:33:00
-0.222385,-0.444780,2023-01-01T00:33:01
-0.111192,-0.444780,2023-01-01T00:33:02
-0.111192,-0.444780,2023-01-01T00:33:03
-0.111192,-0.444780,2023-01-01T00:33:04
-0.111192,-0.444780,2023-01-01T00:33:05
-0.111192,-0.444780,2023-01-01T00:33:06
0.000000,-0.444780,2023-01-01T00:33:07
0.000000,-0.444780,2023-01-01T00:33:08
0.000000,-0.444780,2023-01-01T00:33:09
0.000000,-0.444780,2023-01-01T00:33:10
0.111192,-0.444780,2023-01-01T00:33:11
0.111192,-0.444780,2023-01-01T00:33:12
0.111192,-0.444780,2023-01-01T00:33:13
0.222385,-0.444780,2023-01-01T00:33:14
0.222385,-0.555975,2023-01-01T00:33:15
0.222385,-0.555975,2023-01-01T00:33:16
0.222385,-0.555975,2023-01-01T00:33:17
0.333577,-0.555975,2023-01-01T00:33:18
0.333577,-0.555975,2023-01-01T00:33:19
0.333577,-0.555975,2023-01-01T00:33:20
0.444769,-0.555975,2023-01-01T00:33:21
0.444769,-0.555975,2023-01-01T00:33:22
0.444769,-0.555975,2023-01-01T00:33:23
0.444769,-0.555975,2023-01-01T00:33:24
0.555961,-0.667170,2023-01-01T00:33:25
0.555961,-0.667170,2023-01-01T00:33:26
0.555961,-0.667170,2023-01-01T00:33:27
0.667154,-0.667170,2023-01-01T00:33:28
0.667154,-0.667170,2023-01-01T00:33:29
0.667154,-0.667170,2023-01-01T00:33:30
0.778346,-0.667170,2023-01-01T00:33:31
0.778346,-0.778364,2023-01-01T00:33:32
0.778346,-0.778364,2023-01-01T00:33:33
0.778346,-0.778364,2023-01-01T00:33:34
0.778346,-0.778364,2023-01-01T00:33:35
0.778346,-0.778364,2023-01-01T00:33:36
0.667154,-0.778364,2023-01-01T00:33:37
0.667154,-0.778364,2023-01-01T00:33:38
0.667154,-0.778364,2023-01-01T00:33:39
0.667154,-0.778364,2023-01-01T00:33:40
0.667154,-0.778364,2023-01-01T00:33:41
0.667154,-0.778364,2023-01-01T00:33:42
0.667154,-0.778364,2023-01-01T00:33:43
0.555961,-0.778364,2023-01-01T00:33:44
0.555961,-0.778364,2023-01-01T00:33:45
0.555961,-0.778364,2023-01-01T00:33:46
0.555961,-0.778364,2023-01-01T00:33:47
0.555961,-0.778364,2023-01-01T00:33:48
0.555961,-0.778364,2023-01-01T00:33:49
0.444769,-0.889559,2023-01-01T00:33:50
0.444769,-0.889559,2023-01-01T00:33:51
0.444769,-0.889559,2023-01-01T00:33:52
0.444769,-0.889559,2023-01-01T00:33:53
0.444769,-0.889559,2023-01-01T00:33:54
0.333577,-1.000754,2023-01-01T00:33:55
0.333577,-1.000754,2023-01-01T00:33:56
0.333577,-1.000754,2023-01-01T00:33:57
0.333577,-1.000754,2023-01-01T00:33:58
0.222385,-1.000754,2023-01-01T00:33:59
0.222385,-1.111949,2023-01-01T00:34:00
0.222385,-1.111949,2023-01-01T00:34:01
0.222385,-1.111949,2023-01-01T00:34:02
0.111192,-1.111949,2023-01-01T00:34:03
0.111192,-1.111949,2023-01-01T00:34:04
0.111192,-1.111949,2023-01-01T00:34:05
0.111192,-1.111949,2023-01-01T00:34:06
0.111192,-1.111949,2023-01-01T00:34:07
0.000000,-1.111949,2023-01-01T00:34:08
0.000000,-1.111949,2023-01-01T00:34:09
0.000000,-1.111949,2023-01-01T00:34:10
0.000000,-1.111949,2023-01-01T00:34:11
0.000000,-1.111949,2023-01-01T00:34:12
0.000000,-1.111949,2023-01-01T00:34:13
-0.111192,-1.111949,2023-01-01T00:34:14
-0.111192,-1.111949,2023-01-01T00:34:15
-0.111192,-1.223144,2023-01-01T00:34:16
-0.111192,-1.223144,2023-01-01T00:34:17
-0.222385,-1.223144,2023-01-01T00:34:18
-0.222385,-1.223144,2023-01-01T00:34:19
-0.222385,-1.223144,2023-01-01T00:34:20
-0.222385,-1.223144,2023-01-01T00:34:21
-0.222385,-1.223144,2023-01-01T00:34:22
-0.333577,-1.223144,2023-01-01T00:34:23
-0.333577,-1.334339,2023-01-01T00:34:24
-0.333577,-1.334339,2023-01-01T00:34:25
-0.333577,-1.334339,2023-01-01T00:34:26
-0.333577,-1.334339,2023-01-01T00:34:27
-0.444769,-1.334339,2023-01-01T00:34:28
-0.444769,-1.334339,2023-01-01T00:34:29
-0.444769,-1.334339,2023-01-01T00:34:30
-0.444769,-1.445534,2023-01-01T00:34:31
-0.444769,-1.445534,2023-01-01T00:34:32
-0.444769,-1.445534,2023-01-01T00:34:33
-0.444769,-1.445534,2023-01-01T00:34:34
-0.444769,-1.445534,2023-01-01T00:34:35
-0.444769,-1.445534,2023-01-01T00:34:36
-0.444769,-1.445534,2023-01-01T00:34:37
-0.444769,-1.334339,2023-01-01T00:34:38
-0.444769,-1.334339,2023-01-01T00:34:39
-0.444769,-1.334339,2023-01-01T00:34:40
-0.444769,-1.334339,2023-01-01T00:34:41
-0.444769,-1.334339,2023-01-01T00:34:42
-0.444769,-1.334339,2023-01-01T00:34:43
-0.444769,-1.334339,2023-01-01T00:34:44
-0.444769,-1.334339,2023-01-01T00:34:45
-0.444769,-1.445534,2023-01-01T00:34:46
-0.444769,-1.445534,2023-01-01T00:34:47
-0.444769,-1.445534,2023-01-01T00:34:48
-0.444769,-1.445534,2023-01-01T00:34:49
-0.444769,-1.445534,2023-01-01T00:34:50
-0.444769,-1.445534,2023-01-01T00:34:51
-0.444769,-1.445534,2023-01-01T00:34:52
-0.444769,-1.445534,2023-01-01T00:34:53
-0.444769,-1.445534,2023-01-01T00:34:54
-0.444769,-1.445534,2023-01-01T00:34:55
-0.333577,-1.445534,2023-01-01T00:34:56
-0.333577,-1.445534,2023-01-01T00:34:57
-0.333577,-1.445534,2023-01-01T00:34:58
-0.333577,-1.445534,2023-01-01T00:34:59
-0.333577,-1.445534,2023-01-01T00:35:00
-0.333577,-1.445534,2023-01-01T00:35:01
-0.333577,-1.556729,2023-01-01T00:35:02
-0.333577,-1.556729,2023-01-01T00:35:03
-0.333577,-1.556729,2023-01-01T00:35:04
-0.333577,-1.556729,2023-01-01T00:35:05
-0.333577,-1.556729,2023-01-01T00:35:06
-0.333577,-1.556729,2023-01-01T00:35:07
-0.333577,-1.556729,2023-01-01T00:35:08
-0.333577,-1.556729,2023-01-01T00:35:09
-0.333577,-1.556729,2023-01-01T00:35:10
-0.333577,-1.556729,2023-01-01T00:35:11
-0.333577,-1.556729,2023-01-01T00:35:12
-0.333577,-1.556729,2023-01-01T00:35:13
-0.333577,-1.556729,2023-01-01T00:35:14
-0.333577,-1.556729,2023-01-01T00:35:15
-0.333577,-1.556729,2023-01-01T00:35:16
-0.333577,-1.556729,2023-01-01T00:35:17
-0.333577,-1.556729,2023-01-01T00:35:18
-0.333577,-1.556729,2023-01-01T00:35:19
-0.333577,-1.556729,2023-01-01T00:35:20
-0.333577,-1.556729,2023-01-01T00:35:21
-0.333577,-1.667924,2023-01-01T00:35:22
-0.333577,-1.667924,2023-01-01T00:35:23
-0.333577,-1.667924,2023-01-01T00:35:24
-0.333577,-1.667924,2023-01-01T00:35:25
-0.333577,-1.667924,2023-01-01T00:35:26
-0.333577,-1.667924,2023-01-01T00:35:27
-0.333577,-1.667924,2023-01-01T00:35:28
-0.333577,-1.667924,2023-01-01T00:35:29
-0.222385,-1.779119,2023-01-01T00:35:30
-0.222385,-1.779119,2023-01-01T00:35:31
-0.222385,-1.779119,2023-01-01T00:35:32
-0.222385,-1.779119,2023-01-01T00:35:33
-0.333577,-1.779119,2023-01-01T00:35:34
-0.333577,-1.779119,2023-01-01T00:35:35
-0.333577,-1.667924,2023-01-01T00:35:36
-0.333577,-1.667924,2023-01-01T00:35:37
-0.333577,-1.667924,2023-01-01T00:35:38
-0.333577,-1.667924,2023-01-01T00:35:39
-0.333577,-1.667924,2023-01-01T00:35:40
-0.333577,-1.667924,2023-01-01T00:35:41
-0.333577,-1.667924,2023-01-01T00:35:42
-0.333577,-1.667924,2023-01-01T00:35:43
-0.333577,-1.667924,2023-01-01T00:35:44
-0.333577,-1.667924,2023-01-01T00:35:45
-0.333577,-1.667924,2023-01-01T00:35:46
-0.333577,-1.667924,2023-01-01T00:35:47
-0.333577,-1.667924,2023-01-01T00:35:48
-0.333577,-1.667924,2023-01-01T00:35:49
-0.333577,-1.667924,2023-01-01T00:35:50
-0.333577,-1.667924,2023-01-01T00:35:51
-0.333577,-1.667924,2023-01-01T00:35:52
-0.333577,-1.667924,2023-01-01T00:35:53
-0.333577,-1.667924,2023-01-01T00:35:54
-0.333577,-1.667924,2023-01-01T00:35:55
-0.333577,-1.667924,2023-01-01T00:35:56
-0.222385,-1.667924,2023-01-01T00:35:57
-0.222385,-1.667924,2023-01-01T00:35:58
-0.222385,-1.667924,2023-01-01T00:35:59
-0.222385,-1.667924,2023-01-01T00:36:00
-0.222385,-1.667924,2023-01-01T00:36:01
-0.222385,-1.667924,2023-01-01T00:36:02
-0.222385,-1.667924,2023-01-01T00:36:03
-0.222385,-1.667924,2023-01-01T00:36:04
-0.333577,-1.667924,2023-01-01T00:36:05
-0.333577,-1.667924,2023-01-01T00:36:06
-0.333577,-1.667924,2023-01-01T00:36:07
-0.333577,-1.667924,2023-01-01T00:36:08
-0.333577,-1.667924,2023-01-01T00:36:09
-0.333577,-1.667924,2023-01-01T00:36:10
-0.333577,-1.667924,2023-01-01T00:36:11
-0.444769,-1.667924,2023-01-01T00:36:12
-0.444769,-1.667924,2023-01-01T00:36:13
-0.444769,-1.556729,2023-01-01T00:36:14
-0.444769,-1.556729,2023-01-01T00:36:15
-0.444769,-1.556729,2023-01-01T00:36:16
-0.444769,-1.556729,2023-01-01T00:36:17
-0.444769,-1.556729,2023-01-01T00:36:18
-0.444769,-1.556729,2023-01-01T00:36:19
-0.444769,-1.556729,2023-01-01T00:36:20
-0.444769,-1.556729,2023-01-01T00:36:21
-0.555961,-1.556729,2023-01-01T00:36:22
-0.555961,-1.556729,2023-01-01T00:36:23
-0.555961,-1.667924,2023-01-01T00:36:24
-0.555961,-1.667924,2023-01-01T00:36:25
-0.555961,-1.667924,2023-01-01T00:36:26
-0.555961,-1.667924,2023-01-01T00:36:27
-0.555961,-1.667924,2023-01-01T00:36:28
-0.555961,-1.667924,2023-01-01T00:36:29
-0.555961,-1.667924,2023-01-01T00:36:30
-0.555961,-1.667924,2023-01-01T00:36:31
-0.555961,-1.667924,2023-01-01T00:36:32
-0.555961,-1.667924,2023-01-01T00:36:33
-0.667154,-1.667924,2023-01-01T00:36:34
-0.667154,-1.667924,2023-01-01T00:36:35
-0.667154,-1.667924,2023-01-01T00:36:36
-0.667154,-1.667924,2023-01-01T00:36:37
-0.778346,-1.667924,2023-01-01T00:36:38
-0.778346,-1.667924,2023-01-01T00:36:39
-0.778346,-1.667924,2023-01-01T00:36:40
-0.778346,-1.667924,2023-01-01T00:36:41
-0.778346,-1.667924,2023-01-01T00:36:42
-0.889538,-1.667924,2023-01-01T00:36:43
-0.889538,-1.667924,2023-01-01T00:36:44
-0.889538,-1.667924,2023-01-01T00:36:45
-0.889538,-1.667924,2023-01-01T00:36:46
-0.889538,-1.667924,2023-01-01T00:36:47
-1.000731,-1.667924,2023-01-01T00:36:48
-1.000731,-1.667924,2023-01-01T00:36:49
-1.000731,-1.667924,2023-01-01T00:36:50
-1.000731,-1.667924,2023-01-01T00:36:51
-1.000731,-1.779119,2023-01-01T00:36:52
-1.111923,-1.779119,2023-01-01T00:36:53
-1.111923,-1.779119,2023-01-01T00:36:54
-1.111923,-1.779119,2023-01-01T00:36:55
-1.111923,-1.779119,2023-01-01T00:36:56
-1.223115,-1.779119,2023-01-01T00:36:57
-1.223115,-1.890314,2023-01-01T00:36:58
-1.223115,-1.890314,2023-01-01T00:36:59
-1.223115,-1.890314,2023-01-01T00:37:00
-1.223115,-1.890314,2023-01-01T00:37:01
-1.334307,-1.890314,2023-01-01T00:37:02
-1.334307,-1.890314,2023-01-01T00:37:03
-1.334307,-1.890314,2023-01-01T00:37:04
-1.334307,-1.890314,2023-01-01T00:37:05
-1.445500,-1.890314,2023-01-01T00:37:06
-1.445500,-1.890314,2023-01-01T00:37:07
-1.445500,-1.890314,2023-01-01T00:37:08
-1.445500,-1.890314,2023-01-01T00:37:09
-1.556692,-1.890314,2023-01-01T00:37:10
-1.556692,-1.890314,2023-01-01T00:37:11
-1.556692,-1.890314,2023-01-01T00:37:12
-1.556692,-1.890314,2023-01-01T00:37:13
-1.667884,-2.001509,2023-01-01T00:37:14
-1.667884,-2.001509,2023-01-01T00:37:15
-1.667884,-2.001509,2023-01-01T00:37:16
-1.667884,-2.001509,2023-01-01T00:37:17
-1.667884,-2.001509,2023-01-01T00:37:18
-1.779076,-2.001509,2023-01-01T00:37:19
-1.779076,-2.001509,2023-01-01T00:37:20
-1.779076,-2.112704,2023-01-01T00:37:21
-1.779076,-2.112704,2023-01-01T00:37:22
-1.890269,-2.112704,2023-01-01T00:37:23
-1.890269,-2.112704,2023-01-01T00:37:24
-1.890269,-2.112704,2023-01-01T00:37:25
-1.890269,-2.223899,2023-01-01T00:37:26
-2.001461,-2.223899,2023-01-01T00:37:27
-2.001461,-2.223899,2023-01-01T00:37:28
-2.001461,-2.223899,2023-01-01T00:37:29
-2.001461,-2.335093,2023-01-01T00:37:30
-2.001461,-2.335093,2023-01-01T00:37:31
-2.112653,-2.335093,2023-01-01T00:37:32
-2.112653,-2.335093,2023-01-01T00:37:33
-2.112653,-2.335093,2023-01-01T00:37:34
-2.112653,-2.335093,2023-01-01T00:37:35
-2.112653,-2.335093,2023-01-01T00:37:36
-2.223846,-2.335093,2023-01-01T00:37:37
-2.223846,-2.335093,2023-01-01T00:37:38
-2.223846,-2.446288,2023-01-01T00:37:39
-2.223846,-2.446288,2023-01-01T00:37:40
-2.223846,-2.446288,2023-01-01T00:37:41
-2.335038,-2.446288,2023-01-01T00:37:42
-2.335038,-2.446288,2023-01-01T00:37:43
-2.335038,-2.446288,2023-01-01T00:37:44
-2.335038,-2.446288,2023-01-01T00:37:45
-2.335038,-2.557483,2023-01-01T00:37:46
-2.446230,-2.557483,2023-01-01T00:37:47
-2.446230,-2.557483,2023-01-01T00:37:48
-2.446230,-2.557483,2023-01-01T00:37:49
-2.446230,-2.557483,2023-01-01T00:37:50
-2.446230,-2.557483,2023-01-01T00:37:51
-2.446230,-2.668678,2023-01-01T00:37:52
-2.557422,-2.668678,2023-01-01T00:37:53
-2.557422,-2.668678,2023-01-01T00:37:54
-2.557422,-2.668678,2023-01-01T00:37:55
-2.557422,-2.779873,2023-01-01T00:37:56
-2.557422,-2.779873,2023-01-01T00:37:57
-2.668615,-2.779873,2023-01-01T00:37:58
-2.668615,-2.779873,2023-01-01T00:37:59
-2.668615,-2.779873,2023-01-01T00:38:00
-2.668615,-2.891068,2023-01-01T00:38:01
-2.668615,-2.891068,2023-01-01T00:38:02
-2.668615,-2.891068,2023-01-01T00:38:03
-2.668615,-2.891068,2023-01-01T00:38:04
-2.779807,-2.891068,2023-01-01T00:38:05
-2.779807,-2.891068,2023-01-01T00:38:06
-2.779807,-2.891068,2023-01-01T00:38:07
-2.779807,-2.891068,2023-01-01T00:38:08
-2.779807,-2.891068,2023-01-01T00:38:09
-2.779807,-2.891068,2023-01-01T00:38:10
-2.779807,-2.891068,2023-01-01T00:38:11
-2.779807,-2.891068,2023-01-01T00:38:12
-2.890999,-2.891068,2023-01-01T00:38:13
-2.890999,-2.891068,2023-01-01T00:38:14
-2.890999,-2.891068,2023-01-01T00:38:15
-2.890999,-2.891068,2023-01-01T00:38:16
-2.890999,-2.891068,2023-01-01T00:38:17
-2.890999,-3.002263,2023-01-01T00:38:18
-2.890999,-3.002263,2023-01-01T00:38:19
-3.002192,-3.002263,2023-01-01T00:38:20
-3.002192,-3.002263,2023-01-01T00:38:21
-3.002192,-3.002263,2023-01-01T00:38:22
-3.002192,-3.002263,2023-01-01T00:38:23
-3.002192,-3.002263,2023-01-01T00:38:24
-3.002192,-3.002263,2023-01-01T00:38:25
-3.002192,-3.113458,2023-01-01T00:38:26
-3.002192,-3.113458,2023-01-01T00:38:27
-3.113384,-3.113458,2023-01-01T00:38:28
-3.113384,-3.113458,2023-01-01T00:38:29
-3.113384,-3.113458,2023-01-01T00:38:30
-3.113384,-3.113458,2023-01-01T00:38:31
-3.113384,-3.113458,2023-01-01T00:38:32
-3.113384,-3.113458,2023-01-01T00:38:33
-3.113384,-3.113458,2023-01-01T00:38:34
-3.113384,-3.113458,2023-01-01T00:38:35
-3.113384,-3.113458,2023-01-01T00:38:36
-3.224576,-3.113458,2023-01-01T00:38:37
-3.224576,-3.113458,2023-01-01T00:38:38
-3.224576,-3.113458,2023-01-01T00:38:39
-3.224576,-3.113458,2023-01-01T00:38:40
-3.224576,-3.113458,2023-01-01T00:38:41
-3.224576,-3.113458,2023-01-01T00:38:42
-3.224576,-3.113458,2023-01-01T00:38:43
-3.224576,-3.113458,2023-01-01T00:38:44
-3.224576,-3.113458,2023-01-01T00:38:45
-3.224576,-3.113458,2023-01-01T00:38:46
-3.224576,-3.113458,2023-01-01T00:38:47
-3.224576,-3.224653,2023-01-01T00:38:48
-3.224576,-3.224653,2023-01-01T00:38:49
-3.224576,-3.224653,2023-01-01T00:38:50
-3.224576,-3.224653,2023-01-01T00:38:51
-3.224576,-3.224653,2023-01-01T00:38:52
-3.224576,-3.224653,2023-01-01T00:38:53
-3.224576,-3.224653,2023-01-01T00:38:54
-3.224576,-3.224653,2023-01-01T00:38:55
-3.224576,-3.224653,2023-01-01T00:38:56
-3.224576,-3.224653,2023-01-01T00:38:57
-3.224576,-3.224653,2023-01-01T00:38:58
-3.224576,-3.335848,2023-01-01T00:38:59
-3.224576,-3.335848,2023-01-01T00:39:00
-3.224576,-3.335848,2023-01-01T00:39:01
-3.224576,-3.335848,2023-01-01T00:39:02
-3.224576,-3.335848,2023-01-01T00:39:03
-3.335768,-3.335848,2023-01-01T00:39:04
-3.335768,-3.335848,2023-01-01T00:39:05
-3.335768,-3.335848,2023-01-01T00:39:06
-3.335768,-3.335848,2023-01-01T00:39:07
-3.335768,-3.335848,2023-01-01T00:39:08
-3.335768,-3.335848,2023-01-01T00:39:09
-3.335768,-3.335848,2023-01-01T00:39:10
-3.335768,-3.335848,2023-01-01T00:39:11
-3.335768,-3.335848,2023-01-01T00:39:12
-3.335768,-3.335848,2023-01-01T00:39:13
-3.335768,-3.335848,2023-01-01T00:39:14
-3.335768,-3.335848,2023-01-01T00:39:15
-3.335768,-3.335848,2023-01-01T00:39:16
-3.335768,-3.335848,2023-01-01T00:39:17
-3.335768,-3.335848,2023-01-01T00:39:18
-3.335768,-3.335848,2023-01-01T00:39:19
-3.335768,-3.335848,2023-01-01T00:39:20
-3.335768,-3.335848,2023-01-01T00:39:21
-3.335768,-3.335848,2023-01-01T00:39:22
-3.335768,-3.335848,2023-01-01T00:39:23
-3.335768,-3.335848,2023-01-01T00:39:24
-3.335768,-3.335848,2023-01-01T00:39:25
-3.335768,-3.335848,2023-01-01T00:39:26
-3.335768,-3.335848,2023-01-01T00:39:27
-3.335768,-3.335848,2023-01-01T00:39:28
-3.335768,-3.335848,2023-01-01T00:39:29
-3.335768,-3.447043,2023-01-01T00:39:30
-3.335768,-3.447043,2023-01-01T00:39:31
-3.335768,-3.447043,2023-01-01T00:39:32
-3.335768,-3.447043,2023-01-01T00:39:33
-3.335768,-3.447043,2023-01-01T00:39:34
-3.446961,-3.447043,2023-01-01T00:39:35
-3.446961,-3.447043,2023-01-01T00:39:36
-3.446961,-3.447043,2023-01-01T00:39:37
-3.446961,-3.447043,2023-01-01T00:39:38
-3.446961,-3.447043,2023-01-01T00:39:39
-3.446961,-3.447043,2023-01-01T00:39:40
-3.446961,-3.447043,2023-01-01T00:39:41
-3.446961,-3.447043,2023-01-01T00:39:42
-3.558153,-3.447043,2023-01-01T00:39:43
-3.558153,-3.447043,2023-01-01T00:39:44
-3.558153,-3.447043,2023-01-01T00:39:45
-3.558153,-3.447043,2023-01-01T00:39:46
-3.558153,-3.447043,2023-01-01T00:39:47
-3.558153,-3.558238,2023-01-01T00:39:48
-3.558153,-3.558238,2023-01-01T00:39:49
-3.558153,-3.558238,2023-01-01T00:39:50
-3.558153,-3.558238,2023-01-01T00:39:51
-3.558153,-3.558238,2023-01-01T00:39:52
-3.558153,-3.558238,2023-01-01T00:39:53
-3.558153,-3.558238,2023-01-01T00:39:54
-3.558153,-3.558238,2023-01-01T00:39:55
-3.558153,-3.669433,2023-01-01T00:39:56
-3.558153,-3.669433,2023-01-01T00:39:57
-3.558153,-3.669433,2023-01-01T00:39:58
-3.558153,-3.669433,2023-01-01T00:39:59
-3.558153,-3.669433,2023-01-01T00:40:00
-3.558153,-3.669433,2023-01-01T00:40:01
-3.669345,-3.780628,2023-01-01T00:40:02
-3.669345,-3.780628,2023-01-01T00:40:03
-3.669345,-3.780628,2023-01-01T00:40:04
-3.669345,-3.780628,2023-01-01T00:40:05
-3.669345,-3.780628,2023-01-01T00:40:06
-3.669345,-3.780628,2023-01-01T00:40:07
-3.669345,-3.780628,2023-01-01T00:40:08
-3.780538,-3.780628,2023-01-01T00:40:09
-3.780538,-3.780628,2023-01-01T00:40:10
-3.780538,-3.780628,2023-01-01T00:40:11
-3.780538,-3.780628,2023-01-01T00:40:12
-3.780538,-3.891822,2023-01-01T00:40:13
-3.780538,-3.891822,2023-01-01T00:40:14
-3.780538,-3.891822,2023-01-01T00:40:15
-3.780538,-3.891822,2023-01-01T00:40:16
-3.780538,-3.891822,2023-01-01T00:40:17
-3.891730,-3.891822,2023-01-01T00:40:18
-3.891730,-4.003017,2023-01-01T00:40:19
-3.891730,-4.003017,2023-01-01T00:40:20
-3.891730,-4.003017,2023-01-01T00:40:21
-3.891730,-4.003017,2023-01-01T00:40:22
-3.891730,-4.003017,2023-01-01T00:40:23
-3.891730,-4.114212,2023-01-01T00:40:24
-3.891730,-4.114212,2023-01-01T00:40:25
-3.891730,-4.114212,2023-01-01T00:40:26
-3.891730,-4.114212,2023-01-01T00:40:27
-3.891730,-4.225407,2023-01-01T00:40:28
-3.891730,-4.225407,2023-01-01T00:40:29
-4.002922,-4.225407,2023-01-01T00:40:30
-4.002922,-4.225407,2023-01-01T00:40:31
-4.002922,-4.225407,2023-01-01T00:40:32
-4.002922,-4.336602,2023-01-01T00:40:33
-4.002922,-4.336602,2023-01-01T00:40:34
-4.002922,-4.336602,2023-01-01T00:40:35
-4.002922,-4.336602,2023-01-01T00:40:36
-4.114114,-4.336602,2023-01-01T00:40:37
-4.114114,-4.336602,2023-01-01T00:40:38
-4.114114,-4.336602,2023-01-01T00:40:39
-4.114114,-4.336602,2023-01-01T00:40:40
-4.114114,-4.336602,2023-01-01T00:40:41
-4.114114,-4.447797,2023-01-01T00:40:42
-4.114114,-4.447797,2023-01-01T00:40:43
-4.114114,-4.447797,2023-01-01T00:40:44
-4.225307,-4.447797,2023-01-01T00:40:45
-4.225307,-4.447797,2023-01-01T00:40:46
-4.225307,-4.558992,2023-01-01T00:40:47
-4.225307,-4.558992,2023-01-01T00:40:48
-4.225307,-4.558992,2023-01-01T00:40:49
-4.225307,-4.558992,2023-01-01T00:40:50
-4.225307,-4.670187,2023-01-01T00:40:51
-4.225307,-4.670187,2023-01-01T00:40:52
-4.336499,-4.670187,2023-01-01T00:40:53
-4.336499,-4.670187,2023-01-01T00:40:54
-4.336499,-4.781382,2023-01-01T00:40:55
-4.336499,-4.781382,2023-01-01T00:40:56
-4.336499,-4.781382,2023-01-01T00:40:57
-4.336499,-4.781382,2023-01-01T00:40:58
-4.336499,-4.892577,2023-01-01T00:40:59
-4.336499,-4.892577,2023-01-01T00:41:00
-4.336499,-4.892577,2023-01-01T00:41:01
-4.336499,-4.892577,2023-01-01T00:41:02
-4.447691,-4.892577,2023-01-01T00:41:03
-4.447691,-5.003772,2023-01-01T00:41:04
-4.447691,-5.003772,2023-01-01T00:41:05
-4.447691,-5.003772,2023-01-01T00:41:06
-4.447691,-5.003772,2023-01-01T00:41:07
-4.447691,-5.003772,2023-01-01T00:41:08
-4.447691,-5.003772,2023-01-01T00:41:09
-4.558883,-5.003772,2023-01-01T00:41:10
-4.558883,-5.114967,2023-01-01T00:41:11
-4.558883,-5.114967,2023-01-01T00:41:12
-4.558883,-5.114967,2023-01-01T00:41:13
-4.558883,-5.114967,2023-01-01T00:41:14
-4.558883,-5.114967,2023-01-01T00:41:15
-4.558883,-5.226162,2023-01-01T00:41:16
-4.558883,-5.226162,2023-01-01T00:41:17
-4.558883,-5.226162,2023-01-01T00:41:18
-4.558883,-5.226162,2023-01-01T00:41:19
-4.670076,-5.337356,2023-01-01T00:41:20
-4.670076,-5.337356,2023-01-01T00:41:21
-4.670076,-5.337356,2023-01-01T00:41:22
-4.670076,-5.337356,2023-01-01T00:41:23
-4.670076,-5.337356,2023-01-01T00:41:24
-4.670076,-5.448551,2023-01-01T00:41:25
-4.670076,-5.448551,2023-01-01T00:41:26
-4.670076,-5.448551,2023-01-01T00:41:27
-4.670076,-5.448551,2023-01-01T00:41:28
-4.670076,-5.559746,2023-01-01T00:41:29
-4.670076,-5.559746,2023-01-01T00:41:30
-4.670076,-5.559746,2023-01-01T00:41:31
-4.670076,-5.559746,2023-01-01T00:41:32
-4.781268,-5.559746,2023-01-01T00:41:33
-4.781268,-5.559746,2023-01-01T00:41:34
-4.781268,-5.559746,2023-01-01T00:41:35
-4.781268,-5.559746,2023-01-01T00:41:36
-4.781268,-5.559746,2023-01-01T00:41:37
-4.781268,-5.559746,2023-01-01T00:41:38
-4.781268,-5.559746,2023-01-01T00:41:39
-4.781268,-5.559746,2023-01-01T00:41:40
-4.781268,-5.559746,2023-01-01T00:41:41
-4.781268,-5.670941,2023-01-01T00:41:42
-4.781268,-5.670941,2023-01-01T00:41:43
-4.781268,-5.670941,2023-01-01T00:41:44
-4.781268,-5.670941,2023-01-01T00:41:45
-4.781268,-5.670941,2023-01-01T00:41:46
-4.781268,-5.670941,2023-01-01T00:41:47
-4.892460,-5.670941,2023-01-01T00:41:48
-4.892460,-5.670941,2023-01-01T00:41:49
-4.892460,-5.670941,2023-01-01T00:41:50
-4.892460,-5.670941,2023-01-01T00:41:51
-4.892460,-5.670941,2023-01-01T00:41:52
-4.892460,-5.782136,2023-01-01T00:41:53
-4.892460,-5.782136,2023-01-01T00:41:54
-4.892460,-5.782136,2023-01-01T00:41:55
-4.892460,-5.782136,2023-01-01T00:41:56
-4.892460,-5.782136,2023-01-01T00:41:57
-4.892460,-5.782136,2023-01-01T00:41:58
-4.892460,-5.782136,2023-01-01T00:41:59
-4.892460,-5.893331,2023-01-01T00:42:00
-4.892460,-5.893331,2023-01-01T00:42:01
-4.892460,-5.893331,2023-01-01T00:42:02
-4.892460,-5.893331,2023-01-01T00:42:03
-4.892460,-5.893331,2023-01-01T00:42:04
-5.003653,-5.893331,2023-01-01T00:42:05
-5.003653,-5.893331,2023-01-01T00:42:06
-5.003653,-5.893331,2023-01-01T00:42:07
-5.003653,-5.893331,2023-01-01T00:42:08
-5.003653,-5.893331,2023-01-01T00:42:09
-5.003653,-5.893331,2023-01-01T00:42:10
-5.003653,-5.893331,2023-01-01T00:42:11
-5.003653,-5.893331,2023-01-01T00:42:12
-5.003653,-5.893331,2023-01-01T00:42:13
-5.003653,-5.893331,2023-01-01T00:42:14
-5.003653,-5.893331,2023-01-01T00:42:15
-5.003653,-5.893331,2023-01-01T00:42:16
-5.003653,-5.893331,2023-01-01T00:42:17
-5.003653,-5.893331,2023-01-01T00:42:18
-5.114845,-5.893331,2023-01-01T00:42:19
-5.114845,-5.893331,2023-01-01T00:42:20
-5.114845,-6.004526,2023-01-01T00:42:21
-5.114845,-6.004526,2023-01-01T00:42:22
-5.114845,-6.004526,2023-01-01T00:42:23
-5.114845,-6.004526,2023-01-01T00:42:24
-5.114845,-6.004526,2023-01-01T00:42:25
-5.114845,-6.004526,2023-01-01T00:42:26
-5.114845,-6.004526,2023-01-01T00:42:27
-5.114845,-6.004526,2023-01-01T00:42:28
-5.114845,-6.004526,2023-01-01T00:42:29
-5.114845,-6.115721,2023-01-01T00:42:30
-5.114845,-6.115721,2023-01-01T00:42:31
-5.114845,-6.115721,2023-01-01T00:42:32
-5.114845,-6.115721,2023-01-01T00:42:33
-5.114845,-6.115721,2023-01-01T00:42:34
-5.114845,-6.115721,2023-01-01T00:42:35
-5.114845,-6.115721,2023-01-01T00:42:36
-5.114845,-6.115721,2023-01-01T00:42:37
-5.226037,-6.004526,2023-01-01T00:42:38
-5.226037,-6.004526,2023-01-01T00:42:39
-5.226037,-6.115721,2023-01-01T00:42:40
-5.226037,-6.115721,2023-01-01T00:42:41
-5.226037,-6.115721,2023-01-01T00:42:42
-5.226037,-6.115721,2023-01-01T00:42:43
-5.226037,-6.115721,2023-01-01T00:42:44
-5.226037,-6.115721,2023-01-01T00:42:45
-5.226037,-6.115721,2023-01-01T00:42:46
-5.226037,-6.115721,2023-01-01T00:42:47
-5.226037,-6.115721,2023-01-01T00:42:48
-5.226037,-6.115721,2023-01-01T00:42:49
-5.226037,-6.115721,2023-01-01T00:42:50
-5.226037,-6.115721,2023-01-01T00:42:51
-5.226037,-6.115721,2023-01-01T00:42:52
-5.226037,-6.115721,2023-01-01T00:42:53
-5.226037,-6.115721,2023-01-01T00:42:54
-5.226037,-6.115721,2023-01-01T00:42:55
-5.226037,-6.115721,2023-01-01T00:42:56
-5.226037,-6.115721,2023-01-01T00:42:57
-5.226037,-6.115721,2023-01-01T00:42:58
-5.226037,-6.115721,2023-01-01T00:42:59
-5.226037,-6.115721,2023-01-01T00:43:00
-5.226037,-6.115721,2023-01-01T00:43:01
-5.226037,-6.115721,2023-01-01T00:43:02
-5.337229,-6.115721,2023-01-01T00:43:03
-5.337229,-6.226916,2023-01-01T00:43:04
-5.337229,-6.226916,2023-01-01T00:43:05
-5.337229,-6.226916,2023-01-01T00:43:06
-5.337229,-6.226916,2023-01-01T00:43:07
-5.337229,-6.226916,2023-01-01T00:43:08
-5.337229,-6.226916,2023-01-01T00:43:09
-5.337229,-6.226916,2023-01-01T00:43:10
-5.337229,-6.226916,2023-01-01T00:43:11
-5.337229,-6.226916,2023-01-01T00:43:12
-5.337229,-6.226916,2023-01-01T00:43:13
-5.337229,-6.226916,2023-01-01T00:43:14
-5.337229,-6.226916,2023-01-01T00:43:15
-5.337229,-6.226916,2023-01-01T00:43:16
-5.337229,-6.226916,2023-01-01T00:43:17
-5.337229,-6.226916,2023-01-01T00:43:18
-5.337229,-6.338111,2023-01-01T00:43:19
-5.337229,-6.338111,2023-01-01T00:43:20
-5.337229,-6.338111,2023-01-01T00:43:21
-5.337229,-6.338111,2023-01-01T00:43:22
-5.337229,-6.338111,2023-01-01T00:43:23
-5.337229,-6.338111,2023-01-01T00:43:24
-5.337229,-6.338111,2023-01-01T00:43:25
-5.337229,-6.338111,2023-01-01T00:43:26
-5.337229,-6.338111,2023-01-01T00:43:27
-5.337229,-6.338111,2023-01-01T00:43:28
-5.337229,-6.449306,2023-01-01T00:43:29
-5.337229,-6.449306,2023-01-01T00:43:30
-5.337229,-6.449306,2023-01-01T00:43:31
-5.337229,-6.449306,2023-01-01T00:43:32
-5.448422,-6.449306,2023-01-01T00:43:33
-5.448422,-6.449306,2023-01-01T00:43:34
-5.448422,-6.449306,2023-01-01T00:43:35
-5.448422,-6.449306,2023-01-01T00:43:36
-5.448422,-6.449306,2023-01-01T00:43:37
-5.448422,-6.449306,2023-01-01T00:43:38
-5.448422,-6.449306,2023-01-01T00:43:39
-5.448422,-6.449306,2023-01-01T00:43:40
-5.448422,-6.449306,2023-01-01T00:43:41
-5.559614,-6.560501,2023-01-01T00:43:42
-5.559614,-6.560501,2023-01-01T00:43:43
-5.559614,-6.560501,2023-01-01T00:43:44
-5.559614,-6.560501,2023-01-01T00:43:45
-5.559614,-6.560501,2023-01-01T00:43:46
-5.559614,-6.560501,2023-01-01T00:43:47
-5.559614,-6.560501,2023-01-01T00:43:48
-5.559614,-6.560501,2023-01-01T00:43:49
-5.559614,-6.560501,2023-01-01T00:43:50
-5.559614,-6.560501,2023-01-01T00:43:51
-5.559614,-6.671696,2023-01-01T00:43:52
-5.559614,-6.671696,2023-01-01T00:43:53
-5.559614,-6.671696,2023-01-01T00:43:54
-5.559614,-6.671696,2023-01-01T00:43:55
-5.670806,-6.671696,2023-01-01T00:43:56
-5.670806,-6.671696,2023-01-01T00:43:57
-5.670806,-6.671696,2023-01-01T00:43:58
-5.670806,-6.782891,2023-01-01T00:43:59
-5.670806,-6.782891,2023-01-01T00:44:00
-5.670806,-6.782891,2023-01-01T00:44:01
-5.670806,-6.782891,2023-01-01T00:44:02
-5.670806,-6.782891,2023-01-01T00:44:03
-5.670806,-6.782891,2023-01-01T00:44:04
-5.670806,-6.782891,2023-01-01T00:44:05
-5.670806,-6.782891,2023-01-01T00:44:06
-5.781999,-6.782891,2023-01-01T00:44:07
-5.781999,-6.894085,2023-01-01T00:44:08
-5.781999,-6.894085,2023-01-01T00:44:09
-5.781999,-6.894085,2023-01-01T00:44:10
-5.781999,-6.894085,2023-01-01T00:44:11
-5.781999,-6.894085,2023-01-01T00:44:12
-5.781999,-6.894085,2023-01-01T00:44:13
-5.781999,-6.894085,2023-01-01T00:44:14
-5.781999,-6.894085,2023-01-01T00:44:15
-5.781999,-7.005280,2023-01-01T00:44:16
-5.893191,-7.005280,2023-01-01T00:44:17
-5.893191,-7.005280,2023-01-01T00:44:18
-5.893191,-7.005280,2023-01-01T00:44:19
-5.893191,-7.005280,2023-01-01T00:44:20
-5.893191,-7.005280,2023-01-01T00:44:21
-5.893191,-7.005280,2023-01-01T00:44:22
-5.893191,-7.116475,2023-01-01T00:44:23
-5.893191,-7.116475,2023-01-01T00:44:24
-5.893191,-7.116475,2023-01-01T00:44:25
-5.893191,-7.116475,2023-01-01T00:44:26
-5.893191,-7.116475,2023-01-01T00:44:27
-5.893191,-7.116475,2023-01-01T00:44:28
-5.893191,-7.227670,2023-01-01T00:44:29
-5.893191,-7.227670,2023-01-01T00:44:30
-5.893191,-7.227670,2023-01-01T00:44:31
-5.893191,-7.227670,2023-01-01T00:44:32
-5.893191,-7.227670,2023-01-01T00:44:33
-5.893191,-7.227670,2023-01-01T00:44:34
-5.893191,-7.338865,2023-01-01T00:44:35
-5.893191,-7.338865,2023-01-01T00:44:36
-5.893191,-7.338865,2023-01-01T00:44:37
-5.893191,-7.338865,2023-01-01T00:44:38
-5.893191,-7.338865,2023-01-01T00:44:39
-5.893191,-7.450060,2023-01-01T00:44:40
-5.893191,-7.450060,2023-01-01T00:44:41
-5.893191,-7.450060,2023-01-01T00:44:42
-5.893191,-7.450060,2023-01-01T00:44:43
-5.893191,-7.450060,2023-01-01T00:44:44
-5.893191,-7.450060,2023-01-01T00:44:45
-5.893191,-7.561255,2023-01-01T00:44:46
-5.893191,-7.561255,2023-01-01T00:44:47
-5.893191,-7.561255,2023-01-01T00:44:48
-5.893191,-7.561255,2023-01-01T00:44:49
-5.893191,-7.561255,2023-01-01T00:44:50
-5.893191,-7.561255,2023-01-01T00:44:51
-5.893191,-7.672450,2023-01-01T00:44:52
-5.893191,-7.672450,2023-01-01T00:44:53
-5.893191,-7.672450,2023-01-01T00:44:54
-5.893191,-7.672450,2023-01-01T00:44:55
-5.893191,-7.672450,2023-01-01T00:44:56
-5.893191,-7.672450,2023-01-01T00:44:57
-5.893191,-7.783645,2023-01-01T00:44:58
-5.893191,-7.783645,2023-01-01T00:44:59
-5.893191,-7.783645,2023-01-01T00:45:00
-5.893191,-7.783645,2023-01-01T00:45:01
-5.893191,-7.783645,2023-01-01T00:45:02
-5.893191,-7.783645,2023-01-01T00:45:03
-5.893191,-7.894840,2023-01-01T00:45:04
-5.893191,-7.894840,2023-01-01T00:45:05
-5.893191,-7.894840,2023-01-01T00:45:06
-5.893191,-7.894840,2023-01-01T00:45:07
-5.893191,-8.006035,2023-01-01T00:45:08
-5.893191,-8.006035,2023-01-01T00:45:09
-5.893191,-8.006035,2023-01-01T00:45:10
-5.893191,-8.006035,2023-01-01T00:45:11
-5.893191,-8.006035,2023-01-01T00:45:12
-5.893191,-8.117230,2023-01-01T00:45:13
-5.893191,-8.117230,2023-01-01T00:45:14
-5.893191,-8.117230,2023-01-01T00:45:15
-5.893191,-8.228425,2023-01-01T00:45:16
-5.893191,-8.228425,2023-01-01T00:45:17
-5.893191,-8.228425,2023-01-01T00:45:18
-5.893191,-8.228425,2023-01-01T00:45:19
-5.893191,-8.339619,2023-01-01T00:45:20
-5.781999,-8.339619,2023-01-01T00:45:21
-5.781999,-8.339619,2023-01-01T00:45:22
-5.781999,-8.450814,2023-01-01T00:45:23
-5.781999,-8.450814,2023-01-01T00:45:24
-5.781999,-8.450814,2023-01-01T00:45:25
-5.781999,-8.562009,2023-01-01T00:45:26
-5.781999,-8.562009,2023-01-01T00:45:27
-5.781999,-8.562009,2023-01-01T00:45:28
-5.670806,-8.673204,2023-01-01T00:45:29
-5.670806,-8.673204,2023-01-01T00:45:30
-5.670806,-8.673204,2023-01-01T00:45:31
-5.670806,-8.784399,2023-01-01T00:45:32
-5.670806,-8.784399,2023-01-01T00:45:33
-5.670806,-8.895594,2023-01-01T00:45:34
-5.559614,-8.895594,2023-01-01T00:45:35
-5.559614,-8.895594,2023-01-01T00:45:36
-5.559614,-9.006789,2023-01-01T00:45:37
-5.559614,-9.006789,2023-01-01T00:45:38
-5.559614,-9.117984,2023-01-01T00:45:39
-5.559614,-9.117984,2023-01-01T00:45:40
-5.448422,-9.117984,2023-01-01T00:45:41
-5.448422,-9.229179,2023-01-01T00:45:42
-5.448422,-9.229179,2023-01-01T00:45:43
-5.448422,-9.340374,2023-01-01T00:45:44
-5.337229,-9.340374,2023-01-01T00:45:45
-5.337229,-9.340374,2023-01-01T00:45:46
-5.337229,-9.451569,2023-01-01T00:45:47
-5.337229,-9.451569,2023-01-01T00:45:48
-5.226037,-9.562764,2023-01-01T00:45:49
-5.226037,-9.562764,2023-01-01T00:45:50
-5.226037,-9.562764,2023-01-01T00:45:51
-5.226037,-9.673959,2023-01-01T00:45:52
-5.114845,-9.673959,2023-01-01T00:45:53
-5.114845,-9.785154,2023-01-01T00:45:54
-5.114845,-9.785154,2023-01-01T00:45:55
-5.114845,-9.896348,2023-01-01T00:45:56
-5.003653,-9.896348,2023-01-01T00:45:57
-5.003653,-9.896348,2023-01-01T00:45:58
-5.003653,-10.007543,2023-01-01T00:45:59
-4.892460,-10.007543,2023-01-01T00:46:00
-4.892460,-10.118738,2023-01-01T00:46:01
-4.892460,-10.118738,2023-01-01T00:46:02
-4.892460,-10.118738,2023-01-01T00:46:03
-4.892460,-10.118738,2023-01-01T00:46:04
-4.892460,-10.118738,2023-01-01T00:46:05
-4.892460,-10.118738,2023-01-01T00:46:06
-4.892460,-10.118738,2023-01-01T00:46:07
-4.892460,-10.118738,2023-01-01T00:46:08
-4.892460,-10.118738,2023-01-01T00:46:09
-4.892460,-10.118738,2023-01-01T00:46:10
-4.892460,-10.118738,2023-01-01T00:46:11
-4.892460,-10.118738,2023-01-01T00:46:12
-4.892460,-10.118738,2023-01-01T00:46:13
-4.892460,-10.118738,2023-01-01T00:46:14
-4.892460,-10.118738,2023-01-01T00:46:15
-4.892460,-10.118738,2023-01-01T00:46:16
-4.892460,-10.118738,2023-01-01T00:46:17
-4.892460,-10.118738,2023-01-01T00:46:18
-4.892460,-10.118738,2023-01-01T00:46:19
-4.892460,-10.118738,2023-01-01T00:46:20
-4.892460,-10.118738,2023-01-01T00:46:21
-4.892460,-10.118738,2023-01-01T00:46:22
-4.892460,-10.118738,2023-01-01T00:46:23
-4.892460,-10.118738,2023-01-01T00:46:24
-4.892460,-10.118738,2023-01-01T00:46:25
-4.892460,-10.007543,2023-01-01T00:46:26
-5.003653,-10.007543,2023-01-01T00:46:27
-5.003653,-10.007543,2023-01-01T00:46:28
-5.003653,-10.007543,2023-01-01T00:46:29
-5.003653,-10.007543,2023-01-01T00:46:30
-5.003653,-10.007543,2023-01-01T00:46:31
-5.003653,-10.007543,2023-01-01T00:46:32
-5.003653,-9.896348,2023-01-01T00:46:33
-5.003653,-9.896348,2023-01-01T00:46:34
-5.003653,-9.896348,2023-01-01T00:46:35
-5.003653,-9.896348,2023-01-01T00:46:36
-5.003653,-9.896348,2023-01-01T00:46:37
-5.003653,-9.896348,2023-01-01T00:46:38
-5.003653,-9.896348,2023-01-01T00:46:39
-5.003653,-9.896348,2023-01-01T00:46:40
-4.892460,-9.896348,2023-01-01T00:46:41
-4.892460,-9.896348,2023-01-01T00:46:42
-4.892460,-9.896348,2023-01-01T00:46:43
-4.892460,-9.896348,2023-01-01T00:46:44
-4.892460,-9.896348,2023-01-01T00:46:45
-4.892460,-9.896348,2023-01-01T00:46:46
-4.892460,-9.896348,2023-01-01T00:46:47
-4.892460,-9.896348,2023-01-01T00:46:48
-4.892460,-9.896348,2023-01-01T00:46:49
-4.892460,-9.896348,2023-01-01T00:46:50
-4.892460,-9.896348,2023-01-01T00:46:51
-4.892460,-9.896348,2023-01-01T00:46:52
-4.892460,-9.896348,2023-01-01T00:46:53
-4.892460,-9.896348,2023-01-01T00:46:54
-4.892460,-9.896348,2023-01-01T00:46:55
-4.892460,-9.896348,2023-01-01T00:46:56
-4.892460,-9.896348,2023-01-01T00:46:57
-4.781268,-9.896348,2023-01-01T00:46:58
-4.781268,-9.896348,2023-01-01T00:46:59
-4.781268,-9.896348,2023-01-01T00:47:00
-4.781268,-9.896348,2023-01-01T00:47:01
-4.781268,-9.896348,2023-01-01T00:47:02
-4.781268,-9.785154,2023-01-01T00:47:03
-4.781268,-9.785154,2023-01-01T00:47:04
-4.781268,-9.785154,2023-01-01T00:47:05
-4.781268,-9.785154,2023-01-01T00:47:06
-4.781268,-9.785154,2023-01-01T00:47:07
-4.781268,-9.785154,2023-01-01T00:47:08
-4.781268,-9.785154,2023-01-01T00:47:09
-4.781268,-9.785154,2023-01-01T00:47:10
-4.781268,-9.785154,2023-01-01T00:47:11
-4.781268,-9.785154,2023-01-01T00:47:12
-4.781268,-9.785154,2023-01-01T00:47:13
-4.892460,-9.785154,2023-01-01T00:47:14
-4.892460,-9.785154,2023-01-01T00:47:15
-4.892460,-9.785154,2023-01-01T00:47:16
-4.892460,-9.785154,2023-01-01T00:47:17
-4.892460,-9.785154,2023-01-01T00:47:18
-4.892460,-9.785154,2023-01-01T00:47:19
-4.892460,-9.785154,2023-01-01T00:47:20
-4.892460,-9.785154,2023-01-01T00:47:21
-5.003653,-9.896348,2023-01-01T00:47:22
-5.003653,-9.896348,2023-01-01T00:47:23
-5.003653,-9.896348,2023-01-01T00:47:24
-5.003653,-9.896348,2023-01-01T00:47:25
-5.003653,-9.896348,2023-01-01T00:47:26
-5.114845,-9.896348,2023-01-01T00:47:27
-5.114845,-9.896348,2023-01-01T00:47:28
-5.114845,-9.896348,2023-01-01T00:47:29
-5.114845,-9.896348,2023-01-01T00:47:30
-5.226037,-9.896348,2023-01-01T00:47:31
-5.226037,-10.007543,2023-01-01T00:47:32
-5.226037,-10.007543,2023-01-01T00:47:33
-5.226037,-10.007543,2023-01-01T00:47:34
-5.226037,-10.007543,2023-01-01T00:47:35
-5.226037,-10.007543,2023-01-01T00:47:36
-5.226037,-10.007543,2023-01-01T00:47:37
-5.226037,-10.007543,2023-01-01T00:47:38
-5.337229,-10.118738,2023-01-01T00:47:39
-5.337229,-10.118738,2023-01-01T00:47:40
-5.337229,-10.118738,2023-01-01T00:47:41
-5.337229,-10.118738,2023-01-01T00:47:42
-5.448422,-10.118738,2023-01-01T00:47:43
-5.448422,-10.229933,2023-01-01T00:47:44
-5.448422,-10.229933,2023-01-01T00:47:45
-5.448422,-10.229933,2023-01-01T00:47:46
-5.559614,-10.229933,2023-01-01T00:47:47
-5.559614,-10.341128,2023-01-01T00:47:48
-5.670806,-10.341128,2023-01-01T00:47:49
-5.670806,-10.341128,2023-01-01T00:47:50
-5.670806,-10.341128,2023-01-01T00:47:51
-5.781999,-10.452323,2023-01-01T00:47:52
-5.781999,-10.452323,2023-01-01T00:47:53
-5.781999,-10.452323,2023-01-01T00:47:54
-5.893191,-10.563518,2023-01-01T00:47:55
-5.893191,-10.563518,2023-01-01T00:47:56
-6.004383,-10.563518,2023-01-01T00:47:57
-6.004383,-10.674713,2023-01-01T00:47:58
-6.004383,-10.674713,2023-01-01T00:47:59
-6.115575,-10.674713,2023-01-01T00:48:00
-6.115575,-10.674713,2023-01-01T00:48:01
-6.115575,-10.674713,2023-01-01T00:48:02
-6.115575,-10.674713,2023-01-01T00:48:03
-6.115575,-10.674713,2023-01-01T00:48:04
-6.115575,-10.674713,2023-01-01T00:48:05
-6.115575,-10.674713,2023-01-01T00:48:06
-6.115575,-10.674713,2023-01-01T00:48:07
-6.115575,-10.674713,2023-01-01T00:48:08
-6.115575,-10.563518,2023-01-01T00:48:09
-6.115575,-10.563518,2023-01-01T00:48:10
-6.226768,-10.563518,2023-01-01T00:48:11
-6.226768,-10.563518,2023-01-01T00:48:12
-6.226768,-10.563518,2023-01-01T00:48:13
-6.226768,-10.563518,2023-01-01T00:48:14
-6.226768,-10.452323,2023-01-01T00:48:15
-6.226768,-10.452323,2023-01-01T00:48:16
-6.337960,-10.452323,2023-01-01T00:48:17
-6.337960,-10.452323,2023-01-01T00:48:18
-6.337960,-10.452323,2023-01-01T00:48:19
-6.337960,-10.452323,2023-01-01T00:48:20
-6.337960,-10.341128,2023-01-01T00:48:21
-6.449152,-10.341128,2023-01-01T00:48:22
-6.449152,-10.341128,2023-01-01T00:48:23
-6.449152,-10.341128,2023-01-01T00:48:24
-6.449152,-10.229933,2023-01-01T00:48:25
-6.560345,-10.229933,2023-01-01T00:48:26
-6.560345,-10.229933,2023-01-01T00:48:27
-6.560345,-10.229933,2023-01-01T00:48:28
-6.560345,-10.118738,2023-01-01T00:48:29
-6.671537,-10.118738,2023-01-01T00:48:30
-6.671537,-10.118738,2023-01-01T00:48:31
-6.671537,-10.118738,2023-01-01T00:48:32
-6.671537,-10.118738,2023-01-01T00:48:33
-6.671537,-10.118738,2023-01-01T00:48:34
-6.560345,-10.007543,2023-01-01T00:48:35
-6.560345,-10.007543,2023-01-01T00:48:36
-6.560345,-10.007543,2023-01-01T00:48:37
-6.560345,-10.007543,2023-01-01T00:48:38
-6.560345,-10.007543,2023-01-01T00:48:39
-6.560345,-10.007543,2023-01-01T00:48:40
-6.560345,-10.007543,2023-01-01T00:48:41
-6.560345,-9.896348,2023-01-01T00:48:42
-6.560345,-9.896348,2023-01-01T00:48:43
-6.560345,-9.896348,2023-01-01T00:48:44
-6.560345,-9.896348,2023-01-01T00:48:45
-6.560345,-9.896348,2023-01-01T00:48:46
-6.560345,-9.785154,2023-01-01T00:48:47
-6.560345,-9.785154,2023-01-01T00:48:48
-6.560345,-9.785154,2023-01-01T00:48:49
-6.560345,-9.785154,2023-01-01T00:48:50
-6.560345,-9.785154,2023-01-01T00:48:51
-6.560345,-9.785154,2023-01-01T00:48:52
-6.560345,-9.673959,2023-01-01T00:48:53
-6.560345,-9.673959,2023-01-01T00:48:54
-6.560345,-9.673959,2023-01-01T00:48:55
-6.560345,-9.673959,2023-01-01T00:48:56
-6.560345,-9.562764,2023-01-01T00:48:57
-6.560345,-9.562764,2023-01-01T00:48:58
-6.560345,-9.562764,2023-01-01T00:48:59
-6.560345,-9.562764,2023-01-01T00:49:00
-6.560345,-9.562764,2023-01-01T00:49:01
-6.560345,-9.562764,2023-01-01T00:49:02
-6.560345,-9.562764,2023-01-01T00:49:03
-6.560345,-9.562764,2023-01-01T00:49:04
-6.560345,-9.562764,2023-01-01T00:49:05
-6.560345,-9.562764,2023-01-01T00:49:06
-6.560345,-9.562764,2023-01-01T00:49:07
-6.449152,-9.562764,2023-01-01T00:49:08
-6.449152,-9.562764,2023-01-01T00:49:09
-6.449152,-9.562764,2023-01-01T00:49:10
-6.449152,-9.562764,2023-01-01T00:49:11
-6.449152,-9.562764,2023-01-01T00:49:12
-6.449152,-9.562764,2023-01-01T00:49:13
-6.449152,-9.562764,2023-01-01T00:49:14
-6.449152,-9.562764,2023-01-01T00:49:15
-6.449152,-9.562764,2023-01-01T00:49:16
-6.449152,-9.562764,2023-01-01T00:49:17
-6.449152,-9.562764,2023-01-01T00:49:18
-6.337960,-9.562764,2023-01-01T00:49:19
-6.337960,-9.562764,2023-01-01T00:49:20
-6.337960,-9.562764,2023-01-01T00:49:21
-6.337960,-9.562764,2023-01-01T00:49:22
-6.337960,-9.562764,2023-01-01T00:49:23
-6.337960,-9.562764,2023-01-01T00:49:24
-6.337960,-9.562764,2023-01-01T00:49:25
-6.337960,-9.562764,2023-01-01T00:49:26
-6.337960,-9.562764,2023-01-01T00:49:27
-6.337960,-9.673959,2023-01-01T00:49:28
-6.226768,-9.673959,2023-01-01T00:49:29
-6.226768,-9.673959,2023-01-01T00:49:30
-6.226768,-9.673959,2023-01-01T00:49:31
-6.226768,-9.673959,2023-01-01T00:49:32
-6.226768,-9.673959,2023-01-01T00:49:33
-6.226768,-9.673959,2023-01-01T00:49:34
-6.226768,-9.673959,2023-01-01T00:49:35
-6.226768,-9.673959,2023-01-01T00:49:36
-6.226768,-9.673959,2023-01-01T00:49:37
-6.226768,-9.673959,2023-01-01T00:49:38
-6.226768,-9.673959,2023-01-01T00:49:39
-6.226768,-9.673959,2023-01-01T00:49:40
-6.115575,-9.673959,2023-01-01T00:49:41
-6.115575,-9.673959,2023-01-01T00:49:42
-6.115575,-9.673959,2023-01-01T00:49:43
-6.115575,-9.673959,2023-01-01T00:49:44
-6.115575,-9.785154,2023-01-01T00:49:45
-6.115575,-9.785154,2023-01-01T00:49:46
-6.115575,-9.785154,2023-01-01T00:49:47
-6.115575,-9.785154,2023-01-01T00:49:48
-6.115575,-9.785154,2023-01-01T00:49:49
-6.004383,-9.785154,2023-01-01T00:49:50
-6.004383,-9.785154,2023-01-01T00:49:51
-6.004383,-9.785154,2023-01-01T00:49:52
-6.004383,-9.785154,2023-01-01T00:49:53
-6.004383,-9.896348,2023-01-01T00:49:54
-6.004383,-9.896348,2023-01-01T00:49:55
-5.893191,-9.896348,2023-01-01T00:49:56
-5.893191,-9.896348,2023-01-01T00:49:57
-5.893191,-9.896348,2023-01-01T00:49:58
-5.893191,-9.896348,2023-01-01T00:49:59
-5.781999,-10.007543,2023-01-01T00:50:00
-5.781999,-10.007543,2023-01-01T00:50:01
-5.781999,-10.007543,2023-01-01T00:50:02
-5.781999,-10.007543,2023-01-01T00:50:03
-5.781999,-10.007543,2023-01-01T00:50:04
-5.781999,-10.007543,2023-01-01T00:50:05
-5.781999,-10.007543,2023-01-01T00:50:06
-5.781999,-10.007543,2023-01-01T00:50:07
-5.781999,-10.007543,2023-01-01T00:50:08
-5.781999,-10.007543,2023-01-01T00:50:09
-5.781999,-10.007543,2023-01-01T00:50:10
-5.670806,-10.007543,2023-01-01T00:50:11
-5.670806,-10.118738,2023-01-01T00:50:12
-5.670806,-10.118738,2023-01-01T00:50:13
-5.670806,-10.118738,2023-01-01T00:50:14
-5.670806,-10.118738,2023-01-01T00:50:15
-5.670806,-10.118738,2023-01-01T00:50:16
-5.559614,-10.118738,2023-01-01T00:50:17
-5.559614,-10.229933,2023-01-01T00:50:18
-5.559614,-10.229933,2023-01-01T00:50:19
-5.559614,-10.229933,2023-01-01T00:50:20
-5.448422,-10.229933,2023-01-01T00:50:21
-5.448422,-10.229933,2023-01-01T00:50:22
-5.448422,-10.341128,2023-01-01T00:50:23
-5.448422,-10.341128,2023-01-01T00:50:24
-5.337229,-10.341128,2023-01-01T00:50:25
-5.337229,-10.341128,2023-01-01T00:50:26
-5.337229,-10.452323,2023-01-01T00:50:27
-5.337229,-10.452323,2023-01-01T00:50:28
-5.226037,-10.452323,2023-01-01T00:50:29
-5.226037,-10.563518,2023-01-01T00:50:30
-5.226037,-10.563518,2023-01-01T00:50:31
-5.226037,-10.563518,2023-01-01T00:50:32
-5.226037,-10.563518,2023-01-01T00:50:33
-5.226037,-10.563518,2023-01-01T00:50:34
-5.226037,-10.563518,2023-01-01T00:50:35
-5.114845,-10.563518,2023-01-01T00:50:36
-5.114845,-10.563518,2023-01-01T00:50:37
-5.114845,-10.674713,2023-01-01T00:50:38
-5.114845,-10.674713,2023-01-01T00:50:39
-5.114845,-10.674713,2023-01-01T00:50:40
-5.114845,-10.674713,2023-01-01T00:50:41
-5.114845,-10.674713,2023-01-01T00:50:42
-5.114845,-10.785908,2023-01-01T00:50:43
-5.114845,-10.785908,2023-01-01T00:50:44
-5.114845,-10.785908,2023-01-01T00:50:45
-5.003653,-10.785908,2023-01-01T00:50:46
-5.003653,-10.785908,2023-01-01T00:50:47
-5.003653,-10.897103,2023-01-01T00:50:48
-5.003653,-10.897103,2023-01-01T00:50:49
-5.003653,-10.897103,2023-01-01T00:50:50
-5.003653,-11.008298,2023-01-01T00:50:51
-4.892460,-11.008298,2023-01-01T00:50:52
-4.892460,-11.008298,2023-01-01T00:50:53
-4.892460,-11.119493,2023-01-01T00:50:54
-4.892460,-11.119493,2023-01-01T00:50:55
-4.892460,-11.119493,2023-01-01T00:50:56
-4.781268,-11.230688,2023-01-01T00:50:57
-4.781268,-11.230688,2023-01-01T00:50:58
-4.781268,-11.230688,2023-01-01T00:50:59
-4.781268,-11.341883,2023-01-01T00:51:00
-4.670076,-11.341883,2023-01-01T00:51:01
-4.670076,-11.341883,2023-01-01T00:51:02
-4.781268,-11.341883,2023-01-01T00:51:03
-4.781268,-11.341883,2023-01-01T00:51:04
-4.781268,-11.453077,2023-01-01T00:51:05
-4.781268,-11.453077,2023-01-01T00:51:06
-4.781268,-11.453077,2023-01-01T00:51:07
-4.781268,-11.453077,2023-01-01T00:51:08
-4.670076,-11.453077,2023-01-01T00:51:09
-4.670076,-11.564272,2023-01-01T00:51:10
-4.670076,-11.564272,2023-01-01T00:51:11
-4.670076,-11.564272,2023-01-01T00:51:12
-4.670076,-11.675467,2023-01-01T00:51:13
-4.670076,-11.675467,2023-01-01T00:51:14
-4.670076,-11.675467,2023-01-01T00:51:15
-4.670076,-11.675467,2023-01-01T00:51:16
-4.670076,-11.786662,2023-01-01T00:51:17
-4.558883,-11.786662,2023-01-01T00:51:18
-4.558883,-11.897857,2023-01-01T00:51:19
-4.558883,-11.897857,2023-01-01T00:51:20
-4.558883,-11.897857,2023-01-01T00:51:21
-4.558883,-12.009052,2023-01-01T00:51:22
-4.447691,-12.009052,2023-01-01T00:51:23
-4.447691,-12.009052,2023-01-01T00:51:24
-4.447691,-12.120247,2023-01-01T00:51:25
-4.447691,-12.120247,2023-01-01T00:51:26
-4.336499,-12.231442,2023-01-01T00:51:27
-4.336499,-12.231442,2023-01-01T00:51:28
-4.336499,-12.342637,2023-01-01T00:51:29
-4.336499,-12.342637,2023-01-01T00:51:30
-4.225307,-12.453832,2023-01-01T00:51:31
-4.225307,-12.453832,2023-01-01T00:51:32
-4.225307,-12.453832,2023-01-01T00:51:33
-4.336499,-12.453832,2023-01-01T00:51:34
-4.336499,-12.453832,2023-01-01T00:51:35
-4.336499,-12.565027,2023-01-01T00:51:36
-4.336499,-12.565027,2023-01-01T00:51:37
-4.336499,-12.565027,2023-01-01T00:51:38
-4.336499,-12.565027,2023-01-01T00:51:39
-4.336499,-12.565027,2023-01-01T00:51:40
-4.336499,-12.676222,2023-01-01T00:51:41
-4.336499,-12.676222,2023-01-01T00:51:42
-4.336499,-12.676222,2023-01-01T00:51:43
-4.336499,-12.676222,2023-01-01T00:51:44
-4.336499,-12.787417,2023-01-01T00:51:45
-4.336499,-12.787417,2023-01-01T00:51:46
-4.225307,-12.787417,2023-01-01T00:51:47
-4.225307,-12.898611,2023-01-01T00:51:48
-4.225307,-12.898611,2023-01-01T00:51:49
-4.225307,-12.898611,2023-01-01T00:51:50
-4.225307,-13.009806,2023-01-01T00:51:51
-4.225307,-13.009806,2023-01-01T00:51:52
-4.225307,-13.009806,2023-01-01T00:51:53
-4.225307,-13.121001,2023-01-01T00:51:54
-4.114114,-13.121001,2023-01-01T00:51:55
-4.114114,-13.121001,2023-01-01T00:51:56
-4.114114,-13.121001,2023-01-01T00:51:57
-4.114114,-13.232196,2023-01-01T00:51:58
-4.114114,-13.232196,2023-01-01T00:51:59
-4.002922,-13.343391,2023-01-01T00:52:00
-4.002922,-13.343391,2023-01-01T00:52:01
-4.002922,-13.343391,2023-01-01T00:52:02
-4.002922,-13.343391,2023-01-01T00:52:03
-4.002922,-13.454586,2023-01-01T00:52:04
-4.002922,-13.454586,2023-01-01T00:52:05
-3.891730,-13.454586,2023-01-01T00:52:06
-3.891730,-13.454586,2023-01-01T00:52:07
-3.891730,-13.565781,2023-01-01T00:52:08
-3.891730,-13.565781,2023-01-01T00:52:09
-3.780538,-13.565781,2023-01-01T00:52:10
-3.780538,-13.565781,2023-01-01T00:52:11
-3.780538,-13.676976,2023-01-01T00:52:12
-3.669345,-13.676976,2023-01-01T00:52:13
-3.669345,-13.676976,2023-01-01T00:52:14
-3.669345,-13.788171,2023-01-01T00:52:15
-3.558153,-13.788171,2023-01-01T00:52:16
-3.558153,-13.788171,2023-01-01T00:52:17
-3.558153,-13.788171,2023-01-01T00:52:18
-3.446961,-13.899366,2023-01-01T00:52:19
-3.446961,-13.899366,2023-01-01T00:52:20
-3.446961,-13.899366,2023-01-01T00:52:21
-3.335768,-14.010561,2023-01-01T00:52:22
-3.335768,-14.010561,2023-01-01T00:52:23
-3.335768,-14.010561,2023-01-01T00:52:24
-3.224576,-14.121756,2023-01-01T00:52:25
-3.224576,-14.121756,2023-01-01T00:52:26
-3.224576,-14.121756,2023-01-01T00:52:27
-3.113384,-14.121756,2023-01-01T00:52:28
-3.113384,-14.232951,2023-01-01T00:52:29
-3.113384,-14.232951,2023-01-01T00:52:30
-3.113384,-14.232951,2023-01-01T00:52:31
-3.113384,-14.232951,2023-01-01T00:52:32
-3.113384,-14.232951,2023-01-01T00:52:33
-3.113384,-14.232951,2023-01-01T00:52:34
-3.113384,-14.232951,2023-01-01T00:52:35
-3.113384,-14.232951,2023-01-01T00:52:36
-3.113384,-14.232951,2023-01-01T00:52:37
-3.113384,-14.232951,2023-01-01T00:52:38
-3.113384,-14.232951,2023-01-01T00:52:39
-3.113384,-14.232951,2023-01-01T00:52:40
-3.113384,-14.232951,2023-01-01T00:52:41
-3.113384,-14.232951,2023-01-01T00:52:42
-3.113384,-14.232951,2023-01-01T00:52:43
-3.113384,-14.232951,2023-01-01T00:52:44
-3.113384,-14.232951,2023-01-01T00:52:45
-3.113384,-14.344146,2023-01-01T00:52:46
-3.113384,-14.344146,2023-01-01T00:52:47
-3.113384,-14.344146,2023-01-01T00:52:48
-3.113384,-14.344146,2023-01-01T00:52:49
-3.113384,-14.344146,2023-01-01T00:52:50
-3.002192,-14.344146,2023-01-01T00:52:51
-3.002192,-14.344146,2023-01-01T00:52:52
-3.002192,-14.344146,2023-01-01T00:52:53
-3.002192,-14.344146,2023-01-01T00:52:54
-3.002192,-14.344146,2023-01-01T00:52:55
-2.890999,-14.455340,2023-01-01T00:52:56
-2.890999,-14.455340,2023-01-01T00:52:57
-2.890999,-14.455340,2023-01-01T00:52:58
-2.779807,-14.455340,2023-01-01T00:52:59
-2.779807,-14.455340,2023-01-01T00:53:00
-2.779807,-14.455340,2023-01-01T00:53:01
-2.668615,-14.455340,2023-01-01T00:53:02
-2.668615,-14.455340,2023-01-01T00:53:03
-2.557422,-14.455340,2023-01-01T00:53:04
-2.557422,-14.455340,2023-01-01T00:53:05
-2.446230,-14.455340,2023-01-01T00:53:06
-2.446230,-14.455340,2023-01-01T00:53:07
-2.335038,-14.566535,2023-01-01T00:53:08
-2.335038,-14.566535,2023-01-01T00:53:09
-2.223846,-14.566535,2023-01-01T00:53:10
-2.223846,-14.566535,2023-01-01T00:53:11
-2.112653,-14.566535,2023-01-01T00:53:12
-2.112653,-14.566535,2023-01-01T00:53:13
-2.001461,-14.566535,2023-01-01T00:53:14
-1.890269,-14.566535,2023-01-01T00:53:15
-1.890269,-14.566535,2023-01-01T00:53:16
-1.779076,-14.566535,2023-01-01T00:53:17
-1.779076,-14.566535,2023-01-01T00:53:18
-1.667884,-14.566535,2023-01-01T00:53:19
-1.556692,-14.566535,2023-01-01T00:53:20
-1.556692,-14.566535,2023-01-01T00:53:21
-1.445500,-14.566535,2023-01-01T00:53:22
-1.445500,-14.677730,2023-01-01T00:53:23
-1.334307,-14.677730,2023-01-01T00:53:24
-1.223115,-14.677730,2023-01-01T00:53:25
-1.223115,-14.677730,2023-01-01T00:53:26
-1.111923,-14.677730,2023-01-01T00:53:27
-1.000731,-14.677730,2023-01-01T00:53:28
-1.000731,-14.677730,2023-01-01T00:53:29
-0.889538,-14.677730,2023-01-01T00:53:30
-0.778346,-14.677730,2023-01-01T00:53:31
-0.778346,-14.677730,2023-01-01T00:53:32
-0.778346,-14.677730,2023-01-01T00:53:33
-0.667154,-14.677730,2023-01-01T00:53:34
-0.667154,-14.677730,2023-01-01T00:53:35
-0.555961,-14.677730,2023-01-01T00:53:36
-0.555961,-14.677730,2023-01-01T00:53:37
-0.444769,-14.677730,2023-01-01T00:53:38
-0.444769,-14.677730,2023-01-01T00:53:39
-0.333577,-14.677730,2023-01-01T00:53:40
-0.333577,-14.677730,2023-01-01T00:53:41
-0.333577,-14.677730,2023-01-01T00:53:42
-0.222385,-14.677730,2023-01-01T00:53:43
-0.222385,-14.677730,2023-01-01T00:53:44
-0.111192,-14.677730,2023-01-01T00:53:45
-0.111192,-14.677730,2023-01-01T00:53:46
0.000000,-14.677730,2023-01-01T00:53:47
0.000000,-14.677730,2023-01-01T00:53:48
0.000000,-14.677730,2023-01-01T00:53:49
0.111192,-14.677730,2023-01-01T00:53:50
0.111192,-14.677730,2023-01-01T00:53:51
0.111192,-14.677730,2023-01-01T00:53:52
0.222385,-14.677730,2023-01-01T00:53:53
0.222385,-14.677730,2023-01-01T00:53:54
0.333577,-14.677730,2023-01-01T00:53:55
0.333577,-14.677730,2023-01-01T00:53:56
0.333577,-14.677730,2023-01-01T00:53:57
0.444769,-14.677730,2023-01-01T00:53:58
0.444769,-14.677730,2023-01-01T00:53:59
0.444769,-14.677730,2023-01-01T00:54:00
0.555961,-14.677730,2023-01-01T00:54:01
0.555961,-14.677730,2023-01-01T00:54:02
0.555961,-14.677730,2023-01-01T00:54:03
0.555961,-14.677730,2023-01-01T00:54:04
0.555961,-14.677730,2023-01-01T00:54:05
0.555961,-14.677730,2023-01-01T00:54:06
0.555961,-14.677730,2023-01-01T00:54:07
0.667154,-14.677730,2023-01-01T00:54:08
0.667154,-14.677730,2023-01-01T00:54:09
0.667154,-14.677730,2023-01-01T00:54:10
0.667154,-14.677730,2023-01-01T00:54:11
0.667154,-14.677730,2023-01-01T00:54:12
0.667154,-14.566535,2023-01-01T00:54:13
0.667154,-14.566535,2023-01-01T00:54:14
0.667154,-14.566535,2023-01-01T00:54:15
0.667154,-14.566535,2023-01-01T00:54:16
0.667154,-14.566535,2023-01-01T00:54:17
0.778346,-14.566535,2023-01-01T00:54:18
0.778346,-14.566535,2023-01-01T00:54:19
0.778346,-14.566535,2023-01-01T00:54:20
0.778346,-14.566535,2023-01-01T00:54:21
0.778346,-14.566535,2023-01-01T00:54:22
0.778346,-14.566535,2023-01-01T00:54:23
0.778346,-14.566535,2023-01-01T00:54:24
0.778346,-14.566535,2023-01-01T00:54:25
0.778346,-14.566535,2023-01-01T00:54:26
0.778346,-14.566535,2023-01-01T00:54:27
0.778346,-14.566535,2023-01-01T00:54:28
0.778346,-14.455340,2023-01-01T00:54:29
0.889538,-14.455340,2023-01-01T00:54:30
0.889538,-14.455340,2023-01-01T00:54:31
0.778346,-14.455340,2023-01-01T00:54:32
0.778346,-14.455340,2023-01-01T00:54:33
0.778346,-14.455340,2023-01-01T00:54:34
0.778346,-14.455340,2023-01-01T00:54:35
0.778346,-14.455340,2023-01-01T00:54:36
0.778346,-14.455340,2023-01-01T00:54:37
0.778346,-14.455340,2023-01-01T00:54:38
0.778346,-14.455340,2023-01-01T00:54:39
0.778346,-14.455340,2023-01-01T00:54:40
0.778346,-14.455340,2023-01-01T00:54:41
0.667154,-14.455340,2023-01-01T00:54:42
0.667154,-14.455340,2023-01-01T00:54:43
0.667154,-14.455340,2023-01-01T00:54:44
0.667154,-14.455340,2023-01-01T00:54:45
0.667154,-14.455340,2023-01-01T00:54:46
0.667154,-14.455340,2023-01-01T00:54:47
0.667154,-14.455340,2023-01-01T00:54:48
0.667154,-14.455340,2023-01-01T00:54:49
0.667154,-14.455340,2023-01-01T00:54:50
0.667154,-14.455340,2023-01-01T00:54:51
0.667154,-14.455340,2023-01-01T00:54:52
0.555961,-14.455340,2023-01-01T00:54:53
0.555961,-14.455340,2023-01-01T00:54:54
0.555961,-14.344146,2023-01-01T00:54:55
0.555961,-14.344146,2023-01-01T00:54:56
0.555961,-14.344146,2023-01-01T00:54:57
0.555961,-14.344146,2023-01-01T00:54:58
0.555961,-14.344146,2023-01-01T00:54:59
0.555961,-14.344146,2023-01-01T00:55:00
0.555961,-14.344146,2023-01-01T00:55:01
0.555961,-14.344146,2023-01-01T00:55:02
0.555961,-14.344146,2023-01-01T00:55:03
0.555961,-14.344146,2023-01-01T00:55:04
0.444769,-14.344146,2023-01-01T00:55:05
0.444769,-14.344146,2023-01-01T00:55:06
0.444769,-14.344146,2023-01-01T00:55:07
0.444769,-14.344146,2023-01-01T00:55:08
0.444769,-14.344146,2023-01-01T00:55:09
0.444769,-14.344146,2023-01-01T00:55:10
0.444769,-14.344146,2023-01-01T00:55:11
0.444769,-14.344146,2023-01-01T00:55:12
0.444769,-14.344146,2023-01-01T00:55:13
0.444769,-14.344146,2023-01-01T00:55:14
0.444769,-14.344146,2023-01-01T00:55:15
0.333577,-14.344146,2023-01-01T00:55:16
0.333577,-14.344146,2023-01-01T00:55:17
0.333577,-14.344146,2023-01-01T00:55:18
0.333577,-14.344146,2023-01-01T00:55:19
0.333577,-14.344146,2023-01-01T00:55:20
0.333577,-14.344146,2023-01-01T00:55:21
0.333577,-14.344146,2023-01-01T00:55:22
0.333577,-14.344146,2023-01-01T00:55:23
0.333577,-14.344146,2023-01-01T00:55:24
0.333577,-14.344146,2023-01-01T00:55:25
0.333577,-14.344146,2023-01-01T00:55:26
0.333577,-14.344146,2023-01-01T00:55:27
0.333577,-14.344146,2023-01-01T00:55:28
0.333577,-14.344146,2023-01-01T00:55:29
0.333577,-14.344146,2023-01-01T00:55:30
0.333577,-14.232951,2023-01-01T00:55:31
0.333577,-14.232951,2023-01-01T00:55:32
0.333577,-14.232951,2023-01-01T00:55:33
0.333577,-14.232951,2023-01-01T00:55:34
0.333577,-14.232951,2023-01-01T00:55:35
0.333577,-14.232951,2023-01-01T00:55:36
0.333577,-14.232951,2023-01-01T00:55:37
0.333577,-14.232951,2023-01-01T00:55:38
0.333577,-14.232951,2023-01-01T00:55:39
0.333577,-14.232951,2023-01-01T00:55:40
0.333577,-14.232951,2023-01-01T00:55:41
0.333577,-14.232951,2023-01-01T00:55:42
0.333577,-14.232951,2023-01-01T00:55:43
0.333577,-14.232951,2023-01-01T00:55:44
0.333577,-14.232951,2023-01-01T00:55:45
0.333577,-14.232951,2023-01-01T00:55:46
0.333577,-14.232951,2023-01-01T00:55:47
0.333577,-14.232951,2023-01-01T00:55:48
0.333577,-14.232951,2023-01-01T00:55:49
0.333577,-14.232951,2023-01-01T00:55:50
0.333577,-14.121756,2023-01-01T00:55:51
0.333577,-14.121756,2023-01-01T00:55:52
0.333577,-14.121756,2023-01-01T00:55:53
0.333577,-14.121756,2023-01-01T00:55:54
0.333577,-14.121756,2023-01-01T00:55:55
0.333577,-14.121756,2023-01-01T00:55:56
0.333577,-14.121756,2023-01-01T00:55:57
0.333577,-14.121756,2023-01-01T00:55:58
0.333577,-14.121756,2023-01-01T00:55:59
0.333577,-14.121756,2023-01-01T00:56:00
0.333577,-14.121756,2023-01-01T00:56:01
0.444769,-14.121756,2023-01-01T00:56:02
0.444769,-14.121756,2023-01-01T00:56:03
0.444769,-14.121756,2023-01-01T00:56:04
0.444769,-14.121756,2023-01-01T00:56:05
0.444769,-14.121756,2023-01-01T00:56:06
0.444769,-14.121756,2023-01-01T00:56:07
0.444769,-14.121756,2023-01-01T00:56:08
0.444769,-14.121756,2023-01-01T00:56:09
0.444769,-14.121756,2023-01-01T00:56:10
0.444769,-14.121756,2023-01-01T00:56:11
0.444769,-14.121756,2023-01-01T00:56:12
0.444769,-14.121756,2023-01-01T00:56:13
0.444769,-14.121756,2023-01-01T00:56:14
0.444769,-14.121756,2023-01-01T00:56:15
0.444769,-14.121756,2023-01-01T00:56:16
0.444769,-14.121756,2023-01-01T00:56:17
0.444769,-14.121756,2023-01-01T00:56:18
0.444769,-14.121756,2023-01-01T00:56:19
0.444769,-14.121756,2023-01-01T00:56:20
0.444769,-14.121756,2023-01-01T00:56:21
0.444769,-14.121756,2023-01-01T00:56:22
0.444769,-14.121756,2023-01-01T00:56:23
0.444769,-14.121756,2023-01-01T00:56:24
0.444769,-14.121756,2023-01-01T00:56:25
0.555961,-14.121756,2023-01-01T00:56:26
0.555961,-14.121756,2023-01-01T00:56:27
0.555961,-14.121756,2023-01-01T00:56:28
0.555961,-14.121756,2023-01-01T00:56:29
0.555961,-14.121756,2023-01-01T00:56:30
0.555961,-14.121756,2023-01-01T00:56:31
0.555961,-14.121756,2023-01-01T00:56:32
0.444769,-14.121756,2023-01-01T00:56:33
0.444769,-14.121756,2023-01-01T00:56:34
0.444769,-14.121756,2023-01-01T00:56:35
0.444769,-14.121756,2023-01-01T00:56:36
0.444769,-14.121756,2023-01-01T00:56:37
0.444769,-14.121756,2023-01-01T00:56:38
0.444769,-14.121756,2023-01-01T00:56:39
0.444769,-14.121756,2023-01-01T00:56:40
0.444769,-14.121756,2023-01-01T00:56:41
0.444769,-14.121756,2023-01-01T00:56:42
0.444769,-14.121756,2023-01-01T00:56:43
0.444769,-14.121756,2023-01-01T00:56:44
0.444769,-14.121756,2023-01-01T00:56:45
0.444769,-14.121756,2023-01-01T00:56:46
0.444769,-14.121756,2023-01-01T00:56:47
0.444769,-14.121756,2023-01-01T00:56:48
0.444769,-14.121756,2023-01-01T00:56:49
0.444769,-14.121756,2023-01-01T00:56:50
0.444769,-14.121756,2023-01-01T00:56:51
0.444769,-14.121756,2023-01-01T00:56:52
0.444769,-14.121756,2023-01-01T00:56:53
0.444769,-14.121756,2023-01-01T00:56:54
0.444769,-14.121756,2023-01-01T00:56:55
0.444769,-14.121756,2023-01-01T00:56:56
0.444769,-14.121756,2023-01-01T00:56:57
0.444769,-14.121756,2023-01-01T00:56:58
0.444769,-14.121756,2023-01-01T00:56:59
0.444769,-14.121756,2023-01-01T00:57:00
0.444769,-14.121756,2023-01-01T00:57:01
0.444769,-14.121756,2023-01-01T00:57:02
0.444769,-14.121756,2023-01-01T00:57:03
0.444769,-14.121756,2023-01-01T00:57:04
0.333577,-14.121756,2023-01-01T00:57:05
0.333577,-14.121756,2023-01-01T00:57:06
0.333577,-14.121756,2023-01-01T00:57:07
0.333577,-14.121756,2023-01-01T00:57:08
0.333577,-14.121756,2023-01-01T00:57:09
0.333577,-14.121756,2023-01-01T00:57:10
0.333577,-14.121756,2023-01-01T00:57:11
0.333577,-14.121756,2023-01-01T00:57:12
0.333577,-14.121756,2023-01-01T00:57:13
0.333577,-14.121756,2023-01-01T00:57:14
0.333577,-14.121756,2023-01-01T00:57:15
0.333577,-14.121756,2023-01-01T00:57:16
0.333577,-14.121756,2023-01-01T00:57:17
0.222385,-14.121756,2023-01-01T00:57:18
0.222385,-14.121756,2023-01-01T00:57:19
0.222385,-14.121756,2023-01-01T00:57:20
0.222385,-14.121756,2023-01-01T00:57:21
0.222385,-14.121756,2023-01-01T00:57:22
0.222385,-14.121756,2023-01-01T00:57:23
0.222385,-14.121756,2023-01-01T00:57:24
0.222385,-14.121756,2023-01-01T00:57:25
0.222385,-14.121756,2023-01-01T00:57:26
0.222385,-14.121756,2023-01-01T00:57:27
0.222385,-14.121756,2023-01-01T00:57:28
0.222385,-14.121756,2023-01-01T00:57:29
0.222385,-14.121756,2023-01-01T00:57:30
0.111192,-14.121756,2023-01-01T00:57:31
0.111192,-14.121756,2023-01-01T00:57:32
0.111192,-14.121756,2023-01-01T00:57:33
0.111192,-14.121756,2023-01-01T00:57:34
0.111192,-14.121756,2023-01-01T00:57:35
0.111192,-14.121756,2023-01-01T00:57:36
0.111192,-14.121756,2023-01-01T00:57:37
0.111192,-14.121756,2023-01-01T00:57:38
0.111192,-14.121756,2023-01-01T00:57:39
0.111192,-14.121756,2023-01-01T00:57:40
0.111192,-14.121756,2023-01-01T00:57:41
0.000000,-14.121756,2023-01-01T00:57:42
0.000000,-14.121756,2023-01-01T00:57:43
0.000000,-14.121756,2023-01-01T00:57:44
0.000000,-14.121756,2023-01-01T00:57:45
0.000000,-14.121756,2023-01-01T00:57:46
0.000000,-14.121756,2023-01-01T00:57:47
0.000000,-14.121756,2023-01-01T00:57:48
0.000000,-14.121756,2023-01-01T00:57:49
0.000000,-14.121756,2023-01-01T00:57:50
0.000000,-14.121756,2023-01-01T00:57:51
0.000000,-14.121756,2023-01-01T00:57:52
0.000000,-14.121756,2023-01-01T00:57:53
0.000000,-14.121756,2023-01-01T00:57:54
0.000000,-14.121756,2023-01-01T00:57:55
-0.111192,-14.121756,2023-01-01T00:57:56
-0.111192,-14.121756,2023-01-01T00:57:57
-0.111192,-14.121756,2023-01-01T00:57:58
-0.111192,-14.010561,2023-01-01T00:57:59
-0.111192,-14.010561,2023-01-01T00:58:00
-0.111192,-14.010561,2023-01-01T00:58:01
-0.111192,-14.010561,2023-01-01T00:58:02
-0.111192,-14.010561,2023-01-01T00:58:03
-0.111192,-14.010561,2023-01-01T00:58:04
-0.111192,-14.010561,2023-01-01T00:58:05
-0.222385,-14.010561,2023-01-01T00:58:06
-0.222385,-14.010561,2023-01-01T00:58:07
-0.222385,-14.010561,2023-01-01T00:58:08
-0.222385,-14.010561,2023-01-01T00:58:09
-0.222385,-14.010561,2023-01-01T00:58:10
-0.222385,-14.010561,2023-01-01T00:58:11
-0.222385,-14.010561,2023-01-01T00:58:12
-0.222385,-14.010561,2023-01-01T00:58:13
-0.222385,-14.010561,2023-01-01T00:58:14
-0.333577,-14.010561,2023-01-01T00:58:15
-0.333577,-14.010561,2023-01-01T00:58:16
-0.333577,-14.010561,2023-01-01T00:58:17
-0.333577,-14.010561,2023-01-01T00:58:18
-0.333577,-14.010561,2023-01-01T00:58:19
-0.333577,-14.010561,2023-01-01T00:58:20
-0.333577,-14.010561,2023-01-01T00:58:21
-0.333577,-14.010561,2023-01-01T00:58:22
-0.333577,-14.010561,2023-01-01T00:58:23
-0.333577,-14.010561,2023-01-01T00:58:24
-0.333577,-14.010561,2023-01-01T00:58:25
-0.444769,-14.010561,2023-01-01T00:58:26
-0.444769,-14.010561,2023-01-01T00:58:27
-0.444769,-14.010561,2023-01-01T00:58:28
-0.444769,-14.010561,2023-01-01T00:58:29
-0.444769,-14.010561,2023-01-01T00:58:30
-0.444769,-14.010561,2023-01-01T00:58:31
-0.444769,-14.010561,2023-01-01T00:58:32
-0.444769,-14.010561,2023-01-01T00:58:33
-0.444769,-14.010561,2023-01-01T00:58:34
-0.444769,-14.010561,2023-01-01T00:58:35
-0.444769,-14.010561,2023-01-01T00:58:36
-0.444769,-14.010561,2023-01-01T00:58:37
-0.444769,-14.010561,2023-01-01T00:58:38
-0.444769,-14.010561,2023-01-01T00:58:39
-0.444769,-14.010561,2023-01-01T00:58:40
-0.444769,-14.010561,2023-01-01T00:58:41
-0.444769,-13.899366,2023-01-01T00:58:42
-0.444769,-13.899366,2023-01-01T00:58:43
-0.444769,-13.899366,2023-01-01T00:58:44
-0.444769,-13.899366,2023-01-01T00:58:45
-0.444769,-13.899366,2023-01-01T00:58:46
-0.444769,-13.899366,2023-01-01T00:58:47
-0.444769,-13.899366,2023-01-01T00:58:48
-0.444769,-13.899366,2023-01-01T00:58:49
-0.444769,-13.899366,2023-01-01T00:58:50
-0.444769,-13.899366,2023-01-01T00:58:51
-0.444769,-13.899366,2023-01-01T00:58:52
-0.444769,-13.899366,2023-01-01T00:58:53
-0.444769,-13.899366,2023-01-01T00:58:54
-0.444769,-13.899366,2023-01-01T00:58:55
-0.444769,-13.899366,2023-01-01T00:58:56
-0.444769,-13.899366,2023-01-01T00:58:57
-0.444769,-13.899366,2023-01-01T00:58:58
-0.333577,-13.899366,2023-01-01T00:58:59
-0.333577,-13.899366,2023-01-01T00:59:00
-0.333577,-13.899366,2023-01-01T00:59:01
-0.333577,-13.899366,2023-01-01T00:59:02
-0.333577,-13.899366,2023-01-01T00:59:03
-0.333577,-13.899366,2023-01-01T00:59:04
-0.333577,-13.899366,2023-01-01T00:59:05
-0.333577,-13.899366,2023-01-01T00:59:06
-0.333577,-13.899366,2023-01-01T00:59:07
-0.333577,-13.899366,2023-01-01T00:59:08
-0.333577,-13.899366,2023-01-01T00:59:09
-0.333577,-13.899366,2023-01-01T00:59:10
-0.333577,-13.899366,2023-01-01T00:59:11
-0.333577,-13.899366,2023-01-01T00:59:12
-0.333577,-13.899366,2023-01-01T00:59:13
-0.333577,-13.899366,2023-01-01T00:59:14
-0.333577,-13.899366,2023-01-01T00:59:15
-0.333577,-13.899366,2023-01-01T00:59:16
-0.333577,-13.899366,2023-01-01T00:59:17
-0.333577,-13.899366,2023-01-01T00:59:18
-0.222385,-13.899366,2023-01-01T00:59:19
-0.222385,-13.899366,2023-01-01T00:59:20
-0.222385,-13.788171,2023-01-01T00:59:21
-0.222385,-13.788171,2023-01-01T00:59:22
-0.222385,-13.788171,2023-01-01T00:59:23
-0.222385,-13.788171,2023-01-01T00:59:24
-0.222385,-13.788171,2023-01-01T00:59:25
-0.222385,-13.788171,2023-01-01T00:59:26
-0.222385,-13.788171,2023-01-01T00:59:27
-0.222385,-13.788171,2023-01-01T00:59:28
-0.222385,-13.788171,2023-01-01T00:59:29
-0.111192,-13.788171,2023-01-01T00:59:30
-0.111192,-13.788171,2023-01-01T00:59:31
-0.111192,-13.788171,2023-01-01T00:59:32
-0.111192,-13.788171,2023-01-01T00:59:33
-0.111192,-13.788171,2023-01-01T00:59:34
-0.111192,-13.788171,2023-01-01T00:59:35
-0.111192,-13.788171,2023-01-01T00:59:36
-0.111192,-13.788171,2023-01-01T00:59:37
-0.111192,-13.788171,2023-01-01T00:59:38
-0.111192,-13.788171,2023-01-01T00:59:39
-0.111192,-13.788171,2023-01-01T00:59:40
-0.111192,-13.788171,2023-01-01T00:59:41
-0.111192,-13.788171,2023-01-01T00:59:42
-0.111192,-13.788171,2023-01-01T00:59:43
-0.111192,-13.788171,2023-01-01T00:59:44
-0.111192,-13.788171,2023-01-01T00:59:45
-0.111192,-13.788171,2023-01-01T00:59:46
-0.111192,-13.788171,2023-01-01T00:59:47
-0.111192,-13.788171,2023-01-01T00:59:48
-0.111192,-13.788171,2023-01-01T00:59:49
-0.111192,-13.788171,2023-01-01T00:59:50
-0.111192,-13.788171,2023-01-01T00:59:51
-0.111192,-13.788171,2023-01-01T00:59:52
-0.111192,-13.788171,2023-01-01T00:59:53
-0.111192,-13.788171,2023-01-01T00:59:54
-0.111192,-13.788171,2023-01-01T00:59:55
-0.111192,-13.788171,2023-01-01T00:59:56
-0.111192,-13.788171,2023-01-01T00:59:57
-0.111192,-13.788171,2023-01-01T00:59:58
-0.111192,-13.788171,2023-01-01T00:59:59
-0.111192,-13.788171,2023-01-01T01:00:00
-0.222385,-13.788171,2023-01-01T01:00:01
-0.222385,-13.788171,2023-01-01T01:00:02
-0.222385,-13.788171,2023-01-01T01:00:03
-0.222385,-13.788171,2023-01-01T01:00:04
-0.222385,-13.788171,2023-01-01T01:00:05
-0.222385,-13.788171,2023-01-01T01:00:06
-0.222385,-13.788171,2023-01-01T01:00:07
-0.222385,-13.788171,2023-01-01T01:00:08
-0.222385,-13.788171,2023-01-01T01:00:09
-0.222385,-13.788171,2023-01-01T01:00:10
-0.222385,-13.788171,2023-01-01T01:00:11
-0.222385,-13.788171,2023-01-01T01:00:12
-0.222385,-13.788171,2023-01-01T01:00:13
-0.222385,-13.788171,2023-01-01T01:00:14
-0.222385,-13.899366,2023-01-01T01:00:15
-0.222385,-13.899366,2023-01-01T01:00:16
-0.222385,-13.899366,2023-01-01T01:00:17
-0.222385,-13.899366,2023-01-01T01:00:18
-0.222385,-13.899366,2023-01-01T01:00:19
-0.222385,-13.899366,2023-01-01T01:00:20
-0.222385,-13.899366,2023-01-01T01:00:21
-0.222385,-13.899366,2023-01-01T01:00:22
-0.222385,-13.899366,2023-01-01T01:00:23
-0.222385,-13.899366,2023-01-01T01:00:24
-0.222385,-13.899366,2023-01-01T01:00:25
-0.222385,-13.899366,2023-01-01T01:00:26
-0.222385,-13.899366,2023-01-01T01:00:27
-0.222385,-13.899366,2023-01-01T01:00:28
-0.222385,-13.899366,2023-01-01T01:00:29
-0.222385,-13.899366,2023-01-01T01:00:30
-0.222385,-13.899366,2023-01-01T01:00:31
-0.222385,-13.899366,2023-01-01T01:00:32
-0.222385,-13.899366,2023-01-01T01:00:33
-0.222385,-13.899366,2023-01-01T01:00:34
-0.222385,-13.899366,2023-01-01T01:00:35
-0.222385,-13.899366,2023-01-01T01:00:36
-0.222385,-13.899366,2023-01-01T01:00:37
-0.222385,-13.899366,2023-01-01T01:00:38
-0.222385,-13.899366,2023-01-01T01:00:39
-0.222385,-13.899366,2023-01-01T01:00:40
-0.222385,-13.899366,2023-01-01T01:00:41
-0.111192,-13.899366,2023-01-01T01:00:42
-0.111192,-13.899366,2023-01-01T01:00:43
-0.111192,-13.899366,2023-01-01T01:00:44
-0.111192,-13.899366,2023-01-01T01:00:45
-0.111192,-13.899366,2023-01-01T01:00:46
-0.111192,-13.899366,2023-01-01T01:00:47
-0.111192,-13.899366,2023-01-01T01:00:48
-0.111192,-13.899366,2023-01-01T01:00:49
-0.111192,-13.899366,2023-01-01T01:00:50
-0.111192,-13.899366,2023-01-01T01:00:51
-0.111192,-13.899366,2023-01-01T01:00:52
-0.111192,-13.899366,2023-01-01T01:00:53
-0.111192,-13.899366,2023-01-01T01:00:54
-0.111192,-13.899366,2023-01-01T01:00:55
-0.111192,-13.899366,2023-01-01T01:00:56
-0.111192,-13.899366,2023-01-01T01:00:57
-0.111192,-13.899366,2023-01-01T01:00:58
-0.111192,-13.899366,2023-01-01T01:00:59
-0.111192,-13.899366,2023-01-01T01:01:00
-0.111192,-13.899366,2023-01-01T01:01:01
-0.111192,-13.899366,2023-01-01T01:01:02
-0.111192,-13.899366,2023-01-01T01:01:03
-0.111192,-13.899366,2023-01-01T01:01:04
-0.111192,-13.899366,2023-01-01T01:01:05
-0.111192,-13.899366,2023-01-01T01:01:06
-0.111192,-13.899366,2023-01-01T01:01:07
-0.111192,-13.899366,2023-01-01T01:01:08
-0.111192,-13.899366,2023-01-01T01:01:09
-0.111192,-13.899366,2023-01-01T01:01:10
-0.111192,-13.899366,2023-01-01T01:01:11
-0.111192,-13.899366,2023-01-01T01:01:12
-0.111192,-13.899366,2023-01-01T01:01:13
-0.111192,-13.899366,2023-01-01T01:01:14
-0.111192,-13.899366,2023-01-01T01:01:15
-0.111192,-13.899366,2023-01-01T01:01:16
-0.222385,-13.899366,2023-01-01T01:01:17
-0.222385,-13.899366,2023-01-01T01:01:18
-0.222385,-13.899366,2023-01-01T01:01:19
-0.222385,-13.899366,2023-01-01T01:01:20
-0.222385,-13.899366,2023-01-01T01:01:21
-0.222385,-13.899366,2023-01-01T01:01:22
-0.222385,-13.899366,2023-01-01T01:01:23
-0.222385,-13.899366,2023-01-01T01:01:24
-0.222385,-13.899366,2023-01-01T01:01:25
-0.222385,-13.899366,2023-01-01T01:01:26
-0.222385,-13.899366,2023-01-01T01:01:27
-0.222385,-13.899366,2023-01-01T01:01:28
-0.222385,-13.899366,2023-01-01T01:01:29
-0.222385,-13.899366,2023-01-01T01:01:30
-0.222385,-13.899366,2023-01-01T01:01:31
-0.222385,-13.899366,2023-01-01T01:01:32
-0.222385,-13.899366,2023-01-01T01:01:33
-0.222385,-13.899366,2023-01-01T01:01:34
-0.222385,-13.899366,2023-01-01T01:01:35
-0.222385,-13.899366,2023-01-01T01:01:36
-0.222385,-13.899366,2023-01-01T01:01:37
-0.222385,-13.899366,2023-01-01T01:01:38
-0.222385,-13.899366,2023-01-01T01:01:39
-0.222385,-13.899366,2023-01-01T01:01:40
-0.222385,-13.899366,2023-01-01T01:01:41
-0.222385,-13.899366,2023-01-01T01:01:42
-0.222385,-13.899366,2023-01-01T01:01:43
-0.222385,-13.899366,2023-01-01T01:01:44
-0.222385,-13.899366,2023-01-01T01:01:45
-0.333577,-13.899366,2023-01-01T01:01:46
-0.333577,-13.899366,2023-01-01T01:01:47
-0.333577,-13.899366,2023-01-01T01:01:48
-0.333577,-13.899366,2023-01-01T01:01:49
-0.333577,-13.899366,2023-01-01T01:01:50
-0.333577,-13.899366,2023-01-01T01:01:51
-0.333577,-13.899366,2023-01-01T01:01:52
-0.333577,-13.899366,2023-01-01T01:01:53
-0.333577,-13.899366,2023-01-01T01:01:54
-0.333577,-13.899366,2023-01-01T01:01:55
-0.333577,-13.899366,2023-01-01T01:01:56
-0.333577,-13.899366,2023-01-01T01:01:57
-0.333577,-13.899366,2023-01-01T01:01:58
-0.333577,-13.899366,2023-01-01T01:01:59
-0.333577,-13.899366,2023-01-01T01:02:00
-0.333577,-13.899366,2023-01-01T01:02:01
-0.333577,-13.899366,2023-01-01T01:02:02
-0.333577,-13.899366,2023-01-01T01:02:03
-0.333577,-13.899366,2023-01-01T01:02:04
-0.333577,-13.899366,2023-01-01T01:02:05
-0.333577,-13.899366,2023-01-01T01:02:06
-0.333577,-13.899366,2023-01-01T01:02:07
-0.333577,-13.899366,2023-01-01T01:02:08
-0.333577,-13.899366,2023-01-01T01:02:09
-0.333577,-13.899366,2023-01-01T01:02:10
-0.333577,-13.899366,2023-01-01T01:02:11
-0.333577,-13.899366,2023-01-01T01:02:12
-0.333577,-13.899366,2023-01-01T01:02:13
-0.333577,-13.899366,2023-01-01T01:02:14
-0.333577,-13.899366,2023-01-01T01:02:15
-0.333577,-13.788171,2023-01-01T01:02:16
-0.333577,-13.788171,2023-01-01T01:02:17
-0.333577,-13.788171,2023-01-01T01:02:18
-0.222385,-13.788171,2023-01-01T01:02:19
-0.222385,-13.788171,2023-01-01T01:02:20
-0.222385,-13.788171,2023-01-01T01:02:21
-0.222385,-13.788171,2023-01-01T01:02:22
-0.222385,-13.788171,2023-01-01T01:02:23
-0.222385,-13.788171,2023-01-01T01:02:24
-0.222385,-13.788171,2023-01-01T01:02:25
-0.222385,-13.788171,2023-01-01T01:02:26
-0.222385,-13.788171,2023-01-01T01:02:27
-0.222385,-13.788171,2023-01-01T01:02:28
-0.222385,-13.899366,2023-01-01T01:02:29
-0.222385,-13.899366,2023-01-01T01:02:30
-0.222385,-13.899366,2023-01-01T01:02:31
-0.222385,-13.899366,2023-01-01T01:02:32
-0.222385,-13.899366,2023-01-01T01:02:33
-0.222385,-13.899366,2023-01-01T01:02:34
-0.222385,-13.899366,2023-01-01T01:02:35
-0.222385,-13.899366,2023-01-01T01:02:36
-0.222385,-13.899366,2023-01-01T01:02:37
-0.222385,-13.899366,2023-01-01T01:02:38
-0.222385,-13.899366,2023-01-01T01:02:39
-0.222385,-13.899366,2023-01-01T01:02:40
-0.222385,-13.899366,2023-01-01T01:02:41
-0.222385,-13.899366,2023-01-01T01:02:42
-0.222385,-13.899366,2023-01-01T01:02:43
-0.222385,-13.899366,2023-01-01T01:02:44
-0.222385,-13.899366,2023-01-01T01:02:45
-0.222385,-13.899366,2023-01-01T01:02:46
-0.222385,-13.899366,2023-01-01T01:02:47
-0.222385,-13.899366,2023-01-01T01:02:48
-0.222385,-13.899366,2023-01-01T01:02:49
-0.222385,-13.899366,2023-01-01T01:02:50
-0.222385,-13.899366,2023-01-01T01:02:51
-0.222385,-13.899366,2023-01-01T01:02:52
-0.222385,-13.899366,2023-01-01T01:02:53
-0.222385,-13.899366,2023-01-01T01:02:54
-0.222385,-13.899366,2023-01-01T01:02:55
-0.222385,-14.010561,2023-01-01T01:02:56
-0.222385,-14.010561,2023-01-01T01:02:57
-0.222385,-14.010561,2023-01-01T01:02:58
-0.222385,-14.010561,2023-01-01T01:02:59
-0.222385,-14.010561,2023-01-01T01:03:00
-0.222385,-14.010561,2023-01-01T01:03:01
-0.222385,-14.010561,2023-01-01T01:03:02
-0.222385,-14.010561,2023-01-01T01:03:03
-0.222385,-14.010561,2023-01-01T01:03:04
-0.222385,-14.010561,2023-01-01T01:03:05
-0.222385,-14.010561,2023-01-01T01:03:06
-0.222385,-13.899366,2023-01-01T01:03:07
-0.222385,-13.899366,2023-01-01T01:03:08
-0.222385,-13.899366,2023-01-01T01:03:09
-0.222385,-13.899366,2023-01-01T01:03:10
-0.222385,-13.899366,2023-01-01T01:03:11
-0.222385,-13.899366,2023-01-01T01:03:12
-0.222385,-13.899366,2023-01-01T01:03:13
-0.222385,-13.899366,2023-01-01T01:03:14
-0.222385,-13.899366,2023-01-01T01:03:15
-0.222385,-13.899366,2023-01-01T01:03:16
-0.222385,-13.899366,2023-01-01T01:03:17
-0.111192,-13.899366,2023-01-01T01:03:18
-0.111192,-13.899366,2023-01-01T01:03:19
-0.111192,-13.899366,2023-01-01T01:03:20
-0.111192,-13.899366,2023-01-01T01:03:21
-0.111192,-13.899366,2023-01-01T01:03:22
-0.111192,-13.899366,2023-01-01T01:03:23
-0.111192,-13.899366,2023-01-01T01:03:24
-0.111192,-13.899366,2023-01-01T01:03:25
-0.111192,-13.899366,2023-01-01T01:03:26
-0.111192,-13.899366,2023-01-01T01:03:27
-0.111192,-13.788171,2023-01-01T01:03:28
-0.111192,-13.788171,2023-01-01T01:03:29
-0.111192,-13.788171,2023-01-01T01:03:30
-0.111192,-13.788171,2023-01-01T01:03:31
-0.111192,-13.788171,2023-01-01T01:03:32
-0.111192,-13.788171,2023-01-01T01:03:33
-0.111192,-13.788171,2023-01-01T01:03:34
-0.111192,-13.788171,2023-01-01T01:03:35
-0.111192,-13.788171,2023-01-01T01:03:36
-0.111192,-13.788171,2023-01-01T01:03:37
-0.111192,-13.788171,2023-01-01T01:03:38
-0.111192,-13.788171,2023-01-01T01:03:39
-0.111192,-13.788171,2023-01-01T01:03:40
-0.111192,-13.788171,2023-01-01T01:03:41
-0.111192,-13.788171,2023-01-01T01:03:42
-0.111192,-13.788171,2023-01-01T01:03:43
-0.111192,-13.788171,2023-01-01T01:03:44
-0.111192,-13.788171,2023-01-01T01:03:45
-0.111192,-13.788171,2023-01-01T01:03:46
-0.222385,-13.788171,2023-01-01T01:03:47
-0.222385,-13.788171,2023-01-01T01:03:48
-0.222385,-13.788171,2023-01-01T01:03:49
-0.222385,-13.788171,2023-01-01T01:03:50
-0.222385,-13.788171,2023-01-01T01:03:51
-0.222385,-13.788171,2023-01-01T01:03:52
-0.222385,-13.788171,2023-01-01T01:03:53
-0.222385,-13.788171,2023-01-01T01:03:54
-0.222385,-13.788171,2023-01-01T01:03:55
-0.222385,-13.788171,2023-01-01T01:03:56
-0.222385,-13.788171,2023-01-01T01:03:57
-0.222385,-13.788171,2023-01-01T01:03:58
-0.222385,-13.788171,2023-01-01T01:03:59
-0.222385,-13.788171,2023-01-01T01:04:00
-0.222385,-13.788171,2023-01-01T01:04:01
-0.222385,-13.788171,2023-01-01T01:04:02
-0.222385,-13.788171,2023-01-01T01:04:03
-0.222385,-13.788171,2023-01-01T01:04:04
-0.222385,-13.788171,2023-01-01T01:04:05
-0.222385,-13.788171,2023-01-01T01:04:06
-0.222385,-13.788171,2023-01-01T01:04:07
-0.222385,-13.788171,2023-01-01T01:04:08
-0.222385,-13.788171,2023-01-01T01:04:09
-0.222385,-13.788171,2023-01-01T01:04:10
-0.222385,-13.788171,2023-01-01T01:04:11
-0.222385,-13.788171,2023-01-01T01:04:12
-0.222385,-13.788171,2023-01-01T01:04:13
-0.222385,-13.788171,2023-01-01T01:04:14
-0.222385,-13.788171,2023-01-01T01:04:15
-0.222385,-13.788171,2023-01-01T01:04:16
-0.222385,-13.788171,2023-01-01T01:04:17
-0.222385,-13.788171,2023-01-01T01:04:18
-0.222385,-13.788171,2023-01-01T01:04:19
-0.222385,-13.788171,2023-01-01T01:04:20
-0.222385,-13.788171,2023-01-01T01:04:21
-0.222385,-13.788171,2023-01-01T01:04:22
-0.222385,-13.899366,2023-01-01T01:04:23
-0.222385,-13.899366,2023-01-01T01:04:24
-0.222385,-13.899366,2023-01-01T01:04:25
-0.222385,-13.899366,2023-01-01T01:04:26
-0.222385,-13.899366,2023-01-01T01:04:27
-0.222385,-13.899366,2023-01-01T01:04:28
-0.222385,-13.899366,2023-01-01T01:04:29
-0.222385,-13.899366,2023-01-01T01:04:30
-0.222385,-13.899366,2023-01-01T01:04:31
-0.333577,-13.899366,2023-01-01T01:04:32
-0.333577,-13.899366,2023-01-01T01:04:33
-0.333577,-13.899366,2023-01-01T01:04:34
-0.333577,-13.899366,2023-01-01T01:04:35
-0.333577,-13.899366,2023-01-01T01:04:36
-0.333577,-13.899366,2023-01-01T01:04:37
-0.333577,-13.899366,2023-01-01T01:04:38
-0.333577,-13.899366,2023-01-01T01:04:39
-0.333577,-13.899366,2023-01-01T01:04:40
-0.333577,-13.899366,2023-01-01T01:04:41
-0.333577,-13.899366,2023-01-01T01:04:42
-0.333577,-13.899366,2023-01-01T01:04:43
-0.333577,-13.899366,2023-01-01T01:04:44
-0.333577,-13.899366,2023-01-01T01:04:45
-0.333577,-13.899366,2023-01-01T01:04:46
-0.333577,-13.899366,2023-01-01T01:04:47
-0.333577,-13.899366,2023-01-01T01:04:48
-0.333577,-13.899366,2023-01-01T01:04:49
-0.333577,-13.899366,2023-01-01T01:04:50
-0.333577,-13.899366,2023-01-01T01:04:51
-0.333577,-13.899366,2023-01-01T01:04:52
-0.333577,-14.010561,2023-01-01T01:04:53
-0.333577,-14.010561,2023-01-01T01:04:54
-0.333577,-14.010561,2023-01-01T01:04:55
-0.333577,-14.010561,2023-01-01T01:04:56
-0.333577,-14.010561,2023-01-01T01:04:57
-0.333577,-14.010561,2023-01-01T01:04:58
-0.333577,-14.010561,2023-01-01T01:04:59
-0.333577,-14.010561,2023-01-01T01:05:00
-0.333577,-14.010561,2023-01-01T01:05:01
-0.333577,-14.010561,2023-01-01T01:05:02
-0.333577,-14.010561,2023-01-01T01:05:03
-0.333577,-14.010561,2023-01-01T01:05:04
-0.333577,-14.010561,2023-01-01T01:05:05
-0.333577,-14.010561,2023-01-01T01:05:06
-0.333577,-14.010561,2023-01-01T01:05:07
-0.333577,-14.010561,2023-01-01T01:05:08
-0.333577,-14.010561,2023-01-01T01:05:09
-0.333577,-14.010561,2023-01-01T01:05:10
-0.333577,-14.010561,2023-01-01T01:05:11
-0.333577,-14.010561,2023-01-01T01:05:12
-0.333577,-14.010561,2023-01-01T01:05:13
-0.333577,-14.010561,2023-01-01T01:05:14
-0.333577,-14.010561,2023-01-01T01:05:15
-0.333577,-14.010561,2023-01-01T01:05:16
-0.333577,-14.010561,2023-01-01T01:05:17
-0.333577,-14.010561,2023-01-01T01:05:18
-0.333577,-14.010561,2023-01-01T01:05:19
-0.333577,-14.010561,2023-01-01T01:05:20
-0.333577,-14.010561,2023-01-01T01:05:21
-0.333577,-14.010561,2023-01-01T01:05:22
-0.333577,-14.010561,2023-01-01T01:05:23
-0.333577,-14.010561,2023-01-01T01:05:24
-0.333577,-14.010561,2023-01-01T01:05:25
-0.333577,-14.010561,2023-01-01T01:05:26
-0.333577,-14.010561,2023-01-01T01:05:27
-0.333577,-14.010561,2023-01-01T01:05:28
-0.333577,-14.010561,2023-01-01T01:05:29
-0.333577,-14.010561,2023-01-01T01:05:30
-0.333577,-14.010561,2023-01-01T01:05:31
-0.333577,-14.010561,2023-01-01T01:05:32
-0.333577,-14.010561,2023-01-01T01:05:33
-0.333577,-14.010561,2023-01-01T01:05:34
-0.333577,-14.121756,2023-01-01T01:05:35
-0.333577,-14.121756,2023-01-01T01:05:36
-0.333577,-14.121756,2023-01-01T01:05:37
-0.333577,-14.121756,2023-01-01T01:05:38
-0.333577,-14.121756,2023-01-01T01:05:39
-0.333577,-14.121756,2023-01-01T01:05:40
-0.333577,-14.121756,2023-01-01T01:05:41
-0.333577,-14.121756,2023-01-01T01:05:42
-0.333577,-14.121756,2023-01-01T01:05:43
-0.333577,-14.121756,2023-01-01T01:05:44
-0.333577,-14.121756,2023-01-01T01:05:45
-0.333577,-14.121756,2023-01-01T01:05:46
-0.333577,-14.121756,2023-01-01T01:05:47
-0.333577,-14.121756,2023-01-01T01:05:48
-0.333577,-14.121756,2023-01-01T01:05:49
-0.333577,-14.121756,2023-01-01T01:05:50
-0.333577,-14.121756,2023-01-01T01:05:51
-0.222385,-14.121756,2023-01-01T01:05:52
-0.222385,-14.121756,2023-01-01T01:05:53
-0.222385,-14.121756,2023-01-01T01:05:54
-0.222385,-14.121756,2023-01-01T01:05:55
-0.222385,-14.121756,2023-01-01T01:05:56
-0.222385,-14.121756,2023-01-01T01:05:57
-0.222385,-14.121756,2023-01-01T01:05:58
-0.222385,-14.121756,2023-01-01T01:05:59
-0.222385,-14.121756,2023-01-01T01:06:00
-0.222385,-14.121756,2023-01-01T01:06:01
-0.222385,-14.121756,2023-01-01T01:06:02
-0.333577,-14.121756,2023-01-01T01:06:03
-0.333577,-14.121756,2023-01-01T01:06:04
-0.333577,-14.121756,2023-01-01T01:06:05
-0.333577,-14.121756,2023-01-01T01:06:06
-0.333577,-14.121756,2023-01-01T01:06:07
-0.333577,-14.121756,2023-01-01T01:06:08
-0.333577,-14.121756,2023-01-01T01:06:09
-0.333577,-14.121756,2023-01-01T01:06:10
-0.333577,-14.121756,2023-01-01T01:06:11
-0.333577,-14.121756,2023-01-01T01:06:12
-0.333577,-14.121756,2023-01-01T01:06:13
-0.333577,-14.121756,2023-01-01T01:06:14
-0.333577,-14.121756,2023-01-01T01:06:15
-0.333577,-14.121756,2023-01-01T01:06:16
-0.333577,-14.121756,2023-01-01T01:06:17
-0.333577,-14.121756,2023-01-01T01:06:18
-0.333577,-14.121756,2023-01-01T01:06:19
-0.333577,-14.121756,2023-01-01T01:06:20
-0.333577,-14.121756,2023-01-01T01:06:21
-0.333577,-14.121756,2023-01-01T01:06:22
-0.333577,-14.121756,2023-01-01T01:06:23
-0.333577,-14.121756,2023-01-01T01:06:24
-0.333577,-14.121756,2023-01-01T01:06:25
-0.333577,-14.121756,2023-01-01T01:06:26
-0.333577,-14.121756,2023-01-01T01:06:27
-0.333577,-14.121756,2023-01-01T01:06:28
-0.333577,-14.121756,2023-01-01T01:06:29
-0.333577,-14.121756,2023-01-01T01:06:30
-0.333577,-14.121756,2023-01-01T01:06:31
-0.333577,-14.121756,2023-01-01T01:06:32
-0.333577,-14.121756,2023-01-01T01:06:33
-0.333577,-14.121756,2023-01-01T01:06:34
-0.333577,-14.121756,2023-01-01T01:06:35
-0.333577,-14.121756,2023-01-01T01:06:36
-0.333577,-14.121756,2023-01-01T01:06:37
-0.333577,-14.121756,2023-01-01T01:06:38
-0.333577,-14.121756,2023-01-01T01:06:39
-0.333577,-14.121756,2023-01-01T01:06:40
-0.333577,-14.121756,2023-01-01T01:06:41
-0.333577,-14.121756,2023-01-01T01:06:42
-0.333577,-14.121756,2023-01-01T01:06:43
-0.333577,-14.121756,2023-01-01T01:06:44
-0.444769,-14.121756,2023-01-01T01:06:45
-0.444769,-14.121756,2023-01-01T01:06:46
-0.444769,-14.232951,2023-01-01T01:06:47
-0.444769,-14.232951,2023-01-01T01:06:48
-0.444769,-14.232951,2023-01-01T01:06:49
-0.444769,-14.232951,2023-01-01T01:06:50
-0.444769,-14.232951,2023-01-01T01:06:51
-0.444769,-14.232951,2023-01-01T01:06:52
-0.444769,-14.232951,2023-01-01T01:06:53
-0.444769,-14.232951,2023-01-01T01:06:54
-0.444769,-14.232951,2023-01-01T01:06:55
-0.444769,-14.232951,2023-01-01T01:06:56
-0.444769,-14.232951,2023-01-01T01:06:57
-0.444769,-14.232951,2023-01-01T01:06:58
-0.444769,-14.232951,2023-01-01T01:06:59
-0.444769,-14.232951,2023-01-01T01:07:00
-0.444769,-14.232951,2023-01-01T01:07:01
-0.444769,-14.232951,2023-01-01T01:07:02
-0.444769,-14.232951,2023-01-01T01:07:03
-0.444769,-14.232951,2023-01-01T01:07:04
-0.444769,-14.232951,2023-01-01T01:07:05
-0.444769,-14.232951,2023-01-01T01:07:06
-0.444769,-14.232951,2023-01-01T01:07:07
-0.444769,-14.232951,2023-01-01T01:07:08
-0.444769,-14.232951,2023-01-01T01:07:09
-0.444769,-14.232951,2023-01-01T01:07:10
-0.444769,-14.232951,2023-01-01T01:07:11
-0.444769,-14.232951,2023-01-01T01:07:12
-0.444769,-14.232951,2023-01-01T01:07:13
-0.444769,-14.232951,2023-01-01T01:07:14
-0.444769,-14.232951,2023-01-01T01:07:15
-0.444769,-14.232951,2023-01-01T01:07:16
-0.444769,-14.232951,2023-01-01T01:07:17
-0.444769,-14.232951,2023-01-01T01:07:18
-0.444769,-14.232951,2023-01-01T01:07:19
-0.444769,-14.232951,2023-01-01T01:07:20
-0.444769,-14.232951,2023-01-01T01:07:21
-0.444769,-14.232951,2023-01-01T01:07:22
-0.444769,-14.232951,2023-01-01T01:07:23
-0.444769,-14.232951,2023-01-01T01:07:24
-0.444769,-14.232951,2023-01-01T01:07:25
-0.444769,-14.232951,2023-01-01T01:07:26
-0.444769,-14.232951,2023-01-01T01:07:27
-0.444769,-14.232951,2023-01-01T01:07:28
-0.444769,-14.232951,2023-01-01T01:07:29
-0.444769,-14.232951,2023-01-01T01:07:30
-0.444769,-14.232951,2023-01-01T01:07:31
-0.444769,-14.232951,2023-01-01T01:07:32
-0.444769,-14.232951,2023-01-01T01:07:33
-0.444769,-14.232951,2023-01-01T01:07:34
-0.444769,-14.232951,2023-01-01T01:07:35
-0.444769,-14.232951,2023-01-01T01:07:36
-0.444769,-14.232951,2023-01-01T01:07:37
-0.444769,-14.232951,2023-01-01T01:07:38
-0.444769,-14.232951,2023-01-01T01:07:39
-0.444769,-14.232951,2023-01-01T01:07:40
-0.444769,-14.232951,2023-01-01T01:07:41
-0.444769,-14.232951,2023-01-01T01:07:42
-0.444769,-14.232951,2023-01-01T01:07:43
-0.444769,-14.232951,2023-01-01T01:07:44
-0.444769,-14.232951,2023-01-01T01:07:45
-0.444769,-14.232951,2023-01-01T01:07:46
-0.444769,-14.232951,2023-01-01T01:07:47
-0.444769,-14.232951,2023-01-01T01:07:48
-0.444769,-14.232951,2023-01-01T01:07:49
-0.444769,-14.232951,2023-01-01T01:07:50
-0.444769,-14.232951,2023-01-01T01:07:51
-0.444769,-14.232951,2023-01-01T01:07:52
-0.444769,-14.232951,2023-01-01T01:07:53
-0.444769,-14.232951,2023-01-01T01:07:54
-0.444769,-14.232951,2023-01-01T01:07:55
-0.555961,-14.232951,2023-01-01T01:07:56
-0.555961,-14.232951,2023-01-01T01:07:57
-0.555961,-14.232951,2023-01-01T01:07:58
-0.555961,-14.232951,2023-01-01T01:07:59
-0.555961,-14.232951,2023-01-01T01:08:00
-0.555961,-14.232951,2023-01-01T01:08:01
-0.555961,-14.232951,2023-01-01T01:08:02
-0.555961,-14.232951,2023-01-01T01:08:03
-0.555961,-14.232951,2023-01-01T01:08:04
-0.555961,-14.232951,2023-01-01T01:08:05
-0.555961,-14.232951,2023-01-01T01:08:06
-0.555961,-14.232951,2023-01-01T01:08:07
-0.555961,-14.232951,2023-01-01T01:08:08
-0.555961,-14.344146,2023-01-01T01:08:09
-0.555961,-14.344146,2023-01-01T01:08:10
-0.555961,-14.344146,2023-01-01T01:08:11
-0.555961,-14.344146,2023-01-01T01:08:12
-0.555961,-14.344146,2023-01-01T01:08:13
-0.555961,-14.344146,2023-01-01T01:08:14
-0.555961,-14.344146,2023-01-01T01:08:15
-0.555961,-14.344146,2023-01-01T01:08:16
-0.555961,-14.455340,2023-01-01T01:08:17
-0.555961,-14.455340,2023-01-01T01:08:18
-0.555961,-14.455340,2023-01-01T01:08:19
-0.555961,-14.455340,2023-01-01T01:08:20
-0.555961,-14.455340,2023-01-01T01:08:21
-0.555961,-14.455340,2023-01-01T01:08:22
-0.667154,-14.455340,2023-01-01T01:08:23
-0.667154,-14.455340,2023-01-01T01:08:24
-0.667154,-14.566535,2023-01-01T01:08:25
-0.667154,-14.566535,2023-01-01T01:08:26
-0.667154,-14.566535,2023-01-01T01:08:27
-0.667154,-14.566535,2023-01-01T01:08:28
-0.667154,-14.566535,2023-01-01T01:08:29
-0.667154,-14.566535,2023-01-01T01:08:30
-0.667154,-14.566535,2023-01-01T01:08:31
-0.667154,-14.566535,2023-01-01T01:08:32
-0.667154,-14.566535,2023-01-01T01:08:33
-0.667154,-14.566535,2023-01-01T01:08:34
-0.667154,-14.566535,2023-01-01T01:08:35
-0.667154,-14.566535,2023-01-01T01:08:36
-0.667154,-14.566535,2023-01-01T01:08:37
-0.778346,-14.677730,2023-01-01T01:08:38
-0.778346,-14.677730,2023-01-01T01:08:39
-0.778346,-14.677730,2023-01-01T01:08:40
-0.778346,-14.677730,2023-01-01T01:08:41
-0.778346,-14.677730,2023-01-01T01:08:42
-0.778346,-14.677730,2023-01-01T01:08:43
-0.778346,-14.677730,2023-01-01T01:08:44
-0.778346,-14.677730,2023-01-01T01:08:45
-0.778346,-14.677730,2023-01-01T01:08:46
-0.778346,-14.677730,2023-01-01T01:08:47
-0.889538,-14.677730,2023-01-01T01:08:48
-0.889538,-14.677730,2023-01-01T01:08:49
-0.889538,-14.677730,2023-01-01T01:08:50
-1.000731,-14.677730,2023-01-01T01:08:51
-1.000731,-14.677730,2023-01-01T01:08:52
-1.111923,-14.677730,2023-01-01T01:08:53
-1.111923,-14.677730,2023-01-01T01:08:54
-1.223115,-14.677730,2023-01-01T01:08:55
-1.334307,-14.677730,2023-01-01T01:08:56
-1.334307,-14.677730,2023-01-01T01:08:57
-1.445500,-14.677730,2023-01-01T01:08:58
-1.445500,-14.677730,2023-01-01T01:08:59
-1.556692,-14.677730,2023-01-01T01:09:00
-1.556692,-14.677730,2023-01-01T01:09:01
-1.556692,-14.677730,2023-01-01T01:09:02
-1.556692,-14.677730,2023-01-01T01:09:03
-1.556692,-14.677730,2023-01-01T01:09:04
-1.556692,-14.677730,2023-01-01T01:09:05
-1.667884,-14.677730,2023-01-01T01:09:06
-1.667884,-14.677730,2023-01-01T01:09:07
-1.667884,-14.677730,2023-01-01T01:09:08
-1.667884,-14.677730,2023-01-01T01:09:09
-1.667884,-14.677730,2023-01-01T01:09:10
-1.667884,-14.677730,2023-01-01T01:09:11
-1.667884,-14.677730,2023-01-01T01:09:12
-1.779076,-14.677730,2023-01-01T01:09:13
-1.779076,-14.677730,2023-01-01T01:09:14
-1.779076,-14.677730,2023-01-01T01:09:15
-1.779076,-14.677730,2023-01-01T01:09:16
-1.779076,-14.677730,2023-01-01T01:09:17
-1.779076,-14.677730,2023-01-01T01:09:18
-1.779076,-14.677730,2023-01-01T01:09:19
-1.779076,-14.677730,2023-01-01T01:09:20
-1.779076,-14.677730,2023-01-01T01:09:21
-1.779076,-14.677730,2023-01-01T01:09:22
-1.890269,-14.677730,2023-01-01T01:09:23
-1.890269,-14.677730,2023-01-01T01:09:24
-1.890269,-14.677730,2023-01-01T01:09:25
-1.890269,-14.677730,2023-01-01T01:09:26
-1.890269,-14.677730,2023-01-01T01:09:27
-1.890269,-14.677730,2023-01-01T01:09:28
-1.890269,-14.677730,2023-01-01T01:09:29
-1.890269,-14.677730,2023-01-01T01:09:30
-1.890269,-14.677730,2023-01-01T01:09:31
-1.890269,-14.677730,2023-01-01T01:09:32
-1.890269,-14.677730,2023-01-01T01:09:33
-1.779076,-14.677730,2023-01-01T01:09:34
-1.779076,-14.566535,2023-01-01T01:09:35
-1.779076,-14.566535,2023-01-01T01:09:36
-1.779076,-14.566535,2023-01-01T01:09:37
-1.779076,-14.566535,2023-01-01T01:09:38
-1.779076,-14.566535,2023-01-01T01:09:39
-1.667884,-14.566535,2023-01-01T01:09:40
-1.667884,-14.566535,2023-01-01T01:09:41
-1.667884,-14.566535,2023-01-01T01:09:42
-1.667884,-14.566535,2023-01-01T01:09:43
-1.667884,-14.566535,2023-01-01T01:09:44
-1.667884,-14.566535,2023-01-01T01:09:45
-1.667884,-14.566535,2023-01-01T01:09:46
-1.667884,-14.566535,2023-01-01T01:09:47
-1.556692,-14.566535,2023-01-01T01:09:48
-1.556692,-14.566535,2023-01-01T01:09:49
-1.556692,-14.566535,2023-01-01T01:09:50
-1.556692,-14.566535,2023-01-01T01:09:51
-1.556692,-14.566535,2023-01-01T01:09:52
-1.556692,-14.566535,2023-01-01T01:09:53
-1.556692,-14.566535,2023-01-01T01:09:54
-1.556692,-14.566535,2023-01-01T01:09:55
-1.556692,-14.566535,2023-01-01T01:09:56
-1.556692,-14.566535,2023-01-01T01:09:57
-1.445500,-14.566535,2023-01-01T01:09:58
-1.445500,-14.566535,2023-01-01T01:09:59
-1.445500,-14.566535,2023-01-01T01:10:00
-1.445500,-14.566535,2023-01-01T01:10:01
-1.445500,-14.677730,2023-01-01T01:10:02
-1.445500,-14.677730,2023-01-01T01:10:03
-1.445500,-14.677730,2023-01-01T01:10:04
-1.445500,-14.677730,2023-01-01T01:10:05
-1.445500,-14.677730,2023-01-01T01:10:06
-1.445500,-14.677730,2023-01-01T01:10:07
-1.445500,-14.677730,2023-01-01T01:10:08
-1.445500,-14.677730,2023-01-01T01:10:09
-1.334307,-14.677730,2023-01-01T01:10:10
-1.334307,-14.677730,2023-01-01T01:10:11
-1.334307,-14.677730,2023-01-01T01:10:12
-1.334307,-14.677730,2023-01-01T01:10:13
-1.334307,-14.788925,2023-01-01T01:10:14
-1.334307,-14.788925,2023-01-01T01:10:15
-1.334307,-14.788925,2023-01-01T01:10:16
-1.334307,-14.788925,2023-01-01T01:10:17
-1.334307,-14.788925,2023-01-01T01:10:18
-1.334307,-14.900120,2023-01-01T01:10:19
-1.334307,-14.900120,2023-01-01T01:10:20
-1.334307,-14.900120,2023-01-01T01:10:21
-1.334307,-14.900120,2023-01-01T01:10:22
-1.334307,-14.900120,2023-01-01T01:10:23
-1.334307,-15.011315,2023-01-01T01:10:24
-1.334307,-15.011315,2023-01-01T01:10:25
-1.334307,-15.011315,2023-01-01T01:10:26
-1.334307,-15.011315,2023-01-01T01:10:27
-1.334307,-15.011315,2023-01-01T01:10:28
-1.334307,-15.122510,2023-01-01T01:10:29
-1.334307,-15.122510,2023-01-01T01:10:30
-1.334307,-15.122510,2023-01-01T01:10:31
-1.445500,-15.122510,2023-01-01T01:10:32
-1.445500,-15.122510,2023-01-01T01:10:33
-1.445500,-15.122510,2023-01-01T01:10:34
-1.445500,-15.122510,2023-01-01T01:10:35
-1.445500,-15.122510,2023-01-01T01:10:36
-1.445500,-15.122510,2023-01-01T01:10:37
-1.445500,-15.122510,2023-01-01T01:10:38
-1.445500,-15.233705,2023-01-01T01:10:39
-1.445500,-15.233705,2023-01-01T01:10:40
-1.556692,-15.233705,2023-01-01T01:10:41
-1.556692,-15.233705,2023-01-01T01:10:42
-1.556692,-15.233705,2023-01-01T01:10:43
-1.556692,-15.233705,2023-01-01T01:10:44
-1.556692,-15.233705,2023-01-01T01:10:45
-1.556692,-15.233705,2023-01-01T01:10:46
-1.556692,-15.233705,2023-01-01T01:10:47
-1.556692,-15.233705,2023-01-01T01:10:48
-1.556692,-15.233705,2023-01-01T01:10:49
-1.667884,-15.233705,2023-01-01T01:10:50
-1.667884,-15.344900,2023-01-01T01:10:51
-1.667884,-15.344900,2023-01-01T01:10:52
-1.667884,-15.344900,2023-01-01T01:10:53
-1.667884,-15.344900,2023-01-01T01:10:54
-1.667884,-15.344900,2023-01-01T01:10:55
-1.667884,-15.344900,2023-01-01T01:10:56
-1.667884,-15.344900,2023-01-01T01:10:57
-1.667884,-15.344900,2023-01-01T01:10:58
-1.667884,-15.456095,2023-01-01T01:10:59
-1.667884,-15.456095,2023-01-01T01:11:00
-1.667884,-15.456095,2023-01-01T01:11:01
-1.667884,-15.456095,2023-01-01T01:11:02
-1.667884,-15.456095,2023-01-01T01:11:03
-1.667884,-15.456095,2023-01-01T01:11:04
-1.667884,-15.456095,2023-01-01T01:11:05
-1.667884,-15.456095,2023-01-01T01:11:06
-1.667884,-15.456095,2023-01-01T01:11:07
-1.667884,-15.456095,2023-01-01T01:11:08
-1.667884,-15.456095,2023-01-01T01:11:09
-1.667884,-15.456095,2023-01-01T01:11:10
-1.667884,-15.456095,2023-01-01T01:11:11
-1.667884,-15.456095,2023-01-01T01:11:12
-1.667884,-15.456095,2023-01-01T01:11:13
-1.667884,-15.456095,2023-01-01T01:11:14
-1.667884,-15.456095,2023-01-01T01:11:15
-1.667884,-15.456095,2023-01-01T01:11:16
-1.667884,-15.456095,2023-01-01T01:11:17
-1.667884,-15.456095,2023-01-01T01:11:18
-1.667884,-15.456095,2023-01-01T01:11:19
-1.667884,-15.456095,2023-01-01T01:11:20
-1.556692,-15.456095,2023-01-01T01:11:21
-1.556692,-15.456095,2023-01-01T01:11:22
-1.556692,-15.456095,2023-01-01T01:11:23
-1.556692,-15.456095,2023-01-01T01:11:24
-1.445500,-15.456095,2023-01-01T01:11:25
-1.445500,-15.456095,2023-01-01T01:11:26
-1.334307,-15.456095,2023-01-01T01:11:27
-1.334307,-15.456095,2023-01-01T01:11:28
-1.223115,-15.456095,2023-01-01T01:11:29
-1.223115,-15.456095,2023-01-01T01:11:30
-1.223115,-15.456095,2023-01-01T01:11:31
-1.111923,-15.456095,2023-01-01T01:11:32
-1.111923,-15.456095,2023-01-01T01:11:33
-1.111923,-15.456095,2023-01-01T01:11:34
-1.000731,-15.456095,2023-01-01T01:11:35
-1.000731,-15.456095,2023-01-01T01:11:36
-1.000731,-15.456095,2023-01-01T01:11:37
-0.889538,-15.456095,2023-01-01T01:11:38
-0.889538,-15.456095,2023-01-01T01:11:39
-0.889538,-15.456095,2023-01-01T01:11:40
-0.778346,-15.456095,2023-01-01T01:11:41
-0.778346,-15.456095,2023-01-01T01:11:42
-0.778346,-15.344900,2023-01-01T01:11:43
-0.667154,-15.344900,2023-01-01T01:11:44
-0.667154,-15.344900,2023-01-01T01:11:45
-0.667154,-15.344900,2023-01-01T01:11:46
-0.667154,-15.344900,2023-01-01T01:11:47
-0.555961,-15.344900,2023-01-01T01:11:48
-0.555961,-15.344900,2023-01-01T01:11:49
-0.555961,-15.344900,2023-01-01T01:11:50
-0.555961,-15.344900,2023-01-01T01:11:51
-0.444769,-15.344900,2023-01-01T01:11:52
-0.444769,-15.344900,2023-01-01T01:11:53
-0.444769,-15.344900,2023-01-01T01:11:54
-0.444769,-15.344900,2023-01-01T01:11:55
-0.333577,-15.344900,2023-01-01T01:11:56
-0.333577,-15.344900,2023-01-01T01:11:57
-0.333577,-15.344900,2023-01-01T01:11:58
-0.333577,-15.344900,2023-01-01T01:11:59
-0.222385,-15.344900,2023-01-01T01:12:00
-0.333577,-15.344900,2023-01-01T01:12:01
-0.333577,-15.344900,2023-01-01T01:12:02
-0.333577,-15.344900,2023-01-01T01:12:03
-0.333577,-15.344900,2023-01-01T01:12:04
-0.333577,-15.344900,2023-01-01T01:12:05
-0.333577,-15.344900,2023-01-01T01:12:06
-0.333577,-15.344900,2023-01-01T01:12:07
-0.333577,-15.344900,2023-01-01T01:12:08
-0.444769,-15.344900,2023-01-01T01:12:09
-0.444769,-15.344900,2023-01-01T01:12:10
-0.444769,-15.344900,2023-01-01T01:12:11
-0.444769,-15.344900,2023-01-01T01:12:12
-0.444769,-15.344900,2023-01-01T01:12:13
-0.444769,-15.344900,2023-01-01T01:12:14
-0.444769,-15.344900,2023-01-01T01:12:15
-0.444769,-15.344900,2023-01-01T01:12:16
-0.444769,-15.344900,2023-01-01T01:12:17
-0.444769,-15.344900,2023-01-01T01:12:18
-0.555961,-15.344900,2023-01-01T01:12:19
-0.555961,-15.344900,2023-01-01T01:12:20
-0.555961,-15.344900,2023-01-01T01:12:21
-0.555961,-15.344900,2023-01-01T01:12:22
-0.555961,-15.344900,2023-01-01T01:12:23
-0.555961,-15.344900,2023-01-01T01:12:24
-0.555961,-15.344900,2023-01-01T01:12:25
-0.555961,-15.344900,2023-01-01T01:12:26
-0.555961,-15.344900,2023-01-01T01:12:27
-0.555961,-15.344900,2023-01-01T01:12:28
-0.555961,-15.344900,2023-01-01T01:12:29
-0.555961,-15.344900,2023-01-01T01:12:30
-0.667154,-15.344900,2023-01-01T01:12:31
-0.667154,-15.344900,2023-01-01T01:12:32
-0.667154,-15.344900,2023-01-01T01:12:33
-0.667154,-15.344900,2023-01-01T01:12:34
-0.667154,-15.344900,2023-01-01T01:12:35
-0.667154,-15.344900,2023-01-01T01:12:36
-0.667154,-15.344900,2023-01-01T01:12:37
-0.667154,-15.344900,2023-01-01T01:12:38
-0.667154,-15.344900,2023-01-01T01:12:39
-0.667154,-15.344900,2023-01-01T01:12:40
-0.667154,-15.344900,2023-01-01T01:12:41
-0.667154,-15.344900,2023-01-01T01:12:42
-0.667154,-15.344900,2023-01-01T01:12:43
-0.667154,-15.344900,2023-01-01T01:12:44
-0.667154,-15.344900,2023-01-01T01:12:45
-0.667154,-15.344900,2023-01-01T01:12:46
-0.667154,-15.344900,2023-01-01T01:12:47
-0.667154,-15.344900,2023-01-01T01:12:48
-0.667154,-15.344900,2023-01-01T01:12:49
-0.667154,-15.344900,2023-01-01T01:12:50
-0.667154,-15.344900,2023-01-01T01:12:51
-0.667154,-15.344900,2023-01-01T01:12:52
-0.778346,-15.344900,2023-01-01T01:12:53
-0.778346,-15.344900,2023-01-01T01:12:54
-0.778346,-15.344900,2023-01-01T01:12:55
-0.778346,-15.344900,2023-01-01T01:12:56
-0.778346,-15.344900,2023-01-01T01:12:57
-0.778346,-15.344900,2023-01-01T01:12:58
-0.778346,-15.344900,2023-01-01T01:12:59
-0.778346,-15.344900,2023-01-01T01:13:00
-0.778346,-15.344900,2023-01-01T01:13:01
-0.778346,-15.344900,2023-01-01T01:13:02
-0.778346,-15.344900,2023-01-01T01:13:03
-0.778346,-15.344900,2023-01-01T01:13:04
-0.778346,-15.344900,2023-01-01T01:13:05
-0.778346,-15.344900,2023-01-01T01:13:06
-0.778346,-15.344900,2023-01-01T01:13:07
-0.778346,-15.344900,2023-01-01T01:13:08
-0.778346,-15.344900,2023-01-01T01:13:09
-0.778346,-15.344900,2023-01-01T01:13:10
-0.778346,-15.344900,2023-01-01T01:13:11
-0.778346,-15.344900,2023-01-01T01:13:12
-0.778346,-15.344900,2023-01-01T01:13:13
-0.778346,-15.344900,2023-01-01T01:13:14
-0.778346,-15.344900,2023-01-01T01:13:15
-0.778346,-15.344900,2023-01-01T01:13:16
-0.778346,-15.344900,2023-01-01T01:13:17
-0.778346,-15.344900,2023-01-01T01:13:18
-0.778346,-15.344900,2023-01-01T01:13:19
-0.778346,-15.344900,2023-01-01T01:13:20
-0.778346,-15.344900,2023-01-01T01:13:21
-0.778346,-15.344900,2023-01-01T01:13:22
-0.778346,-15.344900,2023-01-01T01:13:23
-0.889538,-15.344900,2023-01-01T01:13:24
-0.889538,-15.344900,2023-01-01T01:13:25
-0.889538,-15.344900,2023-01-01T01:13:26
-0.889538,-15.344900,2023-01-01T01:13:27
-0.889538,-15.344900,2023-01-01T01:13:28
-0.889538,-15.344900,2023-01-01T01:13:29
-0.889538,-15.344900,2023-01-01T01:13:30
-0.889538,-15.344900,2023-01-01T01:13:31
-0.889538,-15.344900,2023-01-01T01:13:32
-0.889538,-15.344900,2023-01-01T01:13:33
-0.889538,-15.344900,2023-01-01T01:13:34
-0.889538,-15.344900,2023-01-01T01:13:35
-0.889538,-15.344900,2023-01-01T01:13:36
-0.889538,-15.344900,2023-01-01T01:13:37
-0.889538,-15.344900,2023-01-01T01:13:38
-0.889538,-15.344900,2023-01-01T01:13:39
-0.889538,-15.344900,2023-01-01T01:13:40
-0.889538,-15.344900,2023-01-01T01:13:41
-0.889538,-15.344900,2023-01-01T01:13:42
-0.889538,-15.344900,2023-01-01T01:13:43
-0.889538,-15.344900,2023-01-01T01:13:44
-0.889538,-15.344900,2023-01-01T01:13:45
-0.889538,-15.344900,2023-01-01T01:13:46
-0.889538,-15.344900,2023-01-01T01:13:47
-0.889538,-15.344900,2023-01-01T01:13:48
-0.889538,-15.344900,2023-01-01T01:13:49
-0.889538,-15.344900,2023-01-01T01:13:50
-0.889538,-15.344900,2023-01-01T01:13:51
-0.889538,-15.344900,2023-01-01T01:13:52
-0.889538,-15.344900,2023-01-01T01:13:53
-0.889538,-15.344900,2023-01-01T01:13:54
-0.889538,-15.344900,2023-01-01T01:13:55
-0.889538,-15.344900,2023-01-01T01:13:56
-0.889538,-15.344900,2023-01-01T01:13:57
-0.889538,-15.344900,2023-01-01T01:13:58
-0.889538,-15.344900,2023-01-01T01:13:59
-0.889538,-15.344900,2023-01-01T01:14:00
-0.889538,-15.344900,2023-01-01T01:14:01
-0.889538,-15.344900,2023-01-01T01:14:02
-0.889538,-15.344900,2023-01-01T01:14:03
-0.889538,-15.344900,2023-01-01T01:14:04
-0.889538,-15.344900,2023-01-01T01:14:05
-0.889538,-15.344900,2023-01-01T01:14:06
-0.889538,-15.344900,2023-01-01T01:14:07
-0.889538,-15.344900,2023-01-01T01:14:08
-0.889538,-15.344900,2023-01-01T01:14:09
-0.889538,-15.344900,2023-01-01T01:14:10
-0.889538,-15.344900,2023-01-01T01:14:11
-0.778346,-15.344900,2023-01-01T01:14:12
-0.778346,-15.344900,2023-01-01T01:14:13
-0.778346,-15.344900,2023-01-01T01:14:14
-0.778346,-15.344900,2023-01-01T01:14:15
-0.778346,-15.344900,2023-01-01T01:14:16
-0.778346,-15.344900,2023-01-01T01:14:17
-0.778346,-15.344900,2023-01-01T01:14:18
-0.778346,-15.344900,2023-01-01T01:14:19
-0.778346,-15.344900,2023-01-01T01:14:20
-0.778346,-15.344900,2023-01-01T01:14:21
-0.778346,-15.344900,2023-01-01T01:14:22
-0.778346,-15.344900,2023-01-01T01:14:23
-0.778346,-15.344900,2023-01-01T01:14:24
-0.778346,-15.344900,2023-01-01T01:14:25
-0.778346,-15.344900,2023-01-01T01:14:26
-0.778346,-15.344900,2023-01-01T01:14:27
-0.778346,-15.344900,2023-01-01T01:14:28
-0.778346,-15.344900,2023-01-01T01:14:29
-0.778346,-15.344900,2023-01-01T01:14:30
-0.778346,-15.344900,2023-01-01T01:14:31
-0.778346,-15.344900,2023-01-01T01:14:32
-0.889538,-15.344900,2023-01-01T01:14:33
-0.889538,-15.344900,2023-01-01T01:14:34
-0.889538,-15.344900,2023-01-01T01:14:35
-0.889538,-15.344900,2023-01-01T01:14:36
-0.889538,-15.344900,2023-01-01T01:14:37
-0.889538,-15.344900,2023-01-01T01:14:38
-0.889538,-15.344900,2023-01-01T01:14:39
-0.889538,-15.344900,2023-01-01T01:14:40
-0.889538,-15.344900,2023-01-01T01:14:41
-0.889538,-15.344900,2023-01-01T01:14:42
-0.889538,-15.344900,2023-01-01T01:14:43
-0.889538,-15.344900,2023-01-01T01:14:44
-0.889538,-15.344900,2023-01-01T01:14:45
-0.889538,-15.344900,2023-01-01T01:14:46
-0.889538,-15.344900,2023-01-01T01:14:47
-0.889538,-15.344900,2023-01-01T01:14:48
-0.889538,-15.344900,2023-01-01T01:14:49
-0.889538,-15.344900,2023-01-01T01:14:50
-0.889538,-15.344900,2023-01-01T01:14:51
-0.889538,-15.344900,2023-01-01T01:14:52
-0.889538,-15.344900,2023-01-01T01:14:53
-0.889538,-15.233705,2023-01-01T01:14:54
-0.889538,-15.233705,2023-01-01T01:14:55
-0.889538,-15.233705,2023-01-01T01:14:56
-0.889538,-15.233705,2023-01-01T01:14:57
-0.889538,-15.233705,2023-01-01T01:14:58
-0.889538,-15.233705,2023-01-01T01:14:59
-0.889538,-15.233705,2023-01-01T01:15:00
-0.889538,-15.233705,2023-01-01T01:15:01
-0.889538,-15.233705,2023-01-01T01:15:02
-0.889538,-15.233705,2023-01-01T01:15:03
-0.889538,-15.233705,2023-01-01T01:15:04
-0.889538,-15.233705,2023-01-01T01:15:05
-0.889538,-15.233705,2023-01-01T01:15:06
-0.889538,-15.344900,2023-01-01T01:15:07
-0.889538,-15.344900,2023-01-01T01:15:08
-1.000731,-15.344900,2023-01-01T01:15:09
-1.000731,-15.344900,2023-01-01T01:15:10
-1.000731,-15.344900,2023-01-01T01:15:11
-1.000731,-15.344900,2023-01-01T01:15:12
-1.000731,-15.344900,2023-01-01T01:15:13
-1.000731,-15.344900,2023-01-01T01:15:14
-1.000731,-15.344900,2023-01-01T01:15:15
-1.000731,-15.344900,2023-01-01T01:15:16
-1.000731,-15.344900,2023-01-01T01:15:17
-1.000731,-15.344900,2023-01-01T01:15:18
-1.000731,-15.344900,2023-01-01T01:15:19
-1.000731,-15.344900,2023-01-01T01:15:20
-1.000731,-15.344900,2023-01-01T01:15:21
-1.000731,-15.344900,2023-01-01T01:15:22
-1.000731,-15.233705,2023-01-01T01:15:23
-1.000731,-15.233705,2023-01-01T01:15:24
-1.000731,-15.233705,2023-01-01T01:15:25
-1.000731,-15.233705,2023-01-01T01:15:26
-1.000731,-15.233705,2023-01-01T01:15:27
-1.000731,-15.233705,2023-01-01T01:15:28
-1.000731,-15.233705,2023-01-01T01:15:29
-1.000731,-15.233705,2023-01-01T01:15:30
-1.000731,-15.233705,2023-01-01T01:15:31
-1.000731,-15.233705,2023-01-01T01:15:32
-1.000731,-15.233705,2023-01-01T01:15:33
-1.000731,-15.233705,2023-01-01T01:15:34
-1.000731,-15.233705,2023-01-01T01:15:35
-1.000731,-15.233705,2023-01-01T01:15:36
-1.000731,-15.233705,2023-01-01T01:15:37
-1.000731,-15.233705,2023-01-01T01:15:38
-1.000731,-15.233705,2023-01-01T01:15:39
-1.000731,-15.233705,2023-01-01T01:15:40
-1.000731,-15.233705,2023-01-01T01:15:41
-1.000731,-15.233705,2023-01-01T01:15:42
-1.000731,-15.233705,2023-01-01T01:15:43
-1.111923,-15.233705,2023-01-01T01:15:44
-1.111923,-15.233705,2023-01-01T01:15:45
-1.111923,-15.344900,2023-01-01T01:15:46
-1.111923,-15.344900,2023-01-01T01:15:47
-1.111923,-15.344900,2023-01-01T01:15:48
-1.111923,-15.344900,2023-01-01T01:15:49
-1.111923,-15.344900,2023-01-01T01:15:50
-1.111923,-15.344900,2023-01-01T01:15:51
-1.111923,-15.344900,2023-01-01T01:15:52
-1.111923,-15.344900,2023-01-01T01:15:53
-1.111923,-15.344900,2023-01-01T01:15:54
-1.111923,-15.344900,2023-01-01T01:15:55
-1.111923,-15.344900,2023-01-01T01:15:56
-1.111923,-15.344900,2023-01-01T01:15:57
-1.111923,-15.344900,2023-01-01T01:15:58
-1.111923,-15.344900,2023-01-01T01:15:59
-1.111923,-15.344900,2023-01-01T01:16:00
-1.111923,-15.344900,2023-01-01T01:16:01
-1.111923,-15.344900,2023-01-01T01:16:02
-1.111923,-15.344900,2023-01-01T01:16:03
-1.111923,-15.344900,2023-01-01T01:16:04
-1.111923,-15.344900,2023-01-01T01:16:05
-1.111923,-15.344900,2023-01-01T01:16:06
-1.111923,-15.344900,2023-01-01T01:16:07
-1.111923,-15.344900,2023-01-01T01:16:08
-1.111923,-15.344900,2023-01-01T01:16:09
-1.111923,-15.344900,2023-01-01T01:16:10
-1.111923,-15.344900,2023-01-01T01:16:11
-1.111923,-15.344900,2023-01-01T01:16:12
-1.111923,-15.344900,2023-01-01T01:16:13
-1.111923,-15.344900,2023-01-01T01:16:14
-1.111923,-15.344900,2023-01-01T01:16:15
-1.111923,-15.344900,2023-01-01T01:16:16
-1.111923,-15.344900,2023-01-01T01:16:17
-1.000731,-15.344900,2023-01-01T01:16:18
-1.000731,-15.344900,2023-01-01T01:16:19
-1.000731,-15.344900,2023-01-01T01:16:20
-1.000731,-15.344900,2023-01-01T01:16:21
-1.000731,-15.344900,2023-01-01T01:16:22
-1.000731,-15.344900,2023-01-01T01:16:23
-1.000731,-15.344900,2023-01-01T01:16:24
-1.000731,-15.344900,2023-01-01T01:16:25
-1.000731,-15.344900,2023-01-01T01:16:26
-1.000731,-15.344900,2023-01-01T01:16:27
-1.000731,-15.344900,2023-01-01T01:16:28
-1.000731,-15.344900,2023-01-01T01:16:29
-1.000731,-15.344900,2023-01-01T01:16:30
-1.000731,-15.344900,2023-01-01T01:16:31
-1.000731,-15.344900,2023-01-01T01:16:32
-1.000731,-15.344900,2023-01-01T01:16:33
-1.000731,-15.344900,2023-01-01T01:16:34
-1.000731,-15.344900,2023-01-01T01:16:35
-1.000731,-15.344900,2023-01-01T01:16:36
-1.000731,-15.344900,2023-01-01T01:16:37
-1.000731,-15.344900,2023-01-01T01:16:38
-1.000731,-15.344900,2023-01-01T01:16:39
-1.000731,-15.344900,2023-01-01T01:16:40
-1.000731,-15.344900,2023-01-01T01:16:41
-1.000731,-15.344900,2023-01-01T01:16:42
-1.111923,-15.344900,2023-01-01T01:16:43
-1.111923,-15.344900,2023-01-01T01:16:44
-1.111923,-15.344900,2023-01-01T01:16:45
-1.111923,-15.344900,2023-01-01T01:16:46
-1.111923,-15.344900,2023-01-01T01:16:47
-1.111923,-15.344900,2023-01-01T01:16:48
-1.111923,-15.344900,2023-01-01T01:16:49
-1.111923,-15.344900,2023-01-01T01:16:50
-1.111923,-15.344900,2023-01-01T01:16:51
-1.111923,-15.344900,2023-01-01T01:16:52
-1.111923,-15.344900,2023-01-01T01:16:53
-1.111923,-15.344900,2023-01-01T01:16:54
-1.111923,-15.344900,2023-01-01T01:16:55
-1.111923,-15.344900,2023-01-01T01:16:56
-1.111923,-15.344900,2023-01-01T01:16:57
-1.111923,-15.344900,2023-01-01T01:16:58
-1.111923,-15.344900,2023-01-01T01:16:59
-1.111923,-15.344900,2023-01-01T01:17:00
-1.111923,-15.344900,2023-01-01T01:17:01
-1.111923,-15.344900,2023-01-01T01:17:02
-1.111923,-15.344900,2023-01-01T01:17:03
-1.111923,-15.344900,2023-01-01T01:17:04
-1.111923,-15.344900,2023-01-01T01:17:05
-1.111923,-15.344900,2023-01-01T01:17:06
-1.111923,-15.344900,2023-01-01T01:17:07
-1.111923,-15.344900,2023-01-01T01:17:08
-1.111923,-15.344900,2023-01-01T01:17:09
-1.111923,-15.344900,2023-01-01T01:17:10
-1.111923,-15.344900,2023-01-01T01:17:11
-1.111923,-15.344900,2023-01-01T01:17:12
-1.111923,-15.344900,2023-01-01T01:17:13
-1.111923,-15.344900,2023-01-01T01:17:14
-1.111923,-15.344900,2023-01-01T01:17:15
-1.111923,-15.344900,2023-01-01T01:17:16
-1.111923,-15.344900,2023-01-01T01:17:17
-1.111923,-15.344900,2023-01-01T01:17:18
-1.111923,-15.344900,2023-01-01T01:17:19
-1.111923,-15.344900,2023-01-01T01:17:20
-1.111923,-15.456095,2023-01-01T01:17:21
-1.111923,-15.456095,2023-01-01T01:17:22
-1.111923,-15.456095,2023-01-01T01:17:23
-1.111923,-15.456095,2023-01-01T01:17:24
-1.111923,-15.456095,2023-01-01T01:17:25
-1.111923,-15.456095,2023-01-01T01:17:26
-1.111923,-15.456095,2023-01-01T01:17:27
-1.111923,-15.456095,2023-01-01T01:17:28
-1.111923,-15.456095,2023-01-01T01:17:29
-1.111923,-15.456095,2023-01-01T01:17:30
-1.111923,-15.456095,2023-01-01T01:17:31
-1.000731,-15.456095,2023-01-01T01:17:32
-1.000731,-15.456095,2023-01-01T01:17:33
-1.000731,-15.456095,2023-01-01T01:17:34
-1.000731,-15.456095,2023-01-01T01:17:35
-1.000731,-15.456095,2023-01-01T01:17:36
-1.000731,-15.456095,2023-01-01T01:17:37
-1.000731,-15.456095,2023-01-01T01:17:38
-1.000731,-15.456095,2023-01-01T01:17:39
-1.000731,-15.456095,2023-01-01T01:17:40
-1.000731,-15.456095,2023-01-01T01:17:41
-1.000731,-15.456095,2023-01-01T01:17:42
-1.000731,-15.456095,2023-01-01T01:17:43
-1.000731,-15.456095,2023-01-01T01:17:44
-1.000731,-15.456095,2023-01-01T01:17:45
-1.000731,-15.456095,2023-01-01T01:17:46
-1.000731,-15.456095,2023-01-01T01:17:47
-1.000731,-15.456095,2023-01-01T01:17:48
-1.000731,-15.456095,2023-01-01T01:17:49
-1.000731,-15.456095,2023-01-01T01:17:50
-1.000731,-15.456095,2023-01-01T01:17:51
-1.000731,-15.456095,2023-01-01T01:17:52
-1.000731,-15.456095,2023-01-01T01:17:53
-1.000731,-15.456095,2023-01-01T01:17:54
-1.000731,-15.456095,2023-01-01T01:17:55
-1.000731,-15.567290,2023-01-01T01:17:56
-1.000731,-15.567290,2023-01-01T01:17:57
-1.000731,-15.567290,2023-01-01T01:17:58
-1.000731,-15.567290,2023-01-01T01:17:59
-1.000731,-15.567290,2023-01-01T01:18:00
-1.000731,-15.567290,2023-01-01T01:18:01
-1.000731,-15.567290,2023-01-01T01:18:02
-1.000731,-15.567290,2023-01-01T01:18:03
-1.000731,-15.567290,2023-01-01T01:18:04
-1.000731,-15.567290,2023-01-01T01:18:05
-1.000731,-15.567290,2023-01-01T01:18:06
-1.000731,-15.567290,2023-01-01T01:18:07
-1.000731,-15.567290,2023-01-01T01:18:08
-1.000731,-15.567290,2023-01-01T01:18:09
-1.000731,-15.567290,2023-01-01T01:18:10
-1.000731,-15.567290,2023-01-01T01:18:11
-1.000731,-15.567290,2023-01-01T01:18:12
-1.000731,-15.567290,2023-01-01T01:18:13
-1.000731,-15.567290,2023-01-01T01:18:14
-1.000731,-15.567290,2023-01-01T01:18:15
-1.000731,-15.567290,2023-01-01T01:18:16
-1.000731,-15.567290,2023-01-01T01:18:17
-1.000731,-15.567290,2023-01-01T01:18:18
-1.000731,-15.567290,2023-01-01T01:18:19
-1.000731,-15.567290,2023-01-01T01:18:20
-1.000731,-15.567290,2023-01-01T01:18:21
-1.000731,-15.567290,2023-01-01T01:18:22
-1.000731,-15.567290,2023-01-01T01:18:23
-1.000731,-15.567290,2023-01-01T01:18:24
-1.000731,-15.567290,2023-01-01T01:18:25
-1.000731,-15.567290,2023-01-01T01:18:26
-1.000731,-15.567290,2023-01-01T01:18:27
-1.000731,-15.567290,2023-01-01T01:18:28
-1.000731,-15.567290,2023-01-01T01:18:29
-1.000731,-15.678485,2023-01-01T01:18:30
-1.000731,-15.678485,2023-01-01T01:18:31
-1.000731,-15.678485,2023-01-01T01:18:32
-1.000731,-15.678485,2023-01-01T01:18:33
-1.000731,-15.678485,2023-01-01T01:18:34
-1.000731,-15.678485,2023-01-01T01:18:35
-1.000731,-15.678485,2023-01-01T01:18:36
-1.000731,-15.678485,2023-01-01T01:18:37
-1.000731,-15.678485,2023-01-01T01:18:38
-1.000731,-15.678485,2023-01-01T01:18:39
-1.000731,-15.678485,2023-01-01T01:18:40
-1.000731,-15.678485,2023-01-01T01:18:41
-1.000731,-15.678485,2023-01-01T01:18:42
-1.000731,-15.678485,2023-01-01T01:18:43
-1.000731,-15.678485,2023-01-01T01:18:44
-1.000731,-15.678485,2023-01-01T01:18:45
-1.000731,-15.678485,2023-01-01T01:18:46
-1.111923,-15.678485,2023-01-01T01:18:47
-1.111923,-15.678485,2023-01-01T01:18:48
-1.111923,-15.678485,2023-01-01T01:18:49
-1.111923,-15.678485,2023-01-01T01:18:50
-1.111923,-15.789680,2023-01-01T01:18:51
-1.111923,-15.789680,2023-01-01T01:18:52
-1.111923,-15.789680,2023-01-01T01:18:53
-1.111923,-15.789680,2023-01-01T01:18:54
-1.111923,-15.789680,2023-01-01T01:18:55
-1.111923,-15.789680,2023-01-01T01:18:56
-1.111923,-15.789680,2023-01-01T01:18:57
-1.111923,-15.789680,2023-01-01T01:18:58
-1.111923,-15.789680,2023-01-01T01:18:59
-1.111923,-15.789680,2023-01-01T01:19:00
-1.111923,-15.789680,2023-01-01T01:19:01
-1.111923,-15.789680,2023-01-01T01:19:02
-1.111923,-15.789680,2023-01-01T01:19:03
-1.111923,-15.789680,2023-01-01T01:19:04
-1.111923,-15.789680,2023-01-01T01:19:05
-1.111923,-15.789680,2023-01-01T01:19:06
-1.111923,-15.789680,2023-01-01T01:19:07
-1.111923,-15.789680,2023-01-01T01:19:08
-1.111923,-15.789680,2023-01-01T01:19:09
-1.111923,-15.789680,2023-01-01T01:19:10
-1.111923,-15.789680,2023-01-01T01:19:11
-1.111923,-15.789680,2023-01-01T01:19:12
-1.111923,-15.789680,2023-01-01T01:19:13
-1.111923,-15.900875,2023-01-01T01:19:14
-1.111923,-15.789680,2023-01-01T01:19:15
-1.111923,-15.789680,2023-01-01T01:19:16
-1.111923,-15.789680,2023-01-01T01:19:17
-1.111923,-15.900875,2023-01-01T01:19:18
-1.111923,-15.900875,2023-01-01T01:19:19
-1.111923,-15.900875,2023-01-01T01:19:20
-1.111923,-15.900875,2023-01-01T01:19:21
-1.111923,-15.900875,2023-01-01T01:19:22
-1.111923,-15.900875,2023-01-01T01:19:23
-1.111923,-15.900875,2023-01-01T01:19:24
-1.111923,-15.900875,2023-01-01T01:19:25
-1.111923,-15.900875,2023-01-01T01:19:26
-1.111923,-15.900875,2023-01-01T01:19:27
-1.111923,-15.900875,2023-01-01T01:19:28
-1.111923,-15.900875,2023-01-01T01:19:29
-1.223115,-15.900875,2023-01-01T01:19:30
-1.223115,-15.900875,2023-01-01T01:19:31
-1.223115,-15.900875,2023-01-01T01:19:32
-1.223115,-15.900875,2023-01-01T01:19:33
-1.223115,-15.900875,2023-01-01T01:19:34
-1.223115,-15.900875,2023-01-01T01:19:35
-1.223115,-15.900875,2023-01-01T01:19:36
-1.223115,-15.900875,2023-01-01T01:19:37
-1.223115,-15.900875,2023-01-01T01:19:38
-1.223115,-15.900875,2023-01-01T01:19:39
-1.223115,-15.900875,2023-01-01T01:19:40
-1.223115,-15.900875,2023-01-01T01:19:41
-1.223115,-15.900875,2023-01-01T01:19:42
-1.223115,-15.900875,2023-01-01T01:19:43
-1.223115,-15.900875,2023-01-01T01:19:44
-1.223115,-15.900875,2023-01-01T01:19:45
-1.223115,-15.900875,2023-01-01T01:19:46
-1.223115,-15.900875,2023-01-01T01:19:47
-1.223115,-15.900875,2023-01-01T01:19:48
-1.223115,-15.900875,2023-01-01T01:19:49
-1.223115,-15.900875,2023-01-01T01:19:50
-1.223115,-15.900875,2023-01-01T01:19:51
-1.223115,-15.900875,2023-01-01T01:19:52
-1.223115,-15.900875,2023-01-01T01:19:53
-1.223115,-15.900875,2023-01-01T01:19:54
-1.223115,-15.900875,2023-01-01T01:19:55
-1.223115,-15.900875,2023-01-01T01:19:56
-1.223115,-15.900875,2023-01-01T01:19:57
-1.223115,-15.900875,2023-01-01T01:19:58
-1.223115,-15.900875,2023-01-01T01:19:59
-1.223115,-15.900875,2023-01-01T01:20:00
-1.223115,-15.900875,2023-01-01T01:20:01
-1.223115,-15.900875,2023-01-01T01:20:02
-1.223115,-15.900875,2023-01-01T01:20:03
-1.223115,-15.900875,2023-01-01T01:20:04
-1.223115,-15.900875,2023-01-01T01:20:05
-1.223115,-15.900875,2023-01-01T01:20:06
-1.223115,-15.789680,2023-01-01T01:20:07
-1.223115,-15.789680,2023-01-01T01:20:08
-1.223115,-15.789680,2023-01-01T01:20:09
-1.223115,-15.789680,2023-01-01T01:20:10
-1.223115,-15.789680,2023-01-01T01:20:11
-1.223115,-15.789680,2023-01-01T01:20:12
-1.223115,-15.789680,2023-01-01T01:20:13
-1.223115,-15.789680,2023-01-01T01:20:14
-1.223115,-15.789680,2023-01-01T01:20:15
-1.223115,-15.789680,2023-01-01T01:20:16
-1.223115,-15.789680,2023-01-01T01:20:17
-1.334307,-15.789680,2023-01-01T01:20:18
-1.334307,-15.789680,2023-01-01T01:20:19
-1.334307,-15.789680,2023-01-01T01:20:20
-1.334307,-15.789680,2023-01-01T01:20:21
-1.334307,-15.789680,2023-01-01T01:20:22
-1.334307,-15.789680,2023-01-01T01:20:23
-1.334307,-15.789680,2023-01-01T01:20:24
-1.334307,-15.789680,2023-01-01T01:20:25
-1.334307,-15.789680,2023-01-01T01:20:26
-1.334307,-15.789680,2023-01-01T01:20:27
-1.334307,-15.789680,2023-01-01T01:20:28
-1.334307,-15.789680,2023-01-01T01:20:29
-1.334307,-15.789680,2023-01-01T01:20:30
-1.334307,-15.789680,2023-01-01T01:20:31
-1.334307,-15.789680,2023-01-01T01:20:32
-1.334307,-15.789680,2023-01-01T01:20:33
-1.334307,-15.789680,2023-01-01T01:20:34
-1.334307,-15.789680,2023-01-01T01:20:35
-1.334307,-15.789680,2023-01-01T01:20:36
-1.334307,-15.789680,2023-01-01T01:20:37
-1.334307,-15.678485,2023-01-01T01:20:38
-1.334307,-15.678485,2023-01-01T01:20:39
-1.334307,-15.678485,2023-01-01T01:20:40
-1.334307,-15.678485,2023-01-01T01:20:41
-1.334307,-15.678485,2023-01-01T01:20:42
-1.334307,-15.678485,2023-01-01T01:20:43
-1.334307,-15.678485,2023-01-01T01:20:44
-1.334307,-15.678485,2023-01-01T01:20:45
-1.334307,-15.678485,2023-01-01T01:20:46
-1.334307,-15.678485,2023-01-01T01:20:47
-1.334307,-15.678485,2023-01-01T01:20:48
-1.334307,-15.678485,2023-01-01T01:20:49
-1.334307,-15.678485,2023-01-01T01:20:50
-1.334307,-15.678485,2023-01-01T01:20:51
-1.334307,-15.678485,2023-01-01T01:20:52
-1.334307,-15.678485,2023-01-01T01:20:53
-1.334307,-15.678485,2023-01-01T01:20:54
-1.334307,-15.678485,2023-01-01T01:20:55
-1.334307,-15.678485,2023-01-01T01:20:56
-1.334307,-15.678485,2023-01-01T01:20:57
-1.334307,-15.678485,2023-01-01T01:20:58
-1.334307,-15.678485,2023-01-01T01:20:59
-1.334307,-15.678485,2023-01-01T01:21:00
-1.334307,-15.678485,2023-01-01T01:21:01
-1.334307,-15.567290,2023-01-01T01:21:02
-1.334307,-15.567290,2023-01-01T01:21:03
-1.334307,-15.567290,2023-01-01T01:21:04
-1.334307,-15.567290,2023-01-01T01:21:05
-1.334307,-15.567290,2023-01-01T01:21:06
-1.334307,-15.567290,2023-01-01T01:21:07
-1.334307,-15.567290,2023-01-01T01:21:08
-1.334307,-15.567290,2023-01-01T01:21:09
-1.334307,-15.567290,2023-01-01T01:21:10
-1.334307,-15.567290,2023-01-01T01:21:11
-1.334307,-15.567290,2023-01-01T01:21:12
-1.334307,-15.567290,2023-01-01T01:21:13
-1.334307,-15.567290,2023-01-01T01:21:14
-1.334307,-15.567290,2023-01-01T01:21:15
-1.334307,-15.567290,2023-01-01T01:21:16
-1.334307,-15.567290,2023-01-01T01:21:17
-1.334307,-15.567290,2023-01-01T01:21:18
-1.334307,-15.567290,2023-01-01T01:21:19
-1.334307,-15.567290,2023-01-01T01:21:20
-1.334307,-15.567290,2023-01-01T01:21:21
-1.334307,-15.567290,2023-01-01T01:21:22
-1.334307,-15.567290,2023-01-01T01:21:23
-1.334307,-15.567290,2023-01-01T01:21:24
-1.334307,-15.567290,2023-01-01T01:21:25
-1.334307,-15.567290,2023-01-01T01:21:26
-1.334307,-15.567290,2023-01-01T01:21:27
-1.334307,-15.567290,2023-01-01T01:21:28
-1.334307,-15.567290,2023-01-01T01:21:29
-1.334307,-15.567290,2023-01-01T01:21:30
-1.334307,-15.567290,2023-01-01T01:21:31
-1.334307,-15.567290,2023-01-01T01:21:32
-1.334307,-15.567290,2023-01-01T01:21:33
-1.334307,-15.567290,2023-01-01T01:21:34
-1.334307,-15.567290,2023-01-01T01:21:35
-1.334307,-15.567290,2023-01-01T01:21:36
-1.334307,-15.567290,2023-01-01T01:21:37
-1.334307,-15.567290,2023-01-01T01:21:38
-1.334307,-15.567290,2023-01-01T01:21:39
-1.334307,-15.567290,2023-01-01T01:21:40
-1.334307,-15.567290,2023-01-01T01:21:41
-1.334307,-15.567290,2023-01-01T01:21:42
-1.334307,-15.567290,2023-01-01T01:21:43
-1.334307,-15.567290,2023-01-01T01:21:44
-1.334307,-15.567290,2023-01-01T01:21:45
-1.334307,-15.567290,2023-01-01T01:21:46
-1.334307,-15.567290,2023-01-01T01:21:47
-1.334307,-15.567290,2023-01-01T01:21:48
-1.334307,-15.567290,2023-01-01T01:21:49
-1.334307,-15.567290,2023-01-01T01:21:50
-1.334307,-15.567290,2023-01-01T01:21:51
-1.334307,-15.678485,2023-01-01T01:21:52
-1.334307,-15.678485,2023-01-01T01:21:53
-1.334307,-15.678485,2023-01-01T01:21:54
-1.334307,-15.678485,2023-01-01T01:21:55
-1.334307,-15.678485,2023-01-01T01:21:56
-1.334307,-15.678485,2023-01-01T01:21:57
-1.334307,-15.678485,2023-01-01T01:21:58
-1.334307,-15.789680,2023-01-01T01:21:59
-1.334307,-15.789680,2023-01-01T01:22:00
-1.334307,-15.789680,2023-01-01T01:22:01
-1.334307,-15.789680,2023-01-01T01:22:02
-1.334307,-15.789680,2023-01-01T01:22:03
-1.334307,-15.789680,2023-01-01T01:22:04
-1.334307,-15.789680,2023-01-01T01:22:05
-1.334307,-15.900875,2023-01-01T01:22:06
-1.334307,-15.900875,2023-01-01T01:22:07
-1.334307,-15.900875,2023-01-01T01:22:08
-1.445500,-15.900875,2023-01-01T01:22:09
-1.445500,-15.900875,2023-01-01T01:22:10
-1.445500,-15.900875,2023-01-01T01:22:11
-1.445500,-15.900875,2023-01-01T01:22:12
-1.445500,-15.900875,2023-01-01T01:22:13
-1.445500,-16.012069,2023-01-01T01:22:14
-1.445500,-16.012069,2023-01-01T01:22:15
-1.445500,-16.012069,2023-01-01T01:22:16
-1.445500,-16.012069,2023-01-01T01:22:17
-1.445500,-16.012069,2023-01-01T01:22:18
-1.445500,-16.012069,2023-01-01T01:22:19
-1.445500,-16.012069,2023-01-01T01:22:20
-1.445500,-16.012069,2023-01-01T01:22:21
-1.556692,-16.012069,2023-01-01T01:22:22
-1.556692,-16.123264,2023-01-01T01:22:23
-1.556692,-16.123264,2023-01-01T01:22:24
-1.556692,-16.123264,2023-01-01T01:22:25
-1.556692,-16.123264,2023-01-01T01:22:26
-1.556692,-16.123264,2023-01-01T01:22:27
-1.556692,-16.123264,2023-01-01T01:22:28
-1.556692,-16.123264,2023-01-01T01:22:29
-1.556692,-16.123264,2023-01-01T01:22:30
-1.556692,-16.123264,2023-01-01T01:22:31
-1.556692,-16.123264,2023-01-01T01:22:32
-1.556692,-16.123264,2023-01-01T01:22:33
-1.556692,-16.123264,2023-01-01T01:22:34
-1.556692,-16.234459,2023-01-01T01:22:35
-1.556692,-16.234459,2023-01-01T01:22:36
-1.556692,-16.234459,2023-01-01T01:22:37
-1.556692,-16.234459,2023-01-01T01:22:38
-1.556692,-16.234459,2023-01-01T01:22:39
-1.556692,-16.234459,2023-01-01T01:22:40
-1.556692,-16.234459,2023-01-01T01:22:41
-1.556692,-16.234459,2023-01-01T01:22:42
-1.556692,-16.234459,2023-01-01T01:22:43
-1.556692,-16.234459,2023-01-01T01:22:44
-1.556692,-16.234459,2023-01-01T01:22:45
-1.556692,-16.345654,2023-01-01T01:22:46
-1.556692,-16.345654,2023-01-01T01:22:47
-1.556692,-16.345654,2023-01-01T01:22:48
-1.556692,-16.345654,2023-01-01T01:22:49
-1.556692,-16.345654,2023-01-01T01:22:50
-1.556692,-16.345654,2023-01-01T01:22:51
-1.556692,-16.345654,2023-01-01T01:22:52
-1.556692,-16.345654,2023-01-01T01:22:53
-1.556692,-16.345654,2023-01-01T01:22:54
-1.556692,-16.456849,2023-01-01T01:22:55
-1.556692,-16.456849,2023-01-01T01:22:56
-1.556692,-16.456849,2023-01-01T01:22:57
-1.556692,-16.456849,2023-01-01T01:22:58
-1.556692,-16.456849,2023-01-01T01:22:59
-1.556692,-16.456849,2023-01-01T01:23:00
-1.556692,-16.456849,2023-01-01T01:23:01
-1.556692,-16.568044,2023-01-01T01:23:02
-1.556692,-16.568044,2023-01-01T01:23:03
-1.556692,-16.568044,2023-01-01T01:23:04
-1.556692,-16.568044,2023-01-01T01:23:05
-1.556692,-16.568044,2023-01-01T01:23:06
-1.556692,-16.568044,2023-01-01T01:23:07
-1.556692,-16.679239,2023-01-01T01:23:08
-1.556692,-16.679239,2023-01-01T01:23:09
-1.556692,-16.679239,2023-01-01T01:23:10
-1.445500,-16.679239,2023-01-01T01:23:11
-1.445500,-16.679239,2023-01-01T01:23:12
-1.445500,-16.679239,2023-01-01T01:23:13
-1.445500,-16.790434,2023-01-01T01:23:14
-1.445500,-16.790434,2023-01-01T01:23:15
-1.445500,-16.790434,2023-01-01T01:23:16
-1.445500,-16.790434,2023-01-01T01:23:17
-1.445500,-16.790434,2023-01-01T01:23:18
-1.445500,-16.790434,2023-01-01T01:23:19
-1.445500,-16.790434,2023-01-01T01:23:20
-1.445500,-16.901629,2023-01-01T01:23:21
-1.445500,-16.901629,2023-01-01T01:23:22
-1.445500,-16.901629,2023-01-01T01:23:23
-1.445500,-16.901629,2023-01-01T01:23:24
-1.445500,-16.901629,2023-01-01T01:23:25
-1.445500,-16.901629,2023-01-01T01:23:26
-1.445500,-16.901629,2023-01-01T01:23:27
-1.445500,-16.901629,2023-01-01T01:23:28
-1.445500,-17.012824,2023-01-01T01:23:29
-1.445500,-17.012824,2023-01-01T01:23:30
-1.445500,-17.012824,2023-01-01T01:23:31
-1.445500,-17.012824,2023-01-01T01:23:32
-1.445500,-17.012824,2023-01-01T01:23:33
-1.445500,-17.012824,2023-01-01T01:23:34
-1.445500,-17.012824,2023-01-01T01:23:35
-1.445500,-17.012824,2023-01-01T01:23:36
-1.445500,-17.012824,2023-01-01T01:23:37
-1.334307,-17.012824,2023-01-01T01:23:38
-1.334307,-17.124019,2023-01-01T01:23:39
-1.334307,-17.124019,2023-01-01T01:23:40
-1.334307,-17.124019,2023-01-01T01:23:41
-1.334307,-17.124019,2023-01-01T01:23:42
-1.334307,-17.124019,2023-01-01T01:23:43
-1.334307,-17.124019,2023-01-01T01:23:44
-1.334307,-17.124019,2023-01-01T01:23:45
-1.334307,-17.124019,2023-01-01T01:23:46
-1.334307,-17.235214,2023-01-01T01:23:47
-1.334307,-17.235214,2023-01-01T01:23:48
-1.334307,-17.235214,2023-01-01T01:23:49
-1.334307,-17.235214,2023-01-01T01:23:50
-1.334307,-17.235214,2023-01-01T01:23:51
-1.334307,-17.235214,2023-01-01T01:23:52
-1.334307,-17.235214,2023-01-01T01:23:53
-1.334307,-17.235214,2023-01-01T01:23:54
-1.334307,-17.235214,2023-01-01T01:23:55
-1.334307,-17.235214,2023-01-01T01:23:56
-1.334307,-17.346409,2023-01-01T01:23:57
-1.334307,-17.346409,2023-01-01T01:23:58
-1.334307,-17.346409,2023-01-01T01:23:59
-1.334307,-17.346409,2023-01-01T01:24:00
-1.334307,-17.346409,2023-01-01T01:24:01
-1.334307,-17.346409,2023-01-01T01:24:02
-1.334307,-17.346409,2023-01-01T01:24:03
-1.334307,-17.346409,2023-01-01T01:24:04
-1.334307,-17.346409,2023-01-01T01:24:05
-1.334307,-17.457603,2023-01-01T01:24:06
-1.334307,-17.457603,2023-01-01T01:24:07
-1.334307,-17.457603,2023-01-01T01:24:08
-1.334307,-17.457603,2023-01-01T01:24:09
-1.334307,-17.457603,2023-01-01T01:24:10
-1.334307,-17.457603,2023-01-01T01:24:11
-1.334307,-17.457603,2023-01-01T01:24:12
-1.334307,-17.457603,2023-01-01T01:24:13
-1.334307,-17.457603,2023-01-01T01:24:14
-1.334307,-17.568798,2023-01-01T01:24:15
-1.223115,-17.568798,2023-01-01T01:24:16
-1.223115,-17.568798,2023-01-01T01:24:17
-1.223115,-17.568798,2023-01-01T01:24:18
-1.223115,-17.568798,2023-01-01T01:24:19
-1.223115,-17.568798,2023-01-01T01:24:20
-1.223115,-17.568798,2023-01-01T01:24:21
-1.223115,-17.679993,2023-01-01T01:24:22
-1.223115,-17.679993,2023-01-01T01:24:23
-1.223115,-17.679993,2023-01-01T01:24:24
-1.223115,-17.679993,2023-01-01T01:24:25
-1.223115,-17.679993,2023-01-01T01:24:26
-1.223115,-17.679993,2023-01-01T01:24:27
-1.223115,-17.679993,2023-01-01T01:24:28
-1.223115,-17.679993,2023-01-01T01:24:29
-1.223115,-17.679993,2023-01-01T01:24:30
-1.223115,-17.791188,2023-01-01T01:24:31
-1.223115,-17.791188,2023-01-01T01:24:32
-1.223115,-17.791188,2023-01-01T01:24:33
-1.223115,-17.791188,2023-01-01T01:24:34
-1.223115,-17.791188,2023-01-01T01:24:35
-1.223115,-17.791188,2023-01-01T01:24:36
-1.223115,-17.791188,2023-01-01T01:24:37
-1.223115,-17.791188,2023-01-01T01:24:38
-1.223115,-17.791188,2023-01-01T01:24:39
-1.223115,-17.791188,2023-01-01T01:24:40
-1.223115,-17.791188,2023-01-01T01:24:41
-1.223115,-17.791188,2023-01-01T01:24:42
-1.223115,-17.791188,2023-01-01T01:24:43
-1.223115,-17.791188,2023-01-01T01:24:44
-1.223115,-17.791188,2023-01-01T01:24:45
-1.223115,-17.791188,2023-01-01T01:24:46
-1.223115,-17.902383,2023-01-01T01:24:47
-1.223115,-17.902383,2023-01-01T01:24:48
-1.223115,-17.902383,2023-01-01T01:24:49
-1.223115,-17.902383,2023-01-01T01:24:50
-1.223115,-17.902383,2023-01-01T01:24:51
-1.223115,-17.902383,2023-01-01T01:24:52
-1.223115,-17.902383,2023-01-01T01:24:53
-1.223115,-17.902383,2023-01-01T01:24:54
-1.223115,-17.902383,2023-01-01T01:24:55
-1.223115,-17.902383,2023-01-01T01:24:56
-1.223115,-17.902383,2023-01-01T01:24:57
-1.223115,-17.902383,2023-01-01T01:24:58
-1.223115,-17.902383,2023-01-01T01:24:59
-1.223115,-18.013578,2023-01-01T01:25:00
-1.223115,-18.013578,2023-01-01T01:25:01
-1.223115,-18.013578,2023-01-01T01:25:02
-1.223115,-18.013578,2023-01-01T01:25:03
-1.223115,-18.013578,2023-01-01T01:25:04
-1.223115,-18.013578,2023-01-01T01:25:05
-1.223115,-18.013578,2023-01-01T01:25:06
-1.223115,-18.013578,2023-01-01T01:25:07
-1.223115,-18.013578,2023-01-01T01:25:08
-1.223115,-18.013578,2023-01-01T01:25:09
-1.223115,-18.013578,2023-01-01T01:25:10
-1.223115,-18.124773,2023-01-01T01:25:11
-1.223115,-18.124773,2023-01-01T01:25:12
-1.223115,-18.124773,2023-01-01T01:25:13
-1.223115,-18.124773,2023-01-01T01:25:14
-1.223115,-18.124773,2023-01-01T01:25:15
-1.223115,-18.124773,2023-01-01T01:25:16
-1.223115,-18.124773,2023-01-01T01:25:17
-1.223115,-18.124773,2023-01-01T01:25:18
-1.223115,-18.124773,2023-01-01T01:25:19
-1.223115,-18.124773,2023-01-01T01:25:20
-1.223115,-18.124773,2023-01-01T01:25:21
-1.223115,-18.124773,2023-01-01T01:25:22
-1.223115,-18.124773,2023-01-01T01:25:23
-1.223115,-18.124773,2023-01-01T01:25:24
-1.223115,-18.124773,2023-01-01T01:25:25
-1.223115,-18.124773,2023-01-01T01:25:26
-1.223115,-18.124773,2023-01-01T01:25:27
-1.223115,-18.124773,2023-01-01T01:25:28
-1.223115,-18.013578,2023-01-01T01:25:29
-1.223115,-18.013578,2023-01-01T01:25:30
-1.223115,-18.013578,2023-01-01T01:25:31
-1.223115,-18.013578,2023-01-01T01:25:32
-1.223115,-18.013578,2023-01-01T01:25:33
-1.223115,-18.013578,2023-01-01T01:25:34
-1.223115,-18.013578,2023-01-01T01:25:35
-1.223115,-18.013578,2023-01-01T01:25:36
-1.223115,-18.013578,2023-01-01T01:25:37
-1.223115,-18.013578,2023-01-01T01:25:38
-1.223115,-18.013578,2023-01-01T01:25:39
-1.223115,-18.013578,2023-01-01T01:25:40
-1.223115,-18.013578,2023-01-01T01:25:41
-1.223115,-18.013578,2023-01-01T01:25:42
-1.223115,-18.013578,2023-01-01T01:25:43
-1.223115,-18.013578,2023-01-01T01:25:44
-1.223115,-18.013578,2023-01-01T01:25:45
-1.334307,-18.013578,2023-01-01T01:25:46
-1.334307,-18.013578,2023-01-01T01:25:47
-1.334307,-18.013578,2023-01-01T01:25:48
-1.334307,-18.013578,2023-01-01T01:25:49
-1.334307,-18.013578,2023-01-01T01:25:50
-1.334307,-18.013578,2023-01-01T01:25:51
-1.334307,-18.013578,2023-01-01T01:25:52
-1.334307,-18.013578,2023-01-01T01:25:53
-1.334307,-18.013578,2023-01-01T01:25:54
-1.334307,-18.013578,2023-01-01T01:25:55
-1.334307,-18.013578,2023-01-01T01:25:56
-1.334307,-18.013578,2023-01-01T01:25:57
-1.334307,-18.013578,2023-01-01T01:25:58
-1.334307,-18.013578,2023-01-01T01:25:59
-1.334307,-18.013578,2023-01-01T01:26:00
-1.334307,-18.013578,2023-01-01T01:26:01
-1.334307,-18.013578,2023-01-01T01:26:02
-1.334307,-18.013578,2023-01-01T01:26:03
-1.223115,-18.013578,2023-01-01T01:26:04
-1.223115,-18.013578,2023-01-01T01:26:05
-1.223115,-18.013578,2023-01-01T01:26:06
-1.223115,-18.013578,2023-01-01T01:26:07
-1.223115,-18.013578,2023-01-01T01:26:08
-1.223115,-18.013578,2023-01-01T01:26:09
-1.223115,-18.013578,2023-01-01T01:26:10
-1.223115,-18.013578,2023-01-01T01:26:11
-1.223115,-18.013578,2023-01-01T01:26:12
-1.223115,-18.013578,2023-01-01T01:26:13
-1.223115,-18.013578,2023-01-01T01:26:14
-1.223115,-18.013578,2023-01-01T01:26:15
-1.223115,-18.013578,2023-01-01T01:26:16
-1.223115,-18.013578,2023-01-01T01:26:17
-1.111923,-18.013578,2023-01-01T01:26:18
-1.111923,-18.013578,2023-01-01T01:26:19
-1.111923,-18.013578,2023-01-01T01:26:20
-1.111923,-18.013578,2023-01-01T01:26:21
-1.111923,-18.124773,2023-01-01T01:26:22
-1.111923,-18.124773,2023-01-01T01:26:23
-1.111923,-18.124773,2023-01-01T01:26:24
-1.111923,-18.124773,2023-01-01T01:26:25
-1.111923,-18.124773,2023-01-01T01:26:26
-1.111923,-18.124773,2023-01-01T01:26:27
-1.111923,-18.124773,2023-01-01T01:26:28
-1.111923,-18.124773,2023-01-01T01:26:29
-1.111923,-18.124773,2023-01-01T01:26:30
-1.111923,-18.124773,2023-01-01T01:26:31
-1.111923,-18.124773,2023-01-01T01:26:32
-1.000731,-18.124773,2023-01-01T01:26:33
-1.000731,-18.124773,2023-01-01T01:26:34
-1.000731,-18.124773,2023-01-01T01:26:35
-1.000731,-18.124773,2023-01-01T01:26:36
-1.000731,-18.124773,2023-01-01T01:26:37
-1.000731,-18.124773,2023-01-01T01:26:38
-1.000731,-18.124773,2023-01-01T01:26:39
-1.000731,-18.124773,2023-01-01T01:26:40
-1.000731,-18.124773,2023-01-01T01:26:41
-1.000731,-18.124773,2023-01-01T01:26:42
-1.000731,-18.235968,2023-01-01T01:26:43
-1.000731,-18.235968,2023-01-01T01:26:44
-1.000731,-18.235968,2023-01-01T01:26:45
-1.000731,-18.235968,2023-01-01T01:26:46
-0.889538,-18.235968,2023-01-01T01:26:47
-0.889538,-18.235968,2023-01-01T01:26:48
-0.889538,-18.235968,2023-01-01T01:26:49
-0.889538,-18.235968,2023-01-01T01:26:50
-0.889538,-18.235968,2023-01-01T01:26:51
-0.889538,-18.235968,2023-01-01T01:26:52
-0.889538,-18.235968,2023-01-01T01:26:53
-0.889538,-18.235968,2023-01-01T01:26:54
-0.889538,-18.235968,2023-01-01T01:26:55
-0.889538,-18.235968,2023-01-01T01:26:56
-0.889538,-18.235968,2023-01-01T01:26:57
-0.889538,-18.235968,2023-01-01T01:26:58
-0.889538,-18.235968,2023-01-01T01:26:59
-0.889538,-18.235968,2023-01-01T01:27:00
-0.889538,-18.347163,2023-01-01T01:27:01
-0.889538,-18.347163,2023-01-01T01:27:02
-0.889538,-18.347163,2023-01-01T01:27:03
-0.778346,-18.347163,2023-01-01T01:27:04
-0.778346,-18.347163,2023-01-01T01:27:05
-0.778346,-18.347163,2023-01-01T01:27:06
-0.778346,-18.347163,2023-01-01T01:27:07
-0.778346,-18.347163,2023-01-01T01:27:08
-0.778346,-18.347163,2023-01-01T01:27:09
-0.778346,-18.347163,2023-01-01T01:27:10
-0.778346,-18.347163,2023-01-01T01:27:11
-0.778346,-18.347163,2023-01-01T01:27:12
-0.778346,-18.347163,2023-01-01T01:27:13
-0.778346,-18.347163,2023-01-01T01:27:14
-0.778346,-18.347163,2023-01-01T01:27:15
-0.778346,-18.458358,2023-01-01T01:27:16
-0.778346,-18.458358,2023-01-01T01:27:17
-0.667154,-18.458358,2023-01-01T01:27:18
-0.667154,-18.458358,2023-01-01T01:27:19
-0.667154,-18.458358,2023-01-01T01:27:20
-0.667154,-18.458358,2023-01-01T01:27:21
-0.667154,-18.458358,2023-01-01T01:27:22
-0.667154,-18.458358,2023-01-01T01:27:23
-0.667154,-18.458358,2023-01-01T01:27:24
-0.667154,-18.458358,2023-01-01T01:27:25
-0.667154,-18.458358,2023-01-01T01:27:26
-0.667154,-18.458358,2023-01-01T01:27:27
-0.667154,-18.458358,2023-01-01T01:27:28
-0.667154,-18.458358,2023-01-01T01:27:29
-0.667154,-18.458358,2023-01-01T01:27:30
-0.667154,-18.569553,2023-01-01T01:27:31
-0.667154,-18.569553,2023-01-01T01:27:32
-0.667154,-18.569553,2023-01-01T01:27:33
-0.667154,-18.569553,2023-01-01T01:27:34
-0.667154,-18.569553,2023-01-01T01:27:35
-0.667154,-18.569553,2023-01-01T01:27:36
-0.667154,-18.569553,2023-01-01T01:27:37
-0.667154,-18.569553,2023-01-01T01:27:38
-0.667154,-18.569553,2023-01-01T01:27:39
-0.667154,-18.569553,2023-01-01T01:27:40
-0.667154,-18.569553,2023-01-01T01:27:41
-0.667154,-18.569553,2023-01-01T01:27:42
-0.667154,-18.569553,2023-01-01T01:27:43
-0.667154,-18.569553,2023-01-01T01:27:44
-0.667154,-18.569553,2023-01-01T01:27:45
-0.667154,-18.569553,2023-01-01T01:27:46
-0.667154,-18.569553,2023-01-01T01:27:47
-0.667154,-18.680748,2023-01-01T01:27:48
-0.667154,-18.680748,2023-01-01T01:27:49
-0.667154,-18.680748,2023-01-01T01:27:50
-0.667154,-18.680748,2023-01-01T01:27:51
-0.667154,-18.680748,2023-01-01T01:27:52
-0.667154,-18.680748,2023-01-01T01:27:53
-0.667154,-18.680748,2023-01-01T01:27:54
-0.667154,-18.680748,2023-01-01T01:27:55
-0.667154,-18.680748,2023-01-01T01:27:56
-0.667154,-18.680748,2023-01-01T01:27:57
-0.667154,-18.680748,2023-01-01T01:27:58
-0.667154,-18.680748,2023-01-01T01:27:59
-0.667154,-18.680748,2023-01-01T01:28:00
-0.667154,-18.791943,2023-01-01T01:28:01
-0.667154,-18.791943,2023-01-01T01:28:02
-0.667154,-18.791943,2023-01-01T01:28:03
-0.667154,-18.791943,2023-01-01T01:28:04
-0.667154,-18.791943,2023-01-01T01:28:05
-0.667154,-18.791943,2023-01-01T01:28:06
-0.667154,-18.791943,2023-01-01T01:28:07
-0.667154,-18.791943,2023-01-01T01:28:08
-0.555961,-18.791943,2023-01-01T01:28:09
-0.555961,-18.791943,2023-01-01T01:28:10
-0.555961,-18.791943,2023-01-01T01:28:11
-0.555961,-18.791943,2023-01-01T01:28:12
-0.555961,-18.680748,2023-01-01T01:28:13
-0.555961,-18.680748,2023-01-01T01:28:14
-0.555961,-18.680748,2023-01-01T01:28:15
-0.555961,-18.680748,2023-01-01T01:28:16
-0.555961,-18.680748,2023-01-01T01:28:17
-0.555961,-18.680748,2023-01-01T01:28:18
-0.555961,-18.680748,2023-01-01T01:28:19
-0.555961,-18.680748,2023-01-01T01:28:20
-0.555961,-18.680748,2023-01-01T01:28:21
-0.555961,-18.680748,2023-01-01T01:28:22
-0.444769,-18.680748,2023-01-01T01:28:23
-0.444769,-18.680748,2023-01-01T01:28:24
-0.444769,-18.569553,2023-01-01T01:28:25
-0.444769,-18.569553,2023-01-01T01:28:26
-0.444769,-18.569553,2023-01-01T01:28:27
-0.444769,-18.569553,2023-01-01T01:28:28
-0.444769,-18.569553,2023-01-01T01:28:29
-0.444769,-18.569553,2023-01-01T01:28:30
-0.333577,-18.569553,2023-01-01T01:28:31
-0.333577,-18.458358,2023-01-01T01:28:32
-0.333577,-18.458358,2023-01-01T01:28:33
-0.333577,-18.458358,2023-01-01T01:28:34
-0.333577,-18.458358,2023-01-01T01:28:35
-0.222385,-18.458358,2023-01-01T01:28:36
-0.222385,-18.458358,2023-01-01T01:28:37
-0.222385,-18.458358,2023-01-01T01:28:38
-0.222385,-18.458358,2023-01-01T01:28:39
-0.111192,-18.347163,2023-01-01T01:28:40
-0.111192,-18.347163,2023-01-01T01:28:41
-0.111192,-18.347163,2023-01-01T01:28:42
0.000000,-18.347163,2023-01-01T01:28:43
0.000000,-18.347163,2023-01-01T01:28:44
0.000000,-18.347163,2023-01-01T01:28:45
0.111192,-18.347163,2023-01-01T01:28:46
0.111192,-18.235968,2023-01-01T01:28:47
0.111192,-18.235968,2023-01-01T01:28:48
0.222385,-18.235968,2023-01-01T01:28:49
0.222385,-18.235968,2023-01-01T01:28:50
0.222385,-18.235968,2023-01-01T01:28:51
0.333577,-18.235968,2023-01-01T01:28:52
0.333577,-18.124773,2023-01-01T01:28:53
0.333577,-18.124773,2023-01-01T01:28:54
0.333577,-18.124773,2023-01-01T01:28:55
0.444769,-18.124773,2023-01-01T01:28:56
0.444769,-18.124773,2023-01-01T01:28:57
0.444769,-18.124773,2023-01-01T01:28:58
0.555961,-18.124773,2023-01-01T01:28:59
0.555961,-18.124773,2023-01-01T01:29:00
0.555961,-18.124773,2023-01-01T01:29:01
0.555961,-18.124773,2023-01-01T01:29:02
0.555961,-18.124773,2023-01-01T01:29:03
0.555961,-18.124773,2023-01-01T01:29:04
0.555961,-18.124773,2023-01-01T01:29:05
0.555961,-18.124773,2023-01-01T01:29:06
0.555961,-18.124773,2023-01-01T01:29:07
0.555961,-18.124773,2023-01-01T01:29:08
0.555961,-18.124773,2023-01-01T01:29:09
0.555961,-18.124773,2023-01-01T01:29:10
0.555961,-18.235968,2023-01-01T01:29:11
0.555961,-18.235968,2023-01-01T01:29:12
0.555961,-18.235968,2023-01-01T01:29:13
0.555961,-18.235968,2023-01-01T01:29:14
0.555961,-18.235968,2023-01-01T01:29:15
0.555961,-18.235968,2023-01-01T01:29:16
0.555961,-18.235968,2023-01-01T01:29:17
0.555961,-18.235968,2023-01-01T01:29:18
0.555961,-18.235968,2023-01-01T01:29:19
0.555961,-18.235968,2023-01-01T01:29:20
0.555961,-18.235968,2023-01-01T01:29:21
0.555961,-18.235968,2023-01-01T01:29:22
0.555961,-18.235968,2023-01-01T01:29:23
0.555961,-18.347163,2023-01-01T01:29:24
0.555961,-18.347163,2023-01-01T01:29:25
0.555961,-18.347163,2023-01-01T01:29:26
0.555961,-18.347163,2023-01-01T01:29:27
0.555961,-18.347163,2023-01-01T01:29:28
0.555961,-18.347163,2023-01-01T01:29:29
0.555961,-18.347163,2023-01-01T01:29:30
0.444769,-18.347163,2023-01-01T01:29:31
0.444769,-18.347163,2023-01-01T01:29:32
0.444769,-18.347163,2023-01-01T01:29:33
0.444769,-18.347163,2023-01-01T01:29:34
0.444769,-18.347163,2023-01-01T01:29:35
0.333577,-18.347163,2023-01-01T01:29:36
0.333577,-18.347163,2023-01-01T01:29:37
0.333577,-18.235968,2023-01-01T01:29:38
0.333577,-18.235968,2023-01-01T01:29:39
0.333577,-18.235968,2023-01-01T01:29:40
0.222385,-18.235968,2023-01-01T01:29:41
0.222385,-18.235968,2023-01-01T01:29:42
0.222385,-18.235968,2023-01-01T01:29:43
0.222385,-18.235968,2023-01-01T01:29:44
0.222385,-18.235968,2023-01-01T01:29:45
0.222385,-18.235968,2023-01-01T01:29:46
0.222385,-18.235968,2023-01-01T01:29:47
0.111192,-18.235968,2023-01-01T01:29:48
0.111192,-18.235968,2023-01-01T01:29:49
0.111192,-18.235968,2023-01-01T01:29:50
0.111192,-18.235968,2023-01-01T01:29:51
0.111192,-18.235968,2023-01-01T01:29:52
0.111192,-18.347163,2023-01-01T01:29:53
0.111192,-18.347163,2023-01-01T01:29:54
0.000000,-18.347163,2023-01-01T01:29:55
0.000000,-18.347163,2023-01-01T01:29:56
0.000000,-18.347163,2023-01-01T01:29:57
0.000000,-18.347163,2023-01-01T01:29:58
0.000000,-18.347163,2023-01-01T01:29:59
0.000000,-18.347163,2023-01-01T01:30:00
0.000000,-18.347163,2023-01-01T01:30:01
0.000000,-18.347163,2023-01-01T01:30:02
0.000000,-18.347163,2023-01-01T01:30:03
0.000000,-18.347163,2023-01-01T01:30:04
0.000000,-18.347163,2023-01-01T01:30:05
0.000000,-18.347163,2023-01-01T01:30:06
0.000000,-18.458358,2023-01-01T01:30:07
0.000000,-18.458358,2023-01-01T01:30:08
0.111192,-18.458358,2023-01-01T01:30:09
0.111192,-18.458358,2023-01-01T01:30:10
0.111192,-18.458358,2023-01-01T01:30:11
0.111192,-18.458358,2023-01-01T01:30:12
0.111192,-18.458358,2023-01-01T01:30:13
0.111192,-18.458358,2023-01-01T01:30:14
0.111192,-18.458358,2023-01-01T01:30:15
0.111192,-18.458358,2023-01-01T01:30:16
0.111192,-18.458358,2023-01-01T01:30:17
0.111192,-18.458358,2023-01-01T01:30:18
0.111192,-18.458358,2023-01-01T01:30:19
0.111192,-18.458358,2023-01-01T01:30:20
0.111192,-18.458358,2023-01-01T01:30:21
0.111192,-18.458358,2023-01-01T01:30:22
0.111192,-18.458358,2023-01-01T01:30:23
0.111192,-18.458358,2023-01-01T01:30:24
0.111192,-18.458358,2023-01-01T01:30:25
0.111192,-18.458358,2023-01-01T01:30:26
0.111192,-18.458358,2023-01-01T01:30:27
0.111192,-18.458358,2023-01-01T01:30:28
0.111192,-18.458358,2023-01-01T01:30:29
0.111192,-18.458358,2023-01-01T01:30:30
0.111192,-18.458358,2023-01-01T01:30:31
0.111192,-18.458358,2023-01-01T01:30:32
0.111192,-18.458358,2023-01-01T01:30:33
0.111192,-18.458358,2023-01-01T01:30:34
0.111192,-18.458358,2023-01-01T01:30:35
0.111192,-18.458358,2023-01-01T01:30:36
0.111192,-18.458358,2023-01-01T01:30:37
0.111192,-18.458358,2023-01-01T01:30:38
0.111192,-18.458358,2023-01-01T01:30:39
0.111192,-18.458358,2023-01-01T01:30:40
0.111192,-18.458358,2023-01-01T01:30:41
0.111192,-18.458358,2023-01-01T01:30:42
0.111192,-18.458358,2023-01-01T01:30:43
0.111192,-18.458358,2023-01-01T01:30:44
0.111192,-18.458358,2023-01-01T01:30:45
0.111192,-18.458358,2023-01-01T01:30:46
0.111192,-18.458358,2023-01-01T01:30:47
0.111192,-18.458358,2023-01-01T01:30:48
0.111192,-18.458358,2023-01-01T01:30:49
0.111192,-18.458358,2023-01-01T01:30:50
0.111192,-18.458358,2023-01-01T01:30:51
0.111192,-18.458358,2023-01-01T01:30:52
0.111192,-18.458358,2023-01-01T01:30:53
0.111192,-18.458358,2023-01-01T01:30:54
0.111192,-18.458358,2023-01-01T01:30:55
0.111192,-18.458358,2023-01-01T01:30:56
0.111192,-18.458358,2023-01-01T01:30:57
0.111192,-18.458358,2023-01-01T01:30:58
0.111192,-18.458358,2023-01-01T01:30:59
0.111192,-18.458358,2023-01-01T01:31:00
0.111192,-18.458358,2023-01-01T01:31:01
0.111192,-18.458358,2023-01-01T01:31:02
0.111192,-18.458358,2023-01-01T01:31:03
0.111192,-18.458358,2023-01-01T01:31:04
0.111192,-18.458358,2023-01-01T01:31:05
0.111192,-18.458358,2023-01-01T01:31:06
0.111192,-18.458358,2023-01-01T01:31:07
0.111192,-18.458358,2023-01-01T01:31:08
0.111192,-18.347163,2023-01-01T01:31:09
0.111192,-18.347163,2023-01-01T01:31:10
0.111192,-18.347163,2023-01-01T01:31:11
0.111192,-18.347163,2023-01-01T01:31:12
0.000000,-18.347163,2023-01-01T01:31:13
0.000000,-18.347163,2023-01-01T01:31:14
0.000000,-18.347163,2023-01-01T01:31:15
0.000000,-18.347163,2023-01-01T01:31:16
0.000000,-18.458358,2023-01-01T01:31:17
0.000000,-18.458358,2023-01-01T01:31:18
0.000000,-18.458358,2023-01-01T01:31:19
0.000000,-18.458358,2023-01-01T01:31:20
0.000000,-18.458358,2023-01-01T01:31:21
0.000000,-18.458358,2023-01-01T01:31:22
0.000000,-18.458358,2023-01-01T01:31:23
0.000000,-18.458358,2023-01-01T01:31:24
0.000000,-18.458358,2023-01-01T01:31:25
0.000000,-18.458358,2023-01-01T01:31:26
0.000000,-18.458358,2023-01-01T01:31:27
0.000000,-18.458358,2023-01-01T01:31:28
0.000000,-18.458358,2023-01-01T01:31:29
0.000000,-18.458358,2023-01-01T01:31:30
0.000000,-18.458358,2023-01-01T01:31:31
0.000000,-18.458358,2023-01-01T01:31:32
0.000000,-18.458358,2023-01-01T01:31:33
0.000000,-18.458358,2023-01-01T01:31:34
0.000000,-18.458358,2023-01-01T01:31:35
0.000000,-18.458358,2023-01-01T01:31:36
