x,y,timestamp
0.000000,0.000000,2023-01-01T03:20:13
0.000000,0.000000,2023-01-01T03:20:14
0.111192,0.111195,2023-01-01T03:20:15
0.111192,0.111195,2023-01-01T03:20:16
0.111192,0.222390,2023-01-01T03:20:17
0.222385,0.333585,2023-01-01T03:20:18
0.222385,0.333585,2023-01-01T03:20:19
0.333577,0.444780,2023-01-01T03:20:20
0.333577,0.444780,2023-01-01T03:20:21
0.333577,0.555975,2023-01-01T03:20:22
0.333577,0.667170,2023-01-01T03:20:23
0.444769,0.778364,2023-01-01T03:20:24
0.444769,0.778364,2023-01-01T03:20:25
0.444769,0.889559,2023-01-01T03:20:26
0.555961,1.000754,2023-01-01T03:20:27
0.555961,1.111949,2023-01-01T03:20:28
0.555961,1.111949,2023-01-01T03:20:29
0.555961,1.223144,2023-01-01T03:20:30
0.667154,1.334339,2023-01-01T03:20:31
0.667154,1.334339,2023-01-01T03:20:32
0.667154,1.445534,2023-01-01T03:20:33
0.667154,1.556729,2023-01-01T03:20:34
0.667154,1.556729,2023-01-01T03:20:35
0.667154,1.667924,2023-01-01T03:20:36
0.667154,1.667924,2023-01-01T03:20:37
0.667154,1.779119,2023-01-01T03:20:38
0.667154,1.890314,2023-01-01T03:20:39
0.667154,1.890314,2023-01-01T03:20:40
0.667154,2.001509,2023-01-01T03:20:41
0.667154,2.001509,2023-01-01T03:20:42
0.667154,2.112704,2023-01-01T03:20:43
0.667154,2.112704,2023-01-01T03:20:44
0.667154,2.223899,2023-01-01T03:20:45
0.667154,2.223899,2023-01-01T03:20:46
0.667154,2.335093,2023-01-01T03:20:47
0.667154,2.335093,2023-01-01T03:20:48
0.667154,2.446288,2023-01-01T03:20:49
0.667154,2.446288,2023-01-01T03:20:50
0.667154,2.446288,2023-01-01T03:20:51
0.667154,2.557483,2023-01-01T03:20:52
0.667154,2.557483,2023-01-01T03:20:53
0.667154,2.668678,2023-01-01T03:20:54
0.667154,2.668678,2023-01-01T03:20:55
0.555961,2.779873,2023-01-01T03:20:56
0.555961,2.779873,2023-01-01T03:20:57
0.555961,2.779873,2023-01-01T03:20:58
0.555961,2.891068,2023-01-01T03:20:59
0.555961,2.891068,2023-01-01T03:21:00
0.555961,3.002263,2023-01-01T03:21:01
0.555961,3.002263,2023-01-01T03:21:02
0.555961,3.002263,2023-01-01T03:21:03
0.444769,3.002263,2023-01-01T03:21:04
0.444769,3.113458,2023-01-01T03:21:05
0.444769,3.113458,2023-01-01T03:21:06
0.444769,3.113458,2023-01-01T03:21:07
0.444769,3.113458,2023-01-01T03:21:08
0.444769,3.113458,2023-01-01T03:21:09
0.444769,3.113458,2023-01-01T03:21:10
0.444769,3.113458,2023-01-01T03:21:11
0.444769,3.113458,2023-01-01T03:21:12
0.444769,3.113458,2023-01-01T03:21:13
0.444769,3.113458,2023-01-01T03:21:14
0.444769,3.113458,2023-01-01T03:21:15
0.444769,3.113458,2023-01-01T03:21:16
0.444769,3.002263,2023-01-01T03:21:17
0.444769,3.002263,2023-01-01T03:21:18
0.444769,3.002263,2023-01-01T03:21:19
0.444769,3.002263,2023-01-01T03:21:20
0.444769,2.891068,2023-01-01T03:21:21
0.444769,2.891068,2023-01-01T03:21:22
0.444769,2.891068,2023-01-01T03:21:23
0.444769,2.891068,2023-01-01T03:21:24
0.555961,2.891068,2023-01-01T03:21:25
0.555961,2.891068,2023-01-01T03:21:26
0.555961,2.891068,2023-01-01T03:21:27
0.555961,2.891068,2023-01-01T03:21:28
0.555961,2.891068,2023-01-01T03:21:29
0.555961,2.891068,2023-01-01T03:21:30
0.555961,2.891068,2023-01-01T03:21:31
0.667154,2.779873,2023-01-01T03:21:32
0.667154,2.779873,2023-01-01T03:21:33
0.667154,2.779873,2023-01-01T03:21:34
0.667154,2.668678,2023-01-01T03:21:35
0.667154,2.668678,2023-01-01T03:21:36
0.667154,2.668678,2023-01-01T03:21:37
0.667154,2.668678,2023-01-01T03:21:38
0.778346,2.557483,2023-01-01T03:21:39
0.778346,2.557483,2023-01-01T03:21:40
0.778346,2.557483,2023-01-01T03:21:41
0.778346,2.446288,2023-01-01T03:21:42
0.778346,2.446288,2023-01-01T03:21:43
0.778346,2.446288,2023-01-01T03:21:44
0.778346,2.335093,2023-01-01T03:21:45
0.778346,2.335093,2023-01-01T03:21:46
0.778346,2.335093,2023-01-01T03:21:47
0.778346,2.223899,2023-01-01T03:21:48
0.778346,2.223899,2023-01-01T03:21:49
0.889538,2.223899,2023-01-01T03:21:50
0.889538,2.112704,2023-01-01T03:21:51
0.889538,2.223899,2023-01-01T03:21:52
0.889538,2.223899,2023-01-01T03:21:53
0.889538,2.335093,2023-01-01T03:21:54
0.778346,2.335093,2023-01-01T03:21:55
0.778346,2.335093,2023-01-01T03:21:56
0.778346,2.335093,2023-01-01T03:21:57
0.778346,2.446288,2023-01-01T03:21:58
0.778346,2.446288,2023-01-01T03:21:59
0.778346,2.446288,2023-01-01T03:22:00
0.778346,2.446288,2023-01-01T03:22:01
0.778346,2.557483,2023-01-01T03:22:02
0.778346,2.557483,2023-01-01T03:22:03
0.778346,2.557483,2023-01-01T03:22:04
0.778346,2.557483,2023-01-01T03:22:05
0.778346,2.557483,2023-01-01T03:22:06
0.778346,2.557483,2023-01-01T03:22:07
0.778346,2.557483,2023-01-01T03:22:08
0.778346,2.557483,2023-01-01T03:22:09
0.778346,2.557483,2023-01-01T03:22:10
0.778346,2.557483,2023-01-01T03:22:11
0.778346,2.557483,2023-01-01T03:22:12
0.778346,2.557483,2023-01-01T03:22:13
0.778346,2.446288,2023-01-01T03:22:14
0.778346,2.446288,2023-01-01T03:22:15
0.778346,2.446288,2023-01-01T03:22:16
0.778346,2.446288,2023-01-01T03:22:17
0.778346,2.335093,2023-01-01T03:22:18
0.778346,2.335093,2023-01-01T03:22:19
0.778346,2.335093,2023-01-01T03:22:20
0.778346,2.223899,2023-01-01T03:22:21
0.778346,2.335093,2023-01-01T03:22:22
0.778346,2.335093,2023-01-01T03:22:23
0.778346,2.335093,2023-01-01T03:22:24
0.778346,2.335093,2023-01-01T03:22:25
0.778346,2.335093,2023-01-01T03:22:26
0.778346,2.335093,2023-01-01T03:22:27
0.778346,2.335093,2023-01-01T03:22:28
0.778346,2.335093,2023-01-01T03:22:29
0.778346,2.335093,2023-01-01T03:22:30
0.778346,2.335093,2023-01-01T03:22:31
0.778346,2.335093,2023-01-01T03:22:32
0.778346,2.335093,2023-01-01T03:22:33
0.778346,2.335093,2023-01-01T03:22:34
0.778346,2.335093,2023-01-01T03:22:35
0.778346,2.335093,2023-01-01T03:22:36
0.889538,2.335093,2023-01-01T03:22:37
0.889538,2.335093,2023-01-01T03:22:38
0.889538,2.335093,2023-01-01T03:22:39
0.889538,2.223899,2023-01-01T03:22:40
0.889538,2.223899,2023-01-01T03:22:41
0.889538,2.223899,2023-01-01T03:22:42
0.889538,2.223899,2023-01-01T03:22:43
0.889538,2.112704,2023-01-01T03:22:44
0.889538,2.112704,2023-01-01T03:22:45
0.889538,2.001509,2023-01-01T03:22:46
0.889538,2.001509,2023-01-01T03:22:47
0.889538,2.001509,2023-01-01T03:22:48
1.000731,1.890314,2023-01-01T03:22:49
1.000731,1.890314,2023-01-01T03:22:50
1.000731,1.779119,2023-01-01T03:22:51
1.000731,1.890314,2023-01-01T03:22:52
1.000731,1.890314,2023-01-01T03:22:53
1.000731,1.890314,2023-01-01T03:22:54
1.000731,1.890314,2023-01-01T03:22:55
1.000731,2.001509,2023-01-01T03:22:56
1.000731,2.001509,2023-01-01T03:22:57
1.000731,2.001509,2023-01-01T03:22:58
1.000731,2.001509,2023-01-01T03:22:59
0.889538,2.112704,2023-01-01T03:23:00
0.889538,2.112704,2023-01-01T03:23:01
0.889538,2.112704,2023-01-01T03:23:02
0.889538,2.112704,2023-01-01T03:23:03
0.889538,2.112704,2023-01-01T03:23:04
0.889538,2.223899,2023-01-01T03:23:05
0.889538,2.223899,2023-01-01T03:23:06
0.889538,2.223899,2023-01-01T03:23:07
0.889538,2.223899,2023-01-01T03:23:08
0.889538,2.335093,2023-01-01T03:23:09
0.889538,2.335093,2023-01-01T03:23:10
0.889538,2.335093,2023-01-01T03:23:11
0.889538,2.335093,2023-01-01T03:23:12
0.778346,2.335093,2023-01-01T03:23:13
0.778346,2.335093,2023-01-01T03:23:14
0.778346,2.446288,2023-01-01T03:23:15
0.778346,2.446288,2023-01-01T03:23:16
0.778346,2.446288,2023-01-01T03:23:17
0.778346,2.446288,2023-01-01T03:23:18
0.778346,2.446288,2023-01-01T03:23:19
0.778346,2.446288,2023-01-01T03:23:20
0.778346,2.557483,2023-01-01T03:23:21
0.778346,2.557483,2023-01-01T03:23:22
0.778346,2.668678,2023-01-01T03:23:23
0.778346,2.779873,2023-01-01T03:23:24
0.778346,2.891068,2023-01-01T03:23:25
0.667154,3.002263,2023-01-01T03:23:26
0.667154,3.113458,2023-01-01T03:23:27
0.667154,3.224653,2023-01-01T03:23:28
0.667154,3.335848,2023-01-01T03:23:29
0.667154,3.447043,2023-01-01T03:23:30
0.667154,3.447043,2023-01-01T03:23:31
0.667154,3.558238,2023-01-01T03:23:32
0.667154,3.669433,2023-01-01T03:23:33
0.667154,3.780628,2023-01-01T03:23:34
0.667154,3.891822,2023-01-01T03:23:35
0.555961,3.891822,2023-01-01T03:23:36
0.555961,4.003017,2023-01-01T03:23:37
0.555961,4.114212,2023-01-01T03:23:38
0.555961,4.225407,2023-01-01T03:23:39
0.555961,4.225407,2023-01-01T03:23:40
0.555961,4.336602,2023-01-01T03:23:41
0.555961,4.447797,2023-01-01T03:23:42
0.555961,4.447797,2023-01-01T03:23:43
0.555961,4.558992,2023-01-01T03:23:44
0.555961,4.558992,2023-01-01T03:23:45
0.555961,4.670187,2023-01-01T03:23:46
0.555961,4.781382,2023-01-01T03:23:47
0.555961,4.781382,2023-01-01T03:23:48
0.555961,4.892577,2023-01-01T03:23:49
0.555961,4.892577,2023-01-01T03:23:50
0.555961,5.003772,2023-01-01T03:23:51
0.555961,5.003772,2023-01-01T03:23:52
0.555961,5.003772,2023-01-01T03:23:53
0.555961,5.003772,2023-01-01T03:23:54
0.555961,5.003772,2023-01-01T03:23:55
0.555961,5.003772,2023-01-01T03:23:56
0.555961,5.003772,2023-01-01T03:23:57
0.555961,5.003772,2023-01-01T03:23:58
0.555961,5.003772,2023-01-01T03:23:59
0.555961,5.003772,2023-01-01T03:24:00
0.555961,4.892577,2023-01-01T03:24:01
0.555961,4.892577,2023-01-01T03:24:02
0.555961,4.892577,2023-01-01T03:24:03
0.555961,4.892577,2023-01-01T03:24:04
0.555961,4.892577,2023-01-01T03:24:05
0.555961,4.892577,2023-01-01T03:24:06
0.667154,4.892577,2023-01-01T03:24:07
0.667154,4.892577,2023-01-01T03:24:08
0.667154,4.892577,2023-01-01T03:24:09
0.667154,4.892577,2023-01-01T03:24:10
0.667154,4.892577,2023-01-01T03:24:11
0.667154,4.892577,2023-01-01T03:24:12
0.667154,4.892577,2023-01-01T03:24:13
0.667154,4.892577,2023-01-01T03:24:14
0.667154,4.892577,2023-01-01T03:24:15
0.667154,4.892577,2023-01-01T03:24:16
0.667154,4.892577,2023-01-01T03:24:17
0.667154,4.892577,2023-01-01T03:24:18
0.667154,4.892577,2023-01-01T03:24:19
0.667154,4.892577,2023-01-01T03:24:20
0.667154,4.892577,2023-01-01T03:24:21
0.667154,4.781382,2023-01-01T03:24:22
0.667154,4.781382,2023-01-01T03:24:23
0.667154,4.781382,2023-01-01T03:24:24
0.667154,4.781382,2023-01-01T03:24:25
0.667154,4.781382,2023-01-01T03:24:26
0.667154,4.670187,2023-01-01T03:24:27
0.667154,4.670187,2023-01-01T03:24:28
0.667154,4.670187,2023-01-01T03:24:29
0.667154,4.670187,2023-01-01T03:24:30
0.667154,4.670187,2023-01-01T03:24:31
0.667154,4.670187,2023-01-01T03:24:32
0.667154,4.558992,2023-01-01T03:24:33
0.667154,4.558992,2023-01-01T03:24:34
0.667154,4.558992,2023-01-01T03:24:35
0.667154,4.558992,2023-01-01T03:24:36
0.667154,4.558992,2023-01-01T03:24:37
0.667154,4.558992,2023-01-01T03:24:38
0.667154,4.447797,2023-01-01T03:24:39
0.667154,4.447797,2023-01-01T03:24:40
0.667154,4.447797,2023-01-01T03:24:41
0.667154,4.447797,2023-01-01T03:24:42
0.667154,4.447797,2023-01-01T03:24:43
0.667154,4.447797,2023-01-01T03:24:44
0.667154,4.336602,2023-01-01T03:24:45
0.667154,4.336602,2023-01-01T03:24:46
0.667154,4.336602,2023-01-01T03:24:47
0.667154,4.336602,2023-01-01T03:24:48
0.667154,4.336602,2023-01-01T03:24:49
0.667154,4.336602,2023-01-01T03:24:50
0.667154,4.336602,2023-01-01T03:24:51
0.667154,4.336602,2023-01-01T03:24:52
0.667154,4.336602,2023-01-01T03:24:53
0.667154,4.336602,2023-01-01T03:24:54
0.667154,4.336602,2023-01-01T03:24:55
0.667154,4.336602,2023-01-01T03:24:56
0.667154,4.336602,2023-01-01T03:24:57
0.667154,4.336602,2023-01-01T03:24:58
0.667154,4.336602,2023-01-01T03:24:59
0.667154,4.336602,2023-01-01T03:25:00
0.667154,4.336602,2023-01-01T03:25:01
0.667154,4.336602,2023-01-01T03:25:02
0.667154,4.336602,2023-01-01T03:25:03
0.667154,4.336602,2023-01-01T03:25:04
0.667154,4.336602,2023-01-01T03:25:05
0.667154,4.336602,2023-01-01T03:25:06
0.667154,4.336602,2023-01-01T03:25:07
0.667154,4.336602,2023-01-01T03:25:08
0.667154,4.336602,2023-01-01T03:25:09
0.667154,4.336602,2023-01-01T03:25:10
0.667154,4.336602,2023-01-01T03:25:11
0.667154,4.336602,2023-01-01T03:25:12
0.667154,4.336602,2023-01-01T03:25:13
0.667154,4.336602,2023-01-01T03:25:14
0.667154,4.336602,2023-01-01T03:25:15
0.667154,4.336602,2023-01-01T03:25:16
0.667154,4.336602,2023-01-01T03:25:17
0.667154,4.336602,2023-01-01T03:25:18
0.667154,4.336602,2023-01-01T03:25:19
0.667154,4.336602,2023-01-01T03:25:20
0.667154,4.336602,2023-01-01T03:25:21
0.667154,4.336602,2023-01-01T03:25:22
0.667154,4.336602,2023-01-01T03:25:23
0.667154,4.336602,2023-01-01T03:25:24
0.667154,4.336602,2023-01-01T03:25:25
0.667154,4.336602,2023-01-01T03:25:26
0.667154,4.336602,2023-01-01T03:25:27
0.667154,4.336602,2023-01-01T03:25:28
0.667154,4.225407,2023-01-01T03:25:29
0.667154,4.225407,2023-01-01T03:25:30
0.667154,4.225407,2023-01-01T03:25:31
0.667154,4.225407,2023-01-01T03:25:32
0.667154,4.225407,2023-01-01T03:25:33
0.667154,4.225407,2023-01-01T03:25:34
0.667154,4.225407,2023-01-01T03:25:35
0.667154,4.225407,2023-01-01T03:25:36
0.667154,4.225407,2023-01-01T03:25:37
0.667154,4.225407,2023-01-01T03:25:38
0.667154,4.225407,2023-01-01T03:25:39
0.667154,4.225407,2023-01-01T03:25:40
0.667154,4.225407,2023-01-01T03:25:41
0.667154,4.225407,2023-01-01T03:25:42
0.667154,4.225407,2023-01-01T03:25:43
0.667154,4.225407,2023-01-01T03:25:44
0.667154,4.225407,2023-01-01T03:25:45
0.667154,4.225407,2023-01-01T03:25:46
0.667154,4.225407,2023-01-01T03:25:47
0.667154,4.225407,2023-01-01T03:25:48
0.667154,4.225407,2023-01-01T03:25:49
0.555961,4.225407,2023-01-01T03:25:50
0.667154,4.225407,2023-01-01T03:25:51
0.667154,4.114212,2023-01-01T03:25:52
0.667154,4.114212,2023-01-01T03:25:53
0.667154,4.114212,2023-01-01T03:25:54
0.667154,4.114212,2023-01-01T03:25:55
0.667154,4.114212,2023-01-01T03:25:56
0.667154,4.114212,2023-01-01T03:25:57
0.667154,4.114212,2023-01-01T03:25:58
0.667154,4.114212,2023-01-01T03:25:59
0.667154,4.003017,2023-01-01T03:26:00
0.667154,4.003017,2023-01-01T03:26:01
0.667154,4.003017,2023-01-01T03:26:02
0.667154,4.003017,2023-01-01T03:26:03
0.667154,4.003017,2023-01-01T03:26:04
0.667154,4.003017,2023-01-01T03:26:05
0.667154,4.003017,2023-01-01T03:26:06
0.667154,4.003017,2023-01-01T03:26:07
0.667154,4.003017,2023-01-01T03:26:08
0.778346,4.003017,2023-01-01T03:26:09
0.778346,4.003017,2023-01-01T03:26:10
0.778346,4.003017,2023-01-01T03:26:11
0.778346,4.003017,2023-01-01T03:26:12
0.778346,4.003017,2023-01-01T03:26:13
0.778346,4.003017,2023-01-01T03:26:14
0.778346,4.003017,2023-01-01T03:26:15
0.778346,4.003017,2023-01-01T03:26:16
0.778346,4.003017,2023-01-01T03:26:17
0.778346,3.891822,2023-01-01T03:26:18
0.778346,3.891822,2023-01-01T03:26:19
0.778346,3.891822,2023-01-01T03:26:20
0.778346,3.891822,2023-01-01T03:26:21
0.778346,3.891822,2023-01-01T03:26:22
0.778346,3.891822,2023-01-01T03:26:23
0.778346,3.891822,2023-01-01T03:26:24
0.778346,3.891822,2023-01-01T03:26:25
0.778346,3.891822,2023-01-01T03:26:26
0.778346,3.891822,2023-01-01T03:26:27
0.778346,3.891822,2023-01-01T03:26:28
0.778346,3.891822,2023-01-01T03:26:29
0.778346,3.891822,2023-01-01T03:26:30
0.778346,3.891822,2023-01-01T03:26:31
0.778346,3.891822,2023-01-01T03:26:32
0.778346,3.891822,2023-01-01T03:26:33
0.778346,3.891822,2023-01-01T03:26:34
0.778346,3.891822,2023-01-01T03:26:35
0.778346,3.891822,2023-01-01T03:26:36
0.778346,3.891822,2023-01-01T03:26:37
0.778346,3.891822,2023-01-01T03:26:38
0.778346,3.891822,2023-01-01T03:26:39
0.889538,3.891822,2023-01-01T03:26:40
0.889538,3.891822,2023-01-01T03:26:41
0.889538,3.891822,2023-01-01T03:26:42
0.889538,3.891822,2023-01-01T03:26:43
0.889538,3.891822,2023-01-01T03:26:44
0.889538,3.891822,2023-01-01T03:26:45
0.889538,3.891822,2023-01-01T03:26:46
0.889538,3.891822,2023-01-01T03:26:47
0.889538,3.891822,2023-01-01T03:26:48
0.889538,3.891822,2023-01-01T03:26:49
0.889538,3.891822,2023-01-01T03:26:50
0.889538,3.891822,2023-01-01T03:26:51
0.889538,3.891822,2023-01-01T03:26:52
0.889538,3.891822,2023-01-01T03:26:53
0.889538,3.891822,2023-01-01T03:26:54
0.889538,3.891822,2023-01-01T03:26:55
0.889538,3.891822,2023-01-01T03:26:56
0.889538,3.891822,2023-01-01T03:26:57
0.889538,3.891822,2023-01-01T03:26:58
0.889538,3.891822,2023-01-01T03:26:59
0.889538,3.891822,2023-01-01T03:27:00
0.889538,3.891822,2023-01-01T03:27:01
0.889538,3.891822,2023-01-01T03:27:02
0.889538,3.780628,2023-01-01T03:27:03
0.889538,3.780628,2023-01-01T03:27:04
0.889538,3.780628,2023-01-01T03:27:05
0.889538,3.780628,2023-01-01T03:27:06
0.889538,3.780628,2023-01-01T03:27:07
0.889538,3.780628,2023-01-01T03:27:08
1.000731,3.669433,2023-01-01T03:27:09
1.000731,3.669433,2023-01-01T03:27:10
1.000731,3.669433,2023-01-01T03:27:11
1.000731,3.669433,2023-01-01T03:27:12
1.000731,3.558238,2023-01-01T03:27:13
1.000731,3.558238,2023-01-01T03:27:14
1.111923,3.558238,2023-01-01T03:27:15
1.111923,3.558238,2023-01-01T03:27:16
1.111923,3.447043,2023-01-01T03:27:17
1.111923,3.447043,2023-01-01T03:27:18
1.111923,3.447043,2023-01-01T03:27:19
1.111923,3.335848,2023-01-01T03:27:20
1.111923,3.335848,2023-01-01T03:27:21
1.111923,3.335848,2023-01-01T03:27:22
1.111923,3.335848,2023-01-01T03:27:23
1.111923,3.335848,2023-01-01T03:27:24
1.223115,3.335848,2023-01-01T03:27:25
1.223115,3.335848,2023-01-01T03:27:26
1.223115,3.335848,2023-01-01T03:27:27
1.223115,3.335848,2023-01-01T03:27:28
1.223115,3.335848,2023-01-01T03:27:29
1.223115,3.335848,2023-01-01T03:27:30
1.223115,3.335848,2023-01-01T03:27:31
1.223115,3.335848,2023-01-01T03:27:32
1.223115,3.335848,2023-01-01T03:27:33
1.223115,3.335848,2023-01-01T03:27:34
1.223115,3.335848,2023-01-01T03:27:35
1.223115,3.335848,2023-01-01T03:27:36
1.223115,3.335848,2023-01-01T03:27:37
1.223115,3.335848,2023-01-01T03:27:38
1.223115,3.335848,2023-01-01T03:27:39
1.223115,3.335848,2023-01-01T03:27:40
1.223115,3.447043,2023-01-01T03:27:41
1.223115,3.447043,2023-01-01T03:27:42
1.223115,3.447043,2023-01-01T03:27:43
1.223115,3.447043,2023-01-01T03:27:44
1.223115,3.447043,2023-01-01T03:27:45
1.223115,3.447043,2023-01-01T03:27:46
1.223115,3.447043,2023-01-01T03:27:47
1.223115,3.447043,2023-01-01T03:27:48
1.223115,3.447043,2023-01-01T03:27:49
1.223115,3.447043,2023-01-01T03:27:50
1.223115,3.558238,2023-01-01T03:27:51
1.223115,3.558238,2023-01-01T03:27:52
1.111923,3.558238,2023-01-01T03:27:53
1.111923,3.669433,2023-01-01T03:27:54
1.111923,3.669433,2023-01-01T03:27:55
1.111923,3.780628,2023-01-01T03:27:56
1.111923,3.780628,2023-01-01T03:27:57
1.000731,3.891822,2023-01-01T03:27:58
1.000731,3.891822,2023-01-01T03:27:59
1.000731,3.891822,2023-01-01T03:28:00
1.000731,4.003017,2023-01-01T03:28:01
0.889538,4.003017,2023-01-01T03:28:02
0.889538,4.114212,2023-01-01T03:28:03
0.889538,4.114212,2023-01-01T03:28:04
0.889538,4.114212,2023-01-01T03:28:05
0.889538,4.225407,2023-01-01T03:28:06
0.778346,4.225407,2023-01-01T03:28:07
0.778346,4.225407,2023-01-01T03:28:08
0.778346,4.336602,2023-01-01T03:28:09
0.778346,4.336602,2023-01-01T03:28:10
0.778346,4.336602,2023-01-01T03:28:11
0.778346,4.447797,2023-01-01T03:28:12
0.667154,4.447797,2023-01-01T03:28:13
0.667154,4.447797,2023-01-01T03:28:14
0.667154,4.447797,2023-01-01T03:28:15
0.667154,4.558992,2023-01-01T03:28:16
0.667154,4.558992,2023-01-01T03:28:17
0.667154,4.558992,2023-01-01T03:28:18
0.555961,4.670187,2023-01-01T03:28:19
0.555961,4.670187,2023-01-01T03:28:20
0.555961,4.670187,2023-01-01T03:28:21
0.555961,4.670187,2023-01-01T03:28:22
0.555961,4.670187,2023-01-01T03:28:23
0.555961,4.670187,2023-01-01T03:28:24
0.555961,4.558992,2023-01-01T03:28:25
0.555961,4.558992,2023-01-01T03:28:26
0.555961,4.558992,2023-01-01T03:28:27
0.555961,4.558992,2023-01-01T03:28:28
0.555961,4.558992,2023-01-01T03:28:29
0.555961,4.558992,2023-01-01T03:28:30
0.555961,4.447797,2023-01-01T03:28:31
0.555961,4.447797,2023-01-01T03:28:32
0.555961,4.447797,2023-01-01T03:28:33
0.555961,4.447797,2023-01-01T03:28:34
0.555961,4.447797,2023-01-01T03:28:35
0.555961,4.447797,2023-01-01T03:28:36
0.555961,4.336602,2023-01-01T03:28:37
0.555961,4.336602,2023-01-01T03:28:38
0.555961,4.336602,2023-01-01T03:28:39
0.555961,4.336602,2023-01-01T03:28:40
0.555961,4.336602,2023-01-01T03:28:41
0.555961,4.336602,2023-01-01T03:28:42
0.555961,4.336602,2023-01-01T03:28:43
0.555961,4.336602,2023-01-01T03:28:44
0.555961,4.225407,2023-01-01T03:28:45
0.555961,4.225407,2023-01-01T03:28:46
0.555961,4.225407,2023-01-01T03:28:47
0.555961,4.225407,2023-01-01T03:28:48
0.555961,4.225407,2023-01-01T03:28:49
0.555961,4.225407,2023-01-01T03:28:50
0.444769,4.225407,2023-01-01T03:28:51
0.444769,4.225407,2023-01-01T03:28:52
0.444769,4.225407,2023-01-01T03:28:53
0.444769,4.114212,2023-01-01T03:28:54
0.444769,4.114212,2023-01-01T03:28:55
0.444769,4.114212,2023-01-01T03:28:56
0.444769,4.114212,2023-01-01T03:28:57
0.444769,4.114212,2023-01-01T03:28:58
0.444769,4.114212,2023-01-01T03:28:59
0.444769,4.114212,2023-01-01T03:29:00
0.444769,4.114212,2023-01-01T03:29:01
0.444769,4.003017,2023-01-01T03:29:02
0.444769,4.003017,2023-01-01T03:29:03
0.444769,4.003017,2023-01-01T03:29:04
0.444769,4.003017,2023-01-01T03:29:05
0.444769,4.003017,2023-01-01T03:29:06
0.444769,4.003017,2023-01-01T03:29:07
0.444769,4.003017,2023-01-01T03:29:08
0.444769,4.003017,2023-01-01T03:29:09
0.444769,4.003017,2023-01-01T03:29:10
0.444769,4.003017,2023-01-01T03:29:11
0.444769,4.003017,2023-01-01T03:29:12
0.444769,3.891822,2023-01-01T03:29:13
0.444769,3.891822,2023-01-01T03:29:14
0.444769,3.891822,2023-01-01T03:29:15
0.444769,3.891822,2023-01-01T03:29:16
0.444769,3.891822,2023-01-01T03:29:17
0.444769,3.891822,2023-01-01T03:29:18
0.444769,3.891822,2023-01-01T03:29:19
0.555961,3.891822,2023-01-01T03:29:20
0.555961,3.891822,2023-01-01T03:29:21
0.555961,3.891822,2023-01-01T03:29:22
0.555961,3.780628,2023-01-01T03:29:23
0.555961,3.780628,2023-01-01T03:29:24
0.555961,3.780628,2023-01-01T03:29:25
0.555961,3.780628,2023-01-01T03:29:26
0.555961,3.780628,2023-01-01T03:29:27
0.555961,3.780628,2023-01-01T03:29:28
0.555961,3.780628,2023-01-01T03:29:29
0.555961,3.780628,2023-01-01T03:29:30
0.555961,3.780628,2023-01-01T03:29:31
0.555961,3.780628,2023-01-01T03:29:32
0.555961,3.780628,2023-01-01T03:29:33
0.555961,3.669433,2023-01-01T03:29:34
0.555961,3.669433,2023-01-01T03:29:35
0.555961,3.669433,2023-01-01T03:29:36
0.555961,3.669433,2023-01-01T03:29:37
0.555961,3.669433,2023-01-01T03:29:38
0.555961,3.669433,2023-01-01T03:29:39
0.555961,3.669433,2023-01-01T03:29:40
0.555961,3.669433,2023-01-01T03:29:41
0.555961,3.669433,2023-01-01T03:29:42
0.555961,3.669433,2023-01-01T03:29:43
0.555961,3.669433,2023-01-01T03:29:44
0.555961,3.669433,2023-01-01T03:29:45
0.555961,3.669433,2023-01-01T03:29:46
0.444769,3.669433,2023-01-01T03:29:47
0.444769,3.558238,2023-01-01T03:29:48
0.444769,3.558238,2023-01-01T03:29:49
0.444769,3.558238,2023-01-01T03:29:50
0.555961,3.558238,2023-01-01T03:29:51
0.555961,3.558238,2023-01-01T03:29:52
0.555961,3.558238,2023-01-01T03:29:53
0.555961,3.558238,2023-01-01T03:29:54
0.555961,3.558238,2023-01-01T03:29:55
0.555961,3.447043,2023-01-01T03:29:56
0.555961,3.447043,2023-01-01T03:29:57
0.555961,3.447043,2023-01-01T03:29:58
0.555961,3.447043,2023-01-01T03:29:59
0.555961,3.447043,2023-01-01T03:30:00
0.555961,3.447043,2023-01-01T03:30:01
0.555961,3.447043,2023-01-01T03:30:02
0.555961,3.447043,2023-01-01T03:30:03
0.555961,3.447043,2023-01-01T03:30:04
0.555961,3.447043,2023-01-01T03:30:05
0.555961,3.447043,2023-01-01T03:30:06
0.555961,3.447043,2023-01-01T03:30:07
0.555961,3.447043,2023-01-01T03:30:08
0.555961,3.447043,2023-01-01T03:30:09
0.555961,3.447043,2023-01-01T03:30:10
0.555961,3.447043,2023-01-01T03:30:11
0.555961,3.447043,2023-01-01T03:30:12
0.555961,3.447043,2023-01-01T03:30:13
0.555961,3.447043,2023-01-01T03:30:14
0.555961,3.447043,2023-01-01T03:30:15
0.555961,3.447043,2023-01-01T03:30:16
0.555961,3.447043,2023-01-01T03:30:17
0.444769,3.447043,2023-01-01T03:30:18
0.444769,3.447043,2023-01-01T03:30:19
0.444769,3.447043,2023-01-01T03:30:20
0.444769,3.447043,2023-01-01T03:30:21
0.444769,3.447043,2023-01-01T03:30:22
0.444769,3.447043,2023-01-01T03:30:23
0.444769,3.558238,2023-01-01T03:30:24
0.444769,3.558238,2023-01-01T03:30:25
0.444769,3.558238,2023-01-01T03:30:26
0.444769,3.558238,2023-01-01T03:30:27
0.333577,3.558238,2023-01-01T03:30:28
0.333577,3.558238,2023-01-01T03:30:29
0.333577,3.558238,2023-01-01T03:30:30
0.333577,3.558238,2023-01-01T03:30:31
0.333577,3.558238,2023-01-01T03:30:32
0.333577,3.558238,2023-01-01T03:30:33
0.333577,3.558238,2023-01-01T03:30:34
0.222385,3.558238,2023-01-01T03:30:35
0.222385,3.669433,2023-01-01T03:30:36
0.222385,3.669433,2023-01-01T03:30:37
0.222385,3.669433,2023-01-01T03:30:38
0.222385,3.669433,2023-01-01T03:30:39
0.222385,3.669433,2023-01-01T03:30:40
0.222385,3.669433,2023-01-01T03:30:41
0.222385,3.669433,2023-01-01T03:30:42
0.222385,3.669433,2023-01-01T03:30:43
0.222385,3.669433,2023-01-01T03:30:44
0.111192,3.669433,2023-01-01T03:30:45
0.111192,3.669433,2023-01-01T03:30:46
0.111192,3.669433,2023-01-01T03:30:47
0.111192,3.669433,2023-01-01T03:30:48
0.111192,3.669433,2023-01-01T03:30:49
0.111192,3.669433,2023-01-01T03:30:50
0.111192,3.669433,2023-01-01T03:30:51
0.111192,3.669433,2023-01-01T03:30:52
0.111192,3.669433,2023-01-01T03:30:53
0.111192,3.780628,2023-01-01T03:30:54
0.111192,3.780628,2023-01-01T03:30:55
0.111192,3.780628,2023-01-01T03:30:56
0.111192,3.780628,2023-01-01T03:30:57
0.111192,3.780628,2023-01-01T03:30:58
0.111192,3.780628,2023-01-01T03:30:59
0.111192,3.780628,2023-01-01T03:31:00
0.111192,3.780628,2023-01-01T03:31:01
0.111192,3.780628,2023-01-01T03:31:02
0.111192,3.780628,2023-01-01T03:31:03
0.111192,3.780628,2023-01-01T03:31:04
0.111192,3.780628,2023-01-01T03:31:05
0.111192,3.780628,2023-01-01T03:31:06
0.111192,3.780628,2023-01-01T03:31:07
0.111192,3.891822,2023-01-01T03:31:08
0.000000,3.891822,2023-01-01T03:31:09
0.000000,3.891822,2023-01-01T03:31:10
0.000000,3.891822,2023-01-01T03:31:11
0.000000,3.891822,2023-01-01T03:31:12
0.000000,3.891822,2023-01-01T03:31:13
0.000000,3.891822,2023-01-01T03:31:14
0.000000,3.891822,2023-01-01T03:31:15
0.000000,3.891822,2023-01-01T03:31:16
0.000000,3.891822,2023-01-01T03:31:17
0.000000,3.891822,2023-01-01T03:31:18
0.000000,3.891822,2023-01-01T03:31:19
0.000000,3.891822,2023-01-01T03:31:20
0.000000,3.891822,2023-01-01T03:31:21
0.000000,3.891822,2023-01-01T03:31:22
0.000000,3.891822,2023-01-01T03:31:23
0.000000,3.891822,2023-01-01T03:31:24
0.000000,3.891822,2023-01-01T03:31:25
0.000000,3.891822,2023-01-01T03:31:26
0.000000,3.891822,2023-01-01T03:31:27
0.000000,3.891822,2023-01-01T03:31:28
0.000000,3.891822,2023-01-01T03:31:29
0.000000,3.891822,2023-01-01T03:31:30
0.000000,3.891822,2023-01-01T03:31:31
0.000000,3.891822,2023-01-01T03:31:32
0.000000,3.891822,2023-01-01T03:31:33
0.000000,3.891822,2023-01-01T03:31:34
0.000000,3.891822,2023-01-01T03:31:35
0.000000,3.891822,2023-01-01T03:31:36
0.000000,3.891822,2023-01-01T03:31:37
0.000000,3.891822,2023-01-01T03:31:38
0.000000,3.891822,2023-01-01T03:31:39
0.000000,3.891822,2023-01-01T03:31:40
0.000000,3.891822,2023-01-01T03:31:41
0.000000,3.891822,2023-01-01T03:31:42
0.000000,3.891822,2023-01-01T03:31:43
0.000000,3.891822,2023-01-01T03:31:44
0.000000,3.891822,2023-01-01T03:31:45
0.000000,3.891822,2023-01-01T03:31:46
0.000000,3.891822,2023-01-01T03:31:47
0.000000,3.891822,2023-01-01T03:31:48
0.000000,3.891822,2023-01-01T03:31:49
0.000000,3.891822,2023-01-01T03:31:50
0.000000,3.891822,2023-01-01T03:31:51
0.000000,3.891822,2023-01-01T03:31:52
0.000000,3.891822,2023-01-01T03:31:53
0.000000,3.891822,2023-01-01T03:31:54
0.000000,3.891822,2023-01-01T03:31:55
0.000000,3.891822,2023-01-01T03:31:56
0.000000,3.891822,2023-01-01T03:31:57
0.000000,3.891822,2023-01-01T03:31:58
0.000000,3.891822,2023-01-01T03:31:59
0.000000,3.891822,2023-01-01T03:32:00
0.000000,3.891822,2023-01-01T03:32:01
0.000000,3.891822,2023-01-01T03:32:02
0.000000,3.891822,2023-01-01T03:32:03
0.000000,3.891822,2023-01-01T03:32:04
0.000000,3.891822,2023-01-01T03:32:05
0.000000,3.891822,2023-01-01T03:32:06
0.000000,3.891822,2023-01-01T03:32:07
0.000000,3.891822,2023-01-01T03:32:08
0.000000,3.891822,2023-01-01T03:32:09
0.000000,3.891822,2023-01-01T03:32:10
0.111192,3.891822,2023-01-01T03:32:11
0.111192,3.891822,2023-01-01T03:32:12
0.111192,4.003017,2023-01-01T03:32:13
0.111192,4.003017,2023-01-01T03:32:14
0.111192,4.003017,2023-01-01T03:32:15
0.111192,4.003017,2023-01-01T03:32:16
0.111192,4.003017,2023-01-01T03:32:17
0.111192,4.003017,2023-01-01T03:32:18
0.111192,4.003017,2023-01-01T03:32:19
0.111192,4.003017,2023-01-01T03:32:20
0.111192,4.003017,2023-01-01T03:32:21
0.111192,4.003017,2023-01-01T03:32:22
0.000000,4.003017,2023-01-01T03:32:23
0.000000,4.003017,2023-01-01T03:32:24
0.000000,4.003017,2023-01-01T03:32:25
0.000000,4.003017,2023-01-01T03:32:26
0.000000,4.003017,2023-01-01T03:32:27
0.000000,4.003017,2023-01-01T03:32:28
0.000000,4.003017,2023-01-01T03:32:29
0.000000,4.003017,2023-01-01T03:32:30
0.000000,4.003017,2023-01-01T03:32:31
0.000000,4.003017,2023-01-01T03:32:32
0.000000,4.003017,2023-01-01T03:32:33
0.000000,4.003017,2023-01-01T03:32:34
0.000000,4.003017,2023-01-01T03:32:35
0.000000,4.003017,2023-01-01T03:32:36
0.000000,4.003017,2023-01-01T03:32:37
0.000000,4.003017,2023-01-01T03:32:38
0.000000,4.003017,2023-01-01T03:32:39
0.000000,4.003017,2023-01-01T03:32:40
0.000000,4.003017,2023-01-01T03:32:41
0.000000,4.003017,2023-01-01T03:32:42
-0.111192,4.003017,2023-01-01T03:32:43
-0.111192,4.003017,2023-01-01T03:32:44
-0.111192,4.003017,2023-01-01T03:32:45
-0.111192,4.003017,2023-01-01T03:32:46
-0.111192,4.003017,2023-01-01T03:32:47
-0.111192,4.003017,2023-01-01T03:32:48
-0.111192,4.003017,2023-01-01T03:32:49
-0.111192,4.003017,2023-01-01T03:32:50
-0.111192,4.003017,2023-01-01T03:32:51
-0.222385,4.003017,2023-01-01T03:32:52
-0.222385,4.114212,2023-01-01T03:32:53
-0.222385,4.114212,2023-01-01T03:32:54
-0.222385,4.003017,2023-01-01T03:32:55
-0.222385,4.003017,2023-01-01T03:32:56
-0.222385,4.003017,2023-01-01T03:32:57
-0.222385,4.003017,2023-01-01T03:32:58
-0.222385,4.003017,2023-01-01T03:32:59
-0.333577,4.003017,2023-01-01T03:33:00
-0.333577,4.003017,2023-01-01T03:33:01
-0.333577,3.891822,2023-01-01T03:33:02
-0.333577,3.891822,2023-01-01T03:33:03
-0.333577,3.891822,2023-01-01T03:33:04
-0.333577,3.891822,2023-01-01T03:33:05
-0.333577,3.780628,2023-01-01T03:33:06
-0.333577,3.780628,2023-01-01T03:33:07
-0.333577,3.780628,2023-01-01T03:33:08
-0.333577,3.669433,2023-01-01T03:33:09
-0.333577,3.669433,2023-01-01T03:33:10
-0.444769,3.558238,2023-01-01T03:33:11
-0.444769,3.558238,2023-01-01T03:33:12
-0.444769,3.558238,2023-01-01T03:33:13
-0.444769,3.447043,2023-01-01T03:33:14
-0.444769,3.447043,2023-01-01T03:33:15
-0.444769,3.335848,2023-01-01T03:33:16
-0.444769,3.335848,2023-01-01T03:33:17
-0.444769,3.224653,2023-01-01T03:33:18
-0.555961,3.224653,2023-01-01T03:33:19
-0.555961,3.113458,2023-01-01T03:33:20
-0.555961,3.113458,2023-01-01T03:33:21
-0.555961,3.113458,2023-01-01T03:33:22
-0.555961,3.002263,2023-01-01T03:33:23
-0.555961,3.002263,2023-01-01T03:33:24
-0.555961,3.002263,2023-01-01T03:33:25
-0.555961,2.891068,2023-01-01T03:33:26
-0.555961,2.891068,2023-01-01T03:33:27
-0.555961,2.891068,2023-01-01T03:33:28
-0.555961,2.779873,2023-01-01T03:33:29
-0.667154,2.779873,2023-01-01T03:33:30
-0.667154,2.668678,2023-01-01T03:33:31
-0.667154,2.668678,2023-01-01T03:33:32
-0.667154,2.668678,2023-01-01T03:33:33
-0.667154,2.557483,2023-01-01T03:33:34
-0.667154,2.557483,2023-01-01T03:33:35
-0.667154,2.446288,2023-01-01T03:33:36
-0.667154,2.446288,2023-01-01T03:33:37
-0.667154,2.335093,2023-01-01T03:33:38
-0.667154,2.335093,2023-01-01T03:33:39
-0.667154,2.223899,2023-01-01T03:33:40
-0.667154,2.223899,2023-01-01T03:33:41
-0.667154,2.112704,2023-01-01T03:33:42
-0.667154,2.112704,2023-01-01T03:33:43
-0.667154,2.001509,2023-01-01T03:33:44
-0.667154,2.001509,2023-01-01T03:33:45
-0.778346,1.890314,2023-01-01T03:33:46
-0.778346,1.890314,2023-01-01T03:33:47
-0.778346,1.779119,2023-01-01T03:33:48
-0.778346,1.779119,2023-01-01T03:33:49
-0.778346,1.667924,2023-01-01T03:33:50
-0.778346,1.779119,2023-01-01T03:33:51
-0.778346,1.779119,2023-01-01T03:33:52
-0.778346,1.779119,2023-01-01T03:33:53
-0.889538,1.779119,2023-01-01T03:33:54
-0.889538,1.779119,2023-01-01T03:33:55
-0.889538,1.779119,2023-01-01T03:33:56
-0.889538,1.890314,2023-01-01T03:33:57
-1.000731,1.890314,2023-01-01T03:33:58
-1.000731,1.890314,2023-01-01T03:33:59
-1.000731,1.890314,2023-01-01T03:34:00
-1.000731,1.890314,2023-01-01T03:34:01
-1.000731,1.890314,2023-01-01T03:34:02
-1.111923,1.890314,2023-01-01T03:34:03
-1.111923,1.890314,2023-01-01T03:34:04
-1.111923,1.890314,2023-01-01T03:34:05
-1.111923,1.890314,2023-01-01T03:34:06
-1.223115,1.890314,2023-01-01T03:34:07
-1.223115,1.890314,2023-01-01T03:34:08
-1.223115,1.890314,2023-01-01T03:34:09
-1.223115,1.890314,2023-01-01T03:34:10
-1.223115,1.890314,2023-01-01T03:34:11
-1.334307,1.890314,2023-01-01T03:34:12
-1.334307,1.890314,2023-01-01T03:34:13
-1.334307,1.890314,2023-01-01T03:34:14
-1.334307,1.890314,2023-01-01T03:34:15
-1.334307,1.890314,2023-01-01T03:34:16
-1.334307,1.890314,2023-01-01T03:34:17
-1.445500,1.890314,2023-01-01T03:34:18
-1.445500,1.779119,2023-01-01T03:34:19
-1.445500,1.779119,2023-01-01T03:34:20
-1.445500,1.779119,2023-01-01T03:34:21
-1.445500,1.779119,2023-01-01T03:34:22
-1.556692,1.779119,2023-01-01T03:34:23
-1.556692,1.779119,2023-01-01T03:34:24
-1.556692,1.779119,2023-01-01T03:34:25
-1.556692,1.779119,2023-01-01T03:34:26
-1.556692,1.779119,2023-01-01T03:34:27
-1.556692,1.779119,2023-01-01T03:34:28
-1.667884,1.779119,2023-01-01T03:34:29
-1.667884,1.667924,2023-01-01T03:34:30
-1.667884,1.667924,2023-01-01T03:34:31
-1.667884,1.667924,2023-01-01T03:34:32
-1.667884,1.667924,2023-01-01T03:34:33
-1.667884,1.667924,2023-01-01T03:34:34
-1.779076,1.667924,2023-01-01T03:34:35
-1.779076,1.667924,2023-01-01T03:34:36
-1.779076,1.667924,2023-01-01T03:34:37
-1.779076,1.556729,2023-01-01T03:34:38
-1.779076,1.556729,2023-01-01T03:34:39
-1.890269,1.556729,2023-01-01T03:34:40
-1.890269,1.556729,2023-01-01T03:34:41
-1.890269,1.556729,2023-01-01T03:34:42
-1.890269,1.556729,2023-01-01T03:34:43
-1.890269,1.556729,2023-01-01T03:34:44
-2.001461,1.445534,2023-01-01T03:34:45
-2.001461,1.445534,2023-01-01T03:34:46
-2.001461,1.445534,2023-01-01T03:34:47
-2.001461,1.445534,2023-01-01T03:34:48
-2.001461,1.445534,2023-01-01T03:34:49
-2.112653,1.445534,2023-01-01T03:34:50
-2.112653,1.445534,2023-01-01T03:34:51
-2.112653,1.445534,2023-01-01T03:34:52
-2.112653,1.445534,2023-01-01T03:34:53
-2.223846,1.445534,2023-01-01T03:34:54
-2.223846,1.556729,2023-01-01T03:34:55
-2.223846,1.556729,2023-01-01T03:34:56
-2.335038,1.556729,2023-01-01T03:34:57
-2.335038,1.556729,2023-01-01T03:34:58
-2.335038,1.556729,2023-01-01T03:34:59
-2.335038,1.556729,2023-01-01T03:35:00
-2.446230,1.556729,2023-01-01T03:35:01
-2.446230,1.556729,2023-01-01T03:35:02
-2.446230,1.556729,2023-01-01T03:35:03
-2.557422,1.556729,2023-01-01T03:35:04
-2.557422,1.556729,2023-01-01T03:35:05
-2.557422,1.556729,2023-01-01T03:35:06
-2.557422,1.556729,2023-01-01T03:35:07
-2.668615,1.556729,2023-01-01T03:35:08
-2.668615,1.556729,2023-01-01T03:35:09
-2.668615,1.556729,2023-01-01T03:35:10
-2.668615,1.556729,2023-01-01T03:35:11
-2.779807,1.556729,2023-01-01T03:35:12
-2.779807,1.556729,2023-01-01T03:35:13
-2.779807,1.556729,2023-01-01T03:35:14
-2.779807,1.556729,2023-01-01T03:35:15
-2.890999,1.556729,2023-01-01T03:35:16
-2.890999,1.556729,2023-01-01T03:35:17
-2.890999,1.556729,2023-01-01T03:35:18
-2.890999,1.556729,2023-01-01T03:35:19
-3.002192,1.445534,2023-01-01T03:35:20
-3.002192,1.445534,2023-01-01T03:35:21
-3.002192,1.445534,2023-01-01T03:35:22
-3.113384,1.445534,2023-01-01T03:35:23
-3.113384,1.445534,2023-01-01T03:35:24
-3.113384,1.445534,2023-01-01T03:35:25
-3.224576,1.445534,2023-01-01T03:35:26
-3.224576,1.445534,2023-01-01T03:35:27
-3.335768,1.445534,2023-01-01T03:35:28
-3.335768,1.445534,2023-01-01T03:35:29
-3.335768,1.445534,2023-01-01T03:35:30
-3.446961,1.445534,2023-01-01T03:35:31
-3.446961,1.445534,2023-01-01T03:35:32
-3.446961,1.445534,2023-01-01T03:35:33
-3.558153,1.445534,2023-01-01T03:35:34
-3.558153,1.445534,2023-01-01T03:35:35
-3.558153,1.445534,2023-01-01T03:35:36
-3.669345,1.445534,2023-01-01T03:35:37
-3.669345,1.445534,2023-01-01T03:35:38
-3.669345,1.445534,2023-01-01T03:35:39
-3.780537,1.445534,2023-01-01T03:35:40
-3.780537,1.445534,2023-01-01T03:35:41
-3.891730,1.445534,2023-01-01T03:35:42
-3.891730,1.445534,2023-01-01T03:35:43
-3.891730,1.445534,2023-01-01T03:35:44
-4.002922,1.334339,2023-01-01T03:35:45
-4.002922,1.334339,2023-01-01T03:35:46
-4.002922,1.334339,2023-01-01T03:35:47
-4.114114,1.334339,2023-01-01T03:35:48
-4.114114,1.334339,2023-01-01T03:35:49
-4.114114,1.334339,2023-01-01T03:35:50
-4.225307,1.334339,2023-01-01T03:35:51
-4.225307,1.334339,2023-01-01T03:35:52
-4.225307,1.334339,2023-01-01T03:35:53
-4.336499,1.334339,2023-01-01T03:35:54
-4.336499,1.334339,2023-01-01T03:35:55
-4.336499,1.334339,2023-01-01T03:35:56
-4.447691,1.334339,2023-01-01T03:35:57
-4.447691,1.334339,2023-01-01T03:35:58
-4.447691,1.334339,2023-01-01T03:35:59
-4.447691,1.223144,2023-01-01T03:36:00
-4.558883,1.223144,2023-01-01T03:36:01
-4.558883,1.223144,2023-01-01T03:36:02
-4.558883,1.223144,2023-01-01T03:36:03
-4.670076,1.223144,2023-01-01T03:36:04
-4.670076,1.223144,2023-01-01T03:36:05
-4.670076,1.223144,2023-01-01T03:36:06
-4.781268,1.223144,2023-01-01T03:36:07
-4.781268,1.223144,2023-01-01T03:36:08
-4.781268,1.223144,2023-01-01T03:36:09
-4.781268,1.111949,2023-01-01T03:36:10
-4.892460,1.111949,2023-01-01T03:36:11
-4.892460,1.111949,2023-01-01T03:36:12
-4.892460,1.111949,2023-01-01T03:36:13
-5.003653,1.111949,2023-01-01T03:36:14
-5.003653,1.111949,2023-01-01T03:36:15
-5.003653,1.000754,2023-01-01T03:36:16
-5.003653,1.000754,2023-01-01T03:36:17
-5.114845,1.000754,2023-01-01T03:36:18
-5.114845,1.000754,2023-01-01T03:36:19
-5.114845,1.000754,2023-01-01T03:36:20
-5.114845,1.000754,2023-01-01T03:36:21
-5.226037,1.000754,2023-01-01T03:36:22
-5.226037,1.000754,2023-01-01T03:36:23
-5.226037,1.000754,2023-01-01T03:36:24
-5.337229,1.000754,2023-01-01T03:36:25
-5.337229,0.889559,2023-01-01T03:36:26
-5.337229,0.889559,2023-01-01T03:36:27
-5.448422,0.889559,2023-01-01T03:36:28
-5.448422,0.889559,2023-01-01T03:36:29
-5.448422,0.889559,2023-01-01T03:36:30
-5.448422,0.889559,2023-01-01T03:36:31
-5.559614,0.889559,2023-01-01T03:36:32
-5.559614,0.889559,2023-01-01T03:36:33
-5.559614,0.889559,2023-01-01T03:36:34
-5.670806,0.889559,2023-01-01T03:36:35
-5.670806,0.889559,2023-01-01T03:36:36
-5.670806,0.778364,2023-01-01T03:36:37
-5.781998,0.778364,2023-01-01T03:36:38
-5.781998,0.778364,2023-01-01T03:36:39
-5.781998,0.778364,2023-01-01T03:36:40
-5.893191,0.778364,2023-01-01T03:36:41
-5.893191,0.778364,2023-01-01T03:36:42
-5.893191,0.778364,2023-01-01T03:36:43
-6.004383,0.667170,2023-01-01T03:36:44
-6.004383,0.667170,2023-01-01T03:36:45
-6.004383,0.667170,2023-01-01T03:36:46
-6.004383,0.667170,2023-01-01T03:36:47
-6.115575,0.667170,2023-01-01T03:36:48
-6.115575,0.555975,2023-01-01T03:36:49
-6.115575,0.555975,2023-01-01T03:36:50
-6.226768,0.555975,2023-01-01T03:36:51
-6.226768,0.555975,2023-01-01T03:36:52
-6.226768,0.555975,2023-01-01T03:36:53
-6.337960,0.555975,2023-01-01T03:36:54
-6.337960,0.555975,2023-01-01T03:36:55
-6.337960,0.555975,2023-01-01T03:36:56
-6.337960,0.444780,2023-01-01T03:36:57
-6.449152,0.444780,2023-01-01T03:36:58
-6.449152,0.444780,2023-01-01T03:36:59
-6.449152,0.444780,2023-01-01T03:37:00
-6.449152,0.444780,2023-01-01T03:37:01
-6.560344,0.444780,2023-01-01T03:37:02
-6.560344,0.333585,2023-01-01T03:37:03
-6.560344,0.333585,2023-01-01T03:37:04
-6.560344,0.333585,2023-01-01T03:37:05
-6.671537,0.333585,2023-01-01T03:37:06
-6.671537,0.333585,2023-01-01T03:37:07
-6.671537,0.222390,2023-01-01T03:37:08
-6.671537,0.222390,2023-01-01T03:37:09
-6.782729,0.222390,2023-01-01T03:37:10
-6.782729,0.222390,2023-01-01T03:37:11
-6.782729,0.111195,2023-01-01T03:37:12
-6.782729,0.111195,2023-01-01T03:37:13
-6.893921,0.111195,2023-01-01T03:37:14
-6.893921,0.111195,2023-01-01T03:37:15
-6.893921,0.000000,2023-01-01T03:37:16
-6.893921,0.000000,2023-01-01T03:37:17
-7.005114,0.000000,2023-01-01T03:37:18
-7.005114,-0.111195,2023-01-01T03:37:19
-7.005114,-0.111195,2023-01-01T03:37:20
-7.005114,-0.111195,2023-01-01T03:37:21
-7.116306,-0.111195,2023-01-01T03:37:22
-7.116306,-0.111195,2023-01-01T03:37:23
-7.116306,-0.111195,2023-01-01T03:37:24
-7.116306,-0.111195,2023-01-01T03:37:25
-7.227498,-0.111195,2023-01-01T03:37:26
-7.227498,-0.222390,2023-01-01T03:37:27
-7.227498,-0.222390,2023-01-01T03:37:28
-7.338690,-0.222390,2023-01-01T03:37:29
-7.338690,-0.222390,2023-01-01T03:37:30
-7.338690,-0.222390,2023-01-01T03:37:31
-7.338690,-0.222390,2023-01-01T03:37:32
-7.449883,-0.222390,2023-01-01T03:37:33
-7.449883,-0.333585,2023-01-01T03:37:34
-7.449883,-0.333585,2023-01-01T03:37:35
-7.449883,-0.333585,2023-01-01T03:37:36
-7.561075,-0.333585,2023-01-01T03:37:37
-7.561075,-0.333585,2023-01-01T03:37:38
-7.561075,-0.444780,2023-01-01T03:37:39
-7.672267,-0.444780,2023-01-01T03:37:40
-7.672267,-0.444780,2023-01-01T03:37:41
-7.672267,-0.444780,2023-01-01T03:37:42
-7.672267,-0.555975,2023-01-01T03:37:43
-7.783460,-0.555975,2023-01-01T03:37:44
-7.783460,-0.555975,2023-01-01T03:37:45
-7.783460,-0.555975,2023-01-01T03:37:46
-7.783460,-0.555975,2023-01-01T03:37:47
-7.894652,-0.667170,2023-01-01T03:37:48
-7.894652,-0.667170,2023-01-01T03:37:49
-7.894652,-0.667170,2023-01-01T03:37:50
-8.005844,-0.667170,2023-01-01T03:37:51
-8.005844,-0.667170,2023-01-01T03:37:52
-8.005844,-0.667170,2023-01-01T03:37:53
-8.005844,-0.667170,2023-01-01T03:37:54
-8.117036,-0.667170,2023-01-01T03:37:55
-8.117036,-0.667170,2023-01-01T03:37:56
-8.117036,-0.667170,2023-01-01T03:37:57
-8.117036,-0.667170,2023-01-01T03:37:58
-8.228229,-0.667170,2023-01-01T03:37:59
-8.228229,-0.667170,2023-01-01T03:38:00
-8.228229,-0.667170,2023-01-01T03:38:01
-8.228229,-0.667170,2023-01-01T03:38:02
-8.339421,-0.778364,2023-01-01T03:38:03
-8.339421,-0.778364,2023-01-01T03:38:04
-8.339421,-0.778364,2023-01-01T03:38:05
-8.339421,-0.778364,2023-01-01T03:38:06
-8.450613,-0.778364,2023-01-01T03:38:07
-8.450613,-0.778364,2023-01-01T03:38:08
-8.450613,-0.778364,2023-01-01T03:38:09
-8.450613,-0.778364,2023-01-01T03:38:10
-8.561805,-0.778364,2023-01-01T03:38:11
-8.561805,-0.778364,2023-01-01T03:38:12
-8.561805,-0.778364,2023-01-01T03:38:13
-8.561805,-0.778364,2023-01-01T03:38:14
-8.672998,-0.778364,2023-01-01T03:38:15
-8.672998,-0.889559,2023-01-01T03:38:16
-8.672998,-0.889559,2023-01-01T03:38:17
-8.672998,-0.889559,2023-01-01T03:38:18
-8.784190,-0.889559,2023-01-01T03:38:19
-8.784190,-0.889559,2023-01-01T03:38:20
-8.784190,-0.889559,2023-01-01T03:38:21
-8.784190,-0.889559,2023-01-01T03:38:22
-8.784190,-0.889559,2023-01-01T03:38:23
-8.895382,-0.889559,2023-01-01T03:38:24
-8.895382,-1.000754,2023-01-01T03:38:25
-8.895382,-1.000754,2023-01-01T03:38:26
-8.895382,-1.000754,2023-01-01T03:38:27
-8.895382,-1.000754,2023-01-01T03:38:28
-8.895382,-1.000754,2023-01-01T03:38:29
-9.006575,-1.000754,2023-01-01T03:38:30
-9.006575,-1.111949,2023-01-01T03:38:31
-9.006575,-1.111949,2023-01-01T03:38:32
-9.006575,-1.111949,2023-01-01T03:38:33
-9.006575,-1.111949,2023-01-01T03:38:34
-9.006575,-1.223144,2023-01-01T03:38:35
-9.006575,-1.223144,2023-01-01T03:38:36
-9.006575,-1.223144,2023-01-01T03:38:37
-9.117767,-1.223144,2023-01-01T03:38:38
-9.117767,-1.334339,2023-01-01T03:38:39
-9.117767,-1.334339,2023-01-01T03:38:40
-9.117767,-1.334339,2023-01-01T03:38:41
-9.117767,-1.445534,2023-01-01T03:38:42
-9.117767,-1.445534,2023-01-01T03:38:43
-9.117767,-1.445534,2023-01-01T03:38:44
-9.117767,-1.445534,2023-01-01T03:38:45
-9.117767,-1.556729,2023-01-01T03:38:46
-9.117767,-1.556729,2023-01-01T03:38:47
-9.117767,-1.556729,2023-01-01T03:38:48
-9.117767,-1.667924,2023-01-01T03:38:49
-9.117767,-1.667924,2023-01-01T03:38:50
-9.117767,-1.667924,2023-01-01T03:38:51
-9.117767,-1.667924,2023-01-01T03:38:52
-9.228959,-1.667924,2023-01-01T03:38:53
-9.228959,-1.667924,2023-01-01T03:38:54
-9.228959,-1.667924,2023-01-01T03:38:55
-9.228959,-1.556729,2023-01-01T03:38:56
-9.228959,-1.556729,2023-01-01T03:38:57
-9.228959,-1.556729,2023-01-01T03:38:58
-9.228959,-1.556729,2023-01-01T03:38:59
-9.228959,-1.556729,2023-01-01T03:39:00
-9.228959,-1.556729,2023-01-01T03:39:01
-9.228959,-1.556729,2023-01-01T03:39:02
-9.228959,-1.556729,2023-01-01T03:39:03
-9.228959,-1.556729,2023-01-01T03:39:04
-9.228959,-1.556729,2023-01-01T03:39:05
-9.340151,-1.556729,2023-01-01T03:39:06
-9.340151,-1.556729,2023-01-01T03:39:07
-9.340151,-1.556729,2023-01-01T03:39:08
-9.340151,-1.667924,2023-01-01T03:39:09
-9.340151,-1.667924,2023-01-01T03:39:10
-9.340151,-1.667924,2023-01-01T03:39:11
-9.340151,-1.667924,2023-01-01T03:39:12
-9.340151,-1.667924,2023-01-01T03:39:13
-9.340151,-1.667924,2023-01-01T03:39:14
-9.340151,-1.667924,2023-01-01T03:39:15
-9.340151,-1.667924,2023-01-01T03:39:16
-9.340151,-1.779119,2023-01-01T03:39:17
-9.340151,-1.779119,2023-01-01T03:39:18
-9.340151,-1.779119,2023-01-01T03:39:19
-9.340151,-1.779119,2023-01-01T03:39:20
-9.340151,-1.779119,2023-01-01T03:39:21
-9.340151,-1.779119,2023-01-01T03:39:22
-9.340151,-1.779119,2023-01-01T03:39:23
-9.340151,-1.779119,2023-01-01T03:39:24
-9.340151,-1.779119,2023-01-01T03:39:25
-9.340151,-1.667924,2023-01-01T03:39:26
-9.340151,-1.667924,2023-01-01T03:39:27
-9.340151,-1.667924,2023-01-01T03:39:28
-9.340151,-1.667924,2023-01-01T03:39:29
-9.340151,-1.667924,2023-01-01T03:39:30
-9.340151,-1.667924,2023-01-01T03:39:31
-9.228959,-1.667924,2023-01-01T03:39:32
-9.228959,-1.667924,2023-01-01T03:39:33
-9.228959,-1.667924,2023-01-01T03:39:34
-9.228959,-1.667924,2023-01-01T03:39:35
-9.228959,-1.667924,2023-01-01T03:39:36
-9.228959,-1.667924,2023-01-01T03:39:37
-9.228959,-1.667924,2023-01-01T03:39:38
-9.228959,-1.667924,2023-01-01T03:39:39
-9.228959,-1.667924,2023-01-01T03:39:40
-9.228959,-1.667924,2023-01-01T03:39:41
-9.228959,-1.667924,2023-01-01T03:39:42
-9.228959,-1.667924,2023-01-01T03:39:43
-9.228959,-1.667924,2023-01-01T03:39:44
-9.228959,-1.667924,2023-01-01T03:39:45
-9.340151,-1.667924,2023-01-01T03:39:46
-9.340151,-1.667924,2023-01-01T03:39:47
-9.340151,-1.667924,2023-01-01T03:39:48
-9.340151,-1.667924,2023-01-01T03:39:49
-9.340151,-1.667924,2023-01-01T03:39:50
-9.340151,-1.667924,2023-01-01T03:39:51
-9.340151,-1.667924,2023-01-01T03:39:52
-9.340151,-1.667924,2023-01-01T03:39:53
-9.340151,-1.667924,2023-01-01T03:39:54
-9.340151,-1.667924,2023-01-01T03:39:55
-9.340151,-1.667924,2023-01-01T03:39:56
-9.340151,-1.667924,2023-01-01T03:39:57
-9.340151,-1.667924,2023-01-01T03:39:58
-9.340151,-1.556729,2023-01-01T03:39:59
-9.340151,-1.556729,2023-01-01T03:40:00
-9.340151,-1.556729,2023-01-01T03:40:01
-9.340151,-1.556729,2023-01-01T03:40:02
-9.340151,-1.556729,2023-01-01T03:40:03
-9.340151,-1.667924,2023-01-01T03:40:04
-9.340151,-1.667924,2023-01-01T03:40:05
-9.340151,-1.667924,2023-01-01T03:40:06
-9.340151,-1.667924,2023-01-01T03:40:07
-9.340151,-1.667924,2023-01-01T03:40:08
-9.340151,-1.667924,2023-01-01T03:40:09
-9.340151,-1.667924,2023-01-01T03:40:10
-9.451344,-1.667924,2023-01-01T03:40:11
-9.451344,-1.667924,2023-01-01T03:40:12
-9.451344,-1.667924,2023-01-01T03:40:13
-9.451344,-1.667924,2023-01-01T03:40:14
-9.451344,-1.667924,2023-01-01T03:40:15
-9.451344,-1.667924,2023-01-01T03:40:16
-9.451344,-1.667924,2023-01-01T03:40:17
-9.451344,-1.667924,2023-01-01T03:40:18
-9.451344,-1.667924,2023-01-01T03:40:19
-9.451344,-1.667924,2023-01-01T03:40:20
-9.451344,-1.779119,2023-01-01T03:40:21
-9.451344,-1.779119,2023-01-01T03:40:22
-9.451344,-1.779119,2023-01-01T03:40:23
-9.451344,-1.779119,2023-01-01T03:40:24
-9.451344,-1.779119,2023-01-01T03:40:25
-9.451344,-1.779119,2023-01-01T03:40:26
-9.451344,-1.779119,2023-01-01T03:40:27
-9.451344,-1.779119,2023-01-01T03:40:28
-9.451344,-1.779119,2023-01-01T03:40:29
-9.451344,-1.779119,2023-01-01T03:40:30
-9.451344,-1.779119,2023-01-01T03:40:31
-9.451344,-1.779119,2023-01-01T03:40:32
-9.451344,-1.779119,2023-01-01T03:40:33
-9.562536,-1.890314,2023-01-01T03:40:34
-9.562536,-1.890314,2023-01-01T03:40:35
-9.562536,-1.890314,2023-01-01T03:40:36
-9.562536,-1.890314,2023-01-01T03:40:37
-9.562536,-1.890314,2023-01-01T03:40:38
-9.562536,-1.890314,2023-01-01T03:40:39
-9.562536,-2.001509,2023-01-01T03:40:40
-9.562536,-2.001509,2023-01-01T03:40:41
-9.562536,-2.001509,2023-01-01T03:40:42
-9.562536,-2.001509,2023-01-01T03:40:43
-9.562536,-2.112704,2023-01-01T03:40:44
-9.562536,-2.112704,2023-01-01T03:40:45
-9.562536,-2.112704,2023-01-01T03:40:46
-9.562536,-2.112704,2023-01-01T03:40:47
-9.562536,-2.223899,2023-01-01T03:40:48
-9.562536,-2.223899,2023-01-01T03:40:49
-9.562536,-2.223899,2023-01-01T03:40:50
-9.562536,-2.223899,2023-01-01T03:40:51
-9.562536,-2.223899,2023-01-01T03:40:52
-9.562536,-2.223899,2023-01-01T03:40:53
-9.562536,-2.223899,2023-01-01T03:40:54
-9.562536,-2.335093,2023-01-01T03:40:55
-9.562536,-2.335093,2023-01-01T03:40:56
-9.562536,-2.335093,2023-01-01T03:40:57
-9.562536,-2.335093,2023-01-01T03:40:58
-9.673728,-2.335093,2023-01-01T03:40:59
-9.673728,-2.335093,2023-01-01T03:41:00
-9.673728,-2.335093,2023-01-01T03:41:01
-9.673728,-2.446288,2023-01-01T03:41:02
-9.673728,-2.446288,2023-01-01T03:41:03
-9.673728,-2.446288,2023-01-01T03:41:04
-9.673728,-2.446288,2023-01-01T03:41:05
-9.673728,-2.446288,2023-01-01T03:41:06
-9.673728,-2.557483,2023-01-01T03:41:07
-9.673728,-2.557483,2023-01-01T03:41:08
-9.673728,-2.557483,2023-01-01T03:41:09
-9.673728,-2.557483,2023-01-01T03:41:10
-9.673728,-2.668678,2023-01-01T03:41:11
-9.673728,-2.668678,2023-01-01T03:41:12
-9.673728,-2.668678,2023-01-01T03:41:13
-9.673728,-2.668678,2023-01-01T03:41:14
-9.673728,-2.779873,2023-01-01T03:41:15
-9.673728,-2.779873,2023-01-01T03:41:16
-9.673728,-2.779873,2023-01-01T03:41:17
-9.784921,-2.891068,2023-01-01T03:41:18
-9.784921,-2.891068,2023-01-01T03:41:19
-9.784921,-2.891068,2023-01-01T03:41:20
-9.784921,-2.891068,2023-01-01T03:41:21
-9.784921,-2.891068,2023-01-01T03:41:22
-9.784921,-2.891068,2023-01-01T03:41:23
-9.784921,-2.779873,2023-01-01T03:41:24
-9.784921,-2.779873,2023-01-01T03:41:25
-9.784921,-2.779873,2023-01-01T03:41:26
-9.784921,-2.779873,2023-01-01T03:41:27
-9.784921,-2.779873,2023-01-01T03:41:28
-9.784921,-2.779873,2023-01-01T03:41:29
-9.784921,-2.779873,2023-01-01T03:41:30
-9.784921,-2.668678,2023-01-01T03:41:31
-9.784921,-2.668678,2023-01-01T03:41:32
-9.784921,-2.668678,2023-01-01T03:41:33
-9.784921,-2.668678,2023-01-01T03:41:34
-9.784921,-2.668678,2023-01-01T03:41:35
-9.784921,-2.668678,2023-01-01T03:41:36
-9.784921,-2.668678,2023-01-01T03:41:37
-9.784921,-2.668678,2023-01-01T03:41:38
-9.784921,-2.779873,2023-01-01T03:41:39
-9.784921,-2.779873,2023-01-01T03:41:40
-9.784921,-2.779873,2023-01-01T03:41:41
-9.896113,-2.779873,2023-01-01T03:41:42
-9.896113,-2.779873,2023-01-01T03:41:43
-9.896113,-2.779873,2023-01-01T03:41:44
-9.896113,-2.779873,2023-01-01T03:41:45
-9.896113,-2.779873,2023-01-01T03:41:46
-9.896113,-2.779873,2023-01-01T03:41:47
-9.896113,-2.891068,2023-01-01T03:41:48
-9.896113,-2.891068,2023-01-01T03:41:49
-9.896113,-2.891068,2023-01-01T03:41:50
-9.896113,-2.891068,2023-01-01T03:41:51
-10.007305,-2.891068,2023-01-01T03:41:52
-10.007305,-2.779873,2023-01-01T03:41:53
-10.007305,-2.779873,2023-01-01T03:41:54
-10.007305,-2.779873,2023-01-01T03:41:55
-10.007305,-2.779873,2023-01-01T03:41:56
-10.007305,-2.779873,2023-01-01T03:41:57
-10.007305,-2.779873,2023-01-01T03:41:58
-10.007305,-2.779873,2023-01-01T03:41:59
-10.007305,-2.779873,2023-01-01T03:42:00
-10.118497,-2.779873,2023-01-01T03:42:01
-10.118497,-2.779873,2023-01-01T03:42:02
-10.118497,-2.779873,2023-01-01T03:42:03
-10.118497,-2.779873,2023-01-01T03:42:04
-10.118497,-2.779873,2023-01-01T03:42:05
-10.118497,-2.779873,2023-01-01T03:42:06
-10.118497,-2.779873,2023-01-01T03:42:07
-10.229690,-2.779873,2023-01-01T03:42:08
-10.229690,-2.779873,2023-01-01T03:42:09
-10.229690,-2.779873,2023-01-01T03:42:10
-10.229690,-2.779873,2023-01-01T03:42:11
-10.229690,-2.779873,2023-01-01T03:42:12
-10.340882,-2.891068,2023-01-01T03:42:13
-10.340882,-2.891068,2023-01-01T03:42:14
-10.340882,-2.891068,2023-01-01T03:42:15
-10.340882,-2.891068,2023-01-01T03:42:16
-10.452074,-2.891068,2023-01-01T03:42:17
-10.452074,-2.891068,2023-01-01T03:42:18
-10.452074,-2.891068,2023-01-01T03:42:19
-10.452074,-3.002263,2023-01-01T03:42:20
-10.563266,-2.891068,2023-01-01T03:42:21
-10.563266,-2.891068,2023-01-01T03:42:22
-10.563266,-2.891068,2023-01-01T03:42:23
-10.563266,-2.891068,2023-01-01T03:42:24
-10.674459,-2.891068,2023-01-01T03:42:25
-10.674459,-2.891068,2023-01-01T03:42:26
-10.674459,-2.891068,2023-01-01T03:42:27
-10.785651,-2.891068,2023-01-01T03:42:28
-10.785651,-2.891068,2023-01-01T03:42:29
-10.785651,-2.891068,2023-01-01T03:42:30
-10.896843,-2.891068,2023-01-01T03:42:31
-10.896843,-2.891068,2023-01-01T03:42:32
-10.896843,-2.891068,2023-01-01T03:42:33
-11.008036,-2.891068,2023-01-01T03:42:34
-11.008036,-2.891068,2023-01-01T03:42:35
-11.008036,-2.891068,2023-01-01T03:42:36
-11.119228,-2.891068,2023-01-01T03:42:37
-11.119228,-2.891068,2023-01-01T03:42:38
-11.119228,-2.891068,2023-01-01T03:42:39
-11.230420,-2.891068,2023-01-01T03:42:40
-11.230420,-2.891068,2023-01-01T03:42:41
-11.230420,-2.891068,2023-01-01T03:42:42
-11.230420,-2.891068,2023-01-01T03:42:43
-11.341612,-2.891068,2023-01-01T03:42:44
-11.341612,-2.891068,2023-01-01T03:42:45
-11.341612,-2.891068,2023-01-01T03:42:46
-11.452805,-3.002263,2023-01-01T03:42:47
-11.452805,-3.002263,2023-01-01T03:42:48
-11.452805,-3.002263,2023-01-01T03:42:49
-11.563997,-3.002263,2023-01-01T03:42:50
-11.563997,-3.002263,2023-01-01T03:42:51
-11.563997,-2.891068,2023-01-01T03:42:52
-11.675189,-2.891068,2023-01-01T03:42:53
-11.675189,-2.891068,2023-01-01T03:42:54
-11.675189,-2.891068,2023-01-01T03:42:55
-11.675189,-2.891068,2023-01-01T03:42:56
-11.786382,-2.779873,2023-01-01T03:42:57
-11.786382,-2.779873,2023-01-01T03:42:58
-11.786382,-2.779873,2023-01-01T03:42:59
-11.786382,-2.779873,2023-01-01T03:43:00
-11.897574,-2.779873,2023-01-01T03:43:01
-11.897574,-2.779873,2023-01-01T03:43:02
-11.897574,-2.779873,2023-01-01T03:43:03
-11.897574,-2.779873,2023-01-01T03:43:04
-12.008766,-2.779873,2023-01-01T03:43:05
-12.008766,-2.779873,2023-01-01T03:43:06
-12.008766,-2.668678,2023-01-01T03:43:07
-12.119958,-2.668678,2023-01-01T03:43:08
-12.119958,-2.668678,2023-01-01T03:43:09
-12.119958,-2.668678,2023-01-01T03:43:10
-12.119958,-2.668678,2023-01-01T03:43:11
-12.231151,-2.668678,2023-01-01T03:43:12
-12.231151,-2.668678,2023-01-01T03:43:13
-12.231151,-2.668678,2023-01-01T03:43:14
-12.342343,-2.668678,2023-01-01T03:43:15
-12.342343,-2.668678,2023-01-01T03:43:16
-12.342343,-2.668678,2023-01-01T03:43:17
-12.453535,-2.668678,2023-01-01T03:43:18
-12.453535,-2.668678,2023-01-01T03:43:19
-12.453535,-2.668678,2023-01-01T03:43:20
-12.564727,-2.668678,2023-01-01T03:43:21
-12.564727,-2.668678,2023-01-01T03:43:22
-12.564727,-2.668678,2023-01-01T03:43:23
-12.675920,-2.668678,2023-01-01T03:43:24
-12.675920,-2.668678,2023-01-01T03:43:25
-12.675920,-2.668678,2023-01-01T03:43:26
-12.787112,-2.557483,2023-01-01T03:43:27
-12.787112,-2.557483,2023-01-01T03:43:28
-12.898304,-2.557483,2023-01-01T03:43:29
-12.898304,-2.557483,2023-01-01T03:43:30
-12.898304,-2.557483,2023-01-01T03:43:31
-13.009497,-2.557483,2023-01-01T03:43:32
-13.009497,-2.557483,2023-01-01T03:43:33
-13.120689,-2.557483,2023-01-01T03:43:34
-13.120689,-2.557483,2023-01-01T03:43:35
-13.120689,-2.557483,2023-01-01T03:43:36
-13.231881,-2.557483,2023-01-01T03:43:37
-13.231881,-2.557483,2023-01-01T03:43:38
-13.343073,-2.557483,2023-01-01T03:43:39
-13.343073,-2.557483,2023-01-01T03:43:40
-13.343073,-2.557483,2023-01-01T03:43:41
-13.454266,-2.557483,2023-01-01T03:43:42
-13.454266,-2.557483,2023-01-01T03:43:43
-13.454266,-2.557483,2023-01-01T03:43:44
-13.565458,-2.557483,2023-01-01T03:43:45
-13.565458,-2.557483,2023-01-01T03:43:46
-13.676650,-2.557483,2023-01-01T03:43:47
-13.676650,-2.557483,2023-01-01T03:43:48
-13.676650,-2.557483,2023-01-01T03:43:49
-13.787843,-2.557483,2023-01-01T03:43:50
-13.787843,-2.557483,2023-01-01T03:43:51
-13.787843,-2.557483,2023-01-01T03:43:52
-13.899035,-2.557483,2023-01-01T03:43:53
-13.899035,-2.446288,2023-01-01T03:43:54
-13.899035,-2.446288,2023-01-01T03:43:55
-14.010227,-2.446288,2023-01-01T03:43:56
-14.010227,-2.446288,2023-01-01T03:43:57
-14.010227,-2.446288,2023-01-01T03:43:58
-14.010227,-2.446288,2023-01-01T03:43:59
-14.121419,-2.446288,2023-01-01T03:44:00
-14.121419,-2.446288,2023-01-01T03:44:01
-14.121419,-2.446288,2023-01-01T03:44:02
-14.232612,-2.446288,2023-01-01T03:44:03
-14.232612,-2.446288,2023-01-01T03:44:04
-14.232612,-2.446288,2023-01-01T03:44:05
-14.343804,-2.446288,2023-01-01T03:44:06
-14.343804,-2.446288,2023-01-01T03:44:07
-14.454996,-2.446288,2023-01-01T03:44:08
-14.454996,-2.446288,2023-01-01T03:44:09
-14.566188,-2.446288,2023-01-01T03:44:10
-14.566188,-2.446288,2023-01-01T03:44:11
-14.566188,-2.446288,2023-01-01T03:44:12
-14.677381,-2.446288,2023-01-01T03:44:13
-14.677381,-2.446288,2023-01-01T03:44:14
-14.677381,-2.446288,2023-01-01T03:44:15
-14.788573,-2.446288,2023-01-01T03:44:16
-14.788573,-2.446288,2023-01-01T03:44:17
-14.899765,-2.446288,2023-01-01T03:44:18
-14.899765,-2.557483,2023-01-01T03:44:19
-14.899765,-2.557483,2023-01-01T03:44:20
-15.010958,-2.557483,2023-01-01T03:44:21
-15.010958,-2.446288,2023-01-01T03:44:22
-15.122150,-2.446288,2023-01-01T03:44:23
-15.122150,-2.446288,2023-01-01T03:44:24
-15.122150,-2.446288,2023-01-01T03:44:25
-15.233342,-2.446288,2023-01-01T03:44:26
-15.233342,-2.446288,2023-01-01T03:44:27
-15.344534,-2.446288,2023-01-01T03:44:28
-15.344534,-2.446288,2023-01-01T03:44:29
-15.344534,-2.446288,2023-01-01T03:44:30
-15.455727,-2.446288,2023-01-01T03:44:31
-15.455727,-2.446288,2023-01-01T03:44:32
-15.566919,-2.446288,2023-01-01T03:44:33
-15.566919,-2.446288,2023-01-01T03:44:34
-15.678111,-2.446288,2023-01-01T03:44:35
-15.678111,-2.446288,2023-01-01T03:44:36
-15.678111,-2.446288,2023-01-01T03:44:37
-15.789304,-2.446288,2023-01-01T03:44:38
-15.789304,-2.446288,2023-01-01T03:44:39
-15.900496,-2.446288,2023-01-01T03:44:40
-15.900496,-2.446288,2023-01-01T03:44:41
-15.900496,-2.446288,2023-01-01T03:44:42
-16.011688,-2.557483,2023-01-01T03:44:43
-16.011688,-2.557483,2023-01-01T03:44:44
-16.011688,-2.557483,2023-01-01T03:44:45
-16.122880,-2.557483,2023-01-01T03:44:46
-16.122880,-2.557483,2023-01-01T03:44:47
-16.234073,-2.557483,2023-01-01T03:44:48
-16.234073,-2.557483,2023-01-01T03:44:49
-16.234073,-2.668678,2023-01-01T03:44:50
-16.345265,-2.557483,2023-01-01T03:44:51
-16.345265,-2.557483,2023-01-01T03:44:52
-16.345265,-2.557483,2023-01-01T03:44:53
-16.456457,-2.557483,2023-01-01T03:44:54
-16.456457,-2.446288,2023-01-01T03:44:55
-16.456457,-2.446288,2023-01-01T03:44:56
-16.567650,-2.446288,2023-01-01T03:44:57
-16.567650,-2.446288,2023-01-01T03:44:58
-16.567650,-2.446288,2023-01-01T03:44:59
-16.678842,-2.446288,2023-01-01T03:45:00
-16.678842,-2.446288,2023-01-01T03:45:01
-16.678842,-2.335093,2023-01-01T03:45:02
-16.790034,-2.335093,2023-01-01T03:45:03
-16.790034,-2.335093,2023-01-01T03:45:04
-16.790034,-2.335093,2023-01-01T03:45:05
-16.790034,-2.335093,2023-01-01T03:45:06
-16.901226,-2.335093,2023-01-01T03:45:07
-16.901226,-2.335093,2023-01-01T03:45:08
-16.901226,-2.335093,2023-01-01T03:45:09
-17.012419,-2.335093,2023-01-01T03:45:10
-17.012419,-2.335093,2023-01-01T03:45:11
-17.012419,-2.335093,2023-01-01T03:45:12
-17.123611,-2.335093,2023-01-01T03:45:13
-17.123611,-2.335093,2023-01-01T03:45:14
-17.123611,-2.335093,2023-01-01T03:45:15
-17.234803,-2.335093,2023-01-01T03:45:16
-17.234803,-2.335093,2023-01-01T03:45:17
-17.234803,-2.335093,2023-01-01T03:45:18
-17.345995,-2.335093,2023-01-01T03:45:19
-17.345995,-2.335093,2023-01-01T03:45:20
-17.345995,-2.335093,2023-01-01T03:45:21
-17.457188,-2.335093,2023-01-01T03:45:22
-17.457188,-2.335093,2023-01-01T03:45:23
-17.457188,-2.223899,2023-01-01T03:45:24
-17.568380,-2.223899,2023-01-01T03:45:25
-17.568380,-2.223899,2023-01-01T03:45:26
-17.568380,-2.223899,2023-01-01T03:45:27
-17.679572,-2.223899,2023-01-01T03:45:28
-17.679572,-2.223899,2023-01-01T03:45:29
-17.679572,-2.112704,2023-01-01T03:45:30
-17.790765,-2.112704,2023-01-01T03:45:31
-17.790765,-2.112704,2023-01-01T03:45:32
-17.790765,-2.112704,2023-01-01T03:45:33
-17.790765,-2.112704,2023-01-01T03:45:34
-17.901957,-2.112704,2023-01-01T03:45:35
-17.901957,-2.112704,2023-01-01T03:45:36
-17.901957,-2.112704,2023-01-01T03:45:37
-18.013149,-2.112704,2023-01-01T03:45:38
-18.013149,-2.112704,2023-01-01T03:45:39
-18.124341,-2.112704,2023-01-01T03:45:40
-18.124341,-2.112704,2023-01-01T03:45:41
-18.124341,-2.112704,2023-01-01T03:45:42
-18.235534,-2.112704,2023-01-01T03:45:43
-18.235534,-2.112704,2023-01-01T03:45:44
-18.235534,-2.112704,2023-01-01T03:45:45
-18.346726,-2.112704,2023-01-01T03:45:46
-18.346726,-2.112704,2023-01-01T03:45:47
-18.346726,-2.112704,2023-01-01T03:45:48
-18.457918,-2.112704,2023-01-01T03:45:49
-18.457918,-2.112704,2023-01-01T03:45:50
-18.457918,-2.112704,2023-01-01T03:45:51
-18.569111,-2.112704,2023-01-01T03:45:52
-18.569111,-2.001509,2023-01-01T03:45:53
-18.569111,-2.001509,2023-01-01T03:45:54
-18.680303,-2.001509,2023-01-01T03:45:55
-18.680303,-2.001509,2023-01-01T03:45:56
-18.680303,-2.001509,2023-01-01T03:45:57
-18.791495,-2.001509,2023-01-01T03:45:58
-18.791495,-1.890314,2023-01-01T03:45:59
-18.791495,-1.890314,2023-01-01T03:46:00
-18.902687,-1.890314,2023-01-01T03:46:01
-18.902687,-1.890314,2023-01-01T03:46:02
-18.902687,-1.890314,2023-01-01T03:46:03
-19.013880,-1.890314,2023-01-01T03:46:04
-19.013880,-1.890314,2023-01-01T03:46:05
-19.013880,-1.890314,2023-01-01T03:46:06
-19.125072,-1.890314,2023-01-01T03:46:07
-19.125072,-1.890314,2023-01-01T03:46:08
-19.125072,-1.890314,2023-01-01T03:46:09
-19.236264,-1.890314,2023-01-01T03:46:10
-19.236264,-1.890314,2023-01-01T03:46:11
-19.236264,-1.890314,2023-01-01T03:46:12
-19.347456,-1.890314,2023-01-01T03:46:13
-19.347456,-1.890314,2023-01-01T03:46:14
-19.347456,-1.890314,2023-01-01T03:46:15
-19.458649,-1.890314,2023-01-01T03:46:16
-19.458649,-1.890314,2023-01-01T03:46:17
-19.458649,-1.890314,2023-01-01T03:46:18
-19.458649,-1.890314,2023-01-01T03:46:19
-19.569841,-1.890314,2023-01-01T03:46:20
-19.569841,-1.890314,2023-01-01T03:46:21
-19.569841,-1.890314,2023-01-01T03:46:22
-19.569841,-1.779119,2023-01-01T03:46:23
-19.681033,-1.779119,2023-01-01T03:46:24
-19.681033,-1.779119,2023-01-01T03:46:25
-19.681033,-1.779119,2023-01-01T03:46:26
-19.792226,-1.779119,2023-01-01T03:46:27
-19.792226,-1.779119,2023-01-01T03:46:28
-19.792226,-1.779119,2023-01-01T03:46:29
-19.792226,-1.667924,2023-01-01T03:46:30
-19.903418,-1.667924,2023-01-01T03:46:31
-19.903418,-1.667924,2023-01-01T03:46:32
-19.903418,-1.667924,2023-01-01T03:46:33
-20.014610,-1.667924,2023-01-01T03:46:34
-20.014610,-1.667924,2023-01-01T03:46:35
-20.014610,-1.667924,2023-01-01T03:46:36
-20.125802,-1.667924,2023-01-01T03:46:37
-20.125802,-1.667924,2023-01-01T03:46:38
-20.125802,-1.667924,2023-01-01T03:46:39
-20.125802,-1.667924,2023-01-01T03:46:40
-20.236995,-1.556729,2023-01-01T03:46:41
-20.236995,-1.556729,2023-01-01T03:46:42
-20.236995,-1.556729,2023-01-01T03:46:43
-20.236995,-1.556729,2023-01-01T03:46:44
-20.348187,-1.556729,2023-01-01T03:46:45
-20.348187,-1.556729,2023-01-01T03:46:46
-20.348187,-1.556729,2023-01-01T03:46:47
-20.348187,-1.556729,2023-01-01T03:46:48
-20.348187,-1.556729,2023-01-01T03:46:49
-20.459379,-1.556729,2023-01-01T03:46:50
-20.459379,-1.556729,2023-01-01T03:46:51
-20.459379,-1.556729,2023-01-01T03:46:52
-20.459379,-1.556729,2023-01-01T03:46:53
-20.459379,-1.556729,2023-01-01T03:46:54
-20.570572,-1.556729,2023-01-01T03:46:55
-20.570572,-1.556729,2023-01-01T03:46:56
-20.570572,-1.556729,2023-01-01T03:46:57
-20.570572,-1.445534,2023-01-01T03:46:58
-20.570572,-1.445534,2023-01-01T03:46:59
-20.570572,-1.445534,2023-01-01T03:47:00
-20.681764,-1.445534,2023-01-01T03:47:01
-20.681764,-1.445534,2023-01-01T03:47:02
-20.681764,-1.445534,2023-01-01T03:47:03
-20.681764,-1.445534,2023-01-01T03:47:04
-20.681764,-1.445534,2023-01-01T03:47:05
-20.681764,-1.445534,2023-01-01T03:47:06
-20.792956,-1.445534,2023-01-01T03:47:07
-20.792956,-1.445534,2023-01-01T03:47:08
-20.792956,-1.445534,2023-01-01T03:47:09
-20.792956,-1.445534,2023-01-01T03:47:10
-20.792956,-1.445534,2023-01-01T03:47:11
-20.792956,-1.445534,2023-01-01T03:47:12
-20.792956,-1.445534,2023-01-01T03:47:13
-20.792956,-1.445534,2023-01-01T03:47:14
-20.792956,-1.445534,2023-01-01T03:47:15
-20.904148,-1.445534,2023-01-01T03:47:16
-20.904148,-1.445534,2023-01-01T03:47:17
-20.904148,-1.445534,2023-01-01T03:47:18
-20.904148,-1.445534,2023-01-01T03:47:19
-20.904148,-1.445534,2023-01-01T03:47:20
-20.904148,-1.334339,2023-01-01T03:47:21
-20.904148,-1.334339,2023-01-01T03:47:22
-20.904148,-1.223144,2023-01-01T03:47:23
-21.015341,-1.223144,2023-01-01T03:47:24
-21.015341,-1.223144,2023-01-01T03:47:25
-21.015341,-1.111949,2023-01-01T03:47:26
-21.015341,-1.111949,2023-01-01T03:47:27
-21.015341,-1.111949,2023-01-01T03:47:28
-21.015341,-1.000754,2023-01-01T03:47:29
-21.126533,-1.000754,2023-01-01T03:47:30
-21.126533,-1.000754,2023-01-01T03:47:31
-21.126533,-0.889559,2023-01-01T03:47:32
-21.126533,-0.889559,2023-01-01T03:47:33
-21.126533,-0.889559,2023-01-01T03:47:34
-21.126533,-0.889559,2023-01-01T03:47:35
-21.126533,-0.778364,2023-01-01T03:47:36
-21.126533,-0.778364,2023-01-01T03:47:37
-21.237725,-0.778364,2023-01-01T03:47:38
-21.237725,-0.778364,2023-01-01T03:47:39
-21.237725,-0.667170,2023-01-01T03:47:40
-21.237725,-0.667170,2023-01-01T03:47:41
-21.237725,-0.667170,2023-01-01T03:47:42
-21.237725,-0.667170,2023-01-01T03:47:43
-21.237725,-0.667170,2023-01-01T03:47:44
-21.348917,-0.555975,2023-01-01T03:47:45
-21.348917,-0.555975,2023-01-01T03:47:46
-21.348917,-0.555975,2023-01-01T03:47:47
-21.348917,-0.555975,2023-01-01T03:47:48
-21.348917,-0.555975,2023-01-01T03:47:49
-21.348917,-0.444780,2023-01-01T03:47:50
-21.348917,-0.444780,2023-01-01T03:47:51
-21.348917,-0.444780,2023-01-01T03:47:52
-21.348917,-0.444780,2023-01-01T03:47:53
-21.348917,-0.444780,2023-01-01T03:47:54
-21.348917,-0.333585,2023-01-01T03:47:55
-21.348917,-0.333585,2023-01-01T03:47:56
-21.348917,-0.333585,2023-01-01T03:47:57
-21.348917,-0.333585,2023-01-01T03:47:58
-21.348917,-0.333585,2023-01-01T03:47:59
-21.348917,-0.333585,2023-01-01T03:48:00
-21.348917,-0.333585,2023-01-01T03:48:01
-21.348917,-0.222390,2023-01-01T03:48:02
-21.348917,-0.222390,2023-01-01T03:48:03
-21.460110,-0.222390,2023-01-01T03:48:04
-21.460110,-0.222390,2023-01-01T03:48:05
-21.460110,-0.222390,2023-01-01T03:48:06
-21.460110,-0.222390,2023-01-01T03:48:07
-21.460110,-0.222390,2023-01-01T03:48:08
-21.460110,-0.222390,2023-01-01T03:48:09
-21.460110,-0.111195,2023-01-01T03:48:10
-21.460110,-0.111195,2023-01-01T03:48:11
-21.460110,-0.111195,2023-01-01T03:48:12
-21.460110,-0.111195,2023-01-01T03:48:13
-21.460110,-0.111195,2023-01-01T03:48:14
-21.460110,-0.111195,2023-01-01T03:48:15
-21.460110,-0.111195,2023-01-01T03:48:16
-21.460110,-0.111195,2023-01-01T03:48:17
-21.460110,-0.111195,2023-01-01T03:48:18
-21.460110,0.000000,2023-01-01T03:48:19
-21.460110,0.000000,2023-01-01T03:48:20
-21.460110,0.000000,2023-01-01T03:48:21
-21.460110,-0.111195,2023-01-01T03:48:22
-21.460110,-0.111195,2023-01-01T03:48:23
-21.460110,-0.111195,2023-01-01T03:48:24
-21.460110,-0.111195,2023-01-01T03:48:25
-21.460110,-0.111195,2023-01-01T03:48:26
-21.460110,-0.111195,2023-01-01T03:48:27
-21.571302,-0.111195,2023-01-01T03:48:28
-21.571302,-0.111195,2023-01-01T03:48:29
-21.571302,-0.111195,2023-01-01T03:48:30
-21.571302,-0.222390,2023-01-01T03:48:31
-21.571302,-0.222390,2023-01-01T03:48:32
-21.571302,-0.222390,2023-01-01T03:48:33
-21.571302,-0.222390,2023-01-01T03:48:34
-21.571302,-0.222390,2023-01-01T03:48:35
-21.571302,-0.222390,2023-01-01T03:48:36
-21.571302,-0.222390,2023-01-01T03:48:37
-21.571302,-0.222390,2023-01-01T03:48:38
-21.571302,-0.222390,2023-01-01T03:48:39
-21.571302,-0.222390,2023-01-01T03:48:40
-21.571302,-0.222390,2023-01-01T03:48:41
-21.571302,-0.333585,2023-01-01T03:48:42
-21.571302,-0.333585,2023-01-01T03:48:43
-21.571302,-0.333585,2023-01-01T03:48:44
-21.571302,-0.333585,2023-01-01T03:48:45
-21.571302,-0.333585,2023-01-01T03:48:46
-21.571302,-0.333585,2023-01-01T03:48:47
-21.571302,-0.333585,2023-01-01T03:48:48
-21.571302,-0.333585,2023-01-01T03:48:49
-21.571302,-0.333585,2023-01-01T03:48:50
-21.571302,-0.333585,2023-01-01T03:48:51
-21.571302,-0.333585,2023-01-01T03:48:52
-21.571302,-0.444780,2023-01-01T03:48:53
-21.571302,-0.444780,2023-01-01T03:48:54
-21.571302,-0.444780,2023-01-01T03:48:55
-21.571302,-0.444780,2023-01-01T03:48:56
-21.571302,-0.444780,2023-01-01T03:48:57
-21.571302,-0.444780,2023-01-01T03:48:58
-21.571302,-0.444780,2023-01-01T03:48:59
-21.571302,-0.444780,2023-01-01T03:49:00
-21.682494,-0.444780,2023-01-01T03:49:01
-21.682494,-0.555975,2023-01-01T03:49:02
-21.682494,-0.555975,2023-01-01T03:49:03
-21.682494,-0.555975,2023-01-01T03:49:04
-21.682494,-0.555975,2023-01-01T03:49:05
-21.682494,-0.555975,2023-01-01T03:49:06
-21.682494,-0.555975,2023-01-01T03:49:07
-21.682494,-0.555975,2023-01-01T03:49:08
-21.682494,-0.555975,2023-01-01T03:49:09
-21.682494,-0.555975,2023-01-01T03:49:10
-21.682494,-0.667170,2023-01-01T03:49:11
-21.682494,-0.667170,2023-01-01T03:49:12
-21.682494,-0.667170,2023-01-01T03:49:13
-21.682494,-0.667170,2023-01-01T03:49:14
-21.682494,-0.667170,2023-01-01T03:49:15
-21.682494,-0.667170,2023-01-01T03:49:16
-21.682494,-0.667170,2023-01-01T03:49:17
-21.682494,-0.667170,2023-01-01T03:49:18
-21.793687,-0.667170,2023-01-01T03:49:19
-21.793687,-0.667170,2023-01-01T03:49:20
-21.793687,-0.667170,2023-01-01T03:49:21
-21.793687,-0.667170,2023-01-01T03:49:22
-21.793687,-0.667170,2023-01-01T03:49:23
-21.793687,-0.778364,2023-01-01T03:49:24
-21.793687,-0.778364,2023-01-01T03:49:25
-21.793687,-0.778364,2023-01-01T03:49:26
-21.793687,-0.778364,2023-01-01T03:49:27
-21.793687,-0.778364,2023-01-01T03:49:28
-21.793687,-0.778364,2023-01-01T03:49:29
-21.793687,-0.778364,2023-01-01T03:49:30
-21.793687,-0.778364,2023-01-01T03:49:31
-21.793687,-0.778364,2023-01-01T03:49:32
-21.793687,-0.889559,2023-01-01T03:49:33
-21.793687,-0.889559,2023-01-01T03:49:34
-21.793687,-0.889559,2023-01-01T03:49:35
-21.793687,-0.889559,2023-01-01T03:49:36
-21.793687,-0.889559,2023-01-01T03:49:37
-21.793687,-0.889559,2023-01-01T03:49:38
-21.793687,-1.000754,2023-01-01T03:49:39
-21.793687,-1.000754,2023-01-01T03:49:40
-21.793687,-1.000754,2023-01-01T03:49:41
-21.793687,-1.000754,2023-01-01T03:49:42
-21.904879,-1.000754,2023-01-01T03:49:43
-21.904879,-1.111949,2023-01-01T03:49:44
-21.904879,-1.111949,2023-01-01T03:49:45
-21.904879,-1.111949,2023-01-01T03:49:46
-21.904879,-1.111949,2023-01-01T03:49:47
-21.904879,-1.111949,2023-01-01T03:49:48
-21.904879,-1.111949,2023-01-01T03:49:49
-21.904879,-1.223144,2023-01-01T03:49:50
-21.904879,-1.223144,2023-01-01T03:49:51
-21.904879,-1.223144,2023-01-01T03:49:52
-21.904879,-1.223144,2023-01-01T03:49:53
-21.904879,-1.223144,2023-01-01T03:49:54
-22.016071,-1.223144,2023-01-01T03:49:55
-22.016071,-1.223144,2023-01-01T03:49:56
-22.016071,-1.223144,2023-01-01T03:49:57
-22.016071,-1.223144,2023-01-01T03:49:58
-22.016071,-1.223144,2023-01-01T03:49:59
-22.016071,-1.223144,2023-01-01T03:50:00
-22.016071,-1.223144,2023-01-01T03:50:01
-22.016071,-1.223144,2023-01-01T03:50:02
-22.016071,-1.223144,2023-01-01T03:50:03
-22.016071,-1.223144,2023-01-01T03:50:04
-22.127263,-1.223144,2023-01-01T03:50:05
-22.127263,-1.223144,2023-01-01T03:50:06
-22.127263,-1.223144,2023-01-01T03:50:07
-22.127263,-1.223144,2023-01-01T03:50:08
-22.127263,-1.223144,2023-01-01T03:50:09
-22.127263,-1.223144,2023-01-01T03:50:10
-22.127263,-1.223144,2023-01-01T03:50:11
-22.127263,-1.223144,2023-01-01T03:50:12
-22.127263,-1.223144,2023-01-01T03:50:13
-22.127263,-1.334339,2023-01-01T03:50:14
-22.238456,-1.334339,2023-01-01T03:50:15
-22.238456,-1.334339,2023-01-01T03:50:16
-22.238456,-1.334339,2023-01-01T03:50:17
-22.238456,-1.334339,2023-01-01T03:50:18
-22.238456,-1.334339,2023-01-01T03:50:19
-22.238456,-1.334339,2023-01-01T03:50:20
-22.238456,-1.334339,2023-01-01T03:50:21
-22.238456,-1.334339,2023-01-01T03:50:22
-22.238456,-1.445534,2023-01-01T03:50:23
-22.238456,-1.445534,2023-01-01T03:50:24
-22.238456,-1.445534,2023-01-01T03:50:25
-22.238456,-1.445534,2023-01-01T03:50:26
-22.238456,-1.445534,2023-01-01T03:50:27
-22.238456,-1.556729,2023-01-01T03:50:28
-22.238456,-1.556729,2023-01-01T03:50:29
-22.238456,-1.556729,2023-01-01T03:50:30
-22.238456,-1.556729,2023-01-01T03:50:31
-22.238456,-1.556729,2023-01-01T03:50:32
-22.238456,-1.667924,2023-01-01T03:50:33
-22.238456,-1.667924,2023-01-01T03:50:34
-22.238456,-1.667924,2023-01-01T03:50:35
-22.238456,-1.667924,2023-01-01T03:50:36
-22.238456,-1.667924,2023-01-01T03:50:37
-22.238456,-1.667924,2023-01-01T03:50:38
-22.238456,-1.779119,2023-01-01T03:50:39
-22.238456,-1.779119,2023-01-01T03:50:40
-22.238456,-1.779119,2023-01-01T03:50:41
-22.238456,-1.779119,2023-01-01T03:50:42
-22.238456,-1.779119,2023-01-01T03:50:43
-22.238456,-1.890314,2023-01-01T03:50:44
-22.238456,-1.890314,2023-01-01T03:50:45
-22.238456,-1.890314,2023-01-01T03:50:46
-22.238456,-1.890314,2023-01-01T03:50:47
-22.238456,-1.890314,2023-01-01T03:50:48
-22.238456,-1.890314,2023-01-01T03:50:49
-22.238456,-2.001509,2023-01-01T03:50:50
-22.238456,-2.001509,2023-01-01T03:50:51
-22.238456,-2.001509,2023-01-01T03:50:52
-22.238456,-2.001509,2023-01-01T03:50:53
-22.238456,-2.001509,2023-01-01T03:50:54
-22.238456,-2.001509,2023-01-01T03:50:55
-22.238456,-2.001509,2023-01-01T03:50:56
-22.238456,-2.001509,2023-01-01T03:50:57
-22.238456,-2.001509,2023-01-01T03:50:58
-22.238456,-2.001509,2023-01-01T03:50:59
-22.238456,-2.001509,2023-01-01T03:51:00
-22.238456,-2.112704,2023-01-01T03:51:01
-22.238456,-2.112704,2023-01-01T03:51:02
-22.238456,-2.112704,2023-01-01T03:51:03
-22.238456,-2.112704,2023-01-01T03:51:04
-22.238456,-2.112704,2023-01-01T03:51:05
-22.238456,-2.112704,2023-01-01T03:51:06
-22.238456,-2.112704,2023-01-01T03:51:07
-22.238456,-2.112704,2023-01-01T03:51:08
-22.238456,-2.112704,2023-01-01T03:51:09
-22.238456,-2.112704,2023-01-01T03:51:10
-22.238456,-2.112704,2023-01-01T03:51:11
-22.238456,-2.223899,2023-01-01T03:51:12
-22.238456,-2.223899,2023-01-01T03:51:13
-22.238456,-2.223899,2023-01-01T03:51:14
-22.238456,-2.223899,2023-01-01T03:51:15
-22.349648,-2.223899,2023-01-01T03:51:16
-22.349648,-2.223899,2023-01-01T03:51:17
-22.349648,-2.223899,2023-01-01T03:51:18
-22.349648,-2.223899,2023-01-01T03:51:19
-22.349648,-2.223899,2023-01-01T03:51:20
-22.349648,-2.223899,2023-01-01T03:51:21
-22.349648,-2.223899,2023-01-01T03:51:22
-22.349648,-2.223899,2023-01-01T03:51:23
-22.349648,-2.335093,2023-01-01T03:51:24
-22.349648,-2.335093,2023-01-01T03:51:25
-22.349648,-2.335093,2023-01-01T03:51:26
-22.349648,-2.335093,2023-01-01T03:51:27
-22.349648,-2.335093,2023-01-01T03:51:28
-22.349648,-2.335093,2023-01-01T03:51:29
-22.349648,-2.335093,2023-01-01T03:51:30
-22.349648,-2.335093,2023-01-01T03:51:31
-22.349648,-2.335093,2023-01-01T03:51:32
-22.349648,-2.446288,2023-01-01T03:51:33
-22.349648,-2.446288,2023-01-01T03:51:34
-22.349648,-2.446288,2023-01-01T03:51:35
-22.349648,-2.446288,2023-01-01T03:51:36
-22.349648,-2.557483,2023-01-01T03:51:37
-22.349648,-2.557483,2023-01-01T03:51:38
-22.349648,-2.557483,2023-01-01T03:51:39
-22.349648,-2.557483,2023-01-01T03:51:40
-22.349648,-2.668678,2023-01-01T03:51:41
-22.349648,-2.668678,2023-01-01T03:51:42
-22.349648,-2.668678,2023-01-01T03:51:43
-22.349648,-2.668678,2023-01-01T03:51:44
-22.460840,-2.779873,2023-01-01T03:51:45
-22.460840,-2.779873,2023-01-01T03:51:46
-22.460840,-2.779873,2023-01-01T03:51:47
-22.460840,-2.891068,2023-01-01T03:51:48
-22.460840,-2.891068,2023-01-01T03:51:49
-22.460840,-2.891068,2023-01-01T03:51:50
-22.460840,-2.891068,2023-01-01T03:51:51
-22.460840,-2.891068,2023-01-01T03:51:52
-22.460840,-2.779873,2023-01-01T03:51:53
-22.460840,-2.779873,2023-01-01T03:51:54
-22.460840,-2.779873,2023-01-01T03:51:55
-22.460840,-2.779873,2023-01-01T03:51:56
-22.460840,-2.779873,2023-01-01T03:51:57
-22.572033,-2.779873,2023-01-01T03:51:58
-22.572033,-2.779873,2023-01-01T03:51:59
-22.572033,-2.779873,2023-01-01T03:52:00
-22.572033,-2.779873,2023-01-01T03:52:01
-22.572033,-2.779873,2023-01-01T03:52:02
-22.572033,-2.779873,2023-01-01T03:52:03
-22.572033,-2.779873,2023-01-01T03:52:04
-22.572033,-2.779873,2023-01-01T03:52:05
-22.572033,-2.779873,2023-01-01T03:52:06
-22.572033,-2.779873,2023-01-01T03:52:07
-22.572033,-2.779873,2023-01-01T03:52:08
-22.572033,-2.779873,2023-01-01T03:52:09
-22.572033,-2.779873,2023-01-01T03:52:10
-22.572033,-2.779873,2023-01-01T03:52:11
-22.572033,-2.779873,2023-01-01T03:52:12
-22.572033,-2.891068,2023-01-01T03:52:13
-22.572033,-2.891068,2023-01-01T03:52:14
-22.572033,-2.891068,2023-01-01T03:52:15
-22.683225,-2.891068,2023-01-01T03:52:16
-22.683225,-2.891068,2023-01-01T03:52:17
-22.683225,-2.891068,2023-01-01T03:52:18
-22.683225,-3.002263,2023-01-01T03:52:19
-22.683225,-2.891068,2023-01-01T03:52:20
-22.683225,-2.891068,2023-01-01T03:52:21
-22.683225,-2.891068,2023-01-01T03:52:22
-22.683225,-2.891068,2023-01-01T03:52:23
-22.683225,-2.891068,2023-01-01T03:52:24
-22.683225,-2.891068,2023-01-01T03:52:25
-22.683225,-2.891068,2023-01-01T03:52:26
-22.683225,-2.891068,2023-01-01T03:52:27
-22.683225,-2.891068,2023-01-01T03:52:28
-22.683225,-2.891068,2023-01-01T03:52:29
-22.683225,-2.891068,2023-01-01T03:52:30
-22.683225,-2.891068,2023-01-01T03:52:31
-22.683225,-2.891068,2023-01-01T03:52:32
-22.683225,-2.891068,2023-01-01T03:52:33
-22.794417,-2.891068,2023-01-01T03:52:34
-22.794417,-2.891068,2023-01-01T03:52:35
-22.794417,-2.891068,2023-01-01T03:52:36
-22.794417,-2.891068,2023-01-01T03:52:37
-22.794417,-2.891068,2023-01-01T03:52:38
-22.794417,-2.891068,2023-01-01T03:52:39
-22.794417,-3.002263,2023-01-01T03:52:40
-22.794417,-3.002263,2023-01-01T03:52:41
-22.794417,-3.002263,2023-01-01T03:52:42
-22.794417,-3.002263,2023-01-01T03:52:43
-22.794417,-3.002263,2023-01-01T03:52:44
-22.794417,-3.002263,2023-01-01T03:52:45
-22.794417,-3.113458,2023-01-01T03:52:46
-22.905609,-3.113458,2023-01-01T03:52:47
-22.905609,-3.113458,2023-01-01T03:52:48
-22.905609,-3.113458,2023-01-01T03:52:49
-22.905609,-3.113458,2023-01-01T03:52:50
-22.905609,-3.113458,2023-01-01T03:52:51
-22.905609,-3.113458,2023-01-01T03:52:52
-22.905609,-3.113458,2023-01-01T03:52:53
-22.905609,-3.113458,2023-01-01T03:52:54
-22.905609,-3.113458,2023-01-01T03:52:55
-22.905609,-3.002263,2023-01-01T03:52:56
-22.905609,-3.002263,2023-01-01T03:52:57
-22.905609,-3.002263,2023-01-01T03:52:58
-22.905609,-3.002263,2023-01-01T03:52:59
-22.905609,-3.002263,2023-01-01T03:53:00
-22.905609,-3.002263,2023-01-01T03:53:01
-22.905609,-3.002263,2023-01-01T03:53:02
-23.016802,-3.002263,2023-01-01T03:53:03
-23.016802,-3.002263,2023-01-01T03:53:04
-23.016802,-3.002263,2023-01-01T03:53:05
-23.016802,-3.002263,2023-01-01T03:53:06
-23.016802,-3.002263,2023-01-01T03:53:07
-23.016802,-3.002263,2023-01-01T03:53:08
-23.016802,-3.002263,2023-01-01T03:53:09
-23.016802,-3.113458,2023-01-01T03:53:10
-23.016802,-3.113458,2023-01-01T03:53:11
-23.016802,-3.113458,2023-01-01T03:53:12
-23.016802,-3.113458,2023-01-01T03:53:13
-23.016802,-3.113458,2023-01-01T03:53:14
-23.016802,-3.113458,2023-01-01T03:53:15
-23.016802,-3.113458,2023-01-01T03:53:16
-23.016802,-3.113458,2023-01-01T03:53:17
-23.016802,-3.113458,2023-01-01T03:53:18
-23.016802,-3.113458,2023-01-01T03:53:19
-23.127994,-3.113458,2023-01-01T03:53:20
-23.127994,-3.113458,2023-01-01T03:53:21
-23.127994,-3.113458,2023-01-01T03:53:22
-23.127994,-3.002263,2023-01-01T03:53:23
-23.127994,-3.002263,2023-01-01T03:53:24
-23.127994,-3.002263,2023-01-01T03:53:25
-23.127994,-3.002263,2023-01-01T03:53:26
-23.127994,-3.002263,2023-01-01T03:53:27
-23.127994,-3.002263,2023-01-01T03:53:28
-23.127994,-3.002263,2023-01-01T03:53:29
-23.127994,-3.002263,2023-01-01T03:53:30
-23.127994,-2.891068,2023-01-01T03:53:31
-23.127994,-2.891068,2023-01-01T03:53:32
-23.127994,-2.891068,2023-01-01T03:53:33
-23.127994,-2.891068,2023-01-01T03:53:34
-23.127994,-2.891068,2023-01-01T03:53:35
-23.127994,-2.891068,2023-01-01T03:53:36
-23.127994,-2.891068,2023-01-01T03:53:37
-23.127994,-2.891068,2023-01-01T03:53:38
-23.127994,-2.891068,2023-01-01T03:53:39
-23.127994,-2.891068,2023-01-01T03:53:40
-23.127994,-2.891068,2023-01-01T03:53:41
-23.127994,-2.891068,2023-01-01T03:53:42
-23.127994,-2.891068,2023-01-01T03:53:43
-23.127994,-2.891068,2023-01-01T03:53:44
-23.127994,-2.891068,2023-01-01T03:53:45
-23.239186,-2.891068,2023-01-01T03:53:46
-23.239186,-2.891068,2023-01-01T03:53:47
-23.239186,-3.002263,2023-01-01T03:53:48
-23.239186,-3.002263,2023-01-01T03:53:49
-23.239186,-2.891068,2023-01-01T03:53:50
-23.239186,-2.891068,2023-01-01T03:53:51
-23.239186,-2.891068,2023-01-01T03:53:52
-23.239186,-2.891068,2023-01-01T03:53:53
-23.239186,-2.891068,2023-01-01T03:53:54
-23.239186,-2.891068,2023-01-01T03:53:55
-23.350379,-2.779873,2023-01-01T03:53:56
-23.350379,-2.779873,2023-01-01T03:53:57
-23.350379,-2.779873,2023-01-01T03:53:58
-23.350379,-2.779873,2023-01-01T03:53:59
-23.350379,-2.779873,2023-01-01T03:54:00
-23.350379,-2.779873,2023-01-01T03:54:01
-23.350379,-2.779873,2023-01-01T03:54:02
-23.350379,-2.779873,2023-01-01T03:54:03
-23.461571,-2.779873,2023-01-01T03:54:04
-23.461571,-2.779873,2023-01-01T03:54:05
-23.461571,-2.779873,2023-01-01T03:54:06
-23.461571,-2.779873,2023-01-01T03:54:07
-23.461571,-2.779873,2023-01-01T03:54:08
-23.461571,-2.779873,2023-01-01T03:54:09
-23.461571,-2.779873,2023-01-01T03:54:10
-23.461571,-2.779873,2023-01-01T03:54:11
-23.572763,-2.779873,2023-01-01T03:54:12
-23.572763,-2.779873,2023-01-01T03:54:13
-23.572763,-2.779873,2023-01-01T03:54:14
-23.572763,-2.779873,2023-01-01T03:54:15
-23.572763,-2.779873,2023-01-01T03:54:16
-23.572763,-2.779873,2023-01-01T03:54:17
-23.572763,-2.779873,2023-01-01T03:54:18
-23.572763,-2.779873,2023-01-01T03:54:19
-23.683955,-2.779873,2023-01-01T03:54:20
-23.683955,-2.779873,2023-01-01T03:54:21
-23.683955,-2.668678,2023-01-01T03:54:22
-23.683955,-2.668678,2023-01-01T03:54:23
-23.683955,-2.668678,2023-01-01T03:54:24
-23.683955,-2.668678,2023-01-01T03:54:25
-23.683955,-2.668678,2023-01-01T03:54:26
-23.683955,-2.557483,2023-01-01T03:54:27
-23.683955,-2.557483,2023-01-01T03:54:28
-23.683955,-2.557483,2023-01-01T03:54:29
-23.683955,-2.557483,2023-01-01T03:54:30
-23.795148,-2.557483,2023-01-01T03:54:31
-23.795148,-2.557483,2023-01-01T03:54:32
-23.795148,-2.557483,2023-01-01T03:54:33
-23.795148,-2.446288,2023-01-01T03:54:34
-23.795148,-2.446288,2023-01-01T03:54:35
-23.795148,-2.446288,2023-01-01T03:54:36
-23.795148,-2.446288,2023-01-01T03:54:37
-23.795148,-2.446288,2023-01-01T03:54:38
-23.795148,-2.446288,2023-01-01T03:54:39
-23.906340,-2.446288,2023-01-01T03:54:40
-23.906340,-2.446288,2023-01-01T03:54:41
-23.906340,-2.446288,2023-01-01T03:54:42
-23.906340,-2.446288,2023-01-01T03:54:43
-23.906340,-2.446288,2023-01-01T03:54:44
-23.906340,-2.446288,2023-01-01T03:54:45
-23.906340,-2.446288,2023-01-01T03:54:46
-23.906340,-2.446288,2023-01-01T03:54:47
-23.906340,-2.446288,2023-01-01T03:54:48
-24.017532,-2.446288,2023-01-01T03:54:49
-24.017532,-2.335093,2023-01-01T03:54:50
-24.017532,-2.335093,2023-01-01T03:54:51
-24.017532,-2.335093,2023-01-01T03:54:52
-24.017532,-2.335093,2023-01-01T03:54:53
-24.017532,-2.335093,2023-01-01T03:54:54
-24.017532,-2.335093,2023-01-01T03:54:55
-24.017532,-2.223899,2023-01-01T03:54:56
-24.017532,-2.223899,2023-01-01T03:54:57
-24.017532,-2.223899,2023-01-01T03:54:58
-24.017532,-2.223899,2023-01-01T03:54:59
-24.017532,-2.223899,2023-01-01T03:55:00
-24.017532,-2.223899,2023-01-01T03:55:01
-24.017532,-2.223899,2023-01-01T03:55:02
-24.128724,-2.223899,2023-01-01T03:55:03
-24.128724,-2.223899,2023-01-01T03:55:04
-24.128724,-2.223899,2023-01-01T03:55:05
-24.128724,-2.223899,2023-01-01T03:55:06
-24.128724,-2.223899,2023-01-01T03:55:07
-24.128724,-2.112704,2023-01-01T03:55:08
-24.128724,-2.112704,2023-01-01T03:55:09
-24.128724,-2.112704,2023-01-01T03:55:10
-24.128724,-2.223899,2023-01-01T03:55:11
-24.128724,-2.223899,2023-01-01T03:55:12
-24.239917,-2.223899,2023-01-01T03:55:13
-24.239917,-2.223899,2023-01-01T03:55:14
-24.239917,-2.223899,2023-01-01T03:55:15
-24.239917,-2.223899,2023-01-01T03:55:16
-24.239917,-2.223899,2023-01-01T03:55:17
-24.239917,-2.223899,2023-01-01T03:55:18
-24.239917,-2.335093,2023-01-01T03:55:19
-24.239917,-2.335093,2023-01-01T03:55:20
-24.239917,-2.335093,2023-01-01T03:55:21
-24.239917,-2.335093,2023-01-01T03:55:22
-24.239917,-2.335093,2023-01-01T03:55:23
-24.239917,-2.335093,2023-01-01T03:55:24
-24.239917,-2.335093,2023-01-01T03:55:25
-24.351109,-2.335093,2023-01-01T03:55:26
-24.351109,-2.335093,2023-01-01T03:55:27
-24.351109,-2.335093,2023-01-01T03:55:28
-24.351109,-2.335093,2023-01-01T03:55:29
-24.351109,-2.335093,2023-01-01T03:55:30
-24.351109,-2.335093,2023-01-01T03:55:31
-24.351109,-2.335093,2023-01-01T03:55:32
-24.351109,-2.446288,2023-01-01T03:55:33
-24.351109,-2.446288,2023-01-01T03:55:34
-24.351109,-2.446288,2023-01-01T03:55:35
-24.351109,-2.446288,2023-01-01T03:55:36
-24.462301,-2.446288,2023-01-01T03:55:37
-24.462301,-2.446288,2023-01-01T03:55:38
-24.462301,-2.557483,2023-01-01T03:55:39
-24.462301,-2.557483,2023-01-01T03:55:40
-24.462301,-2.557483,2023-01-01T03:55:41
-24.462301,-2.557483,2023-01-01T03:55:42
-24.462301,-2.557483,2023-01-01T03:55:43
-24.462301,-2.557483,2023-01-01T03:55:44
-24.462301,-2.557483,2023-01-01T03:55:45
-24.462301,-2.668678,2023-01-01T03:55:46
-24.462301,-2.668678,2023-01-01T03:55:47
-24.462301,-2.668678,2023-01-01T03:55:48
-24.462301,-2.668678,2023-01-01T03:55:49
-24.462301,-2.668678,2023-01-01T03:55:50
-24.573494,-2.668678,2023-01-01T03:55:51
-24.573494,-2.668678,2023-01-01T03:55:52
-24.573494,-2.557483,2023-01-01T03:55:53
-24.573494,-2.557483,2023-01-01T03:55:54
-24.573494,-2.557483,2023-01-01T03:55:55
-24.573494,-2.557483,2023-01-01T03:55:56
-24.573494,-2.557483,2023-01-01T03:55:57
-24.573494,-2.557483,2023-01-01T03:55:58
-24.573494,-2.446288,2023-01-01T03:55:59
-24.573494,-2.446288,2023-01-01T03:56:00
-24.573494,-2.446288,2023-01-01T03:56:01
-24.573494,-2.446288,2023-01-01T03:56:02
-24.573494,-2.446288,2023-01-01T03:56:03
-24.573494,-2.446288,2023-01-01T03:56:04
-24.684686,-2.446288,2023-01-01T03:56:05
-24.684686,-2.446288,2023-01-01T03:56:06
-24.684686,-2.446288,2023-01-01T03:56:07
-24.684686,-2.335093,2023-01-01T03:56:08
-24.684686,-2.335093,2023-01-01T03:56:09
-24.684686,-2.335093,2023-01-01T03:56:10
-24.684686,-2.335093,2023-01-01T03:56:11
-24.684686,-2.335093,2023-01-01T03:56:12
-24.684686,-2.335093,2023-01-01T03:56:13
-24.684686,-2.335093,2023-01-01T03:56:14
-24.684686,-2.335093,2023-01-01T03:56:15
-24.684686,-2.335093,2023-01-01T03:56:16
-24.684686,-2.335093,2023-01-01T03:56:17
-24.684686,-2.335093,2023-01-01T03:56:18
-24.684686,-2.335093,2023-01-01T03:56:19
-24.684686,-2.335093,2023-01-01T03:56:20
-24.795878,-2.335093,2023-01-01T03:56:21
-24.795878,-2.335093,2023-01-01T03:56:22
-24.795878,-2.335093,2023-01-01T03:56:23
-24.795878,-2.335093,2023-01-01T03:56:24
-24.795878,-2.335093,2023-01-01T03:56:25
-24.795878,-2.335093,2023-01-01T03:56:26
-24.795878,-2.335093,2023-01-01T03:56:27
-24.795878,-2.335093,2023-01-01T03:56:28
-24.795878,-2.335093,2023-01-01T03:56:29
-24.907070,-2.335093,2023-01-01T03:56:30
-24.907070,-2.335093,2023-01-01T03:56:31
-24.907070,-2.335093,2023-01-01T03:56:32
-24.907070,-2.335093,2023-01-01T03:56:33
-24.907070,-2.335093,2023-01-01T03:56:34
-24.907070,-2.335093,2023-01-01T03:56:35
-24.907070,-2.335093,2023-01-01T03:56:36
-24.907070,-2.446288,2023-01-01T03:56:37
-24.907070,-2.446288,2023-01-01T03:56:38
-24.907070,-2.446288,2023-01-01T03:56:39
-24.907070,-2.446288,2023-01-01T03:56:40
-25.018263,-2.557483,2023-01-01T03:56:41
-25.018263,-2.557483,2023-01-01T03:56:42
-25.018263,-2.557483,2023-01-01T03:56:43
-25.018263,-2.557483,2023-01-01T03:56:44
-25.018263,-2.668678,2023-01-01T03:56:45
-25.018263,-2.668678,2023-01-01T03:56:46
-25.018263,-2.668678,2023-01-01T03:56:47
-25.018263,-2.668678,2023-01-01T03:56:48
-25.018263,-2.779873,2023-01-01T03:56:49
-25.018263,-2.779873,2023-01-01T03:56:50
-25.129455,-2.779873,2023-01-01T03:56:51
-25.129455,-2.779873,2023-01-01T03:56:52
-25.129455,-2.779873,2023-01-01T03:56:53
-25.129455,-2.779873,2023-01-01T03:56:54
-25.129455,-2.668678,2023-01-01T03:56:55
-25.129455,-2.668678,2023-01-01T03:56:56
-25.129455,-2.668678,2023-01-01T03:56:57
-25.129455,-2.668678,2023-01-01T03:56:58
-25.129455,-2.668678,2023-01-01T03:56:59
-25.129455,-2.668678,2023-01-01T03:57:00
-25.129455,-2.668678,2023-01-01T03:57:01
-25.129455,-2.668678,2023-01-01T03:57:02
-25.240647,-2.668678,2023-01-01T03:57:03
-25.240647,-2.668678,2023-01-01T03:57:04
-25.240647,-2.668678,2023-01-01T03:57:05
-25.240647,-2.668678,2023-01-01T03:57:06
-25.240647,-2.668678,2023-01-01T03:57:07
-25.240647,-2.668678,2023-01-01T03:57:08
-25.240647,-2.668678,2023-01-01T03:57:09
-25.240647,-2.668678,2023-01-01T03:57:10
-25.240647,-2.668678,2023-01-01T03:57:11
-25.240647,-2.668678,2023-01-01T03:57:12
-25.240647,-2.668678,2023-01-01T03:57:13
-25.240647,-2.557483,2023-01-01T03:57:14
-25.351840,-2.557483,2023-01-01T03:57:15
-25.351840,-2.557483,2023-01-01T03:57:16
-25.351840,-2.557483,2023-01-01T03:57:17
-25.351840,-2.557483,2023-01-01T03:57:18
-25.351840,-2.557483,2023-01-01T03:57:19
-25.351840,-2.557483,2023-01-01T03:57:20
-25.351840,-2.557483,2023-01-01T03:57:21
-25.351840,-2.557483,2023-01-01T03:57:22
-25.351840,-2.557483,2023-01-01T03:57:23
-25.351840,-2.446288,2023-01-01T03:57:24
-25.351840,-2.446288,2023-01-01T03:57:25
-25.351840,-2.446288,2023-01-01T03:57:26
-25.351840,-2.446288,2023-01-01T03:57:27
-25.351840,-2.446288,2023-01-01T03:57:28
-25.351840,-2.446288,2023-01-01T03:57:29
-25.351840,-2.335093,2023-01-01T03:57:30
-25.351840,-2.335093,2023-01-01T03:57:31
-25.351840,-2.335093,2023-01-01T03:57:32
-25.351840,-2.335093,2023-01-01T03:57:33
-25.351840,-2.335093,2023-01-01T03:57:34
-25.463032,-2.335093,2023-01-01T03:57:35
-25.463032,-2.335093,2023-01-01T03:57:36
-25.463032,-2.223899,2023-01-01T03:57:37
-25.463032,-2.223899,2023-01-01T03:57:38
-25.463032,-2.223899,2023-01-01T03:57:39
-25.463032,-2.223899,2023-01-01T03:57:40
-25.463032,-2.223899,2023-01-01T03:57:41
-25.463032,-2.223899,2023-01-01T03:57:42
-25.463032,-2.223899,2023-01-01T03:57:43
-25.463032,-2.223899,2023-01-01T03:57:44
-25.463032,-2.112704,2023-01-01T03:57:45
-25.463032,-2.112704,2023-01-01T03:57:46
-25.463032,-2.112704,2023-01-01T03:57:47
-25.463032,-2.112704,2023-01-01T03:57:48
-25.463032,-2.112704,2023-01-01T03:57:49
-25.463032,-2.112704,2023-01-01T03:57:50
-25.463032,-2.112704,2023-01-01T03:57:51
-25.463032,-2.001509,2023-01-01T03:57:52
-25.463032,-2.001509,2023-01-01T03:57:53
-25.463032,-2.001509,2023-01-01T03:57:54
-25.463032,-2.001509,2023-01-01T03:57:55
-25.463032,-2.001509,2023-01-01T03:57:56
-25.463032,-2.001509,2023-01-01T03:57:57
-25.463032,-2.001509,2023-01-01T03:57:58
-25.463032,-2.001509,2023-01-01T03:57:59
-25.463032,-2.001509,2023-01-01T03:58:00
-25.463032,-2.001509,2023-01-01T03:58:01
-25.463032,-2.001509,2023-01-01T03:58:02
-25.463032,-2.001509,2023-01-01T03:58:03
-25.463032,-2.001509,2023-01-01T03:58:04
-25.463032,-2.001509,2023-01-01T03:58:05
-25.463032,-2.001509,2023-01-01T03:58:06
-25.463032,-2.001509,2023-01-01T03:58:07
-25.463032,-2.001509,2023-01-01T03:58:08
-25.463032,-2.001509,2023-01-01T03:58:09
-25.463032,-2.112704,2023-01-01T03:58:10
-25.463032,-2.112704,2023-01-01T03:58:11
-25.463032,-2.112704,2023-01-01T03:58:12
-25.463032,-2.112704,2023-01-01T03:58:13
-25.463032,-2.112704,2023-01-01T03:58:14
-25.463032,-2.112704,2023-01-01T03:58:15
-25.463032,-2.112704,2023-01-01T03:58:16
-25.463032,-2.112704,2023-01-01T03:58:17
-25.351840,-2.112704,2023-01-01T03:58:18
-25.351840,-2.112704,2023-01-01T03:58:19
-25.351840,-2.112704,2023-01-01T03:58:20
-25.351840,-2.112704,2023-01-01T03:58:21
-25.351840,-2.001509,2023-01-01T03:58:22
-25.351840,-2.001509,2023-01-01T03:58:23
-25.351840,-2.001509,2023-01-01T03:58:24
-25.351840,-2.001509,2023-01-01T03:58:25
-25.351840,-2.001509,2023-01-01T03:58:26
-25.351840,-1.890314,2023-01-01T03:58:27
-25.351840,-1.890314,2023-01-01T03:58:28
-25.351840,-1.890314,2023-01-01T03:58:29
-25.351840,-1.890314,2023-01-01T03:58:30
-25.351840,-1.890314,2023-01-01T03:58:31
-25.351840,-1.779119,2023-01-01T03:58:32
-25.351840,-1.779119,2023-01-01T03:58:33
-25.351840,-1.779119,2023-01-01T03:58:34
-25.351840,-1.779119,2023-01-01T03:58:35
-25.351840,-1.779119,2023-01-01T03:58:36
-25.351840,-1.667924,2023-01-01T03:58:37
-25.351840,-1.667924,2023-01-01T03:58:38
-25.351840,-1.667924,2023-01-01T03:58:39
-25.351840,-1.556729,2023-01-01T03:58:40
-25.351840,-1.556729,2023-01-01T03:58:41
-25.351840,-1.556729,2023-01-01T03:58:42
-25.351840,-1.445534,2023-01-01T03:58:43
-25.351840,-1.445534,2023-01-01T03:58:44
-25.351840,-1.334339,2023-01-01T03:58:45
-25.351840,-1.334339,2023-01-01T03:58:46
-25.351840,-1.334339,2023-01-01T03:58:47
-25.351840,-1.223144,2023-01-01T03:58:48
-25.351840,-1.223144,2023-01-01T03:58:49
-25.351840,-1.223144,2023-01-01T03:58:50
-25.351840,-1.223144,2023-01-01T03:58:51
-25.351840,-1.223144,2023-01-01T03:58:52
-25.351840,-1.223144,2023-01-01T03:58:53
-25.351840,-1.223144,2023-01-01T03:58:54
-25.351840,-1.111949,2023-01-01T03:58:55
-25.351840,-1.111949,2023-01-01T03:58:56
-25.351840,-1.111949,2023-01-01T03:58:57
-25.351840,-1.111949,2023-01-01T03:58:58
-25.351840,-1.111949,2023-01-01T03:58:59
-25.351840,-1.111949,2023-01-01T03:59:00
-25.351840,-1.111949,2023-01-01T03:59:01
-25.351840,-1.111949,2023-01-01T03:59:02
-25.351840,-1.111949,2023-01-01T03:59:03
-25.351840,-1.111949,2023-01-01T03:59:04
-25.351840,-1.111949,2023-01-01T03:59:05
-25.351840,-1.111949,2023-01-01T03:59:06
-25.351840,-1.111949,2023-01-01T03:59:07
-25.351840,-1.111949,2023-01-01T03:59:08
-25.351840,-1.111949,2023-01-01T03:59:09
-25.351840,-1.111949,2023-01-01T03:59:10
-25.351840,-1.111949,2023-01-01T03:59:11
-25.351840,-1.111949,2023-01-01T03:59:12
-25.351840,-1.000754,2023-01-01T03:59:13
-25.351840,-1.000754,2023-01-01T03:59:14
-25.351840,-1.000754,2023-01-01T03:59:15
-25.351840,-1.000754,2023-01-01T03:59:16
-25.351840,-1.000754,2023-01-01T03:59:17
-25.351840,-1.000754,2023-01-01T03:59:18
-25.351840,-1.000754,2023-01-01T03:59:19
-25.351840,-1.000754,2023-01-01T03:59:20
-25.351840,-1.000754,2023-01-01T03:59:21
-25.351840,-1.000754,2023-01-01T03:59:22
-25.351840,-1.000754,2023-01-01T03:59:23
-25.351840,-1.000754,2023-01-01T03:59:24
-25.351840,-1.000754,2023-01-01T03:59:25
-25.351840,-1.000754,2023-01-01T03:59:26
-25.351840,-1.000754,2023-01-01T03:59:27
-25.351840,-1.000754,2023-01-01T03:59:28
-25.351840,-1.111949,2023-01-01T03:59:29
-25.351840,-1.111949,2023-01-01T03:59:30
-25.351840,-1.111949,2023-01-01T03:59:31
-25.351840,-1.111949,2023-01-01T03:59:32
-25.463032,-1.111949,2023-01-01T03:59:33
-25.463032,-1.111949,2023-01-01T03:59:34
-25.463032,-1.111949,2023-01-01T03:59:35
-25.463032,-1.111949,2023-01-01T03:59:36
-25.463032,-1.111949,2023-01-01T03:59:37
-25.463032,-1.111949,2023-01-01T03:59:38
-25.463032,-1.111949,2023-01-01T03:59:39
-25.463032,-1.111949,2023-01-01T03:59:40
-25.463032,-1.111949,2023-01-01T03:59:41
-25.463032,-1.111949,2023-01-01T03:59:42
-25.463032,-1.111949,2023-01-01T03:59:43
-25.463032,-1.111949,2023-01-01T03:59:44
-25.463032,-1.111949,2023-01-01T03:59:45
-25.463032,-1.111949,2023-01-01T03:59:46
-25.463032,-1.223144,2023-01-01T03:59:47
-25.463032,-1.223144,2023-01-01T03:59:48
-25.463032,-1.223144,2023-01-01T03:59:49
-25.463032,-1.223144,2023-01-01T03:59:50
-25.574224,-1.223144,2023-01-01T03:59:51
-25.574224,-1.223144,2023-01-01T03:59:52
-25.574224,-1.334339,2023-01-01T03:59:53
-25.574224,-1.334339,2023-01-01T03:59:54
-25.574224,-1.334339,2023-01-01T03:59:55
-25.574224,-1.334339,2023-01-01T03:59:56
-25.574224,-1.334339,2023-01-01T03:59:57
-25.574224,-1.445534,2023-01-01T03:59:58
-25.574224,-1.445534,2023-01-01T03:59:59
-25.574224,-1.445534,2023-01-01T04:00:00
-25.574224,-1.556729,2023-01-01T04:00:01
-25.574224,-1.556729,2023-01-01T04:00:02
-25.574224,-1.556729,2023-01-01T04:00:03
-25.574224,-1.667924,2023-01-01T04:00:04
-25.574224,-1.667924,2023-01-01T04:00:05
-25.574224,-1.667924,2023-01-01T04:00:06
-25.574224,-1.779119,2023-01-01T04:00:07
-25.574224,-1.779119,2023-01-01T04:00:08
-25.574224,-1.779119,2023-01-01T04:00:09
-25.574224,-1.779119,2023-01-01T04:00:10
-25.574224,-1.890314,2023-01-01T04:00:11
-25.574224,-1.890314,2023-01-01T04:00:12
-25.574224,-1.890314,2023-01-01T04:00:13
-25.574224,-2.001509,2023-01-01T04:00:14
-25.574224,-2.001509,2023-01-01T04:00:15
-25.574224,-2.001509,2023-01-01T04:00:16
-25.574224,-2.001509,2023-01-01T04:00:17
-25.574224,-2.112704,2023-01-01T04:00:18
-25.574224,-2.112704,2023-01-01T04:00:19
-25.574224,-2.112704,2023-01-01T04:00:20
-25.574224,-2.112704,2023-01-01T04:00:21
-25.574224,-2.001509,2023-01-01T04:00:22
-25.574224,-2.001509,2023-01-01T04:00:23
-25.685416,-2.001509,2023-01-01T04:00:24
-25.685416,-2.001509,2023-01-01T04:00:25
-25.685416,-2.001509,2023-01-01T04:00:26
-25.685416,-2.001509,2023-01-01T04:00:27
-25.685416,-2.001509,2023-01-01T04:00:28
-25.685416,-2.001509,2023-01-01T04:00:29
-25.685416,-1.890314,2023-01-01T04:00:30
-25.685416,-1.890314,2023-01-01T04:00:31
-25.685416,-1.890314,2023-01-01T04:00:32
-25.685416,-1.890314,2023-01-01T04:00:33
-25.685416,-1.890314,2023-01-01T04:00:34
-25.685416,-1.890314,2023-01-01T04:00:35
-25.685416,-1.890314,2023-01-01T04:00:36
-25.685416,-1.890314,2023-01-01T04:00:37
-25.685416,-1.890314,2023-01-01T04:00:38
-25.685416,-1.779119,2023-01-01T04:00:39
-25.685416,-1.779119,2023-01-01T04:00:40
-25.685416,-1.779119,2023-01-01T04:00:41
-25.685416,-1.779119,2023-01-01T04:00:42
-25.685416,-1.779119,2023-01-01T04:00:43
-25.685416,-1.779119,2023-01-01T04:00:44
-25.685416,-1.779119,2023-01-01T04:00:45
-25.685416,-1.779119,2023-01-01T04:00:46
-25.685416,-1.779119,2023-01-01T04:00:47
-25.685416,-1.779119,2023-01-01T04:00:48
-25.685416,-1.779119,2023-01-01T04:00:49
-25.685416,-1.779119,2023-01-01T04:00:50
-25.685416,-1.779119,2023-01-01T04:00:51
-25.685416,-1.779119,2023-01-01T04:00:52
-25.685416,-1.779119,2023-01-01T04:00:53
-25.685416,-1.890314,2023-01-01T04:00:54
-25.685416,-1.890314,2023-01-01T04:00:55
-25.685416,-1.890314,2023-01-01T04:00:56
-25.685416,-1.890314,2023-01-01T04:00:57
-25.685416,-1.890314,2023-01-01T04:00:58
-25.685416,-2.001509,2023-01-01T04:00:59
-25.685416,-2.001509,2023-01-01T04:01:00
-25.685416,-2.001509,2023-01-01T04:01:01
-25.685416,-2.001509,2023-01-01T04:01:02
-25.685416,-2.001509,2023-01-01T04:01:03
-25.685416,-2.001509,2023-01-01T04:01:04
-25.685416,-2.112704,2023-01-01T04:01:05
-25.685416,-2.112704,2023-01-01T04:01:06
-25.685416,-2.112704,2023-01-01T04:01:07
-25.685416,-2.112704,2023-01-01T04:01:08
-25.685416,-2.112704,2023-01-01T04:01:09
-25.685416,-2.112704,2023-01-01T04:01:10
-25.685416,-2.112704,2023-01-01T04:01:11
-25.685416,-2.223899,2023-01-01T04:01:12
-25.685416,-2.223899,2023-01-01T04:01:13
-25.685416,-2.223899,2023-01-01T04:01:14
-25.685416,-2.223899,2023-01-01T04:01:15
-25.685416,-2.223899,2023-01-01T04:01:16
-25.685416,-2.223899,2023-01-01T04:01:17
-25.685416,-2.223899,2023-01-01T04:01:18
-25.685416,-2.223899,2023-01-01T04:01:19
-25.685416,-2.335093,2023-01-01T04:01:20
-25.685416,-2.335093,2023-01-01T04:01:21
-25.685416,-2.335093,2023-01-01T04:01:22
-25.685416,-2.335093,2023-01-01T04:01:23
-25.685416,-2.335093,2023-01-01T04:01:24
-25.685416,-2.335093,2023-01-01T04:01:25
-25.685416,-2.335093,2023-01-01T04:01:26
-25.685416,-2.335093,2023-01-01T04:01:27
-25.796609,-2.335093,2023-01-01T04:01:28
-25.796609,-2.335093,2023-01-01T04:01:29
-25.796609,-2.446288,2023-01-01T04:01:30
-25.796609,-2.446288,2023-01-01T04:01:31
-25.796609,-2.446288,2023-01-01T04:01:32
-25.796609,-2.446288,2023-01-01T04:01:33
-25.796609,-2.446288,2023-01-01T04:01:34
-25.796609,-2.446288,2023-01-01T04:01:35
-25.796609,-2.557483,2023-01-01T04:01:36
-25.796609,-2.557483,2023-01-01T04:01:37
-25.796609,-2.557483,2023-01-01T04:01:38
-25.796609,-2.557483,2023-01-01T04:01:39
-25.796609,-2.668678,2023-01-01T04:01:40
-25.796609,-2.668678,2023-01-01T04:01:41
-25.796609,-2.668678,2023-01-01T04:01:42
-25.796609,-2.668678,2023-01-01T04:01:43
-25.796609,-2.779873,2023-01-01T04:01:44
-25.796609,-2.779873,2023-01-01T04:01:45
-25.796609,-2.779873,2023-01-01T04:01:46
-25.796609,-2.891068,2023-01-01T04:01:47
-25.796609,-2.891068,2023-01-01T04:01:48
-25.796609,-2.891068,2023-01-01T04:01:49
-25.796609,-2.891068,2023-01-01T04:01:50
-25.796609,-2.891068,2023-01-01T04:01:51
-25.796609,-2.891068,2023-01-01T04:01:52
-25.796609,-2.891068,2023-01-01T04:01:53
-25.796609,-2.891068,2023-01-01T04:01:54
-25.796609,-2.891068,2023-01-01T04:01:55
-25.796609,-2.891068,2023-01-01T04:01:56
-25.796609,-2.891068,2023-01-01T04:01:57
-25.796609,-2.891068,2023-01-01T04:01:58
-25.796609,-2.891068,2023-01-01T04:01:59
-25.796609,-2.891068,2023-01-01T04:02:00
-25.796609,-2.779873,2023-01-01T04:02:01
-25.796609,-2.779873,2023-01-01T04:02:02
-25.796609,-2.779873,2023-01-01T04:02:03
-25.796609,-2.779873,2023-01-01T04:02:04
-25.907801,-2.779873,2023-01-01T04:02:05
-25.907801,-2.779873,2023-01-01T04:02:06
-25.907801,-2.779873,2023-01-01T04:02:07
-25.907801,-2.779873,2023-01-01T04:02:08
-25.907801,-2.779873,2023-01-01T04:02:09
-25.907801,-2.779873,2023-01-01T04:02:10
-25.907801,-2.779873,2023-01-01T04:02:11
-25.907801,-2.779873,2023-01-01T04:02:12
-25.907801,-2.779873,2023-01-01T04:02:13
-25.907801,-2.779873,2023-01-01T04:02:14
-25.907801,-2.779873,2023-01-01T04:02:15
-25.907801,-2.779873,2023-01-01T04:02:16
-25.907801,-2.779873,2023-01-01T04:02:17
-25.907801,-2.779873,2023-01-01T04:02:18
-25.907801,-2.779873,2023-01-01T04:02:19
-25.907801,-2.668678,2023-01-01T04:02:20
-25.907801,-2.668678,2023-01-01T04:02:21
-25.907801,-2.668678,2023-01-01T04:02:22
-25.907801,-2.668678,2023-01-01T04:02:23
-25.907801,-2.668678,2023-01-01T04:02:24
-25.907801,-2.668678,2023-01-01T04:02:25
-25.907801,-2.557483,2023-01-01T04:02:26
-25.907801,-2.557483,2023-01-01T04:02:27
-25.907801,-2.557483,2023-01-01T04:02:28
-25.907801,-2.557483,2023-01-01T04:02:29
-25.907801,-2.557483,2023-01-01T04:02:30
-26.018993,-2.557483,2023-01-01T04:02:31
-26.018993,-2.557483,2023-01-01T04:02:32
-26.018993,-2.557483,2023-01-01T04:02:33
-26.018993,-2.557483,2023-01-01T04:02:34
-26.018993,-2.557483,2023-01-01T04:02:35
-26.018993,-2.557483,2023-01-01T04:02:36
-26.018993,-2.557483,2023-01-01T04:02:37
-26.018993,-2.557483,2023-01-01T04:02:38
-26.018993,-2.557483,2023-01-01T04:02:39
-26.018993,-2.557483,2023-01-01T04:02:40
-26.018993,-2.557483,2023-01-01T04:02:41
-26.018993,-2.557483,2023-01-01T04:02:42
-26.018993,-2.668678,2023-01-01T04:02:43
-26.018993,-2.668678,2023-01-01T04:02:44
-26.018993,-2.668678,2023-01-01T04:02:45
-26.018993,-2.668678,2023-01-01T04:02:46
-26.018993,-2.668678,2023-01-01T04:02:47
-26.018993,-2.668678,2023-01-01T04:02:48
-26.018993,-2.668678,2023-01-01T04:02:49
-26.018993,-2.668678,2023-01-01T04:02:50
-26.018993,-2.668678,2023-01-01T04:02:51
-26.018993,-2.668678,2023-01-01T04:02:52
-26.018993,-2.668678,2023-01-01T04:02:53
-26.018993,-2.668678,2023-01-01T04:02:54
-26.018993,-2.668678,2023-01-01T04:02:55
-26.018993,-2.557483,2023-01-01T04:02:56
-26.018993,-2.557483,2023-01-01T04:02:57
-26.018993,-2.557483,2023-01-01T04:02:58
-26.018993,-2.557483,2023-01-01T04:02:59
-26.018993,-2.557483,2023-01-01T04:03:00
-26.018993,-2.557483,2023-01-01T04:03:01
-26.018993,-2.557483,2023-01-01T04:03:02
-26.018993,-2.557483,2023-01-01T04:03:03
-26.018993,-2.557483,2023-01-01T04:03:04
-26.018993,-2.557483,2023-01-01T04:03:05
-26.018993,-2.446288,2023-01-01T04:03:06
-26.018993,-2.446288,2023-01-01T04:03:07
-26.018993,-2.446288,2023-01-01T04:03:08
-26.018993,-2.446288,2023-01-01T04:03:09
-26.018993,-2.446288,2023-01-01T04:03:10
-26.018993,-2.446288,2023-01-01T04:03:11
-26.018993,-2.446288,2023-01-01T04:03:12
-26.018993,-2.446288,2023-01-01T04:03:13
-25.907801,-2.446288,2023-01-01T04:03:14
-25.907801,-2.446288,2023-01-01T04:03:15
-25.907801,-2.446288,2023-01-01T04:03:16
-25.907801,-2.446288,2023-01-01T04:03:17
-25.907801,-2.446288,2023-01-01T04:03:18
-25.907801,-2.335093,2023-01-01T04:03:19
-25.907801,-2.335093,2023-01-01T04:03:20
-25.907801,-2.335093,2023-01-01T04:03:21
-25.907801,-2.335093,2023-01-01T04:03:22
-25.907801,-2.335093,2023-01-01T04:03:23
-25.907801,-2.335093,2023-01-01T04:03:24
-25.907801,-2.335093,2023-01-01T04:03:25
-25.907801,-2.335093,2023-01-01T04:03:26
-25.907801,-2.335093,2023-01-01T04:03:27
-25.907801,-2.223899,2023-01-01T04:03:28
-25.907801,-2.223899,2023-01-01T04:03:29
-25.907801,-2.223899,2023-01-01T04:03:30
-25.907801,-2.223899,2023-01-01T04:03:31
-25.907801,-2.223899,2023-01-01T04:03:32
-25.907801,-2.223899,2023-01-01T04:03:33
-25.796609,-2.223899,2023-01-01T04:03:34
-25.796609,-2.223899,2023-01-01T04:03:35
-25.796609,-2.223899,2023-01-01T04:03:36
-25.796609,-2.223899,2023-01-01T04:03:37
-25.796609,-2.223899,2023-01-01T04:03:38
-25.796609,-2.223899,2023-01-01T04:03:39
-25.796609,-2.223899,2023-01-01T04:03:40
-25.796609,-2.223899,2023-01-01T04:03:41
-25.796609,-2.223899,2023-01-01T04:03:42
-25.796609,-2.223899,2023-01-01T04:03:43
-25.796609,-2.223899,2023-01-01T04:03:44
-25.796609,-2.223899,2023-01-01T04:03:45
-25.796609,-2.223899,2023-01-01T04:03:46
-25.796609,-2.223899,2023-01-01T04:03:47
-25.796609,-2.223899,2023-01-01T04:03:48
-25.796609,-2.223899,2023-01-01T04:03:49
-25.685416,-2.112704,2023-01-01T04:03:50
-25.685416,-2.112704,2023-01-01T04:03:51
-25.685416,-2.112704,2023-01-01T04:03:52
-25.685416,-2.112704,2023-01-01T04:03:53
-25.685416,-2.112704,2023-01-01T04:03:54
-25.685416,-2.112704,2023-01-01T04:03:55
-25.685416,-2.112704,2023-01-01T04:03:56
-25.685416,-2.112704,2023-01-01T04:03:57
-25.685416,-2.112704,2023-01-01T04:03:58
-25.685416,-2.112704,2023-01-01T04:03:59
-25.685416,-2.112704,2023-01-01T04:04:00
-25.685416,-2.112704,2023-01-01T04:04:01
-25.685416,-2.112704,2023-01-01T04:04:02
-25.685416,-2.112704,2023-01-01T04:04:03
-25.685416,-2.112704,2023-01-01T04:04:04
-25.685416,-2.112704,2023-01-01T04:04:05
-25.685416,-2.112704,2023-01-01T04:04:06
-25.574224,-2.112704,2023-01-01T04:04:07
-25.574224,-2.001509,2023-01-01T04:04:08
-25.574224,-2.001509,2023-01-01T04:04:09
-25.574224,-2.001509,2023-01-01T04:04:10
-25.574224,-2.001509,2023-01-01T04:04:11
-25.574224,-2.001509,2023-01-01T04:04:12
-25.574224,-2.001509,2023-01-01T04:04:13
-25.574224,-2.001509,2023-01-01T04:04:14
-25.574224,-2.001509,2023-01-01T04:04:15
-25.574224,-2.001509,2023-01-01T04:04:16
-25.574224,-2.001509,2023-01-01T04:04:17
-25.574224,-2.001509,2023-01-01T04:04:18
-25.574224,-2.001509,2023-01-01T04:04:19
-25.574224,-2.001509,2023-01-01T04:04:20
-25.574224,-2.001509,2023-01-01T04:04:21
-25.574224,-2.001509,2023-01-01T04:04:22
-25.574224,-2.001509,2023-01-01T04:04:23
-25.574224,-2.001509,2023-01-01T04:04:24
-25.574224,-2.001509,2023-01-01T04:04:25
-25.574224,-2.001509,2023-01-01T04:04:26
-25.574224,-2.001509,2023-01-01T04:04:27
-25.574224,-2.001509,2023-01-01T04:04:28
-25.574224,-2.001509,2023-01-01T04:04:29
-25.574224,-2.001509,2023-01-01T04:04:30
-25.574224,-2.001509,2023-01-01T04:04:31
-25.574224,-2.001509,2023-01-01T04:04:32
-25.574224,-2.001509,2023-01-01T04:04:33
-25.574224,-2.001509,2023-01-01T04:04:34
-25.463032,-2.001509,2023-01-01T04:04:35
-25.463032,-2.001509,2023-01-01T04:04:36
-25.463032,-2.001509,2023-01-01T04:04:37
-25.463032,-2.001509,2023-01-01T04:04:38
-25.463032,-2.001509,2023-01-01T04:04:39
-25.463032,-2.001509,2023-01-01T04:04:40
-25.463032,-2.001509,2023-01-01T04:04:41
-25.463032,-2.001509,2023-01-01T04:04:42
-25.463032,-2.001509,2023-01-01T04:04:43
-25.463032,-2.001509,2023-01-01T04:04:44
-25.463032,-2.001509,2023-01-01T04:04:45
-25.463032,-2.001509,2023-01-01T04:04:46
-25.463032,-2.001509,2023-01-01T04:04:47
-25.463032,-2.001509,2023-01-01T04:04:48
-25.463032,-2.001509,2023-01-01T04:04:49
-25.463032,-2.001509,2023-01-01T04:04:50
-25.463032,-2.001509,2023-01-01T04:04:51
-25.463032,-2.001509,2023-01-01T04:04:52
-25.463032,-2.001509,2023-01-01T04:04:53
-25.463032,-2.001509,2023-01-01T04:04:54
-25.463032,-2.001509,2023-01-01T04:04:55
-25.463032,-2.001509,2023-01-01T04:04:56
-25.463032,-2.001509,2023-01-01T04:04:57
-25.463032,-2.001509,2023-01-01T04:04:58
-25.463032,-2.001509,2023-01-01T04:04:59
-25.351840,-2.001509,2023-01-01T04:05:00
-25.351840,-2.001509,2023-01-01T04:05:01
-25.351840,-2.001509,2023-01-01T04:05:02
-25.351840,-2.001509,2023-01-01T04:05:03
-25.351840,-2.001509,2023-01-01T04:05:04
-25.351840,-2.001509,2023-01-01T04:05:05
-25.351840,-2.001509,2023-01-01T04:05:06
-25.351840,-2.001509,2023-01-01T04:05:07
-25.351840,-2.001509,2023-01-01T04:05:08
-25.351840,-2.001509,2023-01-01T04:05:09
-25.351840,-2.001509,2023-01-01T04:05:10
-25.351840,-2.001509,2023-01-01T04:05:11
-25.351840,-2.001509,2023-01-01T04:05:12
-25.351840,-2.001509,2023-01-01T04:05:13
-25.351840,-2.001509,2023-01-01T04:05:14
-25.351840,-2.001509,2023-01-01T04:05:15
-25.351840,-2.001509,2023-01-01T04:05:16
-25.351840,-2.001509,2023-01-01T04:05:17
-25.351840,-2.001509,2023-01-01T04:05:18
-25.351840,-2.001509,2023-01-01T04:05:19
-25.351840,-2.001509,2023-01-01T04:05:20
-25.351840,-2.001509,2023-01-01T04:05:21
-25.351840,-2.001509,2023-01-01T04:05:22
-25.351840,-2.001509,2023-01-01T04:05:23
-25.351840,-1.890314,2023-01-01T04:05:24
-25.351840,-1.890314,2023-01-01T04:05:25
-25.351840,-1.890314,2023-01-01T04:05:26
-25.351840,-1.890314,2023-01-01T04:05:27
-25.351840,-1.890314,2023-01-01T04:05:28
-25.351840,-1.890314,2023-01-01T04:05:29
-25.240647,-1.890314,2023-01-01T04:05:30
-25.240647,-1.890314,2023-01-01T04:05:31
-25.240647,-1.890314,2023-01-01T04:05:32
-25.240647,-1.890314,2023-01-01T04:05:33
-25.240647,-1.890314,2023-01-01T04:05:34
-25.240647,-1.890314,2023-01-01T04:05:35
-25.240647,-1.890314,2023-01-01T04:05:36
-25.240647,-1.890314,2023-01-01T04:05:37
-25.240647,-1.890314,2023-01-01T04:05:38
-25.240647,-1.890314,2023-01-01T04:05:39
-25.240647,-1.890314,2023-01-01T04:05:40
-25.240647,-1.890314,2023-01-01T04:05:41
-25.240647,-1.890314,2023-01-01T04:05:42
-25.240647,-1.890314,2023-01-01T04:05:43
-25.240647,-1.890314,2023-01-01T04:05:44
-25.240647,-1.890314,2023-01-01T04:05:45
-25.240647,-1.890314,2023-01-01T04:05:46
-25.240647,-1.890314,2023-01-01T04:05:47
-25.240647,-1.890314,2023-01-01T04:05:48
-25.240647,-1.890314,2023-01-01T04:05:49
-25.240647,-1.890314,2023-01-01T04:05:50
-25.240647,-1.890314,2023-01-01T04:05:51
-25.240647,-1.890314,2023-01-01T04:05:52
-25.240647,-2.001509,2023-01-01T04:05:53
-25.240647,-2.001509,2023-01-01T04:05:54
-25.240647,-2.001509,2023-01-01T04:05:55
-25.240647,-2.001509,2023-01-01T04:05:56
-25.240647,-2.001509,2023-01-01T04:05:57
-25.240647,-2.001509,2023-01-01T04:05:58
-25.240647,-2.001509,2023-01-01T04:05:59
-25.240647,-2.001509,2023-01-01T04:06:00
-25.240647,-2.112704,2023-01-01T04:06:01
-25.240647,-2.112704,2023-01-01T04:06:02
-25.240647,-2.112704,2023-01-01T04:06:03
-25.240647,-2.112704,2023-01-01T04:06:04
-25.240647,-2.112704,2023-01-01T04:06:05
-25.240647,-2.112704,2023-01-01T04:06:06
-25.240647,-2.223899,2023-01-01T04:06:07
-25.240647,-2.223899,2023-01-01T04:06:08
-25.240647,-2.223899,2023-01-01T04:06:09
-25.240647,-2.223899,2023-01-01T04:06:10
-25.240647,-2.223899,2023-01-01T04:06:11
-25.240647,-2.335093,2023-01-01T04:06:12
-25.240647,-2.335093,2023-01-01T04:06:13
-25.240647,-2.335093,2023-01-01T04:06:14
-25.240647,-2.335093,2023-01-01T04:06:15
-25.240647,-2.446288,2023-01-01T04:06:16
-25.240647,-2.446288,2023-01-01T04:06:17
-25.240647,-2.446288,2023-01-01T04:06:18
-25.240647,-2.557483,2023-01-01T04:06:19
-25.240647,-2.557483,2023-01-01T04:06:20
-25.240647,-2.557483,2023-01-01T04:06:21
-25.240647,-2.557483,2023-01-01T04:06:22
-25.240647,-2.557483,2023-01-01T04:06:23
-25.240647,-2.557483,2023-01-01T04:06:24
-25.240647,-2.557483,2023-01-01T04:06:25
-25.240647,-2.557483,2023-01-01T04:06:26
-25.240647,-2.557483,2023-01-01T04:06:27
-25.240647,-2.668678,2023-01-01T04:06:28
-25.240647,-2.668678,2023-01-01T04:06:29
-25.240647,-2.668678,2023-01-01T04:06:30
-25.240647,-2.668678,2023-01-01T04:06:31
-25.240647,-2.668678,2023-01-01T04:06:32
-25.240647,-2.668678,2023-01-01T04:06:33
-25.240647,-2.668678,2023-01-01T04:06:34
-25.240647,-2.668678,2023-01-01T04:06:35
-25.240647,-2.668678,2023-01-01T04:06:36
-25.240647,-2.779873,2023-01-01T04:06:37
-25.240647,-2.779873,2023-01-01T04:06:38
-25.240647,-2.779873,2023-01-01T04:06:39
-25.240647,-2.779873,2023-01-01T04:06:40
-25.240647,-2.779873,2023-01-01T04:06:41
-25.240647,-2.779873,2023-01-01T04:06:42
-25.240647,-2.779873,2023-01-01T04:06:43
-25.240647,-2.779873,2023-01-01T04:06:44
-25.240647,-2.779873,2023-01-01T04:06:45
-25.240647,-2.779873,2023-01-01T04:06:46
-25.240647,-2.779873,2023-01-01T04:06:47
-25.240647,-2.891068,2023-01-01T04:06:48
-25.240647,-2.891068,2023-01-01T04:06:49
-25.240647,-2.891068,2023-01-01T04:06:50
-25.351840,-2.891068,2023-01-01T04:06:51
-25.351840,-2.779873,2023-01-01T04:06:52
-25.351840,-2.779873,2023-01-01T04:06:53
-25.351840,-2.779873,2023-01-01T04:06:54
-25.351840,-2.779873,2023-01-01T04:06:55
-25.351840,-2.779873,2023-01-01T04:06:56
-25.351840,-2.779873,2023-01-01T04:06:57
-25.351840,-2.779873,2023-01-01T04:06:58
-25.351840,-2.779873,2023-01-01T04:06:59
-25.351840,-2.779873,2023-01-01T04:07:00
-25.351840,-2.779873,2023-01-01T04:07:01
-25.351840,-2.779873,2023-01-01T04:07:02
-25.351840,-2.779873,2023-01-01T04:07:03
-25.351840,-2.779873,2023-01-01T04:07:04
-25.351840,-2.779873,2023-01-01T04:07:05
-25.351840,-2.779873,2023-01-01T04:07:06
-25.351840,-2.779873,2023-01-01T04:07:07
-25.351840,-2.779873,2023-01-01T04:07:08
-25.351840,-2.779873,2023-01-01T04:07:09
-25.351840,-2.779873,2023-01-01T04:07:10
-25.351840,-2.779873,2023-01-01T04:07:11
-25.351840,-2.779873,2023-01-01T04:07:12
-25.351840,-2.779873,2023-01-01T04:07:13
-25.351840,-2.779873,2023-01-01T04:07:14
-25.351840,-2.779873,2023-01-01T04:07:15
-25.351840,-2.779873,2023-01-01T04:07:16
-25.351840,-2.779873,2023-01-01T04:07:17
-25.351840,-2.779873,2023-01-01T04:07:18
-25.463032,-2.779873,2023-01-01T04:07:19
-25.463032,-2.779873,2023-01-01T04:07:20
-25.463032,-2.779873,2023-01-01T04:07:21
-25.463032,-2.891068,2023-01-01T04:07:22
-25.463032,-2.891068,2023-01-01T04:07:23
-25.463032,-2.891068,2023-01-01T04:07:24
-25.463032,-2.891068,2023-01-01T04:07:25
-25.463032,-2.891068,2023-01-01T04:07:26
-25.463032,-3.002263,2023-01-01T04:07:27
-25.463032,-3.002263,2023-01-01T04:07:28
-25.463032,-3.002263,2023-01-01T04:07:29
-25.463032,-3.002263,2023-01-01T04:07:30
-25.463032,-3.113458,2023-01-01T04:07:31
-25.463032,-3.113458,2023-01-01T04:07:32
-25.463032,-3.113458,2023-01-01T04:07:33
-25.463032,-3.224653,2023-01-01T04:07:34
-25.463032,-3.224653,2023-01-01T04:07:35
-25.463032,-3.224653,2023-01-01T04:07:36
-25.463032,-3.335848,2023-01-01T04:07:37
-25.574224,-3.335848,2023-01-01T04:07:38
-25.574224,-3.447043,2023-01-01T04:07:39
-25.574224,-3.447043,2023-01-01T04:07:40
-25.574224,-3.447043,2023-01-01T04:07:41
-25.574224,-3.558238,2023-01-01T04:07:42
-25.574224,-3.558238,2023-01-01T04:07:43
-25.574224,-3.669433,2023-01-01T04:07:44
-25.574224,-3.669433,2023-01-01T04:07:45
-25.574224,-3.780628,2023-01-01T04:07:46
-25.574224,-3.780628,2023-01-01T04:07:47
-25.574224,-3.780628,2023-01-01T04:07:48
-25.574224,-3.891822,2023-01-01T04:07:49
-25.574224,-3.891822,2023-01-01T04:07:50
-25.574224,-3.780628,2023-01-01T04:07:51
-25.685416,-3.780628,2023-01-01T04:07:52
-25.685416,-3.780628,2023-01-01T04:07:53
-25.685416,-3.669433,2023-01-01T04:07:54
-25.685416,-3.669433,2023-01-01T04:07:55
-25.685416,-3.669433,2023-01-01T04:07:56
-25.685416,-3.669433,2023-01-01T04:07:57
-25.685416,-3.558238,2023-01-01T04:07:58
-25.685416,-3.558238,2023-01-01T04:07:59
-25.685416,-3.558238,2023-01-01T04:08:00
-25.685416,-3.558238,2023-01-01T04:08:01
-25.685416,-3.558238,2023-01-01T04:08:02
-25.685416,-3.447043,2023-01-01T04:08:03
-25.685416,-3.447043,2023-01-01T04:08:04
-25.685416,-3.447043,2023-01-01T04:08:05
-25.685416,-3.447043,2023-01-01T04:08:06
-25.685416,-3.447043,2023-01-01T04:08:07
-25.685416,-3.335848,2023-01-01T04:08:08
-25.685416,-3.335848,2023-01-01T04:08:09
-25.796609,-3.335848,2023-01-01T04:08:10
-25.796609,-3.335848,2023-01-01T04:08:11
-25.796609,-3.335848,2023-01-01T04:08:12
-25.796609,-3.335848,2023-01-01T04:08:13
-25.796609,-3.224653,2023-01-01T04:08:14
-25.796609,-3.224653,2023-01-01T04:08:15
-25.796609,-3.224653,2023-01-01T04:08:16
-25.796609,-3.224653,2023-01-01T04:08:17
-25.796609,-3.224653,2023-01-01T04:08:18
-25.796609,-3.224653,2023-01-01T04:08:19
-25.796609,-3.224653,2023-01-01T04:08:20
-25.796609,-3.224653,2023-01-01T04:08:21
-25.796609,-3.113458,2023-01-01T04:08:22
-25.796609,-3.113458,2023-01-01T04:08:23
-25.796609,-3.113458,2023-01-01T04:08:24
-25.796609,-3.113458,2023-01-01T04:08:25
-25.796609,-3.113458,2023-01-01T04:08:26
-25.796609,-3.113458,2023-01-01T04:08:27
-25.796609,-3.113458,2023-01-01T04:08:28
-25.796609,-3.113458,2023-01-01T04:08:29
-25.796609,-3.113458,2023-01-01T04:08:30
-25.796609,-3.113458,2023-01-01T04:08:31
-25.907801,-3.113458,2023-01-01T04:08:32
-25.907801,-3.113458,2023-01-01T04:08:33
-25.907801,-3.113458,2023-01-01T04:08:34
-25.907801,-3.113458,2023-01-01T04:08:35
-25.907801,-3.113458,2023-01-01T04:08:36
-25.907801,-3.224653,2023-01-01T04:08:37
-25.907801,-3.224653,2023-01-01T04:08:38
-25.907801,-3.224653,2023-01-01T04:08:39
-25.907801,-3.224653,2023-01-01T04:08:40
-25.907801,-3.224653,2023-01-01T04:08:41
-25.907801,-3.224653,2023-01-01T04:08:42
-25.907801,-3.224653,2023-01-01T04:08:43
-25.907801,-3.335848,2023-01-01T04:08:44
-25.907801,-3.335848,2023-01-01T04:08:45
-25.907801,-3.335848,2023-01-01T04:08:46
-25.907801,-3.335848,2023-01-01T04:08:47
-25.907801,-3.335848,2023-01-01T04:08:48
-25.907801,-3.335848,2023-01-01T04:08:49
-25.907801,-3.335848,2023-01-01T04:08:50
-25.907801,-3.335848,2023-01-01T04:08:51
-25.907801,-3.335848,2023-01-01T04:08:52
-25.907801,-3.335848,2023-01-01T04:08:53
-25.907801,-3.335848,2023-01-01T04:08:54
-25.907801,-3.335848,2023-01-01T04:08:55
-25.907801,-3.335848,2023-01-01T04:08:56
-25.907801,-3.335848,2023-01-01T04:08:57
-25.907801,-3.335848,2023-01-01T04:08:58
-25.907801,-3.335848,2023-01-01T04:08:59
-25.907801,-3.335848,2023-01-01T04:09:00
-25.907801,-3.335848,2023-01-01T04:09:01
-25.907801,-3.335848,2023-01-01T04:09:02
-25.907801,-3.335848,2023-01-01T04:09:03
-25.907801,-3.335848,2023-01-01T04:09:04
-26.018993,-3.447043,2023-01-01T04:09:05
-26.018993,-3.447043,2023-01-01T04:09:06
-26.018993,-3.447043,2023-01-01T04:09:07
-26.018993,-3.447043,2023-01-01T04:09:08
-26.018993,-3.447043,2023-01-01T04:09:09
-26.018993,-3.447043,2023-01-01T04:09:10
-26.018993,-3.447043,2023-01-01T04:09:11
-26.018993,-3.447043,2023-01-01T04:09:12
-26.018993,-3.558238,2023-01-01T04:09:13
-26.018993,-3.558238,2023-01-01T04:09:14
-26.018993,-3.558238,2023-01-01T04:09:15
-26.018993,-3.558238,2023-01-01T04:09:16
-26.018993,-3.558238,2023-01-01T04:09:17
-26.018993,-3.669433,2023-01-01T04:09:18
-26.018993,-3.558238,2023-01-01T04:09:19
-26.018993,-3.558238,2023-01-01T04:09:20
-26.018993,-3.558238,2023-01-01T04:09:21
-26.018993,-3.558238,2023-01-01T04:09:22
-26.018993,-3.558238,2023-01-01T04:09:23
-26.018993,-3.558238,2023-01-01T04:09:24
-26.018993,-3.558238,2023-01-01T04:09:25
-26.018993,-3.558238,2023-01-01T04:09:26
-26.018993,-3.558238,2023-01-01T04:09:27
-26.018993,-3.558238,2023-01-01T04:09:28
-26.018993,-3.558238,2023-01-01T04:09:29
-25.907801,-3.558238,2023-01-01T04:09:30
-25.907801,-3.558238,2023-01-01T04:09:31
-25.907801,-3.558238,2023-01-01T04:09:32
-25.907801,-3.558238,2023-01-01T04:09:33
-25.907801,-3.558238,2023-01-01T04:09:34
-25.907801,-3.558238,2023-01-01T04:09:35
-25.907801,-3.558238,2023-01-01T04:09:36
-25.907801,-3.558238,2023-01-01T04:09:37
-25.907801,-3.558238,2023-01-01T04:09:38
-25.907801,-3.558238,2023-01-01T04:09:39
-25.907801,-3.558238,2023-01-01T04:09:40
-25.907801,-3.558238,2023-01-01T04:09:41
-25.907801,-3.558238,2023-01-01T04:09:42
-25.907801,-3.558238,2023-01-01T04:09:43
-25.907801,-3.558238,2023-01-01T04:09:44
-25.907801,-3.558238,2023-01-01T04:09:45
-25.907801,-3.558238,2023-01-01T04:09:46
-25.907801,-3.558238,2023-01-01T04:09:47
-25.907801,-3.669433,2023-01-01T04:09:48
-25.907801,-3.558238,2023-01-01T04:09:49
-25.907801,-3.558238,2023-01-01T04:09:50
-25.907801,-3.558238,2023-01-01T04:09:51
-25.907801,-3.558238,2023-01-01T04:09:52
-25.907801,-3.558238,2023-01-01T04:09:53
-25.907801,-3.558238,2023-01-01T04:09:54
-25.907801,-3.558238,2023-01-01T04:09:55
-25.907801,-3.558238,2023-01-01T04:09:56
-25.907801,-3.558238,2023-01-01T04:09:57
-25.907801,-3.558238,2023-01-01T04:09:58
-25.907801,-3.558238,2023-01-01T04:09:59
-25.907801,-3.558238,2023-01-01T04:10:00
-25.907801,-3.558238,2023-01-01T04:10:01
-25.796609,-3.558238,2023-01-01T04:10:02
-25.796609,-3.558238,2023-01-01T04:10:03
-25.796609,-3.558238,2023-01-01T04:10:04
-25.796609,-3.558238,2023-01-01T04:10:05
-25.796609,-3.558238,2023-01-01T04:10:06
-25.796609,-3.558238,2023-01-01T04:10:07
-25.796609,-3.558238,2023-01-01T04:10:08
-25.796609,-3.558238,2023-01-01T04:10:09
-25.796609,-3.558238,2023-01-01T04:10:10
-25.796609,-3.558238,2023-01-01T04:10:11
-25.796609,-3.558238,2023-01-01T04:10:12
-25.796609,-3.558238,2023-01-01T04:10:13
-25.796609,-3.558238,2023-01-01T04:10:14
-25.796609,-3.558238,2023-01-01T04:10:15
-25.796609,-3.558238,2023-01-01T04:10:16
-25.796609,-3.558238,2023-01-01T04:10:17
-25.685416,-3.558238,2023-01-01T04:10:18
-25.685416,-3.558238,2023-01-01T04:10:19
-25.685416,-3.558238,2023-01-01T04:10:20
-25.685416,-3.558238,2023-01-01T04:10:21
-25.685416,-3.558238,2023-01-01T04:10:22
-25.685416,-3.558238,2023-01-01T04:10:23
-25.685416,-3.558238,2023-01-01T04:10:24
-25.685416,-3.558238,2023-01-01T04:10:25
-25.685416,-3.558238,2023-01-01T04:10:26
-25.685416,-3.558238,2023-01-01T04:10:27
-25.685416,-3.558238,2023-01-01T04:10:28
-25.685416,-3.447043,2023-01-01T04:10:29
-25.574224,-3.447043,2023-01-01T04:10:30
-25.574224,-3.447043,2023-01-01T04:10:31
-25.574224,-3.447043,2023-01-01T04:10:32
-25.574224,-3.447043,2023-01-01T04:10:33
-25.574224,-3.447043,2023-01-01T04:10:34
-25.574224,-3.447043,2023-01-01T04:10:35
-25.574224,-3.447043,2023-01-01T04:10:36
-25.574224,-3.447043,2023-01-01T04:10:37
-25.574224,-3.447043,2023-01-01T04:10:38
-25.574224,-3.447043,2023-01-01T04:10:39
-25.574224,-3.447043,2023-01-01T04:10:40
-25.463032,-3.447043,2023-01-01T04:10:41
-25.463032,-3.335848,2023-01-01T04:10:42
-25.463032,-3.335848,2023-01-01T04:10:43
-25.463032,-3.335848,2023-01-01T04:10:44
-25.463032,-3.335848,2023-01-01T04:10:45
-25.463032,-3.335848,2023-01-01T04:10:46
-25.463032,-3.335848,2023-01-01T04:10:47
-25.463032,-3.335848,2023-01-01T04:10:48
-25.463032,-3.335848,2023-01-01T04:10:49
-25.463032,-3.335848,2023-01-01T04:10:50
-25.463032,-3.335848,2023-01-01T04:10:51
-25.351840,-3.335848,2023-01-01T04:10:52
-25.351840,-3.335848,2023-01-01T04:10:53
-25.351840,-3.224653,2023-01-01T04:10:54
-25.351840,-3.224653,2023-01-01T04:10:55
-25.351840,-3.224653,2023-01-01T04:10:56
-25.351840,-3.224653,2023-01-01T04:10:57
-25.351840,-3.224653,2023-01-01T04:10:58
-25.351840,-3.224653,2023-01-01T04:10:59
-25.351840,-3.224653,2023-01-01T04:11:00
-25.351840,-3.224653,2023-01-01T04:11:01
-25.240647,-3.224653,2023-01-01T04:11:02
-25.240647,-3.224653,2023-01-01T04:11:03
-25.240647,-3.113458,2023-01-01T04:11:04
-25.240647,-3.113458,2023-01-01T04:11:05
-25.240647,-3.113458,2023-01-01T04:11:06
-25.240647,-3.113458,2023-01-01T04:11:07
-25.240647,-3.113458,2023-01-01T04:11:08
-25.240647,-3.113458,2023-01-01T04:11:09
-25.240647,-3.113458,2023-01-01T04:11:10
-25.240647,-3.113458,2023-01-01T04:11:11
-25.129455,-3.113458,2023-01-01T04:11:12
-25.129455,-3.113458,2023-01-01T04:11:13
-25.129455,-3.113458,2023-01-01T04:11:14
-25.129455,-3.113458,2023-01-01T04:11:15
-25.129455,-3.113458,2023-01-01T04:11:16
-25.129455,-3.113458,2023-01-01T04:11:17
-25.129455,-3.002263,2023-01-01T04:11:18
-25.129455,-3.002263,2023-01-01T04:11:19
-25.129455,-3.002263,2023-01-01T04:11:20
-25.129455,-3.002263,2023-01-01T04:11:21
-25.129455,-3.002263,2023-01-01T04:11:22
-25.129455,-3.002263,2023-01-01T04:11:23
-25.129455,-3.002263,2023-01-01T04:11:24
-25.129455,-3.002263,2023-01-01T04:11:25
-25.018263,-3.002263,2023-01-01T04:11:26
-25.018263,-3.002263,2023-01-01T04:11:27
-25.018263,-3.002263,2023-01-01T04:11:28
-25.018263,-3.002263,2023-01-01T04:11:29
-25.018263,-3.002263,2023-01-01T04:11:30
-25.018263,-3.002263,2023-01-01T04:11:31
-25.018263,-3.002263,2023-01-01T04:11:32
-25.018263,-3.002263,2023-01-01T04:11:33
-25.018263,-3.002263,2023-01-01T04:11:34
-25.018263,-3.002263,2023-01-01T04:11:35
-25.018263,-3.002263,2023-01-01T04:11:36
-25.018263,-3.002263,2023-01-01T04:11:37
-25.018263,-3.002263,2023-01-01T04:11:38
-25.018263,-3.002263,2023-01-01T04:11:39
-24.907070,-3.002263,2023-01-01T04:11:40
-24.907070,-3.002263,2023-01-01T04:11:41
-24.907070,-3.002263,2023-01-01T04:11:42
-24.907070,-3.002263,2023-01-01T04:11:43
-24.907070,-3.002263,2023-01-01T04:11:44
-24.907070,-3.002263,2023-01-01T04:11:45
-24.907070,-3.002263,2023-01-01T04:11:46
-24.907070,-3.002263,2023-01-01T04:11:47
-24.907070,-3.002263,2023-01-01T04:11:48
-24.907070,-3.002263,2023-01-01T04:11:49
-24.907070,-3.002263,2023-01-01T04:11:50
-24.907070,-3.002263,2023-01-01T04:11:51
-24.907070,-3.002263,2023-01-01T04:11:52
-24.907070,-3.002263,2023-01-01T04:11:53
-24.795878,-3.002263,2023-01-01T04:11:54
-24.795878,-3.002263,2023-01-01T04:11:55
-24.795878,-3.002263,2023-01-01T04:11:56
-24.795878,-3.002263,2023-01-01T04:11:57
-24.795878,-3.002263,2023-01-01T04:11:58
-24.795878,-3.002263,2023-01-01T04:11:59
-24.795878,-2.891068,2023-01-01T04:12:00
-24.795878,-2.891068,2023-01-01T04:12:01
-24.795878,-2.891068,2023-01-01T04:12:02
-24.795878,-2.891068,2023-01-01T04:12:03
-24.795878,-2.891068,2023-01-01T04:12:04
-24.795878,-2.891068,2023-01-01T04:12:05
-24.795878,-2.891068,2023-01-01T04:12:06
-24.795878,-2.891068,2023-01-01T04:12:07
-24.795878,-2.891068,2023-01-01T04:12:08
-24.795878,-2.891068,2023-01-01T04:12:09
-24.795878,-2.891068,2023-01-01T04:12:10
-24.795878,-2.891068,2023-01-01T04:12:11
-24.795878,-2.891068,2023-01-01T04:12:12
-24.795878,-2.891068,2023-01-01T04:12:13
-24.795878,-2.891068,2023-01-01T04:12:14
-24.795878,-2.891068,2023-01-01T04:12:15
-24.795878,-2.891068,2023-01-01T04:12:16
-24.684686,-2.891068,2023-01-01T04:12:17
-24.684686,-2.891068,2023-01-01T04:12:18
-24.684686,-2.891068,2023-01-01T04:12:19
-24.684686,-2.891068,2023-01-01T04:12:20
-24.684686,-2.891068,2023-01-01T04:12:21
-24.684686,-2.891068,2023-01-01T04:12:22
-24.684686,-2.891068,2023-01-01T04:12:23
-24.684686,-2.891068,2023-01-01T04:12:24
-24.684686,-2.891068,2023-01-01T04:12:25
-24.684686,-2.891068,2023-01-01T04:12:26
-24.684686,-2.891068,2023-01-01T04:12:27
-24.684686,-2.891068,2023-01-01T04:12:28
-24.684686,-2.891068,2023-01-01T04:12:29
-24.684686,-2.891068,2023-01-01T04:12:30
-24.684686,-2.891068,2023-01-01T04:12:31
-24.684686,-2.891068,2023-01-01T04:12:32
-24.684686,-2.891068,2023-01-01T04:12:33
-24.684686,-2.891068,2023-01-01T04:12:34
-24.684686,-2.891068,2023-01-01T04:12:35
-24.684686,-2.891068,2023-01-01T04:12:36
-24.684686,-2.891068,2023-01-01T04:12:37
-24.684686,-2.891068,2023-01-01T04:12:38
-24.684686,-2.891068,2023-01-01T04:12:39
-24.684686,-2.891068,2023-01-01T04:12:40
-24.684686,-2.891068,2023-01-01T04:12:41
-24.684686,-2.891068,2023-01-01T04:12:42
-24.684686,-2.891068,2023-01-01T04:12:43
-24.684686,-2.779873,2023-01-01T04:12:44
-24.684686,-2.779873,2023-01-01T04:12:45
-24.684686,-2.779873,2023-01-01T04:12:46
-24.684686,-2.779873,2023-01-01T04:12:47
-24.684686,-2.779873,2023-01-01T04:12:48
-24.684686,-2.779873,2023-01-01T04:12:49
-24.684686,-2.779873,2023-01-01T04:12:50
-24.684686,-2.779873,2023-01-01T04:12:51
-24.684686,-2.779873,2023-01-01T04:12:52
-24.684686,-2.779873,2023-01-01T04:12:53
-24.684686,-2.779873,2023-01-01T04:12:54
-24.684686,-2.779873,2023-01-01T04:12:55
-24.684686,-2.779873,2023-01-01T04:12:56
-24.684686,-2.779873,2023-01-01T04:12:57
-24.684686,-2.779873,2023-01-01T04:12:58
-24.684686,-2.779873,2023-01-01T04:12:59
-24.684686,-2.779873,2023-01-01T04:13:00
-24.684686,-2.891068,2023-01-01T04:13:01
-24.684686,-2.891068,2023-01-01T04:13:02
-24.684686,-2.891068,2023-01-01T04:13:03
-24.684686,-2.891068,2023-01-01T04:13:04
-24.684686,-2.891068,2023-01-01T04:13:05
-24.684686,-2.891068,2023-01-01T04:13:06
-24.684686,-2.891068,2023-01-01T04:13:07
-24.684686,-2.891068,2023-01-01T04:13:08
-24.684686,-2.891068,2023-01-01T04:13:09
-24.684686,-2.891068,2023-01-01T04:13:10
-24.684686,-2.891068,2023-01-01T04:13:11
-24.684686,-2.891068,2023-01-01T04:13:12
-24.684686,-2.891068,2023-01-01T04:13:13
-24.684686,-2.891068,2023-01-01T04:13:14
-24.684686,-2.891068,2023-01-01T04:13:15
-24.684686,-2.891068,2023-01-01T04:13:16
-24.684686,-2.891068,2023-01-01T04:13:17
-24.684686,-2.891068,2023-01-01T04:13:18
-24.684686,-2.891068,2023-01-01T04:13:19
-24.684686,-2.891068,2023-01-01T04:13:20
-24.684686,-2.891068,2023-01-01T04:13:21
-24.684686,-2.891068,2023-01-01T04:13:22
-24.684686,-2.891068,2023-01-01T04:13:23
-24.684686,-2.891068,2023-01-01T04:13:24
-24.684686,-2.891068,2023-01-01T04:13:25
-24.684686,-2.891068,2023-01-01T04:13:26
-24.684686,-2.891068,2023-01-01T04:13:27
-24.684686,-2.891068,2023-01-01T04:13:28
-24.684686,-2.891068,2023-01-01T04:13:29
-24.684686,-2.891068,2023-01-01T04:13:30
-24.684686,-2.891068,2023-01-01T04:13:31
-24.684686,-2.891068,2023-01-01T04:13:32
-24.684686,-2.891068,2023-01-01T04:13:33
-24.684686,-2.891068,2023-01-01T04:13:34
-24.573494,-2.891068,2023-01-01T04:13:35
-24.573494,-2.891068,2023-01-01T04:13:36
-24.573494,-2.891068,2023-01-01T04:13:37
-24.573494,-2.891068,2023-01-01T04:13:38
-24.573494,-2.891068,2023-01-01T04:13:39
-24.573494,-3.002263,2023-01-01T04:13:40
-24.573494,-3.002263,2023-01-01T04:13:41
-24.573494,-3.002263,2023-01-01T04:13:42
-24.573494,-3.002263,2023-01-01T04:13:43
-24.573494,-3.002263,2023-01-01T04:13:44
-24.573494,-3.002263,2023-01-01T04:13:45
-24.573494,-3.002263,2023-01-01T04:13:46
-24.573494,-3.002263,2023-01-01T04:13:47
-24.573494,-3.002263,2023-01-01T04:13:48
-24.573494,-3.002263,2023-01-01T04:13:49
-24.573494,-3.002263,2023-01-01T04:13:50
-24.573494,-3.002263,2023-01-01T04:13:51
-24.573494,-3.002263,2023-01-01T04:13:52
-24.573494,-3.002263,2023-01-01T04:13:53
-24.684686,-3.002263,2023-01-01T04:13:54
-24.684686,-3.002263,2023-01-01T04:13:55
-24.684686,-3.002263,2023-01-01T04:13:56
-24.684686,-3.002263,2023-01-01T04:13:57
-24.684686,-3.002263,2023-01-01T04:13:58
-24.684686,-3.002263,2023-01-01T04:13:59
-24.684686,-3.002263,2023-01-01T04:14:00
-24.684686,-3.002263,2023-01-01T04:14:01
-24.684686,-3.002263,2023-01-01T04:14:02
-24.684686,-3.002263,2023-01-01T04:14:03
-24.684686,-3.002263,2023-01-01T04:14:04
-24.684686,-3.002263,2023-01-01T04:14:05
-24.684686,-3.002263,2023-01-01T04:14:06
-24.684686,-3.002263,2023-01-01T04:14:07
-24.684686,-3.002263,2023-01-01T04:14:08
-24.684686,-3.002263,2023-01-01T04:14:09
-24.684686,-3.002263,2023-01-01T04:14:10
-24.684686,-3.002263,2023-01-01T04:14:11
-24.684686,-3.002263,2023-01-01T04:14:12
-24.684686,-3.002263,2023-01-01T04:14:13
-24.684686,-3.002263,2023-01-01T04:14:14
-24.684686,-3.002263,2023-01-01T04:14:15
-24.684686,-3.002263,2023-01-01T04:14:16
-24.684686,-3.002263,2023-01-01T04:14:17
-24.684686,-3.002263,2023-01-01T04:14:18
-24.684686,-3.002263,2023-01-01T04:14:19
-24.684686,-3.002263,2023-01-01T04:14:20
-24.684686,-3.113458,2023-01-01T04:14:21
-24.684686,-3.113458,2023-01-01T04:14:22
-24.684686,-3.113458,2023-01-01T04:14:23
-24.684686,-3.113458,2023-01-01T04:14:24
-24.684686,-3.113458,2023-01-01T04:14:25
-24.684686,-3.113458,2023-01-01T04:14:26
-24.684686,-3.113458,2023-01-01T04:14:27
-24.684686,-3.113458,2023-01-01T04:14:28
-24.684686,-3.113458,2023-01-01T04:14:29
-24.684686,-3.113458,2023-01-01T04:14:30
-24.684686,-3.113458,2023-01-01T04:14:31
-24.684686,-3.113458,2023-01-01T04:14:32
-24.684686,-3.113458,2023-01-01T04:14:33
-24.684686,-3.113458,2023-01-01T04:14:34
-24.684686,-3.113458,2023-01-01T04:14:35
-24.684686,-3.113458,2023-01-01T04:14:36
-24.684686,-3.113458,2023-01-01T04:14:37
-24.684686,-3.113458,2023-01-01T04:14:38
-24.684686,-3.113458,2023-01-01T04:14:39
-24.684686,-3.113458,2023-01-01T04:14:40
-24.684686,-3.113458,2023-01-01T04:14:41
-24.684686,-3.113458,2023-01-01T04:14:42
-24.684686,-3.113458,2023-01-01T04:14:43
-24.684686,-3.113458,2023-01-01T04:14:44
-24.684686,-3.113458,2023-01-01T04:14:45
-24.684686,-3.113458,2023-01-01T04:14:46
-24.684686,-3.113458,2023-01-01T04:14:47
-24.684686,-3.113458,2023-01-01T04:14:48
-24.684686,-3.113458,2023-01-01T04:14:49
-24.684686,-3.113458,2023-01-01T04:14:50
-24.684686,-3.113458,2023-01-01T04:14:51
-24.684686,-3.113458,2023-01-01T04:14:52
-24.684686,-3.113458,2023-01-01T04:14:53
-24.684686,-3.113458,2023-01-01T04:14:54
-24.684686,-3.113458,2023-01-01T04:14:55
-24.684686,-3.113458,2023-01-01T04:14:56
-24.684686,-3.113458,2023-01-01T04:14:57
-24.684686,-3.113458,2023-01-01T04:14:58
-24.684686,-3.113458,2023-01-01T04:14:59
-24.684686,-3.113458,2023-01-01T04:15:00
-24.684686,-3.113458,2023-01-01T04:15:01
-24.684686,-3.113458,2023-01-01T04:15:02
-24.684686,-3.113458,2023-01-01T04:15:03
-24.684686,-3.113458,2023-01-01T04:15:04
-24.684686,-3.113458,2023-01-01T04:15:05
-24.684686,-3.113458,2023-01-01T04:15:06
-24.684686,-3.113458,2023-01-01T04:15:07
-24.684686,-3.113458,2023-01-01T04:15:08
-24.684686,-3.113458,2023-01-01T04:15:09
-24.684686,-3.113458,2023-01-01T04:15:10
-24.684686,-3.113458,2023-01-01T04:15:11
-24.684686,-3.113458,2023-01-01T04:15:12
-24.684686,-3.113458,2023-01-01T04:15:13
-24.684686,-3.113458,2023-01-01T04:15:14
-24.684686,-3.113458,2023-01-01T04:15:15
-24.684686,-3.113458,2023-01-01T04:15:16
-24.684686,-3.113458,2023-01-01T04:15:17
-24.684686,-3.113458,2023-01-01T04:15:18
-24.684686,-3.113458,2023-01-01T04:15:19
-24.684686,-3.113458,2023-01-01T04:15:20
-24.684686,-3.113458,2023-01-01T04:15:21
-24.684686,-3.113458,2023-01-01T04:15:22
-24.684686,-3.113458,2023-01-01T04:15:23
-24.684686,-3.113458,2023-01-01T04:15:24
-24.684686,-3.113458,2023-01-01T04:15:25
-24.684686,-3.113458,2023-01-01T04:15:26
-24.684686,-3.113458,2023-01-01T04:15:27
-24.684686,-3.113458,2023-01-01T04:15:28
-24.684686,-3.113458,2023-01-01T04:15:29
-24.684686,-3.113458,2023-01-01T04:15:30
-24.684686,-3.113458,2023-01-01T04:15:31
-24.684686,-3.113458,2023-01-01T04:15:32
-24.684686,-3.113458,2023-01-01T04:15:33
-24.684686,-3.113458,2023-01-01T04:15:34
-24.684686,-3.113458,2023-01-01T04:15:35
-24.684686,-3.113458,2023-01-01T04:15:36
-24.684686,-3.113458,2023-01-01T04:15:37
-24.684686,-3.113458,2023-01-01T04:15:38
-24.684686,-3.113458,2023-01-01T04:15:39
-24.684686,-3.113458,2023-01-01T04:15:40
-24.684686,-3.113458,2023-01-01T04:15:41
-24.684686,-3.113458,2023-01-01T04:15:42
-24.684686,-3.113458,2023-01-01T04:15:43
-24.684686,-3.113458,2023-01-01T04:15:44
-24.684686,-3.113458,2023-01-01T04:15:45
-24.684686,-3.113458,2023-01-01T04:15:46
-24.684686,-3.113458,2023-01-01T04:15:47
-24.684686,-3.113458,2023-01-01T04:15:48
-24.684686,-3.113458,2023-01-01T04:15:49
-24.684686,-3.113458,2023-01-01T04:15:50
-24.684686,-3.113458,2023-01-01T04:15:51
-24.684686,-3.113458,2023-01-01T04:15:52
-24.684686,-3.113458,2023-01-01T04:15:53
-24.684686,-3.113458,2023-01-01T04:15:54
-24.684686,-3.113458,2023-01-01T04:15:55
-24.684686,-3.113458,2023-01-01T04:15:56
-24.684686,-3.113458,2023-01-01T04:15:57
-24.684686,-3.113458,2023-01-01T04:15:58
-24.684686,-3.113458,2023-01-01T04:15:59
-24.684686,-3.113458,2023-01-01T04:16:00
-24.684686,-3.113458,2023-01-01T04:16:01
-24.684686,-3.113458,2023-01-01T04:16:02
-24.684686,-3.113458,2023-01-01T04:16:03
-24.684686,-3.113458,2023-01-01T04:16:04
-24.684686,-3.113458,2023-01-01T04:16:05
-24.684686,-3.113458,2023-01-01T04:16:06
-24.684686,-3.113458,2023-01-01T04:16:07
-24.684686,-3.113458,2023-01-01T04:16:08
-24.684686,-3.113458,2023-01-01T04:16:09
-24.684686,-3.113458,2023-01-01T04:16:10
-24.684686,-3.113458,2023-01-01T04:16:11
-24.684686,-3.113458,2023-01-01T04:16:12
-24.684686,-3.113458,2023-01-01T04:16:13
-24.684686,-3.113458,2023-01-01T04:16:14
-24.684686,-3.113458,2023-01-01T04:16:15
-24.684686,-3.113458,2023-01-01T04:16:16
-24.684686,-3.113458,2023-01-01T04:16:17
-24.684686,-3.113458,2023-01-01T04:16:18
-24.684686,-3.113458,2023-01-01T04:16:19
-24.684686,-3.113458,2023-01-01T04:16:20
-24.684686,-3.113458,2023-01-01T04:16:21
-24.684686,-3.113458,2023-01-01T04:16:22
-24.684686,-3.113458,2023-01-01T04:16:23
-24.684686,-3.113458,2023-01-01T04:16:24
-24.684686,-3.113458,2023-01-01T04:16:25
-24.684686,-3.113458,2023-01-01T04:16:26
-24.684686,-3.113458,2023-01-01T04:16:27
-24.684686,-3.113458,2023-01-01T04:16:28
-24.684686,-3.113458,2023-01-01T04:16:29
-24.684686,-3.113458,2023-01-01T04:16:30
-24.684686,-3.113458,2023-01-01T04:16:31
-24.573494,-3.113458,2023-01-01T04:16:32
-24.573494,-3.113458,2023-01-01T04:16:33
-24.573494,-3.113458,2023-01-01T04:16:34
-24.573494,-3.113458,2023-01-01T04:16:35
-24.573494,-3.113458,2023-01-01T04:16:36
-24.573494,-3.113458,2023-01-01T04:16:37
-24.573494,-3.113458,2023-01-01T04:16:38
-24.573494,-3.113458,2023-01-01T04:16:39
-24.573494,-3.113458,2023-01-01T04:16:40
-24.573494,-3.113458,2023-01-01T04:16:41
-24.573494,-3.113458,2023-01-01T04:16:42
-24.573494,-3.113458,2023-01-01T04:16:43
-24.573494,-3.113458,2023-01-01T04:16:44
-24.573494,-3.113458,2023-01-01T04:16:45
-24.573494,-3.113458,2023-01-01T04:16:46
-24.573494,-3.113458,2023-01-01T04:16:47
-24.573494,-3.113458,2023-01-01T04:16:48
-24.573494,-3.113458,2023-01-01T04:16:49
-24.573494,-3.113458,2023-01-01T04:16:50
-24.573494,-3.113458,2023-01-01T04:16:51
-24.573494,-3.113458,2023-01-01T04:16:52
-24.573494,-3.113458,2023-01-01T04:16:53
-24.573494,-3.113458,2023-01-01T04:16:54
-24.573494,-3.113458,2023-01-01T04:16:55
-24.573494,-3.113458,2023-01-01T04:16:56
-24.573494,-3.113458,2023-01-01T04:16:57
-24.573494,-3.113458,2023-01-01T04:16:58
-24.573494,-3.113458,2023-01-01T04:16:59
-24.573494,-3.113458,2023-01-01T04:17:00
-24.573494,-3.113458,2023-01-01T04:17:01
-24.573494,-3.113458,2023-01-01T04:17:02
-24.573494,-3.113458,2023-01-01T04:17:03
-24.573494,-3.113458,2023-01-01T04:17:04
-24.573494,-3.113458,2023-01-01T04:17:05
-24.573494,-3.113458,2023-01-01T04:17:06
-24.573494,-3.113458,2023-01-01T04:17:07
-24.573494,-3.113458,2023-01-01T04:17:08
-24.573494,-3.113458,2023-01-01T04:17:09
-24.573494,-3.113458,2023-01-01T04:17:10
-24.573494,-3.113458,2023-01-01T04:17:11
-24.573494,-3.113458,2023-01-01T04:17:12
-24.573494,-3.113458,2023-01-01T04:17:13
-24.573494,-3.113458,2023-01-01T04:17:14
-24.573494,-3.113458,2023-01-01T04:17:15
-24.573494,-3.113458,2023-01-01T04:17:16
-24.684686,-3.113458,2023-01-01T04:17:17
-24.684686,-3.113458,2023-01-01T04:17:18
-24.684686,-3.113458,2023-01-01T04:17:19
-24.684686,-3.113458,2023-01-01T04:17:20
-24.684686,-3.113458,2023-01-01T04:17:21
-24.684686,-3.113458,2023-01-01T04:17:22
-24.684686,-3.113458,2023-01-01T04:17:23
-24.684686,-3.113458,2023-01-01T04:17:24
-24.684686,-3.113458,2023-01-01T04:17:25
-24.684686,-3.113458,2023-01-01T04:17:26
-24.684686,-3.113458,2023-01-01T04:17:27
-24.684686,-3.113458,2023-01-01T04:17:28
-24.684686,-3.113458,2023-01-01T04:17:29
-24.684686,-3.113458,2023-01-01T04:17:30
-24.684686,-3.113458,2023-01-01T04:17:31
-24.684686,-3.113458,2023-01-01T04:17:32
-24.684686,-3.224653,2023-01-01T04:17:33
-24.684686,-3.224653,2023-01-01T04:17:34
-24.684686,-3.224653,2023-01-01T04:17:35
-24.684686,-3.224653,2023-01-01T04:17:36
-24.684686,-3.224653,2023-01-01T04:17:37
-24.684686,-3.224653,2023-01-01T04:17:38
-24.684686,-3.224653,2023-01-01T04:17:39
-24.684686,-3.224653,2023-01-01T04:17:40
-24.684686,-3.224653,2023-01-01T04:17:41
-24.684686,-3.224653,2023-01-01T04:17:42
-24.684686,-3.224653,2023-01-01T04:17:43
-24.684686,-3.224653,2023-01-01T04:17:44
-24.684686,-3.224653,2023-01-01T04:17:45
-24.684686,-3.224653,2023-01-01T04:17:46
-24.684686,-3.224653,2023-01-01T04:17:47
-24.684686,-3.224653,2023-01-01T04:17:48
-24.684686,-3.224653,2023-01-01T04:17:49
-24.684686,-3.224653,2023-01-01T04:17:50
-24.684686,-3.224653,2023-01-01T04:17:51
-24.684686,-3.224653,2023-01-01T04:17:52
-24.684686,-3.224653,2023-01-01T04:17:53
-24.684686,-3.224653,2023-01-01T04:17:54
-24.684686,-3.224653,2023-01-01T04:17:55
-24.684686,-3.224653,2023-01-01T04:17:56
-24.684686,-3.224653,2023-01-01T04:17:57
-24.684686,-3.224653,2023-01-01T04:17:58
-24.684686,-3.224653,2023-01-01T04:17:59
-24.684686,-3.224653,2023-01-01T04:18:00
-24.684686,-3.224653,2023-01-01T04:18:01
-24.684686,-3.224653,2023-01-01T04:18:02
-24.684686,-3.224653,2023-01-01T04:18:03
-24.684686,-3.224653,2023-01-01T04:18:04
-24.684686,-3.224653,2023-01-01T04:18:05
-24.684686,-3.224653,2023-01-01T04:18:06
-24.684686,-3.224653,2023-01-01T04:18:07
-24.684686,-3.224653,2023-01-01T04:18:08
-24.684686,-3.224653,2023-01-01T04:18:09
-24.684686,-3.224653,2023-01-01T04:18:10
-24.684686,-3.224653,2023-01-01T04:18:11
-24.684686,-3.224653,2023-01-01T04:18:12
-24.684686,-3.224653,2023-01-01T04:18:13
-24.684686,-3.224653,2023-01-01T04:18:14
-24.795878,-3.224653,2023-01-01T04:18:15
-24.684686,-3.224653,2023-01-01T04:18:16
-24.684686,-3.224653,2023-01-01T04:18:17
-24.684686,-3.224653,2023-01-01T04:18:18
-24.684686,-3.224653,2023-01-01T04:18:19
-24.795878,-3.224653,2023-01-01T04:18:20
-24.795878,-3.224653,2023-01-01T04:18:21
-24.795878,-3.224653,2023-01-01T04:18:22
-24.795878,-3.224653,2023-01-01T04:18:23
-24.795878,-3.224653,2023-01-01T04:18:24
-24.795878,-3.224653,2023-01-01T04:18:25
-24.795878,-3.224653,2023-01-01T04:18:26
-24.795878,-3.224653,2023-01-01T04:18:27
-24.795878,-3.224653,2023-01-01T04:18:28
-24.795878,-3.224653,2023-01-01T04:18:29
-24.795878,-3.224653,2023-01-01T04:18:30
-24.795878,-3.224653,2023-01-01T04:18:31
-24.795878,-3.224653,2023-01-01T04:18:32
-24.795878,-3.224653,2023-01-01T04:18:33
-24.795878,-3.335848,2023-01-01T04:18:34
-24.795878,-3.335848,2023-01-01T04:18:35
-24.795878,-3.335848,2023-01-01T04:18:36
-24.795878,-3.335848,2023-01-01T04:18:37
-24.795878,-3.335848,2023-01-01T04:18:38
-24.795878,-3.335848,2023-01-01T04:18:39
-24.795878,-3.335848,2023-01-01T04:18:40
-24.795878,-3.335848,2023-01-01T04:18:41
-24.795878,-3.335848,2023-01-01T04:18:42
-24.795878,-3.335848,2023-01-01T04:18:43
-24.795878,-3.335848,2023-01-01T04:18:44
-24.795878,-3.335848,2023-01-01T04:18:45
-24.795878,-3.335848,2023-01-01T04:18:46
-24.795878,-3.335848,2023-01-01T04:18:47
-24.795878,-3.335848,2023-01-01T04:18:48
-24.795878,-3.335848,2023-01-01T04:18:49
-24.795878,-3.335848,2023-01-01T04:18:50
-24.795878,-3.335848,2023-01-01T04:18:51
-24.795878,-3.335848,2023-01-01T04:18:52
-24.795878,-3.335848,2023-01-01T04:18:53
-24.795878,-3.335848,2023-01-01T04:18:54
-24.684686,-3.335848,2023-01-01T04:18:55
-24.684686,-3.335848,2023-01-01T04:18:56
-24.684686,-3.335848,2023-01-01T04:18:57
-24.684686,-3.335848,2023-01-01T04:18:58
-24.684686,-3.335848,2023-01-01T04:18:59
-24.684686,-3.335848,2023-01-01T04:19:00
-24.684686,-3.335848,2023-01-01T04:19:01
-24.684686,-3.335848,2023-01-01T04:19:02
-24.684686,-3.335848,2023-01-01T04:19:03
-24.684686,-3.335848,2023-01-01T04:19:04
-24.684686,-3.335848,2023-01-01T04:19:05
-24.684686,-3.335848,2023-01-01T04:19:06
-24.684686,-3.335848,2023-01-01T04:19:07
-24.684686,-3.335848,2023-01-01T04:19:08
-24.684686,-3.335848,2023-01-01T04:19:09
-24.684686,-3.335848,2023-01-01T04:19:10
-24.684686,-3.335848,2023-01-01T04:19:11
-24.684686,-3.335848,2023-01-01T04:19:12
-24.684686,-3.335848,2023-01-01T04:19:13
-24.684686,-3.335848,2023-01-01T04:19:14
-24.684686,-3.335848,2023-01-01T04:19:15
-24.684686,-3.335848,2023-01-01T04:19:16
-24.684686,-3.335848,2023-01-01T04:19:17
-24.684686,-3.335848,2023-01-01T04:19:18
-24.684686,-3.224653,2023-01-01T04:19:19
-24.684686,-3.224653,2023-01-01T04:19:20
-24.684686,-3.224653,2023-01-01T04:19:21
-24.573494,-3.224653,2023-01-01T04:19:22
-24.573494,-3.224653,2023-01-01T04:19:23
-24.573494,-3.224653,2023-01-01T04:19:24
-24.573494,-3.224653,2023-01-01T04:19:25
-24.573494,-3.224653,2023-01-01T04:19:26
-24.573494,-3.224653,2023-01-01T04:19:27
-24.573494,-3.224653,2023-01-01T04:19:28
-24.573494,-3.224653,2023-01-01T04:19:29
-24.573494,-3.224653,2023-01-01T04:19:30
-24.573494,-3.224653,2023-01-01T04:19:31
-24.573494,-3.224653,2023-01-01T04:19:32
-24.573494,-3.224653,2023-01-01T04:19:33
-24.573494,-3.224653,2023-01-01T04:19:34
-24.573494,-3.224653,2023-01-01T04:19:35
-24.573494,-3.113458,2023-01-01T04:19:36
-24.573494,-3.113458,2023-01-01T04:19:37
-24.573494,-3.113458,2023-01-01T04:19:38
-24.573494,-3.113458,2023-01-01T04:19:39
-24.573494,-3.113458,2023-01-01T04:19:40
-24.573494,-3.113458,2023-01-01T04:19:41
-24.573494,-3.113458,2023-01-01T04:19:42
-24.573494,-3.113458,2023-01-01T04:19:43
-24.462301,-3.113458,2023-01-01T04:19:44
-24.462301,-3.113458,2023-01-01T04:19:45
-24.462301,-3.113458,2023-01-01T04:19:46
-24.462301,-3.113458,2023-01-01T04:19:47
-24.462301,-3.113458,2023-01-01T04:19:48
-24.462301,-3.113458,2023-01-01T04:19:49
-24.462301,-3.113458,2023-01-01T04:19:50
-24.462301,-3.113458,2023-01-01T04:19:51
-24.462301,-3.113458,2023-01-01T04:19:52
-24.462301,-3.113458,2023-01-01T04:19:53
-24.462301,-3.224653,2023-01-01T04:19:54
-24.462301,-3.224653,2023-01-01T04:19:55
-24.462301,-3.224653,2023-01-01T04:19:56
-24.462301,-3.224653,2023-01-01T04:19:57
-24.462301,-3.224653,2023-01-01T04:19:58
-24.462301,-3.224653,2023-01-01T04:19:59
-24.351109,-3.224653,2023-01-01T04:20:00
-24.351109,-3.224653,2023-01-01T04:20:01
-24.351109,-3.224653,2023-01-01T04:20:02
-24.351109,-3.224653,2023-01-01T04:20:03
-24.351109,-3.224653,2023-01-01T04:20:04
-24.351109,-3.335848,2023-01-01T04:20:05
-24.351109,-3.335848,2023-01-01T04:20:06
-24.351109,-3.335848,2023-01-01T04:20:07
-24.351109,-3.335848,2023-01-01T04:20:08
-24.351109,-3.335848,2023-01-01T04:20:09
-24.351109,-3.335848,2023-01-01T04:20:10
-24.351109,-3.335848,2023-01-01T04:20:11
-24.351109,-3.335848,2023-01-01T04:20:12
-24.351109,-3.335848,2023-01-01T04:20:13
-24.239917,-3.335848,2023-01-01T04:20:14
-24.239917,-3.335848,2023-01-01T04:20:15
-24.239917,-3.335848,2023-01-01T04:20:16
-24.239917,-3.335848,2023-01-01T04:20:17
-24.239917,-3.335848,2023-01-01T04:20:18
-24.239917,-3.335848,2023-01-01T04:20:19
-24.239917,-3.335848,2023-01-01T04:20:20
-24.239917,-3.335848,2023-01-01T04:20:21
-24.239917,-3.335848,2023-01-01T04:20:22
-24.239917,-3.335848,2023-01-01T04:20:23
-24.239917,-3.335848,2023-01-01T04:20:24
-24.239917,-3.335848,2023-01-01T04:20:25
-24.239917,-3.335848,2023-01-01T04:20:26
-24.239917,-3.335848,2023-01-01T04:20:27
-24.239917,-3.335848,2023-01-01T04:20:28
-24.239917,-3.335848,2023-01-01T04:20:29
-24.239917,-3.335848,2023-01-01T04:20:30
-24.239917,-3.335848,2023-01-01T04:20:31
-24.128724,-3.335848,2023-01-01T04:20:32
-24.128724,-3.335848,2023-01-01T04:20:33
-24.128724,-3.335848,2023-01-01T04:20:34
-24.128724,-3.335848,2023-01-01T04:20:35
-24.128724,-3.335848,2023-01-01T04:20:36
-24.128724,-3.335848,2023-01-01T04:20:37
-24.128724,-3.335848,2023-01-01T04:20:38
-24.128724,-3.335848,2023-01-01T04:20:39
-24.128724,-3.335848,2023-01-01T04:20:40
-24.128724,-3.335848,2023-01-01T04:20:41
-24.128724,-3.335848,2023-01-01T04:20:42
-24.128724,-3.335848,2023-01-01T04:20:43
-24.128724,-3.335848,2023-01-01T04:20:44
-24.128724,-3.335848,2023-01-01T04:20:45
-24.128724,-3.335848,2023-01-01T04:20:46
-24.128724,-3.335848,2023-01-01T04:20:47
-24.128724,-3.335848,2023-01-01T04:20:48
-24.128724,-3.335848,2023-01-01T04:20:49
-24.017532,-3.335848,2023-01-01T04:20:50
-24.017532,-3.335848,2023-01-01T04:20:51
-24.017532,-3.335848,2023-01-01T04:20:52
-24.017532,-3.335848,2023-01-01T04:20:53
-24.017532,-3.335848,2023-01-01T04:20:54
-24.017532,-3.335848,2023-01-01T04:20:55
-24.017532,-3.335848,2023-01-01T04:20:56
-24.017532,-3.335848,2023-01-01T04:20:57
-24.017532,-3.335848,2023-01-01T04:20:58
-24.017532,-3.335848,2023-01-01T04:20:59
-24.017532,-3.335848,2023-01-01T04:21:00
-24.017532,-3.335848,2023-01-01T04:21:01
-24.017532,-3.335848,2023-01-01T04:21:02
-24.017532,-3.335848,2023-01-01T04:21:03
-24.017532,-3.335848,2023-01-01T04:21:04
-24.017532,-3.335848,2023-01-01T04:21:05
-24.017532,-3.335848,2023-01-01T04:21:06
-24.017532,-3.335848,2023-01-01T04:21:07
-24.017532,-3.335848,2023-01-01T04:21:08
-24.017532,-3.335848,2023-01-01T04:21:09
-24.017532,-3.335848,2023-01-01T04:21:10
-24.017532,-3.335848,2023-01-01T04:21:11
-24.017532,-3.335848,2023-01-01T04:21:12
-24.017532,-3.335848,2023-01-01T04:21:13
-24.017532,-3.335848,2023-01-01T04:21:14
-24.017532,-3.335848,2023-01-01T04:21:15
-24.017532,-3.335848,2023-01-01T04:21:16
-24.017532,-3.335848,2023-01-01T04:21:17
-24.017532,-3.335848,2023-01-01T04:21:18
-24.017532,-3.335848,2023-01-01T04:21:19
-24.017532,-3.335848,2023-01-01T04:21:20
-24.017532,-3.335848,2023-01-01T04:21:21
-24.017532,-3.335848,2023-01-01T04:21:22
-24.017532,-3.335848,2023-01-01T04:21:23
-24.017532,-3.335848,2023-01-01T04:21:24
-24.017532,-3.335848,2023-01-01T04:21:25
-24.017532,-3.335848,2023-01-01T04:21:26
-24.017532,-3.335848,2023-01-01T04:21:27
-24.017532,-3.335848,2023-01-01T04:21:28
-24.017532,-3.335848,2023-01-01T04:21:29
-24.017532,-3.335848,2023-01-01T04:21:30
-24.017532,-3.335848,2023-01-01T04:21:31
-24.017532,-3.335848,2023-01-01T04:21:32
-24.017532,-3.335848,2023-01-01T04:21:33
-24.017532,-3.447043,2023-01-01T04:21:34
-24.017532,-3.447043,2023-01-01T04:21:35
-24.128724,-3.447043,2023-01-01T04:21:36
-24.128724,-3.447043,2023-01-01T04:21:37
-24.128724,-3.447043,2023-01-01T04:21:38
-24.128724,-3.447043,2023-01-01T04:21:39
-24.128724,-3.447043,2023-01-01T04:21:40
-24.128724,-3.447043,2023-01-01T04:21:41
-24.128724,-3.447043,2023-01-01T04:21:42
-24.128724,-3.447043,2023-01-01T04:21:43
-24.128724,-3.447043,2023-01-01T04:21:44
-24.128724,-3.447043,2023-01-01T04:21:45
-24.128724,-3.447043,2023-01-01T04:21:46
-24.128724,-3.447043,2023-01-01T04:21:47
-24.128724,-3.447043,2023-01-01T04:21:48
-24.128724,-3.447043,2023-01-01T04:21:49
-24.128724,-3.447043,2023-01-01T04:21:50
-24.128724,-3.335848,2023-01-01T04:21:51
-24.128724,-3.335848,2023-01-01T04:21:52
-24.128724,-3.335848,2023-01-01T04:21:53
-24.128724,-3.335848,2023-01-01T04:21:54
-24.128724,-3.335848,2023-01-01T04:21:55
-24.128724,-3.335848,2023-01-01T04:21:56
-24.128724,-3.335848,2023-01-01T04:21:57
-24.128724,-3.335848,2023-01-01T04:21:58
-24.128724,-3.335848,2023-01-01T04:21:59
-24.128724,-3.335848,2023-01-01T04:22:00
-24.128724,-3.335848,2023-01-01T04:22:01
-24.128724,-3.335848,2023-01-01T04:22:02
-24.128724,-3.335848,2023-01-01T04:22:03
-24.128724,-3.335848,2023-01-01T04:22:04
-24.128724,-3.335848,2023-01-01T04:22:05
-24.128724,-3.335848,2023-01-01T04:22:06
-24.128724,-3.335848,2023-01-01T04:22:07
-24.128724,-3.335848,2023-01-01T04:22:08
-24.128724,-3.335848,2023-01-01T04:22:09
-24.128724,-3.224653,2023-01-01T04:22:10
-24.128724,-3.224653,2023-01-01T04:22:11
-24.128724,-3.224653,2023-01-01T04:22:12
-24.128724,-3.224653,2023-01-01T04:22:13
-24.128724,-3.224653,2023-01-01T04:22:14
-24.128724,-3.224653,2023-01-01T04:22:15
-24.128724,-3.224653,2023-01-01T04:22:16
-24.128724,-3.224653,2023-01-01T04:22:17
-24.128724,-3.224653,2023-01-01T04:22:18
-24.128724,-3.224653,2023-01-01T04:22:19
-24.128724,-3.335848,2023-01-01T04:22:20
-24.128724,-3.335848,2023-01-01T04:22:21
-24.128724,-3.335848,2023-01-01T04:22:22
-24.128724,-3.335848,2023-01-01T04:22:23
-24.128724,-3.335848,2023-01-01T04:22:24
-24.128724,-3.447043,2023-01-01T04:22:25
-24.128724,-3.447043,2023-01-01T04:22:26
-24.128724,-3.447043,2023-01-01T04:22:27
-24.128724,-3.447043,2023-01-01T04:22:28
-24.128724,-3.447043,2023-01-01T04:22:29
-24.128724,-3.558238,2023-01-01T04:22:30
-24.128724,-3.558238,2023-01-01T04:22:31
-24.128724,-3.558238,2023-01-01T04:22:32
-24.128724,-3.558238,2023-01-01T04:22:33
-24.128724,-3.558238,2023-01-01T04:22:34
-24.128724,-3.558238,2023-01-01T04:22:35
-24.128724,-3.669433,2023-01-01T04:22:36
-24.128724,-3.669433,2023-01-01T04:22:37
-24.128724,-3.669433,2023-01-01T04:22:38
-24.128724,-3.669433,2023-01-01T04:22:39
-24.128724,-3.669433,2023-01-01T04:22:40
-24.128724,-3.669433,2023-01-01T04:22:41
-24.128724,-3.780628,2023-01-01T04:22:42
-24.128724,-3.780628,2023-01-01T04:22:43
-24.128724,-3.780628,2023-01-01T04:22:44
-24.128724,-3.780628,2023-01-01T04:22:45
-24.128724,-3.780628,2023-01-01T04:22:46
-24.128724,-3.780628,2023-01-01T04:22:47
-24.128724,-3.780628,2023-01-01T04:22:48
-24.128724,-3.780628,2023-01-01T04:22:49
-24.128724,-3.780628,2023-01-01T04:22:50
-24.128724,-3.780628,2023-01-01T04:22:51
-24.128724,-3.780628,2023-01-01T04:22:52
-24.128724,-3.780628,2023-01-01T04:22:53
-24.128724,-3.780628,2023-01-01T04:22:54
-24.128724,-3.780628,2023-01-01T04:22:55
-24.128724,-3.780628,2023-01-01T04:22:56
-24.128724,-3.780628,2023-01-01T04:22:57
-24.128724,-3.780628,2023-01-01T04:22:58
-24.128724,-3.780628,2023-01-01T04:22:59
-24.128724,-3.780628,2023-01-01T04:23:00
-24.128724,-3.780628,2023-01-01T04:23:01
-24.128724,-3.780628,2023-01-01T04:23:02
-24.128724,-3.780628,2023-01-01T04:23:03
-24.128724,-3.780628,2023-01-01T04:23:04
-24.128724,-3.780628,2023-01-01T04:23:05
-24.128724,-3.780628,2023-01-01T04:23:06
-24.128724,-3.780628,2023-01-01T04:23:07
-24.128724,-3.780628,2023-01-01T04:23:08
-24.128724,-3.780628,2023-01-01T04:23:09
-24.128724,-3.780628,2023-01-01T04:23:10
-24.128724,-3.780628,2023-01-01T04:23:11
-24.128724,-3.780628,2023-01-01T04:23:12
-24.128724,-3.891822,2023-01-01T04:23:13
-24.128724,-3.891822,2023-01-01T04:23:14
-24.128724,-3.891822,2023-01-01T04:23:15
-24.128724,-3.891822,2023-01-01T04:23:16
-24.128724,-3.891822,2023-01-01T04:23:17
-24.128724,-3.891822,2023-01-01T04:23:18
-24.128724,-3.891822,2023-01-01T04:23:19
-24.128724,-3.780628,2023-01-01T04:23:20
-24.128724,-3.780628,2023-01-01T04:23:21
-24.128724,-3.780628,2023-01-01T04:23:22
-24.128724,-3.780628,2023-01-01T04:23:23
-24.128724,-3.780628,2023-01-01T04:23:24
-24.128724,-3.780628,2023-01-01T04:23:25
-24.128724,-3.780628,2023-01-01T04:23:26
-24.128724,-3.780628,2023-01-01T04:23:27
-24.128724,-3.780628,2023-01-01T04:23:28
-24.128724,-3.780628,2023-01-01T04:23:29
-24.128724,-3.780628,2023-01-01T04:23:30
-24.128724,-3.780628,2023-01-01T04:23:31
-24.128724,-3.780628,2023-01-01T04:23:32
-24.128724,-3.780628,2023-01-01T04:23:33
-24.239917,-3.780628,2023-01-01T04:23:34
-24.239917,-3.780628,2023-01-01T04:23:35
-24.239917,-3.780628,2023-01-01T04:23:36
-24.239917,-3.780628,2023-01-01T04:23:37
-24.239917,-3.780628,2023-01-01T04:23:38
-24.239917,-3.780628,2023-01-01T04:23:39
-24.239917,-3.780628,2023-01-01T04:23:40
-24.239917,-3.780628,2023-01-01T04:23:41
-24.239917,-3.780628,2023-01-01T04:23:42
-24.239917,-3.780628,2023-01-01T04:23:43
-24.239917,-3.780628,2023-01-01T04:23:44
-24.239917,-3.669433,2023-01-01T04:23:45
-24.239917,-3.669433,2023-01-01T04:23:46
-24.239917,-3.669433,2023-01-01T04:23:47
-24.239917,-3.669433,2023-01-01T04:23:48
-24.239917,-3.669433,2023-01-01T04:23:49
-24.239917,-3.669433,2023-01-01T04:23:50
-24.239917,-3.669433,2023-01-01T04:23:51
-24.239917,-3.669433,2023-01-01T04:23:52
-24.239917,-3.669433,2023-01-01T04:23:53
-24.351109,-3.669433,2023-01-01T04:23:54
-24.351109,-3.669433,2023-01-01T04:23:55
-24.351109,-3.669433,2023-01-01T04:23:56
-24.351109,-3.669433,2023-01-01T04:23:57
-24.351109,-3.669433,2023-01-01T04:23:58
-24.351109,-3.669433,2023-01-01T04:23:59
-24.351109,-3.558238,2023-01-01T04:24:00
-24.351109,-3.558238,2023-01-01T04:24:01
-24.351109,-3.558238,2023-01-01T04:24:02
-24.351109,-3.558238,2023-01-01T04:24:03
-24.351109,-3.558238,2023-01-01T04:24:04
-24.351109,-3.558238,2023-01-01T04:24:05
-24.351109,-3.558238,2023-01-01T04:24:06
-24.462301,-3.447043,2023-01-01T04:24:07
-24.462301,-3.447043,2023-01-01T04:24:08
-24.462301,-3.447043,2023-01-01T04:24:09
-24.462301,-3.447043,2023-01-01T04:24:10
-24.462301,-3.447043,2023-01-01T04:24:11
-24.462301,-3.335848,2023-01-01T04:24:12
-24.462301,-3.335848,2023-01-01T04:24:13
-24.462301,-3.335848,2023-01-01T04:24:14
-24.462301,-3.335848,2023-01-01T04:24:15
-24.462301,-3.224653,2023-01-01T04:24:16
-24.462301,-3.224653,2023-01-01T04:24:17
-24.462301,-3.224653,2023-01-01T04:24:18
-24.573494,-3.224653,2023-01-01T04:24:19
-24.573494,-3.224653,2023-01-01T04:24:20
-24.573494,-3.113458,2023-01-01T04:24:21
-24.573494,-3.113458,2023-01-01T04:24:22
-24.573494,-3.113458,2023-01-01T04:24:23
-24.573494,-3.113458,2023-01-01T04:24:24
-24.573494,-3.113458,2023-01-01T04:24:25
-24.573494,-3.002263,2023-01-01T04:24:26
-24.573494,-3.002263,2023-01-01T04:24:27
-24.573494,-3.002263,2023-01-01T04:24:28
-24.573494,-3.002263,2023-01-01T04:24:29
-24.684686,-2.891068,2023-01-01T04:24:30
-24.684686,-2.891068,2023-01-01T04:24:31
-24.684686,-2.891068,2023-01-01T04:24:32
-24.684686,-2.891068,2023-01-01T04:24:33
-24.684686,-2.779873,2023-01-01T04:24:34
-24.684686,-2.779873,2023-01-01T04:24:35
-24.684686,-2.779873,2023-01-01T04:24:36
-24.684686,-2.779873,2023-01-01T04:24:37
-24.684686,-2.668678,2023-01-01T04:24:38
-24.684686,-2.668678,2023-01-01T04:24:39
-24.684686,-2.668678,2023-01-01T04:24:40
-24.684686,-2.668678,2023-01-01T04:24:41
-24.684686,-2.668678,2023-01-01T04:24:42
-24.684686,-2.557483,2023-01-01T04:24:43
-24.684686,-2.557483,2023-01-01T04:24:44
-24.684686,-2.557483,2023-01-01T04:24:45
-24.795878,-2.557483,2023-01-01T04:24:46
-24.795878,-2.557483,2023-01-01T04:24:47
-24.795878,-2.446288,2023-01-01T04:24:48
-24.795878,-2.557483,2023-01-01T04:24:49
-24.795878,-2.557483,2023-01-01T04:24:50
-24.795878,-2.557483,2023-01-01T04:24:51
-24.795878,-2.557483,2023-01-01T04:24:52
-24.795878,-2.557483,2023-01-01T04:24:53
-24.795878,-2.557483,2023-01-01T04:24:54
-24.795878,-2.668678,2023-01-01T04:24:55
-24.795878,-2.668678,2023-01-01T04:24:56
-24.795878,-2.668678,2023-01-01T04:24:57
-24.795878,-2.668678,2023-01-01T04:24:58
-24.795878,-2.668678,2023-01-01T04:24:59
-24.795878,-2.668678,2023-01-01T04:25:00
-24.795878,-2.668678,2023-01-01T04:25:01
-24.795878,-2.668678,2023-01-01T04:25:02
-24.795878,-2.779873,2023-01-01T04:25:03
-24.795878,-2.779873,2023-01-01T04:25:04
-24.795878,-2.779873,2023-01-01T04:25:05
-24.795878,-2.779873,2023-01-01T04:25:06
-24.795878,-2.779873,2023-01-01T04:25:07
-24.795878,-2.779873,2023-01-01T04:25:08
-24.795878,-2.779873,2023-01-01T04:25:09
-24.795878,-2.779873,2023-01-01T04:25:10
-24.795878,-2.779873,2023-01-01T04:25:11
-24.795878,-2.891068,2023-01-01T04:25:12
-24.795878,-2.891068,2023-01-01T04:25:13
-24.795878,-2.891068,2023-01-01T04:25:14
-24.795878,-2.891068,2023-01-01T04:25:15
-24.795878,-2.891068,2023-01-01T04:25:16
-24.795878,-2.891068,2023-01-01T04:25:17
-24.907070,-2.891068,2023-01-01T04:25:18
-24.907070,-2.891068,2023-01-01T04:25:19
-24.907070,-2.891068,2023-01-01T04:25:20
-24.907070,-2.891068,2023-01-01T04:25:21
-24.907070,-2.891068,2023-01-01T04:25:22
-24.907070,-2.891068,2023-01-01T04:25:23
-24.907070,-2.891068,2023-01-01T04:25:24
-24.907070,-2.891068,2023-01-01T04:25:25
-24.907070,-2.891068,2023-01-01T04:25:26
-24.907070,-2.891068,2023-01-01T04:25:27
-24.907070,-2.891068,2023-01-01T04:25:28
-24.907070,-2.891068,2023-01-01T04:25:29
-24.907070,-2.891068,2023-01-01T04:25:30
-24.907070,-2.891068,2023-01-01T04:25:31
-24.907070,-2.891068,2023-01-01T04:25:32
-24.907070,-2.891068,2023-01-01T04:25:33
-24.907070,-2.891068,2023-01-01T04:25:34
-24.907070,-2.891068,2023-01-01T04:25:35
-25.018263,-2.891068,2023-01-01T04:25:36
-25.018263,-2.891068,2023-01-01T04:25:37
-25.018263,-2.891068,2023-01-01T04:25:38
-25.018263,-2.891068,2023-01-01T04:25:39
-25.018263,-2.891068,2023-01-01T04:25:40
-25.018263,-2.891068,2023-01-01T04:25:41
-25.018263,-2.891068,2023-01-01T04:25:42
-25.018263,-2.891068,2023-01-01T04:25:43
-25.018263,-2.779873,2023-01-01T04:25:44
-25.018263,-2.779873,2023-01-01T04:25:45
-25.018263,-2.779873,2023-01-01T04:25:46
-25.018263,-2.779873,2023-01-01T04:25:47
-25.018263,-2.779873,2023-01-01T04:25:48
-25.018263,-2.779873,2023-01-01T04:25:49
-25.018263,-2.779873,2023-01-01T04:25:50
-25.018263,-2.779873,2023-01-01T04:25:51
-25.018263,-2.779873,2023-01-01T04:25:52
-25.018263,-2.779873,2023-01-01T04:25:53
-25.018263,-2.779873,2023-01-01T04:25:54
-25.018263,-2.779873,2023-01-01T04:25:55
-25.018263,-2.779873,2023-01-01T04:25:56
-25.018263,-2.779873,2023-01-01T04:25:57
-25.018263,-2.779873,2023-01-01T04:25:58
-25.018263,-2.779873,2023-01-01T04:25:59
-25.018263,-2.779873,2023-01-01T04:26:00
-25.018263,-2.779873,2023-01-01T04:26:01
-25.018263,-2.779873,2023-01-01T04:26:02
-25.018263,-2.779873,2023-01-01T04:26:03
-25.018263,-2.779873,2023-01-01T04:26:04
-25.018263,-2.779873,2023-01-01T04:26:05
-25.018263,-2.779873,2023-01-01T04:26:06
-25.018263,-2.779873,2023-01-01T04:26:07
-25.018263,-2.779873,2023-01-01T04:26:08
-25.018263,-2.779873,2023-01-01T04:26:09
-25.018263,-2.779873,2023-01-01T04:26:10
-25.018263,-2.779873,2023-01-01T04:26:11
-25.018263,-2.779873,2023-01-01T04:26:12
-25.018263,-2.779873,2023-01-01T04:26:13
-25.018263,-2.779873,2023-01-01T04:26:14
-25.018263,-2.668678,2023-01-01T04:26:15
-25.018263,-2.668678,2023-01-01T04:26:16
-25.018263,-2.668678,2023-01-01T04:26:17
-25.018263,-2.668678,2023-01-01T04:26:18
-25.018263,-2.668678,2023-01-01T04:26:19
-25.018263,-2.668678,2023-01-01T04:26:20
-25.018263,-2.668678,2023-01-01T04:26:21
-25.018263,-2.668678,2023-01-01T04:26:22
-25.018263,-2.668678,2023-01-01T04:26:23
-25.018263,-2.668678,2023-01-01T04:26:24
-25.018263,-2.668678,2023-01-01T04:26:25
-25.018263,-2.668678,2023-01-01T04:26:26
-25.018263,-2.668678,2023-01-01T04:26:27
-25.018263,-2.668678,2023-01-01T04:26:28
-25.018263,-2.668678,2023-01-01T04:26:29
-25.018263,-2.668678,2023-01-01T04:26:30
-25.018263,-2.668678,2023-01-01T04:26:31
-25.018263,-2.668678,2023-01-01T04:26:32
-25.018263,-2.557483,2023-01-01T04:26:33
-25.018263,-2.557483,2023-01-01T04:26:34
-25.018263,-2.557483,2023-01-01T04:26:35
-25.018263,-2.557483,2023-01-01T04:26:36
-25.018263,-2.557483,2023-01-01T04:26:37
-25.018263,-2.557483,2023-01-01T04:26:38
-25.018263,-2.557483,2023-01-01T04:26:39
-25.018263,-2.557483,2023-01-01T04:26:40
-25.018263,-2.446288,2023-01-01T04:26:41
-25.018263,-2.446288,2023-01-01T04:26:42
-25.018263,-2.446288,2023-01-01T04:26:43
-25.018263,-2.446288,2023-01-01T04:26:44
-25.018263,-2.446288,2023-01-01T04:26:45
-25.018263,-2.446288,2023-01-01T04:26:46
-25.018263,-2.446288,2023-01-01T04:26:47
-25.018263,-2.446288,2023-01-01T04:26:48
-25.018263,-2.446288,2023-01-01T04:26:49
-25.018263,-2.446288,2023-01-01T04:26:50
-25.018263,-2.446288,2023-01-01T04:26:51
-25.018263,-2.446288,2023-01-01T04:26:52
-25.018263,-2.446288,2023-01-01T04:26:53
-25.018263,-2.446288,2023-01-01T04:26:54
-25.018263,-2.446288,2023-01-01T04:26:55
-25.018263,-2.446288,2023-01-01T04:26:56
-25.129455,-2.446288,2023-01-01T04:26:57
-25.129455,-2.446288,2023-01-01T04:26:58
-25.129455,-2.446288,2023-01-01T04:26:59
-25.129455,-2.446288,2023-01-01T04:27:00
-25.129455,-2.446288,2023-01-01T04:27:01
-25.129455,-2.446288,2023-01-01T04:27:02
-25.129455,-2.335093,2023-01-01T04:27:03
-25.129455,-2.335093,2023-01-01T04:27:04
-25.129455,-2.335093,2023-01-01T04:27:05
-25.129455,-2.335093,2023-01-01T04:27:06
-25.129455,-2.335093,2023-01-01T04:27:07
-25.129455,-2.335093,2023-01-01T04:27:08
-25.129455,-2.335093,2023-01-01T04:27:09
-25.129455,-2.335093,2023-01-01T04:27:10
-25.129455,-2.335093,2023-01-01T04:27:11
-25.129455,-2.335093,2023-01-01T04:27:12
-25.129455,-2.335093,2023-01-01T04:27:13
-25.129455,-2.223899,2023-01-01T04:27:14
-25.129455,-2.223899,2023-01-01T04:27:15
-25.129455,-2.223899,2023-01-01T04:27:16
-25.129455,-2.223899,2023-01-01T04:27:17
-25.129455,-2.223899,2023-01-01T04:27:18
-25.129455,-2.223899,2023-01-01T04:27:19
-25.129455,-2.223899,2023-01-01T04:27:20
-25.129455,-2.335093,2023-01-01T04:27:21
-25.129455,-2.335093,2023-01-01T04:27:22
-25.129455,-2.335093,2023-01-01T04:27:23
-25.129455,-2.335093,2023-01-01T04:27:24
-25.129455,-2.335093,2023-01-01T04:27:25
-25.129455,-2.335093,2023-01-01T04:27:26
-25.129455,-2.335093,2023-01-01T04:27:27
-25.129455,-2.335093,2023-01-01T04:27:28
-25.129455,-2.335093,2023-01-01T04:27:29
-25.129455,-2.335093,2023-01-01T04:27:30
-25.129455,-2.335093,2023-01-01T04:27:31
-25.129455,-2.335093,2023-01-01T04:27:32
-25.129455,-2.335093,2023-01-01T04:27:33
-25.129455,-2.335093,2023-01-01T04:27:34
-25.129455,-2.335093,2023-01-01T04:27:35
-25.129455,-2.335093,2023-01-01T04:27:36
-25.129455,-2.335093,2023-01-01T04:27:37
-25.129455,-2.446288,2023-01-01T04:27:38
-25.129455,-2.446288,2023-01-01T04:27:39
-25.129455,-2.446288,2023-01-01T04:27:40
-25.129455,-2.446288,2023-01-01T04:27:41
-25.129455,-2.446288,2023-01-01T04:27:42
-25.129455,-2.446288,2023-01-01T04:27:43
-25.129455,-2.446288,2023-01-01T04:27:44
-25.129455,-2.446288,2023-01-01T04:27:45
-25.129455,-2.446288,2023-01-01T04:27:46
-25.129455,-2.446288,2023-01-01T04:27:47
-25.129455,-2.446288,2023-01-01T04:27:48
-25.129455,-2.446288,2023-01-01T04:27:49
-25.129455,-2.446288,2023-01-01T04:27:50
-25.129455,-2.446288,2023-01-01T04:27:51
-25.129455,-2.446288,2023-01-01T04:27:52
-25.129455,-2.446288,2023-01-01T04:27:53
-25.129455,-2.446288,2023-01-01T04:27:54
-25.129455,-2.446288,2023-01-01T04:27:55
-25.129455,-2.446288,2023-01-01T04:27:56
-25.129455,-2.446288,2023-01-01T04:27:57
-25.129455,-2.446288,2023-01-01T04:27:58
-25.129455,-2.446288,2023-01-01T04:27:59
-25.129455,-2.446288,2023-01-01T04:28:00
-25.129455,-2.446288,2023-01-01T04:28:01
-25.129455,-2.446288,2023-01-01T04:28:02
-25.129455,-2.446288,2023-01-01T04:28:03
-25.129455,-2.446288,2023-01-01T04:28:04
-25.129455,-2.446288,2023-01-01T04:28:05
-25.129455,-2.446288,2023-01-01T04:28:06
-25.129455,-2.335093,2023-01-01T04:28:07
-25.129455,-2.335093,2023-01-01T04:28:08
-25.129455,-2.335093,2023-01-01T04:28:09
-25.129455,-2.335093,2023-01-01T04:28:10
-25.129455,-2.335093,2023-01-01T04:28:11
-25.129455,-2.223899,2023-01-01T04:28:12
-25.129455,-2.223899,2023-01-01T04:28:13
-25.129455,-2.223899,2023-01-01T04:28:14
-25.129455,-2.223899,2023-01-01T04:28:15
-25.129455,-2.112704,2023-01-01T04:28:16
-25.129455,-2.112704,2023-01-01T04:28:17
-25.129455,-2.112704,2023-01-01T04:28:18
-25.129455,-2.112704,2023-01-01T04:28:19
-25.129455,-2.112704,2023-01-01T04:28:20
-25.129455,-2.112704,2023-01-01T04:28:21
-25.129455,-2.112704,2023-01-01T04:28:22
-25.129455,-2.001509,2023-01-01T04:28:23
-25.129455,-2.001509,2023-01-01T04:28:24
-25.129455,-2.001509,2023-01-01T04:28:25
-25.129455,-2.001509,2023-01-01T04:28:26
-25.129455,-2.001509,2023-01-01T04:28:27
-25.129455,-1.890314,2023-01-01T04:28:28
-25.129455,-1.890314,2023-01-01T04:28:29
-25.129455,-1.890314,2023-01-01T04:28:30
-25.129455,-1.890314,2023-01-01T04:28:31
-25.129455,-1.779119,2023-01-01T04:28:32
-25.129455,-1.779119,2023-01-01T04:28:33
-25.129455,-1.779119,2023-01-01T04:28:34
-25.129455,-1.667924,2023-01-01T04:28:35
-25.129455,-1.667924,2023-01-01T04:28:36
-25.129455,-1.667924,2023-01-01T04:28:37
-25.129455,-1.556729,2023-01-01T04:28:38
-25.129455,-1.556729,2023-01-01T04:28:39
-25.129455,-1.556729,2023-01-01T04:28:40
-25.129455,-1.445534,2023-01-01T04:28:41
-25.129455,-1.445534,2023-01-01T04:28:42
-25.129455,-1.334339,2023-01-01T04:28:43
-25.018263,-1.334339,2023-01-01T04:28:44
-25.018263,-1.223144,2023-01-01T04:28:45
-25.018263,-1.223144,2023-01-01T04:28:46
-25.018263,-1.223144,2023-01-01T04:28:47
-25.018263,-1.223144,2023-01-01T04:28:48
-25.018263,-1.223144,2023-01-01T04:28:49
-25.018263,-1.223144,2023-01-01T04:28:50
-25.018263,-1.223144,2023-01-01T04:28:51
-25.018263,-1.223144,2023-01-01T04:28:52
-25.018263,-1.111949,2023-01-01T04:28:53
-25.018263,-1.111949,2023-01-01T04:28:54
-25.018263,-1.111949,2023-01-01T04:28:55
-25.018263,-1.111949,2023-01-01T04:28:56
-25.018263,-1.111949,2023-01-01T04:28:57
-25.018263,-1.111949,2023-01-01T04:28:58
-24.907070,-1.111949,2023-01-01T04:28:59
-24.907070,-1.111949,2023-01-01T04:29:00
-24.907070,-1.111949,2023-01-01T04:29:01
-24.907070,-1.111949,2023-01-01T04:29:02
-24.907070,-1.111949,2023-01-01T04:29:03
-24.907070,-1.111949,2023-01-01T04:29:04
-24.907070,-1.111949,2023-01-01T04:29:05
-24.907070,-1.111949,2023-01-01T04:29:06
-24.907070,-1.111949,2023-01-01T04:29:07
-24.907070,-1.000754,2023-01-01T04:29:08
-24.907070,-1.000754,2023-01-01T04:29:09
-24.907070,-1.000754,2023-01-01T04:29:10
-24.795878,-1.000754,2023-01-01T04:29:11
-24.795878,-1.000754,2023-01-01T04:29:12
-24.795878,-1.000754,2023-01-01T04:29:13
-24.795878,-1.000754,2023-01-01T04:29:14
-24.795878,-1.000754,2023-01-01T04:29:15
-24.795878,-1.000754,2023-01-01T04:29:16
-24.795878,-1.000754,2023-01-01T04:29:17
-24.795878,-1.000754,2023-01-01T04:29:18
-24.795878,-1.000754,2023-01-01T04:29:19
-24.795878,-1.111949,2023-01-01T04:29:20
-24.795878,-1.111949,2023-01-01T04:29:21
-24.795878,-1.111949,2023-01-01T04:29:22
-24.795878,-1.111949,2023-01-01T04:29:23
-24.795878,-1.111949,2023-01-01T04:29:24
-24.795878,-1.111949,2023-01-01T04:29:25
-24.684686,-1.111949,2023-01-01T04:29:26
-24.684686,-1.223144,2023-01-01T04:29:27
-24.684686,-1.223144,2023-01-01T04:29:28
-24.684686,-1.223144,2023-01-01T04:29:29
-24.684686,-1.223144,2023-01-01T04:29:30
-24.684686,-1.223144,2023-01-01T04:29:31
-24.684686,-1.223144,2023-01-01T04:29:32
-24.684686,-1.223144,2023-01-01T04:29:33
-24.684686,-1.334339,2023-01-01T04:29:34
-24.684686,-1.334339,2023-01-01T04:29:35
-24.684686,-1.334339,2023-01-01T04:29:36
-24.684686,-1.334339,2023-01-01T04:29:37
-24.684686,-1.334339,2023-01-01T04:29:38
-24.684686,-1.334339,2023-01-01T04:29:39
-24.684686,-1.334339,2023-01-01T04:29:40
-24.684686,-1.445534,2023-01-01T04:29:41
-24.684686,-1.445534,2023-01-01T04:29:42
-24.684686,-1.445534,2023-01-01T04:29:43
-24.684686,-1.445534,2023-01-01T04:29:44
-24.684686,-1.445534,2023-01-01T04:29:45
-24.684686,-1.445534,2023-01-01T04:29:46
-24.684686,-1.445534,2023-01-01T04:29:47
-24.684686,-1.556729,2023-01-01T04:29:48
-24.684686,-1.556729,2023-01-01T04:29:49
-24.684686,-1.556729,2023-01-01T04:29:50
-24.795878,-1.556729,2023-01-01T04:29:51
-24.795878,-1.556729,2023-01-01T04:29:52
-24.795878,-1.556729,2023-01-01T04:29:53
-24.795878,-1.556729,2023-01-01T04:29:54
-24.795878,-1.556729,2023-01-01T04:29:55
-24.795878,-1.556729,2023-01-01T04:29:56
-24.795878,-1.667924,2023-01-01T04:29:57
-24.795878,-1.667924,2023-01-01T04:29:58
-24.795878,-1.667924,2023-01-01T04:29:59
-24.795878,-1.667924,2023-01-01T04:30:00
-24.795878,-1.667924,2023-01-01T04:30:01
-24.795878,-1.667924,2023-01-01T04:30:02
-24.795878,-1.667924,2023-01-01T04:30:03
-24.795878,-1.667924,2023-01-01T04:30:04
-24.795878,-1.667924,2023-01-01T04:30:05
-24.907070,-1.779119,2023-01-01T04:30:06
-24.907070,-1.779119,2023-01-01T04:30:07
-24.907070,-1.779119,2023-01-01T04:30:08
-24.907070,-1.779119,2023-01-01T04:30:09
-24.907070,-1.779119,2023-01-01T04:30:10
-24.907070,-1.779119,2023-01-01T04:30:11
-24.907070,-1.779119,2023-01-01T04:30:12
-24.907070,-1.779119,2023-01-01T04:30:13
-24.907070,-1.779119,2023-01-01T04:30:14
-24.907070,-1.779119,2023-01-01T04:30:15
-25.018263,-1.779119,2023-01-01T04:30:16
-25.018263,-1.779119,2023-01-01T04:30:17
-25.018263,-1.779119,2023-01-01T04:30:18
-25.018263,-1.779119,2023-01-01T04:30:19
-25.018263,-1.779119,2023-01-01T04:30:20
-25.018263,-1.779119,2023-01-01T04:30:21
-25.018263,-1.779119,2023-01-01T04:30:22
-25.018263,-1.779119,2023-01-01T04:30:23
-25.018263,-1.779119,2023-01-01T04:30:24
-25.018263,-1.779119,2023-01-01T04:30:25
-25.018263,-1.779119,2023-01-01T04:30:26
-25.018263,-1.667924,2023-01-01T04:30:27
-25.018263,-1.667924,2023-01-01T04:30:28
-25.018263,-1.667924,2023-01-01T04:30:29
-25.018263,-1.667924,2023-01-01T04:30:30
-25.018263,-1.667924,2023-01-01T04:30:31
-25.018263,-1.667924,2023-01-01T04:30:32
-25.018263,-1.667924,2023-01-01T04:30:33
-25.129455,-1.556729,2023-01-01T04:30:34
-25.129455,-1.556729,2023-01-01T04:30:35
-25.129455,-1.556729,2023-01-01T04:30:36
-25.129455,-1.556729,2023-01-01T04:30:37
-25.129455,-1.445534,2023-01-01T04:30:38
-25.129455,-1.445534,2023-01-01T04:30:39
-25.129455,-1.445534,2023-01-01T04:30:40
-25.129455,-1.334339,2023-01-01T04:30:41
-25.129455,-1.334339,2023-01-01T04:30:42
-25.129455,-1.334339,2023-01-01T04:30:43
-25.129455,-1.223144,2023-01-01T04:30:44
-25.129455,-1.223144,2023-01-01T04:30:45
-25.129455,-1.223144,2023-01-01T04:30:46
-25.129455,-1.111949,2023-01-01T04:30:47
-25.129455,-1.111949,2023-01-01T04:30:48
-25.129455,-1.111949,2023-01-01T04:30:49
-25.129455,-1.111949,2023-01-01T04:30:50
-25.129455,-1.111949,2023-01-01T04:30:51
-25.129455,-1.111949,2023-01-01T04:30:52
-25.129455,-1.111949,2023-01-01T04:30:53
-25.129455,-1.111949,2023-01-01T04:30:54
-25.018263,-1.000754,2023-01-01T04:30:55
-25.018263,-1.000754,2023-01-01T04:30:56
-25.018263,-1.000754,2023-01-01T04:30:57
-25.018263,-1.000754,2023-01-01T04:30:58
-25.018263,-1.000754,2023-01-01T04:30:59
-25.018263,-0.889559,2023-01-01T04:31:00
-25.018263,-0.889559,2023-01-01T04:31:01
-25.018263,-0.889559,2023-01-01T04:31:02
-25.018263,-0.889559,2023-01-01T04:31:03
-25.018263,-0.889559,2023-01-01T04:31:04
-25.018263,-0.778364,2023-01-01T04:31:05
-25.018263,-0.778364,2023-01-01T04:31:06
-25.018263,-0.778364,2023-01-01T04:31:07
-25.018263,-0.778364,2023-01-01T04:31:08
-24.907070,-0.778364,2023-01-01T04:31:09
-24.907070,-0.667170,2023-01-01T04:31:10
-24.907070,-0.667170,2023-01-01T04:31:11
-24.907070,-0.667170,2023-01-01T04:31:12
-24.907070,-0.667170,2023-01-01T04:31:13
-24.907070,-0.667170,2023-01-01T04:31:14
-24.907070,-0.667170,2023-01-01T04:31:15
-24.907070,-0.555975,2023-01-01T04:31:16
-24.907070,-0.555975,2023-01-01T04:31:17
-24.907070,-0.555975,2023-01-01T04:31:18
-24.907070,-0.667170,2023-01-01T04:31:19
-24.907070,-0.667170,2023-01-01T04:31:20
-24.907070,-0.667170,2023-01-01T04:31:21
-24.907070,-0.667170,2023-01-01T04:31:22
-24.907070,-0.667170,2023-01-01T04:31:23
-24.907070,-0.778364,2023-01-01T04:31:24
-24.907070,-0.778364,2023-01-01T04:31:25
-24.907070,-0.778364,2023-01-01T04:31:26
-25.018263,-0.778364,2023-01-01T04:31:27
-25.018263,-0.778364,2023-01-01T04:31:28
-25.018263,-0.889559,2023-01-01T04:31:29
-25.018263,-0.889559,2023-01-01T04:31:30
-25.018263,-0.889559,2023-01-01T04:31:31
-25.018263,-0.889559,2023-01-01T04:31:32
-25.018263,-0.889559,2023-01-01T04:31:33
-25.018263,-1.000754,2023-01-01T04:31:34
-25.018263,-1.000754,2023-01-01T04:31:35
-25.018263,-1.000754,2023-01-01T04:31:36
-25.129455,-1.000754,2023-01-01T04:31:37
-25.129455,-1.000754,2023-01-01T04:31:38
-25.129455,-1.000754,2023-01-01T04:31:39
-25.129455,-1.111949,2023-01-01T04:31:40
-25.129455,-1.111949,2023-01-01T04:31:41
-25.129455,-1.111949,2023-01-01T04:31:42
-25.129455,-1.111949,2023-01-01T04:31:43
-25.240647,-1.111949,2023-01-01T04:31:44
-25.240647,-1.111949,2023-01-01T04:31:45
-25.240647,-1.223144,2023-01-01T04:31:46
-25.240647,-1.223144,2023-01-01T04:31:47
-25.240647,-1.223144,2023-01-01T04:31:48
-25.240647,-1.223144,2023-01-01T04:31:49
-25.351840,-1.223144,2023-01-01T04:31:50
-25.351840,-1.223144,2023-01-01T04:31:51
-25.351840,-1.334339,2023-01-01T04:31:52
-25.351840,-1.334339,2023-01-01T04:31:53
-25.351840,-1.334339,2023-01-01T04:31:54
-25.351840,-1.334339,2023-01-01T04:31:55
-25.351840,-1.334339,2023-01-01T04:31:56
-25.463032,-1.334339,2023-01-01T04:31:57
-25.463032,-1.334339,2023-01-01T04:31:58
-25.463032,-1.445534,2023-01-01T04:31:59
-25.463032,-1.445534,2023-01-01T04:32:00
-25.463032,-1.445534,2023-01-01T04:32:01
-25.574224,-1.445534,2023-01-01T04:32:02
-25.574224,-1.445534,2023-01-01T04:32:03
-25.574224,-1.445534,2023-01-01T04:32:04
-25.574224,-1.445534,2023-01-01T04:32:05
-25.574224,-1.445534,2023-01-01T04:32:06
-25.574224,-1.556729,2023-01-01T04:32:07
-25.685416,-1.556729,2023-01-01T04:32:08
-25.685416,-1.556729,2023-01-01T04:32:09
-25.685416,-1.556729,2023-01-01T04:32:10
-25.685416,-1.556729,2023-01-01T04:32:11
-25.685416,-1.556729,2023-01-01T04:32:12
-25.685416,-1.556729,2023-01-01T04:32:13
-25.796609,-1.556729,2023-01-01T04:32:14
-25.796609,-1.556729,2023-01-01T04:32:15
-25.796609,-1.556729,2023-01-01T04:32:16
-25.796609,-1.667924,2023-01-01T04:32:17
-25.796609,-1.667924,2023-01-01T04:32:18
-25.796609,-1.667924,2023-01-01T04:32:19
-25.796609,-1.779119,2023-01-01T04:32:20
-25.796609,-1.779119,2023-01-01T04:32:21
-25.907801,-1.890314,2023-01-01T04:32:22
-25.907801,-1.890314,2023-01-01T04:32:23
-25.907801,-1.890314,2023-01-01T04:32:24
-25.907801,-2.001509,2023-01-01T04:32:25
-25.907801,-2.001509,2023-01-01T04:32:26
-25.907801,-2.001509,2023-01-01T04:32:27
-25.907801,-2.112704,2023-01-01T04:32:28
-25.907801,-2.112704,2023-01-01T04:32:29
-26.018993,-2.112704,2023-01-01T04:32:30
-26.018993,-2.223899,2023-01-01T04:32:31
-26.018993,-2.223899,2023-01-01T04:32:32
-26.018993,-2.223899,2023-01-01T04:32:33
-26.018993,-2.335093,2023-01-01T04:32:34
-26.018993,-2.335093,2023-01-01T04:32:35
-26.018993,-2.335093,2023-01-01T04:32:36
-26.018993,-2.335093,2023-01-01T04:32:37
-26.130185,-2.446288,2023-01-01T04:32:38
-26.130185,-2.446288,2023-01-01T04:32:39
-26.130185,-2.446288,2023-01-01T04:32:40
-26.130185,-2.446288,2023-01-01T04:32:41
-26.130185,-2.557483,2023-01-01T04:32:42
-26.130185,-2.557483,2023-01-01T04:32:43
-26.130185,-2.557483,2023-01-01T04:32:44
-26.130185,-2.557483,2023-01-01T04:32:45
-26.130185,-2.668678,2023-01-01T04:32:46
-26.130185,-2.668678,2023-01-01T04:32:47
-26.241378,-2.668678,2023-01-01T04:32:48
-26.241378,-2.668678,2023-01-01T04:32:49
-26.241378,-2.668678,2023-01-01T04:32:50
-26.241378,-2.668678,2023-01-01T04:32:51
-26.241378,-2.668678,2023-01-01T04:32:52
-26.241378,-2.668678,2023-01-01T04:32:53
-26.241378,-2.557483,2023-01-01T04:32:54
-26.241378,-2.557483,2023-01-01T04:32:55
-26.241378,-2.557483,2023-01-01T04:32:56
-26.241378,-2.557483,2023-01-01T04:32:57
-26.241378,-2.557483,2023-01-01T04:32:58
-26.241378,-2.557483,2023-01-01T04:32:59
-26.241378,-2.557483,2023-01-01T04:33:00
-26.352570,-2.557483,2023-01-01T04:33:01
-26.352570,-2.557483,2023-01-01T04:33:02
-26.352570,-2.557483,2023-01-01T04:33:03
-26.352570,-2.557483,2023-01-01T04:33:04
-26.352570,-2.557483,2023-01-01T04:33:05
-26.352570,-2.557483,2023-01-01T04:33:06
-26.352570,-2.557483,2023-01-01T04:33:07
-26.352570,-2.557483,2023-01-01T04:33:08
-26.352570,-2.557483,2023-01-01T04:33:09
-26.352570,-2.557483,2023-01-01T04:33:10
-26.352570,-2.557483,2023-01-01T04:33:11
-26.352570,-2.446288,2023-01-01T04:33:12
-26.352570,-2.446288,2023-01-01T04:33:13
-26.352570,-2.446288,2023-01-01T04:33:14
-26.352570,-2.446288,2023-01-01T04:33:15
-26.352570,-2.446288,2023-01-01T04:33:16
-26.352570,-2.335093,2023-01-01T04:33:17
-26.352570,-2.335093,2023-01-01T04:33:18
-26.352570,-2.335093,2023-01-01T04:33:19
-26.352570,-2.335093,2023-01-01T04:33:20
-26.352570,-2.335093,2023-01-01T04:33:21
-26.352570,-2.335093,2023-01-01T04:33:22
-26.352570,-2.223899,2023-01-01T04:33:23
-26.352570,-2.223899,2023-01-01T04:33:24
-26.352570,-2.223899,2023-01-01T04:33:25
-26.352570,-2.223899,2023-01-01T04:33:26
-26.352570,-2.112704,2023-01-01T04:33:27
-26.352570,-2.112704,2023-01-01T04:33:28
-26.352570,-2.112704,2023-01-01T04:33:29
-26.352570,-2.001509,2023-01-01T04:33:30
-26.352570,-2.001509,2023-01-01T04:33:31
-26.352570,-2.001509,2023-01-01T04:33:32
-26.352570,-2.001509,2023-01-01T04:33:33
-26.352570,-1.890314,2023-01-01T04:33:34
-26.352570,-1.890314,2023-01-01T04:33:35
-26.352570,-1.890314,2023-01-01T04:33:36
-26.352570,-1.890314,2023-01-01T04:33:37
-26.352570,-1.779119,2023-01-01T04:33:38
-26.352570,-1.779119,2023-01-01T04:33:39
-26.352570,-1.779119,2023-01-01T04:33:40
-26.352570,-1.779119,2023-01-01T04:33:41
-26.352570,-1.667924,2023-01-01T04:33:42
-26.241378,-1.667924,2023-01-01T04:33:43
-26.241378,-1.667924,2023-01-01T04:33:44
-26.241378,-1.667924,2023-01-01T04:33:45
-26.241378,-1.667924,2023-01-01T04:33:46
-26.241378,-1.556729,2023-01-01T04:33:47
-26.241378,-1.667924,2023-01-01T04:33:48
-26.241378,-1.667924,2023-01-01T04:33:49
-26.241378,-1.667924,2023-01-01T04:33:50
-26.241378,-1.667924,2023-01-01T04:33:51
-26.241378,-1.667924,2023-01-01T04:33:52
-26.241378,-1.667924,2023-01-01T04:33:53
-26.241378,-1.667924,2023-01-01T04:33:54
-26.241378,-1.667924,2023-01-01T04:33:55
-26.241378,-1.779119,2023-01-01T04:33:56
-26.241378,-1.779119,2023-01-01T04:33:57
-26.241378,-1.779119,2023-01-01T04:33:58
-26.241378,-1.779119,2023-01-01T04:33:59
-26.352570,-1.779119,2023-01-01T04:34:00
-26.352570,-1.779119,2023-01-01T04:34:01
-26.352570,-1.779119,2023-01-01T04:34:02
-26.241378,-1.779119,2023-01-01T04:34:03
-26.241378,-1.779119,2023-01-01T04:34:04
-26.241378,-1.890314,2023-01-01T04:34:05
-26.241378,-1.890314,2023-01-01T04:34:06
-26.352570,-1.890314,2023-01-01T04:34:07
-26.352570,-1.890314,2023-01-01T04:34:08
-26.352570,-1.890314,2023-01-01T04:34:09
-26.352570,-1.890314,2023-01-01T04:34:10
-26.352570,-1.890314,2023-01-01T04:34:11
-26.352570,-1.890314,2023-01-01T04:34:12
-26.352570,-1.890314,2023-01-01T04:34:13
-26.352570,-1.890314,2023-01-01T04:34:14
-26.352570,-1.890314,2023-01-01T04:34:15
-26.352570,-1.890314,2023-01-01T04:34:16
-26.352570,-1.890314,2023-01-01T04:34:17
-26.352570,-2.001509,2023-01-01T04:34:18
-26.352570,-2.001509,2023-01-01T04:34:19
-26.352570,-2.001509,2023-01-01T04:34:20
-26.241378,-2.001509,2023-01-01T04:34:21
-26.241378,-2.001509,2023-01-01T04:34:22
-26.241378,-2.001509,2023-01-01T04:34:23
-26.241378,-2.001509,2023-01-01T04:34:24
-26.352570,-2.001509,2023-01-01T04:34:25
-26.352570,-2.001509,2023-01-01T04:34:26
-26.352570,-2.001509,2023-01-01T04:34:27
-26.352570,-2.001509,2023-01-01T04:34:28
-26.352570,-2.001509,2023-01-01T04:34:29
-26.352570,-2.112704,2023-01-01T04:34:30
-26.352570,-2.112704,2023-01-01T04:34:31
-26.352570,-2.112704,2023-01-01T04:34:32
-26.352570,-2.112704,2023-01-01T04:34:33
-26.352570,-2.112704,2023-01-01T04:34:34
-26.352570,-2.112704,2023-01-01T04:34:35
-26.352570,-2.112704,2023-01-01T04:34:36
-26.352570,-2.112704,2023-01-01T04:34:37
-26.352570,-2.112704,2023-01-01T04:34:38
-26.352570,-2.112704,2023-01-01T04:34:39
-26.352570,-2.112704,2023-01-01T04:34:40
-26.352570,-2.112704,2023-01-01T04:34:41
-26.352570,-2.112704,2023-01-01T04:34:42
-26.352570,-2.112704,2023-01-01T04:34:43
-26.352570,-2.112704,2023-01-01T04:34:44
-26.352570,-2.112704,2023-01-01T04:34:45
-26.352570,-2.112704,2023-01-01T04:34:46
-26.352570,-2.223899,2023-01-01T04:34:47
-26.352570,-2.112704,2023-01-01T04:34:48
-26.352570,-2.112704,2023-01-01T04:34:49
-26.352570,-2.112704,2023-01-01T04:34:50
-26.352570,-2.112704,2023-01-01T04:34:51
-26.352570,-2.112704,2023-01-01T04:34:52
-26.352570,-2.112704,2023-01-01T04:34:53
-26.352570,-2.112704,2023-01-01T04:34:54
-26.352570,-2.112704,2023-01-01T04:34:55
-26.352570,-2.112704,2023-01-01T04:34:56
-26.352570,-2.112704,2023-01-01T04:34:57
-26.352570,-2.112704,2023-01-01T04:34:58
-26.352570,-2.112704,2023-01-01T04:34:59
-26.352570,-2.112704,2023-01-01T04:35:00
-26.352570,-2.112704,2023-01-01T04:35:01
-26.352570,-2.112704,2023-01-01T04:35:02
-26.352570,-2.112704,2023-01-01T04:35:03
-26.352570,-2.112704,2023-01-01T04:35:04
-26.352570,-2.112704,2023-01-01T04:35:05
-26.352570,-2.112704,2023-01-01T04:35:06
-26.352570,-2.112704,2023-01-01T04:35:07
-26.352570,-2.112704,2023-01-01T04:35:08
-26.352570,-2.112704,2023-01-01T04:35:09
-26.352570,-2.112704,2023-01-01T04:35:10
-26.352570,-2.112704,2023-01-01T04:35:11
-26.352570,-2.112704,2023-01-01T04:35:12
-26.352570,-2.112704,2023-01-01T04:35:13
-26.352570,-2.112704,2023-01-01T04:35:14
-26.352570,-2.112704,2023-01-01T04:35:15
-26.352570,-2.112704,2023-01-01T04:35:16
-26.352570,-2.112704,2023-01-01T04:35:17
-26.352570,-2.112704,2023-01-01T04:35:18
-26.352570,-2.112704,2023-01-01T04:35:19
-26.352570,-2.112704,2023-01-01T04:35:20
-26.352570,-2.112704,2023-01-01T04:35:21
-26.352570,-2.112704,2023-01-01T04:35:22
-26.352570,-2.112704,2023-01-01T04:35:23
-26.352570,-2.112704,2023-01-01T04:35:24
-26.352570,-2.112704,2023-01-01T04:35:25
-26.352570,-2.112704,2023-01-01T04:35:26
-26.352570,-2.112704,2023-01-01T04:35:27
-26.352570,-2.112704,2023-01-01T04:35:28
-26.463762,-2.112704,2023-01-01T04:35:29
-26.463762,-2.112704,2023-01-01T04:35:30
-26.463762,-2.112704,2023-01-01T04:35:31
-26.463762,-2.112704,2023-01-01T04:35:32
-26.463762,-2.112704,2023-01-01T04:35:33
-26.463762,-2.112704,2023-01-01T04:35:34
-26.463762,-2.001509,2023-01-01T04:35:35
-26.463762,-2.001509,2023-01-01T04:35:36
-26.463762,-2.001509,2023-01-01T04:35:37
-26.463762,-2.001509,2023-01-01T04:35:38
-26.463762,-2.001509,2023-01-01T04:35:39
-26.463762,-2.001509,2023-01-01T04:35:40
-26.463762,-2.001509,2023-01-01T04:35:41
-26.463762,-2.001509,2023-01-01T04:35:42
-26.463762,-2.001509,2023-01-01T04:35:43
-26.574955,-2.001509,2023-01-01T04:35:44
-26.574955,-2.001509,2023-01-01T04:35:45
-26.574955,-2.001509,2023-01-01T04:35:46
-26.574955,-2.001509,2023-01-01T04:35:47
-26.574955,-2.001509,2023-01-01T04:35:48
-26.574955,-2.001509,2023-01-01T04:35:49
-26.574955,-2.001509,2023-01-01T04:35:50
-26.574955,-2.001509,2023-01-01T04:35:51
-26.574955,-2.112704,2023-01-01T04:35:52
-26.686147,-2.112704,2023-01-01T04:35:53
-26.686147,-2.112704,2023-01-01T04:35:54
-26.686147,-2.112704,2023-01-01T04:35:55
-26.686147,-2.112704,2023-01-01T04:35:56
-26.686147,-2.112704,2023-01-01T04:35:57
-26.686147,-2.112704,2023-01-01T04:35:58
-26.686147,-2.112704,2023-01-01T04:35:59
-26.686147,-2.112704,2023-01-01T04:36:00
-26.686147,-2.112704,2023-01-01T04:36:01
-26.686147,-2.112704,2023-01-01T04:36:02
-26.797339,-2.112704,2023-01-01T04:36:03
-26.797339,-2.112704,2023-01-01T04:36:04
-26.797339,-2.112704,2023-01-01T04:36:05
-26.797339,-2.112704,2023-01-01T04:36:06
-26.797339,-2.112704,2023-01-01T04:36:07
-26.797339,-2.112704,2023-01-01T04:36:08
-26.797339,-2.112704,2023-01-01T04:36:09
-26.797339,-2.112704,2023-01-01T04:36:10
-26.797339,-2.112704,2023-01-01T04:36:11
-26.797339,-2.112704,2023-01-01T04:36:12
-26.797339,-2.001509,2023-01-01T04:36:13
-26.797339,-2.001509,2023-01-01T04:36:14
-26.797339,-2.001509,2023-01-01T04:36:15
-26.797339,-2.001509,2023-01-01T04:36:16
-26.797339,-2.001509,2023-01-01T04:36:17
-26.797339,-2.001509,2023-01-01T04:36:18
-26.797339,-2.001509,2023-01-01T04:36:19
-26.797339,-2.001509,2023-01-01T04:36:20
-26.797339,-2.001509,2023-01-01T04:36:21
-26.797339,-2.001509,2023-01-01T04:36:22
-26.797339,-2.001509,2023-01-01T04:36:23
-26.797339,-2.001509,2023-01-01T04:36:24
-26.797339,-2.001509,2023-01-01T04:36:25
-26.797339,-2.001509,2023-01-01T04:36:26
-26.797339,-2.001509,2023-01-01T04:36:27
-26.797339,-2.001509,2023-01-01T04:36:28
-26.797339,-2.001509,2023-01-01T04:36:29
-26.908531,-2.001509,2023-01-01T04:36:30
-26.908531,-2.001509,2023-01-01T04:36:31
-26.908531,-2.001509,2023-01-01T04:36:32
-26.908531,-2.001509,2023-01-01T04:36:33
-26.908531,-2.001509,2023-01-01T04:36:34
-26.908531,-2.001509,2023-01-01T04:36:35
-26.908531,-2.001509,2023-01-01T04:36:36
-26.908531,-2.001509,2023-01-01T04:36:37
-26.908531,-2.001509,2023-01-01T04:36:38
-26.908531,-2.001509,2023-01-01T04:36:39
-26.908531,-2.001509,2023-01-01T04:36:40
-26.908531,-2.001509,2023-01-01T04:36:41
-26.908531,-2.001509,2023-01-01T04:36:42
-26.908531,-2.001509,2023-01-01T04:36:43
-26.908531,-2.001509,2023-01-01T04:36:44
-26.908531,-2.001509,2023-01-01T04:36:45
-26.908531,-2.001509,2023-01-01T04:36:46
-26.908531,-2.001509,2023-01-01T04:36:47
-26.908531,-2.001509,2023-01-01T04:36:48
-26.908531,-2.001509,2023-01-01T04:36:49
-26.908531,-1.890314,2023-01-01T04:36:50
-27.019724,-1.890314,2023-01-01T04:36:51
-27.019724,-1.890314,2023-01-01T04:36:52
-27.019724,-1.890314,2023-01-01T04:36:53
-27.019724,-1.890314,2023-01-01T04:36:54
-27.019724,-1.890314,2023-01-01T04:36:55
-27.019724,-1.890314,2023-01-01T04:36:56
-27.019724,-1.890314,2023-01-01T04:36:57
-27.019724,-1.890314,2023-01-01T04:36:58
-27.019724,-1.890314,2023-01-01T04:36:59
-27.019724,-1.890314,2023-01-01T04:37:00
-27.019724,-1.890314,2023-01-01T04:37:01
-27.019724,-1.890314,2023-01-01T04:37:02
-27.130916,-1.890314,2023-01-01T04:37:03
-27.130916,-1.890314,2023-01-01T04:37:04
-27.130916,-1.890314,2023-01-01T04:37:05
-27.130916,-1.890314,2023-01-01T04:37:06
-27.130916,-1.890314,2023-01-01T04:37:07
-27.130916,-1.890314,2023-01-01T04:37:08
-27.130916,-1.779119,2023-01-01T04:37:09
-27.130916,-1.779119,2023-01-01T04:37:10
-27.242108,-1.779119,2023-01-01T04:37:11
-27.242108,-1.779119,2023-01-01T04:37:12
-27.242108,-1.779119,2023-01-01T04:37:13
-27.242108,-1.779119,2023-01-01T04:37:14
-27.242108,-1.779119,2023-01-01T04:37:15
-27.242108,-1.779119,2023-01-01T04:37:16
-27.242108,-1.779119,2023-01-01T04:37:17
-27.353301,-1.779119,2023-01-01T04:37:18
-27.353301,-1.779119,2023-01-01T04:37:19
-27.353301,-1.667924,2023-01-01T04:37:20
-27.353301,-1.667924,2023-01-01T04:37:21
-27.353301,-1.667924,2023-01-01T04:37:22
-27.353301,-1.667924,2023-01-01T04:37:23
-27.353301,-1.667924,2023-01-01T04:37:24
-27.353301,-1.556729,2023-01-01T04:37:25
-27.353301,-1.556729,2023-01-01T04:37:26
-27.464493,-1.556729,2023-01-01T04:37:27
-27.464493,-1.556729,2023-01-01T04:37:28
-27.464493,-1.445534,2023-01-01T04:37:29
-27.464493,-1.445534,2023-01-01T04:37:30
-27.464493,-1.445534,2023-01-01T04:37:31
-27.464493,-1.334339,2023-01-01T04:37:32
-27.464493,-1.334339,2023-01-01T04:37:33
-27.464493,-1.334339,2023-01-01T04:37:34
-27.464493,-1.223144,2023-01-01T04:37:35
-27.464493,-1.223144,2023-01-01T04:37:36
-27.464493,-1.111949,2023-01-01T04:37:37
-27.464493,-1.111949,2023-01-01T04:37:38
-27.464493,-1.000754,2023-01-01T04:37:39
-27.464493,-1.000754,2023-01-01T04:37:40
-27.464493,-1.000754,2023-01-01T04:37:41
-27.464493,-0.889559,2023-01-01T04:37:42
-27.464493,-0.889559,2023-01-01T04:37:43
-27.575685,-0.778364,2023-01-01T04:37:44
-27.575685,-0.778364,2023-01-01T04:37:45
-27.575685,-0.778364,2023-01-01T04:37:46
-27.575685,-0.667170,2023-01-01T04:37:47
-27.575685,-0.667170,2023-01-01T04:37:48
-27.575685,-0.667170,2023-01-01T04:37:49
-27.575685,-0.667170,2023-01-01T04:37:50
-27.575685,-0.667170,2023-01-01T04:37:51
-27.575685,-0.667170,2023-01-01T04:37:52
-27.575685,-0.667170,2023-01-01T04:37:53
-27.575685,-0.667170,2023-01-01T04:37:54
-27.575685,-0.667170,2023-01-01T04:37:55
-27.575685,-0.667170,2023-01-01T04:37:56
-27.686877,-0.667170,2023-01-01T04:37:57
-27.686877,-0.667170,2023-01-01T04:37:58
-27.686877,-0.667170,2023-01-01T04:37:59
-27.686877,-0.667170,2023-01-01T04:38:00
-27.686877,-0.667170,2023-01-01T04:38:01
-27.686877,-0.667170,2023-01-01T04:38:02
-27.686877,-0.667170,2023-01-01T04:38:03
-27.686877,-0.667170,2023-01-01T04:38:04
-27.686877,-0.667170,2023-01-01T04:38:05
-27.686877,-0.667170,2023-01-01T04:38:06
-27.686877,-0.667170,2023-01-01T04:38:07
-27.686877,-0.667170,2023-01-01T04:38:08
-27.798070,-0.667170,2023-01-01T04:38:09
-27.798070,-0.667170,2023-01-01T04:38:10
-27.798070,-0.667170,2023-01-01T04:38:11
-27.798070,-0.667170,2023-01-01T04:38:12
-27.798070,-0.667170,2023-01-01T04:38:13
-27.798070,-0.667170,2023-01-01T04:38:14
-27.798070,-0.667170,2023-01-01T04:38:15
-27.798070,-0.667170,2023-01-01T04:38:16
-27.798070,-0.667170,2023-01-01T04:38:17
-27.798070,-0.778364,2023-01-01T04:38:18
-27.798070,-0.778364,2023-01-01T04:38:19
-27.909262,-0.889559,2023-01-01T04:38:20
-27.909262,-0.889559,2023-01-01T04:38:21
-27.909262,-0.889559,2023-01-01T04:38:22
-27.909262,-1.000754,2023-01-01T04:38:23
-27.909262,-1.000754,2023-01-01T04:38:24
-27.909262,-1.000754,2023-01-01T04:38:25
-27.909262,-1.111949,2023-01-01T04:38:26
-27.909262,-1.111949,2023-01-01T04:38:27
-27.909262,-1.111949,2023-01-01T04:38:28
-27.909262,-1.111949,2023-01-01T04:38:29
-27.909262,-1.223144,2023-01-01T04:38:30
-27.909262,-1.223144,2023-01-01T04:38:31
-27.909262,-1.223144,2023-01-01T04:38:32
-27.909262,-1.223144,2023-01-01T04:38:33
-27.909262,-1.334339,2023-01-01T04:38:34
-27.909262,-1.334339,2023-01-01T04:38:35
-27.909262,-1.334339,2023-01-01T04:38:36
-27.909262,-1.334339,2023-01-01T04:38:37
-27.909262,-1.445534,2023-01-01T04:38:38
-28.020454,-1.445534,2023-01-01T04:38:39
-28.020454,-1.445534,2023-01-01T04:38:40
-28.020454,-1.445534,2023-01-01T04:38:41
-28.020454,-1.556729,2023-01-01T04:38:42
-28.020454,-1.556729,2023-01-01T04:38:43
-28.020454,-1.556729,2023-01-01T04:38:44
-28.020454,-1.556729,2023-01-01T04:38:45
-28.020454,-1.556729,2023-01-01T04:38:46
-28.020454,-1.556729,2023-01-01T04:38:47
-28.020454,-1.556729,2023-01-01T04:38:48
-28.020454,-1.556729,2023-01-01T04:38:49
-28.020454,-1.556729,2023-01-01T04:38:50
-28.020454,-1.556729,2023-01-01T04:38:51
-28.020454,-1.556729,2023-01-01T04:38:52
-28.020454,-1.556729,2023-01-01T04:38:53
-28.020454,-1.556729,2023-01-01T04:38:54
-28.020454,-1.556729,2023-01-01T04:38:55
-28.020454,-1.556729,2023-01-01T04:38:56
-28.020454,-1.556729,2023-01-01T04:38:57
-28.020454,-1.556729,2023-01-01T04:38:58
-28.020454,-1.556729,2023-01-01T04:38:59
-28.020454,-1.556729,2023-01-01T04:39:00
-28.020454,-1.556729,2023-01-01T04:39:01
-28.020454,-1.556729,2023-01-01T04:39:02
-28.020454,-1.556729,2023-01-01T04:39:03
-28.020454,-1.556729,2023-01-01T04:39:04
-28.020454,-1.556729,2023-01-01T04:39:05
-28.020454,-1.556729,2023-01-01T04:39:06
-28.020454,-1.556729,2023-01-01T04:39:07
-28.020454,-1.556729,2023-01-01T04:39:08
-28.020454,-1.556729,2023-01-01T04:39:09
-28.020454,-1.556729,2023-01-01T04:39:10
-28.020454,-1.556729,2023-01-01T04:39:11
-28.020454,-1.556729,2023-01-01T04:39:12
-28.020454,-1.556729,2023-01-01T04:39:13
-28.020454,-1.556729,2023-01-01T04:39:14
-28.020454,-1.556729,2023-01-01T04:39:15
-28.020454,-1.556729,2023-01-01T04:39:16
-28.020454,-1.556729,2023-01-01T04:39:17
-28.131646,-1.556729,2023-01-01T04:39:18
-28.131646,-1.556729,2023-01-01T04:39:19
-28.131646,-1.445534,2023-01-01T04:39:20
-28.131646,-1.445534,2023-01-01T04:39:21
-28.131646,-1.445534,2023-01-01T04:39:22
-28.131646,-1.445534,2023-01-01T04:39:23
-28.131646,-1.445534,2023-01-01T04:39:24
-28.131646,-1.445534,2023-01-01T04:39:25
-28.131646,-1.445534,2023-01-01T04:39:26
-28.131646,-1.445534,2023-01-01T04:39:27
-28.131646,-1.445534,2023-01-01T04:39:28
-28.131646,-1.445534,2023-01-01T04:39:29
-28.131646,-1.334339,2023-01-01T04:39:30
-28.131646,-1.334339,2023-01-01T04:39:31
-28.131646,-1.334339,2023-01-01T04:39:32
-28.131646,-1.334339,2023-01-01T04:39:33
-28.131646,-1.334339,2023-01-01T04:39:34
-28.131646,-1.334339,2023-01-01T04:39:35
-28.242839,-1.334339,2023-01-01T04:39:36
-28.242839,-1.334339,2023-01-01T04:39:37
-28.242839,-1.334339,2023-01-01T04:39:38
-28.242839,-1.334339,2023-01-01T04:39:39
-28.242839,-1.334339,2023-01-01T04:39:40
-28.242839,-1.334339,2023-01-01T04:39:41
-28.242839,-1.223144,2023-01-01T04:39:42
-28.242839,-1.223144,2023-01-01T04:39:43
-28.242839,-1.223144,2023-01-01T04:39:44
-28.242839,-1.223144,2023-01-01T04:39:45
-28.242839,-1.223144,2023-01-01T04:39:46
-28.242839,-1.223144,2023-01-01T04:39:47
-28.242839,-1.223144,2023-01-01T04:39:48
-28.242839,-1.223144,2023-01-01T04:39:49
-28.242839,-1.334339,2023-01-01T04:39:50
-28.354031,-1.334339,2023-01-01T04:39:51
-28.354031,-1.334339,2023-01-01T04:39:52
-28.354031,-1.334339,2023-01-01T04:39:53
-28.354031,-1.334339,2023-01-01T04:39:54
-28.354031,-1.334339,2023-01-01T04:39:55
-28.354031,-1.334339,2023-01-01T04:39:56
-28.354031,-1.334339,2023-01-01T04:39:57
-28.354031,-1.445534,2023-01-01T04:39:58
-28.354031,-1.445534,2023-01-01T04:39:59
-28.354031,-1.445534,2023-01-01T04:40:00
-28.354031,-1.445534,2023-01-01T04:40:01
-28.354031,-1.445534,2023-01-01T04:40:02
-28.354031,-1.445534,2023-01-01T04:40:03
-28.354031,-1.445534,2023-01-01T04:40:04
-28.354031,-1.445534,2023-01-01T04:40:05
-28.354031,-1.445534,2023-01-01T04:40:06
-28.354031,-1.445534,2023-01-01T04:40:07
-28.354031,-1.556729,2023-01-01T04:40:08
-28.354031,-1.556729,2023-01-01T04:40:09
-28.354031,-1.556729,2023-01-01T04:40:10
-28.465223,-1.556729,2023-01-01T04:40:11
-28.465223,-1.556729,2023-01-01T04:40:12
-28.465223,-1.556729,2023-01-01T04:40:13
-28.465223,-1.556729,2023-01-01T04:40:14
-28.465223,-1.556729,2023-01-01T04:40:15
-28.465223,-1.556729,2023-01-01T04:40:16
-28.465223,-1.556729,2023-01-01T04:40:17
-28.465223,-1.556729,2023-01-01T04:40:18
-28.465223,-1.556729,2023-01-01T04:40:19
-28.465223,-1.556729,2023-01-01T04:40:20
-28.465223,-1.556729,2023-01-01T04:40:21
-28.465223,-1.556729,2023-01-01T04:40:22
-28.465223,-1.445534,2023-01-01T04:40:23
-28.465223,-1.445534,2023-01-01T04:40:24
-28.465223,-1.445534,2023-01-01T04:40:25
-28.465223,-1.445534,2023-01-01T04:40:26
-28.465223,-1.445534,2023-01-01T04:40:27
-28.465223,-1.445534,2023-01-01T04:40:28
-28.465223,-1.445534,2023-01-01T04:40:29
-28.465223,-1.445534,2023-01-01T04:40:30
-28.465223,-1.445534,2023-01-01T04:40:31
-28.465223,-1.445534,2023-01-01T04:40:32
-28.465223,-1.445534,2023-01-01T04:40:33
-28.465223,-1.334339,2023-01-01T04:40:34
-28.465223,-1.334339,2023-01-01T04:40:35
-28.465223,-1.334339,2023-01-01T04:40:36
-28.465223,-1.334339,2023-01-01T04:40:37
-28.465223,-1.334339,2023-01-01T04:40:38
-28.465223,-1.334339,2023-01-01T04:40:39
-28.465223,-1.334339,2023-01-01T04:40:40
-28.576416,-1.334339,2023-01-01T04:40:41
-28.576416,-1.334339,2023-01-01T04:40:42
-28.576416,-1.334339,2023-01-01T04:40:43
-28.576416,-1.334339,2023-01-01T04:40:44
-28.576416,-1.334339,2023-01-01T04:40:45
-28.576416,-1.223144,2023-01-01T04:40:46
-28.576416,-1.223144,2023-01-01T04:40:47
-28.576416,-1.223144,2023-01-01T04:40:48
-28.576416,-1.223144,2023-01-01T04:40:49
-28.576416,-1.223144,2023-01-01T04:40:50
-28.576416,-1.223144,2023-01-01T04:40:51
-28.576416,-1.223144,2023-01-01T04:40:52
-28.576416,-1.223144,2023-01-01T04:40:53
-28.576416,-1.223144,2023-01-01T04:40:54
-28.576416,-1.223144,2023-01-01T04:40:55
-28.576416,-1.223144,2023-01-01T04:40:56
-28.576416,-1.111949,2023-01-01T04:40:57
-28.576416,-1.111949,2023-01-01T04:40:58
-28.576416,-1.111949,2023-01-01T04:40:59
-28.576416,-1.111949,2023-01-01T04:41:00
-28.576416,-1.111949,2023-01-01T04:41:01
-28.576416,-1.111949,2023-01-01T04:41:02
-28.576416,-1.111949,2023-01-01T04:41:03
-28.576416,-1.111949,2023-01-01T04:41:04
-28.576416,-1.111949,2023-01-01T04:41:05
-28.576416,-1.111949,2023-01-01T04:41:06
-28.576416,-1.111949,2023-01-01T04:41:07
-28.576416,-1.111949,2023-01-01T04:41:08
-28.576416,-1.000754,2023-01-01T04:41:09
-28.576416,-1.000754,2023-01-01T04:41:10
-28.576416,-1.000754,2023-01-01T04:41:11
-28.576416,-1.000754,2023-01-01T04:41:12
-28.576416,-1.000754,2023-01-01T04:41:13
-28.576416,-1.000754,2023-01-01T04:41:14
-28.576416,-1.000754,2023-01-01T04:41:15
-28.576416,-1.000754,2023-01-01T04:41:16
-28.576416,-1.000754,2023-01-01T04:41:17
-28.576416,-1.000754,2023-01-01T04:41:18
-28.687608,-1.000754,2023-01-01T04:41:19
-28.687608,-1.000754,2023-01-01T04:41:20
-28.687608,-1.000754,2023-01-01T04:41:21
-28.687608,-1.000754,2023-01-01T04:41:22
-28.687608,-1.000754,2023-01-01T04:41:23
-28.687608,-0.889559,2023-01-01T04:41:24
-28.687608,-0.889559,2023-01-01T04:41:25
-28.687608,-0.889559,2023-01-01T04:41:26
-28.687608,-0.889559,2023-01-01T04:41:27
-28.687608,-0.889559,2023-01-01T04:41:28
-28.687608,-0.889559,2023-01-01T04:41:29
-28.687608,-0.889559,2023-01-01T04:41:30
-28.687608,-0.889559,2023-01-01T04:41:31
-28.687608,-0.889559,2023-01-01T04:41:32
-28.687608,-0.889559,2023-01-01T04:41:33
-28.687608,-0.889559,2023-01-01T04:41:34
-28.687608,-0.889559,2023-01-01T04:41:35
-28.687608,-0.889559,2023-01-01T04:41:36
-28.687608,-0.889559,2023-01-01T04:41:37
-28.687608,-0.889559,2023-01-01T04:41:38
-28.687608,-0.889559,2023-01-01T04:41:39
-28.687608,-0.889559,2023-01-01T04:41:40
-28.687608,-0.889559,2023-01-01T04:41:41
-28.687608,-0.889559,2023-01-01T04:41:42
-28.798800,-0.889559,2023-01-01T04:41:43
-28.798800,-0.778364,2023-01-01T04:41:44
-28.798800,-0.778364,2023-01-01T04:41:45
-28.798800,-0.778364,2023-01-01T04:41:46
-28.798800,-0.778364,2023-01-01T04:41:47
-28.798800,-0.778364,2023-01-01T04:41:48
-28.798800,-0.778364,2023-01-01T04:41:49
-28.798800,-0.778364,2023-01-01T04:41:50
-28.798800,-0.778364,2023-01-01T04:41:51
-28.798800,-0.778364,2023-01-01T04:41:52
-28.798800,-0.778364,2023-01-01T04:41:53
-28.798800,-0.778364,2023-01-01T04:41:54
-28.798800,-0.778364,2023-01-01T04:41:55
-28.798800,-0.778364,2023-01-01T04:41:56
-28.798800,-0.778364,2023-01-01T04:41:57
-28.798800,-0.778364,2023-01-01T04:41:58
-28.798800,-0.778364,2023-01-01T04:41:59
-28.798800,-0.778364,2023-01-01T04:42:00
-28.798800,-0.778364,2023-01-01T04:42:01
-28.798800,-0.778364,2023-01-01T04:42:02
-28.798800,-0.778364,2023-01-01T04:42:03
-28.798800,-0.778364,2023-01-01T04:42:04
-28.798800,-0.778364,2023-01-01T04:42:05
-28.798800,-0.778364,2023-01-01T04:42:06
-28.798800,-0.778364,2023-01-01T04:42:07
-28.798800,-0.778364,2023-01-01T04:42:08
-28.909992,-0.778364,2023-01-01T04:42:09
-28.909992,-0.778364,2023-01-01T04:42:10
-28.909992,-0.778364,2023-01-01T04:42:11
-28.909992,-0.778364,2023-01-01T04:42:12
-28.909992,-0.778364,2023-01-01T04:42:13
-28.909992,-0.778364,2023-01-01T04:42:14
-28.909992,-0.778364,2023-01-01T04:42:15
-28.909992,-0.778364,2023-01-01T04:42:16
-28.909992,-0.778364,2023-01-01T04:42:17
-28.909992,-0.667170,2023-01-01T04:42:18
-28.909992,-0.667170,2023-01-01T04:42:19
-28.909992,-0.667170,2023-01-01T04:42:20
-28.909992,-0.667170,2023-01-01T04:42:21
-28.909992,-0.667170,2023-01-01T04:42:22
-28.909992,-0.667170,2023-01-01T04:42:23
-28.909992,-0.667170,2023-01-01T04:42:24
-28.909992,-0.667170,2023-01-01T04:42:25
-28.909992,-0.667170,2023-01-01T04:42:26
-28.909992,-0.667170,2023-01-01T04:42:27
-28.909992,-0.667170,2023-01-01T04:42:28
-28.909992,-0.667170,2023-01-01T04:42:29
-28.909992,-0.667170,2023-01-01T04:42:30
-28.909992,-0.667170,2023-01-01T04:42:31
-28.909992,-0.667170,2023-01-01T04:42:32
-28.909992,-0.667170,2023-01-01T04:42:33
-29.021185,-0.667170,2023-01-01T04:42:34
-29.021185,-0.667170,2023-01-01T04:42:35
-29.021185,-0.667170,2023-01-01T04:42:36
-29.021185,-0.667170,2023-01-01T04:42:37
-29.021185,-0.667170,2023-01-01T04:42:38
-29.021185,-0.667170,2023-01-01T04:42:39
-29.021185,-0.667170,2023-01-01T04:42:40
-29.021185,-0.667170,2023-01-01T04:42:41
-29.021185,-0.667170,2023-01-01T04:42:42
-29.021185,-0.667170,2023-01-01T04:42:43
-29.021185,-0.667170,2023-01-01T04:42:44
-29.021185,-0.667170,2023-01-01T04:42:45
-29.021185,-0.667170,2023-01-01T04:42:46
-29.021185,-0.667170,2023-01-01T04:42:47
-29.021185,-0.667170,2023-01-01T04:42:48
-29.021185,-0.667170,2023-01-01T04:42:49
-29.021185,-0.667170,2023-01-01T04:42:50
-29.021185,-0.667170,2023-01-01T04:42:51
-29.021185,-0.667170,2023-01-01T04:42:52
-29.021185,-0.667170,2023-01-01T04:42:53
-29.021185,-0.667170,2023-01-01T04:42:54
-29.021185,-0.667170,2023-01-01T04:42:55
-29.021185,-0.667170,2023-01-01T04:42:56
-29.021185,-0.667170,2023-01-01T04:42:57
-29.021185,-0.667170,2023-01-01T04:42:58
-29.021185,-0.667170,2023-01-01T04:42:59
-29.021185,-0.667170,2023-01-01T04:43:00
-29.132377,-0.667170,2023-01-01T04:43:01
-29.132377,-0.667170,2023-01-01T04:43:02
-29.132377,-0.667170,2023-01-01T04:43:03
-29.132377,-0.667170,2023-01-01T04:43:04
-29.132377,-0.667170,2023-01-01T04:43:05
-29.132377,-0.667170,2023-01-01T04:43:06
-29.132377,-0.667170,2023-01-01T04:43:07
-29.132377,-0.667170,2023-01-01T04:43:08
-29.132377,-0.667170,2023-01-01T04:43:09
-29.132377,-0.667170,2023-01-01T04:43:10
-29.132377,-0.667170,2023-01-01T04:43:11
-29.132377,-0.667170,2023-01-01T04:43:12
-29.132377,-0.667170,2023-01-01T04:43:13
-29.132377,-0.667170,2023-01-01T04:43:14
-29.132377,-0.667170,2023-01-01T04:43:15
-29.132377,-0.667170,2023-01-01T04:43:16
-29.132377,-0.667170,2023-01-01T04:43:17
-29.132377,-0.667170,2023-01-01T04:43:18
-29.132377,-0.667170,2023-01-01T04:43:19
-29.132377,-0.667170,2023-01-01T04:43:20
-29.132377,-0.667170,2023-01-01T04:43:21
-29.132377,-0.667170,2023-01-01T04:43:22
-29.132377,-0.667170,2023-01-01T04:43:23
-29.132377,-0.667170,2023-01-01T04:43:24
-29.132377,-0.667170,2023-01-01T04:43:25
-29.132377,-0.667170,2023-01-01T04:43:26
-29.132377,-0.667170,2023-01-01T04:43:27
-29.132377,-0.667170,2023-01-01T04:43:28
-29.132377,-0.667170,2023-01-01T04:43:29
-29.132377,-0.667170,2023-01-01T04:43:30
-29.132377,-0.667170,2023-01-01T04:43:31
-29.132377,-0.667170,2023-01-01T04:43:32
-29.132377,-0.667170,2023-01-01T04:43:33
-29.132377,-0.667170,2023-01-01T04:43:34
-29.132377,-0.667170,2023-01-01T04:43:35
-29.132377,-0.667170,2023-01-01T04:43:36
-29.132377,-0.667170,2023-01-01T04:43:37
-29.132377,-0.667170,2023-01-01T04:43:38
-29.132377,-0.667170,2023-01-01T04:43:39
-29.132377,-0.667170,2023-01-01T04:43:40
-29.132377,-0.667170,2023-01-01T04:43:41
-29.132377,-0.667170,2023-01-01T04:43:42
-29.132377,-0.667170,2023-01-01T04:43:43
-29.132377,-0.667170,2023-01-01T04:43:44
-29.132377,-0.667170,2023-01-01T04:43:45
-29.132377,-0.667170,2023-01-01T04:43:46
-29.132377,-0.667170,2023-01-01T04:43:47
-29.132377,-0.667170,2023-01-01T04:43:48
-29.132377,-0.667170,2023-01-01T04:43:49
-29.132377,-0.667170,2023-01-01T04:43:50
-29.132377,-0.667170,2023-01-01T04:43:51
-29.132377,-0.667170,2023-01-01T04:43:52
-29.132377,-0.667170,2023-01-01T04:43:53
-29.132377,-0.667170,2023-01-01T04:43:54
-29.132377,-0.667170,2023-01-01T04:43:55
-29.132377,-0.667170,2023-01-01T04:43:56
-29.132377,-0.667170,2023-01-01T04:43:57
-29.132377,-0.667170,2023-01-01T04:43:58
-29.132377,-0.667170,2023-01-01T04:43:59
-29.132377,-0.667170,2023-01-01T04:44:00
-29.132377,-0.667170,2023-01-01T04:44:01
-29.132377,-0.667170,2023-01-01T04:44:02
-29.132377,-0.667170,2023-01-01T04:44:03
-29.132377,-0.667170,2023-01-01T04:44:04
-29.132377,-0.667170,2023-01-01T04:44:05
-29.132377,-0.667170,2023-01-01T04:44:06
-29.132377,-0.667170,2023-01-01T04:44:07
-29.132377,-0.667170,2023-01-01T04:44:08
-29.243569,-0.667170,2023-01-01T04:44:09
-29.243569,-0.667170,2023-01-01T04:44:10
-29.243569,-0.667170,2023-01-01T04:44:11
-29.243569,-0.667170,2023-01-01T04:44:12
-29.243569,-0.667170,2023-01-01T04:44:13
-29.243569,-0.667170,2023-01-01T04:44:14
-29.243569,-0.667170,2023-01-01T04:44:15
-29.243569,-0.667170,2023-01-01T04:44:16
-29.243569,-0.667170,2023-01-01T04:44:17
-29.243569,-0.667170,2023-01-01T04:44:18
-29.243569,-0.667170,2023-01-01T04:44:19
-29.243569,-0.667170,2023-01-01T04:44:20
-29.243569,-0.667170,2023-01-01T04:44:21
-29.243569,-0.667170,2023-01-01T04:44:22
-29.243569,-0.667170,2023-01-01T04:44:23
-29.243569,-0.667170,2023-01-01T04:44:24
-29.243569,-0.667170,2023-01-01T04:44:25
-29.243569,-0.667170,2023-01-01T04:44:26
-29.243569,-0.667170,2023-01-01T04:44:27
-29.243569,-0.667170,2023-01-01T04:44:28
-29.243569,-0.667170,2023-01-01T04:44:29
-29.243569,-0.667170,2023-01-01T04:44:30
-29.243569,-0.667170,2023-01-01T04:44:31
-29.243569,-0.667170,2023-01-01T04:44:32
-29.243569,-0.667170,2023-01-01T04:44:33
-29.243569,-0.667170,2023-01-01T04:44:34
-29.243569,-0.667170,2023-01-01T04:44:35
-29.243569,-0.667170,2023-01-01T04:44:36
-29.243569,-0.667170,2023-01-01T04:44:37
-29.243569,-0.667170,2023-01-01T04:44:38
-29.243569,-0.667170,2023-01-01T04:44:39
-29.243569,-0.667170,2023-01-01T04:44:40
-29.243569,-0.667170,2023-01-01T04:44:41
-29.243569,-0.667170,2023-01-01T04:44:42
-29.243569,-0.667170,2023-01-01T04:44:43
-29.243569,-0.667170,2023-01-01T04:44:44
-29.243569,-0.667170,2023-01-01T04:44:45
-29.243569,-0.667170,2023-01-01T04:44:46
-29.243569,-0.667170,2023-01-01T04:44:47
-29.243569,-0.667170,2023-01-01T04:44:48
-29.243569,-0.667170,2023-01-01T04:44:49
-29.243569,-0.667170,2023-01-01T04:44:50
-29.243569,-0.667170,2023-01-01T04:44:51
-29.243569,-0.667170,2023-01-01T04:44:52
-29.243569,-0.667170,2023-01-01T04:44:53
-29.243569,-0.667170,2023-01-01T04:44:54
-29.243569,-0.667170,2023-01-01T04:44:55
-29.243569,-0.667170,2023-01-01T04:44:56
-29.243569,-0.667170,2023-01-01T04:44:57
-29.243569,-0.667170,2023-01-01T04:44:58
-29.243569,-0.667170,2023-01-01T04:44:59
-29.243569,-0.667170,2023-01-01T04:45:00
-29.243569,-0.667170,2023-01-01T04:45:01
-29.243569,-0.667170,2023-01-01T04:45:02
-29.243569,-0.667170,2023-01-01T04:45:03
-29.243569,-0.667170,2023-01-01T04:45:04
-29.243569,-0.667170,2023-01-01T04:45:05
-29.243569,-0.667170,2023-01-01T04:45:06
-29.243569,-0.667170,2023-01-01T04:45:07
-29.243569,-0.667170,2023-01-01T04:45:08
-29.243569,-0.667170,2023-01-01T04:45:09
-29.243569,-0.667170,2023-01-01T04:45:10
-29.243569,-0.667170,2023-01-01T04:45:11
-29.354762,-0.667170,2023-01-01T04:45:12
-29.354762,-0.667170,2023-01-01T04:45:13
-29.354762,-0.667170,2023-01-01T04:45:14
-29.354762,-0.667170,2023-01-01T04:45:15
-29.354762,-0.667170,2023-01-01T04:45:16
-29.354762,-0.667170,2023-01-01T04:45:17
-29.354762,-0.667170,2023-01-01T04:45:18
-29.354762,-0.667170,2023-01-01T04:45:19
-29.354762,-0.667170,2023-01-01T04:45:20
-29.354762,-0.555975,2023-01-01T04:45:21
-29.354762,-0.555975,2023-01-01T04:45:22
-29.354762,-0.555975,2023-01-01T04:45:23
-29.354762,-0.555975,2023-01-01T04:45:24
-29.354762,-0.555975,2023-01-01T04:45:25
-29.354762,-0.555975,2023-01-01T04:45:26
-29.354762,-0.555975,2023-01-01T04:45:27
-29.354762,-0.555975,2023-01-01T04:45:28
-29.354762,-0.555975,2023-01-01T04:45:29
-29.354762,-0.555975,2023-01-01T04:45:30
-29.354762,-0.555975,2023-01-01T04:45:31
-29.354762,-0.555975,2023-01-01T04:45:32
-29.465954,-0.555975,2023-01-01T04:45:33
-29.465954,-0.555975,2023-01-01T04:45:34
-29.465954,-0.555975,2023-01-01T04:45:35
-29.465954,-0.555975,2023-01-01T04:45:36
-29.465954,-0.444780,2023-01-01T04:45:37
-29.465954,-0.444780,2023-01-01T04:45:38
-29.465954,-0.444780,2023-01-01T04:45:39
-29.465954,-0.444780,2023-01-01T04:45:40
-29.465954,-0.444780,2023-01-01T04:45:41
-29.465954,-0.444780,2023-01-01T04:45:42
-29.465954,-0.444780,2023-01-01T04:45:43
-29.465954,-0.444780,2023-01-01T04:45:44
-29.465954,-0.444780,2023-01-01T04:45:45
-29.465954,-0.444780,2023-01-01T04:45:46
-29.465954,-0.444780,2023-01-01T04:45:47
-29.577146,-0.444780,2023-01-01T04:45:48
-29.577146,-0.555975,2023-01-01T04:45:49
-29.577146,-0.555975,2023-01-01T04:45:50
-29.577146,-0.555975,2023-01-01T04:45:51
-29.577146,-0.555975,2023-01-01T04:45:52
-29.577146,-0.555975,2023-01-01T04:45:53
-29.577146,-0.555975,2023-01-01T04:45:54
-29.577146,-0.555975,2023-01-01T04:45:55
-29.577146,-0.555975,2023-01-01T04:45:56
-29.577146,-0.555975,2023-01-01T04:45:57
-29.688338,-0.555975,2023-01-01T04:45:58
-29.688338,-0.555975,2023-01-01T04:45:59
-29.688338,-0.555975,2023-01-01T04:46:00
-29.688338,-0.555975,2023-01-01T04:46:01
-29.688338,-0.555975,2023-01-01T04:46:02
-29.688338,-0.555975,2023-01-01T04:46:03
-29.688338,-0.555975,2023-01-01T04:46:04
-29.688338,-0.555975,2023-01-01T04:46:05
-29.799531,-0.555975,2023-01-01T04:46:06
-29.799531,-0.555975,2023-01-01T04:46:07
-29.799531,-0.555975,2023-01-01T04:46:08
-29.799531,-0.555975,2023-01-01T04:46:09
-29.799531,-0.555975,2023-01-01T04:46:10
-29.799531,-0.555975,2023-01-01T04:46:11
-29.799531,-0.555975,2023-01-01T04:46:12
-29.910723,-0.555975,2023-01-01T04:46:13
-29.910723,-0.555975,2023-01-01T04:46:14
-29.910723,-0.555975,2023-01-01T04:46:15
-29.910723,-0.555975,2023-01-01T04:46:16
-29.910723,-0.555975,2023-01-01T04:46:17
-29.910723,-0.555975,2023-01-01T04:46:18
-29.910723,-0.555975,2023-01-01T04:46:19
-30.021915,-0.555975,2023-01-01T04:46:20
-30.021915,-0.555975,2023-01-01T04:46:21
-30.021915,-0.555975,2023-01-01T04:46:22
-30.021915,-0.667170,2023-01-01T04:46:23
-30.021915,-0.667170,2023-01-01T04:46:24
-30.021915,-0.667170,2023-01-01T04:46:25
-30.133107,-0.667170,2023-01-01T04:46:26
-30.133107,-0.667170,2023-01-01T04:46:27
-30.133107,-0.667170,2023-01-01T04:46:28
-30.133107,-0.667170,2023-01-01T04:46:29
-30.133107,-0.667170,2023-01-01T04:46:30
-30.133107,-0.667170,2023-01-01T04:46:31
-30.244300,-0.667170,2023-01-01T04:46:32
-30.244300,-0.667170,2023-01-01T04:46:33
-30.244300,-0.778364,2023-01-01T04:46:34
-30.244300,-0.778364,2023-01-01T04:46:35
-30.244300,-0.778364,2023-01-01T04:46:36
-30.244300,-0.778364,2023-01-01T04:46:37
-30.244300,-0.778364,2023-01-01T04:46:38
-30.355492,-0.778364,2023-01-01T04:46:39
-30.355492,-0.778364,2023-01-01T04:46:40
-30.355492,-0.778364,2023-01-01T04:46:41
-30.355492,-0.778364,2023-01-01T04:46:42
-30.355492,-0.889559,2023-01-01T04:46:43
-30.355492,-0.889559,2023-01-01T04:46:44
-30.466684,-0.889559,2023-01-01T04:46:45
-30.466684,-0.889559,2023-01-01T04:46:46
-30.466684,-0.889559,2023-01-01T04:46:47
-30.466684,-0.889559,2023-01-01T04:46:48
-30.466684,-1.000754,2023-01-01T04:46:49
-30.466684,-1.000754,2023-01-01T04:46:50
-30.466684,-1.000754,2023-01-01T04:46:51
-30.466684,-1.111949,2023-01-01T04:46:52
-30.577877,-1.111949,2023-01-01T04:46:53
-30.577877,-1.111949,2023-01-01T04:46:54
-30.577877,-1.223144,2023-01-01T04:46:55
-30.577877,-1.223144,2023-01-01T04:46:56
-30.577877,-1.223144,2023-01-01T04:46:57
-30.577877,-1.334339,2023-01-01T04:46:58
-30.577877,-1.334339,2023-01-01T04:46:59
-30.577877,-1.334339,2023-01-01T04:47:00
-30.577877,-1.445534,2023-01-01T04:47:01
-30.577877,-1.445534,2023-01-01T04:47:02
-30.689069,-1.445534,2023-01-01T04:47:03
-30.689069,-1.556729,2023-01-01T04:47:04
-30.689069,-1.556729,2023-01-01T04:47:05
-30.689069,-1.556729,2023-01-01T04:47:06
-30.689069,-1.556729,2023-01-01T04:47:07
-30.689069,-1.667924,2023-01-01T04:47:08
-30.689069,-1.667924,2023-01-01T04:47:09
-30.689069,-1.667924,2023-01-01T04:47:10
-30.800261,-1.779119,2023-01-01T04:47:11
-30.800261,-1.779119,2023-01-01T04:47:12
-30.800261,-1.779119,2023-01-01T04:47:13
-30.800261,-1.779119,2023-01-01T04:47:14
-30.800261,-1.890314,2023-01-01T04:47:15
-30.800261,-1.890314,2023-01-01T04:47:16
-30.800261,-1.890314,2023-01-01T04:47:17
-30.800261,-1.890314,2023-01-01T04:47:18
-30.911453,-1.890314,2023-01-01T04:47:19
-30.911453,-1.890314,2023-01-01T04:47:20
-30.911453,-1.890314,2023-01-01T04:47:21
-30.911453,-1.890314,2023-01-01T04:47:22
-30.911453,-1.890314,2023-01-01T04:47:23
-30.911453,-1.890314,2023-01-01T04:47:24
-30.911453,-2.001509,2023-01-01T04:47:25
-31.022646,-2.001509,2023-01-01T04:47:26
-31.022646,-2.001509,2023-01-01T04:47:27
-31.022646,-2.001509,2023-01-01T04:47:28
-31.022646,-2.001509,2023-01-01T04:47:29
-31.022646,-2.001509,2023-01-01T04:47:30
-31.022646,-2.001509,2023-01-01T04:47:31
-31.022646,-2.001509,2023-01-01T04:47:32
-31.133838,-2.001509,2023-01-01T04:47:33
-31.133838,-2.001509,2023-01-01T04:47:34
-31.133838,-2.001509,2023-01-01T04:47:35
-31.133838,-2.001509,2023-01-01T04:47:36
-31.133838,-2.001509,2023-01-01T04:47:37
-31.133838,-2.001509,2023-01-01T04:47:38
-31.245030,-2.001509,2023-01-01T04:47:39
-31.245030,-2.001509,2023-01-01T04:47:40
-31.245030,-2.001509,2023-01-01T04:47:41
-31.245030,-2.001509,2023-01-01T04:47:42
-31.245030,-2.001509,2023-01-01T04:47:43
-31.245030,-2.001509,2023-01-01T04:47:44
-31.245030,-2.001509,2023-01-01T04:47:45
-31.356223,-2.112704,2023-01-01T04:47:46
-31.356223,-2.112704,2023-01-01T04:47:47
-31.356223,-2.112704,2023-01-01T04:47:48
-31.356223,-2.112704,2023-01-01T04:47:49
-31.356223,-2.112704,2023-01-01T04:47:50
-31.356223,-2.112704,2023-01-01T04:47:51
-31.467415,-2.112704,2023-01-01T04:47:52
-31.467415,-2.112704,2023-01-01T04:47:53
-31.467415,-2.112704,2023-01-01T04:47:54
-31.467415,-2.112704,2023-01-01T04:47:55
-31.467415,-2.112704,2023-01-01T04:47:56
-31.467415,-2.112704,2023-01-01T04:47:57
-31.467415,-2.112704,2023-01-01T04:47:58
-31.578607,-2.112704,2023-01-01T04:47:59
-31.578607,-2.112704,2023-01-01T04:48:00
-31.578607,-2.112704,2023-01-01T04:48:01
-31.578607,-2.112704,2023-01-01T04:48:02
-31.578607,-2.112704,2023-01-01T04:48:03
-31.578607,-2.112704,2023-01-01T04:48:04
-31.578607,-2.112704,2023-01-01T04:48:05
-31.689799,-2.112704,2023-01-01T04:48:06
-31.689799,-2.112704,2023-01-01T04:48:07
-31.689799,-2.112704,2023-01-01T04:48:08
-31.689799,-2.112704,2023-01-01T04:48:09
-31.689799,-2.112704,2023-01-01T04:48:10
-31.689799,-2.223899,2023-01-01T04:48:11
-31.800992,-2.223899,2023-01-01T04:48:12
-31.800992,-2.223899,2023-01-01T04:48:13
-31.800992,-2.223899,2023-01-01T04:48:14
-31.800992,-2.223899,2023-01-01T04:48:15
-31.800992,-2.223899,2023-01-01T04:48:16
-31.800992,-2.223899,2023-01-01T04:48:17
-31.800992,-2.223899,2023-01-01T04:48:18
-31.912184,-2.223899,2023-01-01T04:48:19
-31.912184,-2.223899,2023-01-01T04:48:20
-31.912184,-2.223899,2023-01-01T04:48:21
-31.912184,-2.223899,2023-01-01T04:48:22
-31.912184,-2.223899,2023-01-01T04:48:23
-31.912184,-2.223899,2023-01-01T04:48:24
-31.912184,-2.223899,2023-01-01T04:48:25
-31.912184,-2.223899,2023-01-01T04:48:26
-32.023376,-2.223899,2023-01-01T04:48:27
-32.023376,-2.223899,2023-01-01T04:48:28
-32.023376,-2.223899,2023-01-01T04:48:29
-32.023376,-2.223899,2023-01-01T04:48:30
-32.023376,-2.223899,2023-01-01T04:48:31
-32.023376,-2.223899,2023-01-01T04:48:32
-32.023376,-2.223899,2023-01-01T04:48:33
-32.023376,-2.223899,2023-01-01T04:48:34
-32.023376,-2.335093,2023-01-01T04:48:35
-32.134569,-2.335093,2023-01-01T04:48:36
-32.134569,-2.335093,2023-01-01T04:48:37
-32.134569,-2.335093,2023-01-01T04:48:38
-32.134569,-2.335093,2023-01-01T04:48:39
-32.134569,-2.335093,2023-01-01T04:48:40
-32.134569,-2.335093,2023-01-01T04:48:41
-32.134569,-2.335093,2023-01-01T04:48:42
-32.134569,-2.335093,2023-01-01T04:48:43
-32.134569,-2.335093,2023-01-01T04:48:44
-32.245761,-2.335093,2023-01-01T04:48:45
-32.245761,-2.335093,2023-01-01T04:48:46
-32.245761,-2.335093,2023-01-01T04:48:47
-32.245761,-2.335093,2023-01-01T04:48:48
-32.245761,-2.446288,2023-01-01T04:48:49
-32.245761,-2.446288,2023-01-01T04:48:50
-32.245761,-2.446288,2023-01-01T04:48:51
-32.245761,-2.446288,2023-01-01T04:48:52
-32.245761,-2.446288,2023-01-01T04:48:53
-32.245761,-2.446288,2023-01-01T04:48:54
-32.356953,-2.446288,2023-01-01T04:48:55
-32.356953,-2.446288,2023-01-01T04:48:56
-32.356953,-2.446288,2023-01-01T04:48:57
-32.356953,-2.446288,2023-01-01T04:48:58
-32.356953,-2.446288,2023-01-01T04:48:59
-32.356953,-2.446288,2023-01-01T04:49:00
-32.356953,-2.446288,2023-01-01T04:49:01
-32.356953,-2.446288,2023-01-01T04:49:02
-32.468145,-2.557483,2023-01-01T04:49:03
-32.468145,-2.557483,2023-01-01T04:49:04
-32.468145,-2.557483,2023-01-01T04:49:05
-32.468145,-2.557483,2023-01-01T04:49:06
-32.468145,-2.557483,2023-01-01T04:49:07
-32.468145,-2.557483,2023-01-01T04:49:08
-32.468145,-2.557483,2023-01-01T04:49:09
-32.468145,-2.557483,2023-01-01T04:49:10
-32.468145,-2.557483,2023-01-01T04:49:11
-32.579338,-2.557483,2023-01-01T04:49:12
-32.579338,-2.557483,2023-01-01T04:49:13
-32.579338,-2.557483,2023-01-01T04:49:14
-32.579338,-2.557483,2023-01-01T04:49:15
-32.579338,-2.557483,2023-01-01T04:49:16
-32.579338,-2.557483,2023-01-01T04:49:17
-32.579338,-2.557483,2023-01-01T04:49:18
-32.579338,-2.557483,2023-01-01T04:49:19
-32.579338,-2.557483,2023-01-01T04:49:20
-32.690530,-2.557483,2023-01-01T04:49:21
-32.690530,-2.668678,2023-01-01T04:49:22
-32.690530,-2.668678,2023-01-01T04:49:23
-32.690530,-2.668678,2023-01-01T04:49:24
-32.690530,-2.668678,2023-01-01T04:49:25
-32.690530,-2.668678,2023-01-01T04:49:26
-32.690530,-2.668678,2023-01-01T04:49:27
-32.690530,-2.668678,2023-01-01T04:49:28
-32.690530,-2.668678,2023-01-01T04:49:29
-32.801722,-2.668678,2023-01-01T04:49:30
-32.801722,-2.668678,2023-01-01T04:49:31
-32.801722,-2.668678,2023-01-01T04:49:32
-32.801722,-2.668678,2023-01-01T04:49:33
-32.801722,-2.668678,2023-01-01T04:49:34
-32.801722,-2.668678,2023-01-01T04:49:35
-32.801722,-2.668678,2023-01-01T04:49:36
-32.801722,-2.668678,2023-01-01T04:49:37
-32.801722,-2.668678,2023-01-01T04:49:38
-32.912914,-2.668678,2023-01-01T04:49:39
-32.912914,-2.668678,2023-01-01T04:49:40
-32.912914,-2.668678,2023-01-01T04:49:41
-32.912914,-2.668678,2023-01-01T04:49:42
-32.912914,-2.668678,2023-01-01T04:49:43
-32.912914,-2.779873,2023-01-01T04:49:44
-32.912914,-2.779873,2023-01-01T04:49:45
-32.912914,-2.779873,2023-01-01T04:49:46
-33.024107,-2.779873,2023-01-01T04:49:47
-33.024107,-2.779873,2023-01-01T04:49:48
-33.024107,-2.779873,2023-01-01T04:49:49
-33.024107,-2.779873,2023-01-01T04:49:50
-33.024107,-2.779873,2023-01-01T04:49:51
-33.024107,-2.779873,2023-01-01T04:49:52
-33.024107,-2.779873,2023-01-01T04:49:53
-33.024107,-2.891068,2023-01-01T04:49:54
-33.024107,-2.891068,2023-01-01T04:49:55
-33.024107,-2.891068,2023-01-01T04:49:56
-33.024107,-2.891068,2023-01-01T04:49:57
-33.135299,-2.891068,2023-01-01T04:49:58
-33.135299,-2.891068,2023-01-01T04:49:59
-33.135299,-2.891068,2023-01-01T04:50:00
-33.135299,-2.891068,2023-01-01T04:50:01
-33.135299,-2.891068,2023-01-01T04:50:02
-33.135299,-3.002263,2023-01-01T04:50:03
-33.135299,-3.002263,2023-01-01T04:50:04
-33.135299,-3.002263,2023-01-01T04:50:05
-33.135299,-3.002263,2023-01-01T04:50:06
-33.135299,-3.002263,2023-01-01T04:50:07
-33.246491,-3.002263,2023-01-01T04:50:08
-33.246491,-3.002263,2023-01-01T04:50:09
-33.246491,-3.002263,2023-01-01T04:50:10
-33.246491,-3.002263,2023-01-01T04:50:11
-33.246491,-3.002263,2023-01-01T04:50:12
-33.246491,-3.002263,2023-01-01T04:50:13
-33.246491,-3.002263,2023-01-01T04:50:14
-33.246491,-3.113458,2023-01-01T04:50:15
-33.246491,-3.113458,2023-01-01T04:50:16
-33.357684,-3.113458,2023-01-01T04:50:17
-33.357684,-3.113458,2023-01-01T04:50:18
-33.357684,-3.113458,2023-01-01T04:50:19
-33.357684,-3.113458,2023-01-01T04:50:20
-33.357684,-3.113458,2023-01-01T04:50:21
-33.357684,-3.113458,2023-01-01T04:50:22
-33.357684,-3.224653,2023-01-01T04:50:23
-33.357684,-3.224653,2023-01-01T04:50:24
-33.468876,-3.224653,2023-01-01T04:50:25
-33.468876,-3.224653,2023-01-01T04:50:26
-33.468876,-3.224653,2023-01-01T04:50:27
-33.468876,-3.224653,2023-01-01T04:50:28
-33.468876,-3.224653,2023-01-01T04:50:29
-33.468876,-3.224653,2023-01-01T04:50:30
-33.468876,-3.224653,2023-01-01T04:50:31
-33.468876,-3.224653,2023-01-01T04:50:32
-33.468876,-3.224653,2023-01-01T04:50:33
-33.468876,-3.224653,2023-01-01T04:50:34
-33.468876,-3.224653,2023-01-01T04:50:35
-33.468876,-3.224653,2023-01-01T04:50:36
-33.580068,-3.335848,2023-01-01T04:50:37
-33.580068,-3.335848,2023-01-01T04:50:38
-33.580068,-3.335848,2023-01-01T04:50:39
-33.580068,-3.335848,2023-01-01T04:50:40
-33.580068,-3.335848,2023-01-01T04:50:41
-33.580068,-3.335848,2023-01-01T04:50:42
-33.580068,-3.335848,2023-01-01T04:50:43
-33.580068,-3.335848,2023-01-01T04:50:44
-33.580068,-3.335848,2023-01-01T04:50:45
-33.580068,-3.335848,2023-01-01T04:50:46
-33.580068,-3.335848,2023-01-01T04:50:47
-33.580068,-3.335848,2023-01-01T04:50:48
-33.691260,-3.335848,2023-01-01T04:50:49
-33.691260,-3.335848,2023-01-01T04:50:50
-33.691260,-3.335848,2023-01-01T04:50:51
-33.691260,-3.447043,2023-01-01T04:50:52
-33.691260,-3.447043,2023-01-01T04:50:53
-33.691260,-3.447043,2023-01-01T04:50:54
-33.691260,-3.447043,2023-01-01T04:50:55
-33.691260,-3.447043,2023-01-01T04:50:56
-33.691260,-3.447043,2023-01-01T04:50:57
-33.691260,-3.447043,2023-01-01T04:50:58
-33.691260,-3.447043,2023-01-01T04:50:59
-33.691260,-3.447043,2023-01-01T04:51:00
-33.691260,-3.447043,2023-01-01T04:51:01
-33.802453,-3.447043,2023-01-01T04:51:02
-33.802453,-3.447043,2023-01-01T04:51:03
-33.802453,-3.447043,2023-01-01T04:51:04
-33.802453,-3.558238,2023-01-01T04:51:05
-33.802453,-3.558238,2023-01-01T04:51:06
-33.802453,-3.558238,2023-01-01T04:51:07
-33.802453,-3.558238,2023-01-01T04:51:08
-33.802453,-3.558238,2023-01-01T04:51:09
-33.802453,-3.558238,2023-01-01T04:51:10
-33.802453,-3.558238,2023-01-01T04:51:11
-33.802453,-3.558238,2023-01-01T04:51:12
-33.802453,-3.558238,2023-01-01T04:51:13
-33.802453,-3.558238,2023-01-01T04:51:14
-33.802453,-3.558238,2023-01-01T04:51:15
-33.913645,-3.558238,2023-01-01T04:51:16
-33.913645,-3.558238,2023-01-01T04:51:17
-33.913645,-3.558238,2023-01-01T04:51:18
-33.913645,-3.558238,2023-01-01T04:51:19
-33.913645,-3.558238,2023-01-01T04:51:20
-33.913645,-3.558238,2023-01-01T04:51:21
-33.913645,-3.669433,2023-01-01T04:51:22
-33.913645,-3.669433,2023-01-01T04:51:23
-33.913645,-3.669433,2023-01-01T04:51:24
-33.913645,-3.669433,2023-01-01T04:51:25
-33.913645,-3.669433,2023-01-01T04:51:26
-33.913645,-3.669433,2023-01-01T04:51:27
-33.913645,-3.669433,2023-01-01T04:51:28
-33.913645,-3.669433,2023-01-01T04:51:29
-33.913645,-3.669433,2023-01-01T04:51:30
-33.913645,-3.669433,2023-01-01T04:51:31
-33.913645,-3.669433,2023-01-01T04:51:32
-34.024837,-3.669433,2023-01-01T04:51:33
-34.024837,-3.669433,2023-01-01T04:51:34
-34.024837,-3.669433,2023-01-01T04:51:35
-34.024837,-3.669433,2023-01-01T04:51:36
-34.024837,-3.669433,2023-01-01T04:51:37
-34.024837,-3.669433,2023-01-01T04:51:38
-34.024837,-3.669433,2023-01-01T04:51:39
-34.024837,-3.669433,2023-01-01T04:51:40
-34.024837,-3.780628,2023-01-01T04:51:41
-34.024837,-3.780628,2023-01-01T04:51:42
-34.024837,-3.780628,2023-01-01T04:51:43
-34.024837,-3.780628,2023-01-01T04:51:44
-34.024837,-3.780628,2023-01-01T04:51:45
-34.024837,-3.780628,2023-01-01T04:51:46
-34.024837,-3.780628,2023-01-01T04:51:47
-34.024837,-3.780628,2023-01-01T04:51:48
-34.024837,-3.780628,2023-01-01T04:51:49
-34.024837,-3.780628,2023-01-01T04:51:50
-34.024837,-3.780628,2023-01-01T04:51:51
-34.024837,-3.780628,2023-01-01T04:51:52
-34.024837,-3.780628,2023-01-01T04:51:53
-34.024837,-3.780628,2023-01-01T04:51:54
-34.024837,-3.780628,2023-01-01T04:51:55
-34.024837,-3.780628,2023-01-01T04:51:56
-34.024837,-3.780628,2023-01-01T04:51:57
-34.024837,-3.780628,2023-01-01T04:51:58
-34.024837,-3.780628,2023-01-01T04:51:59
-34.024837,-3.780628,2023-01-01T04:52:00
-34.024837,-3.780628,2023-01-01T04:52:01
-34.024837,-3.780628,2023-01-01T04:52:02
-34.024837,-3.780628,2023-01-01T04:52:03
-34.024837,-3.780628,2023-01-01T04:52:04
-34.024837,-3.780628,2023-01-01T04:52:05
-34.024837,-3.891822,2023-01-01T04:52:06
-34.024837,-3.891822,2023-01-01T04:52:07
-34.024837,-3.891822,2023-01-01T04:52:08
-34.024837,-3.891822,2023-01-01T04:52:09
-34.024837,-3.891822,2023-01-01T04:52:10
-34.024837,-3.891822,2023-01-01T04:52:11
-34.024837,-3.891822,2023-01-01T04:52:12
-34.024837,-3.891822,2023-01-01T04:52:13
-34.024837,-3.891822,2023-01-01T04:52:14
-34.024837,-3.891822,2023-01-01T04:52:15
-34.024837,-3.891822,2023-01-01T04:52:16
-34.024837,-3.891822,2023-01-01T04:52:17
-34.024837,-3.891822,2023-01-01T04:52:18
-34.024837,-3.891822,2023-01-01T04:52:19
-34.024837,-3.891822,2023-01-01T04:52:20
-34.024837,-3.891822,2023-01-01T04:52:21
-34.136030,-3.891822,2023-01-01T04:52:22
-34.136030,-3.891822,2023-01-01T04:52:23
-34.136030,-3.891822,2023-01-01T04:52:24
-34.136030,-3.891822,2023-01-01T04:52:25
-34.136030,-3.891822,2023-01-01T04:52:26
-34.136030,-3.891822,2023-01-01T04:52:27
-34.136030,-3.891822,2023-01-01T04:52:28
-34.136030,-3.891822,2023-01-01T04:52:29
-34.136030,-3.891822,2023-01-01T04:52:30
-34.136030,-3.891822,2023-01-01T04:52:31
-34.136030,-3.891822,2023-01-01T04:52:32
-34.136030,-3.891822,2023-01-01T04:52:33
-34.136030,-3.891822,2023-01-01T04:52:34
-34.136030,-3.891822,2023-01-01T04:52:35
-34.136030,-3.891822,2023-01-01T04:52:36
-34.136030,-3.891822,2023-01-01T04:52:37
-34.136030,-3.891822,2023-01-01T04:52:38
-34.136030,-3.891822,2023-01-01T04:52:39
-34.136030,-3.891822,2023-01-01T04:52:40
-34.136030,-3.891822,2023-01-01T04:52:41
-34.136030,-3.891822,2023-01-01T04:52:42
-34.136030,-3.891822,2023-01-01T04:52:43
-34.136030,-3.891822,2023-01-01T04:52:44
-34.136030,-3.891822,2023-01-01T04:52:45
-34.136030,-3.891822,2023-01-01T04:52:46
-34.136030,-3.891822,2023-01-01T04:52:47
-34.136030,-3.891822,2023-01-01T04:52:48
-34.136030,-3.891822,2023-01-01T04:52:49
-34.136030,-3.891822,2023-01-01T04:52:50
-34.136030,-3.891822,2023-01-01T04:52:51
-34.136030,-3.891822,2023-01-01T04:52:52
-34.136030,-3.891822,2023-01-01T04:52:53
-34.136030,-3.891822,2023-01-01T04:52:54
-34.136030,-3.891822,2023-01-01T04:52:55
-34.136030,-3.891822,2023-01-01T04:52:56
-34.136030,-3.891822,2023-01-01T04:52:57
-34.136030,-3.891822,2023-01-01T04:52:58
-34.136030,-3.891822,2023-01-01T04:52:59
-34.136030,-3.891822,2023-01-01T04:53:00
-34.136030,-3.891822,2023-01-01T04:53:01
-34.136030,-3.891822,2023-01-01T04:53:02
-34.136030,-3.891822,2023-01-01T04:53:03
-34.136030,-3.891822,2023-01-01T04:53:04
-34.136030,-3.891822,2023-01-01T04:53:05
-34.136030,-3.891822,2023-01-01T04:53:06
-34.136030,-3.891822,2023-01-01T04:53:07
-34.136030,-3.891822,2023-01-01T04:53:08
-34.136030,-3.891822,2023-01-01T04:53:09
-34.136030,-3.891822,2023-01-01T04:53:10
-34.136030,-3.891822,2023-01-01T04:53:11
-34.136030,-3.891822,2023-01-01T04:53:12
-34.136030,-3.891822,2023-01-01T04:53:13
-34.136030,-3.891822,2023-01-01T04:53:14
-34.136030,-3.891822,2023-01-01T04:53:15
-34.136030,-3.891822,2023-01-01T04:53:16
-34.136030,-3.891822,2023-01-01T04:53:17
-34.136030,-3.891822,2023-01-01T04:53:18
-34.136030,-3.891822,2023-01-01T04:53:19
-34.136030,-4.003017,2023-01-01T04:53:20
-34.136030,-4.003017,2023-01-01T04:53:21
-34.136030,-4.003017,2023-01-01T04:53:22
-34.136030,-4.003017,2023-01-01T04:53:23
-34.136030,-4.003017,2023-01-01T04:53:24
-34.136030,-4.003017,2023-01-01T04:53:25
-34.136030,-4.003017,2023-01-01T04:53:26
-34.136030,-4.003017,2023-01-01T04:53:27
-34.136030,-4.003017,2023-01-01T04:53:28
-34.136030,-4.003017,2023-01-01T04:53:29
-34.136030,-4.003017,2023-01-01T04:53:30
-34.136030,-4.003017,2023-01-01T04:53:31
-34.136030,-4.003017,2023-01-01T04:53:32
-34.136030,-4.003017,2023-01-01T04:53:33
-34.136030,-4.003017,2023-01-01T04:53:34
-34.136030,-4.003017,2023-01-01T04:53:35
-34.136030,-4.003017,2023-01-01T04:53:36
-34.136030,-4.003017,2023-01-01T04:53:37
-34.136030,-4.003017,2023-01-01T04:53:38
-34.136030,-4.003017,2023-01-01T04:53:39
-34.136030,-4.003017,2023-01-01T04:53:40
-34.136030,-4.003017,2023-01-01T04:53:41
-34.136030,-4.003017,2023-01-01T04:53:42
-34.136030,-4.003017,2023-01-01T04:53:43
-34.136030,-4.003017,2023-01-01T04:53:44
-34.136030,-4.003017,2023-01-01T04:53:45
-34.136030,-4.003017,2023-01-01T04:53:46
-34.136030,-4.003017,2023-01-01T04:53:47
-34.136030,-4.003017,2023-01-01T04:53:48
-34.136030,-4.003017,2023-01-01T04:53:49
-34.136030,-4.003017,2023-01-01T04:53:50
-34.136030,-4.003017,2023-01-01T04:53:51
-34.136030,-4.003017,2023-01-01T04:53:52
-34.136030,-4.003017,2023-01-01T04:53:53
-34.136030,-4.003017,2023-01-01T04:53:54
-34.136030,-4.003017,2023-01-01T04:53:55
-34.136030,-4.003017,2023-01-01T04:53:56
-34.136030,-4.003017,2023-01-01T04:53:57
-34.136030,-4.003017,2023-01-01T04:53:58
-34.136030,-4.003017,2023-01-01T04:53:59
-34.136030,-4.003017,2023-01-01T04:54:00
-34.136030,-4.003017,2023-01-01T04:54:01
-34.136030,-4.003017,2023-01-01T04:54:02
-34.136030,-4.003017,2023-01-01T04:54:03
-34.136030,-4.003017,2023-01-01T04:54:04
-34.136030,-4.003017,2023-01-01T04:54:05
-34.136030,-4.003017,2023-01-01T04:54:06
-34.136030,-4.003017,2023-01-01T04:54:07
-34.136030,-4.003017,2023-01-01T04:54:08
-34.136030,-4.003017,2023-01-01T04:54:09
-34.136030,-4.003017,2023-01-01T04:54:10
-34.136030,-4.003017,2023-01-01T04:54:11
-34.136030,-4.003017,2023-01-01T04:54:12
-34.136030,-4.003017,2023-01-01T04:54:13
-34.136030,-4.003017,2023-01-01T04:54:14
-34.136030,-4.003017,2023-01-01T04:54:15
-34.136030,-4.003017,2023-01-01T04:54:16
-34.136030,-4.003017,2023-01-01T04:54:17
-34.136030,-4.003017,2023-01-01T04:54:18
-34.136030,-4.003017,2023-01-01T04:54:19
-34.247222,-4.003017,2023-01-01T04:54:20
-34.247222,-4.003017,2023-01-01T04:54:21
-34.247222,-4.003017,2023-01-01T04:54:22
-34.247222,-4.003017,2023-01-01T04:54:23
-34.247222,-4.003017,2023-01-01T04:54:24
-34.247222,-4.003017,2023-01-01T04:54:25
-34.247222,-4.003017,2023-01-01T04:54:26
-34.247222,-4.003017,2023-01-01T04:54:27
-34.247222,-4.003017,2023-01-01T04:54:28
-34.247222,-4.003017,2023-01-01T04:54:29
-34.247222,-4.003017,2023-01-01T04:54:30
-34.247222,-4.003017,2023-01-01T04:54:31
-34.247222,-4.003017,2023-01-01T04:54:32
-34.247222,-4.003017,2023-01-01T04:54:33
-34.247222,-4.003017,2023-01-01T04:54:34
-34.247222,-4.003017,2023-01-01T04:54:35
-34.247222,-4.003017,2023-01-01T04:54:36
-34.247222,-4.003017,2023-01-01T04:54:37
-34.247222,-4.003017,2023-01-01T04:54:38
-34.247222,-4.003017,2023-01-01T04:54:39
-34.247222,-4.003017,2023-01-01T04:54:40
-34.247222,-4.003017,2023-01-01T04:54:41
-34.247222,-4.003017,2023-01-01T04:54:42
-34.247222,-4.003017,2023-01-01T04:54:43
-34.247222,-4.003017,2023-01-01T04:54:44
-34.247222,-4.114212,2023-01-01T04:54:45
-34.247222,-4.114212,2023-01-01T04:54:46
-34.247222,-4.114212,2023-01-01T04:54:47
-34.247222,-4.114212,2023-01-01T04:54:48
-34.247222,-4.114212,2023-01-01T04:54:49
-34.247222,-4.114212,2023-01-01T04:54:50
-34.247222,-4.114212,2023-01-01T04:54:51
-34.247222,-4.114212,2023-01-01T04:54:52
-34.247222,-4.114212,2023-01-01T04:54:53
-34.247222,-4.114212,2023-01-01T04:54:54
-34.247222,-4.114212,2023-01-01T04:54:55
-34.247222,-4.114212,2023-01-01T04:54:56
-34.247222,-4.003017,2023-01-01T04:54:57
-34.247222,-4.114212,2023-01-01T04:54:58
-34.247222,-4.114212,2023-01-01T04:54:59
-34.247222,-4.114212,2023-01-01T04:55:00
-34.247222,-4.114212,2023-01-01T04:55:01
-34.247222,-4.114212,2023-01-01T04:55:02
-34.247222,-4.114212,2023-01-01T04:55:03
-34.247222,-4.114212,2023-01-01T04:55:04
-34.247222,-4.114212,2023-01-01T04:55:05
-34.247222,-4.114212,2023-01-01T04:55:06
-34.247222,-4.114212,2023-01-01T04:55:07
-34.247222,-4.114212,2023-01-01T04:55:08
-34.247222,-4.114212,2023-01-01T04:55:09
-34.247222,-4.114212,2023-01-01T04:55:10
-34.247222,-4.114212,2023-01-01T04:55:11
-34.247222,-4.114212,2023-01-01T04:55:12
-34.247222,-4.114212,2023-01-01T04:55:13
-34.358414,-4.114212,2023-01-01T04:55:14
-34.358414,-4.114212,2023-01-01T04:55:15
-34.358414,-4.114212,2023-01-01T04:55:16
-34.358414,-4.114212,2023-01-01T04:55:17
-34.358414,-4.114212,2023-01-01T04:55:18
-34.358414,-4.114212,2023-01-01T04:55:19
-34.358414,-4.114212,2023-01-01T04:55:20
-34.358414,-4.114212,2023-01-01T04:55:21
-34.358414,-4.114212,2023-01-01T04:55:22
-34.358414,-4.114212,2023-01-01T04:55:23
-34.358414,-4.114212,2023-01-01T04:55:24
-34.358414,-4.114212,2023-01-01T04:55:25
-34.358414,-4.114212,2023-01-01T04:55:26
-34.358414,-4.114212,2023-01-01T04:55:27
-34.358414,-4.114212,2023-01-01T04:55:28
-34.358414,-4.114212,2023-01-01T04:55:29
-34.358414,-4.114212,2023-01-01T04:55:30
-34.358414,-4.114212,2023-01-01T04:55:31
-34.358414,-4.114212,2023-01-01T04:55:32
-34.358414,-4.114212,2023-01-01T04:55:33
-34.358414,-4.114212,2023-01-01T04:55:34
-34.469606,-4.114212,2023-01-01T04:55:35
-34.469606,-4.225407,2023-01-01T04:55:36
-34.469606,-4.225407,2023-01-01T04:55:37
-34.469606,-4.225407,2023-01-01T04:55:38
-34.469606,-4.225407,2023-01-01T04:55:39
-34.469606,-4.225407,2023-01-01T04:55:40
-34.469606,-4.225407,2023-01-01T04:55:41
-34.469606,-4.225407,2023-01-01T04:55:42
-34.469606,-4.225407,2023-01-01T04:55:43
-34.469606,-4.225407,2023-01-01T04:55:44
-34.469606,-4.225407,2023-01-01T04:55:45
-34.469606,-4.225407,2023-01-01T04:55:46
-34.469606,-4.225407,2023-01-01T04:55:47
-34.469606,-4.225407,2023-01-01T04:55:48
-34.469606,-4.225407,2023-01-01T04:55:49
-34.469606,-4.225407,2023-01-01T04:55:50
-34.469606,-4.225407,2023-01-01T04:55:51
-34.469606,-4.225407,2023-01-01T04:55:52
-34.469606,-4.225407,2023-01-01T04:55:53
-34.469606,-4.225407,2023-01-01T04:55:54
-34.469606,-4.225407,2023-01-01T04:55:55
-34.580799,-4.225407,2023-01-01T04:55:56
-34.580799,-4.336602,2023-01-01T04:55:57
-34.580799,-4.336602,2023-01-01T04:55:58
-34.580799,-4.336602,2023-01-01T04:55:59
-34.580799,-4.336602,2023-01-01T04:56:00
-34.580799,-4.336602,2023-01-01T04:56:01
-34.580799,-4.336602,2023-01-01T04:56:02
-34.580799,-4.336602,2023-01-01T04:56:03
-34.580799,-4.336602,2023-01-01T04:56:04
-34.580799,-4.336602,2023-01-01T04:56:05
-34.580799,-4.336602,2023-01-01T04:56:06
-34.580799,-4.336602,2023-01-01T04:56:07
-34.580799,-4.336602,2023-01-01T04:56:08
-34.580799,-4.336602,2023-01-01T04:56:09
-34.580799,-4.336602,2023-01-01T04:56:10
-34.580799,-4.336602,2023-01-01T04:56:11
-34.580799,-4.336602,2023-01-01T04:56:12
-34.691991,-4.336602,2023-01-01T04:56:13
-34.691991,-4.336602,2023-01-01T04:56:14
-34.691991,-4.447797,2023-01-01T04:56:15
-34.691991,-4.447797,2023-01-01T04:56:16
-34.691991,-4.447797,2023-01-01T04:56:17
-34.691991,-4.447797,2023-01-01T04:56:18
-34.691991,-4.447797,2023-01-01T04:56:19
-34.691991,-4.447797,2023-01-01T04:56:20
-34.691991,-4.447797,2023-01-01T04:56:21
-34.691991,-4.447797,2023-01-01T04:56:22
-34.691991,-4.447797,2023-01-01T04:56:23
-34.691991,-4.447797,2023-01-01T04:56:24
-34.691991,-4.447797,2023-01-01T04:56:25
-34.691991,-4.447797,2023-01-01T04:56:26
-34.691991,-4.447797,2023-01-01T04:56:27
-34.691991,-4.447797,2023-01-01T04:56:28
-34.691991,-4.447797,2023-01-01T04:56:29
-34.803183,-4.447797,2023-01-01T04:56:30
-34.803183,-4.558992,2023-01-01T04:56:31
-34.803183,-4.558992,2023-01-01T04:56:32
-34.803183,-4.558992,2023-01-01T04:56:33
-34.803183,-4.558992,2023-01-01T04:56:34
-34.803183,-4.558992,2023-01-01T04:56:35
-34.803183,-4.558992,2023-01-01T04:56:36
-34.803183,-4.558992,2023-01-01T04:56:37
-34.803183,-4.558992,2023-01-01T04:56:38
-34.803183,-4.558992,2023-01-01T04:56:39
-34.803183,-4.558992,2023-01-01T04:56:40
-34.803183,-4.558992,2023-01-01T04:56:41
-34.803183,-4.558992,2023-01-01T04:56:42
-34.803183,-4.558992,2023-01-01T04:56:43
-34.803183,-4.558992,2023-01-01T04:56:44
-34.803183,-4.558992,2023-01-01T04:56:45
-34.803183,-4.558992,2023-01-01T04:56:46
-34.803183,-4.558992,2023-01-01T04:56:47
-34.803183,-4.558992,2023-01-01T04:56:48
-34.803183,-4.558992,2023-01-01T04:56:49
-34.803183,-4.670187,2023-01-01T04:56:50
-34.803183,-4.670187,2023-01-01T04:56:51
-34.914375,-4.670187,2023-01-01T04:56:52
-34.914375,-4.670187,2023-01-01T04:56:53
-34.914375,-4.670187,2023-01-01T04:56:54
-34.914375,-4.670187,2023-01-01T04:56:55
-34.914375,-4.670187,2023-01-01T04:56:56
-34.914375,-4.670187,2023-01-01T04:56:57
-34.914375,-4.670187,2023-01-01T04:56:58
-34.914375,-4.670187,2023-01-01T04:56:59
-34.914375,-4.670187,2023-01-01T04:57:00
-34.914375,-4.670187,2023-01-01T04:57:01
-34.914375,-4.670187,2023-01-01T04:57:02
-34.914375,-4.670187,2023-01-01T04:57:03
-34.914375,-4.670187,2023-01-01T04:57:04
-34.914375,-4.670187,2023-01-01T04:57:05
-34.914375,-4.670187,2023-01-01T04:57:06
-34.914375,-4.781382,2023-01-01T04:57:07
-34.914375,-4.781382,2023-01-01T04:57:08
-34.914375,-4.781382,2023-01-01T04:57:09
-34.914375,-4.781382,2023-01-01T04:57:10
-34.914375,-4.781382,2023-01-01T04:57:11
-34.914375,-4.781382,2023-01-01T04:57:12
-35.025568,-4.781382,2023-01-01T04:57:13
-35.025568,-4.781382,2023-01-01T04:57:14
-35.025568,-4.781382,2023-01-01T04:57:15
-35.025568,-4.892577,2023-01-01T04:57:16
-35.025568,-4.892577,2023-01-01T04:57:17
-35.025568,-4.892577,2023-01-01T04:57:18
-35.025568,-4.892577,2023-01-01T04:57:19
-35.025568,-4.892577,2023-01-01T04:57:20
-35.025568,-4.892577,2023-01-01T04:57:21
-35.025568,-4.892577,2023-01-01T04:57:22
-35.025568,-4.892577,2023-01-01T04:57:23
-35.025568,-5.003772,2023-01-01T04:57:24
-35.025568,-5.003772,2023-01-01T04:57:25
-35.025568,-5.003772,2023-01-01T04:57:26
-35.025568,-5.003772,2023-01-01T04:57:27
-35.025568,-5.003772,2023-01-01T04:57:28
-35.025568,-5.003772,2023-01-01T04:57:29
-35.025568,-5.003772,2023-01-01T04:57:30
-35.025568,-5.003772,2023-01-01T04:57:31
-35.025568,-5.003772,2023-01-01T04:57:32
-35.025568,-5.003772,2023-01-01T04:57:33
-35.025568,-5.114967,2023-01-01T04:57:34
-35.025568,-5.114967,2023-01-01T04:57:35
-35.025568,-5.114967,2023-01-01T04:57:36
-35.136760,-5.114967,2023-01-01T04:57:37
-35.136760,-5.114967,2023-01-01T04:57:38
-35.136760,-5.114967,2023-01-01T04:57:39
-35.136760,-5.114967,2023-01-01T04:57:40
-35.136760,-5.114967,2023-01-01T04:57:41
-35.136760,-5.114967,2023-01-01T04:57:42
-35.136760,-5.114967,2023-01-01T04:57:43
-35.136760,-5.114967,2023-01-01T04:57:44
-35.136760,-5.114967,2023-01-01T04:57:45
-35.136760,-5.114967,2023-01-01T04:57:46
-35.136760,-5.114967,2023-01-01T04:57:47
-35.136760,-5.114967,2023-01-01T04:57:48
-35.136760,-5.114967,2023-01-01T04:57:49
-35.136760,-5.114967,2023-01-01T04:57:50
-35.136760,-5.114967,2023-01-01T04:57:51
-35.136760,-5.114967,2023-01-01T04:57:52
-35.136760,-5.114967,2023-01-01T04:57:53
-35.136760,-5.114967,2023-01-01T04:57:54
-35.136760,-5.114967,2023-01-01T04:57:55
-35.136760,-5.114967,2023-01-01T04:57:56
-35.136760,-5.114967,2023-01-01T04:57:57
-35.136760,-5.114967,2023-01-01T04:57:58
-35.136760,-5.114967,2023-01-01T04:57:59
-35.136760,-5.114967,2023-01-01T04:58:00
-35.136760,-5.114967,2023-01-01T04:58:01
-35.136760,-5.114967,2023-01-01T04:58:02
-35.136760,-5.114967,2023-01-01T04:58:03
-35.136760,-5.114967,2023-01-01T04:58:04
-35.136760,-5.114967,2023-01-01T04:58:05
-35.136760,-5.114967,2023-01-01T04:58:06
-35.136760,-5.114967,2023-01-01T04:58:07
-35.136760,-5.114967,2023-01-01T04:58:08
-35.136760,-5.114967,2023-01-01T04:58:09
-35.025568,-5.114967,2023-01-01T04:58:10
-35.025568,-5.114967,2023-01-01T04:58:11
-35.025568,-5.114967,2023-01-01T04:58:12
-35.025568,-5.114967,2023-01-01T04:58:13
-35.025568,-5.114967,2023-01-01T04:58:14
-35.025568,-5.114967,2023-01-01T04:58:15
-35.025568,-5.114967,2023-01-01T04:58:16
-35.025568,-5.114967,2023-01-01T04:58:17
-35.025568,-5.114967,2023-01-01T04:58:18
-35.025568,-5.114967,2023-01-01T04:58:19
-35.025568,-5.114967,2023-01-01T04:58:20
-35.025568,-5.114967,2023-01-01T04:58:21
-35.025568,-5.114967,2023-01-01T04:58:22
-35.025568,-5.114967,2023-01-01T04:58:23
-35.025568,-5.114967,2023-01-01T04:58:24
-35.025568,-5.114967,2023-01-01T04:58:25
-35.025568,-5.114967,2023-01-01T04:58:26
-35.025568,-5.114967,2023-01-01T04:58:27
-35.025568,-5.114967,2023-01-01T04:58:28
-35.025568,-5.114967,2023-01-01T04:58:29
-35.025568,-5.114967,2023-01-01T04:58:30
-35.025568,-5.114967,2023-01-01T04:58:31
-35.025568,-5.114967,2023-01-01T04:58:32
-35.025568,-5.114967,2023-01-01T04:58:33
-35.025568,-5.114967,2023-01-01T04:58:34
-35.025568,-5.114967,2023-01-01T04:58:35
-35.025568,-5.114967,2023-01-01T04:58:36
-35.025568,-5.114967,2023-01-01T04:58:37
-35.025568,-5.114967,2023-01-01T04:58:38
-35.025568,-5.114967,2023-01-01T04:58:39
-35.025568,-5.114967,2023-01-01T04:58:40
-35.025568,-5.114967,2023-01-01T04:58:41
-35.025568,-5.114967,2023-01-01T04:58:42
-35.025568,-5.114967,2023-01-01T04:58:43
-35.025568,-5.114967,2023-01-01T04:58:44
-35.025568,-5.114967,2023-01-01T04:58:45
-35.025568,-5.114967,2023-01-01T04:58:46
-35.025568,-5.114967,2023-01-01T04:58:47
-35.025568,-5.114967,2023-01-01T04:58:48
-35.025568,-5.114967,2023-01-01T04:58:49
-35.025568,-5.114967,2023-01-01T04:58:50
-35.025568,-5.114967,2023-01-01T04:58:51
-35.025568,-5.114967,2023-01-01T04:58:52
-35.025568,-5.114967,2023-01-01T04:58:53
-35.025568,-5.114967,2023-01-01T04:58:54
-35.025568,-5.114967,2023-01-01T04:58:55
-35.025568,-5.114967,2023-01-01T04:58:56
-35.025568,-5.114967,2023-01-01T04:58:57
-35.025568,-5.114967,2023-01-01T04:58:58
-35.025568,-5.114967,2023-01-01T04:58:59
-35.025568,-5.114967,2023-01-01T04:59:00
-35.025568,-5.114967,2023-01-01T04:59:01
-35.025568,-5.114967,2023-01-01T04:59:02
-35.025568,-5.114967,2023-01-01T04:59:03
-35.025568,-5.114967,2023-01-01T04:59:04
-35.025568,-5.114967,2023-01-01T04:59:05
-35.025568,-5.114967,2023-01-01T04:59:06
-35.025568,-5.114967,2023-01-01T04:59:07
-35.025568,-5.114967,2023-01-01T04:59:08
-35.025568,-5.114967,2023-01-01T04:59:09
-35.025568,-5.114967,2023-01-01T04:59:10
-35.025568,-5.114967,2023-01-01T04:59:11
-35.025568,-5.114967,2023-01-01T04:59:12
-35.025568,-5.114967,2023-01-01T04:59:13
-35.025568,-5.114967,2023-01-01T04:59:14
-35.025568,-5.114967,2023-01-01T04:59:15
-35.025568,-5.114967,2023-01-01T04:59:16
-35.025568,-5.114967,2023-01-01T04:59:17
-35.025568,-5.114967,2023-01-01T04:59:18
-35.025568,-5.114967,2023-01-01T04:59:19
-35.025568,-5.114967,2023-01-01T04:59:20
-35.025568,-5.114967,2023-01-01T04:59:21
-35.025568,-5.114967,2023-01-01T04:59:22
-35.025568,-5.114967,2023-01-01T04:59:23
-35.025568,-5.114967,2023-01-01T04:59:24
-35.025568,-5.114967,2023-01-01T04:59:25
-35.025568,-5.114967,2023-01-01T04:59:26
-35.025568,-5.114967,2023-01-01T04:59:27
-35.025568,-5.114967,2023-01-01T04:59:28
-35.025568,-5.114967,2023-01-01T04:59:29
-35.025568,-5.114967,2023-01-01T04:59:30
-35.025568,-5.114967,2023-01-01T04:59:31
-35.025568,-5.114967,2023-01-01T04:59:32
-35.025568,-5.114967,2023-01-01T04:59:33
-35.025568,-5.114967,2023-01-01T04:59:34
-35.025568,-5.114967,2023-01-01T04:59:35
-35.025568,-5.114967,2023-01-01T04:59:36
-35.025568,-5.114967,2023-01-01T04:59:37
-35.025568,-5.114967,2023-01-01T04:59:38
-35.025568,-5.114967,2023-01-01T04:59:39
-35.025568,-5.114967,2023-01-01T04:59:40
-35.025568,-5.114967,2023-01-01T04:59:41
-35.025568,-5.226162,2023-01-01T04:59:42
-35.025568,-5.226162,2023-01-01T04:59:43
-35.025568,-5.226162,2023-01-01T04:59:44
-35.025568,-5.226162,2023-01-01T04:59:45
-35.025568,-5.226162,2023-01-01T04:59:46
-35.025568,-5.226162,2023-01-01T04:59:47
-35.025568,-5.226162,2023-01-01T04:59:48
-35.025568,-5.226162,2023-01-01T04:59:49
-35.025568,-5.226162,2023-01-01T04:59:50
-35.025568,-5.226162,2023-01-01T04:59:51
-35.025568,-5.226162,2023-01-01T04:59:52
-35.025568,-5.226162,2023-01-01T04:59:53
-35.025568,-5.226162,2023-01-01T04:59:54
-35.025568,-5.226162,2023-01-01T04:59:55
-35.025568,-5.226162,2023-01-01T04:59:56
-35.025568,-5.226162,2023-01-01T04:59:57
-35.025568,-5.226162,2023-01-01T04:59:58
-35.025568,-5.226162,2023-01-01T04:59:59
-35.025568,-5.226162,2023-01-01T05:00:00
-35.025568,-5.226162,2023-01-01T05:00:01
-35.025568,-5.226162,2023-01-01T05:00:02
-35.025568,-5.226162,2023-01-01T05:00:03
-35.025568,-5.226162,2023-01-01T05:00:04
-35.025568,-5.226162,2023-01-01T05:00:05
-35.025568,-5.226162,2023-01-01T05:00:06
-35.025568,-5.226162,2023-01-01T05:00:07
-35.025568,-5.226162,2023-01-01T05:00:08
-35.025568,-5.226162,2023-01-01T05:00:09
-35.136760,-5.226162,2023-01-01T05:00:10
-35.136760,-5.226162,2023-01-01T05:00:11
-35.136760,-5.226162,2023-01-01T05:00:12
-35.136760,-5.226162,2023-01-01T05:00:13
-35.136760,-5.226162,2023-01-01T05:00:14
-35.136760,-5.226162,2023-01-01T05:00:15
-35.136760,-5.226162,2023-01-01T05:00:16
-35.136760,-5.226162,2023-01-01T05:00:17
-35.136760,-5.226162,2023-01-01T05:00:18
-35.136760,-5.226162,2023-01-01T05:00:19
-35.136760,-5.226162,2023-01-01T05:00:20
-35.136760,-5.226162,2023-01-01T05:00:21
-35.136760,-5.226162,2023-01-01T05:00:22
-35.136760,-5.226162,2023-01-01T05:00:23
-35.136760,-5.226162,2023-01-01T05:00:24
-35.136760,-5.226162,2023-01-01T05:00:25
-35.136760,-5.226162,2023-01-01T05:00:26
-35.136760,-5.226162,2023-01-01T05:00:27
-35.136760,-5.226162,2023-01-01T05:00:28
-35.136760,-5.226162,2023-01-01T05:00:29
-35.136760,-5.226162,2023-01-01T05:00:30
-35.136760,-5.226162,2023-01-01T05:00:31
-35.247952,-5.226162,2023-01-01T05:00:32
-35.247952,-5.226162,2023-01-01T05:00:33
-35.247952,-5.226162,2023-01-01T05:00:34
-35.247952,-5.226162,2023-01-01T05:00:35
-35.247952,-5.114967,2023-01-01T05:00:36
-35.247952,-5.114967,2023-01-01T05:00:37
-35.247952,-5.114967,2023-01-01T05:00:38
-35.247952,-5.114967,2023-01-01T05:00:39
-35.247952,-5.114967,2023-01-01T05:00:40
-35.247952,-5.114967,2023-01-01T05:00:41
-35.247952,-5.114967,2023-01-01T05:00:42
-35.247952,-5.114967,2023-01-01T05:00:43
-35.247952,-5.003772,2023-01-01T05:00:44
-35.247952,-5.003772,2023-01-01T05:00:45
-35.247952,-5.003772,2023-01-01T05:00:46
-35.247952,-5.003772,2023-01-01T05:00:47
-35.247952,-5.003772,2023-01-01T05:00:48
-35.247952,-5.003772,2023-01-01T05:00:49
-35.247952,-5.003772,2023-01-01T05:00:50
-35.359145,-5.003772,2023-01-01T05:00:51
-35.359145,-5.003772,2023-01-01T05:00:52
-35.359145,-5.003772,2023-01-01T05:00:53
-35.359145,-5.003772,2023-01-01T05:00:54
-35.359145,-5.003772,2023-01-01T05:00:55
-35.359145,-5.003772,2023-01-01T05:00:56
-35.359145,-5.003772,2023-01-01T05:00:57
-35.359145,-5.003772,2023-01-01T05:00:58
-35.359145,-5.003772,2023-01-01T05:00:59
-35.359145,-5.003772,2023-01-01T05:01:00
-35.359145,-5.003772,2023-01-01T05:01:01
-35.359145,-5.003772,2023-01-01T05:01:02
-35.359145,-5.003772,2023-01-01T05:01:03
-35.359145,-5.003772,2023-01-01T05:01:04
-35.359145,-5.003772,2023-01-01T05:01:05
-35.359145,-5.003772,2023-01-01T05:01:06
-35.470337,-5.003772,2023-01-01T05:01:07
-35.470337,-5.003772,2023-01-01T05:01:08
-35.470337,-5.003772,2023-01-01T05:01:09
-35.470337,-5.003772,2023-01-01T05:01:10
-35.470337,-4.892577,2023-01-01T05:01:11
-35.470337,-4.892577,2023-01-01T05:01:12
-35.470337,-4.892577,2023-01-01T05:01:13
-35.470337,-4.892577,2023-01-01T05:01:14
-35.470337,-4.892577,2023-01-01T05:01:15
-35.470337,-4.892577,2023-01-01T05:01:16
-35.470337,-5.003772,2023-01-01T05:01:17
-35.470337,-5.003772,2023-01-01T05:01:18
-35.581529,-5.003772,2023-01-01T05:01:19
-35.581529,-5.003772,2023-01-01T05:01:20
-35.581529,-5.003772,2023-01-01T05:01:21
-35.581529,-5.003772,2023-01-01T05:01:22
-35.581529,-5.003772,2023-01-01T05:01:23
-35.581529,-5.003772,2023-01-01T05:01:24
-35.581529,-5.003772,2023-01-01T05:01:25
-35.581529,-5.003772,2023-01-01T05:01:26
-35.581529,-5.003772,2023-01-01T05:01:27
-35.581529,-5.003772,2023-01-01T05:01:28
-35.581529,-5.003772,2023-01-01T05:01:29
-35.581529,-5.003772,2023-01-01T05:01:30
-35.581529,-5.003772,2023-01-01T05:01:31
-35.692721,-5.003772,2023-01-01T05:01:32
-35.692721,-5.003772,2023-01-01T05:01:33
-35.692721,-5.003772,2023-01-01T05:01:34
-35.692721,-5.003772,2023-01-01T05:01:35
-35.692721,-5.114967,2023-01-01T05:01:36
-35.692721,-5.114967,2023-01-01T05:01:37
-35.692721,-5.114967,2023-01-01T05:01:38
-35.692721,-5.114967,2023-01-01T05:01:39
-35.692721,-5.114967,2023-01-01T05:01:40
-35.692721,-5.114967,2023-01-01T05:01:41
-35.692721,-5.114967,2023-01-01T05:01:42
-35.692721,-5.114967,2023-01-01T05:01:43
-35.692721,-5.114967,2023-01-01T05:01:44
-35.692721,-5.114967,2023-01-01T05:01:45
-35.692721,-5.114967,2023-01-01T05:01:46
-35.692721,-5.114967,2023-01-01T05:01:47
-35.692721,-5.114967,2023-01-01T05:01:48
-35.803914,-5.114967,2023-01-01T05:01:49
-35.803914,-5.114967,2023-01-01T05:01:50
-35.803914,-5.114967,2023-01-01T05:01:51
-35.803914,-5.114967,2023-01-01T05:01:52
-35.803914,-5.114967,2023-01-01T05:01:53
-35.803914,-5.114967,2023-01-01T05:01:54
-35.803914,-5.114967,2023-01-01T05:01:55
-35.803914,-5.114967,2023-01-01T05:01:56
-35.803914,-5.114967,2023-01-01T05:01:57
-35.803914,-5.114967,2023-01-01T05:01:58
-35.803914,-5.114967,2023-01-01T05:01:59
-35.803914,-5.114967,2023-01-01T05:02:00
-35.803914,-5.114967,2023-01-01T05:02:01
-35.803914,-5.114967,2023-01-01T05:02:02
-35.803914,-5.114967,2023-01-01T05:02:03
-35.803914,-5.114967,2023-01-01T05:02:04
-35.803914,-5.114967,2023-01-01T05:02:05
-35.803914,-5.003772,2023-01-01T05:02:06
-35.803914,-5.003772,2023-01-01T05:02:07
-35.803914,-5.003772,2023-01-01T05:02:08
-35.803914,-5.003772,2023-01-01T05:02:09
-35.803914,-5.003772,2023-01-01T05:02:10
-35.803914,-5.003772,2023-01-01T05:02:11
-35.803914,-5.003772,2023-01-01T05:02:12
-35.803914,-5.003772,2023-01-01T05:02:13
-35.803914,-5.003772,2023-01-01T05:02:14
-35.915106,-5.003772,2023-01-01T05:02:15
-35.915106,-5.003772,2023-01-01T05:02:16
-35.915106,-4.892577,2023-01-01T05:02:17
-35.915106,-4.892577,2023-01-01T05:02:18
-35.915106,-4.892577,2023-01-01T05:02:19
-35.915106,-4.892577,2023-01-01T05:02:20
-35.915106,-4.892577,2023-01-01T05:02:21
-35.915106,-4.892577,2023-01-01T05:02:22
-35.915106,-4.892577,2023-01-01T05:02:23
-35.915106,-4.892577,2023-01-01T05:02:24
-35.915106,-4.892577,2023-01-01T05:02:25
-35.915106,-4.892577,2023-01-01T05:02:26
-35.915106,-4.892577,2023-01-01T05:02:27
-35.915106,-4.892577,2023-01-01T05:02:28
-35.915106,-4.892577,2023-01-01T05:02:29
-35.915106,-4.892577,2023-01-01T05:02:30
-35.915106,-4.892577,2023-01-01T05:02:31
-35.915106,-4.892577,2023-01-01T05:02:32
-35.915106,-4.781382,2023-01-01T05:02:33
-35.915106,-4.781382,2023-01-01T05:02:34
-35.915106,-4.781382,2023-01-01T05:02:35
-35.915106,-4.781382,2023-01-01T05:02:36
-35.915106,-4.781382,2023-01-01T05:02:37
-35.915106,-4.781382,2023-01-01T05:02:38
-35.915106,-4.781382,2023-01-01T05:02:39
-35.915106,-4.781382,2023-01-01T05:02:40
-35.915106,-4.781382,2023-01-01T05:02:41
-35.915106,-4.781382,2023-01-01T05:02:42
-35.915106,-4.781382,2023-01-01T05:02:43
-35.915106,-4.781382,2023-01-01T05:02:44
-35.915106,-4.781382,2023-01-01T05:02:45
-35.915106,-4.781382,2023-01-01T05:02:46
-35.915106,-4.781382,2023-01-01T05:02:47
-35.915106,-4.781382,2023-01-01T05:02:48
-35.915106,-4.781382,2023-01-01T05:02:49
-35.915106,-4.781382,2023-01-01T05:02:50
-35.915106,-4.781382,2023-01-01T05:02:51
-35.915106,-4.781382,2023-01-01T05:02:52
-36.026298,-4.781382,2023-01-01T05:02:53
-36.026298,-4.781382,2023-01-01T05:02:54
-36.026298,-4.781382,2023-01-01T05:02:55
-36.026298,-4.781382,2023-01-01T05:02:56
-36.026298,-4.781382,2023-01-01T05:02:57
-36.026298,-4.781382,2023-01-01T05:02:58
-36.026298,-4.781382,2023-01-01T05:02:59
-36.026298,-4.892577,2023-01-01T05:03:00
-36.026298,-4.892577,2023-01-01T05:03:01
-36.026298,-4.892577,2023-01-01T05:03:02
-36.026298,-4.892577,2023-01-01T05:03:03
-36.026298,-4.892577,2023-01-01T05:03:04
-36.026298,-4.892577,2023-01-01T05:03:05
-36.026298,-4.892577,2023-01-01T05:03:06
-36.026298,-4.892577,2023-01-01T05:03:07
-36.026298,-4.892577,2023-01-01T05:03:08
-36.026298,-4.892577,2023-01-01T05:03:09
-36.026298,-4.892577,2023-01-01T05:03:10
-36.026298,-4.892577,2023-01-01T05:03:11
-36.026298,-4.892577,2023-01-01T05:03:12
-36.026298,-4.892577,2023-01-01T05:03:13
-36.026298,-4.892577,2023-01-01T05:03:14
-36.026298,-4.892577,2023-01-01T05:03:15
-36.026298,-4.892577,2023-01-01T05:03:16
-36.026298,-4.892577,2023-01-01T05:03:17
-36.026298,-4.892577,2023-01-01T05:03:18
-36.026298,-4.892577,2023-01-01T05:03:19
-36.137491,-4.892577,2023-01-01T05:03:20
-36.137491,-4.892577,2023-01-01T05:03:21
-36.137491,-4.892577,2023-01-01T05:03:22
-36.137491,-4.892577,2023-01-01T05:03:23
-36.137491,-4.892577,2023-01-01T05:03:24
-36.137491,-4.892577,2023-01-01T05:03:25
-36.137491,-4.892577,2023-01-01T05:03:26
-36.137491,-4.892577,2023-01-01T05:03:27
-36.137491,-4.892577,2023-01-01T05:03:28
-36.137491,-4.892577,2023-01-01T05:03:29
-36.137491,-4.892577,2023-01-01T05:03:30
-36.137491,-4.892577,2023-01-01T05:03:31
-36.137491,-4.892577,2023-01-01T05:03:32
-36.137491,-4.892577,2023-01-01T05:03:33
-36.137491,-4.892577,2023-01-01T05:03:34
-36.137491,-4.892577,2023-01-01T05:03:35
-36.137491,-4.892577,2023-01-01T05:03:36
-36.137491,-4.892577,2023-01-01T05:03:37
-36.137491,-4.892577,2023-01-01T05:03:38
-36.137491,-4.892577,2023-01-01T05:03:39
-36.137491,-4.892577,2023-01-01T05:03:40
-36.137491,-4.892577,2023-01-01T05:03:41
-36.137491,-4.892577,2023-01-01T05:03:42
-36.137491,-4.892577,2023-01-01T05:03:43
-36.137491,-4.892577,2023-01-01T05:03:44
-36.137491,-4.892577,2023-01-01T05:03:45
-36.137491,-4.892577,2023-01-01T05:03:46
-36.137491,-4.892577,2023-01-01T05:03:47
-36.137491,-4.892577,2023-01-01T05:03:48
-36.137491,-4.892577,2023-01-01T05:03:49
-36.137491,-4.892577,2023-01-01T05:03:50
-36.137491,-4.892577,2023-01-01T05:03:51
-36.137491,-4.892577,2023-01-01T05:03:52
-36.137491,-4.892577,2023-01-01T05:03:53
-36.137491,-4.892577,2023-01-01T05:03:54
-36.137491,-4.892577,2023-01-01T05:03:55
-36.137491,-4.892577,2023-01-01T05:03:56
-36.137491,-4.781382,2023-01-01T05:03:57
-36.137491,-4.781382,2023-01-01T05:03:58
-36.137491,-4.781382,2023-01-01T05:03:59
-36.137491,-4.781382,2023-01-01T05:04:00
-36.137491,-4.781382,2023-01-01T05:04:01
-36.137491,-4.781382,2023-01-01T05:04:02
-36.137491,-4.781382,2023-01-01T05:04:03
-36.137491,-4.781382,2023-01-01T05:04:04
-36.137491,-4.781382,2023-01-01T05:04:05
-36.248683,-4.781382,2023-01-01T05:04:06
-36.248683,-4.781382,2023-01-01T05:04:07
-36.248683,-4.781382,2023-01-01T05:04:08
-36.248683,-4.781382,2023-01-01T05:04:09
-36.248683,-4.781382,2023-01-01T05:04:10
-36.248683,-4.781382,2023-01-01T05:04:11
-36.248683,-4.781382,2023-01-01T05:04:12
-36.248683,-4.781382,2023-01-01T05:04:13
-36.248683,-4.781382,2023-01-01T05:04:14
-36.248683,-4.781382,2023-01-01T05:04:15
-36.248683,-4.781382,2023-01-01T05:04:16
-36.248683,-4.781382,2023-01-01T05:04:17
-36.248683,-4.781382,2023-01-01T05:04:18
-36.248683,-4.781382,2023-01-01T05:04:19
-36.248683,-4.781382,2023-01-01T05:04:20
-36.248683,-4.781382,2023-01-01T05:04:21
-36.248683,-4.781382,2023-01-01T05:04:22
-36.248683,-4.781382,2023-01-01T05:04:23
-36.248683,-4.781382,2023-01-01T05:04:24
-36.248683,-4.781382,2023-01-01T05:04:25
-36.248683,-4.781382,2023-01-01T05:04:26
-36.248683,-4.781382,2023-01-01T05:04:27
-36.248683,-4.781382,2023-01-01T05:04:28
-36.248683,-4.781382,2023-01-01T05:04:29
-36.248683,-4.781382,2023-01-01T05:04:30
-36.248683,-4.781382,2023-01-01T05:04:31
-36.248683,-4.781382,2023-01-01T05:04:32
-36.248683,-4.781382,2023-01-01T05:04:33
-36.248683,-4.781382,2023-01-01T05:04:34
-36.248683,-4.781382,2023-01-01T05:04:35
-36.248683,-4.781382,2023-01-01T05:04:36
-36.248683,-4.781382,2023-01-01T05:04:37
-36.248683,-4.781382,2023-01-01T05:04:38
-36.248683,-4.781382,2023-01-01T05:04:39
-36.248683,-4.781382,2023-01-01T05:04:40
-36.248683,-4.781382,2023-01-01T05:04:41
-36.248683,-4.781382,2023-01-01T05:04:42
-36.248683,-4.781382,2023-01-01T05:04:43
-36.248683,-4.781382,2023-01-01T05:04:44
-36.248683,-4.781382,2023-01-01T05:04:45
-36.248683,-4.781382,2023-01-01T05:04:46
-36.248683,-4.892577,2023-01-01T05:04:47
-36.248683,-4.892577,2023-01-01T05:04:48
-36.248683,-4.892577,2023-01-01T05:04:49
-36.248683,-4.892577,2023-01-01T05:04:50
-36.248683,-4.892577,2023-01-01T05:04:51
-36.248683,-4.892577,2023-01-01T05:04:52
-36.248683,-4.892577,2023-01-01T05:04:53
-36.248683,-4.892577,2023-01-01T05:04:54
-36.248683,-4.892577,2023-01-01T05:04:55
-36.248683,-4.892577,2023-01-01T05:04:56
-36.248683,-4.892577,2023-01-01T05:04:57
-36.248683,-4.892577,2023-01-01T05:04:58
-36.248683,-4.892577,2023-01-01T05:04:59
-36.248683,-4.892577,2023-01-01T05:05:00
-36.248683,-4.892577,2023-01-01T05:05:01
-36.248683,-4.892577,2023-01-01T05:05:02
-36.248683,-4.892577,2023-01-01T05:05:03
-36.248683,-4.892577,2023-01-01T05:05:04
-36.248683,-4.892577,2023-01-01T05:05:05
-36.248683,-4.892577,2023-01-01T05:05:06
-36.248683,-4.892577,2023-01-01T05:05:07
-36.248683,-4.892577,2023-01-01T05:05:08
-36.248683,-4.892577,2023-01-01T05:05:09
-36.248683,-4.892577,2023-01-01T05:05:10
-36.248683,-4.892577,2023-01-01T05:05:11
-36.248683,-4.892577,2023-01-01T05:05:12
-36.248683,-4.892577,2023-01-01T05:05:13
-36.248683,-4.892577,2023-01-01T05:05:14
-36.248683,-4.892577,2023-01-01T05:05:15
-36.248683,-4.892577,2023-01-01T05:05:16
-36.248683,-4.892577,2023-01-01T05:05:17
-36.248683,-4.892577,2023-01-01T05:05:18
-36.248683,-4.892577,2023-01-01T05:05:19
-36.248683,-4.892577,2023-01-01T05:05:20
-36.248683,-4.892577,2023-01-01T05:05:21
-36.359875,-4.892577,2023-01-01T05:05:22
-36.359875,-4.892577,2023-01-01T05:05:23
-36.359875,-4.892577,2023-01-01T05:05:24
-36.359875,-4.892577,2023-01-01T05:05:25
-36.359875,-4.892577,2023-01-01T05:05:26
-36.359875,-4.892577,2023-01-01T05:05:27
-36.359875,-4.892577,2023-01-01T05:05:28
-36.359875,-4.892577,2023-01-01T05:05:29
-36.359875,-4.892577,2023-01-01T05:05:30
-36.359875,-4.892577,2023-01-01T05:05:31
-36.359875,-4.892577,2023-01-01T05:05:32
-36.359875,-4.892577,2023-01-01T05:05:33
-36.359875,-4.892577,2023-01-01T05:05:34
-36.359875,-4.892577,2023-01-01T05:05:35
-36.359875,-4.892577,2023-01-01T05:05:36
-36.359875,-4.892577,2023-01-01T05:05:37
-36.359875,-4.892577,2023-01-01T05:05:38
-36.359875,-4.892577,2023-01-01T05:05:39
-36.359875,-4.892577,2023-01-01T05:05:40
-36.359875,-4.892577,2023-01-01T05:05:41
-36.359875,-4.892577,2023-01-01T05:05:42
-36.359875,-4.892577,2023-01-01T05:05:43
-36.359875,-4.892577,2023-01-01T05:05:44
-36.471067,-4.892577,2023-01-01T05:05:45
-36.471067,-4.892577,2023-01-01T05:05:46
-36.471067,-4.892577,2023-01-01T05:05:47
-36.471067,-4.892577,2023-01-01T05:05:48
-36.471067,-4.781382,2023-01-01T05:05:49
-36.471067,-4.781382,2023-01-01T05:05:50
-36.471067,-4.781382,2023-01-01T05:05:51
-36.471067,-4.781382,2023-01-01T05:05:52
-36.471067,-4.781382,2023-01-01T05:05:53
-36.471067,-4.781382,2023-01-01T05:05:54
-36.471067,-4.781382,2023-01-01T05:05:55
-36.471067,-4.781382,2023-01-01T05:05:56
-36.471067,-4.781382,2023-01-01T05:05:57
-36.471067,-4.781382,2023-01-01T05:05:58
-36.582260,-4.781382,2023-01-01T05:05:59
-36.582260,-4.781382,2023-01-01T05:06:00
-36.582260,-4.781382,2023-01-01T05:06:01
-36.582260,-4.781382,2023-01-01T05:06:02
-36.582260,-4.781382,2023-01-01T05:06:03
-36.582260,-4.781382,2023-01-01T05:06:04
-36.582260,-4.781382,2023-01-01T05:06:05
-36.582260,-4.781382,2023-01-01T05:06:06
-36.582260,-4.781382,2023-01-01T05:06:07
-36.693452,-4.781382,2023-01-01T05:06:08
-36.693452,-4.781382,2023-01-01T05:06:09
-36.693452,-4.781382,2023-01-01T05:06:10
-36.693452,-4.670187,2023-01-01T05:06:11
-36.693452,-4.670187,2023-01-01T05:06:12
-36.693452,-4.670187,2023-01-01T05:06:13
-36.693452,-4.670187,2023-01-01T05:06:14
-36.804644,-4.670187,2023-01-01T05:06:15
-36.804644,-4.670187,2023-01-01T05:06:16
-36.804644,-4.670187,2023-01-01T05:06:17
-36.804644,-4.670187,2023-01-01T05:06:18
-36.804644,-4.670187,2023-01-01T05:06:19
-36.804644,-4.670187,2023-01-01T05:06:20
-36.915836,-4.670187,2023-01-01T05:06:21
-36.915836,-4.670187,2023-01-01T05:06:22
-36.915836,-4.558992,2023-01-01T05:06:23
-36.915836,-4.558992,2023-01-01T05:06:24
-36.915836,-4.558992,2023-01-01T05:06:25
-36.915836,-4.558992,2023-01-01T05:06:26
-37.027029,-4.558992,2023-01-01T05:06:27
-37.027029,-4.558992,2023-01-01T05:06:28
-37.027029,-4.558992,2023-01-01T05:06:29
-37.027029,-4.558992,2023-01-01T05:06:30
-37.027029,-4.558992,2023-01-01T05:06:31
-37.138221,-4.558992,2023-01-01T05:06:32
-37.138221,-4.447797,2023-01-01T05:06:33
-37.138221,-4.447797,2023-01-01T05:06:34
-37.138221,-4.447797,2023-01-01T05:06:35
-37.138221,-4.447797,2023-01-01T05:06:36
-37.138221,-4.447797,2023-01-01T05:06:37
-37.249413,-4.447797,2023-01-01T05:06:38
-37.249413,-4.447797,2023-01-01T05:06:39
-37.249413,-4.447797,2023-01-01T05:06:40
-37.249413,-4.447797,2023-01-01T05:06:41
-37.249413,-4.447797,2023-01-01T05:06:42
-37.360606,-4.336602,2023-01-01T05:06:43
-37.360606,-4.336602,2023-01-01T05:06:44
-37.360606,-4.336602,2023-01-01T05:06:45
-37.360606,-4.336602,2023-01-01T05:06:46
-37.360606,-4.336602,2023-01-01T05:06:47
-37.471798,-4.336602,2023-01-01T05:06:48
-37.471798,-4.336602,2023-01-01T05:06:49
-37.471798,-4.336602,2023-01-01T05:06:50
-37.471798,-4.336602,2023-01-01T05:06:51
-37.471798,-4.336602,2023-01-01T05:06:52
-37.582990,-4.225407,2023-01-01T05:06:53
-37.582990,-4.225407,2023-01-01T05:06:54
-37.582990,-4.225407,2023-01-01T05:06:55
-37.582990,-4.225407,2023-01-01T05:06:56
-37.582990,-4.225407,2023-01-01T05:06:57
-37.694182,-4.225407,2023-01-01T05:06:58
-37.694182,-4.225407,2023-01-01T05:06:59
-37.694182,-4.225407,2023-01-01T05:07:00
-37.694182,-4.225407,2023-01-01T05:07:01
-37.694182,-4.225407,2023-01-01T05:07:02
-37.694182,-4.225407,2023-01-01T05:07:03
-37.805375,-4.225407,2023-01-01T05:07:04
-37.805375,-4.225407,2023-01-01T05:07:05
-37.805375,-4.114212,2023-01-01T05:07:06
-37.805375,-4.114212,2023-01-01T05:07:07
-37.805375,-4.114212,2023-01-01T05:07:08
-37.916567,-4.114212,2023-01-01T05:07:09
-37.916567,-4.114212,2023-01-01T05:07:10
-37.916567,-4.114212,2023-01-01T05:07:11
-37.916567,-4.114212,2023-01-01T05:07:12
-37.916567,-4.114212,2023-01-01T05:07:13
-38.027759,-4.114212,2023-01-01T05:07:14
-38.027759,-4.114212,2023-01-01T05:07:15
-38.027759,-4.114212,2023-01-01T05:07:16
-38.027759,-4.114212,2023-01-01T05:07:17
-38.027759,-4.114212,2023-01-01T05:07:18
-38.138952,-4.114212,2023-01-01T05:07:19
-38.138952,-4.114212,2023-01-01T05:07:20
-38.138952,-4.114212,2023-01-01T05:07:21
-38.138952,-4.114212,2023-01-01T05:07:22
-38.250144,-4.114212,2023-01-01T05:07:23
-38.250144,-4.114212,2023-01-01T05:07:24
-38.250144,-4.114212,2023-01-01T05:07:25
-38.250144,-4.114212,2023-01-01T05:07:26
-38.250144,-4.114212,2023-01-01T05:07:27
-38.250144,-4.114212,2023-01-01T05:07:28
-38.361336,-4.114212,2023-01-01T05:07:29
-38.361336,-4.114212,2023-01-01T05:07:30
-38.361336,-4.114212,2023-01-01T05:07:31
-38.361336,-4.114212,2023-01-01T05:07:32
-38.361336,-4.114212,2023-01-01T05:07:33
-38.472528,-4.114212,2023-01-01T05:07:34
-38.472528,-4.114212,2023-01-01T05:07:35
-38.472528,-4.114212,2023-01-01T05:07:36
-38.472528,-4.114212,2023-01-01T05:07:37
-38.472528,-4.114212,2023-01-01T05:07:38
-38.472528,-4.114212,2023-01-01T05:07:39
-38.583721,-4.114212,2023-01-01T05:07:40
-38.583721,-4.114212,2023-01-01T05:07:41
-38.583721,-4.114212,2023-01-01T05:07:42
-38.583721,-4.114212,2023-01-01T05:07:43
-38.583721,-4.114212,2023-01-01T05:07:44
-38.694913,-4.114212,2023-01-01T05:07:45
-38.694913,-4.114212,2023-01-01T05:07:46
-38.694913,-4.114212,2023-01-01T05:07:47
-38.694913,-4.114212,2023-01-01T05:07:48
-38.694913,-4.114212,2023-01-01T05:07:49
-38.694913,-4.114212,2023-01-01T05:07:50
-38.806105,-4.114212,2023-01-01T05:07:51
-38.806105,-4.114212,2023-01-01T05:07:52
-38.806105,-4.114212,2023-01-01T05:07:53
-38.806105,-4.114212,2023-01-01T05:07:54
-38.806105,-4.114212,2023-01-01T05:07:55
-38.806105,-4.114212,2023-01-01T05:07:56
-38.917298,-4.114212,2023-01-01T05:07:57
-38.917298,-4.114212,2023-01-01T05:07:58
-38.917298,-4.114212,2023-01-01T05:07:59
-38.917298,-4.114212,2023-01-01T05:08:00
-38.917298,-4.225407,2023-01-01T05:08:01
-38.917298,-4.225407,2023-01-01T05:08:02
-39.028490,-4.225407,2023-01-01T05:08:03
-39.028490,-4.225407,2023-01-01T05:08:04
-39.028490,-4.225407,2023-01-01T05:08:05
-39.028490,-4.225407,2023-01-01T05:08:06
-39.028490,-4.225407,2023-01-01T05:08:07
-39.028490,-4.225407,2023-01-01T05:08:08
-39.028490,-4.225407,2023-01-01T05:08:09
-39.139682,-4.225407,2023-01-01T05:08:10
-39.139682,-4.225407,2023-01-01T05:08:11
-39.139682,-4.225407,2023-01-01T05:08:12
-39.139682,-4.225407,2023-01-01T05:08:13
-39.139682,-4.225407,2023-01-01T05:08:14
-39.139682,-4.225407,2023-01-01T05:08:15
-39.139682,-4.225407,2023-01-01T05:08:16
-39.250874,-4.225407,2023-01-01T05:08:17
-39.250874,-4.225407,2023-01-01T05:08:18
-39.250874,-4.225407,2023-01-01T05:08:19
-39.250874,-4.225407,2023-01-01T05:08:20
-39.250874,-4.225407,2023-01-01T05:08:21
-39.250874,-4.225407,2023-01-01T05:08:22
-39.250874,-4.225407,2023-01-01T05:08:23
-39.250874,-4.225407,2023-01-01T05:08:24
-39.250874,-4.225407,2023-01-01T05:08:25
-39.362067,-4.225407,2023-01-01T05:08:26
-39.362067,-4.225407,2023-01-01T05:08:27
-39.362067,-4.225407,2023-01-01T05:08:28
-39.362067,-4.225407,2023-01-01T05:08:29
-39.362067,-4.225407,2023-01-01T05:08:30
-39.362067,-4.225407,2023-01-01T05:08:31
-39.362067,-4.225407,2023-01-01T05:08:32
-39.362067,-4.225407,2023-01-01T05:08:33
-39.362067,-4.225407,2023-01-01T05:08:34
-39.362067,-4.225407,2023-01-01T05:08:35
-39.362067,-4.225407,2023-01-01T05:08:36
-39.473259,-4.225407,2023-01-01T05:08:37
-39.473259,-4.225407,2023-01-01T05:08:38
-39.473259,-4.225407,2023-01-01T05:08:39
-39.473259,-4.225407,2023-01-01T05:08:40
-39.473259,-4.225407,2023-01-01T05:08:41
-39.473259,-4.225407,2023-01-01T05:08:42
-39.473259,-4.225407,2023-01-01T05:08:43
-39.473259,-4.225407,2023-01-01T05:08:44
-39.473259,-4.225407,2023-01-01T05:08:45
-39.473259,-4.225407,2023-01-01T05:08:46
-39.473259,-4.225407,2023-01-01T05:08:47
-39.473259,-4.225407,2023-01-01T05:08:48
-39.473259,-4.225407,2023-01-01T05:08:49
-39.473259,-4.225407,2023-01-01T05:08:50
-39.473259,-4.225407,2023-01-01T05:08:51
-39.584451,-4.225407,2023-01-01T05:08:52
-39.584451,-4.225407,2023-01-01T05:08:53
-39.584451,-4.225407,2023-01-01T05:08:54
-39.584451,-4.225407,2023-01-01T05:08:55
-39.584451,-4.225407,2023-01-01T05:08:56
-39.584451,-4.225407,2023-01-01T05:08:57
-39.584451,-4.225407,2023-01-01T05:08:58
-39.584451,-4.225407,2023-01-01T05:08:59
-39.584451,-4.225407,2023-01-01T05:09:00
-39.584451,-4.225407,2023-01-01T05:09:01
-39.584451,-4.225407,2023-01-01T05:09:02
-39.584451,-4.225407,2023-01-01T05:09:03
-39.584451,-4.225407,2023-01-01T05:09:04
-39.584451,-4.225407,2023-01-01T05:09:05
-39.584451,-4.225407,2023-01-01T05:09:06
-39.584451,-4.225407,2023-01-01T05:09:07
-39.584451,-4.225407,2023-01-01T05:09:08
-39.584451,-4.225407,2023-01-01T05:09:09
-39.584451,-4.225407,2023-01-01T05:09:10
-39.584451,-4.225407,2023-01-01T05:09:11
-39.584451,-4.225407,2023-01-01T05:09:12
-39.584451,-4.225407,2023-01-01T05:09:13
-39.584451,-4.225407,2023-01-01T05:09:14
-39.695643,-4.225407,2023-01-01T05:09:15
-39.695643,-4.225407,2023-01-01T05:09:16
-39.695643,-4.225407,2023-01-01T05:09:17
-39.695643,-4.225407,2023-01-01T05:09:18
-39.695643,-4.225407,2023-01-01T05:09:19
-39.695643,-4.225407,2023-01-01T05:09:20
-39.695643,-4.225407,2023-01-01T05:09:21
-39.695643,-4.225407,2023-01-01T05:09:22
-39.695643,-4.225407,2023-01-01T05:09:23
-39.695643,-4.225407,2023-01-01T05:09:24
-39.695643,-4.225407,2023-01-01T05:09:25
-39.695643,-4.225407,2023-01-01T05:09:26
-39.695643,-4.225407,2023-01-01T05:09:27
-39.695643,-4.225407,2023-01-01T05:09:28
-39.695643,-4.225407,2023-01-01T05:09:29
-39.695643,-4.225407,2023-01-01T05:09:30
-39.695643,-4.225407,2023-01-01T05:09:31
-39.695643,-4.225407,2023-01-01T05:09:32
-39.695643,-4.225407,2023-01-01T05:09:33
-39.695643,-4.225407,2023-01-01T05:09:34
-39.695643,-4.225407,2023-01-01T05:09:35
-39.695643,-4.225407,2023-01-01T05:09:36
-39.695643,-4.225407,2023-01-01T05:09:37
-39.695643,-4.225407,2023-01-01T05:09:38
-39.695643,-4.225407,2023-01-01T05:09:39
-39.695643,-4.225407,2023-01-01T05:09:40
-39.695643,-4.225407,2023-01-01T05:09:41
-39.695643,-4.225407,2023-01-01T05:09:42
-39.695643,-4.225407,2023-01-01T05:09:43
-39.695643,-4.225407,2023-01-01T05:09:44
-39.695643,-4.225407,2023-01-01T05:09:45
-39.695643,-4.225407,2023-01-01T05:09:46
-39.695643,-4.225407,2023-01-01T05:09:47
-39.695643,-4.225407,2023-01-01T05:09:48
-39.695643,-4.225407,2023-01-01T05:09:49
-39.695643,-4.225407,2023-01-01T05:09:50
-39.695643,-4.225407,2023-01-01T05:09:51
-39.695643,-4.225407,2023-01-01T05:09:52
-39.695643,-4.225407,2023-01-01T05:09:53
-39.695643,-4.225407,2023-01-01T05:09:54
-39.695643,-4.225407,2023-01-01T05:09:55
-39.695643,-4.225407,2023-01-01T05:09:56
-39.695643,-4.225407,2023-01-01T05:09:57
-39.695643,-4.225407,2023-01-01T05:09:58
-39.695643,-4.225407,2023-01-01T05:09:59
-39.695643,-4.225407,2023-01-01T05:10:00
-39.695643,-4.225407,2023-01-01T05:10:01
-39.695643,-4.225407,2023-01-01T05:10:02
-39.695643,-4.225407,2023-01-01T05:10:03
-39.695643,-4.225407,2023-01-01T05:10:04
-39.695643,-4.225407,2023-01-01T05:10:05
-39.695643,-4.336602,2023-01-01T05:10:06
-39.695643,-4.336602,2023-01-01T05:10:07
-39.695643,-4.336602,2023-01-01T05:10:08
-39.695643,-4.336602,2023-01-01T05:10:09
-39.695643,-4.225407,2023-01-01T05:10:10
-39.695643,-4.336602,2023-01-01T05:10:11
-39.695643,-4.336602,2023-01-01T05:10:12
-39.695643,-4.336602,2023-01-01T05:10:13
-39.695643,-4.336602,2023-01-01T05:10:14
-39.695643,-4.336602,2023-01-01T05:10:15
-39.695643,-4.225407,2023-01-01T05:10:16
-39.695643,-4.225407,2023-01-01T05:10:17
-39.695643,-4.225407,2023-01-01T05:10:18
-39.695643,-4.225407,2023-01-01T05:10:19
-39.695643,-4.225407,2023-01-01T05:10:20
-39.695643,-4.225407,2023-01-01T05:10:21
-39.695643,-4.225407,2023-01-01T05:10:22
-39.695643,-4.225407,2023-01-01T05:10:23
-39.695643,-4.225407,2023-01-01T05:10:24
-39.695643,-4.225407,2023-01-01T05:10:25
-39.695643,-4.225407,2023-01-01T05:10:26
-39.695643,-4.225407,2023-01-01T05:10:27
-39.695643,-4.225407,2023-01-01T05:10:28
-39.695643,-4.336602,2023-01-01T05:10:29
-39.695643,-4.336602,2023-01-01T05:10:30
-39.695643,-4.336602,2023-01-01T05:10:31
-39.695643,-4.336602,2023-01-01T05:10:32
-39.695643,-4.336602,2023-01-01T05:10:33
-39.695643,-4.336602,2023-01-01T05:10:34
-39.695643,-4.336602,2023-01-01T05:10:35
-39.695643,-4.336602,2023-01-01T05:10:36
-39.695643,-4.336602,2023-01-01T05:10:37
-39.695643,-4.336602,2023-01-01T05:10:38
-39.695643,-4.336602,2023-01-01T05:10:39
-39.695643,-4.336602,2023-01-01T05:10:40
-39.695643,-4.336602,2023-01-01T05:10:41
-39.695643,-4.336602,2023-01-01T05:10:42
-39.695643,-4.336602,2023-01-01T05:10:43
-39.695643,-4.336602,2023-01-01T05:10:44
-39.695643,-4.336602,2023-01-01T05:10:45
-39.695643,-4.336602,2023-01-01T05:10:46
-39.695643,-4.336602,2023-01-01T05:10:47
-39.695643,-4.336602,2023-01-01T05:10:48
-39.695643,-4.336602,2023-01-01T05:10:49
-39.695643,-4.336602,2023-01-01T05:10:50
-39.695643,-4.336602,2023-01-01T05:10:51
-39.695643,-4.336602,2023-01-01T05:10:52
-39.695643,-4.336602,2023-01-01T05:10:53
-39.695643,-4.336602,2023-01-01T05:10:54
-39.695643,-4.336602,2023-01-01T05:10:55
-39.695643,-4.336602,2023-01-01T05:10:56
-39.695643,-4.336602,2023-01-01T05:10:57
-39.695643,-4.336602,2023-01-01T05:10:58
-39.695643,-4.336602,2023-01-01T05:10:59
-39.695643,-4.336602,2023-01-01T05:11:00
-39.695643,-4.336602,2023-01-01T05:11:01
-39.695643,-4.336602,2023-01-01T05:11:02
-39.695643,-4.336602,2023-01-01T05:11:03
-39.695643,-4.336602,2023-01-01T05:11:04
-39.695643,-4.336602,2023-01-01T05:11:05
-39.695643,-4.336602,2023-01-01T05:11:06
-39.695643,-4.336602,2023-01-01T05:11:07
-39.695643,-4.336602,2023-01-01T05:11:08
-39.695643,-4.336602,2023-01-01T05:11:09
-39.695643,-4.336602,2023-01-01T05:11:10
-39.695643,-4.336602,2023-01-01T05:11:11
-39.584451,-4.336602,2023-01-01T05:11:12
-39.584451,-4.336602,2023-01-01T05:11:13
-39.584451,-4.336602,2023-01-01T05:11:14
-39.584451,-4.336602,2023-01-01T05:11:15
-39.584451,-4.336602,2023-01-01T05:11:16
-39.584451,-4.336602,2023-01-01T05:11:17
-39.584451,-4.336602,2023-01-01T05:11:18
-39.584451,-4.336602,2023-01-01T05:11:19
-39.584451,-4.336602,2023-01-01T05:11:20
-39.584451,-4.336602,2023-01-01T05:11:21
-39.584451,-4.336602,2023-01-01T05:11:22
-39.584451,-4.336602,2023-01-01T05:11:23
-39.584451,-4.336602,2023-01-01T05:11:24
-39.584451,-4.336602,2023-01-01T05:11:25
-39.584451,-4.336602,2023-01-01T05:11:26
-39.584451,-4.336602,2023-01-01T05:11:27
-39.584451,-4.336602,2023-01-01T05:11:28
-39.584451,-4.336602,2023-01-01T05:11:29
-39.584451,-4.336602,2023-01-01T05:11:30
-39.584451,-4.336602,2023-01-01T05:11:31
-39.584451,-4.336602,2023-01-01T05:11:32
-39.584451,-4.336602,2023-01-01T05:11:33
-39.584451,-4.336602,2023-01-01T05:11:34
-39.584451,-4.336602,2023-01-01T05:11:35
-39.584451,-4.336602,2023-01-01T05:11:36
-39.584451,-4.336602,2023-01-01T05:11:37
-39.584451,-4.336602,2023-01-01T05:11:38
-39.584451,-4.336602,2023-01-01T05:11:39
-39.584451,-4.336602,2023-01-01T05:11:40
-39.584451,-4.336602,2023-01-01T05:11:41
-39.584451,-4.336602,2023-01-01T05:11:42
-39.584451,-4.336602,2023-01-01T05:11:43
-39.584451,-4.336602,2023-01-01T05:11:44
-39.584451,-4.336602,2023-01-01T05:11:45
-39.584451,-4.336602,2023-01-01T05:11:46
-39.584451,-4.336602,2023-01-01T05:11:47
-39.584451,-4.336602,2023-01-01T05:11:48
-39.584451,-4.336602,2023-01-01T05:11:49
-39.584451,-4.336602,2023-01-01T05:11:50
-39.584451,-4.336602,2023-01-01T05:11:51
-39.584451,-4.447797,2023-01-01T05:11:52
-39.584451,-4.447797,2023-01-01T05:11:53
-39.584451,-4.447797,2023-01-01T05:11:54
-39.584451,-4.447797,2023-01-01T05:11:55
-39.584451,-4.447797,2023-01-01T05:11:56
-39.584451,-4.447797,2023-01-01T05:11:57
-39.584451,-4.447797,2023-01-01T05:11:58
-39.584451,-4.447797,2023-01-01T05:11:59
-39.584451,-4.447797,2023-01-01T05:12:00
-39.584451,-4.447797,2023-01-01T05:12:01
-39.584451,-4.447797,2023-01-01T05:12:02
-39.584451,-4.447797,2023-01-01T05:12:03
-39.584451,-4.447797,2023-01-01T05:12:04
-39.584451,-4.558992,2023-01-01T05:12:05
-39.584451,-4.558992,2023-01-01T05:12:06
-39.584451,-4.558992,2023-01-01T05:12:07
-39.584451,-4.558992,2023-01-01T05:12:08
-39.584451,-4.558992,2023-01-01T05:12:09
-39.584451,-4.558992,2023-01-01T05:12:10
-39.584451,-4.558992,2023-01-01T05:12:11
-39.584451,-4.558992,2023-01-01T05:12:12
-39.584451,-4.558992,2023-01-01T05:12:13
-39.584451,-4.558992,2023-01-01T05:12:14
-39.584451,-4.558992,2023-01-01T05:12:15
-39.584451,-4.558992,2023-01-01T05:12:16
-39.584451,-4.558992,2023-01-01T05:12:17
-39.584451,-4.558992,2023-01-01T05:12:18
-39.584451,-4.558992,2023-01-01T05:12:19
-39.584451,-4.558992,2023-01-01T05:12:20
-39.584451,-4.558992,2023-01-01T05:12:21
-39.584451,-4.558992,2023-01-01T05:12:22
-39.584451,-4.558992,2023-01-01T05:12:23
-39.584451,-4.558992,2023-01-01T05:12:24
-39.584451,-4.558992,2023-01-01T05:12:25
-39.584451,-4.558992,2023-01-01T05:12:26
-39.584451,-4.558992,2023-01-01T05:12:27
-39.584451,-4.558992,2023-01-01T05:12:28
-39.584451,-4.558992,2023-01-01T05:12:29
-39.584451,-4.558992,2023-01-01T05:12:30
-39.584451,-4.558992,2023-01-01T05:12:31
-39.584451,-4.558992,2023-01-01T05:12:32
-39.584451,-4.558992,2023-01-01T05:12:33
-39.584451,-4.558992,2023-01-01T05:12:34
-39.584451,-4.558992,2023-01-01T05:12:35
-39.584451,-4.558992,2023-01-01T05:12:36
-39.584451,-4.558992,2023-01-01T05:12:37
-39.584451,-4.558992,2023-01-01T05:12:38
-39.584451,-4.558992,2023-01-01T05:12:39
-39.584451,-4.558992,2023-01-01T05:12:40
-39.584451,-4.558992,2023-01-01T05:12:41
-39.584451,-4.558992,2023-01-01T05:12:42
-39.584451,-4.558992,2023-01-01T05:12:43
-39.584451,-4.558992,2023-01-01T05:12:44
-39.584451,-4.558992,2023-01-01T05:12:45
-39.584451,-4.558992,2023-01-01T05:12:46
-39.584451,-4.558992,2023-01-01T05:12:47
-39.473259,-4.558992,2023-01-01T05:12:48
-39.473259,-4.558992,2023-01-01T05:12:49
-39.473259,-4.558992,2023-01-01T05:12:50
-39.473259,-4.558992,2023-01-01T05:12:51
-39.473259,-4.558992,2023-01-01T05:12:52
-39.473259,-4.558992,2023-01-01T05:12:53
-39.473259,-4.558992,2023-01-01T05:12:54
-39.473259,-4.558992,2023-01-01T05:12:55
-39.473259,-4.558992,2023-01-01T05:12:56
-39.473259,-4.558992,2023-01-01T05:12:57
-39.473259,-4.558992,2023-01-01T05:12:58
-39.473259,-4.558992,2023-01-01T05:12:59
-39.473259,-4.558992,2023-01-01T05:13:00
-39.473259,-4.558992,2023-01-01T05:13:01
-39.473259,-4.558992,2023-01-01T05:13:02
-39.473259,-4.558992,2023-01-01T05:13:03
-39.473259,-4.558992,2023-01-01T05:13:04
-39.473259,-4.558992,2023-01-01T05:13:05
-39.473259,-4.558992,2023-01-01T05:13:06
-39.473259,-4.558992,2023-01-01T05:13:07
-39.473259,-4.558992,2023-01-01T05:13:08
-39.473259,-4.558992,2023-01-01T05:13:09
-39.473259,-4.558992,2023-01-01T05:13:10
-39.473259,-4.558992,2023-01-01T05:13:11
-39.473259,-4.558992,2023-01-01T05:13:12
-39.473259,-4.558992,2023-01-01T05:13:13
-39.473259,-4.558992,2023-01-01T05:13:14
-39.473259,-4.558992,2023-01-01T05:13:15
-39.473259,-4.558992,2023-01-01T05:13:16
-39.473259,-4.558992,2023-01-01T05:13:17
-39.473259,-4.558992,2023-01-01T05:13:18
-39.473259,-4.558992,2023-01-01T05:13:19
-39.473259,-4.558992,2023-01-01T05:13:20
-39.473259,-4.558992,2023-01-01T05:13:21
-39.473259,-4.558992,2023-01-01T05:13:22
-39.473259,-4.558992,2023-01-01T05:13:23
-39.473259,-4.558992,2023-01-01T05:13:24
-39.473259,-4.558992,2023-01-01T05:13:25
-39.473259,-4.558992,2023-01-01T05:13:26
-39.473259,-4.558992,2023-01-01T05:13:27
-39.473259,-4.558992,2023-01-01T05:13:28
-39.473259,-4.558992,2023-01-01T05:13:29
-39.473259,-4.558992,2023-01-01T05:13:30
-39.473259,-4.558992,2023-01-01T05:13:31
-39.473259,-4.558992,2023-01-01T05:13:32
-39.473259,-4.558992,2023-01-01T05:13:33
-39.473259,-4.558992,2023-01-01T05:13:34
-39.473259,-4.558992,2023-01-01T05:13:35
-39.473259,-4.558992,2023-01-01T05:13:36
-39.473259,-4.558992,2023-01-01T05:13:37
-39.473259,-4.558992,2023-01-01T05:13:38
-39.473259,-4.558992,2023-01-01T05:13:39
-39.473259,-4.558992,2023-01-01T05:13:40
-39.473259,-4.558992,2023-01-01T05:13:41
-39.473259,-4.558992,2023-01-01T05:13:42
-39.473259,-4.558992,2023-01-01T05:13:43
-39.473259,-4.558992,2023-01-01T05:13:44
-39.473259,-4.558992,2023-01-01T05:13:45
-39.473259,-4.558992,2023-01-01T05:13:46
-39.473259,-4.558992,2023-01-01T05:13:47
-39.473259,-4.558992,2023-01-01T05:13:48
-39.473259,-4.558992,2023-01-01T05:13:49
-39.473259,-4.558992,2023-01-01T05:13:50
-39.473259,-4.558992,2023-01-01T05:13:51
-39.473259,-4.558992,2023-01-01T05:13:52
-39.473259,-4.558992,2023-01-01T05:13:53
-39.473259,-4.558992,2023-01-01T05:13:54
-39.473259,-4.558992,2023-01-01T05:13:55
-39.473259,-4.558992,2023-01-01T05:13:56
-39.473259,-4.558992,2023-01-01T05:13:57
-39.473259,-4.558992,2023-01-01T05:13:58
-39.473259,-4.558992,2023-01-01T05:13:59
-39.473259,-4.558992,2023-01-01T05:14:00
-39.473259,-4.558992,2023-01-01T05:14:01
-39.473259,-4.558992,2023-01-01T05:14:02
-39.473259,-4.558992,2023-01-01T05:14:03
-39.473259,-4.558992,2023-01-01T05:14:04
-39.473259,-4.558992,2023-01-01T05:14:05
-39.473259,-4.558992,2023-01-01T05:14:06
-39.473259,-4.558992,2023-01-01T05:14:07
-39.473259,-4.558992,2023-01-01T05:14:08
-39.584451,-4.558992,2023-01-01T05:14:09
-39.584451,-4.558992,2023-01-01T05:14:10
-39.584451,-4.670187,2023-01-01T05:14:11
-39.584451,-4.670187,2023-01-01T05:14:12
-39.584451,-4.670187,2023-01-01T05:14:13
-39.584451,-4.670187,2023-01-01T05:14:14
-39.584451,-4.670187,2023-01-01T05:14:15
-39.584451,-4.670187,2023-01-01T05:14:16
-39.584451,-4.670187,2023-01-01T05:14:17
-39.584451,-4.670187,2023-01-01T05:14:18
-39.584451,-4.670187,2023-01-01T05:14:19
-39.584451,-4.670187,2023-01-01T05:14:20
-39.584451,-4.670187,2023-01-01T05:14:21
-39.584451,-4.670187,2023-01-01T05:14:22
-39.584451,-4.670187,2023-01-01T05:14:23
-39.584451,-4.670187,2023-01-01T05:14:24
-39.584451,-4.670187,2023-01-01T05:14:25
-39.584451,-4.670187,2023-01-01T05:14:26
-39.584451,-4.670187,2023-01-01T05:14:27
-39.584451,-4.670187,2023-01-01T05:14:28
-39.584451,-4.670187,2023-01-01T05:14:29
-39.584451,-4.670187,2023-01-01T05:14:30
-39.584451,-4.670187,2023-01-01T05:14:31
-39.584451,-4.670187,2023-01-01T05:14:32
-39.584451,-4.670187,2023-01-01T05:14:33
-39.584451,-4.670187,2023-01-01T05:14:34
-39.584451,-4.670187,2023-01-01T05:14:35
-39.584451,-4.670187,2023-01-01T05:14:36
-39.584451,-4.670187,2023-01-01T05:14:37
-39.584451,-4.670187,2023-01-01T05:14:38
-39.584451,-4.670187,2023-01-01T05:14:39
-39.584451,-4.670187,2023-01-01T05:14:40
-39.695643,-4.670187,2023-01-01T05:14:41
-39.695643,-4.670187,2023-01-01T05:14:42
-39.695643,-4.670187,2023-01-01T05:14:43
-39.695643,-4.670187,2023-01-01T05:14:44
-39.695643,-4.670187,2023-01-01T05:14:45
-39.695643,-4.670187,2023-01-01T05:14:46
-39.695643,-4.670187,2023-01-01T05:14:47
-39.695643,-4.670187,2023-01-01T05:14:48
-39.695643,-4.670187,2023-01-01T05:14:49
-39.695643,-4.670187,2023-01-01T05:14:50
-39.695643,-4.670187,2023-01-01T05:14:51
-39.695643,-4.670187,2023-01-01T05:14:52
-39.695643,-4.670187,2023-01-01T05:14:53
-39.695643,-4.670187,2023-01-01T05:14:54
-39.695643,-4.670187,2023-01-01T05:14:55
-39.695643,-4.670187,2023-01-01T05:14:56
-39.695643,-4.670187,2023-01-01T05:14:57
-39.695643,-4.670187,2023-01-01T05:14:58
-39.695643,-4.670187,2023-01-01T05:14:59
-39.695643,-4.670187,2023-01-01T05:15:00
-39.695643,-4.670187,2023-01-01T05:15:01
-39.695643,-4.670187,2023-01-01T05:15:02
-39.695643,-4.670187,2023-01-01T05:15:03
-39.695643,-4.670187,2023-01-01T05:15:04
-39.695643,-4.670187,2023-01-01T05:15:05
-39.695643,-4.670187,2023-01-01T05:15:06
-39.695643,-4.670187,2023-01-01T05:15:07
-39.695643,-4.670187,2023-01-01T05:15:08
-39.695643,-4.670187,2023-01-01T05:15:09
-39.695643,-4.670187,2023-01-01T05:15:10
-39.695643,-4.670187,2023-01-01T05:15:11
-39.695643,-4.670187,2023-01-01T05:15:12
-39.695643,-4.670187,2023-01-01T05:15:13
-39.695643,-4.670187,2023-01-01T05:15:14
-39.695643,-4.670187,2023-01-01T05:15:15
-39.695643,-4.558992,2023-01-01T05:15:16
-39.695643,-4.558992,2023-01-01T05:15:17
-39.695643,-4.558992,2023-01-01T05:15:18
-39.695643,-4.558992,2023-01-01T05:15:19
-39.695643,-4.558992,2023-01-01T05:15:20
-39.695643,-4.558992,2023-01-01T05:15:21
-39.695643,-4.558992,2023-01-01T05:15:22
-39.695643,-4.558992,2023-01-01T05:15:23
-39.695643,-4.558992,2023-01-01T05:15:24
-39.695643,-4.558992,2023-01-01T05:15:25
-39.695643,-4.558992,2023-01-01T05:15:26
-39.695643,-4.558992,2023-01-01T05:15:27
-39.695643,-4.558992,2023-01-01T05:15:28
-39.695643,-4.558992,2023-01-01T05:15:29
-39.695643,-4.558992,2023-01-01T05:15:30
-39.695643,-4.558992,2023-01-01T05:15:31
-39.695643,-4.558992,2023-01-01T05:15:32
-39.695643,-4.558992,2023-01-01T05:15:33
-39.695643,-4.558992,2023-01-01T05:15:34
-39.695643,-4.558992,2023-01-01T05:15:35
-39.695643,-4.558992,2023-01-01T05:15:36
-39.695643,-4.558992,2023-01-01T05:15:37
-39.695643,-4.558992,2023-01-01T05:15:38
-39.695643,-4.558992,2023-01-01T05:15:39
-39.695643,-4.558992,2023-01-01T05:15:40
-39.695643,-4.447797,2023-01-01T05:15:41
-39.695643,-4.447797,2023-01-01T05:15:42
-39.695643,-4.447797,2023-01-01T05:15:43
-39.695643,-4.447797,2023-01-01T05:15:44
-39.806836,-4.447797,2023-01-01T05:15:45
-39.806836,-4.447797,2023-01-01T05:15:46
-39.806836,-4.447797,2023-01-01T05:15:47
-39.806836,-4.558992,2023-01-01T05:15:48
-39.806836,-4.558992,2023-01-01T05:15:49
-39.806836,-4.558992,2023-01-01T05:15:50
-39.806836,-4.558992,2023-01-01T05:15:51
-39.806836,-4.558992,2023-01-01T05:15:52
-39.806836,-4.558992,2023-01-01T05:15:53
-39.806836,-4.558992,2023-01-01T05:15:54
-39.806836,-4.558992,2023-01-01T05:15:55
-39.806836,-4.558992,2023-01-01T05:15:56
-39.806836,-4.558992,2023-01-01T05:15:57
-39.806836,-4.558992,2023-01-01T05:15:58
-39.806836,-4.558992,2023-01-01T05:15:59
-39.806836,-4.558992,2023-01-01T05:16:00
-39.806836,-4.558992,2023-01-01T05:16:01
-39.806836,-4.558992,2023-01-01T05:16:02
-39.806836,-4.558992,2023-01-01T05:16:03
-39.806836,-4.558992,2023-01-01T05:16:04
-39.806836,-4.558992,2023-01-01T05:16:05
-39.806836,-4.558992,2023-01-01T05:16:06
-39.806836,-4.558992,2023-01-01T05:16:07
-39.806836,-4.558992,2023-01-01T05:16:08
-39.806836,-4.558992,2023-01-01T05:16:09
-39.806836,-4.558992,2023-01-01T05:16:10
-39.806836,-4.558992,2023-01-01T05:16:11
-39.806836,-4.558992,2023-01-01T05:16:12
-39.806836,-4.558992,2023-01-01T05:16:13
-39.806836,-4.558992,2023-01-01T05:16:14
-39.806836,-4.558992,2023-01-01T05:16:15
-39.806836,-4.558992,2023-01-01T05:16:16
-39.918028,-4.670187,2023-01-01T05:16:17
-39.918028,-4.670187,2023-01-01T05:16:18
-39.918028,-4.670187,2023-01-01T05:16:19
-39.918028,-4.670187,2023-01-01T05:16:20
-39.918028,-4.670187,2023-01-01T05:16:21
-39.918028,-4.670187,2023-01-01T05:16:22
-39.918028,-4.670187,2023-01-01T05:16:23
-39.918028,-4.670187,2023-01-01T05:16:24
-39.918028,-4.670187,2023-01-01T05:16:25
-39.918028,-4.670187,2023-01-01T05:16:26
-39.918028,-4.670187,2023-01-01T05:16:27
-39.918028,-4.670187,2023-01-01T05:16:28
-39.918028,-4.670187,2023-01-01T05:16:29
-39.918028,-4.670187,2023-01-01T05:16:30
-39.918028,-4.670187,2023-01-01T05:16:31
-39.918028,-4.670187,2023-01-01T05:16:32
-39.918028,-4.670187,2023-01-01T05:16:33
-39.918028,-4.670187,2023-01-01T05:16:34
-39.918028,-4.670187,2023-01-01T05:16:35
-39.918028,-4.670187,2023-01-01T05:16:36
-39.918028,-4.670187,2023-01-01T05:16:37
-39.918028,-4.670187,2023-01-01T05:16:38
-39.918028,-4.670187,2023-01-01T05:16:39
-39.918028,-4.670187,2023-01-01T05:16:40
-39.918028,-4.670187,2023-01-01T05:16:41
-39.918028,-4.670187,2023-01-01T05:16:42
-39.918028,-4.670187,2023-01-01T05:16:43
-39.918028,-4.670187,2023-01-01T05:16:44
-39.918028,-4.670187,2023-01-01T05:16:45
-39.918028,-4.781382,2023-01-01T05:16:46
-39.918028,-4.781382,2023-01-01T05:16:47
-39.918028,-4.781382,2023-01-01T05:16:48
-39.918028,-4.781382,2023-01-01T05:16:49
-39.918028,-4.781382,2023-01-01T05:16:50
-39.918028,-4.781382,2023-01-01T05:16:51
-39.918028,-4.781382,2023-01-01T05:16:52
-39.918028,-4.781382,2023-01-01T05:16:53
-39.918028,-4.781382,2023-01-01T05:16:54
-39.918028,-4.781382,2023-01-01T05:16:55
-39.918028,-4.781382,2023-01-01T05:16:56
-39.918028,-4.781382,2023-01-01T05:16:57
-39.918028,-4.781382,2023-01-01T05:16:58
-39.918028,-4.781382,2023-01-01T05:16:59
-39.918028,-4.892577,2023-01-01T05:17:00
-39.918028,-4.892577,2023-01-01T05:17:01
-39.918028,-4.892577,2023-01-01T05:17:02
-39.918028,-4.892577,2023-01-01T05:17:03
-39.918028,-4.892577,2023-01-01T05:17:04
-39.918028,-4.892577,2023-01-01T05:17:05
-39.918028,-4.892577,2023-01-01T05:17:06
-39.918028,-4.892577,2023-01-01T05:17:07
-39.918028,-4.892577,2023-01-01T05:17:08
-39.918028,-4.892577,2023-01-01T05:17:09
-39.918028,-4.892577,2023-01-01T05:17:10
-39.918028,-4.892577,2023-01-01T05:17:11
-39.918028,-4.892577,2023-01-01T05:17:12
-39.918028,-4.892577,2023-01-01T05:17:13
-39.918028,-4.892577,2023-01-01T05:17:14
-39.918028,-4.892577,2023-01-01T05:17:15
-39.918028,-4.892577,2023-01-01T05:17:16
-39.918028,-4.892577,2023-01-01T05:17:17
-39.918028,-4.892577,2023-01-01T05:17:18
-39.918028,-4.892577,2023-01-01T05:17:19
-39.918028,-4.892577,2023-01-01T05:17:20
-39.918028,-5.003772,2023-01-01T05:17:21
-39.918028,-5.003772,2023-01-01T05:17:22
-39.918028,-5.003772,2023-01-01T05:17:23
-39.918028,-5.003772,2023-01-01T05:17:24
-39.918028,-5.003772,2023-01-01T05:17:25
-39.918028,-5.003772,2023-01-01T05:17:26
-39.918028,-5.003772,2023-01-01T05:17:27
-39.918028,-5.003772,2023-01-01T05:17:28
-39.918028,-5.003772,2023-01-01T05:17:29
-39.918028,-5.003772,2023-01-01T05:17:30
-39.918028,-5.003772,2023-01-01T05:17:31
-39.918028,-5.003772,2023-01-01T05:17:32
-39.918028,-5.003772,2023-01-01T05:17:33
-39.918028,-5.003772,2023-01-01T05:17:34
-39.918028,-5.003772,2023-01-01T05:17:35
-39.918028,-5.003772,2023-01-01T05:17:36
-39.918028,-5.003772,2023-01-01T05:17:37
-39.918028,-5.003772,2023-01-01T05:17:38
-39.918028,-5.003772,2023-01-01T05:17:39
-39.918028,-5.003772,2023-01-01T05:17:40
-39.918028,-5.003772,2023-01-01T05:17:41
-39.918028,-5.003772,2023-01-01T05:17:42
-39.918028,-5.003772,2023-01-01T05:17:43
-39.918028,-5.003772,2023-01-01T05:17:44
-39.918028,-5.003772,2023-01-01T05:17:45
-39.918028,-5.003772,2023-01-01T05:17:46
-39.918028,-5.003772,2023-01-01T05:17:47
-39.918028,-5.003772,2023-01-01T05:17:48
-39.918028,-5.003772,2023-01-01T05:17:49
-39.918028,-5.003772,2023-01-01T05:17:50
-39.918028,-5.003772,2023-01-01T05:17:51
-39.918028,-5.003772,2023-01-01T05:17:52
-39.918028,-5.003772,2023-01-01T05:17:53
-39.918028,-5.003772,2023-01-01T05:17:54
-39.918028,-5.003772,2023-01-01T05:17:55
-39.918028,-5.003772,2023-01-01T05:17:56
-39.918028,-5.003772,2023-01-01T05:17:57
-39.918028,-5.003772,2023-01-01T05:17:58
-39.918028,-4.892577,2023-01-01T05:17:59
-39.918028,-4.892577,2023-01-01T05:18:00
-39.918028,-4.892577,2023-01-01T05:18:01
-39.918028,-4.892577,2023-01-01T05:18:02
-39.918028,-5.003772,2023-01-01T05:18:03
-39.918028,-5.003772,2023-01-01T05:18:04
-39.918028,-5.003772,2023-01-01T05:18:05
-39.918028,-5.003772,2023-01-01T05:18:06
-39.918028,-5.003772,2023-01-01T05:18:07
-39.918028,-5.003772,2023-01-01T05:18:08
-39.918028,-5.003772,2023-01-01T05:18:09
-39.918028,-5.003772,2023-01-01T05:18:10
-39.918028,-5.003772,2023-01-01T05:18:11
-39.918028,-5.003772,2023-01-01T05:18:12
-39.918028,-5.003772,2023-01-01T05:18:13
-39.918028,-5.003772,2023-01-01T05:18:14
-39.918028,-5.003772,2023-01-01T05:18:15
-39.918028,-5.003772,2023-01-01T05:18:16
-39.918028,-5.003772,2023-01-01T05:18:17
-39.918028,-5.003772,2023-01-01T05:18:18
-39.918028,-5.003772,2023-01-01T05:18:19
-39.918028,-5.003772,2023-01-01T05:18:20
-39.918028,-5.003772,2023-01-01T05:18:21
-39.918028,-5.003772,2023-01-01T05:18:22
-39.918028,-5.003772,2023-01-01T05:18:23
-39.918028,-5.003772,2023-01-01T05:18:24
-39.918028,-5.003772,2023-01-01T05:18:25
-39.918028,-5.003772,2023-01-01T05:18:26
-39.918028,-5.003772,2023-01-01T05:18:27
-39.918028,-5.003772,2023-01-01T05:18:28
-39.918028,-5.003772,2023-01-01T05:18:29
-39.918028,-5.003772,2023-01-01T05:18:30
-39.918028,-5.003772,2023-01-01T05:18:31
-39.918028,-5.003772,2023-01-01T05:18:32
-39.918028,-5.003772,2023-01-01T05:18:33
-39.918028,-5.003772,2023-01-01T05:18:34
-39.918028,-5.003772,2023-01-01T05:18:35
-39.918028,-5.003772,2023-01-01T05:18:36
-39.918028,-5.003772,2023-01-01T05:18:37
-39.918028,-5.003772,2023-01-01T05:18:38
-39.918028,-5.003772,2023-01-01T05:18:39
-39.918028,-5.003772,2023-01-01T05:18:40
-39.918028,-5.003772,2023-01-01T05:18:41
-39.918028,-5.003772,2023-01-01T05:18:42
-39.918028,-5.003772,2023-01-01T05:18:43
-39.918028,-5.003772,2023-01-01T05:18:44
-39.918028,-5.003772,2023-01-01T05:18:45
-39.918028,-5.003772,2023-01-01T05:18:46
-39.918028,-5.003772,2023-01-01T05:18:47
-39.918028,-5.003772,2023-01-01T05:18:48
-39.918028,-5.003772,2023-01-01T05:18:49
-39.918028,-5.003772,2023-01-01T05:18:50
-39.918028,-5.003772,2023-01-01T05:18:51
-39.918028,-5.003772,2023-01-01T05:18:52
-39.918028,-5.003772,2023-01-01T05:18:53
-39.918028,-5.003772,2023-01-01T05:18:54
-39.918028,-5.003772,2023-01-01T05:18:55
-39.918028,-5.003772,2023-01-01T05:18:56
-39.918028,-5.003772,2023-01-01T05:18:57
-39.918028,-5.003772,2023-01-01T05:18:58
-39.918028,-5.003772,2023-01-01T05:18:59
-39.918028,-5.003772,2023-01-01T05:19:00
-39.806836,-5.003772,2023-01-01T05:19:01
-39.806836,-5.003772,2023-01-01T05:19:02
-39.806836,-5.003772,2023-01-01T05:19:03
-39.806836,-5.003772,2023-01-01T05:19:04
-39.806836,-5.003772,2023-01-01T05:19:05
-39.806836,-5.003772,2023-01-01T05:19:06
-39.806836,-5.003772,2023-01-01T05:19:07
-39.806836,-5.003772,2023-01-01T05:19:08
-39.806836,-5.003772,2023-01-01T05:19:09
-39.806836,-5.003772,2023-01-01T05:19:10
-39.806836,-5.003772,2023-01-01T05:19:11
-39.806836,-5.003772,2023-01-01T05:19:12
-39.806836,-5.003772,2023-01-01T05:19:13
-39.806836,-5.003772,2023-01-01T05:19:14
-39.806836,-5.003772,2023-01-01T05:19:15
-39.806836,-5.003772,2023-01-01T05:19:16
-39.806836,-5.003772,2023-01-01T05:19:17
-39.806836,-5.003772,2023-01-01T05:19:18
-39.806836,-5.003772,2023-01-01T05:19:19
-39.806836,-5.003772,2023-01-01T05:19:20
-39.806836,-5.003772,2023-01-01T05:19:21
-39.806836,-5.003772,2023-01-01T05:19:22
-39.806836,-5.003772,2023-01-01T05:19:23
-39.806836,-5.003772,2023-01-01T05:19:24
-39.806836,-5.003772,2023-01-01T05:19:25
-39.806836,-5.003772,2023-01-01T05:19:26
-39.806836,-5.003772,2023-01-01T05:19:27
-39.806836,-5.003772,2023-01-01T05:19:28
-39.806836,-5.003772,2023-01-01T05:19:29
-39.918028,-5.003772,2023-01-01T05:19:30
-39.918028,-5.003772,2023-01-01T05:19:31
-39.918028,-5.003772,2023-01-01T05:19:32
-39.918028,-5.003772,2023-01-01T05:19:33
-39.918028,-5.003772,2023-01-01T05:19:34
-39.918028,-5.003772,2023-01-01T05:19:35
-39.918028,-5.003772,2023-01-01T05:19:36
-39.918028,-5.003772,2023-01-01T05:19:37
-39.918028,-5.003772,2023-01-01T05:19:38
-39.918028,-5.003772,2023-01-01T05:19:39
-39.918028,-5.003772,2023-01-01T05:19:40
-39.918028,-5.003772,2023-01-01T05:19:41
-39.918028,-5.003772,2023-01-01T05:19:42
-39.918028,-5.003772,2023-01-01T05:19:43
-39.918028,-5.003772,2023-01-01T05:19:44
-39.918028,-5.003772,2023-01-01T05:19:45
-39.918028,-5.003772,2023-01-01T05:19:46
-39.918028,-5.003772,2023-01-01T05:19:47
-39.918028,-5.003772,2023-01-01T05:19:48
-39.918028,-5.003772,2023-01-01T05:19:49
-39.918028,-5.003772,2023-01-01T05:19:50
-39.918028,-5.003772,2023-01-01T05:19:51
-39.918028,-5.003772,2023-01-01T05:19:52
-39.918028,-5.003772,2023-01-01T05:19:53
-39.918028,-5.003772,2023-01-01T05:19:54
-39.918028,-5.003772,2023-01-01T05:19:55
-39.918028,-5.003772,2023-01-01T05:19:56
-39.918028,-5.003772,2023-01-01T05:19:57
-39.918028,-5.003772,2023-01-01T05:19:58
-39.918028,-5.003772,2023-01-01T05:19:59
-39.918028,-5.003772,2023-01-01T05:20:00
-39.918028,-5.003772,2023-01-01T05:20:01
-39.918028,-5.003772,2023-01-01T05:20:02
-39.918028,-5.003772,2023-01-01T05:20:03
-39.918028,-5.003772,2023-01-01T05:20:04
-39.918028,-5.003772,2023-01-01T05:20:05
-39.918028,-5.003772,2023-01-01T05:20:06
-39.918028,-5.003772,2023-01-01T05:20:07
-39.918028,-5.003772,2023-01-01T05:20:08
-39.918028,-5.003772,2023-01-01T05:20:09
-39.918028,-5.003772,2023-01-01T05:20:10
-39.918028,-5.003772,2023-01-01T05:20:11
-39.918028,-5.003772,2023-01-01T05:20:12
-39.806836,-5.003772,2023-01-01T05:20:13
-39.806836,-5.003772,2023-01-01T05:20:14
-39.806836,-5.003772,2023-01-01T05:20:15
-39.806836,-5.003772,2023-01-01T05:20:16
-39.806836,-5.003772,2023-01-01T05:20:17
-39.806836,-5.003772,2023-01-01T05:20:18
-39.806836,-5.003772,2023-01-01T05:20:19
-39.806836,-5.003772,2023-01-01T05:20:20
-39.806836,-5.003772,2023-01-01T05:20:21
-39.806836,-5.003772,2023-01-01T05:20:22
-39.918028,-5.003772,2023-01-01T05:20:23
-39.918028,-5.003772,2023-01-01T05:20:24
-39.918028,-5.003772,2023-01-01T05:20:25
-39.918028,-5.003772,2023-01-01T05:20:26
-39.918028,-5.003772,2023-01-01T05:20:27
-39.918028,-5.003772,2023-01-01T05:20:28
-39.918028,-5.114967,2023-01-01T05:20:29
-39.918028,-5.114967,2023-01-01T05:20:30
-39.918028,-5.114967,2023-01-01T05:20:31
-39.918028,-5.114967,2023-01-01T05:20:32
-39.918028,-5.114967,2023-01-01T05:20:33
-39.918028,-5.114967,2023-01-01T05:20:34
-39.918028,-5.114967,2023-01-01T05:20:35
-39.918028,-5.114967,2023-01-01T05:20:36
-39.918028,-5.114967,2023-01-01T05:20:37
-39.918028,-5.114967,2023-01-01T05:20:38
-39.918028,-5.114967,2023-01-01T05:20:39
-39.918028,-5.003772,2023-01-01T05:20:40
-39.918028,-5.003772,2023-01-01T05:20:41
-39.918028,-5.003772,2023-01-01T05:20:42
-39.918028,-5.003772,2023-01-01T05:20:43
-39.918028,-5.003772,2023-01-01T05:20:44
-39.918028,-5.003772,2023-01-01T05:20:45
-39.918028,-5.003772,2023-01-01T05:20:46
-39.918028,-5.003772,2023-01-01T05:20:47
-39.918028,-5.003772,2023-01-01T05:20:48
-39.918028,-5.003772,2023-01-01T05:20:49
-39.918028,-5.003772,2023-01-01T05:20:50
-39.918028,-5.003772,2023-01-01T05:20:51
-39.918028,-5.003772,2023-01-01T05:20:52
-39.918028,-5.003772,2023-01-01T05:20:53
-39.918028,-5.003772,2023-01-01T05:20:54
-39.918028,-5.003772,2023-01-01T05:20:55
-39.918028,-5.003772,2023-01-01T05:20:56
-39.918028,-5.003772,2023-01-01T05:20:57
-39.918028,-5.003772,2023-01-01T05:20:58
-39.918028,-5.003772,2023-01-01T05:20:59
-39.918028,-5.003772,2023-01-01T05:21:00
-39.918028,-5.003772,2023-01-01T05:21:01
-39.918028,-5.003772,2023-01-01T05:21:02
-39.918028,-5.003772,2023-01-01T05:21:03
-39.918028,-5.003772,2023-01-01T05:21:04
-39.918028,-5.003772,2023-01-01T05:21:05
-39.918028,-5.003772,2023-01-01T05:21:06
-39.918028,-5.003772,2023-01-01T05:21:07
-39.918028,-5.003772,2023-01-01T05:21:08
-39.918028,-5.003772,2023-01-01T05:21:09
-39.918028,-5.003772,2023-01-01T05:21:10
-39.918028,-5.003772,2023-01-01T05:21:11
-39.918028,-5.003772,2023-01-01T05:21:12
-39.918028,-5.003772,2023-01-01T05:21:13
-39.918028,-5.003772,2023-01-01T05:21:14
-39.918028,-5.003772,2023-01-01T05:21:15
-39.918028,-5.003772,2023-01-01T05:21:16
-39.918028,-5.003772,2023-01-01T05:21:17
-39.918028,-5.003772,2023-01-01T05:21:18
-39.918028,-5.003772,2023-01-01T05:21:19
-39.918028,-5.003772,2023-01-01T05:21:20
-39.918028,-5.003772,2023-01-01T05:21:21
-39.918028,-5.003772,2023-01-01T05:21:22
-39.918028,-5.003772,2023-01-01T05:21:23
-39.918028,-5.003772,2023-01-01T05:21:24
-39.918028,-5.003772,2023-01-01T05:21:25
-39.918028,-5.003772,2023-01-01T05:21:26
-39.918028,-5.003772,2023-01-01T05:21:27
-39.918028,-5.003772,2023-01-01T05:21:28
-39.918028,-5.003772,2023-01-01T05:21:29
-39.918028,-5.003772,2023-01-01T05:21:30
-39.918028,-5.003772,2023-01-01T05:21:31
-39.918028,-5.003772,2023-01-01T05:21:32
-39.918028,-5.003772,2023-01-01T05:21:33
-39.918028,-5.003772,2023-01-01T05:21:34
-39.918028,-5.003772,2023-01-01T05:21:35
-39.918028,-5.003772,2023-01-01T05:21:36
-39.918028,-5.003772,2023-01-01T05:21:37
-39.918028,-5.003772,2023-01-01T05:21:38
-39.918028,-5.003772,2023-01-01T05:21:39
-39.918028,-5.003772,2023-01-01T05:21:40
-39.918028,-5.003772,2023-01-01T05:21:41
-39.918028,-5.003772,2023-01-01T05:21:42
-39.918028,-5.003772,2023-01-01T05:21:43
-39.918028,-5.003772,2023-01-01T05:21:44
-39.918028,-5.003772,2023-01-01T05:21:45
-39.918028,-5.003772,2023-01-01T05:21:46
-39.918028,-5.003772,2023-01-01T05:21:47
-39.918028,-5.003772,2023-01-01T05:21:48
-39.918028,-5.003772,2023-01-01T05:21:49
-39.918028,-5.003772,2023-01-01T05:21:50
-39.918028,-5.003772,2023-01-01T05:21:51
-39.918028,-5.003772,2023-01-01T05:21:52
-39.918028,-5.003772,2023-01-01T05:21:53
-39.918028,-5.003772,2023-01-01T05:21:54
-39.918028,-5.003772,2023-01-01T05:21:55
-39.918028,-5.003772,2023-01-01T05:21:56
-39.918028,-5.003772,2023-01-01T05:21:57
-39.918028,-5.003772,2023-01-01T05:21:58
-39.918028,-5.003772,2023-01-01T05:21:59
-39.918028,-5.003772,2023-01-01T05:22:00
-39.918028,-5.003772,2023-01-01T05:22:01
-39.918028,-5.003772,2023-01-01T05:22:02
-39.918028,-5.003772,2023-01-01T05:22:03
-39.918028,-5.003772,2023-01-01T05:22:04
-39.918028,-5.003772,2023-01-01T05:22:05
-39.918028,-5.003772,2023-01-01T05:22:06
-39.918028,-5.003772,2023-01-01T05:22:07
-39.918028,-4.892577,2023-01-01T05:22:08
-39.918028,-4.892577,2023-01-01T05:22:09
-39.918028,-4.892577,2023-01-01T05:22:10
-39.918028,-4.892577,2023-01-01T05:22:11
-39.918028,-4.892577,2023-01-01T05:22:12
-39.918028,-4.892577,2023-01-01T05:22:13
-39.918028,-4.892577,2023-01-01T05:22:14
-39.918028,-4.892577,2023-01-01T05:22:15
-39.918028,-5.003772,2023-01-01T05:22:16
-39.918028,-5.003772,2023-01-01T05:22:17
-39.918028,-5.003772,2023-01-01T05:22:18
-39.918028,-5.003772,2023-01-01T05:22:19
-39.918028,-5.003772,2023-01-01T05:22:20
-39.918028,-5.003772,2023-01-01T05:22:21
-39.918028,-5.003772,2023-01-01T05:22:22
-39.918028,-5.003772,2023-01-01T05:22:23
-39.918028,-4.892577,2023-01-01T05:22:24
-39.918028,-4.892577,2023-01-01T05:22:25
-39.918028,-4.892577,2023-01-01T05:22:26
-39.918028,-4.892577,2023-01-01T05:22:27
-39.918028,-4.892577,2023-01-01T05:22:28
-39.918028,-4.892577,2023-01-01T05:22:29
-39.918028,-4.892577,2023-01-01T05:22:30
-39.918028,-4.892577,2023-01-01T05:22:31
-39.918028,-4.892577,2023-01-01T05:22:32
-39.918028,-4.892577,2023-01-01T05:22:33
-39.918028,-4.892577,2023-01-01T05:22:34
-39.918028,-4.892577,2023-01-01T05:22:35
-39.918028,-4.892577,2023-01-01T05:22:36
-39.918028,-4.892577,2023-01-01T05:22:37
-39.918028,-4.892577,2023-01-01T05:22:38
-39.918028,-4.892577,2023-01-01T05:22:39
-39.918028,-4.892577,2023-01-01T05:22:40
-39.918028,-4.892577,2023-01-01T05:22:41
-39.918028,-4.892577,2023-01-01T05:22:42
-39.918028,-4.892577,2023-01-01T05:22:43
-39.918028,-4.892577,2023-01-01T05:22:44
-40.029220,-4.892577,2023-01-01T05:22:45
-40.029220,-4.892577,2023-01-01T05:22:46
-40.029220,-4.892577,2023-01-01T05:22:47
-40.029220,-4.892577,2023-01-01T05:22:48
-40.029220,-4.892577,2023-01-01T05:22:49
-40.029220,-4.892577,2023-01-01T05:22:50
-40.029220,-4.892577,2023-01-01T05:22:51
-40.029220,-4.892577,2023-01-01T05:22:52
-40.029220,-4.892577,2023-01-01T05:22:53
-40.029220,-4.892577,2023-01-01T05:22:54
-40.029220,-4.892577,2023-01-01T05:22:55
-40.029220,-4.892577,2023-01-01T05:22:56
-40.029220,-4.892577,2023-01-01T05:22:57
-40.029220,-4.892577,2023-01-01T05:22:58
-40.029220,-4.892577,2023-01-01T05:22:59
-40.029220,-4.892577,2023-01-01T05:23:00
-40.029220,-4.892577,2023-01-01T05:23:01
-40.029220,-4.892577,2023-01-01T05:23:02
-40.029220,-4.892577,2023-01-01T05:23:03
-40.029220,-4.892577,2023-01-01T05:23:04
-40.029220,-4.892577,2023-01-01T05:23:05
-40.029220,-4.892577,2023-01-01T05:23:06
-40.029220,-4.892577,2023-01-01T05:23:07
-40.029220,-4.892577,2023-01-01T05:23:08
-40.029220,-4.892577,2023-01-01T05:23:09
-40.029220,-4.892577,2023-01-01T05:23:10
-40.029220,-4.892577,2023-01-01T05:23:11
-40.029220,-4.892577,2023-01-01T05:23:12
-40.029220,-4.892577,2023-01-01T05:23:13
-40.029220,-4.892577,2023-01-01T05:23:14
-40.029220,-4.781382,2023-01-01T05:23:15
-40.029220,-4.781382,2023-01-01T05:23:16
-40.029220,-4.781382,2023-01-01T05:23:17
-40.029220,-4.781382,2023-01-01T05:23:18
-40.029220,-4.781382,2023-01-01T05:23:19
-39.918028,-4.781382,2023-01-01T05:23:20
-39.918028,-4.781382,2023-01-01T05:23:21
-39.918028,-4.781382,2023-01-01T05:23:22
-39.918028,-4.781382,2023-01-01T05:23:23
-39.918028,-4.781382,2023-01-01T05:23:24
-39.918028,-4.781382,2023-01-01T05:23:25
-39.918028,-4.781382,2023-01-01T05:23:26
-39.918028,-4.781382,2023-01-01T05:23:27
-39.918028,-4.781382,2023-01-01T05:23:28
-39.918028,-4.781382,2023-01-01T05:23:29
-39.918028,-4.781382,2023-01-01T05:23:30
-39.918028,-4.781382,2023-01-01T05:23:31
-39.918028,-4.781382,2023-01-01T05:23:32
-39.918028,-4.781382,2023-01-01T05:23:33
-39.918028,-4.781382,2023-01-01T05:23:34
-39.918028,-4.670187,2023-01-01T05:23:35
-39.918028,-4.670187,2023-01-01T05:23:36
-39.918028,-4.670187,2023-01-01T05:23:37
-39.918028,-4.670187,2023-01-01T05:23:38
-39.918028,-4.670187,2023-01-01T05:23:39
-39.918028,-4.670187,2023-01-01T05:23:40
-39.918028,-4.670187,2023-01-01T05:23:41
-39.918028,-4.670187,2023-01-01T05:23:42
-39.918028,-4.670187,2023-01-01T05:23:43
-39.918028,-4.670187,2023-01-01T05:23:44
-39.918028,-4.670187,2023-01-01T05:23:45
-39.918028,-4.670187,2023-01-01T05:23:46
-39.918028,-4.670187,2023-01-01T05:23:47
-39.918028,-4.670187,2023-01-01T05:23:48
-39.918028,-4.670187,2023-01-01T05:23:49
-39.918028,-4.670187,2023-01-01T05:23:50
-39.918028,-4.670187,2023-01-01T05:23:51
-39.918028,-4.670187,2023-01-01T05:23:52
-39.918028,-4.670187,2023-01-01T05:23:53
-39.918028,-4.670187,2023-01-01T05:23:54
-39.918028,-4.670187,2023-01-01T05:23:55
-39.918028,-4.670187,2023-01-01T05:23:56
-39.918028,-4.670187,2023-01-01T05:23:57
-39.918028,-4.670187,2023-01-01T05:23:58
-39.918028,-4.670187,2023-01-01T05:23:59
-39.918028,-4.670187,2023-01-01T05:24:00
-39.918028,-4.670187,2023-01-01T05:24:01
-39.918028,-4.670187,2023-01-01T05:24:02
-39.918028,-4.670187,2023-01-01T05:24:03
-39.918028,-4.670187,2023-01-01T05:24:04
-39.918028,-4.670187,2023-01-01T05:24:05
-39.918028,-4.670187,2023-01-01T05:24:06
-39.918028,-4.670187,2023-01-01T05:24:07
-39.918028,-4.670187,2023-01-01T05:24:08
-39.918028,-4.558992,2023-01-01T05:24:09
-39.918028,-4.558992,2023-01-01T05:24:10
-39.918028,-4.558992,2023-01-01T05:24:11
-39.918028,-4.558992,2023-01-01T05:24:12
-39.918028,-4.558992,2023-01-01T05:24:13
-39.918028,-4.558992,2023-01-01T05:24:14
-39.918028,-4.558992,2023-01-01T05:24:15
-39.918028,-4.558992,2023-01-01T05:24:16
-39.918028,-4.558992,2023-01-01T05:24:17
-39.918028,-4.558992,2023-01-01T05:24:18
-39.918028,-4.558992,2023-01-01T05:24:19
-39.918028,-4.558992,2023-01-01T05:24:20
-39.918028,-4.558992,2023-01-01T05:24:21
-39.918028,-4.558992,2023-01-01T05:24:22
-39.918028,-4.558992,2023-01-01T05:24:23
-39.918028,-4.558992,2023-01-01T05:24:24
-39.918028,-4.558992,2023-01-01T05:24:25
-39.918028,-4.558992,2023-01-01T05:24:26
-39.918028,-4.558992,2023-01-01T05:24:27
-39.918028,-4.558992,2023-01-01T05:24:28
-39.918028,-4.558992,2023-01-01T05:24:29
-39.918028,-4.558992,2023-01-01T05:24:30
-39.918028,-4.558992,2023-01-01T05:24:31
-39.918028,-4.558992,2023-01-01T05:24:32
-39.918028,-4.558992,2023-01-01T05:24:33
-39.918028,-4.558992,2023-01-01T05:24:34
-39.918028,-4.558992,2023-01-01T05:24:35
-39.918028,-4.558992,2023-01-01T05:24:36
-39.918028,-4.558992,2023-01-01T05:24:37
-39.918028,-4.558992,2023-01-01T05:24:38
-39.918028,-4.558992,2023-01-01T05:24:39
-39.918028,-4.558992,2023-01-01T05:24:40
-39.918028,-4.558992,2023-01-01T05:24:41
-39.918028,-4.558992,2023-01-01T05:24:42
-39.918028,-4.558992,2023-01-01T05:24:43
-39.918028,-4.558992,2023-01-01T05:24:44
-39.918028,-4.558992,2023-01-01T05:24:45
-39.918028,-4.558992,2023-01-01T05:24:46
-39.918028,-4.558992,2023-01-01T05:24:47
-39.918028,-4.558992,2023-01-01T05:24:48
-39.918028,-4.558992,2023-01-01T05:24:49
-39.918028,-4.558992,2023-01-01T05:24:50
-39.918028,-4.558992,2023-01-01T05:24:51
-39.918028,-4.558992,2023-01-01T05:24:52
-39.918028,-4.558992,2023-01-01T05:24:53
-39.918028,-4.558992,2023-01-01T05:24:54
-39.918028,-4.558992,2023-01-01T05:24:55
-39.918028,-4.558992,2023-01-01T05:24:56
-39.918028,-4.558992,2023-01-01T05:24:57
-39.918028,-4.558992,2023-01-01T05:24:58
-39.918028,-4.558992,2023-01-01T05:24:59
-39.806836,-4.558992,2023-01-01T05:25:00
-39.806836,-4.558992,2023-01-01T05:25:01
-39.806836,-4.558992,2023-01-01T05:25:02
-39.806836,-4.558992,2023-01-01T05:25:03
-39.806836,-4.558992,2023-01-01T05:25:04
-39.806836,-4.558992,2023-01-01T05:25:05
-39.806836,-4.558992,2023-01-01T05:25:06
-39.806836,-4.558992,2023-01-01T05:25:07
-39.806836,-4.558992,2023-01-01T05:25:08
-39.806836,-4.558992,2023-01-01T05:25:09
-39.806836,-4.558992,2023-01-01T05:25:10
-39.806836,-4.558992,2023-01-01T05:25:11
-39.806836,-4.558992,2023-01-01T05:25:12
-39.806836,-4.558992,2023-01-01T05:25:13
-39.806836,-4.558992,2023-01-01T05:25:14
-39.806836,-4.558992,2023-01-01T05:25:15
-39.806836,-4.558992,2023-01-01T05:25:16
-39.806836,-4.558992,2023-01-01T05:25:17
-39.806836,-4.558992,2023-01-01T05:25:18
-39.806836,-4.558992,2023-01-01T05:25:19
-39.806836,-4.558992,2023-01-01T05:25:20
-39.806836,-4.558992,2023-01-01T05:25:21
-39.806836,-4.558992,2023-01-01T05:25:22
-39.806836,-4.558992,2023-01-01T05:25:23
-39.806836,-4.558992,2023-01-01T05:25:24
-39.806836,-4.558992,2023-01-01T05:25:25
-39.806836,-4.558992,2023-01-01T05:25:26
-39.806836,-4.558992,2023-01-01T05:25:27
-39.806836,-4.558992,2023-01-01T05:25:28
-39.806836,-4.558992,2023-01-01T05:25:29
-39.806836,-4.558992,2023-01-01T05:25:30
-39.806836,-4.558992,2023-01-01T05:25:31
-39.806836,-4.558992,2023-01-01T05:25:32
-39.806836,-4.558992,2023-01-01T05:25:33
-39.806836,-4.558992,2023-01-01T05:25:34
-39.806836,-4.558992,2023-01-01T05:25:35
-39.806836,-4.558992,2023-01-01T05:25:36
-39.806836,-4.558992,2023-01-01T05:25:37
-39.806836,-4.558992,2023-01-01T05:25:38
-39.806836,-4.558992,2023-01-01T05:25:39
-39.806836,-4.558992,2023-01-01T05:25:40
-39.806836,-4.558992,2023-01-01T05:25:41
-39.806836,-4.558992,2023-01-01T05:25:42
-39.806836,-4.558992,2023-01-01T05:25:43
-39.806836,-4.558992,2023-01-01T05:25:44
-39.806836,-4.558992,2023-01-01T05:25:45
-39.806836,-4.558992,2023-01-01T05:25:46
-39.806836,-4.670187,2023-01-01T05:25:47
-39.806836,-4.670187,2023-01-01T05:25:48
-39.806836,-4.670187,2023-01-01T05:25:49
-39.806836,-4.670187,2023-01-01T05:25:50
-39.806836,-4.670187,2023-01-01T05:25:51
-39.806836,-4.670187,2023-01-01T05:25:52
-39.806836,-4.670187,2023-01-01T05:25:53
-39.806836,-4.670187,2023-01-01T05:25:54
-39.806836,-4.670187,2023-01-01T05:25:55
-39.806836,-4.670187,2023-01-01T05:25:56
-39.806836,-4.670187,2023-01-01T05:25:57
-39.806836,-4.670187,2023-01-01T05:25:58
-39.806836,-4.670187,2023-01-01T05:25:59
-39.806836,-4.670187,2023-01-01T05:26:00
-39.806836,-4.781382,2023-01-01T05:26:01
-39.806836,-4.781382,2023-01-01T05:26:02
-39.806836,-4.781382,2023-01-01T05:26:03
-39.806836,-4.781382,2023-01-01T05:26:04
-39.806836,-4.781382,2023-01-01T05:26:05
-39.806836,-4.781382,2023-01-01T05:26:06
-39.806836,-4.781382,2023-01-01T05:26:07
-39.806836,-4.781382,2023-01-01T05:26:08
-39.806836,-4.781382,2023-01-01T05:26:09
-39.806836,-4.781382,2023-01-01T05:26:10
-39.695643,-4.781382,2023-01-01T05:26:11
-39.695643,-4.781382,2023-01-01T05:26:12
-39.695643,-4.781382,2023-01-01T05:26:13
-39.695643,-4.781382,2023-01-01T05:26:14
-39.695643,-4.781382,2023-01-01T05:26:15
-39.695643,-4.781382,2023-01-01T05:26:16
-39.695643,-4.781382,2023-01-01T05:26:17
-39.695643,-4.892577,2023-01-01T05:26:18
-39.695643,-4.892577,2023-01-01T05:26:19
-39.695643,-4.892577,2023-01-01T05:26:20
-39.695643,-4.892577,2023-01-01T05:26:21
-39.695643,-4.892577,2023-01-01T05:26:22
-39.695643,-4.892577,2023-01-01T05:26:23
-39.695643,-4.892577,2023-01-01T05:26:24
-39.695643,-4.892577,2023-01-01T05:26:25
-39.695643,-4.892577,2023-01-01T05:26:26
-39.695643,-4.892577,2023-01-01T05:26:27
-39.695643,-4.892577,2023-01-01T05:26:28
-39.695643,-4.892577,2023-01-01T05:26:29
-39.695643,-4.892577,2023-01-01T05:26:30
-39.695643,-4.892577,2023-01-01T05:26:31
-39.695643,-4.892577,2023-01-01T05:26:32
-39.695643,-4.892577,2023-01-01T05:26:33
-39.695643,-4.892577,2023-01-01T05:26:34
-39.695643,-4.892577,2023-01-01T05:26:35
-39.695643,-4.892577,2023-01-01T05:26:36
-39.695643,-4.892577,2023-01-01T05:26:37
-39.695643,-4.892577,2023-01-01T05:26:38
-39.695643,-4.892577,2023-01-01T05:26:39
-39.695643,-4.892577,2023-01-01T05:26:40
-39.695643,-4.892577,2023-01-01T05:26:41
-39.584451,-4.892577,2023-01-01T05:26:42
-39.584451,-4.892577,2023-01-01T05:26:43
-39.584451,-4.892577,2023-01-01T05:26:44
-39.584451,-4.892577,2023-01-01T05:26:45
-39.584451,-4.892577,2023-01-01T05:26:46
-39.584451,-4.892577,2023-01-01T05:26:47
-39.584451,-4.892577,2023-01-01T05:26:48
-39.584451,-4.892577,2023-01-01T05:26:49
-39.584451,-4.892577,2023-01-01T05:26:50
-39.584451,-4.892577,2023-01-01T05:26:51
-39.584451,-4.892577,2023-01-01T05:26:52
-39.584451,-4.892577,2023-01-01T05:26:53
-39.584451,-4.892577,2023-01-01T05:26:54
-39.584451,-4.892577,2023-01-01T05:26:55
-39.584451,-4.892577,2023-01-01T05:26:56
-39.584451,-4.892577,2023-01-01T05:26:57
-39.584451,-4.892577,2023-01-01T05:26:58
-39.584451,-4.892577,2023-01-01T05:26:59
-39.584451,-4.892577,2023-01-01T05:27:00
-39.584451,-4.892577,2023-01-01T05:27:01
-39.584451,-4.892577,2023-01-01T05:27:02
-39.584451,-4.892577,2023-01-01T05:27:03
-39.584451,-4.892577,2023-01-01T05:27:04
-39.584451,-4.892577,2023-01-01T05:27:05
-39.584451,-4.892577,2023-01-01T05:27:06
-39.584451,-4.892577,2023-01-01T05:27:07
-39.584451,-4.781382,2023-01-01T05:27:08
-39.584451,-4.781382,2023-01-01T05:27:09
-39.584451,-4.781382,2023-01-01T05:27:10
-39.584451,-4.781382,2023-01-01T05:27:11
-39.473259,-4.781382,2023-01-01T05:27:12
-39.473259,-4.670187,2023-01-01T05:27:13
-39.473259,-4.670187,2023-01-01T05:27:14
-39.473259,-4.670187,2023-01-01T05:27:15
-39.473259,-4.670187,2023-01-01T05:27:16
-39.473259,-4.670187,2023-01-01T05:27:17
-39.473259,-4.670187,2023-01-01T05:27:18
-39.473259,-4.670187,2023-01-01T05:27:19
-39.473259,-4.670187,2023-01-01T05:27:20
-39.473259,-4.670187,2023-01-01T05:27:21
-39.473259,-4.670187,2023-01-01T05:27:22
-39.473259,-4.670187,2023-01-01T05:27:23
-39.473259,-4.670187,2023-01-01T05:27:24
-39.473259,-4.670187,2023-01-01T05:27:25
-39.473259,-4.670187,2023-01-01T05:27:26
-39.473259,-4.670187,2023-01-01T05:27:27
-39.473259,-4.670187,2023-01-01T05:27:28
-39.473259,-4.670187,2023-01-01T05:27:29
-39.473259,-4.670187,2023-01-01T05:27:30
-39.473259,-4.670187,2023-01-01T05:27:31
-39.473259,-4.558992,2023-01-01T05:27:32
-39.473259,-4.558992,2023-01-01T05:27:33
-39.473259,-4.558992,2023-01-01T05:27:34
-39.473259,-4.558992,2023-01-01T05:27:35
-39.473259,-4.558992,2023-01-01T05:27:36
-39.473259,-4.558992,2023-01-01T05:27:37
-39.473259,-4.558992,2023-01-01T05:27:38
-39.473259,-4.558992,2023-01-01T05:27:39
-39.473259,-4.558992,2023-01-01T05:27:40
-39.473259,-4.558992,2023-01-01T05:27:41
-39.473259,-4.558992,2023-01-01T05:27:42
-39.473259,-4.558992,2023-01-01T05:27:43
-39.473259,-4.558992,2023-01-01T05:27:44
-39.473259,-4.558992,2023-01-01T05:27:45
-39.473259,-4.558992,2023-01-01T05:27:46
-39.473259,-4.558992,2023-01-01T05:27:47
-39.473259,-4.558992,2023-01-01T05:27:48
-39.473259,-4.558992,2023-01-01T05:27:49
-39.473259,-4.558992,2023-01-01T05:27:50
-39.473259,-4.558992,2023-01-01T05:27:51
-39.473259,-4.447797,2023-01-01T05:27:52
-39.473259,-4.447797,2023-01-01T05:27:53
-39.473259,-4.447797,2023-01-01T05:27:54
-39.473259,-4.447797,2023-01-01T05:27:55
-39.473259,-4.447797,2023-01-01T05:27:56
-39.362067,-4.447797,2023-01-01T05:27:57
-39.362067,-4.447797,2023-01-01T05:27:58
-39.362067,-4.447797,2023-01-01T05:27:59
-39.362067,-4.447797,2023-01-01T05:28:00
-39.362067,-4.447797,2023-01-01T05:28:01
-39.362067,-4.447797,2023-01-01T05:28:02
-39.362067,-4.447797,2023-01-01T05:28:03
-39.362067,-4.447797,2023-01-01T05:28:04
-39.362067,-4.447797,2023-01-01T05:28:05
-39.362067,-4.447797,2023-01-01T05:28:06
-39.362067,-4.447797,2023-01-01T05:28:07
-39.362067,-4.447797,2023-01-01T05:28:08
-39.362067,-4.336602,2023-01-01T05:28:09
-39.362067,-4.336602,2023-01-01T05:28:10
-39.362067,-4.336602,2023-01-01T05:28:11
-39.250874,-4.336602,2023-01-01T05:28:12
-39.250874,-4.336602,2023-01-01T05:28:13
-39.250874,-4.336602,2023-01-01T05:28:14
-39.250874,-4.336602,2023-01-01T05:28:15
-39.250874,-4.225407,2023-01-01T05:28:16
-39.250874,-4.225407,2023-01-01T05:28:17
-39.250874,-4.225407,2023-01-01T05:28:18
-39.250874,-4.225407,2023-01-01T05:28:19
-39.250874,-4.225407,2023-01-01T05:28:20
-39.250874,-4.225407,2023-01-01T05:28:21
-39.250874,-4.225407,2023-01-01T05:28:22
-39.250874,-4.225407,2023-01-01T05:28:23
-39.250874,-4.225407,2023-01-01T05:28:24
-39.250874,-4.114212,2023-01-01T05:28:25
-39.250874,-4.114212,2023-01-01T05:28:26
-39.250874,-4.114212,2023-01-01T05:28:27
-39.139682,-4.114212,2023-01-01T05:28:28
-39.139682,-4.114212,2023-01-01T05:28:29
-39.139682,-4.114212,2023-01-01T05:28:30
-39.139682,-4.114212,2023-01-01T05:28:31
-39.139682,-4.114212,2023-01-01T05:28:32
-39.139682,-4.003017,2023-01-01T05:28:33
-39.139682,-4.003017,2023-01-01T05:28:34
-39.139682,-4.003017,2023-01-01T05:28:35
-39.139682,-4.003017,2023-01-01T05:28:36
-39.139682,-4.003017,2023-01-01T05:28:37
-39.139682,-4.003017,2023-01-01T05:28:38
-39.139682,-3.891822,2023-01-01T05:28:39
-39.139682,-3.891822,2023-01-01T05:28:40
-39.028490,-3.891822,2023-01-01T05:28:41
-39.028490,-3.891822,2023-01-01T05:28:42
-39.028490,-3.891822,2023-01-01T05:28:43
-39.028490,-3.891822,2023-01-01T05:28:44
-39.028490,-3.891822,2023-01-01T05:28:45
-39.028490,-3.891822,2023-01-01T05:28:46
-39.028490,-3.891822,2023-01-01T05:28:47
-39.028490,-3.891822,2023-01-01T05:28:48
-39.028490,-3.891822,2023-01-01T05:28:49
-39.028490,-3.891822,2023-01-01T05:28:50
-39.028490,-3.891822,2023-01-01T05:28:51
-39.028490,-3.891822,2023-01-01T05:28:52
-39.028490,-3.891822,2023-01-01T05:28:53
-39.028490,-3.780628,2023-01-01T05:28:54
-39.028490,-3.780628,2023-01-01T05:28:55
-39.028490,-3.780628,2023-01-01T05:28:56
-38.917298,-3.780628,2023-01-01T05:28:57
-38.917298,-3.780628,2023-01-01T05:28:58
-38.917298,-3.780628,2023-01-01T05:28:59
-38.917298,-3.780628,2023-01-01T05:29:00
-38.917298,-3.780628,2023-01-01T05:29:01
-38.917298,-3.780628,2023-01-01T05:29:02
-38.917298,-3.780628,2023-01-01T05:29:03
-38.917298,-3.669433,2023-01-01T05:29:04
-38.917298,-3.669433,2023-01-01T05:29:05
-38.917298,-3.669433,2023-01-01T05:29:06
-38.917298,-3.669433,2023-01-01T05:29:07
-38.917298,-3.669433,2023-01-01T05:29:08
-38.917298,-3.669433,2023-01-01T05:29:09
-38.917298,-3.669433,2023-01-01T05:29:10
-38.806105,-3.558238,2023-01-01T05:29:11
-38.806105,-3.558238,2023-01-01T05:29:12
-38.806105,-3.558238,2023-01-01T05:29:13
-38.806105,-3.558238,2023-01-01T05:29:14
-38.806105,-3.558238,2023-01-01T05:29:15
-38.806105,-3.558238,2023-01-01T05:29:16
-38.806105,-3.558238,2023-01-01T05:29:17
-38.806105,-3.558238,2023-01-01T05:29:18
-38.806105,-3.558238,2023-01-01T05:29:19
-38.806105,-3.558238,2023-01-01T05:29:20
-38.806105,-3.447043,2023-01-01T05:29:21
-38.806105,-3.447043,2023-01-01T05:29:22
-38.806105,-3.447043,2023-01-01T05:29:23
-38.806105,-3.447043,2023-01-01T05:29:24
-38.806105,-3.447043,2023-01-01T05:29:25
-38.806105,-3.447043,2023-01-01T05:29:26
-38.694913,-3.447043,2023-01-01T05:29:27
-38.694913,-3.447043,2023-01-01T05:29:28
-38.694913,-3.447043,2023-01-01T05:29:29
-38.694913,-3.447043,2023-01-01T05:29:30
-38.694913,-3.335848,2023-01-01T05:29:31
-38.694913,-3.335848,2023-01-01T05:29:32
-38.694913,-3.335848,2023-01-01T05:29:33
-38.694913,-3.335848,2023-01-01T05:29:34
-38.694913,-3.335848,2023-01-01T05:29:35
-38.694913,-3.335848,2023-01-01T05:29:36
-38.694913,-3.335848,2023-01-01T05:29:37
-38.694913,-3.224653,2023-01-01T05:29:38
-38.694913,-3.224653,2023-01-01T05:29:39
-38.583721,-3.224653,2023-01-01T05:29:40
-38.583721,-3.224653,2023-01-01T05:29:41
-38.583721,-3.224653,2023-01-01T05:29:42
-38.583721,-3.224653,2023-01-01T05:29:43
-38.583721,-3.224653,2023-01-01T05:29:44
-38.583721,-3.224653,2023-01-01T05:29:45
-38.583721,-3.113458,2023-01-01T05:29:46
-38.583721,-3.113458,2023-01-01T05:29:47
-38.583721,-3.113458,2023-01-01T05:29:48
-38.583721,-3.113458,2023-01-01T05:29:49
-38.583721,-3.113458,2023-01-01T05:29:50
-38.583721,-3.113458,2023-01-01T05:29:51
-38.583721,-3.113458,2023-01-01T05:29:52
-38.472528,-3.113458,2023-01-01T05:29:53
-38.472528,-3.113458,2023-01-01T05:29:54
-38.472528,-3.113458,2023-01-01T05:29:55
-38.472528,-3.113458,2023-01-01T05:29:56
-38.472528,-3.113458,2023-01-01T05:29:57
-38.472528,-3.113458,2023-01-01T05:29:58
-38.472528,-3.113458,2023-01-01T05:29:59
-38.472528,-3.002263,2023-01-01T05:30:00
-38.472528,-3.002263,2023-01-01T05:30:01
-38.472528,-3.002263,2023-01-01T05:30:02
-38.472528,-3.002263,2023-01-01T05:30:03
-38.472528,-3.002263,2023-01-01T05:30:04
-38.361336,-3.002263,2023-01-01T05:30:05
-38.361336,-3.002263,2023-01-01T05:30:06
-38.361336,-3.002263,2023-01-01T05:30:07
-38.361336,-3.002263,2023-01-01T05:30:08
-38.361336,-2.891068,2023-01-01T05:30:09
-38.361336,-2.891068,2023-01-01T05:30:10
-38.361336,-2.891068,2023-01-01T05:30:11
-38.361336,-2.891068,2023-01-01T05:30:12
-38.361336,-2.891068,2023-01-01T05:30:13
-38.361336,-2.891068,2023-01-01T05:30:14
-38.361336,-2.891068,2023-01-01T05:30:15
-38.361336,-2.891068,2023-01-01T05:30:16
-38.250144,-2.891068,2023-01-01T05:30:17
-38.250144,-2.891068,2023-01-01T05:30:18
-38.250144,-2.891068,2023-01-01T05:30:19
-38.250144,-2.779873,2023-01-01T05:30:20
-38.250144,-2.779873,2023-01-01T05:30:21
-38.250144,-2.779873,2023-01-01T05:30:22
-38.250144,-2.779873,2023-01-01T05:30:23
-38.250144,-2.779873,2023-01-01T05:30:24
-38.250144,-2.779873,2023-01-01T05:30:25
-38.250144,-2.779873,2023-01-01T05:30:26
-38.250144,-2.779873,2023-01-01T05:30:27
-38.250144,-2.779873,2023-01-01T05:30:28
-38.138952,-2.779873,2023-01-01T05:30:29
-38.138952,-2.668678,2023-01-01T05:30:30
-38.138952,-2.668678,2023-01-01T05:30:31
-38.138952,-2.668678,2023-01-01T05:30:32
-38.138952,-2.668678,2023-01-01T05:30:33
-38.138952,-2.668678,2023-01-01T05:30:34
-38.138952,-2.668678,2023-01-01T05:30:35
-38.138952,-2.668678,2023-01-01T05:30:36
-38.138952,-2.668678,2023-01-01T05:30:37
-38.138952,-2.557483,2023-01-01T05:30:38
-38.027759,-2.557483,2023-01-01T05:30:39
-38.027759,-2.557483,2023-01-01T05:30:40
-38.027759,-2.557483,2023-01-01T05:30:41
-38.027759,-2.557483,2023-01-01T05:30:42
-38.027759,-2.557483,2023-01-01T05:30:43
-38.027759,-2.557483,2023-01-01T05:30:44
-38.027759,-2.557483,2023-01-01T05:30:45
-38.027759,-2.557483,2023-01-01T05:30:46
-38.027759,-2.557483,2023-01-01T05:30:47
-38.027759,-2.557483,2023-01-01T05:30:48
-38.027759,-2.557483,2023-01-01T05:30:49
-38.027759,-2.557483,2023-01-01T05:30:50
-37.916567,-2.557483,2023-01-01T05:30:51
-37.916567,-2.557483,2023-01-01T05:30:52
-37.916567,-2.446288,2023-01-01T05:30:53
-37.916567,-2.446288,2023-01-01T05:30:54
-37.916567,-2.446288,2023-01-01T05:30:55
-37.916567,-2.446288,2023-01-01T05:30:56
-37.916567,-2.446288,2023-01-01T05:30:57
-37.916567,-2.446288,2023-01-01T05:30:58
-37.916567,-2.446288,2023-01-01T05:30:59
-37.916567,-2.446288,2023-01-01T05:31:00
-37.916567,-2.446288,2023-01-01T05:31:01
-37.916567,-2.446288,2023-01-01T05:31:02
-37.916567,-2.446288,2023-01-01T05:31:03
-37.916567,-2.446288,2023-01-01T05:31:04
-37.805375,-2.446288,2023-01-01T05:31:05
-37.805375,-2.446288,2023-01-01T05:31:06
-37.805375,-2.446288,2023-01-01T05:31:07
-37.805375,-2.446288,2023-01-01T05:31:08
-37.805375,-2.335093,2023-01-01T05:31:09
-37.805375,-2.335093,2023-01-01T05:31:10
-37.805375,-2.335093,2023-01-01T05:31:11
-37.805375,-2.335093,2023-01-01T05:31:12
-37.805375,-2.335093,2023-01-01T05:31:13
-37.805375,-2.335093,2023-01-01T05:31:14
-37.805375,-2.335093,2023-01-01T05:31:15
-37.805375,-2.335093,2023-01-01T05:31:16
-37.805375,-2.335093,2023-01-01T05:31:17
-37.694182,-2.335093,2023-01-01T05:31:18
-37.694182,-2.335093,2023-01-01T05:31:19
-37.694182,-2.335093,2023-01-01T05:31:20
-37.694182,-2.335093,2023-01-01T05:31:21
-37.694182,-2.335093,2023-01-01T05:31:22
-37.694182,-2.335093,2023-01-01T05:31:23
-37.694182,-2.335093,2023-01-01T05:31:24
-37.694182,-2.335093,2023-01-01T05:31:25
-37.694182,-2.335093,2023-01-01T05:31:26
-37.694182,-2.335093,2023-01-01T05:31:27
-37.694182,-2.335093,2023-01-01T05:31:28
-37.694182,-2.335093,2023-01-01T05:31:29
-37.694182,-2.335093,2023-01-01T05:31:30
-37.582990,-2.335093,2023-01-01T05:31:31
-37.582990,-2.335093,2023-01-01T05:31:32
-37.582990,-2.335093,2023-01-01T05:31:33
-37.582990,-2.335093,2023-01-01T05:31:34
-37.582990,-2.335093,2023-01-01T05:31:35
-37.582990,-2.335093,2023-01-01T05:31:36
-37.582990,-2.335093,2023-01-01T05:31:37
-37.582990,-2.335093,2023-01-01T05:31:38
-37.582990,-2.335093,2023-01-01T05:31:39
-37.582990,-2.335093,2023-01-01T05:31:40
-37.582990,-2.335093,2023-01-01T05:31:41
-37.582990,-2.335093,2023-01-01T05:31:42
-37.471798,-2.335093,2023-01-01T05:31:43
-37.471798,-2.335093,2023-01-01T05:31:44
-37.471798,-2.335093,2023-01-01T05:31:45
-37.471798,-2.335093,2023-01-01T05:31:46
-37.471798,-2.335093,2023-01-01T05:31:47
-37.471798,-2.335093,2023-01-01T05:31:48
-37.471798,-2.335093,2023-01-01T05:31:49
-37.471798,-2.335093,2023-01-01T05:31:50
-37.471798,-2.335093,2023-01-01T05:31:51
-37.471798,-2.335093,2023-01-01T05:31:52
-37.471798,-2.335093,2023-01-01T05:31:53
-37.471798,-2.335093,2023-01-01T05:31:54
-37.360606,-2.335093,2023-01-01T05:31:55
-37.360606,-2.335093,2023-01-01T05:31:56
-37.360606,-2.335093,2023-01-01T05:31:57
-37.360606,-2.335093,2023-01-01T05:31:58
-37.360606,-2.335093,2023-01-01T05:31:59
-37.360606,-2.335093,2023-01-01T05:32:00
-37.360606,-2.335093,2023-01-01T05:32:01
-37.360606,-2.335093,2023-01-01T05:32:02
-37.360606,-2.335093,2023-01-01T05:32:03
-37.360606,-2.335093,2023-01-01T05:32:04
-37.360606,-2.335093,2023-01-01T05:32:05
-37.360606,-2.335093,2023-01-01T05:32:06
-37.249413,-2.335093,2023-01-01T05:32:07
-37.249413,-2.335093,2023-01-01T05:32:08
-37.249413,-2.335093,2023-01-01T05:32:09
-37.249413,-2.335093,2023-01-01T05:32:10
-37.249413,-2.335093,2023-01-01T05:32:11
-37.249413,-2.335093,2023-01-01T05:32:12
-37.249413,-2.335093,2023-01-01T05:32:13
-37.249413,-2.335093,2023-01-01T05:32:14
-37.249413,-2.335093,2023-01-01T05:32:15
-37.249413,-2.335093,2023-01-01T05:32:16
-37.249413,-2.335093,2023-01-01T05:32:17
-37.249413,-2.335093,2023-01-01T05:32:18
-37.249413,-2.335093,2023-01-01T05:32:19
-37.249413,-2.446288,2023-01-01T05:32:20
-37.249413,-2.446288,2023-01-01T05:32:21
-37.249413,-2.446288,2023-01-01T05:32:22
-37.249413,-2.446288,2023-01-01T05:32:23
-37.249413,-2.446288,2023-01-01T05:32:24
-37.249413,-2.446288,2023-01-01T05:32:25
-37.249413,-2.446288,2023-01-01T05:32:26
-37.138221,-2.446288,2023-01-01T05:32:27
-37.138221,-2.446288,2023-01-01T05:32:28
-37.138221,-2.446288,2023-01-01T05:32:29
-37.138221,-2.446288,2023-01-01T05:32:30
-37.138221,-2.557483,2023-01-01T05:32:31
-37.138221,-2.557483,2023-01-01T05:32:32
-37.138221,-2.557483,2023-01-01T05:32:33
-37.138221,-2.557483,2023-01-01T05:32:34
-37.138221,-2.557483,2023-01-01T05:32:35
-37.138221,-2.557483,2023-01-01T05:32:36
-37.138221,-2.557483,2023-01-01T05:32:37
-37.138221,-2.557483,2023-01-01T05:32:38
-37.138221,-2.557483,2023-01-01T05:32:39
-37.138221,-2.557483,2023-01-01T05:32:40
-37.138221,-2.557483,2023-01-01T05:32:41
-37.138221,-2.557483,2023-01-01T05:32:42
-37.138221,-2.557483,2023-01-01T05:32:43
-37.138221,-2.557483,2023-01-01T05:32:44
-37.138221,-2.557483,2023-01-01T05:32:45
-37.027029,-2.557483,2023-01-01T05:32:46
-37.027029,-2.668678,2023-01-01T05:32:47
-37.027029,-2.668678,2023-01-01T05:32:48
-37.027029,-2.668678,2023-01-01T05:32:49
-37.027029,-2.668678,2023-01-01T05:32:50
-37.027029,-2.668678,2023-01-01T05:32:51
-37.027029,-2.668678,2023-01-01T05:32:52
-37.027029,-2.668678,2023-01-01T05:32:53
-37.027029,-2.668678,2023-01-01T05:32:54
-37.027029,-2.668678,2023-01-01T05:32:55
-37.027029,-2.668678,2023-01-01T05:32:56
-37.027029,-2.668678,2023-01-01T05:32:57
-37.027029,-2.668678,2023-01-01T05:32:58
-37.027029,-2.668678,2023-01-01T05:32:59
-37.027029,-2.779873,2023-01-01T05:33:00
-37.027029,-2.779873,2023-01-01T05:33:01
-37.027029,-2.779873,2023-01-01T05:33:02
-37.027029,-2.779873,2023-01-01T05:33:03
-37.027029,-2.779873,2023-01-01T05:33:04
-37.027029,-2.779873,2023-01-01T05:33:05
-37.027029,-2.779873,2023-01-01T05:33:06
-37.027029,-2.779873,2023-01-01T05:33:07
-37.027029,-2.779873,2023-01-01T05:33:08
-37.027029,-2.779873,2023-01-01T05:33:09
-37.027029,-2.779873,2023-01-01T05:33:10
-36.915836,-2.779873,2023-01-01T05:33:11
-36.915836,-2.779873,2023-01-01T05:33:12
-36.915836,-2.779873,2023-01-01T05:33:13
-36.915836,-2.779873,2023-01-01T05:33:14
-36.915836,-2.779873,2023-01-01T05:33:15
-36.915836,-2.779873,2023-01-01T05:33:16
-36.915836,-2.779873,2023-01-01T05:33:17
-36.915836,-2.779873,2023-01-01T05:33:18
-36.915836,-2.891068,2023-01-01T05:33:19
-36.915836,-2.891068,2023-01-01T05:33:20
-36.915836,-2.891068,2023-01-01T05:33:21
-36.915836,-2.891068,2023-01-01T05:33:22
-36.915836,-2.891068,2023-01-01T05:33:23
-36.915836,-2.891068,2023-01-01T05:33:24
-36.915836,-2.891068,2023-01-01T05:33:25
-36.915836,-2.891068,2023-01-01T05:33:26
-36.915836,-2.891068,2023-01-01T05:33:27
-36.915836,-2.891068,2023-01-01T05:33:28
-36.915836,-2.891068,2023-01-01T05:33:29
-36.915836,-2.891068,2023-01-01T05:33:30
-36.915836,-2.891068,2023-01-01T05:33:31
-36.915836,-2.891068,2023-01-01T05:33:32
-36.915836,-2.891068,2023-01-01T05:33:33
-36.915836,-3.002263,2023-01-01T05:33:34
-36.915836,-3.002263,2023-01-01T05:33:35
-36.915836,-3.002263,2023-01-01T05:33:36
-36.915836,-3.002263,2023-01-01T05:33:37
-36.915836,-3.002263,2023-01-01T05:33:38
-36.804644,-3.002263,2023-01-01T05:33:39
-36.804644,-3.002263,2023-01-01T05:33:40
-36.804644,-3.002263,2023-01-01T05:33:41
-36.804644,-3.002263,2023-01-01T05:33:42
-36.804644,-3.002263,2023-01-01T05:33:43
-36.804644,-3.002263,2023-01-01T05:33:44
-36.804644,-3.002263,2023-01-01T05:33:45
-36.804644,-3.002263,2023-01-01T05:33:46
-36.804644,-3.002263,2023-01-01T05:33:47
-36.804644,-3.002263,2023-01-01T05:33:48
-36.804644,-3.002263,2023-01-01T05:33:49
-36.804644,-3.002263,2023-01-01T05:33:50
-36.804644,-3.002263,2023-01-01T05:33:51
-36.804644,-3.002263,2023-01-01T05:33:52
-36.804644,-3.002263,2023-01-01T05:33:53
-36.804644,-3.113458,2023-01-01T05:33:54
-36.804644,-3.113458,2023-01-01T05:33:55
-36.804644,-3.113458,2023-01-01T05:33:56
-36.804644,-3.113458,2023-01-01T05:33:57
-36.804644,-3.113458,2023-01-01T05:33:58
-36.804644,-3.113458,2023-01-01T05:33:59
-36.804644,-3.113458,2023-01-01T05:34:00
-36.804644,-3.113458,2023-01-01T05:34:01
-36.804644,-3.113458,2023-01-01T05:34:02
-36.804644,-3.113458,2023-01-01T05:34:03
-36.804644,-3.113458,2023-01-01T05:34:04
-36.804644,-3.113458,2023-01-01T05:34:05
-36.804644,-3.113458,2023-01-01T05:34:06
-36.804644,-3.113458,2023-01-01T05:34:07
-36.804644,-3.113458,2023-01-01T05:34:08
-36.693452,-3.113458,2023-01-01T05:34:09
-36.693452,-3.113458,2023-01-01T05:34:10
-36.693452,-3.113458,2023-01-01T05:34:11
-36.693452,-3.113458,2023-01-01T05:34:12
-36.693452,-3.113458,2023-01-01T05:34:13
-36.693452,-3.113458,2023-01-01T05:34:14
-36.693452,-3.113458,2023-01-01T05:34:15
-36.693452,-3.113458,2023-01-01T05:34:16
-36.693452,-3.113458,2023-01-01T05:34:17
-36.693452,-3.113458,2023-01-01T05:34:18
-36.693452,-3.113458,2023-01-01T05:34:19
-36.693452,-3.113458,2023-01-01T05:34:20
-36.693452,-3.113458,2023-01-01T05:34:21
-36.693452,-3.113458,2023-01-01T05:34:22
-36.693452,-3.113458,2023-01-01T05:34:23
-36.693452,-3.113458,2023-01-01T05:34:24
-36.693452,-3.224653,2023-01-01T05:34:25
-36.693452,-3.224653,2023-01-01T05:34:26
-36.693452,-3.224653,2023-01-01T05:34:27
-36.693452,-3.224653,2023-01-01T05:34:28
-36.693452,-3.224653,2023-01-01T05:34:29
-36.693452,-3.224653,2023-01-01T05:34:30
-36.693452,-3.224653,2023-01-01T05:34:31
-36.693452,-3.224653,2023-01-01T05:34:32
-36.693452,-3.224653,2023-01-01T05:34:33
-36.582260,-3.224653,2023-01-01T05:34:34
-36.582260,-3.224653,2023-01-01T05:34:35
-36.582260,-3.224653,2023-01-01T05:34:36
-36.582260,-3.224653,2023-01-01T05:34:37
-36.582260,-3.224653,2023-01-01T05:34:38
-36.582260,-3.224653,2023-01-01T05:34:39
-36.582260,-3.224653,2023-01-01T05:34:40
-36.582260,-3.224653,2023-01-01T05:34:41
-36.582260,-3.224653,2023-01-01T05:34:42
-36.582260,-3.224653,2023-01-01T05:34:43
-36.582260,-3.224653,2023-01-01T05:34:44
-36.582260,-3.224653,2023-01-01T05:34:45
-36.582260,-3.224653,2023-01-01T05:34:46
-36.582260,-3.224653,2023-01-01T05:34:47
-36.582260,-3.335848,2023-01-01T05:34:48
-36.582260,-3.335848,2023-01-01T05:34:49
-36.582260,-3.335848,2023-01-01T05:34:50
-36.582260,-3.335848,2023-01-01T05:34:51
-36.582260,-3.335848,2023-01-01T05:34:52
-36.582260,-3.335848,2023-01-01T05:34:53
-36.582260,-3.335848,2023-01-01T05:34:54
-36.582260,-3.335848,2023-01-01T05:34:55
-36.582260,-3.335848,2023-01-01T05:34:56
-36.582260,-3.335848,2023-01-01T05:34:57
-36.582260,-3.335848,2023-01-01T05:34:58
-36.582260,-3.335848,2023-01-01T05:34:59
-36.582260,-3.335848,2023-01-01T05:35:00
-36.582260,-3.335848,2023-01-01T05:35:01
-36.582260,-3.335848,2023-01-01T05:35:02
-36.582260,-3.335848,2023-01-01T05:35:03
-36.582260,-3.335848,2023-01-01T05:35:04
-36.582260,-3.335848,2023-01-01T05:35:05
-36.582260,-3.335848,2023-01-01T05:35:06
-36.582260,-3.335848,2023-01-01T05:35:07
-36.471067,-3.447043,2023-01-01T05:35:08
-36.471067,-3.447043,2023-01-01T05:35:09
-36.471067,-3.447043,2023-01-01T05:35:10
-36.471067,-3.447043,2023-01-01T05:35:11
-36.471067,-3.447043,2023-01-01T05:35:12
-36.471067,-3.447043,2023-01-01T05:35:13
-36.471067,-3.447043,2023-01-01T05:35:14
-36.471067,-3.447043,2023-01-01T05:35:15
-36.471067,-3.447043,2023-01-01T05:35:16
-36.471067,-3.447043,2023-01-01T05:35:17
-36.471067,-3.447043,2023-01-01T05:35:18
-36.471067,-3.447043,2023-01-01T05:35:19
-36.471067,-3.447043,2023-01-01T05:35:20
-36.471067,-3.447043,2023-01-01T05:35:21
-36.471067,-3.447043,2023-01-01T05:35:22
-36.471067,-3.447043,2023-01-01T05:35:23
-36.471067,-3.447043,2023-01-01T05:35:24
-36.471067,-3.447043,2023-01-01T05:35:25
-36.471067,-3.447043,2023-01-01T05:35:26
-36.471067,-3.447043,2023-01-01T05:35:27
-36.471067,-3.447043,2023-01-01T05:35:28
-36.471067,-3.447043,2023-01-01T05:35:29
-36.471067,-3.447043,2023-01-01T05:35:30
-36.471067,-3.447043,2023-01-01T05:35:31
-36.471067,-3.447043,2023-01-01T05:35:32
-36.471067,-3.447043,2023-01-01T05:35:33
-36.471067,-3.447043,2023-01-01T05:35:34
-36.471067,-3.447043,2023-01-01T05:35:35
-36.471067,-3.447043,2023-01-01T05:35:36
-36.471067,-3.447043,2023-01-01T05:35:37
-36.471067,-3.447043,2023-01-01T05:35:38
-36.471067,-3.447043,2023-01-01T05:35:39
-36.471067,-3.447043,2023-01-01T05:35:40
-36.471067,-3.447043,2023-01-01T05:35:41
-36.471067,-3.447043,2023-01-01T05:35:42
-36.471067,-3.447043,2023-01-01T05:35:43
-36.471067,-3.447043,2023-01-01T05:35:44
-36.471067,-3.447043,2023-01-01T05:35:45
-36.471067,-3.447043,2023-01-01T05:35:46
-36.471067,-3.447043,2023-01-01T05:35:47
-36.471067,-3.447043,2023-01-01T05:35:48
-36.471067,-3.447043,2023-01-01T05:35:49
-36.471067,-3.558238,2023-01-01T05:35:50
-36.471067,-3.558238,2023-01-01T05:35:51
-36.471067,-3.558238,2023-01-01T05:35:52
-36.471067,-3.558238,2023-01-01T05:35:53
-36.471067,-3.558238,2023-01-01T05:35:54
-36.471067,-3.558238,2023-01-01T05:35:55
-36.471067,-3.558238,2023-01-01T05:35:56
-36.471067,-3.558238,2023-01-01T05:35:57
-36.471067,-3.558238,2023-01-01T05:35:58
-36.471067,-3.558238,2023-01-01T05:35:59
-36.471067,-3.558238,2023-01-01T05:36:00
-36.471067,-3.558238,2023-01-01T05:36:01
-36.471067,-3.558238,2023-01-01T05:36:02
-36.471067,-3.558238,2023-01-01T05:36:03
-36.471067,-3.558238,2023-01-01T05:36:04
-36.359875,-3.558238,2023-01-01T05:36:05
-36.359875,-3.558238,2023-01-01T05:36:06
-36.359875,-3.558238,2023-01-01T05:36:07
-36.359875,-3.558238,2023-01-01T05:36:08
-36.359875,-3.558238,2023-01-01T05:36:09
-36.359875,-3.558238,2023-01-01T05:36:10
-36.359875,-3.558238,2023-01-01T05:36:11
-36.359875,-3.558238,2023-01-01T05:36:12
-36.359875,-3.447043,2023-01-01T05:36:13
-36.359875,-3.558238,2023-01-01T05:36:14
-36.359875,-3.558238,2023-01-01T05:36:15
-36.359875,-3.558238,2023-01-01T05:36:16
-36.359875,-3.558238,2023-01-01T05:36:17
-36.359875,-3.558238,2023-01-01T05:36:18
-36.359875,-3.558238,2023-01-01T05:36:19
-36.359875,-3.558238,2023-01-01T05:36:20
-36.359875,-3.558238,2023-01-01T05:36:21
-36.359875,-3.558238,2023-01-01T05:36:22
-36.359875,-3.558238,2023-01-01T05:36:23
-36.359875,-3.558238,2023-01-01T05:36:24
-36.359875,-3.558238,2023-01-01T05:36:25
-36.359875,-3.558238,2023-01-01T05:36:26
-36.359875,-3.558238,2023-01-01T05:36:27
-36.359875,-3.558238,2023-01-01T05:36:28
-36.359875,-3.558238,2023-01-01T05:36:29
-36.359875,-3.558238,2023-01-01T05:36:30
-36.359875,-3.558238,2023-01-01T05:36:31
-36.359875,-3.558238,2023-01-01T05:36:32
-36.359875,-3.558238,2023-01-01T05:36:33
-36.359875,-3.558238,2023-01-01T05:36:34
-36.359875,-3.558238,2023-01-01T05:36:35
-36.359875,-3.558238,2023-01-01T05:36:36
-36.359875,-3.558238,2023-01-01T05:36:37
-36.359875,-3.558238,2023-01-01T05:36:38
-36.359875,-3.558238,2023-01-01T05:36:39
-36.359875,-3.558238,2023-01-01T05:36:40
-36.359875,-3.558238,2023-01-01T05:36:41
-36.359875,-3.558238,2023-01-01T05:36:42
-36.359875,-3.558238,2023-01-01T05:36:43
-36.359875,-3.558238,2023-01-01T05:36:44
-36.359875,-3.558238,2023-01-01T05:36:45
-36.359875,-3.558238,2023-01-01T05:36:46
-36.248683,-3.558238,2023-01-01T05:36:47
-36.248683,-3.558238,2023-01-01T05:36:48
-36.248683,-3.558238,2023-01-01T05:36:49
-36.248683,-3.669433,2023-01-01T05:36:50
-36.248683,-3.669433,2023-01-01T05:36:51
-36.248683,-3.669433,2023-01-01T05:36:52
-36.248683,-3.669433,2023-01-01T05:36:53
-36.248683,-3.669433,2023-01-01T05:36:54
-36.248683,-3.669433,2023-01-01T05:36:55
-36.248683,-3.669433,2023-01-01T05:36:56
-36.248683,-3.669433,2023-01-01T05:36:57
-36.248683,-3.669433,2023-01-01T05:36:58
-36.248683,-3.669433,2023-01-01T05:36:59
-36.248683,-3.669433,2023-01-01T05:37:00
-36.248683,-3.669433,2023-01-01T05:37:01
-36.248683,-3.669433,2023-01-01T05:37:02
-36.248683,-3.669433,2023-01-01T05:37:03
-36.248683,-3.669433,2023-01-01T05:37:04
-36.248683,-3.669433,2023-01-01T05:37:05
-36.248683,-3.669433,2023-01-01T05:37:06
-36.248683,-3.669433,2023-01-01T05:37:07
-36.248683,-3.669433,2023-01-01T05:37:08
-36.248683,-3.669433,2023-01-01T05:37:09
-36.248683,-3.669433,2023-01-01T05:37:10
-36.248683,-3.669433,2023-01-01T05:37:11
-36.248683,-3.669433,2023-01-01T05:37:12
-36.248683,-3.669433,2023-01-01T05:37:13
-36.248683,-3.780628,2023-01-01T05:37:14
-36.248683,-3.780628,2023-01-01T05:37:15
-36.248683,-3.780628,2023-01-01T05:37:16
-36.248683,-3.780628,2023-01-01T05:37:17
-36.248683,-3.780628,2023-01-01T05:37:18
-36.248683,-3.891822,2023-01-01T05:37:19
-36.248683,-3.891822,2023-01-01T05:37:20
-36.248683,-3.891822,2023-01-01T05:37:21
-36.248683,-3.891822,2023-01-01T05:37:22
-36.248683,-3.891822,2023-01-01T05:37:23
-36.248683,-3.891822,2023-01-01T05:37:24
-36.248683,-4.003017,2023-01-01T05:37:25
-36.248683,-4.003017,2023-01-01T05:37:26
-36.248683,-4.003017,2023-01-01T05:37:27
-36.248683,-4.003017,2023-01-01T05:37:28
-36.248683,-4.003017,2023-01-01T05:37:29
-36.248683,-4.003017,2023-01-01T05:37:30
-36.248683,-4.003017,2023-01-01T05:37:31
-36.248683,-4.114212,2023-01-01T05:37:32
-36.248683,-4.114212,2023-01-01T05:37:33
-36.248683,-4.114212,2023-01-01T05:37:34
-36.248683,-4.114212,2023-01-01T05:37:35
-36.248683,-4.114212,2023-01-01T05:37:36
-36.248683,-4.114212,2023-01-01T05:37:37
-36.248683,-4.114212,2023-01-01T05:37:38
-36.359875,-4.225407,2023-01-01T05:37:39
-36.359875,-4.225407,2023-01-01T05:37:40
-36.359875,-4.225407,2023-01-01T05:37:41
-36.359875,-4.225407,2023-01-01T05:37:42
-36.359875,-4.225407,2023-01-01T05:37:43
-36.359875,-4.225407,2023-01-01T05:37:44
-36.359875,-4.336602,2023-01-01T05:37:45
-36.359875,-4.336602,2023-01-01T05:37:46
-36.359875,-4.336602,2023-01-01T05:37:47
-36.359875,-4.336602,2023-01-01T05:37:48
-36.359875,-4.336602,2023-01-01T05:37:49
-36.359875,-4.336602,2023-01-01T05:37:50
-36.359875,-4.447797,2023-01-01T05:37:51
-36.359875,-4.447797,2023-01-01T05:37:52
-36.471067,-4.447797,2023-01-01T05:37:53
-36.471067,-4.447797,2023-01-01T05:37:54
-36.471067,-4.447797,2023-01-01T05:37:55
-36.471067,-4.558992,2023-01-01T05:37:56
-36.471067,-4.558992,2023-01-01T05:37:57
-36.471067,-4.558992,2023-01-01T05:37:58
-36.471067,-4.558992,2023-01-01T05:37:59
-36.471067,-4.558992,2023-01-01T05:38:00
-36.582260,-4.558992,2023-01-01T05:38:01
-36.582260,-4.670187,2023-01-01T05:38:02
-36.582260,-4.670187,2023-01-01T05:38:03
-36.582260,-4.670187,2023-01-01T05:38:04
-36.582260,-4.670187,2023-01-01T05:38:05
-36.582260,-4.670187,2023-01-01T05:38:06
-36.582260,-4.670187,2023-01-01T05:38:07
-36.582260,-4.670187,2023-01-01T05:38:08
-36.582260,-4.670187,2023-01-01T05:38:09
-36.582260,-4.781382,2023-01-01T05:38:10
-36.582260,-4.781382,2023-01-01T05:38:11
-36.582260,-4.781382,2023-01-01T05:38:12
-36.693452,-4.781382,2023-01-01T05:38:13
-36.693452,-4.781382,2023-01-01T05:38:14
-36.693452,-4.892577,2023-01-01T05:38:15
-36.693452,-4.892577,2023-01-01T05:38:16
-36.693452,-4.892577,2023-01-01T05:38:17
-36.693452,-4.892577,2023-01-01T05:38:18
-36.693452,-5.003772,2023-01-01T05:38:19
-36.804644,-5.003772,2023-01-01T05:38:20
-36.804644,-5.003772,2023-01-01T05:38:21
-36.804644,-5.003772,2023-01-01T05:38:22
-36.804644,-5.003772,2023-01-01T05:38:23
-36.804644,-5.114967,2023-01-01T05:38:24
-36.804644,-5.114967,2023-01-01T05:38:25
-36.804644,-5.114967,2023-01-01T05:38:26
-36.804644,-5.114967,2023-01-01T05:38:27
-36.804644,-5.114967,2023-01-01T05:38:28
-36.915836,-5.114967,2023-01-01T05:38:29
-36.915836,-5.226162,2023-01-01T05:38:30
-36.915836,-5.226162,2023-01-01T05:38:31
-36.915836,-5.226162,2023-01-01T05:38:32
-36.915836,-5.226162,2023-01-01T05:38:33
-36.915836,-5.226162,2023-01-01T05:38:34
-36.915836,-5.226162,2023-01-01T05:38:35
-36.915836,-5.337356,2023-01-01T05:38:36
-36.915836,-5.337356,2023-01-01T05:38:37
-36.915836,-5.337356,2023-01-01T05:38:38
-36.915836,-5.337356,2023-01-01T05:38:39
-36.915836,-5.337356,2023-01-01T05:38:40
-36.915836,-5.337356,2023-01-01T05:38:41
-37.027029,-5.337356,2023-01-01T05:38:42
-37.027029,-5.337356,2023-01-01T05:38:43
-37.027029,-5.448551,2023-01-01T05:38:44
-37.027029,-5.448551,2023-01-01T05:38:45
-37.027029,-5.448551,2023-01-01T05:38:46
-37.027029,-5.559746,2023-01-01T05:38:47
-37.138221,-5.559746,2023-01-01T05:38:48
-37.138221,-5.559746,2023-01-01T05:38:49
-37.138221,-5.559746,2023-01-01T05:38:50
-37.138221,-5.670941,2023-01-01T05:38:51
-37.249413,-5.670941,2023-01-01T05:38:52
-37.249413,-5.670941,2023-01-01T05:38:53
-37.249413,-5.670941,2023-01-01T05:38:54
-37.249413,-5.670941,2023-01-01T05:38:55
-37.249413,-5.782136,2023-01-01T05:38:56
-37.249413,-5.782136,2023-01-01T05:38:57
-37.360606,-5.782136,2023-01-01T05:38:58
-37.360606,-5.782136,2023-01-01T05:38:59
-37.360606,-5.782136,2023-01-01T05:39:00
-37.360606,-5.782136,2023-01-01T05:39:01
-37.360606,-5.782136,2023-01-01T05:39:02
-37.360606,-5.893331,2023-01-01T05:39:03
-37.360606,-5.893331,2023-01-01T05:39:04
-37.471798,-5.893331,2023-01-01T05:39:05
-37.471798,-5.893331,2023-01-01T05:39:06
-37.471798,-5.893331,2023-01-01T05:39:07
-37.471798,-5.893331,2023-01-01T05:39:08
-37.471798,-5.893331,2023-01-01T05:39:09
-37.471798,-5.893331,2023-01-01T05:39:10
-37.471798,-6.004526,2023-01-01T05:39:11
-37.582990,-6.004526,2023-01-01T05:39:12
-37.582990,-6.004526,2023-01-01T05:39:13
-37.582990,-6.004526,2023-01-01T05:39:14
-37.582990,-6.004526,2023-01-01T05:39:15
-37.582990,-6.115721,2023-01-01T05:39:16
-37.694182,-6.115721,2023-01-01T05:39:17
-37.694182,-6.115721,2023-01-01T05:39:18
-37.694182,-6.115721,2023-01-01T05:39:19
-37.694182,-6.115721,2023-01-01T05:39:20
-37.694182,-6.226916,2023-01-01T05:39:21
-37.805375,-6.226916,2023-01-01T05:39:22
-37.805375,-6.226916,2023-01-01T05:39:23
-37.805375,-6.226916,2023-01-01T05:39:24
-37.805375,-6.226916,2023-01-01T05:39:25
-37.805375,-6.226916,2023-01-01T05:39:26
-37.916567,-6.338111,2023-01-01T05:39:27
-37.916567,-6.338111,2023-01-01T05:39:28
-37.916567,-6.338111,2023-01-01T05:39:29
-37.916567,-6.338111,2023-01-01T05:39:30
-37.916567,-6.338111,2023-01-01T05:39:31
-38.027759,-6.338111,2023-01-01T05:39:32
-38.027759,-6.338111,2023-01-01T05:39:33
-38.027759,-6.338111,2023-01-01T05:39:34
-38.027759,-6.338111,2023-01-01T05:39:35
-38.027759,-6.449306,2023-01-01T05:39:36
-38.027759,-6.449306,2023-01-01T05:39:37
-38.138952,-6.449306,2023-01-01T05:39:38
-38.138952,-6.449306,2023-01-01T05:39:39
-38.138952,-6.449306,2023-01-01T05:39:40
-38.138952,-6.449306,2023-01-01T05:39:41
-38.138952,-6.449306,2023-01-01T05:39:42
-38.250144,-6.449306,2023-01-01T05:39:43
-38.250144,-6.449306,2023-01-01T05:39:44
-38.250144,-6.560501,2023-01-01T05:39:45
-38.250144,-6.560501,2023-01-01T05:39:46
-38.361336,-6.560501,2023-01-01T05:39:47
-38.361336,-6.560501,2023-01-01T05:39:48
-38.472528,-6.560501,2023-01-01T05:39:49
-38.472528,-6.560501,2023-01-01T05:39:50
-38.472528,-6.671696,2023-01-01T05:39:51
-38.583721,-6.671696,2023-01-01T05:39:52
-38.583721,-6.671696,2023-01-01T05:39:53
-38.694913,-6.671696,2023-01-01T05:39:54
-38.694913,-6.671696,2023-01-01T05:39:55
-38.806105,-6.671696,2023-01-01T05:39:56
-38.806105,-6.671696,2023-01-01T05:39:57
-38.806105,-6.782891,2023-01-01T05:39:58
-38.917298,-6.782891,2023-01-01T05:39:59
-38.917298,-6.782891,2023-01-01T05:40:00
-38.917298,-6.782891,2023-01-01T05:40:01
-39.028490,-6.782891,2023-01-01T05:40:02
-39.028490,-6.782891,2023-01-01T05:40:03
-39.028490,-6.782891,2023-01-01T05:40:04
-39.139682,-6.782891,2023-01-01T05:40:05
-39.139682,-6.782891,2023-01-01T05:40:06
-39.139682,-6.782891,2023-01-01T05:40:07
-39.250874,-6.782891,2023-01-01T05:40:08
-39.250874,-6.782891,2023-01-01T05:40:09
-39.250874,-6.782891,2023-01-01T05:40:10
-39.362067,-6.782891,2023-01-01T05:40:11
-39.362067,-6.782891,2023-01-01T05:40:12
-39.362067,-6.782891,2023-01-01T05:40:13
-39.473259,-6.782891,2023-01-01T05:40:14
-39.473259,-6.782891,2023-01-01T05:40:15
-39.584451,-6.894085,2023-01-01T05:40:16
-39.584451,-6.894085,2023-01-01T05:40:17
-39.584451,-6.894085,2023-01-01T05:40:18
-39.695643,-6.894085,2023-01-01T05:40:19
-39.695643,-6.894085,2023-01-01T05:40:20
-39.695643,-6.894085,2023-01-01T05:40:21
-39.806836,-6.894085,2023-01-01T05:40:22
-39.806836,-6.894085,2023-01-01T05:40:23
-39.806836,-6.894085,2023-01-01T05:40:24
-39.806836,-6.894085,2023-01-01T05:40:25
-39.918028,-6.894085,2023-01-01T05:40:26
-39.918028,-6.894085,2023-01-01T05:40:27
-39.918028,-6.894085,2023-01-01T05:40:28
-40.029220,-6.894085,2023-01-01T05:40:29
-40.029220,-6.894085,2023-01-01T05:40:30
-40.029220,-6.894085,2023-01-01T05:40:31
-40.029220,-6.894085,2023-01-01T05:40:32
-40.140413,-6.894085,2023-01-01T05:40:33
-40.140413,-6.894085,2023-01-01T05:40:34
-40.140413,-6.894085,2023-01-01T05:40:35
-40.140413,-6.894085,2023-01-01T05:40:36
-40.140413,-6.894085,2023-01-01T05:40:37
-40.251605,-6.894085,2023-01-01T05:40:38
-40.251605,-6.894085,2023-01-01T05:40:39
-40.251605,-6.894085,2023-01-01T05:40:40
-40.251605,-6.894085,2023-01-01T05:40:41
-40.251605,-6.894085,2023-01-01T05:40:42
-40.362797,-6.894085,2023-01-01T05:40:43
-40.362797,-6.894085,2023-01-01T05:40:44
-40.362797,-6.894085,2023-01-01T05:40:45
-40.362797,-6.894085,2023-01-01T05:40:46
-40.362797,-6.894085,2023-01-01T05:40:47
-40.362797,-6.894085,2023-01-01T05:40:48
-40.362797,-6.894085,2023-01-01T05:40:49
-40.473989,-6.894085,2023-01-01T05:40:50
-40.473989,-6.894085,2023-01-01T05:40:51
-40.473989,-6.894085,2023-01-01T05:40:52
-40.473989,-6.894085,2023-01-01T05:40:53
-40.473989,-6.894085,2023-01-01T05:40:54
-40.473989,-6.894085,2023-01-01T05:40:55
-40.585182,-6.894085,2023-01-01T05:40:56
-40.585182,-6.894085,2023-01-01T05:40:57
-40.585182,-6.894085,2023-01-01T05:40:58
-40.585182,-6.894085,2023-01-01T05:40:59
-40.696374,-6.894085,2023-01-01T05:41:00
-40.696374,-6.782891,2023-01-01T05:41:01
-40.696374,-6.782891,2023-01-01T05:41:02
-40.696374,-6.782891,2023-01-01T05:41:03
-40.696374,-6.782891,2023-01-01T05:41:04
-40.807566,-6.782891,2023-01-01T05:41:05
-40.807566,-6.782891,2023-01-01T05:41:06
-40.807566,-6.782891,2023-01-01T05:41:07
-40.807566,-6.782891,2023-01-01T05:41:08
-40.807566,-6.782891,2023-01-01T05:41:09
-40.918759,-6.782891,2023-01-01T05:41:10
-40.918759,-6.782891,2023-01-01T05:41:11
-40.918759,-6.782891,2023-01-01T05:41:12
-40.918759,-6.782891,2023-01-01T05:41:13
-40.918759,-6.782891,2023-01-01T05:41:14
-41.029951,-6.782891,2023-01-01T05:41:15
-41.029951,-6.782891,2023-01-01T05:41:16
-41.029951,-6.782891,2023-01-01T05:41:17
-41.029951,-6.671696,2023-01-01T05:41:18
-41.141143,-6.671696,2023-01-01T05:41:19
-41.141143,-6.671696,2023-01-01T05:41:20
-41.141143,-6.671696,2023-01-01T05:41:21
-41.141143,-6.671696,2023-01-01T05:41:22
-41.252335,-6.671696,2023-01-01T05:41:23
-41.252335,-6.671696,2023-01-01T05:41:24
-41.252335,-6.671696,2023-01-01T05:41:25
-41.252335,-6.671696,2023-01-01T05:41:26
-41.363528,-6.671696,2023-01-01T05:41:27
-41.363528,-6.671696,2023-01-01T05:41:28
-41.363528,-6.671696,2023-01-01T05:41:29
-41.363528,-6.671696,2023-01-01T05:41:30
-41.474720,-6.560501,2023-01-01T05:41:31
-41.474720,-6.560501,2023-01-01T05:41:32
-41.474720,-6.560501,2023-01-01T05:41:33
-41.474720,-6.560501,2023-01-01T05:41:34
-41.474720,-6.560501,2023-01-01T05:41:35
-41.585912,-6.560501,2023-01-01T05:41:36
-41.585912,-6.560501,2023-01-01T05:41:37
-41.585912,-6.560501,2023-01-01T05:41:38
-41.585912,-6.560501,2023-01-01T05:41:39
-41.585912,-6.560501,2023-01-01T05:41:40
-41.585912,-6.449306,2023-01-01T05:41:41
-41.697104,-6.449306,2023-01-01T05:41:42
-41.697104,-6.449306,2023-01-01T05:41:43
-41.697104,-6.449306,2023-01-01T05:41:44
-41.697104,-6.449306,2023-01-01T05:41:45
-41.697104,-6.449306,2023-01-01T05:41:46
-41.808297,-6.449306,2023-01-01T05:41:47
-41.808297,-6.449306,2023-01-01T05:41:48
-41.808297,-6.449306,2023-01-01T05:41:49
-41.808297,-6.449306,2023-01-01T05:41:50
-41.808297,-6.449306,2023-01-01T05:41:51
-41.808297,-6.449306,2023-01-01T05:41:52
-41.808297,-6.449306,2023-01-01T05:41:53
-41.808297,-6.449306,2023-01-01T05:41:54
-41.808297,-6.449306,2023-01-01T05:41:55
-41.808297,-6.449306,2023-01-01T05:41:56
-41.808297,-6.449306,2023-01-01T05:41:57
-41.808297,-6.449306,2023-01-01T05:41:58
-41.808297,-6.449306,2023-01-01T05:41:59
-41.808297,-6.449306,2023-01-01T05:42:00
-41.808297,-6.449306,2023-01-01T05:42:01
-41.808297,-6.449306,2023-01-01T05:42:02
-41.808297,-6.449306,2023-01-01T05:42:03
-41.808297,-6.449306,2023-01-01T05:42:04
-41.808297,-6.449306,2023-01-01T05:42:05
-41.808297,-6.338111,2023-01-01T05:42:06
-41.808297,-6.338111,2023-01-01T05:42:07
-41.808297,-6.338111,2023-01-01T05:42:08
-41.808297,-6.338111,2023-01-01T05:42:09
-41.808297,-6.338111,2023-01-01T05:42:10
-41.808297,-6.338111,2023-01-01T05:42:11
-41.808297,-6.338111,2023-01-01T05:42:12
-41.808297,-6.338111,2023-01-01T05:42:13
-41.808297,-6.338111,2023-01-01T05:42:14
-41.919489,-6.338111,2023-01-01T05:42:15
-41.919489,-6.338111,2023-01-01T05:42:16
-41.919489,-6.338111,2023-01-01T05:42:17
-41.919489,-6.338111,2023-01-01T05:42:18
-41.919489,-6.338111,2023-01-01T05:42:19
-41.919489,-6.338111,2023-01-01T05:42:20
-41.919489,-6.338111,2023-01-01T05:42:21
-41.919489,-6.338111,2023-01-01T05:42:22
-41.919489,-6.338111,2023-01-01T05:42:23
-41.919489,-6.338111,2023-01-01T05:42:24
-41.919489,-6.338111,2023-01-01T05:42:25
-41.919489,-6.338111,2023-01-01T05:42:26
-41.919489,-6.338111,2023-01-01T05:42:27
-41.919489,-6.338111,2023-01-01T05:42:28
-41.919489,-6.338111,2023-01-01T05:42:29
-41.919489,-6.338111,2023-01-01T05:42:30
-41.919489,-6.338111,2023-01-01T05:42:31
-41.919489,-6.338111,2023-01-01T05:42:32
-41.919489,-6.338111,2023-01-01T05:42:33
-41.919489,-6.338111,2023-01-01T05:42:34
-41.919489,-6.338111,2023-01-01T05:42:35
-41.919489,-6.338111,2023-01-01T05:42:36
-41.919489,-6.338111,2023-01-01T05:42:37
-41.919489,-6.338111,2023-01-01T05:42:38
-41.919489,-6.338111,2023-01-01T05:42:39
-41.919489,-6.338111,2023-01-01T05:42:40
-41.919489,-6.338111,2023-01-01T05:42:41
-41.919489,-6.338111,2023-01-01T05:42:42
-41.919489,-6.338111,2023-01-01T05:42:43
-41.919489,-6.338111,2023-01-01T05:42:44
-41.919489,-6.338111,2023-01-01T05:42:45
-41.919489,-6.338111,2023-01-01T05:42:46
-41.919489,-6.338111,2023-01-01T05:42:47
-41.919489,-6.338111,2023-01-01T05:42:48
-41.919489,-6.338111,2023-01-01T05:42:49
-41.919489,-6.338111,2023-01-01T05:42:50
-41.919489,-6.338111,2023-01-01T05:42:51
-41.919489,-6.338111,2023-01-01T05:42:52
-41.919489,-6.338111,2023-01-01T05:42:53
-41.919489,-6.338111,2023-01-01T05:42:54
-41.919489,-6.338111,2023-01-01T05:42:55
-41.919489,-6.338111,2023-01-01T05:42:56
-41.919489,-6.338111,2023-01-01T05:42:57
-41.919489,-6.338111,2023-01-01T05:42:58
-41.919489,-6.338111,2023-01-01T05:42:59
-41.919489,-6.338111,2023-01-01T05:43:00
-41.919489,-6.338111,2023-01-01T05:43:01
-41.919489,-6.338111,2023-01-01T05:43:02
-41.919489,-6.338111,2023-01-01T05:43:03
-41.919489,-6.338111,2023-01-01T05:43:04
-41.919489,-6.338111,2023-01-01T05:43:05
-41.919489,-6.338111,2023-01-01T05:43:06
-41.919489,-6.338111,2023-01-01T05:43:07
-41.919489,-6.338111,2023-01-01T05:43:08
-41.919489,-6.338111,2023-01-01T05:43:09
-41.919489,-6.338111,2023-01-01T05:43:10
-41.919489,-6.338111,2023-01-01T05:43:11
-41.919489,-6.338111,2023-01-01T05:43:12
-41.919489,-6.338111,2023-01-01T05:43:13
-41.919489,-6.338111,2023-01-01T05:43:14
-41.919489,-6.338111,2023-01-01T05:43:15
-41.919489,-6.338111,2023-01-01T05:43:16
-41.919489,-6.338111,2023-01-01T05:43:17
-41.919489,-6.338111,2023-01-01T05:43:18
-41.919489,-6.338111,2023-01-01T05:43:19
-41.919489,-6.338111,2023-01-01T05:43:20
-41.919489,-6.338111,2023-01-01T05:43:21
-41.919489,-6.338111,2023-01-01T05:43:22
-41.919489,-6.338111,2023-01-01T05:43:23
-41.919489,-6.338111,2023-01-01T05:43:24
-41.919489,-6.338111,2023-01-01T05:43:25
-41.919489,-6.338111,2023-01-01T05:43:26
-41.919489,-6.338111,2023-01-01T05:43:27
-41.919489,-6.338111,2023-01-01T05:43:28
-41.919489,-6.338111,2023-01-01T05:43:29
-41.919489,-6.338111,2023-01-01T05:43:30
-41.919489,-6.338111,2023-01-01T05:43:31
-41.919489,-6.338111,2023-01-01T05:43:32
-41.919489,-6.338111,2023-01-01T05:43:33
-41.919489,-6.338111,2023-01-01T05:43:34
-41.919489,-6.338111,2023-01-01T05:43:35
-41.919489,-6.338111,2023-01-01T05:43:36
-41.919489,-6.338111,2023-01-01T05:43:37
-41.919489,-6.338111,2023-01-01T05:43:38
-41.919489,-6.338111,2023-01-01T05:43:39
-41.919489,-6.338111,2023-01-01T05:43:40
-41.919489,-6.338111,2023-01-01T05:43:41
-41.919489,-6.338111,2023-01-01T05:43:42
-41.919489,-6.338111,2023-01-01T05:43:43
-41.919489,-6.338111,2023-01-01T05:43:44
-41.919489,-6.338111,2023-01-01T05:43:45
-41.919489,-6.338111,2023-01-01T05:43:46
-41.919489,-6.338111,2023-01-01T05:43:47
-41.919489,-6.338111,2023-01-01T05:43:48
-41.919489,-6.338111,2023-01-01T05:43:49
-41.919489,-6.338111,2023-01-01T05:43:50
-41.919489,-6.338111,2023-01-01T05:43:51
-41.919489,-6.338111,2023-01-01T05:43:52
-41.919489,-6.338111,2023-01-01T05:43:53
-41.919489,-6.338111,2023-01-01T05:43:54
-41.919489,-6.338111,2023-01-01T05:43:55
-41.919489,-6.338111,2023-01-01T05:43:56
-41.919489,-6.338111,2023-01-01T05:43:57
-41.919489,-6.338111,2023-01-01T05:43:58
-41.919489,-6.338111,2023-01-01T05:43:59
-41.919489,-6.338111,2023-01-01T05:44:00
-41.919489,-6.338111,2023-01-01T05:44:01
-41.919489,-6.338111,2023-01-01T05:44:02
-41.919489,-6.338111,2023-01-01T05:44:03
-41.919489,-6.338111,2023-01-01T05:44:04
-41.919489,-6.338111,2023-01-01T05:44:05
-41.919489,-6.338111,2023-01-01T05:44:06
-41.919489,-6.338111,2023-01-01T05:44:07
-41.919489,-6.338111,2023-01-01T05:44:08
-41.919489,-6.338111,2023-01-01T05:44:09
-41.919489,-6.338111,2023-01-01T05:44:10
-41.919489,-6.338111,2023-01-01T05:44:11
-41.919489,-6.338111,2023-01-01T05:44:12
-41.919489,-6.338111,2023-01-01T05:44:13
-41.919489,-6.338111,2023-01-01T05:44:14
-41.919489,-6.338111,2023-01-01T05:44:15
-41.919489,-6.338111,2023-01-01T05:44:16
-41.919489,-6.338111,2023-01-01T05:44:17
-41.919489,-6.338111,2023-01-01T05:44:18
-41.919489,-6.338111,2023-01-01T05:44:19
-41.919489,-6.338111,2023-01-01T05:44:20
-41.919489,-6.338111,2023-01-01T05:44:21
-41.919489,-6.338111,2023-01-01T05:44:22
-41.919489,-6.338111,2023-01-01T05:44:23
-41.919489,-6.338111,2023-01-01T05:44:24
-41.919489,-6.338111,2023-01-01T05:44:25
-41.919489,-6.338111,2023-01-01T05:44:26
-41.919489,-6.338111,2023-01-01T05:44:27
-41.919489,-6.338111,2023-01-01T05:44:28
-41.919489,-6.338111,2023-01-01T05:44:29
-41.919489,-6.338111,2023-01-01T05:44:30
-41.919489,-6.338111,2023-01-01T05:44:31
-41.919489,-6.338111,2023-01-01T05:44:32
-41.919489,-6.338111,2023-01-01T05:44:33
-41.919489,-6.338111,2023-01-01T05:44:34
-41.919489,-6.338111,2023-01-01T05:44:35
-41.919489,-6.338111,2023-01-01T05:44:36
-41.919489,-6.338111,2023-01-01T05:44:37
-41.919489,-6.338111,2023-01-01T05:44:38
-41.919489,-6.338111,2023-01-01T05:44:39
-41.919489,-6.338111,2023-01-01T05:44:40
-41.919489,-6.226916,2023-01-01T05:44:41
-41.919489,-6.226916,2023-01-01T05:44:42
-41.919489,-6.226916,2023-01-01T05:44:43
-41.919489,-6.226916,2023-01-01T05:44:44
-41.919489,-6.226916,2023-01-01T05:44:45
-41.919489,-6.226916,2023-01-01T05:44:46
-41.919489,-6.226916,2023-01-01T05:44:47
-41.919489,-6.226916,2023-01-01T05:44:48
-41.919489,-6.226916,2023-01-01T05:44:49
-41.919489,-6.226916,2023-01-01T05:44:50
-41.919489,-6.226916,2023-01-01T05:44:51
-41.919489,-6.226916,2023-01-01T05:44:52
-41.919489,-6.338111,2023-01-01T05:44:53
-41.919489,-6.338111,2023-01-01T05:44:54
-41.919489,-6.338111,2023-01-01T05:44:55
-41.919489,-6.338111,2023-01-01T05:44:56
-41.919489,-6.338111,2023-01-01T05:44:57
-41.919489,-6.338111,2023-01-01T05:44:58
-41.919489,-6.338111,2023-01-01T05:44:59
-41.919489,-6.338111,2023-01-01T05:45:00
-41.919489,-6.338111,2023-01-01T05:45:01
-41.919489,-6.338111,2023-01-01T05:45:02
-42.030681,-6.338111,2023-01-01T05:45:03
-42.030681,-6.338111,2023-01-01T05:45:04
-42.030681,-6.338111,2023-01-01T05:45:05
-42.030681,-6.338111,2023-01-01T05:45:06
-42.030681,-6.338111,2023-01-01T05:45:07
-42.030681,-6.338111,2023-01-01T05:45:08
-42.030681,-6.338111,2023-01-01T05:45:09
-42.030681,-6.338111,2023-01-01T05:45:10
-42.030681,-6.338111,2023-01-01T05:45:11
-42.030681,-6.338111,2023-01-01T05:45:12
-42.030681,-6.338111,2023-01-01T05:45:13
-42.030681,-6.338111,2023-01-01T05:45:14
-42.030681,-6.338111,2023-01-01T05:45:15
-42.030681,-6.338111,2023-01-01T05:45:16
-42.030681,-6.338111,2023-01-01T05:45:17
-42.030681,-6.338111,2023-01-01T05:45:18
-42.030681,-6.338111,2023-01-01T05:45:19
-42.030681,-6.338111,2023-01-01T05:45:20
-42.030681,-6.338111,2023-01-01T05:45:21
-42.030681,-6.338111,2023-01-01T05:45:22
-42.030681,-6.338111,2023-01-01T05:45:23
-42.030681,-6.338111,2023-01-01T05:45:24
-42.030681,-6.338111,2023-01-01T05:45:25
-42.030681,-6.338111,2023-01-01T05:45:26
-42.141874,-6.338111,2023-01-01T05:45:27
-42.141874,-6.338111,2023-01-01T05:45:28
-42.141874,-6.338111,2023-01-01T05:45:29
-42.141874,-6.449306,2023-01-01T05:45:30
-42.141874,-6.449306,2023-01-01T05:45:31
-42.141874,-6.449306,2023-01-01T05:45:32
-42.141874,-6.449306,2023-01-01T05:45:33
-42.141874,-6.449306,2023-01-01T05:45:34
-42.141874,-6.449306,2023-01-01T05:45:35
-42.141874,-6.449306,2023-01-01T05:45:36
-42.253066,-6.449306,2023-01-01T05:45:37
-42.253066,-6.449306,2023-01-01T05:45:38
-42.253066,-6.449306,2023-01-01T05:45:39
-42.253066,-6.449306,2023-01-01T05:45:40
-42.253066,-6.449306,2023-01-01T05:45:41
-42.253066,-6.449306,2023-01-01T05:45:42
-42.253066,-6.449306,2023-01-01T05:45:43
-42.253066,-6.449306,2023-01-01T05:45:44
-42.253066,-6.449306,2023-01-01T05:45:45
-42.253066,-6.449306,2023-01-01T05:45:46
-42.364258,-6.449306,2023-01-01T05:45:47
-42.364258,-6.449306,2023-01-01T05:45:48
-42.364258,-6.449306,2023-01-01T05:45:49
-42.364258,-6.449306,2023-01-01T05:45:50
-42.364258,-6.449306,2023-01-01T05:45:51
-42.364258,-6.449306,2023-01-01T05:45:52
-42.364258,-6.449306,2023-01-01T05:45:53
-42.364258,-6.449306,2023-01-01T05:45:54
-42.475450,-6.449306,2023-01-01T05:45:55
-42.475450,-6.449306,2023-01-01T05:45:56
-42.475450,-6.449306,2023-01-01T05:45:57
-42.475450,-6.449306,2023-01-01T05:45:58
-42.475450,-6.449306,2023-01-01T05:45:59
-42.475450,-6.560501,2023-01-01T05:46:00
-42.475450,-6.560501,2023-01-01T05:46:01
-42.475450,-6.560501,2023-01-01T05:46:02
-42.475450,-6.560501,2023-01-01T05:46:03
-42.586643,-6.560501,2023-01-01T05:46:04
-42.586643,-6.560501,2023-01-01T05:46:05
-42.586643,-6.560501,2023-01-01T05:46:06
-42.586643,-6.560501,2023-01-01T05:46:07
-42.586643,-6.560501,2023-01-01T05:46:08
-42.586643,-6.560501,2023-01-01T05:46:09
-42.586643,-6.560501,2023-01-01T05:46:10
-42.586643,-6.560501,2023-01-01T05:46:11
-42.586643,-6.560501,2023-01-01T05:46:12
-42.586643,-6.560501,2023-01-01T05:46:13
-42.586643,-6.560501,2023-01-01T05:46:14
-42.586643,-6.560501,2023-01-01T05:46:15
-42.697835,-6.560501,2023-01-01T05:46:16
-42.697835,-6.560501,2023-01-01T05:46:17
-42.697835,-6.560501,2023-01-01T05:46:18
-42.697835,-6.560501,2023-01-01T05:46:19
-42.697835,-6.560501,2023-01-01T05:46:20
-42.697835,-6.560501,2023-01-01T05:46:21
-42.697835,-6.560501,2023-01-01T05:46:22
-42.697835,-6.560501,2023-01-01T05:46:23
-42.697835,-6.560501,2023-01-01T05:46:24
-42.697835,-6.560501,2023-01-01T05:46:25
-42.697835,-6.560501,2023-01-01T05:46:26
-42.697835,-6.560501,2023-01-01T05:46:27
-42.697835,-6.560501,2023-01-01T05:46:28
-42.697835,-6.560501,2023-01-01T05:46:29
-42.697835,-6.560501,2023-01-01T05:46:30
-42.697835,-6.560501,2023-01-01T05:46:31
-42.697835,-6.560501,2023-01-01T05:46:32
-42.697835,-6.560501,2023-01-01T05:46:33
-42.697835,-6.560501,2023-01-01T05:46:34
-42.697835,-6.560501,2023-01-01T05:46:35
-42.809027,-6.560501,2023-01-01T05:46:36
-42.809027,-6.560501,2023-01-01T05:46:37
-42.809027,-6.560501,2023-01-01T05:46:38
-42.809027,-6.560501,2023-01-01T05:46:39
-42.809027,-6.560501,2023-01-01T05:46:40
-42.809027,-6.560501,2023-01-01T05:46:41
-42.809027,-6.560501,2023-01-01T05:46:42
-42.809027,-6.560501,2023-01-01T05:46:43
-42.809027,-6.560501,2023-01-01T05:46:44
-42.809027,-6.671696,2023-01-01T05:46:45
-42.809027,-6.671696,2023-01-01T05:46:46
-42.809027,-6.671696,2023-01-01T05:46:47
-42.809027,-6.671696,2023-01-01T05:46:48
-42.809027,-6.671696,2023-01-01T05:46:49
-42.809027,-6.671696,2023-01-01T05:46:50
-42.809027,-6.671696,2023-01-01T05:46:51
-42.809027,-6.671696,2023-01-01T05:46:52
-42.809027,-6.671696,2023-01-01T05:46:53
-42.809027,-6.671696,2023-01-01T05:46:54
-42.809027,-6.671696,2023-01-01T05:46:55
-42.809027,-6.671696,2023-01-01T05:46:56
-42.809027,-6.671696,2023-01-01T05:46:57
-42.809027,-6.671696,2023-01-01T05:46:58
-42.809027,-6.671696,2023-01-01T05:46:59
-42.809027,-6.671696,2023-01-01T05:47:00
-42.920220,-6.671696,2023-01-01T05:47:01
-42.920220,-6.671696,2023-01-01T05:47:02
-42.920220,-6.671696,2023-01-01T05:47:03
-42.920220,-6.671696,2023-01-01T05:47:04
-42.920220,-6.671696,2023-01-01T05:47:05
-42.920220,-6.671696,2023-01-01T05:47:06
-42.920220,-6.671696,2023-01-01T05:47:07
-42.920220,-6.671696,2023-01-01T05:47:08
-42.920220,-6.671696,2023-01-01T05:47:09
-42.920220,-6.671696,2023-01-01T05:47:10
-42.920220,-6.671696,2023-01-01T05:47:11
-42.920220,-6.671696,2023-01-01T05:47:12
-42.920220,-6.671696,2023-01-01T05:47:13
-42.920220,-6.671696,2023-01-01T05:47:14
-42.920220,-6.671696,2023-01-01T05:47:15
-42.920220,-6.671696,2023-01-01T05:47:16
-42.920220,-6.782891,2023-01-01T05:47:17
-42.920220,-6.782891,2023-01-01T05:47:18
-42.920220,-6.782891,2023-01-01T05:47:19
-42.920220,-6.782891,2023-01-01T05:47:20
-42.920220,-6.782891,2023-01-01T05:47:21
-42.920220,-6.782891,2023-01-01T05:47:22
-42.920220,-6.782891,2023-01-01T05:47:23
-42.920220,-6.782891,2023-01-01T05:47:24
-42.920220,-6.782891,2023-01-01T05:47:25
-42.920220,-6.782891,2023-01-01T05:47:26
-42.920220,-6.782891,2023-01-01T05:47:27
-42.920220,-6.782891,2023-01-01T05:47:28
-42.920220,-6.782891,2023-01-01T05:47:29
-42.920220,-6.782891,2023-01-01T05:47:30
-42.920220,-6.782891,2023-01-01T05:47:31
-43.031412,-6.782891,2023-01-01T05:47:32
-43.031412,-6.782891,2023-01-01T05:47:33
-43.031412,-6.782891,2023-01-01T05:47:34
-43.031412,-6.782891,2023-01-01T05:47:35
-43.031412,-6.782891,2023-01-01T05:47:36
-43.031412,-6.782891,2023-01-01T05:47:37
-43.031412,-6.782891,2023-01-01T05:47:38
-43.031412,-6.782891,2023-01-01T05:47:39
-43.031412,-6.782891,2023-01-01T05:47:40
-43.031412,-6.782891,2023-01-01T05:47:41
-43.031412,-6.894085,2023-01-01T05:47:42
-43.031412,-6.894085,2023-01-01T05:47:43
-43.031412,-6.894085,2023-01-01T05:47:44
-43.031412,-6.894085,2023-01-01T05:47:45
-43.031412,-6.894085,2023-01-01T05:47:46
-43.031412,-6.894085,2023-01-01T05:47:47
-43.031412,-6.894085,2023-01-01T05:47:48
-43.031412,-6.894085,2023-01-01T05:47:49
-43.031412,-6.894085,2023-01-01T05:47:50
-43.031412,-6.894085,2023-01-01T05:47:51
-43.031412,-6.894085,2023-01-01T05:47:52
-43.031412,-6.894085,2023-01-01T05:47:53
-43.031412,-6.894085,2023-01-01T05:47:54
-43.031412,-6.894085,2023-01-01T05:47:55
-43.031412,-6.894085,2023-01-01T05:47:56
-43.031412,-6.894085,2023-01-01T05:47:57
-43.031412,-6.894085,2023-01-01T05:47:58
-43.031412,-6.894085,2023-01-01T05:47:59
-43.031412,-6.894085,2023-01-01T05:48:00
-43.031412,-6.894085,2023-01-01T05:48:01
-43.031412,-6.894085,2023-01-01T05:48:02
-43.031412,-6.894085,2023-01-01T05:48:03
-43.031412,-6.894085,2023-01-01T05:48:04
-43.031412,-6.894085,2023-01-01T05:48:05
-43.031412,-6.894085,2023-01-01T05:48:06
-43.031412,-6.894085,2023-01-01T05:48:07
-43.031412,-6.894085,2023-01-01T05:48:08
-43.031412,-6.894085,2023-01-01T05:48:09
-43.031412,-6.894085,2023-01-01T05:48:10
-43.031412,-6.894085,2023-01-01T05:48:11
-43.031412,-6.894085,2023-01-01T05:48:12
-43.031412,-6.894085,2023-01-01T05:48:13
-42.920220,-6.894085,2023-01-01T05:48:14
-42.920220,-6.894085,2023-01-01T05:48:15
-42.920220,-6.894085,2023-01-01T05:48:16
-42.920220,-7.005280,2023-01-01T05:48:17
-42.920220,-7.005280,2023-01-01T05:48:18
-42.920220,-7.005280,2023-01-01T05:48:19
-42.920220,-7.005280,2023-01-01T05:48:20
-42.920220,-7.005280,2023-01-01T05:48:21
-42.920220,-7.005280,2023-01-01T05:48:22
-42.920220,-7.005280,2023-01-01T05:48:23
-42.920220,-7.005280,2023-01-01T05:48:24
-42.920220,-7.005280,2023-01-01T05:48:25
-42.920220,-7.005280,2023-01-01T05:48:26
-42.920220,-7.005280,2023-01-01T05:48:27
-42.920220,-7.005280,2023-01-01T05:48:28
-42.920220,-7.005280,2023-01-01T05:48:29
-42.920220,-7.005280,2023-01-01T05:48:30
-42.920220,-7.005280,2023-01-01T05:48:31
-42.920220,-7.005280,2023-01-01T05:48:32
-42.920220,-7.005280,2023-01-01T05:48:33
-42.920220,-7.005280,2023-01-01T05:48:34
-42.920220,-7.005280,2023-01-01T05:48:35
-42.920220,-7.005280,2023-01-01T05:48:36
-42.920220,-7.005280,2023-01-01T05:48:37
-42.920220,-7.005280,2023-01-01T05:48:38
-42.920220,-7.005280,2023-01-01T05:48:39
-42.920220,-7.005280,2023-01-01T05:48:40
-42.920220,-7.005280,2023-01-01T05:48:41
-42.920220,-7.005280,2023-01-01T05:48:42
-42.920220,-7.005280,2023-01-01T05:48:43
-42.920220,-7.005280,2023-01-01T05:48:44
-42.920220,-7.005280,2023-01-01T05:48:45
-42.920220,-7.005280,2023-01-01T05:48:46
-42.920220,-7.005280,2023-01-01T05:48:47
-42.920220,-7.005280,2023-01-01T05:48:48
-42.920220,-7.116475,2023-01-01T05:48:49
-42.920220,-7.116475,2023-01-01T05:48:50
-42.920220,-7.116475,2023-01-01T05:48:51
-42.920220,-7.116475,2023-01-01T05:48:52
-42.920220,-7.116475,2023-01-01T05:48:53
-42.920220,-7.116475,2023-01-01T05:48:54
-42.920220,-7.116475,2023-01-01T05:48:55
-42.920220,-7.116475,2023-01-01T05:48:56
-42.920220,-7.116475,2023-01-01T05:48:57
-42.920220,-7.116475,2023-01-01T05:48:58
-42.920220,-7.116475,2023-01-01T05:48:59
-42.920220,-7.116475,2023-01-01T05:49:00
-42.920220,-7.116475,2023-01-01T05:49:01
-42.920220,-7.116475,2023-01-01T05:49:02
-42.920220,-7.116475,2023-01-01T05:49:03
-42.920220,-7.116475,2023-01-01T05:49:04
-42.920220,-7.116475,2023-01-01T05:49:05
-42.920220,-7.116475,2023-01-01T05:49:06
-42.809027,-7.116475,2023-01-01T05:49:07
-42.809027,-7.116475,2023-01-01T05:49:08
-42.809027,-7.116475,2023-01-01T05:49:09
-42.809027,-7.116475,2023-01-01T05:49:10
-42.809027,-7.116475,2023-01-01T05:49:11
-42.809027,-7.116475,2023-01-01T05:49:12
-42.809027,-7.116475,2023-01-01T05:49:13
-42.809027,-7.116475,2023-01-01T05:49:14
-42.809027,-7.227670,2023-01-01T05:49:15
-42.809027,-7.227670,2023-01-01T05:49:16
-42.809027,-7.227670,2023-01-01T05:49:17
-42.809027,-7.227670,2023-01-01T05:49:18
-42.809027,-7.227670,2023-01-01T05:49:19
-42.809027,-7.227670,2023-01-01T05:49:20
-42.809027,-7.227670,2023-01-01T05:49:21
-42.809027,-7.227670,2023-01-01T05:49:22
-42.809027,-7.227670,2023-01-01T05:49:23
-42.809027,-7.227670,2023-01-01T05:49:24
-42.809027,-7.227670,2023-01-01T05:49:25
-42.809027,-7.227670,2023-01-01T05:49:26
-42.809027,-7.227670,2023-01-01T05:49:27
-42.809027,-7.227670,2023-01-01T05:49:28
-42.809027,-7.227670,2023-01-01T05:49:29
-42.809027,-7.227670,2023-01-01T05:49:30
-42.809027,-7.227670,2023-01-01T05:49:31
-42.809027,-7.227670,2023-01-01T05:49:32
-42.809027,-7.227670,2023-01-01T05:49:33
-42.809027,-7.227670,2023-01-01T05:49:34
-42.809027,-7.227670,2023-01-01T05:49:35
-42.809027,-7.227670,2023-01-01T05:49:36
-42.809027,-7.227670,2023-01-01T05:49:37
-42.809027,-7.227670,2023-01-01T05:49:38
-42.809027,-7.227670,2023-01-01T05:49:39
-42.809027,-7.227670,2023-01-01T05:49:40
-42.809027,-7.227670,2023-01-01T05:49:41
-42.809027,-7.227670,2023-01-01T05:49:42
-42.809027,-7.338865,2023-01-01T05:49:43
-42.809027,-7.338865,2023-01-01T05:49:44
-42.809027,-7.338865,2023-01-01T05:49:45
-42.809027,-7.338865,2023-01-01T05:49:46
-42.920220,-7.338865,2023-01-01T05:49:47
-42.920220,-7.338865,2023-01-01T05:49:48
-42.920220,-7.338865,2023-01-01T05:49:49
-42.920220,-7.338865,2023-01-01T05:49:50
-42.920220,-7.338865,2023-01-01T05:49:51
-42.920220,-7.338865,2023-01-01T05:49:52
-42.920220,-7.338865,2023-01-01T05:49:53
-42.920220,-7.338865,2023-01-01T05:49:54
-42.920220,-7.338865,2023-01-01T05:49:55
-42.920220,-7.338865,2023-01-01T05:49:56
-42.920220,-7.338865,2023-01-01T05:49:57
-42.920220,-7.338865,2023-01-01T05:49:58
-42.920220,-7.338865,2023-01-01T05:49:59
-42.920220,-7.450060,2023-01-01T05:50:00
-42.920220,-7.450060,2023-01-01T05:50:01
-42.920220,-7.450060,2023-01-01T05:50:02
-43.031412,-7.450060,2023-01-01T05:50:03
-43.031412,-7.450060,2023-01-01T05:50:04
-43.031412,-7.450060,2023-01-01T05:50:05
-43.031412,-7.450060,2023-01-01T05:50:06
-43.031412,-7.450060,2023-01-01T05:50:07
-43.031412,-7.450060,2023-01-01T05:50:08
-43.031412,-7.450060,2023-01-01T05:50:09
-43.031412,-7.450060,2023-01-01T05:50:10
-43.031412,-7.450060,2023-01-01T05:50:11
-43.031412,-7.450060,2023-01-01T05:50:12
-43.031412,-7.450060,2023-01-01T05:50:13
-43.031412,-7.450060,2023-01-01T05:50:14
-43.031412,-7.450060,2023-01-01T05:50:15
-43.031412,-7.450060,2023-01-01T05:50:16
-43.031412,-7.450060,2023-01-01T05:50:17
-43.142604,-7.450060,2023-01-01T05:50:18
-43.142604,-7.450060,2023-01-01T05:50:19
-43.142604,-7.450060,2023-01-01T05:50:20
-43.142604,-7.450060,2023-01-01T05:50:21
-43.142604,-7.450060,2023-01-01T05:50:22
-43.142604,-7.450060,2023-01-01T05:50:23
-43.142604,-7.450060,2023-01-01T05:50:24
-43.142604,-7.450060,2023-01-01T05:50:25
-43.142604,-7.450060,2023-01-01T05:50:26
-43.142604,-7.450060,2023-01-01T05:50:27
-43.142604,-7.450060,2023-01-01T05:50:28
-43.142604,-7.450060,2023-01-01T05:50:29
-43.142604,-7.450060,2023-01-01T05:50:30
-43.142604,-7.450060,2023-01-01T05:50:31
-43.142604,-7.450060,2023-01-01T05:50:32
-43.142604,-7.338865,2023-01-01T05:50:33
-43.142604,-7.338865,2023-01-01T05:50:34
-43.142604,-7.338865,2023-01-01T05:50:35
-43.142604,-7.338865,2023-01-01T05:50:36
-43.142604,-7.338865,2023-01-01T05:50:37
-43.142604,-7.338865,2023-01-01T05:50:38
-43.142604,-7.338865,2023-01-01T05:50:39
-43.142604,-7.338865,2023-01-01T05:50:40
-43.142604,-7.338865,2023-01-01T05:50:41
-43.142604,-7.338865,2023-01-01T05:50:42
-43.142604,-7.338865,2023-01-01T05:50:43
-43.253796,-7.338865,2023-01-01T05:50:44
-43.253796,-7.338865,2023-01-01T05:50:45
-43.253796,-7.338865,2023-01-01T05:50:46
-43.253796,-7.338865,2023-01-01T05:50:47
-43.253796,-7.227670,2023-01-01T05:50:48
-43.253796,-7.227670,2023-01-01T05:50:49
-43.253796,-7.227670,2023-01-01T05:50:50
-43.253796,-7.227670,2023-01-01T05:50:51
-43.253796,-7.227670,2023-01-01T05:50:52
-43.253796,-7.227670,2023-01-01T05:50:53
-43.253796,-7.227670,2023-01-01T05:50:54
-43.253796,-7.227670,2023-01-01T05:50:55
-43.364989,-7.227670,2023-01-01T05:50:56
-43.364989,-7.227670,2023-01-01T05:50:57
-43.364989,-7.227670,2023-01-01T05:50:58
-43.364989,-7.227670,2023-01-01T05:50:59
-43.364989,-7.227670,2023-01-01T05:51:00
-43.364989,-7.227670,2023-01-01T05:51:01
-43.364989,-7.116475,2023-01-01T05:51:02
-43.364989,-7.116475,2023-01-01T05:51:03
-43.364989,-7.116475,2023-01-01T05:51:04
-43.364989,-7.116475,2023-01-01T05:51:05
-43.364989,-7.116475,2023-01-01T05:51:06
-43.364989,-7.116475,2023-01-01T05:51:07
-43.253796,-7.116475,2023-01-01T05:51:08
-43.253796,-7.116475,2023-01-01T05:51:09
-43.253796,-7.005280,2023-01-01T05:51:10
-43.253796,-7.005280,2023-01-01T05:51:11
-43.253796,-7.005280,2023-01-01T05:51:12
-43.253796,-7.005280,2023-01-01T05:51:13
-43.253796,-7.005280,2023-01-01T05:51:14
-43.364989,-7.005280,2023-01-01T05:51:15
-43.364989,-7.005280,2023-01-01T05:51:16
-43.364989,-7.005280,2023-01-01T05:51:17
-43.364989,-7.005280,2023-01-01T05:51:18
-43.364989,-7.005280,2023-01-01T05:51:19
-43.364989,-7.005280,2023-01-01T05:51:20
-43.364989,-7.005280,2023-01-01T05:51:21
-43.364989,-6.894085,2023-01-01T05:51:22
-43.364989,-6.894085,2023-01-01T05:51:23
-43.364989,-6.894085,2023-01-01T05:51:24
-43.364989,-6.894085,2023-01-01T05:51:25
-43.364989,-6.894085,2023-01-01T05:51:26
-43.364989,-6.894085,2023-01-01T05:51:27
-43.364989,-6.894085,2023-01-01T05:51:28
-43.364989,-6.894085,2023-01-01T05:51:29
-43.364989,-6.894085,2023-01-01T05:51:30
-43.364989,-6.894085,2023-01-01T05:51:31
-43.364989,-6.894085,2023-01-01T05:51:32
-43.364989,-6.894085,2023-01-01T05:51:33
-43.364989,-6.894085,2023-01-01T05:51:34
-43.364989,-6.894085,2023-01-01T05:51:35
-43.476181,-6.894085,2023-01-01T05:51:36
-43.476181,-6.894085,2023-01-01T05:51:37
-43.476181,-6.894085,2023-01-01T05:51:38
-43.476181,-6.894085,2023-01-01T05:51:39
-43.476181,-6.894085,2023-01-01T05:51:40
-43.476181,-6.894085,2023-01-01T05:51:41
-43.476181,-6.894085,2023-01-01T05:51:42
-43.476181,-6.894085,2023-01-01T05:51:43
-43.476181,-6.894085,2023-01-01T05:51:44
-43.476181,-6.894085,2023-01-01T05:51:45
-43.476181,-6.894085,2023-01-01T05:51:46
-43.587373,-6.894085,2023-01-01T05:51:47
-43.587373,-6.894085,2023-01-01T05:51:48
-43.587373,-6.894085,2023-01-01T05:51:49
-43.587373,-6.894085,2023-01-01T05:51:50
-43.587373,-6.894085,2023-01-01T05:51:51
-43.587373,-6.894085,2023-01-01T05:51:52
-43.587373,-6.894085,2023-01-01T05:51:53
-43.587373,-6.894085,2023-01-01T05:51:54
-43.698565,-7.005280,2023-01-01T05:51:55
-43.698565,-7.005280,2023-01-01T05:51:56
-43.698565,-7.005280,2023-01-01T05:51:57
-43.698565,-7.005280,2023-01-01T05:51:58
-43.698565,-7.005280,2023-01-01T05:51:59
-43.698565,-7.005280,2023-01-01T05:52:00
-43.698565,-7.005280,2023-01-01T05:52:01
-43.698565,-7.005280,2023-01-01T05:52:02
-43.809758,-7.005280,2023-01-01T05:52:03
-43.809758,-7.005280,2023-01-01T05:52:04
-43.809758,-7.005280,2023-01-01T05:52:05
-43.809758,-7.005280,2023-01-01T05:52:06
-43.809758,-7.005280,2023-01-01T05:52:07
-43.809758,-7.005280,2023-01-01T05:52:08
-43.809758,-7.005280,2023-01-01T05:52:09
-43.809758,-7.005280,2023-01-01T05:52:10
-43.809758,-7.005280,2023-01-01T05:52:11
-43.920950,-7.005280,2023-01-01T05:52:12
-43.920950,-7.005280,2023-01-01T05:52:13
-43.920950,-7.005280,2023-01-01T05:52:14
-43.920950,-7.116475,2023-01-01T05:52:15
-43.920950,-7.116475,2023-01-01T05:52:16
-43.920950,-7.116475,2023-01-01T05:52:17
-43.920950,-7.116475,2023-01-01T05:52:18
-43.920950,-7.116475,2023-01-01T05:52:19
-43.920950,-7.116475,2023-01-01T05:52:20
-43.920950,-7.116475,2023-01-01T05:52:21
-43.920950,-7.116475,2023-01-01T05:52:22
-43.920950,-7.116475,2023-01-01T05:52:23
-43.920950,-7.116475,2023-01-01T05:52:24
-44.032142,-7.116475,2023-01-01T05:52:25
-44.032142,-7.116475,2023-01-01T05:52:26
-44.032142,-7.116475,2023-01-01T05:52:27
-44.032142,-7.116475,2023-01-01T05:52:28
-44.032142,-7.116475,2023-01-01T05:52:29
-44.032142,-7.116475,2023-01-01T05:52:30
-44.032142,-7.116475,2023-01-01T05:52:31
-44.032142,-7.116475,2023-01-01T05:52:32
-44.032142,-7.116475,2023-01-01T05:52:33
-44.032142,-7.116475,2023-01-01T05:52:34
-44.032142,-7.116475,2023-01-01T05:52:35
-44.032142,-7.116475,2023-01-01T05:52:36
-44.032142,-7.116475,2023-01-01T05:52:37
-44.032142,-7.116475,2023-01-01T05:52:38
-44.032142,-7.116475,2023-01-01T05:52:39
-44.032142,-7.116475,2023-01-01T05:52:40
-44.032142,-7.116475,2023-01-01T05:52:41
-44.032142,-7.116475,2023-01-01T05:52:42
-44.032142,-7.116475,2023-01-01T05:52:43
-44.032142,-7.116475,2023-01-01T05:52:44
-44.032142,-7.116475,2023-01-01T05:52:45
-44.032142,-7.116475,2023-01-01T05:52:46
-44.032142,-7.116475,2023-01-01T05:52:47
-44.032142,-7.116475,2023-01-01T05:52:48
-44.032142,-7.116475,2023-01-01T05:52:49
-44.032142,-7.005280,2023-01-01T05:52:50
-44.032142,-7.005280,2023-01-01T05:52:51
-44.032142,-7.005280,2023-01-01T05:52:52
-44.032142,-7.005280,2023-01-01T05:52:53
-44.032142,-7.005280,2023-01-01T05:52:54
-44.032142,-7.005280,2023-01-01T05:52:55
-44.032142,-7.005280,2023-01-01T05:52:56
-44.032142,-7.005280,2023-01-01T05:52:57
-44.032142,-7.005280,2023-01-01T05:52:58
-44.032142,-7.005280,2023-01-01T05:52:59
-44.032142,-7.005280,2023-01-01T05:53:00
-44.032142,-7.005280,2023-01-01T05:53:01
-43.920950,-7.005280,2023-01-01T05:53:02
-43.920950,-7.005280,2023-01-01T05:53:03
-43.920950,-7.005280,2023-01-01T05:53:04
-43.920950,-7.005280,2023-01-01T05:53:05
-43.920950,-7.005280,2023-01-01T05:53:06
-43.920950,-6.894085,2023-01-01T05:53:07
-43.920950,-6.894085,2023-01-01T05:53:08
-43.920950,-6.894085,2023-01-01T05:53:09
-43.920950,-6.894085,2023-01-01T05:53:10
-43.920950,-6.894085,2023-01-01T05:53:11
-43.920950,-6.894085,2023-01-01T05:53:12
-43.920950,-6.894085,2023-01-01T05:53:13
-43.920950,-6.894085,2023-01-01T05:53:14
-43.920950,-6.894085,2023-01-01T05:53:15
-43.920950,-6.894085,2023-01-01T05:53:16
-44.032142,-6.894085,2023-01-01T05:53:17
-44.032142,-6.894085,2023-01-01T05:53:18
-44.032142,-6.894085,2023-01-01T05:53:19
-44.032142,-6.894085,2023-01-01T05:53:20
-44.032142,-6.894085,2023-01-01T05:53:21
-44.032142,-6.894085,2023-01-01T05:53:22
-44.032142,-6.894085,2023-01-01T05:53:23
-44.032142,-6.894085,2023-01-01T05:53:24
-44.032142,-6.894085,2023-01-01T05:53:25
-44.032142,-6.894085,2023-01-01T05:53:26
-44.032142,-6.894085,2023-01-01T05:53:27
-44.032142,-6.894085,2023-01-01T05:53:28
-44.143335,-6.782891,2023-01-01T05:53:29
-44.143335,-6.782891,2023-01-01T05:53:30
-44.143335,-6.782891,2023-01-01T05:53:31
-44.143335,-6.782891,2023-01-01T05:53:32
-44.143335,-6.782891,2023-01-01T05:53:33
-44.143335,-6.782891,2023-01-01T05:53:34
-44.143335,-6.782891,2023-01-01T05:53:35
-44.143335,-6.782891,2023-01-01T05:53:36
-44.143335,-6.782891,2023-01-01T05:53:37
-44.143335,-6.782891,2023-01-01T05:53:38
-44.143335,-6.782891,2023-01-01T05:53:39
-44.143335,-6.782891,2023-01-01T05:53:40
-44.254527,-6.782891,2023-01-01T05:53:41
-44.254527,-6.782891,2023-01-01T05:53:42
-44.254527,-6.671696,2023-01-01T05:53:43
-44.254527,-6.671696,2023-01-01T05:53:44
-44.254527,-6.671696,2023-01-01T05:53:45
-44.254527,-6.671696,2023-01-01T05:53:46
-44.254527,-6.671696,2023-01-01T05:53:47
-44.254527,-6.671696,2023-01-01T05:53:48
-44.254527,-6.671696,2023-01-01T05:53:49
-44.254527,-6.671696,2023-01-01T05:53:50
-44.254527,-6.671696,2023-01-01T05:53:51
-44.254527,-6.671696,2023-01-01T05:53:52
-44.254527,-6.671696,2023-01-01T05:53:53
-44.365719,-6.560501,2023-01-01T05:53:54
-44.365719,-6.560501,2023-01-01T05:53:55
-44.365719,-6.560501,2023-01-01T05:53:56
-44.365719,-6.560501,2023-01-01T05:53:57
-44.365719,-6.560501,2023-01-01T05:53:58
-44.365719,-6.560501,2023-01-01T05:53:59
-44.365719,-6.560501,2023-01-01T05:54:00
-44.365719,-6.560501,2023-01-01T05:54:01
-44.365719,-6.449306,2023-01-01T05:54:02
-44.365719,-6.449306,2023-01-01T05:54:03
-44.365719,-6.449306,2023-01-01T05:54:04
-44.365719,-6.449306,2023-01-01T05:54:05
-44.365719,-6.449306,2023-01-01T05:54:06
-44.365719,-6.449306,2023-01-01T05:54:07
-44.365719,-6.449306,2023-01-01T05:54:08
-44.365719,-6.449306,2023-01-01T05:54:09
-44.365719,-6.338111,2023-01-01T05:54:10
-44.365719,-6.338111,2023-01-01T05:54:11
-44.365719,-6.338111,2023-01-01T05:54:12
-44.365719,-6.338111,2023-01-01T05:54:13
-44.365719,-6.338111,2023-01-01T05:54:14
-44.365719,-6.338111,2023-01-01T05:54:15
-44.365719,-6.338111,2023-01-01T05:54:16
-44.365719,-6.226916,2023-01-01T05:54:17
-44.365719,-6.226916,2023-01-01T05:54:18
-44.365719,-6.226916,2023-01-01T05:54:19
-44.365719,-6.226916,2023-01-01T05:54:20
-44.365719,-6.226916,2023-01-01T05:54:21
-44.365719,-6.226916,2023-01-01T05:54:22
-44.254527,-6.226916,2023-01-01T05:54:23
-44.254527,-6.115721,2023-01-01T05:54:24
-44.254527,-6.115721,2023-01-01T05:54:25
-44.254527,-6.115721,2023-01-01T05:54:26
-44.254527,-6.115721,2023-01-01T05:54:27
-44.254527,-6.115721,2023-01-01T05:54:28
-44.254527,-6.115721,2023-01-01T05:54:29
-44.254527,-6.115721,2023-01-01T05:54:30
-44.254527,-6.115721,2023-01-01T05:54:31
-44.254527,-6.004526,2023-01-01T05:54:32
-44.143335,-6.004526,2023-01-01T05:54:33
-44.143335,-6.004526,2023-01-01T05:54:34
-44.143335,-6.004526,2023-01-01T05:54:35
-44.143335,-6.004526,2023-01-01T05:54:36
-44.143335,-6.004526,2023-01-01T05:54:37
-44.032142,-5.893331,2023-01-01T05:54:38
-44.032142,-5.893331,2023-01-01T05:54:39
-44.032142,-5.893331,2023-01-01T05:54:40
-44.032142,-5.893331,2023-01-01T05:54:41
-44.032142,-5.893331,2023-01-01T05:54:42
-44.032142,-5.893331,2023-01-01T05:54:43
-43.920950,-5.893331,2023-01-01T05:54:44
-43.920950,-5.782136,2023-01-01T05:54:45
-43.920950,-5.782136,2023-01-01T05:54:46
-43.920950,-5.782136,2023-01-01T05:54:47
-43.920950,-5.782136,2023-01-01T05:54:48
-43.920950,-5.782136,2023-01-01T05:54:49
-43.920950,-5.782136,2023-01-01T05:54:50
-43.920950,-5.782136,2023-01-01T05:54:51
-43.809758,-5.782136,2023-01-01T05:54:52
-43.809758,-5.670941,2023-01-01T05:54:53
-43.809758,-5.670941,2023-01-01T05:54:54
-43.809758,-5.670941,2023-01-01T05:54:55
-43.809758,-5.670941,2023-01-01T05:54:56
-43.809758,-5.670941,2023-01-01T05:54:57
-43.809758,-5.670941,2023-01-01T05:54:58
-43.698565,-5.670941,2023-01-01T05:54:59
-43.698565,-5.670941,2023-01-01T05:55:00
-43.698565,-5.670941,2023-01-01T05:55:01
-43.698565,-5.559746,2023-01-01T05:55:02
-43.698565,-5.559746,2023-01-01T05:55:03
-43.698565,-5.559746,2023-01-01T05:55:04
-43.698565,-5.559746,2023-01-01T05:55:05
-43.698565,-5.559746,2023-01-01T05:55:06
-43.698565,-5.559746,2023-01-01T05:55:07
-43.587373,-5.559746,2023-01-01T05:55:08
-43.587373,-5.559746,2023-01-01T05:55:09
-43.587373,-5.448551,2023-01-01T05:55:10
-43.587373,-5.448551,2023-01-01T05:55:11
-43.587373,-5.448551,2023-01-01T05:55:12
-43.587373,-5.448551,2023-01-01T05:55:13
-43.587373,-5.448551,2023-01-01T05:55:14
-43.587373,-5.448551,2023-01-01T05:55:15
-43.587373,-5.448551,2023-01-01T05:55:16
-43.587373,-5.448551,2023-01-01T05:55:17
-43.587373,-5.448551,2023-01-01T05:55:18
-43.587373,-5.448551,2023-01-01T05:55:19
-43.587373,-5.448551,2023-01-01T05:55:20
-43.587373,-5.448551,2023-01-01T05:55:21
-43.587373,-5.337356,2023-01-01T05:55:22
-43.587373,-5.337356,2023-01-01T05:55:23
-43.587373,-5.337356,2023-01-01T05:55:24
-43.587373,-5.337356,2023-01-01T05:55:25
-43.587373,-5.337356,2023-01-01T05:55:26
-43.587373,-5.337356,2023-01-01T05:55:27
-43.587373,-5.337356,2023-01-01T05:55:28
-43.587373,-5.337356,2023-01-01T05:55:29
-43.587373,-5.337356,2023-01-01T05:55:30
-43.587373,-5.337356,2023-01-01T05:55:31
-43.587373,-5.337356,2023-01-01T05:55:32
-43.587373,-5.337356,2023-01-01T05:55:33
-43.587373,-5.337356,2023-01-01T05:55:34
-43.587373,-5.337356,2023-01-01T05:55:35
-43.587373,-5.337356,2023-01-01T05:55:36
-43.587373,-5.337356,2023-01-01T05:55:37
-43.587373,-5.226162,2023-01-01T05:55:38
-43.587373,-5.226162,2023-01-01T05:55:39
-43.587373,-5.226162,2023-01-01T05:55:40
-43.587373,-5.226162,2023-01-01T05:55:41
-43.476181,-5.226162,2023-01-01T05:55:42
-43.476181,-5.226162,2023-01-01T05:55:43
-43.476181,-5.226162,2023-01-01T05:55:44
-43.476181,-5.226162,2023-01-01T05:55:45
-43.476181,-5.226162,2023-01-01T05:55:46
-43.476181,-5.226162,2023-01-01T05:55:47
-43.476181,-5.226162,2023-01-01T05:55:48
-43.476181,-5.226162,2023-01-01T05:55:49
-43.476181,-5.226162,2023-01-01T05:55:50
-43.476181,-5.226162,2023-01-01T05:55:51
-43.476181,-5.114967,2023-01-01T05:55:52
-43.476181,-5.114967,2023-01-01T05:55:53
-43.476181,-5.114967,2023-01-01T05:55:54
-43.364989,-5.114967,2023-01-01T05:55:55
-43.364989,-5.114967,2023-01-01T05:55:56
-43.364989,-5.114967,2023-01-01T05:55:57
-43.364989,-5.114967,2023-01-01T05:55:58
-43.364989,-5.114967,2023-01-01T05:55:59
-43.364989,-5.114967,2023-01-01T05:56:00
-43.364989,-5.114967,2023-01-01T05:56:01
-43.364989,-5.114967,2023-01-01T05:56:02
-43.364989,-5.114967,2023-01-01T05:56:03
-43.364989,-5.114967,2023-01-01T05:56:04
-43.364989,-5.114967,2023-01-01T05:56:05
-43.364989,-5.114967,2023-01-01T05:56:06
-43.364989,-5.114967,2023-01-01T05:56:07
-43.364989,-5.003772,2023-01-01T05:56:08
-43.364989,-5.003772,2023-01-01T05:56:09
-43.364989,-5.003772,2023-01-01T05:56:10
-43.364989,-5.003772,2023-01-01T05:56:11
-43.364989,-5.003772,2023-01-01T05:56:12
-43.253796,-5.003772,2023-01-01T05:56:13
-43.253796,-5.003772,2023-01-01T05:56:14
-43.253796,-5.003772,2023-01-01T05:56:15
-43.253796,-5.003772,2023-01-01T05:56:16
-43.253796,-5.003772,2023-01-01T05:56:17
-43.253796,-5.003772,2023-01-01T05:56:18
-43.253796,-5.003772,2023-01-01T05:56:19
-43.253796,-5.003772,2023-01-01T05:56:20
-43.253796,-5.003772,2023-01-01T05:56:21
-43.253796,-5.003772,2023-01-01T05:56:22
-43.253796,-5.003772,2023-01-01T05:56:23
-43.253796,-5.003772,2023-01-01T05:56:24
-43.253796,-5.003772,2023-01-01T05:56:25
-43.253796,-5.003772,2023-01-01T05:56:26
-43.253796,-4.892577,2023-01-01T05:56:27
-43.253796,-4.892577,2023-01-01T05:56:28
-43.253796,-4.892577,2023-01-01T05:56:29
-43.253796,-4.892577,2023-01-01T05:56:30
-43.253796,-4.892577,2023-01-01T05:56:31
-43.253796,-4.892577,2023-01-01T05:56:32
-43.253796,-4.892577,2023-01-01T05:56:33
-43.142604,-4.892577,2023-01-01T05:56:34
-43.142604,-4.892577,2023-01-01T05:56:35
-43.142604,-4.892577,2023-01-01T05:56:36
-43.142604,-4.892577,2023-01-01T05:56:37
-43.142604,-4.892577,2023-01-01T05:56:38
-43.142604,-4.892577,2023-01-01T05:56:39
-43.142604,-4.892577,2023-01-01T05:56:40
-43.142604,-4.892577,2023-01-01T05:56:41
-43.142604,-4.892577,2023-01-01T05:56:42
-43.142604,-4.892577,2023-01-01T05:56:43
-43.142604,-4.892577,2023-01-01T05:56:44
-43.142604,-4.892577,2023-01-01T05:56:45
-43.142604,-4.892577,2023-01-01T05:56:46
-43.142604,-4.892577,2023-01-01T05:56:47
-43.142604,-4.892577,2023-01-01T05:56:48
-43.142604,-4.781382,2023-01-01T05:56:49
-43.142604,-4.781382,2023-01-01T05:56:50
-43.142604,-4.781382,2023-01-01T05:56:51
-43.142604,-4.781382,2023-01-01T05:56:52
-43.142604,-4.781382,2023-01-01T05:56:53
-43.142604,-4.781382,2023-01-01T05:56:54
-43.142604,-4.781382,2023-01-01T05:56:55
-43.142604,-4.781382,2023-01-01T05:56:56
-43.142604,-4.781382,2023-01-01T05:56:57
-43.142604,-4.781382,2023-01-01T05:56:58
-43.142604,-4.781382,2023-01-01T05:56:59
-43.142604,-4.781382,2023-01-01T05:57:00
-43.142604,-4.781382,2023-01-01T05:57:01
-43.142604,-4.781382,2023-01-01T05:57:02
-43.142604,-4.781382,2023-01-01T05:57:03
-43.142604,-4.781382,2023-01-01T05:57:04
-43.031412,-4.781382,2023-01-01T05:57:05
-43.031412,-4.781382,2023-01-01T05:57:06
-43.031412,-4.781382,2023-01-01T05:57:07
-43.031412,-4.781382,2023-01-01T05:57:08
-43.031412,-4.781382,2023-01-01T05:57:09
-43.031412,-4.781382,2023-01-01T05:57:10
-43.031412,-4.781382,2023-01-01T05:57:11
-43.031412,-4.781382,2023-01-01T05:57:12
-43.031412,-4.781382,2023-01-01T05:57:13
-43.031412,-4.781382,2023-01-01T05:57:14
-43.031412,-4.781382,2023-01-01T05:57:15
-43.031412,-4.781382,2023-01-01T05:57:16
-43.031412,-4.781382,2023-01-01T05:57:17
-43.031412,-4.781382,2023-01-01T05:57:18
-43.031412,-4.781382,2023-01-01T05:57:19
-43.031412,-4.781382,2023-01-01T05:57:20
-43.031412,-4.781382,2023-01-01T05:57:21
-43.031412,-4.781382,2023-01-01T05:57:22
-43.031412,-4.781382,2023-01-01T05:57:23
-43.031412,-4.781382,2023-01-01T05:57:24
-43.031412,-4.781382,2023-01-01T05:57:25
-43.031412,-4.781382,2023-01-01T05:57:26
-43.031412,-4.781382,2023-01-01T05:57:27
-43.031412,-4.781382,2023-01-01T05:57:28
-43.031412,-4.781382,2023-01-01T05:57:29
-43.031412,-4.781382,2023-01-01T05:57:30
-43.031412,-4.670187,2023-01-01T05:57:31
-43.031412,-4.670187,2023-01-01T05:57:32
-43.031412,-4.670187,2023-01-01T05:57:33
-43.031412,-4.670187,2023-01-01T05:57:34
-43.031412,-4.670187,2023-01-01T05:57:35
-43.031412,-4.670187,2023-01-01T05:57:36
-43.031412,-4.670187,2023-01-01T05:57:37
-43.031412,-4.670187,2023-01-01T05:57:38
-43.031412,-4.670187,2023-01-01T05:57:39
-43.031412,-4.670187,2023-01-01T05:57:40
-43.031412,-4.670187,2023-01-01T05:57:41
-42.920220,-4.670187,2023-01-01T05:57:42
-42.920220,-4.670187,2023-01-01T05:57:43
-42.920220,-4.670187,2023-01-01T05:57:44
-42.920220,-4.670187,2023-01-01T05:57:45
-42.920220,-4.670187,2023-01-01T05:57:46
-42.920220,-4.670187,2023-01-01T05:57:47
-42.920220,-4.670187,2023-01-01T05:57:48
-42.920220,-4.670187,2023-01-01T05:57:49
-42.920220,-4.670187,2023-01-01T05:57:50
-42.920220,-4.670187,2023-01-01T05:57:51
-42.920220,-4.670187,2023-01-01T05:57:52
-42.920220,-4.670187,2023-01-01T05:57:53
-42.920220,-4.670187,2023-01-01T05:57:54
-42.920220,-4.670187,2023-01-01T05:57:55
-42.920220,-4.670187,2023-01-01T05:57:56
-42.920220,-4.670187,2023-01-01T05:57:57
-42.920220,-4.670187,2023-01-01T05:57:58
-42.920220,-4.670187,2023-01-01T05:57:59
-42.809027,-4.670187,2023-01-01T05:58:00
-42.809027,-4.670187,2023-01-01T05:58:01
-42.809027,-4.670187,2023-01-01T05:58:02
-42.809027,-4.670187,2023-01-01T05:58:03
-42.809027,-4.670187,2023-01-01T05:58:04
-42.809027,-4.670187,2023-01-01T05:58:05
-42.809027,-4.670187,2023-01-01T05:58:06
-42.809027,-4.558992,2023-01-01T05:58:07
-42.809027,-4.558992,2023-01-01T05:58:08
-42.809027,-4.558992,2023-01-01T05:58:09
-42.809027,-4.558992,2023-01-01T05:58:10
-42.809027,-4.558992,2023-01-01T05:58:11
-42.809027,-4.558992,2023-01-01T05:58:12
-42.809027,-4.558992,2023-01-01T05:58:13
-42.809027,-4.558992,2023-01-01T05:58:14
-42.809027,-4.558992,2023-01-01T05:58:15
-42.809027,-4.558992,2023-01-01T05:58:16
-42.809027,-4.558992,2023-01-01T05:58:17
-42.809027,-4.558992,2023-01-01T05:58:18
-42.809027,-4.558992,2023-01-01T05:58:19
-42.809027,-4.558992,2023-01-01T05:58:20
-42.809027,-4.670187,2023-01-01T05:58:21
-42.809027,-4.670187,2023-01-01T05:58:22
-42.809027,-4.670187,2023-01-01T05:58:23
-42.809027,-4.670187,2023-01-01T05:58:24
-42.809027,-4.670187,2023-01-01T05:58:25
-42.809027,-4.670187,2023-01-01T05:58:26
-42.809027,-4.670187,2023-01-01T05:58:27
-42.809027,-4.670187,2023-01-01T05:58:28
-42.809027,-4.670187,2023-01-01T05:58:29
-42.809027,-4.670187,2023-01-01T05:58:30
-42.809027,-4.670187,2023-01-01T05:58:31
-42.809027,-4.670187,2023-01-01T05:58:32
-42.809027,-4.670187,2023-01-01T05:58:33
-42.809027,-4.670187,2023-01-01T05:58:34
-42.809027,-4.670187,2023-01-01T05:58:35
-42.809027,-4.670187,2023-01-01T05:58:36
-42.809027,-4.670187,2023-01-01T05:58:37
-42.809027,-4.670187,2023-01-01T05:58:38
-42.809027,-4.670187,2023-01-01T05:58:39
-42.809027,-4.670187,2023-01-01T05:58:40
-42.809027,-4.670187,2023-01-01T05:58:41
-42.809027,-4.670187,2023-01-01T05:58:42
-42.809027,-4.670187,2023-01-01T05:58:43
-42.809027,-4.670187,2023-01-01T05:58:44
-42.809027,-4.670187,2023-01-01T05:58:45
-42.809027,-4.670187,2023-01-01T05:58:46
-42.809027,-4.670187,2023-01-01T05:58:47
-42.809027,-4.670187,2023-01-01T05:58:48
-42.809027,-4.670187,2023-01-01T05:58:49
-42.809027,-4.670187,2023-01-01T05:58:50
-42.809027,-4.670187,2023-01-01T05:58:51
-42.809027,-4.670187,2023-01-01T05:58:52
-42.809027,-4.670187,2023-01-01T05:58:53
-42.809027,-4.670187,2023-01-01T05:58:54
-42.809027,-4.670187,2023-01-01T05:58:55
-42.809027,-4.670187,2023-01-01T05:58:56
-42.809027,-4.670187,2023-01-01T05:58:57
-42.809027,-4.670187,2023-01-01T05:58:58
-42.809027,-4.670187,2023-01-01T05:58:59
-42.809027,-4.670187,2023-01-01T05:59:00
-42.809027,-4.670187,2023-01-01T05:59:01
-42.809027,-4.558992,2023-01-01T05:59:02
-42.809027,-4.558992,2023-01-01T05:59:03
-42.809027,-4.558992,2023-01-01T05:59:04
-42.809027,-4.558992,2023-01-01T05:59:05
-42.809027,-4.558992,2023-01-01T05:59:06
-42.809027,-4.558992,2023-01-01T05:59:07
-42.809027,-4.558992,2023-01-01T05:59:08
-42.809027,-4.558992,2023-01-01T05:59:09
-42.809027,-4.558992,2023-01-01T05:59:10
-42.809027,-4.558992,2023-01-01T05:59:11
-42.809027,-4.558992,2023-01-01T05:59:12
-42.809027,-4.558992,2023-01-01T05:59:13
-42.809027,-4.558992,2023-01-01T05:59:14
-42.809027,-4.558992,2023-01-01T05:59:15
-42.809027,-4.558992,2023-01-01T05:59:16
-42.809027,-4.558992,2023-01-01T05:59:17
-42.809027,-4.558992,2023-01-01T05:59:18
-42.809027,-4.558992,2023-01-01T05:59:19
-42.809027,-4.558992,2023-01-01T05:59:20
-42.809027,-4.558992,2023-01-01T05:59:21
-42.809027,-4.558992,2023-01-01T05:59:22
-42.809027,-4.558992,2023-01-01T05:59:23
-42.809027,-4.558992,2023-01-01T05:59:24
-42.809027,-4.558992,2023-01-01T05:59:25
-42.809027,-4.558992,2023-01-01T05:59:26
-42.697835,-4.558992,2023-01-01T05:59:27
-42.697835,-4.558992,2023-01-01T05:59:28
-42.697835,-4.447797,2023-01-01T05:59:29
-42.697835,-4.447797,2023-01-01T05:59:30
-42.697835,-4.447797,2023-01-01T05:59:31
-42.697835,-4.447797,2023-01-01T05:59:32
-42.697835,-4.447797,2023-01-01T05:59:33
-42.697835,-4.447797,2023-01-01T05:59:34
-42.697835,-4.447797,2023-01-01T05:59:35
-42.697835,-4.447797,2023-01-01T05:59:36
-42.697835,-4.447797,2023-01-01T05:59:37
-42.697835,-4.447797,2023-01-01T05:59:38
-42.697835,-4.447797,2023-01-01T05:59:39
-42.697835,-4.447797,2023-01-01T05:59:40
-42.697835,-4.447797,2023-01-01T05:59:41
-42.697835,-4.447797,2023-01-01T05:59:42
-42.697835,-4.447797,2023-01-01T05:59:43
-42.697835,-4.447797,2023-01-01T05:59:44
-42.697835,-4.447797,2023-01-01T05:59:45
-42.697835,-4.447797,2023-01-01T05:59:46
-42.697835,-4.447797,2023-01-01T05:59:47
-42.697835,-4.447797,2023-01-01T05:59:48
-42.697835,-4.447797,2023-01-01T05:59:49
-42.697835,-4.447797,2023-01-01T05:59:50
-42.697835,-4.447797,2023-01-01T05:59:51
-42.697835,-4.447797,2023-01-01T05:59:52
-42.697835,-4.447797,2023-01-01T05:59:53
-42.697835,-4.447797,2023-01-01T05:59:54
-42.697835,-4.447797,2023-01-01T05:59:55
-42.697835,-4.447797,2023-01-01T05:59:56
-42.697835,-4.447797,2023-01-01T05:59:57
-42.697835,-4.447797,2023-01-01T05:59:58
-42.697835,-4.447797,2023-01-01T05:59:59
-42.697835,-4.447797,2023-01-01T06:00:00
-42.697835,-4.447797,2023-01-01T06:00:01
-42.697835,-4.447797,2023-01-01T06:00:02
-42.697835,-4.336602,2023-01-01T06:00:03
-42.697835,-4.336602,2023-01-01T06:00:04
-42.697835,-4.336602,2023-01-01T06:00:05
-42.697835,-4.336602,2023-01-01T06:00:06
-42.697835,-4.336602,2023-01-01T06:00:07
-42.697835,-4.336602,2023-01-01T06:00:08
-42.697835,-4.336602,2023-01-01T06:00:09
-42.697835,-4.336602,2023-01-01T06:00:10
-42.697835,-4.336602,2023-01-01T06:00:11
-42.697835,-4.336602,2023-01-01T06:00:12
-42.697835,-4.336602,2023-01-01T06:00:13
-42.697835,-4.336602,2023-01-01T06:00:14
-42.697835,-4.336602,2023-01-01T06:00:15
-42.697835,-4.336602,2023-01-01T06:00:16
-42.697835,-4.336602,2023-01-01T06:00:17
-42.697835,-4.336602,2023-01-01T06:00:18
-42.697835,-4.336602,2023-01-01T06:00:19
-42.697835,-4.336602,2023-01-01T06:00:20
-42.697835,-4.336602,2023-01-01T06:00:21
-42.697835,-4.336602,2023-01-01T06:00:22
-42.697835,-4.336602,2023-01-01T06:00:23
-42.697835,-4.336602,2023-01-01T06:00:24
-42.697835,-4.336602,2023-01-01T06:00:25
-42.697835,-4.336602,2023-01-01T06:00:26
-42.697835,-4.336602,2023-01-01T06:00:27
-42.697835,-4.336602,2023-01-01T06:00:28
-42.697835,-4.336602,2023-01-01T06:00:29
-42.697835,-4.336602,2023-01-01T06:00:30
-42.697835,-4.336602,2023-01-01T06:00:31
-42.697835,-4.336602,2023-01-01T06:00:32
-42.586643,-4.336602,2023-01-01T06:00:33
-42.586643,-4.336602,2023-01-01T06:00:34
-42.586643,-4.336602,2023-01-01T06:00:35
-42.586643,-4.336602,2023-01-01T06:00:36
-42.586643,-4.336602,2023-01-01T06:00:37
-42.586643,-4.336602,2023-01-01T06:00:38
-42.586643,-4.336602,2023-01-01T06:00:39
-42.586643,-4.336602,2023-01-01T06:00:40
-42.586643,-4.336602,2023-01-01T06:00:41
-42.586643,-4.336602,2023-01-01T06:00:42
-42.586643,-4.336602,2023-01-01T06:00:43
-42.586643,-4.336602,2023-01-01T06:00:44
-42.586643,-4.336602,2023-01-01T06:00:45
-42.586643,-4.336602,2023-01-01T06:00:46
-42.586643,-4.336602,2023-01-01T06:00:47
-42.586643,-4.336602,2023-01-01T06:00:48
-42.586643,-4.336602,2023-01-01T06:00:49
-42.586643,-4.336602,2023-01-01T06:00:50
-42.586643,-4.336602,2023-01-01T06:00:51
-42.586643,-4.336602,2023-01-01T06:00:52
-42.586643,-4.336602,2023-01-01T06:00:53
-42.586643,-4.336602,2023-01-01T06:00:54
-42.586643,-4.336602,2023-01-01T06:00:55
-42.586643,-4.336602,2023-01-01T06:00:56
-42.586643,-4.336602,2023-01-01T06:00:57
-42.586643,-4.336602,2023-01-01T06:00:58
-42.586643,-4.336602,2023-01-01T06:00:59
-42.586643,-4.336602,2023-01-01T06:01:00
-42.586643,-4.336602,2023-01-01T06:01:01
-42.586643,-4.336602,2023-01-01T06:01:02
-42.586643,-4.336602,2023-01-01T06:01:03
-42.586643,-4.336602,2023-01-01T06:01:04
-42.586643,-4.336602,2023-01-01T06:01:05
-42.586643,-4.336602,2023-01-01T06:01:06
-42.586643,-4.336602,2023-01-01T06:01:07
-42.586643,-4.336602,2023-01-01T06:01:08
-42.586643,-4.336602,2023-01-01T06:01:09
-42.586643,-4.336602,2023-01-01T06:01:10
-42.586643,-4.336602,2023-01-01T06:01:11
-42.697835,-4.336602,2023-01-01T06:01:12
-42.697835,-4.336602,2023-01-01T06:01:13
-42.697835,-4.336602,2023-01-01T06:01:14
-42.697835,-4.336602,2023-01-01T06:01:15
-42.697835,-4.336602,2023-01-01T06:01:16
-42.697835,-4.336602,2023-01-01T06:01:17
-42.697835,-4.336602,2023-01-01T06:01:18
-42.697835,-4.336602,2023-01-01T06:01:19
-42.697835,-4.336602,2023-01-01T06:01:20
-42.697835,-4.336602,2023-01-01T06:01:21
-42.697835,-4.336602,2023-01-01T06:01:22
-42.697835,-4.336602,2023-01-01T06:01:23
-42.697835,-4.336602,2023-01-01T06:01:24
-42.697835,-4.336602,2023-01-01T06:01:25
-42.697835,-4.336602,2023-01-01T06:01:26
-42.697835,-4.336602,2023-01-01T06:01:27
-42.697835,-4.336602,2023-01-01T06:01:28
-42.697835,-4.336602,2023-01-01T06:01:29
-42.697835,-4.336602,2023-01-01T06:01:30
-42.697835,-4.336602,2023-01-01T06:01:31
-42.809027,-4.336602,2023-01-01T06:01:32
-42.809027,-4.336602,2023-01-01T06:01:33
-42.809027,-4.336602,2023-01-01T06:01:34
-42.809027,-4.336602,2023-01-01T06:01:35
-42.809027,-4.336602,2023-01-01T06:01:36
-42.809027,-4.336602,2023-01-01T06:01:37
-42.809027,-4.336602,2023-01-01T06:01:38
-42.809027,-4.336602,2023-01-01T06:01:39
-42.809027,-4.336602,2023-01-01T06:01:40
-42.809027,-4.336602,2023-01-01T06:01:41
-42.809027,-4.336602,2023-01-01T06:01:42
-42.809027,-4.336602,2023-01-01T06:01:43
-42.809027,-4.336602,2023-01-01T06:01:44
-42.809027,-4.336602,2023-01-01T06:01:45
-42.809027,-4.336602,2023-01-01T06:01:46
-42.809027,-4.336602,2023-01-01T06:01:47
-42.809027,-4.336602,2023-01-01T06:01:48
-42.809027,-4.336602,2023-01-01T06:01:49
-42.809027,-4.336602,2023-01-01T06:01:50
-42.809027,-4.336602,2023-01-01T06:01:51
-42.809027,-4.336602,2023-01-01T06:01:52
-42.809027,-4.225407,2023-01-01T06:01:53
-42.809027,-4.225407,2023-01-01T06:01:54
-42.809027,-4.225407,2023-01-01T06:01:55
-42.809027,-4.225407,2023-01-01T06:01:56
-42.809027,-4.225407,2023-01-01T06:01:57
-42.809027,-4.225407,2023-01-01T06:01:58
-42.809027,-4.225407,2023-01-01T06:01:59
-42.809027,-4.225407,2023-01-01T06:02:00
-42.809027,-4.225407,2023-01-01T06:02:01
-42.809027,-4.225407,2023-01-01T06:02:02
-42.809027,-4.225407,2023-01-01T06:02:03
-42.809027,-4.225407,2023-01-01T06:02:04
-42.809027,-4.225407,2023-01-01T06:02:05
-42.809027,-4.225407,2023-01-01T06:02:06
-42.697835,-4.225407,2023-01-01T06:02:07
-42.697835,-4.225407,2023-01-01T06:02:08
-42.697835,-4.225407,2023-01-01T06:02:09
-42.697835,-4.225407,2023-01-01T06:02:10
-42.697835,-4.225407,2023-01-01T06:02:11
-42.697835,-4.225407,2023-01-01T06:02:12
-42.697835,-4.225407,2023-01-01T06:02:13
-42.697835,-4.225407,2023-01-01T06:02:14
-42.697835,-4.225407,2023-01-01T06:02:15
-42.697835,-4.225407,2023-01-01T06:02:16
-42.697835,-4.225407,2023-01-01T06:02:17
-42.697835,-4.225407,2023-01-01T06:02:18
-42.809027,-4.225407,2023-01-01T06:02:19
-42.809027,-4.225407,2023-01-01T06:02:20
-42.809027,-4.225407,2023-01-01T06:02:21
-42.809027,-4.225407,2023-01-01T06:02:22
-42.809027,-4.225407,2023-01-01T06:02:23
-42.809027,-4.225407,2023-01-01T06:02:24
-42.809027,-4.225407,2023-01-01T06:02:25
-42.809027,-4.225407,2023-01-01T06:02:26
-42.809027,-4.225407,2023-01-01T06:02:27
-42.809027,-4.225407,2023-01-01T06:02:28
-42.809027,-4.225407,2023-01-01T06:02:29
-42.809027,-4.225407,2023-01-01T06:02:30
-42.809027,-4.225407,2023-01-01T06:02:31
-42.809027,-4.225407,2023-01-01T06:02:32
-42.809027,-4.225407,2023-01-01T06:02:33
-42.809027,-4.225407,2023-01-01T06:02:34
-42.809027,-4.336602,2023-01-01T06:02:35
-42.809027,-4.336602,2023-01-01T06:02:36
-42.809027,-4.336602,2023-01-01T06:02:37
-42.809027,-4.336602,2023-01-01T06:02:38
-42.809027,-4.336602,2023-01-01T06:02:39
-42.809027,-4.336602,2023-01-01T06:02:40
-42.809027,-4.336602,2023-01-01T06:02:41
-42.809027,-4.336602,2023-01-01T06:02:42
-42.809027,-4.336602,2023-01-01T06:02:43
-42.809027,-4.336602,2023-01-01T06:02:44
-42.809027,-4.336602,2023-01-01T06:02:45
-42.809027,-4.336602,2023-01-01T06:02:46
-42.809027,-4.336602,2023-01-01T06:02:47
-42.809027,-4.336602,2023-01-01T06:02:48
-42.809027,-4.336602,2023-01-01T06:02:49
-42.809027,-4.336602,2023-01-01T06:02:50
-42.809027,-4.447797,2023-01-01T06:02:51
-42.920220,-4.447797,2023-01-01T06:02:52
-42.920220,-4.447797,2023-01-01T06:02:53
-42.920220,-4.447797,2023-01-01T06:02:54
-42.920220,-4.447797,2023-01-01T06:02:55
-42.920220,-4.447797,2023-01-01T06:02:56
-42.920220,-4.447797,2023-01-01T06:02:57
-42.920220,-4.447797,2023-01-01T06:02:58
-42.920220,-4.447797,2023-01-01T06:02:59
-42.920220,-4.447797,2023-01-01T06:03:00
-42.920220,-4.447797,2023-01-01T06:03:01
-42.920220,-4.447797,2023-01-01T06:03:02
-42.920220,-4.447797,2023-01-01T06:03:03
-42.920220,-4.447797,2023-01-01T06:03:04
-42.920220,-4.558992,2023-01-01T06:03:05
-42.920220,-4.558992,2023-01-01T06:03:06
-42.920220,-4.558992,2023-01-01T06:03:07
-42.920220,-4.558992,2023-01-01T06:03:08
-42.920220,-4.558992,2023-01-01T06:03:09
-42.920220,-4.558992,2023-01-01T06:03:10
-42.920220,-4.558992,2023-01-01T06:03:11
-42.920220,-4.558992,2023-01-01T06:03:12
-42.920220,-4.558992,2023-01-01T06:03:13
-42.920220,-4.558992,2023-01-01T06:03:14
-42.920220,-4.558992,2023-01-01T06:03:15
-42.920220,-4.558992,2023-01-01T06:03:16
-42.920220,-4.558992,2023-01-01T06:03:17
-42.920220,-4.558992,2023-01-01T06:03:18
-42.920220,-4.558992,2023-01-01T06:03:19
-42.920220,-4.558992,2023-01-01T06:03:20
-42.920220,-4.558992,2023-01-01T06:03:21
-42.920220,-4.558992,2023-01-01T06:03:22
-42.920220,-4.558992,2023-01-01T06:03:23
-42.920220,-4.558992,2023-01-01T06:03:24
-42.920220,-4.558992,2023-01-01T06:03:25
-42.920220,-4.558992,2023-01-01T06:03:26
-42.920220,-4.558992,2023-01-01T06:03:27
-42.920220,-4.558992,2023-01-01T06:03:28
-42.920220,-4.558992,2023-01-01T06:03:29
-42.920220,-4.558992,2023-01-01T06:03:30
-42.920220,-4.558992,2023-01-01T06:03:31
-42.920220,-4.558992,2023-01-01T06:03:32
-42.920220,-4.558992,2023-01-01T06:03:33
-42.920220,-4.558992,2023-01-01T06:03:34
-42.920220,-4.558992,2023-01-01T06:03:35
-42.809027,-4.558992,2023-01-01T06:03:36
-42.809027,-4.558992,2023-01-01T06:03:37
-42.809027,-4.558992,2023-01-01T06:03:38
-42.809027,-4.558992,2023-01-01T06:03:39
-42.809027,-4.558992,2023-01-01T06:03:40
-42.809027,-4.558992,2023-01-01T06:03:41
-42.809027,-4.558992,2023-01-01T06:03:42
-42.809027,-4.558992,2023-01-01T06:03:43
-42.809027,-4.558992,2023-01-01T06:03:44
-42.809027,-4.558992,2023-01-01T06:03:45
-42.809027,-4.558992,2023-01-01T06:03:46
-42.809027,-4.558992,2023-01-01T06:03:47
-42.809027,-4.558992,2023-01-01T06:03:48
-42.809027,-4.558992,2023-01-01T06:03:49
-42.809027,-4.558992,2023-01-01T06:03:50
-42.809027,-4.558992,2023-01-01T06:03:51
-42.809027,-4.558992,2023-01-01T06:03:52
-42.809027,-4.558992,2023-01-01T06:03:53
-42.809027,-4.558992,2023-01-01T06:03:54
-42.809027,-4.558992,2023-01-01T06:03:55
-42.809027,-4.558992,2023-01-01T06:03:56
-42.809027,-4.558992,2023-01-01T06:03:57
-42.809027,-4.558992,2023-01-01T06:03:58
-42.809027,-4.558992,2023-01-01T06:03:59
-42.809027,-4.558992,2023-01-01T06:04:00
-42.809027,-4.558992,2023-01-01T06:04:01
-42.809027,-4.558992,2023-01-01T06:04:02
-42.809027,-4.558992,2023-01-01T06:04:03
-42.809027,-4.558992,2023-01-01T06:04:04
-42.809027,-4.558992,2023-01-01T06:04:05
-42.809027,-4.558992,2023-01-01T06:04:06
-42.809027,-4.558992,2023-01-01T06:04:07
-42.809027,-4.558992,2023-01-01T06:04:08
-42.809027,-4.558992,2023-01-01T06:04:09
-42.809027,-4.558992,2023-01-01T06:04:10
-42.809027,-4.558992,2023-01-01T06:04:11
-42.809027,-4.670187,2023-01-01T06:04:12
-42.809027,-4.670187,2023-01-01T06:04:13
-42.809027,-4.670187,2023-01-01T06:04:14
-42.809027,-4.670187,2023-01-01T06:04:15
-42.809027,-4.670187,2023-01-01T06:04:16
-42.809027,-4.670187,2023-01-01T06:04:17
-42.809027,-4.670187,2023-01-01T06:04:18
-42.809027,-4.670187,2023-01-01T06:04:19
-42.809027,-4.670187,2023-01-01T06:04:20
-42.809027,-4.670187,2023-01-01T06:04:21
-42.809027,-4.670187,2023-01-01T06:04:22
-42.809027,-4.670187,2023-01-01T06:04:23
-42.697835,-4.670187,2023-01-01T06:04:24
-42.697835,-4.670187,2023-01-01T06:04:25
-42.697835,-4.670187,2023-01-01T06:04:26
-42.697835,-4.670187,2023-01-01T06:04:27
-42.697835,-4.670187,2023-01-01T06:04:28
-42.697835,-4.670187,2023-01-01T06:04:29
-42.697835,-4.670187,2023-01-01T06:04:30
-42.697835,-4.670187,2023-01-01T06:04:31
-42.697835,-4.670187,2023-01-01T06:04:32
-42.697835,-4.670187,2023-01-01T06:04:33
-42.697835,-4.670187,2023-01-01T06:04:34
-42.697835,-4.670187,2023-01-01T06:04:35
-42.697835,-4.670187,2023-01-01T06:04:36
-42.697835,-4.670187,2023-01-01T06:04:37
-42.697835,-4.670187,2023-01-01T06:04:38
-42.697835,-4.670187,2023-01-01T06:04:39
-42.697835,-4.670187,2023-01-01T06:04:40
-42.697835,-4.670187,2023-01-01T06:04:41
-42.697835,-4.670187,2023-01-01T06:04:42
-42.697835,-4.670187,2023-01-01T06:04:43
-42.697835,-4.670187,2023-01-01T06:04:44
-42.697835,-4.670187,2023-01-01T06:04:45
-42.697835,-4.670187,2023-01-01T06:04:46
-42.697835,-4.670187,2023-01-01T06:04:47
-42.697835,-4.670187,2023-01-01T06:04:48
-42.697835,-4.670187,2023-01-01T06:04:49
-42.697835,-4.670187,2023-01-01T06:04:50
-42.697835,-4.670187,2023-01-01T06:04:51
-42.697835,-4.670187,2023-01-01T06:04:52
-42.697835,-4.670187,2023-01-01T06:04:53
-42.697835,-4.670187,2023-01-01T06:04:54
-42.697835,-4.670187,2023-01-01T06:04:55
-42.697835,-4.670187,2023-01-01T06:04:56
-42.697835,-4.670187,2023-01-01T06:04:57
-42.697835,-4.670187,2023-01-01T06:04:58
-42.697835,-4.670187,2023-01-01T06:04:59
-42.697835,-4.670187,2023-01-01T06:05:00
-42.697835,-4.670187,2023-01-01T06:05:01
-42.697835,-4.670187,2023-01-01T06:05:02
-42.697835,-4.670187,2023-01-01T06:05:03
-42.697835,-4.670187,2023-01-01T06:05:04
-42.697835,-4.670187,2023-01-01T06:05:05
-42.697835,-4.670187,2023-01-01T06:05:06
-42.697835,-4.670187,2023-01-01T06:05:07
-42.697835,-4.670187,2023-01-01T06:05:08
-42.697835,-4.670187,2023-01-01T06:05:09
-42.697835,-4.670187,2023-01-01T06:05:10
-42.697835,-4.670187,2023-01-01T06:05:11
-42.697835,-4.670187,2023-01-01T06:05:12
-42.697835,-4.670187,2023-01-01T06:05:13
-42.697835,-4.670187,2023-01-01T06:05:14
-42.697835,-4.670187,2023-01-01T06:05:15
-42.697835,-4.670187,2023-01-01T06:05:16
-42.697835,-4.670187,2023-01-01T06:05:17
-42.697835,-4.670187,2023-01-01T06:05:18
-42.697835,-4.670187,2023-01-01T06:05:19
-42.697835,-4.670187,2023-01-01T06:05:20
-42.697835,-4.670187,2023-01-01T06:05:21
-42.697835,-4.670187,2023-01-01T06:05:22
-42.697835,-4.670187,2023-01-01T06:05:23
-42.697835,-4.670187,2023-01-01T06:05:24
-42.697835,-4.670187,2023-01-01T06:05:25
-42.697835,-4.670187,2023-01-01T06:05:26
-42.697835,-4.670187,2023-01-01T06:05:27
-42.697835,-4.670187,2023-01-01T06:05:28
-42.697835,-4.670187,2023-01-01T06:05:29
-42.697835,-4.670187,2023-01-01T06:05:30
-42.697835,-4.670187,2023-01-01T06:05:31
-42.697835,-4.670187,2023-01-01T06:05:32
-42.586643,-4.670187,2023-01-01T06:05:33
-42.586643,-4.670187,2023-01-01T06:05:34
-42.586643,-4.670187,2023-01-01T06:05:35
-42.586643,-4.670187,2023-01-01T06:05:36
-42.586643,-4.670187,2023-01-01T06:05:37
-42.586643,-4.670187,2023-01-01T06:05:38
-42.586643,-4.670187,2023-01-01T06:05:39
-42.586643,-4.670187,2023-01-01T06:05:40
-42.586643,-4.670187,2023-01-01T06:05:41
-42.586643,-4.670187,2023-01-01T06:05:42
-42.586643,-4.670187,2023-01-01T06:05:43
-42.586643,-4.670187,2023-01-01T06:05:44
-42.586643,-4.670187,2023-01-01T06:05:45
-42.586643,-4.670187,2023-01-01T06:05:46
-42.586643,-4.670187,2023-01-01T06:05:47
-42.586643,-4.670187,2023-01-01T06:05:48
-42.586643,-4.670187,2023-01-01T06:05:49
-42.586643,-4.670187,2023-01-01T06:05:50
-42.586643,-4.670187,2023-01-01T06:05:51
-42.586643,-4.670187,2023-01-01T06:05:52
-42.586643,-4.670187,2023-01-01T06:05:53
-42.586643,-4.670187,2023-01-01T06:05:54
-42.586643,-4.670187,2023-01-01T06:05:55
-42.586643,-4.670187,2023-01-01T06:05:56
-42.586643,-4.670187,2023-01-01T06:05:57
-42.586643,-4.670187,2023-01-01T06:05:58
-42.586643,-4.670187,2023-01-01T06:05:59
-42.586643,-4.670187,2023-01-01T06:06:00
-42.586643,-4.670187,2023-01-01T06:06:01
-42.586643,-4.670187,2023-01-01T06:06:02
-42.586643,-4.670187,2023-01-01T06:06:03
-42.586643,-4.670187,2023-01-01T06:06:04
-42.586643,-4.670187,2023-01-01T06:06:05
-42.586643,-4.670187,2023-01-01T06:06:06
-42.586643,-4.670187,2023-01-01T06:06:07
-42.586643,-4.670187,2023-01-01T06:06:08
-42.586643,-4.670187,2023-01-01T06:06:09
-42.586643,-4.670187,2023-01-01T06:06:10
-42.586643,-4.670187,2023-01-01T06:06:11
-42.586643,-4.670187,2023-01-01T06:06:12
-42.586643,-4.670187,2023-01-01T06:06:13
-42.586643,-4.670187,2023-01-01T06:06:14
-42.586643,-4.670187,2023-01-01T06:06:15
-42.586643,-4.670187,2023-01-01T06:06:16
-42.586643,-4.670187,2023-01-01T06:06:17
-42.586643,-4.670187,2023-01-01T06:06:18
-42.586643,-4.670187,2023-01-01T06:06:19
-42.586643,-4.670187,2023-01-01T06:06:20
-42.586643,-4.670187,2023-01-01T06:06:21
-42.586643,-4.670187,2023-01-01T06:06:22
-42.586643,-4.670187,2023-01-01T06:06:23
-42.586643,-4.670187,2023-01-01T06:06:24
-42.586643,-4.670187,2023-01-01T06:06:25
-42.586643,-4.670187,2023-01-01T06:06:26
-42.586643,-4.670187,2023-01-01T06:06:27
-42.586643,-4.670187,2023-01-01T06:06:28
-42.586643,-4.670187,2023-01-01T06:06:29
-42.586643,-4.670187,2023-01-01T06:06:30
-42.586643,-4.670187,2023-01-01T06:06:31
-42.586643,-4.670187,2023-01-01T06:06:32
-42.586643,-4.670187,2023-01-01T06:06:33
-42.586643,-4.670187,2023-01-01T06:06:34
-42.586643,-4.670187,2023-01-01T06:06:35
-42.586643,-4.670187,2023-01-01T06:06:36
-42.586643,-4.670187,2023-01-01T06:06:37
-42.586643,-4.670187,2023-01-01T06:06:38
-42.586643,-4.670187,2023-01-01T06:06:39
-42.586643,-4.670187,2023-01-01T06:06:40
-42.586643,-4.670187,2023-01-01T06:06:41
-42.586643,-4.670187,2023-01-01T06:06:42
-42.586643,-4.670187,2023-01-01T06:06:43
-42.586643,-4.670187,2023-01-01T06:06:44
-42.586643,-4.670187,2023-01-01T06:06:45
-42.586643,-4.670187,2023-01-01T06:06:46
-42.697835,-4.670187,2023-01-01T06:06:47
-42.697835,-4.670187,2023-01-01T06:06:48
-42.697835,-4.670187,2023-01-01T06:06:49
-42.697835,-4.670187,2023-01-01T06:06:50
-42.697835,-4.670187,2023-01-01T06:06:51
-42.697835,-4.670187,2023-01-01T06:06:52
-42.697835,-4.670187,2023-01-01T06:06:53
-42.697835,-4.670187,2023-01-01T06:06:54
-42.697835,-4.670187,2023-01-01T06:06:55
-42.697835,-4.670187,2023-01-01T06:06:56
-42.697835,-4.670187,2023-01-01T06:06:57
-42.697835,-4.670187,2023-01-01T06:06:58
-42.697835,-4.670187,2023-01-01T06:06:59
-42.697835,-4.670187,2023-01-01T06:07:00
-42.697835,-4.670187,2023-01-01T06:07:01
-42.697835,-4.670187,2023-01-01T06:07:02
-42.697835,-4.670187,2023-01-01T06:07:03
-42.697835,-4.670187,2023-01-01T06:07:04
-42.697835,-4.670187,2023-01-01T06:07:05
-42.697835,-4.670187,2023-01-01T06:07:06
-42.697835,-4.670187,2023-01-01T06:07:07
-42.697835,-4.670187,2023-01-01T06:07:08
-42.697835,-4.670187,2023-01-01T06:07:09
-42.697835,-4.670187,2023-01-01T06:07:10
-42.697835,-4.670187,2023-01-01T06:07:11
-42.697835,-4.670187,2023-01-01T06:07:12
-42.697835,-4.670187,2023-01-01T06:07:13
-42.697835,-4.670187,2023-01-01T06:07:14
-42.697835,-4.670187,2023-01-01T06:07:15
-42.697835,-4.670187,2023-01-01T06:07:16
-42.697835,-4.670187,2023-01-01T06:07:17
-42.697835,-4.670187,2023-01-01T06:07:18
-42.697835,-4.670187,2023-01-01T06:07:19
-42.697835,-4.670187,2023-01-01T06:07:20
-42.697835,-4.670187,2023-01-01T06:07:21
-42.697835,-4.670187,2023-01-01T06:07:22
-42.697835,-4.670187,2023-01-01T06:07:23
-42.697835,-4.670187,2023-01-01T06:07:24
-42.697835,-4.670187,2023-01-01T06:07:25
-42.697835,-4.670187,2023-01-01T06:07:26
-42.697835,-4.670187,2023-01-01T06:07:27
-42.697835,-4.670187,2023-01-01T06:07:28
-42.697835,-4.670187,2023-01-01T06:07:29
-42.697835,-4.781382,2023-01-01T06:07:30
-42.697835,-4.781382,2023-01-01T06:07:31
-42.697835,-4.781382,2023-01-01T06:07:32
-42.697835,-4.781382,2023-01-01T06:07:33
-42.697835,-4.781382,2023-01-01T06:07:34
-42.697835,-4.781382,2023-01-01T06:07:35
-42.697835,-4.781382,2023-01-01T06:07:36
-42.697835,-4.781382,2023-01-01T06:07:37
-42.697835,-4.781382,2023-01-01T06:07:38
-42.697835,-4.781382,2023-01-01T06:07:39
-42.697835,-4.781382,2023-01-01T06:07:40
-42.697835,-4.781382,2023-01-01T06:07:41
-42.697835,-4.781382,2023-01-01T06:07:42
-42.697835,-4.781382,2023-01-01T06:07:43
-42.697835,-4.781382,2023-01-01T06:07:44
-42.697835,-4.781382,2023-01-01T06:07:45
-42.697835,-4.781382,2023-01-01T06:07:46
-42.697835,-4.781382,2023-01-01T06:07:47
-42.697835,-4.781382,2023-01-01T06:07:48
-42.697835,-4.781382,2023-01-01T06:07:49
-42.697835,-4.781382,2023-01-01T06:07:50
-42.697835,-4.670187,2023-01-01T06:07:51
-42.697835,-4.670187,2023-01-01T06:07:52
-42.697835,-4.670187,2023-01-01T06:07:53
-42.697835,-4.670187,2023-01-01T06:07:54
-42.697835,-4.670187,2023-01-01T06:07:55
-42.697835,-4.670187,2023-01-01T06:07:56
-42.697835,-4.670187,2023-01-01T06:07:57
-42.697835,-4.670187,2023-01-01T06:07:58
-42.697835,-4.670187,2023-01-01T06:07:59
-42.697835,-4.670187,2023-01-01T06:08:00
-42.697835,-4.670187,2023-01-01T06:08:01
-42.697835,-4.670187,2023-01-01T06:08:02
-42.697835,-4.670187,2023-01-01T06:08:03
-42.697835,-4.670187,2023-01-01T06:08:04
-42.697835,-4.670187,2023-01-01T06:08:05
-42.697835,-4.670187,2023-01-01T06:08:06
-42.697835,-4.670187,2023-01-01T06:08:07
-42.697835,-4.670187,2023-01-01T06:08:08
-42.697835,-4.670187,2023-01-01T06:08:09
-42.697835,-4.670187,2023-01-01T06:08:10
-42.697835,-4.670187,2023-01-01T06:08:11
-42.697835,-4.670187,2023-01-01T06:08:12
-42.697835,-4.670187,2023-01-01T06:08:13
-42.697835,-4.670187,2023-01-01T06:08:14
-42.697835,-4.670187,2023-01-01T06:08:15
-42.697835,-4.670187,2023-01-01T06:08:16
-42.586643,-4.670187,2023-01-01T06:08:17
-42.586643,-4.670187,2023-01-01T06:08:18
-42.586643,-4.670187,2023-01-01T06:08:19
-42.586643,-4.670187,2023-01-01T06:08:20
-42.586643,-4.670187,2023-01-01T06:08:21
-42.586643,-4.670187,2023-01-01T06:08:22
-42.586643,-4.670187,2023-01-01T06:08:23
-42.586643,-4.670187,2023-01-01T06:08:24
-42.586643,-4.670187,2023-01-01T06:08:25
-42.586643,-4.670187,2023-01-01T06:08:26
-42.586643,-4.670187,2023-01-01T06:08:27
-42.586643,-4.670187,2023-01-01T06:08:28
-42.586643,-4.670187,2023-01-01T06:08:29
-42.586643,-4.670187,2023-01-01T06:08:30
-42.586643,-4.670187,2023-01-01T06:08:31
-42.586643,-4.670187,2023-01-01T06:08:32
-42.586643,-4.670187,2023-01-01T06:08:33
-42.586643,-4.670187,2023-01-01T06:08:34
-42.586643,-4.670187,2023-01-01T06:08:35
-42.586643,-4.670187,2023-01-01T06:08:36
-42.586643,-4.670187,2023-01-01T06:08:37
-42.586643,-4.670187,2023-01-01T06:08:38
-42.586643,-4.670187,2023-01-01T06:08:39
-42.586643,-4.670187,2023-01-01T06:08:40
-42.475450,-4.670187,2023-01-01T06:08:41
-42.475450,-4.558992,2023-01-01T06:08:42
-42.475450,-4.558992,2023-01-01T06:08:43
-42.475450,-4.558992,2023-01-01T06:08:44
-42.475450,-4.558992,2023-01-01T06:08:45
-42.475450,-4.558992,2023-01-01T06:08:46
-42.475450,-4.558992,2023-01-01T06:08:47
-42.475450,-4.558992,2023-01-01T06:08:48
-42.475450,-4.558992,2023-01-01T06:08:49
-42.475450,-4.558992,2023-01-01T06:08:50
-42.475450,-4.558992,2023-01-01T06:08:51
-42.475450,-4.558992,2023-01-01T06:08:52
-42.475450,-4.558992,2023-01-01T06:08:53
-42.475450,-4.558992,2023-01-01T06:08:54
-42.475450,-4.558992,2023-01-01T06:08:55
-42.475450,-4.558992,2023-01-01T06:08:56
-42.475450,-4.558992,2023-01-01T06:08:57
-42.475450,-4.558992,2023-01-01T06:08:58
-42.475450,-4.558992,2023-01-01T06:08:59
-42.475450,-4.558992,2023-01-01T06:09:00
-42.475450,-4.558992,2023-01-01T06:09:01
-42.475450,-4.558992,2023-01-01T06:09:02
-42.475450,-4.558992,2023-01-01T06:09:03
-42.475450,-4.558992,2023-01-01T06:09:04
-42.475450,-4.558992,2023-01-01T06:09:05
-42.475450,-4.558992,2023-01-01T06:09:06
-42.475450,-4.558992,2023-01-01T06:09:07
-42.475450,-4.558992,2023-01-01T06:09:08
-42.475450,-4.558992,2023-01-01T06:09:09
-42.475450,-4.558992,2023-01-01T06:09:10
-42.475450,-4.558992,2023-01-01T06:09:11
-42.475450,-4.558992,2023-01-01T06:09:12
-42.475450,-4.558992,2023-01-01T06:09:13
-42.475450,-4.558992,2023-01-01T06:09:14
-42.475450,-4.558992,2023-01-01T06:09:15
-42.364258,-4.558992,2023-01-01T06:09:16
-42.364258,-4.558992,2023-01-01T06:09:17
-42.364258,-4.558992,2023-01-01T06:09:18
-42.364258,-4.558992,2023-01-01T06:09:19
-42.364258,-4.558992,2023-01-01T06:09:20
-42.364258,-4.558992,2023-01-01T06:09:21
-42.364258,-4.558992,2023-01-01T06:09:22
-42.364258,-4.558992,2023-01-01T06:09:23
-42.364258,-4.558992,2023-01-01T06:09:24
-42.364258,-4.558992,2023-01-01T06:09:25
-42.364258,-4.558992,2023-01-01T06:09:26
-42.364258,-4.558992,2023-01-01T06:09:27
-42.364258,-4.558992,2023-01-01T06:09:28
-42.364258,-4.558992,2023-01-01T06:09:29
-42.364258,-4.558992,2023-01-01T06:09:30
-42.364258,-4.558992,2023-01-01T06:09:31
-42.364258,-4.558992,2023-01-01T06:09:32
-42.364258,-4.558992,2023-01-01T06:09:33
-42.364258,-4.558992,2023-01-01T06:09:34
-42.364258,-4.558992,2023-01-01T06:09:35
-42.364258,-4.558992,2023-01-01T06:09:36
-42.364258,-4.558992,2023-01-01T06:09:37
-42.364258,-4.558992,2023-01-01T06:09:38
-42.364258,-4.558992,2023-01-01T06:09:39
-42.364258,-4.558992,2023-01-01T06:09:40
-42.364258,-4.558992,2023-01-01T06:09:41
-42.364258,-4.558992,2023-01-01T06:09:42
-42.364258,-4.558992,2023-01-01T06:09:43
-42.364258,-4.558992,2023-01-01T06:09:44
-42.364258,-4.558992,2023-01-01T06:09:45
-42.364258,-4.558992,2023-01-01T06:09:46
-42.364258,-4.558992,2023-01-01T06:09:47
-42.364258,-4.558992,2023-01-01T06:09:48
-42.253066,-4.558992,2023-01-01T06:09:49
-42.253066,-4.558992,2023-01-01T06:09:50
-42.253066,-4.558992,2023-01-01T06:09:51
-42.253066,-4.558992,2023-01-01T06:09:52
-42.253066,-4.558992,2023-01-01T06:09:53
-42.253066,-4.558992,2023-01-01T06:09:54
-42.253066,-4.558992,2023-01-01T06:09:55
-42.253066,-4.558992,2023-01-01T06:09:56
-42.253066,-4.558992,2023-01-01T06:09:57
-42.253066,-4.558992,2023-01-01T06:09:58
-42.253066,-4.558992,2023-01-01T06:09:59
-42.253066,-4.558992,2023-01-01T06:10:00
-42.253066,-4.558992,2023-01-01T06:10:01
-42.253066,-4.558992,2023-01-01T06:10:02
-42.253066,-4.558992,2023-01-01T06:10:03
-42.253066,-4.558992,2023-01-01T06:10:04
-42.253066,-4.558992,2023-01-01T06:10:05
-42.253066,-4.558992,2023-01-01T06:10:06
-42.253066,-4.558992,2023-01-01T06:10:07
-42.253066,-4.558992,2023-01-01T06:10:08
-42.253066,-4.558992,2023-01-01T06:10:09
-42.253066,-4.558992,2023-01-01T06:10:10
-42.141874,-4.558992,2023-01-01T06:10:11
-42.141874,-4.558992,2023-01-01T06:10:12
-42.141874,-4.558992,2023-01-01T06:10:13
-42.141874,-4.558992,2023-01-01T06:10:14
-42.141874,-4.558992,2023-01-01T06:10:15
-42.141874,-4.558992,2023-01-01T06:10:16
-42.141874,-4.558992,2023-01-01T06:10:17
-42.141874,-4.558992,2023-01-01T06:10:18
-42.141874,-4.558992,2023-01-01T06:10:19
-42.141874,-4.558992,2023-01-01T06:10:20
-42.141874,-4.558992,2023-01-01T06:10:21
-42.141874,-4.558992,2023-01-01T06:10:22
-42.141874,-4.558992,2023-01-01T06:10:23
-42.141874,-4.558992,2023-01-01T06:10:24
-42.141874,-4.558992,2023-01-01T06:10:25
-42.141874,-4.558992,2023-01-01T06:10:26
-42.141874,-4.558992,2023-01-01T06:10:27
-42.141874,-4.558992,2023-01-01T06:10:28
-42.141874,-4.558992,2023-01-01T06:10:29
-42.141874,-4.558992,2023-01-01T06:10:30
-42.141874,-4.558992,2023-01-01T06:10:31
-42.141874,-4.558992,2023-01-01T06:10:32
-42.141874,-4.558992,2023-01-01T06:10:33
-42.141874,-4.558992,2023-01-01T06:10:34
-42.141874,-4.558992,2023-01-01T06:10:35
-42.141874,-4.558992,2023-01-01T06:10:36
-42.141874,-4.558992,2023-01-01T06:10:37
-42.141874,-4.558992,2023-01-01T06:10:38
-42.141874,-4.558992,2023-01-01T06:10:39
-42.141874,-4.558992,2023-01-01T06:10:40
-42.141874,-4.558992,2023-01-01T06:10:41
-42.141874,-4.558992,2023-01-01T06:10:42
-42.141874,-4.558992,2023-01-01T06:10:43
-42.141874,-4.558992,2023-01-01T06:10:44
-42.141874,-4.558992,2023-01-01T06:10:45
-42.141874,-4.558992,2023-01-01T06:10:46
-42.141874,-4.558992,2023-01-01T06:10:47
-42.141874,-4.558992,2023-01-01T06:10:48
-42.141874,-4.558992,2023-01-01T06:10:49
-42.141874,-4.558992,2023-01-01T06:10:50
-42.141874,-4.558992,2023-01-01T06:10:51
-42.141874,-4.558992,2023-01-01T06:10:52
-42.030681,-4.558992,2023-01-01T06:10:53
-42.030681,-4.558992,2023-01-01T06:10:54
-42.030681,-4.558992,2023-01-01T06:10:55
-42.030681,-4.558992,2023-01-01T06:10:56
-42.030681,-4.558992,2023-01-01T06:10:57
-42.030681,-4.558992,2023-01-01T06:10:58
-42.030681,-4.558992,2023-01-01T06:10:59
-42.030681,-4.558992,2023-01-01T06:11:00
-42.030681,-4.558992,2023-01-01T06:11:01
-42.030681,-4.558992,2023-01-01T06:11:02
-42.030681,-4.558992,2023-01-01T06:11:03
-42.030681,-4.558992,2023-01-01T06:11:04
-42.030681,-4.558992,2023-01-01T06:11:05
-42.030681,-4.558992,2023-01-01T06:11:06
-42.030681,-4.558992,2023-01-01T06:11:07
-42.030681,-4.558992,2023-01-01T06:11:08
-42.030681,-4.558992,2023-01-01T06:11:09
-42.030681,-4.558992,2023-01-01T06:11:10
-42.030681,-4.558992,2023-01-01T06:11:11
-42.030681,-4.558992,2023-01-01T06:11:12
-42.030681,-4.558992,2023-01-01T06:11:13
-42.030681,-4.558992,2023-01-01T06:11:14
-42.030681,-4.558992,2023-01-01T06:11:15
-42.030681,-4.558992,2023-01-01T06:11:16
-42.030681,-4.558992,2023-01-01T06:11:17
-42.030681,-4.447797,2023-01-01T06:11:18
-42.030681,-4.447797,2023-01-01T06:11:19
-42.030681,-4.447797,2023-01-01T06:11:20
-42.030681,-4.447797,2023-01-01T06:11:21
-42.030681,-4.447797,2023-01-01T06:11:22
-42.030681,-4.447797,2023-01-01T06:11:23
-42.030681,-4.447797,2023-01-01T06:11:24
-42.030681,-4.447797,2023-01-01T06:11:25
-42.030681,-4.447797,2023-01-01T06:11:26
-42.030681,-4.447797,2023-01-01T06:11:27
-42.030681,-4.447797,2023-01-01T06:11:28
-42.030681,-4.447797,2023-01-01T06:11:29
-42.030681,-4.447797,2023-01-01T06:11:30
-42.030681,-4.447797,2023-01-01T06:11:31
-42.030681,-4.447797,2023-01-01T06:11:32
-42.030681,-4.447797,2023-01-01T06:11:33
-42.030681,-4.447797,2023-01-01T06:11:34
-42.030681,-4.447797,2023-01-01T06:11:35
-42.030681,-4.447797,2023-01-01T06:11:36
-42.030681,-4.447797,2023-01-01T06:11:37
-42.030681,-4.447797,2023-01-01T06:11:38
-42.030681,-4.447797,2023-01-01T06:11:39
-42.030681,-4.447797,2023-01-01T06:11:40
-42.030681,-4.447797,2023-01-01T06:11:41
-42.030681,-4.447797,2023-01-01T06:11:42
-42.030681,-4.447797,2023-01-01T06:11:43
-42.030681,-4.447797,2023-01-01T06:11:44
-42.030681,-4.447797,2023-01-01T06:11:45
-42.030681,-4.447797,2023-01-01T06:11:46
-42.030681,-4.447797,2023-01-01T06:11:47
-42.030681,-4.447797,2023-01-01T06:11:48
-42.030681,-4.447797,2023-01-01T06:11:49
-42.030681,-4.447797,2023-01-01T06:11:50
-42.030681,-4.447797,2023-01-01T06:11:51
-42.030681,-4.447797,2023-01-01T06:11:52
-42.030681,-4.447797,2023-01-01T06:11:53
-42.030681,-4.447797,2023-01-01T06:11:54
-42.030681,-4.447797,2023-01-01T06:11:55
-42.030681,-4.447797,2023-01-01T06:11:56
-42.030681,-4.447797,2023-01-01T06:11:57
-42.030681,-4.447797,2023-01-01T06:11:58
-42.030681,-4.447797,2023-01-01T06:11:59
-42.030681,-4.447797,2023-01-01T06:12:00
-42.030681,-4.447797,2023-01-01T06:12:01
-42.030681,-4.447797,2023-01-01T06:12:02
-42.030681,-4.447797,2023-01-01T06:12:03
-42.030681,-4.447797,2023-01-01T06:12:04
-42.030681,-4.447797,2023-01-01T06:12:05
-42.030681,-4.447797,2023-01-01T06:12:06
-42.030681,-4.447797,2023-01-01T06:12:07
-42.030681,-4.447797,2023-01-01T06:12:08
-42.030681,-4.447797,2023-01-01T06:12:09
-42.030681,-4.447797,2023-01-01T06:12:10
-42.030681,-4.447797,2023-01-01T06:12:11
-42.030681,-4.447797,2023-01-01T06:12:12
-42.030681,-4.447797,2023-01-01T06:12:13
-42.030681,-4.447797,2023-01-01T06:12:14
-42.030681,-4.447797,2023-01-01T06:12:15
-42.030681,-4.447797,2023-01-01T06:12:16
-42.030681,-4.447797,2023-01-01T06:12:17
-42.030681,-4.447797,2023-01-01T06:12:18
-42.030681,-4.447797,2023-01-01T06:12:19
-42.030681,-4.447797,2023-01-01T06:12:20
-42.030681,-4.447797,2023-01-01T06:12:21
-42.030681,-4.447797,2023-01-01T06:12:22
-42.030681,-4.447797,2023-01-01T06:12:23
-42.030681,-4.447797,2023-01-01T06:12:24
-42.030681,-4.447797,2023-01-01T06:12:25
-42.030681,-4.447797,2023-01-01T06:12:26
-42.030681,-4.447797,2023-01-01T06:12:27
-42.030681,-4.447797,2023-01-01T06:12:28
-42.030681,-4.447797,2023-01-01T06:12:29
-42.030681,-4.447797,2023-01-01T06:12:30
-42.030681,-4.447797,2023-01-01T06:12:31
-42.030681,-4.336602,2023-01-01T06:12:32
-42.030681,-4.336602,2023-01-01T06:12:33
-42.030681,-4.336602,2023-01-01T06:12:34
-42.030681,-4.336602,2023-01-01T06:12:35
-42.030681,-4.336602,2023-01-01T06:12:36
-41.919489,-4.336602,2023-01-01T06:12:37
-41.919489,-4.336602,2023-01-01T06:12:38
-41.919489,-4.336602,2023-01-01T06:12:39
-41.919489,-4.336602,2023-01-01T06:12:40
-41.919489,-4.336602,2023-01-01T06:12:41
-41.919489,-4.336602,2023-01-01T06:12:42
-41.919489,-4.336602,2023-01-01T06:12:43
-41.919489,-4.336602,2023-01-01T06:12:44
-41.919489,-4.336602,2023-01-01T06:12:45
-41.919489,-4.336602,2023-01-01T06:12:46
-41.919489,-4.336602,2023-01-01T06:12:47
-41.919489,-4.336602,2023-01-01T06:12:48
-41.919489,-4.336602,2023-01-01T06:12:49
-41.919489,-4.336602,2023-01-01T06:12:50
-41.919489,-4.336602,2023-01-01T06:12:51
-41.919489,-4.336602,2023-01-01T06:12:52
-41.919489,-4.336602,2023-01-01T06:12:53
-41.919489,-4.336602,2023-01-01T06:12:54
-41.919489,-4.336602,2023-01-01T06:12:55
-41.919489,-4.336602,2023-01-01T06:12:56
-41.919489,-4.336602,2023-01-01T06:12:57
-41.919489,-4.336602,2023-01-01T06:12:58
-41.919489,-4.336602,2023-01-01T06:12:59
-41.919489,-4.336602,2023-01-01T06:13:00
-41.919489,-4.336602,2023-01-01T06:13:01
-41.919489,-4.336602,2023-01-01T06:13:02
-41.919489,-4.336602,2023-01-01T06:13:03
-41.919489,-4.336602,2023-01-01T06:13:04
-41.919489,-4.336602,2023-01-01T06:13:05
-41.919489,-4.336602,2023-01-01T06:13:06
-41.919489,-4.336602,2023-01-01T06:13:07
-41.919489,-4.336602,2023-01-01T06:13:08
-41.919489,-4.336602,2023-01-01T06:13:09
-41.919489,-4.336602,2023-01-01T06:13:10
-41.919489,-4.336602,2023-01-01T06:13:11
-41.919489,-4.336602,2023-01-01T06:13:12
-41.919489,-4.336602,2023-01-01T06:13:13
-41.919489,-4.336602,2023-01-01T06:13:14
-41.919489,-4.336602,2023-01-01T06:13:15
-41.919489,-4.336602,2023-01-01T06:13:16
-41.919489,-4.336602,2023-01-01T06:13:17
-41.919489,-4.336602,2023-01-01T06:13:18
-41.919489,-4.336602,2023-01-01T06:13:19
-41.919489,-4.336602,2023-01-01T06:13:20
-41.919489,-4.336602,2023-01-01T06:13:21
-41.919489,-4.336602,2023-01-01T06:13:22
-41.919489,-4.336602,2023-01-01T06:13:23
-41.919489,-4.336602,2023-01-01T06:13:24
-41.919489,-4.225407,2023-01-01T06:13:25
